State,District,Market,Commodity,Variety,Grade,Arrival_Date,Min_Price,Max_Price,Modal_Price,Commodity_Code
Gujarat,Bharuch,Amod,Apple,Other,Medium,2007-03-16,2000.0,4000.0,3000.0,17
Gujarat,Bharuch,Amod,Apple,Other,Small,2007-08-08,3000.0,4000.0,3500.0,17
Gujarat,Bharuch,Amod,Apple,Other,Small,2007-08-13,3000.0,6000.0,4050.0,17
Gujarat,Bharuch,Amod,Apple,Other,Small,2007-08-14,3000.0,6000.0,4000.0,17
Gujarat,Bharuch,Amod,Apple,Other,Small,2007-08-21,3000.0,6000.0,4000.0,17
Gujarat,Bharuch,Amod,Apple,Other,Small,2007-08-23,3000.0,6000.0,4000.0,17
Gujarat,Bharuch,Amod,Apple,Other,Small,2007-09-03,3000.0,4000.0,3500.0,17
Gujarat,Bharuch,Amod,Apple,Other,Small,2007-09-12,3000.0,4000.0,3500.0,17
Gujarat,Bharuch,Amod,Apple,Other,Small,2007-09-17,3000.0,4000.0,3500.0,17
Gujarat,Bharuch,Amod,Apple,Other,Small,2007-09-20,3000.0,4000.0,3500.0,17
Gujarat,Bharuch,Amod,Apple,Other,Small,2007-10-19,3000.0,4000.0,3500.0,17
Gujarat,Bharuch,Amod,Apple,Other,Small,2007-10-23,3000.0,4000.0,3500.0,17
Gujarat,Bharuch,Bharuch,Apple,Other,Large,2007-01-19,5000.0,6000.0,5500.0,17
Gujarat,Bharuch,Bharuch,Apple,Other,Medium,2007-07-10,5000.0,6000.0,5500.0,17
Gujarat,Bharuch,Bharuch,Apple,Other,Medium,2007-07-14,5000.0,6000.0,5500.0,17
Gujarat,Bharuch,Bharuch,Apple,Other,Medium,2007-07-30,2000.0,3000.0,2500.0,17
Gujarat,Bharuch,Bharuch,Apple,Other,Medium,2007-08-05,3000.0,5000.0,3500.0,17
Gujarat,Bharuch,Bharuch,Apple,Other,Medium,2007-08-06,2000.0,5000.0,3500.0,17
Gujarat,Bharuch,Bharuch,Apple,Other,Medium,2007-08-08,2000.0,5000.0,3500.0,17
Gujarat,Bharuch,Bharuch,Apple,Other,Medium,2007-08-18,2000.0,5000.0,3500.0,17
Gujarat,Bharuch,Bharuch,Apple,Other,Medium,2007-08-19,2000.0,4000.0,3000.0,17
Gujarat,Bharuch,Bharuch,Apple,Other,Medium,2007-08-24,2000.0,4000.0,3000.0,17
Gujarat,Bharuch,Bharuch,Apple,Other,Medium,2007-08-27,2000.0,3000.0,2500.0,17
Gujarat,Bharuch,Bharuch,Apple,Other,FAQ,2007-10-01,2000.0,3000.0,2500.0,17
Gujarat,Bharuch,Bharuch,Apple,Other,FAQ,2007-10-11,2000.0,3000.0,2500.0,17
Gujarat,Bharuch,Bharuch,Apple,Other,FAQ,2007-10-14,2000.0,3000.0,2500.0,17
Gujarat,Bharuch,Bharuch,Apple,Other,FAQ,2007-10-15,2000.0,3000.0,2500.0,17
Gujarat,Bharuch,Bharuch,Apple,Other,FAQ,2007-10-16,2000.0,3000.0,2500.0,17
Gujarat,Bharuch,Bharuch,Apple,Other,FAQ,2007-11-15,4000.0,5000.0,4500.0,17
Gujarat,Bharuch,Bharuch,Apple,Other,FAQ,2007-12-01,3000.0,5000.0,4000.0,17
Gujarat,Bharuch,Bharuch,Apple,Other,FAQ,2007-12-03,2000.0,4000.0,3000.0,17
Gujarat,Bharuch,Bharuch,Apple,Other,FAQ,2007-12-06,2000.0,4000.0,3000.0,17
Gujarat,Bharuch,Bharuch,Apple,Other,FAQ,2007-12-07,2000.0,4000.0,3000.0,17
Gujarat,Bharuch,Bharuch,Apple,Other,FAQ,2007-12-08,2000.0,4000.0,3000.0,17
Gujarat,Bharuch,Bharuch,Apple,Other,FAQ,2007-12-10,2000.0,4000.0,3000.0,17
Gujarat,Bharuch,Bharuch,Apple,Other,FAQ,2007-12-12,2000.0,4000.0,3000.0,17
Gujarat,Bharuch,Bharuch,Apple,Other,FAQ,2007-12-18,2000.0,3000.0,2500.0,17
Gujarat,Gir Somnath,Una,Apple,Other,Medium,2007-03-05,3300.0,4600.0,3850.0,17
Gujarat,Kachchh,Rapar,Apple,Other,Medium,2007-07-31,1200.0,1500.0,1300.0,17
Gujarat,Vadodara(Baroda),Vadodara,Apple,Other,Medium,2007-01-12,1000.0,4800.0,3000.0,17
Gujarat,Vadodara(Baroda),Vadodara,Apple,Other,Medium,2007-01-20,1000.0,4800.0,3000.0,17
Gujarat,Vadodara(Baroda),Vadodara,Apple,Other,Medium,2007-02-01,1000.0,4800.0,3000.0,17
Gujarat,Vadodara(Baroda),Vadodara,Apple,Other,Medium,2007-02-05,1000.0,5000.0,3500.0,17
Gujarat,Vadodara(Baroda),Vadodara,Apple,Other,Medium,2007-02-07,1000.0,5000.0,3500.0,17
Gujarat,Vadodara(Baroda),Vadodara,Apple,Other,Medium,2007-03-07,2000.0,5500.0,3500.0,17
Gujarat,Vadodara(Baroda),Vadodara,Apple,Other,Medium,2007-03-27,2000.0,5500.0,3500.0,17
Gujarat,Vadodara(Baroda),Vadodara,Apple,Other,Medium,2007-04-06,2000.0,5500.0,3500.0,17
Gujarat,Vadodara(Baroda),Vadodara,Apple,Other,Medium,2007-04-27,3000.0,5500.0,4000.0,17
Gujarat,Vadodara(Baroda),Vadodara,Apple,Other,Medium,2007-05-11,3000.0,5500.0,4000.0,17
Gujarat,Vadodara(Baroda),Vadodara,Apple,Other,Medium,2007-06-05,3000.0,5500.0,4000.0,17
Gujarat,Vadodara(Baroda),Vadodara,Apple,Other,Medium,2007-07-12,1500.0,6000.0,3500.0,17
Gujarat,Vadodara(Baroda),Vadodara,Apple,Other,Medium,2007-07-15,1000.0,6000.0,3000.0,17
Gujarat,Vadodara(Baroda),Vadodara,Apple,Other,Medium,2007-07-22,1000.0,6000.0,3000.0,17
Gujarat,Vadodara(Baroda),Vadodara,Apple,Other,Medium,2007-07-26,1000.0,6000.0,3000.0,17
Gujarat,Vadodara(Baroda),Vadodara,Apple,Other,Medium,2007-07-31,1000.0,5000.0,3000.0,17
Gujarat,Vadodara(Baroda),Vadodara,Apple,Other,Medium,2007-08-06,1000.0,4000.0,2500.0,17
Gujarat,Vadodara(Baroda),Vadodara,Apple,Other,Medium,2007-08-12,1200.0,3600.0,2500.0,17
Gujarat,Vadodara(Baroda),Vadodara,Apple,Other,Medium,2007-08-15,1000.0,4000.0,2500.0,17
Gujarat,Vadodara(Baroda),Vadodara,Apple,Other,Medium,2007-08-16,1200.0,4000.0,2700.0,17
Gujarat,Vadodara(Baroda),Vadodara,Apple,Other,Medium,2007-08-27,1200.0,3700.0,2400.0,17
Gujarat,Vadodara(Baroda),Vadodara,Apple,Other,Medium,2007-08-28,1200.0,3700.0,2400.0,17
Gujarat,Vadodara(Baroda),Vadodara,Apple,Other,Medium,2007-09-04,1000.0,3700.0,2400.0,17
Gujarat,Vadodara(Baroda),Vadodara,Apple,Other,Medium,2007-09-09,1000.0,3500.0,2100.0,17
Gujarat,Vadodara(Baroda),Vadodara,Apple,Other,Medium,2007-09-21,1200.0,3600.0,2300.0,17
Gujarat,Vadodara(Baroda),Vadodara,Apple,Other,Medium,2007-09-24,1800.0,3800.0,2700.0,17
Gujarat,Vadodara(Baroda),Vadodara,Apple,Other,Medium,2007-09-26,1500.0,3800.0,2700.0,17
Gujarat,Vadodara(Baroda),Vadodara,Apple,Other,Medium,2007-10-03,1800.0,3800.0,2700.0,17
Gujarat,Vadodara(Baroda),Vadodara,Apple,Other,Medium,2007-10-08,1800.0,3700.0,2600.0,17
Gujarat,Vadodara(Baroda),Vadodara,Apple,Other,Medium,2007-10-09,1800.0,3700.0,2600.0,17
Gujarat,Vadodara(Baroda),Vadodara,Apple,Other,Medium,2007-10-17,2000.0,3700.0,2600.0,17
Gujarat,Vadodara(Baroda),Vadodara,Apple,Other,Medium,2007-10-20,1700.0,3700.0,2550.0,17
Gujarat,Vadodara(Baroda),Vadodara,Apple,Other,Medium,2007-10-21,1700.0,3700.0,2550.0,17
Gujarat,Vadodara(Baroda),Vadodara,Apple,Other,Medium,2007-10-22,1700.0,3700.0,2550.0,17
Gujarat,Vadodara(Baroda),Vadodara,Apple,Other,Medium,2007-10-27,1750.0,3700.0,2500.0,17
Gujarat,Vadodara(Baroda),Vadodara,Apple,Other,Medium,2007-11-02,2000.0,3900.0,2800.0,17
Gujarat,Vadodara(Baroda),Vadodara,Apple,Other,Medium,2007-11-03,2000.0,3900.0,2800.0,17
Gujarat,Vadodara(Baroda),Vadodara,Apple,Other,Medium,2007-11-12,2000.0,3700.0,2600.0,17
Gujarat,Vadodara(Baroda),Vadodara,Apple,Other,Medium,2007-11-21,1800.0,3500.0,2550.0,17
Gujarat,Vadodara(Baroda),Vadodara,Apple,Other,Medium,2007-12-06,1800.0,3600.0,2550.0,17
Gujarat,Vadodara(Baroda),Vadodara,Apple,Other,Medium,2007-12-11,1800.0,3500.0,2400.0,17
Gujarat,Vadodara(Baroda),Vadodara,Apple,Other,Medium,2007-12-19,2000.0,3700.0,2600.0,17
Gujarat,Vadodara(Baroda),Vadodara,Apple,Other,Medium,2007-12-30,1800.0,3600.0,2450.0,17
Gujarat,Ahmedabad,"Ahmedabad(Fruit Market, Naroda)",Apple,Other,Medium,2019-01-16 00:00:00,6600.0,8400.0,7500.0,17
Gujarat,Ahmedabad,"Ahmedabad(Fruit Market, Naroda)",Apple,Other,Medium,2019-01-21 00:00:00,6500.0,8300.0,7400.0,17
Gujarat,Ahmedabad,"Ahmedabad(Fruit Market, Naroda)",Apple,Other,Medium,2019-02-01 00:00:00,6500.0,8300.0,7400.0,17
Gujarat,Ahmedabad,"Ahmedabad(Fruit Market, Naroda)",Apple,Other,Medium,2019-03-01 00:00:00,7500.0,8500.0,8000.0,17
Gujarat,Ahmedabad,"Ahmedabad(Fruit Market, Naroda)",Apple,Other,Medium,2019-03-06 00:00:00,8000.0,8800.0,8500.0,17
Gujarat,Ahmedabad,"Ahmedabad(Fruit Market, Naroda)",Apple,Other,Medium,2019-03-11 00:00:00,6500.0,8000.0,7500.0,17
Gujarat,Ahmedabad,"Ahmedabad(Fruit Market, Naroda)",Apple,Other,Medium,2019-03-12 00:00:00,7000.0,8500.0,8000.0,17
Gujarat,Ahmedabad,"Ahmedabad(Fruit Market, Naroda)",Apple,Other,Medium,2019-03-16 00:00:00,7300.0,8200.0,7800.0,17
Gujarat,Ahmedabad,"Ahmedabad(Fruit Market, Naroda)",Apple,Other,Medium,2019-03-20 00:00:00,7300.0,8400.0,8000.0,17
Gujarat,Ahmedabad,"Ahmedabad(Fruit Market, Naroda)",Apple,Other,Medium,2019-04-16 00:00:00,8000.0,9000.0,8600.0,17
Gujarat,Ahmedabad,"Ahmedabad(Fruit Market, Naroda)",Apple,Other,Medium,2019-04-18 00:00:00,8000.0,8500.0,8300.0,17
Gujarat,Ahmedabad,"Ahmedabad(Fruit Market, Naroda)",Apple,Other,Medium,2019-04-22 00:00:00,8000.0,9000.0,8500.0,17
Gujarat,Ahmedabad,"Ahmedabad(Fruit Market, Naroda)",Apple,Other,Medium,2019-05-10 00:00:00,8000.0,8900.0,8800.0,17
Gujarat,Ahmedabad,"Ahmedabad(Fruit Market, Naroda)",Apple,Other,Medium,2019-05-16 00:00:00,8000.0,9000.0,8500.0,17
Gujarat,Ahmedabad,"Ahmedabad(Fruit Market, Naroda)",Apple,Other,Medium,2019-05-23 00:00:00,8000.0,9000.0,8900.0,17
Gujarat,Ahmedabad,"Ahmedabad(Fruit Market, Naroda)",Apple,Other,Medium,2019-05-31 00:00:00,8000.0,9000.0,8600.0,17
Gujarat,Ahmedabad,"Ahmedabad(Fruit Market, Naroda)",Apple,Other,Medium,2019-06-01 00:00:00,8000.0,9000.0,8600.0,17
Gujarat,Ahmedabad,"Ahmedabad(Fruit Market, Naroda)",Apple,Other,Medium,2019-06-07 00:00:00,8000.0,9000.0,8800.0,17
Gujarat,Ahmedabad,"Ahmedabad(Fruit Market, Naroda)",Apple,Other,Medium,2019-06-10 00:00:00,8000.0,9200.0,8600.0,17
Gujarat,Ahmedabad,"Ahmedabad(Fruit Market, Naroda)",Apple,Other,Medium,2019-07-02 00:00:00,8000.0,9000.0,8800.0,17
Gujarat,Ahmedabad,"Ahmedabad(Fruit Market, Naroda)",Apple,Other,Medium,2019-07-24 00:00:00,6500.0,9000.0,8800.0,17
Gujarat,Ahmedabad,"Ahmedabad(Fruit Market, Naroda)",Apple,Other,Medium,2019-08-03 00:00:00,6500.0,9000.0,8000.0,17
Gujarat,Ahmedabad,"Ahmedabad(Fruit Market, Naroda)",Apple,Other,Medium,2019-08-08 00:00:00,5000.0,9000.0,7500.0,17
Gujarat,Ahmedabad,"Ahmedabad(Fruit Market, Naroda)",Apple,Other,Medium,2019-08-19 00:00:00,5000.0,8000.0,7500.0,17
Gujarat,Ahmedabad,"Ahmedabad(Fruit Market, Naroda)",Apple,Other,Medium,2019-08-22 00:00:00,5000.0,8000.0,7500.0,17
Gujarat,Ahmedabad,"Ahmedabad(Fruit Market, Naroda)",Apple,Other,Medium,2019-08-30 00:00:00,5000.0,8000.0,7000.0,17
Gujarat,Ahmedabad,"Ahmedabad(Fruit Market, Naroda)",Apple,Other,Medium,2019-09-03 00:00:00,5000.0,8000.0,7000.0,17
Gujarat,Ahmedabad,"Ahmedabad(Fruit Market, Naroda)",Apple,Other,Medium,2019-09-18 00:00:00,5000.0,8000.0,7000.0,17
Gujarat,Ahmedabad,"Ahmedabad(Fruit Market, Naroda)",Apple,Other,Medium,2019-09-26 00:00:00,6000.0,8000.0,7000.0,17
Gujarat,Ahmedabad,"Ahmedabad(Fruit Market, Naroda)",Apple,Other,Medium,2019-09-28 00:00:00,5000.0,8000.0,6600.0,17
Gujarat,Ahmedabad,"Ahmedabad(Fruit Market, Naroda)",Apple,Other,Medium,2019-10-03 00:00:00,5000.0,8500.0,6900.0,17
Gujarat,Ahmedabad,"Ahmedabad(Fruit Market, Naroda)",Apple,Other,Medium,2019-11-05 00:00:00,5000.0,8000.0,6500.0,17
Gujarat,Ahmedabad,"Ahmedabad(Fruit Market, Naroda)",Apple,Other,Medium,2019-11-21 00:00:00,5000.0,8000.0,6500.0,17
Gujarat,Ahmedabad,"Ahmedabad(Fruit Market, Naroda)",Apple,Other,Medium,2019-12-06 00:00:00,5000.0,8500.0,6800.0,17
Gujarat,Ahmedabad,"Ahmedabad(Fruit Market, Naroda)",Apple,Other,Medium,2019-12-13 00:00:00,5000.0,8300.0,6800.0,17
Gujarat,Ahmedabad,"Ahmedabad(Fruit Market, Naroda)",Apple,Other,Medium,2019-12-18 00:00:00,5000.0,8500.0,6850.0,17
Gujarat,Ahmedabad,Ahmedabad(Manekchowk),Apple,Other,Medium,2019-01-02 00:00:00,6000.0,8200.0,7100.0,17
Gujarat,Ahmedabad,Ahmedabad(Manekchowk),Apple,Other,Medium,2019-01-04 00:00:00,6500.0,8500.0,7500.0,17
Gujarat,Ahmedabad,Ahmedabad(Manekchowk),Apple,Other,Medium,2019-01-09 00:00:00,6500.0,8500.0,7500.0,17
Gujarat,Ahmedabad,Ahmedabad(Manekchowk),Apple,Other,Medium,2019-01-10 00:00:00,6000.0,8300.0,7200.0,17
Gujarat,Ahmedabad,Ahmedabad(Manekchowk),Apple,Other,Medium,2019-01-18 00:00:00,6400.0,8300.0,7400.0,17
Gujarat,Ahmedabad,Ahmedabad(Manekchowk),Apple,Other,Medium,2019-01-21 00:00:00,6500.0,8300.0,7400.0,17
Gujarat,Ahmedabad,Ahmedabad(Manekchowk),Apple,Other,Medium,2019-01-29 00:00:00,6000.0,8200.0,7100.0,17
Gujarat,Ahmedabad,Ahmedabad(Manekchowk),Apple,Other,Medium,2019-01-31 00:00:00,6300.0,8400.0,7400.0,17
Gujarat,Ahmedabad,Ahmedabad(Manekchowk),Apple,Other,Medium,2019-02-02 00:00:00,6500.0,8200.0,7400.0,17
Gujarat,Ahmedabad,Ahmedabad(Manekchowk),Apple,Other,Medium,2019-02-11 00:00:00,7500.0,8400.0,8000.0,17
Gujarat,Ahmedabad,Ahmedabad(Manekchowk),Apple,Other,Medium,2019-02-14 00:00:00,7000.0,8600.0,7800.0,17
Gujarat,Ahmedabad,Ahmedabad(Manekchowk),Apple,Other,Medium,2019-02-18 00:00:00,7000.0,8500.0,7800.0,17
Gujarat,Ahmedabad,Ahmedabad(Manekchowk),Apple,Other,Medium,2019-02-19 00:00:00,8000.0,8800.0,8400.0,17
Gujarat,Ahmedabad,Ahmedabad(Manekchowk),Apple,Other,Medium,2019-02-25 00:00:00,7800.0,8500.0,8200.0,17
Gujarat,Ahmedabad,Ahmedabad(Manekchowk),Apple,Other,Medium,2019-03-05 00:00:00,7500.0,8800.0,8200.0,17
Gujarat,Ahmedabad,Ahmedabad(Manekchowk),Apple,Other,Medium,2019-04-22 00:00:00,8000.0,9000.0,8500.0,17
Gujarat,Ahmedabad,Ahmedabad(Manekchowk),Apple,Other,Medium,2019-04-27 00:00:00,8000.0,9000.0,8600.0,17
Gujarat,Ahmedabad,Ahmedabad(Manekchowk),Apple,Other,Medium,2019-05-03 00:00:00,8000.0,8900.0,8500.0,17
Gujarat,Ahmedabad,Ahmedabad(Manekchowk),Apple,Other,Medium,2019-05-15 00:00:00,8000.0,9000.0,8800.0,17
Gujarat,Ahmedabad,Ahmedabad(Manekchowk),Apple,Other,Medium,2019-05-16 00:00:00,8000.0,9000.0,8500.0,17
Gujarat,Ahmedabad,Ahmedabad(Manekchowk),Apple,Other,Medium,2019-05-17 00:00:00,8000.0,9000.0,8800.0,17
Gujarat,Ahmedabad,Ahmedabad(Manekchowk),Apple,Other,Medium,2019-05-31 00:00:00,8000.0,9000.0,8600.0,17
Gujarat,Ahmedabad,Ahmedabad(Manekchowk),Apple,Other,Medium,2019-06-14 00:00:00,8000.0,9000.0,8800.0,17
Gujarat,Ahmedabad,Ahmedabad(Manekchowk),Apple,Other,Medium,2019-06-15 00:00:00,8000.0,9000.0,8600.0,17
Gujarat,Ahmedabad,Ahmedabad(Manekchowk),Apple,Other,Medium,2019-06-17 00:00:00,8000.0,9000.0,8900.0,17
Gujarat,Ahmedabad,Ahmedabad(Manekchowk),Apple,Other,Medium,2019-06-21 00:00:00,8000.0,9000.0,8600.0,17
Gujarat,Ahmedabad,Ahmedabad(Manekchowk),Apple,Other,Medium,2019-06-26 00:00:00,8000.0,9000.0,8900.0,17
Gujarat,Ahmedabad,Ahmedabad(Manekchowk),Apple,Other,Medium,2019-06-27 00:00:00,8000.0,9000.0,8500.0,17
Gujarat,Ahmedabad,Ahmedabad(Manekchowk),Apple,Other,Medium,2019-07-02 00:00:00,8000.0,9000.0,8800.0,17
Gujarat,Ahmedabad,Ahmedabad(Manekchowk),Apple,Other,Medium,2019-07-30 00:00:00,7000.0,9000.0,8600.0,17
Gujarat,Ahmedabad,Ahmedabad(Manekchowk),Apple,Other,Medium,2019-08-27 00:00:00,5000.0,8000.0,7000.0,17
Gujarat,Ahmedabad,Ahmedabad(Manekchowk),Apple,Other,Medium,2019-09-03 00:00:00,5000.0,8000.0,7000.0,17
Gujarat,Ahmedabad,Ahmedabad(Manekchowk),Apple,Other,Medium,2019-09-27 00:00:00,5000.0,8000.0,6800.0,17
Gujarat,Ahmedabad,Ahmedabad(Manekchowk),Apple,Other,Medium,2019-10-05 00:00:00,5000.0,8500.0,6800.0,17
Gujarat,Ahmedabad,Ahmedabad(Manekchowk),Apple,Other,Medium,2019-11-04 00:00:00,5500.0,8000.0,6800.0,17
Gujarat,Ahmedabad,Ahmedabad(Manekchowk),Apple,Other,Medium,2019-11-06 00:00:00,5000.0,9000.0,7000.0,17
Gujarat,Ahmedabad,Ahmedabad(Manekchowk),Apple,Other,Medium,2019-11-23 00:00:00,5000.0,8000.0,6500.0,17
Gujarat,Ahmedabad,Ahmedabad(Manekchowk),Apple,Other,Medium,2019-11-28 00:00:00,5500.0,8400.0,7000.0,17
Gujarat,Ahmedabad,Ahmedabad(Manekchowk),Apple,Other,Medium,2019-12-02 00:00:00,5000.0,8500.0,6900.0,17
Gujarat,Ahmedabad,Ahmedabad(Manekchowk),Apple,Other,Medium,2019-12-12 00:00:00,5000.0,8400.0,6800.0,17
Gujarat,Ahmedabad,Ahmedabad(Manekchowk),Apple,Other,Medium,2019-12-16 00:00:00,5000.0,8500.0,7000.0,17
Gujarat,Ahmedabad,Ahmedabad(Manekchowk),Apple,Other,Medium,2019-12-27 00:00:00,5500.0,8500.0,7100.0,17
Gujarat,Bharuch,Bharuch,Apple,Royal Mishri,Large,2019-01-01 00:00:00,4000.0,5500.0,4500.0,17
Gujarat,Bharuch,Bharuch,Apple,Royal Mishri,Large,2019-01-03 00:00:00,4000.0,5500.0,4500.0,17
Gujarat,Bharuch,Bharuch,Apple,Royal Mishri,Medium,2019-01-04 00:00:00,4000.0,5000.0,4500.0,17
Gujarat,Bharuch,Bharuch,Apple,Royal Mishri,Large,2019-01-09 00:00:00,4000.0,5000.0,4500.0,17
Gujarat,Bharuch,Bharuch,Apple,Royal Mishri,Large,2019-01-21 00:00:00,4000.0,6000.0,5000.0,17
Gujarat,Bharuch,Bharuch,Apple,Royal Mishri,Large,2019-01-25 00:00:00,4000.0,6500.0,5000.0,17
Gujarat,Bharuch,Bharuch,Apple,Royal Mishri,Medium,2019-01-26 00:00:00,4000.0,6500.0,5000.0,17
Gujarat,Bharuch,Bharuch,Apple,Royal Mishri,Large,2019-02-11 00:00:00,5000.0,6500.0,6000.0,17
Gujarat,Bharuch,Bharuch,Apple,Royal Mishri,Large,2019-02-26 00:00:00,5000.0,6500.0,6000.0,17
Gujarat,Bharuch,Bharuch,Apple,Royal Mishri,Medium,2019-03-13 00:00:00,5000.0,7500.0,6500.0,17
Gujarat,Bharuch,Bharuch,Apple,Royal Mishri,Large,2019-03-15 00:00:00,5000.0,7500.0,6000.0,17
Gujarat,Bharuch,Bharuch,Apple,Royal Mishri,Medium,2019-03-26 00:00:00,6000.0,7500.0,7000.0,17
Gujarat,Bharuch,Bharuch,Apple,Royal Mishri,Large,2019-04-03 00:00:00,6000.0,8000.0,7000.0,17
Gujarat,Bharuch,Bharuch,Apple,Royal Mishri,Medium,2019-04-08 00:00:00,6000.0,8500.0,7500.0,17
Gujarat,Bharuch,Bharuch,Apple,Royal Mishri,Medium,2019-08-22 00:00:00,5000.0,7500.0,6500.0,17
Gujarat,Bharuch,Bharuch,Apple,Simla,Medium,2019-07-26 00:00:00,3500.0,6500.0,5000.0,17
Gujarat,Bharuch,Bharuch,Apple,Simla,Medium,2019-08-02 00:00:00,5000.0,8500.0,7000.0,17
Gujarat,Bharuch,Bharuch,Apple,Simla,Medium,2019-08-09 00:00:00,3800.0,8500.0,7500.0,17
Gujarat,Bharuch,Bharuch,Apple,Simla,Medium,2019-08-15 00:00:00,3500.0,8000.0,5000.0,17
Gujarat,Bharuch,Bharuch,Apple,Simla,Medium,2019-08-21 00:00:00,2500.0,6500.0,4000.0,17
Gujarat,Rajkot,Gondal(Veg.market Gondal),Apple,Apple,Medium,2019-01-11 00:00:00,3000.0,5000.0,4000.0,17
Gujarat,Rajkot,Gondal(Veg.market Gondal),Apple,Apple,Medium,2019-01-15 00:00:00,3000.0,5000.0,4000.0,17
Gujarat,Rajkot,Gondal(Veg.market Gondal),Apple,Apple,Medium,2019-01-19 00:00:00,3000.0,5000.0,4000.0,17
Gujarat,Rajkot,Gondal(Veg.market Gondal),Apple,Apple,Medium,2019-01-24 00:00:00,3500.0,6000.0,4750.0,17
Gujarat,Rajkot,Gondal(Veg.market Gondal),Apple,Apple,Medium,2019-01-25 00:00:00,2500.0,5500.0,4000.0,17
Gujarat,Rajkot,Gondal(Veg.market Gondal),Apple,Apple,Medium,2019-02-13 00:00:00,5000.0,7500.0,6250.0,17
Gujarat,Rajkot,Gondal(Veg.market Gondal),Apple,Apple,Medium,2019-02-20 00:00:00,5000.0,7500.0,6250.0,17
Gujarat,Rajkot,Gondal(Veg.market Gondal),Apple,Apple,Medium,2019-02-24 00:00:00,5000.0,6000.0,5500.0,17
Gujarat,Rajkot,Gondal(Veg.market Gondal),Apple,Apple,Large,2019-02-27 00:00:00,4000.0,7500.0,5750.0,17
Gujarat,Rajkot,Gondal(Veg.market Gondal),Apple,Apple,Medium,2019-03-08 00:00:00,5000.0,7500.0,6250.0,17
Gujarat,Rajkot,Gondal(Veg.market Gondal),Apple,Apple,Medium,2019-03-11 00:00:00,7500.0,9000.0,8250.0,17
Gujarat,Rajkot,Gondal(Veg.market Gondal),Apple,Apple,Medium,2019-03-13 00:00:00,9000.0,10000.0,9500.0,17
Gujarat,Rajkot,Gondal(Veg.market Gondal),Apple,Apple,Medium,2019-03-14 00:00:00,9000.0,10500.0,9750.0,17
Gujarat,Rajkot,Gondal(Veg.market Gondal),Apple,Apple,Medium,2019-03-25 00:00:00,6000.0,9000.0,8000.0,17
Gujarat,Rajkot,Gondal(Veg.market Gondal),Apple,Apple,Medium,2019-04-03 00:00:00,7500.0,12500.0,10000.0,17
Gujarat,Rajkot,Gondal(Veg.market Gondal),Apple,Apple,Medium,2019-04-04 00:00:00,7500.0,12500.0,10000.0,17
Gujarat,Rajkot,Gondal(Veg.market Gondal),Apple,Apple,Medium,2019-04-10 00:00:00,7500.0,12500.0,10000.0,17
Gujarat,Rajkot,Gondal(Veg.market Gondal),Apple,Apple,Medium,2019-04-17 00:00:00,7500.0,12500.0,10000.0,17
Gujarat,Rajkot,Gondal(Veg.market Gondal),Apple,Apple,Medium,2019-04-22 00:00:00,7500.0,12500.0,10000.0,17
Gujarat,Rajkot,Gondal(Veg.market Gondal),Apple,Apple,Medium,2019-05-13 00:00:00,9000.0,14000.0,11500.0,17
Gujarat,Rajkot,Gondal(Veg.market Gondal),Apple,Apple,Medium,2019-05-16 00:00:00,10000.0,14000.0,12000.0,17
Gujarat,Rajkot,Gondal(Veg.market Gondal),Apple,Apple,Medium,2019-05-24 00:00:00,10000.0,12500.0,11000.0,17
Gujarat,Rajkot,Gondal(Veg.market Gondal),Apple,Apple,Medium,2019-05-30 00:00:00,7500.0,12500.0,10000.0,17
Gujarat,Rajkot,Gondal(Veg.market Gondal),Apple,Apple,Medium,2019-06-05 00:00:00,7500.0,14000.0,11000.0,17
Gujarat,Rajkot,Gondal(Veg.market Gondal),Apple,Apple,Medium,2019-06-17 00:00:00,10000.0,14000.0,12000.0,17
Gujarat,Rajkot,Gondal(Veg.market Gondal),Apple,Apple,Medium,2019-06-21 00:00:00,7500.0,12500.0,10000.0,17
Gujarat,Rajkot,Gondal(Veg.market Gondal),Apple,Apple,Medium,2019-07-05 00:00:00,12000.0,14000.0,13000.0,17
Gujarat,Rajkot,Gondal(Veg.market Gondal),Apple,Apple,Medium,2019-07-06 00:00:00,10000.0,15000.0,12500.0,17
Gujarat,Rajkot,Gondal(Veg.market Gondal),Apple,Apple,Medium,2019-07-29 00:00:00,3000.0,12500.0,7750.0,17
Gujarat,Rajkot,Gondal(Veg.market Gondal),Apple,Apple,Medium,2019-07-31 00:00:00,3000.0,12500.0,7750.0,17
Gujarat,Rajkot,Gondal(Veg.market Gondal),Apple,Apple,Medium,2019-08-02 00:00:00,3000.0,15000.0,9000.0,17
Gujarat,Rajkot,Gondal(Veg.market Gondal),Apple,Apple,Medium,2019-08-03 00:00:00,4000.0,11000.0,7500.0,17
Gujarat,Rajkot,Gondal(Veg.market Gondal),Apple,Apple,Medium,2019-08-05 00:00:00,3000.0,10000.0,6500.0,17
Gujarat,Rajkot,Gondal(Veg.market Gondal),Apple,Apple,Medium,2019-08-08 00:00:00,4000.0,10000.0,7000.0,17
Gujarat,Rajkot,Gondal(Veg.market Gondal),Apple,Apple,Medium,2019-08-16 00:00:00,3000.0,7500.0,5250.0,17
Gujarat,Rajkot,Gondal(Veg.market Gondal),Apple,Apple,Medium,2019-08-17 00:00:00,2500.0,8000.0,5250.0,17
Gujarat,Rajkot,Gondal(Veg.market Gondal),Apple,Apple,Medium,2019-08-19 00:00:00,3500.0,7500.0,5500.0,17
Gujarat,Rajkot,Gondal(Veg.market Gondal),Apple,Apple,Medium,2019-08-21 00:00:00,4000.0,7500.0,5750.0,17
Gujarat,Rajkot,Gondal(Veg.market Gondal),Apple,Apple,Medium,2019-09-06 00:00:00,2500.0,8000.0,5250.0,17
Gujarat,Rajkot,Gondal(Veg.market Gondal),Apple,Apple,Medium,2019-09-12 00:00:00,3000.0,7000.0,5000.0,17
Gujarat,Rajkot,Gondal(Veg.market Gondal),Apple,Apple,Medium,2019-09-19 00:00:00,2500.0,7000.0,4750.0,17
Gujarat,Rajkot,Gondal(Veg.market Gondal),Apple,Apple,Medium,2019-09-20 00:00:00,2000.0,6000.0,4000.0,17
Gujarat,Rajkot,Gondal(Veg.market Gondal),Apple,Apple,Medium,2019-09-23 00:00:00,2500.0,5000.0,4000.0,17
Gujarat,Rajkot,Gondal(Veg.market Gondal),Apple,Apple,Medium,2019-09-24 00:00:00,2500.0,6000.0,4250.0,17
Gujarat,Rajkot,Gondal(Veg.market Gondal),Apple,Apple,Medium,2019-10-06 00:00:00,3500.0,7000.0,5250.0,17
Gujarat,Rajkot,Gondal(Veg.market Gondal),Apple,Apple,Medium,2019-10-10 00:00:00,2500.0,6500.0,4750.0,17
Gujarat,Rajkot,Gondal(Veg.market Gondal),Apple,Apple,Medium,2019-10-18 00:00:00,2500.0,6000.0,4250.0,17
Gujarat,Rajkot,Gondal(Veg.market Gondal),Apple,Apple,Medium,2019-11-02 00:00:00,2000.0,5000.0,3500.0,17
Gujarat,Rajkot,Gondal(Veg.market Gondal),Apple,Apple,Medium,2019-11-05 00:00:00,2000.0,5000.0,3500.0,17
Gujarat,Rajkot,Gondal(Veg.market Gondal),Apple,Apple,Medium,2019-11-06 00:00:00,3000.0,7000.0,5000.0,17
Gujarat,Rajkot,Gondal(Veg.market Gondal),Apple,Apple,Medium,2019-11-11 00:00:00,2500.0,5000.0,3750.0,17
Gujarat,Rajkot,Gondal(Veg.market Gondal),Apple,Apple,Medium,2019-11-13 00:00:00,2500.0,5500.0,4000.0,17
Gujarat,Rajkot,Gondal(Veg.market Gondal),Apple,Apple,Medium,2019-11-22 00:00:00,3000.0,6000.0,4500.0,17
Gujarat,Rajkot,Gondal(Veg.market Gondal),Apple,Apple,Medium,2019-11-23 00:00:00,2500.0,6000.0,4250.0,17
Gujarat,Rajkot,Gondal(Veg.market Gondal),Apple,Apple,Medium,2019-11-27 00:00:00,3000.0,6000.0,4500.0,17
Gujarat,Rajkot,Gondal(Veg.market Gondal),Apple,Apple,Medium,2019-12-07 00:00:00,3000.0,6000.0,4500.0,17
Gujarat,Rajkot,Gondal(Veg.market Gondal),Apple,Apple,Medium,2019-12-11 00:00:00,2500.0,6000.0,4250.0,17
Gujarat,Rajkot,Gondal(Veg.market Gondal),Apple,Apple,Medium,2019-12-18 00:00:00,2500.0,5000.0,3750.0,17
Gujarat,Rajkot,Gondal(Veg.market Gondal),Apple,Apple,Medium,2019-12-21 00:00:00,4000.0,7000.0,5500.0,17
Gujarat,Rajkot,Gondal(Veg.market Gondal),Apple,Apple,Medium,2019-12-24 00:00:00,3000.0,6000.0,4500.0,17
Gujarat,Rajkot,Gondal(Veg.market Gondal),Apple,Apple,Medium,2019-12-31 00:00:00,3000.0,5500.0,4250.0,17
Gujarat,Vadodara(Baroda),Vadodara(Navapura),Apple,Other,Medium,2019-01-01 00:00:00,7000.0,9000.0,8000.0,17
Gujarat,Vadodara(Baroda),Vadodara(Navapura),Apple,Other,Medium,2019-01-09 00:00:00,7000.0,9000.0,8000.0,17
Gujarat,Vadodara(Baroda),Vadodara(Navapura),Apple,Other,Medium,2019-02-21 00:00:00,7000.0,9000.0,8000.0,17
Gujarat,Vadodara(Baroda),Vadodara(Navapura),Apple,Other,Medium,2019-03-19 00:00:00,7000.0,9000.0,8000.0,17
Gujarat,Vadodara(Baroda),Vadodara(Navapura),Apple,Other,Medium,2019-09-18 00:00:00,5000.0,8000.0,6000.0,17
Gujarat,Rajkot,Gondal(Veg.market Gondal),Apple,Apple,Medium,2021-09-24 00:00:00,2500.0,7500.0,5000.0,17
Gujarat,Rajkot,Gondal(Veg.market Gondal),Apple,Apple,Medium,2021-10-08 00:00:00,2500.0,8500.0,5500.0,17
Gujarat,Rajkot,Gondal(Veg.market Gondal),Apple,Apple,Medium,2021-10-19 00:00:00,2500.0,7500.0,5000.0,17
Gujarat,Rajkot,Gondal(Veg.market Gondal),Apple,Apple,Medium,2021-10-25 00:00:00,2500.0,7500.0,5000.0,17
Gujarat,Rajkot,Gondal(Veg.market Gondal),Apple,Apple,Medium,2021-11-11 00:00:00,3000.0,8000.0,5500.0,17
Gujarat,Rajkot,Gondal(Veg.market Gondal),Apple,Apple,Medium,2021-11-16 00:00:00,2000.0,8000.0,5000.0,17
Gujarat,Rajkot,Gondal(Veg.market Gondal),Apple,Apple,Medium,2021-11-19 00:00:00,3500.0,8500.0,6000.0,17
Gujarat,Rajkot,Gondal(Veg.market Gondal),Apple,Apple,Medium,2021-12-08 00:00:00,4000.0,7500.0,6000.0,17
Gujarat,Rajkot,Gondal(Veg.market Gondal),Apple,Apple,Medium,2021-12-10 00:00:00,3500.0,8500.0,6000.0,17
Gujarat,Rajkot,Gondal(Veg.market Gondal),Apple,Apple,Medium,2021-12-18 00:00:00,5000.0,8000.0,6500.0,17
Gujarat,Surendranagar,Vadhvan,Apple,Apple,Medium,2021-09-25 00:00:00,7500.0,9500.0,8500.0,17
Gujarat,Surendranagar,Vadhvan,Apple,Apple,Medium,2021-10-18 00:00:00,5000.0,5500.0,5250.0,17
Gujarat,Surendranagar,Vadhvan,Apple,Apple,Medium,2021-10-26 00:00:00,5000.0,5500.0,5250.0,17
Gujarat,Surendranagar,Vadhvan,Apple,Apple,Medium,2021-10-29 00:00:00,5000.0,5500.0,5250.0,17
Gujarat,Surendranagar,Vadhvan,Apple,Apple,Medium,2021-11-01 00:00:00,5000.0,6000.0,5500.0,17
Gujarat,Surendranagar,Vadhvan,Apple,Apple,Medium,2021-11-02 00:00:00,5000.0,5500.0,5250.0,17
Gujarat,Surendranagar,Vadhvan,Apple,Apple,Medium,2021-11-09 00:00:00,5000.0,7500.0,6250.0,17
Gujarat,Surendranagar,Vadhvan,Apple,Apple,Medium,2021-11-22 00:00:00,5000.0,7000.0,6000.0,17
Gujarat,Surendranagar,Vadhvan,Apple,Apple,Medium,2021-12-04 00:00:00,7000.0,7500.0,7250.0,17
Gujarat,Ahmedabad,"Ahmedabad(Fruit Market, Naroda)",Apple,Other,Small,2011-12-20 00:00:00,5000.0,8000.0,6800.0,17
Gujarat,Ahmedabad,Ahmedabad(Manekchowk),Apple,Other,Small,2011-01-07 00:00:00,6000.0,8000.0,7500.0,17
Gujarat,Ahmedabad,Ahmedabad(Manekchowk),Apple,Other,Small,2011-01-11 00:00:00,5000.0,8000.0,7200.0,17
Gujarat,Ahmedabad,Ahmedabad(Manekchowk),Apple,Other,Small,2011-01-27 00:00:00,6000.0,8000.0,7500.0,17
Gujarat,Ahmedabad,Ahmedabad(Manekchowk),Apple,Other,Small,2011-02-11 00:00:00,8000.0,10000.0,9500.0,17
Gujarat,Ahmedabad,Ahmedabad(Manekchowk),Apple,Other,Small,2011-02-14 00:00:00,8000.0,12000.0,10500.0,17
Gujarat,Ahmedabad,Ahmedabad(Manekchowk),Apple,Other,Small,2011-02-15 00:00:00,8000.0,12000.0,11000.0,17
Gujarat,Ahmedabad,Ahmedabad(Manekchowk),Apple,Other,Small,2011-02-21 00:00:00,8000.0,12000.0,11000.0,17
Gujarat,Ahmedabad,Ahmedabad(Manekchowk),Apple,Other,Small,2011-02-22 00:00:00,8000.0,12000.0,11000.0,17
Gujarat,Ahmedabad,Ahmedabad(Manekchowk),Apple,Other,Small,2011-02-26 00:00:00,8000.0,12000.0,11000.0,17
Gujarat,Ahmedabad,Ahmedabad(Manekchowk),Apple,Other,Small,2011-03-05 00:00:00,8000.0,12000.0,11000.0,17
Gujarat,Ahmedabad,Ahmedabad(Manekchowk),Apple,Other,Small,2011-03-12 00:00:00,10000.0,12000.0,11500.0,17
Gujarat,Ahmedabad,Ahmedabad(Manekchowk),Apple,Other,Small,2011-03-26 00:00:00,8000.0,13000.0,11500.0,17
Gujarat,Ahmedabad,Ahmedabad(Manekchowk),Apple,Other,Small,2011-03-30 00:00:00,12000.0,14000.0,13500.0,17
Gujarat,Ahmedabad,Ahmedabad(Manekchowk),Apple,Other,Small,2011-04-02 00:00:00,10000.0,14000.0,13000.0,17
Gujarat,Ahmedabad,Ahmedabad(Manekchowk),Apple,Other,Small,2011-04-12 00:00:00,10000.0,13000.0,12000.0,17
Gujarat,Ahmedabad,Ahmedabad(Manekchowk),Apple,Other,Small,2011-04-14 00:00:00,9000.0,10000.0,9500.0,17
Gujarat,Ahmedabad,Ahmedabad(Manekchowk),Apple,Other,Small,2011-04-23 00:00:00,12000.0,14000.0,13500.0,17
Gujarat,Ahmedabad,Ahmedabad(Manekchowk),Apple,Other,Small,2011-05-16 00:00:00,10000.0,14000.0,13000.0,17
Gujarat,Ahmedabad,Ahmedabad(Manekchowk),Apple,Other,Small,2011-05-24 00:00:00,8000.0,12000.0,11000.0,17
Gujarat,Ahmedabad,Ahmedabad(Manekchowk),Apple,Other,Small,2011-05-30 00:00:00,8000.0,12000.0,10500.0,17
Gujarat,Ahmedabad,Ahmedabad(Manekchowk),Apple,Other,Small,2011-06-02 00:00:00,10000.0,12000.0,11500.0,17
Gujarat,Ahmedabad,Ahmedabad(Manekchowk),Apple,Other,Small,2011-06-03 00:00:00,8000.0,12000.0,11000.0,17
Gujarat,Ahmedabad,Ahmedabad(Manekchowk),Apple,Other,Small,2011-06-06 00:00:00,8000.0,10000.0,9500.0,17
Gujarat,Ahmedabad,Ahmedabad(Manekchowk),Apple,Other,Small,2011-06-07 00:00:00,8000.0,10000.0,9500.0,17
Gujarat,Ahmedabad,Ahmedabad(Manekchowk),Apple,Other,Small,2011-06-20 00:00:00,10000.0,12000.0,11500.0,17
Gujarat,Ahmedabad,Ahmedabad(Manekchowk),Apple,Other,Small,2011-06-23 00:00:00,10000.0,12000.0,11500.0,17
Gujarat,Ahmedabad,Ahmedabad(Manekchowk),Apple,Other,Small,2011-06-27 00:00:00,10000.0,12000.0,11500.0,17
Gujarat,Ahmedabad,Ahmedabad(Manekchowk),Apple,Other,Small,2011-07-01 00:00:00,8000.0,12000.0,11000.0,17
Gujarat,Ahmedabad,Ahmedabad(Manekchowk),Apple,Other,Small,2011-07-05 00:00:00,8000.0,12000.0,10500.0,17
Gujarat,Ahmedabad,Ahmedabad(Manekchowk),Apple,Other,Small,2011-07-07 00:00:00,8000.0,12000.0,11000.0,17
Gujarat,Ahmedabad,Ahmedabad(Manekchowk),Apple,Other,Small,2011-07-09 00:00:00,8000.0,12000.0,10500.0,17
Gujarat,Ahmedabad,Ahmedabad(Manekchowk),Apple,Other,Small,2011-08-01 00:00:00,8000.0,12000.0,10000.0,17
Gujarat,Ahmedabad,Ahmedabad(Manekchowk),Apple,Other,Small,2011-08-02 00:00:00,8000.0,12000.0,10000.0,17
Gujarat,Ahmedabad,Ahmedabad(Manekchowk),Apple,Other,Small,2011-08-04 00:00:00,8000.0,12000.0,10000.0,17
Gujarat,Ahmedabad,Ahmedabad(Manekchowk),Apple,Other,Small,2011-08-08 00:00:00,8000.0,12000.0,10000.0,17
Gujarat,Ahmedabad,Ahmedabad(Manekchowk),Apple,Other,Small,2011-09-12 00:00:00,8000.0,12000.0,10000.0,17
Gujarat,Ahmedabad,Ahmedabad(Manekchowk),Apple,Other,Small,2011-09-13 00:00:00,8000.0,10000.0,9000.0,17
Gujarat,Ahmedabad,Ahmedabad(Manekchowk),Apple,Other,Small,2011-09-15 00:00:00,8000.0,10000.0,9000.0,17
Gujarat,Ahmedabad,Ahmedabad(Manekchowk),Apple,Other,Small,2011-09-23 00:00:00,8000.0,10000.0,9000.0,17
Gujarat,Ahmedabad,Ahmedabad(Manekchowk),Apple,Other,Small,2011-09-24 00:00:00,8000.0,10000.0,9000.0,17
Gujarat,Ahmedabad,Ahmedabad(Manekchowk),Apple,Other,Small,2011-10-24 00:00:00,6000.0,10000.0,8500.0,17
Gujarat,Ahmedabad,Ahmedabad(Manekchowk),Apple,Other,Small,2011-10-26 00:00:00,6000.0,10000.0,8500.0,17
Gujarat,Ahmedabad,Ahmedabad(Manekchowk),Apple,Other,Small,2011-11-01 00:00:00,6000.0,8000.0,7500.0,17
Gujarat,Ahmedabad,Ahmedabad(Manekchowk),Apple,Other,Small,2011-11-05 00:00:00,6000.0,8000.0,7500.0,17
Gujarat,Ahmedabad,Ahmedabad(Manekchowk),Apple,Other,Small,2011-11-14 00:00:00,5000.0,6000.0,5500.0,17
Gujarat,Ahmedabad,Ahmedabad(Manekchowk),Apple,Other,Small,2011-11-16 00:00:00,6000.0,8000.0,7500.0,17
Gujarat,Ahmedabad,Ahmedabad(Manekchowk),Apple,Other,Small,2011-11-17 00:00:00,6000.0,8000.0,7400.0,17
Gujarat,Ahmedabad,Ahmedabad(Manekchowk),Apple,Other,Small,2011-11-19 00:00:00,5000.0,8000.0,7200.0,17
Gujarat,Ahmedabad,Ahmedabad(Manekchowk),Apple,Other,Small,2011-11-22 00:00:00,6000.0,8000.0,7500.0,17
Gujarat,Ahmedabad,Ahmedabad(Manekchowk),Apple,Other,Small,2011-12-01 00:00:00,4000.0,8000.0,6500.0,17
Gujarat,Ahmedabad,Ahmedabad(Manekchowk),Apple,Other,Small,2011-12-14 00:00:00,6000.0,8000.0,7000.0,17
Gujarat,Ahmedabad,Ahmedabad(Manekchowk),Apple,Other,Small,2011-12-16 00:00:00,5000.0,8000.0,7000.0,17
Gujarat,Ahmedabad,Ahmedabad(Manekchowk),Apple,Other,Small,2011-12-28 00:00:00,4000.0,8000.0,7000.0,17
Gujarat,Ahmedabad,Ahmedabad(Manekchowk),Apple,Other,Small,2011-12-29 00:00:00,5000.0,8000.0,7000.0,17
Gujarat,Banaskanth,Deesa(Deesa Veg Yard),Apple,Other,Medium,2011-01-19 00:00:00,4200.0,5000.0,4600.0,17
Gujarat,Banaskanth,Deesa(Deesa Veg Yard),Apple,Other,Medium,2011-01-27 00:00:00,4500.0,5000.0,4750.0,17
Gujarat,Banaskanth,Deesa(Deesa Veg Yard),Apple,Other,Medium,2011-01-31 00:00:00,4500.0,5500.0,5000.0,17
Gujarat,Banaskanth,Deesa(Deesa Veg Yard),Apple,Other,Medium,2011-03-12 00:00:00,4500.0,5000.0,4750.0,17
Gujarat,Banaskanth,Deesa(Deesa Veg Yard),Apple,Other,Medium,2011-03-16 00:00:00,4000.0,5000.0,4500.0,17
Gujarat,Banaskanth,Deesa(Deesa Veg Yard),Apple,Other,Medium,2011-03-26 00:00:00,5000.0,6000.0,5500.0,17
Gujarat,Banaskanth,Deesa(Deesa Veg Yard),Apple,Other,Medium,2011-04-06 00:00:00,5000.0,7500.0,6250.0,17
Gujarat,Banaskanth,Deesa(Deesa Veg Yard),Apple,Other,Medium,2011-04-19 00:00:00,6000.0,10000.0,8000.0,17
Gujarat,Banaskanth,Deesa(Deesa Veg Yard),Apple,Other,Medium,2011-06-20 00:00:00,8000.0,9500.0,8750.0,17
Gujarat,Banaskanth,Deesa(Deesa Veg Yard),Apple,Other,Medium,2011-06-23 00:00:00,8000.0,9000.0,8500.0,17
Gujarat,Banaskanth,Deesa(Deesa Veg Yard),Apple,Other,Medium,2011-06-30 00:00:00,8000.0,9000.0,8500.0,17
Gujarat,Banaskanth,Deesa(Deesa Veg Yard),Apple,Other,Medium,2011-07-05 00:00:00,8000.0,9000.0,8500.0,17
Gujarat,Banaskanth,Deesa(Deesa Veg Yard),Apple,Other,Medium,2011-07-08 00:00:00,8000.0,9000.0,8500.0,17
Gujarat,Banaskanth,Deesa(Deesa Veg Yard),Apple,Other,Medium,2011-07-22 00:00:00,7500.0,8500.0,8000.0,17
Gujarat,Banaskanth,Deesa(Deesa Veg Yard),Apple,Other,Medium,2011-07-26 00:00:00,7500.0,8500.0,8000.0,17
Gujarat,Banaskanth,Deesa(Deesa Veg Yard),Apple,Other,Medium,2011-08-04 00:00:00,7000.0,8000.0,7500.0,17
Gujarat,Banaskanth,Deesa(Deesa Veg Yard),Apple,Other,Medium,2011-08-12 00:00:00,5000.0,6000.0,5500.0,17
Gujarat,Banaskanth,Deesa(Deesa Veg Yard),Apple,Other,Medium,2011-08-24 00:00:00,5000.0,6000.0,5500.0,17
Gujarat,Banaskanth,Deesa(Deesa Veg Yard),Apple,Other,Medium,2011-09-06 00:00:00,3500.0,4500.0,4000.0,17
Gujarat,Banaskanth,Deesa(Deesa Veg Yard),Apple,Other,Medium,2011-09-13 00:00:00,3500.0,4500.0,4000.0,17
Gujarat,Banaskanth,Deesa(Deesa Veg Yard),Apple,Other,Medium,2011-09-16 00:00:00,3500.0,4500.0,4000.0,17
Gujarat,Banaskanth,Deesa(Deesa Veg Yard),Apple,Other,Medium,2011-09-21 00:00:00,3500.0,4500.0,4000.0,17
Gujarat,Banaskanth,Deesa(Deesa Veg Yard),Apple,Other,Medium,2011-09-22 00:00:00,3500.0,4500.0,4000.0,17
Gujarat,Banaskanth,Deesa(Deesa Veg Yard),Apple,Other,Medium,2011-09-27 00:00:00,3500.0,5000.0,4250.0,17
Gujarat,Banaskanth,Deesa(Deesa Veg Yard),Apple,Other,Medium,2011-09-28 00:00:00,3500.0,5000.0,4250.0,17
Gujarat,Banaskanth,Deesa(Deesa Veg Yard),Apple,Other,Medium,2011-10-01 00:00:00,3500.0,5000.0,4250.0,17
Gujarat,Banaskanth,Deesa(Deesa Veg Yard),Apple,Other,Medium,2011-10-07 00:00:00,3500.0,5000.0,4250.0,17
Gujarat,Banaskanth,Deesa(Deesa Veg Yard),Apple,Other,Medium,2011-10-15 00:00:00,4000.0,5000.0,4500.0,17
Gujarat,Banaskanth,Deesa(Deesa Veg Yard),Apple,Other,Medium,2011-10-21 00:00:00,4000.0,5000.0,4500.0,17
Gujarat,Banaskanth,Deesa(Deesa Veg Yard),Apple,Other,Medium,2011-11-03 00:00:00,4000.0,5000.0,4500.0,17
Gujarat,Banaskanth,Deesa(Deesa Veg Yard),Apple,Other,Medium,2011-11-19 00:00:00,4000.0,4500.0,4250.0,17
Gujarat,Banaskanth,Deesa(Deesa Veg Yard),Apple,Other,Medium,2011-11-22 00:00:00,4500.0,5000.0,4750.0,17
Gujarat,Banaskanth,Deesa(Deesa Veg Yard),Apple,Other,Medium,2011-11-23 00:00:00,3000.0,5000.0,4000.0,17
Gujarat,Banaskanth,Deesa(Deesa Veg Yard),Apple,Other,Medium,2011-11-24 00:00:00,5000.0,6000.0,5500.0,17
Gujarat,Banaskanth,Deesa(Deesa Veg Yard),Apple,Other,Medium,2011-11-30 00:00:00,4000.0,5500.0,4750.0,17
Gujarat,Banaskanth,Deesa(Deesa Veg Yard),Apple,Other,Medium,2011-12-03 00:00:00,4000.0,6000.0,5000.0,17
Gujarat,Banaskanth,Deesa(Deesa Veg Yard),Apple,Other,Medium,2011-12-05 00:00:00,4000.0,4500.0,4250.0,17
Gujarat,Banaskanth,Deesa(Deesa Veg Yard),Apple,Other,Medium,2011-12-15 00:00:00,4500.0,5500.0,5000.0,17
Gujarat,Banaskanth,Deesa(Deesa Veg Yard),Apple,Other,Medium,2011-12-20 00:00:00,4000.0,5000.0,4500.0,17
Gujarat,Banaskanth,Deesa(Deesa Veg Yard),Apple,Other,Medium,2011-12-22 00:00:00,4000.0,5000.0,4500.0,17
Gujarat,Banaskanth,Deesa(Deesa Veg Yard),Apple,Other,Medium,2011-12-24 00:00:00,4000.0,5000.0,4500.0,17
Gujarat,Banaskanth,Deesa(Deesa Veg Yard),Apple,Other,Medium,2011-12-28 00:00:00,4000.0,5000.0,4500.0,17
Gujarat,Bharuch,Bharuch,Apple,Other,Medium,2011-03-07 00:00:00,5000.0,6000.0,5500.0,17
Gujarat,Vadodara(Baroda),Vadodara(Navapura),Apple,Other,Medium,2011-01-01 00:00:00,1300.0,4000.0,3500.0,17
Gujarat,Vadodara(Baroda),Vadodara(Navapura),Apple,Other,Medium,2011-01-10 00:00:00,1300.0,4000.0,3500.0,17
Gujarat,Vadodara(Baroda),Vadodara(Navapura),Apple,Other,Medium,2011-01-12 00:00:00,1300.0,4000.0,3500.0,17
Gujarat,Vadodara(Baroda),Vadodara(Navapura),Apple,Other,Medium,2011-01-18 00:00:00,2500.0,4000.0,3600.0,17
Gujarat,Vadodara(Baroda),Vadodara(Navapura),Apple,Other,Medium,2011-01-20 00:00:00,2500.0,4000.0,3600.0,17
Gujarat,Vadodara(Baroda),Vadodara(Navapura),Apple,Other,Medium,2011-01-22 00:00:00,2500.0,4000.0,3600.0,17
Gujarat,Vadodara(Baroda),Vadodara(Navapura),Apple,Other,Medium,2011-01-28 00:00:00,2500.0,4000.0,3600.0,17
Gujarat,Vadodara(Baroda),Vadodara(Navapura),Apple,Other,Medium,2011-02-01 00:00:00,1300.0,4000.0,3500.0,17
Gujarat,Vadodara(Baroda),Vadodara(Navapura),Apple,Other,Medium,2011-02-03 00:00:00,1300.0,4000.0,3500.0,17
Gujarat,Vadodara(Baroda),Vadodara(Navapura),Apple,Other,Medium,2011-02-14 00:00:00,1300.0,4000.0,3500.0,17
Gujarat,Vadodara(Baroda),Vadodara(Navapura),Apple,Other,Medium,2011-02-15 00:00:00,1300.0,4000.0,3500.0,17
Gujarat,Vadodara(Baroda),Vadodara(Navapura),Apple,Other,Medium,2011-02-16 00:00:00,1300.0,4000.0,3500.0,17
Gujarat,Vadodara(Baroda),Vadodara(Navapura),Apple,Other,Medium,2011-02-21 00:00:00,1300.0,4000.0,3500.0,17
Gujarat,Vadodara(Baroda),Vadodara(Navapura),Apple,Other,Medium,2011-02-25 00:00:00,1300.0,4000.0,3500.0,17
Gujarat,Vadodara(Baroda),Vadodara(Navapura),Apple,Other,Medium,2011-02-27 00:00:00,1300.0,4000.0,3500.0,17
Gujarat,Vadodara(Baroda),Vadodara(Navapura),Apple,Other,Medium,2011-03-08 00:00:00,1300.0,4000.0,3500.0,17
Gujarat,Vadodara(Baroda),Vadodara(Navapura),Apple,Other,Medium,2011-03-18 00:00:00,1600.0,1800.0,1700.0,17
Gujarat,Vadodara(Baroda),Vadodara(Navapura),Apple,Other,Medium,2011-03-22 00:00:00,1600.0,1800.0,1700.0,17
Gujarat,Vadodara(Baroda),Vadodara(Navapura),Apple,Other,Medium,2011-04-02 00:00:00,1300.0,4000.0,3500.0,17
Gujarat,Vadodara(Baroda),Vadodara(Navapura),Apple,Other,Medium,2011-04-05 00:00:00,1300.0,4000.0,3500.0,17
Gujarat,Vadodara(Baroda),Vadodara(Navapura),Apple,Other,Medium,2011-04-07 00:00:00,1300.0,4000.0,3500.0,17
Gujarat,Vadodara(Baroda),Vadodara(Navapura),Apple,Other,Medium,2011-04-08 00:00:00,1300.0,4000.0,3500.0,17
Gujarat,Vadodara(Baroda),Vadodara(Navapura),Apple,Other,Medium,2011-04-09 00:00:00,1300.0,4000.0,3500.0,17
Gujarat,Vadodara(Baroda),Vadodara(Navapura),Apple,Other,Medium,2011-04-16 00:00:00,1300.0,4000.0,3500.0,17
Gujarat,Vadodara(Baroda),Vadodara(Navapura),Apple,Other,Medium,2011-04-17 00:00:00,1300.0,4000.0,3500.0,17
Gujarat,Vadodara(Baroda),Vadodara(Navapura),Apple,Other,Medium,2011-04-18 00:00:00,1300.0,4000.0,3500.0,17
Gujarat,Vadodara(Baroda),Vadodara(Navapura),Apple,Other,Medium,2011-04-24 00:00:00,1300.0,4000.0,3500.0,17
Gujarat,Vadodara(Baroda),Vadodara(Navapura),Apple,Other,Medium,2011-04-28 00:00:00,1300.0,4000.0,3500.0,17
Gujarat,Vadodara(Baroda),Vadodara(Navapura),Apple,Other,Medium,2011-05-10 00:00:00,1500.0,5000.0,3500.0,17
Gujarat,Vadodara(Baroda),Vadodara(Navapura),Apple,Other,Medium,2011-05-11 00:00:00,1500.0,5000.0,3500.0,17
Gujarat,Vadodara(Baroda),Vadodara(Navapura),Apple,Other,Medium,2011-05-20 00:00:00,1500.0,5000.0,3500.0,17
Gujarat,Vadodara(Baroda),Vadodara(Navapura),Apple,Other,Medium,2011-05-21 00:00:00,1500.0,5000.0,3500.0,17
Gujarat,Vadodara(Baroda),Vadodara(Navapura),Apple,Other,Medium,2011-05-27 00:00:00,1500.0,5000.0,3500.0,17
Gujarat,Vadodara(Baroda),Vadodara(Navapura),Apple,Other,Medium,2011-05-28 00:00:00,1500.0,5000.0,3500.0,17
Gujarat,Vadodara(Baroda),Vadodara(Navapura),Apple,Other,Medium,2011-06-09 00:00:00,3000.0,8000.0,7000.0,17
Gujarat,Vadodara(Baroda),Vadodara(Navapura),Apple,Other,Medium,2011-06-13 00:00:00,3000.0,8000.0,7000.0,17
Gujarat,Vadodara(Baroda),Vadodara(Navapura),Apple,Other,Medium,2011-06-21 00:00:00,3000.0,8000.0,7000.0,17
Gujarat,Vadodara(Baroda),Vadodara(Navapura),Apple,Other,Medium,2011-06-24 00:00:00,3000.0,8000.0,7000.0,17
Gujarat,Vadodara(Baroda),Vadodara(Navapura),Apple,Other,Medium,2011-07-14 00:00:00,3000.0,8000.0,7000.0,17
Gujarat,Vadodara(Baroda),Vadodara(Navapura),Apple,Other,Medium,2011-07-19 00:00:00,3000.0,8000.0,7000.0,17
Gujarat,Vadodara(Baroda),Vadodara(Navapura),Apple,Other,Medium,2011-07-22 00:00:00,3000.0,8000.0,7000.0,17
Gujarat,Vadodara(Baroda),Vadodara(Navapura),Apple,Other,Medium,2011-07-23 00:00:00,3000.0,8000.0,7000.0,17
Gujarat,Vadodara(Baroda),Vadodara(Navapura),Apple,Other,Medium,2011-08-02 00:00:00,3000.0,7000.0,6000.0,17
Gujarat,Vadodara(Baroda),Vadodara(Navapura),Apple,Other,Medium,2011-08-09 00:00:00,3000.0,7000.0,6000.0,17
Gujarat,Vadodara(Baroda),Vadodara(Navapura),Apple,Other,Medium,2011-08-13 00:00:00,3000.0,7000.0,6000.0,17
Gujarat,Vadodara(Baroda),Vadodara(Navapura),Apple,Other,Medium,2011-08-19 00:00:00,3000.0,7000.0,6000.0,17
Gujarat,Vadodara(Baroda),Vadodara(Navapura),Apple,Other,Medium,2011-08-29 00:00:00,3000.0,7000.0,6000.0,17
Gujarat,Vadodara(Baroda),Vadodara(Navapura),Apple,Other,Medium,2011-08-30 00:00:00,3000.0,7000.0,6000.0,17
Gujarat,Vadodara(Baroda),Vadodara(Navapura),Apple,Other,Medium,2011-09-13 00:00:00,3000.0,7000.0,6000.0,17
Gujarat,Vadodara(Baroda),Vadodara(Navapura),Apple,Other,Medium,2011-09-18 00:00:00,3000.0,7000.0,6000.0,17
Gujarat,Vadodara(Baroda),Vadodara(Navapura),Apple,Other,Medium,2011-09-25 00:00:00,3000.0,7000.0,5000.0,17
Gujarat,Vadodara(Baroda),Vadodara(Navapura),Apple,Other,Medium,2011-09-28 00:00:00,3000.0,7000.0,6000.0,17
Gujarat,Vadodara(Baroda),Vadodara(Navapura),Apple,Other,Medium,2011-10-03 00:00:00,3000.0,7000.0,6000.0,17
Gujarat,Vadodara(Baroda),Vadodara(Navapura),Apple,Other,Medium,2011-10-05 00:00:00,3000.0,7000.0,6000.0,17
Gujarat,Vadodara(Baroda),Vadodara(Navapura),Apple,Other,Medium,2011-10-07 00:00:00,3000.0,7000.0,6000.0,17
Gujarat,Vadodara(Baroda),Vadodara(Navapura),Apple,Other,Medium,2011-10-11 00:00:00,3000.0,7000.0,6000.0,17
Gujarat,Vadodara(Baroda),Vadodara(Navapura),Apple,Other,Medium,2011-10-18 00:00:00,3000.0,7000.0,6000.0,17
Gujarat,Vadodara(Baroda),Vadodara(Navapura),Apple,Other,Medium,2011-10-19 00:00:00,3000.0,7000.0,6000.0,17
Gujarat,Vadodara(Baroda),Vadodara(Navapura),Apple,Other,Medium,2011-10-20 00:00:00,3000.0,7000.0,6000.0,17
Gujarat,Vadodara(Baroda),Vadodara(Navapura),Apple,Other,Medium,2011-10-24 00:00:00,3000.0,7000.0,6000.0,17
Gujarat,Vadodara(Baroda),Vadodara(Navapura),Apple,Other,Medium,2011-11-01 00:00:00,3000.0,7000.0,6000.0,17
Gujarat,Vadodara(Baroda),Vadodara(Navapura),Apple,Other,Medium,2011-11-06 00:00:00,2500.0,6000.0,5000.0,17
Gujarat,Vadodara(Baroda),Vadodara(Navapura),Apple,Other,Medium,2011-11-12 00:00:00,3000.0,7000.0,6000.0,17
Gujarat,Vadodara(Baroda),Vadodara(Navapura),Apple,Other,Medium,2011-11-14 00:00:00,3000.0,7000.0,6000.0,17
Gujarat,Vadodara(Baroda),Vadodara(Navapura),Apple,Other,Medium,2011-11-25 00:00:00,4000.0,7000.0,6000.0,17
Gujarat,Vadodara(Baroda),Vadodara(Navapura),Apple,Other,Medium,2011-11-26 00:00:00,4000.0,7000.0,6000.0,17
Gujarat,Vadodara(Baroda),Vadodara(Navapura),Apple,Other,Medium,2011-11-28 00:00:00,3000.0,7000.0,6500.0,17
Gujarat,Vadodara(Baroda),Vadodara(Navapura),Apple,Other,Medium,2011-12-02 00:00:00,3000.0,7000.0,6000.0,17
Gujarat,Vadodara(Baroda),Vadodara(Navapura),Apple,Other,Medium,2011-12-07 00:00:00,3000.0,7000.0,6500.0,17
Gujarat,Vadodara(Baroda),Vadodara(Navapura),Apple,Other,Medium,2011-12-09 00:00:00,3000.0,7000.0,6500.0,17
Gujarat,Vadodara(Baroda),Vadodara(Navapura),Apple,Other,Medium,2011-12-11 00:00:00,3000.0,7000.0,6500.0,17
Gujarat,Vadodara(Baroda),Vadodara(Navapura),Apple,Other,Medium,2011-12-12 00:00:00,3000.0,7000.0,6500.0,17
Gujarat,Vadodara(Baroda),Vadodara(Navapura),Apple,Other,Medium,2011-12-15 00:00:00,3000.0,7000.0,6500.0,17
Gujarat,Vadodara(Baroda),Vadodara(Navapura),Apple,Other,Medium,2011-12-25 00:00:00,3000.0,7000.0,6500.0,17
Gujarat,Ahmedabad,"Ahmedabad(Fruit Market, Naroda)",Apple,Other,Small,2011-01-04 00:00:00,6000.0,8000.0,7500.0,17
Gujarat,Ahmedabad,"Ahmedabad(Fruit Market, Naroda)",Apple,Other,Small,2011-01-06 00:00:00,6000.0,8000.0,7200.0,17
Gujarat,Ahmedabad,"Ahmedabad(Fruit Market, Naroda)",Apple,Other,Small,2011-01-13 00:00:00,6000.0,8000.0,7500.0,17
Gujarat,Ahmedabad,"Ahmedabad(Fruit Market, Naroda)",Apple,Other,Small,2011-01-15 00:00:00,6000.0,8000.0,7500.0,17
Gujarat,Ahmedabad,"Ahmedabad(Fruit Market, Naroda)",Apple,Other,Small,2011-02-02 00:00:00,6000.0,10000.0,9000.0,17
Gujarat,Ahmedabad,"Ahmedabad(Fruit Market, Naroda)",Apple,Other,Small,2011-02-05 00:00:00,7000.0,10000.0,9000.0,17
Gujarat,Ahmedabad,"Ahmedabad(Fruit Market, Naroda)",Apple,Other,Small,2011-02-15 00:00:00,8000.0,12000.0,11000.0,17
Gujarat,Ahmedabad,"Ahmedabad(Fruit Market, Naroda)",Apple,Other,Small,2011-02-16 00:00:00,7000.0,12000.0,10000.0,17
Gujarat,Ahmedabad,"Ahmedabad(Fruit Market, Naroda)",Apple,Other,Small,2011-02-22 00:00:00,8000.0,12000.0,11000.0,17
Gujarat,Ahmedabad,"Ahmedabad(Fruit Market, Naroda)",Apple,Other,Small,2011-03-08 00:00:00,8000.0,12000.0,11000.0,17
Gujarat,Ahmedabad,"Ahmedabad(Fruit Market, Naroda)",Apple,Other,Small,2011-03-11 00:00:00,10000.0,12000.0,11500.0,17
Gujarat,Ahmedabad,"Ahmedabad(Fruit Market, Naroda)",Apple,Other,Small,2011-03-12 00:00:00,10000.0,12000.0,11500.0,17
Gujarat,Ahmedabad,"Ahmedabad(Fruit Market, Naroda)",Apple,Other,Small,2011-03-17 00:00:00,8000.0,12000.0,11000.0,17
Gujarat,Ahmedabad,"Ahmedabad(Fruit Market, Naroda)",Apple,Other,Small,2011-03-18 00:00:00,10000.0,12000.0,11500.0,17
Gujarat,Ahmedabad,"Ahmedabad(Fruit Market, Naroda)",Apple,Other,Small,2011-03-26 00:00:00,8000.0,13000.0,11500.0,17
Gujarat,Ahmedabad,"Ahmedabad(Fruit Market, Naroda)",Apple,Other,Small,2011-04-14 00:00:00,9000.0,10000.0,9500.0,17
Gujarat,Ahmedabad,"Ahmedabad(Fruit Market, Naroda)",Apple,Other,Small,2011-04-18 00:00:00,9000.0,10000.0,9500.0,17
Gujarat,Ahmedabad,"Ahmedabad(Fruit Market, Naroda)",Apple,Other,Small,2011-04-22 00:00:00,12000.0,14000.0,13500.0,17
Gujarat,Ahmedabad,"Ahmedabad(Fruit Market, Naroda)",Apple,Other,Small,2011-04-29 00:00:00,12000.0,14000.0,13500.0,17
Gujarat,Ahmedabad,"Ahmedabad(Fruit Market, Naroda)",Apple,Other,Small,2011-04-30 00:00:00,12000.0,14000.0,13500.0,17
Gujarat,Ahmedabad,"Ahmedabad(Fruit Market, Naroda)",Apple,Other,Small,2011-05-04 00:00:00,10000.0,12000.0,11000.0,17
Gujarat,Ahmedabad,"Ahmedabad(Fruit Market, Naroda)",Apple,Other,Small,2011-05-05 00:00:00,10000.0,12000.0,11500.0,17
Gujarat,Ahmedabad,"Ahmedabad(Fruit Market, Naroda)",Apple,Other,Small,2011-05-20 00:00:00,10000.0,12000.0,11500.0,17
Gujarat,Ahmedabad,"Ahmedabad(Fruit Market, Naroda)",Apple,Other,Small,2011-05-21 00:00:00,10000.0,12000.0,11500.0,17
Gujarat,Ahmedabad,"Ahmedabad(Fruit Market, Naroda)",Apple,Other,Small,2011-05-24 00:00:00,8000.0,12000.0,11000.0,17
Gujarat,Ahmedabad,"Ahmedabad(Fruit Market, Naroda)",Apple,Other,Small,2011-06-06 00:00:00,8000.0,10000.0,9500.0,17
Gujarat,Ahmedabad,"Ahmedabad(Fruit Market, Naroda)",Apple,Other,Small,2011-06-15 00:00:00,10000.0,12000.0,11500.0,17
Gujarat,Ahmedabad,"Ahmedabad(Fruit Market, Naroda)",Apple,Other,Small,2011-06-17 00:00:00,10000.0,12000.0,11500.0,17
Gujarat,Ahmedabad,"Ahmedabad(Fruit Market, Naroda)",Apple,Other,Small,2011-06-24 00:00:00,10000.0,12000.0,11500.0,17
Gujarat,Ahmedabad,"Ahmedabad(Fruit Market, Naroda)",Apple,Other,Small,2011-06-25 00:00:00,10000.0,12000.0,11500.0,17
Gujarat,Ahmedabad,"Ahmedabad(Fruit Market, Naroda)",Apple,Other,Small,2011-07-14 00:00:00,8000.0,12000.0,11000.0,17
Gujarat,Ahmedabad,"Ahmedabad(Fruit Market, Naroda)",Apple,Other,Small,2011-07-22 00:00:00,8000.0,12000.0,10000.0,17
Gujarat,Ahmedabad,"Ahmedabad(Fruit Market, Naroda)",Apple,Other,Small,2011-07-23 00:00:00,8000.0,12000.0,10000.0,17
Gujarat,Ahmedabad,"Ahmedabad(Fruit Market, Naroda)",Apple,Other,Small,2011-07-26 00:00:00,8000.0,12000.0,10000.0,17
Gujarat,Ahmedabad,"Ahmedabad(Fruit Market, Naroda)",Apple,Other,Small,2011-07-30 00:00:00,8000.0,12000.0,10000.0,17
Gujarat,Ahmedabad,"Ahmedabad(Fruit Market, Naroda)",Apple,Other,Small,2011-08-04 00:00:00,8000.0,12000.0,10000.0,17
Gujarat,Ahmedabad,"Ahmedabad(Fruit Market, Naroda)",Apple,Other,Small,2011-08-05 00:00:00,8000.0,12000.0,10000.0,17
Gujarat,Ahmedabad,"Ahmedabad(Fruit Market, Naroda)",Apple,Other,Small,2011-08-10 00:00:00,8000.0,12000.0,10000.0,17
Gujarat,Ahmedabad,"Ahmedabad(Fruit Market, Naroda)",Apple,Other,Small,2011-08-19 00:00:00,8000.0,12000.0,10000.0,17
Gujarat,Ahmedabad,"Ahmedabad(Fruit Market, Naroda)",Apple,Other,Small,2011-08-24 00:00:00,8000.0,12000.0,10000.0,17
Gujarat,Ahmedabad,"Ahmedabad(Fruit Market, Naroda)",Apple,Other,Small,2011-08-26 00:00:00,8000.0,12000.0,10000.0,17
Gujarat,Ahmedabad,"Ahmedabad(Fruit Market, Naroda)",Apple,Other,Small,2011-09-02 00:00:00,8000.0,12000.0,10000.0,17
Gujarat,Ahmedabad,"Ahmedabad(Fruit Market, Naroda)",Apple,Other,Small,2011-09-12 00:00:00,8000.0,12000.0,10000.0,17
Gujarat,Ahmedabad,"Ahmedabad(Fruit Market, Naroda)",Apple,Other,Small,2011-09-16 00:00:00,8000.0,10000.0,9000.0,17
Gujarat,Ahmedabad,"Ahmedabad(Fruit Market, Naroda)",Apple,Other,Small,2011-09-19 00:00:00,8000.0,10000.0,9000.0,17
Gujarat,Ahmedabad,"Ahmedabad(Fruit Market, Naroda)",Apple,Other,Small,2011-09-21 00:00:00,8000.0,10000.0,9000.0,17
Gujarat,Ahmedabad,"Ahmedabad(Fruit Market, Naroda)",Apple,Other,Small,2011-09-23 00:00:00,8000.0,10000.0,9000.0,17
Gujarat,Ahmedabad,"Ahmedabad(Fruit Market, Naroda)",Apple,Other,Small,2011-09-26 00:00:00,3000.0,5000.0,4000.0,17
Gujarat,Ahmedabad,"Ahmedabad(Fruit Market, Naroda)",Apple,Other,Small,2011-09-29 00:00:00,8000.0,10000.0,9000.0,17
Gujarat,Ahmedabad,"Ahmedabad(Fruit Market, Naroda)",Apple,Other,Small,2011-10-07 00:00:00,4000.0,8000.0,6000.0,17
Gujarat,Ahmedabad,"Ahmedabad(Fruit Market, Naroda)",Apple,Other,Small,2011-10-13 00:00:00,4000.0,8000.0,6000.0,17
Gujarat,Ahmedabad,"Ahmedabad(Fruit Market, Naroda)",Apple,Other,Small,2011-11-14 00:00:00,5000.0,6000.0,5500.0,17
Gujarat,Ahmedabad,"Ahmedabad(Fruit Market, Naroda)",Apple,Other,Small,2011-11-18 00:00:00,5000.0,8000.0,7000.0,17
Gujarat,Ahmedabad,"Ahmedabad(Fruit Market, Naroda)",Apple,Other,Small,2011-11-24 00:00:00,6000.0,10000.0,8200.0,17
Gujarat,Ahmedabad,"Ahmedabad(Fruit Market, Naroda)",Apple,Other,Small,2011-11-28 00:00:00,4000.0,8000.0,7000.0,17
Gujarat,Ahmedabad,"Ahmedabad(Fruit Market, Naroda)",Apple,Other,Small,2011-11-29 00:00:00,4000.0,8000.0,7000.0,17
Gujarat,Ahmedabad,"Ahmedabad(Fruit Market, Naroda)",Apple,Other,Small,2011-12-01 00:00:00,4000.0,8000.0,6500.0,17
Gujarat,Banaskanth,Deesa(Deesa Veg Yard),Apple,Other,Medium,2023-01-17 00:00:00,4000.0,6000.0,5000.0,17
Gujarat,Banaskanth,Deesa(Deesa Veg Yard),Apple,Other,Medium,2023-01-31 00:00:00,4000.0,6150.0,5075.0,17
Gujarat,Banaskanth,Deesa(Deesa Veg Yard),Apple,Other,Medium,2023-02-02 00:00:00,4000.0,6250.0,5125.0,17
Gujarat,Banaskanth,Deesa(Deesa Veg Yard),Apple,Other,Medium,2023-02-07 00:00:00,4000.0,6000.0,5000.0,17
Gujarat,Banaskanth,Deesa(Deesa Veg Yard),Apple,Other,Medium,2023-02-16 00:00:00,4000.0,6000.0,5000.0,17
Gujarat,Banaskanth,Deesa(Deesa Veg Yard),Apple,Other,Medium,2023-02-24 00:00:00,6000.0,7000.0,6500.0,17
Gujarat,Banaskanth,Deesa(Deesa Veg Yard),Apple,Other,Medium,2023-03-02 00:00:00,6000.0,7200.0,6600.0,17
Gujarat,Banaskanth,Deesa(Deesa Veg Yard),Apple,Other,Medium,2023-03-10 00:00:00,6000.0,7000.0,6500.0,17
Gujarat,Banaskanth,Deesa(Deesa Veg Yard),Apple,Other,Medium,2023-03-11 00:00:00,6000.0,7200.0,6600.0,17
Gujarat,Banaskanth,Deesa(Deesa Veg Yard),Apple,Other,Medium,2023-03-15 00:00:00,6000.0,7250.0,6625.0,17
Gujarat,Banaskanth,Deesa(Deesa Veg Yard),Apple,Other,Medium,2023-03-23 00:00:00,10000.0,15000.0,12500.0,17
Gujarat,Banaskanth,Deesa(Deesa Veg Yard),Apple,Other,Medium,2023-04-01 00:00:00,10000.0,15000.0,12500.0,17
Gujarat,Banaskanth,Deesa(Deesa Veg Yard),Apple,Other,Medium,2023-04-12 00:00:00,10000.0,15100.0,12550.0,17
Gujarat,Banaskanth,Deesa(Deesa Veg Yard),Apple,Other,Medium,2023-05-04 00:00:00,9000.0,12200.0,10600.0,17
Gujarat,Banaskanth,Deesa(Deesa Veg Yard),Apple,Other,Medium,2023-05-13 00:00:00,9000.0,12350.0,10675.0,17
Gujarat,Banaskanth,Deesa(Deesa Veg Yard),Apple,Other,Medium,2023-05-18 00:00:00,9000.0,12250.0,10625.0,17
Gujarat,Banaskanth,Deesa(Deesa Veg Yard),Apple,Other,Medium,2023-05-19 00:00:00,9000.0,12200.0,10600.0,17
Gujarat,Banaskanth,Deesa(Deesa Veg Yard),Apple,Other,Medium,2023-05-23 00:00:00,9000.0,12200.0,10600.0,17
Gujarat,Banaskanth,Deesa(Deesa Veg Yard),Apple,Other,Medium,2023-05-24 00:00:00,9000.0,12250.0,10625.0,17
Gujarat,Banaskanth,Deesa(Deesa Veg Yard),Apple,Other,Medium,2023-05-25 00:00:00,11000.0,15000.0,13000.0,17
Gujarat,Banaskanth,Deesa(Deesa Veg Yard),Apple,Other,Medium,2023-05-27 00:00:00,11000.0,15000.0,13000.0,17
Gujarat,Banaskanth,Deesa(Deesa Veg Yard),Apple,Other,Medium,2023-05-31 00:00:00,11000.0,15150.0,13075.0,17
Gujarat,Banaskanth,Deesa(Deesa Veg Yard),Apple,Other,Medium,2023-06-06 00:00:00,11000.0,15300.0,13150.0,17
Gujarat,Banaskanth,Deesa(Deesa Veg Yard),Apple,Other,Medium,2023-06-23 00:00:00,11000.0,15000.0,13000.0,17
Gujarat,Banaskanth,Deesa(Deesa Veg Yard),Apple,Other,Medium,2023-06-29 00:00:00,15000.0,20200.0,17600.0,17
Gujarat,Banaskanth,Deesa(Deesa Veg Yard),Apple,Other,Medium,2023-07-15 00:00:00,21000.0,24250.0,22625.0,17
Gujarat,Banaskanth,Deesa(Deesa Veg Yard),Apple,Other,Medium,2023-07-18 00:00:00,21000.0,24250.0,22625.0,17
Gujarat,Banaskanth,Deesa(Deesa Veg Yard),Apple,Other,Medium,2023-08-14 00:00:00,7500.0,10000.0,8750.0,17
Gujarat,Banaskanth,Deesa(Deesa Veg Yard),Apple,Other,Medium,2023-08-24 00:00:00,7500.0,10200.0,8850.0,17
Gujarat,Banaskanth,Deesa(Deesa Veg Yard),Apple,Other,Medium,2023-08-28 00:00:00,6000.0,12750.0,9375.0,17
Gujarat,Banaskanth,Deesa(Deesa Veg Yard),Apple,Other,Medium,2023-09-05 00:00:00,6000.0,12500.0,9250.0,17
Gujarat,Banaskanth,Deesa(Deesa Veg Yard),Apple,Other,Medium,2023-09-09 00:00:00,8000.0,10200.0,9100.0,17
Gujarat,Banaskanth,Deesa(Deesa Veg Yard),Apple,Other,Medium,2023-09-14 00:00:00,8000.0,10200.0,9100.0,17
Gujarat,Banaskanth,Deesa(Deesa Veg Yard),Apple,Other,Medium,2023-09-22 00:00:00,8000.0,10000.0,9000.0,17
Gujarat,Banaskanth,Deesa(Deesa Veg Yard),Apple,Other,Medium,2023-09-23 00:00:00,8000.0,10200.0,9100.0,17
Gujarat,Banaskanth,Deesa(Deesa Veg Yard),Apple,Other,Medium,2023-09-27 00:00:00,4500.0,5100.0,4800.0,17
Gujarat,Banaskanth,Deesa(Deesa Veg Yard),Apple,Other,Medium,2023-10-26 00:00:00,7500.0,10000.0,8750.0,17
Gujarat,Banaskanth,Deesa(Deesa Veg Yard),Apple,Other,Medium,2023-11-02 00:00:00,7500.0,10000.0,8750.0,17
Gujarat,Banaskanth,Deesa(Deesa Veg Yard),Apple,Other,Medium,2023-11-20 00:00:00,5000.0,10200.0,7600.0,17
Gujarat,Banaskanth,Deesa(Deesa Veg Yard),Apple,Other,Medium,2023-11-24 00:00:00,5000.0,10150.0,7575.0,17
Gujarat,Banaskanth,Deesa(Deesa Veg Yard),Apple,Other,Medium,2023-11-28 00:00:00,5000.0,10150.0,7575.0,17
Gujarat,Banaskanth,Deesa(Deesa Veg Yard),Apple,Other,Medium,2023-12-02 00:00:00,6500.0,9000.0,7750.0,17
Gujarat,Banaskanth,Deesa(Deesa Veg Yard),Apple,Other,Medium,2023-12-05 00:00:00,6500.0,9000.0,7750.0,17
Gujarat,Banaskanth,Deesa(Deesa Veg Yard),Apple,Other,Medium,2023-12-07 00:00:00,6500.0,9000.0,7750.0,17
Gujarat,Banaskanth,Deesa(Deesa Veg Yard),Apple,Other,Medium,2023-12-08 00:00:00,6500.0,9100.0,7800.0,17
Gujarat,Banaskanth,Deesa(Deesa Veg Yard),Apple,Other,Medium,2023-12-14 00:00:00,7500.0,8150.0,7825.0,17
Gujarat,Banaskanth,Deesa(Deesa Veg Yard),Apple,Other,Medium,2023-12-26 00:00:00,6500.0,8250.0,7375.0,17
Gujarat,Banaskanth,Deesa(Deesa Veg Yard),Apple,Other,Medium,2023-12-27 00:00:00,6500.0,8000.0,7250.0,17
Gujarat,Banaskanth,Deesa(Deesa Veg Yard),Apple,Other,Medium,2023-12-30 00:00:00,6500.0,8250.0,7375.0,17
Gujarat,Navsari,Navsari,Apple,Other,Medium,2023-08-19 00:00:00,10000.0,15000.0,12500.0,17
Gujarat,Navsari,Navsari,Apple,Other,Medium,2023-09-02 00:00:00,11000.0,20000.0,15500.0,17
Gujarat,Navsari,Navsari,Apple,Other,Medium,2023-10-16 00:00:00,7500.0,10000.0,8750.0,17
Gujarat,Navsari,Navsari,Apple,Other,Medium,2023-10-31 00:00:00,5000.0,12500.0,8750.0,17
Gujarat,Navsari,Navsari,Apple,Other,Medium,2023-11-25 00:00:00,7000.0,12000.0,9500.0,17
Gujarat,Porbandar,Porbandar,Apple,Apple,Large,2023-01-04 00:00:00,4000.0,6000.0,5000.0,17
Gujarat,Porbandar,Porbandar,Apple,Apple,Large,2023-01-12 00:00:00,5000.0,8000.0,6500.0,17
Gujarat,Porbandar,Porbandar,Apple,Apple,Large,2023-01-18 00:00:00,5000.0,9000.0,8000.0,17
Gujarat,Porbandar,Porbandar,Apple,Apple,Large,2023-02-03 00:00:00,6000.0,7000.0,6500.0,17
Gujarat,Porbandar,Porbandar,Apple,Apple,Large,2023-02-06 00:00:00,6000.0,7000.0,6500.0,17
Gujarat,Porbandar,Porbandar,Apple,Apple,Large,2023-02-08 00:00:00,6000.0,7000.0,6500.0,17
Gujarat,Porbandar,Porbandar,Apple,Apple,Large,2023-02-21 00:00:00,13500.0,15000.0,14000.0,17
Gujarat,Porbandar,Porbandar,Apple,Apple,Large,2023-03-01 00:00:00,8000.0,12000.0,10000.0,17
Gujarat,Porbandar,Porbandar,Apple,Apple,Large,2023-03-02 00:00:00,8000.0,12000.0,10000.0,17
Gujarat,Porbandar,Porbandar,Apple,Apple,Large,2023-03-16 00:00:00,7500.0,10000.0,8750.0,17
Gujarat,Porbandar,Porbandar,Apple,Apple,Large,2023-03-17 00:00:00,7500.0,10000.0,8750.0,17
Gujarat,Porbandar,Porbandar,Apple,Apple,Large,2023-03-27 00:00:00,13000.0,15000.0,14000.0,17
Gujarat,Porbandar,Porbandar,Apple,Apple,Large,2023-03-28 00:00:00,13000.0,15000.0,14000.0,17
Gujarat,Porbandar,Porbandar,Apple,Apple,Large,2023-04-03 00:00:00,10000.0,13000.0,11500.0,17
Gujarat,Porbandar,Porbandar,Apple,Apple,Large,2023-04-13 00:00:00,12000.0,15000.0,13500.0,17
Gujarat,Porbandar,Porbandar,Apple,Apple,Large,2023-04-14 00:00:00,12000.0,15000.0,13500.0,17
Gujarat,Porbandar,Porbandar,Apple,Apple,Large,2023-04-15 00:00:00,12000.0,15000.0,13500.0,17
Gujarat,Porbandar,Porbandar,Apple,Apple,Large,2023-04-18 00:00:00,10000.0,15000.0,12500.0,17
Gujarat,Porbandar,Porbandar,Apple,Apple,Large,2023-04-24 00:00:00,10000.0,15000.0,12500.0,17
Gujarat,Porbandar,Porbandar,Apple,Apple,Large,2023-04-28 00:00:00,10000.0,15000.0,12500.0,17
Gujarat,Porbandar,Porbandar,Apple,Apple,Large,2023-05-05 00:00:00,12000.0,13000.0,12500.0,17
Gujarat,Porbandar,Porbandar,Apple,Apple,Large,2023-05-06 00:00:00,12000.0,13000.0,12500.0,17
Gujarat,Porbandar,Porbandar,Apple,Apple,Large,2023-05-09 00:00:00,15000.0,16000.0,15500.0,17
Gujarat,Porbandar,Porbandar,Apple,Apple,Large,2023-05-17 00:00:00,15000.0,18000.0,16500.0,17
Gujarat,Porbandar,Porbandar,Apple,Apple,Large,2023-05-31 00:00:00,12000.0,15000.0,13500.0,17
Gujarat,Porbandar,Porbandar,Apple,Apple,Large,2023-06-01 00:00:00,12000.0,15000.0,13500.0,17
Gujarat,Porbandar,Porbandar,Apple,Apple,Large,2023-06-07 00:00:00,15000.0,20000.0,17500.0,17
Gujarat,Porbandar,Porbandar,Apple,Apple,Large,2023-06-08 00:00:00,15000.0,20000.0,17500.0,17
Gujarat,Porbandar,Porbandar,Apple,Apple,Large,2023-07-10 00:00:00,10000.0,15000.0,12500.0,17
Gujarat,Porbandar,Porbandar,Apple,Apple,Large,2023-07-11 00:00:00,10000.0,15000.0,12500.0,17
Gujarat,Porbandar,Porbandar,Apple,Apple,Large,2023-07-20 00:00:00,18000.0,20000.0,19000.0,17
Gujarat,Porbandar,Porbandar,Apple,Apple,Large,2023-07-22 00:00:00,18000.0,20000.0,19000.0,17
Gujarat,Porbandar,Porbandar,Apple,Apple,Large,2023-07-24 00:00:00,8000.0,12000.0,10000.0,17
Gujarat,Porbandar,Porbandar,Apple,Apple,Large,2023-08-04 00:00:00,13000.0,17000.0,15000.0,17
Gujarat,Porbandar,Porbandar,Apple,Apple,Large,2023-08-07 00:00:00,5000.0,10000.0,7500.0,17
Gujarat,Porbandar,Porbandar,Apple,Apple,Large,2023-08-18 00:00:00,8000.0,15000.0,11000.0,17
Gujarat,Porbandar,Porbandar,Apple,Apple,Large,2023-08-28 00:00:00,10000.0,15000.0,12500.0,17
Gujarat,Porbandar,Porbandar,Apple,Apple,Large,2023-09-01 00:00:00,10000.0,15000.0,12500.0,17
Gujarat,Porbandar,Porbandar,Apple,Apple,Large,2023-09-29 00:00:00,6500.0,10000.0,8500.0,17
Gujarat,Porbandar,Porbandar,Apple,Apple,Large,2023-10-04 00:00:00,5000.0,10000.0,7500.0,17
Gujarat,Porbandar,Porbandar,Apple,Apple,Large,2023-10-05 00:00:00,5000.0,10000.0,7500.0,17
Gujarat,Porbandar,Porbandar,Apple,Apple,Large,2023-10-17 00:00:00,7500.0,10000.0,8750.0,17
Gujarat,Porbandar,Porbandar,Apple,Apple,Large,2023-10-25 00:00:00,7000.0,12000.0,9500.0,17
Gujarat,Porbandar,Porbandar,Apple,Apple,Large,2023-10-28 00:00:00,7000.0,12000.0,9500.0,17
Gujarat,Porbandar,Porbandar,Apple,Apple,Large,2023-11-20 00:00:00,9000.0,10000.0,9500.0,17
Gujarat,Porbandar,Porbandar,Apple,Apple,Large,2023-11-29 00:00:00,9000.0,10000.0,9500.0,17
Gujarat,Porbandar,Porbandar,Apple,Apple,Large,2023-12-05 00:00:00,4000.0,8000.0,6000.0,17
Gujarat,Porbandar,Porbandar,Apple,Apple,Large,2023-12-09 00:00:00,3000.0,7000.0,5000.0,17
Gujarat,Porbandar,Porbandar,Apple,Apple,Large,2023-12-21 00:00:00,5000.0,6000.0,5500.0,17
Gujarat,Porbandar,Porbandar,Apple,Apple,Large,2023-12-28 00:00:00,7000.0,8000.0,7500.0,17
Gujarat,Porbandar,Porbandar,Apple,Apple,Large,2023-12-29 00:00:00,7000.0,8000.0,7500.0,17
Gujarat,Rajkot,Gondal(Veg.market Gondal),Apple,Apple,Medium,2023-07-21 00:00:00,7000.0,15000.0,11000.0,17
Gujarat,Rajkot,Gondal(Veg.market Gondal),Apple,Apple,Medium,2023-07-22 00:00:00,8000.0,14000.0,11000.0,17
Gujarat,Rajkot,Gondal(Veg.market Gondal),Apple,Apple,Medium,2023-07-24 00:00:00,8000.0,13000.0,10500.0,17
Gujarat,Rajkot,Gondal(Veg.market Gondal),Apple,Apple,Medium,2023-07-27 00:00:00,6000.0,18000.0,12000.0,17
Gujarat,Rajkot,Gondal(Veg.market Gondal),Apple,Apple,Medium,2023-07-30 00:00:00,7000.0,14000.0,10500.0,17
Gujarat,Rajkot,Gondal(Veg.market Gondal),Apple,Apple,Medium,2023-09-13 00:00:00,7000.0,10000.0,8500.0,17
Gujarat,Rajkot,Gondal(Veg.market Gondal),Apple,Apple,Medium,2023-09-22 00:00:00,5000.0,12500.0,8750.0,17
Gujarat,Rajkot,Gondal(Veg.market Gondal),Apple,Apple,Medium,2023-09-26 00:00:00,4000.0,12000.0,8000.0,17
Gujarat,Rajkot,Gondal(Veg.market Gondal),Apple,Apple,Medium,2023-09-27 00:00:00,4000.0,11000.0,7500.0,17
Gujarat,Rajkot,Gondal(Veg.market Gondal),Apple,Apple,Medium,2023-09-28 00:00:00,3000.0,11000.0,7000.0,17
Gujarat,Rajkot,Gondal(Veg.market Gondal),Apple,Apple,Medium,2023-09-30 00:00:00,3000.0,10000.0,6500.0,17
Gujarat,Rajkot,Gondal(Veg.market Gondal),Apple,Apple,Medium,2023-10-02 00:00:00,4000.0,10000.0,7000.0,17
Gujarat,Rajkot,Gondal(Veg.market Gondal),Apple,Apple,Medium,2023-10-04 00:00:00,4000.0,10000.0,7000.0,17
Gujarat,Rajkot,Gondal(Veg.market Gondal),Apple,Apple,Medium,2023-10-19 00:00:00,3500.0,10000.0,6750.0,17
Gujarat,Rajkot,Gondal(Veg.market Gondal),Apple,Apple,Medium,2023-10-28 00:00:00,3000.0,10000.0,6500.0,17
Gujarat,Rajkot,Gondal(Veg.market Gondal),Apple,Apple,Medium,2023-11-08 00:00:00,4000.0,9000.0,6500.0,17
Gujarat,Rajkot,Gondal(Veg.market Gondal),Apple,Apple,Medium,2023-11-19 00:00:00,3000.0,9000.0,6000.0,17
Gujarat,Surendranagar,Vadhvan,Apple,Apple,Medium,2023-10-17 00:00:00,5000.0,6500.0,5750.0,17
Gujarat,Surendranagar,Vadhvan,Apple,Apple,Medium,2023-11-01 00:00:00,5000.0,5500.0,5250.0,17
Gujarat,Surendranagar,Vadhvan,Apple,Apple,Medium,2023-11-02 00:00:00,5000.0,5500.0,5250.0,17
Gujarat,Surendranagar,Vadhvan,Apple,Apple,Medium,2023-11-17 00:00:00,3500.0,4500.0,4000.0,17
Gujarat,Bharuch,Bharuch,Apple,Royal Mishri,Medium,2024-05-02 00:00:00,6000.0,8500.0,7500.0,17
Gujarat,Porbandar,Porbandar,Apple,Apple,Large,2024-05-02 00:00:00,10000.0,15000.0,12500.0,17
Gujarat,Porbandar,Porbandar,Apple,Apple,Large,2024-05-09 00:00:00,5000.0,12000.0,8500.0,17
Gujarat,Porbandar,Porbandar,Apple,Apple,Large,2024-05-18 00:00:00,8000.0,12000.0,10000.0,17
Gujarat,Porbandar,Porbandar,Apple,Apple,Large,2024-05-15 00:00:00,8000.0,12000.0,10000.0,17
Gujarat,Porbandar,Porbandar,Apple,Apple,Large,2024-05-25 00:00:00,10000.0,14000.0,12000.0,17
Gujarat,Bharuch,Bharuch,Apple,Simla,Medium,2024-05-08 00:00:00,6000.0,12000.0,8000.0,17
Gujarat,Porbandar,Porbandar,Apple,Apple,Large,2024-06-03 00:00:00,10000.0,14000.0,12000.0,17
Gujarat,Porbandar,Porbandar,Apple,Apple,Large,2024-06-08 00:00:00,10000.0,14000.0,12000.0,17
Gujarat,Porbandar,Porbandar,Apple,Apple,Large,2024-06-18 00:00:00,10000.0,15000.0,12500.0,17
Gujarat,Porbandar,Porbandar,Apple,Apple,Large,2024-06-12 00:00:00,10000.0,15000.0,12500.0,17
Gujarat,Porbandar,Porbandar,Apple,Apple,Large,2024-06-20 00:00:00,10000.0,15000.0,12500.0,17
Gujarat,Porbandar,Porbandar,Apple,Apple,Large,2024-01-05 00:00:00,3000.0,8000.0,5500.0,17
Gujarat,Porbandar,Porbandar,Apple,Apple,Large,2024-01-18 00:00:00,7500.0,12500.0,10000.0,17
Gujarat,Porbandar,Porbandar,Apple,Apple,Large,2024-01-27 00:00:00,8000.0,12000.0,10000.0,17
Gujarat,Porbandar,Porbandar,Apple,Apple,Large,2024-02-08 00:00:00,7000.0,10000.0,8500.0,17
Gujarat,Porbandar,Porbandar,Apple,Apple,Large,2024-02-15 00:00:00,5000.0,8000.0,6500.0,17
Gujarat,Porbandar,Porbandar,Apple,Apple,Large,2024-02-16 00:00:00,5000.0,8000.0,6500.0,17
Gujarat,Porbandar,Porbandar,Apple,Apple,Large,2024-02-19 00:00:00,8000.0,10000.0,9000.0,17
Gujarat,Porbandar,Porbandar,Apple,Apple,Large,2024-02-27 00:00:00,6000.0,10000.0,8000.0,17
Gujarat,Porbandar,Porbandar,Apple,Apple,Large,2024-03-05 00:00:00,10000.0,15000.0,12500.0,17
Gujarat,Porbandar,Porbandar,Apple,Apple,Large,2024-03-27 00:00:00,8000.0,12000.0,10000.0,17
Gujarat,Porbandar,Porbandar,Apple,Apple,Large,2024-04-10 00:00:00,10000.0,14000.0,12000.0,17
Gujarat,Porbandar,Porbandar,Apple,Apple,Large,2024-04-16 00:00:00,8000.0,12000.0,10000.0,17
Gujarat,Ahmedabad,Ahmedabad(Manekchowk),Apple,Other,Medium,2015-06-17 00:00:00,1000.0,13000.0,12000.0,17
Gujarat,Ahmedabad,Ahmedabad(Manekchowk),Apple,Other,Medium,2015-06-22 00:00:00,10000.0,14000.0,13000.0,17
Gujarat,Ahmedabad,Ahmedabad(Manekchowk),Apple,Other,Medium,2015-06-25 00:00:00,10000.0,13000.0,12000.0,17
Gujarat,Ahmedabad,Ahmedabad(Manekchowk),Apple,Other,Medium,2015-07-02 00:00:00,10000.0,14000.0,13000.0,17
Gujarat,Ahmedabad,Ahmedabad(Manekchowk),Apple,Other,Medium,2015-07-03 00:00:00,1000.0,13000.0,1200.0,17
Gujarat,Ahmedabad,Ahmedabad(Manekchowk),Apple,Other,Medium,2015-07-04 00:00:00,1000.0,13000.0,1200.0,17
Gujarat,Ahmedabad,Ahmedabad(Manekchowk),Apple,Other,Medium,2015-07-09 00:00:00,900.0,12000.0,1100.0,17
Gujarat,Ahmedabad,Ahmedabad(Manekchowk),Apple,Other,Medium,2015-07-15 00:00:00,800.0,13000.0,1100.0,17
Gujarat,Ahmedabad,Ahmedabad(Manekchowk),Apple,Other,Medium,2015-07-27 00:00:00,7000.0,13000.0,10000.0,17
Gujarat,Ahmedabad,Ahmedabad(Manekchowk),Apple,Other,Medium,2015-08-03 00:00:00,6000.0,13000.0,10000.0,17
Gujarat,Ahmedabad,Ahmedabad(Manekchowk),Apple,Other,Medium,2015-08-05 00:00:00,6000.0,13000.0,10000.0,17
Gujarat,Ahmedabad,"Ahmedabad(Fruit Market, Naroda)",Apple,Other,Small,2015-01-12 00:00:00,7000.0,10000.0,9000.0,17
Gujarat,Ahmedabad,"Ahmedabad(Fruit Market, Naroda)",Apple,Other,Small,2015-01-23 00:00:00,10000.0,12000.0,12000.0,17
Gujarat,Ahmedabad,"Ahmedabad(Fruit Market, Naroda)",Apple,Other,Small,2015-01-29 00:00:00,7000.0,12000.0,10000.0,17
Gujarat,Ahmedabad,"Ahmedabad(Fruit Market, Naroda)",Apple,Other,Small,2015-01-30 00:00:00,7000.0,12000.0,10000.0,17
Gujarat,Ahmedabad,"Ahmedabad(Fruit Market, Naroda)",Apple,Other,Small,2015-02-05 00:00:00,7000.0,10000.0,9000.0,17
Gujarat,Ahmedabad,"Ahmedabad(Fruit Market, Naroda)",Apple,Other,Small,2015-02-07 00:00:00,7000.0,10000.0,9000.0,17
Gujarat,Ahmedabad,"Ahmedabad(Fruit Market, Naroda)",Apple,Other,Medium,2015-02-10 00:00:00,7000.0,10000.0,9000.0,17
Gujarat,Ahmedabad,"Ahmedabad(Fruit Market, Naroda)",Apple,Other,Medium,2015-02-11 00:00:00,7000.0,10000.0,9000.0,17
Gujarat,Ahmedabad,"Ahmedabad(Fruit Market, Naroda)",Apple,Other,Medium,2015-02-16 00:00:00,7000.0,12000.0,10000.0,17
Gujarat,Ahmedabad,"Ahmedabad(Fruit Market, Naroda)",Apple,Other,Small,2015-02-24 00:00:00,8000.0,10000.0,9500.0,17
Gujarat,Ahmedabad,"Ahmedabad(Fruit Market, Naroda)",Apple,Other,Medium,2015-02-25 00:00:00,8000.0,10000.0,9500.0,17
Gujarat,Ahmedabad,"Ahmedabad(Fruit Market, Naroda)",Apple,Other,Medium,2015-02-28 00:00:00,8000.0,10000.0,9000.0,17
Gujarat,Ahmedabad,"Ahmedabad(Fruit Market, Naroda)",Apple,Other,Medium,2015-03-12 00:00:00,7000.0,10000.0,9000.0,17
Gujarat,Ahmedabad,"Ahmedabad(Fruit Market, Naroda)",Apple,Other,Medium,2015-03-13 00:00:00,10000.0,12000.0,12000.0,17
Gujarat,Ahmedabad,"Ahmedabad(Fruit Market, Naroda)",Apple,Other,Medium,2015-03-24 00:00:00,8000.0,12000.0,11000.0,17
Gujarat,Ahmedabad,"Ahmedabad(Fruit Market, Naroda)",Apple,Other,Medium,2015-03-28 00:00:00,9000.0,12000.0,11000.0,17
Gujarat,Ahmedabad,"Ahmedabad(Fruit Market, Naroda)",Apple,Other,Medium,2015-04-06 00:00:00,8000.0,12000.0,11000.0,17
Gujarat,Ahmedabad,"Ahmedabad(Fruit Market, Naroda)",Apple,Other,Medium,2015-04-08 00:00:00,8000.0,12000.0,11000.0,17
Gujarat,Ahmedabad,"Ahmedabad(Fruit Market, Naroda)",Apple,Other,Medium,2015-04-21 00:00:00,800.0,12000.0,11000.0,17
Gujarat,Ahmedabad,"Ahmedabad(Fruit Market, Naroda)",Apple,Other,Medium,2015-04-27 00:00:00,12000.0,14000.0,13500.0,17
Gujarat,Ahmedabad,"Ahmedabad(Fruit Market, Naroda)",Apple,Other,Medium,2015-04-29 00:00:00,1200.0,15000.0,14000.0,17
Gujarat,Ahmedabad,"Ahmedabad(Fruit Market, Naroda)",Apple,Other,Medium,2015-05-01 00:00:00,12000.0,15000.0,14000.0,17
Gujarat,Ahmedabad,"Ahmedabad(Fruit Market, Naroda)",Apple,Other,Medium,2015-05-06 00:00:00,10000.0,14000.0,13000.0,17
Gujarat,Ahmedabad,"Ahmedabad(Fruit Market, Naroda)",Apple,Other,Medium,2015-05-15 00:00:00,9000.0,13000.0,12000.0,17
Gujarat,Ahmedabad,"Ahmedabad(Fruit Market, Naroda)",Apple,Other,Medium,2015-05-20 00:00:00,800.0,12000.0,11000.0,17
Gujarat,Ahmedabad,"Ahmedabad(Fruit Market, Naroda)",Apple,Other,Medium,2015-05-25 00:00:00,7000.0,12000.0,10000.0,17
Gujarat,Ahmedabad,"Ahmedabad(Fruit Market, Naroda)",Apple,Other,Medium,2015-05-30 00:00:00,10000.0,13000.0,12000.0,17
Gujarat,Ahmedabad,"Ahmedabad(Fruit Market, Naroda)",Apple,Other,Medium,2015-06-06 00:00:00,12000.0,16000.0,15000.0,17
Gujarat,Ahmedabad,"Ahmedabad(Fruit Market, Naroda)",Apple,Other,Medium,2015-06-09 00:00:00,10000.0,14000.0,13000.0,17
Gujarat,Ahmedabad,"Ahmedabad(Fruit Market, Naroda)",Apple,Other,Medium,2015-06-27 00:00:00,10000.0,13000.0,12000.0,17
Gujarat,Ahmedabad,"Ahmedabad(Fruit Market, Naroda)",Apple,Other,Medium,2015-07-03 00:00:00,10000.0,13000.0,12000.0,17
Gujarat,Ahmedabad,"Ahmedabad(Fruit Market, Naroda)",Apple,Other,Medium,2015-07-10 00:00:00,900.0,13000.0,1200.0,17
Gujarat,Ahmedabad,"Ahmedabad(Fruit Market, Naroda)",Apple,Other,Medium,2015-07-14 00:00:00,10000.0,13000.0,12000.0,17
Gujarat,Ahmedabad,"Ahmedabad(Fruit Market, Naroda)",Apple,Other,Medium,2015-07-15 00:00:00,8000.0,13000.0,11000.0,17
Gujarat,Ahmedabad,"Ahmedabad(Fruit Market, Naroda)",Apple,Other,Medium,2015-07-20 00:00:00,900.0,13000.0,11000.0,17
Gujarat,Ahmedabad,"Ahmedabad(Fruit Market, Naroda)",Apple,Other,Medium,2015-08-01 00:00:00,6000.0,13000.0,10000.0,17
Gujarat,Ahmedabad,"Ahmedabad(Fruit Market, Naroda)",Apple,Other,Medium,2015-08-07 00:00:00,6000.0,8000.0,7000.0,17
Gujarat,Ahmedabad,"Ahmedabad(Fruit Market, Naroda)",Apple,Other,Medium,2015-08-12 00:00:00,6000.0,9000.0,8000.0,17
Gujarat,Ahmedabad,"Ahmedabad(Fruit Market, Naroda)",Apple,Other,Medium,2015-08-18 00:00:00,5000.0,8000.0,7000.0,17
Gujarat,Ahmedabad,"Ahmedabad(Fruit Market, Naroda)",Apple,Other,Medium,2015-08-20 00:00:00,4000.0,9000.0,7000.0,17
Gujarat,Ahmedabad,"Ahmedabad(Fruit Market, Naroda)",Apple,Other,Medium,2015-08-27 00:00:00,5000.0,8000.0,7000.0,17
Gujarat,Ahmedabad,"Ahmedabad(Fruit Market, Naroda)",Apple,Other,Medium,2015-09-01 00:00:00,4000.0,7000.0,6000.0,17
Gujarat,Ahmedabad,"Ahmedabad(Fruit Market, Naroda)",Apple,Other,Medium,2015-09-09 00:00:00,5000.0,7000.0,6000.0,17
Gujarat,Ahmedabad,"Ahmedabad(Fruit Market, Naroda)",Apple,Other,Medium,2015-09-11 00:00:00,5000.0,7000.0,6000.0,17
Gujarat,Ahmedabad,"Ahmedabad(Fruit Market, Naroda)",Apple,Other,Medium,2015-09-22 00:00:00,5000.0,7000.0,6200.0,17
Gujarat,Ahmedabad,"Ahmedabad(Fruit Market, Naroda)",Apple,Other,Medium,2015-10-06 00:00:00,6000.0,7000.0,6500.0,17
Gujarat,Ahmedabad,"Ahmedabad(Fruit Market, Naroda)",Apple,Other,Medium,2015-10-09 00:00:00,5000.0,7000.0,6500.0,17
Gujarat,Ahmedabad,"Ahmedabad(Fruit Market, Naroda)",Apple,Other,Medium,2015-10-29 00:00:00,4500.0,6500.0,5500.0,17
Gujarat,Ahmedabad,"Ahmedabad(Fruit Market, Naroda)",Apple,Other,Medium,2015-11-03 00:00:00,4500.0,6500.0,5500.0,17
Gujarat,Ahmedabad,"Ahmedabad(Fruit Market, Naroda)",Apple,Other,Medium,2015-11-04 00:00:00,4000.0,6500.0,5500.0,17
Gujarat,Ahmedabad,"Ahmedabad(Fruit Market, Naroda)",Apple,Other,Medium,2015-11-07 00:00:00,4000.0,6500.0,5500.0,17
Gujarat,Ahmedabad,"Ahmedabad(Fruit Market, Naroda)",Apple,Other,Medium,2015-11-09 00:00:00,4000.0,6500.0,5500.0,17
Gujarat,Ahmedabad,"Ahmedabad(Fruit Market, Naroda)",Apple,Other,Medium,2015-11-21 00:00:00,4000.0,6500.0,5500.0,17
Gujarat,Ahmedabad,"Ahmedabad(Fruit Market, Naroda)",Apple,Other,Medium,2015-12-10 00:00:00,4000.0,6000.0,5000.0,17
Gujarat,Ahmedabad,"Ahmedabad(Fruit Market, Naroda)",Apple,Other,Medium,2015-12-15 00:00:00,4000.0,6000.0,5500.0,17
Gujarat,Ahmedabad,"Ahmedabad(Fruit Market, Naroda)",Apple,Other,Medium,2015-12-24 00:00:00,4000.0,6000.0,5500.0,17
Gujarat,Ahmedabad,Ahmedabad(Manekchowk),Apple,Other,Small,2015-01-01 00:00:00,8000.0,12000.0,11000.0,17
Gujarat,Ahmedabad,Ahmedabad(Manekchowk),Apple,Other,Small,2015-01-05 00:00:00,7000.0,12000.0,10000.0,17
Gujarat,Ahmedabad,Ahmedabad(Manekchowk),Apple,Other,Small,2015-01-12 00:00:00,7000.0,10000.0,9000.0,17
Gujarat,Ahmedabad,Ahmedabad(Manekchowk),Apple,Other,Small,2015-01-23 00:00:00,10000.0,12000.0,12000.0,17
Gujarat,Ahmedabad,Ahmedabad(Manekchowk),Apple,Other,Small,2015-01-24 00:00:00,7000.0,12000.0,10000.0,17
Gujarat,Ahmedabad,Ahmedabad(Manekchowk),Apple,Other,Small,2015-01-28 00:00:00,8000.0,12000.0,11000.0,17
Gujarat,Ahmedabad,Ahmedabad(Manekchowk),Apple,Other,Small,2015-01-30 00:00:00,7000.0,12000.0,10000.0,17
Gujarat,Ahmedabad,Ahmedabad(Manekchowk),Apple,Other,Small,2015-01-31 00:00:00,10000.0,12000.0,12000.0,17
Gujarat,Ahmedabad,Ahmedabad(Manekchowk),Apple,Other,Small,2015-02-07 00:00:00,7000.0,10000.0,9000.0,17
Gujarat,Ahmedabad,Ahmedabad(Manekchowk),Apple,Other,Small,2015-02-09 00:00:00,7000.0,10000.0,9000.0,17
Gujarat,Ahmedabad,Ahmedabad(Manekchowk),Apple,Other,Small,2015-02-11 00:00:00,7000.0,10000.0,9000.0,17
Gujarat,Ahmedabad,Ahmedabad(Manekchowk),Apple,Other,Medium,2015-02-18 00:00:00,8000.0,12000.0,11000.0,17
Gujarat,Ahmedabad,Ahmedabad(Manekchowk),Apple,Other,Medium,2015-02-23 00:00:00,7000.0,10000.0,9000.0,17
Gujarat,Ahmedabad,Ahmedabad(Manekchowk),Apple,Other,Medium,2015-04-01 00:00:00,800.0,12000.0,11000.0,17
Gujarat,Ahmedabad,Ahmedabad(Manekchowk),Apple,Other,Medium,2015-04-05 00:00:00,8000.0,12000.0,11000.0,17
Gujarat,Ahmedabad,Ahmedabad(Manekchowk),Apple,Other,Medium,2015-04-10 00:00:00,800.0,13000.0,11000.0,17
Gujarat,Ahmedabad,Ahmedabad(Manekchowk),Apple,Other,Medium,2015-04-17 00:00:00,10000.0,14000.0,13000.0,17
Gujarat,Ahmedabad,Ahmedabad(Manekchowk),Apple,Other,Medium,2015-05-28 00:00:00,10000.0,13000.0,12000.0,17
Gujarat,Ahmedabad,Ahmedabad(Manekchowk),Apple,Other,Medium,2015-06-05 00:00:00,12000.0,15000.0,14000.0,17
Gujarat,Bharuch,Bharuch,Apple,Other,Medium,2004-04-07 00:00:00,1000.0,2500.0,1750.0,17
Gujarat,Bharuch,Bharuch,Apple,Other,Medium,2004-07-29 00:00:00,2000.0,3000.0,2500.0,17
Gujarat,Bharuch,Bharuch,Apple,Other,Medium,2004-08-12 00:00:00,2000.0,2500.0,2250.0,17
Gujarat,Bharuch,Bharuch,Apple,Other,Medium,2004-08-21 00:00:00,2000.0,2500.0,2250.0,17
Gujarat,Bharuch,Bharuch,Apple,Other,Medium,2004-08-22 00:00:00,2000.0,2500.0,2250.0,17
Gujarat,Bharuch,Bharuch,Apple,Other,Medium,2004-09-12 00:00:00,2000.0,2500.0,2250.0,17
Gujarat,Bharuch,Bharuch,Apple,Other,Medium,2004-09-15 00:00:00,1500.0,2000.0,1750.0,17
Gujarat,Bharuch,Bharuch,Apple,Other,Medium,2004-09-24 00:00:00,1500.0,2000.0,1750.0,17
Gujarat,Bharuch,Bharuch,Apple,Other,Medium,2004-10-27 00:00:00,2000.0,2500.0,2250.0,17
Gujarat,Bharuch,Bharuch,Apple,Other,Medium,2004-11-11 00:00:00,2000.0,3000.0,2500.0,17
Gujarat,Bharuch,Bharuch,Apple,Other,Medium,2004-11-12 00:00:00,2000.0,3000.0,2500.0,17
Gujarat,Bharuch,Bharuch,Apple,Other,Medium,2004-11-23 00:00:00,2000.0,3000.0,2500.0,17
Gujarat,Bharuch,Bharuch,Apple,Other,Medium,2004-11-25 00:00:00,2000.0,3000.0,2500.0,17
Gujarat,Bharuch,Bharuch,Apple,Other,Medium,2004-12-02 00:00:00,2000.0,3000.0,2500.0,17
Gujarat,Bharuch,Bharuch,Apple,Other,Medium,2004-12-04 00:00:00,2000.0,3000.0,2500.0,17
Gujarat,Bharuch,Bharuch,Apple,Other,Medium,2004-12-13 00:00:00,2000.0,3000.0,2500.0,17
Gujarat,Bharuch,Bharuch,Apple,Other,Medium,2004-12-24 00:00:00,2000.0,3000.0,2500.0,17
Gujarat,Bharuch,Bharuch,Apple,Other,Medium,2004-12-25 00:00:00,2000.0,3000.0,2500.0,17
Gujarat,Bharuch,Bharuch,Apple,Other,Medium,2004-12-29 00:00:00,2000.0,3000.0,2520.0,17
Gujarat,Ahmedabad,Ahmedabad,Apple,Other,Medium,2001-12-03 00:00:00,3000.0,3500.0,3400.0,17
Gujarat,Ahmedabad,Ahmedabad,Apple,Other,Medium,2001-12-04 00:00:00,2500.0,3000.0,2750.0,17
Gujarat,Rajkot,Gondal,Apple,Simla,Medium,2001-12-11 00:00:00,1500.0,2500.0,2000.0,17
Gujarat,Rajkot,Gondal,Apple,Simla,Medium,2001-12-22 00:00:00,1000.0,2000.0,1800.0,17
Gujarat,Rajkot,Gondal,Apple,Simla,Medium,2001-12-29 00:00:00,1250.0,2500.0,2000.0,17
Gujarat,Banaskanth,Deesa(Deesa Veg Yard),Apple,Other,Medium,2012-11-01 00:00:00,4000.0,6000.0,5000.0,17
Gujarat,Banaskanth,Deesa(Deesa Veg Yard),Apple,Other,Medium,2012-11-03 00:00:00,4000.0,6000.0,5000.0,17
Gujarat,Vadodara(Baroda),Vadodara(Navapura),Apple,Other,Medium,2012-01-05 00:00:00,3000.0,7000.0,6000.0,17
Gujarat,Vadodara(Baroda),Vadodara(Navapura),Apple,Other,Medium,2012-01-12 00:00:00,3000.0,7000.0,6500.0,17
Gujarat,Vadodara(Baroda),Vadodara(Navapura),Apple,Other,Medium,2012-01-25 00:00:00,3000.0,7000.0,6500.0,17
Gujarat,Vadodara(Baroda),Vadodara(Navapura),Apple,Other,Medium,2012-01-27 00:00:00,3000.0,7000.0,6500.0,17
Gujarat,Vadodara(Baroda),Vadodara(Navapura),Apple,Other,Medium,2012-02-10 00:00:00,300.0,7000.0,6500.0,17
Gujarat,Vadodara(Baroda),Vadodara(Navapura),Apple,Other,Medium,2012-02-14 00:00:00,3000.0,7000.0,6500.0,17
Gujarat,Vadodara(Baroda),Vadodara(Navapura),Apple,Other,Medium,2012-02-16 00:00:00,3000.0,7000.0,6500.0,17
Gujarat,Vadodara(Baroda),Vadodara(Navapura),Apple,Other,Medium,2012-02-21 00:00:00,3000.0,7000.0,6500.0,17
Gujarat,Vadodara(Baroda),Vadodara(Navapura),Apple,Other,Medium,2012-02-22 00:00:00,3000.0,7000.0,6500.0,17
Gujarat,Vadodara(Baroda),Vadodara(Navapura),Apple,Other,Medium,2012-02-29 00:00:00,3000.0,7000.0,6500.0,17
Gujarat,Vadodara(Baroda),Vadodara(Navapura),Apple,Other,Medium,2012-03-05 00:00:00,3000.0,7000.0,6000.0,17
Gujarat,Vadodara(Baroda),Vadodara(Navapura),Apple,Other,Medium,2012-03-15 00:00:00,3000.0,7000.0,6500.0,17
Gujarat,Vadodara(Baroda),Vadodara(Navapura),Apple,Other,Medium,2012-03-18 00:00:00,3000.0,7000.0,6500.0,17
Gujarat,Vadodara(Baroda),Vadodara(Navapura),Apple,Other,Medium,2012-04-02 00:00:00,3000.0,7000.0,6500.0,17
Gujarat,Vadodara(Baroda),Vadodara(Navapura),Apple,Other,Medium,2012-04-10 00:00:00,3000.0,7000.0,6500.0,17
Gujarat,Vadodara(Baroda),Vadodara(Navapura),Apple,Other,Medium,2012-04-18 00:00:00,3000.0,7000.0,6500.0,17
Gujarat,Vadodara(Baroda),Vadodara(Navapura),Apple,Other,Medium,2012-04-28 00:00:00,3000.0,7000.0,6500.0,17
Gujarat,Vadodara(Baroda),Vadodara(Navapura),Apple,Other,Medium,2012-05-02 00:00:00,3000.0,7000.0,6500.0,17
Gujarat,Vadodara(Baroda),Vadodara(Navapura),Apple,Other,Medium,2012-05-11 00:00:00,3000.0,7000.0,6500.0,17
Gujarat,Vadodara(Baroda),Vadodara(Navapura),Apple,Other,Medium,2012-05-15 00:00:00,3000.0,7000.0,6500.0,17
Gujarat,Vadodara(Baroda),Vadodara(Navapura),Apple,Other,Medium,2012-05-16 00:00:00,3000.0,7000.0,6500.0,17
Gujarat,Vadodara(Baroda),Vadodara(Navapura),Apple,Other,Medium,2012-05-18 00:00:00,3000.0,7000.0,6500.0,17
Gujarat,Vadodara(Baroda),Vadodara(Navapura),Apple,Other,Medium,2012-05-20 00:00:00,3000.0,7000.0,6500.0,17
Gujarat,Vadodara(Baroda),Vadodara(Navapura),Apple,Other,Medium,2012-05-30 00:00:00,3000.0,7000.0,6500.0,17
Gujarat,Vadodara(Baroda),Vadodara(Navapura),Apple,Other,Medium,2012-06-01 00:00:00,3000.0,7000.0,6000.0,17
Gujarat,Vadodara(Baroda),Vadodara(Navapura),Apple,Other,Medium,2012-06-13 00:00:00,3000.0,6000.0,5000.0,17
Gujarat,Vadodara(Baroda),Vadodara(Navapura),Apple,Other,Medium,2012-06-16 00:00:00,3000.0,6000.0,5000.0,17
Gujarat,Vadodara(Baroda),Vadodara(Navapura),Apple,Other,Medium,2012-06-24 00:00:00,3000.0,6000.0,5000.0,17
Gujarat,Vadodara(Baroda),Vadodara(Navapura),Apple,Other,Medium,2012-06-26 00:00:00,3000.0,6000.0,5500.0,17
Gujarat,Vadodara(Baroda),Vadodara(Navapura),Apple,Other,Medium,2012-06-30 00:00:00,3000.0,6000.0,5500.0,17
Gujarat,Vadodara(Baroda),Vadodara(Navapura),Apple,Other,Medium,2012-07-01 00:00:00,3000.0,6000.0,5500.0,17
Gujarat,Vadodara(Baroda),Vadodara(Navapura),Apple,Other,Medium,2012-07-03 00:00:00,3000.0,6000.0,5500.0,17
Gujarat,Vadodara(Baroda),Vadodara(Navapura),Apple,Other,Medium,2012-07-10 00:00:00,3000.0,6000.0,5400.0,17
Gujarat,Vadodara(Baroda),Vadodara(Navapura),Apple,Other,Medium,2012-07-12 00:00:00,3000.0,6000.0,5400.0,17
Gujarat,Vadodara(Baroda),Vadodara(Navapura),Apple,Other,Medium,2012-07-13 00:00:00,3000.0,6000.0,5400.0,17
Gujarat,Vadodara(Baroda),Vadodara(Navapura),Apple,Other,Medium,2012-07-25 00:00:00,3000.0,6000.0,5500.0,17
Gujarat,Vadodara(Baroda),Vadodara(Navapura),Apple,Other,Medium,2012-07-26 00:00:00,3000.0,6000.0,6000.0,17
Gujarat,Vadodara(Baroda),Vadodara(Navapura),Apple,Other,Medium,2012-07-29 00:00:00,3000.0,6000.0,5500.0,17
Gujarat,Vadodara(Baroda),Vadodara(Navapura),Apple,Other,Medium,2012-07-30 00:00:00,3000.0,6000.0,5500.0,17
Gujarat,Vadodara(Baroda),Vadodara(Navapura),Apple,Other,Medium,2012-08-01 00:00:00,3000.0,6000.0,5500.0,17
Gujarat,Vadodara(Baroda),Vadodara(Navapura),Apple,Other,Medium,2012-08-03 00:00:00,3000.0,6000.0,5500.0,17
Gujarat,Vadodara(Baroda),Vadodara(Navapura),Apple,Other,Medium,2012-08-11 00:00:00,3000.0,6000.0,5500.0,17
Gujarat,Vadodara(Baroda),Vadodara(Navapura),Apple,Other,Medium,2012-08-25 00:00:00,7000.0,9000.0,8000.0,17
Gujarat,Vadodara(Baroda),Vadodara(Navapura),Apple,Other,Medium,2012-09-02 00:00:00,7000.0,9000.0,8000.0,17
Gujarat,Vadodara(Baroda),Vadodara(Navapura),Apple,Other,Medium,2012-09-11 00:00:00,7000.0,9000.0,8000.0,17
Gujarat,Vadodara(Baroda),Vadodara(Navapura),Apple,Other,Medium,2012-09-12 00:00:00,7000.0,9000.0,8000.0,17
Gujarat,Vadodara(Baroda),Vadodara(Navapura),Apple,Other,Medium,2012-09-23 00:00:00,7000.0,9000.0,8000.0,17
Gujarat,Vadodara(Baroda),Vadodara(Navapura),Apple,Other,Medium,2012-10-01 00:00:00,7000.0,9000.0,8000.0,17
Gujarat,Vadodara(Baroda),Vadodara(Navapura),Apple,Other,Medium,2012-10-05 00:00:00,7000.0,9000.0,8000.0,17
Gujarat,Vadodara(Baroda),Vadodara(Navapura),Apple,Other,Medium,2012-10-12 00:00:00,7000.0,9000.0,8000.0,17
Gujarat,Vadodara(Baroda),Vadodara(Navapura),Apple,Other,Medium,2012-10-13 00:00:00,7000.0,9000.0,8000.0,17
Gujarat,Vadodara(Baroda),Vadodara(Navapura),Apple,Other,Medium,2012-10-20 00:00:00,7000.0,9000.0,8000.0,17
Gujarat,Vadodara(Baroda),Vadodara(Navapura),Apple,Other,Medium,2012-11-04 00:00:00,7000.0,9000.0,8000.0,17
Gujarat,Vadodara(Baroda),Vadodara(Navapura),Apple,Other,Medium,2012-11-22 00:00:00,7000.0,9000.0,8000.0,17
Gujarat,Vadodara(Baroda),Vadodara(Navapura),Apple,Other,Medium,2012-11-26 00:00:00,7000.0,9000.0,8000.0,17
Gujarat,Vadodara(Baroda),Vadodara(Navapura),Apple,Other,Medium,2012-12-04 00:00:00,7000.0,9000.0,8000.0,17
Gujarat,Vadodara(Baroda),Vadodara(Navapura),Apple,Other,Medium,2012-12-07 00:00:00,7000.0,9000.0,8000.0,17
Gujarat,Vadodara(Baroda),Vadodara(Navapura),Apple,Other,Medium,2012-12-16 00:00:00,7000.0,9000.0,8000.0,17
Gujarat,Vadodara(Baroda),Vadodara(Navapura),Apple,Other,Medium,2012-12-17 00:00:00,7000.0,9000.0,8000.0,17
Gujarat,Vadodara(Baroda),Vadodara(Navapura),Apple,Other,Medium,2012-12-19 00:00:00,7000.0,9000.0,8000.0,17
Gujarat,Vadodara(Baroda),Vadodara(Navapura),Apple,Other,Medium,2012-12-24 00:00:00,7000.0,9000.0,8000.0,17
Gujarat,Vadodara(Baroda),Vadodara(Navapura),Apple,Other,Medium,2012-12-25 00:00:00,7000.0,9000.0,8000.0,17
Gujarat,Vadodara(Baroda),Vadodara(Navapura),Apple,Other,Medium,2012-12-26 00:00:00,7000.0,9000.0,8000.0,17
Gujarat,Vadodara(Baroda),Vadodara(Navapura),Apple,Other,Medium,2012-12-27 00:00:00,7000.0,9000.0,8000.0,17
Gujarat,Vadodara(Baroda),Vadodara(Navapura),Apple,Other,Medium,2012-12-30 00:00:00,7000.0,9000.0,8000.0,17
Gujarat,Ahmedabad,"Ahmedabad(Fruit Market, Naroda)",Apple,Other,Small,2012-01-04 00:00:00,6000.0,8000.0,7500.0,17
Gujarat,Ahmedabad,"Ahmedabad(Fruit Market, Naroda)",Apple,Other,Small,2012-01-05 00:00:00,6000.0,8000.0,7200.0,17
Gujarat,Ahmedabad,"Ahmedabad(Fruit Market, Naroda)",Apple,Other,Small,2012-01-06 00:00:00,6000.0,8000.0,7500.0,17
Gujarat,Ahmedabad,"Ahmedabad(Fruit Market, Naroda)",Apple,Other,Small,2012-01-12 00:00:00,6000.0,8000.0,7200.0,17
Gujarat,Ahmedabad,"Ahmedabad(Fruit Market, Naroda)",Apple,Other,Small,2012-01-13 00:00:00,6000.0,8000.0,7500.0,17
Gujarat,Ahmedabad,"Ahmedabad(Fruit Market, Naroda)",Apple,Other,Small,2012-01-17 00:00:00,6000.0,8000.0,7200.0,17
Gujarat,Ahmedabad,"Ahmedabad(Fruit Market, Naroda)",Apple,Other,Small,2012-01-21 00:00:00,6000.0,8000.0,7200.0,17
Gujarat,Ahmedabad,"Ahmedabad(Fruit Market, Naroda)",Apple,Other,Small,2012-02-03 00:00:00,6000.0,8000.0,7500.0,17
Gujarat,Ahmedabad,"Ahmedabad(Fruit Market, Naroda)",Apple,Other,Small,2012-02-08 00:00:00,6000.0,8000.0,7200.0,17
Gujarat,Ahmedabad,"Ahmedabad(Fruit Market, Naroda)",Apple,Other,Small,2012-02-09 00:00:00,6000.0,8000.0,7500.0,17
Gujarat,Ahmedabad,"Ahmedabad(Fruit Market, Naroda)",Apple,Other,Small,2012-02-16 00:00:00,6000.0,8000.0,7500.0,17
Gujarat,Ahmedabad,"Ahmedabad(Fruit Market, Naroda)",Apple,Other,Small,2012-02-23 00:00:00,6000.0,8000.0,7500.0,17
Gujarat,Ahmedabad,"Ahmedabad(Fruit Market, Naroda)",Apple,Other,Small,2012-02-24 00:00:00,6000.0,8000.0,7200.0,17
Gujarat,Ahmedabad,"Ahmedabad(Fruit Market, Naroda)",Apple,Other,Small,2012-03-01 00:00:00,8000.0,10000.0,9500.0,17
Gujarat,Ahmedabad,"Ahmedabad(Fruit Market, Naroda)",Apple,Other,Small,2012-03-10 00:00:00,8000.0,10000.0,9200.0,17
Gujarat,Ahmedabad,"Ahmedabad(Fruit Market, Naroda)",Apple,Other,Small,2012-03-19 00:00:00,8000.0,12000.0,11000.0,17
Gujarat,Ahmedabad,"Ahmedabad(Fruit Market, Naroda)",Apple,Other,Small,2012-03-20 00:00:00,8000.0,12000.0,11000.0,17
Gujarat,Ahmedabad,"Ahmedabad(Fruit Market, Naroda)",Apple,Other,Small,2012-03-28 00:00:00,8000.0,10000.0,9500.0,17
Gujarat,Ahmedabad,"Ahmedabad(Fruit Market, Naroda)",Apple,Other,Small,2012-04-03 00:00:00,8000.0,12000.0,10500.0,17
Gujarat,Ahmedabad,"Ahmedabad(Fruit Market, Naroda)",Apple,Other,Small,2012-04-18 00:00:00,8000.0,12000.0,10000.0,17
Gujarat,Ahmedabad,"Ahmedabad(Fruit Market, Naroda)",Apple,Other,Medium,2012-04-30 00:00:00,10000.0,14000.0,13000.0,17
Gujarat,Ahmedabad,"Ahmedabad(Fruit Market, Naroda)",Apple,Other,Medium,2012-05-03 00:00:00,10000.0,14000.0,12000.0,17
Gujarat,Ahmedabad,"Ahmedabad(Fruit Market, Naroda)",Apple,Other,Medium,2012-05-08 00:00:00,10000.0,12000.0,11000.0,17
Gujarat,Ahmedabad,"Ahmedabad(Fruit Market, Naroda)",Apple,Other,Medium,2012-05-09 00:00:00,10000.0,12000.0,11000.0,17
Gujarat,Ahmedabad,"Ahmedabad(Fruit Market, Naroda)",Apple,Other,Medium,2012-05-15 00:00:00,8000.0,14000.0,12000.0,17
Gujarat,Ahmedabad,"Ahmedabad(Fruit Market, Naroda)",Apple,Other,Small,2012-05-19 00:00:00,8000.0,14000.0,11500.0,17
Gujarat,Ahmedabad,"Ahmedabad(Fruit Market, Naroda)",Apple,Other,Medium,2012-05-23 00:00:00,10000.0,14000.0,12000.0,17
Gujarat,Ahmedabad,"Ahmedabad(Fruit Market, Naroda)",Apple,Other,Medium,2012-05-26 00:00:00,10000.0,15000.0,13000.0,17
Gujarat,Ahmedabad,"Ahmedabad(Fruit Market, Naroda)",Apple,Other,Medium,2012-05-30 00:00:00,8000.0,14000.0,12000.0,17
Gujarat,Ahmedabad,"Ahmedabad(Fruit Market, Naroda)",Apple,Other,Small,2012-06-02 00:00:00,8000.0,14000.0,12000.0,17
Gujarat,Ahmedabad,"Ahmedabad(Fruit Market, Naroda)",Apple,Other,Small,2012-06-04 00:00:00,8000.0,14000.0,11500.0,17
Gujarat,Ahmedabad,"Ahmedabad(Fruit Market, Naroda)",Apple,Other,Medium,2012-06-05 00:00:00,8000.0,14000.0,12000.0,17
Gujarat,Ahmedabad,"Ahmedabad(Fruit Market, Naroda)",Apple,Other,Small,2012-06-06 00:00:00,8000.0,14000.0,11500.0,17
Gujarat,Ahmedabad,"Ahmedabad(Fruit Market, Naroda)",Apple,Other,Small,2012-06-15 00:00:00,12000.0,14000.0,13500.0,17
Gujarat,Ahmedabad,"Ahmedabad(Fruit Market, Naroda)",Apple,Other,Medium,2012-06-19 00:00:00,2000.0,4000.0,3500.0,17
Gujarat,Ahmedabad,"Ahmedabad(Fruit Market, Naroda)",Apple,Other,Medium,2012-06-20 00:00:00,10000.0,14000.0,13000.0,17
Gujarat,Ahmedabad,"Ahmedabad(Fruit Market, Naroda)",Apple,Other,Small,2012-06-23 00:00:00,10000.0,14000.0,12500.0,17
Gujarat,Ahmedabad,"Ahmedabad(Fruit Market, Naroda)",Apple,Other,Medium,2012-06-27 00:00:00,10000.0,14000.0,13000.0,17
Gujarat,Ahmedabad,"Ahmedabad(Fruit Market, Naroda)",Apple,Other,Small,2012-07-06 00:00:00,10000.0,15000.0,13500.0,17
Gujarat,Ahmedabad,"Ahmedabad(Fruit Market, Naroda)",Apple,Other,Small,2012-07-09 00:00:00,10000.0,15000.0,13000.0,17
Gujarat,Ahmedabad,"Ahmedabad(Fruit Market, Naroda)",Apple,Other,Small,2012-07-14 00:00:00,10000.0,15000.0,13500.0,17
Gujarat,Ahmedabad,"Ahmedabad(Fruit Market, Naroda)",Apple,Other,Small,2012-07-18 00:00:00,10000.0,15000.0,13500.0,17
Gujarat,Ahmedabad,"Ahmedabad(Fruit Market, Naroda)",Apple,Other,Small,2012-07-26 00:00:00,12000.0,18000.0,16000.0,17
Gujarat,Ahmedabad,"Ahmedabad(Fruit Market, Naroda)",Apple,Other,Small,2012-07-27 00:00:00,12000.0,16000.0,15000.0,17
Gujarat,Ahmedabad,"Ahmedabad(Fruit Market, Naroda)",Apple,Other,Small,2012-07-30 00:00:00,10000.0,16000.0,14000.0,17
Gujarat,Ahmedabad,"Ahmedabad(Fruit Market, Naroda)",Apple,Other,Small,2012-08-03 00:00:00,6000.0,8000.0,7500.0,17
Gujarat,Ahmedabad,"Ahmedabad(Fruit Market, Naroda)",Apple,Other,Small,2012-08-06 00:00:00,10000.0,16000.0,14000.0,17
Gujarat,Ahmedabad,"Ahmedabad(Fruit Market, Naroda)",Apple,Other,Small,2012-08-14 00:00:00,10000.0,16000.0,13500.0,17
Gujarat,Ahmedabad,"Ahmedabad(Fruit Market, Naroda)",Apple,Other,Small,2012-08-21 00:00:00,4000.0,8000.0,7000.0,17
Gujarat,Ahmedabad,"Ahmedabad(Fruit Market, Naroda)",Apple,Other,Small,2012-08-25 00:00:00,6000.0,9000.0,8200.0,17
Gujarat,Ahmedabad,"Ahmedabad(Fruit Market, Naroda)",Apple,Other,Small,2012-08-27 00:00:00,6000.0,10000.0,9000.0,17
Gujarat,Ahmedabad,"Ahmedabad(Fruit Market, Naroda)",Apple,Other,Small,2012-08-28 00:00:00,6000.0,10000.0,8500.0,17
Gujarat,Ahmedabad,"Ahmedabad(Fruit Market, Naroda)",Apple,Other,Small,2012-08-30 00:00:00,4000.0,8000.0,7000.0,17
Gujarat,Ahmedabad,"Ahmedabad(Fruit Market, Naroda)",Apple,Other,Small,2012-09-17 00:00:00,5000.0,8000.0,7000.0,17
Gujarat,Ahmedabad,"Ahmedabad(Fruit Market, Naroda)",Apple,Other,Small,2012-09-18 00:00:00,5000.0,8000.0,7000.0,17
Gujarat,Ahmedabad,"Ahmedabad(Fruit Market, Naroda)",Apple,Other,Small,2012-09-26 00:00:00,5000.0,8000.0,6500.0,17
Gujarat,Ahmedabad,"Ahmedabad(Fruit Market, Naroda)",Apple,Other,Small,2012-09-27 00:00:00,5000.0,8000.0,6500.0,17
Gujarat,Ahmedabad,"Ahmedabad(Fruit Market, Naroda)",Apple,Other,Small,2012-10-03 00:00:00,5000.0,8000.0,7000.0,17
Gujarat,Ahmedabad,"Ahmedabad(Fruit Market, Naroda)",Apple,Other,Small,2012-10-08 00:00:00,4000.0,8000.0,6500.0,17
Gujarat,Ahmedabad,"Ahmedabad(Fruit Market, Naroda)",Apple,Other,Small,2012-10-31 00:00:00,4000.0,8000.0,7000.0,17
Gujarat,Ahmedabad,"Ahmedabad(Fruit Market, Naroda)",Apple,Other,Small,2012-11-02 00:00:00,4000.0,8000.0,6500.0,17
Gujarat,Ahmedabad,"Ahmedabad(Fruit Market, Naroda)",Apple,Other,Small,2012-11-15 00:00:00,4000.0,9000.0,7000.0,17
Gujarat,Ahmedabad,"Ahmedabad(Fruit Market, Naroda)",Apple,Other,Small,2012-11-20 00:00:00,6000.0,10000.0,8200.0,17
Gujarat,Ahmedabad,"Ahmedabad(Fruit Market, Naroda)",Apple,Other,Small,2012-11-27 00:00:00,6000.0,8000.0,7500.0,17
Gujarat,Ahmedabad,"Ahmedabad(Fruit Market, Naroda)",Apple,Other,Small,2012-11-28 00:00:00,6000.0,8000.0,7500.0,17
Gujarat,Ahmedabad,"Ahmedabad(Fruit Market, Naroda)",Apple,Other,Small,2012-12-03 00:00:00,6000.0,8000.0,7250.0,17
Gujarat,Ahmedabad,"Ahmedabad(Fruit Market, Naroda)",Apple,Other,Small,2012-12-04 00:00:00,6000.0,8000.0,7250.0,17
Gujarat,Ahmedabad,"Ahmedabad(Fruit Market, Naroda)",Apple,Other,Small,2012-12-17 00:00:00,6000.0,8000.0,7250.0,17
Gujarat,Ahmedabad,"Ahmedabad(Fruit Market, Naroda)",Apple,Other,Small,2012-12-21 00:00:00,8000.0,10000.0,9100.0,17
Gujarat,Ahmedabad,"Ahmedabad(Fruit Market, Naroda)",Apple,Other,Small,2012-12-24 00:00:00,7000.0,9000.0,8500.0,17
Gujarat,Ahmedabad,"Ahmedabad(Fruit Market, Naroda)",Apple,Other,Small,2012-12-29 00:00:00,8000.0,10000.0,9200.0,17
Gujarat,Ahmedabad,"Ahmedabad(Fruit Market, Naroda)",Apple,Other,Small,2012-12-31 00:00:00,8000.0,10000.0,9150.0,17
Gujarat,Ahmedabad,Ahmedabad(Manekchowk),Apple,Other,Small,2012-01-02 00:00:00,4000.0,6000.0,5500.0,17
Gujarat,Ahmedabad,Ahmedabad(Manekchowk),Apple,Other,Small,2012-01-03 00:00:00,4000.0,6000.0,5300.0,17
Gujarat,Ahmedabad,Ahmedabad(Manekchowk),Apple,Other,Small,2012-01-04 00:00:00,6000.0,8000.0,7500.0,17
Gujarat,Ahmedabad,Ahmedabad(Manekchowk),Apple,Other,Small,2012-01-11 00:00:00,6000.0,8000.0,7500.0,17
Gujarat,Ahmedabad,Ahmedabad(Manekchowk),Apple,Other,Small,2012-01-17 00:00:00,6000.0,8000.0,7200.0,17
Gujarat,Ahmedabad,Ahmedabad(Manekchowk),Apple,Other,Small,2012-01-23 00:00:00,6000.0,8000.0,7500.0,17
Gujarat,Ahmedabad,Ahmedabad(Manekchowk),Apple,Other,Small,2012-01-30 00:00:00,6000.0,8000.0,7500.0,17
Gujarat,Ahmedabad,Ahmedabad(Manekchowk),Apple,Other,Small,2012-02-01 00:00:00,6000.0,8000.0,7200.0,17
Gujarat,Ahmedabad,Ahmedabad(Manekchowk),Apple,Other,Small,2012-02-04 00:00:00,6000.0,8000.0,7500.0,17
Gujarat,Ahmedabad,Ahmedabad(Manekchowk),Apple,Other,Small,2012-02-06 00:00:00,6000.0,8000.0,7200.0,17
Gujarat,Ahmedabad,Ahmedabad(Manekchowk),Apple,Other,Small,2012-02-16 00:00:00,6000.0,8000.0,7500.0,17
Gujarat,Ahmedabad,Ahmedabad(Manekchowk),Apple,Other,Small,2012-03-02 00:00:00,8000.0,10000.0,9500.0,17
Gujarat,Ahmedabad,Ahmedabad(Manekchowk),Apple,Other,Small,2012-03-09 00:00:00,8000.0,10000.0,9500.0,17
Gujarat,Ahmedabad,Ahmedabad(Manekchowk),Apple,Other,Small,2012-03-12 00:00:00,8000.0,12000.0,11000.0,17
Gujarat,Ahmedabad,Ahmedabad(Manekchowk),Apple,Other,Small,2012-03-13 00:00:00,7000.0,12000.0,10500.0,17
Gujarat,Ahmedabad,Ahmedabad(Manekchowk),Apple,Other,Small,2012-03-15 00:00:00,8000.0,12000.0,10500.0,17
Gujarat,Ahmedabad,Ahmedabad(Manekchowk),Apple,Other,Small,2012-03-17 00:00:00,9000.0,11000.0,10500.0,17
Gujarat,Ahmedabad,Ahmedabad(Manekchowk),Apple,Other,Small,2012-03-19 00:00:00,8000.0,12000.0,11000.0,17
Gujarat,Ahmedabad,Ahmedabad(Manekchowk),Apple,Other,Small,2012-03-20 00:00:00,8000.0,12000.0,11000.0,17
Gujarat,Ahmedabad,Ahmedabad(Manekchowk),Apple,Other,Small,2012-03-22 00:00:00,8000.0,12000.0,11000.0,17
Gujarat,Ahmedabad,Ahmedabad(Manekchowk),Apple,Other,Small,2012-03-28 00:00:00,8000.0,10000.0,9500.0,17
Gujarat,Ahmedabad,Ahmedabad(Manekchowk),Apple,Other,Small,2012-03-29 00:00:00,8000.0,10000.0,9500.0,17
Gujarat,Ahmedabad,Ahmedabad(Manekchowk),Apple,Other,Medium,2012-04-11 00:00:00,8000.0,12000.0,11000.0,17
Gujarat,Ahmedabad,Ahmedabad(Manekchowk),Apple,Other,Medium,2012-04-26 00:00:00,8000.0,12000.0,11000.0,17
Gujarat,Ahmedabad,Ahmedabad(Manekchowk),Apple,Other,Medium,2012-04-28 00:00:00,10000.0,14000.0,13000.0,17
Gujarat,Ahmedabad,Ahmedabad(Manekchowk),Apple,Other,Medium,2012-05-07 00:00:00,10000.0,14000.0,12500.0,17
Gujarat,Ahmedabad,Ahmedabad(Manekchowk),Apple,Other,Medium,2012-05-11 00:00:00,10000.0,12000.0,11000.0,17
Gujarat,Ahmedabad,Ahmedabad(Manekchowk),Apple,Other,Medium,2012-05-17 00:00:00,8000.0,14000.0,12000.0,17
Gujarat,Ahmedabad,Ahmedabad(Manekchowk),Apple,Other,Small,2012-05-19 00:00:00,8000.0,14000.0,11500.0,17
Gujarat,Ahmedabad,Ahmedabad(Manekchowk),Apple,Other,Medium,2012-05-23 00:00:00,10000.0,14000.0,12000.0,17
Gujarat,Ahmedabad,Ahmedabad(Manekchowk),Apple,Other,Medium,2012-05-24 00:00:00,10000.0,14000.0,12000.0,17
Gujarat,Ahmedabad,Ahmedabad(Manekchowk),Apple,Other,Small,2012-05-28 00:00:00,10000.0,15000.0,13000.0,17
Gujarat,Ahmedabad,Ahmedabad(Manekchowk),Apple,Other,Medium,2012-05-30 00:00:00,8000.0,14000.0,12000.0,17
Gujarat,Ahmedabad,Ahmedabad(Manekchowk),Apple,Other,Small,2012-06-08 00:00:00,10000.0,14000.0,12500.0,17
Gujarat,Ahmedabad,Ahmedabad(Manekchowk),Apple,Other,Small,2012-06-11 00:00:00,10000.0,14000.0,12500.0,17
Gujarat,Ahmedabad,Ahmedabad(Manekchowk),Apple,Other,Medium,2012-06-25 00:00:00,10000.0,14000.0,13000.0,17
Gujarat,Ahmedabad,Ahmedabad(Manekchowk),Apple,Other,Small,2012-07-03 00:00:00,10000.0,14000.0,12500.0,17
Gujarat,Ahmedabad,Ahmedabad(Manekchowk),Apple,Other,Small,2012-07-06 00:00:00,10000.0,15000.0,13500.0,17
Gujarat,Ahmedabad,Ahmedabad(Manekchowk),Apple,Other,Small,2012-07-09 00:00:00,10000.0,15000.0,13000.0,17
Gujarat,Ahmedabad,Ahmedabad(Manekchowk),Apple,Other,Small,2012-07-10 00:00:00,10000.0,15000.0,13500.0,17
Gujarat,Ahmedabad,Ahmedabad(Manekchowk),Apple,Other,Small,2012-07-12 00:00:00,10000.0,15000.0,13000.0,17
Gujarat,Ahmedabad,Ahmedabad(Manekchowk),Apple,Other,Small,2012-07-17 00:00:00,10000.0,14000.0,13000.0,17
Gujarat,Ahmedabad,Ahmedabad(Manekchowk),Apple,Other,Small,2012-07-23 00:00:00,12000.0,18000.0,16000.0,17
Gujarat,Ahmedabad,Ahmedabad(Manekchowk),Apple,Other,Small,2012-07-25 00:00:00,12000.0,18000.0,16000.0,17
Gujarat,Ahmedabad,Ahmedabad(Manekchowk),Apple,Other,Small,2012-08-09 00:00:00,10000.0,16000.0,14500.0,17
Gujarat,Ahmedabad,Ahmedabad(Manekchowk),Apple,Other,Small,2012-08-11 00:00:00,10000.0,16000.0,14000.0,17
Gujarat,Ahmedabad,Ahmedabad(Manekchowk),Apple,Other,Small,2012-08-21 00:00:00,4000.0,8000.0,7000.0,17
Gujarat,Ahmedabad,Ahmedabad(Manekchowk),Apple,Other,Small,2012-08-30 00:00:00,4000.0,8000.0,7000.0,17
Gujarat,Ahmedabad,Ahmedabad(Manekchowk),Apple,Other,Small,2012-08-31 00:00:00,4000.0,8000.0,6500.0,17
Gujarat,Ahmedabad,Ahmedabad(Manekchowk),Apple,Other,Small,2012-09-01 00:00:00,4000.0,8000.0,7000.0,17
Gujarat,Ahmedabad,Ahmedabad(Manekchowk),Apple,Other,Small,2012-09-04 00:00:00,4000.0,8000.0,6500.0,17
Gujarat,Ahmedabad,Ahmedabad(Manekchowk),Apple,Other,Small,2012-09-18 00:00:00,5000.0,8000.0,7000.0,17
Gujarat,Ahmedabad,Ahmedabad(Manekchowk),Apple,Other,Small,2012-09-19 00:00:00,5000.0,8000.0,7200.0,17
Gujarat,Ahmedabad,Ahmedabad(Manekchowk),Apple,Other,Small,2012-09-21 00:00:00,5000.0,8000.0,7000.0,17
Gujarat,Ahmedabad,Ahmedabad(Manekchowk),Apple,Other,Small,2012-09-22 00:00:00,5000.0,8000.0,7000.0,17
Gujarat,Ahmedabad,Ahmedabad(Manekchowk),Apple,Other,Small,2012-09-25 00:00:00,5000.0,8000.0,6500.0,17
Gujarat,Ahmedabad,Ahmedabad(Manekchowk),Apple,Other,Small,2012-10-16 00:00:00,5000.0,8000.0,7000.0,17
Gujarat,Ahmedabad,Ahmedabad(Manekchowk),Apple,Other,Small,2012-10-22 00:00:00,4000.0,8000.0,6500.0,17
Gujarat,Ahmedabad,Ahmedabad(Manekchowk),Apple,Other,Small,2012-10-31 00:00:00,4000.0,8000.0,7000.0,17
Gujarat,Ahmedabad,Ahmedabad(Manekchowk),Apple,Other,Small,2012-11-03 00:00:00,4000.0,8000.0,7000.0,17
Gujarat,Ahmedabad,Ahmedabad(Manekchowk),Apple,Other,Small,2012-11-06 00:00:00,4000.0,8000.0,6500.0,17
Gujarat,Ahmedabad,Ahmedabad(Manekchowk),Apple,Other,Small,2012-11-07 00:00:00,4000.0,8000.0,6500.0,17
Gujarat,Ahmedabad,Ahmedabad(Manekchowk),Apple,Other,Small,2012-11-09 00:00:00,4000.0,8000.0,6500.0,17
Gujarat,Ahmedabad,Ahmedabad(Manekchowk),Apple,Other,Small,2012-11-16 00:00:00,5000.0,9000.0,7500.0,17
Gujarat,Ahmedabad,Ahmedabad(Manekchowk),Apple,Other,Small,2012-11-17 00:00:00,5000.0,9000.0,7500.0,17
Gujarat,Ahmedabad,Ahmedabad(Manekchowk),Apple,Other,Small,2012-11-24 00:00:00,6000.0,8000.0,7500.0,17
Gujarat,Ahmedabad,Ahmedabad(Manekchowk),Apple,Other,Small,2012-12-05 00:00:00,6000.0,8000.0,7250.0,17
Gujarat,Ahmedabad,Ahmedabad(Manekchowk),Apple,Other,Small,2012-12-15 00:00:00,6000.0,8000.0,7250.0,17
Gujarat,Ahmedabad,Ahmedabad(Manekchowk),Apple,Other,Small,2012-12-17 00:00:00,6000.0,8000.0,7250.0,17
Gujarat,Ahmedabad,Ahmedabad(Manekchowk),Apple,Other,Small,2012-12-18 00:00:00,6000.0,8000.0,7250.0,17
Gujarat,Ahmedabad,Ahmedabad(Manekchowk),Apple,Other,Small,2012-12-25 00:00:00,7000.0,9000.0,8250.0,17
Gujarat,Ahmedabad,Ahmedabad(Manekchowk),Apple,Other,Small,2012-12-26 00:00:00,7000.0,9000.0,8250.0,17
Gujarat,Banaskanth,Deesa,Apple,Other,Medium,2012-06-09 00:00:00,8000.0,9500.0,8750.0,17
Gujarat,Banaskanth,Deesa(Deesa Veg Yard),Apple,Other,Medium,2012-01-03 00:00:00,4000.0,6000.0,5000.0,17
Gujarat,Banaskanth,Deesa(Deesa Veg Yard),Apple,Other,Medium,2012-01-10 00:00:00,4000.0,6000.0,5000.0,17
Gujarat,Banaskanth,Deesa(Deesa Veg Yard),Apple,Other,Medium,2012-01-16 00:00:00,4000.0,6000.0,5000.0,17
Gujarat,Banaskanth,Deesa(Deesa Veg Yard),Apple,Other,Medium,2012-01-20 00:00:00,4000.0,6000.0,5000.0,17
Gujarat,Banaskanth,Deesa(Deesa Veg Yard),Apple,Other,Medium,2012-01-27 00:00:00,5000.0,6000.0,5500.0,17
Gujarat,Banaskanth,Deesa(Deesa Veg Yard),Apple,Other,Medium,2012-01-31 00:00:00,5000.0,6000.0,5500.0,17
Gujarat,Banaskanth,Deesa(Deesa Veg Yard),Apple,Other,Medium,2012-02-01 00:00:00,4500.0,7000.0,5750.0,17
Gujarat,Banaskanth,Deesa(Deesa Veg Yard),Apple,Other,Medium,2012-02-07 00:00:00,2000.0,3500.0,2750.0,17
Gujarat,Banaskanth,Deesa(Deesa Veg Yard),Apple,Other,Medium,2012-02-25 00:00:00,5000.0,7000.0,6000.0,17
Gujarat,Banaskanth,Deesa(Deesa Veg Yard),Apple,Other,Medium,2012-03-03 00:00:00,5000.0,7000.0,6000.0,17
Gujarat,Banaskanth,Deesa(Deesa Veg Yard),Apple,Other,Medium,2012-03-15 00:00:00,7000.0,8000.0,7500.0,17
Gujarat,Banaskanth,Deesa(Deesa Veg Yard),Apple,Other,Medium,2012-03-16 00:00:00,7000.0,8000.0,7500.0,17
Gujarat,Banaskanth,Deesa(Deesa Veg Yard),Apple,Other,Medium,2012-03-26 00:00:00,7000.0,12500.0,9750.0,17
Gujarat,Banaskanth,Deesa(Deesa Veg Yard),Apple,Other,Medium,2012-04-03 00:00:00,10000.0,12000.0,11000.0,17
Gujarat,Banaskanth,Deesa(Deesa Veg Yard),Apple,Other,Medium,2012-04-16 00:00:00,7000.0,10000.0,8500.0,17
Gujarat,Banaskanth,Deesa(Deesa Veg Yard),Apple,Other,Medium,2012-04-19 00:00:00,10000.0,11000.0,10500.0,17
Gujarat,Banaskanth,Deesa(Deesa Veg Yard),Apple,Other,Medium,2012-05-16 00:00:00,10000.0,11000.0,10500.0,17
Gujarat,Banaskanth,Deesa(Deesa Veg Yard),Apple,Other,Medium,2012-05-17 00:00:00,6500.0,10000.0,8250.0,17
Gujarat,Banaskanth,Deesa(Deesa Veg Yard),Apple,Other,Medium,2012-05-22 00:00:00,10000.0,12000.0,11000.0,17
Gujarat,Banaskanth,Deesa(Deesa Veg Yard),Apple,Other,Medium,2012-05-24 00:00:00,7000.0,12000.0,9500.0,17
Gujarat,Banaskanth,Deesa(Deesa Veg Yard),Apple,Other,Medium,2012-05-25 00:00:00,8000.0,12000.0,10000.0,17
Gujarat,Banaskanth,Deesa(Deesa Veg Yard),Apple,Other,Medium,2012-05-31 00:00:00,9000.0,12000.0,10500.0,17
Gujarat,Banaskanth,Deesa(Deesa Veg Yard),Apple,Other,Medium,2012-06-04 00:00:00,8000.0,10000.0,9000.0,17
Gujarat,Banaskanth,Deesa(Deesa Veg Yard),Apple,Other,Medium,2012-06-07 00:00:00,7000.0,9000.0,8000.0,17
Gujarat,Banaskanth,Deesa(Deesa Veg Yard),Apple,Other,Medium,2012-06-09 00:00:00,8000.0,9500.0,8750.0,17
Gujarat,Banaskanth,Deesa(Deesa Veg Yard),Apple,Other,Medium,2012-07-16 00:00:00,8000.0,10000.0,9000.0,17
Gujarat,Banaskanth,Deesa(Deesa Veg Yard),Apple,Other,Medium,2012-07-17 00:00:00,4000.0,7500.0,5750.0,17
Gujarat,Banaskanth,Deesa(Deesa Veg Yard),Apple,Other,Medium,2012-07-19 00:00:00,10000.0,11000.0,10500.0,17
Gujarat,Banaskanth,Deesa(Deesa Veg Yard),Apple,Other,Medium,2012-07-24 00:00:00,8000.0,11000.0,9500.0,17
Gujarat,Banaskanth,Deesa(Deesa Veg Yard),Apple,Other,Medium,2012-07-28 00:00:00,10000.0,14000.0,12000.0,17
Gujarat,Banaskanth,Deesa(Deesa Veg Yard),Apple,Other,Medium,2012-07-31 00:00:00,10000.0,12000.0,11000.0,17
Gujarat,Banaskanth,Deesa(Deesa Veg Yard),Apple,Other,Medium,2012-08-17 00:00:00,8000.0,11000.0,9500.0,17
Gujarat,Banaskanth,Deesa(Deesa Veg Yard),Apple,Other,Medium,2012-08-28 00:00:00,5000.0,6000.0,5500.0,17
Gujarat,Banaskanth,Deesa(Deesa Veg Yard),Apple,Other,Medium,2012-09-03 00:00:00,4000.0,7500.0,5750.0,17
Gujarat,Banaskanth,Deesa(Deesa Veg Yard),Apple,Other,Medium,2012-09-28 00:00:00,3000.0,5000.0,4000.0,17
Gujarat,Banaskanth,Deesa(Deesa Veg Yard),Apple,Other,Medium,2012-09-29 00:00:00,3000.0,5000.0,4000.0,17
Gujarat,Banaskanth,Deesa(Deesa Veg Yard),Apple,Other,Medium,2012-10-01 00:00:00,3000.0,5000.0,4000.0,17
Gujarat,Banaskanth,Deesa(Deesa Veg Yard),Apple,Other,Medium,2012-10-03 00:00:00,5000.0,6000.0,5500.0,17
Gujarat,Banaskanth,Deesa(Deesa Veg Yard),Apple,Other,Medium,2012-10-05 00:00:00,4000.0,6000.0,5000.0,17
Gujarat,Banaskanth,Deesa(Deesa Veg Yard),Apple,Other,Medium,2012-10-18 00:00:00,4000.0,6000.0,5000.0,17
Gujarat,Banaskanth,Deesa(Deesa Veg Yard),Apple,Other,Medium,2012-10-20 00:00:00,4000.0,6000.0,5000.0,17
Gujarat,Banaskanth,Deesa(Deesa Veg Yard),Apple,Other,Medium,2012-10-26 00:00:00,4000.0,6000.0,5000.0,17
Gujarat,Banaskanth,Deesa(Deesa Veg Yard),Apple,Other,Medium,2012-10-27 00:00:00,4000.0,6000.0,5000.0,17
Gujarat,Rajkot,Gondal(Veg.market Gondal),Apple,Apple,Medium,2016-09-16 00:00:00,2500.0,7500.0,5000.0,17
Gujarat,Rajkot,Gondal(Veg.market Gondal),Apple,Apple,Medium,2016-09-27 00:00:00,3000.0,7000.0,5000.0,17
Gujarat,Rajkot,Gondal(Veg.market Gondal),Apple,Apple,Medium,2016-09-28 00:00:00,2500.0,7000.0,5000.0,17
Gujarat,Rajkot,Gondal(Veg.market Gondal),Apple,Apple,Medium,2016-10-01 00:00:00,3000.0,6000.0,4500.0,17
Gujarat,Rajkot,Gondal(Veg.market Gondal),Apple,Apple,Medium,2016-10-13 00:00:00,2500.0,6000.0,4250.0,17
Gujarat,Rajkot,Gondal(Veg.market Gondal),Apple,Apple,Medium,2016-10-19 00:00:00,2000.0,5500.0,4000.0,17
Gujarat,Rajkot,Gondal(Veg.market Gondal),Apple,Apple,Medium,2016-10-21 00:00:00,2000.0,6000.0,4000.0,17
Gujarat,Rajkot,Gondal(Veg.market Gondal),Apple,Apple,Medium,2016-11-06 00:00:00,5000.0,7500.0,6500.0,17
Gujarat,Rajkot,Gondal(Veg.market Gondal),Apple,Apple,Medium,2016-11-09 00:00:00,5000.0,7500.0,6250.0,17
Gujarat,Rajkot,Gondal(Veg.market Gondal),Apple,Apple,Medium,2016-11-11 00:00:00,5000.0,7500.0,6250.0,17
Gujarat,Rajkot,Gondal(Veg.market Gondal),Apple,Apple,Medium,2016-11-13 00:00:00,4500.0,7500.0,6000.0,17
Gujarat,Rajkot,Gondal(Veg.market Gondal),Apple,Apple,Medium,2016-11-16 00:00:00,5000.0,8000.0,6500.0,17
Gujarat,Rajkot,Gondal(Veg.market Gondal),Apple,Apple,Medium,2016-11-18 00:00:00,5000.0,7500.0,6250.0,17
Gujarat,Rajkot,Gondal(Veg.market Gondal),Apple,Apple,Medium,2016-11-21 00:00:00,6000.0,7500.0,6500.0,17
Gujarat,Rajkot,Gondal(Veg.market Gondal),Apple,Apple,Medium,2016-11-29 00:00:00,5000.0,7500.0,6250.0,17
Gujarat,Rajkot,Gondal(Veg.market Gondal),Apple,Apple,Medium,2016-11-30 00:00:00,5000.0,7000.0,6000.0,17
Gujarat,Rajkot,Gondal(Veg.market Gondal),Apple,Apple,Medium,2016-12-03 00:00:00,5500.0,7500.0,6500.0,17
Gujarat,Rajkot,Gondal(Veg.market Gondal),Apple,Apple,Medium,2016-12-24 00:00:00,6500.0,7500.0,7000.0,17
Gujarat,Rajkot,Gondal(Veg.market Gondal),Apple,Apple,Medium,2016-12-26 00:00:00,6000.0,7500.0,6750.0,17
Gujarat,Rajkot,Gondal(Veg.market Gondal),Apple,Apple,Medium,2016-12-30 00:00:00,6000.0,7000.0,6500.0,17
Gujarat,Vadodara(Baroda),Vadodara(Navapura),Apple,Other,Medium,2016-01-01 00:00:00,5000.0,7000.0,6000.0,17
Gujarat,Vadodara(Baroda),Vadodara(Navapura),Apple,Other,Medium,2016-01-02 00:00:00,5000.0,7000.0,6000.0,17
Gujarat,Vadodara(Baroda),Vadodara(Navapura),Apple,Other,Medium,2016-01-12 00:00:00,4000.0,7000.0,5000.0,17
Gujarat,Vadodara(Baroda),Vadodara(Navapura),Apple,Other,Medium,2016-02-10 00:00:00,5000.0,7000.0,6000.0,17
Gujarat,Vadodara(Baroda),Vadodara(Navapura),Apple,Other,Medium,2016-05-13 00:00:00,8000.0,10000.0,9000.0,17
Gujarat,Vadodara(Baroda),Vadodara(Navapura),Apple,Other,Medium,2016-06-16 00:00:00,8000.0,10000.0,9000.0,17
Gujarat,Vadodara(Baroda),Vadodara(Navapura),Apple,Other,Medium,2016-06-18 00:00:00,8000.0,10000.0,9000.0,17
Gujarat,Vadodara(Baroda),Vadodara(Navapura),Apple,Other,Medium,2016-06-21 00:00:00,7000.0,9000.0,8000.0,17
Gujarat,Vadodara(Baroda),Vadodara(Navapura),Apple,Other,Medium,2016-06-24 00:00:00,7000.0,9000.0,8000.0,17
Gujarat,Vadodara(Baroda),Vadodara(Navapura),Apple,Other,Medium,2016-07-22 00:00:00,7000.0,9000.0,8000.0,17
Gujarat,Vadodara(Baroda),Vadodara(Navapura),Apple,Other,Medium,2016-07-26 00:00:00,7000.0,9000.0,8000.0,17
Gujarat,Vadodara(Baroda),Vadodara(Navapura),Apple,Other,Medium,2016-07-27 00:00:00,7000.0,9000.0,8000.0,17
Gujarat,Vadodara(Baroda),Vadodara(Navapura),Apple,Other,Medium,2016-08-02 00:00:00,6000.0,9000.0,8000.0,17
Gujarat,Vadodara(Baroda),Vadodara(Navapura),Apple,Other,Medium,2016-08-05 00:00:00,6000.0,9000.0,8000.0,17
Gujarat,Vadodara(Baroda),Vadodara(Navapura),Apple,Other,Large,2016-08-06 00:00:00,6000.0,9000.0,8000.0,17
Gujarat,Vadodara(Baroda),Vadodara(Navapura),Apple,Other,Medium,2016-08-15 00:00:00,6000.0,9000.0,8000.0,17
Gujarat,Vadodara(Baroda),Vadodara(Navapura),Apple,Other,Medium,2016-08-25 00:00:00,6000.0,9000.0,8000.0,17
Gujarat,Vadodara(Baroda),Vadodara(Navapura),Apple,Other,Medium,2016-09-03 00:00:00,6000.0,9000.0,8000.0,17
Gujarat,Vadodara(Baroda),Vadodara(Navapura),Apple,Other,Medium,2016-09-05 00:00:00,6000.0,9000.0,8000.0,17
Gujarat,Vadodara(Baroda),Vadodara(Navapura),Apple,Other,Medium,2016-09-06 00:00:00,6000.0,9000.0,8000.0,17
Gujarat,Vadodara(Baroda),Vadodara(Navapura),Apple,Other,Medium,2016-09-09 00:00:00,6000.0,9000.0,8000.0,17
Gujarat,Vadodara(Baroda),Vadodara(Navapura),Apple,Other,Medium,2016-09-16 00:00:00,6000.0,9000.0,8000.0,17
Gujarat,Vadodara(Baroda),Vadodara(Navapura),Apple,Other,Medium,2016-09-18 00:00:00,6000.0,9000.0,8000.0,17
Gujarat,Vadodara(Baroda),Vadodara(Navapura),Apple,Other,Medium,2016-10-01 00:00:00,6000.0,9000.0,8000.0,17
Gujarat,Vadodara(Baroda),Vadodara(Navapura),Apple,Other,Medium,2016-10-09 00:00:00,6000.0,9000.0,8000.0,17
Gujarat,Vadodara(Baroda),Vadodara(Navapura),Apple,Other,Medium,2016-10-24 00:00:00,6000.0,9000.0,8000.0,17
Gujarat,Vadodara(Baroda),Vadodara(Navapura),Apple,Other,Medium,2016-10-25 00:00:00,6000.0,9000.0,8000.0,17
Gujarat,Vadodara(Baroda),Vadodara(Navapura),Apple,Other,Medium,2016-11-06 00:00:00,6000.0,9000.0,8000.0,17
Gujarat,Vadodara(Baroda),Vadodara(Navapura),Apple,Other,Medium,2016-11-11 00:00:00,6000.0,9000.0,8000.0,17
Gujarat,Vadodara(Baroda),Vadodara(Navapura),Apple,Other,Medium,2016-11-16 00:00:00,6000.0,9000.0,8000.0,17
Gujarat,Vadodara(Baroda),Vadodara(Navapura),Apple,Other,Medium,2016-12-01 00:00:00,7000.0,9000.0,8000.0,17
Gujarat,Vadodara(Baroda),Vadodara(Navapura),Apple,Other,Medium,2016-12-02 00:00:00,7000.0,9000.0,8000.0,17
Gujarat,Vadodara(Baroda),Vadodara(Navapura),Apple,Other,Medium,2016-12-06 00:00:00,7000.0,9000.0,8000.0,17
Gujarat,Ahmedabad,"Ahmedabad(Fruit Market, Naroda)",Apple,Other,Medium,2016-01-04 00:00:00,4000.0,6000.0,5500.0,17
Gujarat,Ahmedabad,"Ahmedabad(Fruit Market, Naroda)",Apple,Other,Medium,2016-01-05 00:00:00,4000.0,6000.0,5500.0,17
Gujarat,Ahmedabad,"Ahmedabad(Fruit Market, Naroda)",Apple,Other,Medium,2016-01-27 00:00:00,4000.0,6000.0,5500.0,17
Gujarat,Ahmedabad,"Ahmedabad(Fruit Market, Naroda)",Apple,Other,Medium,2016-02-06 00:00:00,4000.0,6500.0,5500.0,17
Gujarat,Ahmedabad,"Ahmedabad(Fruit Market, Naroda)",Apple,Other,Medium,2016-02-08 00:00:00,4000.0,6500.0,5500.0,17
Gujarat,Ahmedabad,"Ahmedabad(Fruit Market, Naroda)",Apple,Other,Medium,2016-02-09 00:00:00,4000.0,6500.0,5500.0,17
Gujarat,Ahmedabad,"Ahmedabad(Fruit Market, Naroda)",Apple,Other,Medium,2016-02-22 00:00:00,4000.0,6500.0,5500.0,17
Gujarat,Ahmedabad,"Ahmedabad(Fruit Market, Naroda)",Apple,Other,Medium,2016-02-25 00:00:00,4000.0,6500.0,5500.0,17
Gujarat,Ahmedabad,"Ahmedabad(Fruit Market, Naroda)",Apple,Other,Medium,2016-03-11 00:00:00,4000.0,7000.0,5500.0,17
Gujarat,Ahmedabad,"Ahmedabad(Fruit Market, Naroda)",Apple,Other,Medium,2016-03-14 00:00:00,4000.0,6500.0,5500.0,17
Gujarat,Ahmedabad,"Ahmedabad(Fruit Market, Naroda)",Apple,Other,Medium,2016-03-17 00:00:00,4000.0,7000.0,6000.0,17
Gujarat,Ahmedabad,"Ahmedabad(Fruit Market, Naroda)",Apple,Other,Medium,2016-03-21 00:00:00,5000.0,8000.0,6500.0,17
Gujarat,Ahmedabad,"Ahmedabad(Fruit Market, Naroda)",Apple,Other,Medium,2016-03-29 00:00:00,6000.0,10000.0,8000.0,17
Gujarat,Ahmedabad,"Ahmedabad(Fruit Market, Naroda)",Apple,Other,Medium,2016-04-01 00:00:00,6000.0,10000.0,8000.0,17
Gujarat,Ahmedabad,"Ahmedabad(Fruit Market, Naroda)",Apple,Other,Medium,2016-04-05 00:00:00,6000.0,9000.0,7500.0,17
Gujarat,Ahmedabad,"Ahmedabad(Fruit Market, Naroda)",Apple,Other,Medium,2016-04-06 00:00:00,6000.0,9000.0,7500.0,17
Gujarat,Ahmedabad,"Ahmedabad(Fruit Market, Naroda)",Apple,Other,Medium,2016-04-22 00:00:00,6000.0,9000.0,7500.0,17
Gujarat,Ahmedabad,"Ahmedabad(Fruit Market, Naroda)",Apple,Other,Medium,2016-04-29 00:00:00,6000.0,9000.0,7500.0,17
Gujarat,Ahmedabad,"Ahmedabad(Fruit Market, Naroda)",Apple,Other,Medium,2016-05-07 00:00:00,8000.0,11000.0,9500.0,17
Gujarat,Ahmedabad,"Ahmedabad(Fruit Market, Naroda)",Apple,Other,Medium,2016-05-12 00:00:00,8000.0,10000.0,9000.0,17
Gujarat,Ahmedabad,"Ahmedabad(Fruit Market, Naroda)",Apple,Other,Large,2016-05-28 00:00:00,7000.0,10000.0,8500.0,17
Gujarat,Ahmedabad,"Ahmedabad(Fruit Market, Naroda)",Apple,Other,Medium,2016-05-30 00:00:00,7000.0,8000.0,7500.0,17
Gujarat,Ahmedabad,"Ahmedabad(Fruit Market, Naroda)",Apple,Other,Medium,2016-06-09 00:00:00,8000.0,10000.0,9000.0,17
Gujarat,Ahmedabad,"Ahmedabad(Fruit Market, Naroda)",Apple,Other,Medium,2016-06-10 00:00:00,7000.0,10000.0,8500.0,17
Gujarat,Ahmedabad,"Ahmedabad(Fruit Market, Naroda)",Apple,Other,Medium,2016-06-16 00:00:00,6000.0,8000.0,7000.0,17
Gujarat,Ahmedabad,"Ahmedabad(Fruit Market, Naroda)",Apple,Other,Medium,2016-06-22 00:00:00,8000.0,10000.0,9000.0,17
Gujarat,Ahmedabad,"Ahmedabad(Fruit Market, Naroda)",Apple,Other,Medium,2016-06-23 00:00:00,8000.0,10000.0,9000.0,17
Gujarat,Ahmedabad,"Ahmedabad(Fruit Market, Naroda)",Apple,Other,Medium,2016-06-24 00:00:00,8000.0,10000.0,9000.0,17
Gujarat,Ahmedabad,"Ahmedabad(Fruit Market, Naroda)",Apple,Other,Medium,2016-06-27 00:00:00,8000.0,10000.0,9000.0,17
Gujarat,Ahmedabad,"Ahmedabad(Fruit Market, Naroda)",Apple,Other,Medium,2016-07-01 00:00:00,7000.0,10000.0,8500.0,17
Gujarat,Ahmedabad,"Ahmedabad(Fruit Market, Naroda)",Apple,Other,Medium,2016-07-13 00:00:00,3000.0,10000.0,6500.0,17
Gujarat,Ahmedabad,"Ahmedabad(Fruit Market, Naroda)",Apple,Other,Medium,2016-07-14 00:00:00,4000.0,10000.0,7000.0,17
Gujarat,Ahmedabad,"Ahmedabad(Fruit Market, Naroda)",Apple,Other,Medium,2016-07-23 00:00:00,3000.0,10000.0,6500.0,17
Gujarat,Ahmedabad,"Ahmedabad(Fruit Market, Naroda)",Apple,Other,Medium,2016-07-25 00:00:00,3000.0,11000.0,7000.0,17
Gujarat,Ahmedabad,"Ahmedabad(Fruit Market, Naroda)",Apple,Other,Medium,2016-07-28 00:00:00,3000.0,10000.0,7000.0,17
Gujarat,Ahmedabad,"Ahmedabad(Fruit Market, Naroda)",Apple,Other,Medium,2016-08-06 00:00:00,3000.0,9000.0,6000.0,17
Gujarat,Ahmedabad,"Ahmedabad(Fruit Market, Naroda)",Apple,Other,Medium,2016-08-23 00:00:00,3000.0,8000.0,6000.0,17
Gujarat,Ahmedabad,"Ahmedabad(Fruit Market, Naroda)",Apple,Other,Medium,2016-09-15 00:00:00,2000.0,8000.0,5000.0,17
Gujarat,Ahmedabad,"Ahmedabad(Fruit Market, Naroda)",Apple,Other,Medium,2016-09-27 00:00:00,2500.0,9000.0,6000.0,17
Gujarat,Ahmedabad,"Ahmedabad(Fruit Market, Naroda)",Apple,Other,Large,2016-10-10 00:00:00,2000.0,6000.0,4500.0,17
Gujarat,Ahmedabad,"Ahmedabad(Fruit Market, Naroda)",Apple,Other,Medium,2016-10-13 00:00:00,2000.0,8000.0,5500.0,17
Gujarat,Ahmedabad,"Ahmedabad(Fruit Market, Naroda)",Apple,Other,Medium,2016-10-19 00:00:00,2000.0,8000.0,6000.0,17
Gujarat,Ahmedabad,"Ahmedabad(Fruit Market, Naroda)",Apple,Other,Medium,2016-10-20 00:00:00,2000.0,8000.0,5500.0,17
Gujarat,Ahmedabad,"Ahmedabad(Fruit Market, Naroda)",Apple,Other,Medium,2016-10-28 00:00:00,2000.0,7000.0,5000.0,17
Gujarat,Ahmedabad,"Ahmedabad(Fruit Market, Naroda)",Apple,Other,Medium,2016-11-24 00:00:00,2500.0,8000.0,6000.0,17
Gujarat,Ahmedabad,"Ahmedabad(Fruit Market, Naroda)",Apple,Other,Medium,2016-11-30 00:00:00,2000.0,8000.0,6000.0,17
Gujarat,Ahmedabad,"Ahmedabad(Fruit Market, Naroda)",Apple,Other,Large,2016-12-01 00:00:00,2000.0,8000.0,6000.0,17
Gujarat,Ahmedabad,"Ahmedabad(Fruit Market, Naroda)",Apple,Other,Medium,2016-12-07 00:00:00,3000.0,7000.0,6000.0,17
Gujarat,Ahmedabad,"Ahmedabad(Fruit Market, Naroda)",Apple,Other,Medium,2016-12-09 00:00:00,3000.0,8000.0,6000.0,17
Gujarat,Ahmedabad,"Ahmedabad(Fruit Market, Naroda)",Apple,Other,Medium,2016-12-14 00:00:00,3000.0,7000.0,6000.0,17
Gujarat,Ahmedabad,"Ahmedabad(Fruit Market, Naroda)",Apple,Other,Medium,2016-12-16 00:00:00,3000.0,6500.0,5000.0,17
Gujarat,Ahmedabad,"Ahmedabad(Fruit Market, Naroda)",Apple,Other,Medium,2016-12-30 00:00:00,3000.0,8000.0,6000.0,17
Gujarat,Ahmedabad,Ahmedabad(Manekchowk),Apple,Other,Medium,2016-01-11 00:00:00,4000.0,6000.0,5500.0,17
Gujarat,Ahmedabad,Ahmedabad(Manekchowk),Apple,Other,Medium,2016-01-18 00:00:00,4000.0,6000.0,5500.0,17
Gujarat,Ahmedabad,Ahmedabad(Manekchowk),Apple,Other,Medium,2016-01-27 00:00:00,4000.0,6000.0,5500.0,17
Gujarat,Ahmedabad,Ahmedabad(Manekchowk),Apple,Other,Medium,2016-02-04 00:00:00,4000.0,6000.0,5500.0,17
Gujarat,Ahmedabad,Ahmedabad(Manekchowk),Apple,Other,Medium,2016-02-06 00:00:00,4000.0,6500.0,5500.0,17
Gujarat,Ahmedabad,Ahmedabad(Manekchowk),Apple,Other,Medium,2016-02-09 00:00:00,4000.0,6500.0,5500.0,17
Gujarat,Ahmedabad,Ahmedabad(Manekchowk),Apple,Other,Medium,2016-02-10 00:00:00,4000.0,6500.0,5500.0,17
Gujarat,Ahmedabad,Ahmedabad(Manekchowk),Apple,Other,Medium,2016-02-26 00:00:00,4000.0,6500.0,5500.0,17
Gujarat,Ahmedabad,Ahmedabad(Manekchowk),Apple,Other,Medium,2016-03-01 00:00:00,4000.0,6500.0,5500.0,17
Gujarat,Ahmedabad,Ahmedabad(Manekchowk),Apple,Other,Medium,2016-03-04 00:00:00,4000.0,6500.0,5500.0,17
Gujarat,Ahmedabad,Ahmedabad(Manekchowk),Apple,Other,Medium,2016-03-09 00:00:00,4000.0,6500.0,5500.0,17
Gujarat,Ahmedabad,Ahmedabad(Manekchowk),Apple,Other,Medium,2016-03-16 00:00:00,4000.0,7000.0,5500.0,17
Gujarat,Ahmedabad,Ahmedabad(Manekchowk),Apple,Other,Medium,2016-03-17 00:00:00,4000.0,7000.0,6000.0,17
Gujarat,Ahmedabad,Ahmedabad(Manekchowk),Apple,Other,Medium,2016-03-19 00:00:00,4000.0,7000.0,6000.0,17
Gujarat,Ahmedabad,Ahmedabad(Manekchowk),Apple,Other,Medium,2016-04-06 00:00:00,6000.0,9000.0,7500.0,17
Gujarat,Ahmedabad,Ahmedabad(Manekchowk),Apple,Other,Medium,2016-04-09 00:00:00,6000.0,9000.0,8000.0,17
Gujarat,Ahmedabad,Ahmedabad(Manekchowk),Apple,Other,Medium,2016-05-02 00:00:00,8000.0,10000.0,9000.0,17
Gujarat,Ahmedabad,Ahmedabad(Manekchowk),Apple,Other,Medium,2016-05-04 00:00:00,8000.0,10000.0,9000.0,17
Gujarat,Ahmedabad,Ahmedabad(Manekchowk),Apple,Other,Medium,2016-05-05 00:00:00,8000.0,10000.0,9000.0,17
Gujarat,Ahmedabad,Ahmedabad(Manekchowk),Apple,Other,Medium,2016-05-12 00:00:00,8000.0,10000.0,9000.0,17
Gujarat,Ahmedabad,Ahmedabad(Manekchowk),Apple,Other,Medium,2016-05-14 00:00:00,8000.0,10000.0,9000.0,17
Gujarat,Ahmedabad,Ahmedabad(Manekchowk),Apple,Other,Medium,2016-05-16 00:00:00,8000.0,10000.0,9000.0,17
Gujarat,Ahmedabad,Ahmedabad(Manekchowk),Apple,Other,Medium,2016-06-03 00:00:00,5000.0,8000.0,6500.0,17
Gujarat,Ahmedabad,Ahmedabad(Manekchowk),Apple,Other,Medium,2016-06-25 00:00:00,7000.0,10000.0,8500.0,17
Gujarat,Ahmedabad,Ahmedabad(Manekchowk),Apple,Other,Medium,2016-06-28 00:00:00,7000.0,10000.0,8500.0,17
Gujarat,Ahmedabad,Ahmedabad(Manekchowk),Apple,Other,Medium,2016-07-08 00:00:00,4000.0,10000.0,7000.0,17
Gujarat,Ahmedabad,Ahmedabad(Manekchowk),Apple,Other,Medium,2016-07-14 00:00:00,4000.0,10000.0,7000.0,17
Gujarat,Ahmedabad,Ahmedabad(Manekchowk),Apple,Other,Medium,2016-07-18 00:00:00,3000.0,10000.0,6500.0,17
Gujarat,Ahmedabad,Ahmedabad(Manekchowk),Apple,Other,Medium,2016-07-22 00:00:00,3000.0,10000.0,6500.0,17
Gujarat,Ahmedabad,Ahmedabad(Manekchowk),Apple,Other,Medium,2016-08-08 00:00:00,3000.0,8000.0,6000.0,17
Gujarat,Ahmedabad,Ahmedabad(Manekchowk),Apple,Other,Medium,2016-08-13 00:00:00,2000.0,8000.0,5500.0,17
Gujarat,Ahmedabad,Ahmedabad(Manekchowk),Apple,Other,Medium,2016-08-23 00:00:00,3000.0,8000.0,6000.0,17
Gujarat,Ahmedabad,Ahmedabad(Manekchowk),Apple,Other,Medium,2016-08-27 00:00:00,2500.0,8000.0,5500.0,17
Gujarat,Ahmedabad,Ahmedabad(Manekchowk),Apple,Other,Medium,2016-08-29 00:00:00,2000.0,8000.0,5000.0,17
Gujarat,Ahmedabad,Ahmedabad(Manekchowk),Apple,Other,Medium,2016-09-01 00:00:00,3000.0,8000.0,5500.0,17
Gujarat,Ahmedabad,Ahmedabad(Manekchowk),Apple,Other,Medium,2016-09-02 00:00:00,2000.0,8000.0,5000.0,17
Gujarat,Ahmedabad,Ahmedabad(Manekchowk),Apple,Other,Medium,2016-09-23 00:00:00,3000.0,8000.0,5500.0,17
Gujarat,Ahmedabad,Ahmedabad(Manekchowk),Apple,Other,Medium,2016-10-05 00:00:00,2000.0,8000.0,5500.0,17
Gujarat,Ahmedabad,Ahmedabad(Manekchowk),Apple,Other,Medium,2016-10-10 00:00:00,2000.0,6000.0,4500.0,17
Gujarat,Ahmedabad,Ahmedabad(Manekchowk),Apple,Other,Medium,2016-11-04 00:00:00,2500.0,8000.0,5500.0,17
Gujarat,Ahmedabad,Ahmedabad(Manekchowk),Apple,Other,Medium,2016-12-02 00:00:00,3000.0,8000.0,6000.0,17
Gujarat,Ahmedabad,Ahmedabad(Manekchowk),Apple,Other,Medium,2016-12-03 00:00:00,3000.0,8000.0,6000.0,17
Gujarat,Ahmedabad,Ahmedabad(Manekchowk),Apple,Other,Medium,2016-12-06 00:00:00,3000.0,8000.0,6000.0,17
Gujarat,Ahmedabad,Ahmedabad(Manekchowk),Apple,Other,Medium,2016-12-07 00:00:00,3000.0,7000.0,6000.0,17
Gujarat,Ahmedabad,Ahmedabad(Manekchowk),Apple,Other,Medium,2016-12-09 00:00:00,3000.0,8000.0,6000.0,17
Gujarat,Ahmedabad,Ahmedabad(Manekchowk),Apple,Other,Medium,2016-12-15 00:00:00,3000.0,7000.0,4500.0,17
Gujarat,Ahmedabad,Ahmedabad(Manekchowk),Apple,Other,Medium,2016-12-21 00:00:00,3000.0,9000.0,7000.0,17
Gujarat,Ahmedabad,Ahmedabad(Manekchowk),Apple,Other,Medium,2016-12-23 00:00:00,3000.0,8000.0,6000.0,17
Gujarat,Ahmedabad,Ahmedabad(Manekchowk),Apple,Other,Medium,2016-12-27 00:00:00,3000.0,9000.0,7000.0,17
Gujarat,Banaskanth,Deesa(Deesa Veg Yard),Apple,Other,Medium,2016-02-04 00:00:00,4250.0,6500.0,5375.0,17
Gujarat,Banaskanth,Deesa(Deesa Veg Yard),Apple,Other,Medium,2016-02-24 00:00:00,7000.0,8000.0,7500.0,17
Gujarat,Banaskanth,Deesa(Deesa Veg Yard),Apple,Other,Medium,2016-03-05 00:00:00,6000.0,8000.0,7000.0,17
Gujarat,Banaskanth,Deesa(Deesa Veg Yard),Apple,Other,Medium,2016-03-08 00:00:00,5000.0,8000.0,6500.0,17
Gujarat,Banaskanth,Deesa(Deesa Veg Yard),Apple,Other,Medium,2016-03-09 00:00:00,5000.0,7000.0,6000.0,17
Gujarat,Banaskanth,Deesa(Deesa Veg Yard),Apple,Other,Medium,2016-03-17 00:00:00,5000.0,7000.0,6000.0,17
Gujarat,Banaskanth,Deesa(Deesa Veg Yard),Apple,Other,Medium,2016-04-12 00:00:00,5000.0,7500.0,6250.0,17
Gujarat,Banaskanth,Deesa(Deesa Veg Yard),Apple,Other,Medium,2016-04-27 00:00:00,5000.0,7500.0,6250.0,17
Gujarat,Banaskanth,Deesa(Deesa Veg Yard),Apple,Other,Medium,2016-04-28 00:00:00,5000.0,7500.0,6250.0,17
Gujarat,Banaskanth,Deesa(Deesa Veg Yard),Apple,Other,Medium,2016-05-30 00:00:00,10000.0,12500.0,11250.0,17
Gujarat,Banaskanth,Deesa(Deesa Veg Yard),Apple,Other,Medium,2016-05-31 00:00:00,10000.0,11000.0,10500.0,17
Gujarat,Banaskanth,Deesa(Deesa Veg Yard),Apple,Other,Medium,2016-06-01 00:00:00,8000.0,10000.0,9000.0,17
Gujarat,Banaskanth,Deesa(Deesa Veg Yard),Apple,Other,Medium,2016-06-08 00:00:00,8000.0,10000.0,9000.0,17
Gujarat,Banaskanth,Deesa(Deesa Veg Yard),Apple,Other,Medium,2016-06-10 00:00:00,7500.0,10000.0,8750.0,17
Gujarat,Banaskanth,Deesa(Deesa Veg Yard),Apple,Other,Medium,2016-06-13 00:00:00,7500.0,10000.0,8750.0,17
Gujarat,Banaskanth,Deesa(Deesa Veg Yard),Apple,Other,Medium,2016-06-14 00:00:00,7500.0,10000.0,8750.0,17
Gujarat,Banaskanth,Deesa(Deesa Veg Yard),Apple,Other,Medium,2016-06-15 00:00:00,7500.0,10000.0,8750.0,17
Gujarat,Banaskanth,Deesa(Deesa Veg Yard),Apple,Other,Medium,2016-06-16 00:00:00,7000.0,10000.0,8500.0,17
Gujarat,Banaskanth,Deesa(Deesa Veg Yard),Apple,Other,Medium,2016-06-18 00:00:00,7000.0,10000.0,8500.0,17
Gujarat,Banaskanth,Deesa(Deesa Veg Yard),Apple,Other,Medium,2016-06-22 00:00:00,7500.0,10000.0,8750.0,17
Gujarat,Banaskanth,Deesa(Deesa Veg Yard),Apple,Other,Medium,2016-06-23 00:00:00,7500.0,10000.0,8750.0,17
Gujarat,Banaskanth,Deesa(Deesa Veg Yard),Apple,Other,Medium,2016-06-25 00:00:00,7500.0,10000.0,8750.0,17
Gujarat,Banaskanth,Deesa(Deesa Veg Yard),Apple,Other,Medium,2016-06-27 00:00:00,1500.0,2000.0,1750.0,17
Gujarat,Banaskanth,Deesa(Deesa Veg Yard),Apple,Other,Medium,2016-07-13 00:00:00,8000.0,10000.0,9000.0,17
Gujarat,Banaskanth,Deesa(Deesa Veg Yard),Apple,Other,Medium,2016-07-14 00:00:00,8000.0,10000.0,9000.0,17
Gujarat,Banaskanth,Deesa(Deesa Veg Yard),Apple,Other,Medium,2016-07-26 00:00:00,7500.0,10000.0,8750.0,17
Gujarat,Banaskanth,Deesa(Deesa Veg Yard),Apple,Other,Medium,2016-08-01 00:00:00,7500.0,10000.0,8750.0,17
Gujarat,Banaskanth,Deesa(Deesa Veg Yard),Apple,Other,Medium,2016-08-02 00:00:00,1500.0,2000.0,1750.0,17
Gujarat,Banaskanth,Deesa(Deesa Veg Yard),Apple,Other,Medium,2016-08-19 00:00:00,7500.0,10000.0,8750.0,17
Gujarat,Banaskanth,Deesa(Deesa Veg Yard),Apple,Other,Medium,2016-08-20 00:00:00,7500.0,10000.0,8750.0,17
Gujarat,Banaskanth,Deesa(Deesa Veg Yard),Apple,Other,Medium,2016-08-22 00:00:00,7500.0,10000.0,8750.0,17
Gujarat,Banaskanth,Deesa(Deesa Veg Yard),Apple,Other,Medium,2016-08-31 00:00:00,7500.0,10000.0,8750.0,17
Gujarat,Banaskanth,Deesa(Deesa Veg Yard),Apple,Other,Medium,2016-09-24 00:00:00,7500.0,9000.0,8250.0,17
Gujarat,Banaskanth,Deesa(Deesa Veg Yard),Apple,Other,Medium,2016-09-28 00:00:00,7500.0,9000.0,8250.0,17
Gujarat,Banaskanth,Deesa(Deesa Veg Yard),Apple,Other,Medium,2016-10-07 00:00:00,7500.0,9000.0,8250.0,17
Gujarat,Banaskanth,Deesa(Deesa Veg Yard),Apple,Other,Medium,2016-10-21 00:00:00,8000.0,9000.0,8500.0,17
Gujarat,Banaskanth,Deesa(Deesa Veg Yard),Apple,Other,Medium,2016-10-27 00:00:00,8000.0,9000.0,8500.0,17
Gujarat,Banaskanth,Deesa(Deesa Veg Yard),Apple,Other,Medium,2016-11-07 00:00:00,8000.0,10000.0,9000.0,17
Gujarat,Banaskanth,Deesa(Deesa Veg Yard),Apple,Other,Medium,2016-11-09 00:00:00,8000.0,10000.0,9000.0,17
Gujarat,Banaskanth,Deesa(Deesa Veg Yard),Apple,Other,Medium,2016-11-10 00:00:00,8000.0,10000.0,9000.0,17
Gujarat,Banaskanth,Deesa(Deesa Veg Yard),Apple,Other,Medium,2016-11-12 00:00:00,8000.0,10000.0,9000.0,17
Gujarat,Banaskanth,Deesa(Deesa Veg Yard),Apple,Other,Medium,2016-11-26 00:00:00,3000.0,4000.0,3500.0,17
Gujarat,Banaskanth,Deesa(Deesa Veg Yard),Apple,Other,Medium,2016-12-09 00:00:00,3000.0,3500.0,3250.0,17
Gujarat,Banaskanth,Deesa(Deesa Veg Yard),Apple,Other,Medium,2016-12-10 00:00:00,3000.0,3500.0,3250.0,17
Gujarat,Banaskanth,Deesa(Deesa Veg Yard),Apple,Other,Medium,2016-12-13 00:00:00,2500.0,3500.0,3000.0,17
Gujarat,Banaskanth,Deesa(Deesa Veg Yard),Apple,Other,Medium,2016-12-23 00:00:00,3000.0,4000.0,3500.0,17
Gujarat,Banaskanth,Deesa(Deesa Veg Yard),Apple,Other,Medium,2016-12-28 00:00:00,3000.0,4000.0,3500.0,17
Gujarat,Kachchh,"Anjar(Veg,Sub Yard)",Apple,Other,Medium,2016-01-15 00:00:00,3000.0,6000.0,5000.0,17
Gujarat,Kachchh,"Anjar(Veg,Sub Yard)",Apple,Other,Medium,2016-01-16 00:00:00,3000.0,6000.0,5000.0,17
Gujarat,Kachchh,"Anjar(Veg,Sub Yard)",Apple,Other,Medium,2016-01-21 00:00:00,3000.0,6000.0,5000.0,17
Gujarat,Kachchh,"Anjar(Veg,Sub Yard)",Apple,Other,Medium,2016-01-28 00:00:00,3000.0,7000.0,5000.0,17
Gujarat,Kachchh,"Anjar(Veg,Sub Yard)",Apple,Other,Medium,2016-01-30 00:00:00,3000.0,6000.0,5000.0,17
Gujarat,Kachchh,"Anjar(Veg,Sub Yard)",Apple,Other,Medium,2016-02-02 00:00:00,3000.0,6000.0,5000.0,17
Gujarat,Kachchh,"Anjar(Veg,Sub Yard)",Apple,Other,Medium,2016-02-04 00:00:00,3000.0,6000.0,5000.0,17
Gujarat,Kachchh,"Anjar(Veg,Sub Yard)",Apple,Other,Medium,2016-02-06 00:00:00,3000.0,6000.0,5000.0,17
Gujarat,Kachchh,"Anjar(Veg,Sub Yard)",Apple,Other,Medium,2016-02-10 00:00:00,3000.0,6000.0,5000.0,17
Gujarat,Kachchh,"Anjar(Veg,Sub Yard)",Apple,Other,Medium,2016-02-15 00:00:00,3000.0,6000.0,5000.0,17
Gujarat,Kachchh,"Anjar(Veg,Sub Yard)",Apple,Other,Medium,2016-02-16 00:00:00,3000.0,6000.0,5000.0,17
Gujarat,Kachchh,"Anjar(Veg,Sub Yard)",Apple,Other,Medium,2016-03-22 00:00:00,3000.0,6000.0,5000.0,17
Gujarat,Rajkot,Gondal(Veg.market Gondal),Apple,Apple,Medium,2016-01-05 00:00:00,4000.0,5000.0,4500.0,17
Gujarat,Rajkot,Gondal(Veg.market Gondal),Apple,Apple,Medium,2016-01-07 00:00:00,5500.0,7500.0,6500.0,17
Gujarat,Rajkot,Gondal(Veg.market Gondal),Apple,Apple,Medium,2016-01-23 00:00:00,5000.0,7500.0,6000.0,17
Gujarat,Rajkot,Gondal(Veg.market Gondal),Apple,Apple,Medium,2016-01-30 00:00:00,5000.0,7000.0,6000.0,17
Gujarat,Rajkot,Gondal(Veg.market Gondal),Apple,Apple,Medium,2016-01-31 00:00:00,5000.0,6500.0,6000.0,17
Gujarat,Rajkot,Gondal(Veg.market Gondal),Apple,Apple,Medium,2016-02-03 00:00:00,5500.0,7500.0,6500.0,17
Gujarat,Rajkot,Gondal(Veg.market Gondal),Apple,Apple,Medium,2016-02-11 00:00:00,5500.0,7500.0,6500.0,17
Gujarat,Rajkot,Gondal(Veg.market Gondal),Apple,Apple,Medium,2016-02-14 00:00:00,5000.0,7000.0,6000.0,17
Gujarat,Rajkot,Gondal(Veg.market Gondal),Apple,Apple,Medium,2016-02-17 00:00:00,5500.0,7000.0,6000.0,17
Gujarat,Rajkot,Gondal(Veg.market Gondal),Apple,Apple,Medium,2016-02-19 00:00:00,5500.0,7500.0,6500.0,17
Gujarat,Rajkot,Gondal(Veg.market Gondal),Apple,Apple,Medium,2016-02-23 00:00:00,6000.0,7500.0,6750.0,17
Gujarat,Rajkot,Gondal(Veg.market Gondal),Apple,Apple,Medium,2016-03-04 00:00:00,6000.0,7500.0,6750.0,17
Gujarat,Rajkot,Gondal(Veg.market Gondal),Apple,Apple,Medium,2016-03-09 00:00:00,6000.0,10000.0,8000.0,17
Gujarat,Rajkot,Gondal(Veg.market Gondal),Apple,Apple,Medium,2016-03-10 00:00:00,6000.0,9000.0,8000.0,17
Gujarat,Rajkot,Gondal(Veg.market Gondal),Apple,Apple,Medium,2016-03-11 00:00:00,7500.0,10000.0,8750.0,17
Gujarat,Rajkot,Gondal(Veg.market Gondal),Apple,Apple,Medium,2016-03-26 00:00:00,10000.0,12500.0,11000.0,17
Gujarat,Rajkot,Gondal(Veg.market Gondal),Apple,Apple,Medium,2016-03-28 00:00:00,10500.0,12500.0,11500.0,17
Gujarat,Rajkot,Gondal(Veg.market Gondal),Apple,Apple,Large,2016-04-02 00:00:00,10500.0,12500.0,12000.0,17
Gujarat,Rajkot,Gondal(Veg.market Gondal),Apple,Apple,Medium,2016-04-05 00:00:00,10000.0,11500.0,11000.0,17
Gujarat,Rajkot,Gondal(Veg.market Gondal),Apple,Apple,Medium,2016-04-29 00:00:00,10000.0,11000.0,10500.0,17
Gujarat,Rajkot,Gondal(Veg.market Gondal),Apple,Apple,Medium,2016-05-08 00:00:00,11000.0,12500.0,11000.0,17
Gujarat,Rajkot,Gondal(Veg.market Gondal),Apple,Apple,Medium,2016-05-17 00:00:00,11000.0,12500.0,11500.0,17
Gujarat,Rajkot,Gondal(Veg.market Gondal),Apple,Apple,Medium,2016-05-19 00:00:00,11500.0,12500.0,12000.0,17
Gujarat,Rajkot,Gondal(Veg.market Gondal),Apple,Apple,Medium,2016-06-08 00:00:00,10000.0,13000.0,11500.0,17
Gujarat,Rajkot,Gondal(Veg.market Gondal),Apple,Apple,Medium,2016-06-15 00:00:00,10000.0,15000.0,12500.0,17
Gujarat,Rajkot,Gondal(Veg.market Gondal),Apple,Apple,Medium,2016-06-18 00:00:00,12500.0,15000.0,14000.0,17
Gujarat,Rajkot,Gondal(Veg.market Gondal),Apple,Apple,Medium,2016-06-23 00:00:00,7500.0,12500.0,10000.0,17
Gujarat,Rajkot,Gondal(Veg.market Gondal),Apple,Apple,Medium,2016-07-03 00:00:00,11000.0,14000.0,12500.0,17
Gujarat,Rajkot,Gondal(Veg.market Gondal),Apple,Apple,Medium,2016-07-06 00:00:00,10000.0,14000.0,12000.0,17
Gujarat,Rajkot,Gondal(Veg.market Gondal),Apple,Apple,Medium,2016-07-20 00:00:00,5000.0,15000.0,10000.0,17
Gujarat,Rajkot,Gondal(Veg.market Gondal),Apple,Apple,Medium,2016-07-22 00:00:00,10000.0,15000.0,12500.0,17
Gujarat,Rajkot,Gondal(Veg.market Gondal),Apple,Apple,Medium,2016-08-04 00:00:00,5000.0,15000.0,10000.0,17
Gujarat,Rajkot,Gondal(Veg.market Gondal),Apple,Apple,Medium,2016-08-30 00:00:00,4000.0,8000.0,6000.0,17
Gujarat,Rajkot,Gondal(Veg.market Gondal),Apple,Apple,Medium,2016-09-02 00:00:00,3500.0,10500.0,7000.0,17
Gujarat,Rajkot,Gondal(Veg.market Gondal),Apple,Apple,Medium,2016-09-04 00:00:00,4000.0,9000.0,6000.0,17
Gujarat,Rajkot,Gondal(Veg.market Gondal),Apple,Apple,Medium,2016-09-12 00:00:00,2500.0,9500.0,6000.0,17
Gujarat,Ahmedabad,Ahmedabad,Apple,Other,Large,2002-01-16 00:00:00,3000.0,4500.0,4000.0,17
Gujarat,Ahmedabad,Ahmedabad,Apple,Other,Large,2002-07-22 00:00:00,3000.0,9000.0,6500.0,17
Gujarat,Ahmedabad,"Ahmedabad(Fruit Market, Naroda)",Apple,Other,Small,2014-01-01 00:00:00,8000.0,12000.0,10000.0,17
Gujarat,Ahmedabad,"Ahmedabad(Fruit Market, Naroda)",Apple,Other,Small,2014-01-09 00:00:00,8000.0,12000.0,10000.0,17
Gujarat,Ahmedabad,"Ahmedabad(Fruit Market, Naroda)",Apple,Other,Small,2014-01-24 00:00:00,7000.0,12000.0,10000.0,17
Gujarat,Ahmedabad,"Ahmedabad(Fruit Market, Naroda)",Apple,Other,Small,2014-01-25 00:00:00,10000.0,12000.0,11000.0,17
Gujarat,Ahmedabad,"Ahmedabad(Fruit Market, Naroda)",Apple,Other,Small,2014-01-30 00:00:00,9000.0,12000.0,11000.0,17
Gujarat,Ahmedabad,"Ahmedabad(Fruit Market, Naroda)",Apple,Other,Small,2014-02-03 00:00:00,8000.0,12000.0,11000.0,17
Gujarat,Ahmedabad,"Ahmedabad(Fruit Market, Naroda)",Apple,Other,Small,2014-02-14 00:00:00,8000.0,12000.0,11000.0,17
Gujarat,Ahmedabad,"Ahmedabad(Fruit Market, Naroda)",Apple,Other,Small,2014-02-17 00:00:00,8000.0,12000.0,11000.0,17
Gujarat,Ahmedabad,"Ahmedabad(Fruit Market, Naroda)",Apple,Other,Small,2014-02-28 00:00:00,8000.0,11000.0,9500.0,17
Gujarat,Ahmedabad,"Ahmedabad(Fruit Market, Naroda)",Apple,Other,Small,2014-03-03 00:00:00,8000.0,12000.0,10000.0,17
Gujarat,Ahmedabad,"Ahmedabad(Fruit Market, Naroda)",Apple,Other,Small,2014-03-08 00:00:00,8000.0,12000.0,10000.0,17
Gujarat,Ahmedabad,"Ahmedabad(Fruit Market, Naroda)",Apple,Other,Small,2014-03-15 00:00:00,10000.0,15000.0,13000.0,17
Gujarat,Ahmedabad,"Ahmedabad(Fruit Market, Naroda)",Apple,Other,Small,2014-03-21 00:00:00,10000.0,15000.0,13000.0,17
Gujarat,Ahmedabad,"Ahmedabad(Fruit Market, Naroda)",Apple,Other,Small,2014-03-29 00:00:00,10000.0,15000.0,13000.0,17
Gujarat,Ahmedabad,"Ahmedabad(Fruit Market, Naroda)",Apple,Other,Small,2014-03-31 00:00:00,10000.0,15000.0,13000.0,17
Gujarat,Ahmedabad,"Ahmedabad(Fruit Market, Naroda)",Apple,Other,Small,2014-04-07 00:00:00,12000.0,14000.0,13000.0,17
Gujarat,Ahmedabad,"Ahmedabad(Fruit Market, Naroda)",Apple,Other,Small,2014-04-21 00:00:00,10000.0,12000.0,11500.0,17
Gujarat,Ahmedabad,"Ahmedabad(Fruit Market, Naroda)",Apple,Other,Small,2014-05-09 00:00:00,10000.0,12000.0,11000.0,17
Gujarat,Ahmedabad,"Ahmedabad(Fruit Market, Naroda)",Apple,Other,Small,2014-05-15 00:00:00,10000.0,12000.0,11000.0,17
Gujarat,Ahmedabad,"Ahmedabad(Fruit Market, Naroda)",Apple,Other,Small,2014-05-23 00:00:00,12000.0,15000.0,14000.0,17
Gujarat,Ahmedabad,"Ahmedabad(Fruit Market, Naroda)",Apple,Other,Small,2014-05-27 00:00:00,12000.0,15000.0,14000.0,17
Gujarat,Ahmedabad,"Ahmedabad(Fruit Market, Naroda)",Apple,Other,Small,2014-05-29 00:00:00,10000.0,15000.0,13000.0,17
Gujarat,Ahmedabad,"Ahmedabad(Fruit Market, Naroda)",Apple,Other,Small,2014-05-31 00:00:00,12000.0,15000.0,14000.0,17
Gujarat,Ahmedabad,"Ahmedabad(Fruit Market, Naroda)",Apple,Other,Small,2014-06-03 00:00:00,12000.0,15000.0,14000.0,17
Gujarat,Ahmedabad,"Ahmedabad(Fruit Market, Naroda)",Apple,Other,Small,2014-06-05 00:00:00,12000.0,15000.0,14000.0,17
Gujarat,Ahmedabad,"Ahmedabad(Fruit Market, Naroda)",Apple,Other,Small,2014-06-16 00:00:00,12000.0,15000.0,14000.0,17
Gujarat,Ahmedabad,"Ahmedabad(Fruit Market, Naroda)",Apple,Other,Small,2014-06-30 00:00:00,12000.0,15000.0,14000.0,17
Gujarat,Ahmedabad,"Ahmedabad(Fruit Market, Naroda)",Apple,Other,Small,2014-07-05 00:00:00,12000.0,16000.0,14000.0,17
Gujarat,Ahmedabad,"Ahmedabad(Fruit Market, Naroda)",Apple,Other,Small,2014-07-12 00:00:00,12000.0,18000.0,15000.0,17
Gujarat,Ahmedabad,"Ahmedabad(Fruit Market, Naroda)",Apple,Other,Small,2014-07-16 00:00:00,12000.0,17000.0,15000.0,17
Gujarat,Ahmedabad,"Ahmedabad(Fruit Market, Naroda)",Apple,Other,Small,2014-07-17 00:00:00,10000.0,16000.0,15000.0,17
Gujarat,Ahmedabad,"Ahmedabad(Fruit Market, Naroda)",Apple,Other,Small,2014-07-22 00:00:00,10000.0,20000.0,15000.0,17
Gujarat,Ahmedabad,"Ahmedabad(Fruit Market, Naroda)",Apple,Other,Small,2014-07-23 00:00:00,12000.0,16000.0,14000.0,17
Gujarat,Ahmedabad,"Ahmedabad(Fruit Market, Naroda)",Apple,Other,Small,2014-07-26 00:00:00,12000.0,18000.0,15000.0,17
Gujarat,Ahmedabad,"Ahmedabad(Fruit Market, Naroda)",Apple,Other,Small,2014-08-11 00:00:00,8000.0,14000.0,11000.0,17
Gujarat,Ahmedabad,"Ahmedabad(Fruit Market, Naroda)",Apple,Other,Small,2014-08-16 00:00:00,10000.0,15000.0,13000.0,17
Gujarat,Ahmedabad,"Ahmedabad(Fruit Market, Naroda)",Apple,Other,Small,2014-08-22 00:00:00,5000.0,8000.0,7000.0,17
Gujarat,Ahmedabad,"Ahmedabad(Fruit Market, Naroda)",Apple,Other,Small,2014-09-08 00:00:00,5000.0,10000.0,8000.0,17
Gujarat,Ahmedabad,"Ahmedabad(Fruit Market, Naroda)",Apple,Other,Small,2014-09-12 00:00:00,5000.0,8000.0,7000.0,17
Gujarat,Ahmedabad,"Ahmedabad(Fruit Market, Naroda)",Apple,Other,Small,2014-09-16 00:00:00,6000.0,10000.0,8000.0,17
Gujarat,Ahmedabad,"Ahmedabad(Fruit Market, Naroda)",Apple,Other,Small,2014-09-17 00:00:00,8000.0,10000.0,9000.0,17
Gujarat,Ahmedabad,"Ahmedabad(Fruit Market, Naroda)",Apple,Other,Small,2014-09-18 00:00:00,6000.0,10000.0,8000.0,17
Gujarat,Ahmedabad,"Ahmedabad(Fruit Market, Naroda)",Apple,Other,Small,2014-09-23 00:00:00,8000.0,10000.0,9000.0,17
Gujarat,Ahmedabad,"Ahmedabad(Fruit Market, Naroda)",Apple,Other,Small,2014-10-10 00:00:00,4000.0,8000.0,6500.0,17
Gujarat,Ahmedabad,"Ahmedabad(Fruit Market, Naroda)",Apple,Other,Small,2014-10-13 00:00:00,5000.0,7000.0,6000.0,17
Gujarat,Ahmedabad,"Ahmedabad(Fruit Market, Naroda)",Apple,Other,Small,2014-10-14 00:00:00,5000.0,7000.0,6000.0,17
Gujarat,Ahmedabad,"Ahmedabad(Fruit Market, Naroda)",Apple,Other,Small,2014-10-17 00:00:00,5000.0,8000.0,7000.0,17
Gujarat,Ahmedabad,"Ahmedabad(Fruit Market, Naroda)",Apple,Other,Small,2014-10-23 00:00:00,5000.0,8000.0,7000.0,17
Gujarat,Ahmedabad,"Ahmedabad(Fruit Market, Naroda)",Apple,Other,Small,2014-10-27 00:00:00,4000.0,8000.0,7000.0,17
Gujarat,Ahmedabad,"Ahmedabad(Fruit Market, Naroda)",Apple,Other,Small,2014-10-28 00:00:00,5000.0,8000.0,7000.0,17
Gujarat,Ahmedabad,"Ahmedabad(Fruit Market, Naroda)",Apple,Other,Small,2014-10-30 00:00:00,6000.0,8000.0,7500.0,17
Gujarat,Ahmedabad,"Ahmedabad(Fruit Market, Naroda)",Apple,Other,Small,2014-11-08 00:00:00,6000.0,8000.0,7500.0,17
Gujarat,Ahmedabad,"Ahmedabad(Fruit Market, Naroda)",Apple,Other,Small,2014-11-15 00:00:00,6000.0,10000.0,9000.0,17
Gujarat,Ahmedabad,"Ahmedabad(Fruit Market, Naroda)",Apple,Other,Small,2014-11-17 00:00:00,5000.0,8000.0,7000.0,17
Gujarat,Ahmedabad,"Ahmedabad(Fruit Market, Naroda)",Apple,Other,Small,2014-11-21 00:00:00,6000.0,10000.0,9000.0,17
Gujarat,Ahmedabad,"Ahmedabad(Fruit Market, Naroda)",Apple,Other,Small,2014-11-22 00:00:00,6000.0,8000.0,7500.0,17
Gujarat,Ahmedabad,"Ahmedabad(Fruit Market, Naroda)",Apple,Other,Small,2014-11-24 00:00:00,6000.0,10000.0,9000.0,17
Gujarat,Ahmedabad,"Ahmedabad(Fruit Market, Naroda)",Apple,Other,Small,2014-11-25 00:00:00,6000.0,10000.0,9500.0,17
Gujarat,Ahmedabad,"Ahmedabad(Fruit Market, Naroda)",Apple,Other,Small,2014-11-27 00:00:00,7000.0,10000.0,9000.0,17
Gujarat,Ahmedabad,"Ahmedabad(Fruit Market, Naroda)",Apple,Other,Small,2014-11-29 00:00:00,6000.0,10000.0,9000.0,17
Gujarat,Ahmedabad,"Ahmedabad(Fruit Market, Naroda)",Apple,Other,Small,2014-12-06 00:00:00,7000.0,11000.0,10000.0,17
Gujarat,Ahmedabad,"Ahmedabad(Fruit Market, Naroda)",Apple,Other,Small,2014-12-18 00:00:00,7000.0,10000.0,9000.0,17
Gujarat,Ahmedabad,"Ahmedabad(Fruit Market, Naroda)",Apple,Other,Small,2014-12-26 00:00:00,6000.0,8000.0,7500.0,17
Gujarat,Ahmedabad,"Ahmedabad(Fruit Market, Naroda)",Apple,Other,Small,2014-12-27 00:00:00,6000.0,10000.0,9000.0,17
Gujarat,Ahmedabad,Ahmedabad(Manekchowk),Apple,Other,Small,2014-01-11 00:00:00,8000.0,12000.0,10000.0,17
Gujarat,Ahmedabad,Ahmedabad(Manekchowk),Apple,Other,Small,2014-01-27 00:00:00,10000.0,12000.0,11000.0,17
Gujarat,Ahmedabad,Ahmedabad(Manekchowk),Apple,Other,Small,2014-02-14 00:00:00,8000.0,12000.0,11000.0,17
Gujarat,Ahmedabad,Ahmedabad(Manekchowk),Apple,Other,Small,2014-03-26 00:00:00,10000.0,15000.0,13000.0,17
Gujarat,Ahmedabad,Ahmedabad(Manekchowk),Apple,Other,Small,2014-03-31 00:00:00,10000.0,15000.0,13000.0,17
Gujarat,Ahmedabad,Ahmedabad(Manekchowk),Apple,Other,Small,2014-04-03 00:00:00,10000.0,15000.0,13000.0,17
Gujarat,Ahmedabad,Ahmedabad(Manekchowk),Apple,Other,Small,2014-04-05 00:00:00,12000.0,15000.0,14000.0,17
Gujarat,Ahmedabad,Ahmedabad(Manekchowk),Apple,Other,Small,2014-04-12 00:00:00,10000.0,12000.0,11000.0,17
Gujarat,Ahmedabad,Ahmedabad(Manekchowk),Apple,Other,Small,2014-04-16 00:00:00,12000.0,15000.0,14000.0,17
Gujarat,Ahmedabad,Ahmedabad(Manekchowk),Apple,Other,Small,2014-04-25 00:00:00,8000.0,10000.0,9000.0,17
Gujarat,Ahmedabad,Ahmedabad(Manekchowk),Apple,Other,Small,2014-05-08 00:00:00,12000.0,15000.0,14000.0,17
Gujarat,Ahmedabad,Ahmedabad(Manekchowk),Apple,Other,Small,2014-05-14 00:00:00,12000.0,15000.0,14000.0,17
Gujarat,Ahmedabad,Ahmedabad(Manekchowk),Apple,Other,Small,2014-05-16 00:00:00,10000.0,12000.0,11000.0,17
Gujarat,Ahmedabad,Ahmedabad(Manekchowk),Apple,Other,Small,2014-05-23 00:00:00,12000.0,15000.0,14000.0,17
Gujarat,Ahmedabad,Ahmedabad(Manekchowk),Apple,Other,Small,2014-05-27 00:00:00,12000.0,15000.0,14000.0,17
Gujarat,Ahmedabad,Ahmedabad(Manekchowk),Apple,Other,Small,2014-06-04 00:00:00,12000.0,15000.0,13000.0,17
Gujarat,Ahmedabad,Ahmedabad(Manekchowk),Apple,Other,Small,2014-06-11 00:00:00,14000.0,16000.0,15000.0,17
Gujarat,Ahmedabad,Ahmedabad(Manekchowk),Apple,Other,Small,2014-06-12 00:00:00,14000.0,16000.0,15000.0,17
Gujarat,Ahmedabad,Ahmedabad(Manekchowk),Apple,Other,Small,2014-06-13 00:00:00,12000.0,15000.0,14000.0,17
Gujarat,Ahmedabad,Ahmedabad(Manekchowk),Apple,Other,Small,2014-06-16 00:00:00,12000.0,15000.0,14000.0,17
Gujarat,Ahmedabad,Ahmedabad(Manekchowk),Apple,Other,Small,2014-06-17 00:00:00,14000.0,16000.0,15000.0,17
Gujarat,Ahmedabad,Ahmedabad(Manekchowk),Apple,Other,Small,2014-06-19 00:00:00,12000.0,15000.0,14000.0,17
Gujarat,Ahmedabad,Ahmedabad(Manekchowk),Apple,Other,Small,2014-06-21 00:00:00,10000.0,12000.0,11000.0,17
Gujarat,Ahmedabad,Ahmedabad(Manekchowk),Apple,Other,Small,2014-07-03 00:00:00,14000.0,18000.0,17000.0,17
Gujarat,Ahmedabad,Ahmedabad(Manekchowk),Apple,Other,Small,2014-07-04 00:00:00,10000.0,15000.0,13000.0,17
Gujarat,Ahmedabad,Ahmedabad(Manekchowk),Apple,Other,Small,2014-07-07 00:00:00,12000.0,18000.0,15000.0,17
Gujarat,Ahmedabad,Ahmedabad(Manekchowk),Apple,Other,Small,2014-07-10 00:00:00,12000.0,17000.0,15000.0,17
Gujarat,Ahmedabad,Ahmedabad(Manekchowk),Apple,Other,Small,2014-07-12 00:00:00,12000.0,18000.0,15000.0,17
Gujarat,Ahmedabad,Ahmedabad(Manekchowk),Apple,Other,Small,2014-07-15 00:00:00,12000.0,17000.0,15000.0,17
Gujarat,Ahmedabad,Ahmedabad(Manekchowk),Apple,Other,Small,2014-07-18 00:00:00,10000.0,16000.0,13000.0,17
Gujarat,Ahmedabad,Ahmedabad(Manekchowk),Apple,Other,Small,2014-07-21 00:00:00,10000.0,15000.0,13000.0,17
Gujarat,Ahmedabad,Ahmedabad(Manekchowk),Apple,Other,Small,2014-07-22 00:00:00,10000.0,20000.0,15000.0,17
Gujarat,Ahmedabad,Ahmedabad(Manekchowk),Apple,Other,Small,2014-07-26 00:00:00,12000.0,18000.0,15000.0,17
Gujarat,Ahmedabad,Ahmedabad(Manekchowk),Apple,Other,Small,2014-08-04 00:00:00,12000.0,15000.0,14000.0,17
Gujarat,Ahmedabad,Ahmedabad(Manekchowk),Apple,Other,Small,2014-08-14 00:00:00,12000.0,18000.0,15000.0,17
Gujarat,Ahmedabad,Ahmedabad(Manekchowk),Apple,Other,Small,2014-08-15 00:00:00,5000.0,15000.0,11000.0,17
Gujarat,Ahmedabad,Ahmedabad(Manekchowk),Apple,Other,Small,2014-09-01 00:00:00,5000.0,8000.0,7000.0,17
Gujarat,Ahmedabad,Ahmedabad(Manekchowk),Apple,Other,Small,2014-09-04 00:00:00,5000.0,8000.0,7000.0,17
Gujarat,Ahmedabad,Ahmedabad(Manekchowk),Apple,Other,Small,2014-09-06 00:00:00,4000.0,8000.0,7000.0,17
Gujarat,Ahmedabad,Ahmedabad(Manekchowk),Apple,Other,Small,2014-09-12 00:00:00,5000.0,8000.0,7000.0,17
Gujarat,Ahmedabad,Ahmedabad(Manekchowk),Apple,Other,Small,2014-09-13 00:00:00,6000.0,10000.0,8000.0,17
Gujarat,Ahmedabad,Ahmedabad(Manekchowk),Apple,Other,Small,2014-09-22 00:00:00,8000.0,12000.0,10000.0,17
Gujarat,Ahmedabad,Ahmedabad(Manekchowk),Apple,Other,Small,2014-09-25 00:00:00,8000.0,12000.0,11000.0,17
Gujarat,Ahmedabad,Ahmedabad(Manekchowk),Apple,Other,Small,2014-10-01 00:00:00,5000.0,8000.0,7000.0,17
Gujarat,Ahmedabad,Ahmedabad(Manekchowk),Apple,Other,Small,2014-10-10 00:00:00,4000.0,8000.0,6500.0,17
Gujarat,Ahmedabad,Ahmedabad(Manekchowk),Apple,Other,Small,2014-10-20 00:00:00,5000.0,8000.0,7000.0,17
Gujarat,Ahmedabad,Ahmedabad(Manekchowk),Apple,Other,Small,2014-11-06 00:00:00,6000.0,8000.0,7500.0,17
Gujarat,Ahmedabad,Ahmedabad(Manekchowk),Apple,Other,Small,2014-11-17 00:00:00,5000.0,8000.0,7000.0,17
Gujarat,Ahmedabad,Ahmedabad(Manekchowk),Apple,Other,Small,2014-11-22 00:00:00,6000.0,8000.0,7500.0,17
Gujarat,Ahmedabad,Ahmedabad(Manekchowk),Apple,Other,Small,2014-12-04 00:00:00,6000.0,10000.0,9000.0,17
Gujarat,Ahmedabad,Ahmedabad(Manekchowk),Apple,Other,Small,2014-12-06 00:00:00,7000.0,11000.0,10000.0,17
Gujarat,Ahmedabad,Ahmedabad(Manekchowk),Apple,Other,Small,2014-12-10 00:00:00,6000.0,11000.0,9000.0,17
Gujarat,Ahmedabad,Ahmedabad(Manekchowk),Apple,Other,Small,2014-12-12 00:00:00,7000.0,10000.0,9000.0,17
Gujarat,Ahmedabad,Ahmedabad(Manekchowk),Apple,Other,Small,2014-12-15 00:00:00,6000.0,10000.0,9000.0,17
Gujarat,Ahmedabad,Ahmedabad(Manekchowk),Apple,Other,Small,2014-12-19 00:00:00,7000.0,10000.0,9000.0,17
Gujarat,Ahmedabad,Ahmedabad(Manekchowk),Apple,Other,Small,2014-12-24 00:00:00,7000.0,10000.0,9000.0,17
Gujarat,Ahmedabad,Ahmedabad(Manekchowk),Apple,Other,Small,2014-12-29 00:00:00,7000.0,10000.0,9000.0,17
Gujarat,Banaskanth,Deesa(Deesa Veg Yard),Apple,Other,Medium,2014-01-04 00:00:00,1000.0,1300.0,1200.0,17
Gujarat,Banaskanth,Deesa(Deesa Veg Yard),Apple,Other,Medium,2014-01-06 00:00:00,1200.0,1300.0,1250.0,17
Gujarat,Banaskanth,Deesa(Deesa Veg Yard),Apple,Other,Medium,2014-03-04 00:00:00,7000.0,8250.0,7625.0,17
Gujarat,Banaskanth,Deesa(Deesa Veg Yard),Apple,Other,Medium,2014-03-05 00:00:00,7000.0,12000.0,9500.0,17
Gujarat,Banaskanth,Deesa(Deesa Veg Yard),Apple,Other,Medium,2014-03-10 00:00:00,7000.0,12000.0,9500.0,17
Gujarat,Banaskanth,Deesa(Deesa Veg Yard),Apple,Other,Medium,2014-03-21 00:00:00,10000.0,12000.0,11000.0,17
Gujarat,Banaskanth,Deesa(Deesa Veg Yard),Apple,Other,Medium,2014-03-25 00:00:00,10000.0,12000.0,11000.0,17
Gujarat,Banaskanth,Deesa(Deesa Veg Yard),Apple,Other,Medium,2014-06-04 00:00:00,10000.0,15000.0,12500.0,17
Gujarat,Banaskanth,Deesa(Deesa Veg Yard),Apple,Other,Medium,2014-06-05 00:00:00,10000.0,15000.0,12500.0,17
Gujarat,Banaskanth,Deesa(Deesa Veg Yard),Apple,Other,Medium,2014-06-06 00:00:00,12500.0,14000.0,13250.0,17
Gujarat,Banaskanth,Deesa(Deesa Veg Yard),Apple,Other,Medium,2014-06-07 00:00:00,12500.0,14000.0,13250.0,17
Gujarat,Banaskanth,Deesa(Deesa Veg Yard),Apple,Other,Medium,2014-06-13 00:00:00,10000.0,12000.0,11000.0,17
Gujarat,Banaskanth,Deesa(Deesa Veg Yard),Apple,Other,Medium,2014-06-14 00:00:00,10000.0,12000.0,11000.0,17
Gujarat,Banaskanth,Deesa(Deesa Veg Yard),Apple,Other,Medium,2014-07-03 00:00:00,10000.0,15000.0,12500.0,17
Gujarat,Banaskanth,Deesa(Deesa Veg Yard),Apple,Other,Medium,2014-07-07 00:00:00,10000.0,15000.0,12500.0,17
Gujarat,Banaskanth,Deesa(Deesa Veg Yard),Apple,Other,Medium,2014-07-14 00:00:00,10000.0,15000.0,12500.0,17
Gujarat,Banaskanth,Deesa(Deesa Veg Yard),Apple,Other,Medium,2014-07-16 00:00:00,10000.0,15000.0,12500.0,17
Gujarat,Banaskanth,Deesa(Deesa Veg Yard),Apple,Other,Medium,2014-07-30 00:00:00,14000.0,15000.0,14500.0,17
Gujarat,Banaskanth,Deesa(Deesa Veg Yard),Apple,Other,Medium,2014-08-05 00:00:00,14000.0,15000.0,14500.0,17
Gujarat,Banaskanth,Deesa(Deesa Veg Yard),Apple,Other,Medium,2014-08-09 00:00:00,14000.0,15000.0,14500.0,17
Gujarat,Banaskanth,Deesa(Deesa Veg Yard),Apple,Other,Medium,2014-08-12 00:00:00,12000.0,15000.0,13500.0,17
Gujarat,Banaskanth,Deesa(Deesa Veg Yard),Apple,Other,Medium,2014-08-13 00:00:00,12000.0,15000.0,13500.0,17
Gujarat,Banaskanth,Deesa(Deesa Veg Yard),Apple,Other,Medium,2014-08-19 00:00:00,12000.0,15000.0,13500.0,17
Gujarat,Banaskanth,Deesa(Deesa Veg Yard),Apple,Other,Medium,2014-08-22 00:00:00,12000.0,15000.0,13500.0,17
Gujarat,Banaskanth,Deesa(Deesa Veg Yard),Apple,Other,Medium,2014-08-23 00:00:00,12000.0,15000.0,13500.0,17
Gujarat,Banaskanth,Deesa(Deesa Veg Yard),Apple,Other,Medium,2014-09-11 00:00:00,10000.0,13000.0,11500.0,17
Gujarat,Banaskanth,Deesa(Deesa Veg Yard),Apple,Other,Medium,2014-09-16 00:00:00,10000.0,12000.0,11000.0,17
Gujarat,Banaskanth,Deesa(Deesa Veg Yard),Apple,Other,Medium,2014-09-25 00:00:00,9000.0,12000.0,10500.0,17
Gujarat,Banaskanth,Deesa(Deesa Veg Yard),Apple,Other,Medium,2014-12-26 00:00:00,2000.0,4000.0,3000.0,17
Gujarat,Gandhinagar,Mansa,Apple,Apple,Medium,2014-02-08 00:00:00,6000.0,6500.0,6000.0,17
Gujarat,Junagarh,Keshod,Apple,Apple,Medium,2014-12-10 00:00:00,5550.0,6750.0,6200.0,17
Gujarat,Junagarh,Keshod,Apple,Apple,Medium,2014-12-18 00:00:00,5650.0,7800.0,7000.0,17
Gujarat,Vadodara(Baroda),Vadodara(Navapura),Apple,Other,Medium,2014-01-05 00:00:00,5000.0,8000.0,6500.0,17
Gujarat,Vadodara(Baroda),Vadodara(Navapura),Apple,Other,Medium,2014-01-07 00:00:00,5000.0,8000.0,6500.0,17
Gujarat,Vadodara(Baroda),Vadodara(Navapura),Apple,Other,Medium,2014-01-10 00:00:00,5000.0,8000.0,6500.0,17
Gujarat,Vadodara(Baroda),Vadodara(Navapura),Apple,Other,Medium,2014-01-17 00:00:00,5000.0,8000.0,6500.0,17
Gujarat,Vadodara(Baroda),Vadodara(Navapura),Apple,Other,Medium,2014-01-19 00:00:00,5000.0,8000.0,6500.0,17
Gujarat,Vadodara(Baroda),Vadodara(Navapura),Apple,Other,Medium,2014-01-21 00:00:00,5000.0,8000.0,6500.0,17
Gujarat,Vadodara(Baroda),Vadodara(Navapura),Apple,Other,Medium,2014-01-22 00:00:00,5000.0,8000.0,6500.0,17
Gujarat,Vadodara(Baroda),Vadodara(Navapura),Apple,Other,Medium,2014-01-24 00:00:00,5000.0,8000.0,6500.0,17
Gujarat,Vadodara(Baroda),Vadodara(Navapura),Apple,Other,Medium,2014-02-03 00:00:00,4000.0,7000.0,5500.0,17
Gujarat,Vadodara(Baroda),Vadodara(Navapura),Apple,Other,Medium,2014-02-04 00:00:00,4000.0,7000.0,5500.0,17
Gujarat,Vadodara(Baroda),Vadodara(Navapura),Apple,Other,Medium,2014-02-10 00:00:00,4000.0,7000.0,5500.0,17
Gujarat,Vadodara(Baroda),Vadodara(Navapura),Apple,Other,Medium,2014-03-09 00:00:00,4000.0,7000.0,5500.0,17
Gujarat,Vadodara(Baroda),Vadodara(Navapura),Apple,Other,Medium,2014-03-13 00:00:00,4000.0,7000.0,5500.0,17
Gujarat,Vadodara(Baroda),Vadodara(Navapura),Apple,Other,Medium,2014-03-16 00:00:00,4000.0,7000.0,5500.0,17
Gujarat,Vadodara(Baroda),Vadodara(Navapura),Apple,Other,Medium,2014-03-20 00:00:00,4000.0,7000.0,5500.0,17
Gujarat,Vadodara(Baroda),Vadodara(Navapura),Apple,Other,Medium,2014-03-21 00:00:00,4000.0,7000.0,5500.0,17
Gujarat,Vadodara(Baroda),Vadodara(Navapura),Apple,Other,Medium,2014-03-24 00:00:00,4000.0,7000.0,5500.0,17
Gujarat,Vadodara(Baroda),Vadodara(Navapura),Apple,Other,Medium,2014-04-03 00:00:00,4000.0,7000.0,5500.0,17
Gujarat,Vadodara(Baroda),Vadodara(Navapura),Apple,Other,Medium,2014-04-14 00:00:00,4000.0,7000.0,5500.0,17
Gujarat,Vadodara(Baroda),Vadodara(Navapura),Apple,Other,Medium,2014-04-15 00:00:00,4000.0,7000.0,5500.0,17
Gujarat,Vadodara(Baroda),Vadodara(Navapura),Apple,Other,Medium,2014-04-22 00:00:00,4000.0,7000.0,5500.0,17
Gujarat,Vadodara(Baroda),Vadodara(Navapura),Apple,Other,Medium,2014-05-03 00:00:00,4000.0,7700.0,5500.0,17
Gujarat,Vadodara(Baroda),Vadodara(Navapura),Apple,Other,Medium,2014-05-04 00:00:00,4000.0,7700.0,5500.0,17
Gujarat,Vadodara(Baroda),Vadodara(Navapura),Apple,Other,Medium,2014-05-16 00:00:00,4000.0,7700.0,5500.0,17
Gujarat,Vadodara(Baroda),Vadodara(Navapura),Apple,Other,Medium,2014-05-25 00:00:00,4000.0,7700.0,5500.0,17
Gujarat,Vadodara(Baroda),Vadodara(Navapura),Apple,Other,Medium,2014-05-27 00:00:00,4000.0,7700.0,5500.0,17
Gujarat,Vadodara(Baroda),Vadodara(Navapura),Apple,Other,Medium,2014-05-28 00:00:00,4000.0,7700.0,5500.0,17
Gujarat,Vadodara(Baroda),Vadodara(Navapura),Apple,Other,Medium,2014-06-11 00:00:00,4000.0,7000.0,5000.0,17
Gujarat,Vadodara(Baroda),Vadodara(Navapura),Apple,Other,Medium,2014-06-12 00:00:00,4000.0,7000.0,5000.0,17
Gujarat,Vadodara(Baroda),Vadodara(Navapura),Apple,Other,Medium,2014-06-21 00:00:00,5000.0,9000.0,7000.0,17
Gujarat,Vadodara(Baroda),Vadodara(Navapura),Apple,Other,Medium,2014-06-25 00:00:00,5000.0,9000.0,7000.0,17
Gujarat,Vadodara(Baroda),Vadodara(Navapura),Apple,Other,Medium,2014-06-27 00:00:00,5000.0,9000.0,7000.0,17
Gujarat,Vadodara(Baroda),Vadodara(Navapura),Apple,Other,Medium,2014-07-02 00:00:00,5000.0,9000.0,7000.0,17
Gujarat,Vadodara(Baroda),Vadodara(Navapura),Apple,Other,Medium,2014-07-09 00:00:00,5000.0,9000.0,7000.0,17
Gujarat,Vadodara(Baroda),Vadodara(Navapura),Apple,Other,Medium,2014-07-17 00:00:00,5000.0,9000.0,7000.0,17
Gujarat,Vadodara(Baroda),Vadodara(Navapura),Apple,Other,Medium,2014-07-21 00:00:00,5000.0,9000.0,7000.0,17
Gujarat,Vadodara(Baroda),Vadodara(Navapura),Apple,Other,Medium,2014-07-26 00:00:00,3000.0,8000.0,6000.0,17
Gujarat,Vadodara(Baroda),Vadodara(Navapura),Apple,Other,Medium,2014-07-29 00:00:00,3000.0,8000.0,6000.0,17
Gujarat,Vadodara(Baroda),Vadodara(Navapura),Apple,Other,Medium,2014-07-30 00:00:00,3000.0,8000.0,6000.0,17
Gujarat,Vadodara(Baroda),Vadodara(Navapura),Apple,Other,Medium,2014-08-08 00:00:00,4000.0,8000.0,6000.0,17
Gujarat,Vadodara(Baroda),Vadodara(Navapura),Apple,Other,Medium,2014-08-09 00:00:00,4000.0,8000.0,6000.0,17
Gujarat,Vadodara(Baroda),Vadodara(Navapura),Apple,Other,Medium,2014-08-15 00:00:00,4000.0,8000.0,6000.0,17
Gujarat,Vadodara(Baroda),Vadodara(Navapura),Apple,Other,Medium,2014-08-21 00:00:00,4000.0,8000.0,6000.0,17
Gujarat,Vadodara(Baroda),Vadodara(Navapura),Apple,Other,Medium,2014-09-06 00:00:00,2500.0,6000.0,4000.0,17
Gujarat,Vadodara(Baroda),Vadodara(Navapura),Apple,Other,Medium,2014-09-28 00:00:00,2500.0,5000.0,4000.0,17
Gujarat,Vadodara(Baroda),Vadodara(Navapura),Apple,Other,Medium,2014-10-09 00:00:00,2500.0,6000.0,4000.0,17
Gujarat,Vadodara(Baroda),Vadodara(Navapura),Apple,Other,Medium,2014-10-14 00:00:00,2500.0,6000.0,4000.0,17
Gujarat,Vadodara(Baroda),Vadodara(Navapura),Apple,Other,Medium,2014-10-16 00:00:00,2500.0,6000.0,4000.0,17
Gujarat,Vadodara(Baroda),Vadodara(Navapura),Apple,Other,Medium,2014-10-17 00:00:00,2000.0,5000.0,3000.0,17
Gujarat,Vadodara(Baroda),Vadodara(Navapura),Apple,Other,Medium,2014-10-28 00:00:00,2000.0,5000.0,3000.0,17
Gujarat,Vadodara(Baroda),Vadodara(Navapura),Apple,Other,Medium,2014-10-29 00:00:00,2000.0,5000.0,3000.0,17
Gujarat,Vadodara(Baroda),Vadodara(Navapura),Apple,Other,Medium,2014-11-10 00:00:00,2200.0,6000.0,4000.0,17
Gujarat,Vadodara(Baroda),Vadodara(Navapura),Apple,Other,Medium,2014-11-11 00:00:00,2200.0,6000.0,4000.0,17
Gujarat,Vadodara(Baroda),Vadodara(Navapura),Apple,Other,Medium,2014-11-29 00:00:00,2000.0,6000.0,4000.0,17
Gujarat,Vadodara(Baroda),Vadodara(Navapura),Apple,Other,Medium,2014-12-08 00:00:00,2800.0,6000.0,4500.0,17
Gujarat,Vadodara(Baroda),Vadodara(Navapura),Apple,Other,Medium,2014-12-12 00:00:00,2800.0,6000.0,4500.0,17
Gujarat,Vadodara(Baroda),Vadodara(Navapura),Apple,Other,Medium,2014-12-13 00:00:00,2800.0,6000.0,4500.0,17
Gujarat,Vadodara(Baroda),Vadodara(Navapura),Apple,Other,Medium,2014-12-28 00:00:00,2800.0,6000.0,4500.0,17
Gujarat,Vadodara(Baroda),Vadodara(Navapura),Apple,Other,Medium,2014-12-30 00:00:00,2800.0,6000.0,4500.0,17
Gujarat,Ahmedabad,"Ahmedabad(Fruit Market, Naroda)",Apple,Other,Small,2013-01-10 00:00:00,6000.0,10000.0,8150.0,17
Gujarat,Ahmedabad,"Ahmedabad(Fruit Market, Naroda)",Apple,Other,Small,2013-01-11 00:00:00,6000.0,10000.0,8150.0,17
Gujarat,Ahmedabad,"Ahmedabad(Fruit Market, Naroda)",Apple,Other,Small,2013-01-18 00:00:00,6000.0,8000.0,7050.0,17
Gujarat,Ahmedabad,"Ahmedabad(Fruit Market, Naroda)",Apple,Other,Small,2013-01-31 00:00:00,8000.0,12000.0,10000.0,17
Gujarat,Ahmedabad,"Ahmedabad(Fruit Market, Naroda)",Apple,Other,Small,2013-02-05 00:00:00,8000.0,12000.0,10000.0,17
Gujarat,Ahmedabad,"Ahmedabad(Fruit Market, Naroda)",Apple,Other,Small,2013-02-08 00:00:00,8000.0,12000.0,10050.0,17
Gujarat,Ahmedabad,"Ahmedabad(Fruit Market, Naroda)",Apple,Other,Small,2013-02-14 00:00:00,8000.0,12000.0,10050.0,17
Gujarat,Ahmedabad,"Ahmedabad(Fruit Market, Naroda)",Apple,Other,Small,2013-03-02 00:00:00,7000.0,10000.0,8750.0,17
Gujarat,Ahmedabad,"Ahmedabad(Fruit Market, Naroda)",Apple,Other,Small,2013-03-04 00:00:00,7000.0,10000.0,8550.0,17
Gujarat,Ahmedabad,"Ahmedabad(Fruit Market, Naroda)",Apple,Other,Small,2013-03-07 00:00:00,10000.0,12000.0,11050.0,17
Gujarat,Ahmedabad,"Ahmedabad(Fruit Market, Naroda)",Apple,Other,Small,2013-03-13 00:00:00,8000.0,10000.0,9050.0,17
Gujarat,Ahmedabad,"Ahmedabad(Fruit Market, Naroda)",Apple,Other,Small,2013-03-18 00:00:00,8000.0,12000.0,11000.0,17
Gujarat,Ahmedabad,"Ahmedabad(Fruit Market, Naroda)",Apple,Other,Small,2013-03-19 00:00:00,10000.0,12000.0,11500.0,17
Gujarat,Ahmedabad,"Ahmedabad(Fruit Market, Naroda)",Apple,Other,Small,2013-03-20 00:00:00,10000.0,12000.0,11050.0,17
Gujarat,Ahmedabad,"Ahmedabad(Fruit Market, Naroda)",Apple,Other,Small,2013-03-23 00:00:00,12000.0,14000.0,13050.0,17
Gujarat,Ahmedabad,"Ahmedabad(Fruit Market, Naroda)",Apple,Other,Small,2013-04-08 00:00:00,8000.0,10000.0,9150.0,17
Gujarat,Ahmedabad,"Ahmedabad(Fruit Market, Naroda)",Apple,Other,Small,2013-04-13 00:00:00,10000.0,12000.0,11050.0,17
Gujarat,Ahmedabad,"Ahmedabad(Fruit Market, Naroda)",Apple,Other,Small,2013-04-19 00:00:00,8000.0,14000.0,11050.0,17
Gujarat,Ahmedabad,"Ahmedabad(Fruit Market, Naroda)",Apple,Other,Small,2013-04-29 00:00:00,8000.0,10000.0,9050.0,17
Gujarat,Ahmedabad,"Ahmedabad(Fruit Market, Naroda)",Apple,Other,Small,2013-05-06 00:00:00,10000.0,13000.0,12000.0,17
Gujarat,Ahmedabad,"Ahmedabad(Fruit Market, Naroda)",Apple,Other,Small,2013-05-09 00:00:00,10000.0,13000.0,12000.0,17
Gujarat,Ahmedabad,"Ahmedabad(Fruit Market, Naroda)",Apple,Other,Small,2013-05-11 00:00:00,10000.0,15000.0,13500.0,17
Gujarat,Ahmedabad,"Ahmedabad(Fruit Market, Naroda)",Apple,Other,Small,2013-05-15 00:00:00,10000.0,15000.0,13000.0,17
Gujarat,Ahmedabad,"Ahmedabad(Fruit Market, Naroda)",Apple,Other,Small,2013-05-16 00:00:00,12000.0,15000.0,14000.0,17
Gujarat,Ahmedabad,"Ahmedabad(Fruit Market, Naroda)",Apple,Other,Small,2013-05-18 00:00:00,12000.0,15000.0,14000.0,17
Gujarat,Ahmedabad,"Ahmedabad(Fruit Market, Naroda)",Apple,Other,Small,2013-05-21 00:00:00,8000.0,12000.0,11000.0,17
Gujarat,Ahmedabad,"Ahmedabad(Fruit Market, Naroda)",Apple,Other,Small,2013-06-03 00:00:00,10000.0,13000.0,12000.0,17
Gujarat,Ahmedabad,"Ahmedabad(Fruit Market, Naroda)",Apple,Other,Small,2013-06-10 00:00:00,12000.0,13000.0,12500.0,17
Gujarat,Ahmedabad,"Ahmedabad(Fruit Market, Naroda)",Apple,Other,Small,2013-06-19 00:00:00,12000.0,13000.0,12500.0,17
Gujarat,Ahmedabad,"Ahmedabad(Fruit Market, Naroda)",Apple,Other,Small,2013-06-21 00:00:00,12000.0,14000.0,13000.0,17
Gujarat,Ahmedabad,"Ahmedabad(Fruit Market, Naroda)",Apple,Other,Small,2013-06-25 00:00:00,13000.0,15000.0,14500.0,17
Gujarat,Ahmedabad,"Ahmedabad(Fruit Market, Naroda)",Apple,Other,Small,2013-07-02 00:00:00,10000.0,15000.0,13000.0,17
Gujarat,Ahmedabad,"Ahmedabad(Fruit Market, Naroda)",Apple,Other,Small,2013-07-08 00:00:00,12000.0,15000.0,14000.0,17
Gujarat,Ahmedabad,"Ahmedabad(Fruit Market, Naroda)",Apple,Other,Small,2013-07-09 00:00:00,12000.0,15000.0,14000.0,17
Gujarat,Ahmedabad,"Ahmedabad(Fruit Market, Naroda)",Apple,Other,Small,2013-07-12 00:00:00,10000.0,15000.0,13000.0,17
Gujarat,Ahmedabad,"Ahmedabad(Fruit Market, Naroda)",Apple,Other,Small,2013-07-16 00:00:00,10000.0,20000.0,16000.0,17
Gujarat,Ahmedabad,"Ahmedabad(Fruit Market, Naroda)",Apple,Other,Small,2013-07-18 00:00:00,8000.0,16000.0,13000.0,17
Gujarat,Ahmedabad,"Ahmedabad(Fruit Market, Naroda)",Apple,Other,Small,2013-07-25 00:00:00,10000.0,18000.0,15000.0,17
Gujarat,Ahmedabad,"Ahmedabad(Fruit Market, Naroda)",Apple,Other,Small,2013-07-26 00:00:00,8000.0,18000.0,15000.0,17
Gujarat,Ahmedabad,"Ahmedabad(Fruit Market, Naroda)",Apple,Other,Small,2013-07-30 00:00:00,6000.0,14000.0,12500.0,17
Gujarat,Ahmedabad,"Ahmedabad(Fruit Market, Naroda)",Apple,Other,Small,2013-08-12 00:00:00,5000.0,12000.0,9000.0,17
Gujarat,Ahmedabad,"Ahmedabad(Fruit Market, Naroda)",Apple,Other,Small,2013-08-15 00:00:00,3500.0,7000.0,5500.0,17
Gujarat,Ahmedabad,"Ahmedabad(Fruit Market, Naroda)",Apple,Other,Small,2013-08-17 00:00:00,4000.0,7000.0,6500.0,17
Gujarat,Ahmedabad,"Ahmedabad(Fruit Market, Naroda)",Apple,Other,Small,2013-08-22 00:00:00,5000.0,8000.0,7000.0,17
Gujarat,Ahmedabad,"Ahmedabad(Fruit Market, Naroda)",Apple,Other,Small,2013-08-23 00:00:00,5000.0,8000.0,7000.0,17
Gujarat,Ahmedabad,"Ahmedabad(Fruit Market, Naroda)",Apple,Other,Small,2013-08-27 00:00:00,5000.0,7000.0,6500.0,17
Gujarat,Ahmedabad,"Ahmedabad(Fruit Market, Naroda)",Apple,Other,Small,2013-08-30 00:00:00,6000.0,8000.0,7500.0,17
Gujarat,Ahmedabad,"Ahmedabad(Fruit Market, Naroda)",Apple,Other,Small,2013-09-03 00:00:00,5000.0,8000.0,7000.0,17
Gujarat,Ahmedabad,"Ahmedabad(Fruit Market, Naroda)",Apple,Other,Small,2013-09-05 00:00:00,4000.0,7000.0,6000.0,17
Gujarat,Ahmedabad,"Ahmedabad(Fruit Market, Naroda)",Apple,Other,Small,2013-09-06 00:00:00,4000.0,7000.0,6000.0,17
Gujarat,Ahmedabad,"Ahmedabad(Fruit Market, Naroda)",Apple,Other,Small,2013-09-09 00:00:00,4000.0,8000.0,7000.0,17
Gujarat,Ahmedabad,"Ahmedabad(Fruit Market, Naroda)",Apple,Other,Small,2013-09-11 00:00:00,4000.0,8000.0,7000.0,17
Gujarat,Ahmedabad,"Ahmedabad(Fruit Market, Naroda)",Apple,Other,Small,2013-09-12 00:00:00,4000.0,8000.0,7000.0,17
Gujarat,Ahmedabad,"Ahmedabad(Fruit Market, Naroda)",Apple,Other,Small,2013-09-26 00:00:00,4000.0,8000.0,7000.0,17
Gujarat,Ahmedabad,"Ahmedabad(Fruit Market, Naroda)",Apple,Other,Small,2013-09-28 00:00:00,4000.0,8000.0,7000.0,17
Gujarat,Ahmedabad,"Ahmedabad(Fruit Market, Naroda)",Apple,Other,Small,2013-10-05 00:00:00,4000.0,8000.0,7000.0,17
Gujarat,Ahmedabad,"Ahmedabad(Fruit Market, Naroda)",Apple,Other,Small,2013-10-09 00:00:00,4000.0,8000.0,6000.0,17
Gujarat,Ahmedabad,"Ahmedabad(Fruit Market, Naroda)",Apple,Other,Small,2013-10-15 00:00:00,4000.0,8000.0,7000.0,17
Gujarat,Ahmedabad,"Ahmedabad(Fruit Market, Naroda)",Apple,Other,Small,2013-10-17 00:00:00,4000.0,8000.0,7000.0,17
Gujarat,Ahmedabad,"Ahmedabad(Fruit Market, Naroda)",Apple,Other,Small,2013-10-21 00:00:00,4000.0,8000.0,6000.0,17
Gujarat,Ahmedabad,"Ahmedabad(Fruit Market, Naroda)",Apple,Other,Small,2013-10-25 00:00:00,4000.0,8000.0,6000.0,17
Gujarat,Ahmedabad,"Ahmedabad(Fruit Market, Naroda)",Apple,Other,Small,2013-10-26 00:00:00,4000.0,8000.0,6000.0,17
Gujarat,Ahmedabad,"Ahmedabad(Fruit Market, Naroda)",Apple,Other,Small,2013-11-02 00:00:00,6000.0,10000.0,9000.0,17
Gujarat,Ahmedabad,"Ahmedabad(Fruit Market, Naroda)",Apple,Other,Small,2013-11-06 00:00:00,4000.0,8000.0,7000.0,17
Gujarat,Ahmedabad,"Ahmedabad(Fruit Market, Naroda)",Apple,Other,Small,2013-11-13 00:00:00,4000.0,8000.0,7000.0,17
Gujarat,Ahmedabad,"Ahmedabad(Fruit Market, Naroda)",Apple,Other,Small,2013-11-20 00:00:00,4000.0,10000.0,7000.0,17
Gujarat,Ahmedabad,"Ahmedabad(Fruit Market, Naroda)",Apple,Other,Small,2013-11-22 00:00:00,4000.0,10000.0,7000.0,17
Gujarat,Ahmedabad,"Ahmedabad(Fruit Market, Naroda)",Apple,Other,Small,2013-11-26 00:00:00,6000.0,10000.0,9000.0,17
Gujarat,Ahmedabad,"Ahmedabad(Fruit Market, Naroda)",Apple,Other,Small,2013-12-05 00:00:00,6000.0,10000.0,9000.0,17
Gujarat,Ahmedabad,"Ahmedabad(Fruit Market, Naroda)",Apple,Other,Small,2013-12-13 00:00:00,8000.0,10000.0,9000.0,17
Gujarat,Ahmedabad,"Ahmedabad(Fruit Market, Naroda)",Apple,Other,Small,2013-12-14 00:00:00,8000.0,12000.0,10000.0,17
Gujarat,Ahmedabad,"Ahmedabad(Fruit Market, Naroda)",Apple,Other,Small,2013-12-18 00:00:00,8000.0,12000.0,10000.0,17
Gujarat,Ahmedabad,"Ahmedabad(Fruit Market, Naroda)",Apple,Other,Small,2013-12-24 00:00:00,8000.0,12000.0,10000.0,17
Gujarat,Ahmedabad,"Ahmedabad(Fruit Market, Naroda)",Apple,Other,Small,2013-12-28 00:00:00,6000.0,10000.0,8000.0,17
Gujarat,Ahmedabad,"Ahmedabad(Fruit Market, Naroda)",Apple,Other,Small,2013-12-31 00:00:00,8000.0,12000.0,10000.0,17
Gujarat,Ahmedabad,Ahmedabad(Manekchowk),Apple,Other,Small,2013-01-12 00:00:00,8000.0,10000.0,9000.0,17
Gujarat,Ahmedabad,Ahmedabad(Manekchowk),Apple,Other,Small,2013-01-18 00:00:00,6000.0,8000.0,7050.0,17
Gujarat,Ahmedabad,Ahmedabad(Manekchowk),Apple,Other,Small,2013-01-25 00:00:00,10000.0,12000.0,11000.0,17
Gujarat,Ahmedabad,Ahmedabad(Manekchowk),Apple,Other,Small,2013-01-30 00:00:00,8000.0,12000.0,10000.0,17
Gujarat,Ahmedabad,Ahmedabad(Manekchowk),Apple,Other,Small,2013-02-04 00:00:00,8000.0,12000.0,10000.0,17
Gujarat,Ahmedabad,Ahmedabad(Manekchowk),Apple,Other,Medium,2013-02-06 00:00:00,1500.0,2500.0,2050.0,17
Gujarat,Ahmedabad,Ahmedabad(Manekchowk),Apple,Other,Small,2013-02-11 00:00:00,8000.0,12000.0,10000.0,17
Gujarat,Ahmedabad,Ahmedabad(Manekchowk),Apple,Other,Small,2013-02-18 00:00:00,8000.0,12000.0,10050.0,17
Gujarat,Ahmedabad,Ahmedabad(Manekchowk),Apple,Other,Small,2013-02-22 00:00:00,8000.0,10000.0,9050.0,17
Gujarat,Ahmedabad,Ahmedabad(Manekchowk),Apple,Other,Small,2013-03-05 00:00:00,7000.0,10000.0,9000.0,17
Gujarat,Ahmedabad,Ahmedabad(Manekchowk),Apple,Other,Small,2013-03-22 00:00:00,10000.0,12000.0,11050.0,17
Gujarat,Ahmedabad,Ahmedabad(Manekchowk),Apple,Other,Small,2013-04-03 00:00:00,10000.0,15000.0,12550.0,17
Gujarat,Ahmedabad,Ahmedabad(Manekchowk),Apple,Other,Small,2013-04-25 00:00:00,8000.0,14000.0,11050.0,17
Gujarat,Ahmedabad,Ahmedabad(Manekchowk),Apple,Other,Small,2013-04-26 00:00:00,8000.0,10000.0,9050.0,17
Gujarat,Ahmedabad,Ahmedabad(Manekchowk),Apple,Other,Small,2013-05-10 00:00:00,10000.0,15000.0,12500.0,17
Gujarat,Ahmedabad,Ahmedabad(Manekchowk),Apple,Other,Small,2013-05-18 00:00:00,12000.0,15000.0,14000.0,17
Gujarat,Ahmedabad,Ahmedabad(Manekchowk),Apple,Other,Small,2013-05-29 00:00:00,12000.0,18000.0,16000.0,17
Gujarat,Ahmedabad,Ahmedabad(Manekchowk),Apple,Other,Small,2013-06-04 00:00:00,10000.0,13000.0,12000.0,17
Gujarat,Ahmedabad,Ahmedabad(Manekchowk),Apple,Other,Small,2013-06-06 00:00:00,12000.0,13000.0,12500.0,17
Gujarat,Ahmedabad,Ahmedabad(Manekchowk),Apple,Other,Small,2013-06-12 00:00:00,12000.0,14000.0,13000.0,17
Gujarat,Ahmedabad,Ahmedabad(Manekchowk),Apple,Other,Small,2013-06-20 00:00:00,12000.0,13000.0,12500.0,17
Gujarat,Ahmedabad,Ahmedabad(Manekchowk),Apple,Other,Small,2013-07-01 00:00:00,10000.0,15000.0,13000.0,17
Gujarat,Ahmedabad,Ahmedabad(Manekchowk),Apple,Other,Small,2013-07-08 00:00:00,12000.0,15000.0,14000.0,17
Gujarat,Ahmedabad,Ahmedabad(Manekchowk),Apple,Other,Small,2013-07-09 00:00:00,12000.0,15000.0,14000.0,17
Gujarat,Ahmedabad,Ahmedabad(Manekchowk),Apple,Other,Small,2013-07-23 00:00:00,10000.0,16000.0,14000.0,17
Gujarat,Ahmedabad,Ahmedabad(Manekchowk),Apple,Other,Small,2013-08-03 00:00:00,6000.0,16000.0,12500.0,17
Gujarat,Ahmedabad,Ahmedabad(Manekchowk),Apple,Other,Small,2013-08-07 00:00:00,5000.0,12000.0,10000.0,17
Gujarat,Ahmedabad,Ahmedabad(Manekchowk),Apple,Other,Small,2013-08-13 00:00:00,5000.0,13000.0,10000.0,17
Gujarat,Ahmedabad,Ahmedabad(Manekchowk),Apple,Other,Small,2013-08-23 00:00:00,5000.0,8000.0,7000.0,17
Gujarat,Ahmedabad,Ahmedabad(Manekchowk),Apple,Other,Small,2013-08-31 00:00:00,6000.0,8000.0,7500.0,17
Gujarat,Ahmedabad,Ahmedabad(Manekchowk),Apple,Other,Small,2013-09-03 00:00:00,5000.0,8000.0,7000.0,17
Gujarat,Ahmedabad,Ahmedabad(Manekchowk),Apple,Other,Small,2013-09-09 00:00:00,4000.0,8000.0,7000.0,17
Gujarat,Ahmedabad,Ahmedabad(Manekchowk),Apple,Other,Small,2013-09-24 00:00:00,4000.0,7000.0,6000.0,17
Gujarat,Ahmedabad,Ahmedabad(Manekchowk),Apple,Other,Small,2013-09-27 00:00:00,4000.0,8000.0,7000.0,17
Gujarat,Ahmedabad,Ahmedabad(Manekchowk),Apple,Other,Small,2013-09-28 00:00:00,4000.0,8000.0,7000.0,17
Gujarat,Ahmedabad,Ahmedabad(Manekchowk),Apple,Other,Small,2013-10-02 00:00:00,4000.0,7000.0,6000.0,17
Gujarat,Ahmedabad,Ahmedabad(Manekchowk),Apple,Other,Small,2013-10-04 00:00:00,4000.0,8000.0,7000.0,17
Gujarat,Ahmedabad,Ahmedabad(Manekchowk),Apple,Other,Small,2013-10-10 00:00:00,4000.0,8000.0,6500.0,17
Gujarat,Ahmedabad,Ahmedabad(Manekchowk),Apple,Other,Small,2013-10-14 00:00:00,4000.0,8000.0,7000.0,17
Gujarat,Ahmedabad,Ahmedabad(Manekchowk),Apple,Other,Small,2013-10-17 00:00:00,4000.0,8000.0,7000.0,17
Gujarat,Ahmedabad,Ahmedabad(Manekchowk),Apple,Other,Small,2013-10-28 00:00:00,4000.0,8000.0,6000.0,17
Gujarat,Ahmedabad,Ahmedabad(Manekchowk),Apple,Other,Small,2013-10-29 00:00:00,5000.0,8000.0,7000.0,17
Gujarat,Ahmedabad,Ahmedabad(Manekchowk),Apple,Other,Small,2013-11-01 00:00:00,4000.0,10000.0,8000.0,17
Gujarat,Ahmedabad,Ahmedabad(Manekchowk),Apple,Other,Small,2013-11-14 00:00:00,4000.0,8000.0,7000.0,17
Gujarat,Ahmedabad,Ahmedabad(Manekchowk),Apple,Other,Small,2013-11-22 00:00:00,4000.0,10000.0,7000.0,17
Gujarat,Ahmedabad,Ahmedabad(Manekchowk),Apple,Other,Small,2013-12-14 00:00:00,8000.0,12000.0,10000.0,17
Gujarat,Ahmedabad,Ahmedabad(Manekchowk),Apple,Other,Small,2013-12-16 00:00:00,6000.0,8000.0,7000.0,17
Gujarat,Ahmedabad,Ahmedabad(Manekchowk),Apple,Other,Small,2013-12-18 00:00:00,8000.0,12000.0,10000.0,17
Gujarat,Ahmedabad,Ahmedabad(Manekchowk),Apple,Other,Small,2013-12-26 00:00:00,8000.0,12000.0,10000.0,17
Gujarat,Ahmedabad,Ahmedabad(Manekchowk),Apple,Other,Small,2013-12-28 00:00:00,6000.0,10000.0,8000.0,17
Gujarat,Banaskanth,Deesa(Deesa Veg Yard),Apple,Other,Medium,2013-06-18 00:00:00,12000.0,14000.0,13000.0,17
Gujarat,Banaskanth,Deesa(Deesa Veg Yard),Apple,Other,Medium,2013-06-21 00:00:00,1200.0,1400.0,1300.0,17
Gujarat,Banaskanth,Deesa(Deesa Veg Yard),Apple,Other,Medium,2013-06-24 00:00:00,10000.0,12000.0,11500.0,17
Gujarat,Banaskanth,Deesa(Deesa Veg Yard),Apple,Other,Medium,2013-07-01 00:00:00,10000.0,12000.0,11000.0,17
Gujarat,Banaskanth,Deesa(Deesa Veg Yard),Apple,Other,Medium,2013-07-16 00:00:00,12000.0,13000.0,12500.0,17
Gujarat,Banaskanth,Deesa(Deesa Veg Yard),Apple,Other,Medium,2013-07-17 00:00:00,12500.0,13500.0,13000.0,17
Gujarat,Banaskanth,Deesa(Deesa Veg Yard),Apple,Other,Medium,2013-07-27 00:00:00,5000.0,8000.0,6500.0,17
Gujarat,Banaskanth,Deesa(Deesa Veg Yard),Apple,Other,Medium,2013-08-14 00:00:00,4000.0,6000.0,5000.0,17
Gujarat,Banaskanth,Deesa(Deesa Veg Yard),Apple,Other,Medium,2013-08-16 00:00:00,3000.0,5000.0,4000.0,17
Gujarat,Banaskanth,Deesa(Deesa Veg Yard),Apple,Other,Medium,2013-08-19 00:00:00,2500.0,5000.0,3750.0,17
Gujarat,Banaskanth,Deesa(Deesa Veg Yard),Apple,Other,Medium,2013-09-04 00:00:00,3000.0,5000.0,4000.0,17
Gujarat,Banaskanth,Deesa(Deesa Veg Yard),Apple,Other,Medium,2013-09-11 00:00:00,3000.0,5000.0,4000.0,17
Gujarat,Banaskanth,Deesa(Deesa Veg Yard),Apple,Other,Medium,2013-09-13 00:00:00,2500.0,5500.0,4000.0,17
Gujarat,Banaskanth,Deesa(Deesa Veg Yard),Apple,Other,Medium,2013-09-26 00:00:00,2500.0,4500.0,3500.0,17
Gujarat,Banaskanth,Deesa(Deesa Veg Yard),Apple,Other,Medium,2013-09-27 00:00:00,2000.0,4500.0,3250.0,17
Gujarat,Banaskanth,Deesa(Deesa Veg Yard),Apple,Other,Medium,2013-09-28 00:00:00,2200.0,4500.0,3350.0,17
Gujarat,Banaskanth,Deesa(Deesa Veg Yard),Apple,Other,Medium,2013-09-30 00:00:00,2000.0,5000.0,3500.0,17
Gujarat,Banaskanth,Deesa(Deesa Veg Yard),Apple,Other,Medium,2013-10-10 00:00:00,3000.0,5000.0,4000.0,17
Gujarat,Banaskanth,Deesa(Deesa Veg Yard),Apple,Other,Medium,2013-10-17 00:00:00,2000.0,4500.0,3250.0,17
Gujarat,Banaskanth,Deesa(Deesa Veg Yard),Apple,Other,Medium,2013-10-22 00:00:00,2500.0,5000.0,3750.0,17
Gujarat,Banaskanth,Deesa(Deesa Veg Yard),Apple,Other,Medium,2013-10-24 00:00:00,2500.0,5500.0,4000.0,17
Gujarat,Banaskanth,Deesa(Deesa Veg Yard),Apple,Other,Medium,2013-12-16 00:00:00,800.0,1300.0,1050.0,17
Gujarat,Banaskanth,Deesa(Deesa Veg Yard),Apple,Other,Medium,2013-12-18 00:00:00,1100.0,1200.0,1150.0,17
Gujarat,Banaskanth,Deesa(Deesa Veg Yard),Apple,Other,Medium,2013-12-21 00:00:00,800.0,1400.0,1100.0,17
Gujarat,Banaskanth,Deesa(Deesa Veg Yard),Apple,Other,Medium,2013-12-27 00:00:00,800.0,1400.0,1100.0,17
Gujarat,Vadodara(Baroda),Vadodara(Navapura),Apple,Other,Medium,2013-01-05 00:00:00,7000.0,9000.0,8000.0,17
Gujarat,Vadodara(Baroda),Vadodara(Navapura),Apple,Other,Medium,2013-01-08 00:00:00,7000.0,9000.0,8000.0,17
Gujarat,Vadodara(Baroda),Vadodara(Navapura),Apple,Other,Medium,2013-01-17 00:00:00,7000.0,9000.0,8000.0,17
Gujarat,Vadodara(Baroda),Vadodara(Navapura),Apple,Other,Medium,2013-01-28 00:00:00,7000.0,9000.0,8000.0,17
Gujarat,Vadodara(Baroda),Vadodara(Navapura),Apple,Other,Medium,2013-02-04 00:00:00,7000.0,9000.0,8000.0,17
Gujarat,Vadodara(Baroda),Vadodara(Navapura),Apple,Other,Medium,2013-02-17 00:00:00,7000.0,9000.0,8000.0,17
Gujarat,Vadodara(Baroda),Vadodara(Navapura),Apple,Other,Medium,2013-02-23 00:00:00,7000.0,9000.0,8000.0,17
Gujarat,Vadodara(Baroda),Vadodara(Navapura),Apple,Other,Medium,2013-02-24 00:00:00,7000.0,9000.0,8000.0,17
Gujarat,Vadodara(Baroda),Vadodara(Navapura),Apple,Other,Medium,2013-02-25 00:00:00,7000.0,9000.0,8000.0,17
Gujarat,Vadodara(Baroda),Vadodara(Navapura),Apple,Other,Medium,2013-02-26 00:00:00,7000.0,9000.0,8000.0,17
Gujarat,Vadodara(Baroda),Vadodara(Navapura),Apple,Other,Medium,2013-03-03 00:00:00,7000.0,9000.0,8000.0,17
Gujarat,Vadodara(Baroda),Vadodara(Navapura),Apple,Other,Medium,2013-03-05 00:00:00,7000.0,9000.0,8000.0,17
Gujarat,Vadodara(Baroda),Vadodara(Navapura),Apple,Other,Medium,2013-03-07 00:00:00,7000.0,9000.0,8000.0,17
Gujarat,Vadodara(Baroda),Vadodara(Navapura),Apple,Other,Medium,2013-03-10 00:00:00,7000.0,9000.0,8000.0,17
Gujarat,Vadodara(Baroda),Vadodara(Navapura),Apple,Other,Medium,2013-03-17 00:00:00,7000.0,9000.0,8000.0,17
Gujarat,Vadodara(Baroda),Vadodara(Navapura),Apple,Other,Medium,2013-03-20 00:00:00,7000.0,9000.0,8000.0,17
Gujarat,Vadodara(Baroda),Vadodara(Navapura),Apple,Other,Medium,2013-03-22 00:00:00,7000.0,9000.0,8000.0,17
Gujarat,Vadodara(Baroda),Vadodara(Navapura),Apple,Other,Medium,2013-03-24 00:00:00,7000.0,9000.0,8000.0,17
Gujarat,Vadodara(Baroda),Vadodara(Navapura),Apple,Other,Medium,2013-03-25 00:00:00,7000.0,9000.0,8000.0,17
Gujarat,Vadodara(Baroda),Vadodara(Navapura),Apple,Other,Medium,2013-04-01 00:00:00,7000.0,9000.0,8000.0,17
Gujarat,Vadodara(Baroda),Vadodara(Navapura),Apple,Other,Medium,2013-04-05 00:00:00,7000.0,9000.0,8000.0,17
Gujarat,Vadodara(Baroda),Vadodara(Navapura),Apple,Other,Medium,2013-04-18 00:00:00,7000.0,9000.0,8000.0,17
Gujarat,Vadodara(Baroda),Vadodara(Navapura),Apple,Other,Medium,2013-04-22 00:00:00,7000.0,9000.0,8000.0,17
Gujarat,Vadodara(Baroda),Vadodara(Navapura),Apple,Other,Medium,2013-04-26 00:00:00,7000.0,9000.0,8000.0,17
Gujarat,Vadodara(Baroda),Vadodara(Navapura),Apple,Other,Medium,2013-05-07 00:00:00,7000.0,9000.0,8000.0,17
Gujarat,Vadodara(Baroda),Vadodara(Navapura),Apple,Other,Medium,2013-05-11 00:00:00,7000.0,9000.0,8000.0,17
Gujarat,Vadodara(Baroda),Vadodara(Navapura),Apple,Other,Medium,2013-05-13 00:00:00,7000.0,9000.0,8000.0,17
Gujarat,Vadodara(Baroda),Vadodara(Navapura),Apple,Other,Medium,2013-05-17 00:00:00,7000.0,9000.0,8000.0,17
Gujarat,Vadodara(Baroda),Vadodara(Navapura),Apple,Other,Medium,2013-05-21 00:00:00,7000.0,9000.0,8000.0,17
Gujarat,Vadodara(Baroda),Vadodara(Navapura),Apple,Other,Medium,2013-05-24 00:00:00,7000.0,9000.0,8000.0,17
Gujarat,Vadodara(Baroda),Vadodara(Navapura),Apple,Other,Medium,2013-05-25 00:00:00,7000.0,9000.0,8000.0,17
Gujarat,Vadodara(Baroda),Vadodara(Navapura),Apple,Other,Medium,2013-06-01 00:00:00,7000.0,9000.0,8000.0,17
Gujarat,Vadodara(Baroda),Vadodara(Navapura),Apple,Other,Medium,2013-06-08 00:00:00,7000.0,9000.0,8000.0,17
Gujarat,Vadodara(Baroda),Vadodara(Navapura),Apple,Other,Medium,2013-06-11 00:00:00,7000.0,9000.0,8000.0,17
Gujarat,Vadodara(Baroda),Vadodara(Navapura),Apple,Other,Medium,2013-06-16 00:00:00,7000.0,9000.0,8000.0,17
Gujarat,Vadodara(Baroda),Vadodara(Navapura),Apple,Other,Medium,2013-06-18 00:00:00,7000.0,9000.0,8000.0,17
Gujarat,Vadodara(Baroda),Vadodara(Navapura),Apple,Other,Medium,2013-06-23 00:00:00,7000.0,9000.0,8000.0,17
Gujarat,Vadodara(Baroda),Vadodara(Navapura),Apple,Other,Medium,2013-06-24 00:00:00,7000.0,9000.0,8000.0,17
Gujarat,Vadodara(Baroda),Vadodara(Navapura),Apple,Other,Medium,2013-07-02 00:00:00,7000.0,9000.0,8000.0,17
Gujarat,Vadodara(Baroda),Vadodara(Navapura),Apple,Other,Medium,2013-07-03 00:00:00,7000.0,9000.0,8000.0,17
Gujarat,Vadodara(Baroda),Vadodara(Navapura),Apple,Other,Medium,2013-07-04 00:00:00,7000.0,9000.0,8000.0,17
Gujarat,Vadodara(Baroda),Vadodara(Navapura),Apple,Other,Medium,2013-07-05 00:00:00,7000.0,9000.0,8000.0,17
Gujarat,Vadodara(Baroda),Vadodara(Navapura),Apple,Other,Medium,2013-07-06 00:00:00,7000.0,9000.0,8000.0,17
Gujarat,Vadodara(Baroda),Vadodara(Navapura),Apple,Other,Medium,2013-07-12 00:00:00,7000.0,9000.0,8000.0,17
Gujarat,Vadodara(Baroda),Vadodara(Navapura),Apple,Other,Medium,2013-07-21 00:00:00,7000.0,9000.0,8000.0,17
Gujarat,Vadodara(Baroda),Vadodara(Navapura),Apple,Other,Medium,2013-07-22 00:00:00,7000.0,9000.0,8000.0,17
Gujarat,Vadodara(Baroda),Vadodara(Navapura),Apple,Other,Medium,2013-07-24 00:00:00,7000.0,9000.0,8000.0,17
Gujarat,Vadodara(Baroda),Vadodara(Navapura),Apple,Other,Medium,2013-07-30 00:00:00,7000.0,9000.0,8000.0,17
Gujarat,Vadodara(Baroda),Vadodara(Navapura),Apple,Other,Medium,2013-07-31 00:00:00,7000.0,9000.0,8000.0,17
Gujarat,Vadodara(Baroda),Vadodara(Navapura),Apple,Other,Medium,2013-08-07 00:00:00,7000.0,9000.0,8000.0,17
Gujarat,Vadodara(Baroda),Vadodara(Navapura),Apple,Other,Medium,2013-08-09 00:00:00,7000.0,9000.0,8000.0,17
Gujarat,Vadodara(Baroda),Vadodara(Navapura),Apple,Other,Medium,2013-08-17 00:00:00,7000.0,9000.0,8000.0,17
Gujarat,Vadodara(Baroda),Vadodara(Navapura),Apple,Other,Medium,2013-08-18 00:00:00,7000.0,9000.0,8000.0,17
Gujarat,Vadodara(Baroda),Vadodara(Navapura),Apple,Other,Medium,2013-09-07 00:00:00,7000.0,9000.0,8000.0,17
Gujarat,Vadodara(Baroda),Vadodara(Navapura),Apple,Other,Medium,2013-09-08 00:00:00,7000.0,9000.0,8000.0,17
Gujarat,Vadodara(Baroda),Vadodara(Navapura),Apple,Other,Medium,2013-09-14 00:00:00,7000.0,9000.0,8000.0,17
Gujarat,Vadodara(Baroda),Vadodara(Navapura),Apple,Other,Medium,2013-09-16 00:00:00,7000.0,9000.0,8000.0,17
Gujarat,Vadodara(Baroda),Vadodara(Navapura),Apple,Other,Medium,2013-09-22 00:00:00,7000.0,9000.0,8000.0,17
Gujarat,Vadodara(Baroda),Vadodara(Navapura),Apple,Other,Medium,2013-09-30 00:00:00,7000.0,9000.0,8000.0,17
Gujarat,Vadodara(Baroda),Vadodara(Navapura),Apple,Other,Medium,2013-10-01 00:00:00,7000.0,9000.0,8000.0,17
Gujarat,Vadodara(Baroda),Vadodara(Navapura),Apple,Other,Medium,2013-10-04 00:00:00,5000.0,8000.0,6500.0,17
Gujarat,Vadodara(Baroda),Vadodara(Navapura),Apple,Other,Medium,2013-10-06 00:00:00,5000.0,8000.0,6500.0,17
Gujarat,Vadodara(Baroda),Vadodara(Navapura),Apple,Other,Medium,2013-10-11 00:00:00,5000.0,8000.0,6500.0,17
Gujarat,Vadodara(Baroda),Vadodara(Navapura),Apple,Other,Medium,2013-10-17 00:00:00,5000.0,8000.0,6500.0,17
Gujarat,Vadodara(Baroda),Vadodara(Navapura),Apple,Other,Medium,2013-10-19 00:00:00,5000.0,8000.0,6500.0,17
Gujarat,Vadodara(Baroda),Vadodara(Navapura),Apple,Other,Medium,2013-10-23 00:00:00,5000.0,8000.0,6500.0,17
Gujarat,Vadodara(Baroda),Vadodara(Navapura),Apple,Other,Medium,2013-10-30 00:00:00,5000.0,8000.0,6500.0,17
Gujarat,Vadodara(Baroda),Vadodara(Navapura),Apple,Other,Medium,2013-11-16 00:00:00,5000.0,8000.0,6500.0,17
Gujarat,Vadodara(Baroda),Vadodara(Navapura),Apple,Other,Medium,2013-11-20 00:00:00,5000.0,8000.0,6500.0,17
Gujarat,Vadodara(Baroda),Vadodara(Navapura),Apple,Other,Medium,2013-11-24 00:00:00,5000.0,8000.0,6500.0,17
Gujarat,Vadodara(Baroda),Vadodara(Navapura),Apple,Other,Medium,2013-12-01 00:00:00,5000.0,8000.0,6500.0,17
Gujarat,Vadodara(Baroda),Vadodara(Navapura),Apple,Other,Medium,2013-12-08 00:00:00,5000.0,8000.0,6500.0,17
Gujarat,Vadodara(Baroda),Vadodara(Navapura),Apple,Other,Medium,2013-12-12 00:00:00,5000.0,8000.0,6500.0,17
Gujarat,Vadodara(Baroda),Vadodara(Navapura),Apple,Other,Medium,2013-12-16 00:00:00,5000.0,8000.0,6500.0,17
Gujarat,Vadodara(Baroda),Vadodara(Navapura),Apple,Other,Medium,2013-12-25 00:00:00,5000.0,8000.0,6500.0,17
Gujarat,Vadodara(Baroda),Vadodara(Navapura),Apple,Other,Medium,2013-12-29 00:00:00,5000.0,8000.0,6500.0,17
Gujarat,Ahmedabad,"Ahmedabad(Fruit Market, Naroda)",Apple,Other,Medium,2018-01-08 00:00:00,6000.0,7000.0,6500.0,17
Gujarat,Ahmedabad,"Ahmedabad(Fruit Market, Naroda)",Apple,Other,Medium,2018-01-10 00:00:00,5900.0,7000.0,6500.0,17
Gujarat,Ahmedabad,"Ahmedabad(Fruit Market, Naroda)",Apple,Other,Medium,2018-01-15 00:00:00,5900.0,7000.0,6500.0,17
Gujarat,Ahmedabad,"Ahmedabad(Fruit Market, Naroda)",Apple,Other,Medium,2018-01-16 00:00:00,5800.0,7000.0,6400.0,17
Gujarat,Ahmedabad,"Ahmedabad(Fruit Market, Naroda)",Apple,Other,Medium,2018-01-17 00:00:00,5900.0,7000.0,6500.0,17
Gujarat,Ahmedabad,"Ahmedabad(Fruit Market, Naroda)",Apple,Other,Medium,2018-01-24 00:00:00,6000.0,7000.0,6500.0,17
Gujarat,Ahmedabad,"Ahmedabad(Fruit Market, Naroda)",Apple,Other,Medium,2018-01-25 00:00:00,5800.0,7000.0,6400.0,17
Gujarat,Ahmedabad,"Ahmedabad(Fruit Market, Naroda)",Apple,Other,Medium,2018-02-05 00:00:00,5900.0,7000.0,6500.0,17
Gujarat,Ahmedabad,"Ahmedabad(Fruit Market, Naroda)",Apple,Other,Medium,2018-02-08 00:00:00,6000.0,7000.0,6500.0,17
Gujarat,Ahmedabad,"Ahmedabad(Fruit Market, Naroda)",Apple,Other,Medium,2018-02-15 00:00:00,5900.0,7000.0,6500.0,17
Gujarat,Ahmedabad,"Ahmedabad(Fruit Market, Naroda)",Apple,Other,Medium,2018-02-20 00:00:00,6000.0,7000.0,6500.0,17
Gujarat,Ahmedabad,"Ahmedabad(Fruit Market, Naroda)",Apple,Other,Medium,2018-03-07 00:00:00,6000.0,7000.0,6500.0,17
Gujarat,Ahmedabad,"Ahmedabad(Fruit Market, Naroda)",Apple,Other,Medium,2018-03-09 00:00:00,5900.0,7000.0,6500.0,17
Gujarat,Ahmedabad,"Ahmedabad(Fruit Market, Naroda)",Apple,Other,Medium,2018-03-16 00:00:00,6000.0,7000.0,6500.0,17
Gujarat,Ahmedabad,"Ahmedabad(Fruit Market, Naroda)",Apple,Other,Medium,2018-03-17 00:00:00,6000.0,7000.0,6500.0,17
Gujarat,Ahmedabad,"Ahmedabad(Fruit Market, Naroda)",Apple,Other,Medium,2018-03-31 00:00:00,6000.0,7000.0,6500.0,17
Gujarat,Ahmedabad,"Ahmedabad(Fruit Market, Naroda)",Apple,Other,Medium,2018-04-11 00:00:00,6000.0,8200.0,7200.0,17
Gujarat,Ahmedabad,"Ahmedabad(Fruit Market, Naroda)",Apple,Other,Medium,2018-04-16 00:00:00,6000.0,7900.0,7000.0,17
Gujarat,Ahmedabad,"Ahmedabad(Fruit Market, Naroda)",Apple,Other,Medium,2018-05-17 00:00:00,8500.0,9200.0,8900.0,17
Gujarat,Ahmedabad,"Ahmedabad(Fruit Market, Naroda)",Apple,Other,Medium,2018-06-06 00:00:00,9000.0,9500.0,9300.0,17
Gujarat,Ahmedabad,"Ahmedabad(Fruit Market, Naroda)",Apple,Other,Medium,2018-06-13 00:00:00,9000.0,9400.0,9200.0,17
Gujarat,Ahmedabad,"Ahmedabad(Fruit Market, Naroda)",Apple,Other,Medium,2018-06-20 00:00:00,9000.0,9400.0,9200.0,17
Gujarat,Ahmedabad,"Ahmedabad(Fruit Market, Naroda)",Apple,Other,Medium,2018-06-27 00:00:00,9000.0,9500.0,9300.0,17
Gujarat,Ahmedabad,"Ahmedabad(Fruit Market, Naroda)",Apple,Other,Medium,2018-07-03 00:00:00,9000.0,9500.0,9300.0,17
Gujarat,Ahmedabad,"Ahmedabad(Fruit Market, Naroda)",Apple,Other,Medium,2018-07-04 00:00:00,9000.0,9500.0,9300.0,17
Gujarat,Ahmedabad,"Ahmedabad(Fruit Market, Naroda)",Apple,Other,Medium,2018-07-06 00:00:00,6000.0,9700.0,9000.0,17
Gujarat,Ahmedabad,"Ahmedabad(Fruit Market, Naroda)",Apple,Other,Medium,2018-07-19 00:00:00,8000.0,9600.0,9400.0,17
Gujarat,Ahmedabad,"Ahmedabad(Fruit Market, Naroda)",Apple,Other,Medium,2018-07-25 00:00:00,7500.0,9500.0,9400.0,17
Gujarat,Ahmedabad,"Ahmedabad(Fruit Market, Naroda)",Apple,Other,Medium,2018-07-27 00:00:00,8500.0,9800.0,9500.0,17
Gujarat,Ahmedabad,"Ahmedabad(Fruit Market, Naroda)",Apple,Other,Medium,2018-08-04 00:00:00,7800.0,9500.0,8700.0,17
Gujarat,Ahmedabad,"Ahmedabad(Fruit Market, Naroda)",Apple,Other,Medium,2018-08-07 00:00:00,7500.0,9500.0,9400.0,17
Gujarat,Ahmedabad,"Ahmedabad(Fruit Market, Naroda)",Apple,Other,Medium,2018-08-08 00:00:00,7500.0,9400.0,9000.0,17
Gujarat,Ahmedabad,"Ahmedabad(Fruit Market, Naroda)",Apple,Other,Medium,2018-08-14 00:00:00,7500.0,9400.0,9000.0,17
Gujarat,Ahmedabad,"Ahmedabad(Fruit Market, Naroda)",Apple,Other,Medium,2018-08-16 00:00:00,7500.0,9400.0,9300.0,17
Gujarat,Ahmedabad,"Ahmedabad(Fruit Market, Naroda)",Apple,Other,Medium,2018-08-18 00:00:00,7500.0,9400.0,9300.0,17
Gujarat,Ahmedabad,"Ahmedabad(Fruit Market, Naroda)",Apple,Other,Medium,2018-08-23 00:00:00,7500.0,9300.0,9200.0,17
Gujarat,Ahmedabad,"Ahmedabad(Fruit Market, Naroda)",Apple,Other,Medium,2018-08-25 00:00:00,7500.0,9200.0,9000.0,17
Gujarat,Ahmedabad,"Ahmedabad(Fruit Market, Naroda)",Apple,Other,Medium,2018-08-27 00:00:00,7500.0,9200.0,8500.0,17
Gujarat,Ahmedabad,"Ahmedabad(Fruit Market, Naroda)",Apple,Other,Medium,2018-09-01 00:00:00,7500.0,9000.0,8500.0,17
Gujarat,Ahmedabad,"Ahmedabad(Fruit Market, Naroda)",Apple,Other,Medium,2018-09-05 00:00:00,7500.0,9200.0,9100.0,17
Gujarat,Ahmedabad,"Ahmedabad(Fruit Market, Naroda)",Apple,Other,Medium,2018-09-06 00:00:00,7500.0,9300.0,9000.0,17
Gujarat,Ahmedabad,"Ahmedabad(Fruit Market, Naroda)",Apple,Other,Medium,2018-09-10 00:00:00,7500.0,9200.0,9000.0,17
Gujarat,Ahmedabad,"Ahmedabad(Fruit Market, Naroda)",Apple,Other,Medium,2018-09-27 00:00:00,7000.0,8700.0,8500.0,17
Gujarat,Ahmedabad,"Ahmedabad(Fruit Market, Naroda)",Apple,Other,Medium,2018-11-03 00:00:00,6000.0,8000.0,7500.0,17
Gujarat,Ahmedabad,"Ahmedabad(Fruit Market, Naroda)",Apple,Other,Medium,2018-12-13 00:00:00,6500.0,8000.0,7300.0,17
Gujarat,Ahmedabad,"Ahmedabad(Fruit Market, Naroda)",Apple,Other,Medium,2018-12-15 00:00:00,6000.0,7700.0,6900.0,17
Gujarat,Ahmedabad,Ahmedabad(Manekchowk),Apple,Other,Medium,2018-01-15 00:00:00,5900.0,7000.0,6500.0,17
Gujarat,Ahmedabad,Ahmedabad(Manekchowk),Apple,Other,Medium,2018-01-16 00:00:00,5800.0,7000.0,6400.0,17
Gujarat,Ahmedabad,Ahmedabad(Manekchowk),Apple,Other,Large,2018-01-22 00:00:00,5800.0,7000.0,6400.0,17
Gujarat,Ahmedabad,Ahmedabad(Manekchowk),Apple,Other,Medium,2018-02-01 00:00:00,5800.0,7000.0,6400.0,17
Gujarat,Ahmedabad,Ahmedabad(Manekchowk),Apple,Other,Medium,2018-02-06 00:00:00,6000.0,7000.0,6500.0,17
Gujarat,Ahmedabad,Ahmedabad(Manekchowk),Apple,Other,Medium,2018-02-09 00:00:00,5800.0,7000.0,6400.0,17
Gujarat,Ahmedabad,Ahmedabad(Manekchowk),Apple,Other,Medium,2018-02-16 00:00:00,6000.0,7000.0,6500.0,17
Gujarat,Ahmedabad,Ahmedabad(Manekchowk),Apple,Other,Medium,2018-02-19 00:00:00,5900.0,7000.0,6500.0,17
Gujarat,Ahmedabad,Ahmedabad(Manekchowk),Apple,Other,Medium,2018-02-23 00:00:00,5800.0,7000.0,6400.0,17
Gujarat,Ahmedabad,Ahmedabad(Manekchowk),Apple,Other,Medium,2018-03-05 00:00:00,6000.0,7000.0,6500.0,17
Gujarat,Ahmedabad,Ahmedabad(Manekchowk),Apple,Other,Medium,2018-03-16 00:00:00,6000.0,7000.0,6500.0,17
Gujarat,Ahmedabad,Ahmedabad(Manekchowk),Apple,Other,Medium,2018-03-19 00:00:00,6000.0,7000.0,6500.0,17
Gujarat,Ahmedabad,Ahmedabad(Manekchowk),Apple,Other,Medium,2018-03-31 00:00:00,6000.0,7000.0,6500.0,17
Gujarat,Ahmedabad,Ahmedabad(Manekchowk),Apple,Other,Medium,2018-04-06 00:00:00,6000.0,8000.0,7500.0,17
Gujarat,Ahmedabad,Ahmedabad(Manekchowk),Apple,Other,Medium,2018-04-07 00:00:00,7000.0,8000.0,8000.0,17
Gujarat,Ahmedabad,Ahmedabad(Manekchowk),Apple,Other,Medium,2018-04-11 00:00:00,6000.0,8200.0,7200.0,17
Gujarat,Ahmedabad,Ahmedabad(Manekchowk),Apple,Other,Medium,2018-04-16 00:00:00,6000.0,7900.0,7000.0,17
Gujarat,Ahmedabad,Ahmedabad(Manekchowk),Apple,Other,Medium,2018-05-12 00:00:00,8000.0,8500.0,8300.0,17
Gujarat,Ahmedabad,Ahmedabad(Manekchowk),Apple,Other,Medium,2018-05-17 00:00:00,8500.0,9200.0,8900.0,17
Gujarat,Ahmedabad,Ahmedabad(Manekchowk),Apple,Other,Medium,2018-05-24 00:00:00,9000.0,9400.0,9200.0,17
Gujarat,Ahmedabad,Ahmedabad(Manekchowk),Apple,Other,Medium,2018-05-25 00:00:00,8900.0,9500.0,9200.0,17
Gujarat,Ahmedabad,Ahmedabad(Manekchowk),Apple,Other,Medium,2018-05-26 00:00:00,8900.0,9500.0,9200.0,17
Gujarat,Ahmedabad,Ahmedabad(Manekchowk),Apple,Other,Medium,2018-05-28 00:00:00,8800.0,9500.0,9200.0,17
Gujarat,Ahmedabad,Ahmedabad(Manekchowk),Apple,Other,Medium,2018-06-13 00:00:00,9000.0,9400.0,9200.0,17
Gujarat,Ahmedabad,Ahmedabad(Manekchowk),Apple,Other,Medium,2018-06-25 00:00:00,9000.0,9500.0,9300.0,17
Gujarat,Ahmedabad,Ahmedabad(Manekchowk),Apple,Other,Medium,2018-06-27 00:00:00,9000.0,9500.0,9300.0,17
Gujarat,Ahmedabad,Ahmedabad(Manekchowk),Apple,Other,Medium,2018-06-29 00:00:00,9000.0,9500.0,9400.0,17
Gujarat,Ahmedabad,Ahmedabad(Manekchowk),Apple,Other,Medium,2018-07-03 00:00:00,9000.0,9500.0,9300.0,17
Gujarat,Ahmedabad,Ahmedabad(Manekchowk),Apple,Other,Medium,2018-07-19 00:00:00,8000.0,9600.0,9400.0,17
Gujarat,Ahmedabad,Ahmedabad(Manekchowk),Apple,Other,Medium,2018-07-20 00:00:00,8200.0,9500.0,9000.0,17
Gujarat,Ahmedabad,Ahmedabad(Manekchowk),Apple,Other,Medium,2018-07-23 00:00:00,8000.0,9500.0,9300.0,17
Gujarat,Ahmedabad,Ahmedabad(Manekchowk),Apple,Other,Medium,2018-07-24 00:00:00,8000.0,9500.0,9400.0,17
Gujarat,Ahmedabad,Ahmedabad(Manekchowk),Apple,Other,Medium,2018-07-26 00:00:00,7000.0,9800.0,9500.0,17
Gujarat,Ahmedabad,Ahmedabad(Manekchowk),Apple,Other,Medium,2018-08-02 00:00:00,7500.0,9500.0,9400.0,17
Gujarat,Ahmedabad,Ahmedabad(Manekchowk),Apple,Other,Medium,2018-08-13 00:00:00,7500.0,9500.0,9300.0,17
Gujarat,Ahmedabad,Ahmedabad(Manekchowk),Apple,Other,Medium,2018-08-16 00:00:00,7500.0,9400.0,9300.0,17
Gujarat,Ahmedabad,Ahmedabad(Manekchowk),Apple,Other,Medium,2018-08-20 00:00:00,7500.0,9200.0,9000.0,17
Gujarat,Ahmedabad,Ahmedabad(Manekchowk),Apple,Other,Medium,2018-08-24 00:00:00,8000.0,9400.0,9000.0,17
Gujarat,Ahmedabad,Ahmedabad(Manekchowk),Apple,Other,Medium,2018-08-31 00:00:00,7200.0,9100.0,9000.0,17
Gujarat,Ahmedabad,Ahmedabad(Manekchowk),Apple,Other,Medium,2018-09-04 00:00:00,7500.0,9000.0,8900.0,17
Gujarat,Ahmedabad,Ahmedabad(Manekchowk),Apple,Other,Medium,2018-09-20 00:00:00,7000.0,8800.0,8000.0,17
Gujarat,Ahmedabad,Ahmedabad(Manekchowk),Apple,Other,Medium,2018-09-25 00:00:00,6500.0,8800.0,8500.0,17
Gujarat,Ahmedabad,Ahmedabad(Manekchowk),Apple,Other,Medium,2018-10-08 00:00:00,7000.0,8400.0,7800.0,17
Gujarat,Ahmedabad,Ahmedabad(Manekchowk),Apple,Other,Medium,2018-10-09 00:00:00,7000.0,9000.0,8500.0,17
Gujarat,Ahmedabad,Ahmedabad(Manekchowk),Apple,Other,Medium,2018-10-17 00:00:00,6500.0,8400.0,7600.0,17
Gujarat,Ahmedabad,Ahmedabad(Manekchowk),Apple,Other,Medium,2018-10-29 00:00:00,6400.0,7500.0,7000.0,17
Gujarat,Ahmedabad,Ahmedabad(Manekchowk),Apple,Other,Medium,2018-11-29 00:00:00,6500.0,8000.0,7300.0,17
Gujarat,Banaskanth,Deesa(Deesa Veg Yard),Apple,Other,Medium,2018-01-04 00:00:00,4500.0,6500.0,5500.0,17
Gujarat,Banaskanth,Deesa(Deesa Veg Yard),Apple,Other,Medium,2018-01-13 00:00:00,5000.0,7000.0,6000.0,17
Gujarat,Banaskanth,Deesa(Deesa Veg Yard),Apple,Other,Medium,2018-02-09 00:00:00,6000.0,7000.0,6500.0,17
Gujarat,Banaskanth,Deesa(Deesa Veg Yard),Apple,Other,Medium,2018-02-16 00:00:00,6000.0,7000.0,6500.0,17
Gujarat,Banaskanth,Deesa(Deesa Veg Yard),Apple,Other,Medium,2018-02-22 00:00:00,4000.0,6000.0,5000.0,17
Gujarat,Banaskanth,Deesa(Deesa Veg Yard),Apple,Other,Medium,2018-02-24 00:00:00,7000.0,8000.0,7500.0,17
Gujarat,Banaskanth,Deesa(Deesa Veg Yard),Apple,Other,Medium,2018-03-10 00:00:00,6000.0,7000.0,6500.0,17
Gujarat,Banaskanth,Deesa(Deesa Veg Yard),Apple,Other,Medium,2018-03-22 00:00:00,8000.0,9000.0,8500.0,17
Gujarat,Banaskanth,Deesa(Deesa Veg Yard),Apple,Other,Medium,2018-03-24 00:00:00,8000.0,9000.0,8500.0,17
Gujarat,Banaskanth,Deesa(Deesa Veg Yard),Apple,Other,Medium,2018-04-02 00:00:00,8000.0,16000.0,12000.0,17
Gujarat,Banaskanth,Deesa(Deesa Veg Yard),Apple,Other,Medium,2018-04-04 00:00:00,6000.0,15000.0,10500.0,17
Gujarat,Banaskanth,Deesa(Deesa Veg Yard),Apple,Other,Medium,2018-05-09 00:00:00,14000.0,14500.0,14250.0,17
Gujarat,Banaskanth,Deesa(Deesa Veg Yard),Apple,Other,Medium,2018-05-16 00:00:00,14000.0,15000.0,14500.0,17
Gujarat,Banaskanth,Deesa(Deesa Veg Yard),Apple,Other,Medium,2018-06-01 00:00:00,14000.0,15000.0,14500.0,17
Gujarat,Banaskanth,Deesa(Deesa Veg Yard),Apple,Other,Medium,2018-08-01 00:00:00,12500.0,17500.0,15000.0,17
Gujarat,Banaskanth,Deesa(Deesa Veg Yard),Apple,Other,Medium,2018-09-04 00:00:00,10000.0,15000.0,12500.0,17
Gujarat,Banaskanth,Deesa(Deesa Veg Yard),Apple,Other,Medium,2018-09-17 00:00:00,5000.0,6250.0,5625.0,17
Gujarat,Bharuch,Bharuch,Apple,Royal Mishri,Large,2018-10-06 00:00:00,3000.0,4000.0,3500.0,17
Gujarat,Bharuch,Bharuch,Apple,Royal Mishri,Large,2018-10-07 00:00:00,3500.0,5000.0,4000.0,17
Gujarat,Bharuch,Bharuch,Apple,Royal Mishri,Medium,2018-10-10 00:00:00,3000.0,5500.0,4000.0,17
Gujarat,Bharuch,Bharuch,Apple,Royal Mishri,Large,2018-10-11 00:00:00,3000.0,5500.0,4000.0,17
Gujarat,Bharuch,Bharuch,Apple,Royal Mishri,Large,2018-10-17 00:00:00,2500.0,3500.0,3000.0,17
Gujarat,Bharuch,Bharuch,Apple,Royal Mishri,Large,2018-10-18 00:00:00,2500.0,3500.0,3000.0,17
Gujarat,Bharuch,Bharuch,Apple,Royal Mishri,Large,2018-10-23 00:00:00,2500.0,4000.0,3000.0,17
Gujarat,Bharuch,Bharuch,Apple,Royal Mishri,Large,2018-10-25 00:00:00,2500.0,4500.0,3500.0,17
Gujarat,Bharuch,Bharuch,Apple,Royal Mishri,Large,2018-10-27 00:00:00,3500.0,4500.0,4000.0,17
Gujarat,Bharuch,Bharuch,Apple,Royal Mishri,Large,2018-11-06 00:00:00,2500.0,4000.0,3500.0,17
Gujarat,Bharuch,Bharuch,Apple,Royal Mishri,Large,2018-11-14 00:00:00,2000.0,4000.0,3000.0,17
Gujarat,Bharuch,Bharuch,Apple,Royal Mishri,Medium,2018-12-04 00:00:00,2500.0,4500.0,3500.0,17
Gujarat,Bharuch,Bharuch,Apple,Royal Mishri,Medium,2018-12-11 00:00:00,2500.0,4500.0,4000.0,17
Gujarat,Bharuch,Bharuch,Apple,Royal Mishri,Large,2018-12-31 00:00:00,4000.0,5000.0,4500.0,17
Gujarat,Rajkot,Gondal(Veg.market Gondal),Apple,Apple,Medium,2018-01-07 00:00:00,3000.0,6000.0,4500.0,17
Gujarat,Rajkot,Gondal(Veg.market Gondal),Apple,Apple,Medium,2018-01-09 00:00:00,3000.0,6500.0,5000.0,17
Gujarat,Rajkot,Gondal(Veg.market Gondal),Apple,Apple,Medium,2018-01-11 00:00:00,3000.0,6000.0,4500.0,17
Gujarat,Rajkot,Gondal(Veg.market Gondal),Apple,Apple,Medium,2018-01-17 00:00:00,3500.0,5500.0,4500.0,17
Gujarat,Rajkot,Gondal(Veg.market Gondal),Apple,Apple,Medium,2018-01-18 00:00:00,3500.0,6000.0,4500.0,17
Gujarat,Rajkot,Gondal(Veg.market Gondal),Apple,Apple,Medium,2018-01-25 00:00:00,4000.0,6000.0,5000.0,17
Gujarat,Rajkot,Gondal(Veg.market Gondal),Apple,Apple,Medium,2018-02-05 00:00:00,3000.0,7000.0,5000.0,17
Gujarat,Rajkot,Gondal(Veg.market Gondal),Apple,Apple,Medium,2018-02-10 00:00:00,6000.0,7000.0,6500.0,17
Gujarat,Rajkot,Gondal(Veg.market Gondal),Apple,Apple,Medium,2018-02-11 00:00:00,6000.0,7000.0,6500.0,17
Gujarat,Rajkot,Gondal(Veg.market Gondal),Apple,Apple,Medium,2018-02-25 00:00:00,7000.0,8000.0,7500.0,17
Gujarat,Rajkot,Gondal(Veg.market Gondal),Apple,Apple,Medium,2018-02-26 00:00:00,8000.0,9000.0,8500.0,17
Gujarat,Rajkot,Gondal(Veg.market Gondal),Apple,Apple,Medium,2018-02-28 00:00:00,8000.0,9000.0,8500.0,17
Gujarat,Rajkot,Gondal(Veg.market Gondal),Apple,Apple,Medium,2018-03-06 00:00:00,8000.0,9000.0,8500.0,17
Gujarat,Rajkot,Gondal(Veg.market Gondal),Apple,Apple,Medium,2018-03-09 00:00:00,9000.0,10000.0,9500.0,17
Gujarat,Rajkot,Gondal(Veg.market Gondal),Apple,Apple,Medium,2018-03-24 00:00:00,8500.0,10000.0,9250.0,17
Gujarat,Rajkot,Gondal(Veg.market Gondal),Apple,Apple,Medium,2018-04-18 00:00:00,7500.0,12500.0,10000.0,17
Gujarat,Rajkot,Gondal(Veg.market Gondal),Apple,Apple,Medium,2018-04-25 00:00:00,10000.0,14000.0,12000.0,17
Gujarat,Rajkot,Gondal(Veg.market Gondal),Apple,Apple,Medium,2018-05-18 00:00:00,10000.0,15000.0,12500.0,17
Gujarat,Rajkot,Gondal(Veg.market Gondal),Apple,Apple,Medium,2018-05-20 00:00:00,10000.0,15000.0,12500.0,17
Gujarat,Rajkot,Gondal(Veg.market Gondal),Apple,Apple,Medium,2018-05-21 00:00:00,11500.0,16000.0,13750.0,17
Gujarat,Rajkot,Gondal(Veg.market Gondal),Apple,Apple,Medium,2018-05-22 00:00:00,16000.0,17000.0,16500.0,17
Gujarat,Rajkot,Gondal(Veg.market Gondal),Apple,Apple,Medium,2018-05-31 00:00:00,9000.0,11000.0,10000.0,17
Gujarat,Rajkot,Gondal(Veg.market Gondal),Apple,Apple,Medium,2018-06-10 00:00:00,14000.0,15000.0,14500.0,17
Gujarat,Rajkot,Gondal(Veg.market Gondal),Apple,Apple,Medium,2018-06-11 00:00:00,13000.0,15000.0,14000.0,17
Gujarat,Rajkot,Gondal(Veg.market Gondal),Apple,Apple,Medium,2018-06-19 00:00:00,14000.0,15000.0,14500.0,17
Gujarat,Rajkot,Gondal(Veg.market Gondal),Apple,Apple,Medium,2018-06-25 00:00:00,9000.0,16500.0,12750.0,17
Gujarat,Rajkot,Gondal(Veg.market Gondal),Apple,Apple,Medium,2018-06-30 00:00:00,9000.0,16500.0,12750.0,17
Gujarat,Rajkot,Gondal(Veg.market Gondal),Apple,Apple,Medium,2018-07-07 00:00:00,9000.0,16500.0,12750.0,17
Gujarat,Rajkot,Gondal(Veg.market Gondal),Apple,Apple,Medium,2018-07-18 00:00:00,9000.0,16500.0,12750.0,17
Gujarat,Rajkot,Gondal(Veg.market Gondal),Apple,Apple,Medium,2018-07-26 00:00:00,12500.0,15000.0,13750.0,17
Gujarat,Rajkot,Gondal(Veg.market Gondal),Apple,Apple,Medium,2018-08-02 00:00:00,5000.0,12500.0,8750.0,17
Gujarat,Rajkot,Gondal(Veg.market Gondal),Apple,Apple,Medium,2018-08-12 00:00:00,4000.0,11000.0,7500.0,17
Gujarat,Rajkot,Gondal(Veg.market Gondal),Apple,Apple,Medium,2018-08-26 00:00:00,2000.0,8000.0,5000.0,17
Gujarat,Rajkot,Gondal(Veg.market Gondal),Apple,Apple,Medium,2018-08-31 00:00:00,3000.0,7500.0,5250.0,17
Gujarat,Rajkot,Gondal(Veg.market Gondal),Apple,Apple,Medium,2018-09-12 00:00:00,3000.0,7000.0,5000.0,17
Gujarat,Rajkot,Gondal(Veg.market Gondal),Apple,Apple,Medium,2018-09-15 00:00:00,2500.0,7000.0,4750.0,17
Gujarat,Rajkot,Gondal(Veg.market Gondal),Apple,Apple,Medium,2018-09-21 00:00:00,2000.0,7000.0,4500.0,17
Gujarat,Rajkot,Gondal(Veg.market Gondal),Apple,Apple,Medium,2018-09-24 00:00:00,3000.0,7000.0,5000.0,17
Gujarat,Rajkot,Gondal(Veg.market Gondal),Apple,Apple,Medium,2018-09-25 00:00:00,2000.0,7000.0,4500.0,17
Gujarat,Rajkot,Gondal(Veg.market Gondal),Apple,Apple,Medium,2018-09-28 00:00:00,2000.0,7000.0,4500.0,17
Gujarat,Rajkot,Gondal(Veg.market Gondal),Apple,Apple,Medium,2018-10-01 00:00:00,2000.0,7000.0,4500.0,17
Gujarat,Rajkot,Gondal(Veg.market Gondal),Apple,Apple,Medium,2018-10-05 00:00:00,3000.0,7000.0,5000.0,17
Gujarat,Rajkot,Gondal(Veg.market Gondal),Apple,Apple,Medium,2018-10-17 00:00:00,3000.0,7000.0,5000.0,17
Gujarat,Rajkot,Gondal(Veg.market Gondal),Apple,Apple,Medium,2018-10-22 00:00:00,2500.0,6000.0,4250.0,17
Gujarat,Rajkot,Gondal(Veg.market Gondal),Apple,Apple,Medium,2018-11-29 00:00:00,2500.0,5000.0,3750.0,17
Gujarat,Vadodara(Baroda),Vadodara(Navapura),Apple,Other,Medium,2018-01-21 00:00:00,8000.0,10000.0,9000.0,17
Gujarat,Vadodara(Baroda),Vadodara(Navapura),Apple,Other,Medium,2018-02-08 00:00:00,8000.0,10000.0,9000.0,17
Gujarat,Vadodara(Baroda),Vadodara(Navapura),Apple,Other,Medium,2018-02-14 00:00:00,8000.0,10000.0,9000.0,17
Gujarat,Vadodara(Baroda),Vadodara(Navapura),Apple,Other,Medium,2018-02-19 00:00:00,8000.0,10000.0,9000.0,17
Gujarat,Vadodara(Baroda),Vadodara(Navapura),Apple,Other,Medium,2018-08-27 00:00:00,5000.0,7000.0,6000.0,17
Gujarat,Vadodara(Baroda),Vadodara(Navapura),Apple,Other,Medium,2018-09-22 00:00:00,5000.0,7000.0,6000.0,17
Gujarat,Vadodara(Baroda),Vadodara(Navapura),Apple,Other,Medium,2018-09-24 00:00:00,5000.0,7000.0,6000.0,17
Gujarat,Vadodara(Baroda),Vadodara(Navapura),Apple,Other,Medium,2018-10-01 00:00:00,5000.0,7000.0,6000.0,17
Gujarat,Vadodara(Baroda),Vadodara(Navapura),Apple,Other,Medium,2018-10-17 00:00:00,4000.0,6000.0,5000.0,17
Gujarat,Vadodara(Baroda),Vadodara(Navapura),Apple,Other,Medium,2018-10-23 00:00:00,5000.0,7000.0,6000.0,17
Gujarat,Vadodara(Baroda),Vadodara(Navapura),Apple,Other,Medium,2018-11-02 00:00:00,5000.0,7000.0,6000.0,17
Gujarat,Vadodara(Baroda),Vadodara(Navapura),Apple,Other,Medium,2018-11-05 00:00:00,5000.0,7000.0,6000.0,17
Gujarat,Vadodara(Baroda),Vadodara(Navapura),Apple,Other,Medium,2018-11-16 00:00:00,5000.0,7000.0,6000.0,17
Gujarat,Vadodara(Baroda),Vadodara(Navapura),Apple,Other,Medium,2018-11-19 00:00:00,5000.0,7000.0,6000.0,17
Gujarat,Vadodara(Baroda),Vadodara(Navapura),Apple,Other,Medium,2018-12-06 00:00:00,6000.0,8000.0,7000.0,17
Gujarat,Vadodara(Baroda),Vadodara(Navapura),Apple,Other,Medium,2018-12-19 00:00:00,6000.0,8000.0,7000.0,17
Gujarat,Vadodara(Baroda),Vadodara(Navapura),Apple,Other,Medium,2018-12-28 00:00:00,6000.0,8000.0,7000.0,17
Gujarat,Ahmedabad,"Ahmedabad(Fruit Market, Naroda)",Apple,Other,Medium,2017-12-06 00:00:00,5500.0,7000.0,6500.0,17
Gujarat,Ahmedabad,"Ahmedabad(Fruit Market, Naroda)",Apple,Other,Medium,2017-12-15 00:00:00,6000.0,7000.0,6500.0,17
Gujarat,Ahmedabad,"Ahmedabad(Fruit Market, Naroda)",Apple,Other,Medium,2017-12-21 00:00:00,6000.0,7000.0,6500.0,17
Gujarat,Ahmedabad,"Ahmedabad(Fruit Market, Naroda)",Apple,Other,Medium,2017-12-22 00:00:00,6200.0,7000.0,6600.0,17
Gujarat,Ahmedabad,Ahmedabad(Manekchowk),Apple,Other,Medium,2017-01-12 00:00:00,3000.0,8000.0,6500.0,17
Gujarat,Ahmedabad,Ahmedabad(Manekchowk),Apple,Other,Medium,2017-01-25 00:00:00,3000.0,9000.0,7000.0,17
Gujarat,Ahmedabad,Ahmedabad(Manekchowk),Apple,Other,Medium,2017-02-06 00:00:00,3000.0,8000.0,6500.0,17
Gujarat,Ahmedabad,Ahmedabad(Manekchowk),Apple,Other,Medium,2017-02-08 00:00:00,3000.0,9000.0,7000.0,17
Gujarat,Ahmedabad,Ahmedabad(Manekchowk),Apple,Other,Medium,2017-02-11 00:00:00,3000.0,9000.0,7000.0,17
Gujarat,Ahmedabad,Ahmedabad(Manekchowk),Apple,Other,Medium,2017-02-14 00:00:00,3000.0,9000.0,7000.0,17
Gujarat,Ahmedabad,Ahmedabad(Manekchowk),Apple,Other,Medium,2017-02-22 00:00:00,3000.0,10000.0,8000.0,17
Gujarat,Ahmedabad,Ahmedabad(Manekchowk),Apple,Other,Medium,2017-02-23 00:00:00,3000.0,10000.0,7000.0,17
Gujarat,Ahmedabad,Ahmedabad(Manekchowk),Apple,Other,Medium,2017-02-25 00:00:00,4000.0,10000.0,8000.0,17
Gujarat,Ahmedabad,Ahmedabad(Manekchowk),Apple,Other,Medium,2017-03-07 00:00:00,3000.0,9000.0,7000.0,17
Gujarat,Ahmedabad,Ahmedabad(Manekchowk),Apple,Other,Medium,2017-03-08 00:00:00,4000.0,9000.0,7000.0,17
Gujarat,Ahmedabad,Ahmedabad(Manekchowk),Apple,Other,Medium,2017-03-09 00:00:00,3000.0,9000.0,7000.0,17
Gujarat,Ahmedabad,Ahmedabad(Manekchowk),Apple,Other,Medium,2017-03-14 00:00:00,4000.0,9000.0,7000.0,17
Gujarat,Ahmedabad,Ahmedabad(Manekchowk),Apple,Other,Medium,2017-03-15 00:00:00,4000.0,10000.0,8000.0,17
Gujarat,Ahmedabad,Ahmedabad(Manekchowk),Apple,Other,Medium,2017-03-16 00:00:00,3000.0,10000.0,8000.0,17
Gujarat,Ahmedabad,Ahmedabad(Manekchowk),Apple,Other,Medium,2017-03-22 00:00:00,4000.0,9000.0,7000.0,17
Gujarat,Ahmedabad,Ahmedabad(Manekchowk),Apple,Other,Medium,2017-03-23 00:00:00,4000.0,9000.0,7000.0,17
Gujarat,Ahmedabad,Ahmedabad(Manekchowk),Apple,Other,Medium,2017-04-01 00:00:00,5000.0,9000.0,8000.0,17
Gujarat,Ahmedabad,Ahmedabad(Manekchowk),Apple,Other,Medium,2017-04-03 00:00:00,4000.0,10000.0,8000.0,17
Gujarat,Ahmedabad,Ahmedabad(Manekchowk),Apple,Other,Medium,2017-04-07 00:00:00,5000.0,11000.0,8000.0,17
Gujarat,Ahmedabad,Ahmedabad(Manekchowk),Apple,Other,Medium,2017-04-20 00:00:00,5000.0,10000.0,8000.0,17
Gujarat,Ahmedabad,Ahmedabad(Manekchowk),Apple,Other,Medium,2017-05-03 00:00:00,8000.0,12000.0,11000.0,17
Gujarat,Ahmedabad,Ahmedabad(Manekchowk),Apple,Other,Medium,2017-05-09 00:00:00,8000.0,13000.0,11000.0,17
Gujarat,Ahmedabad,Ahmedabad(Manekchowk),Apple,Other,Medium,2017-05-12 00:00:00,9000.0,13000.0,12000.0,17
Gujarat,Ahmedabad,Ahmedabad(Manekchowk),Apple,Other,Medium,2017-05-13 00:00:00,8000.0,13000.0,11000.0,17
Gujarat,Ahmedabad,Ahmedabad(Manekchowk),Apple,Other,Medium,2017-06-02 00:00:00,7000.0,11000.0,10000.0,17
Gujarat,Ahmedabad,Ahmedabad(Manekchowk),Apple,Other,Medium,2017-06-07 00:00:00,8000.0,12000.0,11000.0,17
Gujarat,Ahmedabad,Ahmedabad(Manekchowk),Apple,Other,Medium,2017-06-14 00:00:00,9000.0,13000.0,12000.0,17
Gujarat,Ahmedabad,Ahmedabad(Manekchowk),Apple,Other,Medium,2017-06-15 00:00:00,10000.0,13000.0,12000.0,17
Gujarat,Ahmedabad,Ahmedabad(Manekchowk),Apple,Other,Medium,2017-06-19 00:00:00,9000.0,13000.0,12000.0,17
Gujarat,Ahmedabad,Ahmedabad(Manekchowk),Apple,Other,Medium,2017-06-22 00:00:00,9000.0,12500.0,11000.0,17
Gujarat,Ahmedabad,Ahmedabad(Manekchowk),Apple,Other,Medium,2017-06-23 00:00:00,9000.0,12500.0,11000.0,17
Gujarat,Ahmedabad,Ahmedabad(Manekchowk),Apple,Other,Medium,2017-06-27 00:00:00,9000.0,13000.0,12000.0,17
Gujarat,Ahmedabad,Ahmedabad(Manekchowk),Apple,Other,Medium,2017-06-30 00:00:00,10000.0,13000.0,12000.0,17
Gujarat,Ahmedabad,Ahmedabad(Manekchowk),Apple,Other,Medium,2017-07-07 00:00:00,6000.0,13000.0,11000.0,17
Gujarat,Ahmedabad,Ahmedabad(Manekchowk),Apple,Other,Medium,2017-07-25 00:00:00,4000.0,12000.0,9000.0,17
Gujarat,Ahmedabad,Ahmedabad(Manekchowk),Apple,Other,Medium,2017-08-12 00:00:00,4000.0,10000.0,8000.0,17
Gujarat,Ahmedabad,Ahmedabad(Manekchowk),Apple,Other,Medium,2017-09-04 00:00:00,5000.0,11000.0,9000.0,17
Gujarat,Ahmedabad,Ahmedabad(Manekchowk),Apple,Other,Medium,2017-09-07 00:00:00,4000.0,8000.0,6500.0,17
Gujarat,Ahmedabad,Ahmedabad(Manekchowk),Apple,Other,Medium,2017-09-11 00:00:00,5000.0,8000.0,7000.0,17
Gujarat,Ahmedabad,Ahmedabad(Manekchowk),Apple,Other,Medium,2017-09-20 00:00:00,4000.0,7000.0,6000.0,17
Gujarat,Ahmedabad,Ahmedabad(Manekchowk),Apple,Other,Medium,2017-10-03 00:00:00,4500.0,7000.0,6000.0,17
Gujarat,Ahmedabad,Ahmedabad(Manekchowk),Apple,Other,Medium,2017-10-05 00:00:00,6000.0,8000.0,7500.0,17
Gujarat,Ahmedabad,Ahmedabad(Manekchowk),Apple,Other,Medium,2017-10-14 00:00:00,6000.0,7000.0,6500.0,17
Gujarat,Ahmedabad,Ahmedabad(Manekchowk),Apple,Other,Medium,2017-10-25 00:00:00,5500.0,7000.0,6500.0,17
Gujarat,Ahmedabad,Ahmedabad(Manekchowk),Apple,Other,Medium,2017-10-26 00:00:00,6000.0,7000.0,6500.0,17
Gujarat,Ahmedabad,Ahmedabad(Manekchowk),Apple,Other,Medium,2017-10-27 00:00:00,5500.0,7000.0,6500.0,17
Gujarat,Ahmedabad,Ahmedabad(Manekchowk),Apple,Other,Medium,2017-11-14 00:00:00,6000.0,7000.0,6500.0,17
Gujarat,Ahmedabad,Ahmedabad(Manekchowk),Apple,Other,Medium,2017-11-22 00:00:00,6000.0,7000.0,6500.0,17
Gujarat,Ahmedabad,Ahmedabad(Manekchowk),Apple,Other,Medium,2017-11-25 00:00:00,6000.0,7000.0,6500.0,17
Gujarat,Ahmedabad,Ahmedabad(Manekchowk),Apple,Other,Medium,2017-12-05 00:00:00,5000.0,7000.0,6000.0,17
Gujarat,Ahmedabad,Ahmedabad(Manekchowk),Apple,Other,Medium,2017-12-15 00:00:00,6000.0,7000.0,6500.0,17
Gujarat,Ahmedabad,Ahmedabad(Manekchowk),Apple,Other,Medium,2017-12-28 00:00:00,5800.0,7000.0,6500.0,17
Gujarat,Banaskanth,Deesa(Deesa Veg Yard),Apple,Other,Medium,2017-01-03 00:00:00,3000.0,5000.0,4000.0,17
Gujarat,Banaskanth,Deesa(Deesa Veg Yard),Apple,Other,Medium,2017-01-13 00:00:00,4000.0,6000.0,5000.0,17
Gujarat,Banaskanth,Deesa(Deesa Veg Yard),Apple,Other,Medium,2017-02-08 00:00:00,5000.0,5500.0,5250.0,17
Gujarat,Banaskanth,Deesa(Deesa Veg Yard),Apple,Other,Medium,2017-02-23 00:00:00,5000.0,6000.0,5500.0,17
Gujarat,Banaskanth,Deesa(Deesa Veg Yard),Apple,Other,Medium,2017-03-04 00:00:00,6000.0,7000.0,6500.0,17
Gujarat,Banaskanth,Deesa(Deesa Veg Yard),Apple,Other,Medium,2017-03-11 00:00:00,6000.0,8000.0,7000.0,17
Gujarat,Banaskanth,Deesa(Deesa Veg Yard),Apple,Other,Medium,2017-03-24 00:00:00,6500.0,7500.0,7000.0,17
Gujarat,Banaskanth,Deesa(Deesa Veg Yard),Apple,Other,Medium,2017-03-31 00:00:00,7000.0,8000.0,7500.0,17
Gujarat,Banaskanth,Deesa(Deesa Veg Yard),Apple,Other,Medium,2017-04-06 00:00:00,7500.0,8000.0,7750.0,17
Gujarat,Banaskanth,Deesa(Deesa Veg Yard),Apple,Other,Medium,2017-05-05 00:00:00,7000.0,8000.0,7500.0,17
Gujarat,Banaskanth,Deesa(Deesa Veg Yard),Apple,Other,Medium,2017-05-09 00:00:00,7000.0,8000.0,7500.0,17
Gujarat,Banaskanth,Deesa(Deesa Veg Yard),Apple,Other,Medium,2017-05-13 00:00:00,7000.0,8000.0,7500.0,17
Gujarat,Banaskanth,Deesa(Deesa Veg Yard),Apple,Other,Medium,2017-05-16 00:00:00,7000.0,8000.0,7500.0,17
Gujarat,Banaskanth,Deesa(Deesa Veg Yard),Apple,Other,Medium,2017-05-23 00:00:00,7000.0,8000.0,7500.0,17
Gujarat,Banaskanth,Deesa(Deesa Veg Yard),Apple,Other,Medium,2017-06-19 00:00:00,7000.0,7500.0,7250.0,17
Gujarat,Banaskanth,Deesa(Deesa Veg Yard),Apple,Other,Medium,2017-06-24 00:00:00,7000.0,8000.0,7500.0,17
Gujarat,Banaskanth,Deesa(Deesa Veg Yard),Apple,Other,Medium,2017-06-28 00:00:00,7500.0,8000.0,7750.0,17
Gujarat,Banaskanth,Deesa(Deesa Veg Yard),Apple,Other,Medium,2017-07-03 00:00:00,10000.0,11000.0,10500.0,17
Gujarat,Banaskanth,Deesa(Deesa Veg Yard),Apple,Other,Medium,2017-07-08 00:00:00,10000.0,11000.0,10500.0,17
Gujarat,Banaskanth,Deesa(Deesa Veg Yard),Apple,Other,Medium,2017-07-12 00:00:00,10000.0,11000.0,10500.0,17
Gujarat,Banaskanth,Deesa(Deesa Veg Yard),Apple,Other,Medium,2017-07-18 00:00:00,13000.0,14000.0,13500.0,17
Gujarat,Banaskanth,Deesa(Deesa Veg Yard),Apple,Other,Medium,2017-08-04 00:00:00,13000.0,15000.0,14000.0,17
Gujarat,Banaskanth,Deesa(Deesa Veg Yard),Apple,Other,Medium,2017-08-23 00:00:00,12500.0,15000.0,13750.0,17
Gujarat,Banaskanth,Deesa(Deesa Veg Yard),Apple,Other,Medium,2017-08-28 00:00:00,12000.0,14500.0,13250.0,17
Gujarat,Banaskanth,Deesa(Deesa Veg Yard),Apple,Other,Medium,2017-09-05 00:00:00,6000.0,7000.0,6500.0,17
Gujarat,Banaskanth,Deesa(Deesa Veg Yard),Apple,Other,Medium,2017-09-15 00:00:00,6000.0,8000.0,7000.0,17
Gujarat,Banaskanth,Deesa(Deesa Veg Yard),Apple,Other,Medium,2017-09-26 00:00:00,4000.0,7500.0,5750.0,17
Gujarat,Banaskanth,Deesa(Deesa Veg Yard),Apple,Other,Medium,2017-09-29 00:00:00,5000.0,7500.0,6250.0,17
Gujarat,Banaskanth,Deesa(Deesa Veg Yard),Apple,Other,Medium,2017-10-12 00:00:00,4000.0,7000.0,5500.0,17
Gujarat,Banaskanth,Deesa(Deesa Veg Yard),Apple,Other,Medium,2017-10-25 00:00:00,4000.0,7000.0,5500.0,17
Gujarat,Banaskanth,Deesa(Deesa Veg Yard),Apple,Other,Medium,2017-10-26 00:00:00,4000.0,7000.0,5500.0,17
Gujarat,Banaskanth,Deesa(Deesa Veg Yard),Apple,Other,Medium,2017-11-08 00:00:00,4000.0,6000.0,5000.0,17
Gujarat,Banaskanth,Deesa(Deesa Veg Yard),Apple,Other,Medium,2017-11-20 00:00:00,4000.0,6000.0,5000.0,17
Gujarat,Banaskanth,Deesa(Deesa Veg Yard),Apple,Other,Medium,2017-12-16 00:00:00,5000.0,6000.0,5500.0,17
Gujarat,Banaskanth,Deesa(Deesa Veg Yard),Apple,Other,Medium,2017-12-27 00:00:00,6000.0,6500.0,6250.0,17
Gujarat,Rajkot,Gondal(Veg.market Gondal),Apple,Apple,Medium,2017-02-05 00:00:00,8000.0,9000.0,8500.0,17
Gujarat,Rajkot,Gondal(Veg.market Gondal),Apple,Apple,Medium,2017-02-10 00:00:00,9000.0,11000.0,10000.0,17
Gujarat,Rajkot,Gondal(Veg.market Gondal),Apple,Apple,Medium,2017-02-15 00:00:00,8500.0,12000.0,10000.0,17
Gujarat,Rajkot,Gondal(Veg.market Gondal),Apple,Apple,Medium,2017-02-16 00:00:00,9500.0,11500.0,10500.0,17
Gujarat,Rajkot,Gondal(Veg.market Gondal),Apple,Apple,Medium,2017-03-01 00:00:00,9000.0,12500.0,10750.0,17
Gujarat,Rajkot,Gondal(Veg.market Gondal),Apple,Apple,Medium,2017-03-07 00:00:00,9500.0,11500.0,10500.0,17
Gujarat,Rajkot,Gondal(Veg.market Gondal),Apple,Apple,Medium,2017-03-12 00:00:00,10000.0,12000.0,11000.0,17
Gujarat,Rajkot,Gondal(Veg.market Gondal),Apple,Apple,Medium,2017-03-20 00:00:00,10500.0,12500.0,11500.0,17
Gujarat,Rajkot,Gondal(Veg.market Gondal),Apple,Apple,Medium,2017-03-22 00:00:00,10000.0,12000.0,11000.0,17
Gujarat,Rajkot,Gondal(Veg.market Gondal),Apple,Apple,Medium,2017-03-29 00:00:00,10000.0,12500.0,11250.0,17
Gujarat,Rajkot,Gondal(Veg.market Gondal),Apple,Apple,Medium,2017-04-02 00:00:00,10500.0,12500.0,11500.0,17
Gujarat,Rajkot,Gondal(Veg.market Gondal),Apple,Apple,Medium,2017-04-08 00:00:00,10500.0,12500.0,11500.0,17
Gujarat,Rajkot,Gondal(Veg.market Gondal),Apple,Apple,Medium,2017-04-09 00:00:00,11000.0,13000.0,12000.0,17
Gujarat,Rajkot,Gondal(Veg.market Gondal),Apple,Apple,Medium,2017-04-10 00:00:00,12000.0,13000.0,12500.0,17
Gujarat,Rajkot,Gondal(Veg.market Gondal),Apple,Apple,Medium,2017-04-11 00:00:00,11500.0,12500.0,12000.0,17
Gujarat,Rajkot,Gondal(Veg.market Gondal),Apple,Apple,Medium,2017-04-14 00:00:00,12000.0,13000.0,12500.0,17
Gujarat,Rajkot,Gondal(Veg.market Gondal),Apple,Apple,Medium,2017-04-19 00:00:00,11000.0,14000.0,12500.0,17
Gujarat,Rajkot,Gondal(Veg.market Gondal),Apple,Apple,Medium,2017-04-20 00:00:00,10000.0,13000.0,11500.0,17
Gujarat,Rajkot,Gondal(Veg.market Gondal),Apple,Apple,Medium,2017-04-21 00:00:00,12000.0,13000.0,12500.0,17
Gujarat,Rajkot,Gondal(Veg.market Gondal),Apple,Apple,Medium,2017-04-30 00:00:00,10000.0,12500.0,11000.0,17
Gujarat,Rajkot,Gondal(Veg.market Gondal),Apple,Apple,Medium,2017-05-10 00:00:00,2500.0,4000.0,3250.0,17
Gujarat,Rajkot,Gondal(Veg.market Gondal),Apple,Apple,Medium,2017-05-13 00:00:00,7500.0,14000.0,11000.0,17
Gujarat,Rajkot,Gondal(Veg.market Gondal),Apple,Apple,Medium,2017-05-30 00:00:00,7500.0,12500.0,10000.0,17
Gujarat,Rajkot,Gondal(Veg.market Gondal),Apple,Apple,Medium,2017-05-31 00:00:00,10000.0,12000.0,11000.0,17
Gujarat,Rajkot,Gondal(Veg.market Gondal),Apple,Apple,Medium,2017-06-02 00:00:00,7500.0,13000.0,10000.0,17
Gujarat,Rajkot,Gondal(Veg.market Gondal),Apple,Apple,Medium,2017-06-06 00:00:00,8000.0,13000.0,10500.0,17
Gujarat,Rajkot,Gondal(Veg.market Gondal),Apple,Apple,Medium,2017-06-21 00:00:00,11000.0,13000.0,12000.0,17
Gujarat,Rajkot,Gondal(Veg.market Gondal),Apple,Apple,Medium,2017-06-28 00:00:00,10000.0,15000.0,12500.0,17
Gujarat,Rajkot,Gondal(Veg.market Gondal),Apple,Apple,Medium,2017-07-04 00:00:00,8000.0,12000.0,10000.0,17
Gujarat,Rajkot,Gondal(Veg.market Gondal),Apple,Apple,Medium,2017-07-18 00:00:00,10000.0,14000.0,12000.0,17
Gujarat,Rajkot,Gondal(Veg.market Gondal),Apple,Apple,Medium,2017-07-21 00:00:00,10000.0,15000.0,12500.0,17
Gujarat,Rajkot,Gondal(Veg.market Gondal),Apple,Apple,Medium,2017-07-24 00:00:00,10000.0,15000.0,12500.0,17
Gujarat,Rajkot,Gondal(Veg.market Gondal),Apple,Apple,Medium,2017-08-12 00:00:00,7000.0,14000.0,11000.0,17
Gujarat,Rajkot,Gondal(Veg.market Gondal),Apple,Apple,Medium,2017-08-23 00:00:00,6000.0,12000.0,9000.0,17
Gujarat,Rajkot,Gondal(Veg.market Gondal),Apple,Apple,Medium,2017-08-28 00:00:00,3500.0,11000.0,7500.0,17
Gujarat,Rajkot,Gondal(Veg.market Gondal),Apple,Apple,Medium,2017-09-07 00:00:00,2500.0,9500.0,6000.0,17
Gujarat,Rajkot,Gondal(Veg.market Gondal),Apple,Apple,Medium,2017-09-16 00:00:00,2500.0,8000.0,5500.0,17
Gujarat,Rajkot,Gondal(Veg.market Gondal),Apple,Apple,Medium,2017-09-17 00:00:00,2500.0,7500.0,5000.0,17
Gujarat,Rajkot,Gondal(Veg.market Gondal),Apple,Apple,Medium,2017-09-21 00:00:00,2500.0,9500.0,6000.0,17
Gujarat,Rajkot,Gondal(Veg.market Gondal),Apple,Apple,Medium,2017-09-22 00:00:00,2000.0,8000.0,5000.0,17
Gujarat,Rajkot,Gondal(Veg.market Gondal),Apple,Apple,Medium,2017-09-23 00:00:00,2500.0,7000.0,5000.0,17
Gujarat,Rajkot,Gondal(Veg.market Gondal),Apple,Apple,Medium,2017-10-02 00:00:00,2000.0,6000.0,4000.0,17
Gujarat,Rajkot,Gondal(Veg.market Gondal),Apple,Apple,Medium,2017-10-04 00:00:00,2000.0,6500.0,4250.0,17
Gujarat,Rajkot,Gondal(Veg.market Gondal),Apple,Apple,Medium,2017-10-09 00:00:00,2500.0,6500.0,4500.0,17
Gujarat,Rajkot,Gondal(Veg.market Gondal),Apple,Apple,Medium,2017-10-16 00:00:00,2500.0,6500.0,4500.0,17
Gujarat,Rajkot,Gondal(Veg.market Gondal),Apple,Apple,Medium,2017-10-30 00:00:00,3000.0,6500.0,5000.0,17
Gujarat,Rajkot,Gondal(Veg.market Gondal),Apple,Apple,Medium,2017-10-31 00:00:00,2500.0,6500.0,4500.0,17
Gujarat,Rajkot,Gondal(Veg.market Gondal),Apple,Apple,Medium,2017-11-06 00:00:00,2500.0,6500.0,4500.0,17
Gujarat,Rajkot,Gondal(Veg.market Gondal),Apple,Apple,Medium,2017-11-11 00:00:00,2500.0,6500.0,4500.0,17
Gujarat,Rajkot,Gondal(Veg.market Gondal),Apple,Apple,Medium,2017-11-13 00:00:00,2500.0,6500.0,4500.0,17
Gujarat,Rajkot,Gondal(Veg.market Gondal),Apple,Apple,Medium,2017-11-15 00:00:00,2500.0,7000.0,5000.0,17
Gujarat,Rajkot,Gondal(Veg.market Gondal),Apple,Apple,Medium,2017-11-17 00:00:00,3000.0,6500.0,4500.0,17
Gujarat,Rajkot,Gondal(Veg.market Gondal),Apple,Apple,Medium,2017-11-20 00:00:00,3000.0,6500.0,5000.0,17
Gujarat,Rajkot,Gondal(Veg.market Gondal),Apple,Apple,Medium,2017-11-27 00:00:00,1500.0,2300.0,1900.0,17
Gujarat,Rajkot,Gondal(Veg.market Gondal),Apple,Apple,Medium,2017-12-10 00:00:00,3000.0,6500.0,5000.0,17
Gujarat,Rajkot,Gondal(Veg.market Gondal),Apple,Apple,Medium,2017-12-13 00:00:00,3500.0,6500.0,5000.0,17
Gujarat,Rajkot,Gondal(Veg.market Gondal),Apple,Apple,Medium,2017-12-18 00:00:00,3500.0,6500.0,5000.0,17
Gujarat,Rajkot,Gondal(Veg.market Gondal),Apple,Apple,Medium,2017-12-21 00:00:00,3500.0,6500.0,5000.0,17
Gujarat,Rajkot,Gondal(Veg.market Gondal),Apple,Apple,Medium,2017-12-25 00:00:00,3000.0,6000.0,4500.0,17
Gujarat,Vadodara(Baroda),Vadodara(Navapura),Apple,Other,Medium,2017-08-12 00:00:00,4000.0,5000.0,4500.0,17
Gujarat,Vadodara(Baroda),Vadodara(Navapura),Apple,Other,Medium,2017-08-20 00:00:00,4000.0,5000.0,4500.0,17
Gujarat,Vadodara(Baroda),Vadodara(Navapura),Apple,Other,Medium,2017-08-26 00:00:00,4000.0,5000.0,4500.0,17
Gujarat,Vadodara(Baroda),Vadodara(Navapura),Apple,Other,Medium,2017-09-03 00:00:00,4000.0,5000.0,4500.0,17
Gujarat,Vadodara(Baroda),Vadodara(Navapura),Apple,Other,Medium,2017-09-05 00:00:00,4000.0,5000.0,4500.0,17
Gujarat,Vadodara(Baroda),Vadodara(Navapura),Apple,Other,Medium,2017-09-08 00:00:00,4000.0,5000.0,4500.0,17
Gujarat,Vadodara(Baroda),Vadodara(Navapura),Apple,Other,Medium,2017-09-12 00:00:00,4000.0,5000.0,4500.0,17
Gujarat,Vadodara(Baroda),Vadodara(Navapura),Apple,Other,Medium,2017-09-15 00:00:00,4000.0,5000.0,4500.0,17
Gujarat,Vadodara(Baroda),Vadodara(Navapura),Apple,Other,Medium,2017-09-20 00:00:00,4000.0,5000.0,4500.0,17
Gujarat,Vadodara(Baroda),Vadodara(Navapura),Apple,Other,Medium,2017-09-22 00:00:00,4000.0,5000.0,4500.0,17
Gujarat,Vadodara(Baroda),Vadodara(Navapura),Apple,Other,Medium,2017-09-27 00:00:00,4000.0,5000.0,4500.0,17
Gujarat,Vadodara(Baroda),Vadodara(Navapura),Apple,Other,Medium,2017-10-09 00:00:00,4000.0,5000.0,4500.0,17
Gujarat,Vadodara(Baroda),Vadodara(Navapura),Apple,Other,Medium,2017-10-28 00:00:00,4000.0,5000.0,4500.0,17
Gujarat,Vadodara(Baroda),Vadodara(Navapura),Apple,Other,Medium,2017-10-30 00:00:00,4000.0,5000.0,4500.0,17
Gujarat,Vadodara(Baroda),Vadodara(Navapura),Apple,Other,Medium,2017-11-11 00:00:00,4000.0,6000.0,5000.0,17
Gujarat,Vadodara(Baroda),Vadodara(Navapura),Apple,Other,Medium,2017-11-19 00:00:00,4000.0,6000.0,5000.0,17
Gujarat,Vadodara(Baroda),Vadodara(Navapura),Apple,Other,Medium,2017-12-03 00:00:00,7000.0,9000.0,8000.0,17
Gujarat,Vadodara(Baroda),Vadodara(Navapura),Apple,Other,Medium,2017-12-04 00:00:00,7000.0,9000.0,8000.0,17
Gujarat,Vadodara(Baroda),Vadodara(Navapura),Apple,Other,Medium,2017-12-09 00:00:00,7000.0,9000.0,8000.0,17
Gujarat,Vadodara(Baroda),Vadodara(Navapura),Apple,Other,Medium,2017-12-17 00:00:00,7000.0,9000.0,8000.0,17
Gujarat,Vadodara(Baroda),Vadodara(Navapura),Apple,Other,Medium,2017-12-20 00:00:00,7000.0,9000.0,8000.0,17
Gujarat,Ahmedabad,"Ahmedabad(Fruit Market, Naroda)",Apple,Other,Medium,2017-01-06 00:00:00,3000.0,8000.0,6000.0,17
Gujarat,Ahmedabad,"Ahmedabad(Fruit Market, Naroda)",Apple,Other,Medium,2017-01-09 00:00:00,3000.0,7000.0,6000.0,17
Gujarat,Ahmedabad,"Ahmedabad(Fruit Market, Naroda)",Apple,Other,Medium,2017-01-10 00:00:00,3000.0,9000.0,7000.0,17
Gujarat,Ahmedabad,"Ahmedabad(Fruit Market, Naroda)",Apple,Other,Medium,2017-01-18 00:00:00,3000.0,8000.0,6500.0,17
Gujarat,Ahmedabad,"Ahmedabad(Fruit Market, Naroda)",Apple,Other,Medium,2017-01-25 00:00:00,3000.0,9000.0,7000.0,17
Gujarat,Ahmedabad,"Ahmedabad(Fruit Market, Naroda)",Apple,Other,Medium,2017-02-01 00:00:00,3000.0,9000.0,7000.0,17
Gujarat,Ahmedabad,"Ahmedabad(Fruit Market, Naroda)",Apple,Other,Medium,2017-02-06 00:00:00,3000.0,8000.0,6500.0,17
Gujarat,Ahmedabad,"Ahmedabad(Fruit Market, Naroda)",Apple,Other,Medium,2017-02-11 00:00:00,3000.0,9000.0,7000.0,17
Gujarat,Ahmedabad,"Ahmedabad(Fruit Market, Naroda)",Apple,Other,Medium,2017-02-20 00:00:00,3000.0,10000.0,7500.0,17
Gujarat,Ahmedabad,"Ahmedabad(Fruit Market, Naroda)",Apple,Other,Medium,2017-02-21 00:00:00,3000.0,9000.0,7000.0,17
Gujarat,Ahmedabad,"Ahmedabad(Fruit Market, Naroda)",Apple,Other,Medium,2017-03-15 00:00:00,4000.0,10000.0,8000.0,17
Gujarat,Ahmedabad,"Ahmedabad(Fruit Market, Naroda)",Apple,Other,Medium,2017-03-21 00:00:00,3000.0,8000.0,6500.0,17
Gujarat,Ahmedabad,"Ahmedabad(Fruit Market, Naroda)",Apple,Other,Medium,2017-04-17 00:00:00,5000.0,11000.0,9000.0,17
Gujarat,Ahmedabad,"Ahmedabad(Fruit Market, Naroda)",Apple,Other,Medium,2017-04-20 00:00:00,5000.0,10000.0,8000.0,17
Gujarat,Ahmedabad,"Ahmedabad(Fruit Market, Naroda)",Apple,Other,Medium,2017-04-24 00:00:00,5000.0,11000.0,9000.0,17
Gujarat,Ahmedabad,"Ahmedabad(Fruit Market, Naroda)",Apple,Other,Medium,2017-05-02 00:00:00,7000.0,12000.0,11000.0,17
Gujarat,Ahmedabad,"Ahmedabad(Fruit Market, Naroda)",Apple,Other,Medium,2017-05-08 00:00:00,8000.0,12000.0,11000.0,17
Gujarat,Ahmedabad,"Ahmedabad(Fruit Market, Naroda)",Apple,Other,Medium,2017-05-17 00:00:00,8000.0,13000.0,11000.0,17
Gujarat,Ahmedabad,"Ahmedabad(Fruit Market, Naroda)",Apple,Other,Medium,2017-06-03 00:00:00,7000.0,11000.0,10000.0,17
Gujarat,Ahmedabad,"Ahmedabad(Fruit Market, Naroda)",Apple,Other,Medium,2017-06-06 00:00:00,9000.0,13000.0,11000.0,17
Gujarat,Ahmedabad,"Ahmedabad(Fruit Market, Naroda)",Apple,Other,Medium,2017-06-20 00:00:00,10000.0,13000.0,12000.0,17
Gujarat,Ahmedabad,"Ahmedabad(Fruit Market, Naroda)",Apple,Other,Medium,2017-06-23 00:00:00,9000.0,12500.0,11000.0,17
Gujarat,Ahmedabad,"Ahmedabad(Fruit Market, Naroda)",Apple,Other,Medium,2017-07-01 00:00:00,10000.0,13000.0,12000.0,17
Gujarat,Ahmedabad,"Ahmedabad(Fruit Market, Naroda)",Apple,Other,Medium,2017-07-03 00:00:00,9000.0,13000.0,12000.0,17
Gujarat,Ahmedabad,"Ahmedabad(Fruit Market, Naroda)",Apple,Other,Medium,2017-07-06 00:00:00,5000.0,12000.0,10000.0,17
Gujarat,Ahmedabad,"Ahmedabad(Fruit Market, Naroda)",Apple,Other,Medium,2017-07-08 00:00:00,6000.0,13000.0,10000.0,17
Gujarat,Ahmedabad,"Ahmedabad(Fruit Market, Naroda)",Apple,Other,Medium,2017-07-11 00:00:00,5000.0,13000.0,10000.0,17
Gujarat,Ahmedabad,"Ahmedabad(Fruit Market, Naroda)",Apple,Other,Medium,2017-07-14 00:00:00,5000.0,12000.0,9000.0,17
Gujarat,Ahmedabad,"Ahmedabad(Fruit Market, Naroda)",Apple,Other,Medium,2017-07-22 00:00:00,4000.0,12000.0,9000.0,17
Gujarat,Ahmedabad,"Ahmedabad(Fruit Market, Naroda)",Apple,Other,Medium,2017-07-27 00:00:00,3000.0,12000.0,8000.0,17
Gujarat,Ahmedabad,"Ahmedabad(Fruit Market, Naroda)",Apple,Other,Medium,2017-07-28 00:00:00,3000.0,12000.0,8000.0,17
Gujarat,Ahmedabad,"Ahmedabad(Fruit Market, Naroda)",Apple,Other,Medium,2017-07-29 00:00:00,3000.0,12000.0,9000.0,17
Gujarat,Ahmedabad,"Ahmedabad(Fruit Market, Naroda)",Apple,Other,Medium,2017-08-04 00:00:00,4000.0,11000.0,9000.0,17
Gujarat,Ahmedabad,"Ahmedabad(Fruit Market, Naroda)",Apple,Other,Medium,2017-08-11 00:00:00,4000.0,13000.0,9000.0,17
Gujarat,Ahmedabad,"Ahmedabad(Fruit Market, Naroda)",Apple,Other,Medium,2017-08-12 00:00:00,4000.0,10000.0,8000.0,17
Gujarat,Ahmedabad,"Ahmedabad(Fruit Market, Naroda)",Apple,Other,Medium,2017-08-22 00:00:00,4000.0,11000.0,9000.0,17
Gujarat,Ahmedabad,"Ahmedabad(Fruit Market, Naroda)",Apple,Other,Medium,2017-09-01 00:00:00,4000.0,11000.0,8000.0,17
Gujarat,Ahmedabad,"Ahmedabad(Fruit Market, Naroda)",Apple,Other,Medium,2017-09-08 00:00:00,4000.0,8000.0,7000.0,17
Gujarat,Ahmedabad,"Ahmedabad(Fruit Market, Naroda)",Apple,Other,Medium,2017-09-15 00:00:00,4000.0,7000.0,6000.0,17
Gujarat,Ahmedabad,"Ahmedabad(Fruit Market, Naroda)",Apple,Other,Medium,2017-09-21 00:00:00,4000.0,7000.0,6000.0,17
Gujarat,Ahmedabad,"Ahmedabad(Fruit Market, Naroda)",Apple,Other,Medium,2017-09-26 00:00:00,4500.0,7000.0,6000.0,17
Gujarat,Ahmedabad,"Ahmedabad(Fruit Market, Naroda)",Apple,Other,Medium,2017-09-28 00:00:00,4000.0,7000.0,6000.0,17
Gujarat,Ahmedabad,"Ahmedabad(Fruit Market, Naroda)",Apple,Other,Medium,2017-09-29 00:00:00,4000.0,7000.0,6000.0,17
Gujarat,Ahmedabad,"Ahmedabad(Fruit Market, Naroda)",Apple,Other,Medium,2017-10-05 00:00:00,6000.0,8000.0,7500.0,17
Gujarat,Ahmedabad,"Ahmedabad(Fruit Market, Naroda)",Apple,Other,Medium,2017-10-25 00:00:00,5500.0,7000.0,6500.0,17
Gujarat,Ahmedabad,"Ahmedabad(Fruit Market, Naroda)",Apple,Other,Medium,2017-11-10 00:00:00,5500.0,7000.0,6500.0,17
Gujarat,Ahmedabad,"Ahmedabad(Fruit Market, Naroda)",Apple,Other,Medium,2017-11-15 00:00:00,5500.0,7000.0,6500.0,17
Gujarat,Ahmedabad,"Ahmedabad(Fruit Market, Naroda)",Apple,Other,Medium,2017-11-16 00:00:00,6000.0,7000.0,6500.0,17
Gujarat,Ahmedabad,"Ahmedabad(Fruit Market, Naroda)",Apple,Other,Medium,2017-11-28 00:00:00,6000.0,7000.0,6500.0,17
Gujarat,Rajkot,Gondal(Veg.market Gondal),Apple,Apple,Medium,2020-10-08 00:00:00,2500.0,7000.0,4500.0,17
Gujarat,Rajkot,Gondal(Veg.market Gondal),Apple,Apple,Medium,2020-10-09 00:00:00,2000.0,7000.0,4500.0,17
Gujarat,Rajkot,Gondal(Veg.market Gondal),Apple,Apple,Medium,2020-10-13 00:00:00,3000.0,8000.0,5500.0,17
Gujarat,Rajkot,Gondal(Veg.market Gondal),Apple,Apple,Medium,2020-10-20 00:00:00,2000.0,7000.0,4500.0,17
Gujarat,Rajkot,Gondal(Veg.market Gondal),Apple,Apple,Medium,2020-10-23 00:00:00,3000.0,7000.0,5000.0,17
Gujarat,Rajkot,Gondal(Veg.market Gondal),Apple,Apple,Medium,2020-11-07 00:00:00,3000.0,7000.0,5000.0,17
Gujarat,Rajkot,Gondal(Veg.market Gondal),Apple,Apple,Medium,2020-11-12 00:00:00,2500.0,7500.0,5000.0,17
Gujarat,Rajkot,Gondal(Veg.market Gondal),Apple,Apple,Medium,2020-11-13 00:00:00,3500.0,7500.0,5500.0,17
Gujarat,Rajkot,Gondal(Veg.market Gondal),Apple,Apple,Medium,2020-11-30 00:00:00,3000.0,7000.0,5000.0,17
Gujarat,Surendranagar,Vadhvan,Apple,Apple,Medium,2020-10-11 00:00:00,2500.0,3500.0,3000.0,17
Gujarat,Surendranagar,Vadhvan,Apple,Apple,Medium,2020-10-21 00:00:00,2500.0,4000.0,3750.0,17
Gujarat,Surendranagar,Vadhvan,Apple,Apple,Medium,2020-10-26 00:00:00,2000.0,3250.0,2625.0,17
Gujarat,Surendranagar,Vadhvan,Apple,Apple,Medium,2020-10-29 00:00:00,3000.0,4000.0,3500.0,17
Gujarat,Ahmedabad,"Ahmedabad(Fruit Market, Naroda)",Apple,Other,Small,2009-01-03 00:00:00,4000.0,5000.0,4750.0,17
Gujarat,Ahmedabad,"Ahmedabad(Fruit Market, Naroda)",Apple,Other,Small,2009-01-07 00:00:00,3500.0,6000.0,5000.0,17
Gujarat,Ahmedabad,"Ahmedabad(Fruit Market, Naroda)",Apple,Other,Small,2009-01-12 00:00:00,4000.0,7000.0,6000.0,17
Gujarat,Ahmedabad,"Ahmedabad(Fruit Market, Naroda)",Apple,Other,Small,2009-01-17 00:00:00,5000.0,6000.0,5700.0,17
Gujarat,Ahmedabad,"Ahmedabad(Fruit Market, Naroda)",Apple,Other,Small,2009-01-20 00:00:00,4500.0,5500.0,5200.0,17
Gujarat,Ahmedabad,"Ahmedabad(Fruit Market, Naroda)",Apple,Other,Small,2009-01-21 00:00:00,4500.0,5500.0,5200.0,17
Gujarat,Ahmedabad,"Ahmedabad(Fruit Market, Naroda)",Apple,Other,Small,2009-01-22 00:00:00,4000.0,6000.0,5500.0,17
Gujarat,Ahmedabad,"Ahmedabad(Fruit Market, Naroda)",Apple,Other,Small,2009-01-23 00:00:00,5000.0,6000.0,5700.0,17
Gujarat,Ahmedabad,"Ahmedabad(Fruit Market, Naroda)",Apple,Other,Small,2009-02-12 00:00:00,5000.0,7000.0,6500.0,17
Gujarat,Ahmedabad,"Ahmedabad(Fruit Market, Naroda)",Apple,Other,Small,2009-02-13 00:00:00,5000.0,7000.0,6200.0,17
Gujarat,Ahmedabad,"Ahmedabad(Fruit Market, Naroda)",Apple,Other,Small,2009-02-24 00:00:00,4000.0,6000.0,5500.0,17
Gujarat,Ahmedabad,"Ahmedabad(Fruit Market, Naroda)",Apple,Other,Small,2009-03-02 00:00:00,3000.0,6000.0,5000.0,17
Gujarat,Ahmedabad,"Ahmedabad(Fruit Market, Naroda)",Apple,Other,Small,2009-03-17 00:00:00,4000.0,7000.0,6000.0,17
Gujarat,Ahmedabad,"Ahmedabad(Fruit Market, Naroda)",Apple,Other,Small,2009-03-18 00:00:00,4500.0,7000.0,5800.0,17
Gujarat,Ahmedabad,"Ahmedabad(Fruit Market, Naroda)",Apple,Other,Small,2009-03-19 00:00:00,3000.0,5000.0,4500.0,17
Gujarat,Ahmedabad,"Ahmedabad(Fruit Market, Naroda)",Apple,Other,Small,2009-03-27 00:00:00,5000.0,6000.0,5500.0,17
Gujarat,Ahmedabad,"Ahmedabad(Fruit Market, Naroda)",Apple,Other,Small,2009-03-30 00:00:00,6000.0,8000.0,7000.0,17
Gujarat,Ahmedabad,"Ahmedabad(Fruit Market, Naroda)",Apple,Other,Small,2009-04-21 00:00:00,6000.0,8000.0,7000.0,17
Gujarat,Ahmedabad,"Ahmedabad(Fruit Market, Naroda)",Apple,Other,Small,2009-04-22 00:00:00,6000.0,8000.0,7000.0,17
Gujarat,Ahmedabad,"Ahmedabad(Fruit Market, Naroda)",Apple,Other,Small,2009-04-25 00:00:00,6000.0,8000.0,7000.0,17
Gujarat,Ahmedabad,"Ahmedabad(Fruit Market, Naroda)",Apple,Other,Small,2009-05-04 00:00:00,7000.0,8000.0,7500.0,17
Gujarat,Ahmedabad,"Ahmedabad(Fruit Market, Naroda)",Apple,Other,Small,2009-05-05 00:00:00,7000.0,8000.0,7550.0,17
Gujarat,Ahmedabad,"Ahmedabad(Fruit Market, Naroda)",Apple,Other,Small,2009-05-06 00:00:00,7000.0,8000.0,7550.0,17
Gujarat,Ahmedabad,"Ahmedabad(Fruit Market, Naroda)",Apple,Other,Small,2009-05-21 00:00:00,6000.0,8000.0,7050.0,17
Gujarat,Ahmedabad,"Ahmedabad(Fruit Market, Naroda)",Apple,Other,Small,2009-05-27 00:00:00,8000.0,10000.0,9050.0,17
Gujarat,Ahmedabad,"Ahmedabad(Fruit Market, Naroda)",Apple,Other,Small,2009-06-04 00:00:00,8000.0,10000.0,9050.0,17
Gujarat,Ahmedabad,"Ahmedabad(Fruit Market, Naroda)",Apple,Other,Small,2009-06-09 00:00:00,10000.0,11000.0,10550.0,17
Gujarat,Ahmedabad,"Ahmedabad(Fruit Market, Naroda)",Apple,Other,Small,2009-06-15 00:00:00,10000.0,12000.0,11500.0,17
Gujarat,Ahmedabad,"Ahmedabad(Fruit Market, Naroda)",Apple,Other,Small,2009-06-19 00:00:00,9000.0,11000.0,10500.0,17
Gujarat,Ahmedabad,"Ahmedabad(Fruit Market, Naroda)",Apple,Other,Small,2009-06-26 00:00:00,9000.0,12000.0,11000.0,17
Gujarat,Ahmedabad,"Ahmedabad(Fruit Market, Naroda)",Apple,Other,Small,2009-06-30 00:00:00,10000.0,12000.0,11500.0,17
Gujarat,Ahmedabad,"Ahmedabad(Fruit Market, Naroda)",Apple,Other,Small,2009-07-07 00:00:00,8000.0,10000.0,9500.0,17
Gujarat,Ahmedabad,"Ahmedabad(Fruit Market, Naroda)",Apple,Other,Small,2009-07-16 00:00:00,10000.0,13000.0,12000.0,17
Gujarat,Ahmedabad,"Ahmedabad(Fruit Market, Naroda)",Apple,Other,Small,2009-07-21 00:00:00,9000.0,11000.0,10500.0,17
Gujarat,Ahmedabad,"Ahmedabad(Fruit Market, Naroda)",Apple,Other,Small,2009-07-22 00:00:00,6000.0,13000.0,10000.0,17
Gujarat,Ahmedabad,"Ahmedabad(Fruit Market, Naroda)",Apple,Other,Small,2009-07-24 00:00:00,10000.0,15000.0,13000.0,17
Gujarat,Ahmedabad,"Ahmedabad(Fruit Market, Naroda)",Apple,Other,Small,2009-08-03 00:00:00,10000.0,16000.0,14000.0,17
Gujarat,Ahmedabad,"Ahmedabad(Fruit Market, Naroda)",Apple,Other,Small,2009-08-04 00:00:00,6000.0,11000.0,9000.0,17
Gujarat,Ahmedabad,"Ahmedabad(Fruit Market, Naroda)",Apple,Other,Small,2009-08-07 00:00:00,10000.0,12000.0,11500.0,17
Gujarat,Ahmedabad,"Ahmedabad(Fruit Market, Naroda)",Apple,Other,Small,2009-08-13 00:00:00,7000.0,11000.0,10000.0,17
Gujarat,Ahmedabad,"Ahmedabad(Fruit Market, Naroda)",Apple,Other,Small,2009-08-20 00:00:00,5000.0,10000.0,8000.0,17
Gujarat,Ahmedabad,"Ahmedabad(Fruit Market, Naroda)",Apple,Other,Small,2009-08-22 00:00:00,6000.0,12000.0,10000.0,17
Gujarat,Ahmedabad,"Ahmedabad(Fruit Market, Naroda)",Apple,Other,Small,2009-08-24 00:00:00,5000.0,10000.0,8000.0,17
Gujarat,Ahmedabad,"Ahmedabad(Fruit Market, Naroda)",Apple,Other,Small,2009-08-28 00:00:00,6000.0,10000.0,9000.0,17
Gujarat,Ahmedabad,"Ahmedabad(Fruit Market, Naroda)",Apple,Other,Small,2009-08-31 00:00:00,5000.0,8000.0,7000.0,17
Gujarat,Ahmedabad,"Ahmedabad(Fruit Market, Naroda)",Apple,Other,Small,2009-09-02 00:00:00,6000.0,10000.0,9000.0,17
Gujarat,Ahmedabad,"Ahmedabad(Fruit Market, Naroda)",Apple,Other,Small,2009-09-03 00:00:00,4000.0,8000.0,7000.0,17
Gujarat,Ahmedabad,"Ahmedabad(Fruit Market, Naroda)",Apple,Other,Small,2009-09-11 00:00:00,5000.0,8000.0,7000.0,17
Gujarat,Ahmedabad,"Ahmedabad(Fruit Market, Naroda)",Apple,Other,Small,2009-09-24 00:00:00,5000.0,8000.0,7000.0,17
Gujarat,Ahmedabad,"Ahmedabad(Fruit Market, Naroda)",Apple,Other,Small,2009-09-29 00:00:00,4000.0,8000.0,7000.0,17
Gujarat,Ahmedabad,"Ahmedabad(Fruit Market, Naroda)",Apple,Other,Small,2009-09-30 00:00:00,4000.0,8000.0,7000.0,17
Gujarat,Ahmedabad,"Ahmedabad(Fruit Market, Naroda)",Apple,Other,Small,2009-10-01 00:00:00,4000.0,7000.0,5600.0,17
Gujarat,Ahmedabad,"Ahmedabad(Fruit Market, Naroda)",Apple,Other,Small,2009-10-06 00:00:00,4000.0,7000.0,6000.0,17
Gujarat,Ahmedabad,"Ahmedabad(Fruit Market, Naroda)",Apple,Other,Small,2009-10-12 00:00:00,4000.0,7000.0,6000.0,17
Gujarat,Ahmedabad,"Ahmedabad(Fruit Market, Naroda)",Apple,Other,Small,2009-10-14 00:00:00,5000.0,6000.0,5500.0,17
Gujarat,Ahmedabad,"Ahmedabad(Fruit Market, Naroda)",Apple,Other,Small,2009-10-22 00:00:00,5000.0,7000.0,6500.0,17
Gujarat,Ahmedabad,"Ahmedabad(Fruit Market, Naroda)",Apple,Other,Small,2009-10-23 00:00:00,5000.0,7000.0,6500.0,17
Gujarat,Ahmedabad,"Ahmedabad(Fruit Market, Naroda)",Apple,Other,Small,2009-10-27 00:00:00,5000.0,7000.0,6200.0,17
Gujarat,Ahmedabad,"Ahmedabad(Fruit Market, Naroda)",Apple,Other,Small,2009-10-28 00:00:00,4000.0,6000.0,5500.0,17
Gujarat,Ahmedabad,"Ahmedabad(Fruit Market, Naroda)",Apple,Other,Small,2009-11-24 00:00:00,4000.0,6000.0,5200.0,17
Gujarat,Ahmedabad,"Ahmedabad(Fruit Market, Naroda)",Apple,Other,Small,2009-12-08 00:00:00,3000.0,4000.0,3700.0,17
Gujarat,Ahmedabad,"Ahmedabad(Fruit Market, Naroda)",Apple,Other,Small,2009-12-10 00:00:00,4000.0,6000.0,5000.0,17
Gujarat,Ahmedabad,"Ahmedabad(Fruit Market, Naroda)",Apple,Other,Small,2009-12-14 00:00:00,4000.0,6000.0,5200.0,17
Gujarat,Ahmedabad,"Ahmedabad(Fruit Market, Naroda)",Apple,Other,Small,2009-12-17 00:00:00,5000.0,7000.0,6500.0,17
Gujarat,Ahmedabad,"Ahmedabad(Fruit Market, Naroda)",Apple,Other,Small,2009-12-19 00:00:00,5000.0,7000.0,6500.0,17
Gujarat,Ahmedabad,"Ahmedabad(Fruit Market, Naroda)",Apple,Other,Small,2009-12-22 00:00:00,5000.0,6000.0,5500.0,17
Gujarat,Ahmedabad,"Ahmedabad(Fruit Market, Naroda)",Apple,Other,Small,2009-12-31 00:00:00,5500.0,7500.0,7000.0,17
Gujarat,Ahmedabad,Ahmedabad(Manekchowk),Apple,Other,Small,2009-01-01 00:00:00,4000.0,6000.0,5000.0,17
Gujarat,Ahmedabad,Ahmedabad(Manekchowk),Apple,Other,Small,2009-01-02 00:00:00,4000.0,6000.0,5000.0,17
Gujarat,Ahmedabad,Ahmedabad(Manekchowk),Apple,Other,Small,2009-01-20 00:00:00,4500.0,5500.0,5000.0,17
Gujarat,Ahmedabad,Ahmedabad(Manekchowk),Apple,Other,Small,2009-01-23 00:00:00,5000.0,6000.0,5500.0,17
Gujarat,Ahmedabad,Ahmedabad(Manekchowk),Apple,Other,Small,2009-01-26 00:00:00,4000.0,6000.0,5000.0,17
Gujarat,Ahmedabad,Ahmedabad(Manekchowk),Apple,Other,Small,2009-01-29 00:00:00,4000.0,5500.0,5000.0,17
Gujarat,Ahmedabad,Ahmedabad(Manekchowk),Apple,Other,Small,2009-01-30 00:00:00,3000.0,5000.0,4000.0,17
Gujarat,Ahmedabad,Ahmedabad(Manekchowk),Apple,Other,Small,2009-02-02 00:00:00,3000.0,5000.0,4500.0,17
Gujarat,Ahmedabad,Ahmedabad(Manekchowk),Apple,Other,Small,2009-02-06 00:00:00,4000.0,7000.0,5500.0,17
Gujarat,Ahmedabad,Ahmedabad(Manekchowk),Apple,Other,Small,2009-02-10 00:00:00,5000.0,6000.0,5500.0,17
Gujarat,Ahmedabad,Ahmedabad(Manekchowk),Apple,Other,Small,2009-02-13 00:00:00,5000.0,7000.0,6000.0,17
Gujarat,Ahmedabad,Ahmedabad(Manekchowk),Apple,Other,Small,2009-02-16 00:00:00,4000.0,6000.0,5500.0,17
Gujarat,Ahmedabad,Ahmedabad(Manekchowk),Apple,Other,Small,2009-02-25 00:00:00,4000.0,6000.0,5500.0,17
Gujarat,Ahmedabad,Ahmedabad(Manekchowk),Apple,Other,Small,2009-03-07 00:00:00,4000.0,6000.0,5000.0,17
Gujarat,Ahmedabad,Ahmedabad(Manekchowk),Apple,Other,Small,2009-03-12 00:00:00,3000.0,6000.0,4500.0,17
Gujarat,Ahmedabad,Ahmedabad(Manekchowk),Apple,Other,Small,2009-03-25 00:00:00,5000.0,6000.0,5500.0,17
Gujarat,Ahmedabad,Ahmedabad(Manekchowk),Apple,Other,Small,2009-03-30 00:00:00,6000.0,8000.0,7000.0,17
Gujarat,Ahmedabad,Ahmedabad(Manekchowk),Apple,Other,Small,2009-04-06 00:00:00,6000.0,8000.0,7000.0,17
Gujarat,Ahmedabad,Ahmedabad(Manekchowk),Apple,Other,Small,2009-04-25 00:00:00,6000.0,8000.0,7000.0,17
Gujarat,Ahmedabad,Ahmedabad(Manekchowk),Apple,Other,Small,2009-04-28 00:00:00,6000.0,8000.0,7000.0,17
Gujarat,Ahmedabad,Ahmedabad(Manekchowk),Apple,Other,Small,2009-05-04 00:00:00,7000.0,8000.0,7500.0,17
Gujarat,Ahmedabad,Ahmedabad(Manekchowk),Apple,Other,Small,2009-05-06 00:00:00,7000.0,8000.0,7550.0,17
Gujarat,Ahmedabad,Ahmedabad(Manekchowk),Apple,Other,Small,2009-05-30 00:00:00,8000.0,10000.0,9050.0,17
Gujarat,Ahmedabad,Ahmedabad(Manekchowk),Apple,Other,Small,2009-06-04 00:00:00,8000.0,10000.0,9050.0,17
Gujarat,Ahmedabad,Ahmedabad(Manekchowk),Apple,Other,Small,2009-06-10 00:00:00,8000.0,10000.0,9050.0,17
Gujarat,Ahmedabad,Ahmedabad(Manekchowk),Apple,Other,Small,2009-06-20 00:00:00,9000.0,11000.0,10500.0,17
Gujarat,Ahmedabad,Ahmedabad(Manekchowk),Apple,Other,Small,2009-06-24 00:00:00,9000.0,12000.0,11000.0,17
Gujarat,Ahmedabad,Ahmedabad(Manekchowk),Apple,Other,Small,2009-06-27 00:00:00,9000.0,11000.0,10500.0,17
Gujarat,Ahmedabad,Ahmedabad(Manekchowk),Apple,Other,Small,2009-07-03 00:00:00,13000.0,14000.0,13550.0,17
Gujarat,Ahmedabad,Ahmedabad(Manekchowk),Apple,Other,Small,2009-07-04 00:00:00,13000.0,14000.0,13550.0,17
Gujarat,Ahmedabad,Ahmedabad(Manekchowk),Apple,Other,Small,2009-07-14 00:00:00,10000.0,12000.0,11500.0,17
Gujarat,Ahmedabad,Ahmedabad(Manekchowk),Apple,Other,Small,2009-07-20 00:00:00,9000.0,11000.0,10500.0,17
Gujarat,Ahmedabad,Ahmedabad(Manekchowk),Apple,Other,Small,2009-07-24 00:00:00,10000.0,15000.0,13000.0,17
Gujarat,Ahmedabad,Ahmedabad(Manekchowk),Apple,Other,Small,2009-07-30 00:00:00,10000.0,15000.0,13000.0,17
Gujarat,Ahmedabad,Ahmedabad(Manekchowk),Apple,Other,Small,2009-08-01 00:00:00,10000.0,16000.0,14000.0,17
Gujarat,Ahmedabad,Ahmedabad(Manekchowk),Apple,Other,Small,2009-08-15 00:00:00,7000.0,11000.0,10000.0,17
Gujarat,Ahmedabad,Ahmedabad(Manekchowk),Apple,Other,Small,2009-09-03 00:00:00,4000.0,8000.0,7000.0,17
Gujarat,Ahmedabad,Ahmedabad(Manekchowk),Apple,Other,Small,2009-09-09 00:00:00,5000.0,8000.0,7000.0,17
Gujarat,Ahmedabad,Ahmedabad(Manekchowk),Apple,Other,Small,2009-09-22 00:00:00,5000.0,8000.0,7000.0,17
Gujarat,Ahmedabad,Ahmedabad(Manekchowk),Apple,Other,Small,2009-09-26 00:00:00,4000.0,7000.0,6000.0,17
Gujarat,Ahmedabad,Ahmedabad(Manekchowk),Apple,Other,Small,2009-10-07 00:00:00,4000.0,7000.0,6000.0,17
Gujarat,Ahmedabad,Ahmedabad(Manekchowk),Apple,Other,Small,2009-10-09 00:00:00,4000.0,7000.0,6000.0,17
Gujarat,Ahmedabad,Ahmedabad(Manekchowk),Apple,Other,Small,2009-10-14 00:00:00,5000.0,6000.0,5500.0,17
Gujarat,Ahmedabad,Ahmedabad(Manekchowk),Apple,Other,Small,2009-10-15 00:00:00,5000.0,6000.0,5500.0,17
Gujarat,Ahmedabad,Ahmedabad(Manekchowk),Apple,Other,Small,2009-10-26 00:00:00,5000.0,7000.0,6500.0,17
Gujarat,Ahmedabad,Ahmedabad(Manekchowk),Apple,Other,Small,2009-11-05 00:00:00,2000.0,5000.0,4200.0,17
Gujarat,Ahmedabad,Ahmedabad(Manekchowk),Apple,Other,Small,2009-11-10 00:00:00,4000.0,6000.0,5500.0,17
Gujarat,Ahmedabad,Ahmedabad(Manekchowk),Apple,Other,Small,2009-11-11 00:00:00,3000.0,6000.0,5200.0,17
Gujarat,Ahmedabad,Ahmedabad(Manekchowk),Apple,Other,Small,2009-11-13 00:00:00,3000.0,6000.0,5000.0,17
Gujarat,Ahmedabad,Ahmedabad(Manekchowk),Apple,Other,Small,2009-11-19 00:00:00,4000.0,6000.0,5500.0,17
Gujarat,Ahmedabad,Ahmedabad(Manekchowk),Apple,Other,Small,2009-11-20 00:00:00,4000.0,6000.0,5500.0,17
Gujarat,Ahmedabad,Ahmedabad(Manekchowk),Apple,Other,Small,2009-11-27 00:00:00,4000.0,6000.0,5200.0,17
Gujarat,Ahmedabad,Ahmedabad(Manekchowk),Apple,Other,Small,2009-12-02 00:00:00,4000.0,6000.0,5000.0,17
Gujarat,Ahmedabad,Ahmedabad(Manekchowk),Apple,Other,Small,2009-12-03 00:00:00,4000.0,6000.0,5200.0,17
Gujarat,Ahmedabad,Ahmedabad(Manekchowk),Apple,Other,Small,2009-12-05 00:00:00,4000.0,6000.0,5200.0,17
Gujarat,Ahmedabad,Ahmedabad(Manekchowk),Apple,Other,Small,2009-12-15 00:00:00,4000.0,6000.0,5500.0,17
Gujarat,Ahmedabad,Ahmedabad(Manekchowk),Apple,Other,Small,2009-12-16 00:00:00,5000.0,7000.0,6500.0,17
Gujarat,Ahmedabad,Ahmedabad(Manekchowk),Apple,Other,Small,2009-12-24 00:00:00,5000.0,7000.0,6200.0,17
Gujarat,Banaskanth,Deesa(Deesa Veg Yard),Apple,Other,Medium,2009-01-02 00:00:00,3000.0,3500.0,3250.0,17
Gujarat,Banaskanth,Deesa(Deesa Veg Yard),Apple,Other,Medium,2009-01-12 00:00:00,3500.0,4000.0,3750.0,17
Gujarat,Banaskanth,Deesa(Deesa Veg Yard),Apple,Other,Medium,2009-01-16 00:00:00,3000.0,3500.0,3250.0,17
Gujarat,Banaskanth,Deesa(Deesa Veg Yard),Apple,Other,Medium,2009-02-13 00:00:00,3800.0,4000.0,3900.0,17
Gujarat,Banaskanth,Deesa(Deesa Veg Yard),Apple,Other,Medium,2009-03-03 00:00:00,3200.0,4000.0,3600.0,17
Gujarat,Banaskanth,Deesa(Deesa Veg Yard),Apple,Other,Medium,2009-03-24 00:00:00,2500.0,3700.0,3100.0,17
Gujarat,Banaskanth,Deesa(Deesa Veg Yard),Apple,Other,Medium,2009-04-04 00:00:00,2600.0,4200.0,3400.0,17
Gujarat,Banaskanth,Deesa(Deesa Veg Yard),Apple,Other,Medium,2009-04-15 00:00:00,3000.0,4500.0,3750.0,17
Gujarat,Banaskanth,Deesa(Deesa Veg Yard),Apple,Other,Medium,2009-04-24 00:00:00,3500.0,5000.0,4250.0,17
Gujarat,Banaskanth,Deesa(Deesa Veg Yard),Apple,Other,Medium,2009-04-28 00:00:00,4000.0,6000.0,5000.0,17
Gujarat,Banaskanth,Deesa(Deesa Veg Yard),Apple,Other,Medium,2009-05-08 00:00:00,4000.0,6000.0,5000.0,17
Gujarat,Banaskanth,Deesa(Deesa Veg Yard),Apple,Other,Medium,2009-05-13 00:00:00,4000.0,6000.0,5000.0,17
Gujarat,Banaskanth,Deesa(Deesa Veg Yard),Apple,Other,Medium,2009-05-18 00:00:00,4000.0,6000.0,5000.0,17
Gujarat,Banaskanth,Deesa(Deesa Veg Yard),Apple,Other,Medium,2009-05-28 00:00:00,3500.0,5500.0,4500.0,17
Gujarat,Banaskanth,Deesa(Deesa Veg Yard),Apple,Other,Medium,2009-05-30 00:00:00,4000.0,6000.0,5000.0,17
Gujarat,Banaskanth,Deesa(Deesa Veg Yard),Apple,Other,Medium,2009-07-15 00:00:00,4000.0,6500.0,5250.0,17
Gujarat,Banaskanth,Deesa(Deesa Veg Yard),Apple,Other,Medium,2009-09-03 00:00:00,4000.0,5000.0,4500.0,17
Gujarat,Banaskanth,Deesa(Deesa Veg Yard),Apple,Other,Medium,2009-09-05 00:00:00,3500.0,4500.0,4000.0,17
Gujarat,Banaskanth,Deesa(Deesa Veg Yard),Apple,Other,Medium,2009-09-18 00:00:00,4000.0,5000.0,4500.0,17
Gujarat,Banaskanth,Deesa(Deesa Veg Yard),Apple,Other,Medium,2009-09-29 00:00:00,3500.0,5500.0,4500.0,17
Gujarat,Banaskanth,Deesa(Deesa Veg Yard),Apple,Other,Medium,2009-10-05 00:00:00,3500.0,5500.0,4500.0,17
Gujarat,Banaskanth,Deesa(Deesa Veg Yard),Apple,Other,Medium,2009-10-12 00:00:00,3500.0,5500.0,4500.0,17
Gujarat,Banaskanth,Deesa(Deesa Veg Yard),Apple,Other,Medium,2009-10-13 00:00:00,3500.0,5500.0,4500.0,17
Gujarat,Banaskanth,Deesa(Deesa Veg Yard),Apple,Other,Medium,2009-11-06 00:00:00,3500.0,5000.0,4250.0,17
Gujarat,Banaskanth,Deesa(Deesa Veg Yard),Apple,Other,Medium,2009-11-10 00:00:00,4000.0,5000.0,4500.0,17
Gujarat,Banaskanth,Deesa(Deesa Veg Yard),Apple,Other,Medium,2009-11-26 00:00:00,3500.0,5500.0,4500.0,17
Gujarat,Banaskanth,Deesa(Deesa Veg Yard),Apple,Other,Medium,2009-11-28 00:00:00,3500.0,5500.0,4500.0,17
Gujarat,Banaskanth,Deesa(Deesa Veg Yard),Apple,Other,Medium,2009-12-02 00:00:00,4000.0,6000.0,5000.0,17
Gujarat,Banaskanth,Deesa(Deesa Veg Yard),Apple,Other,Medium,2009-12-04 00:00:00,4000.0,5500.0,4750.0,17
Gujarat,Banaskanth,Deesa(Deesa Veg Yard),Apple,Other,Medium,2009-12-07 00:00:00,3500.0,5000.0,4250.0,17
Gujarat,Banaskanth,Deesa(Deesa Veg Yard),Apple,Other,Medium,2009-12-15 00:00:00,3500.0,5500.0,4500.0,17
Gujarat,Banaskanth,Deesa(Deesa Veg Yard),Apple,Other,Medium,2009-12-22 00:00:00,3500.0,5000.0,4250.0,17
Gujarat,Banaskanth,Deesa(Deesa Veg Yard),Apple,Other,Medium,2009-12-23 00:00:00,3500.0,5000.0,4250.0,17
Gujarat,Banaskanth,Deesa(Deesa Veg Yard),Apple,Other,Medium,2009-12-28 00:00:00,3500.0,5000.0,4250.0,17
Gujarat,Bharuch,Bharuch,Apple,Other,Medium,2009-07-30 00:00:00,3000.0,4000.0,3500.0,17
Gujarat,Bharuch,Bharuch,Apple,Other,Medium,2009-07-31 00:00:00,4000.0,8000.0,6000.0,17
Gujarat,Bharuch,Bharuch,Apple,Other,Medium,2009-08-13 00:00:00,4000.0,6000.0,5000.0,17
Gujarat,Bharuch,Bharuch,Apple,Other,Medium,2009-09-16 00:00:00,3000.0,5000.0,4000.0,17
Gujarat,Bharuch,Bharuch,Apple,Other,Medium,2009-09-22 00:00:00,3000.0,6000.0,4500.0,17
Gujarat,Bharuch,Bharuch,Apple,Other,Medium,2009-09-25 00:00:00,2500.0,6000.0,3250.0,17
Gujarat,Bharuch,Bharuch,Apple,Other,Medium,2009-09-29 00:00:00,3000.0,5000.0,4000.0,17
Gujarat,Bharuch,Bharuch,Apple,Other,Medium,2009-09-30 00:00:00,3000.0,5000.0,4000.0,17
Gujarat,Bharuch,Bharuch,Apple,Other,Medium,2009-10-03 00:00:00,3000.0,5000.0,4000.0,17
Gujarat,Bharuch,Bharuch,Apple,Other,Medium,2009-10-05 00:00:00,3000.0,6000.0,4500.0,17
Gujarat,Bharuch,Bharuch,Apple,Other,Medium,2009-10-15 00:00:00,3000.0,5000.0,4000.0,17
Gujarat,Bharuch,Bharuch,Apple,Other,Medium,2009-10-26 00:00:00,2500.0,5000.0,3750.0,17
Gujarat,Bharuch,Bharuch,Apple,Other,Medium,2009-10-27 00:00:00,2750.0,5000.0,3875.0,17
Gujarat,Bharuch,Bharuch,Apple,Other,Medium,2009-11-09 00:00:00,4000.0,5000.0,4500.0,17
Gujarat,Bharuch,Bharuch,Apple,Other,Medium,2009-11-25 00:00:00,4000.0,6000.0,5000.0,17
Gujarat,Bharuch,Bharuch,Apple,Other,Medium,2009-12-02 00:00:00,5000.0,6000.0,5500.0,17
Gujarat,Junagarh,Junagadh,Apple,Apple,Medium,2009-01-27 00:00:00,2625.0,3250.0,3000.0,17
Gujarat,Junagarh,Junagadh,Apple,Apple,Medium,2009-03-01 00:00:00,3250.0,3625.0,3425.0,17
Gujarat,Junagarh,Junagadh,Apple,Apple,Medium,2009-03-03 00:00:00,3250.0,4250.0,3750.0,17
Gujarat,Junagarh,Junagadh,Apple,Apple,Medium,2009-03-12 00:00:00,2500.0,4000.0,3350.0,17
Gujarat,Junagarh,Junagadh,Apple,Apple,Medium,2009-03-25 00:00:00,3400.0,3750.0,3650.0,17
Gujarat,Junagarh,Junagadh,Apple,Apple,Medium,2009-03-26 00:00:00,2600.0,3750.0,3450.0,17
Gujarat,Junagarh,Junagadh,Apple,Apple,Medium,2009-03-28 00:00:00,3250.0,3650.0,3425.0,17
Gujarat,Junagarh,Junagadh,Apple,Apple,Medium,2009-04-04 00:00:00,3100.0,3650.0,3300.0,17
Gujarat,Junagarh,Junagadh,Apple,Apple,Medium,2009-04-06 00:00:00,3250.0,3650.0,3400.0,17
Gujarat,Junagarh,Junagadh,Apple,Apple,Medium,2009-04-08 00:00:00,3200.0,3650.0,3425.0,17
Gujarat,Junagarh,Junagadh,Apple,Apple,Medium,2009-05-01 00:00:00,3400.0,3800.0,3600.0,17
Gujarat,Junagarh,Junagadh,Apple,Apple,Medium,2009-05-02 00:00:00,3250.0,4100.0,3850.0,17
Gujarat,Junagarh,Junagadh,Apple,Apple,Medium,2009-06-08 00:00:00,3050.0,5250.0,4500.0,17
Gujarat,Junagarh,Junagadh,Apple,Apple,Medium,2009-06-12 00:00:00,3600.0,4750.0,4000.0,17
Gujarat,Junagarh,Junagadh,Apple,Apple,Medium,2009-07-01 00:00:00,3100.0,4250.0,3800.0,17
Gujarat,Junagarh,Junagadh,Apple,Apple,Medium,2009-07-06 00:00:00,4100.0,6250.0,5600.0,17
Gujarat,Junagarh,Junagadh,Apple,Apple,Medium,2009-07-14 00:00:00,3125.0,5850.0,5100.0,17
Gujarat,Junagarh,Junagadh,Apple,Apple,Medium,2009-07-15 00:00:00,3250.0,5750.0,4800.0,17
Gujarat,Junagarh,Junagadh,Apple,Apple,Medium,2009-10-06 00:00:00,2900.0,3250.0,3000.0,17
Gujarat,Junagarh,Junagadh,Apple,Apple,Medium,2009-10-08 00:00:00,2250.0,3550.0,3025.0,17
Gujarat,Junagarh,Junagadh,Apple,Apple,Medium,2009-10-23 00:00:00,2250.0,4050.0,3000.0,17
Gujarat,Junagarh,Junagadh,Apple,Apple,Medium,2009-11-26 00:00:00,2500.0,4000.0,3500.0,17
Gujarat,Junagarh,Junagadh,Apple,Apple,Medium,2009-11-29 00:00:00,1500.0,4000.0,2500.0,17
Gujarat,Junagarh,Junagadh,Apple,Apple,Medium,2009-12-01 00:00:00,1500.0,4000.0,2500.0,17
Gujarat,Junagarh,Junagadh,Apple,Apple,Medium,2009-12-11 00:00:00,2500.0,4500.0,3500.0,17
Gujarat,Junagarh,Junagadh,Apple,Apple,Medium,2009-12-12 00:00:00,1500.0,4000.0,2800.0,17
Gujarat,Junagarh,Junagadh,Apple,Apple,Medium,2009-12-17 00:00:00,1500.0,4000.0,3000.0,17
Gujarat,Rajkot,Gondal,Apple,Apple,Medium,2009-01-10 00:00:00,4000.0,5000.0,4500.0,17
Gujarat,Rajkot,Gondal,Apple,Apple,Medium,2009-01-11 00:00:00,4000.0,4600.0,4300.0,17
Gujarat,Rajkot,Gondal,Apple,Apple,Medium,2009-01-17 00:00:00,4000.0,4400.0,4200.0,17
Gujarat,Rajkot,Gondal,Apple,Apple,Medium,2009-01-24 00:00:00,4000.0,5000.0,4500.0,17
Gujarat,Rajkot,Gondal,Apple,Apple,Medium,2009-01-29 00:00:00,4000.0,4800.0,4400.0,17
Gujarat,Rajkot,Gondal,Apple,Apple,Medium,2009-02-12 00:00:00,3000.0,5000.0,4000.0,17
Gujarat,Rajkot,Gondal,Apple,Apple,Medium,2009-02-24 00:00:00,3500.0,5000.0,4250.0,17
Gujarat,Rajkot,Gondal,Apple,Apple,Medium,2009-03-13 00:00:00,4000.0,5500.0,4750.0,17
Gujarat,Rajkot,Gondal,Apple,Apple,Medium,2009-03-20 00:00:00,4250.0,5250.0,4800.0,17
Gujarat,Rajkot,Gondal,Apple,Apple,Medium,2009-03-24 00:00:00,4250.0,5000.0,4600.0,17
Gujarat,Rajkot,Gondal,Apple,Apple,Medium,2009-03-27 00:00:00,5000.0,5500.0,5250.0,17
Gujarat,Rajkot,Gondal,Apple,Apple,Medium,2009-04-08 00:00:00,5000.0,6000.0,5500.0,17
Gujarat,Rajkot,Gondal,Apple,Apple,Medium,2009-04-16 00:00:00,5500.0,6000.0,5750.0,17
Gujarat,Rajkot,Gondal,Apple,Apple,Medium,2009-04-21 00:00:00,5000.0,6000.0,5500.0,17
Gujarat,Rajkot,Gondal,Apple,Apple,Medium,2009-04-22 00:00:00,5000.0,6000.0,5500.0,17
Gujarat,Rajkot,Gondal,Apple,Apple,Medium,2009-04-26 00:00:00,5000.0,6000.0,5500.0,17
Gujarat,Rajkot,Gondal,Apple,Apple,Medium,2009-04-29 00:00:00,6000.0,7000.0,6500.0,17
Gujarat,Rajkot,Gondal,Apple,Apple,Medium,2009-05-01 00:00:00,5000.0,6500.0,5750.0,17
Gujarat,Rajkot,Gondal,Apple,Apple,Medium,2009-05-13 00:00:00,5500.0,7000.0,6250.0,17
Gujarat,Rajkot,Gondal,Apple,Apple,Medium,2009-05-14 00:00:00,5500.0,6500.0,6000.0,17
Gujarat,Rajkot,Gondal,Apple,Apple,Medium,2009-05-18 00:00:00,8000.0,9000.0,8500.0,17
Gujarat,Rajkot,Gondal,Apple,Apple,Medium,2009-05-19 00:00:00,7000.0,8000.0,7500.0,17
Gujarat,Rajkot,Gondal,Apple,Apple,Medium,2009-05-21 00:00:00,6000.0,7000.0,6500.0,17
Gujarat,Rajkot,Gondal,Apple,Apple,Medium,2009-05-24 00:00:00,6000.0,6500.0,6250.0,17
Gujarat,Rajkot,Gondal,Apple,Apple,Medium,2009-05-27 00:00:00,7000.0,8000.0,7500.0,17
Gujarat,Rajkot,Gondal,Apple,Apple,Medium,2009-06-09 00:00:00,7000.0,7000.0,7000.0,17
Gujarat,Rajkot,Gondal,Apple,Apple,Medium,2009-07-04 00:00:00,8000.0,8000.0,8000.0,17
Gujarat,Rajkot,Gondal,Apple,Apple,Medium,2009-07-05 00:00:00,8250.0,8500.0,8325.0,17
Gujarat,Rajkot,Gondal,Apple,Apple,Medium,2009-07-07 00:00:00,7500.0,7500.0,7500.0,17
Gujarat,Rajkot,Gondal,Apple,Apple,Medium,2009-07-10 00:00:00,8500.0,8500.0,8500.0,17
Gujarat,Rajkot,Gondal,Apple,Apple,Medium,2009-07-13 00:00:00,7500.0,8000.0,7750.0,17
Gujarat,Rajkot,Gondal,Apple,Apple,Medium,2009-07-15 00:00:00,8500.0,8500.0,8500.0,17
Gujarat,Rajkot,Gondal,Apple,Apple,Medium,2009-07-16 00:00:00,8750.0,8750.0,8750.0,17
Gujarat,Rajkot,Gondal,Apple,Apple,Medium,2009-08-02 00:00:00,3500.0,4500.0,4000.0,17
Gujarat,Rajkot,Gondal,Apple,Apple,Medium,2009-08-11 00:00:00,4000.0,7000.0,5500.0,17
Gujarat,Rajkot,Gondal,Apple,Apple,Medium,2009-08-21 00:00:00,2500.0,6000.0,4500.0,17
Gujarat,Rajkot,Gondal,Apple,Apple,Medium,2009-08-25 00:00:00,1800.0,6000.0,4250.0,17
Gujarat,Surendranagar,Lakhtar,Apple,Other,Small,2009-08-17 00:00:00,2500.0,3000.0,2550.0,17
Gujarat,Vadodara(Baroda),Vadodara(Navapura),Apple,Other,Medium,2009-01-01 00:00:00,1500.0,3800.0,2700.0,17
Gujarat,Vadodara(Baroda),Vadodara(Navapura),Apple,Other,Medium,2009-01-03 00:00:00,1500.0,3800.0,2700.0,17
Gujarat,Vadodara(Baroda),Vadodara(Navapura),Apple,Other,Medium,2009-01-05 00:00:00,1500.0,3800.0,2700.0,17
Gujarat,Vadodara(Baroda),Vadodara(Navapura),Apple,Other,Medium,2009-01-17 00:00:00,1500.0,3400.0,2400.0,17
Gujarat,Vadodara(Baroda),Vadodara(Navapura),Apple,Other,Medium,2009-01-18 00:00:00,1500.0,3400.0,2400.0,17
Gujarat,Vadodara(Baroda),Vadodara(Navapura),Apple,Other,Medium,2009-01-23 00:00:00,1500.0,3400.0,2400.0,17
Gujarat,Vadodara(Baroda),Vadodara(Navapura),Apple,Other,Medium,2009-01-26 00:00:00,1500.0,3400.0,2400.0,17
Gujarat,Vadodara(Baroda),Vadodara(Navapura),Apple,Other,Medium,2009-01-28 00:00:00,1500.0,3350.0,2350.0,17
Gujarat,Vadodara(Baroda),Vadodara(Navapura),Apple,Other,Medium,2009-02-04 00:00:00,1500.0,3350.0,2350.0,17
Gujarat,Vadodara(Baroda),Vadodara(Navapura),Apple,Other,Medium,2009-02-07 00:00:00,1500.0,3350.0,2350.0,17
Gujarat,Vadodara(Baroda),Vadodara(Navapura),Apple,Other,Medium,2009-02-10 00:00:00,1500.0,3350.0,2350.0,17
Gujarat,Vadodara(Baroda),Vadodara(Navapura),Apple,Other,Medium,2009-02-11 00:00:00,1500.0,3350.0,2350.0,17
Gujarat,Vadodara(Baroda),Vadodara(Navapura),Apple,Other,Medium,2009-02-27 00:00:00,1500.0,3350.0,2350.0,17
Gujarat,Vadodara(Baroda),Vadodara(Navapura),Apple,Other,Medium,2009-03-07 00:00:00,2000.0,3000.0,2500.0,17
Gujarat,Vadodara(Baroda),Vadodara(Navapura),Apple,Other,Medium,2009-07-08 00:00:00,3500.0,5000.0,4200.0,17
Gujarat,Vadodara(Baroda),Vadodara(Navapura),Apple,Other,Medium,2009-07-19 00:00:00,3500.0,5000.0,4200.0,17
Gujarat,Vadodara(Baroda),Vadodara(Navapura),Apple,Other,Medium,2009-07-22 00:00:00,3500.0,5000.0,4200.0,17
Gujarat,Vadodara(Baroda),Vadodara(Navapura),Apple,Other,Medium,2009-07-25 00:00:00,3500.0,5000.0,4200.0,17
Gujarat,Vadodara(Baroda),Vadodara(Navapura),Apple,Other,Medium,2009-08-06 00:00:00,3500.0,5000.0,4200.0,17
Gujarat,Vadodara(Baroda),Vadodara(Navapura),Apple,Other,Medium,2009-08-17 00:00:00,4000.0,5000.0,4500.0,17
Gujarat,Vadodara(Baroda),Vadodara(Navapura),Apple,Other,Medium,2009-08-22 00:00:00,4000.0,5000.0,4500.0,17
Gujarat,Vadodara(Baroda),Vadodara(Navapura),Apple,Other,Medium,2009-08-23 00:00:00,4000.0,5000.0,4500.0,17
Gujarat,Vadodara(Baroda),Vadodara(Navapura),Apple,Other,Medium,2009-09-04 00:00:00,3200.0,5800.0,4500.0,17
Gujarat,Vadodara(Baroda),Vadodara(Navapura),Apple,Other,Medium,2009-09-05 00:00:00,3200.0,5800.0,4500.0,17
Gujarat,Vadodara(Baroda),Vadodara(Navapura),Apple,Other,Medium,2009-09-11 00:00:00,2500.0,5500.0,4300.0,17
Gujarat,Vadodara(Baroda),Vadodara(Navapura),Apple,Other,Medium,2009-09-18 00:00:00,2300.0,5400.0,4000.0,17
Gujarat,Vadodara(Baroda),Vadodara(Navapura),Apple,Other,Medium,2009-09-21 00:00:00,2500.0,5500.0,4000.0,17
Gujarat,Vadodara(Baroda),Vadodara(Navapura),Apple,Other,Medium,2009-09-25 00:00:00,2000.0,4500.0,3500.0,17
Gujarat,Vadodara(Baroda),Vadodara(Navapura),Apple,Other,Medium,2009-09-27 00:00:00,2000.0,4500.0,3500.0,17
Gujarat,Vadodara(Baroda),Vadodara(Navapura),Apple,Other,Medium,2009-10-02 00:00:00,1800.0,3800.0,3000.0,17
Gujarat,Vadodara(Baroda),Vadodara(Navapura),Apple,Other,Medium,2009-10-09 00:00:00,1700.0,3650.0,2800.0,17
Gujarat,Vadodara(Baroda),Vadodara(Navapura),Apple,Other,Large,2009-10-15 00:00:00,1550.0,3450.0,2500.0,17
Gujarat,Vadodara(Baroda),Vadodara(Navapura),Apple,Other,Medium,2009-10-25 00:00:00,1500.0,3200.0,2400.0,17
Gujarat,Vadodara(Baroda),Vadodara(Navapura),Apple,Other,Medium,2009-11-01 00:00:00,1500.0,3100.0,2400.0,17
Gujarat,Vadodara(Baroda),Vadodara(Navapura),Apple,Other,Medium,2009-11-08 00:00:00,1400.0,3000.0,2200.0,17
Gujarat,Vadodara(Baroda),Vadodara(Navapura),Apple,Other,Medium,2009-11-10 00:00:00,1400.0,3000.0,2200.0,17
Gujarat,Vadodara(Baroda),Vadodara(Navapura),Apple,Other,Medium,2009-11-12 00:00:00,1450.0,3150.0,2250.0,17
Gujarat,Vadodara(Baroda),Vadodara(Navapura),Apple,Other,Medium,2009-11-14 00:00:00,1450.0,3150.0,2250.0,17
Gujarat,Vadodara(Baroda),Vadodara(Navapura),Apple,Other,Medium,2009-11-27 00:00:00,1400.0,2750.0,2050.0,17
Gujarat,Vadodara(Baroda),Vadodara(Navapura),Apple,Other,Medium,2009-11-30 00:00:00,1500.0,3000.0,2300.0,17
Gujarat,Vadodara(Baroda),Vadodara(Navapura),Apple,Other,Medium,2009-12-07 00:00:00,1400.0,3000.0,2200.0,17
Gujarat,Vadodara(Baroda),Vadodara(Navapura),Apple,Other,Medium,2009-12-11 00:00:00,1000.0,3750.0,2375.0,17
Gujarat,Vadodara(Baroda),Vadodara(Navapura),Apple,Other,Medium,2009-12-12 00:00:00,1000.0,3750.0,2375.0,17
Gujarat,Vadodara(Baroda),Vadodara(Navapura),Apple,Other,Medium,2009-12-20 00:00:00,1300.0,3625.0,2325.0,17
Gujarat,Vadodara(Baroda),Vadodara(Navapura),Apple,Other,Medium,2009-12-21 00:00:00,1300.0,3625.0,2325.0,17
Gujarat,Vadodara(Baroda),Vadodara(Navapura),Apple,Other,Medium,2009-12-24 00:00:00,1300.0,3625.0,2325.0,17
Gujarat,Vadodara(Baroda),Vadodara(Navapura),Apple,Other,Medium,2009-12-30 00:00:00,2000.0,3500.0,3000.0,17
Gujarat,Ahmedabad,"Ahmedabad(Fruit Market, Naroda)",Apple,Other,Small,2010-01-01 00:00:00,5500.0,7500.0,6700.0,17
Gujarat,Ahmedabad,"Ahmedabad(Fruit Market, Naroda)",Apple,Other,Small,2010-01-07 00:00:00,5000.0,7000.0,6050.0,17
Gujarat,Ahmedabad,"Ahmedabad(Fruit Market, Naroda)",Apple,Other,Small,2010-01-08 00:00:00,5000.0,7000.0,6200.0,17
Gujarat,Ahmedabad,"Ahmedabad(Fruit Market, Naroda)",Apple,Other,Small,2010-01-09 00:00:00,5000.0,7000.0,6200.0,17
Gujarat,Ahmedabad,"Ahmedabad(Fruit Market, Naroda)",Apple,Other,Small,2010-01-28 00:00:00,4000.0,5000.0,4600.0,17
Gujarat,Ahmedabad,"Ahmedabad(Fruit Market, Naroda)",Apple,Other,Small,2010-01-29 00:00:00,5000.0,7000.0,6200.0,17
Gujarat,Ahmedabad,"Ahmedabad(Fruit Market, Naroda)",Apple,Other,Small,2010-02-06 00:00:00,5000.0,8000.0,6800.0,17
Gujarat,Ahmedabad,"Ahmedabad(Fruit Market, Naroda)",Apple,Other,Small,2010-02-16 00:00:00,4000.0,6000.0,5200.0,17
Gujarat,Ahmedabad,"Ahmedabad(Fruit Market, Naroda)",Apple,Other,Small,2010-02-22 00:00:00,5000.0,8000.0,6600.0,17
Gujarat,Ahmedabad,"Ahmedabad(Fruit Market, Naroda)",Apple,Other,Small,2010-02-25 00:00:00,5000.0,8000.0,6800.0,17
Gujarat,Ahmedabad,"Ahmedabad(Fruit Market, Naroda)",Apple,Other,Small,2010-02-27 00:00:00,6000.0,10000.0,9000.0,17
Gujarat,Ahmedabad,"Ahmedabad(Fruit Market, Naroda)",Apple,Other,Small,2010-03-06 00:00:00,6000.0,8000.0,7200.0,17
Gujarat,Ahmedabad,"Ahmedabad(Fruit Market, Naroda)",Apple,Other,Small,2010-03-12 00:00:00,8000.0,10000.0,9500.0,17
Gujarat,Ahmedabad,"Ahmedabad(Fruit Market, Naroda)",Apple,Other,Small,2010-03-13 00:00:00,8000.0,10000.0,9400.0,17
Gujarat,Ahmedabad,"Ahmedabad(Fruit Market, Naroda)",Apple,Other,Small,2010-03-19 00:00:00,8000.0,10000.0,9600.0,17
Gujarat,Ahmedabad,"Ahmedabad(Fruit Market, Naroda)",Apple,Other,Small,2010-04-01 00:00:00,6000.0,8000.0,7500.0,17
Gujarat,Ahmedabad,"Ahmedabad(Fruit Market, Naroda)",Apple,Other,Small,2010-04-08 00:00:00,6000.0,8000.0,7700.0,17
Gujarat,Ahmedabad,"Ahmedabad(Fruit Market, Naroda)",Apple,Other,Small,2010-04-16 00:00:00,8000.0,10000.0,9200.0,17
Gujarat,Ahmedabad,"Ahmedabad(Fruit Market, Naroda)",Apple,Other,Small,2010-04-17 00:00:00,8000.0,10000.0,8200.0,17
Gujarat,Ahmedabad,"Ahmedabad(Fruit Market, Naroda)",Apple,Other,Small,2010-04-21 00:00:00,8000.0,10000.0,9500.0,17
Gujarat,Ahmedabad,"Ahmedabad(Fruit Market, Naroda)",Apple,Other,Small,2010-05-11 00:00:00,8000.0,10000.0,9500.0,17
Gujarat,Ahmedabad,"Ahmedabad(Fruit Market, Naroda)",Apple,Other,Small,2010-05-14 00:00:00,8000.0,10000.0,9500.0,17
Gujarat,Ahmedabad,"Ahmedabad(Fruit Market, Naroda)",Apple,Other,Small,2010-05-24 00:00:00,9000.0,12000.0,11000.0,17
Gujarat,Ahmedabad,"Ahmedabad(Fruit Market, Naroda)",Apple,Other,Small,2010-05-25 00:00:00,9000.0,12000.0,11000.0,17
Gujarat,Ahmedabad,"Ahmedabad(Fruit Market, Naroda)",Apple,Other,Small,2010-05-31 00:00:00,9000.0,12000.0,11000.0,17
Gujarat,Ahmedabad,"Ahmedabad(Fruit Market, Naroda)",Apple,Other,Small,2010-06-02 00:00:00,10000.0,12000.0,11500.0,17
Gujarat,Ahmedabad,"Ahmedabad(Fruit Market, Naroda)",Apple,Other,Small,2010-06-09 00:00:00,10000.0,12000.0,11500.0,17
Gujarat,Ahmedabad,"Ahmedabad(Fruit Market, Naroda)",Apple,Other,Small,2010-06-25 00:00:00,10000.0,12000.0,11500.0,17
Gujarat,Ahmedabad,"Ahmedabad(Fruit Market, Naroda)",Apple,Other,Small,2010-06-26 00:00:00,10000.0,12000.0,11500.0,17
Gujarat,Ahmedabad,"Ahmedabad(Fruit Market, Naroda)",Apple,Other,Small,2010-07-01 00:00:00,5000.0,10000.0,9000.0,17
Gujarat,Ahmedabad,"Ahmedabad(Fruit Market, Naroda)",Apple,Other,Small,2010-07-09 00:00:00,9000.0,11000.0,10500.0,17
Gujarat,Ahmedabad,"Ahmedabad(Fruit Market, Naroda)",Apple,Other,Small,2010-07-15 00:00:00,5000.0,10000.0,8000.0,17
Gujarat,Ahmedabad,"Ahmedabad(Fruit Market, Naroda)",Apple,Other,Small,2010-07-27 00:00:00,6000.0,10000.0,9000.0,17
Gujarat,Ahmedabad,"Ahmedabad(Fruit Market, Naroda)",Apple,Other,Small,2010-07-30 00:00:00,5000.0,10000.0,8000.0,17
Gujarat,Ahmedabad,"Ahmedabad(Fruit Market, Naroda)",Apple,Other,Small,2010-08-07 00:00:00,5000.0,10000.0,8000.0,17
Gujarat,Ahmedabad,"Ahmedabad(Fruit Market, Naroda)",Apple,Other,Small,2010-08-09 00:00:00,5000.0,10000.0,8000.0,17
Gujarat,Ahmedabad,"Ahmedabad(Fruit Market, Naroda)",Apple,Other,Small,2010-08-10 00:00:00,5000.0,10000.0,7600.0,17
Gujarat,Ahmedabad,"Ahmedabad(Fruit Market, Naroda)",Apple,Other,Small,2010-08-19 00:00:00,5000.0,10000.0,8000.0,17
Gujarat,Ahmedabad,"Ahmedabad(Fruit Market, Naroda)",Apple,Other,Small,2010-08-21 00:00:00,4000.0,8000.0,7000.0,17
Gujarat,Ahmedabad,"Ahmedabad(Fruit Market, Naroda)",Apple,Other,Small,2010-08-23 00:00:00,5000.0,7000.0,6500.0,17
Gujarat,Ahmedabad,"Ahmedabad(Fruit Market, Naroda)",Apple,Other,Small,2010-08-28 00:00:00,4000.0,8000.0,6500.0,17
Gujarat,Ahmedabad,"Ahmedabad(Fruit Market, Naroda)",Apple,Other,Small,2010-08-31 00:00:00,4000.0,8000.0,6500.0,17
Gujarat,Ahmedabad,"Ahmedabad(Fruit Market, Naroda)",Apple,Other,Small,2010-09-01 00:00:00,4000.0,8000.0,6500.0,17
Gujarat,Ahmedabad,"Ahmedabad(Fruit Market, Naroda)",Apple,Other,Small,2010-09-07 00:00:00,3000.0,7000.0,5500.0,17
Gujarat,Ahmedabad,"Ahmedabad(Fruit Market, Naroda)",Apple,Other,Small,2010-09-09 00:00:00,4000.0,8000.0,6500.0,17
Gujarat,Ahmedabad,"Ahmedabad(Fruit Market, Naroda)",Apple,Other,Small,2010-09-21 00:00:00,4000.0,10000.0,7500.0,17
Gujarat,Ahmedabad,"Ahmedabad(Fruit Market, Naroda)",Apple,Other,Small,2010-10-18 00:00:00,3000.0,5000.0,4500.0,17
Gujarat,Ahmedabad,"Ahmedabad(Fruit Market, Naroda)",Apple,Other,Small,2010-10-22 00:00:00,3000.0,6000.0,5200.0,17
Gujarat,Ahmedabad,"Ahmedabad(Fruit Market, Naroda)",Apple,Other,Small,2010-11-11 00:00:00,4000.0,5000.0,4800.0,17
Gujarat,Ahmedabad,"Ahmedabad(Fruit Market, Naroda)",Apple,Other,Small,2010-11-15 00:00:00,4000.0,6000.0,5500.0,17
Gujarat,Ahmedabad,"Ahmedabad(Fruit Market, Naroda)",Apple,Other,Small,2010-11-18 00:00:00,4000.0,6000.0,5500.0,17
Gujarat,Ahmedabad,"Ahmedabad(Fruit Market, Naroda)",Apple,Other,Small,2010-11-19 00:00:00,3000.0,6000.0,5000.0,17
Gujarat,Ahmedabad,"Ahmedabad(Fruit Market, Naroda)",Apple,Other,Small,2010-11-23 00:00:00,3000.0,7000.0,6200.0,17
Gujarat,Ahmedabad,"Ahmedabad(Fruit Market, Naroda)",Apple,Other,Small,2010-11-25 00:00:00,4000.0,6000.0,5500.0,17
Gujarat,Ahmedabad,"Ahmedabad(Fruit Market, Naroda)",Apple,Other,Small,2010-11-26 00:00:00,3000.0,6000.0,5000.0,17
Gujarat,Ahmedabad,"Ahmedabad(Fruit Market, Naroda)",Apple,Other,Small,2010-11-27 00:00:00,3000.0,6000.0,5000.0,17
Gujarat,Ahmedabad,"Ahmedabad(Fruit Market, Naroda)",Apple,Other,Small,2010-12-03 00:00:00,4000.0,6000.0,5500.0,17
Gujarat,Ahmedabad,"Ahmedabad(Fruit Market, Naroda)",Apple,Other,Small,2010-12-04 00:00:00,4000.0,6000.0,5200.0,17
Gujarat,Ahmedabad,"Ahmedabad(Fruit Market, Naroda)",Apple,Other,Small,2010-12-06 00:00:00,4000.0,6000.0,5500.0,17
Gujarat,Ahmedabad,"Ahmedabad(Fruit Market, Naroda)",Apple,Other,Small,2010-12-16 00:00:00,4000.0,6000.0,5200.0,17
Gujarat,Ahmedabad,"Ahmedabad(Fruit Market, Naroda)",Apple,Other,Small,2010-12-23 00:00:00,4000.0,6000.0,5200.0,17
Gujarat,Ahmedabad,"Ahmedabad(Fruit Market, Naroda)",Apple,Other,Small,2010-12-31 00:00:00,3500.0,6000.0,5000.0,17
Gujarat,Ahmedabad,Ahmedabad(Manekchowk),Apple,Other,Small,2010-01-01 00:00:00,5500.0,7500.0,6700.0,17
Gujarat,Ahmedabad,Ahmedabad(Manekchowk),Apple,Other,Small,2010-01-04 00:00:00,5000.0,7000.0,6050.0,17
Gujarat,Ahmedabad,Ahmedabad(Manekchowk),Apple,Other,Small,2010-01-12 00:00:00,5000.0,7000.0,6500.0,17
Gujarat,Ahmedabad,Ahmedabad(Manekchowk),Apple,Other,Small,2010-01-16 00:00:00,5000.0,7000.0,6200.0,17
Gujarat,Ahmedabad,Ahmedabad(Manekchowk),Apple,Other,Small,2010-01-20 00:00:00,5000.0,8000.0,6800.0,17
Gujarat,Ahmedabad,Ahmedabad(Manekchowk),Apple,Other,Small,2010-02-04 00:00:00,5000.0,8000.0,6600.0,17
Gujarat,Ahmedabad,Ahmedabad(Manekchowk),Apple,Other,Small,2010-02-06 00:00:00,5000.0,8000.0,6800.0,17
Gujarat,Ahmedabad,Ahmedabad(Manekchowk),Apple,Other,Small,2010-02-10 00:00:00,5000.0,7000.0,6200.0,17
Gujarat,Ahmedabad,Ahmedabad(Manekchowk),Apple,Other,Small,2010-02-11 00:00:00,5000.0,7000.0,6300.0,17
Gujarat,Ahmedabad,Ahmedabad(Manekchowk),Apple,Other,Small,2010-02-15 00:00:00,4000.0,6000.0,5200.0,17
Gujarat,Ahmedabad,Ahmedabad(Manekchowk),Apple,Other,Small,2010-02-18 00:00:00,6000.0,10000.0,9000.0,17
Gujarat,Ahmedabad,Ahmedabad(Manekchowk),Apple,Other,Small,2010-02-23 00:00:00,5000.0,8000.0,7000.0,17
Gujarat,Ahmedabad,Ahmedabad(Manekchowk),Apple,Other,Small,2010-03-02 00:00:00,5000.0,11000.0,9000.0,17
Gujarat,Ahmedabad,Ahmedabad(Manekchowk),Apple,Other,Small,2010-03-09 00:00:00,7000.0,10000.0,9200.0,17
Gujarat,Ahmedabad,Ahmedabad(Manekchowk),Apple,Other,Small,2010-03-15 00:00:00,8000.0,10000.0,9600.0,17
Gujarat,Ahmedabad,Ahmedabad(Manekchowk),Apple,Other,Small,2010-03-16 00:00:00,8000.0,10000.0,9400.0,17
Gujarat,Ahmedabad,Ahmedabad(Manekchowk),Apple,Other,Small,2010-04-07 00:00:00,6000.0,8000.0,7500.0,17
Gujarat,Ahmedabad,Ahmedabad(Manekchowk),Apple,Other,Small,2010-04-21 00:00:00,8000.0,10000.0,9500.0,17
Gujarat,Ahmedabad,Ahmedabad(Manekchowk),Apple,Other,Small,2010-05-03 00:00:00,8000.0,9000.0,8700.0,17
Gujarat,Ahmedabad,Ahmedabad(Manekchowk),Apple,Other,Small,2010-05-10 00:00:00,8000.0,10000.0,9500.0,17
Gujarat,Ahmedabad,Ahmedabad(Manekchowk),Apple,Other,Small,2010-05-24 00:00:00,9000.0,12000.0,11000.0,17
Gujarat,Ahmedabad,Ahmedabad(Manekchowk),Apple,Other,Small,2010-05-25 00:00:00,9000.0,12000.0,11000.0,17
Gujarat,Ahmedabad,Ahmedabad(Manekchowk),Apple,Other,Small,2010-05-29 00:00:00,9000.0,12000.0,11000.0,17
Gujarat,Ahmedabad,Ahmedabad(Manekchowk),Apple,Other,Small,2010-06-09 00:00:00,10000.0,12000.0,11500.0,17
Gujarat,Ahmedabad,Ahmedabad(Manekchowk),Apple,Other,Small,2010-06-21 00:00:00,3000.0,8000.0,7900.0,17
Gujarat,Ahmedabad,Ahmedabad(Manekchowk),Apple,Other,Small,2010-06-30 00:00:00,4000.0,10000.0,9000.0,17
Gujarat,Ahmedabad,Ahmedabad(Manekchowk),Apple,Other,Small,2010-07-06 00:00:00,10000.0,12000.0,11500.0,17
Gujarat,Ahmedabad,Ahmedabad(Manekchowk),Apple,Other,Small,2010-07-07 00:00:00,10000.0,12000.0,11500.0,17
Gujarat,Ahmedabad,Ahmedabad(Manekchowk),Apple,Other,Small,2010-07-12 00:00:00,8000.0,10000.0,9500.0,17
Gujarat,Ahmedabad,Ahmedabad(Manekchowk),Apple,Other,Small,2010-07-15 00:00:00,5000.0,10000.0,8000.0,17
Gujarat,Ahmedabad,Ahmedabad(Manekchowk),Apple,Other,Small,2010-08-04 00:00:00,6000.0,10000.0,8500.0,17
Gujarat,Ahmedabad,Ahmedabad(Manekchowk),Apple,Other,Small,2010-08-05 00:00:00,6000.0,10000.0,8500.0,17
Gujarat,Ahmedabad,Ahmedabad(Manekchowk),Apple,Other,Small,2010-08-06 00:00:00,5000.0,10000.0,8000.0,17
Gujarat,Ahmedabad,Ahmedabad(Manekchowk),Apple,Other,Small,2010-08-17 00:00:00,5000.0,10000.0,8000.0,17
Gujarat,Ahmedabad,Ahmedabad(Manekchowk),Apple,Other,Small,2010-08-23 00:00:00,5000.0,7000.0,6500.0,17
Gujarat,Ahmedabad,Ahmedabad(Manekchowk),Apple,Other,Small,2010-08-25 00:00:00,6000.0,8000.0,7500.0,17
Gujarat,Ahmedabad,Ahmedabad(Manekchowk),Apple,Other,Small,2010-08-30 00:00:00,4000.0,8000.0,6500.0,17
Gujarat,Ahmedabad,Ahmedabad(Manekchowk),Apple,Other,Small,2010-09-01 00:00:00,4000.0,8000.0,6500.0,17
Gujarat,Ahmedabad,Ahmedabad(Manekchowk),Apple,Other,Small,2010-10-05 00:00:00,3000.0,6000.0,5000.0,17
Gujarat,Ahmedabad,Ahmedabad(Manekchowk),Apple,Other,Small,2010-10-06 00:00:00,3000.0,5000.0,4500.0,17
Gujarat,Ahmedabad,Ahmedabad(Manekchowk),Apple,Other,Small,2010-10-07 00:00:00,3000.0,5000.0,4500.0,17
Gujarat,Ahmedabad,Ahmedabad(Manekchowk),Apple,Other,Small,2010-10-08 00:00:00,8000.0,10000.0,9500.0,17
Gujarat,Ahmedabad,Ahmedabad(Manekchowk),Apple,Other,Small,2010-10-13 00:00:00,3000.0,6000.0,5000.0,17
Gujarat,Ahmedabad,Ahmedabad(Manekchowk),Apple,Other,Small,2010-10-20 00:00:00,3000.0,5000.0,4500.0,17
Gujarat,Ahmedabad,Ahmedabad(Manekchowk),Apple,Other,Small,2010-10-22 00:00:00,3000.0,6000.0,5200.0,17
Gujarat,Ahmedabad,Ahmedabad(Manekchowk),Apple,Other,Small,2010-11-03 00:00:00,3000.0,6000.0,5000.0,17
Gujarat,Ahmedabad,Ahmedabad(Manekchowk),Apple,Other,Small,2010-11-10 00:00:00,3500.0,5000.0,4500.0,17
Gujarat,Ahmedabad,Ahmedabad(Manekchowk),Apple,Other,Small,2010-11-12 00:00:00,4000.0,6000.0,5500.0,17
Gujarat,Ahmedabad,Ahmedabad(Manekchowk),Apple,Other,Small,2010-11-24 00:00:00,4000.0,6000.0,5500.0,17
Gujarat,Ahmedabad,Ahmedabad(Manekchowk),Apple,Other,Small,2010-11-26 00:00:00,3000.0,6000.0,5500.0,17
Gujarat,Ahmedabad,Ahmedabad(Manekchowk),Apple,Other,Small,2010-11-29 00:00:00,5000.0,8000.0,7000.0,17
Gujarat,Ahmedabad,Ahmedabad(Manekchowk),Apple,Other,Small,2010-12-02 00:00:00,4000.0,6000.0,5200.0,17
Gujarat,Ahmedabad,Ahmedabad(Manekchowk),Apple,Other,Small,2010-12-03 00:00:00,4000.0,6000.0,5500.0,17
Gujarat,Ahmedabad,Ahmedabad(Manekchowk),Apple,Other,Small,2010-12-06 00:00:00,4000.0,6000.0,5500.0,17
Gujarat,Ahmedabad,Ahmedabad(Manekchowk),Apple,Other,Small,2010-12-10 00:00:00,4000.0,6000.0,5500.0,17
Gujarat,Ahmedabad,Ahmedabad(Manekchowk),Apple,Other,Small,2010-12-31 00:00:00,3500.0,6000.0,5000.0,17
Gujarat,Banaskanth,Deesa(Deesa Veg Yard),Apple,Other,Medium,2010-01-04 00:00:00,3500.0,5000.0,4250.0,17
Gujarat,Banaskanth,Deesa(Deesa Veg Yard),Apple,Other,Medium,2010-01-07 00:00:00,3500.0,4500.0,4000.0,17
Gujarat,Banaskanth,Deesa(Deesa Veg Yard),Apple,Other,Medium,2010-01-12 00:00:00,3500.0,5000.0,4250.0,17
Gujarat,Banaskanth,Deesa(Deesa Veg Yard),Apple,Other,Medium,2010-01-19 00:00:00,4000.0,5000.0,4500.0,17
Gujarat,Banaskanth,Deesa(Deesa Veg Yard),Apple,Other,Medium,2010-01-21 00:00:00,4000.0,5500.0,4750.0,17
Gujarat,Banaskanth,Deesa(Deesa Veg Yard),Apple,Other,Medium,2010-01-25 00:00:00,4000.0,5000.0,4500.0,17
Gujarat,Banaskanth,Deesa(Deesa Veg Yard),Apple,Other,Medium,2010-01-29 00:00:00,4000.0,5000.0,4500.0,17
Gujarat,Banaskanth,Deesa(Deesa Veg Yard),Apple,Other,Medium,2010-02-15 00:00:00,4500.0,5000.0,4750.0,17
Gujarat,Banaskanth,Deesa(Deesa Veg Yard),Apple,Other,Medium,2010-02-22 00:00:00,4500.0,5000.0,4750.0,17
Gujarat,Banaskanth,Deesa(Deesa Veg Yard),Apple,Other,Medium,2010-03-03 00:00:00,4000.0,5000.0,4500.0,17
Gujarat,Banaskanth,Deesa(Deesa Veg Yard),Apple,Other,Medium,2010-03-11 00:00:00,4500.0,5000.0,4750.0,17
Gujarat,Banaskanth,Deesa(Deesa Veg Yard),Apple,Other,Medium,2010-03-18 00:00:00,4500.0,5000.0,4750.0,17
Gujarat,Banaskanth,Deesa(Deesa Veg Yard),Apple,Other,Medium,2010-03-29 00:00:00,4000.0,5000.0,4500.0,17
Gujarat,Banaskanth,Deesa(Deesa Veg Yard),Apple,Other,Medium,2010-04-07 00:00:00,5000.0,5500.0,5250.0,17
Gujarat,Banaskanth,Deesa(Deesa Veg Yard),Apple,Other,Medium,2010-04-09 00:00:00,5000.0,5500.0,5250.0,17
Gujarat,Banaskanth,Deesa(Deesa Veg Yard),Apple,Other,Medium,2010-05-06 00:00:00,6000.0,7000.0,6500.0,17
Gujarat,Banaskanth,Deesa(Deesa Veg Yard),Apple,Other,Medium,2010-05-14 00:00:00,6250.0,7250.0,6750.0,17
Gujarat,Banaskanth,Deesa(Deesa Veg Yard),Apple,Other,Medium,2010-05-20 00:00:00,6500.0,7500.0,7000.0,17
Gujarat,Banaskanth,Deesa(Deesa Veg Yard),Apple,Other,Medium,2010-05-24 00:00:00,7000.0,7500.0,7250.0,17
Gujarat,Banaskanth,Deesa(Deesa Veg Yard),Apple,Other,Medium,2010-05-29 00:00:00,6800.0,7300.0,7050.0,17
Gujarat,Banaskanth,Deesa(Deesa Veg Yard),Apple,Other,Medium,2010-05-31 00:00:00,6500.0,7000.0,6750.0,17
Gujarat,Banaskanth,Deesa(Deesa Veg Yard),Apple,Other,Medium,2010-06-17 00:00:00,7500.0,8500.0,8000.0,17
Gujarat,Banaskanth,Deesa(Deesa Veg Yard),Apple,Other,Medium,2010-06-19 00:00:00,7500.0,8500.0,8000.0,17
Gujarat,Banaskanth,Deesa(Deesa Veg Yard),Apple,Other,Medium,2010-06-21 00:00:00,7000.0,8000.0,7500.0,17
Gujarat,Banaskanth,Deesa(Deesa Veg Yard),Apple,Other,Medium,2010-07-03 00:00:00,7000.0,8500.0,7750.0,17
Gujarat,Banaskanth,Deesa(Deesa Veg Yard),Apple,Other,Medium,2010-07-19 00:00:00,7000.0,8500.0,7750.0,17
Gujarat,Banaskanth,Deesa(Deesa Veg Yard),Apple,Other,Medium,2010-07-23 00:00:00,6000.0,7000.0,6500.0,17
Gujarat,Banaskanth,Deesa(Deesa Veg Yard),Apple,Other,Medium,2010-07-27 00:00:00,5000.0,6000.0,5500.0,17
Gujarat,Banaskanth,Deesa(Deesa Veg Yard),Apple,Other,Medium,2010-07-30 00:00:00,4300.0,5000.0,4650.0,17
Gujarat,Banaskanth,Deesa(Deesa Veg Yard),Apple,Other,Medium,2010-08-23 00:00:00,3000.0,5000.0,4000.0,17
Gujarat,Banaskanth,Deesa(Deesa Veg Yard),Apple,Other,Medium,2010-08-27 00:00:00,2500.0,4000.0,3250.0,17
Gujarat,Banaskanth,Deesa(Deesa Veg Yard),Apple,Other,Medium,2010-09-07 00:00:00,2500.0,3500.0,3000.0,17
Gujarat,Banaskanth,Deesa(Deesa Veg Yard),Apple,Other,Medium,2010-09-09 00:00:00,2500.0,3500.0,3000.0,17
Gujarat,Banaskanth,Deesa(Deesa Veg Yard),Apple,Other,Medium,2010-09-10 00:00:00,2500.0,3500.0,3000.0,17
Gujarat,Banaskanth,Deesa(Deesa Veg Yard),Apple,Other,Medium,2010-09-17 00:00:00,2500.0,4000.0,3250.0,17
Gujarat,Banaskanth,Deesa(Deesa Veg Yard),Apple,Other,Medium,2010-09-25 00:00:00,2500.0,4000.0,3250.0,17
Gujarat,Banaskanth,Deesa(Deesa Veg Yard),Apple,Other,Medium,2010-09-28 00:00:00,3000.0,5000.0,4000.0,17
Gujarat,Banaskanth,Deesa(Deesa Veg Yard),Apple,Other,Medium,2010-10-06 00:00:00,2500.0,4000.0,3250.0,17
Gujarat,Banaskanth,Deesa(Deesa Veg Yard),Apple,Other,Medium,2010-10-09 00:00:00,2000.0,4000.0,3000.0,17
Gujarat,Banaskanth,Deesa(Deesa Veg Yard),Apple,Other,Medium,2010-10-11 00:00:00,2000.0,4000.0,3000.0,17
Gujarat,Banaskanth,Deesa(Deesa Veg Yard),Apple,Other,Medium,2010-10-12 00:00:00,2000.0,4000.0,3000.0,17
Gujarat,Banaskanth,Deesa(Deesa Veg Yard),Apple,Other,Medium,2010-10-16 00:00:00,2000.0,4000.0,3000.0,17
Gujarat,Banaskanth,Deesa(Deesa Veg Yard),Apple,Other,Medium,2010-10-29 00:00:00,3000.0,4000.0,3500.0,17
Gujarat,Banaskanth,Deesa(Deesa Veg Yard),Apple,Other,Medium,2010-11-12 00:00:00,2500.0,5000.0,3750.0,17
Gujarat,Banaskanth,Deesa(Deesa Veg Yard),Apple,Other,Medium,2010-11-15 00:00:00,2500.0,4000.0,3250.0,17
Gujarat,Banaskanth,Deesa(Deesa Veg Yard),Apple,Other,Medium,2010-11-18 00:00:00,3000.0,5500.0,4250.0,17
Gujarat,Banaskanth,Deesa(Deesa Veg Yard),Apple,Other,Medium,2010-11-19 00:00:00,3000.0,5500.0,4250.0,17
Gujarat,Banaskanth,Deesa(Deesa Veg Yard),Apple,Other,Medium,2010-12-03 00:00:00,2500.0,4500.0,3500.0,17
Gujarat,Banaskanth,Deesa(Deesa Veg Yard),Apple,Other,Medium,2010-12-08 00:00:00,2000.0,4500.0,3250.0,17
Gujarat,Banaskanth,Deesa(Deesa Veg Yard),Apple,Other,Medium,2010-12-27 00:00:00,3500.0,5000.0,4250.0,17
Gujarat,Banaskanth,Deesa(Deesa Veg Yard),Apple,Other,Medium,2010-12-30 00:00:00,3500.0,5000.0,4250.0,17
Gujarat,Bharuch,Bharuch,Apple,Other,Medium,2010-02-19 00:00:00,5000.0,5500.0,5250.0,17
Gujarat,Bharuch,Bharuch,Apple,Other,Medium,2010-03-09 00:00:00,6000.0,7000.0,6500.0,17
Gujarat,Bharuch,Bharuch,Apple,Other,Medium,2010-07-17 00:00:00,1000.0,6000.0,3500.0,17
Gujarat,Bharuch,Bharuch,Apple,Other,Medium,2010-07-20 00:00:00,2000.0,6000.0,4000.0,17
Gujarat,Bharuch,Bharuch,Apple,Other,Medium,2010-07-21 00:00:00,2000.0,6000.0,4000.0,17
Gujarat,Bharuch,Bharuch,Apple,Other,Medium,2010-07-28 00:00:00,4000.0,5000.0,4500.0,17
Gujarat,Bharuch,Bharuch,Apple,Other,Medium,2010-07-30 00:00:00,2000.0,4000.0,3000.0,17
Gujarat,Bharuch,Bharuch,Apple,Other,Medium,2010-07-31 00:00:00,2000.0,4000.0,3000.0,17
Gujarat,Bharuch,Bharuch,Apple,Other,Medium,2010-08-06 00:00:00,2000.0,3000.0,2500.0,17
Gujarat,Bharuch,Bharuch,Apple,Other,Medium,2010-08-09 00:00:00,2000.0,4000.0,3000.0,17
Gujarat,Bharuch,Bharuch,Apple,Other,Medium,2010-08-13 00:00:00,2000.0,4000.0,3000.0,17
Gujarat,Bharuch,Bharuch,Apple,Other,Medium,2010-08-18 00:00:00,2000.0,3000.0,2500.0,17
Gujarat,Bharuch,Bharuch,Apple,Other,Medium,2010-08-26 00:00:00,2000.0,3000.0,2500.0,17
Gujarat,Bharuch,Bharuch,Apple,Other,Medium,2010-08-27 00:00:00,2000.0,4000.0,3000.0,17
Gujarat,Bharuch,Bharuch,Apple,Other,Medium,2010-09-01 00:00:00,2000.0,4000.0,3000.0,17
Gujarat,Bharuch,Bharuch,Apple,Other,Medium,2010-11-04 00:00:00,3000.0,4000.0,3500.0,17
Gujarat,Bharuch,Bharuch,Apple,Other,Medium,2010-11-18 00:00:00,3000.0,4000.0,3500.0,17
Gujarat,Bharuch,Bharuch,Apple,Other,Medium,2010-12-03 00:00:00,2000.0,3000.0,2500.0,17
Gujarat,Junagarh,Junagadh,Apple,Other,Medium,2010-05-08 00:00:00,1000.0,1800.0,1400.0,17
Gujarat,Junagarh,Junagadh,Apple,Other,Medium,2010-05-12 00:00:00,1100.0,1800.0,1450.0,17
Gujarat,Junagarh,Junagadh,Apple,Other,Medium,2010-05-13 00:00:00,1050.0,1650.0,1350.0,17
Gujarat,Junagarh,Junagadh,Apple,Other,Medium,2010-05-27 00:00:00,900.0,1200.0,1050.0,17
Gujarat,Junagarh,Junagadh,Apple,Other,Medium,2010-05-29 00:00:00,900.0,1300.0,1100.0,17
Gujarat,Junagarh,Junagadh,Apple,Other,Medium,2010-06-02 00:00:00,800.0,1700.0,1250.0,17
Gujarat,Junagarh,Junagadh,Apple,Other,Medium,2010-06-07 00:00:00,875.0,1250.0,1175.0,17
Gujarat,Junagarh,Junagadh,Apple,Other,Medium,2010-06-12 00:00:00,4750.0,6750.0,5750.0,17
Gujarat,Junagarh,Junagadh,Apple,Other,Medium,2010-06-26 00:00:00,4500.0,6000.0,5250.0,17
Gujarat,Junagarh,Junagadh,Apple,Other,Medium,2010-07-03 00:00:00,2500.0,7500.0,5000.0,17
Gujarat,Junagarh,Junagadh,Apple,Other,Medium,2010-07-17 00:00:00,2500.0,9000.0,5600.0,17
Gujarat,Junagarh,Junagadh,Apple,Other,Medium,2010-07-24 00:00:00,2500.0,6500.0,4500.0,17
Gujarat,Junagarh,Junagadh,Apple,Other,Medium,2010-07-29 00:00:00,2500.0,6000.0,4250.0,17
Gujarat,Junagarh,Junagadh,Apple,Other,Medium,2010-10-28 00:00:00,2000.0,4000.0,3000.0,17
Gujarat,Vadodara(Baroda),Vadodara(Navapura),Apple,Other,Medium,2010-01-11 00:00:00,1500.0,3000.0,2300.0,17
Gujarat,Vadodara(Baroda),Vadodara(Navapura),Apple,Other,Medium,2010-01-21 00:00:00,1500.0,3000.0,2300.0,17
Gujarat,Vadodara(Baroda),Vadodara(Navapura),Apple,Other,Medium,2010-01-23 00:00:00,1500.0,3000.0,2300.0,17
Gujarat,Vadodara(Baroda),Vadodara(Navapura),Apple,Other,Medium,2010-01-30 00:00:00,1500.0,3000.0,2300.0,17
Gujarat,Vadodara(Baroda),Vadodara(Navapura),Apple,Other,Medium,2010-02-01 00:00:00,1500.0,3000.0,2300.0,17
Gujarat,Vadodara(Baroda),Vadodara(Navapura),Apple,Other,Medium,2010-02-03 00:00:00,1500.0,3000.0,2300.0,17
Gujarat,Vadodara(Baroda),Vadodara(Navapura),Apple,Other,Medium,2010-02-14 00:00:00,1500.0,3000.0,2300.0,17
Gujarat,Vadodara(Baroda),Vadodara(Navapura),Apple,Other,Medium,2010-02-19 00:00:00,1500.0,3000.0,2300.0,17
Gujarat,Vadodara(Baroda),Vadodara(Navapura),Apple,Other,Medium,2010-02-23 00:00:00,1500.0,3000.0,2300.0,17
Gujarat,Vadodara(Baroda),Vadodara(Navapura),Apple,Other,Medium,2010-02-24 00:00:00,1500.0,3000.0,2300.0,17
Gujarat,Vadodara(Baroda),Vadodara(Navapura),Apple,Other,Medium,2010-02-26 00:00:00,1500.0,3000.0,2300.0,17
Gujarat,Vadodara(Baroda),Vadodara(Navapura),Apple,Other,Medium,2010-03-09 00:00:00,1500.0,3000.0,2300.0,17
Gujarat,Vadodara(Baroda),Vadodara(Navapura),Apple,Other,Medium,2010-03-16 00:00:00,1500.0,3000.0,2300.0,17
Gujarat,Vadodara(Baroda),Vadodara(Navapura),Apple,Other,Medium,2010-03-21 00:00:00,1500.0,3000.0,2300.0,17
Gujarat,Vadodara(Baroda),Vadodara(Navapura),Apple,Other,Medium,2010-03-24 00:00:00,1500.0,3000.0,2300.0,17
Gujarat,Vadodara(Baroda),Vadodara(Navapura),Apple,Other,Medium,2010-03-25 00:00:00,1500.0,3000.0,2300.0,17
Gujarat,Vadodara(Baroda),Vadodara(Navapura),Apple,Other,Medium,2010-03-26 00:00:00,1500.0,3000.0,2300.0,17
Gujarat,Vadodara(Baroda),Vadodara(Navapura),Apple,Other,Medium,2010-03-28 00:00:00,1500.0,3000.0,2300.0,17
Gujarat,Vadodara(Baroda),Vadodara(Navapura),Apple,Other,Medium,2010-04-21 00:00:00,1500.0,3000.0,2300.0,17
Gujarat,Vadodara(Baroda),Vadodara(Navapura),Apple,Other,Medium,2010-05-14 00:00:00,1600.0,2400.0,2200.0,17
Gujarat,Vadodara(Baroda),Vadodara(Navapura),Apple,Other,Medium,2010-05-22 00:00:00,1500.0,3000.0,2300.0,17
Gujarat,Vadodara(Baroda),Vadodara(Navapura),Apple,Other,Medium,2010-05-30 00:00:00,1500.0,3000.0,2300.0,17
Gujarat,Vadodara(Baroda),Vadodara(Navapura),Apple,Other,Medium,2010-06-07 00:00:00,1500.0,3000.0,2300.0,17
Gujarat,Vadodara(Baroda),Vadodara(Navapura),Apple,Other,Medium,2010-06-15 00:00:00,1500.0,3000.0,2300.0,17
Gujarat,Vadodara(Baroda),Vadodara(Navapura),Apple,Other,Medium,2010-06-27 00:00:00,1500.0,3000.0,2300.0,17
Gujarat,Vadodara(Baroda),Vadodara(Navapura),Apple,Other,Medium,2010-07-20 00:00:00,1300.0,4000.0,3500.0,17
Gujarat,Vadodara(Baroda),Vadodara(Navapura),Apple,Other,Medium,2010-07-21 00:00:00,1300.0,4000.0,3500.0,17
Gujarat,Vadodara(Baroda),Vadodara(Navapura),Apple,Other,Medium,2010-07-25 00:00:00,1300.0,4000.0,3500.0,17
Gujarat,Vadodara(Baroda),Vadodara(Navapura),Apple,Other,Medium,2010-07-28 00:00:00,1300.0,4000.0,3500.0,17
Gujarat,Vadodara(Baroda),Vadodara(Navapura),Apple,Other,Medium,2010-07-31 00:00:00,1300.0,4000.0,3500.0,17
Gujarat,Vadodara(Baroda),Vadodara(Navapura),Apple,Other,Medium,2010-08-08 00:00:00,1300.0,4000.0,3500.0,17
Gujarat,Vadodara(Baroda),Vadodara(Navapura),Apple,Other,Medium,2010-08-09 00:00:00,1300.0,4000.0,3500.0,17
Gujarat,Vadodara(Baroda),Vadodara(Navapura),Apple,Other,Medium,2010-08-10 00:00:00,1300.0,4000.0,3500.0,17
Gujarat,Vadodara(Baroda),Vadodara(Navapura),Apple,Other,Medium,2010-08-14 00:00:00,1300.0,4000.0,3500.0,17
Gujarat,Vadodara(Baroda),Vadodara(Navapura),Apple,Other,Medium,2010-08-16 00:00:00,1300.0,4000.0,3500.0,17
Gujarat,Vadodara(Baroda),Vadodara(Navapura),Apple,Other,Medium,2010-08-30 00:00:00,1250.0,3750.0,3500.0,17
Gujarat,Vadodara(Baroda),Vadodara(Navapura),Apple,Other,Medium,2010-09-11 00:00:00,1300.0,4000.0,3500.0,17
Gujarat,Vadodara(Baroda),Vadodara(Navapura),Apple,Other,Medium,2010-09-15 00:00:00,1300.0,4000.0,3500.0,17
Gujarat,Vadodara(Baroda),Vadodara(Navapura),Apple,Other,Medium,2010-09-20 00:00:00,1300.0,4000.0,3500.0,17
Gujarat,Vadodara(Baroda),Vadodara(Navapura),Apple,Other,Medium,2010-09-22 00:00:00,1300.0,4000.0,3500.0,17
Gujarat,Vadodara(Baroda),Vadodara(Navapura),Apple,Other,Medium,2010-10-01 00:00:00,1300.0,4000.0,3500.0,17
Gujarat,Vadodara(Baroda),Vadodara(Navapura),Apple,Other,Medium,2010-10-03 00:00:00,1300.0,4000.0,3500.0,17
Gujarat,Vadodara(Baroda),Vadodara(Navapura),Apple,Other,Medium,2010-10-05 00:00:00,1300.0,4000.0,3500.0,17
Gujarat,Vadodara(Baroda),Vadodara(Navapura),Apple,Other,Medium,2010-10-08 00:00:00,1300.0,4000.0,3500.0,17
Gujarat,Vadodara(Baroda),Vadodara(Navapura),Apple,Other,Medium,2010-10-11 00:00:00,1300.0,4000.0,3500.0,17
Gujarat,Vadodara(Baroda),Vadodara(Navapura),Apple,Other,Medium,2010-10-14 00:00:00,1300.0,4000.0,3500.0,17
Gujarat,Vadodara(Baroda),Vadodara(Navapura),Apple,Other,Medium,2010-11-10 00:00:00,1300.0,4000.0,3500.0,17
Gujarat,Vadodara(Baroda),Vadodara(Navapura),Apple,Other,Medium,2010-11-21 00:00:00,1300.0,4000.0,3500.0,17
Gujarat,Vadodara(Baroda),Vadodara(Navapura),Apple,Other,Medium,2010-11-24 00:00:00,1300.0,4000.0,3500.0,17
Gujarat,Vadodara(Baroda),Vadodara(Navapura),Apple,Other,Medium,2010-12-12 00:00:00,1300.0,4000.0,3500.0,17
Gujarat,Vadodara(Baroda),Vadodara(Navapura),Apple,Other,Medium,2010-12-13 00:00:00,1300.0,4000.0,3500.0,17
Gujarat,Vadodara(Baroda),Vadodara(Navapura),Apple,Other,Medium,2010-12-17 00:00:00,1300.0,4000.0,3500.0,17
Gujarat,Vadodara(Baroda),Vadodara(Navapura),Apple,Other,Medium,2010-12-21 00:00:00,1300.0,4000.0,3500.0,17
Gujarat,Vadodara(Baroda),Vadodara(Navapura),Apple,Other,Medium,2010-12-23 00:00:00,1300.0,4000.0,3500.0,17
Gujarat,Bharuch,Amod,Apple,Other,Medium,2006-01-07 00:00:00,3500.0,4500.0,4000.0,17
Gujarat,Bharuch,Amod,Apple,Other,Medium,2006-02-08 00:00:00,3500.0,4500.0,4000.0,17
Gujarat,Bharuch,Amod,Apple,Other,Medium,2006-02-18 00:00:00,3500.0,4500.0,4000.0,17
Gujarat,Bharuch,Amod,Apple,Other,Medium,2006-03-02 00:00:00,3500.0,4500.0,4000.0,17
Gujarat,Bharuch,Amod,Apple,Other,Medium,2006-04-18 00:00:00,3500.0,4500.0,4000.0,17
Gujarat,Bharuch,Amod,Apple,Other,Medium,2006-05-08 00:00:00,2500.0,3500.0,3000.0,17
Gujarat,Bharuch,Amod,Apple,Other,Medium,2006-05-17 00:00:00,3000.0,4000.0,3500.0,17
Gujarat,Bharuch,Amod,Apple,Other,Medium,2006-06-08 00:00:00,3000.0,4000.0,3500.0,17
Gujarat,Bharuch,Amod,Apple,Other,Medium,2006-07-12 00:00:00,2800.0,4000.0,3300.0,17
Gujarat,Bharuch,Amod,Apple,Other,Medium,2006-07-18 00:00:00,3000.0,4000.0,3500.0,17
Gujarat,Bharuch,Amod,Apple,Other,Medium,2006-07-20 00:00:00,3000.0,4000.0,3500.0,17
Gujarat,Bharuch,Amod,Apple,Other,Medium,2006-07-24 00:00:00,3000.0,4000.0,3500.0,17
Gujarat,Bharuch,Amod,Apple,Other,Medium,2006-09-01 00:00:00,3000.0,8000.0,5000.0,17
Gujarat,Bharuch,Amod,Apple,Other,Medium,2006-09-28 00:00:00,3000.0,8000.0,5000.0,17
Gujarat,Bharuch,Amod,Apple,Other,Medium,2006-10-27 00:00:00,3000.0,8000.0,5000.0,17
Gujarat,Bharuch,Bharuch,Apple,Other,Large,2006-01-05 00:00:00,2500.0,3000.0,2750.0,17
Gujarat,Bharuch,Bharuch,Apple,Other,Large,2006-01-06 00:00:00,2500.0,3000.0,2750.0,17
Gujarat,Bharuch,Bharuch,Apple,Other,Large,2006-01-12 00:00:00,2500.0,3000.0,2750.0,17
Gujarat,Bharuch,Bharuch,Apple,Other,Medium,2006-02-01 00:00:00,1500.0,2000.0,1750.0,17
Gujarat,Bharuch,Bharuch,Apple,Other,Large,2006-02-02 00:00:00,2000.0,2500.0,2250.0,17
Gujarat,Bharuch,Bharuch,Apple,Other,Medium,2006-02-10 00:00:00,2000.0,2500.0,2250.0,17
Gujarat,Bharuch,Bharuch,Apple,Other,Medium,2006-02-12 00:00:00,1500.0,2000.0,1750.0,17
Gujarat,Bharuch,Bharuch,Apple,Other,Medium,2006-02-16 00:00:00,1500.0,2000.0,1750.0,17
Gujarat,Bharuch,Bharuch,Apple,Other,Large,2006-04-05 00:00:00,2500.0,3000.0,2750.0,17
Gujarat,Bharuch,Bharuch,Apple,Other,Large,2006-05-01 00:00:00,2500.0,3500.0,3000.0,17
Gujarat,Bharuch,Bharuch,Apple,Other,Large,2006-07-11 00:00:00,3000.0,3500.0,3250.0,17
Gujarat,Bharuch,Bharuch,Apple,Other,Large,2006-08-11 00:00:00,2500.0,3500.0,3000.0,17
Gujarat,Bharuch,Bharuch,Apple,Other,Large,2006-08-19 00:00:00,3000.0,4000.0,3500.0,17
Gujarat,Bharuch,Bharuch,Apple,Other,Large,2006-08-20 00:00:00,2500.0,4000.0,3000.0,17
Gujarat,Bharuch,Bharuch,Apple,Other,Large,2006-08-25 00:00:00,4000.0,5000.0,4500.0,17
Gujarat,Bharuch,Bharuch,Apple,Other,Large,2006-08-31 00:00:00,3500.0,4500.0,4000.0,17
Gujarat,Bharuch,Bharuch,Apple,Other,Large,2006-09-07 00:00:00,3000.0,4000.0,3500.0,17
Gujarat,Bharuch,Bharuch,Apple,Other,Medium,2006-09-14 00:00:00,2000.0,3000.0,2500.0,17
Gujarat,Bharuch,Bharuch,Apple,Other,Large,2006-10-07 00:00:00,2000.0,4000.0,3000.0,17
Gujarat,Bharuch,Bharuch,Apple,Other,Large,2006-10-16 00:00:00,2000.0,4000.0,3000.0,17
Gujarat,Bharuch,Bharuch,Apple,Other,Large,2006-10-19 00:00:00,2000.0,4000.0,3000.0,17
Gujarat,Bharuch,Bharuch,Apple,Other,Large,2006-10-27 00:00:00,2000.0,3000.0,2500.0,17
Gujarat,Bharuch,Bharuch,Apple,Other,Large,2006-11-05 00:00:00,2000.0,4000.0,3000.0,17
Gujarat,Gir Somnath,Una,Apple,Other,Medium,2006-11-20 00:00:00,1870.0,2670.0,2250.0,17
Gujarat,Gir Somnath,Una,Apple,Other,Medium,2006-11-22 00:00:00,1800.0,3000.0,2400.0,17
Gujarat,Vadodara(Baroda),Vadodara,Apple,Other,Medium,2006-04-03 00:00:00,1000.0,4000.0,3500.0,17
Gujarat,Vadodara(Baroda),Vadodara,Apple,Other,Medium,2006-04-14 00:00:00,1000.0,4000.0,2500.0,17
Gujarat,Vadodara(Baroda),Vadodara,Apple,Other,Medium,2006-04-28 00:00:00,1000.0,4000.0,2800.0,17
Gujarat,Vadodara(Baroda),Vadodara,Apple,Other,Medium,2006-05-11 00:00:00,1000.0,3000.0,2800.0,17
Gujarat,Vadodara(Baroda),Vadodara,Apple,Other,Medium,2006-07-01 00:00:00,1500.0,3800.0,3200.0,17
Gujarat,Vadodara(Baroda),Vadodara,Apple,Other,Medium,2006-07-17 00:00:00,1000.0,3800.0,2900.0,17
Gujarat,Vadodara(Baroda),Vadodara,Apple,Other,Medium,2006-07-21 00:00:00,1000.0,3800.0,2900.0,17
Gujarat,Vadodara(Baroda),Vadodara,Apple,Other,Medium,2006-07-26 00:00:00,1000.0,4000.0,3000.0,17
Gujarat,Vadodara(Baroda),Vadodara,Apple,Other,Medium,2006-08-03 00:00:00,1000.0,4000.0,2800.0,17
Gujarat,Vadodara(Baroda),Vadodara,Apple,Other,Medium,2006-08-07 00:00:00,1000.0,4000.0,2800.0,17
Gujarat,Vadodara(Baroda),Vadodara,Apple,Other,Medium,2006-08-10 00:00:00,1000.0,4000.0,2800.0,17
Gujarat,Vadodara(Baroda),Vadodara,Apple,Other,Medium,2006-08-25 00:00:00,1000.0,4000.0,2800.0,17
Gujarat,Vadodara(Baroda),Vadodara,Apple,Other,Medium,2006-08-28 00:00:00,1000.0,4000.0,2800.0,17
Gujarat,Vadodara(Baroda),Vadodara,Apple,Other,Medium,2006-08-30 00:00:00,1000.0,4000.0,2800.0,17
Gujarat,Vadodara(Baroda),Vadodara,Apple,Other,Medium,2006-09-01 00:00:00,1000.0,4000.0,2800.0,17
Gujarat,Vadodara(Baroda),Vadodara,Apple,Other,Medium,2006-09-02 00:00:00,1000.0,4000.0,2800.0,17
Gujarat,Vadodara(Baroda),Vadodara,Apple,Other,Medium,2006-11-18 00:00:00,1000.0,4000.0,2500.0,17
Gujarat,Vadodara(Baroda),Vadodara,Apple,Other,Medium,2006-11-23 00:00:00,1000.0,4000.0,2500.0,17
Gujarat,Vadodara(Baroda),Vadodara,Apple,Other,Medium,2006-12-02 00:00:00,1000.0,4000.0,2500.0,17
Gujarat,Vadodara(Baroda),Vadodara,Apple,Other,Medium,2006-12-08 00:00:00,1000.0,4000.0,2500.0,17
Gujarat,Ahmedabad,Ahmedabad(Manekchowk),Apple,Other,Medium,2015-08-15 00:00:00,5000.0,9000.0,7000.0,17
Gujarat,Ahmedabad,Ahmedabad(Manekchowk),Apple,Other,Medium,2015-08-18 00:00:00,5000.0,8000.0,7000.0,17
Gujarat,Ahmedabad,Ahmedabad(Manekchowk),Apple,Other,Medium,2015-08-24 00:00:00,5000.0,9000.0,8000.0,17
Gujarat,Ahmedabad,Ahmedabad(Manekchowk),Apple,Other,Medium,2015-08-31 00:00:00,4000.0,7000.0,6000.0,17
Gujarat,Ahmedabad,Ahmedabad(Manekchowk),Apple,Other,Medium,2015-09-10 00:00:00,5000.0,7000.0,6500.0,17
Gujarat,Ahmedabad,Ahmedabad(Manekchowk),Apple,Other,Medium,2015-09-23 00:00:00,4000.0,7000.0,6000.0,17
Gujarat,Ahmedabad,Ahmedabad(Manekchowk),Apple,Other,Medium,2015-09-28 00:00:00,5000.0,7000.0,6500.0,17
Gujarat,Ahmedabad,Ahmedabad(Manekchowk),Apple,Other,Medium,2015-09-30 00:00:00,5000.0,7000.0,6500.0,17
Gujarat,Ahmedabad,Ahmedabad(Manekchowk),Apple,Other,Medium,2015-10-01 00:00:00,5000.0,8000.0,7000.0,17
Gujarat,Ahmedabad,Ahmedabad(Manekchowk),Apple,Other,Medium,2015-10-05 00:00:00,5000.0,7000.0,6500.0,17
Gujarat,Ahmedabad,Ahmedabad(Manekchowk),Apple,Other,Medium,2015-10-06 00:00:00,6000.0,7000.0,6500.0,17
Gujarat,Ahmedabad,Ahmedabad(Manekchowk),Apple,Other,Medium,2015-10-07 00:00:00,5000.0,7000.0,6000.0,17
Gujarat,Ahmedabad,Ahmedabad(Manekchowk),Apple,Other,Medium,2015-10-08 00:00:00,5000.0,7000.0,6000.0,17
Gujarat,Ahmedabad,Ahmedabad(Manekchowk),Apple,Other,Medium,2015-10-09 00:00:00,5000.0,7000.0,6500.0,17
Gujarat,Ahmedabad,Ahmedabad(Manekchowk),Apple,Other,Medium,2015-10-12 00:00:00,4500.0,6500.0,6000.0,17
Gujarat,Ahmedabad,Ahmedabad(Manekchowk),Apple,Other,Medium,2015-10-13 00:00:00,4500.0,6500.0,6000.0,17
Gujarat,Ahmedabad,Ahmedabad(Manekchowk),Apple,Other,Medium,2015-10-20 00:00:00,5000.0,6500.0,6000.0,17
Gujarat,Ahmedabad,Ahmedabad(Manekchowk),Apple,Other,Medium,2015-10-21 00:00:00,4500.0,6500.0,6000.0,17
Gujarat,Ahmedabad,Ahmedabad(Manekchowk),Apple,Other,Medium,2015-11-05 00:00:00,4000.0,6500.0,5500.0,17
Gujarat,Ahmedabad,Ahmedabad(Manekchowk),Apple,Other,Medium,2015-11-07 00:00:00,4000.0,6500.0,5500.0,17
Gujarat,Ahmedabad,Ahmedabad(Manekchowk),Apple,Other,Medium,2015-11-13 00:00:00,4000.0,6500.0,5500.0,17
Gujarat,Ahmedabad,Ahmedabad(Manekchowk),Apple,Other,Medium,2015-11-22 00:00:00,4000.0,6500.0,5500.0,17
Gujarat,Ahmedabad,Ahmedabad(Manekchowk),Apple,Other,Medium,2015-11-24 00:00:00,4000.0,6500.0,5500.0,17
Gujarat,Ahmedabad,Ahmedabad(Manekchowk),Apple,Other,Medium,2015-11-26 00:00:00,4000.0,6000.0,5500.0,17
Gujarat,Ahmedabad,Ahmedabad(Manekchowk),Apple,Other,Medium,2015-12-05 00:00:00,4000.0,6000.0,5000.0,17
Gujarat,Ahmedabad,Ahmedabad(Manekchowk),Apple,Other,Medium,2015-12-09 00:00:00,4000.0,6000.0,5000.0,17
Gujarat,Ahmedabad,Ahmedabad(Manekchowk),Apple,Other,Medium,2015-12-10 00:00:00,4000.0,6000.0,5000.0,17
Gujarat,Ahmedabad,Ahmedabad(Manekchowk),Apple,Other,Medium,2015-12-15 00:00:00,4000.0,6000.0,5500.0,17
Gujarat,Ahmedabad,Ahmedabad(Manekchowk),Apple,Other,Medium,2015-12-24 00:00:00,4000.0,6000.0,5500.0,17
Gujarat,Ahmedabad,Ahmedabad(Manekchowk),Apple,Other,Medium,2015-12-29 00:00:00,4000.0,6000.0,5000.0,17
Gujarat,Ahmedabad,Ahmedabad(Manekchowk),Apple,Other,Medium,2015-12-30 00:00:00,4000.0,6000.0,5500.0,17
Gujarat,Banaskanth,Deesa(Deesa Veg Yard),Apple,Other,Medium,2015-01-03 00:00:00,5000.0,7500.0,6250.0,17
Gujarat,Banaskanth,Deesa(Deesa Veg Yard),Apple,Other,Medium,2015-01-12 00:00:00,4000.0,6000.0,5000.0,17
Gujarat,Banaskanth,Deesa(Deesa Veg Yard),Apple,Other,Medium,2015-02-02 00:00:00,4000.0,7000.0,5500.0,17
Gujarat,Banaskanth,Deesa(Deesa Veg Yard),Apple,Other,Medium,2015-02-04 00:00:00,4000.0,7000.0,5500.0,17
Gujarat,Banaskanth,Deesa(Deesa Veg Yard),Apple,Other,Medium,2015-02-05 00:00:00,4000.0,7000.0,5500.0,17
Gujarat,Banaskanth,Deesa(Deesa Veg Yard),Apple,Other,Medium,2015-02-07 00:00:00,4000.0,7000.0,5500.0,17
Gujarat,Banaskanth,Deesa(Deesa Veg Yard),Apple,Other,Medium,2015-02-10 00:00:00,4000.0,7000.0,5500.0,17
Gujarat,Banaskanth,Deesa(Deesa Veg Yard),Apple,Other,Medium,2015-02-14 00:00:00,4000.0,8000.0,6000.0,17
Gujarat,Banaskanth,Deesa(Deesa Veg Yard),Apple,Other,Medium,2015-04-22 00:00:00,5000.0,9000.0,7000.0,17
Gujarat,Banaskanth,Deesa(Deesa Veg Yard),Apple,Other,Medium,2015-04-29 00:00:00,8000.0,14000.0,11000.0,17
Gujarat,Banaskanth,Deesa(Deesa Veg Yard),Apple,Other,Medium,2015-04-30 00:00:00,8000.0,14000.0,11000.0,17
Gujarat,Banaskanth,Deesa(Deesa Veg Yard),Apple,Other,Medium,2015-05-01 00:00:00,8000.0,14000.0,11000.0,17
Gujarat,Banaskanth,Deesa(Deesa Veg Yard),Apple,Other,Medium,2015-05-06 00:00:00,8000.0,14000.0,11000.0,17
Gujarat,Banaskanth,Deesa(Deesa Veg Yard),Apple,Other,Medium,2015-05-11 00:00:00,7500.0,14000.0,10750.0,17
Gujarat,Banaskanth,Deesa(Deesa Veg Yard),Apple,Other,Medium,2015-05-14 00:00:00,7500.0,15000.0,11250.0,17
Gujarat,Banaskanth,Deesa(Deesa Veg Yard),Apple,Other,Medium,2015-05-18 00:00:00,7000.0,15000.0,11000.0,17
Gujarat,Banaskanth,Deesa(Deesa Veg Yard),Apple,Other,Medium,2015-05-25 00:00:00,7500.0,14500.0,11000.0,17
Gujarat,Banaskanth,Deesa(Deesa Veg Yard),Apple,Other,Medium,2015-06-05 00:00:00,7500.0,15000.0,11250.0,17
Gujarat,Banaskanth,Deesa(Deesa Veg Yard),Apple,Other,Medium,2015-06-12 00:00:00,6000.0,15000.0,10500.0,17
Gujarat,Banaskanth,Deesa(Deesa Veg Yard),Apple,Other,Medium,2015-06-15 00:00:00,5000.0,15000.0,10000.0,17
Gujarat,Banaskanth,Deesa(Deesa Veg Yard),Apple,Other,Medium,2015-06-16 00:00:00,5000.0,15000.0,10000.0,17
Gujarat,Banaskanth,Deesa(Deesa Veg Yard),Apple,Other,Medium,2015-06-23 00:00:00,5000.0,14500.0,9750.0,17
Gujarat,Banaskanth,Deesa(Deesa Veg Yard),Apple,Other,Medium,2015-06-24 00:00:00,5000.0,15000.0,10000.0,17
Gujarat,Banaskanth,Deesa(Deesa Veg Yard),Apple,Other,Medium,2015-06-27 00:00:00,5000.0,15000.0,10000.0,17
Gujarat,Banaskanth,Deesa(Deesa Veg Yard),Apple,Other,Medium,2015-06-30 00:00:00,5000.0,15000.0,10000.0,17
Gujarat,Banaskanth,Deesa(Deesa Veg Yard),Apple,Other,Medium,2015-07-02 00:00:00,5000.0,15000.0,10000.0,17
Gujarat,Banaskanth,Deesa(Deesa Veg Yard),Apple,Other,Medium,2015-07-08 00:00:00,7500.0,15000.0,11250.0,17
Gujarat,Banaskanth,Deesa(Deesa Veg Yard),Apple,Other,Medium,2015-07-17 00:00:00,7500.0,15000.0,11250.0,17
Gujarat,Banaskanth,Deesa(Deesa Veg Yard),Apple,Other,Medium,2015-07-20 00:00:00,7500.0,15000.0,11250.0,17
Gujarat,Banaskanth,Deesa(Deesa Veg Yard),Apple,Other,Medium,2015-08-25 00:00:00,7500.0,15000.0,11250.0,17
Gujarat,Banaskanth,Deesa(Deesa Veg Yard),Apple,Other,Medium,2015-09-09 00:00:00,5000.0,11000.0,8000.0,17
Gujarat,Banaskanth,Deesa(Deesa Veg Yard),Apple,Other,Medium,2015-09-12 00:00:00,5000.0,11000.0,8000.0,17
Gujarat,Banaskanth,Deesa(Deesa Veg Yard),Apple,Other,Medium,2015-10-13 00:00:00,3000.0,9000.0,6000.0,17
Gujarat,Banaskanth,Deesa(Deesa Veg Yard),Apple,Other,Medium,2015-11-27 00:00:00,5000.0,10000.0,7500.0,17
Gujarat,Banaskanth,Deesa(Deesa Veg Yard),Apple,Other,Medium,2015-12-07 00:00:00,5000.0,9500.0,7250.0,17
Gujarat,Banaskanth,Deesa(Deesa Veg Yard),Apple,Other,Medium,2015-12-10 00:00:00,4000.0,9000.0,6500.0,17
Gujarat,Banaskanth,Deesa(Deesa Veg Yard),Apple,Other,Medium,2015-12-12 00:00:00,4000.0,8000.0,6000.0,17
Gujarat,Banaskanth,Deesa(Deesa Veg Yard),Apple,Other,Medium,2015-12-14 00:00:00,4000.0,7500.0,5750.0,17
Gujarat,Banaskanth,Deesa(Deesa Veg Yard),Apple,Other,Medium,2015-12-28 00:00:00,4000.0,8000.0,6000.0,17
Gujarat,Junagarh,Keshod,Apple,Apple,Medium,2015-01-18 00:00:00,4700.0,6850.0,5900.0,17
Gujarat,Junagarh,Keshod,Apple,Apple,Medium,2015-01-22 00:00:00,5350.0,7100.0,6250.0,17
Gujarat,Junagarh,Keshod,Apple,Apple,Medium,2015-01-28 00:00:00,6200.0,7050.0,6950.0,17
Gujarat,Junagarh,Keshod,Apple,Apple,Large,2015-01-31 00:00:00,4700.0,6100.0,5050.0,17
Gujarat,Junagarh,Keshod,Apple,Apple,Medium,2015-02-05 00:00:00,5250.0,7250.0,6500.0,17
Gujarat,Junagarh,Keshod,Apple,Apple,Medium,2015-02-13 00:00:00,4800.0,6500.0,5600.0,17
Gujarat,Kachchh,"Anjar(Veg,Sub Yard)",Apple,Other,Medium,2015-10-07 00:00:00,3000.0,5000.0,4000.0,17
Gujarat,Kachchh,"Anjar(Veg,Sub Yard)",Apple,Other,Medium,2015-10-08 00:00:00,3000.0,5000.0,4000.0,17
Gujarat,Kachchh,"Anjar(Veg,Sub Yard)",Apple,Other,Medium,2015-10-13 00:00:00,3000.0,5000.0,4000.0,17
Gujarat,Kachchh,"Anjar(Veg,Sub Yard)",Apple,Other,Medium,2015-10-14 00:00:00,4000.0,6000.0,5000.0,17
Gujarat,Kachchh,"Anjar(Veg,Sub Yard)",Apple,Other,Medium,2015-10-30 00:00:00,3000.0,5000.0,4000.0,17
Gujarat,Kachchh,"Anjar(Veg,Sub Yard)",Apple,Other,Medium,2015-11-05 00:00:00,3000.0,5000.0,4000.0,17
Gujarat,Kachchh,"Anjar(Veg,Sub Yard)",Apple,Other,Medium,2015-11-16 00:00:00,3000.0,6000.0,5000.0,17
Gujarat,Kachchh,"Anjar(Veg,Sub Yard)",Apple,Other,Medium,2015-11-26 00:00:00,3000.0,6000.0,5000.0,17
Gujarat,Kachchh,"Anjar(Veg,Sub Yard)",Apple,Other,Medium,2015-12-02 00:00:00,3000.0,6000.0,5000.0,17
Gujarat,Kachchh,"Anjar(Veg,Sub Yard)",Apple,Other,Medium,2015-12-10 00:00:00,3000.0,6000.0,5000.0,17
Gujarat,Kachchh,"Anjar(Veg,Sub Yard)",Apple,Other,Medium,2015-12-11 00:00:00,3000.0,6000.0,5000.0,17
Gujarat,Kachchh,"Anjar(Veg,Sub Yard)",Apple,Other,Medium,2015-12-14 00:00:00,3000.0,6000.0,4500.0,17
Gujarat,Kachchh,"Anjar(Veg,Sub Yard)",Apple,Other,Medium,2015-12-17 00:00:00,3000.0,6000.0,5000.0,17
Gujarat,Kachchh,"Anjar(Veg,Sub Yard)",Apple,Other,Medium,2015-12-23 00:00:00,1000.0,2000.0,1700.0,17
Gujarat,Rajkot,Gondal(Veg.market Gondal),Apple,Apple,Medium,2015-10-28 00:00:00,3500.0,5500.0,4500.0,17
Gujarat,Rajkot,Gondal(Veg.market Gondal),Apple,Apple,Medium,2015-11-06 00:00:00,2500.0,5000.0,3750.0,17
Gujarat,Rajkot,Gondal(Veg.market Gondal),Apple,Apple,Medium,2015-11-27 00:00:00,4000.0,6000.0,5000.0,17
Gujarat,Rajkot,Gondal(Veg.market Gondal),Apple,Apple,Medium,2015-11-30 00:00:00,4000.0,6000.0,5000.0,17
Gujarat,Rajkot,Gondal(Veg.market Gondal),Apple,Apple,Medium,2015-12-15 00:00:00,4000.0,7000.0,5500.0,17
Gujarat,Rajkot,Gondal(Veg.market Gondal),Apple,Apple,Medium,2015-12-17 00:00:00,5000.0,6000.0,5500.0,17
Gujarat,Rajkot,Gondal(Veg.market Gondal),Apple,Apple,Medium,2015-12-19 00:00:00,5000.0,7000.0,6000.0,17
Gujarat,Rajkot,Gondal(Veg.market Gondal),Apple,Apple,Medium,2015-12-21 00:00:00,5000.0,7000.0,6000.0,17
Gujarat,Rajkot,Gondal(Veg.market Gondal),Apple,Apple,Medium,2015-12-27 00:00:00,5500.0,8000.0,6500.0,17
Gujarat,Vadodara(Baroda),Vadodara(Navapura),Apple,Other,Medium,2015-01-01 00:00:00,2800.0,6000.0,4500.0,17
Gujarat,Vadodara(Baroda),Vadodara(Navapura),Apple,Other,Medium,2015-01-07 00:00:00,2800.0,6000.0,4500.0,17
Gujarat,Vadodara(Baroda),Vadodara(Navapura),Apple,Other,Medium,2015-01-10 00:00:00,2800.0,6000.0,4500.0,17
Gujarat,Vadodara(Baroda),Vadodara(Navapura),Apple,Other,Medium,2015-01-21 00:00:00,2800.0,6000.0,4500.0,17
Gujarat,Vadodara(Baroda),Vadodara(Navapura),Apple,Other,Medium,2015-01-30 00:00:00,5000.0,8000.0,6000.0,17
Gujarat,Vadodara(Baroda),Vadodara(Navapura),Apple,Other,Medium,2015-01-31 00:00:00,5000.0,8000.0,6000.0,17
Gujarat,Vadodara(Baroda),Vadodara(Navapura),Apple,Other,Medium,2015-02-08 00:00:00,5000.0,9000.0,7500.0,17
Gujarat,Vadodara(Baroda),Vadodara(Navapura),Apple,Other,Medium,2015-02-14 00:00:00,5000.0,9000.0,7500.0,17
Gujarat,Vadodara(Baroda),Vadodara(Navapura),Apple,Other,Medium,2015-05-27 00:00:00,7000.0,9000.0,8000.0,17
Gujarat,Vadodara(Baroda),Vadodara(Navapura),Apple,Other,Medium,2015-06-05 00:00:00,7000.0,9000.0,8000.0,17
Gujarat,Vadodara(Baroda),Vadodara(Navapura),Apple,Other,Medium,2015-06-13 00:00:00,7000.0,9000.0,8000.0,17
Gujarat,Vadodara(Baroda),Vadodara(Navapura),Apple,Other,Medium,2015-06-18 00:00:00,7000.0,9000.0,8000.0,17
Gujarat,Vadodara(Baroda),Vadodara(Navapura),Apple,Other,Medium,2015-06-23 00:00:00,7000.0,9000.0,8000.0,17
Gujarat,Vadodara(Baroda),Vadodara(Navapura),Apple,Other,Medium,2015-06-28 00:00:00,7000.0,9000.0,8000.0,17
Gujarat,Vadodara(Baroda),Vadodara(Navapura),Apple,Other,Medium,2015-07-10 00:00:00,7000.0,9000.0,8000.0,17
Gujarat,Vadodara(Baroda),Vadodara(Navapura),Apple,Other,Medium,2015-07-18 00:00:00,7000.0,9000.0,8000.0,17
Gujarat,Vadodara(Baroda),Vadodara(Navapura),Apple,Other,Medium,2015-08-08 00:00:00,8000.0,10000.0,9000.0,17
Gujarat,Vadodara(Baroda),Vadodara(Navapura),Apple,Other,Medium,2015-08-20 00:00:00,6000.0,10000.0,8000.0,17
Gujarat,Vadodara(Baroda),Vadodara(Navapura),Apple,Other,Medium,2015-08-21 00:00:00,6000.0,10000.0,8000.0,17
Gujarat,Vadodara(Baroda),Vadodara(Navapura),Apple,Other,Medium,2015-09-03 00:00:00,4000.0,6000.0,5000.0,17
Gujarat,Vadodara(Baroda),Vadodara(Navapura),Apple,Other,Medium,2015-09-10 00:00:00,4000.0,6000.0,5000.0,17
Gujarat,Vadodara(Baroda),Vadodara(Navapura),Apple,Other,Medium,2015-09-13 00:00:00,4000.0,6000.0,5000.0,17
Gujarat,Vadodara(Baroda),Vadodara(Navapura),Apple,Other,Medium,2015-09-18 00:00:00,4000.0,6000.0,5000.0,17
Gujarat,Vadodara(Baroda),Vadodara(Navapura),Apple,Other,Medium,2015-09-30 00:00:00,4000.0,6000.0,5000.0,17
Gujarat,Vadodara(Baroda),Vadodara(Navapura),Apple,Other,Medium,2015-10-09 00:00:00,4000.0,6000.0,5000.0,17
Gujarat,Vadodara(Baroda),Vadodara(Navapura),Apple,Other,Medium,2015-10-14 00:00:00,4000.0,6000.0,5000.0,17
Gujarat,Vadodara(Baroda),Vadodara(Navapura),Apple,Other,Medium,2015-10-17 00:00:00,4000.0,6000.0,5000.0,17
Gujarat,Vadodara(Baroda),Vadodara(Navapura),Apple,Other,Medium,2015-10-20 00:00:00,4000.0,6000.0,5000.0,17
Gujarat,Vadodara(Baroda),Vadodara(Navapura),Apple,Other,Medium,2015-10-22 00:00:00,4000.0,6000.0,5000.0,17
Gujarat,Vadodara(Baroda),Vadodara(Navapura),Apple,Other,Medium,2015-10-28 00:00:00,4000.0,6000.0,5000.0,17
Gujarat,Vadodara(Baroda),Vadodara(Navapura),Apple,Other,Medium,2015-10-29 00:00:00,4000.0,6000.0,5000.0,17
Gujarat,Vadodara(Baroda),Vadodara(Navapura),Apple,Other,Medium,2015-10-31 00:00:00,4000.0,6000.0,5000.0,17
Gujarat,Vadodara(Baroda),Vadodara(Navapura),Apple,Other,Medium,2015-11-01 00:00:00,4000.0,6000.0,5000.0,17
Gujarat,Vadodara(Baroda),Vadodara(Navapura),Apple,Other,Medium,2015-11-05 00:00:00,5000.0,7000.0,6000.0,17
Gujarat,Vadodara(Baroda),Vadodara(Navapura),Apple,Other,Medium,2015-11-07 00:00:00,5000.0,7000.0,6000.0,17
Gujarat,Vadodara(Baroda),Vadodara(Navapura),Apple,Other,Medium,2015-11-17 00:00:00,5000.0,7000.0,6000.0,17
Gujarat,Vadodara(Baroda),Vadodara(Navapura),Apple,Other,Medium,2015-12-01 00:00:00,4000.0,6000.0,5000.0,17
Gujarat,Vadodara(Baroda),Vadodara(Navapura),Apple,Other,Medium,2015-12-04 00:00:00,4000.0,6000.0,5000.0,17
Gujarat,Vadodara(Baroda),Vadodara(Navapura),Apple,Other,Medium,2015-12-08 00:00:00,4000.0,8000.0,6000.0,17
Gujarat,Vadodara(Baroda),Vadodara(Navapura),Apple,Other,Medium,2015-12-11 00:00:00,4000.0,8000.0,6000.0,17
Gujarat,Vadodara(Baroda),Vadodara(Navapura),Apple,Other,Medium,2015-12-15 00:00:00,4000.0,8000.0,6000.0,17
Gujarat,Bharuch,Amod,Apple,Other,Medium,2005-11-09 00:00:00,3300.0,4300.0,3800.0,17
Gujarat,Bharuch,Amod,Apple,Other,Medium,2005-11-11 00:00:00,3500.0,4000.0,3800.0,17
Gujarat,Bharuch,Amod,Apple,Other,Medium,2005-11-14 00:00:00,3300.0,4300.0,3800.0,17
Gujarat,Bharuch,Amod,Apple,Other,Medium,2005-12-28 00:00:00,3000.0,4000.0,3500.0,17
Gujarat,Bharuch,Amod,Apple,Other,Medium,2005-12-30 00:00:00,3000.0,4000.0,3500.0,17
Gujarat,Bharuch,Bharuch,Apple,Other,Medium,2005-01-11 00:00:00,2500.0,4000.0,3250.0,17
Gujarat,Bharuch,Bharuch,Apple,Other,Medium,2005-01-30 00:00:00,2500.0,4000.0,3250.0,17
Gujarat,Bharuch,Bharuch,Apple,Other,Medium,2005-02-24 00:00:00,2000.0,4000.0,3000.0,17
Gujarat,Bharuch,Bharuch,Apple,Other,Medium,2005-03-29 00:00:00,2500.0,3500.0,3000.0,17
Gujarat,Bharuch,Bharuch,Apple,Other,Medium,2005-04-26 00:00:00,3500.0,4500.0,4000.0,17
Gujarat,Bharuch,Bharuch,Apple,Other,Large,2005-07-29 00:00:00,2500.0,3000.0,2750.0,17
Gujarat,Bharuch,Bharuch,Apple,Other,Large,2005-08-11 00:00:00,2000.0,3000.0,2500.0,17
Gujarat,Bharuch,Bharuch,Apple,Other,Medium,2005-08-14 00:00:00,1500.0,2400.0,1950.0,17
Gujarat,Bharuch,Bharuch,Apple,Other,Medium,2005-08-19 00:00:00,1500.0,2000.0,1750.0,17
Gujarat,Bharuch,Bharuch,Apple,Other,Medium,2005-08-24 00:00:00,2000.0,2500.0,2250.0,17
Gujarat,Bharuch,Bharuch,Apple,Other,Medium,2005-08-25 00:00:00,1500.0,2000.0,1750.0,17
Gujarat,Bharuch,Bharuch,Apple,Other,Large,2005-08-27 00:00:00,2500.0,3000.0,2750.0,17
Gujarat,Bharuch,Bharuch,Apple,Other,Medium,2005-08-28 00:00:00,1500.0,2000.0,1750.0,17
Gujarat,Bharuch,Bharuch,Apple,Other,Small,2005-08-30 00:00:00,1500.0,2000.0,1720.0,17
Gujarat,Bharuch,Bharuch,Apple,Other,Medium,2005-08-31 00:00:00,1500.0,2500.0,2000.0,17
Gujarat,Bharuch,Bharuch,Apple,Other,Medium,2005-09-01 00:00:00,1500.0,2000.0,1750.0,17
Gujarat,Bharuch,Bharuch,Apple,Other,Medium,2005-09-02 00:00:00,1500.0,2000.0,1750.0,17
Gujarat,Bharuch,Bharuch,Apple,Other,Large,2005-09-03 00:00:00,2000.0,2500.0,2250.0,17
Gujarat,Bharuch,Bharuch,Apple,Other,Medium,2005-09-04 00:00:00,1500.0,2000.0,1750.0,17
Gujarat,Bharuch,Bharuch,Apple,Other,Large,2005-09-09 00:00:00,2500.0,3000.0,2750.0,17
Gujarat,Bharuch,Bharuch,Apple,Other,Small,2005-09-13 00:00:00,1000.0,1500.0,1250.0,17
Gujarat,Bharuch,Bharuch,Apple,Other,Medium,2005-09-14 00:00:00,1500.0,2000.0,1750.0,17
Gujarat,Bharuch,Bharuch,Apple,Other,Large,2005-09-16 00:00:00,2000.0,2500.0,2250.0,17
Gujarat,Bharuch,Bharuch,Apple,Other,Large,2005-09-17 00:00:00,2000.0,2500.0,2250.0,17
Gujarat,Bharuch,Bharuch,Apple,Other,Medium,2005-09-19 00:00:00,2000.0,2500.0,2250.0,17
Gujarat,Bharuch,Bharuch,Apple,Other,Medium,2005-09-20 00:00:00,2000.0,3000.0,2500.0,17
Gujarat,Bharuch,Bharuch,Apple,Other,Small,2005-09-22 00:00:00,1500.0,2000.0,1750.0,17
Gujarat,Bharuch,Bharuch,Apple,Other,Medium,2005-09-24 00:00:00,2000.0,2500.0,2250.0,17
Gujarat,Bharuch,Bharuch,Apple,Other,Large,2005-09-25 00:00:00,2500.0,3000.0,2750.0,17
Gujarat,Bharuch,Bharuch,Apple,Other,Large,2005-09-27 00:00:00,2000.0,2500.0,2250.0,17
Gujarat,Bharuch,Bharuch,Apple,Other,Medium,2005-09-28 00:00:00,1500.0,2000.0,1750.0,17
Gujarat,Bharuch,Bharuch,Apple,Other,Large,2005-10-02 00:00:00,2500.0,3000.0,2750.0,17
Gujarat,Bharuch,Bharuch,Apple,Other,Small,2005-10-04 00:00:00,1500.0,2000.0,1750.0,17
Gujarat,Bharuch,Bharuch,Apple,Other,Large,2005-10-07 00:00:00,2500.0,3000.0,2750.0,17
Gujarat,Bharuch,Bharuch,Apple,Other,Large,2005-10-11 00:00:00,2500.0,3000.0,2750.0,17
Gujarat,Bharuch,Bharuch,Apple,Other,Large,2005-10-14 00:00:00,3000.0,3500.0,3250.0,17
Gujarat,Bharuch,Bharuch,Apple,Other,Medium,2005-10-21 00:00:00,2000.0,3000.0,2500.0,17
Gujarat,Bharuch,Bharuch,Apple,Other,Large,2005-10-27 00:00:00,2500.0,3000.0,2750.0,17
Gujarat,Bharuch,Bharuch,Apple,Other,Medium,2005-11-18 00:00:00,1500.0,2000.0,1750.0,17
Gujarat,Bharuch,Bharuch,Apple,Other,Medium,2005-11-21 00:00:00,2000.0,3000.0,2500.0,17
Gujarat,Bharuch,Bharuch,Apple,Other,Large,2005-11-30 00:00:00,1500.0,2000.0,1750.0,17
Gujarat,Bharuch,Bharuch,Apple,Other,Small,2005-12-01 00:00:00,1500.0,2000.0,1750.0,17
Gujarat,Bharuch,Bharuch,Apple,Other,Medium,2005-12-02 00:00:00,2000.0,2500.0,2250.0,17
Gujarat,Bharuch,Bharuch,Apple,Other,Medium,2005-12-03 00:00:00,2500.0,3000.0,2750.0,17
Gujarat,Bharuch,Bharuch,Apple,Other,Large,2005-12-06 00:00:00,2500.0,3000.0,2750.0,17
Gujarat,Bharuch,Bharuch,Apple,Other,Large,2005-12-09 00:00:00,2500.0,3000.0,2750.0,17
Gujarat,Bharuch,Bharuch,Apple,Other,Large,2005-12-15 00:00:00,2500.0,3000.0,2750.0,17
Gujarat,Bharuch,Bharuch,Apple,Other,Large,2005-12-16 00:00:00,2500.0,3000.0,2750.0,17
Gujarat,Bharuch,Bharuch,Apple,Other,Large,2005-12-19 00:00:00,2500.0,3000.0,2750.0,17
Gujarat,Bharuch,Bharuch,Apple,Other,Large,2005-12-21 00:00:00,2500.0,3000.0,2750.0,17
Gujarat,Bharuch,Bharuch,Apple,Other,Large,2005-12-27 00:00:00,2500.0,3000.0,2750.0,17
Gujarat,Bharuch,Bharuch,Apple,Other,Small,2005-12-29 00:00:00,1500.0,2000.0,1750.0,17
Gujarat,Bharuch,Bharuch,Apple,Other,Small,2003-07-18 00:00:00,3750.0,4500.0,4125.0,17
Gujarat,Bharuch,Bharuch,Apple,Other,Small,2003-08-14 00:00:00,200.0,300.0,250.0,17
Gujarat,Bharuch,Bharuch,Apple,Other,Small,2003-08-16 00:00:00,200.0,300.0,250.0,17
Gujarat,Bharuch,Bharuch,Apple,Other,Medium,2003-08-19 00:00:00,3000.0,3500.0,3250.0,17
Gujarat,Bharuch,Bharuch,Apple,Other,Large,2003-08-25 00:00:00,2500.0,3000.0,2750.0,17
Gujarat,Bharuch,Bharuch,Apple,Other,Large,2003-08-26 00:00:00,2500.0,2700.0,2600.0,17
Gujarat,Bharuch,Bharuch,Apple,Other,Medium,2003-08-28 00:00:00,1500.0,1700.0,1600.0,17
Gujarat,Bharuch,Bharuch,Apple,Other,Medium,2003-09-10 00:00:00,1000.0,1100.0,1050.0,17
Gujarat,Bharuch,Bharuch,Apple,Other,Medium,2003-09-15 00:00:00,1050.0,1500.0,1275.0,17
Gujarat,Bharuch,Bharuch,Apple,Other,Medium,2003-09-22 00:00:00,1000.0,1100.0,1050.0,17
Gujarat,Bharuch,Bharuch,Apple,Other,Medium,2003-09-23 00:00:00,1000.0,1100.0,1050.0,17
Gujarat,Bharuch,Bharuch,Apple,Other,Large,2003-09-24 00:00:00,2000.0,2300.0,2150.0,17
Gujarat,Bharuch,Bharuch,Apple,Other,Large,2003-09-25 00:00:00,2000.0,2300.0,2150.0,17
Gujarat,Bharuch,Bharuch,Apple,Other,Large,2003-09-26 00:00:00,2000.0,2300.0,2150.0,17
Gujarat,Bharuch,Bharuch,Apple,Other,Medium,2003-10-03 00:00:00,800.0,1000.0,900.0,17
Gujarat,Bharuch,Bharuch,Apple,Other,Large,2003-10-07 00:00:00,1800.0,2200.0,2000.0,17
Gujarat,Bharuch,Bharuch,Apple,Other,Large,2003-10-09 00:00:00,2000.0,2500.0,2250.0,17
Gujarat,Bharuch,Bharuch,Apple,Other,Large,2003-10-15 00:00:00,2000.0,3000.0,2500.0,17
Gujarat,Bharuch,Bharuch,Apple,Other,Medium,2003-10-16 00:00:00,1000.0,1500.0,1250.0,17
Gujarat,Bharuch,Bharuch,Apple,Other,Medium,2003-11-03 00:00:00,2000.0,3000.0,2500.0,17
Gujarat,Bharuch,Bharuch,Apple,Other,Medium,2003-11-06 00:00:00,3000.0,3500.0,3250.0,17
Gujarat,Bharuch,Bharuch,Apple,Other,Large,2003-11-07 00:00:00,3500.0,4000.0,3750.0,17
Gujarat,Bharuch,Bharuch,Apple,Other,Medium,2003-11-21 00:00:00,2000.0,3000.0,2500.0,17
Gujarat,Bharuch,Bharuch,Apple,Other,Medium,2003-11-24 00:00:00,2000.0,3000.0,2500.0,17
Gujarat,Bharuch,Bharuch,Apple,Other,Medium,2003-12-02 00:00:00,2000.0,3000.0,2500.0,17
Gujarat,Bharuch,Bharuch,Apple,Other,Medium,2003-12-03 00:00:00,2000.0,3000.0,2500.0,17
Gujarat,Bharuch,Bharuch,Apple,Other,Medium,2003-12-24 00:00:00,2000.0,3300.0,2650.0,17
Gujarat,Ahmedabad,"Ahmedabad(Fruit Market, Naroda)",Apple,Other,Small,2008-02-02 00:00:00,3000.0,5000.0,4500.0,17
Gujarat,Ahmedabad,"Ahmedabad(Fruit Market, Naroda)",Apple,Other,Small,2008-02-14 00:00:00,3000.0,4500.0,4000.0,17
Gujarat,Ahmedabad,"Ahmedabad(Fruit Market, Naroda)",Apple,Other,Small,2008-02-28 00:00:00,4000.0,5000.0,4800.0,17
Gujarat,Ahmedabad,"Ahmedabad(Fruit Market, Naroda)",Apple,Other,Small,2008-04-04 00:00:00,5000.0,7000.0,6500.0,17
Gujarat,Ahmedabad,"Ahmedabad(Fruit Market, Naroda)",Apple,Other,Small,2008-08-18 00:00:00,5000.0,6000.0,5700.0,17
Gujarat,Ahmedabad,"Ahmedabad(Fruit Market, Naroda)",Apple,Other,Small,2008-09-03 00:00:00,6000.0,7000.0,6500.0,17
Gujarat,Ahmedabad,"Ahmedabad(Fruit Market, Naroda)",Apple,Other,Small,2008-09-08 00:00:00,5000.0,7000.0,6500.0,17
Gujarat,Ahmedabad,"Ahmedabad(Fruit Market, Naroda)",Apple,Other,Small,2008-09-10 00:00:00,8000.0,10000.0,9200.0,17
Gujarat,Ahmedabad,"Ahmedabad(Fruit Market, Naroda)",Apple,Other,Small,2008-09-13 00:00:00,8000.0,10000.0,9500.0,17
Gujarat,Ahmedabad,"Ahmedabad(Fruit Market, Naroda)",Apple,Other,Small,2008-09-15 00:00:00,8000.0,10000.0,9200.0,17
Gujarat,Ahmedabad,"Ahmedabad(Fruit Market, Naroda)",Apple,Other,Small,2008-09-16 00:00:00,6000.0,8000.0,7200.0,17
Gujarat,Ahmedabad,"Ahmedabad(Fruit Market, Naroda)",Apple,Other,Small,2008-09-17 00:00:00,6000.0,8000.0,7200.0,17
Gujarat,Ahmedabad,"Ahmedabad(Fruit Market, Naroda)",Apple,Other,Small,2008-09-23 00:00:00,5000.0,6000.0,5500.0,17
Gujarat,Ahmedabad,"Ahmedabad(Fruit Market, Naroda)",Apple,Other,Small,2008-09-27 00:00:00,8000.0,10000.0,9200.0,17
Gujarat,Ahmedabad,"Ahmedabad(Fruit Market, Naroda)",Apple,Other,Small,2008-09-29 00:00:00,7000.0,8000.0,7500.0,17
Gujarat,Ahmedabad,"Ahmedabad(Fruit Market, Naroda)",Apple,Other,Small,2008-10-10 00:00:00,3000.0,5000.0,4500.0,17
Gujarat,Ahmedabad,"Ahmedabad(Fruit Market, Naroda)",Apple,Other,Small,2008-10-11 00:00:00,3000.0,5000.0,4500.0,17
Gujarat,Ahmedabad,"Ahmedabad(Fruit Market, Naroda)",Apple,Other,Small,2008-10-14 00:00:00,3500.0,5500.0,4800.0,17
Gujarat,Ahmedabad,"Ahmedabad(Fruit Market, Naroda)",Apple,Other,Small,2008-10-22 00:00:00,3000.0,4000.0,3800.0,17
Gujarat,Ahmedabad,Ahmedabad(Manekchowk),Apple,Other,Small,2008-02-13 00:00:00,3000.0,5000.0,4500.0,17
Gujarat,Ahmedabad,Ahmedabad(Manekchowk),Apple,Other,Small,2008-02-19 00:00:00,2500.0,4500.0,4200.0,17
Gujarat,Ahmedabad,Ahmedabad(Manekchowk),Apple,Other,Small,2008-02-25 00:00:00,3000.0,5000.0,4500.0,17
Gujarat,Ahmedabad,Ahmedabad(Manekchowk),Apple,Other,Small,2008-03-05 00:00:00,4000.0,6000.0,5500.0,17
Gujarat,Ahmedabad,Ahmedabad(Manekchowk),Apple,Other,Small,2008-04-02 00:00:00,5000.0,6000.0,5500.0,17
Gujarat,Ahmedabad,Ahmedabad(Manekchowk),Apple,Other,Small,2008-04-04 00:00:00,5000.0,7000.0,6500.0,17
Gujarat,Ahmedabad,Ahmedabad(Manekchowk),Apple,Other,Small,2008-04-16 00:00:00,6000.0,10000.0,9000.0,17
Gujarat,Ahmedabad,Ahmedabad(Manekchowk),Apple,Other,Small,2008-05-03 00:00:00,4000.0,7000.0,6000.0,17
Gujarat,Ahmedabad,Ahmedabad(Manekchowk),Apple,Other,Small,2008-08-01 00:00:00,3000.0,7000.0,4500.0,17
Gujarat,Ahmedabad,Ahmedabad(Manekchowk),Apple,Other,Small,2008-08-22 00:00:00,5000.0,7000.0,6200.0,17
Gujarat,Ahmedabad,Ahmedabad(Manekchowk),Apple,Other,Small,2008-08-27 00:00:00,6000.0,7000.0,6700.0,17
Gujarat,Ahmedabad,Ahmedabad(Manekchowk),Apple,Other,Small,2008-08-30 00:00:00,5000.0,7000.0,6200.0,17
Gujarat,Ahmedabad,Ahmedabad(Manekchowk),Apple,Other,Small,2008-09-02 00:00:00,7000.0,8000.0,7500.0,17
Gujarat,Ahmedabad,Ahmedabad(Manekchowk),Apple,Other,Small,2008-09-16 00:00:00,6000.0,8000.0,7200.0,17
Gujarat,Ahmedabad,Ahmedabad(Manekchowk),Apple,Other,Small,2008-09-20 00:00:00,5000.0,6000.0,5700.0,17
Gujarat,Ahmedabad,Ahmedabad(Manekchowk),Apple,Other,Small,2008-09-22 00:00:00,5000.0,6000.0,5700.0,17
Gujarat,Ahmedabad,Ahmedabad(Manekchowk),Apple,Other,Small,2008-09-27 00:00:00,8000.0,10000.0,9200.0,17
Gujarat,Ahmedabad,Ahmedabad(Manekchowk),Apple,Other,Small,2008-10-01 00:00:00,7000.0,8000.0,7700.0,17
Gujarat,Banaskanth,Deesa(Deesa Veg Yard),Apple,Other,Medium,2008-01-31 00:00:00,1500.0,2500.0,2000.0,17
Gujarat,Banaskanth,Deesa(Deesa Veg Yard),Apple,Other,Medium,2008-02-09 00:00:00,1500.0,2000.0,1750.0,17
Gujarat,Banaskanth,Deesa(Deesa Veg Yard),Apple,Other,Medium,2008-03-25 00:00:00,2500.0,2900.0,2700.0,17
Gujarat,Banaskanth,Deesa(Deesa Veg Yard),Apple,Other,Medium,2008-03-27 00:00:00,2500.0,3000.0,2750.0,17
Gujarat,Banaskanth,Deesa(Deesa Veg Yard),Apple,Other,Medium,2008-04-11 00:00:00,3200.0,3700.0,3450.0,17
Gujarat,Banaskanth,Deesa(Deesa Veg Yard),Apple,Other,Medium,2008-04-16 00:00:00,3500.0,4000.0,3750.0,17
Gujarat,Banaskanth,Deesa(Deesa Veg Yard),Apple,Other,Medium,2008-04-21 00:00:00,4100.0,4600.0,4350.0,17
Gujarat,Banaskanth,Deesa(Deesa Veg Yard),Apple,Other,Medium,2008-06-11 00:00:00,6000.0,7500.0,6750.0,17
Gujarat,Banaskanth,Deesa(Deesa Veg Yard),Apple,Other,Medium,2008-06-30 00:00:00,8000.0,9500.0,8750.0,17
Gujarat,Banaskanth,Deesa(Deesa Veg Yard),Apple,Other,Medium,2008-07-11 00:00:00,7100.0,8600.0,7850.0,17
Gujarat,Banaskanth,Deesa(Deesa Veg Yard),Apple,Other,Medium,2008-07-31 00:00:00,4000.0,7000.0,5500.0,17
Gujarat,Banaskanth,Deesa(Deesa Veg Yard),Apple,Other,Medium,2008-08-01 00:00:00,3500.0,6500.0,5000.0,17
Gujarat,Banaskanth,Deesa(Deesa Veg Yard),Apple,Other,Medium,2008-08-02 00:00:00,3500.0,7000.0,5250.0,17
Gujarat,Banaskanth,Deesa(Deesa Veg Yard),Apple,Other,Medium,2008-08-09 00:00:00,3750.0,7000.0,5375.0,17
Gujarat,Banaskanth,Deesa(Deesa Veg Yard),Apple,Other,Medium,2008-08-26 00:00:00,4500.0,5000.0,4750.0,17
Gujarat,Banaskanth,Deesa(Deesa Veg Yard),Apple,Other,Medium,2008-09-09 00:00:00,4000.0,4500.0,4250.0,17
Gujarat,Banaskanth,Deesa(Deesa Veg Yard),Apple,Other,Medium,2008-09-10 00:00:00,4200.0,4700.0,4450.0,17
Gujarat,Banaskanth,Deesa(Deesa Veg Yard),Apple,Other,Medium,2008-09-13 00:00:00,3250.0,3750.0,3500.0,17
Gujarat,Banaskanth,Deesa(Deesa Veg Yard),Apple,Other,Medium,2008-09-17 00:00:00,2000.0,3500.0,2750.0,17
Gujarat,Banaskanth,Deesa(Deesa Veg Yard),Apple,Other,Medium,2008-09-19 00:00:00,1500.0,3500.0,2500.0,17
Gujarat,Banaskanth,Deesa(Deesa Veg Yard),Apple,Other,Medium,2008-10-08 00:00:00,3500.0,4000.0,3850.0,17
Gujarat,Banaskanth,Deesa(Deesa Veg Yard),Apple,Other,Medium,2008-10-15 00:00:00,2500.0,3000.0,2750.0,17
Gujarat,Banaskanth,Deesa(Deesa Veg Yard),Apple,Other,Medium,2008-10-17 00:00:00,2000.0,3000.0,2500.0,17
Gujarat,Banaskanth,Deesa(Deesa Veg Yard),Apple,Other,Medium,2008-10-20 00:00:00,2500.0,3000.0,2750.0,17
Gujarat,Banaskanth,Deesa(Deesa Veg Yard),Apple,Other,Medium,2008-10-21 00:00:00,2500.0,3000.0,2750.0,17
Gujarat,Banaskanth,Deesa(Deesa Veg Yard),Apple,Other,Medium,2008-10-25 00:00:00,2200.0,2700.0,2450.0,17
Gujarat,Banaskanth,Deesa(Deesa Veg Yard),Apple,Other,Medium,2008-10-31 00:00:00,2200.0,2700.0,2450.0,17
Gujarat,Banaskanth,Deesa(Deesa Veg Yard),Apple,Other,Medium,2008-11-03 00:00:00,1500.0,3000.0,2250.0,17
Gujarat,Banaskanth,Deesa(Deesa Veg Yard),Apple,Other,Medium,2008-11-07 00:00:00,2000.0,2500.0,2250.0,17
Gujarat,Banaskanth,Deesa(Deesa Veg Yard),Apple,Other,Medium,2008-11-11 00:00:00,2700.0,3200.0,2950.0,17
Gujarat,Banaskanth,Deesa(Deesa Veg Yard),Apple,Other,Medium,2008-12-05 00:00:00,3200.0,3500.0,3350.0,17
Gujarat,Banaskanth,Deesa(Deesa Veg Yard),Apple,Other,Medium,2008-12-23 00:00:00,3500.0,4000.0,3750.0,17
Gujarat,Banaskanth,Deesa(Deesa Veg Yard),Apple,Other,Medium,2008-12-26 00:00:00,3000.0,3200.0,3100.0,17
Gujarat,Bharuch,Bharuch,Apple,Other,FAQ,2008-01-05 00:00:00,2000.0,3000.0,2500.0,17
Gujarat,Bharuch,Bharuch,Apple,Other,FAQ,2008-01-11 00:00:00,2000.0,4000.0,3000.0,17
Gujarat,Bharuch,Bharuch,Apple,Other,FAQ,2008-01-14 00:00:00,2000.0,4000.0,3000.0,17
Gujarat,Bharuch,Bharuch,Apple,Other,FAQ,2008-01-17 00:00:00,2000.0,4000.0,3000.0,17
Gujarat,Bharuch,Bharuch,Apple,Other,FAQ,2008-01-18 00:00:00,2000.0,4000.0,3000.0,17
Gujarat,Bharuch,Bharuch,Apple,Other,FAQ,2008-02-07 00:00:00,2000.0,4000.0,3000.0,17
Gujarat,Bharuch,Bharuch,Apple,Other,FAQ,2008-02-17 00:00:00,2000.0,3000.0,2500.0,17
Gujarat,Bharuch,Bharuch,Apple,Other,FAQ,2008-02-18 00:00:00,2000.0,3000.0,2500.0,17
Gujarat,Bharuch,Bharuch,Apple,Other,FAQ,2008-02-20 00:00:00,2000.0,3000.0,2500.0,17
Gujarat,Bharuch,Bharuch,Apple,Other,FAQ,2008-02-21 00:00:00,2000.0,3000.0,2500.0,17
Gujarat,Bharuch,Bharuch,Apple,Other,FAQ,2008-02-27 00:00:00,2000.0,3000.0,2500.0,17
Gujarat,Bharuch,Bharuch,Apple,Other,Medium,2008-07-18 00:00:00,2000.0,3000.0,2500.0,17
Gujarat,Bharuch,Bharuch,Apple,Other,Medium,2008-07-20 00:00:00,2000.0,3000.0,2500.0,17
Gujarat,Bharuch,Bharuch,Apple,Other,Medium,2008-08-02 00:00:00,2000.0,3000.0,2500.0,17
Gujarat,Bharuch,Bharuch,Apple,Other,Medium,2008-08-13 00:00:00,2000.0,3000.0,2500.0,17
Gujarat,Bharuch,Bharuch,Apple,Other,Medium,2008-08-20 00:00:00,2000.0,3000.0,2500.0,17
Gujarat,Bharuch,Bharuch,Apple,Other,Medium,2008-08-22 00:00:00,2000.0,3000.0,2500.0,17
Gujarat,Bharuch,Bharuch,Apple,Other,Medium,2008-08-30 00:00:00,2000.0,3000.0,2500.0,17
Gujarat,Bharuch,Bharuch,Apple,Other,Medium,2008-09-03 00:00:00,2000.0,3000.0,2500.0,17
Gujarat,Bharuch,Bharuch,Apple,Other,Medium,2008-09-10 00:00:00,2000.0,3000.0,2500.0,17
Gujarat,Bharuch,Bharuch,Apple,Other,Medium,2008-11-21 00:00:00,3000.0,4000.0,3500.0,17
Gujarat,Junagarh,Junagadh,Apple,Apple,Medium,2008-09-17 00:00:00,1750.0,3000.0,2500.0,17
Gujarat,Junagarh,Junagadh,Apple,Apple,Medium,2008-09-18 00:00:00,2000.0,3250.0,3000.0,17
Gujarat,Junagarh,Junagadh,Apple,Apple,Medium,2008-09-22 00:00:00,2500.0,3500.0,3000.0,17
Gujarat,Junagarh,Junagadh,Apple,Apple,Medium,2008-10-03 00:00:00,2500.0,3500.0,3000.0,17
Gujarat,Junagarh,Junagadh,Apple,Apple,Medium,2008-12-08 00:00:00,2900.0,3900.0,3700.0,17
Gujarat,Rajkot,Gondal,Apple,Apple,Small,2008-08-25 00:00:00,2500.0,3500.0,3000.0,17
Gujarat,Rajkot,Gondal,Apple,Apple,Medium,2008-09-08 00:00:00,2500.0,3500.0,3000.0,17
Gujarat,Rajkot,Gondal,Apple,Apple,Medium,2008-09-14 00:00:00,2500.0,3300.0,3000.0,17
Gujarat,Rajkot,Gondal,Apple,Apple,Medium,2008-09-18 00:00:00,2500.0,3500.0,3000.0,17
Gujarat,Rajkot,Gondal,Apple,Apple,Medium,2008-09-20 00:00:00,2500.0,3800.0,3000.0,17
Gujarat,Rajkot,Gondal,Apple,Apple,Medium,2008-09-22 00:00:00,2500.0,3400.0,3000.0,17
Gujarat,Rajkot,Gondal,Apple,Apple,Medium,2008-10-01 00:00:00,3000.0,3500.0,3250.0,17
Gujarat,Rajkot,Gondal,Apple,Apple,Medium,2008-10-04 00:00:00,2500.0,3100.0,2800.0,17
Gujarat,Rajkot,Gondal,Apple,Apple,Medium,2008-10-22 00:00:00,2800.0,3500.0,3100.0,17
Gujarat,Rajkot,Gondal,Apple,Apple,Medium,2008-10-26 00:00:00,2750.0,3000.0,2850.0,17
Gujarat,Rajkot,Gondal,Apple,Apple,Medium,2008-10-28 00:00:00,2750.0,3300.0,3000.0,17
Gujarat,Rajkot,Gondal,Apple,Apple,Medium,2008-10-29 00:00:00,2500.0,3250.0,2900.0,17
Gujarat,Rajkot,Gondal,Apple,Apple,Medium,2008-10-30 00:00:00,2750.0,3000.0,2850.0,17
Gujarat,Rajkot,Gondal,Apple,Apple,Medium,2008-11-05 00:00:00,3000.0,4000.0,3500.0,17
Gujarat,Rajkot,Gondal,Apple,Apple,Medium,2008-11-07 00:00:00,3500.0,4200.0,3850.0,17
Gujarat,Rajkot,Gondal,Apple,Apple,Medium,2008-11-09 00:00:00,3000.0,4000.0,3500.0,17
Gujarat,Rajkot,Gondal,Apple,Apple,Medium,2008-11-10 00:00:00,3500.0,4000.0,3750.0,17
Gujarat,Rajkot,Gondal,Apple,Apple,Medium,2008-11-20 00:00:00,2500.0,4000.0,3250.0,17
Gujarat,Rajkot,Gondal,Apple,Apple,Medium,2008-12-03 00:00:00,3500.0,4400.0,4000.0,17
Gujarat,Rajkot,Gondal,Apple,Apple,Medium,2008-12-06 00:00:00,3500.0,4500.0,4000.0,17
Gujarat,Rajkot,Gondal,Apple,Apple,Medium,2008-12-07 00:00:00,3200.0,4500.0,4000.0,17
Gujarat,Rajkot,Gondal,Apple,Apple,Medium,2008-12-15 00:00:00,3500.0,4000.0,3750.0,17
Gujarat,Rajkot,Gondal,Apple,Apple,Medium,2008-12-20 00:00:00,4300.0,5000.0,4600.0,17
Gujarat,Rajkot,Gondal,Apple,Apple,Medium,2008-12-28 00:00:00,4300.0,5000.0,4600.0,17
Gujarat,Vadodara(Baroda),Vadodara,Apple,Other,Medium,2008-01-02 00:00:00,1600.0,3500.0,2300.0,17
Gujarat,Vadodara(Baroda),Vadodara,Apple,Other,Medium,2008-01-04 00:00:00,1700.0,3500.0,2350.0,17
Gujarat,Vadodara(Baroda),Vadodara,Apple,Other,Medium,2008-01-06 00:00:00,1700.0,3500.0,2350.0,17
Gujarat,Vadodara(Baroda),Vadodara,Apple,Other,Medium,2008-01-07 00:00:00,1700.0,3500.0,2350.0,17
Gujarat,Vadodara(Baroda),Vadodara,Apple,Other,Medium,2008-01-09 00:00:00,1500.0,3500.0,2200.0,17
Gujarat,Vadodara(Baroda),Vadodara,Apple,Other,Medium,2008-01-13 00:00:00,1500.0,3500.0,2200.0,17
Gujarat,Vadodara(Baroda),Vadodara,Apple,Other,Medium,2008-01-26 00:00:00,1800.0,3300.0,2300.0,17
Gujarat,Vadodara(Baroda),Vadodara(Navapura),Apple,Other,Medium,2008-03-23 00:00:00,1700.0,3400.0,2300.0,17
Gujarat,Vadodara(Baroda),Vadodara(Navapura),Apple,Other,Medium,2008-04-01 00:00:00,1700.0,3400.0,2300.0,17
Gujarat,Vadodara(Baroda),Vadodara(Navapura),Apple,Other,Medium,2008-04-12 00:00:00,3500.0,5500.0,4500.0,17
Gujarat,Vadodara(Baroda),Vadodara(Navapura),Apple,Other,Medium,2008-05-01 00:00:00,4000.0,6000.0,5000.0,17
Gujarat,Vadodara(Baroda),Vadodara(Navapura),Apple,Other,Medium,2008-05-08 00:00:00,4000.0,5500.0,4650.0,17
Gujarat,Vadodara(Baroda),Vadodara(Navapura),Apple,Other,Medium,2008-06-17 00:00:00,4000.0,6000.0,5000.0,17
Gujarat,Vadodara(Baroda),Vadodara(Navapura),Apple,Other,Medium,2008-06-18 00:00:00,4000.0,6000.0,5000.0,17
Gujarat,Vadodara(Baroda),Vadodara(Navapura),Apple,Other,Medium,2008-06-29 00:00:00,5000.0,6000.0,5500.0,17
Gujarat,Vadodara(Baroda),Vadodara(Navapura),Apple,Other,Medium,2008-07-12 00:00:00,4000.0,5500.0,5000.0,17
Gujarat,Vadodara(Baroda),Vadodara(Navapura),Apple,Other,Medium,2008-07-14 00:00:00,3500.0,5500.0,4500.0,17
Gujarat,Vadodara(Baroda),Vadodara(Navapura),Apple,Other,Medium,2008-07-15 00:00:00,3500.0,5500.0,4500.0,17
Gujarat,Vadodara(Baroda),Vadodara(Navapura),Apple,Other,Medium,2008-07-21 00:00:00,3200.0,5000.0,4100.0,17
Gujarat,Vadodara(Baroda),Vadodara(Navapura),Apple,Other,Medium,2008-07-25 00:00:00,3200.0,5000.0,4100.0,17
Gujarat,Vadodara(Baroda),Vadodara(Navapura),Apple,Other,Medium,2008-08-15 00:00:00,2250.0,4550.0,3150.0,17
Gujarat,Vadodara(Baroda),Vadodara(Navapura),Apple,Other,Medium,2008-08-26 00:00:00,2000.0,4550.0,3150.0,17
Gujarat,Vadodara(Baroda),Vadodara(Navapura),Apple,Other,Medium,2008-08-28 00:00:00,2000.0,4550.0,3150.0,17
Gujarat,Vadodara(Baroda),Vadodara(Navapura),Apple,Other,Medium,2008-09-04 00:00:00,2000.0,4550.0,3150.0,17
Gujarat,Vadodara(Baroda),Vadodara(Navapura),Apple,Other,Medium,2008-09-17 00:00:00,1900.0,4250.0,3050.0,17
Gujarat,Vadodara(Baroda),Vadodara(Navapura),Apple,Other,Medium,2008-09-27 00:00:00,1800.0,4350.0,3050.0,17
Gujarat,Vadodara(Baroda),Vadodara(Navapura),Apple,Other,Medium,2008-09-29 00:00:00,1800.0,4250.0,3050.0,17
Gujarat,Vadodara(Baroda),Vadodara(Navapura),Apple,Other,Medium,2008-10-06 00:00:00,1800.0,4250.0,3050.0,17
Gujarat,Vadodara(Baroda),Vadodara(Navapura),Apple,Other,Medium,2008-10-09 00:00:00,1700.0,4100.0,3000.0,17
Gujarat,Vadodara(Baroda),Vadodara(Navapura),Apple,Other,Medium,2008-10-12 00:00:00,1700.0,4100.0,3000.0,17
Gujarat,Vadodara(Baroda),Vadodara(Navapura),Apple,Other,Medium,2008-10-23 00:00:00,1500.0,3800.0,2700.0,17
Gujarat,Vadodara(Baroda),Vadodara(Navapura),Apple,Other,Medium,2008-10-27 00:00:00,1500.0,3800.0,2700.0,17
Gujarat,Vadodara(Baroda),Vadodara(Navapura),Apple,Other,Medium,2008-11-01 00:00:00,1500.0,3800.0,2700.0,17
Gujarat,Vadodara(Baroda),Vadodara(Navapura),Apple,Other,Medium,2008-11-02 00:00:00,1500.0,3800.0,2700.0,17
Gujarat,Vadodara(Baroda),Vadodara(Navapura),Apple,Other,Medium,2008-11-13 00:00:00,1500.0,3800.0,2700.0,17
Gujarat,Vadodara(Baroda),Vadodara(Navapura),Apple,Other,Medium,2008-11-19 00:00:00,1500.0,3800.0,2700.0,17
Gujarat,Vadodara(Baroda),Vadodara(Navapura),Apple,Other,Medium,2008-11-20 00:00:00,1500.0,3800.0,2700.0,17
Gujarat,Vadodara(Baroda),Vadodara(Navapura),Apple,Other,Medium,2008-11-27 00:00:00,1500.0,3800.0,2700.0,17
Gujarat,Vadodara(Baroda),Vadodara(Navapura),Apple,Other,Medium,2008-11-29 00:00:00,1500.0,3800.0,2700.0,17
Gujarat,Vadodara(Baroda),Vadodara(Navapura),Apple,Other,Medium,2008-11-30 00:00:00,1500.0,3800.0,2700.0,17
Gujarat,Vadodara(Baroda),Vadodara(Navapura),Apple,Other,Medium,2008-12-16 00:00:00,1500.0,3800.0,2700.0,17
Gujarat,Vadodara(Baroda),Vadodara(Navapura),Apple,Other,Medium,2008-12-25 00:00:00,1500.0,3800.0,2700.0,17
Gujarat,Vadodara(Baroda),Vadodara(Navapura),Apple,Other,Medium,2008-12-30 00:00:00,1500.0,3800.0,2700.0,17
Gujarat,Bharuch,Bharuch,Apple,Apple,Medium,2025-01-23 00:00:00,4000.0,7000.0,5000.0,17
Gujarat,Porbandar,Porbandar,Apple,Apple,Large,2025-01-09 00:00:00,10000.0,12000.0,11000.0,17
Gujarat,Porbandar,Porbandar,Apple,Apple,Large,2025-01-27 00:00:00,10000.0,12000.0,11000.0,17
Gujarat,Porbandar,Porbandar,Apple,Apple,Large,2025-01-30 00:00:00,10000.0,12000.0,11000.0,17
Gujarat,Porbandar,Porbandar,Apple,Delicious,Large,2025-01-20 00:00:00,8000.0,12000.0,10000.0,17
Gujarat,Rajkot,Gondal(Veg.market Gondal),Apple,Apple,Medium,2025-01-09 00:00:00,8000.0,13500.0,10750.0,17
Gujarat,Rajkot,Gondal(Veg.market Gondal),Apple,Apple,Medium,2025-01-11 00:00:00,8000.0,15000.0,11500.0,17
Gujarat,Rajkot,Gondal(Veg.market Gondal),Apple,Apple,Medium,2025-01-20 00:00:00,9000.0,13000.0,11000.0,17
Gujarat,Rajkot,Gondal(Veg.market Gondal),Apple,Apple,Medium,2025-01-23 00:00:00,8000.0,14000.0,11000.0,17
Gujarat,Rajkot,Gondal(Veg.market Gondal),Apple,Apple,Medium,2025-01-24 00:00:00,7000.0,13000.0,10000.0,17
Gujarat,Surendranagar,Vadhvan,Apple,Apple,Medium,2025-01-01 00:00:00,10000.0,11000.0,10500.0,17
Gujarat,Surendranagar,Vadhvan,Apple,Apple,Medium,2025-01-07 00:00:00,10000.0,11500.0,10750.0,17
Gujarat,Surendranagar,Vadhvan,Apple,Apple,Medium,2025-01-23 00:00:00,10000.0,12500.0,11250.0,17
Gujarat,Surendranagar,Vadhvan,Apple,Apple,Medium,2025-01-24 00:00:00,10000.0,12500.0,11250.0,17
Gujarat,Surendranagar,Vadhvan,Apple,Apple,Medium,2025-01-31 00:00:00,10000.0,13500.0,11750.0,17
Gujarat,Bharuch,Bharuch,Apple,Apple,Medium,2024-12-24 00:00:00,4000.0,6000.0,5000.0,17
Gujarat,Porbandar,Porbandar,Apple,Apple,Large,2024-12-06 00:00:00,5000.0,8000.0,6500.0,17
Gujarat,Porbandar,Porbandar,Apple,Apple,Large,2024-12-12 00:00:00,5000.0,10000.0,7500.0,17
Gujarat,Porbandar,Porbandar,Apple,Apple,Large,2024-12-17 00:00:00,8000.0,10000.0,9000.0,17
Gujarat,Porbandar,Porbandar,Apple,Apple,Large,2024-12-20 00:00:00,8000.0,10000.0,9000.0,17
Gujarat,Porbandar,Porbandar,Apple,Apple,Large,2024-12-25 00:00:00,8000.0,12000.0,10000.0,17
Gujarat,Porbandar,Porbandar,Apple,Apple,Large,2024-12-27 00:00:00,8000.0,12000.0,10000.0,17
Gujarat,Porbandar,Porbandar,Apple,Apple,Large,2024-12-28 00:00:00,8000.0,12000.0,10000.0,17
Gujarat,Rajkot,Gondal(Veg.market Gondal),Apple,Apple,Medium,2024-12-02 00:00:00,5000.0,12000.0,8500.0,17
Gujarat,Rajkot,Gondal(Veg.market Gondal),Apple,Apple,Medium,2024-12-10 00:00:00,6000.0,10000.0,8000.0,17
Gujarat,Rajkot,Gondal(Veg.market Gondal),Apple,Apple,Medium,2024-12-16 00:00:00,6000.0,10000.0,8000.0,17
Gujarat,Rajkot,Gondal(Veg.market Gondal),Apple,Apple,Medium,2024-12-17 00:00:00,7000.0,11000.0,9000.0,17
Gujarat,Surendranagar,Vadhvan,Apple,Apple,Medium,2024-12-09 00:00:00,10000.0,10500.0,10250.0,17
Gujarat,Surendranagar,Vadhvan,Apple,Apple,Medium,2024-12-18 00:00:00,10000.0,10500.0,10250.0,17
Gujarat,Surendranagar,Vadhvan,Apple,Apple,Medium,2024-12-26 00:00:00,10000.0,11000.0,10500.0,17
Gujarat,Porbandar,Porbandar,Apple,Apple,Large,2025-02-01 00:00:00,10000.0,12000.0,11000.0,17
Gujarat,Porbandar,Porbandar,Apple,Apple,Large,2025-02-06 00:00:00,10000.0,12000.0,11000.0,17
Gujarat,Porbandar,Porbandar,Apple,Apple,Large,2025-02-11 00:00:00,10000.0,15000.0,12500.0,17
Gujarat,Porbandar,Porbandar,Apple,Apple,Large,2025-02-17 00:00:00,10000.0,15000.0,12500.0,17
Gujarat,Rajkot,Gondal(Veg.market Gondal),Apple,Apple,Medium,2025-02-02 00:00:00,8000.0,14000.0,11000.0,17
Gujarat,Rajkot,Gondal(Veg.market Gondal),Apple,Apple,Medium,2025-02-10 00:00:00,8000.0,12500.0,10250.0,17
Gujarat,Rajkot,Gondal(Veg.market Gondal),Apple,Apple,Medium,2025-02-13 00:00:00,7500.0,15000.0,11250.0,17
Gujarat,Rajkot,Gondal(Veg.market Gondal),Apple,Apple,Medium,2025-02-25 00:00:00,7000.0,13000.0,10000.0,17
Gujarat,Porbandar,Porbandar,Apple,Apple,Large,2022-10-07 00:00:00,4000.0,7000.0,5500.0,17
Gujarat,Porbandar,Porbandar,Apple,Apple,Large,2022-10-13 00:00:00,5000.0,7000.0,6000.0,17
Gujarat,Porbandar,Porbandar,Apple,Apple,Large,2022-10-21 00:00:00,5000.0,6000.0,5500.0,17
Gujarat,Porbandar,Porbandar,Apple,Apple,Large,2022-11-03 00:00:00,4000.0,6000.0,5000.0,17
Gujarat,Porbandar,Porbandar,Apple,Apple,Large,2022-11-17 00:00:00,4000.0,5000.0,4500.0,17
Gujarat,Porbandar,Porbandar,Apple,Apple,Large,2022-11-18 00:00:00,4000.0,5000.0,4500.0,17
Gujarat,Porbandar,Porbandar,Apple,Apple,Large,2022-11-19 00:00:00,4000.0,5000.0,4500.0,17
Gujarat,Porbandar,Porbandar,Apple,Apple,Large,2022-11-22 00:00:00,3500.0,5500.0,4500.0,17
Gujarat,Rajkot,Gondal(Veg.market Gondal),Apple,Apple,Medium,2022-01-03 00:00:00,7000.0,9000.0,8000.0,17
Gujarat,Rajkot,Gondal(Veg.market Gondal),Apple,Apple,Medium,2022-01-08 00:00:00,6000.0,8000.0,7000.0,17
Gujarat,Rajkot,Gondal(Veg.market Gondal),Apple,Apple,Medium,2022-01-10 00:00:00,2500.0,7500.0,5000.0,17
Gujarat,Rajkot,Gondal(Veg.market Gondal),Apple,Apple,Medium,2022-01-18 00:00:00,4000.0,7500.0,5750.0,17
Gujarat,Rajkot,Gondal(Veg.market Gondal),Apple,Apple,Medium,2022-01-20 00:00:00,4000.0,15000.0,9500.0,17
Gujarat,Rajkot,Gondal(Veg.market Gondal),Apple,Apple,Medium,2022-01-22 00:00:00,2500.0,7500.0,5000.0,17
Gujarat,Rajkot,Gondal(Veg.market Gondal),Apple,Apple,Medium,2022-01-25 00:00:00,4000.0,9000.0,6500.0,17
Gujarat,Rajkot,Gondal(Veg.market Gondal),Apple,Apple,Medium,2022-01-30 00:00:00,5000.0,8000.0,6500.0,17
Gujarat,Rajkot,Gondal(Veg.market Gondal),Apple,Apple,Medium,2022-02-01 00:00:00,5000.0,8000.0,6500.0,17
Gujarat,Surendranagar,Vadhvan,Apple,Apple,Medium,2022-10-01 00:00:00,5000.0,10000.0,7500.0,17
Gujarat,Surendranagar,Vadhvan,Apple,Apple,Medium,2022-10-22 00:00:00,6000.0,8000.0,7000.0,17
Gujarat,Surendranagar,Vadhvan,Apple,Apple,Medium,2022-11-05 00:00:00,5000.0,9000.0,7000.0,17
Gujarat,Surendranagar,Vadhvan,Apple,Apple,Medium,2022-11-09 00:00:00,5000.0,8000.0,6500.0,17
Gujarat,Surendranagar,Vadhvan,Apple,Apple,Medium,2022-11-14 00:00:00,5000.0,7500.0,6250.0,17
Gujarat,Banaskanth,Deesa(Deesa Veg Yard),Apple,Other,Medium,2022-01-07 00:00:00,6000.0,7200.0,6600.0,17
Gujarat,Banaskanth,Deesa(Deesa Veg Yard),Apple,Other,Medium,2022-01-10 00:00:00,6000.0,7100.0,6550.0,17
Gujarat,Banaskanth,Deesa(Deesa Veg Yard),Apple,Other,Medium,2022-01-20 00:00:00,4000.0,7250.0,5625.0,17
Gujarat,Banaskanth,Deesa(Deesa Veg Yard),Apple,Other,Medium,2022-02-15 00:00:00,6000.0,8000.0,7000.0,17
Gujarat,Banaskanth,Deesa(Deesa Veg Yard),Apple,Other,Medium,2022-02-21 00:00:00,6000.0,8200.0,7100.0,17
Gujarat,Banaskanth,Deesa(Deesa Veg Yard),Apple,Other,Medium,2022-03-08 00:00:00,7000.0,15000.0,11000.0,17
Gujarat,Banaskanth,Deesa(Deesa Veg Yard),Apple,Other,Medium,2022-03-22 00:00:00,5000.0,14150.0,9575.0,17
Gujarat,Banaskanth,Deesa(Deesa Veg Yard),Apple,Other,Medium,2022-03-30 00:00:00,4000.0,12250.0,8125.0,17
Gujarat,Banaskanth,Deesa(Deesa Veg Yard),Apple,Other,Medium,2022-03-31 00:00:00,4000.0,12300.0,8150.0,17
Gujarat,Banaskanth,Deesa(Deesa Veg Yard),Apple,Other,Medium,2022-04-27 00:00:00,10000.0,13900.0,11950.0,17
Gujarat,Banaskanth,Deesa(Deesa Veg Yard),Apple,Other,Medium,2022-06-06 00:00:00,7000.0,10000.0,8500.0,17
Gujarat,Banaskanth,Deesa(Deesa Veg Yard),Apple,Other,Medium,2022-06-08 00:00:00,7000.0,10150.0,8575.0,17
Gujarat,Banaskanth,Deesa(Deesa Veg Yard),Apple,Other,Medium,2022-06-11 00:00:00,7000.0,10300.0,8650.0,17
Gujarat,Banaskanth,Deesa(Deesa Veg Yard),Apple,Other,Medium,2022-06-14 00:00:00,7000.0,10400.0,8700.0,17
Gujarat,Banaskanth,Deesa(Deesa Veg Yard),Apple,Other,Medium,2022-06-21 00:00:00,7000.0,10200.0,8600.0,17
Gujarat,Banaskanth,Deesa(Deesa Veg Yard),Apple,Other,Medium,2022-07-04 00:00:00,7000.0,10400.0,8700.0,17
Gujarat,Banaskanth,Deesa(Deesa Veg Yard),Apple,Other,Medium,2022-07-11 00:00:00,7000.0,10250.0,8625.0,17
Gujarat,Banaskanth,Deesa(Deesa Veg Yard),Apple,Other,Medium,2022-07-14 00:00:00,10000.0,15100.0,12550.0,17
Gujarat,Banaskanth,Deesa(Deesa Veg Yard),Apple,Other,Medium,2022-07-15 00:00:00,10000.0,15250.0,12625.0,17
Gujarat,Banaskanth,Deesa(Deesa Veg Yard),Apple,Other,Medium,2022-07-16 00:00:00,11000.0,16000.0,13500.0,17
Gujarat,Banaskanth,Deesa(Deesa Veg Yard),Apple,Other,Medium,2022-07-25 00:00:00,8000.0,13250.0,10625.0,17
Gujarat,Banaskanth,Deesa(Deesa Veg Yard),Apple,Other,Medium,2022-08-02 00:00:00,7000.0,10600.0,8800.0,17
Gujarat,Banaskanth,Deesa(Deesa Veg Yard),Apple,Other,Medium,2022-08-08 00:00:00,8000.0,11250.0,9625.0,17
Gujarat,Banaskanth,Deesa(Deesa Veg Yard),Apple,Other,Medium,2022-08-29 00:00:00,5000.0,10150.0,7575.0,17
Gujarat,Banaskanth,Deesa(Deesa Veg Yard),Apple,Other,Medium,2022-09-13 00:00:00,5500.0,8250.0,6875.0,17
Gujarat,Banaskanth,Deesa(Deesa Veg Yard),Apple,Other,Medium,2022-09-16 00:00:00,5500.0,8100.0,6800.0,17
Gujarat,Banaskanth,Deesa(Deesa Veg Yard),Apple,Other,Medium,2022-09-30 00:00:00,5000.0,8150.0,6575.0,17
Gujarat,Banaskanth,Deesa(Deesa Veg Yard),Apple,Other,Medium,2022-10-08 00:00:00,5000.0,8200.0,6600.0,17
Gujarat,Banaskanth,Deesa(Deesa Veg Yard),Apple,Other,Medium,2022-10-19 00:00:00,4500.0,7200.0,5850.0,17
Gujarat,Banaskanth,Deesa(Deesa Veg Yard),Apple,Other,Medium,2022-11-05 00:00:00,3500.0,7200.0,5350.0,17
Gujarat,Banaskanth,Deesa(Deesa Veg Yard),Apple,Other,Medium,2022-11-28 00:00:00,3000.0,6100.0,4550.0,17
Gujarat,Banaskanth,Deesa(Deesa Veg Yard),Apple,Other,Medium,2022-12-01 00:00:00,4000.0,6000.0,5000.0,17
Gujarat,Banaskanth,Deesa(Deesa Veg Yard),Apple,Other,Medium,2022-12-02 00:00:00,4000.0,6150.0,5075.0,17
Gujarat,Banaskanth,Deesa(Deesa Veg Yard),Apple,Other,Medium,2022-12-06 00:00:00,4000.0,6250.0,5125.0,17
Gujarat,Banaskanth,Deesa(Deesa Veg Yard),Apple,Other,Medium,2022-12-15 00:00:00,4000.0,6000.0,5000.0,17
Gujarat,Banaskanth,Deesa(Deesa Veg Yard),Apple,Other,Medium,2022-12-23 00:00:00,4000.0,6100.0,5050.0,17
Gujarat,Banaskanth,Deesa(Deesa Veg Yard),Apple,Other,Medium,2022-12-31 00:00:00,3500.0,5500.0,4500.0,17
Gujarat,Porbandar,Porbandar,Apple,Apple,Large,2022-04-06 00:00:00,6000.0,10000.0,8000.0,17
Gujarat,Porbandar,Porbandar,Apple,Apple,Large,2022-04-07 00:00:00,6000.0,10000.0,8000.0,17
Gujarat,Porbandar,Porbandar,Apple,Apple,Large,2022-04-08 00:00:00,6000.0,10000.0,8000.0,17
Gujarat,Porbandar,Porbandar,Apple,Apple,Large,2022-04-25 00:00:00,6000.0,8000.0,7000.0,17
Gujarat,Porbandar,Porbandar,Apple,Apple,Large,2022-05-13 00:00:00,6000.0,8000.0,7000.0,17
Gujarat,Porbandar,Porbandar,Apple,Apple,Large,2022-05-17 00:00:00,6000.0,8000.0,7000.0,17
Gujarat,Porbandar,Porbandar,Apple,Apple,Large,2022-05-31 00:00:00,6000.0,8000.0,7000.0,17
Gujarat,Porbandar,Porbandar,Apple,Apple,Large,2022-06-01 00:00:00,6000.0,8000.0,7000.0,17
Gujarat,Porbandar,Porbandar,Apple,Apple,Large,2022-06-18 00:00:00,6000.0,8000.0,7000.0,17
Gujarat,Porbandar,Porbandar,Apple,Apple,Large,2022-06-23 00:00:00,6000.0,8000.0,7000.0,17
Gujarat,Porbandar,Porbandar,Apple,Apple,Large,2022-06-24 00:00:00,6000.0,7000.0,6000.0,17
Gujarat,Porbandar,Porbandar,Apple,Apple,Large,2022-06-27 00:00:00,6000.0,8000.0,7000.0,17
Gujarat,Porbandar,Porbandar,Apple,Apple,Large,2022-07-14 00:00:00,10000.0,15000.0,12500.0,17
Gujarat,Porbandar,Porbandar,Apple,Apple,Large,2022-07-18 00:00:00,10000.0,15000.0,12500.0,17
Gujarat,Porbandar,Porbandar,Apple,Apple,Large,2022-07-26 00:00:00,7500.0,15000.0,11250.0,17
Gujarat,Porbandar,Porbandar,Apple,Apple,Large,2022-08-02 00:00:00,7500.0,15000.0,11250.0,17
Gujarat,Porbandar,Porbandar,Apple,Apple,Large,2022-08-03 00:00:00,7500.0,15000.0,11250.0,17
Gujarat,Porbandar,Porbandar,Apple,Apple,Large,2022-08-24 00:00:00,6000.0,9000.0,7000.0,17
Gujarat,Porbandar,Porbandar,Apple,Apple,Large,2022-08-26 00:00:00,6000.0,9000.0,7000.0,17
Gujarat,Porbandar,Porbandar,Apple,Apple,Large,2022-09-17 00:00:00,5000.0,8000.0,6000.0,17
Gujarat,Porbandar,Porbandar,Apple,Apple,Large,2025-02-04 00:00:00,10000.0,12000.0,11000.0,17
Gujarat,Rajkot,Gondal(Veg.market Gondal),Apple,Apple,Medium,2025-02-03 00:00:00,4000.0,15000.0,9500.0,17
Gujarat,Rajkot,Gondal(Veg.market Gondal),Apple,Apple,Medium,2025-02-18 00:00:00,8000.0,17000.0,12500.0,17
Gujarat,Rajkot,Gondal(Veg.market Gondal),Apple,Apple,Medium,2025-02-24 00:00:00,6250.0,14000.0,10125.0,17
Gujarat,Surendranagar,Vadhvan,Apple,Apple,Medium,2025-02-10 00:00:00,15000.0,16000.0,15500.0,17
Gujarat,Surendranagar,Vadhvan,Apple,Apple,Medium,2025-02-20 00:00:00,15000.0,17500.0,16250.0,17
Gujarat,Bharuch,Bharuch,Apple,Apple,Medium,2024-10-20 00:00:00,4000.0,6500.0,6000.0,17
Gujarat,Bharuch,Bharuch,Apple,Apple,Medium,2024-10-14 00:00:00,5000.0,7000.0,6000.0,17
Gujarat,Bharuch,Bharuch,Apple,Apple,Medium,2024-10-12 00:00:00,5000.0,7000.0,6000.0,17
Gujarat,Bharuch,Bharuch,Apple,Apple,Medium,2024-10-28 00:00:00,4000.0,6500.0,5000.0,17
Gujarat,Rajkot,Gondal(Veg.market Gondal),Apple,Apple,Medium,2024-10-13 00:00:00,4000.0,8500.0,6250.0,17
Gujarat,Bharuch,Bharuch,Apple,Apple,Medium,2024-10-05 00:00:00,4000.0,6000.0,5000.0,17
Gujarat,Bharuch,Bharuch,Apple,Apple,Medium,2024-10-07 00:00:00,3000.0,6000.0,4000.0,17
Gujarat,Surendranagar,Vadhvan,Apple,Apple,Medium,2024-10-23 00:00:00,10000.0,10500.0,10250.0,17
Gujarat,Rajkot,Gondal(Veg.market Gondal),Apple,Apple,Medium,2024-10-03 00:00:00,4000.0,8500.0,6250.0,17
Gujarat,Bharuch,Bharuch,Apple,Apple,Medium,2024-10-22 00:00:00,4000.0,7000.0,6000.0,17
Gujarat,Rajkot,Gondal(Veg.market Gondal),Apple,Apple,Medium,2024-10-07 00:00:00,3000.0,8000.0,5500.0,17
Gujarat,Rajkot,Gondal(Veg.market Gondal),Apple,Apple,Medium,2024-10-18 00:00:00,4000.0,7500.0,5750.0,17
Gujarat,Bharuch,Bharuch,Apple,Apple,Medium,2024-10-11 00:00:00,5000.0,7000.0,6000.0,17
Gujarat,Porbandar,Porbandar,Apple,Apple,Large,2024-10-04 00:00:00,5000.0,9000.0,7000.0,17
Gujarat,Porbandar,Porbandar,Apple,Apple,Large,2024-10-30 00:00:00,5000.0,8000.0,6500.0,17
Gujarat,Rajkot,Gondal(Veg.market Gondal),Apple,Apple,Medium,2024-10-17 00:00:00,3000.0,8000.0,5500.0,17
Gujarat,Porbandar,Porbandar,Apple,Apple,Large,2024-10-17 00:00:00,5000.0,8000.0,6500.0,17
Gujarat,Porbandar,Porbandar,Apple,Apple,Large,2024-10-03 00:00:00,5000.0,9000.0,7000.0,17
Gujarat,Surendranagar,Vadhvan,Apple,Apple,Medium,2024-10-11 00:00:00,7000.0,7500.0,7250.0,17
Gujarat,Porbandar,Porbandar,Apple,Apple,Large,2025-03-06 00:00:00,8000.0,12000.0,10000.0,17
Gujarat,Rajkot,Gondal(Veg.market Gondal),Apple,Apple,Medium,2025-03-09 00:00:00,7000.0,13000.0,10000.0,17
Gujarat,Rajkot,Gondal(Veg.market Gondal),Apple,Apple,Medium,2025-03-13 00:00:00,7500.0,14000.0,10750.0,17
Gujarat,Rajkot,Gondal(Veg.market Gondal),Apple,Apple,Medium,2025-03-16 00:00:00,7500.0,13000.0,10250.0,17
Gujarat,Bharuch,Bharuch,Apple,Apple,Medium,2025-03-24 00:00:00,5000.0,7000.0,6000.0,17
Gujarat,Porbandar,Porbandar,Apple,Apple,Large,2025-03-12 00:00:00,9000.0,13000.0,11000.0,17
Gujarat,Porbandar,Porbandar,Apple,Apple,Large,2025-03-24 00:00:00,8000.0,12000.0,10000.0,17
Gujarat,Rajkot,Gondal(Veg.market Gondal),Apple,Apple,Medium,2025-03-05 00:00:00,6500.0,14500.0,10500.0,17
Gujarat,Rajkot,Gondal(Veg.market Gondal),Apple,Apple,Medium,2025-03-19 00:00:00,7000.0,14000.0,10500.0,17
Gujarat,Rajkot,Gondal(Veg.market Gondal),Apple,Apple,Medium,2025-03-26 00:00:00,8000.0,13000.0,10500.0,17
Gujarat,Rajkot,Gondal(Veg.market Gondal),Apple,Apple,Medium,2025-03-29 00:00:00,7000.0,15000.0,11000.0,17
Gujarat,Rajkot,Gondal(Veg.market Gondal),Apple,Apple,Medium,2025-03-31 00:00:00,8000.0,20000.0,14000.0,17
Gujarat,Surendranagar,Vadhvan,Apple,Apple,Medium,2025-03-10 00:00:00,17000.0,20000.0,18500.0,17
Gujarat,Surendranagar,Vadhvan,Apple,Apple,Medium,2025-03-12 00:00:00,18000.0,20500.0,19250.0,17
Gujarat,Surendranagar,Vadhvan,Apple,Apple,Medium,2025-03-17 00:00:00,17500.0,21000.0,19250.0,17
Gujarat,Surendranagar,Vadhvan,Apple,Apple,Medium,2025-03-22 00:00:00,17500.0,21000.0,19250.0,17
Gujarat,Surendranagar,Vadhvan,Apple,Apple,Medium,2025-03-24 00:00:00,17500.0,21000.0,19250.0,17
Gujarat,Surendranagar,Vadhvan,Apple,Apple,Medium,2025-03-29 00:00:00,20000.0,22500.0,21250.0,17
Gujarat,Surendranagar,Vadhvan,Apple,Apple,Small,2025-03-03 00:00:00,19000.0,20000.0,19500.0,17
Gujarat,Porbandar,Porbandar,Apple,Apple,Large,2025-06-05 00:00:00,8000.0,12000.0,10000.0,17
Gujarat,Porbandar,Porbandar,Apple,Apple,Large,2025-06-06 00:00:00,8000.0,12000.0,10000.0,17
Gujarat,Porbandar,Porbandar,Apple,Apple,Large,2025-06-09 00:00:00,8000.0,12000.0,10000.0,17
Gujarat,Porbandar,Porbandar,Apple,Apple,Large,2025-06-10 00:00:00,8000.0,12000.0,10000.0,17
Gujarat,Porbandar,Porbandar,Apple,Apple,Large,2025-06-12 00:00:00,8000.0,12000.0,10000.0,17
Gujarat,Porbandar,Porbandar,Apple,Apple,Large,2025-06-26 00:00:00,10000.0,15000.0,12500.0,17
Gujarat,Rajkot,Gondal(Veg.market Gondal),Apple,Apple,Medium,2025-06-17 00:00:00,7500.0,22000.0,14750.0,17
Gujarat,Rajkot,Gondal(Veg.market Gondal),Apple,Apple,Medium,2025-06-19 00:00:00,7000.0,15000.0,11000.0,17
Gujarat,Rajkot,Gondal(Veg.market Gondal),Apple,Apple,Medium,2025-06-24 00:00:00,7500.0,20000.0,13750.0,17
Gujarat,Rajkot,Gondal(Veg.market Gondal),Apple,Apple,Medium,2025-06-28 00:00:00,7000.0,21500.0,14250.0,17
Gujarat,Porbandar,Porbandar,Apple,Apple,Large,2025-07-10 00:00:00,4000.0,16000.0,10000.0,17
Gujarat,Porbandar,Porbandar,Apple,Apple,Large,2025-07-11 00:00:00,4000.0,16000.0,10000.0,17
Gujarat,Porbandar,Porbandar,Apple,Apple,Large,2025-07-12 00:00:00,4000.0,16000.0,10000.0,17
Gujarat,Porbandar,Porbandar,Apple,Apple,Large,2025-07-14 00:00:00,5000.0,10000.0,7500.0,17
Gujarat,Porbandar,Porbandar,Apple,Apple,Large,2025-07-15 00:00:00,5000.0,10000.0,7500.0,17
Gujarat,Porbandar,Porbandar,Apple,Apple,Large,2025-07-24 00:00:00,5000.0,20000.0,12500.0,17
Gujarat,Rajkot,Gondal(Veg.market Gondal),Apple,Apple,Medium,2025-07-11 00:00:00,8000.0,21000.0,14500.0,17
Gujarat,Rajkot,Gondal(Veg.market Gondal),Apple,Apple,Medium,2025-07-15 00:00:00,7500.0,20000.0,13750.0,17
Gujarat,Rajkot,Gondal(Veg.market Gondal),Apple,Apple,Medium,2025-07-22 00:00:00,10000.0,20500.0,15250.0,17
Gujarat,Rajkot,Gondal(Veg.market Gondal),Apple,Apple,Medium,2025-07-26 00:00:00,8000.0,20500.0,14250.0,17
Gujarat,Bharuch,Bharuch,Apple,Apple,Medium,2025-04-23 00:00:00,8000.0,12000.0,10000.0,17
Gujarat,Porbandar,Porbandar,Apple,Apple,Large,2025-04-14 00:00:00,15000.0,20000.0,17500.0,17
Gujarat,Rajkot,Gondal(Veg.market Gondal),Apple,Apple,Medium,2025-04-10 00:00:00,7000.0,20000.0,13500.0,17
Gujarat,Rajkot,Gondal(Veg.market Gondal),Apple,Apple,Medium,2025-04-15 00:00:00,7500.0,19000.0,13250.0,17
Gujarat,Rajkot,Gondal(Veg.market Gondal),Apple,Apple,Medium,2025-04-20 00:00:00,7500.0,20000.0,13750.0,17
Gujarat,Surendranagar,Vadhvan,Apple,Apple,Medium,2025-04-04 00:00:00,16000.0,21000.0,18500.0,17
Gujarat,Surendranagar,Vadhvan,Apple,Apple,Medium,2025-04-23 00:00:00,17500.0,20000.0,18750.0,17
Gujarat,Surendranagar,Vadhvan,Apple,Apple,Medium,2025-04-30 00:00:00,17500.0,20000.0,18750.0,17
Gujarat,Bharuch,Bharuch,Apple,Apple,Medium,2025-05-16 00:00:00,9000.0,12000.0,10000.0,17
Gujarat,Porbandar,Porbandar,Apple,Apple,Large,2025-05-15 00:00:00,7500.0,12500.0,10000.0,17
Gujarat,Porbandar,Porbandar,Apple,Apple,Large,2025-05-29 00:00:00,15000.0,20000.0,17500.0,17
Gujarat,Rajkot,Gondal(Veg.market Gondal),Apple,Apple,Medium,2025-05-15 00:00:00,10000.0,12500.0,11250.0,17
Gujarat,Rajkot,Gondal(Veg.market Gondal),Apple,Apple,Medium,2025-05-29 00:00:00,7500.0,12500.0,10000.0,17
Gujarat,Rajkot,Gondal(Veg.market Gondal),Apple,Apple,Medium,2025-05-31 00:00:00,7000.0,14000.0,10500.0,17
Gujarat,Surendranagar,Vadhvan,Apple,Apple,Medium,2025-05-09 00:00:00,17500.0,22000.0,19750.0,17
Gujarat,Surendranagar,Vadhvan,Apple,Apple,Medium,2025-05-10 00:00:00,17500.0,21000.0,19250.0,17
Gujarat,Porbandar,Porbandar,Apple,Apple,Large,2025-04-02 00:00:00,10000.0,12500.0,11250.0,17
Gujarat,Porbandar,Porbandar,Apple,Apple,Large,2025-04-07 00:00:00,8000.0,12000.0,10000.0,17
Gujarat,Porbandar,Porbandar,Apple,Apple,Large,2025-04-10 00:00:00,10000.0,15000.0,12500.0,17
Gujarat,Porbandar,Porbandar,Apple,Apple,Large,2025-04-17 00:00:00,15000.0,20000.0,15000.0,17
Gujarat,Porbandar,Porbandar,Apple,Apple,Large,2025-04-25 00:00:00,15000.0,20000.0,17500.0,17
Gujarat,Porbandar,Porbandar,Apple,Apple,Large,2025-04-30 00:00:00,10000.0,15000.0,12500.0,17
Gujarat,Rajkot,Gondal(Veg.market Gondal),Apple,Apple,Medium,2025-04-17 00:00:00,9000.0,15000.0,12000.0,17
Gujarat,Rajkot,Gondal(Veg.market Gondal),Apple,Apple,Medium,2025-04-25 00:00:00,7500.0,12500.0,10000.0,17
Gujarat,Rajkot,Gondal(Veg.market Gondal),Apple,Apple,Medium,2025-04-28 00:00:00,10000.0,20000.0,15000.0,17
Gujarat,Surendranagar,Vadhvan,Apple,Apple,Medium,2025-04-05 00:00:00,16000.0,21000.0,18500.0,17
Gujarat,Bharuch,Bharuch,Apple,Apple,Medium,2025-05-02 00:00:00,8000.0,12000.0,10000.0,17
Gujarat,Porbandar,Porbandar,Apple,Apple,Large,2025-05-02 00:00:00,10000.0,15000.0,12500.0,17
Gujarat,Porbandar,Porbandar,Apple,Apple,Large,2025-05-08 00:00:00,10000.0,15000.0,12500.0,17
Gujarat,Porbandar,Porbandar,Apple,Apple,Large,2025-05-14 00:00:00,7500.0,12500.0,10000.0,17
Gujarat,Porbandar,Porbandar,Apple,Apple,Large,2025-05-26 00:00:00,10000.0,15000.0,12500.0,17
Gujarat,Rajkot,Gondal(Veg.market Gondal),Apple,Apple,Medium,2025-05-01 00:00:00,8000.0,12000.0,10000.0,17
Gujarat,Rajkot,Gondal(Veg.market Gondal),Apple,Apple,Medium,2025-05-07 00:00:00,7000.0,13000.0,10000.0,17
Gujarat,Rajkot,Gondal(Veg.market Gondal),Apple,Apple,Medium,2025-05-11 00:00:00,7500.0,13000.0,10250.0,17
Gujarat,Rajkot,Gondal(Veg.market Gondal),Apple,Apple,Medium,2025-05-30 00:00:00,10000.0,20000.0,15000.0,17
Gujarat,Surendranagar,Vadhvan,Apple,Apple,Medium,2025-05-06 00:00:00,17500.0,22500.0,20000.0,17
Gujarat,Surendranagar,Vadhvan,Apple,Apple,Medium,2025-05-07 00:00:00,17500.0,22500.0,20000.0,17
Gujarat,Surendranagar,Vadhvan,Apple,Apple,Medium,2025-05-21 00:00:00,17500.0,21000.0,19250.0,17
Gujarat,Bharuch,Bharuch,Apple,Apple,Medium,2024-10-18 00:00:00,5000.0,7000.0,6000.0,17
Gujarat,Porbandar,Porbandar,Apple,Apple,Large,2024-10-11 00:00:00,5000.0,8000.0,6500.0,17
Gujarat,Rajkot,Gondal(Veg.market Gondal),Apple,Apple,Medium,2024-10-15 00:00:00,3000.0,7500.0,5250.0,17
Gujarat,Bharuch,Bharuch,Apple,Apple,Medium,2024-11-11 00:00:00,3500.0,6000.0,4000.0,17
Gujarat,Bharuch,Bharuch,Apple,Apple,Medium,2024-11-23 00:00:00,4500.0,6000.0,5000.0,17
Gujarat,Bharuch,Bharuch,Apple,Apple,Medium,2024-11-24 00:00:00,4000.0,6500.0,5000.0,17
Gujarat,Bharuch,Bharuch,Apple,Apple,Medium,2024-11-28 00:00:00,4500.0,7000.0,5000.0,17
Gujarat,Porbandar,Porbandar,Apple,Apple,Large,2024-11-01 00:00:00,5000.0,8000.0,6500.0,17
Gujarat,Porbandar,Porbandar,Apple,Apple,Large,2024-11-06 00:00:00,5000.0,8000.0,6500.0,17
Gujarat,Porbandar,Porbandar,Apple,Apple,Large,2024-11-13 00:00:00,7000.0,11000.0,8500.0,17
Gujarat,Porbandar,Porbandar,Apple,Apple,Large,2024-11-19 00:00:00,6000.0,10000.0,8000.0,17
Gujarat,Porbandar,Porbandar,Apple,Apple,Large,2024-11-21 00:00:00,6000.0,10000.0,8000.0,17
Gujarat,Rajkot,Gondal(Veg.market Gondal),Apple,Apple,Medium,2024-11-09 00:00:00,3000.0,7500.0,5250.0,17
Gujarat,Rajkot,Gondal(Veg.market Gondal),Apple,Apple,Medium,2024-11-28 00:00:00,4000.0,15000.0,9500.0,17
Gujarat,Surendranagar,Vadhvan,Apple,Apple,Medium,2024-11-08 00:00:00,7500.0,8000.0,7750.0,17
Gujarat,Surendranagar,Vadhvan,Apple,Apple,Medium,2024-11-19 00:00:00,6000.0,7000.0,6500.0,17
Gujarat,Surendranagar,Vadhvan,Apple,Apple,Medium,2024-11-23 00:00:00,5000.0,7500.0,6250.0,17
Gujarat,Surendranagar,Vadhvan,Apple,Apple,Medium,2024-11-25 00:00:00,5500.0,7500.0,6500.0,17
Gujarat,Surendranagar,Vadhvan,Apple,Apple,Medium,2024-11-30 00:00:00,7500.0,8500.0,8000.0,17
Gujarat,Porbandar,Porbandar,Apple,Apple,Large,2024-07-15 00:00:00,10000.0,15000.0,12500.0,17
Gujarat,Porbandar,Porbandar,Apple,Apple,Large,2024-07-18 00:00:00,10000.0,15000.0,12500.0,17
Gujarat,Rajkot,Gondal(Veg.market Gondal),Apple,Apple,Medium,2024-07-28 00:00:00,7000.0,16000.0,11500.0,17
Gujarat,Porbandar,Porbandar,Apple,Apple,Large,2024-07-24 00:00:00,10000.0,15000.0,12500.0,17
Gujarat,Rajkot,Gondal(Veg.market Gondal),Apple,Apple,Medium,2024-07-26 00:00:00,7000.0,18000.0,12500.0,17
Gujarat,Bharuch,Bharuch,Apple,Apple,Medium,2024-08-09 00:00:00,4000.0,10000.0,6000.0,17
Gujarat,Porbandar,Porbandar,Apple,Apple,Large,2024-08-01 00:00:00,6000.0,10000.0,8000.0,17
Gujarat,Porbandar,Porbandar,Apple,Apple,Large,2024-08-10 00:00:00,5000.0,20000.0,13500.0,17
Gujarat,Rajkot,Gondal(Veg.market Gondal),Apple,Apple,Medium,2024-08-01 00:00:00,5000.0,15000.0,10000.0,17
Gujarat,Rajkot,Gondal(Veg.market Gondal),Apple,Apple,Medium,2024-08-04 00:00:00,7000.0,18000.0,12500.0,17
Gujarat,Rajkot,Gondal(Veg.market Gondal),Apple,Apple,Medium,2024-08-10 00:00:00,6000.0,17000.0,11500.0,17
Gujarat,Porbandar,Porbandar,Apple,Apple,Large,2024-09-21 00:00:00,5000.0,10000.0,7500.0,17
Gujarat,Porbandar,Porbandar,Apple,Apple,Large,2024-09-24 00:00:00,4000.0,8000.0,6000.0,17
Gujarat,Rajkot,Gondal(Veg.market Gondal),Apple,Apple,Medium,2024-09-07 00:00:00,6000.0,11000.0,8500.0,17
Gujarat,Rajkot,Gondal(Veg.market Gondal),Apple,Apple,Medium,2024-09-14 00:00:00,6000.0,12000.0,9000.0,17
Gujarat,Rajkot,Gondal(Veg.market Gondal),Apple,Apple,Medium,2024-09-22 00:00:00,6000.0,10000.0,8000.0,17
Gujarat,Rajkot,Gondal(Veg.market Gondal),Apple,Apple,Medium,2024-09-30 00:00:00,4000.0,8000.0,6000.0,17
Gujarat,Porbandar,Porbandar,Apple,Apple,Large,2024-09-06 00:00:00,5000.0,10000.0,7500.0,17
Gujarat,Porbandar,Porbandar,Apple,Apple,Large,2024-09-14 00:00:00,5000.0,10000.0,7500.0,17
Gujarat,Porbandar,Porbandar,Apple,Apple,Large,2024-09-23 00:00:00,4000.0,8000.0,6000.0,17
Gujarat,Porbandar,Porbandar,Apple,Apple,Large,2024-09-25 00:00:00,4000.0,8000.0,6000.0,17
Gujarat,Rajkot,Gondal(Veg.market Gondal),Apple,Apple,Medium,2024-09-19 00:00:00,4000.0,14000.0,7000.0,17
Gujarat,Rajkot,Gondal(Veg.market Gondal),Apple,Apple,Medium,2024-09-23 00:00:00,5000.0,9000.0,7000.0,17
Gujarat,Bharuch,Bharuch,Apple,Apple,Medium,2025-08-14 00:00:00,4000.0,6000.0,5000.0,17
Gujarat,Porbandar,Porbandar,Apple,Apple,Large,2025-08-01 00:00:00,10000.0,15000.0,12500.0,17
Gujarat,Porbandar,Porbandar,Apple,Apple,Large,2025-08-14 00:00:00,5000.0,10000.0,7500.0,17
Gujarat,Rajkot,Gondal(Veg.market Gondal),Apple,Apple,Medium,2025-08-01 00:00:00,4000.0,12000.0,8000.0,17
Gujarat,Rajkot,Gondal(Veg.market Gondal),Apple,Apple,Medium,2025-08-07 00:00:00,4000.0,10000.0,7000.0,17
Gujarat,Rajkot,Gondal(Veg.market Gondal),Apple,Apple,Medium,2025-08-11 00:00:00,4000.0,11000.0,7500.0,17
Gujarat,Rajkot,Gondal(Veg.market Gondal),Apple,Apple,Medium,2025-08-21 00:00:00,5000.0,15500.0,10250.0,17
Gujarat,Rajkot,Gondal(Veg.market Gondal),Apple,Apple,Medium,2025-08-30 00:00:00,5000.0,12000.0,8500.0,17
Gujarat,Surendranagar,Vadhvan,Apple,Apple,Medium,2025-08-22 00:00:00,7000.0,7500.0,7250.0,17
Gujarat,Porbandar,Porbandar,Apple,Apple,Large,2025-09-03 00:00:00,3000.0,8000.0,5500.0,17
Gujarat,Porbandar,Porbandar,Apple,Apple,Large,2025-09-08 00:00:00,5000.0,10000.0,7500.0,17
Gujarat,Porbandar,Porbandar,Apple,Apple,Large,2025-09-09 00:00:00,5000.0,10000.0,7500.0,17
Gujarat,Porbandar,Porbandar,Apple,Apple,Large,2025-09-15 00:00:00,7500.0,10000.0,8750.0,17
Gujarat,Porbandar,Porbandar,Apple,Apple,Large,2025-09-16 00:00:00,7500.0,10000.0,8750.0,17
Gujarat,Porbandar,Porbandar,Apple,Apple,Large,2025-09-24 00:00:00,4000.0,8000.0,6000.0,17
Gujarat,Rajkot,Gondal(Veg.market Gondal),Apple,Apple,Medium,2025-09-10 00:00:00,4000.0,11000.0,7500.0,17
Gujarat,Rajkot,Gondal(Veg.market Gondal),Apple,Apple,Medium,2025-09-11 00:00:00,3000.0,13000.0,8000.0,17
Gujarat,Rajkot,Gondal(Veg.market Gondal),Apple,Apple,Medium,2025-09-12 00:00:00,5000.0,12000.0,8500.0,17
Gujarat,Rajkot,Gondal(Veg.market Gondal),Apple,Apple,Medium,2025-09-16 00:00:00,5000.0,12000.0,8500.0,17
Gujarat,Surendranagar,Vadhvan,Apple,Apple,Medium,2025-09-04 00:00:00,5000.0,7500.0,6250.0,17
Gujarat,Surendranagar,Vadhvan,Apple,Apple,Medium,2025-09-09 00:00:00,5000.0,7500.0,6250.0,17
Gujarat,Surendranagar,Vadhvan,Apple,Apple,Medium,2025-09-16 00:00:00,5500.0,7000.0,6250.0,17
Gujarat,Surendranagar,Vadhvan,Apple,Apple,Medium,2025-09-20 00:00:00,5500.0,6500.0,6000.0,17
Gujarat,Surendranagar,Vadhvan,Apple,Apple,Medium,2025-09-30 00:00:00,5000.0,6000.0,5500.0,17
Gujarat,Bharuch,Bharuch,Apple,Apple,Medium,2025-10-01 00:00:00,3000.0,5000.0,4000.0,17
Gujarat,Bharuch,Bharuch,Apple,Apple,Medium,2025-10-06 00:00:00,3000.0,5000.0,3500.0,17
Gujarat,Bharuch,Bharuch,Apple,Apple,Medium,2025-10-08 00:00:00,3000.0,5000.0,4000.0,17
Gujarat,Bharuch,Bharuch,Apple,Apple,Medium,2025-10-15 00:00:00,3000.0,5000.0,4000.0,17
Gujarat,Porbandar,Porbandar,Apple,Apple,Large,2025-10-03 00:00:00,3000.0,5000.0,4000.0,17
Gujarat,Porbandar,Porbandar,Apple,Apple,Large,2025-10-04 00:00:00,3000.0,5000.0,4000.0,17
Gujarat,Porbandar,Porbandar,Apple,Apple,Large,2025-10-07 00:00:00,3000.0,5000.0,4000.0,17
Gujarat,Porbandar,Porbandar,Apple,Apple,Large,2025-10-10 00:00:00,3000.0,5000.0,4000.0,17
Gujarat,Porbandar,Porbandar,Apple,Apple,Large,2025-10-30 00:00:00,6000.0,9000.0,7500.0,17
Gujarat,Rajkot,Gondal(Veg.market Gondal),Apple,Apple,Medium,2025-11-02 00:00:00,2500.0,7000.0,4750.0,17
Gujarat,Rajkot,Gondal(Veg.market Gondal),Apple,Apple,Medium,2025-11-03 00:00:00,3000.0,6000.0,4500.0,17
Gujarat,Rajkot,Gondal(Veg.market Gondal),Apple,Apple,Medium,2025-11-04 00:00:00,2500.0,7000.0,4750.0,17
Gujarat,Rajkot,Gondal(Veg.market Gondal),Apple,Apple,Medium,2025-10-05 00:00:00,2000.0,8000.0,5000.0,17
Gujarat,Rajkot,Gondal(Veg.market Gondal),Apple,Apple,Medium,2025-11-05 00:00:00,2000.0,7000.0,4500.0,17
Gujarat,Rajkot,Gondal(Veg.market Gondal),Apple,Apple,Medium,2025-10-27 00:00:00,4000.0,9000.0,6500.0,17
Gujarat,Surendranagar,Vadhvan,Apple,Apple,Medium,2025-10-13 00:00:00,5000.0,5500.0,5250.0,17
Gujarat,Rajkot,Gondal(Veg.market Gondal) APMC,Apple,Apple,Medium,2025-11-01 00:00:00,2000.0,6000.0,4000.0,17
Gujarat,Surendranagar,Vadhvan APMC,Apple,Apple,Medium,2025-11-18 00:00:00,7000.0,7500.0,7250.0,17
Gujarat,Porbandar,Porbandar APMC,Apple,Apple,Grade A,2025-11-19 00:00:00,6000.0,6000.0,6000.0,17
Gujarat,Rajkot,Gondal(Veg.market Gondal) APMC,Apple,Apple,Local,2025-11-20 00:00:00,2000.0,7000.0,4500.0,17
Gujarat,Bharuch,Bharuch APMC,Apple,Apple,Local,2025-11-24 00:00:00,3000.0,5000.0,4000.0,17
Gujarat,Bharuch,Bharuch APMC,Apple,Apple,Local,2025-11-26 00:00:00,4000.0,5000.0,4500.0,17
Gujarat,Surendranagar,Vadhvan APMC,Apple,Apple,Medium,2025-11-28 00:00:00,6000.0,7500.0,6750.0,17
Gujarat,Bharuch,Bharuch APMC,Apple,Apple,Local,2025-11-28 00:00:00,4000.0,5500.0,4500.0,17
Gujarat,Navsari,Navsari APMC,Apple,Apple,Local,2025-11-30 00:00:00,5000.0,15000.0,10000.0,17
Gujarat,Navsari,Navsari APMC,Apple,Apple,Local,2025-11-29 00:00:00,4000.0,10000.0,7000.0,17
Gujarat,Rajkot,Gondal(Veg.market Gondal) APMC,Apple,Apple,Local,2025-11-29 00:00:00,2000.0,7000.0,4500.0,17
Gujarat,Rajkot,Gondal(Veg.market Gondal) APMC,Apple,Apple,Local,2025-11-09 00:00:00,3000.0,7500.0,5250.0,17
Gujarat,Surendranagar,Vadhvan APMC,Apple,Apple,Medium,2025-11-01 00:00:00,5000.0,5500.0,5250.0,17
Gujarat,Porbandar,Porbandar APMC,Apple,Apple,Large,2025-11-06 00:00:00,4000.0,6000.0,5000.0,17
Gujarat,Rajkot,Gondal(Veg.market Gondal) APMC,Apple,Apple,Local,2025-11-19 00:00:00,3000.0,7500.0,5250.0,17
Gujarat,Surendranagar,Vadhvan APMC,Apple,Apple,Medium,2025-11-19 00:00:00,6500.0,7500.0,7000.0,17
Gujarat,Porbandar,Porbandar APMC,Apple,Delicious,Grade A,2025-11-13 00:00:00,5000.0,40000.0,6500.0,17
Gujarat,Porbandar,Porbandar APMC,Apple,Delicious,Grade A,2025-11-15 00:00:00,5000.0,8000.0,6500.0,17
Gujarat,Porbandar,Porbandar APMC,Apple,Delicious,Grade A,2025-11-18 00:00:00,4000.0,8000.0,6000.0,17
Gujarat,Banaskanth,Deesa(Deesa Veg Yard) APMC,Apple,Other,Medium,2025-11-15 00:00:00,5500.0,6100.0,5800.0,17
Gujarat,Navsari,Navsari APMC,Apple,Other,Local,2025-11-20 00:00:00,4000.0,9000.0,6500.0,17
Gujarat,Banaskanth,Deesa(Deesa Veg Yard) APMC,Apple,Other,Medium,2025-11-21 00:00:00,5000.0,7800.0,6400.0,17
Gujarat,Navsari,Navsari APMC,Apple,Other,Medium,2025-11-02 00:00:00,6000.0,10000.0,8000.0,17
Gujarat,Navsari,Navsari APMC,Apple,Other,Medium,2025-11-04 00:00:00,6000.0,10000.0,8000.0,17
Gujarat,Banaskanth,Deesa(Deesa Veg Yard) APMC,Apple,Other,Local,2025-11-07 00:00:00,7250.0,7250.0,7250.0,17
Gujarat,Banaskanth,Deesa(Deesa Veg Yard) APMC,Apple,Other,Medium,2025-11-11 00:00:00,7000.0,8200.0,7600.0,17
Gujarat,Porbandar,Porbandar APMC,Apple,Apple,Grade A,2025-12-02 00:00:00,6000.0,10000.0,8000.0,17
Gujarat,Navsari,Navsari APMC,Apple,Apple,Local,2025-12-02 00:00:00,5000.0,15000.0,10000.0,17
Gujarat,Navsari,Navsari APMC,Apple,Apple,Local,2025-12-06 00:00:00,5000.0,9000.0,7000.0,17
Gujarat,Bharuch,Bharuch APMC,Apple,Apple,Local,2025-12-10 00:00:00,3000.0,5000.0,4000.0,17
Gujarat,Porbandar,Porbandar APMC,Apple,Apple,Grade A,2025-12-13 00:00:00,6000.0,9000.0,7500.0,17
Gujarat,Navsari,Navsari APMC,Apple,Apple,Local,2025-12-15 00:00:00,6000.0,9000.0,7500.0,17
Gujarat,Navsari,Navsari APMC,Apple,Apple,Local,2025-12-14 00:00:00,7000.0,11000.0,9000.0,17
Gujarat,Navsari,Navsari APMC,Apple,Apple,Local,2025-12-16 00:00:00,5000.0,9000.0,7000.0,17
Gujarat,Navsari,Navsari APMC,Apple,Apple,Local,2025-12-18 00:00:00,5000.0,10000.0,7500.0,17
Gujarat,Navsari,Navsari APMC,Apple,Apple,Local,2025-12-19 00:00:00,5000.0,10000.0,7500.0,17
Gujarat,Rajkot,Gondal(Veg.market Gondal) APMC,Apple,Apple,Local,2025-12-19 00:00:00,3000.0,11000.0,7000.0,17
Gujarat,Rajkot,Gondal(Veg.market Gondal) APMC,Apple,Apple,Local,2025-12-21 00:00:00,2000.0,7000.0,4500.0,17
Gujarat,Rajkot,Gondal(Veg.market Gondal) APMC,Apple,Apple,Local,2025-12-23 00:00:00,5000.0,10000.0,7500.0,17
Gujarat,Banaskanth,Deesa(Deesa Veg Yard) APMC,Apple,Other,Medium,2025-12-29 00:00:00,8000.0,9250.0,8625.0,17
Gujarat,Banaskanth,Deesa(Deesa Veg Yard) APMC,Apple,Other,Medium,2025-12-08 00:00:00,5000.0,10250.0,7625.0,17
Gujarat,Navsari,Navsari APMC,Apple,Apple,Local,2026-01-02 00:00:00,7000.0,12500.0,9750.0,17
Gujarat,Rajkot,Gondal(Veg.market Gondal) APMC,Apple,Apple,Local,2026-01-06 00:00:00,4000.0,10000.0,7000.0,17
Gujarat,Porbandar,Porbandar APMC,Apple,Apple,Grade A,2026-01-06 00:00:00,6000.0,10000.0,8000.0,17
Gujarat,Rajkot,Gondal(Veg.market Gondal) APMC,Apple,Apple,Local,2026-01-28 00:00:00,7000.0,18000.0,12500.0,17
Gujarat,Surendranagar,Vadhvan APMC,Apple,Apple,Medium,2026-01-31 00:00:00,11500.0,12500.0,12000.0,17
Gujarat,Navsari,Navsari APMC,Apple,Apple,Grade A,2026-02-02 00:00:00,10000.0,15000.0,12500.0,17
Gujarat,Porbandar,Porbandar APMC,Apple,Apple,Grade A,2026-02-02 00:00:00,8000.0,12000.0,10000.0,17
Gujarat,Porbandar,Porbandar APMC,Apple,Apple,Grade A,2026-02-04 00:00:00,8000.0,12000.0,10000.0,17
Gujarat,Banaskanth,Deesa(Deesa Veg Yard) APMC,Apple,Other,Medium,2026-01-24 00:00:00,8000.0,8700.0,8350.0,17
Gujarat,Banaskanth,Deesa(Deesa Veg Yard) APMC,Apple,Other,Medium,2026-01-29 00:00:00,5000.0,9250.0,7125.0,17
Gujarat,Banaskanth,Deesa(Deesa Veg Yard) APMC,Apple,Other,Medium,2026-01-30 00:00:00,5000.0,9300.0,7150.0,17
Gujarat,Porbandar,Porbandar APMC,Apple,Apple,Grade A,2026-01-03 00:00:00,4000.0,9000.0,6500.0,17
Gujarat,Navsari,Navsari APMC,Apple,Apple,Local,2026-01-07 00:00:00,6000.0,12500.0,9250.0,17
Gujarat,Rajkot,Gondal(Veg.market Gondal) APMC,Apple,Apple,Local,2026-01-07 00:00:00,7000.0,11000.0,9000.0,17
Gujarat,Porbandar,Porbandar APMC,Apple,Apple,Grade A,2026-01-08 00:00:00,6000.0,10000.0,8000.0,17
Gujarat,Bharuch,Bharuch APMC,Apple,Apple,Local,2026-01-08 00:00:00,2500.0,4000.0,3000.0,17
Gujarat,Navsari,Navsari APMC,Apple,Apple,Local,2026-01-09 00:00:00,7000.0,14000.0,10500.0,17
Gujarat,Porbandar,Porbandar APMC,Apple,Apple,Grade A,2026-01-12 00:00:00,8000.0,12000.0,10000.0,17
Gujarat,Porbandar,Porbandar APMC,Apple,Apple,Grade A,2026-01-15 00:00:00,8000.0,12000.0,10000.0,17
Gujarat,Surendranagar,Vadhvan APMC,Apple,Apple,Medium,2026-01-21 00:00:00,11000.0,12500.0,11750.0,17
Gujarat,Bharuch,Bharuch APMC,Apple,Apple,Local,2026-01-28 00:00:00,3000.0,5000.0,4000.0,17
Gujarat,Porbandar,Porbandar APMC,Apple,Apple,Grade A,2026-01-19 00:00:00,8000.0,12000.0,10000.0,17
Gujarat,Navsari,Navsari APMC,Apple,Apple,Grade A,2026-01-27 00:00:00,6000.0,11000.0,8500.0,17
Gujarat,Surendranagar,Vadhvan APMC,Apple,Apple,Medium,2026-01-29 00:00:00,11500.0,12500.0,12000.0,17
Gujarat,Surendranagar,Vadhvan APMC,Apple,Apple,Medium,2026-01-27 00:00:00,11500.0,13000.0,12250.0,17
Gujarat,Navsari,Navsari APMC,Apple,Apple,Grade A,2026-01-28 00:00:00,6000.0,14000.0,10000.0,17
Gujarat,Surendranagar,Vadhvan APMC,Apple,Apple,Medium,2026-01-30 00:00:00,11500.0,12500.0,12000.0,17
Gujarat,Rajkot,Gondal(Veg.market Gondal) APMC,Apple,Apple,Local,2026-01-31 00:00:00,5000.0,10000.0,7500.0,17
Gujarat,Porbandar,Porbandar APMC,Apple,Apple,Grade A,2026-02-03 00:00:00,8000.0,12000.0,10000.0,17
Gujarat,Navsari,Navsari APMC,Apple,Apple,Grade A,2026-02-04 00:00:00,10000.0,15000.0,12500.0,17
Gujarat,Navsari,Navsari APMC,Apple,Apple,Local,2026-02-07 00:00:00,8000.0,14000.0,11000.0,17
Gujarat,Vadodara(Baroda),Vadodara(Navapura),Apple,Other,Medium,2009-11-23 00:00:00,1450.0,3100.0,2300.0,17
Gujarat,Vadodara(Baroda),Vadodara(Navapura),Apple,Other,Medium,2009-11-25 00:00:00,1450.0,3050.0,2250.0,17
Gujarat,Vadodara(Baroda),Vadodara(Navapura),Apple,Other,Medium,2009-12-01 00:00:00,1500.0,3000.0,2300.0,17
Gujarat,Vadodara(Baroda),Vadodara(Navapura),Apple,Other,Medium,2009-12-04 00:00:00,1400.0,3000.0,2200.0,17
Gujarat,Vadodara(Baroda),Vadodara(Navapura),Apple,Other,Medium,2009-12-08 00:00:00,900.0,4500.0,2700.0,17
Gujarat,Vadodara(Baroda),Vadodara(Navapura),Apple,Other,Medium,2009-12-09 00:00:00,1000.0,3750.0,2375.0,17
Gujarat,Vadodara(Baroda),Vadodara(Navapura),Apple,Other,Medium,2009-12-13 00:00:00,1000.0,3750.0,2375.0,17
Gujarat,Vadodara(Baroda),Vadodara(Navapura),Apple,Other,Medium,2009-12-15 00:00:00,1000.0,3750.0,2375.0,17
Gujarat,Vadodara(Baroda),Vadodara(Navapura),Apple,Other,Medium,2009-12-16 00:00:00,1000.0,3750.0,2375.0,17
Gujarat,Vadodara(Baroda),Vadodara(Navapura),Apple,Other,Medium,2009-12-22 00:00:00,1300.0,3625.0,2325.0,17
Gujarat,Vadodara(Baroda),Vadodara(Navapura),Apple,Other,Medium,2009-12-29 00:00:00,2000.0,3500.0,3000.0,17
Gujarat,Ahmedabad,"Ahmedabad(Fruit Market, Naroda)",Apple,Other,Small,2015-01-09 00:00:00,7000.0,10000.0,9000.0,17
Gujarat,Ahmedabad,"Ahmedabad(Fruit Market, Naroda)",Apple,Other,Small,2015-01-13 00:00:00,7000.0,12000.0,10000.0,17
Gujarat,Ahmedabad,"Ahmedabad(Fruit Market, Naroda)",Apple,Other,Small,2015-01-16 00:00:00,7000.0,10000.0,9000.0,17
Gujarat,Ahmedabad,"Ahmedabad(Fruit Market, Naroda)",Apple,Other,Small,2015-01-17 00:00:00,7000.0,12000.0,10000.0,17
Gujarat,Ahmedabad,"Ahmedabad(Fruit Market, Naroda)",Apple,Other,Small,2015-01-22 00:00:00,10000.0,15000.0,13000.0,17
Gujarat,Ahmedabad,"Ahmedabad(Fruit Market, Naroda)",Apple,Other,Small,2015-02-02 00:00:00,7000.0,12000.0,10000.0,17
Gujarat,Ahmedabad,"Ahmedabad(Fruit Market, Naroda)",Apple,Other,Small,2015-02-04 00:00:00,7000.0,10000.0,9000.0,17
Gujarat,Ahmedabad,"Ahmedabad(Fruit Market, Naroda)",Apple,Other,Medium,2015-02-12 00:00:00,7000.0,10000.0,9000.0,17
Gujarat,Ahmedabad,"Ahmedabad(Fruit Market, Naroda)",Apple,Other,Medium,2015-02-13 00:00:00,8000.0,12000.0,11000.0,17
Gujarat,Ahmedabad,"Ahmedabad(Fruit Market, Naroda)",Apple,Other,Medium,2015-02-18 00:00:00,8000.0,12000.0,11000.0,17
Gujarat,Ahmedabad,"Ahmedabad(Fruit Market, Naroda)",Apple,Other,Medium,2015-02-23 00:00:00,7000.0,10000.0,9000.0,17
Gujarat,Ahmedabad,"Ahmedabad(Fruit Market, Naroda)",Apple,Other,Medium,2015-02-26 00:00:00,7000.0,11000.0,10000.0,17
Gujarat,Ahmedabad,"Ahmedabad(Fruit Market, Naroda)",Apple,Other,Medium,2015-03-05 00:00:00,8000.0,12000.0,11000.0,17
Gujarat,Ahmedabad,"Ahmedabad(Fruit Market, Naroda)",Apple,Other,Medium,2015-03-09 00:00:00,7000.0,13000.0,12000.0,17
Gujarat,Ahmedabad,"Ahmedabad(Fruit Market, Naroda)",Apple,Other,Medium,2015-03-19 00:00:00,8000.0,10000.0,9500.0,17
Gujarat,Ahmedabad,"Ahmedabad(Fruit Market, Naroda)",Apple,Other,Medium,2015-03-31 00:00:00,7000.0,10000.0,9000.0,17
Gujarat,Ahmedabad,"Ahmedabad(Fruit Market, Naroda)",Apple,Other,Medium,2015-04-02 00:00:00,8000.0,12000.0,11000.0,17
Gujarat,Ahmedabad,"Ahmedabad(Fruit Market, Naroda)",Apple,Other,Medium,2015-04-07 00:00:00,9000.0,13000.0,12000.0,17
Gujarat,Ahmedabad,"Ahmedabad(Fruit Market, Naroda)",Apple,Other,Medium,2015-04-14 00:00:00,10000.0,14000.0,13000.0,17
Gujarat,Ahmedabad,"Ahmedabad(Fruit Market, Naroda)",Apple,Other,Medium,2015-04-15 00:00:00,10000.0,12000.0,11500.0,17
Gujarat,Ahmedabad,"Ahmedabad(Fruit Market, Naroda)",Apple,Other,Medium,2015-04-25 00:00:00,12000.0,15000.0,14000.0,17
Gujarat,Ahmedabad,"Ahmedabad(Fruit Market, Naroda)",Apple,Other,Medium,2015-05-04 00:00:00,8000.0,12000.0,10000.0,17
Gujarat,Ahmedabad,"Ahmedabad(Fruit Market, Naroda)",Apple,Other,Medium,2015-05-11 00:00:00,9000.0,14000.0,12000.0,17
Gujarat,Ahmedabad,"Ahmedabad(Fruit Market, Naroda)",Apple,Other,Medium,2015-05-12 00:00:00,9000.0,14000.0,12000.0,17
Gujarat,Ahmedabad,"Ahmedabad(Fruit Market, Naroda)",Apple,Other,Medium,2015-05-14 00:00:00,8000.0,12000.0,11000.0,17
Gujarat,Ahmedabad,"Ahmedabad(Fruit Market, Naroda)",Apple,Other,Medium,2015-05-27 00:00:00,800.0,12000.0,11000.0,17
Gujarat,Ahmedabad,"Ahmedabad(Fruit Market, Naroda)",Apple,Other,Medium,2015-06-01 00:00:00,10000.0,13000.0,12000.0,17
Gujarat,Ahmedabad,"Ahmedabad(Fruit Market, Naroda)",Apple,Other,Medium,2015-06-04 00:00:00,12000.0,15000.0,14000.0,17
Gujarat,Ahmedabad,"Ahmedabad(Fruit Market, Naroda)",Apple,Other,Medium,2015-06-08 00:00:00,10000.0,14000.0,13000.0,17
Gujarat,Ahmedabad,"Ahmedabad(Fruit Market, Naroda)",Apple,Other,Medium,2015-06-15 00:00:00,10000.0,14000.0,13000.0,17
Gujarat,Ahmedabad,"Ahmedabad(Fruit Market, Naroda)",Apple,Other,Medium,2015-06-23 00:00:00,10000.0,13000.0,12000.0,17
Gujarat,Ahmedabad,"Ahmedabad(Fruit Market, Naroda)",Apple,Other,Medium,2015-06-29 00:00:00,10000.0,13000.0,12000.0,17
Gujarat,Ahmedabad,"Ahmedabad(Fruit Market, Naroda)",Apple,Other,Medium,2015-06-30 00:00:00,10000.0,14000.0,13000.0,17
Gujarat,Ahmedabad,"Ahmedabad(Fruit Market, Naroda)",Apple,Other,Medium,2015-07-04 00:00:00,1000.0,13000.0,1200.0,17
Gujarat,Ahmedabad,"Ahmedabad(Fruit Market, Naroda)",Apple,Other,Medium,2015-07-13 00:00:00,1000.0,13500.0,12000.0,17
Gujarat,Ahmedabad,"Ahmedabad(Fruit Market, Naroda)",Apple,Other,Medium,2015-07-16 00:00:00,800.0,13000.0,11000.0,17
Gujarat,Ahmedabad,"Ahmedabad(Fruit Market, Naroda)",Apple,Other,Medium,2015-07-23 00:00:00,10000.0,13000.0,12000.0,17
Gujarat,Ahmedabad,"Ahmedabad(Fruit Market, Naroda)",Apple,Other,Medium,2015-07-24 00:00:00,8000.0,13000.0,11000.0,17
Gujarat,Ahmedabad,"Ahmedabad(Fruit Market, Naroda)",Apple,Other,Medium,2015-07-30 00:00:00,7000.0,13000.0,10000.0,17
Gujarat,Ahmedabad,"Ahmedabad(Fruit Market, Naroda)",Apple,Other,Medium,2015-07-31 00:00:00,6000.0,13000.0,10000.0,17
Gujarat,Ahmedabad,"Ahmedabad(Fruit Market, Naroda)",Apple,Other,Medium,2015-08-11 00:00:00,5000.0,12000.0,9000.0,17
Gujarat,Ahmedabad,"Ahmedabad(Fruit Market, Naroda)",Apple,Other,Medium,2015-08-22 00:00:00,5000.0,9000.0,7000.0,17
Gujarat,Ahmedabad,"Ahmedabad(Fruit Market, Naroda)",Apple,Other,Medium,2015-08-28 00:00:00,5000.0,8000.0,6500.0,17
Gujarat,Ahmedabad,"Ahmedabad(Fruit Market, Naroda)",Apple,Other,Medium,2015-08-31 00:00:00,4000.0,7000.0,6000.0,17
Gujarat,Ahmedabad,"Ahmedabad(Fruit Market, Naroda)",Apple,Other,Medium,2015-09-10 00:00:00,5000.0,7000.0,6500.0,17
Gujarat,Ahmedabad,"Ahmedabad(Fruit Market, Naroda)",Apple,Other,Medium,2015-09-12 00:00:00,5000.0,7000.0,6000.0,17
Gujarat,Ahmedabad,"Ahmedabad(Fruit Market, Naroda)",Apple,Other,Medium,2015-09-17 00:00:00,5000.0,7000.0,6000.0,17
Gujarat,Ahmedabad,"Ahmedabad(Fruit Market, Naroda)",Apple,Other,Medium,2015-09-23 00:00:00,4000.0,7000.0,6000.0,17
Gujarat,Ahmedabad,"Ahmedabad(Fruit Market, Naroda)",Apple,Other,Medium,2015-09-24 00:00:00,5000.0,7000.0,6000.0,17
Gujarat,Ahmedabad,"Ahmedabad(Fruit Market, Naroda)",Apple,Other,Medium,2015-09-28 00:00:00,5000.0,7000.0,6500.0,17
Gujarat,Ahmedabad,"Ahmedabad(Fruit Market, Naroda)",Apple,Other,Medium,2015-10-01 00:00:00,5000.0,8000.0,7000.0,17
Gujarat,Ahmedabad,"Ahmedabad(Fruit Market, Naroda)",Apple,Other,Medium,2015-10-05 00:00:00,5000.0,7000.0,6500.0,17
Gujarat,Ahmedabad,"Ahmedabad(Fruit Market, Naroda)",Apple,Other,Medium,2015-10-10 00:00:00,4500.0,6500.0,6000.0,17
Gujarat,Ahmedabad,"Ahmedabad(Fruit Market, Naroda)",Apple,Other,Medium,2015-10-12 00:00:00,4500.0,6500.0,6000.0,17
Gujarat,Ahmedabad,"Ahmedabad(Fruit Market, Naroda)",Apple,Other,Medium,2015-10-15 00:00:00,4500.0,6500.0,6000.0,17
Gujarat,Ahmedabad,"Ahmedabad(Fruit Market, Naroda)",Apple,Other,Medium,2015-10-16 00:00:00,4000.0,6500.0,6000.0,17
Gujarat,Ahmedabad,"Ahmedabad(Fruit Market, Naroda)",Apple,Other,Medium,2015-10-19 00:00:00,5000.0,6500.0,6000.0,17
Gujarat,Ahmedabad,"Ahmedabad(Fruit Market, Naroda)",Apple,Other,Medium,2015-10-23 00:00:00,4500.0,6500.0,6000.0,17
Gujarat,Ahmedabad,"Ahmedabad(Fruit Market, Naroda)",Apple,Other,Medium,2015-10-26 00:00:00,4500.0,7000.0,6000.0,17
Gujarat,Ahmedabad,"Ahmedabad(Fruit Market, Naroda)",Apple,Other,Medium,2015-10-30 00:00:00,4500.0,6500.0,5500.0,17
Gujarat,Ahmedabad,"Ahmedabad(Fruit Market, Naroda)",Apple,Other,Medium,2015-11-05 00:00:00,4000.0,6500.0,5500.0,17
Gujarat,Ahmedabad,"Ahmedabad(Fruit Market, Naroda)",Apple,Other,Medium,2015-11-06 00:00:00,4000.0,6500.0,5000.0,17
Gujarat,Ahmedabad,"Ahmedabad(Fruit Market, Naroda)",Apple,Other,Medium,2015-11-17 00:00:00,4000.0,7000.0,5500.0,17
Gujarat,Ahmedabad,"Ahmedabad(Fruit Market, Naroda)",Apple,Other,Medium,2015-11-18 00:00:00,4000.0,6500.0,5500.0,17
Gujarat,Ahmedabad,"Ahmedabad(Fruit Market, Naroda)",Apple,Other,Medium,2015-11-25 00:00:00,4000.0,6500.0,5500.0,17
Gujarat,Ahmedabad,"Ahmedabad(Fruit Market, Naroda)",Apple,Other,Medium,2015-12-16 00:00:00,4000.0,6500.0,5500.0,17
Gujarat,Ahmedabad,"Ahmedabad(Fruit Market, Naroda)",Apple,Other,Medium,2015-12-23 00:00:00,4000.0,6000.0,5500.0,17
Gujarat,Ahmedabad,"Ahmedabad(Fruit Market, Naroda)",Apple,Other,Medium,2015-12-26 00:00:00,4000.0,6000.0,5500.0,17
Gujarat,Ahmedabad,"Ahmedabad(Fruit Market, Naroda)",Apple,Other,Medium,2015-12-30 00:00:00,4000.0,6000.0,5500.0,17
Gujarat,Ahmedabad,Ahmedabad(Manekchowk),Apple,Other,Small,2015-01-03 00:00:00,6000.0,10000.0,9000.0,17
Gujarat,Ahmedabad,Ahmedabad(Manekchowk),Apple,Other,Small,2015-01-09 00:00:00,7000.0,10000.0,9000.0,17
Gujarat,Ahmedabad,Ahmedabad(Manekchowk),Apple,Other,Small,2015-01-10 00:00:00,7000.0,12000.0,10000.0,17
Gujarat,Ahmedabad,Ahmedabad(Manekchowk),Apple,Other,Small,2015-01-16 00:00:00,7000.0,10000.0,9000.0,17
Gujarat,Ahmedabad,Ahmedabad(Manekchowk),Apple,Other,Small,2015-01-17 00:00:00,7000.0,12000.0,10000.0,17
Gujarat,Ahmedabad,Ahmedabad(Manekchowk),Apple,Other,Small,2015-01-26 00:00:00,8000.0,12000.0,11000.0,17
Gujarat,Ahmedabad,Ahmedabad(Manekchowk),Apple,Other,Small,2015-01-29 00:00:00,7000.0,12000.0,10000.0,17
Gujarat,Ahmedabad,Ahmedabad(Manekchowk),Apple,Other,Small,2015-02-05 00:00:00,7000.0,10000.0,9000.0,17
Gujarat,Ahmedabad,Ahmedabad(Manekchowk),Apple,Other,Medium,2015-02-12 00:00:00,7000.0,10000.0,9000.0,17
Gujarat,Ahmedabad,Ahmedabad(Manekchowk),Apple,Other,Medium,2015-02-19 00:00:00,7000.0,9000.0,8500.0,17
Gujarat,Ahmedabad,Ahmedabad(Manekchowk),Apple,Other,Medium,2015-02-28 00:00:00,8000.0,10000.0,9000.0,17
Gujarat,Ahmedabad,Ahmedabad(Manekchowk),Apple,Other,Medium,2015-03-09 00:00:00,7000.0,13000.0,12000.0,17
Gujarat,Ahmedabad,Ahmedabad(Manekchowk),Apple,Other,Medium,2015-03-11 00:00:00,8000.0,12000.0,11000.0,17
Gujarat,Ahmedabad,Ahmedabad(Manekchowk),Apple,Other,Medium,2015-03-23 00:00:00,8000.0,10000.0,9500.0,17
Gujarat,Ahmedabad,Ahmedabad(Manekchowk),Apple,Other,Medium,2015-03-25 00:00:00,800.0,12000.0,11000.0,17
Gujarat,Ahmedabad,Ahmedabad(Manekchowk),Apple,Other,Medium,2015-04-02 00:00:00,8000.0,12000.0,11000.0,17
Gujarat,Ahmedabad,Ahmedabad(Manekchowk),Apple,Other,Medium,2015-04-15 00:00:00,10000.0,12000.0,11500.0,17
Gujarat,Ahmedabad,Ahmedabad(Manekchowk),Apple,Other,Medium,2015-05-01 00:00:00,1200.0,15000.0,14000.0,17
Gujarat,Ahmedabad,Ahmedabad(Manekchowk),Apple,Other,Medium,2015-05-02 00:00:00,10000.0,12000.0,11000.0,17
Gujarat,Ahmedabad,Ahmedabad(Manekchowk),Apple,Other,Medium,2015-05-04 00:00:00,8000.0,12000.0,10000.0,17
Gujarat,Ahmedabad,Ahmedabad(Manekchowk),Apple,Other,Medium,2015-05-05 00:00:00,800.0,12000.0,11000.0,17
Gujarat,Ahmedabad,Ahmedabad(Manekchowk),Apple,Other,Medium,2015-05-07 00:00:00,9000.0,13000.0,12000.0,17
Gujarat,Ahmedabad,Ahmedabad(Manekchowk),Apple,Other,Medium,2015-05-12 00:00:00,9000.0,14000.0,12000.0,17
Gujarat,Ahmedabad,Ahmedabad(Manekchowk),Apple,Other,Medium,2015-05-22 00:00:00,8000.0,12000.0,11000.0,17
Gujarat,Ahmedabad,Ahmedabad(Manekchowk),Apple,Other,Medium,2015-05-26 00:00:00,8000.0,10000.0,9000.0,17
Gujarat,Ahmedabad,Ahmedabad(Manekchowk),Apple,Other,Medium,2015-06-04 00:00:00,12000.0,15000.0,14000.0,17
Gujarat,Ahmedabad,Ahmedabad(Manekchowk),Apple,Other,Medium,2015-06-10 00:00:00,12000.0,13500.0,13000.0,17
Gujarat,Ahmedabad,Ahmedabad(Manekchowk),Apple,Other,Medium,2015-06-16 00:00:00,10000.0,13000.0,12000.0,17
Gujarat,Ahmedabad,Ahmedabad(Manekchowk),Apple,Other,Medium,2015-07-07 00:00:00,10000.0,13000.0,12000.0,17
Gujarat,Ahmedabad,Ahmedabad(Manekchowk),Apple,Other,Medium,2015-07-08 00:00:00,10000.0,13000.0,12000.0,17
Gujarat,Ahmedabad,Ahmedabad(Manekchowk),Apple,Other,Medium,2015-07-11 00:00:00,5000.0,13000.0,9000.0,17
Gujarat,Ahmedabad,Ahmedabad(Manekchowk),Apple,Other,Medium,2015-07-17 00:00:00,9000.0,13000.0,11000.0,17
Gujarat,Ahmedabad,Ahmedabad(Manekchowk),Apple,Other,Medium,2015-07-21 00:00:00,9000.0,13000.0,11000.0,17
Gujarat,Ahmedabad,Ahmedabad(Manekchowk),Apple,Other,Medium,2015-07-24 00:00:00,8000.0,13000.0,11000.0,17
Gujarat,Ahmedabad,Ahmedabad(Manekchowk),Apple,Other,Medium,2015-08-01 00:00:00,6000.0,13000.0,10000.0,17
Gujarat,Vadodara(Baroda),Vadodara(Navapura),Apple,Other,Medium,2015-05-29 00:00:00,7000.0,9000.0,8000.0,17
Gujarat,Vadodara(Baroda),Vadodara(Navapura),Apple,Other,Medium,2015-06-04 00:00:00,7000.0,9000.0,8000.0,17
Gujarat,Vadodara(Baroda),Vadodara(Navapura),Apple,Other,Large,2015-06-19 00:00:00,7000.0,9000.0,8000.0,17
Gujarat,Vadodara(Baroda),Vadodara(Navapura),Apple,Other,Large,2015-07-02 00:00:00,7000.0,9000.0,8000.0,17
Gujarat,Vadodara(Baroda),Vadodara(Navapura),Apple,Other,Medium,2015-07-04 00:00:00,8000.0,10000.0,9000.0,17
Gujarat,Vadodara(Baroda),Vadodara(Navapura),Apple,Other,Medium,2015-07-08 00:00:00,7000.0,9000.0,8000.0,17
Gujarat,Vadodara(Baroda),Vadodara(Navapura),Apple,Other,Medium,2015-07-20 00:00:00,7000.0,9000.0,8000.0,17
Gujarat,Vadodara(Baroda),Vadodara(Navapura),Apple,Other,Medium,2015-07-21 00:00:00,7000.0,9000.0,8000.0,17
Gujarat,Vadodara(Baroda),Vadodara(Navapura),Apple,Other,Medium,2015-07-31 00:00:00,8000.0,12000.0,10000.0,17
Gujarat,Vadodara(Baroda),Vadodara(Navapura),Apple,Other,Medium,2015-08-18 00:00:00,6000.0,10000.0,8000.0,17
Gujarat,Vadodara(Baroda),Vadodara(Navapura),Apple,Other,Medium,2015-08-28 00:00:00,5000.0,10000.0,8000.0,17
Gujarat,Vadodara(Baroda),Vadodara(Navapura),Apple,Other,Medium,2015-08-29 00:00:00,5000.0,10000.0,8000.0,17
Gujarat,Vadodara(Baroda),Vadodara(Navapura),Apple,Other,Medium,2015-09-02 00:00:00,4000.0,6000.0,5000.0,17
Gujarat,Vadodara(Baroda),Vadodara(Navapura),Apple,Other,Medium,2015-09-08 00:00:00,4000.0,6000.0,5000.0,17
Gujarat,Vadodara(Baroda),Vadodara(Navapura),Apple,Other,Medium,2015-09-21 00:00:00,4000.0,6000.0,5000.0,17
Gujarat,Vadodara(Baroda),Vadodara(Navapura),Apple,Other,Medium,2015-10-05 00:00:00,4000.0,6000.0,5000.0,17
Gujarat,Vadodara(Baroda),Vadodara(Navapura),Apple,Other,Medium,2015-10-07 00:00:00,4000.0,6000.0,5000.0,17
Gujarat,Vadodara(Baroda),Vadodara(Navapura),Apple,Other,Medium,2015-10-10 00:00:00,4000.0,6000.0,5000.0,17
Gujarat,Vadodara(Baroda),Vadodara(Navapura),Apple,Other,Medium,2015-10-15 00:00:00,4000.0,6000.0,5000.0,17
Gujarat,Vadodara(Baroda),Vadodara(Navapura),Apple,Other,Medium,2015-10-16 00:00:00,4000.0,6000.0,5000.0,17
Gujarat,Vadodara(Baroda),Vadodara(Navapura),Apple,Other,Medium,2015-10-18 00:00:00,4000.0,6000.0,5000.0,17
Gujarat,Vadodara(Baroda),Vadodara(Navapura),Apple,Other,Medium,2015-10-23 00:00:00,4000.0,6000.0,5000.0,17
Gujarat,Vadodara(Baroda),Vadodara(Navapura),Apple,Other,Medium,2015-10-25 00:00:00,4000.0,6000.0,5000.0,17
Gujarat,Vadodara(Baroda),Vadodara(Navapura),Apple,Other,Medium,2015-11-02 00:00:00,4000.0,6000.0,5000.0,17
Gujarat,Vadodara(Baroda),Vadodara(Navapura),Apple,Other,Medium,2015-11-04 00:00:00,5000.0,7000.0,6000.0,17
Gujarat,Vadodara(Baroda),Vadodara(Navapura),Apple,Other,Medium,2015-11-27 00:00:00,5000.0,7000.0,6000.0,17
Gujarat,Vadodara(Baroda),Vadodara(Navapura),Apple,Other,Medium,2015-12-23 00:00:00,5000.0,7000.0,6000.0,17
Gujarat,Vadodara(Baroda),Vadodara(Navapura),Apple,Other,Medium,2015-12-25 00:00:00,5000.0,7000.0,6000.0,17
Gujarat,Vadodara(Baroda),Vadodara(Navapura),Apple,Other,Medium,2015-12-31 00:00:00,5000.0,7000.0,6000.0,17
Gujarat,Bharuch,Bharuch,Apple,Other,Small,2003-07-22 00:00:00,1800.0,2000.0,1900.0,17
Gujarat,Bharuch,Bharuch,Apple,Other,Small,2003-07-28 00:00:00,1000.0,1300.0,1150.0,17
Gujarat,Bharuch,Bharuch,Apple,Other,Large,2003-08-29 00:00:00,2000.0,2500.0,2250.0,17
Gujarat,Bharuch,Bharuch,Apple,Other,Medium,2003-08-30 00:00:00,1500.0,1700.0,1600.0,17
Gujarat,Bharuch,Bharuch,Apple,Other,Large,2003-09-04 00:00:00,2000.0,3000.0,2500.0,17
Gujarat,Bharuch,Bharuch,Apple,Other,Medium,2003-09-06 00:00:00,1000.0,1100.0,1050.0,17
Gujarat,Bharuch,Bharuch,Apple,Other,Medium,2003-09-08 00:00:00,1000.0,1100.0,1050.0,17
Gujarat,Bharuch,Bharuch,Apple,Other,Large,2003-09-11 00:00:00,2000.0,2500.0,2250.0,17
Gujarat,Bharuch,Bharuch,Apple,Other,Medium,2003-09-17 00:00:00,1000.0,1100.0,1050.0,17
Gujarat,Bharuch,Bharuch,Apple,Other,Medium,2003-09-18 00:00:00,1000.0,1100.0,1050.0,17
Gujarat,Bharuch,Bharuch,Apple,Other,Large,2003-09-20 00:00:00,2000.0,2500.0,2250.0,17
Gujarat,Bharuch,Bharuch,Apple,Other,Large,2003-09-29 00:00:00,2000.0,2200.0,2100.0,17
Gujarat,Bharuch,Bharuch,Apple,Other,Medium,2003-09-30 00:00:00,800.0,900.0,850.0,17
Gujarat,Bharuch,Bharuch,Apple,Other,Large,2003-10-10 00:00:00,2000.0,3000.0,2500.0,17
Gujarat,Bharuch,Bharuch,Apple,Other,Medium,2003-10-17 00:00:00,1000.0,1500.0,1250.0,17
Gujarat,Bharuch,Bharuch,Apple,Other,Large,2003-10-21 00:00:00,2000.0,3000.0,2500.0,17
Gujarat,Bharuch,Bharuch,Apple,Other,Medium,2003-11-01 00:00:00,2000.0,3000.0,2500.0,17
Gujarat,Bharuch,Bharuch,Apple,Other,Medium,2003-12-08 00:00:00,2000.0,3000.0,2500.0,17
Gujarat,Bharuch,Bharuch,Apple,Other,Medium,2003-12-16 00:00:00,2000.0,3000.0,2500.0,17
Gujarat,Bharuch,Bharuch,Apple,Other,Medium,2003-12-19 00:00:00,2000.0,3000.0,2500.0,17
Gujarat,Ahmedabad,"Ahmedabad(Fruit Market, Naroda)",Apple,Other,Medium,2018-01-04 00:00:00,5900,7000,6500.0,17
Gujarat,Ahmedabad,"Ahmedabad(Fruit Market, Naroda)",Apple,Other,Medium,2018-01-05 00:00:00,5800,7000,6500.0,17
Gujarat,Ahmedabad,"Ahmedabad(Fruit Market, Naroda)",Apple,Other,Medium,2018-01-13 00:00:00,5800,7000,6400.0,17
Gujarat,Ahmedabad,"Ahmedabad(Fruit Market, Naroda)",Apple,Other,Medium,2018-01-20 00:00:00,5900,7000,6500.0,17
Gujarat,Ahmedabad,"Ahmedabad(Fruit Market, Naroda)",Apple,Other,Medium,2018-01-31 00:00:00,5900,7000,6500.0,17
Gujarat,Ahmedabad,"Ahmedabad(Fruit Market, Naroda)",Apple,Other,Medium,2018-02-06 00:00:00,6000,7000,6500.0,17
Gujarat,Ahmedabad,"Ahmedabad(Fruit Market, Naroda)",Apple,Other,Medium,2018-02-10 00:00:00,6000,7000,6500.0,17
Gujarat,Ahmedabad,"Ahmedabad(Fruit Market, Naroda)",Apple,Other,Medium,2018-02-26 00:00:00,5800,7000,6400.0,17
Gujarat,Ahmedabad,"Ahmedabad(Fruit Market, Naroda)",Apple,Other,Medium,2018-03-01 00:00:00,5800,7000,6400.0,17
Gujarat,Ahmedabad,"Ahmedabad(Fruit Market, Naroda)",Apple,Other,Medium,2018-03-06 00:00:00,6000,7000,6500.0,17
Gujarat,Ahmedabad,"Ahmedabad(Fruit Market, Naroda)",Apple,Other,Medium,2018-03-19 00:00:00,6000,7000,6500.0,17
Gujarat,Ahmedabad,"Ahmedabad(Fruit Market, Naroda)",Apple,Other,Medium,2018-03-23 00:00:00,5800,7000,6500.0,17
Gujarat,Ahmedabad,"Ahmedabad(Fruit Market, Naroda)",Apple,Other,Medium,2018-03-26 00:00:00,5800,7000,6400.0,17
Gujarat,Ahmedabad,"Ahmedabad(Fruit Market, Naroda)",Apple,Other,Medium,2018-04-04 00:00:00,6000,7500,6800.0,17
Gujarat,Ahmedabad,"Ahmedabad(Fruit Market, Naroda)",Apple,Other,Medium,2018-04-07 00:00:00,7000,8000,8000.0,17
Gujarat,Ahmedabad,"Ahmedabad(Fruit Market, Naroda)",Apple,Other,Medium,2018-04-10 00:00:00,6600,8000,7300.0,17
Gujarat,Ahmedabad,"Ahmedabad(Fruit Market, Naroda)",Apple,Other,Medium,2018-05-16 00:00:00,8600,9000,8800.0,17
Gujarat,Ahmedabad,"Ahmedabad(Fruit Market, Naroda)",Apple,Other,Medium,2018-05-18 00:00:00,8500,9400,9000.0,17
Gujarat,Ahmedabad,"Ahmedabad(Fruit Market, Naroda)",Apple,Other,Medium,2018-05-22 00:00:00,9000,9500,9300.0,17
Gujarat,Ahmedabad,"Ahmedabad(Fruit Market, Naroda)",Apple,Other,Medium,2018-05-30 00:00:00,8800,9500,9200.0,17
Gujarat,Ahmedabad,"Ahmedabad(Fruit Market, Naroda)",Apple,Other,Medium,2018-06-01 00:00:00,9000,9500,9300.0,17
Gujarat,Ahmedabad,"Ahmedabad(Fruit Market, Naroda)",Apple,Other,Medium,2018-06-02 00:00:00,9000,9400,9200.0,17
Gujarat,Ahmedabad,"Ahmedabad(Fruit Market, Naroda)",Apple,Other,Medium,2018-06-04 00:00:00,9000,9500,9300.0,17
Gujarat,Ahmedabad,"Ahmedabad(Fruit Market, Naroda)",Apple,Other,Medium,2018-06-09 00:00:00,9100,9500,9400.0,17
Gujarat,Ahmedabad,"Ahmedabad(Fruit Market, Naroda)",Apple,Other,Medium,2018-06-26 00:00:00,9000,9500,9300.0,17
Gujarat,Ahmedabad,"Ahmedabad(Fruit Market, Naroda)",Apple,Other,Medium,2018-06-28 00:00:00,9000,9500,9400.0,17
Gujarat,Ahmedabad,"Ahmedabad(Fruit Market, Naroda)",Apple,Other,Medium,2018-07-02 00:00:00,9000,9500,9300.0,17
Gujarat,Ahmedabad,"Ahmedabad(Fruit Market, Naroda)",Apple,Other,Medium,2018-07-16 00:00:00,8000,9600,9500.0,17
Gujarat,Ahmedabad,"Ahmedabad(Fruit Market, Naroda)",Apple,Other,Medium,2018-07-17 00:00:00,7000,9700,9500.0,17
Gujarat,Ahmedabad,"Ahmedabad(Fruit Market, Naroda)",Apple,Other,Medium,2018-07-21 00:00:00,8000,9600,9000.0,17
Gujarat,Ahmedabad,"Ahmedabad(Fruit Market, Naroda)",Apple,Other,Medium,2018-08-03 00:00:00,7500,9600,9400.0,17
Gujarat,Ahmedabad,"Ahmedabad(Fruit Market, Naroda)",Apple,Other,Medium,2018-08-20 00:00:00,7500,9200,9000.0,17
Gujarat,Ahmedabad,"Ahmedabad(Fruit Market, Naroda)",Apple,Other,Medium,2018-08-21 00:00:00,7000,9400,9200.0,17
Gujarat,Ahmedabad,"Ahmedabad(Fruit Market, Naroda)",Apple,Other,Medium,2018-08-30 00:00:00,7900,9000,9000.0,17
Gujarat,Ahmedabad,"Ahmedabad(Fruit Market, Naroda)",Apple,Other,Medium,2018-09-26 00:00:00,6500,9000,8000.0,17
Gujarat,Ahmedabad,"Ahmedabad(Fruit Market, Naroda)",Apple,Other,Medium,2018-10-13 00:00:00,7000,8800,8500.0,17
Gujarat,Ahmedabad,"Ahmedabad(Fruit Market, Naroda)",Apple,Other,Medium,2018-10-15 00:00:00,6500,8500,8000.0,17
Gujarat,Ahmedabad,"Ahmedabad(Fruit Market, Naroda)",Apple,Other,Medium,2018-10-23 00:00:00,6000,8500,8000.0,17
Gujarat,Ahmedabad,"Ahmedabad(Fruit Market, Naroda)",Apple,Other,Medium,2018-10-24 00:00:00,6500,8200,7600.0,17
Gujarat,Ahmedabad,"Ahmedabad(Fruit Market, Naroda)",Apple,Other,Medium,2018-11-05 00:00:00,7000,8500,8000.0,17
Gujarat,Ahmedabad,"Ahmedabad(Fruit Market, Naroda)",Apple,Other,Medium,2018-11-28 00:00:00,7000,8200,7600.0,17
Gujarat,Ahmedabad,"Ahmedabad(Fruit Market, Naroda)",Apple,Other,Medium,2018-12-18 00:00:00,6500,8200,7400.0,17
Gujarat,Ahmedabad,"Ahmedabad(Fruit Market, Naroda)",Apple,Other,Medium,2018-12-29 00:00:00,6000,8400,7300.0,17
Gujarat,Ahmedabad,Ahmedabad(Manekchowk),Apple,Other,Medium,2018-01-01 00:00:00,5900,7000,6500.0,17
Gujarat,Ahmedabad,Ahmedabad(Manekchowk),Apple,Other,Medium,2018-01-02 00:00:00,5800,7000,6400.0,17
Gujarat,Ahmedabad,Ahmedabad(Manekchowk),Apple,Other,Medium,2018-01-04 00:00:00,5900,7000,6500.0,17
Gujarat,Ahmedabad,Ahmedabad(Manekchowk),Apple,Other,Medium,2018-01-09 00:00:00,5800,7000,6400.0,17
Gujarat,Ahmedabad,Ahmedabad(Manekchowk),Apple,Other,Medium,2018-01-12 00:00:00,6000,7000,6500.0,17
Gujarat,Ahmedabad,Ahmedabad(Manekchowk),Apple,Other,Medium,2018-01-17 00:00:00,5900,7000,6500.0,17
Gujarat,Ahmedabad,Ahmedabad(Manekchowk),Apple,Other,Medium,2018-01-23 00:00:00,5900,7000,6500.0,17
Gujarat,Ahmedabad,Ahmedabad(Manekchowk),Apple,Other,Medium,2018-01-31 00:00:00,5900,7000,6500.0,17
Gujarat,Ahmedabad,Ahmedabad(Manekchowk),Apple,Other,Medium,2018-02-08 00:00:00,6000,7000,6500.0,17
Gujarat,Ahmedabad,Ahmedabad(Manekchowk),Apple,Other,Medium,2018-02-20 00:00:00,6000,7000,6500.0,17
Gujarat,Ahmedabad,Ahmedabad(Manekchowk),Apple,Other,Medium,2018-02-22 00:00:00,5900,7000,6500.0,17
Gujarat,Ahmedabad,Ahmedabad(Manekchowk),Apple,Other,Medium,2018-02-28 00:00:00,5800,7000,6400.0,17
Gujarat,Ahmedabad,Ahmedabad(Manekchowk),Apple,Other,Medium,2018-03-01 00:00:00,5800,7000,6400.0,17
Gujarat,Ahmedabad,Ahmedabad(Manekchowk),Apple,Other,Medium,2018-03-03 00:00:00,6000,7000,6500.0,17
Gujarat,Ahmedabad,Ahmedabad(Manekchowk),Apple,Other,Medium,2018-03-08 00:00:00,5800,7000,6400.0,17
Gujarat,Ahmedabad,Ahmedabad(Manekchowk),Apple,Other,Medium,2018-03-14 00:00:00,5800,7000,6500.0,17
Gujarat,Ahmedabad,Ahmedabad(Manekchowk),Apple,Other,Medium,2018-03-20 00:00:00,6000,7000,6500.0,17
Gujarat,Ahmedabad,Ahmedabad(Manekchowk),Apple,Other,Medium,2018-03-28 00:00:00,5800,7000,6400.0,17
Gujarat,Ahmedabad,Ahmedabad(Manekchowk),Apple,Other,Medium,2018-04-05 00:00:00,6000,8000,7000.0,17
Gujarat,Ahmedabad,Ahmedabad(Manekchowk),Apple,Other,Medium,2018-05-15 00:00:00,8500,8900,8700.0,17
Gujarat,Ahmedabad,Ahmedabad(Manekchowk),Apple,Other,Medium,2018-05-16 00:00:00,8600,9000,8800.0,17
Gujarat,Ahmedabad,Ahmedabad(Manekchowk),Apple,Other,Medium,2018-05-19 00:00:00,9000,9500,9300.0,17
Gujarat,Ahmedabad,Ahmedabad(Manekchowk),Apple,Other,Medium,2018-05-22 00:00:00,9000,9500,9300.0,17
Gujarat,Ahmedabad,Ahmedabad(Manekchowk),Apple,Other,Medium,2018-05-30 00:00:00,8800,9500,9200.0,17
Gujarat,Ahmedabad,Ahmedabad(Manekchowk),Apple,Other,Medium,2018-05-31 00:00:00,8900,9500,9200.0,17
Gujarat,Ahmedabad,Ahmedabad(Manekchowk),Apple,Other,Medium,2018-06-04 00:00:00,9000,9500,9300.0,17
Gujarat,Ahmedabad,Ahmedabad(Manekchowk),Apple,Other,Medium,2018-06-07 00:00:00,9100,9500,9300.0,17
Gujarat,Ahmedabad,Ahmedabad(Manekchowk),Apple,Other,Medium,2018-06-08 00:00:00,9100,9500,9300.0,17
Gujarat,Ahmedabad,Ahmedabad(Manekchowk),Apple,Other,Medium,2018-06-12 00:00:00,9000,9600,9300.0,17
Gujarat,Ahmedabad,Ahmedabad(Manekchowk),Apple,Other,Medium,2018-07-02 00:00:00,9000,9500,9300.0,17
Gujarat,Ahmedabad,Ahmedabad(Manekchowk),Apple,Other,Medium,2018-07-05 00:00:00,9000,9600,9400.0,17
Gujarat,Ahmedabad,Ahmedabad(Manekchowk),Apple,Other,Medium,2018-07-07 00:00:00,7000,9500,9400.0,17
Gujarat,Ahmedabad,Ahmedabad(Manekchowk),Apple,Other,Medium,2018-07-09 00:00:00,8500,9600,9400.0,17
Gujarat,Ahmedabad,Ahmedabad(Manekchowk),Apple,Other,Medium,2018-07-10 00:00:00,8000,9600,9400.0,17
Gujarat,Ahmedabad,Ahmedabad(Manekchowk),Apple,Other,Medium,2018-07-25 00:00:00,7500,9500,9400.0,17
Gujarat,Ahmedabad,Ahmedabad(Manekchowk),Apple,Other,Medium,2018-07-27 00:00:00,8500,9800,9500.0,17
Gujarat,Ahmedabad,Ahmedabad(Manekchowk),Apple,Other,Medium,2018-07-28 00:00:00,8000,9800,9500.0,17
Gujarat,Ahmedabad,Ahmedabad(Manekchowk),Apple,Other,Medium,2018-07-31 00:00:00,7500,9500,9400.0,17
Gujarat,Ahmedabad,Ahmedabad(Manekchowk),Apple,Other,Medium,2018-08-04 00:00:00,7800,9500,8700.0,17
Gujarat,Ahmedabad,Ahmedabad(Manekchowk),Apple,Other,Medium,2018-08-21 00:00:00,7000,9400,9200.0,17
Gujarat,Ahmedabad,Ahmedabad(Manekchowk),Apple,Other,Medium,2018-08-28 00:00:00,7000,9000,8900.0,17
Gujarat,Ahmedabad,Ahmedabad(Manekchowk),Apple,Other,Medium,2018-08-29 00:00:00,7400,9100,9000.0,17
Gujarat,Ahmedabad,Ahmedabad(Manekchowk),Apple,Other,Medium,2018-08-30 00:00:00,7900,9000,9000.0,17
Gujarat,Ahmedabad,Ahmedabad(Manekchowk),Apple,Other,Medium,2018-09-22 00:00:00,6500,8900,8500.0,17
Gujarat,Ahmedabad,Ahmedabad(Manekchowk),Apple,Other,Medium,2018-09-24 00:00:00,7500,9000,8500.0,17
Gujarat,Ahmedabad,Ahmedabad(Manekchowk),Apple,Other,Medium,2018-09-29 00:00:00,7000,8700,8000.0,17
Gujarat,Ahmedabad,Ahmedabad(Manekchowk),Apple,Other,Medium,2018-10-03 00:00:00,6500,8800,8000.0,17
Gujarat,Ahmedabad,Ahmedabad(Manekchowk),Apple,Other,Medium,2018-10-04 00:00:00,6500,8700,8500.0,17
Gujarat,Ahmedabad,Ahmedabad(Manekchowk),Apple,Other,Medium,2018-10-10 00:00:00,6000,8000,7500.0,17
Gujarat,Ahmedabad,Ahmedabad(Manekchowk),Apple,Other,Medium,2018-10-13 00:00:00,7000,8800,8500.0,17
Gujarat,Ahmedabad,Ahmedabad(Manekchowk),Apple,Other,Medium,2018-10-16 00:00:00,7500,9000,8500.0,17
Gujarat,Ahmedabad,Ahmedabad(Manekchowk),Apple,Other,Medium,2018-10-22 00:00:00,6500,8900,8000.0,17
Gujarat,Ahmedabad,Ahmedabad(Manekchowk),Apple,Other,Medium,2018-10-25 00:00:00,6000,8500,7500.0,17
Gujarat,Ahmedabad,Ahmedabad(Manekchowk),Apple,Other,Medium,2018-10-27 00:00:00,7000,8500,8000.0,17
Gujarat,Ahmedabad,Ahmedabad(Manekchowk),Apple,Other,Medium,2018-10-30 00:00:00,6500,8200,7500.0,17
Gujarat,Ahmedabad,Ahmedabad(Manekchowk),Apple,Other,Medium,2018-11-06 00:00:00,7000,8500,8000.0,17
Gujarat,Ahmedabad,Ahmedabad(Manekchowk),Apple,Other,Medium,2018-11-27 00:00:00,6000,8000,7000.0,17
Gujarat,Ahmedabad,Ahmedabad(Manekchowk),Apple,Other,Medium,2018-11-28 00:00:00,7000,8200,7600.0,17
Gujarat,Ahmedabad,Ahmedabad(Manekchowk),Apple,Other,Medium,2018-12-03 00:00:00,6000,8000,7500.0,17
Gujarat,Ahmedabad,Ahmedabad(Manekchowk),Apple,Other,Medium,2018-12-04 00:00:00,6000,8500,7300.0,17
Gujarat,Ahmedabad,Ahmedabad(Manekchowk),Apple,Other,Medium,2018-12-11 00:00:00,6500,8000,7300.0,17
Gujarat,Ahmedabad,Ahmedabad(Manekchowk),Apple,Other,Medium,2018-12-21 00:00:00,6500,8500,7500.0,17
Gujarat,Ahmedabad,Ahmedabad(Manekchowk),Apple,Other,Medium,2018-12-27 00:00:00,6500,8300,7500.0,17
Gujarat,Ahmedabad,Ahmedabad(Manekchowk),Apple,Other,Medium,2018-12-28 00:00:00,7500,8400,8000.0,17
Gujarat,Banaskanth,Deesa(Deesa Veg Yard),Apple,Other,Medium,2018-01-06 00:00:00,4500,7000,4750.0,17
Gujarat,Banaskanth,Deesa(Deesa Veg Yard),Apple,Other,Medium,2018-01-09 00:00:00,4500,6000,5250.0,17
Gujarat,Banaskanth,Deesa(Deesa Veg Yard),Apple,Other,Medium,2018-01-16 00:00:00,5000,7000,6000.0,17
Gujarat,Banaskanth,Deesa(Deesa Veg Yard),Apple,Other,Medium,2018-01-19 00:00:00,4500,6000,5250.0,17
Gujarat,Banaskanth,Deesa(Deesa Veg Yard),Apple,Other,Medium,2018-01-24 00:00:00,4500,5000,4750.0,17
Gujarat,Banaskanth,Deesa(Deesa Veg Yard),Apple,Other,Medium,2018-01-29 00:00:00,4000,7000,5500.0,17
Gujarat,Banaskanth,Deesa(Deesa Veg Yard),Apple,Other,Medium,2018-02-08 00:00:00,6000,7000,6500.0,17
Gujarat,Banaskanth,Deesa(Deesa Veg Yard),Apple,Other,Medium,2018-02-12 00:00:00,6000,7000,6500.0,17
Gujarat,Banaskanth,Deesa(Deesa Veg Yard),Apple,Other,Medium,2018-02-17 00:00:00,6000,7000,6500.0,17
Gujarat,Banaskanth,Deesa(Deesa Veg Yard),Apple,Other,Medium,2018-02-27 00:00:00,7000,8000,7500.0,17
Gujarat,Banaskanth,Deesa(Deesa Veg Yard),Apple,Other,Medium,2018-02-28 00:00:00,7000,8000,7500.0,17
Gujarat,Banaskanth,Deesa(Deesa Veg Yard),Apple,Other,Medium,2018-03-12 00:00:00,7000,8000,7500.0,17
Gujarat,Banaskanth,Deesa(Deesa Veg Yard),Apple,Other,Medium,2018-04-03 00:00:00,8000,16000,12000.0,17
Gujarat,Banaskanth,Deesa(Deesa Veg Yard),Apple,Other,Medium,2018-04-10 00:00:00,9000,16000,10500.0,17
Gujarat,Banaskanth,Deesa(Deesa Veg Yard),Apple,Other,Medium,2018-05-11 00:00:00,14000,15000,14500.0,17
Gujarat,Banaskanth,Deesa(Deesa Veg Yard),Apple,Other,Medium,2018-05-19 00:00:00,15000,17500,16250.0,17
Gujarat,Banaskanth,Deesa(Deesa Veg Yard),Apple,Other,Medium,2018-05-21 00:00:00,15000,17500,16250.0,17
Gujarat,Banaskanth,Deesa(Deesa Veg Yard),Apple,Other,Medium,2018-05-22 00:00:00,15000,16000,15500.0,17
Gujarat,Banaskanth,Deesa(Deesa Veg Yard),Apple,Other,Medium,2018-05-30 00:00:00,14000,15000,14500.0,17
Gujarat,Banaskanth,Deesa(Deesa Veg Yard),Apple,Other,Medium,2018-06-05 00:00:00,14000,15000,14500.0,17
Gujarat,Banaskanth,Deesa(Deesa Veg Yard),Apple,Other,Medium,2018-06-19 00:00:00,12500,15000,13750.0,17
Gujarat,Banaskanth,Deesa(Deesa Veg Yard),Apple,Other,Medium,2018-08-08 00:00:00,9000,15000,12000.0,17
Gujarat,Banaskanth,Deesa(Deesa Veg Yard),Apple,Other,Medium,2018-08-13 00:00:00,10000,15000,12500.0,17
Gujarat,Banaskanth,Deesa(Deesa Veg Yard),Apple,Other,Medium,2018-08-21 00:00:00,14000,16000,15000.0,17
Gujarat,Banaskanth,Deesa(Deesa Veg Yard),Apple,Other,Medium,2018-08-27 00:00:00,12500,15000,13750.0,17
Gujarat,Banaskanth,Deesa(Deesa Veg Yard),Apple,Other,Medium,2018-08-28 00:00:00,12500,15000,13750.0,17
Gujarat,Banaskanth,Deesa(Deesa Veg Yard),Apple,Other,Medium,2018-09-07 00:00:00,10000,15000,12500.0,17
Gujarat,Banaskanth,Deesa(Deesa Veg Yard),Apple,Other,Medium,2018-09-24 00:00:00,5000,7000,6000.0,17
Gujarat,Bharuch,Bharuch,Apple,Royal Mishri,Large,2018-10-24 00:00:00,2500,4500,3500.0,17
Gujarat,Bharuch,Bharuch,Apple,Royal Mishri,Large,2018-11-21 00:00:00,2500,4500,3500.0,17
Gujarat,Bharuch,Bharuch,Apple,Royal Mishri,Large,2018-11-29 00:00:00,2500,4500,3500.0,17
Gujarat,Bharuch,Bharuch,Apple,Royal Mishri,Large,2018-12-01 00:00:00,2500,4500,4000.0,17
Gujarat,Bharuch,Bharuch,Apple,Royal Mishri,Medium,2018-12-03 00:00:00,2500,4500,3500.0,17
Gujarat,Bharuch,Bharuch,Apple,Royal Mishri,Medium,2018-12-08 00:00:00,3000,4500,4000.0,17
Gujarat,Rajkot,Gondal(Veg.market Gondal),Apple,Apple,Medium,2018-01-03 00:00:00,4000,6500,5000.0,17
Gujarat,Rajkot,Gondal(Veg.market Gondal),Apple,Apple,Medium,2018-01-04 00:00:00,3500,6500,5000.0,17
Gujarat,Rajkot,Gondal(Veg.market Gondal),Apple,Apple,Medium,2018-01-27 00:00:00,6500,6500,6500.0,17
Gujarat,Rajkot,Gondal(Veg.market Gondal),Apple,Apple,Medium,2018-02-08 00:00:00,6000,7000,6500.0,17
Gujarat,Rajkot,Gondal(Veg.market Gondal),Apple,Apple,Medium,2018-02-09 00:00:00,6000,7000,6500.0,17
Gujarat,Rajkot,Gondal(Veg.market Gondal),Apple,Apple,Medium,2018-02-12 00:00:00,6000,7000,6500.0,17
Gujarat,Rajkot,Gondal(Veg.market Gondal),Apple,Apple,Medium,2018-02-18 00:00:00,6000,7000,6500.0,17
Gujarat,Rajkot,Gondal(Veg.market Gondal),Apple,Apple,Medium,2018-02-20 00:00:00,7500,8500,8000.0,17
Gujarat,Rajkot,Gondal(Veg.market Gondal),Apple,Apple,Medium,2018-02-22 00:00:00,7000,8000,7500.0,17
Gujarat,Rajkot,Gondal(Veg.market Gondal),Apple,Apple,Medium,2018-03-22 00:00:00,9000,10000,9500.0,17
Gujarat,Rajkot,Gondal(Veg.market Gondal),Apple,Apple,Medium,2018-03-27 00:00:00,8500,10000,9250.0,17
Gujarat,Rajkot,Gondal(Veg.market Gondal),Apple,Apple,Medium,2018-04-04 00:00:00,13000,15000,14000.0,17
Gujarat,Rajkot,Gondal(Veg.market Gondal),Apple,Apple,Medium,2018-04-07 00:00:00,12000,15000,13500.0,17
Gujarat,Rajkot,Gondal(Veg.market Gondal),Apple,Apple,Medium,2018-04-09 00:00:00,13500,14500,14000.0,17
Gujarat,Rajkot,Gondal(Veg.market Gondal),Apple,Apple,Medium,2018-04-10 00:00:00,13500,14500,14000.0,17
Gujarat,Rajkot,Gondal(Veg.market Gondal),Apple,Apple,Medium,2018-04-12 00:00:00,9000,12500,10750.0,17
Gujarat,Rajkot,Gondal(Veg.market Gondal),Apple,Apple,Medium,2018-04-14 00:00:00,7500,12500,10000.0,17
Gujarat,Rajkot,Gondal(Veg.market Gondal),Apple,Apple,Medium,2018-04-21 00:00:00,7500,12500,10000.0,17
Gujarat,Rajkot,Gondal(Veg.market Gondal),Apple,Apple,Medium,2018-04-24 00:00:00,13500,14500,14000.0,17
Gujarat,Rajkot,Gondal(Veg.market Gondal),Apple,Apple,Medium,2018-04-27 00:00:00,10000,12500,11250.0,17
Gujarat,Rajkot,Gondal(Veg.market Gondal),Apple,Apple,Medium,2018-05-01 00:00:00,10000,15000,12500.0,17
Gujarat,Rajkot,Gondal(Veg.market Gondal),Apple,Apple,Medium,2018-05-07 00:00:00,15000,17500,16250.0,17
Gujarat,Rajkot,Gondal(Veg.market Gondal),Apple,Apple,Medium,2018-05-17 00:00:00,13000,16000,14500.0,17
Gujarat,Rajkot,Gondal(Veg.market Gondal),Apple,Apple,Medium,2018-05-26 00:00:00,11000,16000,13500.0,17
Gujarat,Rajkot,Gondal(Veg.market Gondal),Apple,Apple,Medium,2018-06-09 00:00:00,13000,16000,14750.0,17
Gujarat,Rajkot,Gondal(Veg.market Gondal),Apple,Apple,Large,2018-06-16 00:00:00,14000,16000,15000.0,17
Gujarat,Rajkot,Gondal(Veg.market Gondal),Apple,Apple,Medium,2018-06-22 00:00:00,14000,15000,14500.0,17
Gujarat,Rajkot,Gondal(Veg.market Gondal),Apple,Apple,Medium,2018-06-29 00:00:00,14000,16500,15250.0,17
Gujarat,Rajkot,Gondal(Veg.market Gondal),Apple,Apple,Medium,2018-07-02 00:00:00,14000,15000,14500.0,17
Gujarat,Rajkot,Gondal(Veg.market Gondal),Apple,Apple,Medium,2018-07-17 00:00:00,9000,18000,13500.0,17
Gujarat,Rajkot,Gondal(Veg.market Gondal),Apple,Apple,Medium,2018-08-04 00:00:00,5000,12500,8750.0,17
Gujarat,Rajkot,Gondal(Veg.market Gondal),Apple,Apple,Medium,2018-08-06 00:00:00,4000,12500,8250.0,17
Gujarat,Rajkot,Gondal(Veg.market Gondal),Apple,Apple,Medium,2018-08-09 00:00:00,5000,12500,8750.0,17
Gujarat,Rajkot,Gondal(Veg.market Gondal),Apple,Apple,Medium,2018-08-10 00:00:00,5000,10000,7500.0,17
Gujarat,Rajkot,Gondal(Veg.market Gondal),Apple,Apple,Medium,2018-08-13 00:00:00,5000,12500,8750.0,17
Gujarat,Rajkot,Gondal(Veg.market Gondal),Apple,Apple,Medium,2018-08-14 00:00:00,7500,12500,10000.0,17
Gujarat,Rajkot,Gondal(Veg.market Gondal),Apple,Apple,Medium,2018-08-21 00:00:00,3000,7500,5250.0,17
Gujarat,Rajkot,Gondal(Veg.market Gondal),Apple,Apple,Medium,2018-08-22 00:00:00,4500,9000,6750.0,17
Gujarat,Rajkot,Gondal(Veg.market Gondal),Apple,Apple,Medium,2018-08-24 00:00:00,2000,8000,5000.0,17
Gujarat,Rajkot,Gondal(Veg.market Gondal),Apple,Apple,Medium,2018-08-25 00:00:00,2500,9000,5750.0,17
Gujarat,Rajkot,Gondal(Veg.market Gondal),Apple,Apple,Medium,2018-08-27 00:00:00,3000,9000,6000.0,17
Gujarat,Rajkot,Gondal(Veg.market Gondal),Apple,Apple,Medium,2018-09-18 00:00:00,3000,7000,5000.0,17
Gujarat,Rajkot,Gondal(Veg.market Gondal),Apple,Apple,Medium,2018-09-19 00:00:00,2000,7000,4500.0,17
Gujarat,Rajkot,Gondal(Veg.market Gondal),Apple,Apple,Medium,2018-09-22 00:00:00,2000,7000,4500.0,17
Gujarat,Rajkot,Gondal(Veg.market Gondal),Apple,Apple,Medium,2018-10-02 00:00:00,2000,6500,4250.0,17
Gujarat,Rajkot,Gondal(Veg.market Gondal),Apple,Apple,Medium,2018-10-15 00:00:00,3000,7000,5000.0,17
Gujarat,Rajkot,Gondal(Veg.market Gondal),Apple,Apple,Medium,2018-10-25 00:00:00,2000,5500,3750.0,17
Gujarat,Rajkot,Gondal(Veg.market Gondal),Apple,Apple,Medium,2018-10-29 00:00:00,3000,6000,4500.0,17
Gujarat,Rajkot,Gondal(Veg.market Gondal),Apple,Apple,Medium,2018-11-15 00:00:00,4000,6000,5000.0,17
Gujarat,Rajkot,Gondal(Veg.market Gondal),Apple,Apple,Medium,2018-11-16 00:00:00,3000,6000,4500.0,17
Gujarat,Rajkot,Gondal(Veg.market Gondal),Apple,Apple,Medium,2018-11-17 00:00:00,3000,6000,4500.0,17
Gujarat,Rajkot,Gondal(Veg.market Gondal),Apple,Apple,Medium,2018-11-20 00:00:00,3500,6000,4750.0,17
Gujarat,Rajkot,Gondal(Veg.market Gondal),Apple,Apple,Medium,2018-11-21 00:00:00,3000,5000,4000.0,17
Gujarat,Rajkot,Gondal(Veg.market Gondal),Apple,Apple,Medium,2018-11-23 00:00:00,2500,5000,3750.0,17
Gujarat,Rajkot,Gondal(Veg.market Gondal),Apple,Apple,Medium,2018-11-28 00:00:00,3000,5500,4250.0,17
Gujarat,Rajkot,Gondal(Veg.market Gondal),Apple,Apple,Medium,2018-11-30 00:00:00,2000,5000,3500.0,17
Gujarat,Rajkot,Gondal(Veg.market Gondal),Apple,Apple,Medium,2018-12-25 00:00:00,4000,6000,5000.0,17
Gujarat,Vadodara(Baroda),Vadodara(Navapura),Apple,Other,Medium,2018-01-09 00:00:00,8000,10000,9000.0,17
Gujarat,Vadodara(Baroda),Vadodara(Navapura),Apple,Other,Medium,2018-01-11 00:00:00,8000,10000,9000.0,17
Gujarat,Vadodara(Baroda),Vadodara(Navapura),Apple,Other,Medium,2018-01-12 00:00:00,8000,10000,9000.0,17
Gujarat,Vadodara(Baroda),Vadodara(Navapura),Apple,Other,Medium,2018-01-15 00:00:00,8000,10000,9000.0,17
Gujarat,Vadodara(Baroda),Vadodara(Navapura),Apple,Other,Medium,2018-01-24 00:00:00,8000,10000,9000.0,17
Gujarat,Vadodara(Baroda),Vadodara(Navapura),Apple,Other,Medium,2018-01-30 00:00:00,8000,10000,9000.0,17
Gujarat,Vadodara(Baroda),Vadodara(Navapura),Apple,Other,Medium,2018-02-12 00:00:00,8000,10000,9000.0,17
Gujarat,Vadodara(Baroda),Vadodara(Navapura),Apple,Other,Medium,2018-02-18 00:00:00,8000,10000,9000.0,17
Gujarat,Vadodara(Baroda),Vadodara(Navapura),Apple,Other,Medium,2018-02-20 00:00:00,8000,10000,9000.0,17
Gujarat,Vadodara(Baroda),Vadodara(Navapura),Apple,Other,Medium,2018-08-08 00:00:00,5000,7000,6000.0,17
Gujarat,Vadodara(Baroda),Vadodara(Navapura),Apple,Other,Medium,2018-08-23 00:00:00,5000,7000,6000.0,17
Gujarat,Vadodara(Baroda),Vadodara(Navapura),Apple,Other,Medium,2018-08-28 00:00:00,5000,7000,6000.0,17
Gujarat,Vadodara(Baroda),Vadodara(Navapura),Apple,Other,Medium,2018-09-25 00:00:00,5000,7000,6000.0,17
Gujarat,Vadodara(Baroda),Vadodara(Navapura),Apple,Other,Medium,2018-11-15 00:00:00,5000,7000,6000.0,17
Gujarat,Vadodara(Baroda),Vadodara(Navapura),Apple,Other,Medium,2018-11-27 00:00:00,5000,7000,6000.0,17
Gujarat,Vadodara(Baroda),Vadodara(Navapura),Apple,Other,Medium,2018-11-28 00:00:00,5000,7000,6000.0,17
Gujarat,Vadodara(Baroda),Vadodara(Navapura),Apple,Other,Medium,2018-12-05 00:00:00,6000,8000,7000.0,17
Gujarat,Vadodara(Baroda),Vadodara(Navapura),Apple,Other,Large,2018-12-11 00:00:00,6000,8000,7000.0,17
Gujarat,Vadodara(Baroda),Vadodara(Navapura),Apple,Other,Medium,2018-12-29 00:00:00,6000,8000,7000.0,17
