State,District,Market,Commodity,Variety,Grade,Arrival_Date,Min_Price,Max_Price,Modal_Price,Commodity_Code
Gujarat,Dahod,Dahod,Beans,Other,FAQ,2006-01-05,975.0,1025.0,1000.0,94
Gujarat,Dahod,Dahod,Beans,Other,FAQ,2006-01-19,927.0,927.0,927.0,94
Gujarat,Dahod,Dahod,Beans,Other,FAQ,2006-07-06,550.0,650.0,600.0,94
Gujarat,Dahod,Jhalod,Beans,Other,FAQ,2006-01-18,940.0,950.0,945.0,94
Gujarat,Dahod,Jhalod,Beans,Other,FAQ,2006-01-20,900.0,900.0,900.0,94
Gujarat,Dahod,Jhalod,Beans,Other,FAQ,2006-01-25,925.0,950.0,937.5,94
Gujarat,Dahod,Jhalod,Beans,Other,FAQ,2006-01-31,700.0,800.0,750.0,94
Gujarat,Dahod,Jhalod,Beans,Other,FAQ,2006-02-07,775.0,800.0,787.5,94
Gujarat,Dahod,Jhalod,Beans,Other,FAQ,2006-02-08,550.0,600.0,575.0,94
Gujarat,Dahod,Jhalod,Beans,Other,FAQ,2006-03-20,600.0,700.0,650.0,94
Gujarat,Dahod,Jhalod,Beans,Other,FAQ,2006-04-26,650.0,700.0,675.0,94
Gujarat,Dahod,Jhalod,Beans,Other,FAQ,2006-12-22,1250.0,1260.0,1255.0,94
Gujarat,Jamnagar,Jamnagar,Beans,Other,FAQ,2006-11-15,3000.0,3060.0,3030.0,94
Gujarat,Jamnagar,Jamnagar,Beans,Other,FAQ,2006-11-17,2500.0,2630.0,2565.0,94
Gujarat,Jamnagar,Jamnagar,Beans,Other,FAQ,2006-12-14,2075.0,2250.0,2163.0,94
Gujarat,Junagarh,Junagadh,Beans,Beans (Whole),FAQ,2006-01-02,3150.0,4000.0,3500.0,94
Gujarat,Junagarh,Junagadh,Beans,Beans (Whole),FAQ,2006-01-04,3000.0,4200.0,3800.0,94
Gujarat,Junagarh,Junagadh,Beans,Beans (Whole),FAQ,2006-01-07,3000.0,4000.0,3575.0,94
Gujarat,Junagarh,Junagadh,Beans,Beans (Whole),FAQ,2006-01-09,2000.0,4030.0,3500.0,94
Gujarat,Junagarh,Junagadh,Beans,Beans (Whole),FAQ,2006-01-17,3000.0,4080.0,3850.0,94
Gujarat,Junagarh,Junagadh,Beans,Beans (Whole),FAQ,2006-01-20,3000.0,4230.0,3900.0,94
Gujarat,Junagarh,Junagadh,Beans,Beans (Whole),FAQ,2006-01-23,3000.0,4080.0,3750.0,94
Gujarat,Junagarh,Junagadh,Beans,Beans (Whole),FAQ,2006-01-28,2000.0,3090.0,2900.0,94
Gujarat,Junagarh,Junagadh,Beans,Beans (Whole),FAQ,2006-02-07,2000.0,2490.0,2125.0,94
Gujarat,Junagarh,Junagadh,Beans,Beans (Whole),FAQ,2006-02-15,1500.0,2775.0,2250.0,94
Gujarat,Junagarh,Junagadh,Beans,Beans (Whole),FAQ,2006-02-17,1750.0,2555.0,2400.0,94
Gujarat,Junagarh,Junagadh,Beans,Beans (Whole),FAQ,2006-03-11,2125.0,2400.0,2225.0,94
Gujarat,Junagarh,Junagadh,Beans,Beans (Whole),FAQ,2006-03-13,1950.0,2370.0,2225.0,94
Gujarat,Junagarh,Junagadh,Beans,Beans (Whole),FAQ,2006-03-17,2125.0,2525.0,2350.0,94
Gujarat,Junagarh,Junagadh,Beans,Beans (Whole),FAQ,2006-03-22,2000.0,2620.0,2400.0,94
Gujarat,Junagarh,Junagadh,Beans,Beans (Whole),FAQ,2006-04-03,2320.0,2625.0,2450.0,94
Gujarat,Junagarh,Junagadh,Beans,Beans (Whole),FAQ,2006-04-08,2250.0,2850.0,2600.0,94
Gujarat,Junagarh,Junagadh,Beans,Beans (Whole),FAQ,2006-04-10,2625.0,3040.0,2825.0,94
Gujarat,Junagarh,Junagadh,Beans,Beans (Whole),FAQ,2006-04-25,2250.0,2900.0,2700.0,94
Gujarat,Junagarh,Junagadh,Beans,Beans (Whole),FAQ,2006-05-16,1900.0,2500.0,2355.0,94
Gujarat,Junagarh,Junagadh,Beans,Beans (Whole),FAQ,2006-05-17,2000.0,2680.0,2400.0,94
Gujarat,Junagarh,Junagadh,Beans,Beans (Whole),FAQ,2006-05-22,2000.0,2200.0,2100.0,94
Gujarat,Junagarh,Junagadh,Beans,Beans (Whole),FAQ,2006-05-27,1750.0,2255.0,2000.0,94
Gujarat,Junagarh,Junagadh,Beans,Beans (Whole),FAQ,2006-06-03,1525.0,1595.0,1560.0,94
Gujarat,Junagarh,Junagadh,Beans,Beans (Whole),FAQ,2006-06-21,1050.0,1725.0,1385.0,94
Gujarat,Junagarh,Junagadh,Beans,Beans (Whole),FAQ,2006-06-29,1500.0,2030.0,1750.0,94
Gujarat,Junagarh,Junagadh,Beans,Beans (Whole),FAQ,2006-07-12,1000.0,1600.0,1225.0,94
Gujarat,Junagarh,Junagadh,Beans,Beans (Whole),FAQ,2006-10-05,1250.0,2425.0,2250.0,94
Gujarat,Junagarh,Junagadh,Beans,Beans (Whole),FAQ,2006-10-09,1750.0,2475.0,2125.0,94
Gujarat,Junagarh,Junagadh,Beans,Beans (Whole),FAQ,2006-10-10,1100.0,1750.0,1575.0,94
Gujarat,Junagarh,Junagadh,Beans,Beans (Whole),FAQ,2006-10-11,1750.0,2580.0,1900.0,94
Gujarat,Junagarh,Junagadh,Beans,Beans (Whole),FAQ,2006-10-12,1200.0,2400.0,1725.0,94
Gujarat,Junagarh,Junagadh,Beans,Beans (Whole),FAQ,2006-10-16,1875.0,2650.0,2350.0,94
Gujarat,Junagarh,Junagadh,Beans,Other,FAQ,2006-04-04,3250.0,3820.0,3500.0,94
Gujarat,Junagarh,Junagadh,Beans,Other,FAQ,2006-04-28,3540.0,3540.0,3540.0,94
Gujarat,Junagarh,Junagadh,Beans,Other,FAQ,2006-05-29,3125.0,3125.0,3125.0,94
Gujarat,Junagarh,Visavadar,Beans,Hybrid,FAQ,2006-01-07,2840.0,3560.0,3120.0,94
Gujarat,Junagarh,Visavadar,Beans,Hybrid,FAQ,2006-02-06,1810.0,2470.0,2195.0,94
Gujarat,Junagarh,Visavadar,Beans,Hybrid,FAQ,2006-02-21,2050.0,2390.0,2250.0,94
Gujarat,Junagarh,Visavadar,Beans,Hybrid,FAQ,2006-02-22,1975.0,2355.0,2125.0,94
Gujarat,Junagarh,Visavadar,Beans,Hybrid,FAQ,2006-03-03,1770.0,2360.0,2225.0,94
Gujarat,Junagarh,Visavadar,Beans,Hybrid,FAQ,2006-04-25,2205.0,2815.0,2400.0,94
Gujarat,Junagarh,Visavadar,Beans,Hybrid,FAQ,2006-04-28,2230.0,2820.0,2500.0,94
Gujarat,Junagarh,Visavadar,Beans,Hybrid,FAQ,2006-05-01,2180.0,2840.0,2625.0,94
Gujarat,Junagarh,Visavadar,Beans,Hybrid,FAQ,2006-05-02,2360.0,2800.0,2510.0,94
Gujarat,Junagarh,Visavadar,Beans,Hybrid,FAQ,2006-05-08,1980.0,2780.0,2125.0,94
Gujarat,Junagarh,Visavadar,Beans,Hybrid,FAQ,2006-05-19,1920.0,2500.0,2360.0,94
Gujarat,Junagarh,Visavadar,Beans,Hybrid,FAQ,2006-05-26,2270.0,2630.0,2500.0,94
Gujarat,Junagarh,Visavadar,Beans,Hybrid,FAQ,2006-06-12,2175.0,2735.0,2500.0,94
Gujarat,Junagarh,Visavadar,Beans,Hybrid,FAQ,2006-06-23,1250.0,1570.0,1450.0,94
Gujarat,Junagarh,Visavadar,Beans,Hybrid,FAQ,2006-06-30,1200.0,1760.0,1550.0,94
Gujarat,Junagarh,Visavadar,Beans,Hybrid,FAQ,2006-07-25,1190.0,2000.0,1550.0,94
Gujarat,Junagarh,Visavadar,Beans,Hybrid,FAQ,2006-08-03,1070.0,1550.0,1375.0,94
Gujarat,Junagarh,Visavadar,Beans,Hybrid,FAQ,2006-08-26,1340.0,1665.0,1500.0,94
Gujarat,Junagarh,Visavadar,Beans,Hybrid,FAQ,2006-08-29,1640.0,2210.0,2000.0,94
Gujarat,Junagarh,Visavadar,Beans,Hybrid,FAQ,2006-09-05,1750.0,2200.0,2000.0,94
Gujarat,Junagarh,Visavadar,Beans,Hybrid,FAQ,2006-09-20,1875.0,2400.0,2135.0,94
Gujarat,Junagarh,Visavadar,Beans,Hybrid,FAQ,2006-11-10,1240.0,2180.0,1710.0,94
Gujarat,Junagarh,Visavadar,Beans,Hybrid,FAQ,2006-11-11,1220.0,2250.0,1735.0,94
Gujarat,Junagarh,Visavadar,Beans,Hybrid,FAQ,2006-11-14,1550.0,2310.0,1930.0,94
Gujarat,Junagarh,Visavadar,Beans,Hybrid,FAQ,2006-11-24,1890.0,2400.0,2145.0,94
Gujarat,Junagarh,Visavadar,Beans,Hybrid,FAQ,2006-12-08,1250.0,1970.0,1610.0,94
Gujarat,Junagarh,Visavadar,Beans,Hybrid,FAQ,2006-12-20,1280.0,1850.0,1565.0,94
Gujarat,Kachchh,K.Mandvi,Beans,Other,FAQ,2006-03-21,3200.0,3300.0,3250.0,94
Gujarat,Panchmahals,Godhra,Beans,Other,FAQ,2006-02-28,725.0,750.0,730.0,94
Gujarat,Panchmahals,Godhra,Beans,Other,FAQ,2006-03-02,700.0,730.0,725.0,94
Gujarat,Panchmahals,Godhra,Beans,Other,FAQ,2006-03-03,725.0,750.0,730.0,94
Gujarat,Panchmahals,Godhra,Beans,Other,FAQ,2006-03-08,700.0,1000.0,805.0,94
Gujarat,Panchmahals,Godhra,Beans,Other,FAQ,2006-03-20,900.0,1500.0,1200.0,94
Gujarat,Panchmahals,Godhra,Beans,Other,FAQ,2006-03-24,900.0,1200.0,950.0,94
Gujarat,Panchmahals,Godhra,Beans,Other,FAQ,2006-04-06,900.0,1100.0,950.0,94
Gujarat,Panchmahals,Godhra,Beans,Other,FAQ,2006-04-09,750.0,850.0,785.0,94
Gujarat,Panchmahals,Godhra,Beans,Other,FAQ,2006-04-20,700.0,850.0,800.0,94
Gujarat,Panchmahals,Godhra,Beans,Other,FAQ,2006-05-15,800.0,900.0,850.0,94
Gujarat,Panchmahals,Godhra,Beans,Other,FAQ,2006-06-02,800.0,845.0,810.0,94
Gujarat,Panchmahals,Godhra,Beans,Other,FAQ,2006-11-07,900.0,910.0,905.0,94
Gujarat,Rajkot,Jasdan,Beans,Local,FAQ,2006-08-02,1755.0,1775.0,1765.0,94
Gujarat,Rajkot,Jetpur(Dist.Rajkot),Beans,Other,FAQ,2006-01-02,3255.0,4200.0,3800.0,94
Gujarat,Rajkot,Jetpur(Dist.Rajkot),Beans,Other,FAQ,2006-01-05,1800.0,3900.0,2900.0,94
Gujarat,Rajkot,Jetpur(Dist.Rajkot),Beans,Other,FAQ,2006-01-10,1850.0,3950.0,3250.0,94
Gujarat,Rajkot,Jetpur(Dist.Rajkot),Beans,Other,FAQ,2006-01-20,1900.0,2150.0,2010.0,94
Gujarat,Rajkot,Jetpur(Dist.Rajkot),Beans,Other,FAQ,2006-01-30,2350.0,3610.0,3000.0,94
Gujarat,Rajkot,Jetpur(Dist.Rajkot),Beans,Other,FAQ,2006-01-31,2355.0,3625.0,3000.0,94
Gujarat,Rajkot,Jetpur(Dist.Rajkot),Beans,Other,FAQ,2006-02-03,2005.0,2550.0,2400.0,94
Gujarat,Rajkot,Jetpur(Dist.Rajkot),Beans,Other,FAQ,2006-02-13,1750.0,2625.0,2410.0,94
Gujarat,Rajkot,Jetpur(Dist.Rajkot),Beans,Other,FAQ,2006-02-14,2005.0,2785.0,2425.0,94
Gujarat,Rajkot,Jetpur(Dist.Rajkot),Beans,Other,FAQ,2006-02-18,2055.0,2675.0,2450.0,94
Gujarat,Rajkot,Jetpur(Dist.Rajkot),Beans,Other,FAQ,2006-02-20,1900.0,2510.0,2450.0,94
Gujarat,Rajkot,Jetpur(Dist.Rajkot),Beans,Other,FAQ,2006-02-24,2250.0,2650.0,2425.0,94
Gujarat,Rajkot,Jetpur(Dist.Rajkot),Beans,Other,FAQ,2006-02-25,1850.0,2625.0,2375.0,94
Gujarat,Rajkot,Jetpur(Dist.Rajkot),Beans,Other,FAQ,2006-02-27,2350.0,2625.0,2450.0,94
Gujarat,Rajkot,Jetpur(Dist.Rajkot),Beans,Other,FAQ,2006-03-01,2300.0,2675.0,2460.0,94
Gujarat,Rajkot,Jetpur(Dist.Rajkot),Beans,Other,FAQ,2006-03-03,2375.0,2625.0,2460.0,94
Gujarat,Rajkot,Jetpur(Dist.Rajkot),Beans,Other,FAQ,2006-03-04,1500.0,2550.0,2460.0,94
Gujarat,Rajkot,Jetpur(Dist.Rajkot),Beans,Other,FAQ,2006-03-07,2250.0,2800.0,2460.0,94
Gujarat,Rajkot,Jetpur(Dist.Rajkot),Beans,Other,FAQ,2006-03-22,1952.0,2800.0,2380.0,94
Gujarat,Rajkot,Jetpur(Dist.Rajkot),Beans,Other,FAQ,2006-03-23,1600.0,2675.0,2400.0,94
Gujarat,Rajkot,Jetpur(Dist.Rajkot),Beans,Other,FAQ,2006-03-25,1625.0,2690.0,2405.0,94
Gujarat,Rajkot,Jetpur(Dist.Rajkot),Beans,Other,FAQ,2006-04-20,1650.0,3225.0,2575.0,94
Gujarat,Rajkot,Jetpur(Dist.Rajkot),Beans,Other,FAQ,2006-04-24,1900.0,3120.0,2525.0,94
Gujarat,Rajkot,Jetpur(Dist.Rajkot),Beans,Other,FAQ,2006-04-27,1800.0,3155.0,2625.0,94
Gujarat,Rajkot,Jetpur(Dist.Rajkot),Beans,Other,FAQ,2006-05-01,1900.0,3205.0,2405.0,94
Gujarat,Rajkot,Jetpur(Dist.Rajkot),Beans,Other,FAQ,2006-05-03,1450.0,3090.0,2510.0,94
Gujarat,Rajkot,Jetpur(Dist.Rajkot),Beans,Other,FAQ,2006-05-08,2005.0,2710.0,2520.0,94
Gujarat,Rajkot,Jetpur(Dist.Rajkot),Beans,Other,FAQ,2006-05-09,2075.0,2950.0,2520.0,94
Gujarat,Rajkot,Jetpur(Dist.Rajkot),Beans,Other,FAQ,2006-05-11,2125.0,2790.0,2475.0,94
Gujarat,Rajkot,Jetpur(Dist.Rajkot),Beans,Other,FAQ,2006-05-12,2450.0,3000.0,2505.0,94
Gujarat,Rajkot,Jetpur(Dist.Rajkot),Beans,Other,FAQ,2006-05-13,2125.0,2950.0,2525.0,94
Gujarat,Rajkot,Jetpur(Dist.Rajkot),Beans,Other,FAQ,2006-06-05,900.0,1605.0,1045.0,94
Gujarat,Rajkot,Jetpur(Dist.Rajkot),Beans,Other,FAQ,2006-07-10,1000.0,1925.0,1450.0,94
Gujarat,Rajkot,Jetpur(Dist.Rajkot),Beans,Other,FAQ,2006-07-19,1000.0,1905.0,1550.0,94
Gujarat,Rajkot,Jetpur(Dist.Rajkot),Beans,Other,FAQ,2006-07-24,1250.0,2000.0,1635.0,94
Gujarat,Rajkot,Jetpur(Dist.Rajkot),Beans,Other,FAQ,2006-07-26,1325.0,2250.0,1650.0,94
Gujarat,Rajkot,Jetpur(Dist.Rajkot),Beans,Other,FAQ,2006-08-08,1375.0,2250.0,2025.0,94
Gujarat,Rajkot,Jetpur(Dist.Rajkot),Beans,Other,FAQ,2006-08-10,1375.0,1750.0,1550.0,94
Gujarat,Rajkot,Jetpur(Dist.Rajkot),Beans,Other,FAQ,2006-08-31,1300.0,2900.0,2525.0,94
Gujarat,Rajkot,Jetpur(Dist.Rajkot),Beans,Other,FAQ,2006-09-06,1400.0,2175.0,2000.0,94
Gujarat,Rajkot,Jetpur(Dist.Rajkot),Beans,Other,FAQ,2006-09-07,1525.0,2355.0,2050.0,94
Gujarat,Rajkot,Jetpur(Dist.Rajkot),Beans,Other,FAQ,2006-09-15,1300.0,3200.0,2350.0,94
Gujarat,Rajkot,Jetpur(Dist.Rajkot),Beans,Other,FAQ,2006-09-18,1000.0,2880.0,2440.0,94
Gujarat,Rajkot,Jetpur(Dist.Rajkot),Beans,Other,FAQ,2006-09-20,1500.0,2925.0,2450.0,94
Gujarat,Rajkot,Jetpur(Dist.Rajkot),Beans,Other,FAQ,2006-09-21,1625.0,2700.0,2400.0,94
Gujarat,Rajkot,Jetpur(Dist.Rajkot),Beans,Other,FAQ,2006-10-05,1030.0,2055.0,2000.0,94
Gujarat,Rajkot,Jetpur(Dist.Rajkot),Beans,Other,FAQ,2006-10-10,1355.0,2755.0,2125.0,94
Gujarat,Rajkot,Jetpur(Dist.Rajkot),Beans,Other,FAQ,2006-11-08,1550.0,1950.0,1575.0,94
Gujarat,Rajkot,Jetpur(Dist.Rajkot),Beans,Other,FAQ,2006-11-24,1125.0,2375.0,2195.0,94
Gujarat,Rajkot,Jetpur(Dist.Rajkot),Beans,Other,FAQ,2006-11-27,1550.0,2055.0,1950.0,94
Gujarat,Rajkot,Jetpur(Dist.Rajkot),Beans,Other,FAQ,2006-12-04,1175.0,1965.0,1750.0,94
Gujarat,Rajkot,Jetpur(Dist.Rajkot),Beans,Other,FAQ,2006-12-09,1050.0,1850.0,1800.0,94
Gujarat,Rajkot,Jetpur(Dist.Rajkot),Beans,Other,FAQ,2006-12-12,1250.0,2055.0,1800.0,94
Gujarat,Surat,S.Mandvi,Beans,Other,FAQ,2006-02-27,1000.0,1000.0,1000.0,94
Gujarat,Surat,S.Mandvi,Beans,Other,FAQ,2006-03-02,1100.0,1100.0,1100.0,94
Gujarat,Surat,S.Mandvi,Beans,Other,FAQ,2006-03-05,1100.0,1100.0,1100.0,94
Gujarat,Surat,S.Mandvi,Beans,Other,FAQ,2006-03-22,1550.0,1550.0,1550.0,94
Gujarat,Surat,S.Mandvi,Beans,Other,FAQ,2006-03-27,1500.0,1500.0,1500.0,94
Gujarat,Surat,S.Mandvi,Beans,Other,FAQ,2006-04-03,1400.0,1400.0,1400.0,94
Gujarat,Surat,S.Mandvi,Beans,Other,FAQ,2006-04-04,1550.0,1550.0,1550.0,94
Gujarat,Surat,S.Mandvi,Beans,Other,FAQ,2006-04-10,1500.0,1500.0,1500.0,94
Gujarat,Surat,S.Mandvi,Beans,Other,FAQ,2006-04-11,1500.0,1500.0,1500.0,94
Gujarat,Surat,S.Mandvi,Beans,Other,FAQ,2006-04-12,1400.0,1400.0,1400.0,94
Gujarat,Surat,S.Mandvi,Beans,Other,FAQ,2006-05-10,1000.0,1000.0,1000.0,94
Gujarat,Surat,S.Mandvi,Beans,Other,FAQ,2006-05-21,1050.0,1050.0,1050.0,94
Gujarat,Surat,Vyra,Beans,Other,FAQ,2006-03-10,1250.0,1335.0,1292.0,94
Gujarat,Surat,Vyra,Beans,Other,FAQ,2006-04-13,1300.0,1520.0,1410.0,94
Gujarat,Vadodara(Baroda),Vadodara,Beans,Other,FAQ,2006-04-08,2200.0,2300.0,2250.0,94
Gujarat,Vadodara(Baroda),Vadodara,Beans,Other,FAQ,2006-04-15,2700.0,2800.0,2750.0,94
Gujarat,Vadodara(Baroda),Vadodara,Beans,Other,FAQ,2006-05-25,2600.0,2600.0,2600.0,94
Gujarat,Vadodara(Baroda),Vadodara,Beans,Other,FAQ,2006-05-30,2600.0,2600.0,2600.0,94
Gujarat,Vadodara(Baroda),Vadodara,Beans,Other,FAQ,2006-06-01,2600.0,2600.0,2600.0,94
Gujarat,Vadodara(Baroda),Vadodara,Beans,Other,FAQ,2006-06-03,2600.0,2600.0,2600.0,94
Gujarat,Vadodara(Baroda),Vadodara,Beans,Other,FAQ,2006-06-10,2900.0,3300.0,3000.0,94
Gujarat,Vadodara(Baroda),Vadodara,Beans,Other,FAQ,2006-07-05,2450.0,3100.0,2800.0,94
Gujarat,Vadodara(Baroda),Vadodara,Beans,Other,FAQ,2006-07-28,3100.0,3100.0,3100.0,94
Gujarat,Vadodara(Baroda),Vadodara,Beans,Other,FAQ,2006-08-29,2800.0,3400.0,3000.0,94
Gujarat,Vadodara(Baroda),Vadodara,Beans,Other,FAQ,2006-09-16,3000.0,3000.0,3000.0,94
Gujarat,Surat,Songadh,Beans,Beans (Whole),FAQ,2021-03-15 00:00:00,6300.0,6500.0,6400.0,94
Gujarat,Surat,Songadh,Beans,Beans (Whole),FAQ,2021-03-18 00:00:00,5655.0,6295.0,5975.0,94
Gujarat,Amreli,Rajula,Beans,Local,FAQ,2021-01-30 00:00:00,2660.0,2660.0,2660.0,94
Gujarat,Amreli,Rajula,Beans,Local,FAQ,2021-09-06 00:00:00,1755.0,1755.0,1755.0,94
Gujarat,Amreli,Rajula,Beans,Local,FAQ,2021-09-21 00:00:00,3755.0,3755.0,3755.0,94
Gujarat,Anand,Tarapur,Beans,Other,FAQ,2021-03-19 00:00:00,3875.0,4630.0,4516.0,94
Gujarat,Anand,Tarapur,Beans,Other,FAQ,2021-03-24 00:00:00,3875.0,4635.0,4599.0,94
Gujarat,Anand,Tarapur,Beans,Other,FAQ,2021-04-09 00:00:00,4500.0,4875.0,4628.0,94
Gujarat,Anand,Tarapur,Beans,Other,FAQ,2021-04-13 00:00:00,4000.0,4900.0,4798.0,94
Gujarat,Jamnagar,Jamnagar,Beans,Other,FAQ,2021-01-06 00:00:00,4750.0,6150.0,4938.0,94
Gujarat,Jamnagar,Jamnagar,Beans,Other,FAQ,2021-01-09 00:00:00,4000.0,4625.0,4313.0,94
Gujarat,Jamnagar,Jamnagar,Beans,Other,FAQ,2021-01-12 00:00:00,6800.0,7225.0,7013.0,94
Gujarat,Jamnagar,Jamnagar,Beans,Other,FAQ,2021-02-02 00:00:00,3500.0,6125.0,4813.0,94
Gujarat,Jamnagar,Jamnagar,Beans,Other,FAQ,2021-02-09 00:00:00,4900.0,7275.0,6088.0,94
Gujarat,Jamnagar,Jamnagar,Beans,Other,FAQ,2021-02-11 00:00:00,4500.0,5025.0,4763.0,94
Gujarat,Jamnagar,Jamnagar,Beans,Other,FAQ,2021-02-12 00:00:00,3500.0,6025.0,4763.0,94
Gujarat,Jamnagar,Jamnagar,Beans,Other,FAQ,2021-02-15 00:00:00,5500.0,6425.0,5963.0,94
Gujarat,Jamnagar,Jamnagar,Beans,Other,FAQ,2021-05-25 00:00:00,6000.0,6525.0,6263.0,94
Gujarat,Jamnagar,Jamnagar,Beans,Other,FAQ,2021-08-20 00:00:00,4775.0,6050.0,5413.0,94
Gujarat,Jamnagar,Jamnagar,Beans,Other,FAQ,2021-10-11 00:00:00,1750.0,6750.0,4250.0,94
Gujarat,Jamnagar,Jamnagar,Beans,Other,FAQ,2021-10-12 00:00:00,1025.0,4225.0,2625.0,94
Gujarat,Jamnagar,Jamnagar,Beans,Other,FAQ,2021-12-02 00:00:00,5000.0,5225.0,5113.0,94
Gujarat,Junagarh,Junagadh,Beans,Beans (Whole),FAQ,2021-01-19 00:00:00,2500.0,4505.0,3750.0,94
Gujarat,Porbandar,Porbandar,Beans,Beans (Whole),FAQ,2021-03-13 00:00:00,0.0,6800.0,6800.0,94
Gujarat,Porbandar,Porbandar,Beans,Beans (Whole),FAQ,2021-10-18 00:00:00,4700.0,4700.0,4700.0,94
Gujarat,Porbandar,Porbandar,Beans,Beans (Whole),FAQ,2021-10-20 00:00:00,5750.0,5750.0,5750.0,94
Gujarat,Rajkot,Jasdan,Beans,Other,FAQ,2021-01-11 00:00:00,3750.0,4700.0,4000.0,94
Gujarat,Rajkot,Jasdan,Beans,Other,FAQ,2021-02-03 00:00:00,3750.0,4845.0,4250.0,94
Gujarat,Rajkot,Jasdan,Beans,Other,FAQ,2021-02-05 00:00:00,2000.0,4500.0,3900.0,94
Gujarat,Rajkot,Jasdan,Beans,Other,FAQ,2021-02-08 00:00:00,4125.0,5125.0,4750.0,94
Gujarat,Rajkot,Jasdan,Beans,Other,FAQ,2021-02-11 00:00:00,2000.0,4775.0,3750.0,94
Gujarat,Rajkot,Jasdan,Beans,Other,FAQ,2021-02-13 00:00:00,2500.0,5000.0,4000.0,94
Gujarat,Rajkot,Jasdan,Beans,Other,FAQ,2021-02-15 00:00:00,2000.0,5050.0,4500.0,94
Gujarat,Rajkot,Jasdan,Beans,Other,FAQ,2021-02-27 00:00:00,4000.0,5125.0,4750.0,94
Gujarat,Rajkot,Jasdan,Beans,Other,FAQ,2021-03-12 00:00:00,2500.0,5000.0,4500.0,94
Gujarat,Rajkot,Jasdan,Beans,Other,FAQ,2021-03-16 00:00:00,5400.0,5400.0,5400.0,94
Gujarat,Rajkot,Jasdan,Beans,Other,FAQ,2021-06-08 00:00:00,1500.0,3750.0,3000.0,94
Gujarat,Rajkot,Jasdan,Beans,Other,FAQ,2021-06-09 00:00:00,3250.0,6000.0,4500.0,94
Gujarat,Rajkot,Jasdan,Beans,Other,FAQ,2021-06-14 00:00:00,3500.0,7000.0,6250.0,94
Gujarat,Rajkot,Jasdan,Beans,Other,FAQ,2021-06-24 00:00:00,1750.0,4750.0,3750.0,94
Gujarat,Rajkot,Jasdan,Beans,Other,FAQ,2021-07-13 00:00:00,1500.0,3400.0,2500.0,94
Gujarat,Rajkot,Jasdan,Beans,Other,FAQ,2021-07-16 00:00:00,1500.0,3305.0,2500.0,94
Gujarat,Rajkot,Jasdan,Beans,Other,FAQ,2021-07-22 00:00:00,1500.0,2500.0,2000.0,94
Gujarat,Rajkot,Jasdan,Beans,Other,FAQ,2021-07-28 00:00:00,1500.0,2500.0,2000.0,94
Gujarat,Rajkot,Jasdan,Beans,Other,FAQ,2021-07-30 00:00:00,2000.0,3175.0,2500.0,94
Gujarat,Rajkot,Jasdan,Beans,Other,FAQ,2021-08-24 00:00:00,4000.0,5305.0,4750.0,94
Gujarat,Rajkot,Jasdan,Beans,Other,FAQ,2021-09-14 00:00:00,3500.0,5000.0,4750.0,94
Gujarat,Rajkot,Jasdan,Beans,Other,FAQ,2021-09-29 00:00:00,2900.0,5000.0,4250.0,94
Gujarat,Rajkot,Jasdan,Beans,Other,FAQ,2021-10-30 00:00:00,4500.0,4500.0,4500.0,94
Gujarat,Rajkot,Jasdan,Beans,Other,FAQ,2021-11-18 00:00:00,4500.0,4500.0,4500.0,94
Gujarat,Rajkot,Jasdan,Beans,Other,FAQ,2021-11-24 00:00:00,4500.0,4500.0,4500.0,94
Gujarat,Rajkot,Jasdan,Beans,Other,FAQ,2021-11-27 00:00:00,4500.0,4500.0,4500.0,94
Gujarat,Rajkot,Jasdan,Beans,Other,FAQ,2021-11-29 00:00:00,4505.0,4505.0,4505.0,94
Gujarat,Rajkot,Jasdan,Beans,Other,FAQ,2021-12-07 00:00:00,4500.0,4500.0,4500.0,94
Gujarat,Rajkot,Jasdan,Beans,Other,FAQ,2021-12-09 00:00:00,4400.0,4400.0,4400.0,94
Gujarat,Rajkot,Jasdan,Beans,Other,FAQ,2021-12-11 00:00:00,3000.0,3000.0,3000.0,94
Gujarat,Rajkot,Jasdan,Beans,Other,FAQ,2021-12-20 00:00:00,3500.0,3500.0,3500.0,94
Gujarat,Rajkot,Jasdan,Beans,Other,FAQ,2021-12-23 00:00:00,5250.0,5250.0,5250.0,94
Gujarat,Rajkot,Jasdan,Beans,Other,FAQ,2021-12-25 00:00:00,4325.0,5775.0,5000.0,94
Gujarat,Rajkot,Jasdan,Beans,Other,FAQ,2021-12-27 00:00:00,5000.0,5000.0,5000.0,94
Gujarat,Rajkot,Jasdan,Beans,Other,FAQ,2021-12-30 00:00:00,3500.0,5500.0,4750.0,94
Gujarat,Surat,Mandvi,Beans,Other,FAQ,2021-03-15 00:00:00,5250.0,5500.0,5375.0,94
Gujarat,Surat,Mandvi,Beans,Other,FAQ,2021-03-22 00:00:00,5000.0,5600.0,5300.0,94
Gujarat,Surat,Mandvi,Beans,Other,FAQ,2021-04-03 00:00:00,5000.0,5000.0,5000.0,94
Gujarat,Surat,Mandvi,Beans,Other,FAQ,2021-04-27 00:00:00,4000.0,4000.0,4000.0,94
Gujarat,Surat,Mandvi,Beans,Other,FAQ,2021-05-07 00:00:00,4200.0,4400.0,4300.0,94
Gujarat,Surat,Mandvi,Beans,Other,FAQ,2021-10-09 00:00:00,4500.0,4500.0,4500.0,94
Gujarat,Surat,S.Mandvi,Beans,Other,FAQ,2021-02-24 00:00:00,7000.0,7000.0,7000.0,94
Gujarat,Surat,S.Mandvi,Beans,Other,FAQ,2021-03-05 00:00:00,6250.0,6250.0,6250.0,94
Gujarat,Surat,S.Mandvi,Beans,Other,FAQ,2021-03-14 00:00:00,5750.0,6000.0,5875.0,94
Gujarat,Surat,S.Mandvi,Beans,Other,FAQ,2021-03-15 00:00:00,5250.0,5500.0,5375.0,94
Gujarat,Surat,S.Mandvi,Beans,Other,FAQ,2021-03-22 00:00:00,5000.0,5600.0,5300.0,94
Gujarat,Surat,S.Mandvi,Beans,Other,FAQ,2021-03-23 00:00:00,5250.0,5250.0,5250.0,94
Gujarat,Surat,S.Mandvi,Beans,Other,FAQ,2021-04-23 00:00:00,5100.0,5500.0,5300.0,94
Gujarat,Surat,Songadh,Beans,Beans (Whole),FAQ,2021-02-26 00:00:00,6550.0,6550.0,6550.0,94
Gujarat,Amreli,Rajula,Beans,Local,FAQ,2020-03-03 00:00:00,3300.0,3300.0,3300.0,94
Gujarat,Amreli,Rajula,Beans,Local,FAQ,2020-10-24 00:00:00,2000.0,6255.0,4125.0,94
Gujarat,Anand,Tarapur,Beans,Other,FAQ,2020-04-22 00:00:00,3600.0,3875.0,3685.0,94
Gujarat,Anand,Tarapur,Beans,Other,FAQ,2020-04-24 00:00:00,3700.0,3900.0,3833.0,94
Gujarat,Anand,Tarapur,Beans,Other,FAQ,2020-06-16 00:00:00,3750.0,3875.0,3816.0,94
Gujarat,Anand,Tarapur,Beans,Other,FAQ,2020-07-03 00:00:00,1375.0,3875.0,2809.0,94
Gujarat,Anand,Tarapur,Beans,Other,FAQ,2020-09-22 00:00:00,3875.0,4340.0,4340.0,94
Gujarat,Anand,Tarapur,Beans,Other,FAQ,2020-10-20 00:00:00,3750.0,4635.0,4313.0,94
Gujarat,Jamnagar,Jamnagar,Beans,Other,FAQ,2020-05-27 00:00:00,3250.0,6700.0,4975.0,94
Gujarat,Jamnagar,Jamnagar,Beans,Other,FAQ,2020-06-15 00:00:00,5025.0,7025.0,6025.0,94
Gujarat,Jamnagar,Jamnagar,Beans,Other,FAQ,2020-07-04 00:00:00,5275.0,6250.0,5763.0,94
Gujarat,Jamnagar,Jamnagar,Beans,Other,FAQ,2020-07-10 00:00:00,3600.0,6525.0,5063.0,94
Gujarat,Jamnagar,Jamnagar,Beans,Other,FAQ,2020-07-23 00:00:00,5825.0,7125.0,6475.0,94
Gujarat,Jamnagar,Jamnagar,Beans,Other,FAQ,2020-07-25 00:00:00,4250.0,4500.0,4375.0,94
Gujarat,Jamnagar,Jamnagar,Beans,Other,FAQ,2020-08-19 00:00:00,3600.0,4350.0,4050.0,94
Gujarat,Jamnagar,Jamnagar,Beans,Other,FAQ,2020-08-26 00:00:00,3325.0,4875.0,4100.0,94
Gujarat,Jamnagar,Jamnagar,Beans,Other,FAQ,2020-10-06 00:00:00,3500.0,5525.0,4513.0,94
Gujarat,Jamnagar,Jamnagar,Beans,Other,FAQ,2020-10-09 00:00:00,3500.0,7350.0,5425.0,94
Gujarat,Jamnagar,Jamnagar,Beans,Other,FAQ,2020-11-23 00:00:00,4500.0,6025.0,5263.0,94
Gujarat,Jamnagar,Jamnagar,Beans,Other,FAQ,2020-11-25 00:00:00,4650.0,6725.0,5688.0,94
Gujarat,Jamnagar,Jamnagar,Beans,Other,FAQ,2020-12-02 00:00:00,5700.0,6750.0,6225.0,94
Gujarat,Jamnagar,Jamnagar,Beans,Other,FAQ,2020-12-11 00:00:00,6625.0,7300.0,6963.0,94
Gujarat,Jamnagar,Jamnagar,Beans,Other,FAQ,2020-12-16 00:00:00,5575.0,7525.0,6550.0,94
Gujarat,Jamnagar,Jamnagar,Beans,Other,FAQ,2020-12-18 00:00:00,4000.0,5150.0,4575.0,94
Gujarat,Jamnagar,Jamnagar,Beans,Other,FAQ,2020-12-22 00:00:00,3950.0,6300.0,5125.0,94
Gujarat,Jamnagar,Jamnagar,Beans,Other,FAQ,2020-12-23 00:00:00,4500.0,5450.0,4975.0,94
Gujarat,Jamnagar,Jamnagar,Beans,Other,FAQ,2020-12-28 00:00:00,4000.0,6525.0,5263.0,94
Gujarat,Junagarh,Junagadh,Beans,Beans (Whole),FAQ,2020-03-04 00:00:00,4000.0,6000.0,4500.0,94
Gujarat,Junagarh,Junagadh,Beans,Beans (Whole),FAQ,2020-05-09 00:00:00,6155.0,6155.0,6155.0,94
Gujarat,Junagarh,Junagadh,Beans,Beans (Whole),FAQ,2020-05-11 00:00:00,4550.0,4550.0,4550.0,94
Gujarat,Junagarh,Visavadar,Beans,Other,FAQ,2020-01-17 00:00:00,4035.0,5005.0,4520.0,94
Gujarat,Junagarh,Visavadar,Beans,Other,FAQ,2020-03-06 00:00:00,3500.0,5000.0,4250.0,94
Gujarat,Junagarh,Visavadar,Beans,Other,FAQ,2020-03-19 00:00:00,5125.0,6065.0,5595.0,94
Gujarat,Junagarh,Visavadar,Beans,Other,FAQ,2020-03-20 00:00:00,3750.0,4550.0,4150.0,94
Gujarat,Junagarh,Visavadar,Beans,Other,FAQ,2020-08-28 00:00:00,3200.0,3500.0,3350.0,94
Gujarat,Porbandar,Porbandar,Beans,Beans (Whole),FAQ,2020-05-13 00:00:00,8250.0,8850.0,8550.0,94
Gujarat,Porbandar,Porbandar,Beans,Beans (Whole),FAQ,2020-05-15 00:00:00,7275.0,7525.0,7400.0,94
Gujarat,Porbandar,Porbandar,Beans,Beans (Whole),FAQ,2020-05-16 00:00:00,6975.0,7175.0,7075.0,94
Gujarat,Porbandar,Porbandar,Beans,Beans (Whole),FAQ,2020-05-23 00:00:00,5600.0,6425.0,6015.0,94
Gujarat,Porbandar,Porbandar,Beans,Beans (Whole),FAQ,2020-05-25 00:00:00,5350.0,6400.0,5875.0,94
Gujarat,Porbandar,Porbandar,Beans,Beans (Whole),FAQ,2020-06-18 00:00:00,6375.0,6925.0,6650.0,94
Gujarat,Porbandar,Porbandar,Beans,Beans (Whole),FAQ,2020-06-19 00:00:00,5925.0,7175.0,6550.0,94
Gujarat,Porbandar,Porbandar,Beans,Beans (Whole),FAQ,2020-06-30 00:00:00,4500.0,5000.0,4750.0,94
Gujarat,Rajkot,Jasdan,Beans,Other,FAQ,2020-01-31 00:00:00,5000.0,5000.0,5000.0,94
Gujarat,Rajkot,Jasdan,Beans,Other,FAQ,2020-02-27 00:00:00,4500.0,5500.0,5250.0,94
Gujarat,Rajkot,Jasdan,Beans,Other,FAQ,2020-03-05 00:00:00,5000.0,6000.0,5500.0,94
Gujarat,Rajkot,Jasdan,Beans,Other,FAQ,2020-03-06 00:00:00,4500.0,6000.0,5250.0,94
Gujarat,Rajkot,Jasdan,Beans,Other,FAQ,2020-03-18 00:00:00,5000.0,6000.0,5625.0,94
Gujarat,Rajkot,Jasdan,Beans,Other,FAQ,2020-08-25 00:00:00,4900.0,6800.0,6125.0,94
Gujarat,Rajkot,Jasdan,Beans,Other,FAQ,2020-09-28 00:00:00,3500.0,5300.0,4500.0,94
Gujarat,Rajkot,Jasdan,Beans,Other,FAQ,2020-10-14 00:00:00,2750.0,5500.0,5125.0,94
Gujarat,Rajkot,Jasdan,Beans,Other,FAQ,2020-10-17 00:00:00,4750.0,6000.0,5500.0,94
Gujarat,Rajkot,Jasdan,Beans,Other,FAQ,2020-10-24 00:00:00,3000.0,4500.0,3750.0,94
Gujarat,Rajkot,Jasdan,Beans,Other,FAQ,2020-10-30 00:00:00,4750.0,5500.0,5250.0,94
Gujarat,Rajkot,Jasdan,Beans,Other,FAQ,2020-12-04 00:00:00,4500.0,5300.0,5000.0,94
Gujarat,Surat,Mandvi,Beans,Other,FAQ,2020-03-07 00:00:00,4300.0,4300.0,4300.0,94
Gujarat,Surat,Mandvi,Beans,Other,FAQ,2020-03-09 00:00:00,4250.0,4250.0,4250.0,94
Gujarat,Surat,Mandvi,Beans,Other,FAQ,2020-03-15 00:00:00,4000.0,4000.0,4000.0,94
Gujarat,Surat,Mandvi,Beans,Other,FAQ,2020-04-18 00:00:00,4100.0,4250.0,4175.0,94
Gujarat,Surat,Mandvi,Beans,Other,FAQ,2020-05-08 00:00:00,4100.0,4100.0,4100.0,94
Gujarat,Surat,Mandvi,Beans,Other,FAQ,2020-05-20 00:00:00,2500.0,2500.0,2500.0,94
Gujarat,Surat,S.Mandvi,Beans,Other,FAQ,2020-03-06 00:00:00,4500.0,4500.0,4500.0,94
Gujarat,Surat,Songadh,Beans,Beans (Whole),FAQ,2020-03-03 00:00:00,3500.0,3750.0,3625.0,94
Gujarat,Surat,Songadh,Beans,Beans (Whole),FAQ,2020-03-06 00:00:00,3700.0,4055.0,3877.0,94
Gujarat,Surat,Songadh,Beans,Beans (Whole),FAQ,2020-03-19 00:00:00,3755.0,3805.0,3780.0,94
Gujarat,Surat,Songadh,Beans,Beans (Whole),FAQ,2020-03-20 00:00:00,5090.0,5255.0,5172.0,94
Gujarat,Surat,Songadh,Beans,Beans (Whole),FAQ,2020-03-21 00:00:00,4890.0,5000.0,4945.0,94
Gujarat,Surat,Songadh,Beans,Beans (Whole),FAQ,2020-04-24 00:00:00,4225.0,4250.0,4237.0,94
Gujarat,Vadodara(Baroda),Vadodara,Beans,Other,FAQ,2020-01-09 00:00:00,5000.0,6000.0,6000.0,94
Gujarat,Vadodara(Baroda),Vadodara,Beans,Other,FAQ,2020-01-17 00:00:00,5000.0,5500.0,5500.0,94
Gujarat,Vadodara(Baroda),Vadodara,Beans,Other,FAQ,2020-02-24 00:00:00,4500.0,5500.0,5500.0,94
Gujarat,Banaskanth,Deesa(Deesa Veg Yard),Beans,Other,FAQ,2012-02-23 00:00:00,1200.0,2000.0,1600.0,94
Gujarat,Banaskanth,Deesa(Deesa Veg Yard),Beans,Other,FAQ,2012-03-16 00:00:00,3500.0,4500.0,4000.0,94
Gujarat,Banaskanth,Deesa(Deesa Veg Yard),Beans,Other,FAQ,2012-03-29 00:00:00,1000.0,1200.0,1100.0,94
Gujarat,Banaskanth,Deesa(Deesa Veg Yard),Beans,Other,FAQ,2012-03-30 00:00:00,1000.0,1200.0,1100.0,94
Gujarat,Banaskanth,Deesa(Deesa Veg Yard),Beans,Other,FAQ,2012-03-31 00:00:00,1000.0,1500.0,1250.0,94
Gujarat,Banaskanth,Deesa(Deesa Veg Yard),Beans,Other,FAQ,2012-04-02 00:00:00,1000.0,1200.0,1100.0,94
Gujarat,Banaskanth,Deesa(Deesa Veg Yard),Beans,Other,FAQ,2012-04-09 00:00:00,1400.0,1500.0,1450.0,94
Gujarat,Banaskanth,Deesa(Deesa Veg Yard),Beans,Other,FAQ,2012-04-16 00:00:00,1500.0,1700.0,1600.0,94
Gujarat,Banaskanth,Deesa(Deesa Veg Yard),Beans,Other,FAQ,2012-08-23 00:00:00,3000.0,3500.0,3250.0,94
Gujarat,Banaskanth,Deesa(Deesa Veg Yard),Beans,Other,FAQ,2012-09-27 00:00:00,1500.0,1600.0,1550.0,94
Gujarat,Banaskanth,Deesa(Deesa Veg Yard),Beans,Other,FAQ,2012-10-17 00:00:00,1000.0,1200.0,1100.0,94
Gujarat,Banaskanth,Deesa(Deesa Veg Yard),Beans,Other,FAQ,2012-10-26 00:00:00,1000.0,1500.0,1250.0,94
Gujarat,Banaskanth,Deesa(Deesa Veg Yard),Beans,Other,FAQ,2012-11-01 00:00:00,1000.0,1200.0,1100.0,94
Gujarat,Banaskanth,Deesa(Deesa Veg Yard),Beans,Other,FAQ,2012-11-08 00:00:00,1500.0,2000.0,1750.0,94
Gujarat,Dahod,Dahod,Beans,Other,FAQ,2012-01-30 00:00:00,2600.0,2700.0,2650.0,94
Gujarat,Dahod,Dahod,Beans,Other,FAQ,2012-01-31 00:00:00,2600.0,2700.0,2650.0,94
Gujarat,Dahod,Dahod,Beans,Other,FAQ,2012-02-24 00:00:00,2500.0,2650.0,2575.0,94
Gujarat,Dahod,Dahod,Beans,Other,FAQ,2012-02-29 00:00:00,2500.0,2700.0,2600.0,94
Gujarat,Dahod,Dahod,Beans,Other,FAQ,2012-03-05 00:00:00,2325.0,2475.0,2400.0,94
Gujarat,Dahod,Dahod,Beans,Other,FAQ,2012-03-16 00:00:00,2300.0,2450.0,2400.0,94
Gujarat,Dahod,Dahod,Beans,Other,FAQ,2012-03-29 00:00:00,2300.0,2475.0,2400.0,94
Gujarat,Jamnagar,Jam Jodhpur,Beans,Other,FAQ,2012-01-31 00:00:00,1250.0,2400.0,1825.0,94
Gujarat,Jamnagar,Jam Jodhpur,Beans,Other,FAQ,2012-04-24 00:00:00,1400.0,2400.0,1900.0,94
Gujarat,Jamnagar,Jam Jodhpur,Beans,Other,FAQ,2012-06-04 00:00:00,1000.0,1325.0,1150.0,94
Gujarat,Jamnagar,Jam Jodhpur,Beans,Other,FAQ,2012-07-31 00:00:00,1050.0,2350.0,1700.0,94
Gujarat,Jamnagar,Jam Jodhpur,Beans,Other,FAQ,2012-09-24 00:00:00,2000.0,3000.0,2150.0,94
Gujarat,Jamnagar,Jam Jodhpur,Beans,Other,FAQ,2012-10-11 00:00:00,1075.0,2125.0,1600.0,94
Gujarat,Jamnagar,Jam Jodhpur,Beans,Other,FAQ,2012-10-19 00:00:00,1400.0,2125.0,1750.0,94
Gujarat,Jamnagar,Jam Jodhpur,Beans,Other,FAQ,2012-11-03 00:00:00,1500.0,3525.0,2500.0,94
Gujarat,Jamnagar,Jam Jodhpur,Beans,Other,FAQ,2012-12-21 00:00:00,1750.0,2500.0,2125.0,94
Gujarat,Jamnagar,Jamnagar,Beans,Other,FAQ,2012-05-16 00:00:00,2000.0,3025.0,2513.0,94
Gujarat,Jamnagar,Jamnagar,Beans,Other,FAQ,2012-06-01 00:00:00,3890.0,4350.0,4300.0,94
Gujarat,Jamnagar,Jamnagar,Beans,Other,FAQ,2012-07-04 00:00:00,3300.0,4500.0,3900.0,94
Gujarat,Jamnagar,Jamnagar,Beans,Other,FAQ,2012-07-11 00:00:00,4000.0,4075.0,4038.0,94
Gujarat,Jamnagar,Jamnagar,Beans,Other,FAQ,2012-09-05 00:00:00,2500.0,2775.0,2700.0,94
Gujarat,Jamnagar,Jamnagar,Beans,Other,FAQ,2012-09-10 00:00:00,1950.0,2125.0,2100.0,94
Gujarat,Jamnagar,Jamnagar,Beans,Other,FAQ,2012-11-29 00:00:00,4000.0,5225.0,4613.0,94
Gujarat,Jamnagar,Jamnagar,Beans,Other,FAQ,2012-12-03 00:00:00,3500.0,5165.0,4333.0,94
Gujarat,Junagarh,Junagadh,Beans,Beans (Whole),FAQ,2012-01-11 00:00:00,1500.0,3050.0,2250.0,94
Gujarat,Junagarh,Junagadh,Beans,Beans (Whole),FAQ,2012-01-28 00:00:00,1250.0,2900.0,2000.0,94
Gujarat,Junagarh,Junagadh,Beans,Beans (Whole),FAQ,2012-02-03 00:00:00,1360.0,2035.0,1700.0,94
Gujarat,Junagarh,Junagadh,Beans,Beans (Whole),FAQ,2012-02-25 00:00:00,1250.0,2325.0,2000.0,94
Gujarat,Junagarh,Junagadh,Beans,Beans (Whole),FAQ,2012-03-17 00:00:00,1250.0,2000.0,1550.0,94
Gujarat,Junagarh,Junagadh,Beans,Beans (Whole),FAQ,2012-03-21 00:00:00,1250.0,2555.0,1800.0,94
Gujarat,Junagarh,Junagadh,Beans,Beans (Whole),FAQ,2012-04-10 00:00:00,1625.0,2570.0,2000.0,94
Gujarat,Junagarh,Junagadh,Beans,Beans (Whole),FAQ,2012-04-17 00:00:00,1250.0,2530.0,1800.0,94
Gujarat,Junagarh,Junagadh,Beans,Beans (Whole),FAQ,2012-04-28 00:00:00,1250.0,2375.0,2075.0,94
Gujarat,Junagarh,Junagadh,Beans,Beans (Whole),FAQ,2012-05-18 00:00:00,1000.0,1955.0,1455.0,94
Gujarat,Junagarh,Junagadh,Beans,Beans (Whole),FAQ,2012-05-29 00:00:00,1750.0,2700.0,2250.0,94
Gujarat,Junagarh,Junagadh,Beans,Beans (Whole),FAQ,2012-06-22 00:00:00,1500.0,2105.0,1900.0,94
Gujarat,Junagarh,Junagadh,Beans,Beans (Whole),FAQ,2012-06-25 00:00:00,1250.0,2150.0,1700.0,94
Gujarat,Junagarh,Junagadh,Beans,Beans (Whole),FAQ,2012-07-05 00:00:00,2000.0,2525.0,2250.0,94
Gujarat,Junagarh,Junagadh,Beans,Beans (Whole),FAQ,2012-07-11 00:00:00,2630.0,2630.0,2630.0,94
Gujarat,Junagarh,Junagadh,Beans,Beans (Whole),FAQ,2012-07-21 00:00:00,1250.0,2840.0,2045.0,94
Gujarat,Junagarh,Junagadh,Beans,Beans (Whole),FAQ,2012-07-24 00:00:00,1800.0,2175.0,1950.0,94
Gujarat,Junagarh,Junagadh,Beans,Beans (Whole),FAQ,2012-07-31 00:00:00,2000.0,2850.0,2750.0,94
Gujarat,Junagarh,Junagadh,Beans,Beans (Whole),FAQ,2012-08-01 00:00:00,1250.0,2950.0,2750.0,94
Gujarat,Junagarh,Junagadh,Beans,Beans (Whole),FAQ,2012-08-07 00:00:00,2250.0,3205.0,2725.0,94
Gujarat,Junagarh,Junagadh,Beans,Beans (Whole),FAQ,2012-09-14 00:00:00,1850.0,1850.0,1850.0,94
Gujarat,Junagarh,Junagadh,Beans,Beans (Whole),FAQ,2012-11-09 00:00:00,2000.0,3300.0,2750.0,94
Gujarat,Junagarh,Junagadh,Beans,Beans (Whole),FAQ,2012-11-21 00:00:00,3370.0,3370.0,3370.0,94
Gujarat,Junagarh,Junagadh,Beans,Beans (Whole),FAQ,2012-11-23 00:00:00,2730.0,2730.0,2730.0,94
Gujarat,Junagarh,Junagadh,Beans,Beans (Whole),FAQ,2012-11-29 00:00:00,2150.0,3255.0,2800.0,94
Gujarat,Junagarh,Visavadar,Beans,Other,FAQ,2012-02-28 00:00:00,1120.0,2280.0,1700.0,94
Gujarat,Junagarh,Visavadar,Beans,Other,FAQ,2012-04-05 00:00:00,1205.0,1625.0,1415.0,94
Gujarat,Junagarh,Visavadar,Beans,Other,FAQ,2012-04-25 00:00:00,1205.0,1625.0,1415.0,94
Gujarat,Junagarh,Visavadar,Beans,Other,FAQ,2012-04-27 00:00:00,1220.0,1760.0,1490.0,94
Gujarat,Junagarh,Visavadar,Beans,Other,FAQ,2012-05-11 00:00:00,1200.0,2250.0,1725.0,94
Gujarat,Junagarh,Visavadar,Beans,Other,FAQ,2012-05-19 00:00:00,1205.0,1525.0,1365.0,94
Gujarat,Junagarh,Visavadar,Beans,Other,FAQ,2012-06-04 00:00:00,1105.0,1375.0,1240.0,94
Gujarat,Junagarh,Visavadar,Beans,Other,FAQ,2012-07-06 00:00:00,1405.0,1775.0,1590.0,94
Gujarat,Junagarh,Visavadar,Beans,Other,FAQ,2012-09-07 00:00:00,1010.0,2020.0,1515.0,94
Gujarat,Junagarh,Visavadar,Beans,Other,FAQ,2012-09-13 00:00:00,970.0,1630.0,1300.0,94
Gujarat,Junagarh,Visavadar,Beans,Other,FAQ,2012-09-24 00:00:00,1150.0,2800.0,1975.0,94
Gujarat,Junagarh,Visavadar,Beans,Other,FAQ,2012-09-25 00:00:00,1070.0,1510.0,1290.0,94
Gujarat,Junagarh,Visavadar,Beans,Other,FAQ,2012-10-17 00:00:00,1260.0,2300.0,1780.0,94
Gujarat,Junagarh,Visavadar,Beans,Other,FAQ,2012-10-20 00:00:00,1265.0,2005.0,1635.0,94
Gujarat,Junagarh,Visavadar,Beans,Other,FAQ,2012-10-23 00:00:00,1225.0,2215.0,1720.0,94
Gujarat,Junagarh,Visavadar,Beans,Other,FAQ,2012-10-25 00:00:00,1200.0,1950.0,1575.0,94
Gujarat,Junagarh,Visavadar,Beans,Other,FAQ,2012-11-03 00:00:00,2250.0,2930.0,2590.0,94
Gujarat,Junagarh,Visavadar,Beans,Other,FAQ,2012-11-07 00:00:00,1200.0,1500.0,1350.0,94
Gujarat,Junagarh,Visavadar,Beans,Other,FAQ,2012-11-30 00:00:00,935.0,1725.0,1330.0,94
Gujarat,Junagarh,Visavadar,Beans,Other,FAQ,2012-12-04 00:00:00,1415.0,1875.0,1645.0,94
Gujarat,Junagarh,Visavadar,Beans,Other,FAQ,2012-12-14 00:00:00,1215.0,2225.0,1720.0,94
Gujarat,Junagarh,Visavadar,Beans,Other,FAQ,2012-12-24 00:00:00,1090.0,2070.0,1580.0,94
Gujarat,Junagarh,Visavadar,Beans,Other,FAQ,2012-12-28 00:00:00,1365.0,2125.0,1745.0,94
Gujarat,Rajkot,Jasdan,Beans,Other,FAQ,2012-01-02 00:00:00,1000.0,1750.0,1500.0,94
Gujarat,Rajkot,Jasdan,Beans,Other,FAQ,2012-01-23 00:00:00,1500.0,2250.0,1750.0,94
Gujarat,Rajkot,Jasdan,Beans,Other,FAQ,2012-04-25 00:00:00,1500.0,2080.0,1750.0,94
Gujarat,Rajkot,Jasdan,Beans,Other,FAQ,2012-05-18 00:00:00,1000.0,1800.0,1500.0,94
Gujarat,Rajkot,Jasdan,Beans,Other,FAQ,2012-06-02 00:00:00,1000.0,1000.0,1000.0,94
Gujarat,Rajkot,Jasdan,Beans,Other,FAQ,2012-06-14 00:00:00,1605.0,1605.0,1605.0,94
Gujarat,Rajkot,Jasdan,Beans,Other,FAQ,2012-06-30 00:00:00,1980.0,2090.0,2000.0,94
Gujarat,Rajkot,Jasdan,Beans,Other,FAQ,2012-07-18 00:00:00,1740.0,2815.0,2250.0,94
Gujarat,Rajkot,Jasdan,Beans,Other,FAQ,2012-07-31 00:00:00,1575.0,3375.0,3000.0,94
Gujarat,Rajkot,Jasdan,Beans,Other,FAQ,2012-08-06 00:00:00,1500.0,3100.0,2500.0,94
Gujarat,Rajkot,Jasdan,Beans,Other,FAQ,2012-08-24 00:00:00,3475.0,4525.0,3750.0,94
Gujarat,Rajkot,Jasdan,Beans,Other,FAQ,2012-09-05 00:00:00,3500.0,5225.0,4500.0,94
Gujarat,Rajkot,Jasdan,Beans,Other,FAQ,2012-09-15 00:00:00,1000.0,1000.0,1000.0,94
Gujarat,Rajkot,Jasdan,Beans,Other,FAQ,2012-09-21 00:00:00,1700.0,1700.0,1700.0,94
Gujarat,Rajkot,Jasdan,Beans,Other,FAQ,2012-10-06 00:00:00,2360.0,2700.0,2500.0,94
Gujarat,Rajkot,Jasdan,Beans,Other,FAQ,2012-10-19 00:00:00,2255.0,2255.0,2255.0,94
Gujarat,Rajkot,Jetpur(Dist.Rajkot),Beans,Beans (Whole),FAQ,2012-01-06 00:00:00,1200.0,1500.0,1400.0,94
Gujarat,Rajkot,Jetpur(Dist.Rajkot),Beans,Beans (Whole),FAQ,2012-01-12 00:00:00,1750.0,2640.0,2400.0,94
Gujarat,Rajkot,Jetpur(Dist.Rajkot),Beans,Beans (Whole),FAQ,2012-01-24 00:00:00,2000.0,2605.0,2450.0,94
Gujarat,Rajkot,Jetpur(Dist.Rajkot),Beans,Beans (Whole),FAQ,2012-02-15 00:00:00,1250.0,2555.0,2250.0,94
Gujarat,Rajkot,Jetpur(Dist.Rajkot),Beans,Beans (Whole),FAQ,2012-03-05 00:00:00,1005.0,2175.0,2005.0,94
Gujarat,Rajkot,Jetpur(Dist.Rajkot),Beans,Beans (Whole),FAQ,2012-03-06 00:00:00,2250.0,2555.0,2455.0,94
Gujarat,Rajkot,Jetpur(Dist.Rajkot),Beans,Beans (Whole),FAQ,2012-03-12 00:00:00,1255.0,2175.0,2005.0,94
Gujarat,Rajkot,Jetpur(Dist.Rajkot),Beans,Beans (Whole),FAQ,2012-03-13 00:00:00,1000.0,2505.0,1900.0,94
Gujarat,Rajkot,Jetpur(Dist.Rajkot),Beans,Beans (Whole),FAQ,2012-03-15 00:00:00,1605.0,2305.0,2000.0,94
Gujarat,Rajkot,Jetpur(Dist.Rajkot),Beans,Beans (Whole),FAQ,2012-03-17 00:00:00,1250.0,2005.0,1875.0,94
Gujarat,Rajkot,Jetpur(Dist.Rajkot),Beans,Beans (Whole),FAQ,2012-04-04 00:00:00,1250.0,2505.0,2055.0,94
Gujarat,Rajkot,Jetpur(Dist.Rajkot),Beans,Beans (Whole),FAQ,2012-04-20 00:00:00,750.0,1505.0,1375.0,94
Gujarat,Rajkot,Jetpur(Dist.Rajkot),Beans,Beans (Whole),FAQ,2012-04-30 00:00:00,1105.0,2505.0,2055.0,94
Gujarat,Rajkot,Jetpur(Dist.Rajkot),Beans,Beans (Whole),FAQ,2012-05-08 00:00:00,1505.0,2505.0,2105.0,94
Gujarat,Rajkot,Jetpur(Dist.Rajkot),Beans,Beans (Whole),FAQ,2012-05-10 00:00:00,1750.0,2755.0,2505.0,94
Gujarat,Rajkot,Jetpur(Dist.Rajkot),Beans,Beans (Whole),FAQ,2012-05-18 00:00:00,1260.0,2255.0,1900.0,94
Gujarat,Rajkot,Jetpur(Dist.Rajkot),Beans,Beans (Whole),FAQ,2012-05-19 00:00:00,2005.0,2505.0,2250.0,94
Gujarat,Rajkot,Jetpur(Dist.Rajkot),Beans,Beans (Whole),FAQ,2012-06-19 00:00:00,1505.0,2055.0,2005.0,94
Gujarat,Rajkot,Jetpur(Dist.Rajkot),Beans,Beans (Whole),FAQ,2012-06-23 00:00:00,1250.0,2250.0,1625.0,94
Gujarat,Rajkot,Jetpur(Dist.Rajkot),Beans,Beans (Whole),FAQ,2012-07-07 00:00:00,1250.0,2075.0,1750.0,94
Gujarat,Rajkot,Jetpur(Dist.Rajkot),Beans,Beans (Whole),FAQ,2012-07-13 00:00:00,1505.0,2025.0,1750.0,94
Gujarat,Rajkot,Jetpur(Dist.Rajkot),Beans,Beans (Whole),FAQ,2012-07-18 00:00:00,1250.0,2450.0,1950.0,94
Gujarat,Rajkot,Jetpur(Dist.Rajkot),Beans,Beans (Whole),FAQ,2012-07-20 00:00:00,1250.0,2450.0,2055.0,94
Gujarat,Rajkot,Jetpur(Dist.Rajkot),Beans,Beans (Whole),FAQ,2012-07-24 00:00:00,1505.0,2230.0,2125.0,94
Gujarat,Rajkot,Jetpur(Dist.Rajkot),Beans,Beans (Whole),FAQ,2012-09-07 00:00:00,1705.0,2530.0,2375.0,94
Gujarat,Rajkot,Jetpur(Dist.Rajkot),Beans,Beans (Whole),FAQ,2012-09-08 00:00:00,1505.0,2105.0,2025.0,94
Gujarat,Rajkot,Jetpur(Dist.Rajkot),Beans,Beans (Whole),FAQ,2012-11-23 00:00:00,2005.0,2730.0,2575.0,94
Gujarat,Rajkot,Jetpur(Dist.Rajkot),Beans,Beans (Whole),FAQ,2012-12-06 00:00:00,2250.0,2755.0,2500.0,94
Gujarat,Rajkot,Jetpur(Dist.Rajkot),Beans,Beans (Whole),FAQ,2012-12-18 00:00:00,2005.0,2505.0,2205.0,94
Gujarat,Surat,S.Mandvi,Beans,Other,FAQ,2012-03-21 00:00:00,3500.0,4000.0,3750.0,94
Gujarat,Surat,S.Mandvi,Beans,Other,FAQ,2012-03-26 00:00:00,4000.0,4000.0,4000.0,94
Gujarat,Surat,S.Mandvi,Beans,Other,FAQ,2012-04-13 00:00:00,4000.0,4000.0,4000.0,94
Gujarat,Surat,S.Mandvi,Beans,Other,FAQ,2012-04-17 00:00:00,4000.0,4000.0,4000.0,94
Gujarat,Surat,S.Mandvi,Beans,Other,FAQ,2012-04-18 00:00:00,3750.0,3750.0,3750.0,94
Gujarat,Surat,Valod(Buhari),Beans,Other,FAQ,2012-03-28 00:00:00,4100.0,4155.0,4120.0,94
Gujarat,Surat,Valod(Buhari),Beans,Other,FAQ,2012-04-04 00:00:00,3490.0,3540.0,3501.0,94
Gujarat,Vadodara(Baroda),Vadodara,Beans,Other,FAQ,2012-01-06 00:00:00,3600.0,4000.0,4000.0,94
Gujarat,Vadodara(Baroda),Vadodara,Beans,Other,FAQ,2012-01-18 00:00:00,3200.0,3800.0,3800.0,94
Gujarat,Vadodara(Baroda),Vadodara,Beans,Other,FAQ,2012-01-30 00:00:00,4500.0,4800.0,4800.0,94
Gujarat,Vadodara(Baroda),Vadodara,Beans,Other,FAQ,2012-02-03 00:00:00,4500.0,4800.0,4800.0,94
Gujarat,Vadodara(Baroda),Vadodara,Beans,Other,FAQ,2012-02-27 00:00:00,3300.0,3600.0,3600.0,94
Gujarat,Vadodara(Baroda),Vadodara,Beans,Other,FAQ,2012-03-22 00:00:00,3200.0,3500.0,3500.0,94
Gujarat,Vadodara(Baroda),Vadodara,Beans,Other,FAQ,2012-03-23 00:00:00,3800.0,4200.0,4200.0,94
Gujarat,Vadodara(Baroda),Vadodara,Beans,Other,FAQ,2012-04-17 00:00:00,4500.0,4800.0,4800.0,94
Gujarat,Vadodara(Baroda),Vadodara,Beans,Other,FAQ,2012-04-28 00:00:00,4500.0,4800.0,4800.0,94
Gujarat,Vadodara(Baroda),Vadodara,Beans,Other,FAQ,2012-05-07 00:00:00,4500.0,4800.0,4800.0,94
Gujarat,Vadodara(Baroda),Vadodara,Beans,Other,FAQ,2012-05-10 00:00:00,4500.0,4800.0,4800.0,94
Gujarat,Vadodara(Baroda),Vadodara,Beans,Other,FAQ,2012-05-26 00:00:00,4500.0,4800.0,4800.0,94
Gujarat,Vadodara(Baroda),Vadodara,Beans,Other,FAQ,2012-06-16 00:00:00,4500.0,5000.0,5000.0,94
Gujarat,Vadodara(Baroda),Vadodara,Beans,Other,FAQ,2012-08-14 00:00:00,5000.0,5500.0,5500.0,94
Gujarat,Vadodara(Baroda),Vadodara,Beans,Other,FAQ,2012-08-27 00:00:00,5200.0,5400.0,5400.0,94
Gujarat,Vadodara(Baroda),Vadodara,Beans,Other,FAQ,2012-10-02 00:00:00,5000.0,5500.0,5500.0,94
Gujarat,Vadodara(Baroda),Vadodara,Beans,Other,FAQ,2012-10-13 00:00:00,4200.0,4800.0,4800.0,94
Gujarat,Vadodara(Baroda),Vadodara,Beans,Other,FAQ,2012-12-10 00:00:00,4000.0,4800.0,4800.0,94
Gujarat,Vadodara(Baroda),Vadodara,Beans,Other,FAQ,2012-12-18 00:00:00,4000.0,4800.0,4800.0,94
Gujarat,Banaskanth,Deesa(Deesa Veg Yard),Beans,Other,FAQ,2011-01-03 00:00:00,2300.0,2500.0,2400.0,94
Gujarat,Banaskanth,Deesa(Deesa Veg Yard),Beans,Other,FAQ,2011-01-12 00:00:00,1500.0,2000.0,1750.0,94
Gujarat,Banaskanth,Deesa(Deesa Veg Yard),Beans,Other,FAQ,2011-01-17 00:00:00,1500.0,2000.0,1750.0,94
Gujarat,Banaskanth,Deesa(Deesa Veg Yard),Beans,Other,FAQ,2011-01-18 00:00:00,1500.0,2000.0,1750.0,94
Gujarat,Banaskanth,Deesa(Deesa Veg Yard),Beans,Other,FAQ,2011-09-14 00:00:00,2000.0,3000.0,2500.0,94
Gujarat,Banaskanth,Deesa(Deesa Veg Yard),Beans,Other,FAQ,2011-10-07 00:00:00,2500.0,3000.0,2750.0,94
Gujarat,Banaskanth,Deesa(Deesa Veg Yard),Beans,Other,FAQ,2011-11-14 00:00:00,1500.0,2000.0,1750.0,94
Gujarat,Banaskanth,Deesa(Deesa Veg Yard),Beans,Other,FAQ,2011-11-16 00:00:00,2000.0,2200.0,2100.0,94
Gujarat,Banaskanth,Deesa(Deesa Veg Yard),Beans,Other,FAQ,2011-11-18 00:00:00,1600.0,1750.0,1675.0,94
Gujarat,Banaskanth,Deesa(Deesa Veg Yard),Beans,Other,FAQ,2011-11-19 00:00:00,1500.0,1700.0,1600.0,94
Gujarat,Banaskanth,Deesa(Deesa Veg Yard),Beans,Other,FAQ,2011-11-23 00:00:00,1500.0,1800.0,1650.0,94
Gujarat,Dahod,Dahod,Beans,Other,FAQ,2011-02-01 00:00:00,2700.0,3025.0,2950.0,94
Gujarat,Dahod,Dahod,Beans,Other,FAQ,2011-02-03 00:00:00,2500.0,2850.0,2700.0,94
Gujarat,Dahod,Dahod,Beans,Other,FAQ,2011-02-23 00:00:00,2750.0,2950.0,2900.0,94
Gujarat,Dahod,Dahod,Beans,Other,FAQ,2011-03-08 00:00:00,2700.0,2825.0,2800.0,94
Gujarat,Dahod,Dahod,Beans,Other,FAQ,2011-03-09 00:00:00,2700.0,2825.0,2800.0,94
Gujarat,Dahod,Dahod,Beans,Other,FAQ,2011-03-15 00:00:00,2700.0,2825.0,2750.0,94
Gujarat,Dahod,Dahod,Beans,Other,FAQ,2011-04-02 00:00:00,2600.0,2650.0,2625.0,94
Gujarat,Dahod,Dahod,Beans,Other,FAQ,2011-04-04 00:00:00,2600.0,2650.0,2625.0,94
Gujarat,Dahod,Dahod,Beans,Other,FAQ,2011-04-08 00:00:00,2600.0,2650.0,2625.0,94
Gujarat,Jamnagar,Jam Jodhpur,Beans,Other,FAQ,2011-03-15 00:00:00,3000.0,3550.0,3275.0,94
Gujarat,Jamnagar,Jam Jodhpur,Beans,Other,FAQ,2011-04-14 00:00:00,2000.0,2675.0,2300.0,94
Gujarat,Jamnagar,Jam Jodhpur,Beans,Other,FAQ,2011-05-03 00:00:00,1750.0,2875.0,2250.0,94
Gujarat,Jamnagar,Jam Jodhpur,Beans,Other,FAQ,2011-05-13 00:00:00,2250.0,2800.0,2500.0,94
Gujarat,Jamnagar,Jam Jodhpur,Beans,Other,FAQ,2011-05-17 00:00:00,2375.0,3000.0,2875.0,94
Gujarat,Jamnagar,Jam Jodhpur,Beans,Other,FAQ,2011-10-05 00:00:00,1000.0,1475.0,1250.0,94
Gujarat,Jamnagar,Jam Jodhpur,Beans,Other,FAQ,2011-12-10 00:00:00,1000.0,1525.0,1250.0,94
Gujarat,Jamnagar,Jam Jodhpur,Beans,Other,FAQ,2011-12-20 00:00:00,1250.0,1900.0,1750.0,94
Gujarat,Jamnagar,Jam Jodhpur,Beans,Other,FAQ,2011-12-22 00:00:00,1250.0,1700.0,1500.0,94
Gujarat,Jamnagar,Jamnagar,Beans,Other,FAQ,2011-01-12 00:00:00,2200.0,3500.0,3150.0,94
Gujarat,Jamnagar,Jamnagar,Beans,Other,FAQ,2011-01-22 00:00:00,2500.0,4175.0,3900.0,94
Gujarat,Jamnagar,Jamnagar,Beans,Other,FAQ,2011-01-25 00:00:00,1325.0,3625.0,3000.0,94
Gujarat,Jamnagar,Jamnagar,Beans,Other,FAQ,2011-05-17 00:00:00,2500.0,5520.0,4010.0,94
Gujarat,Jamnagar,Jamnagar,Beans,Other,FAQ,2011-05-21 00:00:00,2000.0,2275.0,2138.0,94
Gujarat,Jamnagar,Jamnagar,Beans,Other,FAQ,2011-06-10 00:00:00,3250.0,4875.0,4063.0,94
Gujarat,Jamnagar,Jamnagar,Beans,Other,FAQ,2011-07-01 00:00:00,1500.0,3325.0,2413.0,94
Gujarat,Jamnagar,Jamnagar,Beans,Other,FAQ,2011-07-13 00:00:00,1250.0,1525.0,1388.0,94
Gujarat,Junagarh,Junagadh,Beans,Beans (Whole),FAQ,2011-06-07 00:00:00,2000.0,2400.0,2200.0,94
Gujarat,Junagarh,Junagadh,Beans,Beans (Whole),FAQ,2011-06-22 00:00:00,1850.0,2490.0,2250.0,94
Gujarat,Junagarh,Junagadh,Beans,Beans (Whole),FAQ,2011-06-25 00:00:00,1250.0,2780.0,2050.0,94
Gujarat,Junagarh,Junagadh,Beans,Beans (Whole),FAQ,2011-06-29 00:00:00,1375.0,2950.0,2000.0,94
Gujarat,Junagarh,Junagadh,Beans,Beans (Whole),FAQ,2011-06-30 00:00:00,1500.0,2625.0,2000.0,94
Gujarat,Junagarh,Junagadh,Beans,Beans (Whole),FAQ,2011-07-01 00:00:00,1580.0,2820.0,2250.0,94
Gujarat,Junagarh,Junagadh,Beans,Beans (Whole),FAQ,2011-07-06 00:00:00,2000.0,2715.0,2400.0,94
Gujarat,Junagarh,Junagadh,Beans,Beans (Whole),FAQ,2011-07-20 00:00:00,1250.0,1800.0,1500.0,94
Gujarat,Junagarh,Junagadh,Beans,Beans (Whole),FAQ,2011-07-21 00:00:00,1500.0,2700.0,2500.0,94
Gujarat,Junagarh,Junagadh,Beans,Beans (Whole),FAQ,2011-07-28 00:00:00,1500.0,3080.0,2500.0,94
Gujarat,Junagarh,Junagadh,Beans,Beans (Whole),FAQ,2011-07-29 00:00:00,1750.0,3115.0,2700.0,94
Gujarat,Junagarh,Junagadh,Beans,Beans (Whole),FAQ,2011-08-12 00:00:00,1840.0,2720.0,2325.0,94
Gujarat,Junagarh,Junagadh,Beans,Beans (Whole),FAQ,2011-09-03 00:00:00,1500.0,2000.0,1750.0,94
Gujarat,Junagarh,Junagadh,Beans,Beans (Whole),FAQ,2011-09-16 00:00:00,1800.0,2410.0,2125.0,94
Gujarat,Junagarh,Junagadh,Beans,Beans (Whole),FAQ,2011-09-20 00:00:00,1750.0,2980.0,2375.0,94
Gujarat,Junagarh,Junagadh,Beans,Beans (Whole),FAQ,2011-09-22 00:00:00,1000.0,2400.0,1700.0,94
Gujarat,Junagarh,Junagadh,Beans,Beans (Whole),FAQ,2011-09-29 00:00:00,1750.0,3170.0,2500.0,94
Gujarat,Junagarh,Junagadh,Beans,Beans (Whole),FAQ,2011-10-03 00:00:00,1500.0,2170.0,1900.0,94
Gujarat,Junagarh,Junagadh,Beans,Beans (Whole),FAQ,2011-10-04 00:00:00,1250.0,2085.0,1650.0,94
Gujarat,Junagarh,Junagadh,Beans,Beans (Whole),FAQ,2011-10-14 00:00:00,1500.0,2350.0,2000.0,94
Gujarat,Junagarh,Junagadh,Beans,Beans (Whole),FAQ,2011-10-31 00:00:00,1890.0,2690.0,2250.0,94
Gujarat,Junagarh,Junagadh,Beans,Beans (Whole),FAQ,2011-11-16 00:00:00,1900.0,1900.0,1900.0,94
Gujarat,Junagarh,Junagadh,Beans,Beans (Whole),FAQ,2011-11-30 00:00:00,1250.0,2030.0,1600.0,94
Gujarat,Junagarh,Junagadh,Beans,Beans (Whole),FAQ,2011-12-09 00:00:00,1250.0,1500.0,1375.0,94
Gujarat,Junagarh,Junagadh,Beans,Beans (Whole),FAQ,2011-12-13 00:00:00,1125.0,2425.0,1800.0,94
Gujarat,Junagarh,Junagadh,Beans,Beans (Whole),FAQ,2011-12-21 00:00:00,1425.0,1500.0,1465.0,94
Gujarat,Junagarh,Junagadh,Beans,Beans (Whole),FAQ,2011-12-26 00:00:00,1200.0,1500.0,1400.0,94
Gujarat,Junagarh,Junagadh,Beans,Beans (Whole),FAQ,2011-12-28 00:00:00,1000.0,1750.0,1325.0,94
Gujarat,Junagarh,Junagadh,Beans,Other,FAQ,2011-02-15 00:00:00,3500.0,4700.0,4100.0,94
Gujarat,Junagarh,Junagadh,Beans,Other,FAQ,2011-02-18 00:00:00,3250.0,4125.0,3600.0,94
Gujarat,Junagarh,Junagadh,Beans,Other,FAQ,2011-02-25 00:00:00,2500.0,4250.0,3200.0,94
Gujarat,Junagarh,Junagadh,Beans,Other,FAQ,2011-03-04 00:00:00,2500.0,3635.0,3050.0,94
Gujarat,Junagarh,Junagadh,Beans,Other,FAQ,2011-03-12 00:00:00,3000.0,3540.0,3250.0,94
Gujarat,Junagarh,Junagadh,Beans,Other,FAQ,2011-04-07 00:00:00,2025.0,2640.0,2320.0,94
Gujarat,Junagarh,Junagadh,Beans,Other,FAQ,2011-04-11 00:00:00,2000.0,2955.0,2450.0,94
Gujarat,Junagarh,Junagadh,Beans,Other,FAQ,2011-04-13 00:00:00,2000.0,2750.0,2350.0,94
Gujarat,Junagarh,Junagadh,Beans,Other,FAQ,2011-04-20 00:00:00,2000.0,2540.0,2250.0,94
Gujarat,Junagarh,Junagadh,Beans,Other,FAQ,2011-04-21 00:00:00,2500.0,3290.0,3100.0,94
Gujarat,Junagarh,Junagadh,Beans,Other,FAQ,2011-04-23 00:00:00,2000.0,2700.0,2350.0,94
Gujarat,Junagarh,Junagadh,Beans,Other,FAQ,2011-04-26 00:00:00,2250.0,3105.0,2925.0,94
Gujarat,Junagarh,Junagadh,Beans,Other,FAQ,2011-04-29 00:00:00,2500.0,3360.0,3000.0,94
Gujarat,Junagarh,Junagadh,Beans,Other,FAQ,2011-05-03 00:00:00,2400.0,3240.0,2875.0,94
Gujarat,Junagarh,Junagadh,Beans,Other,FAQ,2011-05-07 00:00:00,2650.0,3025.0,2900.0,94
Gujarat,Junagarh,Junagadh,Beans,Other,FAQ,2011-05-09 00:00:00,1250.0,2745.0,1645.0,94
Gujarat,Junagarh,Junagadh,Beans,Other,FAQ,2011-05-12 00:00:00,1500.0,2750.0,2125.0,94
Gujarat,Junagarh,Visavadar,Beans,Other,FAQ,2011-02-23 00:00:00,3200.0,3750.0,3475.0,94
Gujarat,Junagarh,Visavadar,Beans,Other,FAQ,2011-03-03 00:00:00,2805.0,3525.0,3165.0,94
Gujarat,Junagarh,Visavadar,Beans,Other,FAQ,2011-03-04 00:00:00,2750.0,3400.0,3075.0,94
Gujarat,Junagarh,Visavadar,Beans,Other,FAQ,2011-03-09 00:00:00,2315.0,2825.0,2570.0,94
Gujarat,Junagarh,Visavadar,Beans,Other,FAQ,2011-04-11 00:00:00,1900.0,2300.0,2100.0,94
Gujarat,Junagarh,Visavadar,Beans,Other,FAQ,2011-04-13 00:00:00,1895.0,2905.0,2400.0,94
Gujarat,Junagarh,Visavadar,Beans,Other,FAQ,2011-05-02 00:00:00,1920.0,2790.0,2355.0,94
Gujarat,Junagarh,Visavadar,Beans,Other,FAQ,2011-05-30 00:00:00,1830.0,2200.0,2015.0,94
Gujarat,Junagarh,Visavadar,Beans,Other,FAQ,2011-05-31 00:00:00,1880.0,2640.0,2260.0,94
Gujarat,Junagarh,Visavadar,Beans,Other,FAQ,2011-06-03 00:00:00,1905.0,2105.0,2005.0,94
Gujarat,Junagarh,Visavadar,Beans,Other,FAQ,2011-07-05 00:00:00,1700.0,2120.0,1910.0,94
Gujarat,Junagarh,Visavadar,Beans,Other,FAQ,2011-08-09 00:00:00,1000.0,2000.0,1500.0,94
Gujarat,Junagarh,Visavadar,Beans,Other,FAQ,2011-09-20 00:00:00,1760.0,2120.0,1940.0,94
Gujarat,Rajkot,Jasdan,Beans,Other,FAQ,2011-02-19 00:00:00,2500.0,4240.0,3750.0,94
Gujarat,Rajkot,Jasdan,Beans,Other,FAQ,2011-02-25 00:00:00,3300.0,4050.0,3850.0,94
Gujarat,Rajkot,Jasdan,Beans,Other,FAQ,2011-03-01 00:00:00,2500.0,4300.0,3800.0,94
Gujarat,Rajkot,Jasdan,Beans,Other,FAQ,2011-03-04 00:00:00,2500.0,4000.0,3250.0,94
Gujarat,Rajkot,Jasdan,Beans,Other,FAQ,2011-03-05 00:00:00,2575.0,3745.0,3110.0,94
Gujarat,Rajkot,Jasdan,Beans,Other,FAQ,2011-03-16 00:00:00,2750.0,3930.0,3500.0,94
Gujarat,Rajkot,Jasdan,Beans,Other,FAQ,2011-04-01 00:00:00,3300.0,3780.0,3500.0,94
Gujarat,Rajkot,Jasdan,Beans,Other,FAQ,2011-04-19 00:00:00,1750.0,2500.0,2125.0,94
Gujarat,Rajkot,Jasdan,Beans,Other,FAQ,2011-05-14 00:00:00,2125.0,3000.0,2500.0,94
Gujarat,Rajkot,Jasdan,Beans,Other,FAQ,2011-05-31 00:00:00,1750.0,2655.0,2000.0,94
Gujarat,Rajkot,Jasdan,Beans,Other,FAQ,2011-06-23 00:00:00,1785.0,2340.0,2000.0,94
Gujarat,Rajkot,Jasdan,Beans,Other,FAQ,2011-07-04 00:00:00,1400.0,2300.0,2000.0,94
Gujarat,Rajkot,Jasdan,Beans,Other,FAQ,2011-07-29 00:00:00,1780.0,2675.0,2250.0,94
Gujarat,Rajkot,Jasdan,Beans,Other,FAQ,2011-08-06 00:00:00,1950.0,2565.0,2250.0,94
Gujarat,Rajkot,Jasdan,Beans,Other,FAQ,2011-08-08 00:00:00,1500.0,2710.0,2350.0,94
Gujarat,Rajkot,Jasdan,Beans,Other,FAQ,2011-08-09 00:00:00,1505.0,2605.0,2400.0,94
Gujarat,Rajkot,Jasdan,Beans,Other,FAQ,2011-08-16 00:00:00,1000.0,2250.0,2000.0,94
Gujarat,Rajkot,Jasdan,Beans,Other,FAQ,2011-09-01 00:00:00,2255.0,2505.0,2400.0,94
Gujarat,Rajkot,Jasdan,Beans,Other,FAQ,2011-09-15 00:00:00,1330.0,2360.0,2250.0,94
Gujarat,Rajkot,Jasdan,Beans,Other,FAQ,2011-11-03 00:00:00,1500.0,2495.0,2110.0,94
Gujarat,Rajkot,Jasdan,Beans,Other,FAQ,2011-11-10 00:00:00,1000.0,2210.0,1750.0,94
Gujarat,Rajkot,Jasdan,Beans,Other,FAQ,2011-11-26 00:00:00,2185.0,2185.0,2185.0,94
Gujarat,Rajkot,Jetpur(Dist.Rajkot),Beans,Beans (Whole),FAQ,2011-03-04 00:00:00,2500.0,4275.0,3050.0,94
Gujarat,Rajkot,Jetpur(Dist.Rajkot),Beans,Beans (Whole),FAQ,2011-03-10 00:00:00,2005.0,3155.0,2750.0,94
Gujarat,Rajkot,Jetpur(Dist.Rajkot),Beans,Beans (Whole),FAQ,2011-03-14 00:00:00,2000.0,3605.0,2500.0,94
Gujarat,Rajkot,Jetpur(Dist.Rajkot),Beans,Beans (Whole),FAQ,2011-03-17 00:00:00,2250.0,3355.0,2750.0,94
Gujarat,Rajkot,Jetpur(Dist.Rajkot),Beans,Beans (Whole),FAQ,2011-04-08 00:00:00,2250.0,3255.0,3025.0,94
Gujarat,Rajkot,Jetpur(Dist.Rajkot),Beans,Beans (Whole),FAQ,2011-04-11 00:00:00,2250.0,3055.0,2900.0,94
Gujarat,Rajkot,Jetpur(Dist.Rajkot),Beans,Beans (Whole),FAQ,2011-04-15 00:00:00,2250.0,3055.0,2750.0,94
Gujarat,Rajkot,Jetpur(Dist.Rajkot),Beans,Beans (Whole),FAQ,2011-04-16 00:00:00,2250.0,3005.0,2505.0,94
Gujarat,Rajkot,Jetpur(Dist.Rajkot),Beans,Beans (Whole),FAQ,2011-04-22 00:00:00,2250.0,2700.0,2505.0,94
Gujarat,Rajkot,Jetpur(Dist.Rajkot),Beans,Beans (Whole),FAQ,2011-04-28 00:00:00,2250.0,2605.0,2350.0,94
Gujarat,Rajkot,Jetpur(Dist.Rajkot),Beans,Beans (Whole),FAQ,2011-04-29 00:00:00,2000.0,2605.0,2125.0,94
Gujarat,Rajkot,Jetpur(Dist.Rajkot),Beans,Beans (Whole),FAQ,2011-05-06 00:00:00,1855.0,2855.0,2250.0,94
Gujarat,Rajkot,Jetpur(Dist.Rajkot),Beans,Beans (Whole),FAQ,2011-05-21 00:00:00,2105.0,3000.0,2800.0,94
Gujarat,Rajkot,Jetpur(Dist.Rajkot),Beans,Beans (Whole),FAQ,2011-05-27 00:00:00,1750.0,3005.0,2655.0,94
Gujarat,Rajkot,Jetpur(Dist.Rajkot),Beans,Beans (Whole),FAQ,2011-06-08 00:00:00,1250.0,2605.0,2000.0,94
Gujarat,Rajkot,Jetpur(Dist.Rajkot),Beans,Beans (Whole),FAQ,2011-06-21 00:00:00,1250.0,2550.0,2250.0,94
Gujarat,Rajkot,Jetpur(Dist.Rajkot),Beans,Beans (Whole),FAQ,2011-07-06 00:00:00,2250.0,2450.0,2325.0,94
Gujarat,Rajkot,Jetpur(Dist.Rajkot),Beans,Beans (Whole),FAQ,2011-08-04 00:00:00,2105.0,2805.0,2750.0,94
Gujarat,Rajkot,Jetpur(Dist.Rajkot),Beans,Beans (Whole),FAQ,2011-11-16 00:00:00,1505.0,2105.0,2005.0,94
Gujarat,Rajkot,Jetpur(Dist.Rajkot),Beans,Beans (Whole),FAQ,2011-11-23 00:00:00,2205.0,2205.0,2205.0,94
Gujarat,Rajkot,Jetpur(Dist.Rajkot),Beans,Other,FAQ,2011-02-19 00:00:00,442.0,600.0,560.0,94
Gujarat,Surat,S.Mandvi,Beans,Other,FAQ,2011-04-26 00:00:00,2000.0,3500.0,2750.0,94
Gujarat,Surat,Vyra,Beans,Other,FAQ,2011-04-04 00:00:00,3250.0,3500.0,3375.0,94
Gujarat,Surat,Vyra,Beans,Other,FAQ,2011-04-11 00:00:00,3250.0,3600.0,3425.0,94
Gujarat,Vadodara(Baroda),Vadodara,Beans,Other,FAQ,2011-01-04 00:00:00,3200.0,3300.0,3300.0,94
Gujarat,Vadodara(Baroda),Vadodara,Beans,Other,FAQ,2011-01-07 00:00:00,3000.0,4800.0,4000.0,94
Gujarat,Vadodara(Baroda),Vadodara,Beans,Other,FAQ,2011-01-19 00:00:00,3500.0,4000.0,4000.0,94
Gujarat,Vadodara(Baroda),Vadodara,Beans,Other,FAQ,2011-01-25 00:00:00,3500.0,4000.0,4000.0,94
Gujarat,Vadodara(Baroda),Vadodara,Beans,Other,FAQ,2011-01-31 00:00:00,3200.0,3300.0,3300.0,94
Gujarat,Vadodara(Baroda),Vadodara,Beans,Other,FAQ,2011-03-04 00:00:00,4200.0,5200.0,5200.0,94
Gujarat,Vadodara(Baroda),Vadodara,Beans,Other,FAQ,2011-03-26 00:00:00,3500.0,4000.0,4000.0,94
Gujarat,Vadodara(Baroda),Vadodara,Beans,Other,FAQ,2011-03-31 00:00:00,3500.0,4000.0,4000.0,94
Gujarat,Vadodara(Baroda),Vadodara,Beans,Other,FAQ,2011-04-02 00:00:00,3000.0,3900.0,3900.0,94
Gujarat,Vadodara(Baroda),Vadodara,Beans,Other,FAQ,2011-04-22 00:00:00,3200.0,3800.0,3800.0,94
Gujarat,Vadodara(Baroda),Vadodara,Beans,Other,FAQ,2011-04-27 00:00:00,3200.0,3800.0,3700.0,94
Gujarat,Vadodara(Baroda),Vadodara,Beans,Other,FAQ,2011-07-02 00:00:00,5000.0,5500.0,5500.0,94
Gujarat,Vadodara(Baroda),Vadodara,Beans,Other,FAQ,2011-07-18 00:00:00,3500.0,4000.0,4000.0,94
Gujarat,Vadodara(Baroda),Vadodara,Beans,Other,FAQ,2011-07-20 00:00:00,3500.0,4000.0,4000.0,94
Gujarat,Vadodara(Baroda),Vadodara,Beans,Other,FAQ,2011-07-21 00:00:00,3500.0,4000.0,4000.0,94
Gujarat,Vadodara(Baroda),Vadodara,Beans,Other,FAQ,2011-07-25 00:00:00,3500.0,4000.0,4000.0,94
Gujarat,Vadodara(Baroda),Vadodara,Beans,Other,FAQ,2011-08-03 00:00:00,3200.0,4500.0,4500.0,94
Gujarat,Vadodara(Baroda),Vadodara,Beans,Other,FAQ,2011-09-13 00:00:00,3000.0,5200.0,5200.0,94
Gujarat,Vadodara(Baroda),Vadodara,Beans,Other,FAQ,2011-09-16 00:00:00,4000.0,4500.0,4500.0,94
Gujarat,Vadodara(Baroda),Vadodara,Beans,Other,FAQ,2011-09-23 00:00:00,4000.0,4500.0,4500.0,94
Gujarat,Vadodara(Baroda),Vadodara,Beans,Other,FAQ,2011-10-06 00:00:00,4000.0,5500.0,5500.0,94
Gujarat,Vadodara(Baroda),Vadodara,Beans,Other,FAQ,2011-10-19 00:00:00,4500.0,5000.0,5000.0,94
Gujarat,Vadodara(Baroda),Vadodara,Beans,Other,FAQ,2011-10-25 00:00:00,4500.0,5000.0,5000.0,94
Gujarat,Vadodara(Baroda),Vadodara,Beans,Other,FAQ,2011-10-31 00:00:00,4500.0,5000.0,5000.0,94
Gujarat,Vadodara(Baroda),Vadodara,Beans,Other,FAQ,2011-11-04 00:00:00,4500.0,4800.0,4800.0,94
Gujarat,Vadodara(Baroda),Vadodara,Beans,Other,FAQ,2011-11-09 00:00:00,4500.0,4800.0,4800.0,94
Gujarat,Vadodara(Baroda),Vadodara,Beans,Other,FAQ,2011-11-16 00:00:00,4000.0,4500.0,4500.0,94
Gujarat,Vadodara(Baroda),Vadodara,Beans,Other,FAQ,2011-11-21 00:00:00,4000.0,4500.0,4500.0,94
Gujarat,Vadodara(Baroda),Vadodara,Beans,Other,FAQ,2011-11-24 00:00:00,4000.0,4500.0,4500.0,94
Gujarat,Vadodara(Baroda),Vadodara,Beans,Other,FAQ,2011-12-07 00:00:00,4500.0,4800.0,4800.0,94
Gujarat,Banaskanth,Deesa(Deesa Veg Yard),Beans,Other,FAQ,2010-02-19 00:00:00,500.0,600.0,550.0,94
Gujarat,Banaskanth,Deesa(Deesa Veg Yard),Beans,Other,FAQ,2010-03-03 00:00:00,700.0,800.0,750.0,94
Gujarat,Banaskanth,Deesa(Deesa Veg Yard),Beans,Other,FAQ,2010-10-04 00:00:00,2500.0,3000.0,2750.0,94
Gujarat,Banaskanth,Deesa(Deesa Veg Yard),Beans,Other,FAQ,2010-10-23 00:00:00,2000.0,2500.0,2250.0,94
Gujarat,Banaskanth,Deesa(Deesa Veg Yard),Beans,Other,FAQ,2010-10-26 00:00:00,1500.0,2000.0,1750.0,94
Gujarat,Banaskanth,Deesa(Deesa Veg Yard),Beans,Other,FAQ,2010-11-11 00:00:00,1500.0,2000.0,1750.0,94
Gujarat,Banaskanth,Deesa(Deesa Veg Yard),Beans,Other,FAQ,2010-11-22 00:00:00,1000.0,1100.0,1050.0,94
Gujarat,Banaskanth,Deesa(Deesa Veg Yard),Beans,Other,FAQ,2010-11-27 00:00:00,1000.0,1500.0,1250.0,94
Gujarat,Banaskanth,Deesa(Deesa Veg Yard),Beans,Other,FAQ,2010-12-09 00:00:00,1000.0,1500.0,1250.0,94
Gujarat,Banaskanth,Deesa(Deesa Veg Yard),Beans,Other,FAQ,2010-12-13 00:00:00,1300.0,1500.0,1400.0,94
Gujarat,Banaskanth,Deesa(Deesa Veg Yard),Beans,Other,FAQ,2010-12-16 00:00:00,1500.0,1600.0,1550.0,94
Gujarat,Banaskanth,Deesa(Deesa Veg Yard),Beans,Other,FAQ,2010-12-20 00:00:00,1800.0,2700.0,2250.0,94
Gujarat,Dahod,Dahod,Beans,Other,FAQ,2010-01-11 00:00:00,3000.0,3400.0,3250.0,94
Gujarat,Dahod,Dahod,Beans,Other,FAQ,2010-01-12 00:00:00,3100.0,3450.0,3300.0,94
Gujarat,Dahod,Dahod,Beans,Other,FAQ,2010-01-25 00:00:00,3000.0,3100.0,3050.0,94
Gujarat,Dahod,Dahod,Beans,Other,FAQ,2010-01-30 00:00:00,2600.0,2700.0,2650.0,94
Gujarat,Dahod,Dahod,Beans,Other,FAQ,2010-02-09 00:00:00,2700.0,2800.0,2750.0,94
Gujarat,Dahod,Dahod,Beans,Other,FAQ,2010-02-17 00:00:00,2950.0,3100.0,3050.0,94
Gujarat,Dahod,Dahod,Beans,Other,FAQ,2010-02-22 00:00:00,2700.0,2925.0,2900.0,94
Gujarat,Dahod,Dahod,Beans,Other,FAQ,2010-03-06 00:00:00,2750.0,2950.0,2900.0,94
Gujarat,Dahod,Dahod,Beans,Other,FAQ,2010-03-09 00:00:00,2750.0,2950.0,2900.0,94
Gujarat,Dahod,Dahod,Beans,Other,FAQ,2010-04-15 00:00:00,3000.0,3500.0,3200.0,94
Gujarat,Jamnagar,Jam Jodhpur,Beans,Other,FAQ,2010-09-24 00:00:00,4250.0,5850.0,5000.0,94
Gujarat,Jamnagar,Jam Jodhpur,Beans,Other,FAQ,2010-12-10 00:00:00,3450.0,5500.0,3500.0,94
Gujarat,Jamnagar,Jamnagar,Beans,Other,FAQ,2010-01-20 00:00:00,3250.0,4125.0,3688.0,94
Gujarat,Jamnagar,Jamnagar,Beans,Other,FAQ,2010-02-15 00:00:00,3075.0,3525.0,3300.0,94
Gujarat,Jamnagar,Jamnagar,Beans,Other,FAQ,2010-06-12 00:00:00,2500.0,2980.0,2740.0,94
Gujarat,Jamnagar,Jamnagar,Beans,Other,FAQ,2010-07-14 00:00:00,2750.0,3005.0,2900.0,94
Gujarat,Jamnagar,Jamnagar,Beans,Other,FAQ,2010-07-31 00:00:00,2500.0,4000.0,3500.0,94
Gujarat,Jamnagar,Jamnagar,Beans,Other,FAQ,2010-09-25 00:00:00,2000.0,3525.0,3000.0,94
Gujarat,Jamnagar,Jamnagar,Beans,Other,FAQ,2010-09-28 00:00:00,2500.0,4475.0,3488.0,94
Gujarat,Jamnagar,Jamnagar,Beans,Other,FAQ,2010-10-14 00:00:00,2500.0,5200.0,4200.0,94
Gujarat,Jamnagar,Jamnagar,Beans,Other,FAQ,2010-10-18 00:00:00,1000.0,1325.0,1163.0,94
Gujarat,Jamnagar,Jamnagar,Beans,Other,FAQ,2010-11-01 00:00:00,2500.0,3125.0,2813.0,94
Gujarat,Jamnagar,Jamnagar,Beans,Other,FAQ,2010-11-11 00:00:00,5000.0,6250.0,5900.0,94
Gujarat,Jamnagar,Jamnagar,Beans,Other,FAQ,2010-11-30 00:00:00,2250.0,2825.0,2538.0,94
Gujarat,Junagarh,Junagadh,Beans,Other,FAQ,2010-05-28 00:00:00,1172.0,1172.0,1172.0,94
Gujarat,Junagarh,Junagadh,Beans,Other,FAQ,2010-06-24 00:00:00,4575.0,4575.0,4575.0,94
Gujarat,Junagarh,Junagadh,Beans,Other,FAQ,2010-06-29 00:00:00,4000.0,4600.0,4300.0,94
Gujarat,Junagarh,Junagadh,Beans,Other,FAQ,2010-06-30 00:00:00,3625.0,5200.0,4250.0,94
Gujarat,Junagarh,Junagadh,Beans,Other,FAQ,2010-07-02 00:00:00,4250.0,6220.0,5000.0,94
Gujarat,Junagarh,Junagadh,Beans,Other,FAQ,2010-07-17 00:00:00,3500.0,5750.0,4875.0,94
Gujarat,Junagarh,Junagadh,Beans,Other,FAQ,2010-07-22 00:00:00,1750.0,2375.0,2000.0,94
Gujarat,Junagarh,Junagadh,Beans,Other,FAQ,2010-07-26 00:00:00,4000.0,6100.0,5050.0,94
Gujarat,Junagarh,Junagadh,Beans,Other,FAQ,2010-10-28 00:00:00,2500.0,6140.0,3500.0,94
Gujarat,Junagarh,Junagadh,Beans,Other,FAQ,2010-12-03 00:00:00,6000.0,7250.0,6500.0,94
Gujarat,Junagarh,Junagadh,Beans,Other,FAQ,2010-12-14 00:00:00,3600.0,5250.0,4500.0,94
Gujarat,Junagarh,Junagadh,Beans,Other,FAQ,2010-12-22 00:00:00,5400.0,5400.0,5400.0,94
Gujarat,Junagarh,Junagadh,Beans,Other,FAQ,2010-12-28 00:00:00,3750.0,4590.0,4000.0,94
Gujarat,Junagarh,Visavadar,Beans,Other,FAQ,2010-01-12 00:00:00,3930.0,5970.0,4950.0,94
Gujarat,Junagarh,Visavadar,Beans,Other,FAQ,2010-01-19 00:00:00,3105.0,4715.0,3910.0,94
Gujarat,Junagarh,Visavadar,Beans,Other,FAQ,2010-01-20 00:00:00,2770.0,4330.0,3550.0,94
Gujarat,Junagarh,Visavadar,Beans,Other,FAQ,2010-02-01 00:00:00,2710.0,3730.0,3220.0,94
Gujarat,Junagarh,Visavadar,Beans,Other,FAQ,2010-02-03 00:00:00,2690.0,3770.0,3230.0,94
Gujarat,Junagarh,Visavadar,Beans,Other,FAQ,2010-02-17 00:00:00,2640.0,3980.0,3310.0,94
Gujarat,Junagarh,Visavadar,Beans,Other,FAQ,2010-03-04 00:00:00,3770.0,4280.0,4025.0,94
Gujarat,Junagarh,Visavadar,Beans,Other,FAQ,2010-03-15 00:00:00,3370.0,4310.0,3840.0,94
Gujarat,Junagarh,Visavadar,Beans,Other,FAQ,2010-04-03 00:00:00,3750.0,4430.0,4090.0,94
Gujarat,Junagarh,Visavadar,Beans,Other,FAQ,2010-04-15 00:00:00,3450.0,3830.0,3640.0,94
Gujarat,Junagarh,Visavadar,Beans,Other,FAQ,2010-05-04 00:00:00,3300.0,4500.0,3900.0,94
Gujarat,Junagarh,Visavadar,Beans,Other,FAQ,2010-05-12 00:00:00,3000.0,4260.0,3630.0,94
Gujarat,Junagarh,Visavadar,Beans,Other,FAQ,2010-05-17 00:00:00,3000.0,3500.0,3250.0,94
Gujarat,Junagarh,Visavadar,Beans,Other,FAQ,2010-06-08 00:00:00,3250.0,4500.0,3875.0,94
Gujarat,Junagarh,Visavadar,Beans,Other,FAQ,2010-10-19 00:00:00,1500.0,4450.0,2975.0,94
Gujarat,Junagarh,Visavadar,Beans,Other,FAQ,2010-10-30 00:00:00,4000.0,5260.0,4630.0,94
Gujarat,Rajkot,Jasdan,Beans,Other,FAQ,2010-01-15 00:00:00,4400.0,4730.0,4500.0,94
Gujarat,Rajkot,Jasdan,Beans,Other,FAQ,2010-01-16 00:00:00,3500.0,4725.0,3655.0,94
Gujarat,Rajkot,Jasdan,Beans,Other,FAQ,2010-02-15 00:00:00,3300.0,4295.0,3750.0,94
Gujarat,Rajkot,Jasdan,Beans,Other,FAQ,2010-02-23 00:00:00,4125.0,4355.0,4250.0,94
Gujarat,Rajkot,Jasdan,Beans,Other,FAQ,2010-03-05 00:00:00,500.0,882.0,700.0,94
Gujarat,Rajkot,Jasdan,Beans,Other,FAQ,2010-03-06 00:00:00,3500.0,4595.0,4125.0,94
Gujarat,Rajkot,Jasdan,Beans,Other,FAQ,2010-03-08 00:00:00,3750.0,4365.0,4250.0,94
Gujarat,Rajkot,Jasdan,Beans,Other,FAQ,2010-03-13 00:00:00,3200.0,3905.0,3500.0,94
Gujarat,Rajkot,Jasdan,Beans,Other,FAQ,2010-04-07 00:00:00,4000.0,4500.0,4250.0,94
Gujarat,Rajkot,Jasdan,Beans,Other,FAQ,2010-04-14 00:00:00,4000.0,5105.0,4500.0,94
Gujarat,Rajkot,Jasdan,Beans,Other,FAQ,2010-04-22 00:00:00,5500.0,5500.0,5500.0,94
Gujarat,Rajkot,Jasdan,Beans,Other,FAQ,2010-04-23 00:00:00,4380.0,5250.0,5000.0,94
Gujarat,Rajkot,Jasdan,Beans,Other,FAQ,2010-04-24 00:00:00,4500.0,4500.0,4500.0,94
Gujarat,Rajkot,Jasdan,Beans,Other,FAQ,2010-05-08 00:00:00,3750.0,4500.0,4250.0,94
Gujarat,Rajkot,Jasdan,Beans,Other,FAQ,2010-05-18 00:00:00,4500.0,5660.0,5000.0,94
Gujarat,Rajkot,Jasdan,Beans,Other,FAQ,2010-05-20 00:00:00,4750.0,5680.0,5000.0,94
Gujarat,Rajkot,Jasdan,Beans,Other,FAQ,2010-06-05 00:00:00,3750.0,5070.0,4750.0,94
Gujarat,Rajkot,Jasdan,Beans,Other,FAQ,2010-06-08 00:00:00,3250.0,5000.0,4750.0,94
Gujarat,Rajkot,Jasdan,Beans,Other,FAQ,2010-06-09 00:00:00,3250.0,4750.0,4500.0,94
Gujarat,Rajkot,Jasdan,Beans,Other,FAQ,2010-06-10 00:00:00,3000.0,4640.0,4250.0,94
Gujarat,Rajkot,Jasdan,Beans,Other,FAQ,2010-06-14 00:00:00,2875.0,5260.0,5000.0,94
Gujarat,Rajkot,Jasdan,Beans,Other,FAQ,2010-06-19 00:00:00,3625.0,5125.0,4500.0,94
Gujarat,Rajkot,Jasdan,Beans,Other,FAQ,2010-06-21 00:00:00,4550.0,4805.0,4610.0,94
Gujarat,Rajkot,Jasdan,Beans,Other,FAQ,2010-07-07 00:00:00,4250.0,5840.0,5250.0,94
Gujarat,Rajkot,Jasdan,Beans,Other,FAQ,2010-07-14 00:00:00,4005.0,4850.0,4750.0,94
Gujarat,Rajkot,Jasdan,Beans,Other,FAQ,2010-07-15 00:00:00,5500.0,5500.0,5500.0,94
Gujarat,Rajkot,Jasdan,Beans,Other,FAQ,2010-07-20 00:00:00,5560.0,5560.0,5560.0,94
Gujarat,Rajkot,Jasdan,Beans,Other,FAQ,2010-07-23 00:00:00,6180.0,6180.0,6180.0,94
Gujarat,Rajkot,Jasdan,Beans,Other,FAQ,2010-07-27 00:00:00,4750.0,4750.0,4750.0,94
Gujarat,Rajkot,Jasdan,Beans,Other,FAQ,2010-07-29 00:00:00,5455.0,6455.0,5680.0,94
Gujarat,Rajkot,Jasdan,Beans,Other,FAQ,2010-07-31 00:00:00,5000.0,6500.0,6000.0,94
Gujarat,Rajkot,Jasdan,Beans,Other,FAQ,2010-08-09 00:00:00,3700.0,6000.0,5000.0,94
Gujarat,Rajkot,Jasdan,Beans,Other,FAQ,2010-08-10 00:00:00,4500.0,4500.0,4500.0,94
Gujarat,Rajkot,Jasdan,Beans,Other,FAQ,2010-08-11 00:00:00,5150.0,6150.0,5500.0,94
Gujarat,Rajkot,Jasdan,Beans,Other,FAQ,2010-09-07 00:00:00,1500.0,4680.0,4380.0,94
Gujarat,Rajkot,Jasdan,Beans,Other,FAQ,2010-09-29 00:00:00,3660.0,5660.0,4500.0,94
Gujarat,Rajkot,Jasdan,Beans,Other,FAQ,2010-10-02 00:00:00,2200.0,5710.0,5000.0,94
Gujarat,Rajkot,Jasdan,Beans,Other,FAQ,2010-10-09 00:00:00,3000.0,5875.0,5000.0,94
Gujarat,Rajkot,Jasdan,Beans,Other,FAQ,2010-10-22 00:00:00,2500.0,6175.0,4500.0,94
Gujarat,Rajkot,Jasdan,Beans,Other,FAQ,2010-10-28 00:00:00,5750.0,6375.0,6250.0,94
Gujarat,Rajkot,Jasdan,Beans,Other,FAQ,2010-11-25 00:00:00,6500.0,7350.0,6750.0,94
Gujarat,Rajkot,Jasdan,Beans,Other,FAQ,2010-12-01 00:00:00,7550.0,7550.0,7550.0,94
Gujarat,Rajkot,Jasdan,Beans,Other,FAQ,2010-12-08 00:00:00,4000.0,4000.0,4000.0,94
Gujarat,Rajkot,Jasdan,Beans,Other,FAQ,2010-12-10 00:00:00,5500.0,5500.0,5500.0,94
Gujarat,Rajkot,Jetpur(Dist.Rajkot),Beans,Beans (Whole),FAQ,2010-01-13 00:00:00,3075.0,4450.0,3750.0,94
Gujarat,Rajkot,Jetpur(Dist.Rajkot),Beans,Beans (Whole),FAQ,2010-02-09 00:00:00,2005.0,4005.0,3750.0,94
Gujarat,Rajkot,Jetpur(Dist.Rajkot),Beans,Beans (Whole),FAQ,2010-03-09 00:00:00,3980.0,4530.0,4180.0,94
Gujarat,Rajkot,Jetpur(Dist.Rajkot),Beans,Beans (Whole),FAQ,2010-03-10 00:00:00,3980.0,4530.0,4180.0,94
Gujarat,Rajkot,Jetpur(Dist.Rajkot),Beans,Beans (Whole),FAQ,2010-03-19 00:00:00,3255.0,4630.0,4255.0,94
Gujarat,Rajkot,Jetpur(Dist.Rajkot),Beans,Beans (Whole),FAQ,2010-03-23 00:00:00,1750.0,4105.0,3375.0,94
Gujarat,Rajkot,Jetpur(Dist.Rajkot),Beans,Beans (Whole),FAQ,2010-04-13 00:00:00,3750.0,4650.0,4250.0,94
Gujarat,Rajkot,Jetpur(Dist.Rajkot),Beans,Beans (Whole),FAQ,2010-04-16 00:00:00,4000.0,4625.0,4250.0,94
Gujarat,Rajkot,Jetpur(Dist.Rajkot),Beans,Beans (Whole),FAQ,2010-04-22 00:00:00,3000.0,4505.0,4275.0,94
Gujarat,Rajkot,Jetpur(Dist.Rajkot),Beans,Beans (Whole),FAQ,2010-05-03 00:00:00,3255.0,4655.0,4105.0,94
Gujarat,Rajkot,Jetpur(Dist.Rajkot),Beans,Beans (Whole),FAQ,2010-05-04 00:00:00,3750.0,4505.0,4225.0,94
Gujarat,Rajkot,Jetpur(Dist.Rajkot),Beans,Beans (Whole),FAQ,2010-05-05 00:00:00,2755.0,4155.0,3505.0,94
Gujarat,Rajkot,Jetpur(Dist.Rajkot),Beans,Beans (Whole),FAQ,2010-06-09 00:00:00,3000.0,4000.0,3500.0,94
Gujarat,Rajkot,Jetpur(Dist.Rajkot),Beans,Beans (Whole),FAQ,2010-06-11 00:00:00,3250.0,4005.0,3650.0,94
Gujarat,Rajkot,Jetpur(Dist.Rajkot),Beans,Beans (Whole),FAQ,2010-06-28 00:00:00,2000.0,3900.0,3500.0,94
Gujarat,Rajkot,Jetpur(Dist.Rajkot),Beans,Beans (Whole),FAQ,2010-07-20 00:00:00,2500.0,4555.0,4375.0,94
Gujarat,Rajkot,Jetpur(Dist.Rajkot),Beans,Beans (Whole),FAQ,2010-08-04 00:00:00,3000.0,4005.0,3625.0,94
Gujarat,Rajkot,Jetpur(Dist.Rajkot),Beans,Beans (Whole),FAQ,2010-09-29 00:00:00,3400.0,4105.0,3555.0,94
Gujarat,Rajkot,Jetpur(Dist.Rajkot),Beans,Beans (Whole),FAQ,2010-09-30 00:00:00,4930.0,4930.0,4930.0,94
Gujarat,Rajkot,Jetpur(Dist.Rajkot),Beans,Beans (Whole),FAQ,2010-10-14 00:00:00,3355.0,4955.0,4605.0,94
Gujarat,Rajkot,Jetpur(Dist.Rajkot),Beans,Beans (Whole),FAQ,2010-10-28 00:00:00,3605.0,4950.0,4105.0,94
Gujarat,Rajkot,Jetpur(Dist.Rajkot),Beans,Beans (Whole),FAQ,2010-10-30 00:00:00,5750.0,6455.0,6005.0,94
Gujarat,Rajkot,Jetpur(Dist.Rajkot),Beans,Beans (Whole),FAQ,2010-12-06 00:00:00,5755.0,6280.0,6005.0,94
Gujarat,Rajkot,Jetpur(Dist.Rajkot),Beans,Beans (Whole),FAQ,2010-12-28 00:00:00,3505.0,4480.0,4005.0,94
Gujarat,Surat,S.Mandvi,Beans,Other,FAQ,2010-03-15 00:00:00,3100.0,3100.0,3100.0,94
Gujarat,Surat,S.Mandvi,Beans,Other,FAQ,2010-03-23 00:00:00,3150.0,3150.0,3150.0,94
Gujarat,Surat,S.Mandvi,Beans,Other,FAQ,2010-03-27 00:00:00,3000.0,3400.0,3200.0,94
Gujarat,Surat,S.Mandvi,Beans,Other,FAQ,2010-04-03 00:00:00,2500.0,2500.0,2500.0,94
Gujarat,Surat,S.Mandvi,Beans,Other,FAQ,2010-04-05 00:00:00,4250.0,4250.0,4250.0,94
Gujarat,Surat,S.Mandvi,Beans,Other,FAQ,2010-04-09 00:00:00,3750.0,3750.0,3750.0,94
Gujarat,Surat,S.Mandvi,Beans,Other,FAQ,2010-04-11 00:00:00,3250.0,3250.0,3250.0,94
Gujarat,Surat,S.Mandvi,Beans,Other,FAQ,2010-04-26 00:00:00,1600.0,1600.0,1600.0,94
Gujarat,Surat,S.Mandvi,Beans,Other,FAQ,2010-05-04 00:00:00,2000.0,2000.0,2000.0,94
Gujarat,Surat,S.Mandvi,Beans,Other,FAQ,2010-06-21 00:00:00,2000.0,2000.0,2000.0,94
Gujarat,Surat,Uchhal,Beans,Other,FAQ,2010-02-21 00:00:00,3000.0,3200.0,3180.0,94
Gujarat,Surat,Uchhal,Beans,Other,FAQ,2010-02-27 00:00:00,2700.0,3000.0,2900.0,94
Gujarat,Surat,Uchhal,Beans,Other,FAQ,2010-03-09 00:00:00,2600.0,3000.0,2800.0,94
Gujarat,Surat,Uchhal,Beans,Other,FAQ,2010-03-25 00:00:00,2500.0,2800.0,2700.0,94
Gujarat,Surat,Uchhal,Beans,Other,FAQ,2010-04-07 00:00:00,2700.0,3500.0,3300.0,94
Gujarat,Surat,Uchhal,Beans,Other,FAQ,2010-04-08 00:00:00,3000.0,3500.0,3200.0,94
Gujarat,Surat,Valod(Buhari),Beans,Other,FAQ,2010-04-02 00:00:00,3500.0,3510.0,3510.0,94
Gujarat,Surat,Valod(Buhari),Beans,Other,FAQ,2010-04-06 00:00:00,4080.0,4100.0,4100.0,94
Gujarat,Surat,Valod(Buhari),Beans,Other,FAQ,2010-04-08 00:00:00,3250.0,3260.0,3260.0,94
Gujarat,Surat,Valod(Buhari),Beans,Other,FAQ,2010-04-09 00:00:00,3550.0,3580.0,3580.0,94
Gujarat,Surat,Valod(Buhari),Beans,Other,FAQ,2010-04-13 00:00:00,3700.0,3710.0,3710.0,94
Gujarat,Surat,Valod(Buhari),Beans,Other,FAQ,2010-05-10 00:00:00,2675.0,2680.0,2680.0,94
Gujarat,Surat,Valod(Buhari),Beans,Other,FAQ,2010-05-11 00:00:00,2790.0,2800.0,2800.0,94
Gujarat,Surat,Vyra,Beans,Other,FAQ,2010-03-08 00:00:00,3075.0,3200.0,3137.0,94
Gujarat,Surat,Vyra,Beans,Other,FAQ,2010-03-11 00:00:00,3000.0,3175.0,3087.0,94
Gujarat,Surat,Vyra,Beans,Other,FAQ,2010-03-13 00:00:00,2900.0,3175.0,3037.0,94
Gujarat,Surat,Vyra,Beans,Other,FAQ,2010-03-25 00:00:00,3350.0,3550.0,3450.0,94
Gujarat,Surat,Vyra,Beans,Other,FAQ,2010-03-29 00:00:00,3400.0,3885.0,3642.0,94
Gujarat,Surat,Vyra,Beans,Other,FAQ,2010-04-03 00:00:00,4300.0,4630.0,4465.0,94
Gujarat,Surat,Vyra,Beans,Other,FAQ,2010-04-05 00:00:00,3750.0,4375.0,4062.0,94
Gujarat,Surat,Vyra,Beans,Other,FAQ,2010-04-07 00:00:00,4000.0,4500.0,4250.0,94
Gujarat,Surat,Vyra,Beans,Other,FAQ,2010-04-08 00:00:00,3800.0,4045.0,3922.0,94
Gujarat,Surat,Vyra,Beans,Other,FAQ,2010-04-12 00:00:00,3500.0,3720.0,3610.0,94
Gujarat,Surat,Vyra,Beans,Other,FAQ,2010-04-15 00:00:00,3400.0,3500.0,3450.0,94
Gujarat,Vadodara(Baroda),Vadodara,Beans,Other,FAQ,2010-01-04 00:00:00,3800.0,4400.0,4200.0,94
Gujarat,Vadodara(Baroda),Vadodara,Beans,Other,FAQ,2010-01-12 00:00:00,3500.0,4000.0,3900.0,94
Gujarat,Vadodara(Baroda),Vadodara,Beans,Other,FAQ,2010-02-02 00:00:00,4000.0,4100.0,4050.0,94
Gujarat,Vadodara(Baroda),Vadodara,Beans,Other,FAQ,2010-02-05 00:00:00,4000.0,4100.0,4050.0,94
Gujarat,Vadodara(Baroda),Vadodara,Beans,Other,FAQ,2010-03-04 00:00:00,3500.0,3850.0,3700.0,94
Gujarat,Vadodara(Baroda),Vadodara,Beans,Other,FAQ,2010-03-20 00:00:00,3500.0,3800.0,3700.0,94
Gujarat,Vadodara(Baroda),Vadodara,Beans,Other,FAQ,2010-04-09 00:00:00,3500.0,4000.0,4000.0,94
Gujarat,Vadodara(Baroda),Vadodara,Beans,Other,FAQ,2010-04-10 00:00:00,3500.0,4000.0,3900.0,94
Gujarat,Vadodara(Baroda),Vadodara,Beans,Other,FAQ,2010-04-27 00:00:00,3500.0,4500.0,4500.0,94
Gujarat,Vadodara(Baroda),Vadodara,Beans,Other,FAQ,2010-05-05 00:00:00,3500.0,4500.0,4500.0,94
Gujarat,Vadodara(Baroda),Vadodara,Beans,Other,FAQ,2010-05-13 00:00:00,3800.0,4000.0,3900.0,94
Gujarat,Vadodara(Baroda),Vadodara,Beans,Other,FAQ,2010-06-11 00:00:00,3600.0,4400.0,4300.0,94
Gujarat,Vadodara(Baroda),Vadodara,Beans,Other,FAQ,2010-06-18 00:00:00,3800.0,4500.0,4200.0,94
Gujarat,Vadodara(Baroda),Vadodara,Beans,Other,FAQ,2010-06-22 00:00:00,3800.0,4500.0,4200.0,94
Gujarat,Vadodara(Baroda),Vadodara,Beans,Other,FAQ,2010-07-07 00:00:00,3500.0,4800.0,4500.0,94
Gujarat,Vadodara(Baroda),Vadodara,Beans,Other,FAQ,2010-07-21 00:00:00,3500.0,4600.0,4200.0,94
Gujarat,Vadodara(Baroda),Vadodara,Beans,Other,FAQ,2010-08-12 00:00:00,3500.0,4500.0,4200.0,94
Gujarat,Vadodara(Baroda),Vadodara,Beans,Other,FAQ,2010-08-17 00:00:00,3500.0,4500.0,4200.0,94
Gujarat,Vadodara(Baroda),Vadodara,Beans,Other,FAQ,2010-09-04 00:00:00,4200.0,5000.0,4800.0,94
Gujarat,Vadodara(Baroda),Vadodara,Beans,Other,FAQ,2010-09-10 00:00:00,4200.0,5000.0,4800.0,94
Gujarat,Vadodara(Baroda),Vadodara,Beans,Other,FAQ,2010-09-21 00:00:00,3500.0,5000.0,4500.0,94
Gujarat,Vadodara(Baroda),Vadodara,Beans,Other,FAQ,2010-09-29 00:00:00,3500.0,5000.0,4500.0,94
Gujarat,Vadodara(Baroda),Vadodara,Beans,Other,FAQ,2010-09-30 00:00:00,3500.0,5000.0,4500.0,94
Gujarat,Vadodara(Baroda),Vadodara,Beans,Other,FAQ,2010-10-07 00:00:00,3500.0,5000.0,4500.0,94
Gujarat,Vadodara(Baroda),Vadodara,Beans,Other,FAQ,2010-10-15 00:00:00,3500.0,5000.0,4500.0,94
Gujarat,Vadodara(Baroda),Vadodara,Beans,Other,FAQ,2010-10-22 00:00:00,3200.0,5000.0,4500.0,94
Gujarat,Vadodara(Baroda),Vadodara,Beans,Other,FAQ,2010-10-23 00:00:00,3200.0,5000.0,4800.0,94
Gujarat,Vadodara(Baroda),Vadodara,Beans,Other,FAQ,2010-12-07 00:00:00,4200.0,4800.0,4600.0,94
Gujarat,Vadodara(Baroda),Vadodara,Beans,Other,FAQ,2010-12-11 00:00:00,3000.0,3900.0,3500.0,94
Gujarat,Vadodara(Baroda),Vadodara,Beans,Other,FAQ,2010-12-31 00:00:00,3200.0,3300.0,3200.0,94
Gujarat,Amreli,Rajula,Beans,Beans (Whole),FAQ,2017-08-05 00:00:00,2065.0,2065.0,2065.0,94
Gujarat,Amreli,Rajula,Beans,Beans (Whole),FAQ,2017-11-07 00:00:00,1250.0,1250.0,1250.0,94
Gujarat,Anand,Tarapur,Beans,Other,FAQ,2017-03-17 00:00:00,4500.0,5175.0,4847.0,94
Gujarat,Anand,Tarapur,Beans,Other,FAQ,2017-03-30 00:00:00,4505.0,5675.0,5675.0,94
Gujarat,Anand,Tarapur,Beans,Other,FAQ,2017-04-10 00:00:00,4500.0,5800.0,5580.0,94
Gujarat,Anand,Tarapur,Beans,Other,FAQ,2017-04-25 00:00:00,4500.0,5575.0,5575.0,94
Gujarat,Anand,Tarapur,Beans,Other,FAQ,2017-04-27 00:00:00,4500.0,5650.0,5440.0,94
Gujarat,Anand,Tarapur,Beans,Other,FAQ,2017-05-24 00:00:00,4500.0,5400.0,5400.0,94
Gujarat,Anand,Tarapur,Beans,Other,FAQ,2017-05-31 00:00:00,4500.0,5055.0,5055.0,94
Gujarat,Anand,Tarapur,Beans,Other,FAQ,2017-06-01 00:00:00,4500.0,5500.0,5380.0,94
Gujarat,Anand,Tarapur,Beans,Other,FAQ,2017-06-14 00:00:00,4500.0,5255.0,4950.0,94
Gujarat,Anand,Tarapur,Beans,Other,FAQ,2017-10-25 00:00:00,3000.0,4910.0,4860.0,94
Gujarat,Anand,Tarapur,Beans,Other,FAQ,2017-10-31 00:00:00,4500.0,5350.0,5252.0,94
Gujarat,Anand,Tarapur,Beans,Other,FAQ,2017-11-01 00:00:00,4250.0,4500.0,4250.0,94
Gujarat,Dahod,Dahod,Beans,Beans (Whole),FAQ,2017-02-08 00:00:00,4200.0,4650.0,4500.0,94
Gujarat,Dahod,Dahod,Beans,Beans (Whole),FAQ,2017-02-15 00:00:00,4200.0,4650.0,4500.0,94
Gujarat,Dahod,Dahod,Beans,Beans (Whole),FAQ,2017-02-17 00:00:00,4200.0,4650.0,4500.0,94
Gujarat,Dahod,Dahod,Beans,Beans (Whole),FAQ,2017-02-21 00:00:00,4200.0,4650.0,4400.0,94
Gujarat,Dahod,Dahod,Beans,Beans (Whole),FAQ,2017-02-22 00:00:00,4200.0,4650.0,4500.0,94
Gujarat,Dahod,Dahod,Beans,Beans (Whole),FAQ,2017-02-27 00:00:00,4200.0,4650.0,4500.0,94
Gujarat,Dahod,Dahod,Beans,Beans (Whole),FAQ,2017-02-28 00:00:00,4200.0,4650.0,4500.0,94
Gujarat,Dahod,Dahod,Beans,Beans (Whole),FAQ,2017-03-17 00:00:00,4400.0,5000.0,4700.0,94
Gujarat,Dahod,Dahod,Beans,Beans (Whole),FAQ,2017-03-18 00:00:00,4400.0,5000.0,4600.0,94
Gujarat,Dahod,Dahod,Beans,Beans (Whole),FAQ,2017-03-28 00:00:00,4500.0,5300.0,4800.0,94
Gujarat,Dahod,Dahod,Beans,Beans (Whole),FAQ,2017-03-31 00:00:00,5100.0,6400.0,6000.0,94
Gujarat,Dahod,Dahod,Beans,Beans (Whole),FAQ,2017-04-05 00:00:00,3800.0,4000.0,3925.0,94
Gujarat,Dahod,Dahod,Beans,Beans (Whole),FAQ,2017-06-21 00:00:00,1600.0,2900.0,2400.0,94
Gujarat,Dahod,Dahod,Beans,Beans (Whole),FAQ,2017-08-12 00:00:00,2800.0,3000.0,2900.0,94
Gujarat,Jamnagar,Jam Jodhpur,Beans,Other,FAQ,2017-01-05 00:00:00,4500.0,5500.0,5000.0,94
Gujarat,Jamnagar,Jam Jodhpur,Beans,Other,FAQ,2017-01-09 00:00:00,3500.0,4350.0,4000.0,94
Gujarat,Jamnagar,Jam Jodhpur,Beans,Other,FAQ,2017-02-14 00:00:00,2900.0,3700.0,3250.0,94
Gujarat,Jamnagar,Jam Jodhpur,Beans,Other,FAQ,2017-02-15 00:00:00,2500.0,4000.0,3250.0,94
Gujarat,Jamnagar,Jam Jodhpur,Beans,Other,FAQ,2017-02-16 00:00:00,2850.0,3850.0,3350.0,94
Gujarat,Jamnagar,Jam Jodhpur,Beans,Other,FAQ,2017-03-01 00:00:00,2550.0,3550.0,3050.0,94
Gujarat,Jamnagar,Jam Jodhpur,Beans,Other,FAQ,2017-03-03 00:00:00,2050.0,3550.0,2800.0,94
Gujarat,Jamnagar,Jam Jodhpur,Beans,Other,FAQ,2017-04-03 00:00:00,2650.0,3400.0,3000.0,94
Gujarat,Jamnagar,Jam Jodhpur,Beans,Other,FAQ,2017-04-13 00:00:00,3000.0,4000.0,3500.0,94
Gujarat,Jamnagar,Jam Jodhpur,Beans,Other,FAQ,2017-08-01 00:00:00,1750.0,2400.0,2000.0,94
Gujarat,Jamnagar,Jam Jodhpur,Beans,Other,FAQ,2017-08-25 00:00:00,2000.0,2750.0,2500.0,94
Gujarat,Jamnagar,Jam Jodhpur,Beans,Other,FAQ,2017-09-11 00:00:00,1500.0,2400.0,2000.0,94
Gujarat,Jamnagar,Jam Jodhpur,Beans,Other,FAQ,2017-11-14 00:00:00,1000.0,1600.0,1300.0,94
Gujarat,Jamnagar,Jamnagar,Beans,Other,FAQ,2017-01-02 00:00:00,4075.0,9600.0,6838.0,94
Gujarat,Jamnagar,Jamnagar,Beans,Other,FAQ,2017-01-06 00:00:00,3625.0,4650.0,4138.0,94
Gujarat,Jamnagar,Jamnagar,Beans,Other,FAQ,2017-01-30 00:00:00,3000.0,3275.0,3138.0,94
Gujarat,Jamnagar,Jamnagar,Beans,Other,FAQ,2017-02-01 00:00:00,5000.0,6250.0,5625.0,94
Gujarat,Jamnagar,Jamnagar,Beans,Other,FAQ,2017-02-11 00:00:00,5000.0,9525.0,7263.0,94
Gujarat,Jamnagar,Jamnagar,Beans,Other,FAQ,2017-03-01 00:00:00,4000.0,6700.0,5350.0,94
Gujarat,Jamnagar,Jamnagar,Beans,Other,FAQ,2017-04-15 00:00:00,3500.0,7000.0,5250.0,94
Gujarat,Jamnagar,Jamnagar,Beans,Other,FAQ,2017-04-20 00:00:00,4750.0,7000.0,5875.0,94
Gujarat,Jamnagar,Jamnagar,Beans,Other,FAQ,2017-05-12 00:00:00,6600.0,7000.0,6800.0,94
Gujarat,Jamnagar,Jamnagar,Beans,Other,FAQ,2017-05-26 00:00:00,3000.0,8725.0,5863.0,94
Gujarat,Jamnagar,Jamnagar,Beans,Other,FAQ,2017-06-23 00:00:00,5000.0,6200.0,5600.0,94
Gujarat,Jamnagar,Jamnagar,Beans,Other,FAQ,2017-08-01 00:00:00,4500.0,5775.0,5138.0,94
Gujarat,Jamnagar,Jamnagar,Beans,Other,FAQ,2017-09-25 00:00:00,4500.0,7025.0,5763.0,94
Gujarat,Jamnagar,Jamnagar,Beans,Other,FAQ,2017-09-28 00:00:00,3500.0,6075.0,4788.0,94
Gujarat,Jamnagar,Jamnagar,Beans,Other,FAQ,2017-10-06 00:00:00,4500.0,7025.0,5763.0,94
Gujarat,Jamnagar,Jamnagar,Beans,Other,FAQ,2017-10-09 00:00:00,4000.0,6800.0,5400.0,94
Gujarat,Jamnagar,Jamnagar,Beans,Other,FAQ,2017-10-10 00:00:00,1700.0,7175.0,4438.0,94
Gujarat,Jamnagar,Jamnagar,Beans,Other,FAQ,2017-10-30 00:00:00,4500.0,6350.0,5425.0,94
Gujarat,Jamnagar,Jamnagar,Beans,Other,FAQ,2017-11-08 00:00:00,5000.0,7500.0,6250.0,94
Gujarat,Junagarh,Junagadh,Beans,Beans (Whole),FAQ,2017-01-13 00:00:00,6200.0,6200.0,6200.0,94
Gujarat,Junagarh,Junagadh,Beans,Beans (Whole),FAQ,2017-01-23 00:00:00,4000.0,4700.0,4250.0,94
Gujarat,Junagarh,Junagadh,Beans,Beans (Whole),FAQ,2017-02-02 00:00:00,2900.0,4360.0,4000.0,94
Gujarat,Junagarh,Junagadh,Beans,Beans (Whole),FAQ,2017-02-04 00:00:00,3250.0,4490.0,4000.0,94
Gujarat,Junagarh,Junagadh,Beans,Beans (Whole),FAQ,2017-02-27 00:00:00,2750.0,4500.0,4000.0,94
Gujarat,Junagarh,Junagadh,Beans,Beans (Whole),FAQ,2017-03-10 00:00:00,2500.0,3770.0,3500.0,94
Gujarat,Junagarh,Junagadh,Beans,Beans (Whole),FAQ,2017-03-16 00:00:00,4000.0,5225.0,4750.0,94
Gujarat,Junagarh,Junagadh,Beans,Beans (Whole),FAQ,2017-03-23 00:00:00,3650.0,4000.0,3750.0,94
Gujarat,Junagarh,Junagadh,Beans,Beans (Whole),FAQ,2017-04-07 00:00:00,2825.0,4310.0,3500.0,94
Gujarat,Junagarh,Junagadh,Beans,Beans (Whole),FAQ,2017-04-11 00:00:00,2500.0,4910.0,4500.0,94
Gujarat,Junagarh,Junagadh,Beans,Beans (Whole),FAQ,2017-04-22 00:00:00,2000.0,3050.0,2500.0,94
Gujarat,Junagarh,Junagadh,Beans,Beans (Whole),FAQ,2017-04-25 00:00:00,3500.0,4630.0,3900.0,94
Gujarat,Junagarh,Junagadh,Beans,Beans (Whole),FAQ,2017-05-08 00:00:00,2325.0,4050.0,3250.0,94
Gujarat,Junagarh,Junagadh,Beans,Beans (Whole),FAQ,2017-05-15 00:00:00,3000.0,3905.0,3500.0,94
Gujarat,Junagarh,Junagadh,Beans,Beans (Whole),FAQ,2017-05-17 00:00:00,3250.0,3840.0,3350.0,94
Gujarat,Junagarh,Junagadh,Beans,Beans (Whole),FAQ,2017-05-25 00:00:00,3500.0,4760.0,4150.0,94
Gujarat,Junagarh,Junagadh,Beans,Beans (Whole),FAQ,2017-05-26 00:00:00,1600.0,2890.0,2500.0,94
Gujarat,Junagarh,Junagadh,Beans,Beans (Whole),FAQ,2017-05-30 00:00:00,2500.0,3160.0,3000.0,94
Gujarat,Junagarh,Junagadh,Beans,Beans (Whole),FAQ,2017-06-08 00:00:00,1750.0,3075.0,3000.0,94
Gujarat,Junagarh,Junagadh,Beans,Beans (Whole),FAQ,2017-06-12 00:00:00,2690.0,2690.0,2690.0,94
Gujarat,Junagarh,Junagadh,Beans,Beans (Whole),FAQ,2017-06-16 00:00:00,2500.0,2700.0,2655.0,94
Gujarat,Junagarh,Junagadh,Beans,Beans (Whole),FAQ,2017-06-19 00:00:00,2300.0,3075.0,2750.0,94
Gujarat,Junagarh,Junagadh,Beans,Beans (Whole),FAQ,2017-06-24 00:00:00,2495.0,3400.0,2750.0,94
Gujarat,Junagarh,Junagadh,Beans,Beans (Whole),FAQ,2017-08-05 00:00:00,1250.0,2500.0,2000.0,94
Gujarat,Junagarh,Junagadh,Beans,Beans (Whole),FAQ,2017-08-12 00:00:00,1250.0,2510.0,2250.0,94
Gujarat,Junagarh,Junagadh,Beans,Beans (Whole),FAQ,2017-08-22 00:00:00,2050.0,2050.0,2050.0,94
Gujarat,Junagarh,Junagadh,Beans,Beans (Whole),FAQ,2017-08-25 00:00:00,1750.0,3005.0,2250.0,94
Gujarat,Junagarh,Junagadh,Beans,Beans (Whole),FAQ,2017-09-05 00:00:00,2500.0,2875.0,2700.0,94
Gujarat,Junagarh,Junagadh,Beans,Beans (Whole),FAQ,2017-09-07 00:00:00,2500.0,2850.0,2700.0,94
Gujarat,Junagarh,Junagadh,Beans,Beans (Whole),FAQ,2017-09-26 00:00:00,2000.0,3350.0,2500.0,94
Gujarat,Junagarh,Junagadh,Beans,Beans (Whole),FAQ,2017-09-27 00:00:00,2500.0,2990.0,2750.0,94
Gujarat,Junagarh,Junagadh,Beans,Beans (Whole),FAQ,2017-10-10 00:00:00,2740.0,2740.0,2740.0,94
Gujarat,Junagarh,Junagadh,Beans,Beans (Whole),FAQ,2017-11-13 00:00:00,2750.0,2750.0,2750.0,94
Gujarat,Junagarh,Junagadh,Beans,Beans (Whole),FAQ,2017-11-16 00:00:00,3450.0,3450.0,3450.0,94
Gujarat,Junagarh,Junagadh,Beans,Beans (Whole),FAQ,2017-11-27 00:00:00,1500.0,2650.0,2250.0,94
Gujarat,Junagarh,Junagadh,Beans,Beans (Whole),FAQ,2017-12-14 00:00:00,2000.0,2750.0,2400.0,94
Gujarat,Junagarh,Junagadh,Beans,Beans (Whole),FAQ,2017-12-15 00:00:00,2000.0,2700.0,2500.0,94
Gujarat,Junagarh,Junagadh,Beans,Beans (Whole),FAQ,2017-12-22 00:00:00,2500.0,3250.0,3000.0,94
Gujarat,Junagarh,Visavadar,Beans,Other,FAQ,2017-03-09 00:00:00,2500.0,3500.0,3000.0,94
Gujarat,Junagarh,Visavadar,Beans,Other,FAQ,2017-04-07 00:00:00,2620.0,3080.0,2850.0,94
Gujarat,Junagarh,Visavadar,Beans,Other,FAQ,2017-04-26 00:00:00,2700.0,3250.0,2975.0,94
Gujarat,Junagarh,Visavadar,Beans,Other,FAQ,2017-05-12 00:00:00,2565.0,3275.0,2920.0,94
Gujarat,Junagarh,Visavadar,Beans,Other,FAQ,2017-08-04 00:00:00,2500.0,3250.0,2875.0,94
Gujarat,Porbandar,Porbandar,Beans,Beans (Whole),FAQ,2017-02-27 00:00:00,0.0,5750.0,5750.0,94
Gujarat,Porbandar,Porbandar,Beans,Beans (Whole),FAQ,2017-05-18 00:00:00,5625.0,5925.0,5775.0,94
Gujarat,Porbandar,Porbandar,Beans,Beans (Whole),FAQ,2017-05-19 00:00:00,5750.0,6200.0,5975.0,94
Gujarat,Porbandar,Porbandar,Beans,Beans (Whole),FAQ,2017-05-24 00:00:00,5975.0,7250.0,6610.0,94
Gujarat,Porbandar,Porbandar,Beans,Beans (Whole),FAQ,2017-05-25 00:00:00,6025.0,7200.0,6610.0,94
Gujarat,Porbandar,Porbandar,Beans,Beans (Whole),FAQ,2017-05-29 00:00:00,6950.0,8200.0,7575.0,94
Gujarat,Porbandar,Porbandar,Beans,Beans (Whole),FAQ,2017-06-03 00:00:00,6450.0,6825.0,6635.0,94
Gujarat,Porbandar,Porbandar,Beans,Beans (Whole),FAQ,2017-06-06 00:00:00,5500.0,6150.0,5825.0,94
Gujarat,Porbandar,Porbandar,Beans,Beans (Whole),FAQ,2017-06-10 00:00:00,0.0,5925.0,5925.0,94
Gujarat,Porbandar,Porbandar,Beans,Beans (Whole),FAQ,2017-06-13 00:00:00,5550.0,7350.0,6450.0,94
Gujarat,Porbandar,Porbandar,Beans,Beans (Whole),FAQ,2017-06-17 00:00:00,5025.0,6275.0,5650.0,94
Gujarat,Porbandar,Porbandar,Beans,Beans (Whole),FAQ,2017-06-23 00:00:00,6400.0,6450.0,6425.0,94
Gujarat,Porbandar,Porbandar,Beans,Beans (Whole),FAQ,2017-09-23 00:00:00,0.0,3975.0,3975.0,94
Gujarat,Porbandar,Porbandar,Beans,Beans (Whole),FAQ,2017-10-07 00:00:00,0.0,2975.0,2975.0,94
Gujarat,Porbandar,Porbandar,Beans,Beans (Whole),FAQ,2017-10-17 00:00:00,0.0,5525.0,5525.0,94
Gujarat,Porbandar,Porbandar,Beans,Beans (Whole),FAQ,2017-11-24 00:00:00,4750.0,4825.0,4785.0,94
Gujarat,Porbandar,Porbandar,Beans,Beans (Whole),FAQ,2017-12-25 00:00:00,0.0,3400.0,3400.0,94
Gujarat,Rajkot,Jasdan,Beans,Other,FAQ,2017-01-12 00:00:00,2500.0,4155.0,3750.0,94
Gujarat,Rajkot,Jasdan,Beans,Other,FAQ,2017-01-13 00:00:00,3050.0,3500.0,3250.0,94
Gujarat,Rajkot,Jasdan,Beans,Other,FAQ,2017-01-16 00:00:00,1790.0,4000.0,3250.0,94
Gujarat,Rajkot,Jasdan,Beans,Other,FAQ,2017-01-17 00:00:00,2500.0,4155.0,3750.0,94
Gujarat,Rajkot,Jasdan,Beans,Other,FAQ,2017-01-19 00:00:00,3740.0,4500.0,4000.0,94
Gujarat,Rajkot,Jasdan,Beans,Other,FAQ,2017-02-08 00:00:00,2000.0,3250.0,2750.0,94
Gujarat,Rajkot,Jasdan,Beans,Other,FAQ,2017-02-14 00:00:00,2500.0,4000.0,3500.0,94
Gujarat,Rajkot,Jasdan,Beans,Other,FAQ,2017-02-16 00:00:00,2500.0,3500.0,3250.0,94
Gujarat,Rajkot,Jasdan,Beans,Other,FAQ,2017-02-22 00:00:00,3000.0,4000.0,3500.0,94
Gujarat,Rajkot,Jasdan,Beans,Other,FAQ,2017-02-27 00:00:00,2500.0,3750.0,3250.0,94
Gujarat,Rajkot,Jasdan,Beans,Other,FAQ,2017-03-07 00:00:00,2000.0,3750.0,3250.0,94
Gujarat,Rajkot,Jasdan,Beans,Other,FAQ,2017-03-11 00:00:00,2000.0,3500.0,3000.0,94
Gujarat,Rajkot,Jasdan,Beans,Other,FAQ,2017-04-21 00:00:00,2500.0,4000.0,3500.0,94
Gujarat,Rajkot,Jasdan,Beans,Other,FAQ,2017-04-22 00:00:00,2000.0,4000.0,3500.0,94
Gujarat,Rajkot,Jasdan,Beans,Other,FAQ,2017-04-25 00:00:00,2750.0,4050.0,3500.0,94
Gujarat,Rajkot,Jasdan,Beans,Other,FAQ,2017-05-02 00:00:00,1250.0,3625.0,3250.0,94
Gujarat,Rajkot,Jasdan,Beans,Other,FAQ,2017-05-03 00:00:00,2500.0,4005.0,3500.0,94
Gujarat,Rajkot,Jasdan,Beans,Other,FAQ,2017-05-06 00:00:00,1250.0,3500.0,2500.0,94
Gujarat,Rajkot,Jasdan,Beans,Other,FAQ,2017-05-09 00:00:00,1750.0,3575.0,3250.0,94
Gujarat,Rajkot,Jasdan,Beans,Other,FAQ,2017-05-12 00:00:00,2000.0,4000.0,3000.0,94
Gujarat,Rajkot,Jasdan,Beans,Other,FAQ,2017-05-18 00:00:00,1000.0,3750.0,2750.0,94
Gujarat,Rajkot,Jasdan,Beans,Other,FAQ,2017-05-22 00:00:00,1000.0,3250.0,2500.0,94
Gujarat,Rajkot,Jasdan,Beans,Other,FAQ,2017-05-29 00:00:00,1000.0,2500.0,1750.0,94
Gujarat,Rajkot,Jasdan,Beans,Other,FAQ,2017-06-12 00:00:00,500.0,1400.0,1000.0,94
Gujarat,Rajkot,Jasdan,Beans,Other,FAQ,2017-06-13 00:00:00,1000.0,1750.0,1500.0,94
Gujarat,Rajkot,Jasdan,Beans,Other,FAQ,2017-06-14 00:00:00,500.0,1750.0,1000.0,94
Gujarat,Rajkot,Jasdan,Beans,Other,FAQ,2017-06-16 00:00:00,500.0,1500.0,1000.0,94
Gujarat,Rajkot,Jasdan,Beans,Other,FAQ,2017-07-18 00:00:00,750.0,2000.0,1500.0,94
Gujarat,Rajkot,Jasdan,Beans,Other,FAQ,2017-07-20 00:00:00,1000.0,2000.0,1500.0,94
Gujarat,Rajkot,Jasdan,Beans,Other,FAQ,2017-07-26 00:00:00,1500.0,1750.0,1625.0,94
Gujarat,Rajkot,Jasdan,Beans,Other,FAQ,2017-07-31 00:00:00,1500.0,2500.0,2000.0,94
Gujarat,Rajkot,Jasdan,Beans,Other,FAQ,2017-08-01 00:00:00,1000.0,2300.0,1500.0,94
Gujarat,Rajkot,Jasdan,Beans,Other,FAQ,2017-08-12 00:00:00,1000.0,2500.0,1500.0,94
Gujarat,Rajkot,Jasdan,Beans,Other,FAQ,2017-08-31 00:00:00,1500.0,3500.0,2500.0,94
Gujarat,Rajkot,Jasdan,Beans,Other,FAQ,2017-09-07 00:00:00,1500.0,3025.0,2250.0,94
Gujarat,Rajkot,Jasdan,Beans,Other,FAQ,2017-09-23 00:00:00,2500.0,2500.0,2500.0,94
Gujarat,Rajkot,Jasdan,Beans,Other,FAQ,2017-09-26 00:00:00,1675.0,2300.0,2000.0,94
Gujarat,Rajkot,Jasdan,Beans,Other,FAQ,2017-09-27 00:00:00,1000.0,2500.0,2000.0,94
Gujarat,Rajkot,Jasdan,Beans,Other,FAQ,2017-09-28 00:00:00,1000.0,2400.0,1750.0,94
Gujarat,Rajkot,Jasdan,Beans,Other,FAQ,2017-10-06 00:00:00,1000.0,2250.0,1750.0,94
Gujarat,Rajkot,Jasdan,Beans,Other,FAQ,2017-10-12 00:00:00,1000.0,2000.0,1500.0,94
Gujarat,Rajkot,Jasdan,Beans,Other,FAQ,2017-10-31 00:00:00,1990.0,1990.0,1990.0,94
Gujarat,Rajkot,Jasdan,Beans,Other,FAQ,2017-11-03 00:00:00,1500.0,2005.0,1775.0,94
Gujarat,Rajkot,Jasdan,Beans,Other,FAQ,2017-11-04 00:00:00,1500.0,1500.0,1500.0,94
Gujarat,Rajkot,Jasdan,Beans,Other,FAQ,2017-11-06 00:00:00,1250.0,1500.0,1350.0,94
Gujarat,Rajkot,Jasdan,Beans,Other,FAQ,2017-11-15 00:00:00,1900.0,1900.0,1900.0,94
Gujarat,Rajkot,Jasdan,Beans,Other,FAQ,2017-12-28 00:00:00,3000.0,3000.0,3000.0,94
Gujarat,Surat,Mandvi,Beans,Other,FAQ,2017-03-09 00:00:00,5000.0,5000.0,5000.0,94
Gujarat,Surat,Mandvi,Beans,Other,FAQ,2017-06-14 00:00:00,4755.0,4880.0,4817.0,94
Gujarat,Surat,S.Mandvi,Beans,Other,FAQ,2017-04-02 00:00:00,5500.0,5500.0,5500.0,94
Gujarat,Surat,S.Mandvi,Beans,Other,FAQ,2017-04-25 00:00:00,4000.0,4000.0,4000.0,94
Gujarat,Surat,S.Mandvi,Beans,Other,FAQ,2017-05-02 00:00:00,5600.0,5600.0,5600.0,94
Gujarat,Surat,S.Mandvi,Beans,Other,FAQ,2017-12-01 00:00:00,3500.0,3500.0,3500.0,94
Gujarat,Surat,Songadh,Beans,Other,FAQ,2017-03-30 00:00:00,7500.0,7500.0,7500.0,94
Gujarat,Surat,Songadh,Beans,Other,FAQ,2017-04-11 00:00:00,6955.0,6955.0,6955.0,94
Gujarat,Surat,Songadh,Beans,Other,FAQ,2017-05-31 00:00:00,4730.0,5100.0,4915.0,94
Gujarat,Vadodara(Baroda),Vadodara,Beans,Other,FAQ,2017-01-23 00:00:00,4500.0,5000.0,5000.0,94
Gujarat,Vadodara(Baroda),Vadodara,Beans,Other,FAQ,2017-02-09 00:00:00,4000.0,5500.0,5500.0,94
Gujarat,Vadodara(Baroda),Vadodara,Beans,Other,FAQ,2017-03-18 00:00:00,4500.0,5000.0,5000.0,94
Gujarat,Vadodara(Baroda),Vadodara,Beans,Other,FAQ,2017-03-27 00:00:00,4500.0,5500.0,5500.0,94
Gujarat,Vadodara(Baroda),Vadodara,Beans,Other,FAQ,2017-03-29 00:00:00,4500.0,5500.0,5500.0,94
Gujarat,Vadodara(Baroda),Vadodara,Beans,Other,FAQ,2017-05-10 00:00:00,4500.0,5500.0,5500.0,94
Gujarat,Vadodara(Baroda),Vadodara,Beans,Other,FAQ,2017-05-31 00:00:00,5000.0,5500.0,5500.0,94
Gujarat,Vadodara(Baroda),Vadodara,Beans,Other,FAQ,2017-06-10 00:00:00,4000.0,5000.0,5000.0,94
Gujarat,Vadodara(Baroda),Vadodara,Beans,Other,FAQ,2017-07-28 00:00:00,4000.0,5000.0,5000.0,94
Gujarat,Vadodara(Baroda),Vadodara,Beans,Other,FAQ,2017-08-02 00:00:00,4000.0,4500.0,4500.0,94
Gujarat,Vadodara(Baroda),Vadodara,Beans,Other,FAQ,2017-09-06 00:00:00,4500.0,5000.0,5000.0,94
Gujarat,Vadodara(Baroda),Vadodara,Beans,Other,FAQ,2017-09-12 00:00:00,4500.0,5000.0,5000.0,94
Gujarat,Vadodara(Baroda),Vadodara,Beans,Other,FAQ,2017-10-27 00:00:00,4000.0,4500.0,4500.0,94
Gujarat,Vadodara(Baroda),Vadodara,Beans,Other,FAQ,2017-11-21 00:00:00,3800.0,4500.0,4500.0,94
Gujarat,Vadodara(Baroda),Vadodara,Beans,Other,FAQ,2017-11-29 00:00:00,4000.0,4500.0,4500.0,94
Gujarat,Anand,Tarapur,Beans,Other,FAQ,2016-04-13 00:00:00,4505.0,4950.0,4950.0,94
Gujarat,Anand,Tarapur,Beans,Other,FAQ,2016-04-20 00:00:00,4505.0,5500.0,5117.0,94
Gujarat,Anand,Tarapur,Beans,Other,FAQ,2016-04-21 00:00:00,4505.0,5500.0,5500.0,94
Gujarat,Anand,Tarapur,Beans,Other,FAQ,2016-04-22 00:00:00,4505.0,5500.0,5500.0,94
Gujarat,Anand,Tarapur,Beans,Other,FAQ,2016-05-10 00:00:00,4505.0,5500.0,5500.0,94
Gujarat,Anand,Tarapur,Beans,Other,FAQ,2016-05-13 00:00:00,4505.0,5805.0,5805.0,94
Gujarat,Anand,Tarapur,Beans,Other,FAQ,2016-06-06 00:00:00,4505.0,5900.0,5873.0,94
Gujarat,Anand,Tarapur,Beans,Other,FAQ,2016-06-23 00:00:00,4505.0,6500.0,6500.0,94
Gujarat,Anand,Tarapur,Beans,Other,FAQ,2016-07-13 00:00:00,4505.0,7915.0,7915.0,94
Gujarat,Anand,Tarapur,Beans,Other,FAQ,2016-10-14 00:00:00,4505.0,5905.0,5905.0,94
Gujarat,Anand,Tarapur,Beans,Other,FAQ,2016-10-20 00:00:00,4505.0,9000.0,9000.0,94
Gujarat,Anand,Tarapur,Beans,Other,FAQ,2016-10-25 00:00:00,4505.0,6500.0,6500.0,94
Gujarat,Jamnagar,Jam Jodhpur,Beans,Other,FAQ,2016-01-22 00:00:00,5000.0,8400.0,6500.0,94
Gujarat,Jamnagar,Jam Jodhpur,Beans,Other,FAQ,2016-04-09 00:00:00,5500.0,7950.0,6500.0,94
Gujarat,Jamnagar,Jam Jodhpur,Beans,Other,FAQ,2016-06-14 00:00:00,7000.0,8600.0,7500.0,94
Gujarat,Jamnagar,Jamnagar,Beans,Other,FAQ,2016-05-10 00:00:00,3250.0,3525.0,3388.0,94
Gujarat,Jamnagar,Jamnagar,Beans,Other,FAQ,2016-08-09 00:00:00,3000.0,3500.0,3250.0,94
Gujarat,Jamnagar,Jamnagar,Beans,Other,FAQ,2016-09-09 00:00:00,5775.0,9275.0,7525.0,94
Gujarat,Jamnagar,Jamnagar,Beans,Other,FAQ,2016-09-16 00:00:00,6000.0,9575.0,7788.0,94
Gujarat,Jamnagar,Jamnagar,Beans,Other,FAQ,2016-09-22 00:00:00,5500.0,9675.0,7588.0,94
Gujarat,Jamnagar,Jamnagar,Beans,Other,FAQ,2016-09-23 00:00:00,7000.0,9800.0,8400.0,94
Gujarat,Jamnagar,Jamnagar,Beans,Other,FAQ,2016-10-14 00:00:00,7000.0,9775.0,8388.0,94
Gujarat,Jamnagar,Jamnagar,Beans,Other,FAQ,2016-12-02 00:00:00,7500.0,9875.0,8688.0,94
Gujarat,Jamnagar,Jamnagar,Beans,Other,FAQ,2016-12-07 00:00:00,3575.0,3750.0,3663.0,94
Gujarat,Jamnagar,Jamnagar,Beans,Other,FAQ,2016-12-12 00:00:00,3450.0,3650.0,3550.0,94
Gujarat,Jamnagar,Jamnagar,Beans,Other,FAQ,2016-12-17 00:00:00,3250.0,6200.0,4725.0,94
Gujarat,Jamnagar,Jamnagar,Beans,Other,FAQ,2016-12-22 00:00:00,2500.0,3755.0,3125.0,94
Gujarat,Junagarh,Junagadh,Beans,Beans (Whole),FAQ,2016-01-27 00:00:00,4250.0,7500.0,6250.0,94
Gujarat,Junagarh,Junagadh,Beans,Beans (Whole),FAQ,2016-02-04 00:00:00,5000.0,6975.0,6000.0,94
Gujarat,Junagarh,Junagadh,Beans,Beans (Whole),FAQ,2016-03-03 00:00:00,3500.0,3500.0,3500.0,94
Gujarat,Junagarh,Junagadh,Beans,Beans (Whole),FAQ,2016-03-09 00:00:00,4200.0,6000.0,5000.0,94
Gujarat,Junagarh,Junagadh,Beans,Beans (Whole),FAQ,2016-03-16 00:00:00,4500.0,6355.0,5500.0,94
Gujarat,Junagarh,Junagadh,Beans,Beans (Whole),FAQ,2016-03-23 00:00:00,2500.0,4000.0,3500.0,94
Gujarat,Junagarh,Junagadh,Beans,Beans (Whole),FAQ,2016-04-19 00:00:00,4450.0,6875.0,5750.0,94
Gujarat,Junagarh,Junagadh,Beans,Beans (Whole),FAQ,2016-04-21 00:00:00,4625.0,8200.0,6625.0,94
Gujarat,Junagarh,Junagadh,Beans,Beans (Whole),FAQ,2016-05-03 00:00:00,5000.0,8135.0,7000.0,94
Gujarat,Junagarh,Junagadh,Beans,Beans (Whole),FAQ,2016-05-16 00:00:00,4500.0,6750.0,5500.0,94
Gujarat,Junagarh,Junagadh,Beans,Beans (Whole),FAQ,2016-06-14 00:00:00,5000.0,6150.0,5500.0,94
Gujarat,Junagarh,Junagadh,Beans,Beans (Whole),FAQ,2016-06-18 00:00:00,5000.0,6700.0,6000.0,94
Gujarat,Junagarh,Junagadh,Beans,Beans (Whole),FAQ,2016-07-26 00:00:00,9425.0,9425.0,9425.0,94
Gujarat,Junagarh,Junagadh,Beans,Beans (Whole),FAQ,2016-07-27 00:00:00,7700.0,7700.0,7700.0,94
Gujarat,Junagarh,Junagadh,Beans,Beans (Whole),FAQ,2016-09-07 00:00:00,4000.0,4925.0,4250.0,94
Gujarat,Junagarh,Junagadh,Beans,Beans (Whole),FAQ,2016-10-17 00:00:00,2750.0,5430.0,3500.0,94
Gujarat,Junagarh,Junagadh,Beans,Beans (Whole),FAQ,2016-10-18 00:00:00,5000.0,6000.0,5750.0,94
Gujarat,Junagarh,Junagadh,Beans,Beans (Whole),FAQ,2016-10-20 00:00:00,4000.0,4950.0,4250.0,94
Gujarat,Junagarh,Junagadh,Beans,Beans (Whole),FAQ,2016-10-21 00:00:00,4500.0,5300.0,5000.0,94
Gujarat,Junagarh,Junagadh,Beans,Beans (Whole),FAQ,2016-12-16 00:00:00,3500.0,4000.0,3750.0,94
Gujarat,Junagarh,Junagadh,Beans,Beans (Whole),FAQ,2016-12-23 00:00:00,2000.0,3000.0,2500.0,94
Gujarat,Junagarh,Visavadar,Beans,Other,FAQ,2016-01-06 00:00:00,4735.0,5555.0,5145.0,94
Gujarat,Junagarh,Visavadar,Beans,Other,FAQ,2016-03-02 00:00:00,4500.0,5600.0,5050.0,94
Gujarat,Junagarh,Visavadar,Beans,Other,FAQ,2016-03-14 00:00:00,4250.0,5250.0,4750.0,94
Gujarat,Junagarh,Visavadar,Beans,Other,FAQ,2016-04-19 00:00:00,4800.0,5500.0,5150.0,94
Gujarat,Junagarh,Visavadar,Beans,Other,FAQ,2016-04-27 00:00:00,4750.0,5750.0,5250.0,94
Gujarat,Junagarh,Visavadar,Beans,Other,FAQ,2016-05-30 00:00:00,4750.0,5100.0,4925.0,94
Gujarat,Junagarh,Visavadar,Beans,Other,FAQ,2016-06-14 00:00:00,6100.0,7300.0,6700.0,94
Gujarat,Junagarh,Visavadar,Beans,Other,FAQ,2016-11-07 00:00:00,3500.0,4600.0,4050.0,94
Gujarat,Porbandar,Porbandar,Beans,Beans (Whole),FAQ,2016-02-24 00:00:00,0.0,4000.0,4000.0,94
Gujarat,Porbandar,Porbandar,Beans,Beans (Whole),FAQ,2016-03-11 00:00:00,0.0,5975.0,5975.0,94
Gujarat,Porbandar,Porbandar,Beans,Beans (Whole),FAQ,2016-04-25 00:00:00,0.0,3300.0,3300.0,94
Gujarat,Porbandar,Porbandar,Beans,Beans (Whole),FAQ,2016-05-04 00:00:00,0.0,4925.0,4925.0,94
Gujarat,Porbandar,Porbandar,Beans,Beans (Whole),FAQ,2016-05-17 00:00:00,0.0,4000.0,4000.0,94
Gujarat,Porbandar,Porbandar,Beans,Beans (Whole),FAQ,2016-05-24 00:00:00,7100.0,7475.0,7285.0,94
Gujarat,Porbandar,Porbandar,Beans,Beans (Whole),FAQ,2016-05-28 00:00:00,6600.0,6975.0,6785.0,94
Gujarat,Porbandar,Porbandar,Beans,Beans (Whole),FAQ,2016-06-01 00:00:00,6450.0,6750.0,6600.0,94
Gujarat,Porbandar,Porbandar,Beans,Beans (Whole),FAQ,2016-06-06 00:00:00,6825.0,7325.0,7075.0,94
Gujarat,Porbandar,Porbandar,Beans,Beans (Whole),FAQ,2016-06-20 00:00:00,0.0,8900.0,8900.0,94
Gujarat,Porbandar,Porbandar,Beans,Beans (Whole),FAQ,2016-06-25 00:00:00,0.0,8900.0,8900.0,94
Gujarat,Porbandar,Porbandar,Beans,Beans (Whole),FAQ,2016-07-04 00:00:00,0.0,9225.0,9225.0,94
Gujarat,Porbandar,Porbandar,Beans,Beans (Whole),FAQ,2016-09-20 00:00:00,0.0,9025.0,9025.0,94
Gujarat,Porbandar,Porbandar,Beans,Beans (Whole),FAQ,2016-10-25 00:00:00,0.0,3500.0,3500.0,94
Gujarat,Porbandar,Porbandar,Beans,Beans (Whole),FAQ,2016-11-07 00:00:00,0.0,4500.0,4500.0,94
Gujarat,Porbandar,Porbandar,Beans,Beans (Whole),FAQ,2016-12-23 00:00:00,0.0,7200.0,7200.0,94
Gujarat,Rajkot,Jasdan,Beans,Other,FAQ,2016-01-01 00:00:00,4650.0,4650.0,4650.0,94
Gujarat,Rajkot,Jasdan,Beans,Other,FAQ,2016-01-18 00:00:00,2500.0,6200.0,4000.0,94
Gujarat,Rajkot,Jasdan,Beans,Other,FAQ,2016-02-03 00:00:00,4000.0,6500.0,5400.0,94
Gujarat,Rajkot,Jasdan,Beans,Other,FAQ,2016-02-17 00:00:00,1500.0,5000.0,3000.0,94
Gujarat,Rajkot,Jasdan,Beans,Other,FAQ,2016-02-25 00:00:00,2400.0,5625.0,4300.0,94
Gujarat,Rajkot,Jasdan,Beans,Other,FAQ,2016-03-01 00:00:00,2660.0,8500.0,3850.0,94
Gujarat,Rajkot,Jasdan,Beans,Other,FAQ,2016-03-08 00:00:00,2500.0,8995.0,5000.0,94
Gujarat,Rajkot,Jasdan,Beans,Other,FAQ,2016-03-14 00:00:00,1500.0,7825.0,4500.0,94
Gujarat,Rajkot,Jasdan,Beans,Other,FAQ,2016-04-08 00:00:00,2500.0,8250.0,4400.0,94
Gujarat,Rajkot,Jasdan,Beans,Other,FAQ,2016-04-11 00:00:00,2500.0,7500.0,5500.0,94
Gujarat,Rajkot,Jasdan,Beans,Other,FAQ,2016-04-30 00:00:00,6000.0,8500.0,7500.0,94
Gujarat,Rajkot,Jasdan,Beans,Other,FAQ,2016-05-23 00:00:00,4500.0,7505.0,5500.0,94
Gujarat,Rajkot,Jasdan,Beans,Other,FAQ,2016-05-27 00:00:00,4150.0,7000.0,5700.0,94
Gujarat,Rajkot,Jasdan,Beans,Other,FAQ,2016-05-30 00:00:00,5000.0,7555.0,6000.0,94
Gujarat,Rajkot,Jasdan,Beans,Other,FAQ,2016-06-22 00:00:00,2500.0,5980.0,3500.0,94
Gujarat,Rajkot,Jasdan,Beans,Other,FAQ,2016-06-25 00:00:00,3500.0,4500.0,4000.0,94
Gujarat,Rajkot,Jasdan,Beans,Other,FAQ,2016-07-09 00:00:00,3500.0,3500.0,3500.0,94
Gujarat,Rajkot,Jasdan,Beans,Other,FAQ,2016-07-16 00:00:00,2500.0,5500.0,3500.0,94
Gujarat,Rajkot,Jasdan,Beans,Other,FAQ,2016-07-28 00:00:00,5720.0,5720.0,5720.0,94
Gujarat,Rajkot,Jasdan,Beans,Other,FAQ,2016-08-02 00:00:00,3250.0,5675.0,5000.0,94
Gujarat,Rajkot,Jasdan,Beans,Other,FAQ,2016-08-08 00:00:00,1660.0,3505.0,2500.0,94
Gujarat,Rajkot,Jasdan,Beans,Other,FAQ,2016-08-16 00:00:00,2575.0,6250.0,4000.0,94
Gujarat,Rajkot,Jasdan,Beans,Other,FAQ,2016-08-20 00:00:00,3500.0,6250.0,5000.0,94
Gujarat,Rajkot,Jasdan,Beans,Other,FAQ,2016-08-23 00:00:00,3500.0,5750.0,5000.0,94
Gujarat,Rajkot,Jasdan,Beans,Other,FAQ,2016-09-20 00:00:00,4000.0,6000.0,5000.0,94
Gujarat,Rajkot,Jasdan,Beans,Other,FAQ,2016-09-29 00:00:00,4000.0,6000.0,5000.0,94
Gujarat,Rajkot,Jasdan,Beans,Other,FAQ,2016-10-13 00:00:00,2500.0,5000.0,4000.0,94
Gujarat,Rajkot,Jasdan,Beans,Other,FAQ,2016-10-14 00:00:00,2500.0,5500.0,3750.0,94
Gujarat,Rajkot,Jasdan,Beans,Other,FAQ,2016-10-15 00:00:00,2500.0,5375.0,4500.0,94
Gujarat,Rajkot,Jasdan,Beans,Other,FAQ,2016-12-03 00:00:00,5000.0,5000.0,5000.0,94
Gujarat,Rajkot,Jasdan,Beans,Other,FAQ,2016-12-07 00:00:00,4500.0,4500.0,4500.0,94
Gujarat,Rajkot,Jasdan,Beans,Other,FAQ,2016-12-17 00:00:00,3225.0,3225.0,3225.0,94
Gujarat,Surat,Mandvi,Beans,Other,FAQ,2016-03-21 00:00:00,4300.0,4300.0,4300.0,94
Gujarat,Surat,S.Mandvi,Beans,Other,FAQ,2016-04-25 00:00:00,4500.0,4500.0,4500.0,94
Gujarat,Surat,Songadh,Beans,Other,FAQ,2016-02-26 00:00:00,2995.0,3050.0,3022.0,94
Gujarat,Surat,Songadh,Beans,Other,FAQ,2016-02-27 00:00:00,2825.0,3000.0,2912.0,94
Gujarat,Surat,Songadh,Beans,Other,FAQ,2016-03-11 00:00:00,3000.0,3375.0,3187.0,94
Gujarat,Surat,Songadh,Beans,Other,FAQ,2016-03-18 00:00:00,4000.0,4145.0,4072.0,94
Gujarat,Surat,Valod(Buhari),Beans,Other,FAQ,2016-03-18 00:00:00,3500.0,4300.0,4150.0,94
Gujarat,Surat,Valod(Buhari),Beans,Other,FAQ,2016-04-05 00:00:00,3350.0,4400.0,3550.0,94
Gujarat,Vadodara(Baroda),Vadodara,Beans,Other,FAQ,2016-02-19 00:00:00,4500.0,4800.0,4800.0,94
Gujarat,Vadodara(Baroda),Vadodara,Beans,Other,FAQ,2016-03-03 00:00:00,4000.0,4500.0,4500.0,94
Gujarat,Vadodara(Baroda),Vadodara,Beans,Other,FAQ,2016-03-07 00:00:00,4000.0,4500.0,4500.0,94
Gujarat,Vadodara(Baroda),Vadodara,Beans,Other,FAQ,2016-03-18 00:00:00,4200.0,4500.0,4500.0,94
Gujarat,Vadodara(Baroda),Vadodara,Beans,Other,FAQ,2016-04-22 00:00:00,4500.0,5000.0,5000.0,94
Gujarat,Vadodara(Baroda),Vadodara,Beans,Other,FAQ,2016-04-25 00:00:00,4000.0,4800.0,4800.0,94
Gujarat,Vadodara(Baroda),Vadodara,Beans,Other,FAQ,2016-05-16 00:00:00,4500.0,5000.0,5000.0,94
Gujarat,Vadodara(Baroda),Vadodara,Beans,Other,FAQ,2016-05-30 00:00:00,5000.0,5500.0,5500.0,94
Gujarat,Vadodara(Baroda),Vadodara,Beans,Other,FAQ,2016-05-31 00:00:00,5000.0,5500.0,5500.0,94
Gujarat,Vadodara(Baroda),Vadodara,Beans,Other,FAQ,2016-06-03 00:00:00,5000.0,5500.0,5500.0,94
Gujarat,Vadodara(Baroda),Vadodara,Beans,Other,FAQ,2016-06-10 00:00:00,5000.0,5500.0,5500.0,94
Gujarat,Vadodara(Baroda),Vadodara,Beans,Other,FAQ,2016-06-17 00:00:00,5000.0,5200.0,5200.0,94
Gujarat,Vadodara(Baroda),Vadodara,Beans,Other,FAQ,2016-07-15 00:00:00,5500.0,6000.0,6000.0,94
Gujarat,Vadodara(Baroda),Vadodara,Beans,Other,FAQ,2016-07-26 00:00:00,5500.0,6000.0,6000.0,94
Gujarat,Vadodara(Baroda),Vadodara,Beans,Other,FAQ,2016-08-02 00:00:00,5500.0,6000.0,6000.0,94
Gujarat,Vadodara(Baroda),Vadodara,Beans,Other,FAQ,2016-08-15 00:00:00,5000.0,5400.0,5400.0,94
Gujarat,Vadodara(Baroda),Vadodara,Beans,Other,FAQ,2016-08-29 00:00:00,4500.0,5000.0,5000.0,94
Gujarat,Vadodara(Baroda),Vadodara,Beans,Other,FAQ,2016-09-07 00:00:00,4500.0,5000.0,5000.0,94
Gujarat,Vadodara(Baroda),Vadodara,Beans,Other,FAQ,2016-10-13 00:00:00,4500.0,5000.0,5000.0,94
Gujarat,Vadodara(Baroda),Vadodara,Beans,Other,FAQ,2016-11-08 00:00:00,4000.0,5000.0,5000.0,94
Gujarat,Amreli,Rajula,Beans,Local,FAQ,2022-02-02 00:00:00,5000.0,5000.0,5000.0,94
Gujarat,Amreli,Rajula,Beans,Local,FAQ,2022-02-21 00:00:00,4500.0,4500.0,4500.0,94
Gujarat,Amreli,Rajula,Beans,Local,FAQ,2022-07-26 00:00:00,2005.0,2005.0,2005.0,94
Gujarat,Anand,Tarapur,Beans,Other,FAQ,2022-03-04 00:00:00,4000.0,5905.0,4711.0,94
Gujarat,Anand,Tarapur,Beans,Other,FAQ,2022-07-18 00:00:00,4155.0,5250.0,4329.0,94
Gujarat,Dahod,Dahod,Beans,Beans (Whole),FAQ,2022-03-07 00:00:00,6000.0,6600.0,6300.0,94
Gujarat,Junagarh,Visavadar,Beans,Other,FAQ,2022-03-14 00:00:00,2500.0,3580.0,3040.0,94
Gujarat,Junagarh,Visavadar,Beans,Other,FAQ,2022-04-06 00:00:00,3875.0,5605.0,4740.0,94
Gujarat,Junagarh,Visavadar,Beans,Other,FAQ,2022-04-28 00:00:00,4750.0,5680.0,5215.0,94
Gujarat,Junagarh,Visavadar,Beans,Other,FAQ,2022-06-04 00:00:00,3000.0,3980.0,3490.0,94
Gujarat,Junagarh,Visavadar,Beans,Other,FAQ,2022-06-15 00:00:00,4375.0,5305.0,4840.0,94
Gujarat,Junagarh,Visavadar,Beans,Other,FAQ,2022-06-21 00:00:00,5000.0,6500.0,5750.0,94
Gujarat,Junagarh,Visavadar,Beans,Other,FAQ,2022-07-30 00:00:00,4750.0,6500.0,5625.0,94
Gujarat,Junagarh,Visavadar,Beans,Other,FAQ,2022-08-31 00:00:00,4375.0,5205.0,4790.0,94
Gujarat,Junagarh,Visavadar,Beans,Other,FAQ,2022-11-14 00:00:00,4250.0,5530.0,4890.0,94
Gujarat,Porbandar,Porbandar,Beans,Beans (Whole),FAQ,2022-01-12 00:00:00,5850.0,5850.0,5850.0,94
Gujarat,Porbandar,Porbandar,Beans,Beans (Whole),FAQ,2022-03-10 00:00:00,6125.0,6125.0,6125.0,94
Gujarat,Porbandar,Porbandar,Beans,Beans (Whole),FAQ,2022-03-14 00:00:00,4650.0,4650.0,4650.0,94
Gujarat,Porbandar,Porbandar,Beans,Beans (Whole),FAQ,2022-05-17 00:00:00,5650.0,6100.0,5875.0,94
Gujarat,Porbandar,Porbandar,Beans,Beans (Whole),FAQ,2022-06-08 00:00:00,5150.0,5825.0,5485.0,94
Gujarat,Porbandar,Porbandar,Beans,Beans (Whole),FAQ,2022-06-11 00:00:00,4825.0,5825.0,5325.0,94
Gujarat,Porbandar,Porbandar,Beans,Beans (Whole),FAQ,2022-06-17 00:00:00,5250.0,5575.0,5410.0,94
Gujarat,Porbandar,Porbandar,Beans,Beans (Whole),FAQ,2022-06-23 00:00:00,5425.0,5900.0,5660.0,94
Gujarat,Porbandar,Porbandar,Beans,Beans (Whole),FAQ,2022-06-24 00:00:00,5900.0,5900.0,5900.0,94
Gujarat,Porbandar,Porbandar,Beans,Beans (Whole),FAQ,2022-07-04 00:00:00,5300.0,5800.0,5550.0,94
Gujarat,Porbandar,Porbandar,Beans,Beans (Whole),FAQ,2022-07-11 00:00:00,5125.0,6275.0,5700.0,94
Gujarat,Porbandar,Porbandar,Beans,Beans (Whole),FAQ,2022-07-14 00:00:00,6000.0,6000.0,6000.0,94
Gujarat,Porbandar,Porbandar,Beans,Beans (Whole),FAQ,2022-07-20 00:00:00,5425.0,6000.0,5710.0,94
Gujarat,Porbandar,Porbandar,Beans,Beans (Whole),FAQ,2022-08-02 00:00:00,5050.0,5050.0,5050.0,94
Gujarat,Porbandar,Porbandar,Beans,Beans (Whole),FAQ,2022-08-03 00:00:00,5450.0,6325.0,5900.0,94
Gujarat,Porbandar,Porbandar,Beans,Beans (Whole),FAQ,2022-08-06 00:00:00,5750.0,5750.0,5750.0,94
Gujarat,Porbandar,Porbandar,Beans,Beans (Whole),FAQ,2022-08-08 00:00:00,5925.0,5975.0,5950.0,94
Gujarat,Porbandar,Porbandar,Beans,Beans (Whole),FAQ,2022-08-16 00:00:00,4325.0,4500.0,4410.0,94
Gujarat,Porbandar,Porbandar,Beans,Beans (Whole),FAQ,2022-08-27 00:00:00,5525.0,5575.0,5550.0,94
Gujarat,Rajkot,Jasdan,Beans,Other,FAQ,2022-01-12 00:00:00,3250.0,4500.0,4250.0,94
Gujarat,Rajkot,Jasdan,Beans,Other,FAQ,2022-01-17 00:00:00,4500.0,6150.0,5400.0,94
Gujarat,Rajkot,Jasdan,Beans,Other,FAQ,2022-01-19 00:00:00,4000.0,6000.0,5500.0,94
Gujarat,Rajkot,Jasdan,Beans,Other,FAQ,2022-01-28 00:00:00,4000.0,6475.0,5500.0,94
Gujarat,Rajkot,Jasdan,Beans,Other,FAQ,2022-02-08 00:00:00,5000.0,6775.0,5750.0,94
Gujarat,Rajkot,Jasdan,Beans,Other,FAQ,2022-02-15 00:00:00,4750.0,6000.0,5500.0,94
Gujarat,Rajkot,Jasdan,Beans,Other,FAQ,2022-02-23 00:00:00,3500.0,5500.0,5250.0,94
Gujarat,Rajkot,Jasdan,Beans,Other,FAQ,2022-02-24 00:00:00,4500.0,5750.0,5250.0,94
Gujarat,Rajkot,Jasdan,Beans,Other,FAQ,2022-02-26 00:00:00,3500.0,5925.0,5250.0,94
Gujarat,Rajkot,Jasdan,Beans,Other,FAQ,2022-03-07 00:00:00,3000.0,7000.0,5000.0,94
Gujarat,Rajkot,Jasdan,Beans,Other,FAQ,2022-03-10 00:00:00,5250.0,7000.0,6500.0,94
Gujarat,Rajkot,Jasdan,Beans,Other,FAQ,2022-04-04 00:00:00,3750.0,8000.0,7000.0,94
Gujarat,Rajkot,Jasdan,Beans,Other,FAQ,2022-04-14 00:00:00,5250.0,8500.0,6750.0,94
Gujarat,Rajkot,Jasdan,Beans,Other,FAQ,2022-04-23 00:00:00,5000.0,8755.0,7000.0,94
Gujarat,Rajkot,Jasdan,Beans,Other,FAQ,2022-04-25 00:00:00,5000.0,8250.0,7500.0,94
Gujarat,Rajkot,Jasdan,Beans,Other,FAQ,2022-04-28 00:00:00,6000.0,9000.0,6900.0,94
Gujarat,Rajkot,Jasdan,Beans,Other,FAQ,2022-05-16 00:00:00,5250.0,7020.0,6500.0,94
Gujarat,Rajkot,Jasdan,Beans,Other,FAQ,2022-05-18 00:00:00,4500.0,10000.0,6750.0,94
Gujarat,Rajkot,Jasdan,Beans,Other,FAQ,2022-05-20 00:00:00,3500.0,7200.0,6500.0,94
Gujarat,Rajkot,Jasdan,Beans,Other,FAQ,2022-05-23 00:00:00,5000.0,7155.0,6500.0,94
Gujarat,Rajkot,Jasdan,Beans,Other,FAQ,2022-05-27 00:00:00,3750.0,7005.0,6750.0,94
Gujarat,Rajkot,Jasdan,Beans,Other,FAQ,2022-05-31 00:00:00,2750.0,7005.0,6500.0,94
Gujarat,Rajkot,Jasdan,Beans,Other,FAQ,2022-06-08 00:00:00,4500.0,7000.0,6500.0,94
Gujarat,Rajkot,Jasdan,Beans,Other,FAQ,2022-06-15 00:00:00,3500.0,6250.0,5500.0,94
Gujarat,Rajkot,Jasdan,Beans,Other,FAQ,2022-06-18 00:00:00,4500.0,6750.0,6000.0,94
Gujarat,Rajkot,Jasdan,Beans,Other,FAQ,2022-06-22 00:00:00,4500.0,6400.0,5500.0,94
Gujarat,Rajkot,Jasdan,Beans,Other,FAQ,2022-06-24 00:00:00,4500.0,6250.0,5500.0,94
Gujarat,Rajkot,Jasdan,Beans,Other,FAQ,2022-07-08 00:00:00,4500.0,7000.0,5750.0,94
Gujarat,Rajkot,Jasdan,Beans,Other,FAQ,2022-07-09 00:00:00,4500.0,6750.0,6000.0,94
Gujarat,Rajkot,Jasdan,Beans,Other,FAQ,2022-07-13 00:00:00,2500.0,5000.0,4750.0,94
Gujarat,Rajkot,Jasdan,Beans,Other,FAQ,2022-07-18 00:00:00,4000.0,6400.0,5500.0,94
Gujarat,Rajkot,Jasdan,Beans,Other,FAQ,2022-07-27 00:00:00,5000.0,7000.0,6500.0,94
Gujarat,Rajkot,Jasdan,Beans,Other,FAQ,2022-08-10 00:00:00,5500.0,7000.0,6500.0,94
Gujarat,Rajkot,Jasdan,Beans,Other,FAQ,2022-08-25 00:00:00,4500.0,4500.0,4500.0,94
Gujarat,Rajkot,Jasdan,Beans,Other,FAQ,2022-08-31 00:00:00,5000.0,5000.0,5000.0,94
Gujarat,Rajkot,Jasdan,Beans,Other,FAQ,2022-09-06 00:00:00,6000.0,6000.0,6000.0,94
Gujarat,Rajkot,Jasdan,Beans,Other,FAQ,2022-09-10 00:00:00,5400.0,5400.0,5400.0,94
Gujarat,Rajkot,Jasdan,Beans,Other,FAQ,2022-09-14 00:00:00,4000.0,7000.0,6500.0,94
Gujarat,Rajkot,Jasdan,Beans,Other,FAQ,2022-09-17 00:00:00,4000.0,7500.0,6750.0,94
Gujarat,Rajkot,Jasdan,Beans,Other,FAQ,2022-09-23 00:00:00,6000.0,6000.0,6000.0,94
Gujarat,Rajkot,Jasdan,Beans,Other,FAQ,2022-09-30 00:00:00,6500.0,10000.0,7000.0,94
Gujarat,Rajkot,Jasdan,Beans,Other,FAQ,2022-10-07 00:00:00,8000.0,8000.0,8000.0,94
Gujarat,Rajkot,Jasdan,Beans,Other,FAQ,2022-10-11 00:00:00,4500.0,8250.0,6500.0,94
Gujarat,Rajkot,Jasdan,Beans,Other,FAQ,2022-10-18 00:00:00,4500.0,7755.0,6750.0,94
Gujarat,Rajkot,Jasdan,Beans,Other,FAQ,2022-11-02 00:00:00,3500.0,6000.0,5500.0,94
Gujarat,Rajkot,Jasdan,Beans,Other,FAQ,2022-11-08 00:00:00,8000.0,8000.0,8000.0,94
Gujarat,Rajkot,Jasdan,Beans,Other,FAQ,2022-11-10 00:00:00,5000.0,7950.0,7000.0,94
Gujarat,Rajkot,Jasdan,Beans,Other,FAQ,2022-11-14 00:00:00,5250.0,7000.0,6250.0,94
Gujarat,Rajkot,Jasdan,Beans,Other,FAQ,2022-11-16 00:00:00,5000.0,7500.0,6750.0,94
Gujarat,Rajkot,Jasdan,Beans,Other,FAQ,2022-11-28 00:00:00,7750.0,7750.0,7750.0,94
Gujarat,Rajkot,Jasdan,Beans,Other,FAQ,2022-12-06 00:00:00,5500.0,10500.0,9250.0,94
Gujarat,Rajkot,Jasdan,Beans,Other,FAQ,2022-12-07 00:00:00,5500.0,10000.0,9000.0,94
Gujarat,Rajkot,Jasdan,Beans,Other,FAQ,2022-12-08 00:00:00,7500.0,10000.0,9100.0,94
Gujarat,Rajkot,Jasdan,Beans,Other,FAQ,2022-12-09 00:00:00,7750.0,10000.0,9250.0,94
Gujarat,Rajkot,Jasdan,Beans,Other,FAQ,2022-12-20 00:00:00,3500.0,11750.0,10500.0,94
Gujarat,Rajkot,Jasdan,Beans,Other,FAQ,2022-12-31 00:00:00,8000.0,12000.0,10500.0,94
Gujarat,Surat,Mandvi,Beans,Other,FAQ,2022-02-23 00:00:00,3000.0,3000.0,3000.0,94
Gujarat,Surat,Mandvi,Beans,Other,FAQ,2022-02-28 00:00:00,8000.0,8000.0,8000.0,94
Gujarat,Surat,Mandvi,Beans,Other,FAQ,2022-03-03 00:00:00,7500.0,7500.0,7500.0,94
Gujarat,Surat,Mandvi,Beans,Other,FAQ,2022-03-30 00:00:00,8000.0,8050.0,8025.0,94
Gujarat,Surat,Mandvi,Beans,Other,FAQ,2022-04-02 00:00:00,7000.0,7500.0,7250.0,94
Gujarat,Surat,Mandvi,Beans,Other,FAQ,2022-04-15 00:00:00,8000.0,8000.0,8000.0,94
Gujarat,Surat,Mandvi,Beans,Other,FAQ,2022-04-16 00:00:00,7000.0,7000.0,7000.0,94
Gujarat,Surat,Mandvi,Beans,Other,FAQ,2022-04-19 00:00:00,7500.0,7500.0,7500.0,94
Gujarat,Surat,Mandvi,Beans,Other,FAQ,2022-05-02 00:00:00,5500.0,5500.0,5500.0,94
Gujarat,Rajkot,Jasdan,Beans,Other,FAQ,2024-01-20 00:00:00,7500.0,11500.0,10000.0,94
Gujarat,Rajkot,Jasdan,Beans,Other,FAQ,2024-02-29 00:00:00,5000.0,8480.0,7000.0,94
Gujarat,Rajkot,Jasdan,Beans,Other,FAQ,2024-04-01 00:00:00,5000.0,7000.0,6500.0,94
Gujarat,Rajkot,Jasdan,Beans,Other,FAQ,2024-04-19 00:00:00,5250.0,9000.0,8250.0,94
Gujarat,Rajkot,Jasdan,Beans,Other,FAQ,2024-04-27 00:00:00,5000.0,9125.0,8500.0,94
Gujarat,Surat,Mandvi,Beans,Other,FAQ,2024-02-23 00:00:00,7500.0,7500.0,7500.0,94
Gujarat,Surat,Mandvi,Beans,Other,FAQ,2024-03-02 00:00:00,6500.0,6500.0,6500.0,94
Gujarat,Surat,Mandvi,Beans,Other,FAQ,2024-03-21 00:00:00,8750.0,8750.0,8750.0,94
Gujarat,Surat,Mandvi,Beans,Other,FAQ,2024-04-10 00:00:00,5500.0,7000.0,6250.0,94
Gujarat,Surat,Mandvi,Beans,Other,FAQ,2024-04-20 00:00:00,1500.0,1500.0,1500.0,94
Gujarat,Surat,Songadh,Beans,Beans (Whole),FAQ,2024-04-24 00:00:00,6980.0,6980.0,6980.0,94
Gujarat,Jamnagar,Jam Jodhpur,Beans,Beans (Whole),FAQ,2024-03-14 00:00:00,4255.0,5905.0,5255.0,94
Gujarat,Jamnagar,Jamnagar,Beans,Other,FAQ,2024-01-04 00:00:00,7500.0,10500.0,9050.0,94
Gujarat,Jamnagar,Jamnagar,Beans,Other,FAQ,2024-04-22 00:00:00,11000.0,12225.0,11750.0,94
Gujarat,Junagarh,Visavadar,Beans,Other,FAQ,2024-04-13 00:00:00,5075.0,6155.0,5615.0,94
Gujarat,Porbandar,Porbandar,Beans,Beans (Whole),FAQ,2024-03-16 00:00:00,8500.0,8500.0,8500.0,94
Gujarat,Porbandar,Porbandar,Beans,Beans (Whole),FAQ,2024-04-20 00:00:00,8225.0,8225.0,8225.0,94
Gujarat,Rajkot,Jasdan,Beans,Other,FAQ,2024-01-16 00:00:00,5500.0,12000.0,10000.0,94
Gujarat,Rajkot,Jasdan,Beans,Other,FAQ,2024-02-06 00:00:00,5000.0,12500.0,10000.0,94
Gujarat,Rajkot,Jasdan,Beans,Other,FAQ,2024-02-10 00:00:00,7500.0,12125.0,11250.0,94
Gujarat,Rajkot,Jasdan,Beans,Other,FAQ,2024-02-22 00:00:00,5250.0,7500.0,6500.0,94
Gujarat,Rajkot,Jasdan,Beans,Other,FAQ,2024-02-23 00:00:00,5500.0,7755.0,7000.0,94
Gujarat,Rajkot,Jasdan,Beans,Other,FAQ,2024-03-15 00:00:00,5000.0,6500.0,6000.0,94
Gujarat,Rajkot,Jasdan,Beans,Other,FAQ,2024-04-10 00:00:00,5500.0,8750.0,8000.0,94
Gujarat,Rajkot,Jasdan,Beans,Other,FAQ,2024-04-13 00:00:00,5000.0,9125.0,8500.0,94
Gujarat,Surat,Mandvi,Beans,Other,FAQ,2024-03-16 00:00:00,4000.0,7500.0,5750.0,94
Gujarat,Surat,Mandvi,Beans,Other,FAQ,2024-03-19 00:00:00,7500.0,8800.0,8150.0,94
Gujarat,Surat,Mandvi,Beans,Other,FAQ,2024-03-28 00:00:00,7750.0,7750.0,7750.0,94
Gujarat,Surat,Mandvi,Beans,Other,FAQ,2024-04-04 00:00:00,7500.0,8500.0,8000.0,94
Gujarat,Surat,Mandvi,Beans,Other,FAQ,2024-04-17 00:00:00,6500.0,6500.0,6500.0,94
Gujarat,Surat,Mandvi,Beans,Other,FAQ,2024-04-23 00:00:00,5000.0,7500.0,6250.0,94
Gujarat,Surat,Songadh,Beans,Beans (Whole),FAQ,2024-03-19 00:00:00,9480.0,9505.0,9492.0,94
Gujarat,Surat,Songadh,Beans,Beans (Whole),FAQ,2024-04-10 00:00:00,8200.0,8200.0,8200.0,94
Gujarat,Jamnagar,Jamnagar,Beans,Other,FAQ,2024-06-03 00:00:00,11700.0,15650.0,13950.0,94
Gujarat,Porbandar,Porbandar,Beans,Beans (Whole),FAQ,2024-06-03 00:00:00,13750.0,15525.0,14640.0,94
Gujarat,Porbandar,Porbandar,Beans,Beans (Whole),FAQ,2024-06-07 00:00:00,12525.0,15025.0,13775.0,94
Gujarat,Rajkot,Jasdan,Beans,Other,FAQ,2024-06-14 00:00:00,2950.0,7250.0,6000.0,94
Gujarat,Jamnagar,Jamnagar,Beans,Other,FAQ,2024-06-27 00:00:00,1500.0,16000.0,10250.0,94
Gujarat,Jamnagar,Jamnagar,Beans,Other,FAQ,2024-06-28 00:00:00,13000.0,14500.0,13950.0,94
Gujarat,Rajkot,Jasdan,Beans,Other,FAQ,2024-06-06 00:00:00,3500.0,7000.0,6250.0,94
Gujarat,Rajkot,Jasdan,Beans,Other,FAQ,2024-06-11 00:00:00,4000.0,7000.0,5250.0,94
Gujarat,Rajkot,Jasdan,Beans,Other,FAQ,2024-06-12 00:00:00,4000.0,7315.0,6000.0,94
Gujarat,Rajkot,Jasdan,Beans,Other,FAQ,2024-06-19 00:00:00,2500.0,5000.0,3750.0,94
Gujarat,Surat,Mandvi,Beans,Other,FAQ,2024-06-01 00:00:00,5500.0,5500.0,5500.0,94
Gujarat,Amreli,Rajula,Beans,Local,FAQ,2024-05-30 00:00:00,6500.0,6500.0,6500.0,94
Gujarat,Jamnagar,Jamnagar,Beans,Other,FAQ,2024-05-21 00:00:00,11000.0,16500.0,14225.0,94
Gujarat,Porbandar,Porbandar,Beans,Beans (Whole),FAQ,2024-05-18 00:00:00,15775.0,16850.0,16315.0,94
Gujarat,Rajkot,Jasdan,Beans,Other,FAQ,2024-05-02 00:00:00,5000.0,8500.0,7750.0,94
Gujarat,Rajkot,Jasdan,Beans,Other,FAQ,2024-05-08 00:00:00,5500.0,8000.0,7250.0,94
Gujarat,Jamnagar,Jam Jodhpur,Beans,Beans (Whole),FAQ,2024-05-31 00:00:00,4955.0,8455.0,6705.0,94
Gujarat,Jamnagar,Jamnagar,Beans,Other,FAQ,2024-05-04 00:00:00,10000.0,11500.0,10750.0,94
Gujarat,Jamnagar,Jamnagar,Beans,Other,FAQ,2024-05-23 00:00:00,15000.0,18000.0,16500.0,94
Gujarat,Jamnagar,Jamnagar,Beans,Other,FAQ,2024-05-31 00:00:00,2500.0,16525.0,9935.0,94
Gujarat,Porbandar,Porbandar,Beans,Beans (Whole),FAQ,2024-05-09 00:00:00,13350.0,13550.0,13450.0,94
Gujarat,Porbandar,Porbandar,Beans,Beans (Whole),FAQ,2024-05-22 00:00:00,18025.0,19275.0,18650.0,94
Gujarat,Rajkot,Jasdan,Beans,Other,FAQ,2024-05-03 00:00:00,5250.0,9000.0,8000.0,94
Gujarat,Rajkot,Jasdan,Beans,Other,FAQ,2024-05-06 00:00:00,6500.0,8500.0,8000.0,94
Gujarat,Rajkot,Jasdan,Beans,Other,FAQ,2024-05-15 00:00:00,5500.0,8750.0,7750.0,94
Gujarat,Rajkot,Jasdan,Beans,Other,FAQ,2024-05-17 00:00:00,5000.0,8505.0,8000.0,94
Gujarat,Surat,Mandvi,Beans,Other,FAQ,2024-05-03 00:00:00,6000.0,7250.0,6625.0,94
Gujarat,Surat,Mandvi,Beans,Other,FAQ,2024-05-28 00:00:00,6000.0,6000.0,6000.0,94
Gujarat,Junagarh,Visavadar,Beans,Other,FAQ,2015-06-05 00:00:00,6000.0,7500.0,6750.0,94
Gujarat,Junagarh,Visavadar,Beans,Other,FAQ,2015-06-18 00:00:00,5750.0,7000.0,6375.0,94
Gujarat,Junagarh,Visavadar,Beans,Other,FAQ,2015-06-19 00:00:00,5960.0,7500.0,6730.0,94
Gujarat,Junagarh,Visavadar,Beans,Other,FAQ,2015-07-17 00:00:00,5505.0,7225.0,6365.0,94
Gujarat,Junagarh,Visavadar,Beans,Other,FAQ,2015-07-21 00:00:00,5515.0,8155.0,6835.0,94
Gujarat,Junagarh,Visavadar,Beans,Other,FAQ,2015-10-03 00:00:00,6000.0,7450.0,6725.0,94
Gujarat,Junagarh,Visavadar,Beans,Other,FAQ,2015-10-29 00:00:00,6115.0,8125.0,7120.0,94
Gujarat,Junagarh,Visavadar,Beans,Other,FAQ,2015-12-08 00:00:00,6565.0,9225.0,7895.0,94
Gujarat,Junagarh,Visavadar,Beans,Other,FAQ,2015-12-11 00:00:00,6860.0,8000.0,7430.0,94
Gujarat,Junagarh,Visavadar,Beans,Other,FAQ,2015-12-30 00:00:00,5000.0,6800.0,5900.0,94
Gujarat,Porbandar,Porbandar,Beans,Beans (Whole),FAQ,2015-01-27 00:00:00,2775.0,3575.0,3175.0,94
Gujarat,Porbandar,Porbandar,Beans,Beans (Whole),FAQ,2015-01-30 00:00:00,0.0,2775.0,2775.0,94
Gujarat,Porbandar,Porbandar,Beans,Beans (Whole),FAQ,2015-04-04 00:00:00,0.0,4675.0,4675.0,94
Gujarat,Porbandar,Porbandar,Beans,Beans (Whole),FAQ,2015-04-17 00:00:00,5000.0,6150.0,5575.0,94
Gujarat,Porbandar,Porbandar,Beans,Beans (Whole),FAQ,2015-05-01 00:00:00,5050.0,6450.0,5750.0,94
Gujarat,Porbandar,Porbandar,Beans,Beans (Whole),FAQ,2015-05-19 00:00:00,5225.0,5750.0,5485.0,94
Gujarat,Porbandar,Porbandar,Beans,Beans (Whole),FAQ,2015-05-21 00:00:00,5800.0,5825.0,5810.0,94
Gujarat,Porbandar,Porbandar,Beans,Beans (Whole),FAQ,2015-05-22 00:00:00,0.0,5825.0,5825.0,94
Gujarat,Porbandar,Porbandar,Beans,Beans (Whole),FAQ,2015-05-27 00:00:00,5150.0,5750.0,5450.0,94
Gujarat,Porbandar,Porbandar,Beans,Beans (Whole),FAQ,2015-06-01 00:00:00,0.0,5475.0,5475.0,94
Gujarat,Porbandar,Porbandar,Beans,Beans (Whole),FAQ,2015-06-12 00:00:00,6325.0,6525.0,6425.0,94
Gujarat,Porbandar,Porbandar,Beans,Beans (Whole),FAQ,2015-06-15 00:00:00,6075.0,6300.0,6185.0,94
Gujarat,Porbandar,Porbandar,Beans,Beans (Whole),FAQ,2015-07-02 00:00:00,5625.0,6200.0,5910.0,94
Gujarat,Porbandar,Porbandar,Beans,Beans (Whole),FAQ,2015-07-11 00:00:00,0.0,5475.0,5475.0,94
Gujarat,Porbandar,Porbandar,Beans,Beans (Whole),FAQ,2015-07-20 00:00:00,5300.0,6150.0,5725.0,94
Gujarat,Porbandar,Porbandar,Beans,Beans (Whole),FAQ,2015-07-28 00:00:00,0.0,5775.0,5775.0,94
Gujarat,Porbandar,Porbandar,Beans,Beans (Whole),FAQ,2015-09-11 00:00:00,0.0,5000.0,5000.0,94
Gujarat,Porbandar,Porbandar,Beans,Beans (Whole),FAQ,2015-10-01 00:00:00,4325.0,6300.0,5310.0,94
Gujarat,Porbandar,Porbandar,Beans,Beans (Whole),FAQ,2015-11-20 00:00:00,0.0,6325.0,6325.0,94
Gujarat,Porbandar,Porbandar,Beans,Beans (Whole),FAQ,2015-12-04 00:00:00,0.0,3025.0,3025.0,94
Gujarat,Porbandar,Porbandar,Beans,Beans (Whole),FAQ,2015-12-09 00:00:00,0.0,6200.0,6200.0,94
Gujarat,Porbandar,Porbandar,Beans,Beans (Whole),FAQ,2015-12-10 00:00:00,0.0,6150.0,6150.0,94
Gujarat,Porbandar,Porbandar,Beans,Beans (Whole),FAQ,2015-12-11 00:00:00,0.0,6100.0,6100.0,94
Gujarat,Porbandar,Porbandar,Beans,Beans (Whole),FAQ,2015-12-14 00:00:00,0.0,6350.0,6350.0,94
Gujarat,Rajkot,Jasdan,Beans,Other,FAQ,2015-06-13 00:00:00,5500.0,7000.0,6000.0,94
Gujarat,Rajkot,Jasdan,Beans,Other,FAQ,2015-06-19 00:00:00,6000.0,8500.0,7500.0,94
Gujarat,Rajkot,Jasdan,Beans,Other,FAQ,2015-06-20 00:00:00,6000.0,7500.0,6500.0,94
Gujarat,Rajkot,Jasdan,Beans,Other,FAQ,2015-07-03 00:00:00,6000.0,7000.0,6500.0,94
Gujarat,Rajkot,Jasdan,Beans,Other,FAQ,2015-07-06 00:00:00,2000.0,7000.0,6000.0,94
Gujarat,Rajkot,Jasdan,Beans,Other,FAQ,2015-07-09 00:00:00,5500.0,6500.0,6125.0,94
Gujarat,Rajkot,Jasdan,Beans,Other,FAQ,2015-07-15 00:00:00,5500.0,6500.0,6250.0,94
Gujarat,Rajkot,Jasdan,Beans,Other,FAQ,2015-07-23 00:00:00,6500.0,7000.0,6750.0,94
Gujarat,Rajkot,Jasdan,Beans,Other,FAQ,2015-07-29 00:00:00,6000.0,6000.0,6000.0,94
Gujarat,Rajkot,Jasdan,Beans,Other,FAQ,2015-08-01 00:00:00,5500.0,7250.0,6500.0,94
Gujarat,Rajkot,Jasdan,Beans,Other,FAQ,2015-08-17 00:00:00,7000.0,7000.0,7000.0,94
Gujarat,Rajkot,Jasdan,Beans,Other,FAQ,2015-08-26 00:00:00,5500.0,7000.0,6250.0,94
Gujarat,Rajkot,Jasdan,Beans,Other,FAQ,2015-09-01 00:00:00,5500.0,8000.0,6000.0,94
Gujarat,Rajkot,Jasdan,Beans,Other,FAQ,2015-09-22 00:00:00,5500.0,9500.0,8500.0,94
Gujarat,Rajkot,Jasdan,Beans,Other,FAQ,2015-09-26 00:00:00,7500.0,10000.0,9000.0,94
Gujarat,Rajkot,Jasdan,Beans,Other,FAQ,2015-09-29 00:00:00,6000.0,8500.0,7500.0,94
Gujarat,Rajkot,Jasdan,Beans,Other,FAQ,2015-10-03 00:00:00,6000.0,9500.0,8500.0,94
Gujarat,Rajkot,Jasdan,Beans,Other,FAQ,2015-10-09 00:00:00,6000.0,9500.0,7500.0,94
Gujarat,Rajkot,Jasdan,Beans,Other,FAQ,2015-10-20 00:00:00,5000.0,7000.0,6000.0,94
Gujarat,Rajkot,Jasdan,Beans,Other,FAQ,2015-10-23 00:00:00,6500.0,10000.0,9000.0,94
Gujarat,Rajkot,Jasdan,Beans,Other,FAQ,2015-10-29 00:00:00,4500.0,7000.0,6000.0,94
Gujarat,Rajkot,Jasdan,Beans,Other,FAQ,2015-11-24 00:00:00,6000.0,11000.0,9000.0,94
Gujarat,Rajkot,Jasdan,Beans,Other,FAQ,2015-12-12 00:00:00,7500.0,10300.0,9000.0,94
Gujarat,Rajkot,Jasdan,Beans,Other,FAQ,2015-12-15 00:00:00,6500.0,8750.0,8400.0,94
Gujarat,Rajkot,Jasdan,Beans,Other,FAQ,2015-12-16 00:00:00,7500.0,8750.0,8125.0,94
Gujarat,Rajkot,Jasdan,Beans,Other,FAQ,2015-12-21 00:00:00,7500.0,9000.0,8750.0,94
Gujarat,Rajkot,Jetpur(Dist.Rajkot),Beans,Beans (Whole),FAQ,2015-01-05 00:00:00,2000.0,4505.0,3755.0,94
Gujarat,Rajkot,Jetpur(Dist.Rajkot),Beans,Beans (Whole),FAQ,2015-01-06 00:00:00,3505.0,5955.0,4750.0,94
Gujarat,Rajkot,Jetpur(Dist.Rajkot),Beans,Beans (Whole),FAQ,2015-01-09 00:00:00,2250.0,5500.0,5250.0,94
Gujarat,Rajkot,Upleta,Beans,Other,FAQ,2015-06-29 00:00:00,4500.0,4575.0,4550.0,94
Gujarat,Surat,Songadh,Beans,Other,FAQ,2015-02-23 00:00:00,3245.0,3255.0,3250.0,94
Gujarat,Surat,Songadh,Beans,Other,FAQ,2015-02-24 00:00:00,3115.0,3250.0,3182.0,94
Gujarat,Surat,Songadh,Beans,Other,FAQ,2015-03-24 00:00:00,2000.0,2600.0,2300.0,94
Gujarat,Surat,Songadh,Beans,Other,FAQ,2015-03-27 00:00:00,2300.0,2755.0,2527.0,94
Gujarat,Surat,Songadh,Beans,Other,FAQ,2015-04-16 00:00:00,1750.0,2500.0,2125.0,94
Gujarat,Surat,Songadh,Beans,Other,FAQ,2015-05-25 00:00:00,5240.0,5335.0,5287.0,94
Gujarat,Surat,Songadh,Beans,Other,FAQ,2015-05-26 00:00:00,4855.0,5000.0,4927.0,94
Gujarat,Surat,Songadh,Beans,Other,FAQ,2015-05-29 00:00:00,5580.0,5625.0,5602.0,94
Gujarat,Surat,Uchhal,Beans,Other,FAQ,2015-03-21 00:00:00,2000.0,2300.0,2200.0,94
Gujarat,Vadodara(Baroda),Vadodara,Beans,Other,FAQ,2015-01-05 00:00:00,5000.0,5200.0,5200.0,94
Gujarat,Vadodara(Baroda),Vadodara,Beans,Other,FAQ,2015-01-07 00:00:00,5000.0,5200.0,5200.0,94
Gujarat,Vadodara(Baroda),Vadodara,Beans,Other,FAQ,2015-01-16 00:00:00,5000.0,5500.0,5500.0,94
Gujarat,Vadodara(Baroda),Vadodara,Beans,Other,FAQ,2015-01-31 00:00:00,5000.0,5500.0,5500.0,94
Gujarat,Vadodara(Baroda),Vadodara,Beans,Other,FAQ,2015-02-11 00:00:00,5000.0,5400.0,5400.0,94
Gujarat,Vadodara(Baroda),Vadodara,Beans,Other,FAQ,2015-06-15 00:00:00,5200.0,5600.0,5600.0,94
Gujarat,Vadodara(Baroda),Vadodara,Beans,Other,FAQ,2015-06-16 00:00:00,5200.0,5600.0,5600.0,94
Gujarat,Vadodara(Baroda),Vadodara,Beans,Other,FAQ,2015-06-19 00:00:00,5200.0,5600.0,5600.0,94
Gujarat,Vadodara(Baroda),Vadodara,Beans,Other,FAQ,2015-06-20 00:00:00,5200.0,5600.0,5600.0,94
Gujarat,Vadodara(Baroda),Vadodara,Beans,Other,FAQ,2015-06-25 00:00:00,5200.0,5600.0,5600.0,94
Gujarat,Vadodara(Baroda),Vadodara,Beans,Other,FAQ,2015-07-16 00:00:00,5300.0,5600.0,5600.0,94
Gujarat,Vadodara(Baroda),Vadodara,Beans,Other,FAQ,2015-08-06 00:00:00,4800.0,5200.0,5200.0,94
Gujarat,Vadodara(Baroda),Vadodara,Beans,Other,FAQ,2015-08-13 00:00:00,4800.0,5200.0,5200.0,94
Gujarat,Vadodara(Baroda),Vadodara,Beans,Other,FAQ,2015-08-18 00:00:00,4800.0,5200.0,5200.0,94
Gujarat,Vadodara(Baroda),Vadodara,Beans,Other,FAQ,2015-09-12 00:00:00,4500.0,4800.0,4800.0,94
Gujarat,Vadodara(Baroda),Vadodara,Beans,Other,FAQ,2015-10-05 00:00:00,4200.0,4500.0,4500.0,94
Gujarat,Vadodara(Baroda),Vadodara,Beans,Other,FAQ,2015-10-13 00:00:00,4000.0,4800.0,4800.0,94
Gujarat,Vadodara(Baroda),Vadodara,Beans,Other,FAQ,2015-10-15 00:00:00,4000.0,4800.0,4800.0,94
Gujarat,Vadodara(Baroda),Vadodara,Beans,Other,FAQ,2015-10-16 00:00:00,4000.0,4800.0,4800.0,94
Gujarat,Vadodara(Baroda),Vadodara,Beans,Other,FAQ,2015-10-31 00:00:00,5000.0,5200.0,5200.0,94
Gujarat,Vadodara(Baroda),Vadodara,Beans,Other,FAQ,2015-12-11 00:00:00,4800.0,5200.0,5200.0,94
Gujarat,Vadodara(Baroda),Vadodara,Beans,Other,FAQ,2015-12-26 00:00:00,4200.0,4700.0,4700.0,94
Gujarat,Vadodara(Baroda),Vadodara,Beans,Other,FAQ,2015-12-29 00:00:00,4200.0,4700.0,4700.0,94
Gujarat,Dahod,Dahod,Beans,Other,FAQ,2002-01-23 00:00:00,1800.0,1800.0,1800.0,94
Gujarat,Dahod,Dahod,Beans,Other,FAQ,2002-02-11 00:00:00,1600.0,1650.0,1630.0,94
Gujarat,Dahod,Dahod,Beans,Other,FAQ,2002-02-12 00:00:00,1550.0,1680.0,1630.0,94
Gujarat,Dahod,Dahod,Beans,Other,FAQ,2002-03-13 00:00:00,1650.0,1660.0,1650.0,94
Gujarat,Dahod,Dahod,Beans,Other,FAQ,2002-03-26 00:00:00,1640.0,1665.0,1640.0,94
Gujarat,Dahod,Dahod,Beans,Other,FAQ,2003-01-13 00:00:00,1675.0,1675.0,1675.0,94
Gujarat,Dahod,Dahod,Beans,Other,FAQ,2003-01-24 00:00:00,1887.0,1887.0,1887.0,94
Gujarat,Dahod,Dahod,Beans,Other,FAQ,2003-02-04 00:00:00,1835.0,1835.0,1835.0,94
Gujarat,Dahod,Dahod,Beans,Other,FAQ,2003-02-13 00:00:00,1850.0,1850.0,1850.0,94
Gujarat,Dahod,Dahod,Beans,Other,FAQ,2003-02-27 00:00:00,1700.0,1700.0,1700.0,94
Gujarat,Dahod,Dahod,Beans,Other,FAQ,2003-03-04 00:00:00,1650.0,1650.0,1650.0,94
Gujarat,Dahod,Dahod,Beans,Other,FAQ,2003-03-05 00:00:00,1625.0,1650.0,1640.0,94
Gujarat,Dahod,Dahod,Beans,Other,FAQ,2003-03-07 00:00:00,1700.0,1735.0,1725.0,94
Gujarat,Dahod,Dahod,Beans,Other,FAQ,2003-03-25 00:00:00,1691.0,1700.0,1691.0,94
Gujarat,Dahod,Dahod,Beans,Other,FAQ,2003-04-08 00:00:00,1600.0,1660.0,1645.0,94
Gujarat,Dahod,Dahod,Beans,Other,FAQ,2003-04-28 00:00:00,1600.0,1650.0,1625.0,94
Gujarat,Dahod,Dahod,Beans,Other,FAQ,2003-05-06 00:00:00,1600.0,1650.0,1630.0,94
Gujarat,Dahod,Dahod,Beans,Other,FAQ,2003-05-10 00:00:00,1500.0,1600.0,1550.0,94
Gujarat,Dahod,Dahod,Beans,Other,FAQ,2003-05-12 00:00:00,1500.0,1600.0,1550.0,94
Gujarat,Dahod,Dahod,Beans,Other,FAQ,2003-05-28 00:00:00,1500.0,1650.0,1575.0,94
Gujarat,Dahod,Dahod,Beans,Other,FAQ,2003-12-29 00:00:00,1450.0,1500.0,1475.0,94
Gujarat,Jamnagar,Kalawad,Beans,Other,FAQ,2003-09-30 00:00:00,960.0,1200.0,1080.0,94
Gujarat,Junagarh,Junagadh,Beans,Beans (Whole),FAQ,2003-11-11 00:00:00,1150.0,1550.0,1400.0,94
Gujarat,Junagarh,Junagadh,Beans,Beans (Whole),FAQ,2003-11-13 00:00:00,1250.0,1515.0,1395.0,94
Gujarat,Junagarh,Junagadh,Beans,Beans (Whole),FAQ,2003-11-20 00:00:00,1050.0,1325.0,1125.0,94
Gujarat,Junagarh,Junagadh,Beans,Beans (Whole),FAQ,2003-12-04 00:00:00,1150.0,1400.0,1275.0,94
Gujarat,Junagarh,Junagadh,Beans,Beans (Whole),FAQ,2003-12-06 00:00:00,1100.0,1500.0,1375.0,94
Gujarat,Junagarh,Junagadh,Beans,Beans (Whole),FAQ,2003-12-08 00:00:00,1125.0,1495.0,1300.0,94
Gujarat,Junagarh,Junagadh,Beans,Beans (Whole),FAQ,2003-12-29 00:00:00,1125.0,1500.0,1375.0,94
Gujarat,Morbi,Morbi,Beans,Other,FAQ,2003-10-23 00:00:00,1360.0,1500.0,1430.0,94
Gujarat,Morbi,Morbi,Beans,Other,FAQ,2003-11-03 00:00:00,1600.0,1670.0,1635.0,94
Gujarat,Morbi,Morbi,Beans,Other,FAQ,2003-11-05 00:00:00,1450.0,1525.0,1487.0,94
Gujarat,Morbi,Morbi,Beans,Other,FAQ,2003-11-07 00:00:00,1375.0,1625.0,1500.0,94
Gujarat,Morbi,Morbi,Beans,Other,FAQ,2003-11-17 00:00:00,1125.0,1250.0,1187.0,94
Gujarat,Dahod,Dahod,Beans,Other,FAQ,2008-01-03 00:00:00,1325.0,1325.0,1325.0,94
Gujarat,Dahod,Dahod,Beans,Other,FAQ,2008-01-16 00:00:00,1475.0,1500.0,1480.0,94
Gujarat,Dahod,Dahod,Beans,Other,FAQ,2008-02-06 00:00:00,1650.0,1675.0,1675.0,94
Gujarat,Dahod,Dahod,Beans,Other,FAQ,2008-02-26 00:00:00,1815.0,1825.0,1820.0,94
Gujarat,Dahod,Dahod,Beans,Other,FAQ,2008-02-27 00:00:00,1825.0,1850.0,1840.0,94
Gujarat,Dahod,Dahod,Beans,Other,FAQ,2008-03-01 00:00:00,1825.0,1850.0,1825.0,94
Gujarat,Dahod,Dahod,Beans,Other,FAQ,2008-03-20 00:00:00,1600.0,1725.0,1675.0,94
Gujarat,Dahod,Dahod,Beans,Other,FAQ,2008-03-26 00:00:00,1650.0,1725.0,1700.0,94
Gujarat,Dahod,Dahod,Beans,Other,FAQ,2008-03-31 00:00:00,1500.0,1625.0,1615.0,94
Gujarat,Dahod,Dahod,Beans,Other,FAQ,2008-04-16 00:00:00,1325.0,1575.0,1500.0,94
Gujarat,Dahod,Dahod,Beans,Other,FAQ,2008-04-22 00:00:00,1325.0,1575.0,1475.0,94
Gujarat,Jamnagar,Dhrol,Beans,Other,FAQ,2008-09-25 00:00:00,1500.0,1775.0,1635.0,94
Gujarat,Jamnagar,Jamnagar,Beans,Other,FAQ,2008-02-06 00:00:00,1750.0,2625.0,2188.0,94
Gujarat,Jamnagar,Jamnagar,Beans,Other,FAQ,2008-04-24 00:00:00,2500.0,2855.0,2678.0,94
Gujarat,Jamnagar,Jamnagar,Beans,Other,FAQ,2008-06-19 00:00:00,2500.0,2850.0,2675.0,94
Gujarat,Jamnagar,Jamnagar,Beans,Other,FAQ,2008-06-26 00:00:00,1950.0,2100.0,2025.0,94
Gujarat,Jamnagar,Jamnagar,Beans,Other,FAQ,2008-07-15 00:00:00,2500.0,2690.0,2595.0,94
Gujarat,Jamnagar,Jamnagar,Beans,Other,FAQ,2008-07-23 00:00:00,2000.0,2025.0,2013.0,94
Gujarat,Jamnagar,Jamnagar,Beans,Other,FAQ,2008-09-23 00:00:00,1000.0,1750.0,1375.0,94
Gujarat,Jamnagar,Jamnagar,Beans,Other,FAQ,2008-10-13 00:00:00,1250.0,1500.0,1375.0,94
Gujarat,Jamnagar,Jamnagar,Beans,Other,FAQ,2008-11-19 00:00:00,1000.0,1250.0,1125.0,94
Gujarat,Jamnagar,Jamnagar,Beans,Other,FAQ,2008-12-29 00:00:00,1000.0,1250.0,1125.0,94
Gujarat,Junagarh,Junagadh,Beans,Beans (Whole),FAQ,2008-09-13 00:00:00,1250.0,2100.0,1750.0,94
Gujarat,Junagarh,Junagadh,Beans,Beans (Whole),FAQ,2008-09-19 00:00:00,1050.0,2000.0,1600.0,94
Gujarat,Junagarh,Junagadh,Beans,Beans (Whole),FAQ,2008-09-22 00:00:00,1500.0,2000.0,1750.0,94
Gujarat,Junagarh,Junagadh,Beans,Beans (Whole),FAQ,2008-10-21 00:00:00,1500.0,2600.0,2200.0,94
Gujarat,Junagarh,Visavadar,Beans,Local,FAQ,2008-04-05 00:00:00,1135.0,1675.0,1405.0,94
Gujarat,Junagarh,Visavadar,Beans,Local,FAQ,2008-04-11 00:00:00,1090.0,1750.0,1420.0,94
Gujarat,Junagarh,Visavadar,Beans,Local,FAQ,2008-04-28 00:00:00,1325.0,1555.0,1440.0,94
Gujarat,Junagarh,Visavadar,Beans,Local,FAQ,2008-05-09 00:00:00,1025.0,1835.0,1430.0,94
Gujarat,Junagarh,Visavadar,Beans,Local,FAQ,2008-05-10 00:00:00,1260.0,1800.0,1530.0,94
Gujarat,Junagarh,Visavadar,Beans,Local,FAQ,2008-05-14 00:00:00,1335.0,1705.0,1520.0,94
Gujarat,Junagarh,Visavadar,Beans,Local,FAQ,2008-07-17 00:00:00,1090.0,1530.0,1310.0,94
Gujarat,Junagarh,Visavadar,Beans,Local,FAQ,2008-07-26 00:00:00,1095.0,1615.0,1355.0,94
Gujarat,Junagarh,Visavadar,Beans,Local,FAQ,2008-07-31 00:00:00,1290.0,1380.0,1335.0,94
Gujarat,Junagarh,Visavadar,Beans,Other,FAQ,2008-09-23 00:00:00,1250.0,1820.0,1535.0,94
Gujarat,Junagarh,Visavadar,Beans,Other,FAQ,2008-12-02 00:00:00,1170.0,1710.0,1440.0,94
Gujarat,Panchmahals,Godhra,Beans,Other,FAQ,2008-03-12 00:00:00,1750.0,1850.0,1800.0,94
Gujarat,Panchmahals,Godhra,Beans,Other,FAQ,2008-03-26 00:00:00,1710.0,1750.0,1730.0,94
Gujarat,Panchmahals,Godhra,Beans,Other,FAQ,2008-04-02 00:00:00,1830.0,1845.0,1840.0,94
Gujarat,Panchmahals,Godhra,Beans,Other,FAQ,2008-04-04 00:00:00,1650.0,1750.0,1700.0,94
Gujarat,Panchmahals,Godhra,Beans,Other,FAQ,2008-04-08 00:00:00,1650.0,1735.0,1700.0,94
Gujarat,Panchmahals,Godhra,Beans,Other,FAQ,2008-05-01 00:00:00,1450.0,1500.0,1485.0,94
Gujarat,Panchmahals,Godhra,Beans,Other,FAQ,2008-05-02 00:00:00,1450.0,1510.0,1485.0,94
Gujarat,Panchmahals,Godhra,Beans,Other,FAQ,2008-05-03 00:00:00,1450.0,1600.0,1500.0,94
Gujarat,Panchmahals,Godhra(Timbaroad),Beans,Other,FAQ,2008-03-11 00:00:00,1850.0,1880.0,1860.0,94
Gujarat,Panchmahals,Godhra(Timbaroad),Beans,Other,FAQ,2008-04-11 00:00:00,1600.0,1700.0,1650.0,94
Gujarat,Panchmahals,Godhra(Timbaroad),Beans,Other,FAQ,2008-05-29 00:00:00,1500.0,1600.0,1550.0,94
Gujarat,Panchmahals,Morva Hafad,Beans,Other,FAQ,2008-01-17 00:00:00,1000.0,1200.0,1100.0,94
Gujarat,Panchmahals,Morva Hafad,Beans,Other,FAQ,2008-01-22 00:00:00,1200.0,1250.0,1225.0,94
Gujarat,Panchmahals,Morva Hafad,Beans,Other,FAQ,2008-01-29 00:00:00,1200.0,1300.0,1250.0,94
Gujarat,Panchmahals,Morva Hafad,Beans,Other,FAQ,2008-01-31 00:00:00,1200.0,1300.0,1250.0,94
Gujarat,Rajkot,Gondal,Beans,Beans (Whole),FAQ,2008-03-25 00:00:00,1180.0,1905.0,1755.0,94
Gujarat,Rajkot,Gondal,Beans,Other,FAQ,2008-04-03 00:00:00,1730.0,1730.0,1730.0,94
Gujarat,Rajkot,Gondal,Beans,Other,FAQ,2008-04-12 00:00:00,2480.0,2480.0,2480.0,94
Gujarat,Rajkot,Jasdan,Beans,Other,FAQ,2008-02-02 00:00:00,1520.0,1520.0,1520.0,94
Gujarat,Rajkot,Jasdan,Beans,Other,FAQ,2008-02-14 00:00:00,1460.0,1955.0,1725.0,94
Gujarat,Rajkot,Jasdan,Beans,Other,FAQ,2008-02-15 00:00:00,1865.0,2000.0,1950.0,94
Gujarat,Rajkot,Jasdan,Beans,Other,FAQ,2008-02-18 00:00:00,1905.0,2035.0,1975.0,94
Gujarat,Rajkot,Jasdan,Beans,Other,FAQ,2008-02-23 00:00:00,2250.0,2250.0,2250.0,94
Gujarat,Rajkot,Jasdan,Beans,Other,FAQ,2008-02-25 00:00:00,1505.0,2140.0,1630.0,94
Gujarat,Rajkot,Jasdan,Beans,Other,FAQ,2008-02-26 00:00:00,1905.0,2110.0,1905.0,94
Gujarat,Rajkot,Jasdan,Beans,Other,FAQ,2008-03-12 00:00:00,1500.0,1655.0,1575.0,94
Gujarat,Rajkot,Jasdan,Beans,Other,FAQ,2008-03-20 00:00:00,1360.0,1360.0,1360.0,94
Gujarat,Rajkot,Jasdan,Beans,Other,FAQ,2008-03-21 00:00:00,1665.0,1665.0,1665.0,94
Gujarat,Rajkot,Jasdan,Beans,Other,FAQ,2008-04-10 00:00:00,1000.0,1750.0,1125.0,94
Gujarat,Rajkot,Jasdan,Beans,Other,FAQ,2008-04-15 00:00:00,1250.0,1500.0,1400.0,94
Gujarat,Rajkot,Jasdan,Beans,Other,FAQ,2008-04-23 00:00:00,1000.0,1650.0,1330.0,94
Gujarat,Rajkot,Jasdan,Beans,Other,FAQ,2008-04-29 00:00:00,1680.0,1680.0,1680.0,94
Gujarat,Rajkot,Jasdan,Beans,Other,FAQ,2008-05-13 00:00:00,1525.0,1525.0,1525.0,94
Gujarat,Rajkot,Jasdan,Beans,Other,FAQ,2008-05-16 00:00:00,1225.0,1225.0,1225.0,94
Gujarat,Rajkot,Jasdan,Beans,Other,FAQ,2008-05-17 00:00:00,1180.0,1180.0,1180.0,94
Gujarat,Rajkot,Jasdan,Beans,Other,FAQ,2008-06-04 00:00:00,1130.0,1475.0,1250.0,94
Gujarat,Rajkot,Jasdan,Beans,Other,FAQ,2008-08-02 00:00:00,1600.0,1600.0,1600.0,94
Gujarat,Rajkot,Jetpur(Dist.Rajkot),Beans,Local,FAQ,2008-12-29 00:00:00,1300.0,1800.0,1605.0,94
Gujarat,Rajkot,Jetpur(Dist.Rajkot),Beans,Other,FAQ,2008-01-25 00:00:00,950.0,1550.0,1050.0,94
Gujarat,Rajkot,Jetpur(Dist.Rajkot),Beans,Other,FAQ,2008-02-15 00:00:00,1250.0,1755.0,1275.0,94
Gujarat,Rajkot,Jetpur(Dist.Rajkot),Beans,Other,FAQ,2008-04-10 00:00:00,1005.0,1750.0,1440.0,94
Gujarat,Rajkot,Jetpur(Dist.Rajkot),Beans,Other,FAQ,2008-04-12 00:00:00,1005.0,1805.0,1440.0,94
Gujarat,Rajkot,Jetpur(Dist.Rajkot),Beans,Other,FAQ,2008-05-22 00:00:00,1255.0,1755.0,1300.0,94
Gujarat,Rajkot,Jetpur(Dist.Rajkot),Beans,Other,FAQ,2008-05-31 00:00:00,1000.0,1755.0,1050.0,94
Gujarat,Rajkot,Jetpur(Dist.Rajkot),Beans,Other,FAQ,2008-06-20 00:00:00,955.0,1405.0,1300.0,94
Gujarat,Rajkot,Jetpur(Dist.Rajkot),Beans,Other,FAQ,2008-06-28 00:00:00,1250.0,1955.0,1625.0,94
Gujarat,Rajkot,Jetpur(Dist.Rajkot),Beans,Other,FAQ,2008-07-23 00:00:00,1125.0,1755.0,1650.0,94
Gujarat,Rajkot,Jetpur(Dist.Rajkot),Beans,Other,FAQ,2008-09-09 00:00:00,1625.0,2405.0,2060.0,94
Gujarat,Rajkot,Jetpur(Dist.Rajkot),Beans,Other,FAQ,2008-09-10 00:00:00,1250.0,1750.0,1500.0,94
Gujarat,Rajkot,Jetpur(Dist.Rajkot),Beans,Other,FAQ,2008-09-15 00:00:00,1795.0,2205.0,1950.0,94
Gujarat,Rajkot,Jetpur(Dist.Rajkot),Beans,Other,FAQ,2008-10-13 00:00:00,750.0,1805.0,1475.0,94
Gujarat,Rajkot,Jetpur(Dist.Rajkot),Beans,Other,FAQ,2008-10-21 00:00:00,1250.0,2350.0,2030.0,94
Gujarat,Rajkot,Jetpur(Dist.Rajkot),Beans,Other,FAQ,2008-11-18 00:00:00,2350.0,2600.0,2435.0,94
Gujarat,Surat,S.Mandvi,Beans,Other,FAQ,2008-04-07 00:00:00,1800.0,1800.0,1800.0,94
Gujarat,Surat,S.Mandvi,Beans,Other,FAQ,2008-04-09 00:00:00,1650.0,1650.0,1650.0,94
Gujarat,Surat,S.Mandvi,Beans,Other,FAQ,2008-04-13 00:00:00,1500.0,1850.0,1675.0,94
Gujarat,Surat,S.Mandvi,Beans,Other,FAQ,2008-04-21 00:00:00,1700.0,1700.0,1700.0,94
Gujarat,Vadodara(Baroda),Vadodara,Beans,Other,FAQ,2008-01-02 00:00:00,2200.0,2900.0,2700.0,94
Gujarat,Vadodara(Baroda),Vadodara,Beans,Other,FAQ,2008-01-23 00:00:00,2200.0,2600.0,2450.0,94
Gujarat,Vadodara(Baroda),Vadodara,Beans,Other,FAQ,2008-01-24 00:00:00,2200.0,2600.0,2500.0,94
Gujarat,Vadodara(Baroda),Vadodara,Beans,Other,FAQ,2008-02-16 00:00:00,2000.0,2500.0,2300.0,94
Gujarat,Vadodara(Baroda),Vadodara,Beans,Other,FAQ,2008-03-05 00:00:00,2250.0,3400.0,3000.0,94
Gujarat,Vadodara(Baroda),Vadodara,Beans,Other,FAQ,2008-05-30 00:00:00,2200.0,3000.0,2800.0,94
Gujarat,Vadodara(Baroda),Vadodara,Beans,Other,FAQ,2008-06-03 00:00:00,2100.0,2500.0,2400.0,94
Gujarat,Vadodara(Baroda),Vadodara,Beans,Other,FAQ,2008-06-11 00:00:00,2100.0,2500.0,2300.0,94
Gujarat,Vadodara(Baroda),Vadodara,Beans,Other,FAQ,2008-06-14 00:00:00,2100.0,2500.0,2300.0,94
Gujarat,Vadodara(Baroda),Vadodara,Beans,Other,FAQ,2008-07-04 00:00:00,2300.0,2800.0,2600.0,94
Gujarat,Vadodara(Baroda),Vadodara,Beans,Other,FAQ,2008-07-08 00:00:00,2300.0,2800.0,2600.0,94
Gujarat,Vadodara(Baroda),Vadodara,Beans,Other,FAQ,2008-07-25 00:00:00,2300.0,3000.0,2800.0,94
Gujarat,Vadodara(Baroda),Vadodara,Beans,Other,FAQ,2008-08-02 00:00:00,3050.0,3300.0,3200.0,94
Gujarat,Vadodara(Baroda),Vadodara,Beans,Other,FAQ,2008-09-13 00:00:00,2200.0,3000.0,2800.0,94
Gujarat,Vadodara(Baroda),Vadodara,Beans,Other,FAQ,2008-09-23 00:00:00,2800.0,3000.0,3000.0,94
Gujarat,Vadodara(Baroda),Vadodara,Beans,Other,FAQ,2008-11-07 00:00:00,2200.0,2500.0,2300.0,94
Gujarat,Vadodara(Baroda),Vadodara,Beans,Other,FAQ,2008-11-25 00:00:00,2200.0,3000.0,2700.0,94
Gujarat,Vadodara(Baroda),Vadodara,Beans,Other,FAQ,2008-12-18 00:00:00,2300.0,3000.0,2800.0,94
Gujarat,Banaskanth,Deesa(Deesa Veg Yard),Beans,Other,FAQ,2013-09-13 00:00:00,2400.0,2700.0,2550.0,94
Gujarat,Banaskanth,Deesa(Deesa Veg Yard),Beans,Other,FAQ,2013-09-24 00:00:00,2000.0,2200.0,2100.0,94
Gujarat,Banaskanth,Deesa(Deesa Veg Yard),Beans,Other,FAQ,2013-09-26 00:00:00,2000.0,2200.0,2100.0,94
Gujarat,Banaskanth,Deesa(Deesa Veg Yard),Beans,Other,FAQ,2013-10-23 00:00:00,3000.0,3500.0,3250.0,94
Gujarat,Banaskanth,Deesa(Deesa Veg Yard),Beans,Other,FAQ,2013-10-26 00:00:00,3000.0,3500.0,3250.0,94
Gujarat,Dahod,Dahod,Beans,Other,FAQ,2013-01-18 00:00:00,3500.0,3925.0,3800.0,94
Gujarat,Dahod,Dahod,Beans,Other,FAQ,2013-01-19 00:00:00,3500.0,3900.0,3700.0,94
Gujarat,Dahod,Dahod,Beans,Other,FAQ,2013-01-21 00:00:00,3700.0,4050.0,3950.0,94
Gujarat,Dahod,Dahod,Beans,Other,FAQ,2013-01-28 00:00:00,3500.0,4000.0,3800.0,94
Gujarat,Dahod,Dahod,Beans,Other,FAQ,2013-02-01 00:00:00,3600.0,4000.0,3800.0,94
Gujarat,Dahod,Dahod,Beans,Other,FAQ,2013-02-08 00:00:00,3900.0,4450.0,4300.0,94
Gujarat,Dahod,Dahod,Beans,Other,FAQ,2013-02-25 00:00:00,4000.0,4500.0,4400.0,94
Gujarat,Dahod,Dahod,Beans,Other,FAQ,2013-02-26 00:00:00,4000.0,4500.0,4375.0,94
Gujarat,Dahod,Dahod,Beans,Other,FAQ,2013-03-04 00:00:00,4000.0,4500.0,4350.0,94
Gujarat,Dahod,Dahod,Beans,Other,FAQ,2013-03-15 00:00:00,4000.0,4500.0,4300.0,94
Gujarat,Dahod,Dahod,Beans,Other,FAQ,2013-03-22 00:00:00,4000.0,4500.0,4350.0,94
Gujarat,Dahod,Dahod,Beans,Other,FAQ,2013-04-10 00:00:00,4000.0,4300.0,4215.0,94
Gujarat,Jamnagar,Jam Jodhpur,Beans,Other,FAQ,2013-09-16 00:00:00,3350.0,3850.0,3650.0,94
Gujarat,Jamnagar,Jam Jodhpur,Beans,Other,FAQ,2013-09-23 00:00:00,1575.0,2750.0,2150.0,94
Gujarat,Jamnagar,Jamnagar,Beans,Other,FAQ,2013-01-04 00:00:00,2750.0,3500.0,3125.0,94
Gujarat,Jamnagar,Jamnagar,Beans,Other,FAQ,2013-01-07 00:00:00,4700.0,5435.0,5068.0,94
Gujarat,Jamnagar,Jamnagar,Beans,Other,FAQ,2013-01-08 00:00:00,3675.0,4360.0,4018.0,94
Gujarat,Jamnagar,Jamnagar,Beans,Other,FAQ,2013-01-12 00:00:00,2950.0,4025.0,3488.0,94
Gujarat,Jamnagar,Jamnagar,Beans,Other,FAQ,2013-01-16 00:00:00,2775.0,3525.0,3150.0,94
Gujarat,Jamnagar,Jamnagar,Beans,Other,FAQ,2013-01-30 00:00:00,3600.0,4350.0,4100.0,94
Gujarat,Jamnagar,Jamnagar,Beans,Other,FAQ,2013-02-07 00:00:00,3250.0,3525.0,3400.0,94
Gujarat,Jamnagar,Jamnagar,Beans,Other,FAQ,2013-02-09 00:00:00,2450.0,4670.0,3560.0,94
Gujarat,Jamnagar,Jamnagar,Beans,Other,FAQ,2013-02-16 00:00:00,3400.0,4610.0,4005.0,94
Gujarat,Jamnagar,Jamnagar,Beans,Other,FAQ,2013-02-28 00:00:00,4505.0,4980.0,4800.0,94
Gujarat,Jamnagar,Jamnagar,Beans,Other,FAQ,2013-03-04 00:00:00,2500.0,4500.0,3500.0,94
Gujarat,Jamnagar,Jamnagar,Beans,Other,FAQ,2013-03-15 00:00:00,3500.0,3850.0,3700.0,94
Gujarat,Jamnagar,Jamnagar,Beans,Other,FAQ,2013-03-21 00:00:00,3500.0,4000.0,3800.0,94
Gujarat,Jamnagar,Jamnagar,Beans,Other,FAQ,2013-04-05 00:00:00,4000.0,4375.0,4200.0,94
Gujarat,Jamnagar,Jamnagar,Beans,Other,FAQ,2013-04-12 00:00:00,5000.0,5650.0,5500.0,94
Gujarat,Jamnagar,Jamnagar,Beans,Other,FAQ,2013-05-16 00:00:00,4500.0,5075.0,4788.0,94
Gujarat,Jamnagar,Jamnagar,Beans,Other,FAQ,2013-06-15 00:00:00,5000.0,5575.0,5300.0,94
Gujarat,Jamnagar,Jamnagar,Beans,Other,FAQ,2013-06-17 00:00:00,5000.0,5200.0,5100.0,94
Gujarat,Jamnagar,Jamnagar,Beans,Other,FAQ,2013-09-13 00:00:00,4950.0,6050.0,5500.0,94
Gujarat,Jamnagar,Jamnagar,Beans,Other,FAQ,2013-09-17 00:00:00,3200.0,6130.0,4665.0,94
Gujarat,Jamnagar,Jamnagar,Beans,Other,FAQ,2013-09-18 00:00:00,3800.0,5150.0,4475.0,94
Gujarat,Jamnagar,Jamnagar,Beans,Other,FAQ,2013-10-04 00:00:00,3800.0,5500.0,4650.0,94
Gujarat,Jamnagar,Jamnagar,Beans,Other,FAQ,2013-10-07 00:00:00,3375.0,6250.0,4813.0,94
Gujarat,Jamnagar,Jamnagar,Beans,Other,FAQ,2013-10-21 00:00:00,3600.0,6450.0,5025.0,94
Gujarat,Jamnagar,Jamnagar,Beans,Other,FAQ,2013-10-23 00:00:00,5050.0,6250.0,5650.0,94
Gujarat,Jamnagar,Jamnagar,Beans,Other,FAQ,2013-12-02 00:00:00,5000.0,5300.0,5150.0,94
Gujarat,Jamnagar,Jamnagar,Beans,Other,FAQ,2013-12-06 00:00:00,4500.0,4700.0,4600.0,94
Gujarat,Jamnagar,Jamnagar,Beans,Other,FAQ,2013-12-09 00:00:00,3275.0,6650.0,4963.0,94
Gujarat,Jamnagar,Jamnagar,Beans,Other,FAQ,2013-12-11 00:00:00,4720.0,6000.0,5360.0,94
Gujarat,Jamnagar,Jamnagar,Beans,Other,FAQ,2013-12-20 00:00:00,3150.0,6460.0,6200.0,94
Gujarat,Junagarh,Bhesan,Beans,Other,FAQ,2013-09-11 00:00:00,2250.0,3110.0,2680.0,94
Gujarat,Junagarh,Bhesan,Beans,Other,FAQ,2013-09-18 00:00:00,2900.0,3160.0,3030.0,94
Gujarat,Junagarh,Bhesan,Beans,Other,FAQ,2013-12-20 00:00:00,1900.0,2800.0,2350.0,94
Gujarat,Junagarh,Bhesan,Beans,Other,FAQ,2013-12-26 00:00:00,2000.0,2800.0,2400.0,94
Gujarat,Junagarh,Junagadh,Beans,Beans (Whole),FAQ,2013-01-24 00:00:00,2000.0,2520.0,2250.0,94
Gujarat,Junagarh,Junagadh,Beans,Beans (Whole),FAQ,2013-02-06 00:00:00,1500.0,2050.0,1750.0,94
Gujarat,Junagarh,Junagadh,Beans,Beans (Whole),FAQ,2013-02-11 00:00:00,3030.0,3030.0,3030.0,94
Gujarat,Junagarh,Junagadh,Beans,Beans (Whole),FAQ,2013-02-13 00:00:00,2825.0,2825.0,2825.0,94
Gujarat,Junagarh,Junagadh,Beans,Beans (Whole),FAQ,2013-02-20 00:00:00,2000.0,3220.0,2500.0,94
Gujarat,Junagarh,Junagadh,Beans,Beans (Whole),FAQ,2013-03-08 00:00:00,2000.0,2445.0,2250.0,94
Gujarat,Junagarh,Junagadh,Beans,Beans (Whole),FAQ,2013-03-15 00:00:00,1500.0,2000.0,1750.0,94
Gujarat,Junagarh,Junagadh,Beans,Beans (Whole),FAQ,2013-03-22 00:00:00,1250.0,1910.0,1500.0,94
Gujarat,Junagarh,Junagadh,Beans,Beans (Whole),FAQ,2013-04-10 00:00:00,2000.0,3000.0,2500.0,94
Gujarat,Junagarh,Junagadh,Beans,Beans (Whole),FAQ,2013-04-11 00:00:00,2000.0,3000.0,2500.0,94
Gujarat,Junagarh,Junagadh,Beans,Beans (Whole),FAQ,2013-04-12 00:00:00,2500.0,2500.0,2500.0,94
Gujarat,Junagarh,Junagadh,Beans,Beans (Whole),FAQ,2013-04-20 00:00:00,2500.0,3550.0,3025.0,94
Gujarat,Junagarh,Junagadh,Beans,Beans (Whole),FAQ,2013-04-27 00:00:00,2000.0,3470.0,3020.0,94
Gujarat,Junagarh,Junagadh,Beans,Beans (Whole),FAQ,2013-07-29 00:00:00,2400.0,2400.0,2400.0,94
Gujarat,Junagarh,Junagadh,Beans,Beans (Whole),FAQ,2013-08-05 00:00:00,3020.0,3020.0,3020.0,94
Gujarat,Junagarh,Junagadh,Beans,Beans (Whole),FAQ,2013-08-17 00:00:00,2000.0,2840.0,2500.0,94
Gujarat,Junagarh,Junagadh,Beans,Beans (Whole),FAQ,2013-10-22 00:00:00,900.0,2220.0,1750.0,94
Gujarat,Junagarh,Junagadh,Beans,Beans (Whole),FAQ,2013-11-29 00:00:00,2500.0,4255.0,3525.0,94
Gujarat,Junagarh,Junagadh,Beans,Beans (Whole),FAQ,2013-12-20 00:00:00,2100.0,3990.0,3000.0,94
Gujarat,Junagarh,Junagadh,Beans,Beans (Whole),FAQ,2013-12-21 00:00:00,2125.0,3500.0,3125.0,94
Gujarat,Junagarh,Junagadh,Beans,Beans (Whole),FAQ,2013-12-26 00:00:00,3000.0,4070.0,3575.0,94
Gujarat,Junagarh,Visavadar,Beans,Other,FAQ,2013-01-23 00:00:00,1250.0,2000.0,1625.0,94
Gujarat,Junagarh,Visavadar,Beans,Other,FAQ,2013-01-24 00:00:00,1250.0,2300.0,1775.0,94
Gujarat,Junagarh,Visavadar,Beans,Other,FAQ,2013-01-29 00:00:00,1350.0,2300.0,1825.0,94
Gujarat,Junagarh,Visavadar,Beans,Other,FAQ,2013-02-05 00:00:00,1305.0,1595.0,1450.0,94
Gujarat,Junagarh,Visavadar,Beans,Other,FAQ,2013-02-18 00:00:00,1800.0,3000.0,2400.0,94
Gujarat,Junagarh,Visavadar,Beans,Other,FAQ,2013-02-23 00:00:00,1200.0,1900.0,1550.0,94
Gujarat,Junagarh,Visavadar,Beans,Other,FAQ,2013-02-27 00:00:00,1715.0,2575.0,2145.0,94
Gujarat,Junagarh,Visavadar,Beans,Other,FAQ,2013-03-12 00:00:00,1750.0,2900.0,2325.0,94
Gujarat,Junagarh,Visavadar,Beans,Other,FAQ,2013-04-05 00:00:00,2000.0,2750.0,2375.0,94
Gujarat,Junagarh,Visavadar,Beans,Other,FAQ,2013-04-16 00:00:00,2150.0,2600.0,2375.0,94
Gujarat,Junagarh,Visavadar,Beans,Other,FAQ,2013-04-22 00:00:00,1760.0,3000.0,2380.0,94
Gujarat,Junagarh,Visavadar,Beans,Other,FAQ,2013-05-02 00:00:00,1210.0,2300.0,1755.0,94
Gujarat,Junagarh,Visavadar,Beans,Other,FAQ,2013-05-07 00:00:00,1285.0,2875.0,2080.0,94
Gujarat,Junagarh,Visavadar,Beans,Other,FAQ,2013-07-19 00:00:00,1600.0,2700.0,2150.0,94
Gujarat,Junagarh,Visavadar,Beans,Other,FAQ,2013-10-01 00:00:00,1150.0,1750.0,1450.0,94
Gujarat,Junagarh,Visavadar,Beans,Other,FAQ,2013-10-22 00:00:00,1460.0,1900.0,1680.0,94
Gujarat,Junagarh,Visavadar,Beans,Other,FAQ,2013-11-26 00:00:00,1950.0,3000.0,2475.0,94
Gujarat,Junagarh,Visavadar,Beans,Other,FAQ,2013-12-06 00:00:00,1665.0,2575.0,2120.0,94
Gujarat,Rajkot,Jasdan,Beans,Other,FAQ,2013-01-09 00:00:00,2000.0,2000.0,2000.0,94
Gujarat,Rajkot,Jasdan,Beans,Other,FAQ,2013-02-02 00:00:00,2525.0,3000.0,2750.0,94
Gujarat,Rajkot,Jasdan,Beans,Other,FAQ,2013-02-18 00:00:00,2505.0,3600.0,3000.0,94
Gujarat,Rajkot,Jasdan,Beans,Other,FAQ,2013-02-22 00:00:00,2200.0,4500.0,3250.0,94
Gujarat,Rajkot,Jasdan,Beans,Other,FAQ,2013-03-11 00:00:00,1500.0,1750.0,1625.0,94
Gujarat,Rajkot,Jasdan,Beans,Other,FAQ,2013-03-22 00:00:00,1500.0,4000.0,2500.0,94
Gujarat,Rajkot,Jasdan,Beans,Other,FAQ,2013-04-03 00:00:00,2000.0,4000.0,3000.0,94
Gujarat,Rajkot,Jasdan,Beans,Other,FAQ,2013-06-26 00:00:00,2250.0,2550.0,2400.0,94
Gujarat,Rajkot,Jasdan,Beans,Other,FAQ,2013-07-19 00:00:00,1000.0,3250.0,2000.0,94
Gujarat,Rajkot,Jasdan,Beans,Other,FAQ,2013-07-25 00:00:00,2975.0,2975.0,2975.0,94
Gujarat,Rajkot,Jasdan,Beans,Other,FAQ,2013-07-26 00:00:00,2975.0,2975.0,2975.0,94
Gujarat,Rajkot,Jasdan,Beans,Other,FAQ,2013-07-29 00:00:00,3200.0,3200.0,3200.0,94
Gujarat,Rajkot,Jasdan,Beans,Other,FAQ,2013-08-16 00:00:00,3000.0,3000.0,3000.0,94
Gujarat,Rajkot,Jasdan,Beans,Other,FAQ,2013-08-22 00:00:00,1500.0,2250.0,1625.0,94
Gujarat,Rajkot,Jetpur(Dist.Rajkot),Beans,Beans (Whole),FAQ,2013-01-09 00:00:00,2305.0,2555.0,2480.0,94
Gujarat,Rajkot,Jetpur(Dist.Rajkot),Beans,Beans (Whole),FAQ,2013-02-01 00:00:00,1250.0,2025.0,1900.0,94
Gujarat,Rajkot,Jetpur(Dist.Rajkot),Beans,Beans (Whole),FAQ,2013-02-15 00:00:00,1755.0,2400.0,2250.0,94
Gujarat,Rajkot,Jetpur(Dist.Rajkot),Beans,Beans (Whole),FAQ,2013-02-20 00:00:00,1505.0,2205.0,2025.0,94
Gujarat,Rajkot,Jetpur(Dist.Rajkot),Beans,Beans (Whole),FAQ,2013-02-28 00:00:00,1505.0,2780.0,2505.0,94
Gujarat,Rajkot,Jetpur(Dist.Rajkot),Beans,Beans (Whole),FAQ,2013-03-15 00:00:00,2255.0,3380.0,3005.0,94
Gujarat,Rajkot,Jetpur(Dist.Rajkot),Beans,Beans (Whole),FAQ,2013-03-16 00:00:00,1950.0,3125.0,2750.0,94
Gujarat,Rajkot,Jetpur(Dist.Rajkot),Beans,Beans (Whole),FAQ,2013-03-21 00:00:00,2400.0,3255.0,2605.0,94
Gujarat,Rajkot,Jetpur(Dist.Rajkot),Beans,Beans (Whole),FAQ,2013-05-28 00:00:00,2280.0,3780.0,3095.0,94
Gujarat,Rajkot,Jetpur(Dist.Rajkot),Beans,Beans (Whole),FAQ,2013-05-29 00:00:00,2300.0,3805.0,3105.0,94
Gujarat,Rajkot,Jetpur(Dist.Rajkot),Beans,Beans (Whole),FAQ,2013-06-07 00:00:00,1250.0,2505.0,1950.0,94
Gujarat,Rajkot,Jetpur(Dist.Rajkot),Beans,Beans (Whole),FAQ,2013-06-25 00:00:00,2500.0,3380.0,3305.0,94
Gujarat,Rajkot,Jetpur(Dist.Rajkot),Beans,Beans (Whole),FAQ,2013-07-03 00:00:00,2250.0,3780.0,3255.0,94
Gujarat,Rajkot,Jetpur(Dist.Rajkot),Beans,Beans (Whole),FAQ,2013-07-16 00:00:00,2500.0,2950.0,2800.0,94
Gujarat,Rajkot,Jetpur(Dist.Rajkot),Beans,Beans (Whole),FAQ,2013-10-09 00:00:00,2005.0,3050.0,2625.0,94
Gujarat,Rajkot,Jetpur(Dist.Rajkot),Beans,Beans (Whole),FAQ,2013-10-10 00:00:00,2955.0,3355.0,3005.0,94
Gujarat,Surat,Nizar,Beans,Other,FAQ,2013-10-15 00:00:00,2727.0,3302.0,2951.0,94
Gujarat,Surat,Nizar,Beans,Other,FAQ,2013-10-16 00:00:00,3250.0,3302.0,3300.0,94
Gujarat,Surat,Nizar,Beans,Other,FAQ,2013-10-23 00:00:00,2300.0,3002.0,2900.0,94
Gujarat,Surat,S.Mandvi,Beans,Other,FAQ,2013-03-09 00:00:00,4250.0,4250.0,4250.0,94
Gujarat,Surat,S.Mandvi,Beans,Other,FAQ,2013-03-16 00:00:00,4200.0,4200.0,4200.0,94
Gujarat,Surat,S.Mandvi,Beans,Other,FAQ,2013-03-29 00:00:00,4000.0,4000.0,4000.0,94
Gujarat,Surat,S.Mandvi,Beans,Other,FAQ,2013-04-08 00:00:00,3150.0,3150.0,3150.0,94
Gujarat,Surat,S.Mandvi,Beans,Other,FAQ,2013-04-15 00:00:00,4100.0,4100.0,4100.0,94
Gujarat,Surat,S.Mandvi,Beans,Other,FAQ,2013-04-30 00:00:00,2250.0,2250.0,2250.0,94
Gujarat,Vadodara(Baroda),Vadodara,Beans,Other,FAQ,2013-02-26 00:00:00,4600.0,5000.0,5000.0,94
Gujarat,Vadodara(Baroda),Vadodara,Beans,Other,FAQ,2013-03-02 00:00:00,4600.0,5000.0,5000.0,94
Gujarat,Vadodara(Baroda),Vadodara,Beans,Other,FAQ,2013-04-04 00:00:00,4500.0,5000.0,5000.0,94
Gujarat,Vadodara(Baroda),Vadodara,Beans,Other,FAQ,2013-04-11 00:00:00,4500.0,5000.0,4800.0,94
Gujarat,Vadodara(Baroda),Vadodara,Beans,Other,FAQ,2013-04-25 00:00:00,3500.0,6000.0,6000.0,94
Gujarat,Vadodara(Baroda),Vadodara,Beans,Other,FAQ,2013-04-26 00:00:00,3500.0,6000.0,6000.0,94
Gujarat,Vadodara(Baroda),Vadodara,Beans,Other,FAQ,2013-05-09 00:00:00,4200.0,4800.0,4800.0,94
Gujarat,Vadodara(Baroda),Vadodara,Beans,Other,FAQ,2013-05-10 00:00:00,4200.0,4800.0,4800.0,94
Gujarat,Vadodara(Baroda),Vadodara,Beans,Other,FAQ,2013-05-17 00:00:00,4500.0,5500.0,5500.0,94
Gujarat,Vadodara(Baroda),Vadodara,Beans,Other,FAQ,2013-05-21 00:00:00,4500.0,5500.0,5500.0,94
Gujarat,Vadodara(Baroda),Vadodara,Beans,Other,FAQ,2013-05-22 00:00:00,4500.0,5500.0,5500.0,94
Gujarat,Vadodara(Baroda),Vadodara,Beans,Other,FAQ,2013-06-10 00:00:00,4500.0,4700.0,4700.0,94
Gujarat,Vadodara(Baroda),Vadodara,Beans,Other,FAQ,2013-06-17 00:00:00,4500.0,4700.0,4700.0,94
Gujarat,Vadodara(Baroda),Vadodara,Beans,Other,FAQ,2013-06-28 00:00:00,4800.0,5200.0,5200.0,94
Gujarat,Vadodara(Baroda),Vadodara,Beans,Other,FAQ,2013-07-12 00:00:00,5000.0,5500.0,5500.0,94
Gujarat,Vadodara(Baroda),Vadodara,Beans,Other,FAQ,2013-07-18 00:00:00,5000.0,5500.0,5500.0,94
Gujarat,Vadodara(Baroda),Vadodara,Beans,Other,FAQ,2013-07-22 00:00:00,5000.0,5200.0,5200.0,94
Gujarat,Vadodara(Baroda),Vadodara,Beans,Other,FAQ,2013-07-27 00:00:00,5000.0,5200.0,5200.0,94
Gujarat,Vadodara(Baroda),Vadodara,Beans,Other,FAQ,2013-08-01 00:00:00,5000.0,5200.0,5200.0,94
Gujarat,Vadodara(Baroda),Vadodara,Beans,Other,FAQ,2013-08-03 00:00:00,5000.0,5200.0,5200.0,94
Gujarat,Vadodara(Baroda),Vadodara,Beans,Other,FAQ,2013-08-08 00:00:00,4500.0,4800.0,4800.0,94
Gujarat,Vadodara(Baroda),Vadodara,Beans,Other,FAQ,2013-08-22 00:00:00,4500.0,4800.0,4800.0,94
Gujarat,Vadodara(Baroda),Vadodara,Beans,Other,FAQ,2013-08-23 00:00:00,4500.0,4800.0,4800.0,94
Gujarat,Vadodara(Baroda),Vadodara,Beans,Other,FAQ,2013-08-24 00:00:00,4500.0,4800.0,4800.0,94
Gujarat,Vadodara(Baroda),Vadodara,Beans,Other,FAQ,2013-09-07 00:00:00,4000.0,4400.0,4400.0,94
Gujarat,Vadodara(Baroda),Vadodara,Beans,Other,FAQ,2013-09-25 00:00:00,4200.0,4300.0,4300.0,94
Gujarat,Vadodara(Baroda),Vadodara,Beans,Other,FAQ,2013-10-09 00:00:00,4200.0,4300.0,4300.0,94
Gujarat,Vadodara(Baroda),Vadodara,Beans,Other,FAQ,2013-10-12 00:00:00,4200.0,4300.0,4300.0,94
Gujarat,Vadodara(Baroda),Vadodara,Beans,Other,FAQ,2013-10-14 00:00:00,4200.0,4300.0,4300.0,94
Gujarat,Vadodara(Baroda),Vadodara,Beans,Other,FAQ,2013-11-12 00:00:00,4200.0,4300.0,4300.0,94
Gujarat,Vadodara(Baroda),Vadodara,Beans,Other,FAQ,2013-11-16 00:00:00,4200.0,4300.0,4300.0,94
Gujarat,Vadodara(Baroda),Vadodara,Beans,Other,FAQ,2013-12-16 00:00:00,3500.0,7000.0,7000.0,94
Gujarat,Banaskanth,Deesa(Deesa Veg Yard),Beans,Other,FAQ,2014-01-15 00:00:00,1000.0,1100.0,1050.0,94
Gujarat,Banaskanth,Deesa(Deesa Veg Yard),Beans,Other,FAQ,2014-01-16 00:00:00,1000.0,1200.0,1100.0,94
Gujarat,Banaskanth,Deesa(Deesa Veg Yard),Beans,Other,FAQ,2014-01-22 00:00:00,700.0,1000.0,850.0,94
Gujarat,Banaskanth,Deesa(Deesa Veg Yard),Beans,Other,FAQ,2014-02-10 00:00:00,500.0,600.0,550.0,94
Gujarat,Banaskanth,Deesa(Deesa Veg Yard),Beans,Other,FAQ,2014-02-11 00:00:00,700.0,1200.0,950.0,94
Gujarat,Banaskanth,Deesa(Deesa Veg Yard),Beans,Other,FAQ,2014-03-07 00:00:00,1000.0,1100.0,1050.0,94
Gujarat,Banaskanth,Deesa(Deesa Veg Yard),Beans,Other,FAQ,2014-03-08 00:00:00,1000.0,1200.0,1100.0,94
Gujarat,Banaskanth,Deesa(Deesa Veg Yard),Beans,Other,FAQ,2014-03-12 00:00:00,800.0,1200.0,1000.0,94
Gujarat,Banaskanth,Deesa(Deesa Veg Yard),Beans,Other,FAQ,2014-03-22 00:00:00,800.0,1000.0,900.0,94
Gujarat,Banaskanth,Deesa(Deesa Veg Yard),Beans,Other,FAQ,2014-09-22 00:00:00,3000.0,3400.0,3200.0,94
Gujarat,Dahod,Dahod,Beans,Other,FAQ,2014-01-30 00:00:00,5200.0,5600.0,5400.0,94
Gujarat,Dahod,Dahod,Beans,Other,FAQ,2014-02-05 00:00:00,5000.0,5600.0,5500.0,94
Gujarat,Jamnagar,Jam Jodhpur,Beans,Other,FAQ,2014-04-14 00:00:00,890.0,1019.0,955.0,94
Gujarat,Jamnagar,Jam Jodhpur,Beans,Other,FAQ,2014-04-25 00:00:00,780.0,950.0,865.0,94
Gujarat,Jamnagar,Jam Jodhpur,Beans,Other,FAQ,2014-04-26 00:00:00,800.0,900.0,850.0,94
Gujarat,Jamnagar,Jam Jodhpur,Beans,Other,FAQ,2014-06-03 00:00:00,760.0,860.0,800.0,94
Gujarat,Jamnagar,Jamnagar,Beans,Other,FAQ,2014-01-02 00:00:00,5500.0,6920.0,6210.0,94
Gujarat,Jamnagar,Jamnagar,Beans,Other,FAQ,2014-01-03 00:00:00,6000.0,6670.0,6335.0,94
Gujarat,Jamnagar,Jamnagar,Beans,Other,FAQ,2014-01-11 00:00:00,6500.0,6815.0,6658.0,94
Gujarat,Jamnagar,Jamnagar,Beans,Other,FAQ,2014-01-13 00:00:00,7110.0,7310.0,7210.0,94
Gujarat,Jamnagar,Jamnagar,Beans,Other,FAQ,2014-01-15 00:00:00,3500.0,4000.0,3750.0,94
Gujarat,Jamnagar,Jamnagar,Beans,Other,FAQ,2014-01-16 00:00:00,5725.0,7360.0,6543.0,94
Gujarat,Jamnagar,Jamnagar,Beans,Other,FAQ,2014-02-19 00:00:00,1750.0,4550.0,3150.0,94
Gujarat,Jamnagar,Jamnagar,Beans,Other,FAQ,2014-04-09 00:00:00,1500.0,1700.0,1600.0,94
Gujarat,Jamnagar,Jamnagar,Beans,Other,FAQ,2014-05-16 00:00:00,6500.0,7625.0,7063.0,94
Gujarat,Jamnagar,Jamnagar,Beans,Other,FAQ,2014-05-28 00:00:00,4100.0,5350.0,5000.0,94
Gujarat,Jamnagar,Jamnagar,Beans,Other,FAQ,2014-07-02 00:00:00,3500.0,4400.0,3950.0,94
Gujarat,Jamnagar,Jamnagar,Beans,Other,FAQ,2014-09-01 00:00:00,1750.0,2500.0,2125.0,94
Gujarat,Jamnagar,Jamnagar,Beans,Other,FAQ,2014-09-06 00:00:00,3650.0,5600.0,4625.0,94
Gujarat,Jamnagar,Jamnagar,Beans,Other,FAQ,2014-09-16 00:00:00,4750.0,5025.0,4888.0,94
Gujarat,Jamnagar,Jamnagar,Beans,Other,FAQ,2014-09-18 00:00:00,2850.0,4150.0,3500.0,94
Gujarat,Jamnagar,Jamnagar,Beans,Other,FAQ,2014-09-24 00:00:00,4600.0,5545.0,5073.0,94
Gujarat,Jamnagar,Jamnagar,Beans,Other,FAQ,2014-09-30 00:00:00,3500.0,5000.0,4250.0,94
Gujarat,Jamnagar,Jamnagar,Beans,Other,FAQ,2014-10-10 00:00:00,3025.0,5200.0,4113.0,94
Gujarat,Jamnagar,Jamnagar,Beans,Other,FAQ,2014-10-11 00:00:00,5200.0,5375.0,5288.0,94
Gujarat,Jamnagar,Jamnagar,Beans,Other,FAQ,2014-11-05 00:00:00,3825.0,5500.0,4663.0,94
Gujarat,Jamnagar,Jamnagar,Beans,Other,FAQ,2014-11-13 00:00:00,3500.0,4700.0,4100.0,94
Gujarat,Junagarh,Bhesan,Beans,Other,FAQ,2014-01-02 00:00:00,2000.0,2900.0,2450.0,94
Gujarat,Junagarh,Bhesan,Beans,Other,FAQ,2014-01-09 00:00:00,2125.0,2800.0,2460.0,94
Gujarat,Junagarh,Bhesan,Beans,Other,FAQ,2014-02-28 00:00:00,2000.0,2700.0,2350.0,94
Gujarat,Junagarh,Bhesan,Beans,Other,FAQ,2014-04-03 00:00:00,2600.0,3200.0,2900.0,94
Gujarat,Junagarh,Junagadh,Beans,Beans (Whole),FAQ,2014-01-01 00:00:00,2750.0,2750.0,2750.0,94
Gujarat,Junagarh,Junagadh,Beans,Beans (Whole),FAQ,2014-01-18 00:00:00,3375.0,3375.0,3375.0,94
Gujarat,Junagarh,Junagadh,Beans,Beans (Whole),FAQ,2014-01-31 00:00:00,2500.0,4000.0,3400.0,94
Gujarat,Junagarh,Junagadh,Beans,Beans (Whole),FAQ,2014-02-14 00:00:00,3750.0,4410.0,4100.0,94
Gujarat,Junagarh,Junagadh,Beans,Beans (Whole),FAQ,2014-02-18 00:00:00,3250.0,4270.0,4000.0,94
Gujarat,Junagarh,Junagadh,Beans,Beans (Whole),FAQ,2014-02-19 00:00:00,4000.0,4350.0,4250.0,94
Gujarat,Junagarh,Junagadh,Beans,Beans (Whole),FAQ,2014-03-25 00:00:00,2000.0,3550.0,2800.0,94
Gujarat,Junagarh,Junagadh,Beans,Beans (Whole),FAQ,2014-04-26 00:00:00,2000.0,4890.0,4000.0,94
Gujarat,Junagarh,Junagadh,Beans,Beans (Whole),FAQ,2014-05-03 00:00:00,4100.0,4750.0,4500.0,94
Gujarat,Junagarh,Junagadh,Beans,Beans (Whole),FAQ,2014-05-06 00:00:00,2500.0,4290.0,3500.0,94
Gujarat,Junagarh,Junagadh,Beans,Beans (Whole),FAQ,2014-06-07 00:00:00,3650.0,3650.0,3650.0,94
Gujarat,Junagarh,Junagadh,Beans,Beans (Whole),FAQ,2014-06-10 00:00:00,2000.0,3530.0,2750.0,94
Gujarat,Junagarh,Junagadh,Beans,Beans (Whole),FAQ,2014-06-20 00:00:00,2500.0,3375.0,3125.0,94
Gujarat,Junagarh,Junagadh,Beans,Beans (Whole),FAQ,2014-06-27 00:00:00,3000.0,4540.0,3750.0,94
Gujarat,Junagarh,Junagadh,Beans,Beans (Whole),FAQ,2014-07-04 00:00:00,2750.0,4800.0,3400.0,94
Gujarat,Junagarh,Junagadh,Beans,Beans (Whole),FAQ,2014-07-07 00:00:00,2500.0,3925.0,3000.0,94
Gujarat,Junagarh,Junagadh,Beans,Beans (Whole),FAQ,2014-07-09 00:00:00,3000.0,4275.0,3500.0,94
Gujarat,Junagarh,Junagadh,Beans,Beans (Whole),FAQ,2014-07-16 00:00:00,2750.0,4975.0,4125.0,94
Gujarat,Junagarh,Junagadh,Beans,Beans (Whole),FAQ,2014-07-18 00:00:00,3250.0,4610.0,3850.0,94
Gujarat,Junagarh,Junagadh,Beans,Beans (Whole),FAQ,2014-08-27 00:00:00,2900.0,2900.0,2900.0,94
Gujarat,Junagarh,Junagadh,Beans,Beans (Whole),FAQ,2014-09-22 00:00:00,2000.0,2970.0,2625.0,94
Gujarat,Junagarh,Junagadh,Beans,Beans (Whole),FAQ,2014-09-25 00:00:00,3250.0,4300.0,4125.0,94
Gujarat,Junagarh,Junagadh,Beans,Beans (Whole),FAQ,2014-10-08 00:00:00,3250.0,4500.0,3825.0,94
Gujarat,Junagarh,Junagadh,Beans,Beans (Whole),FAQ,2014-10-09 00:00:00,3000.0,3000.0,3000.0,94
Gujarat,Junagarh,Junagadh,Beans,Beans (Whole),FAQ,2014-10-11 00:00:00,2075.0,4275.0,3250.0,94
Gujarat,Junagarh,Junagadh,Beans,Beans (Whole),FAQ,2014-10-17 00:00:00,2750.0,4400.0,3250.0,94
Gujarat,Junagarh,Junagadh,Beans,Beans (Whole),FAQ,2014-11-15 00:00:00,3000.0,4275.0,3750.0,94
Gujarat,Junagarh,Junagadh,Beans,Beans (Whole),FAQ,2014-11-25 00:00:00,2750.0,3770.0,3500.0,94
Gujarat,Junagarh,Junagadh,Beans,Beans (Whole),FAQ,2014-11-26 00:00:00,2000.0,3500.0,3000.0,94
Gujarat,Junagarh,Junagadh,Beans,Beans (Whole),FAQ,2014-11-28 00:00:00,2605.0,4125.0,3750.0,94
Gujarat,Junagarh,Junagadh,Beans,Beans (Whole),FAQ,2014-12-03 00:00:00,4750.0,4750.0,4750.0,94
Gujarat,Junagarh,Junagadh,Beans,Beans (Whole),FAQ,2014-12-16 00:00:00,4050.0,4050.0,4050.0,94
Gujarat,Junagarh,Junagadh,Beans,Beans (Whole),FAQ,2014-12-19 00:00:00,4000.0,5050.0,4500.0,94
Gujarat,Junagarh,Junagadh,Beans,Beans (Whole),FAQ,2014-12-22 00:00:00,1500.0,6200.0,4000.0,94
Gujarat,Junagarh,Visavadar,Beans,Other,FAQ,2014-01-31 00:00:00,3315.0,4475.0,3895.0,94
Gujarat,Junagarh,Visavadar,Beans,Other,FAQ,2014-02-22 00:00:00,3100.0,3300.0,3200.0,94
Gujarat,Junagarh,Visavadar,Beans,Other,FAQ,2014-03-13 00:00:00,2665.0,3575.0,3120.0,94
Gujarat,Junagarh,Visavadar,Beans,Other,FAQ,2014-03-24 00:00:00,2905.0,3995.0,3450.0,94
Gujarat,Junagarh,Visavadar,Beans,Other,FAQ,2014-07-21 00:00:00,2550.0,3250.0,2900.0,94
Gujarat,Junagarh,Visavadar,Beans,Other,FAQ,2014-07-31 00:00:00,2270.0,2710.0,2490.0,94
Gujarat,Junagarh,Visavadar,Beans,Other,FAQ,2014-08-02 00:00:00,2765.0,3075.0,2920.0,94
Gujarat,Junagarh,Visavadar,Beans,Other,FAQ,2014-09-03 00:00:00,2250.0,3000.0,2625.0,94
Gujarat,Junagarh,Visavadar,Beans,Other,FAQ,2014-09-04 00:00:00,2500.0,3500.0,3000.0,94
Gujarat,Junagarh,Visavadar,Beans,Other,FAQ,2014-09-22 00:00:00,2750.0,3320.0,3035.0,94
Gujarat,Junagarh,Visavadar,Beans,Other,FAQ,2014-09-29 00:00:00,2000.0,3000.0,2500.0,94
Gujarat,Junagarh,Visavadar,Beans,Other,FAQ,2014-10-28 00:00:00,2950.0,4000.0,3475.0,94
Gujarat,Junagarh,Visavadar,Beans,Other,FAQ,2014-11-24 00:00:00,3065.0,3625.0,3345.0,94
Gujarat,Junagarh,Visavadar,Beans,Other,FAQ,2014-11-25 00:00:00,2710.0,3500.0,3105.0,94
Gujarat,Panchmahals,Godhra,Beans,Other,FAQ,2014-03-13 00:00:00,4250.0,4450.0,4350.0,94
Gujarat,Panchmahals,Godhra,Beans,Other,FAQ,2014-03-20 00:00:00,4200.0,4400.0,4300.0,94
Gujarat,Panchmahals,Godhra,Beans,Other,FAQ,2014-03-22 00:00:00,4200.0,4400.0,4350.0,94
Gujarat,Panchmahals,Godhra,Beans,Other,FAQ,2014-03-28 00:00:00,4000.0,4400.0,4200.0,94
Gujarat,Rajkot,Jasdan,Beans,Other,FAQ,2014-05-16 00:00:00,1000.0,3500.0,3125.0,94
Gujarat,Rajkot,Jetpur(Dist.Rajkot),Beans,Beans (Whole),FAQ,2014-10-18 00:00:00,2325.0,4700.0,3900.0,94
Gujarat,Rajkot,Jetpur(Dist.Rajkot),Beans,Beans (Whole),FAQ,2014-11-03 00:00:00,2400.0,4500.0,3755.0,94
Gujarat,Rajkot,Jetpur(Dist.Rajkot),Beans,Beans (Whole),FAQ,2014-11-20 00:00:00,2005.0,5005.0,4255.0,94
Gujarat,Rajkot,Jetpur(Dist.Rajkot),Beans,Beans (Whole),FAQ,2014-11-24 00:00:00,2250.0,4500.0,4005.0,94
Gujarat,Rajkot,Jetpur(Dist.Rajkot),Beans,Beans (Whole),FAQ,2014-12-30 00:00:00,3255.0,5525.0,4505.0,94
Gujarat,Rajkot,Upleta,Beans,Local,FAQ,2014-08-12 00:00:00,4500.0,4675.0,4587.0,94
Gujarat,Rajkot,Upleta,Beans,Other,FAQ,2014-05-12 00:00:00,4000.0,5000.0,4500.0,94
Gujarat,Rajkot,Upleta,Beans,Other,FAQ,2014-05-27 00:00:00,4500.0,4600.0,4550.0,94
Gujarat,Surat,S.Mandvi,Beans,Other,FAQ,2014-03-14 00:00:00,4600.0,4600.0,4600.0,94
Gujarat,Surat,S.Mandvi,Beans,Other,FAQ,2014-03-29 00:00:00,3850.0,3850.0,3850.0,94
Gujarat,Surat,S.Mandvi,Beans,Other,FAQ,2014-04-08 00:00:00,3000.0,3000.0,3000.0,94
Gujarat,Vadodara(Baroda),Vadodara,Beans,Other,FAQ,2014-01-02 00:00:00,5000.0,5500.0,5500.0,94
Gujarat,Vadodara(Baroda),Vadodara,Beans,Other,FAQ,2014-01-16 00:00:00,5000.0,5200.0,5200.0,94
Gujarat,Vadodara(Baroda),Vadodara,Beans,Other,FAQ,2014-01-25 00:00:00,5000.0,5400.0,5400.0,94
Gujarat,Vadodara(Baroda),Vadodara,Beans,Other,FAQ,2014-03-08 00:00:00,5300.0,5600.0,5600.0,94
Gujarat,Vadodara(Baroda),Vadodara,Beans,Other,FAQ,2014-03-28 00:00:00,4500.0,5200.0,5200.0,94
Gujarat,Vadodara(Baroda),Vadodara,Beans,Other,FAQ,2014-04-03 00:00:00,4500.0,5200.0,5200.0,94
Gujarat,Vadodara(Baroda),Vadodara,Beans,Other,FAQ,2014-04-26 00:00:00,4800.0,5200.0,5200.0,94
Gujarat,Vadodara(Baroda),Vadodara,Beans,Other,FAQ,2014-04-29 00:00:00,4800.0,5200.0,5200.0,94
Gujarat,Vadodara(Baroda),Vadodara,Beans,Other,FAQ,2014-05-01 00:00:00,4800.0,5200.0,5200.0,94
Gujarat,Vadodara(Baroda),Vadodara,Beans,Other,FAQ,2014-05-06 00:00:00,4000.0,6000.0,6000.0,94
Gujarat,Vadodara(Baroda),Vadodara,Beans,Other,FAQ,2014-05-09 00:00:00,4000.0,6000.0,6000.0,94
Gujarat,Vadodara(Baroda),Vadodara,Beans,Other,FAQ,2014-05-15 00:00:00,4000.0,6000.0,6000.0,94
Gujarat,Vadodara(Baroda),Vadodara,Beans,Other,FAQ,2014-06-23 00:00:00,4000.0,6000.0,6000.0,94
Gujarat,Vadodara(Baroda),Vadodara,Beans,Other,FAQ,2014-06-28 00:00:00,4400.0,4800.0,4800.0,94
Gujarat,Vadodara(Baroda),Vadodara,Beans,Other,FAQ,2014-07-24 00:00:00,4500.0,6000.0,6000.0,94
Gujarat,Vadodara(Baroda),Vadodara,Beans,Other,FAQ,2014-07-29 00:00:00,4500.0,6000.0,6000.0,94
Gujarat,Vadodara(Baroda),Vadodara,Beans,Other,FAQ,2014-08-12 00:00:00,5200.0,5600.0,5600.0,94
Gujarat,Vadodara(Baroda),Vadodara,Beans,Other,FAQ,2014-09-17 00:00:00,5000.0,5400.0,5400.0,94
Gujarat,Vadodara(Baroda),Vadodara,Beans,Other,FAQ,2014-10-13 00:00:00,5400.0,5600.0,5600.0,94
Gujarat,Vadodara(Baroda),Vadodara,Beans,Other,FAQ,2014-10-15 00:00:00,5400.0,5600.0,5600.0,94
Gujarat,Vadodara(Baroda),Vadodara,Beans,Other,FAQ,2014-10-16 00:00:00,5400.0,5600.0,5600.0,94
Gujarat,Vadodara(Baroda),Vadodara,Beans,Other,FAQ,2014-11-04 00:00:00,4000.0,5500.0,5500.0,94
Gujarat,Vadodara(Baroda),Vadodara,Beans,Other,FAQ,2014-11-08 00:00:00,4000.0,5500.0,5500.0,94
Gujarat,Vadodara(Baroda),Vadodara,Beans,Other,FAQ,2014-11-19 00:00:00,5000.0,5400.0,5400.0,94
Gujarat,Vadodara(Baroda),Vadodara,Beans,Other,FAQ,2014-11-27 00:00:00,5000.0,5200.0,5200.0,94
Gujarat,Vadodara(Baroda),Vadodara,Beans,Other,FAQ,2014-12-02 00:00:00,5000.0,5200.0,5200.0,94
Gujarat,Vadodara(Baroda),Vadodara,Beans,Other,FAQ,2014-12-09 00:00:00,5000.0,5200.0,5200.0,94
Gujarat,Vadodara(Baroda),Vadodara,Beans,Other,FAQ,2014-12-13 00:00:00,5000.0,5200.0,5200.0,94
Gujarat,Amreli,Rajula,Beans,Local,FAQ,2018-01-09 00:00:00,1505.0,2055.0,1780.0,94
Gujarat,Amreli,Rajula,Beans,Local,FAQ,2018-03-03 00:00:00,1800.0,1800.0,1800.0,94
Gujarat,Amreli,Rajula,Beans,Local,FAQ,2018-05-07 00:00:00,1005.0,1005.0,1005.0,94
Gujarat,Amreli,Rajula,Beans,Local,FAQ,2018-05-15 00:00:00,500.0,755.0,628.0,94
Gujarat,Amreli,Rajula,Beans,Local,FAQ,2018-05-18 00:00:00,2800.0,2800.0,2800.0,94
Gujarat,Amreli,Rajula,Beans,Local,FAQ,2018-06-20 00:00:00,1860.0,1860.0,1860.0,94
Gujarat,Amreli,Rajula,Beans,Local,FAQ,2018-10-11 00:00:00,2425.0,2425.0,2425.0,94
Gujarat,Amreli,Rajula,Beans,Local,FAQ,2018-11-03 00:00:00,1850.0,1850.0,1850.0,94
Gujarat,Amreli,Rajula,Beans,Local,FAQ,2018-12-05 00:00:00,3900.0,3900.0,3900.0,94
Gujarat,Amreli,Rajula,Beans,Local,FAQ,2018-12-20 00:00:00,4265.0,4265.0,4265.0,94
Gujarat,Anand,Tarapur,Beans,Other,FAQ,2018-01-29 00:00:00,3500.0,4500.0,3500.0,94
Gujarat,Anand,Tarapur,Beans,Other,FAQ,2018-03-09 00:00:00,3205.0,4500.0,3565.0,94
Gujarat,Anand,Tarapur,Beans,Other,FAQ,2018-03-14 00:00:00,3320.0,4500.0,3535.0,94
Gujarat,Anand,Tarapur,Beans,Other,FAQ,2018-05-14 00:00:00,3250.0,3555.0,3410.0,94
Gujarat,Anand,Tarapur,Beans,Other,FAQ,2018-05-18 00:00:00,3375.0,3555.0,3375.0,94
Gujarat,Anand,Tarapur,Beans,Other,FAQ,2018-05-22 00:00:00,3350.0,3555.0,3350.0,94
Gujarat,Anand,Tarapur,Beans,Other,FAQ,2018-05-28 00:00:00,3325.0,3555.0,3325.0,94
Gujarat,Anand,Tarapur,Beans,Other,FAQ,2018-06-02 00:00:00,2650.0,3555.0,3288.0,94
Gujarat,Dahod,Dahod,Beans,Beans (Whole),FAQ,2018-02-03 00:00:00,4000.0,4500.0,4400.0,94
Gujarat,Dahod,Dahod,Beans,Beans (Whole),FAQ,2018-02-10 00:00:00,4000.0,4500.0,4400.0,94
Gujarat,Dahod,Dahod,Beans,Beans (Whole),FAQ,2018-02-12 00:00:00,4000.0,4500.0,4300.0,94
Gujarat,Dahod,Dahod,Beans,Beans (Whole),FAQ,2018-02-16 00:00:00,4000.0,4500.0,4400.0,94
Gujarat,Dahod,Dahod,Beans,Beans (Whole),FAQ,2018-02-20 00:00:00,4200.0,4650.0,4500.0,94
Gujarat,Dahod,Dahod,Beans,Beans (Whole),FAQ,2018-02-28 00:00:00,4200.0,4750.0,4600.0,94
Gujarat,Dahod,Dahod,Beans,Beans (Whole),FAQ,2018-03-05 00:00:00,4200.0,4700.0,4600.0,94
Gujarat,Dahod,Dahod,Beans,Beans (Whole),FAQ,2018-03-07 00:00:00,4000.0,4500.0,4300.0,94
Gujarat,Dahod,Dahod,Beans,Beans (Whole),FAQ,2018-03-16 00:00:00,4000.0,4500.0,4300.0,94
Gujarat,Dahod,Dahod,Beans,Beans (Whole),FAQ,2018-03-17 00:00:00,4000.0,4500.0,4300.0,94
Gujarat,Dahod,Dahod,Beans,Beans (Whole),FAQ,2018-03-19 00:00:00,1800.0,2200.0,2000.0,94
Gujarat,Dahod,Dahod,Beans,Beans (Whole),FAQ,2018-03-23 00:00:00,4000.0,4500.0,4350.0,94
Gujarat,Dahod,Dahod,Beans,Beans (Whole),FAQ,2018-04-07 00:00:00,4000.0,4700.0,4400.0,94
Gujarat,Dahod,Dahod,Beans,Beans (Whole),FAQ,2018-05-22 00:00:00,1500.0,3000.0,1800.0,94
Gujarat,Dahod,Dahod,Beans,Beans (Whole),FAQ,2018-05-23 00:00:00,1500.0,2800.0,2000.0,94
Gujarat,Dahod,Dahod,Beans,Beans (Whole),FAQ,2018-05-24 00:00:00,1500.0,2800.0,1900.0,94
Gujarat,Dahod,Dahod,Beans,Beans (Whole),FAQ,2018-05-30 00:00:00,1300.0,2800.0,1800.0,94
Gujarat,Jamnagar,Jam Jodhpur,Beans,Beans (Whole),FAQ,2018-01-22 00:00:00,1500.0,2150.0,1800.0,94
Gujarat,Jamnagar,Jam Jodhpur,Beans,Beans (Whole),FAQ,2018-02-27 00:00:00,2000.0,3025.0,2500.0,94
Gujarat,Jamnagar,Jam Jodhpur,Beans,Beans (Whole),FAQ,2018-04-06 00:00:00,1500.0,2650.0,2075.0,94
Gujarat,Jamnagar,Jam Jodhpur,Beans,Beans (Whole),FAQ,2018-05-08 00:00:00,2000.0,2750.0,2350.0,94
Gujarat,Jamnagar,Jam Jodhpur,Beans,Beans (Whole),FAQ,2018-07-06 00:00:00,2500.0,3000.0,2750.0,94
Gujarat,Jamnagar,Jam Jodhpur,Beans,Beans (Whole),FAQ,2018-12-29 00:00:00,3000.0,4000.0,3500.0,94
Gujarat,Jamnagar,Jamnagar,Beans,Other,FAQ,2018-03-19 00:00:00,1000.0,1500.0,1250.0,94
Gujarat,Jamnagar,Jamnagar,Beans,Other,FAQ,2018-05-30 00:00:00,4000.0,6700.0,5350.0,94
Gujarat,Jamnagar,Jamnagar,Beans,Other,FAQ,2018-06-01 00:00:00,4000.0,6650.0,5325.0,94
Gujarat,Jamnagar,Jamnagar,Beans,Other,FAQ,2018-06-12 00:00:00,3000.0,7300.0,5150.0,94
Gujarat,Jamnagar,Jamnagar,Beans,Other,FAQ,2018-07-05 00:00:00,5000.0,5750.0,5375.0,94
Gujarat,Jamnagar,Jamnagar,Beans,Other,FAQ,2018-07-12 00:00:00,1750.0,2000.0,1875.0,94
Gujarat,Jamnagar,Jamnagar,Beans,Other,FAQ,2018-08-08 00:00:00,1750.0,2000.0,1875.0,94
Gujarat,Jamnagar,Jamnagar,Beans,Other,FAQ,2018-08-14 00:00:00,1000.0,3000.0,2000.0,94
Gujarat,Jamnagar,Jamnagar,Beans,Other,FAQ,2018-09-15 00:00:00,5000.0,6805.0,5903.0,94
Gujarat,Jamnagar,Jamnagar,Beans,Other,FAQ,2018-09-17 00:00:00,3500.0,4000.0,3750.0,94
Gujarat,Jamnagar,Jamnagar,Beans,Other,FAQ,2018-09-19 00:00:00,4000.0,5025.0,4513.0,94
Gujarat,Jamnagar,Jamnagar,Beans,Other,FAQ,2018-10-05 00:00:00,5500.0,6425.0,5963.0,94
Gujarat,Jamnagar,Jamnagar,Beans,Other,FAQ,2018-10-12 00:00:00,5500.0,7350.0,6425.0,94
Gujarat,Jamnagar,Jamnagar,Beans,Other,FAQ,2018-11-24 00:00:00,5450.0,7860.0,6655.0,94
Gujarat,Jamnagar,Jamnagar,Beans,Other,FAQ,2018-12-03 00:00:00,5250.0,7525.0,6388.0,94
Gujarat,Jamnagar,Jamnagar,Beans,Other,FAQ,2018-12-14 00:00:00,4500.0,6400.0,5450.0,94
Gujarat,Junagarh,Junagadh,Beans,Beans (Whole),FAQ,2018-01-03 00:00:00,2000.0,3250.0,2500.0,94
Gujarat,Junagarh,Junagadh,Beans,Beans (Whole),FAQ,2018-01-12 00:00:00,2000.0,2665.0,2325.0,94
Gujarat,Junagarh,Junagadh,Beans,Beans (Whole),FAQ,2018-01-31 00:00:00,2000.0,2930.0,2750.0,94
Gujarat,Junagarh,Junagadh,Beans,Beans (Whole),FAQ,2018-02-08 00:00:00,2500.0,2500.0,2500.0,94
Gujarat,Junagarh,Junagadh,Beans,Beans (Whole),FAQ,2018-02-27 00:00:00,2250.0,3450.0,2500.0,94
Gujarat,Junagarh,Junagadh,Beans,Beans (Whole),FAQ,2018-03-20 00:00:00,1750.0,2750.0,2250.0,94
Gujarat,Junagarh,Junagadh,Beans,Beans (Whole),FAQ,2018-04-07 00:00:00,1750.0,2300.0,2000.0,94
Gujarat,Junagarh,Junagadh,Beans,Beans (Whole),FAQ,2018-04-18 00:00:00,1750.0,2500.0,2000.0,94
Gujarat,Junagarh,Junagadh,Beans,Beans (Whole),FAQ,2018-04-25 00:00:00,2250.0,2500.0,2400.0,94
Gujarat,Junagarh,Junagadh,Beans,Beans (Whole),FAQ,2018-04-28 00:00:00,1500.0,2500.0,2000.0,94
Gujarat,Junagarh,Junagadh,Beans,Beans (Whole),FAQ,2018-05-03 00:00:00,2250.0,2250.0,2250.0,94
Gujarat,Junagarh,Junagadh,Beans,Beans (Whole),FAQ,2018-05-08 00:00:00,1500.0,2000.0,1750.0,94
Gujarat,Junagarh,Junagadh,Beans,Beans (Whole),FAQ,2018-05-30 00:00:00,1500.0,2625.0,2000.0,94
Gujarat,Junagarh,Junagadh,Beans,Beans (Whole),FAQ,2018-05-31 00:00:00,1500.0,2600.0,2000.0,94
Gujarat,Junagarh,Junagadh,Beans,Beans (Whole),FAQ,2018-06-11 00:00:00,2000.0,2800.0,2500.0,94
Gujarat,Junagarh,Junagadh,Beans,Beans (Whole),FAQ,2018-06-12 00:00:00,2000.0,3325.0,2500.0,94
Gujarat,Junagarh,Junagadh,Beans,Beans (Whole),FAQ,2018-06-19 00:00:00,2800.0,2800.0,2800.0,94
Gujarat,Junagarh,Junagadh,Beans,Beans (Whole),FAQ,2018-06-20 00:00:00,3300.0,3300.0,3300.0,94
Gujarat,Junagarh,Junagadh,Beans,Beans (Whole),FAQ,2018-06-22 00:00:00,2000.0,3110.0,2500.0,94
Gujarat,Junagarh,Junagadh,Beans,Beans (Whole),FAQ,2018-06-27 00:00:00,1900.0,2800.0,2250.0,94
Gujarat,Junagarh,Junagadh,Beans,Beans (Whole),FAQ,2018-07-18 00:00:00,1500.0,2000.0,1750.0,94
Gujarat,Junagarh,Junagadh,Beans,Beans (Whole),FAQ,2018-08-10 00:00:00,1750.0,2600.0,2250.0,94
Gujarat,Junagarh,Junagadh,Beans,Beans (Whole),FAQ,2018-10-08 00:00:00,2250.0,2680.0,2500.0,94
Gujarat,Junagarh,Junagadh,Beans,Beans (Whole),FAQ,2018-10-26 00:00:00,2000.0,3750.0,3000.0,94
Gujarat,Junagarh,Junagadh,Beans,Beans (Whole),FAQ,2018-10-27 00:00:00,3000.0,3430.0,3250.0,94
Gujarat,Junagarh,Junagadh,Beans,Beans (Whole),FAQ,2018-11-19 00:00:00,1500.0,2250.0,2000.0,94
Gujarat,Junagarh,Junagadh,Beans,Beans (Whole),FAQ,2018-11-20 00:00:00,2500.0,4000.0,3250.0,94
Gujarat,Junagarh,Junagadh,Beans,Beans (Whole),FAQ,2018-11-23 00:00:00,1900.0,2590.0,2500.0,94
Gujarat,Junagarh,Junagadh,Beans,Beans (Whole),FAQ,2018-11-30 00:00:00,2000.0,2725.0,2400.0,94
Gujarat,Junagarh,Junagadh,Beans,Beans (Whole),FAQ,2018-12-05 00:00:00,2500.0,3960.0,3250.0,94
Gujarat,Junagarh,Junagadh,Beans,Beans (Whole),FAQ,2018-12-10 00:00:00,2500.0,3800.0,3000.0,94
Gujarat,Junagarh,Junagadh,Beans,Beans (Whole),FAQ,2018-12-11 00:00:00,2500.0,3500.0,3000.0,94
Gujarat,Junagarh,Junagadh,Beans,Beans (Whole),FAQ,2018-12-18 00:00:00,4330.0,4330.0,4330.0,94
Gujarat,Junagarh,Junagadh,Beans,Beans (Whole),FAQ,2018-12-21 00:00:00,3500.0,4500.0,4000.0,94
Gujarat,Junagarh,Junagadh,Beans,Beans (Whole),FAQ,2018-12-29 00:00:00,2800.0,4810.0,3750.0,94
Gujarat,Junagarh,Visavadar,Beans,Other,FAQ,2018-02-08 00:00:00,2000.0,2500.0,2250.0,94
Gujarat,Junagarh,Visavadar,Beans,Other,FAQ,2018-05-14 00:00:00,2500.0,2900.0,2700.0,94
Gujarat,Junagarh,Visavadar,Beans,Other,FAQ,2018-05-16 00:00:00,2385.0,3375.0,2880.0,94
Gujarat,Porbandar,Porbandar,Beans,Beans (Whole),FAQ,2018-01-06 00:00:00,0.0,4050.0,4050.0,94
Gujarat,Porbandar,Porbandar,Beans,Beans (Whole),FAQ,2018-02-09 00:00:00,0.0,2925.0,2925.0,94
Gujarat,Porbandar,Porbandar,Beans,Beans (Whole),FAQ,2018-04-24 00:00:00,0.0,5150.0,5150.0,94
Gujarat,Porbandar,Porbandar,Beans,Beans (Whole),FAQ,2018-05-12 00:00:00,0.0,5650.0,5650.0,94
Gujarat,Porbandar,Porbandar,Beans,Beans (Whole),FAQ,2018-05-14 00:00:00,5850.0,6575.0,6210.0,94
Gujarat,Porbandar,Porbandar,Beans,Beans (Whole),FAQ,2018-05-18 00:00:00,5525.0,6000.0,5760.0,94
Gujarat,Porbandar,Porbandar,Beans,Beans (Whole),FAQ,2018-05-26 00:00:00,5050.0,5600.0,5325.0,94
Gujarat,Porbandar,Porbandar,Beans,Beans (Whole),FAQ,2018-05-28 00:00:00,5200.0,5650.0,5425.0,94
Gujarat,Porbandar,Porbandar,Beans,Beans (Whole),FAQ,2018-05-30 00:00:00,4850.0,5175.0,5010.0,94
Gujarat,Porbandar,Porbandar,Beans,Beans (Whole),FAQ,2018-06-11 00:00:00,4900.0,5550.0,5225.0,94
Gujarat,Porbandar,Porbandar,Beans,Beans (Whole),FAQ,2018-06-19 00:00:00,0.0,5000.0,5000.0,94
Gujarat,Porbandar,Porbandar,Beans,Beans (Whole),FAQ,2018-06-20 00:00:00,0.0,5450.0,5450.0,94
Gujarat,Porbandar,Porbandar,Beans,Beans (Whole),FAQ,2018-06-21 00:00:00,4600.0,5000.0,4800.0,94
Gujarat,Porbandar,Porbandar,Beans,Beans (Whole),FAQ,2018-06-25 00:00:00,0.0,3875.0,3875.0,94
Gujarat,Porbandar,Porbandar,Beans,Beans (Whole),FAQ,2018-06-26 00:00:00,5275.0,5525.0,5400.0,94
Gujarat,Porbandar,Porbandar,Beans,Beans (Whole),FAQ,2018-06-28 00:00:00,0.0,5800.0,5800.0,94
Gujarat,Porbandar,Porbandar,Beans,Beans (Whole),FAQ,2018-07-26 00:00:00,5800.0,6050.0,5925.0,94
Gujarat,Porbandar,Porbandar,Beans,Beans (Whole),FAQ,2018-09-18 00:00:00,0.0,3375.0,3375.0,94
Gujarat,Porbandar,Porbandar,Beans,Beans (Whole),FAQ,2018-10-12 00:00:00,0.0,6700.0,6700.0,94
Gujarat,Porbandar,Porbandar,Beans,Beans (Whole),FAQ,2018-12-19 00:00:00,0.0,5225.0,5225.0,94
Gujarat,Porbandar,Porbandar,Beans,Beans (Whole),FAQ,2018-12-22 00:00:00,0.0,3975.0,3975.0,94
Gujarat,Rajkot,Jasdan,Beans,Other,FAQ,2018-01-03 00:00:00,1000.0,2225.0,1650.0,94
Gujarat,Rajkot,Jasdan,Beans,Other,FAQ,2018-01-19 00:00:00,1750.0,3000.0,2125.0,94
Gujarat,Rajkot,Jasdan,Beans,Other,FAQ,2018-02-08 00:00:00,1500.0,2700.0,2200.0,94
Gujarat,Rajkot,Jasdan,Beans,Other,FAQ,2018-02-09 00:00:00,1800.0,2740.0,2175.0,94
Gujarat,Rajkot,Jasdan,Beans,Other,FAQ,2018-02-17 00:00:00,1500.0,2105.0,1825.0,94
Gujarat,Rajkot,Jasdan,Beans,Other,FAQ,2018-02-26 00:00:00,1500.0,2500.0,2250.0,94
Gujarat,Rajkot,Jasdan,Beans,Other,FAQ,2018-02-27 00:00:00,1550.0,2525.0,2250.0,94
Gujarat,Rajkot,Jasdan,Beans,Other,FAQ,2018-03-09 00:00:00,2250.0,3025.0,2650.0,94
Gujarat,Rajkot,Jasdan,Beans,Other,FAQ,2018-03-13 00:00:00,2500.0,3000.0,2750.0,94
Gujarat,Rajkot,Jasdan,Beans,Other,FAQ,2018-03-15 00:00:00,1750.0,3145.0,2500.0,94
Gujarat,Rajkot,Jasdan,Beans,Other,FAQ,2018-04-02 00:00:00,2000.0,3050.0,2625.0,94
Gujarat,Rajkot,Jasdan,Beans,Other,FAQ,2018-04-12 00:00:00,1750.0,3450.0,2725.0,94
Gujarat,Rajkot,Jasdan,Beans,Other,FAQ,2018-05-04 00:00:00,1500.0,2750.0,2125.0,94
Gujarat,Rajkot,Jasdan,Beans,Other,FAQ,2018-05-16 00:00:00,1750.0,3000.0,2500.0,94
Gujarat,Rajkot,Jasdan,Beans,Other,FAQ,2018-05-17 00:00:00,2000.0,2750.0,2250.0,94
Gujarat,Rajkot,Jasdan,Beans,Other,FAQ,2018-06-07 00:00:00,1500.0,2500.0,2125.0,94
Gujarat,Rajkot,Jasdan,Beans,Other,FAQ,2018-06-08 00:00:00,2000.0,2500.0,2125.0,94
Gujarat,Rajkot,Jasdan,Beans,Other,FAQ,2018-06-09 00:00:00,1250.0,2500.0,1675.0,94
Gujarat,Rajkot,Jasdan,Beans,Other,FAQ,2018-06-19 00:00:00,1500.0,2625.0,2050.0,94
Gujarat,Rajkot,Jasdan,Beans,Other,FAQ,2018-06-25 00:00:00,1000.0,2000.0,1550.0,94
Gujarat,Rajkot,Jasdan,Beans,Other,FAQ,2018-06-26 00:00:00,1450.0,2500.0,2125.0,94
Gujarat,Rajkot,Jasdan,Beans,Other,FAQ,2018-06-27 00:00:00,1500.0,2850.0,2145.0,94
Gujarat,Rajkot,Jasdan,Beans,Other,FAQ,2018-07-16 00:00:00,800.0,1755.0,1300.0,94
Gujarat,Rajkot,Jasdan,Beans,Other,FAQ,2018-07-25 00:00:00,1100.0,3000.0,2495.0,94
Gujarat,Rajkot,Jasdan,Beans,Other,FAQ,2018-07-30 00:00:00,1500.0,2940.0,2150.0,94
Gujarat,Rajkot,Jasdan,Beans,Other,FAQ,2018-08-18 00:00:00,1500.0,1500.0,1500.0,94
Gujarat,Rajkot,Jasdan,Beans,Other,FAQ,2018-08-21 00:00:00,1500.0,2555.0,2000.0,94
Gujarat,Rajkot,Jasdan,Beans,Other,FAQ,2018-08-22 00:00:00,2425.0,2425.0,2425.0,94
Gujarat,Rajkot,Jasdan,Beans,Other,FAQ,2018-09-08 00:00:00,2250.0,2250.0,2250.0,94
Gujarat,Rajkot,Jasdan,Beans,Other,FAQ,2018-09-12 00:00:00,2000.0,2665.0,2250.0,94
Gujarat,Rajkot,Jasdan,Beans,Other,FAQ,2018-09-28 00:00:00,2375.0,3060.0,2750.0,94
Gujarat,Rajkot,Jasdan,Beans,Other,FAQ,2018-10-11 00:00:00,2000.0,3125.0,2500.0,94
Gujarat,Rajkot,Jasdan,Beans,Other,FAQ,2018-10-16 00:00:00,1500.0,2500.0,2000.0,94
Gujarat,Rajkot,Jasdan,Beans,Other,FAQ,2018-10-27 00:00:00,2875.0,2875.0,2875.0,94
Gujarat,Rajkot,Jasdan,Beans,Other,FAQ,2018-10-30 00:00:00,2000.0,2950.0,2500.0,94
Gujarat,Rajkot,Jasdan,Beans,Other,FAQ,2018-11-20 00:00:00,3250.0,3250.0,3250.0,94
Gujarat,Rajkot,Jasdan,Beans,Other,FAQ,2018-11-30 00:00:00,1750.0,3500.0,2750.0,94
Gujarat,Rajkot,Jasdan,Beans,Other,FAQ,2018-12-22 00:00:00,3000.0,4125.0,3625.0,94
Gujarat,Rajkot,Jasdan,Beans,Other,FAQ,2018-12-24 00:00:00,2500.0,4180.0,3500.0,94
Gujarat,Rajkot,Jasdan,Beans,Other,FAQ,2018-12-27 00:00:00,3450.0,4000.0,3625.0,94
Gujarat,Rajkot,Upleta,Beans,Other,FAQ,2018-03-10 00:00:00,1850.0,2450.0,2150.0,94
Gujarat,Rajkot,Upleta,Beans,Other,FAQ,2018-04-07 00:00:00,2500.0,2650.0,2575.0,94
Gujarat,Rajkot,Upleta,Beans,Other,FAQ,2018-04-10 00:00:00,2500.0,2660.0,2580.0,94
Gujarat,Rajkot,Upleta,Beans,Other,FAQ,2018-05-04 00:00:00,1000.0,1060.0,1030.0,94
Gujarat,Rajkot,Upleta,Beans,Other,FAQ,2018-05-17 00:00:00,1015.0,1475.0,1245.0,94
Gujarat,Rajkot,Upleta,Beans,Other,FAQ,2018-06-02 00:00:00,1930.0,2000.0,1965.0,94
Gujarat,Rajkot,Upleta,Beans,Other,FAQ,2018-06-16 00:00:00,1500.0,1850.0,1675.0,94
Gujarat,Surat,Mandvi,Beans,Other,FAQ,2018-03-01 00:00:00,5250.0,5250.0,5250.0,94
Gujarat,Surat,Mandvi,Beans,Other,FAQ,2018-03-03 00:00:00,1500.0,1500.0,1500.0,94
Gujarat,Surat,Mandvi,Beans,Other,FAQ,2018-03-11 00:00:00,5250.0,6000.0,5625.0,94
Gujarat,Surat,Mandvi,Beans,Other,FAQ,2018-03-18 00:00:00,5500.0,5500.0,5500.0,94
Gujarat,Surat,Mandvi,Beans,Other,FAQ,2018-03-20 00:00:00,5750.0,5750.0,5750.0,94
Gujarat,Surat,Mandvi,Beans,Other,FAQ,2018-03-25 00:00:00,5000.0,5250.0,5125.0,94
Gujarat,Surat,Mandvi,Beans,Other,FAQ,2018-03-27 00:00:00,5250.0,5250.0,5250.0,94
Gujarat,Surat,Mandvi,Beans,Other,FAQ,2018-03-30 00:00:00,5100.0,5250.0,5175.0,94
Gujarat,Surat,Mandvi,Beans,Other,FAQ,2018-04-20 00:00:00,4000.0,4000.0,4000.0,94
Gujarat,Surat,Mandvi,Beans,Other,FAQ,2018-05-04 00:00:00,2000.0,2000.0,2000.0,94
Gujarat,Surat,S.Mandvi,Beans,Other,FAQ,2018-03-14 00:00:00,4500.0,5500.0,5000.0,94
Gujarat,Surat,S.Mandvi,Beans,Other,FAQ,2018-03-20 00:00:00,5750.0,5750.0,5750.0,94
Gujarat,Surat,S.Mandvi,Beans,Other,FAQ,2018-03-24 00:00:00,4500.0,5000.0,4750.0,94
Gujarat,Surat,S.Mandvi,Beans,Other,FAQ,2018-03-26 00:00:00,4500.0,5750.0,5125.0,94
Gujarat,Surat,S.Mandvi,Beans,Other,FAQ,2018-04-10 00:00:00,4500.0,5500.0,5000.0,94
Gujarat,Surat,S.Mandvi,Beans,Other,FAQ,2018-04-21 00:00:00,2500.0,2500.0,2500.0,94
Gujarat,Surat,Songadh,Beans,Beans (Whole),FAQ,2018-03-08 00:00:00,5025.0,5920.0,5472.0,94
Gujarat,Surat,Songadh,Beans,Beans (Whole),FAQ,2018-03-14 00:00:00,5250.0,6070.0,5660.0,94
Gujarat,Surat,Songadh,Beans,Beans (Whole),FAQ,2018-03-20 00:00:00,5555.0,5555.0,5555.0,94
Gujarat,Surat,Songadh,Beans,Beans (Whole),FAQ,2018-03-22 00:00:00,5500.0,6015.0,5787.0,94
Gujarat,Surat,Songadh,Beans,Beans (Whole),FAQ,2018-03-24 00:00:00,4125.0,6105.0,5115.0,94
Gujarat,Surat,Songadh,Beans,Beans (Whole),FAQ,2018-03-28 00:00:00,5987.0,5987.0,5987.0,94
Gujarat,Surat,Songadh,Beans,Beans (Whole),FAQ,2018-03-30 00:00:00,5500.0,6255.0,5877.0,94
Gujarat,Surat,Songadh,Beans,Beans (Whole),FAQ,2018-04-05 00:00:00,5510.0,5710.0,5609.0,94
Gujarat,Vadodara(Baroda),Vadodara,Beans,Other,FAQ,2018-03-27 00:00:00,4000.0,4500.0,4500.0,94
Gujarat,Vadodara(Baroda),Vadodara,Beans,Other,FAQ,2018-04-04 00:00:00,3800.0,4500.0,4500.0,94
Gujarat,Vadodara(Baroda),Vadodara,Beans,Other,FAQ,2018-04-23 00:00:00,3800.0,4500.0,4500.0,94
Gujarat,Vadodara(Baroda),Vadodara,Beans,Other,FAQ,2018-05-18 00:00:00,3800.0,4400.0,4400.0,94
Gujarat,Vadodara(Baroda),Vadodara,Beans,Other,FAQ,2018-06-09 00:00:00,4200.0,4500.0,4500.0,94
Gujarat,Vadodara(Baroda),Vadodara,Beans,Other,FAQ,2018-06-30 00:00:00,4000.0,4500.0,4500.0,94
Gujarat,Vadodara(Baroda),Vadodara,Beans,Other,FAQ,2018-07-18 00:00:00,4000.0,4500.0,4500.0,94
Gujarat,Vadodara(Baroda),Vadodara,Beans,Other,FAQ,2018-08-17 00:00:00,4000.0,5000.0,5000.0,94
Gujarat,Vadodara(Baroda),Vadodara,Beans,Other,FAQ,2018-09-19 00:00:00,3500.0,4000.0,4000.0,94
Gujarat,Vadodara(Baroda),Vadodara,Beans,Other,FAQ,2018-11-15 00:00:00,3500.0,5000.0,5000.0,94
Gujarat,Vadodara(Baroda),Vadodara,Beans,Other,FAQ,2018-11-23 00:00:00,3500.0,5000.0,5000.0,94
Gujarat,Amreli,Rajula,Beans,Local,FAQ,2019-01-02 00:00:00,3000.0,3000.0,3000.0,94
Gujarat,Amreli,Rajula,Beans,Local,FAQ,2019-01-11 00:00:00,4300.0,4525.0,4413.0,94
Gujarat,Amreli,Rajula,Beans,Local,FAQ,2019-02-05 00:00:00,4500.0,4500.0,4500.0,94
Gujarat,Amreli,Rajula,Beans,Local,FAQ,2019-03-09 00:00:00,5060.0,5060.0,5060.0,94
Gujarat,Amreli,Rajula,Beans,Local,FAQ,2019-03-12 00:00:00,4500.0,4500.0,4500.0,94
Gujarat,Amreli,Rajula,Beans,Local,FAQ,2019-04-10 00:00:00,4750.0,5750.0,5250.0,94
Gujarat,Amreli,Rajula,Beans,Local,FAQ,2019-05-17 00:00:00,5500.0,5500.0,5500.0,94
Gujarat,Amreli,Rajula,Beans,Local,FAQ,2019-06-10 00:00:00,1000.0,1000.0,1000.0,94
Gujarat,Amreli,Rajula,Beans,Local,FAQ,2019-06-11 00:00:00,3250.0,4000.0,3625.0,94
Gujarat,Amreli,Rajula,Beans,Local,FAQ,2019-06-28 00:00:00,5805.0,5805.0,5805.0,94
Gujarat,Amreli,Rajula,Beans,Local,FAQ,2019-12-16 00:00:00,5000.0,5000.0,5000.0,94
Gujarat,Amreli,Rajula,Beans,Local,FAQ,2019-12-19 00:00:00,4545.0,6755.0,5650.0,94
Gujarat,Dahod,Dahod,Beans,Beans (Whole),FAQ,2019-01-19 00:00:00,4000.0,4200.0,4100.0,94
Gujarat,Dahod,Dahod,Beans,Beans (Whole),FAQ,2019-01-28 00:00:00,3900.0,4200.0,4000.0,94
Gujarat,Dahod,Dahod,Beans,Beans (Whole),FAQ,2019-03-08 00:00:00,2800.0,3300.0,3200.0,94
Gujarat,Dahod,Dahod,Beans,Beans (Whole),FAQ,2019-08-21 00:00:00,1500.0,2100.0,1800.0,94
Gujarat,Jamnagar,Jam Jodhpur,Beans,Beans (Whole),FAQ,2019-01-02 00:00:00,2250.0,4750.0,3525.0,94
Gujarat,Jamnagar,Jam Jodhpur,Beans,Beans (Whole),FAQ,2019-02-11 00:00:00,3750.0,5350.0,4550.0,94
Gujarat,Jamnagar,Jam Jodhpur,Beans,Beans (Whole),FAQ,2019-02-13 00:00:00,4000.0,5600.0,4950.0,94
Gujarat,Jamnagar,Jam Jodhpur,Beans,Beans (Whole),FAQ,2019-03-20 00:00:00,3575.0,4575.0,4075.0,94
Gujarat,Jamnagar,Jam Jodhpur,Beans,Beans (Whole),FAQ,2019-04-19 00:00:00,4000.0,5575.0,4900.0,94
Gujarat,Jamnagar,Jamnagar,Beans,Other,FAQ,2019-01-02 00:00:00,5025.0,6750.0,5888.0,94
Gujarat,Jamnagar,Jamnagar,Beans,Other,FAQ,2019-01-09 00:00:00,3775.0,5025.0,4400.0,94
Gujarat,Jamnagar,Jamnagar,Beans,Other,FAQ,2019-01-16 00:00:00,5250.0,5575.0,5413.0,94
Gujarat,Jamnagar,Jamnagar,Beans,Other,FAQ,2019-02-08 00:00:00,2000.0,2200.0,2100.0,94
Gujarat,Jamnagar,Jamnagar,Beans,Other,FAQ,2019-03-18 00:00:00,3250.0,6025.0,4638.0,94
Gujarat,Jamnagar,Jamnagar,Beans,Other,FAQ,2019-03-20 00:00:00,5000.0,6640.0,5820.0,94
Gujarat,Jamnagar,Jamnagar,Beans,Other,FAQ,2019-04-06 00:00:00,5000.0,5475.0,5238.0,94
Gujarat,Jamnagar,Jamnagar,Beans,Other,FAQ,2019-04-08 00:00:00,3000.0,3400.0,3200.0,94
Gujarat,Jamnagar,Jamnagar,Beans,Other,FAQ,2019-04-15 00:00:00,3500.0,6000.0,4750.0,94
Gujarat,Jamnagar,Jamnagar,Beans,Other,FAQ,2019-05-20 00:00:00,7500.0,8425.0,7963.0,94
Gujarat,Jamnagar,Jamnagar,Beans,Other,FAQ,2019-05-22 00:00:00,5000.0,9995.0,7498.0,94
Gujarat,Jamnagar,Jamnagar,Beans,Other,FAQ,2019-06-07 00:00:00,8250.0,8735.0,8493.0,94
Gujarat,Jamnagar,Jamnagar,Beans,Other,FAQ,2019-06-18 00:00:00,2500.0,3275.0,2888.0,94
Gujarat,Jamnagar,Jamnagar,Beans,Other,FAQ,2019-06-22 00:00:00,4175.0,4850.0,4513.0,94
Gujarat,Jamnagar,Jamnagar,Beans,Other,FAQ,2019-06-24 00:00:00,4500.0,5325.0,4913.0,94
Gujarat,Jamnagar,Jamnagar,Beans,Other,FAQ,2019-06-28 00:00:00,6300.0,9000.0,7650.0,94
Gujarat,Jamnagar,Jamnagar,Beans,Other,FAQ,2019-06-29 00:00:00,8935.0,9860.0,9398.0,94
Gujarat,Jamnagar,Jamnagar,Beans,Other,FAQ,2019-11-15 00:00:00,5000.0,9000.0,7000.0,94
Gujarat,Jamnagar,Jamnagar,Beans,Other,FAQ,2019-12-09 00:00:00,4650.0,7150.0,5900.0,94
Gujarat,Jamnagar,Jamnagar,Beans,Other,FAQ,2019-12-10 00:00:00,4000.0,10400.0,7200.0,94
Gujarat,Jamnagar,Jamnagar,Beans,Other,FAQ,2019-12-13 00:00:00,5000.0,9425.0,7213.0,94
Gujarat,Jamnagar,Jamnagar,Beans,Other,FAQ,2019-12-21 00:00:00,5000.0,8750.0,6875.0,94
Gujarat,Jamnagar,Jamnagar,Beans,Other,FAQ,2019-12-27 00:00:00,4500.0,9000.0,6750.0,94
Gujarat,Junagarh,Junagadh,Beans,Beans (Whole),FAQ,2019-01-01 00:00:00,2500.0,3505.0,3250.0,94
Gujarat,Junagarh,Junagadh,Beans,Beans (Whole),FAQ,2019-01-09 00:00:00,3000.0,3670.0,3250.0,94
Gujarat,Junagarh,Junagadh,Beans,Beans (Whole),FAQ,2019-01-11 00:00:00,2500.0,3000.0,2750.0,94
Gujarat,Junagarh,Junagadh,Beans,Beans (Whole),FAQ,2019-01-21 00:00:00,3600.0,3600.0,3600.0,94
Gujarat,Junagarh,Junagadh,Beans,Beans (Whole),FAQ,2019-02-01 00:00:00,4900.0,5225.0,5000.0,94
Gujarat,Junagarh,Junagadh,Beans,Beans (Whole),FAQ,2019-02-16 00:00:00,3150.0,4450.0,3750.0,94
Gujarat,Junagarh,Junagadh,Beans,Beans (Whole),FAQ,2019-03-01 00:00:00,4000.0,5250.0,4750.0,94
Gujarat,Junagarh,Junagadh,Beans,Beans (Whole),FAQ,2019-03-08 00:00:00,4150.0,5775.0,5000.0,94
Gujarat,Junagarh,Junagadh,Beans,Beans (Whole),FAQ,2019-03-31 00:00:00,3000.0,4000.0,3500.0,94
Gujarat,Junagarh,Junagadh,Beans,Beans (Whole),FAQ,2019-04-02 00:00:00,3250.0,4125.0,3750.0,94
Gujarat,Junagarh,Junagadh,Beans,Beans (Whole),FAQ,2019-04-04 00:00:00,4500.0,5200.0,4750.0,94
Gujarat,Junagarh,Junagadh,Beans,Beans (Whole),FAQ,2019-04-17 00:00:00,4500.0,6000.0,5500.0,94
Gujarat,Junagarh,Junagadh,Beans,Beans (Whole),FAQ,2019-04-25 00:00:00,5000.0,6275.0,5750.0,94
Gujarat,Junagarh,Junagadh,Beans,Beans (Whole),FAQ,2019-04-27 00:00:00,4000.0,5500.0,5000.0,94
Gujarat,Junagarh,Junagadh,Beans,Beans (Whole),FAQ,2019-05-06 00:00:00,3000.0,4105.0,3750.0,94
Gujarat,Junagarh,Junagadh,Beans,Beans (Whole),FAQ,2019-05-09 00:00:00,2250.0,3800.0,3000.0,94
Gujarat,Junagarh,Junagadh,Beans,Beans (Whole),FAQ,2019-05-10 00:00:00,5000.0,5575.0,5400.0,94
Gujarat,Junagarh,Junagadh,Beans,Beans (Whole),FAQ,2019-05-16 00:00:00,4750.0,6400.0,5250.0,94
Gujarat,Junagarh,Junagadh,Beans,Beans (Whole),FAQ,2019-05-17 00:00:00,5390.0,5390.0,5390.0,94
Gujarat,Junagarh,Junagadh,Beans,Beans (Whole),FAQ,2019-06-20 00:00:00,4650.0,6000.0,5450.0,94
Gujarat,Junagarh,Junagadh,Beans,Beans (Whole),FAQ,2019-06-22 00:00:00,5200.0,5200.0,5200.0,94
Gujarat,Junagarh,Junagadh,Beans,Beans (Whole),FAQ,2019-11-12 00:00:00,3500.0,3500.0,3500.0,94
Gujarat,Junagarh,Visavadar,Beans,Other,FAQ,2019-01-03 00:00:00,2615.0,3125.0,2875.0,94
Gujarat,Junagarh,Visavadar,Beans,Other,FAQ,2019-01-08 00:00:00,1500.0,2000.0,1750.0,94
Gujarat,Junagarh,Visavadar,Beans,Other,FAQ,2019-01-15 00:00:00,2500.0,3350.0,2925.0,94
Gujarat,Junagarh,Visavadar,Beans,Other,FAQ,2019-01-23 00:00:00,3425.0,4045.0,3735.0,94
Gujarat,Junagarh,Visavadar,Beans,Other,FAQ,2019-01-24 00:00:00,3000.0,3750.0,3375.0,94
Gujarat,Junagarh,Visavadar,Beans,Other,FAQ,2019-01-30 00:00:00,2000.0,2750.0,2375.0,94
Gujarat,Junagarh,Visavadar,Beans,Other,FAQ,2019-02-18 00:00:00,2850.0,4500.0,3675.0,94
Gujarat,Junagarh,Visavadar,Beans,Other,FAQ,2019-03-16 00:00:00,3750.0,5000.0,4375.0,94
Gujarat,Junagarh,Visavadar,Beans,Other,FAQ,2019-04-03 00:00:00,4000.0,4950.0,4475.0,94
Gujarat,Junagarh,Visavadar,Beans,Other,FAQ,2019-05-08 00:00:00,4500.0,5500.0,5000.0,94
Gujarat,Junagarh,Visavadar,Beans,Other,FAQ,2019-05-22 00:00:00,3750.0,4750.0,4250.0,94
Gujarat,Junagarh,Visavadar,Beans,Other,FAQ,2019-05-23 00:00:00,4360.0,5170.0,4765.0,94
Gujarat,Junagarh,Visavadar,Beans,Other,FAQ,2019-05-25 00:00:00,5225.0,6565.0,5895.0,94
Gujarat,Junagarh,Visavadar,Beans,Other,FAQ,2019-05-28 00:00:00,5000.0,7000.0,6000.0,94
Gujarat,Junagarh,Visavadar,Beans,Other,FAQ,2019-06-07 00:00:00,4250.0,5000.0,4625.0,94
Gujarat,Junagarh,Visavadar,Beans,Other,FAQ,2019-06-11 00:00:00,4165.0,5025.0,4595.0,94
Gujarat,Junagarh,Visavadar,Beans,Other,FAQ,2019-06-20 00:00:00,3975.0,4625.0,4300.0,94
Gujarat,Junagarh,Visavadar,Beans,Other,FAQ,2019-06-24 00:00:00,3250.0,4350.0,3800.0,94
Gujarat,Junagarh,Visavadar,Beans,Other,FAQ,2019-06-27 00:00:00,3500.0,4750.0,4125.0,94
Gujarat,Junagarh,Visavadar,Beans,Other,FAQ,2019-06-29 00:00:00,3000.0,3500.0,3250.0,94
Gujarat,Junagarh,Visavadar,Beans,Other,FAQ,2019-07-01 00:00:00,3885.0,4495.0,4190.0,94
Gujarat,Junagarh,Visavadar,Beans,Other,FAQ,2019-07-09 00:00:00,3500.0,4250.0,3875.0,94
Gujarat,Junagarh,Visavadar,Beans,Other,FAQ,2019-07-15 00:00:00,3670.0,4580.0,4125.0,94
Gujarat,Junagarh,Visavadar,Beans,Other,FAQ,2019-07-24 00:00:00,3500.0,4750.0,4125.0,94
Gujarat,Junagarh,Visavadar,Beans,Other,FAQ,2019-08-09 00:00:00,3560.0,4090.0,3825.0,94
Gujarat,Junagarh,Visavadar,Beans,Other,FAQ,2019-08-16 00:00:00,3500.0,4250.0,3875.0,94
Gujarat,Junagarh,Visavadar,Beans,Other,FAQ,2019-09-20 00:00:00,3500.0,4500.0,4000.0,94
Gujarat,Junagarh,Visavadar,Beans,Other,FAQ,2019-11-01 00:00:00,2665.0,3105.0,2885.0,94
Gujarat,Junagarh,Visavadar,Beans,Other,FAQ,2019-12-06 00:00:00,2500.0,3000.0,2750.0,94
Gujarat,Porbandar,Porbandar,Beans,Beans (Whole),FAQ,2019-01-03 00:00:00,0.0,5850.0,5850.0,94
Gujarat,Porbandar,Porbandar,Beans,Beans (Whole),FAQ,2019-03-02 00:00:00,0.0,6025.0,6025.0,94
Gujarat,Porbandar,Porbandar,Beans,Beans (Whole),FAQ,2019-04-13 00:00:00,7500.0,7925.0,7710.0,94
Gujarat,Porbandar,Porbandar,Beans,Beans (Whole),FAQ,2019-05-28 00:00:00,8100.0,8750.0,8425.0,94
Gujarat,Porbandar,Porbandar,Beans,Beans (Whole),FAQ,2019-06-22 00:00:00,8050.0,8200.0,8125.0,94
Gujarat,Porbandar,Porbandar,Beans,Beans (Whole),FAQ,2019-11-07 00:00:00,0.0,9850.0,9850.0,94
Gujarat,Porbandar,Porbandar,Beans,Beans (Whole),FAQ,2019-11-27 00:00:00,0.0,7300.0,7300.0,94
Gujarat,Porbandar,Porbandar,Beans,Beans (Whole),FAQ,2019-11-28 00:00:00,0.0,8700.0,8700.0,94
Gujarat,Rajkot,Jasdan,Beans,Other,FAQ,2019-01-02 00:00:00,2250.0,3600.0,3000.0,94
Gujarat,Rajkot,Jasdan,Beans,Other,FAQ,2019-01-03 00:00:00,3250.0,4000.0,3500.0,94
Gujarat,Rajkot,Jasdan,Beans,Other,FAQ,2019-01-07 00:00:00,3650.0,3650.0,3650.0,94
Gujarat,Rajkot,Jasdan,Beans,Other,FAQ,2019-01-12 00:00:00,3715.0,3715.0,3715.0,94
Gujarat,Rajkot,Jasdan,Beans,Other,FAQ,2019-01-17 00:00:00,2945.0,4325.0,3500.0,94
Gujarat,Rajkot,Jasdan,Beans,Other,FAQ,2019-01-22 00:00:00,3250.0,4030.0,3500.0,94
Gujarat,Rajkot,Jasdan,Beans,Other,FAQ,2019-01-24 00:00:00,2750.0,4160.0,3450.0,94
Gujarat,Rajkot,Jasdan,Beans,Other,FAQ,2019-01-25 00:00:00,3250.0,4000.0,3500.0,94
Gujarat,Rajkot,Jasdan,Beans,Other,FAQ,2019-01-30 00:00:00,3500.0,4500.0,4250.0,94
Gujarat,Rajkot,Jasdan,Beans,Other,FAQ,2019-02-06 00:00:00,3000.0,4090.0,3750.0,94
Gujarat,Rajkot,Jasdan,Beans,Other,FAQ,2019-02-07 00:00:00,2500.0,3625.0,3125.0,94
Gujarat,Rajkot,Jasdan,Beans,Other,FAQ,2019-02-12 00:00:00,4650.0,5250.0,5000.0,94
Gujarat,Rajkot,Jasdan,Beans,Other,FAQ,2019-02-13 00:00:00,3250.0,4500.0,4000.0,94
Gujarat,Rajkot,Jasdan,Beans,Other,FAQ,2019-02-15 00:00:00,3750.0,4500.0,4250.0,94
Gujarat,Rajkot,Jasdan,Beans,Other,FAQ,2019-02-18 00:00:00,3250.0,4825.0,4000.0,94
Gujarat,Rajkot,Jasdan,Beans,Other,FAQ,2019-02-22 00:00:00,4000.0,5050.0,4750.0,94
Gujarat,Rajkot,Jasdan,Beans,Other,FAQ,2019-02-26 00:00:00,3250.0,4235.0,4000.0,94
Gujarat,Rajkot,Jasdan,Beans,Other,FAQ,2019-04-01 00:00:00,3500.0,4550.0,4250.0,94
Gujarat,Rajkot,Jasdan,Beans,Other,FAQ,2019-04-08 00:00:00,5000.0,6440.0,5625.0,94
Gujarat,Rajkot,Jasdan,Beans,Other,FAQ,2019-04-09 00:00:00,4000.0,6200.0,5500.0,94
Gujarat,Rajkot,Jasdan,Beans,Other,FAQ,2019-04-12 00:00:00,5000.0,6430.0,5500.0,94
Gujarat,Rajkot,Jasdan,Beans,Other,FAQ,2019-04-13 00:00:00,4500.0,6000.0,5250.0,94
Gujarat,Rajkot,Jasdan,Beans,Other,FAQ,2019-04-18 00:00:00,5000.0,6505.0,5750.0,94
Gujarat,Rajkot,Jasdan,Beans,Other,FAQ,2019-05-03 00:00:00,5000.0,6700.0,6000.0,94
Gujarat,Rajkot,Jasdan,Beans,Other,FAQ,2019-05-10 00:00:00,4000.0,6000.0,5500.0,94
Gujarat,Rajkot,Jasdan,Beans,Other,FAQ,2019-05-11 00:00:00,4500.0,5900.0,5350.0,94
Gujarat,Rajkot,Jasdan,Beans,Other,FAQ,2019-05-17 00:00:00,4500.0,5500.0,5250.0,94
Gujarat,Rajkot,Jasdan,Beans,Other,FAQ,2019-05-25 00:00:00,3500.0,5500.0,5000.0,94
Gujarat,Rajkot,Jasdan,Beans,Other,FAQ,2019-05-28 00:00:00,5000.0,5000.0,5000.0,94
Gujarat,Rajkot,Jasdan,Beans,Other,FAQ,2019-06-26 00:00:00,3500.0,4500.0,4000.0,94
Gujarat,Rajkot,Jasdan,Beans,Other,FAQ,2019-06-29 00:00:00,3500.0,4750.0,4250.0,94
Gujarat,Rajkot,Jasdan,Beans,Other,FAQ,2019-07-03 00:00:00,4000.0,4750.0,4250.0,94
Gujarat,Rajkot,Jasdan,Beans,Other,FAQ,2019-07-05 00:00:00,4000.0,4750.0,4500.0,94
Gujarat,Rajkot,Jasdan,Beans,Other,FAQ,2019-07-09 00:00:00,4000.0,4750.0,4250.0,94
Gujarat,Rajkot,Jasdan,Beans,Other,FAQ,2019-07-15 00:00:00,4000.0,4875.0,4600.0,94
Gujarat,Rajkot,Jasdan,Beans,Other,FAQ,2019-07-17 00:00:00,3750.0,4725.0,4400.0,94
Gujarat,Rajkot,Jasdan,Beans,Other,FAQ,2019-07-27 00:00:00,4500.0,5475.0,4900.0,94
Gujarat,Rajkot,Jasdan,Beans,Other,FAQ,2019-07-31 00:00:00,4000.0,4950.0,4750.0,94
Gujarat,Rajkot,Jasdan,Beans,Other,FAQ,2019-11-09 00:00:00,4100.0,4500.0,4250.0,94
Gujarat,Rajkot,Jasdan,Beans,Other,FAQ,2019-12-04 00:00:00,3750.0,4490.0,4250.0,94
Gujarat,Rajkot,Jasdan,Beans,Other,FAQ,2019-12-06 00:00:00,3500.0,4750.0,4250.0,94
Gujarat,Surat,Mandvi,Beans,Other,FAQ,2019-03-08 00:00:00,2700.0,2700.0,2700.0,94
Gujarat,Surat,Mandvi,Beans,Other,FAQ,2019-03-11 00:00:00,2900.0,2900.0,2900.0,94
Gujarat,Surat,Mandvi,Beans,Other,FAQ,2019-04-04 00:00:00,2750.0,2750.0,2750.0,94
Gujarat,Surat,Mandvi,Beans,Other,FAQ,2019-04-13 00:00:00,2700.0,2700.0,2700.0,94
Gujarat,Surat,Mandvi,Beans,Other,FAQ,2019-04-17 00:00:00,2750.0,2750.0,2750.0,94
Gujarat,Surat,Mandvi,Beans,Other,FAQ,2019-04-21 00:00:00,2800.0,2800.0,2800.0,94
Gujarat,Surat,Mandvi,Beans,Other,FAQ,2019-05-17 00:00:00,2500.0,2500.0,2500.0,94
Gujarat,Surat,Mandvi,Beans,Other,FAQ,2019-10-13 00:00:00,1500.0,1500.0,1500.0,94
Gujarat,Surat,S.Mandvi,Beans,Other,FAQ,2019-02-16 00:00:00,3350.0,3350.0,3350.0,94
Gujarat,Surat,S.Mandvi,Beans,Other,FAQ,2019-02-17 00:00:00,1750.0,1750.0,1750.0,94
Gujarat,Surat,S.Mandvi,Beans,Other,FAQ,2019-02-20 00:00:00,3000.0,3150.0,3075.0,94
Gujarat,Surat,S.Mandvi,Beans,Other,FAQ,2019-03-09 00:00:00,3000.0,3100.0,3050.0,94
Gujarat,Surat,S.Mandvi,Beans,Other,FAQ,2019-03-18 00:00:00,3000.0,3000.0,3000.0,94
Gujarat,Surat,S.Mandvi,Beans,Other,FAQ,2019-03-24 00:00:00,2000.0,2000.0,2000.0,94
Gujarat,Surat,S.Mandvi,Beans,Other,FAQ,2019-04-04 00:00:00,2750.0,2750.0,2750.0,94
Gujarat,Surat,S.Mandvi,Beans,Other,FAQ,2019-04-05 00:00:00,2750.0,2950.0,2850.0,94
Gujarat,Surat,S.Mandvi,Beans,Other,FAQ,2019-04-10 00:00:00,2250.0,2250.0,2250.0,94
Gujarat,Surat,S.Mandvi,Beans,Other,FAQ,2019-04-13 00:00:00,2700.0,2700.0,2700.0,94
Gujarat,Surat,S.Mandvi,Beans,Other,FAQ,2019-04-17 00:00:00,2750.0,2750.0,2750.0,94
Gujarat,Surat,S.Mandvi,Beans,Other,FAQ,2019-05-27 00:00:00,1255.0,1255.0,1255.0,94
Gujarat,Surat,S.Mandvi,Beans,Other,FAQ,2019-11-16 00:00:00,2500.0,2500.0,2500.0,94
Gujarat,Surat,Songadh,Beans,Beans (Whole),FAQ,2019-03-08 00:00:00,2750.0,3025.0,2887.0,94
Gujarat,Surat,Songadh,Beans,Beans (Whole),FAQ,2019-03-12 00:00:00,2800.0,3150.0,2975.0,94
Gujarat,Surat,Songadh,Beans,Beans (Whole),FAQ,2019-03-22 00:00:00,2995.0,2995.0,2995.0,94
Gujarat,Surat,Songadh,Beans,Beans (Whole),FAQ,2019-03-25 00:00:00,3032.0,3125.0,3078.0,94
Gujarat,Surat,Songadh,Beans,Beans (Whole),FAQ,2019-04-01 00:00:00,2750.0,3025.0,2887.0,94
Gujarat,Surat,Songadh,Beans,Beans (Whole),FAQ,2019-04-05 00:00:00,2995.0,3025.0,3010.0,94
Gujarat,Surat,Uchhal,Beans,Other,FAQ,2019-03-07 00:00:00,2500.0,2675.0,2650.0,94
Gujarat,Surat,Uchhal,Beans,Other,FAQ,2019-03-13 00:00:00,2550.0,2750.0,2700.0,94
Gujarat,Surat,Uchhal,Beans,Other,FAQ,2019-03-15 00:00:00,2550.0,2750.0,2700.0,94
Gujarat,Vadodara(Baroda),Vadodara,Beans,Other,FAQ,2019-01-21 00:00:00,4000.0,7000.0,7000.0,94
Gujarat,Vadodara(Baroda),Vadodara,Beans,Other,FAQ,2019-03-01 00:00:00,4000.0,4200.0,4200.0,94
Gujarat,Vadodara(Baroda),Vadodara,Beans,Other,FAQ,2019-04-17 00:00:00,3500.0,4000.0,4000.0,94
Gujarat,Vadodara(Baroda),Vadodara,Beans,Other,FAQ,2019-04-25 00:00:00,3500.0,4000.0,4000.0,94
Gujarat,Vadodara(Baroda),Vadodara,Beans,Other,FAQ,2019-05-02 00:00:00,4000.0,4400.0,4400.0,94
Gujarat,Vadodara(Baroda),Vadodara,Beans,Other,FAQ,2019-05-04 00:00:00,4000.0,4400.0,4400.0,94
Gujarat,Vadodara(Baroda),Vadodara,Beans,Other,FAQ,2019-05-30 00:00:00,4000.0,5000.0,5000.0,94
Gujarat,Vadodara(Baroda),Vadodara,Beans,Other,FAQ,2019-06-10 00:00:00,3800.0,4500.0,4500.0,94
Gujarat,Vadodara(Baroda),Vadodara,Beans,Other,FAQ,2019-06-17 00:00:00,3800.0,4500.0,4500.0,94
Gujarat,Vadodara(Baroda),Vadodara,Beans,Other,FAQ,2019-06-26 00:00:00,4000.0,4500.0,4500.0,94
Gujarat,Vadodara(Baroda),Vadodara,Beans,Other,FAQ,2019-07-03 00:00:00,4000.0,4500.0,4500.0,94
Gujarat,Vadodara(Baroda),Vadodara,Beans,Other,FAQ,2019-07-05 00:00:00,4000.0,4500.0,4500.0,94
Gujarat,Vadodara(Baroda),Vadodara,Beans,Other,FAQ,2019-08-16 00:00:00,4500.0,5000.0,5000.0,94
Gujarat,Vadodara(Baroda),Vadodara,Beans,Other,FAQ,2019-08-21 00:00:00,4500.0,5000.0,5000.0,94
Gujarat,Vadodara(Baroda),Vadodara,Beans,Other,FAQ,2019-10-23 00:00:00,7500.0,10000.0,10000.0,94
Gujarat,Vadodara(Baroda),Vadodara,Beans,Other,FAQ,2019-11-05 00:00:00,5000.0,6000.0,6000.0,94
Gujarat,Vadodara(Baroda),Vadodara,Beans,Other,FAQ,2019-12-09 00:00:00,5500.0,6000.0,6000.0,94
Gujarat,Vadodara(Baroda),Vadodara,Beans,Other,FAQ,2019-12-14 00:00:00,5000.0,6000.0,6000.0,94
Gujarat,Vadodara(Baroda),Vadodara,Beans,Other,FAQ,2019-12-24 00:00:00,5000.0,6000.0,6000.0,94
Gujarat,Banaskanth,Deesa(Deesa Veg Yard),Beans,Other,FAQ,2009-10-02 00:00:00,2000.0,2500.0,2250.0,94
Gujarat,Banaskanth,Deesa(Deesa Veg Yard),Beans,Other,FAQ,2009-10-28 00:00:00,1900.0,2000.0,1950.0,94
Gujarat,Banaskanth,Deesa(Deesa Veg Yard),Beans,Other,FAQ,2009-10-29 00:00:00,1800.0,2000.0,1900.0,94
Gujarat,Banaskanth,Deesa(Deesa Veg Yard),Beans,Other,FAQ,2009-11-04 00:00:00,1900.0,2000.0,1950.0,94
Gujarat,Banaskanth,Deesa(Deesa Veg Yard),Beans,Other,FAQ,2009-11-07 00:00:00,1500.0,1800.0,1650.0,94
Gujarat,Banaskanth,Deesa(Deesa Veg Yard),Beans,Other,FAQ,2009-11-09 00:00:00,1500.0,1700.0,1600.0,94
Gujarat,Banaskanth,Deesa(Deesa Veg Yard),Beans,Other,FAQ,2009-11-18 00:00:00,1000.0,1500.0,1250.0,94
Gujarat,Banaskanth,Deesa(Deesa Veg Yard),Beans,Other,FAQ,2009-11-23 00:00:00,1300.0,1500.0,1400.0,94
Gujarat,Banaskanth,Deesa(Deesa Veg Yard),Beans,Other,FAQ,2009-11-24 00:00:00,1000.0,1500.0,1250.0,94
Gujarat,Banaskanth,Deesa(Deesa Veg Yard),Beans,Other,FAQ,2009-12-04 00:00:00,1500.0,1600.0,1550.0,94
Gujarat,Banaskanth,Deesa(Deesa Veg Yard),Beans,Other,FAQ,2009-12-10 00:00:00,1300.0,1600.0,1450.0,94
Gujarat,Banaskanth,Deesa(Deesa Veg Yard),Beans,Other,FAQ,2009-12-14 00:00:00,1000.0,1500.0,1250.0,94
Gujarat,Banaskanth,Deesa(Deesa Veg Yard),Beans,Other,FAQ,2009-12-16 00:00:00,1000.0,1500.0,1250.0,94
Gujarat,Banaskanth,Deesa(Deesa Veg Yard),Beans,Other,FAQ,2009-12-21 00:00:00,1000.0,1400.0,1200.0,94
Gujarat,Dahod,Dahod,Beans,Other,FAQ,2009-01-12 00:00:00,2700.0,2711.0,2705.0,94
Gujarat,Dahod,Dahod,Beans,Other,FAQ,2009-01-13 00:00:00,2625.0,2625.0,2625.0,94
Gujarat,Dahod,Dahod,Beans,Other,FAQ,2009-01-21 00:00:00,2881.0,2881.0,2881.0,94
Gujarat,Dahod,Dahod,Beans,Other,FAQ,2009-01-27 00:00:00,3935.0,3935.0,3935.0,94
Gujarat,Dahod,Dahod,Beans,Other,FAQ,2009-01-30 00:00:00,3550.0,3550.0,3550.0,94
Gujarat,Dahod,Dahod,Beans,Other,FAQ,2009-01-31 00:00:00,3400.0,3500.0,3450.0,94
Gujarat,Dahod,Dahod,Beans,Other,FAQ,2009-02-04 00:00:00,3400.0,3500.0,3450.0,94
Gujarat,Dahod,Dahod,Beans,Other,FAQ,2009-02-12 00:00:00,3000.0,3700.0,3450.0,94
Gujarat,Dahod,Dahod,Beans,Other,FAQ,2009-02-28 00:00:00,2000.0,2500.0,2300.0,94
Gujarat,Dahod,Dahod,Beans,Other,FAQ,2009-03-02 00:00:00,2000.0,2500.0,2400.0,94
Gujarat,Dahod,Dahod,Beans,Other,FAQ,2009-03-06 00:00:00,2000.0,2500.0,2400.0,94
Gujarat,Dahod,Dahod,Beans,Other,FAQ,2009-03-09 00:00:00,2100.0,2600.0,2450.0,94
Gujarat,Dahod,Dahod,Beans,Other,FAQ,2009-03-20 00:00:00,2400.0,2700.0,2600.0,94
Gujarat,Dahod,Dahod,Beans,Other,FAQ,2009-04-01 00:00:00,2400.0,2900.0,2700.0,94
Gujarat,Jamnagar,Dhrol,Beans,Other,FAQ,2009-10-10 00:00:00,3500.0,4270.0,3885.0,94
Gujarat,Jamnagar,Dhrol,Beans,Other,FAQ,2009-10-15 00:00:00,3750.0,4475.0,4110.0,94
Gujarat,Jamnagar,Dhrol,Beans,Other,FAQ,2009-10-23 00:00:00,3955.0,5110.0,4530.0,94
Gujarat,Jamnagar,Dhrol,Beans,Other,FAQ,2009-10-24 00:00:00,3955.0,4950.0,4450.0,94
Gujarat,Jamnagar,Jamnagar,Beans,Other,FAQ,2009-05-20 00:00:00,3750.0,4325.0,4038.0,94
Gujarat,Jamnagar,Jamnagar,Beans,Other,FAQ,2009-05-22 00:00:00,2500.0,2875.0,2688.0,94
Gujarat,Jamnagar,Jamnagar,Beans,Other,FAQ,2009-06-05 00:00:00,3250.0,3840.0,3545.0,94
Gujarat,Jamnagar,Jamnagar,Beans,Other,FAQ,2009-06-06 00:00:00,2800.0,3600.0,3200.0,94
Gujarat,Jamnagar,Jamnagar,Beans,Other,FAQ,2009-06-16 00:00:00,3500.0,4010.0,3780.0,94
Gujarat,Jamnagar,Jamnagar,Beans,Other,FAQ,2009-06-17 00:00:00,3125.0,3860.0,3525.0,94
Gujarat,Jamnagar,Jamnagar,Beans,Other,FAQ,2009-09-22 00:00:00,4250.0,4350.0,4300.0,94
Gujarat,Jamnagar,Jamnagar,Beans,Other,FAQ,2009-09-23 00:00:00,2500.0,2725.0,2625.0,94
Gujarat,Jamnagar,Jamnagar,Beans,Other,FAQ,2009-09-26 00:00:00,1250.0,2125.0,1688.0,94
Gujarat,Jamnagar,Jamnagar,Beans,Other,FAQ,2009-10-13 00:00:00,3525.0,4540.0,4200.0,94
Gujarat,Jamnagar,Jamnagar,Beans,Other,FAQ,2009-11-06 00:00:00,3750.0,5710.0,4750.0,94
Gujarat,Jamnagar,Jamnagar,Beans,Other,FAQ,2009-11-18 00:00:00,3250.0,3650.0,3500.0,94
Gujarat,Jamnagar,Jamnagar,Beans,Other,FAQ,2009-12-07 00:00:00,1750.0,2075.0,1950.0,94
Gujarat,Jamnagar,Jamnagar,Beans,Other,FAQ,2009-12-16 00:00:00,1750.0,2425.0,2088.0,94
Gujarat,Jamnagar,Jamnagar,Beans,Other,FAQ,2009-12-24 00:00:00,1250.0,1550.0,1400.0,94
Gujarat,Junagarh,Visavadar,Beans,Other,FAQ,2009-03-04 00:00:00,1810.0,3020.0,2415.0,94
Gujarat,Junagarh,Visavadar,Beans,Other,FAQ,2009-03-14 00:00:00,1400.0,2490.0,1945.0,94
Gujarat,Junagarh,Visavadar,Beans,Other,FAQ,2009-03-18 00:00:00,2140.0,2580.0,2360.0,94
Gujarat,Junagarh,Visavadar,Beans,Other,FAQ,2009-03-20 00:00:00,2080.0,3100.0,2590.0,94
Gujarat,Junagarh,Visavadar,Beans,Other,FAQ,2009-03-21 00:00:00,2070.0,2930.0,2500.0,94
Gujarat,Junagarh,Visavadar,Beans,Other,FAQ,2009-03-23 00:00:00,1640.0,2470.0,2055.0,94
Gujarat,Junagarh,Visavadar,Beans,Other,FAQ,2009-04-02 00:00:00,2360.0,2620.0,2490.0,94
Gujarat,Junagarh,Visavadar,Beans,Other,FAQ,2009-04-13 00:00:00,2375.0,3155.0,2765.0,94
Gujarat,Junagarh,Visavadar,Beans,Other,FAQ,2009-04-15 00:00:00,2415.0,3175.0,2735.0,94
Gujarat,Junagarh,Visavadar,Beans,Other,FAQ,2009-04-17 00:00:00,2025.0,3065.0,2545.0,94
Gujarat,Junagarh,Visavadar,Beans,Other,FAQ,2009-04-25 00:00:00,3190.0,4710.0,3950.0,94
Gujarat,Junagarh,Visavadar,Beans,Other,FAQ,2009-04-29 00:00:00,3170.0,4510.0,3840.0,94
Gujarat,Junagarh,Visavadar,Beans,Other,FAQ,2009-05-19 00:00:00,2860.0,4130.0,3495.0,94
Gujarat,Junagarh,Visavadar,Beans,Other,FAQ,2009-06-06 00:00:00,2365.0,3075.0,2720.0,94
Gujarat,Junagarh,Visavadar,Beans,Other,FAQ,2009-06-10 00:00:00,2390.0,2810.0,2600.0,94
Gujarat,Junagarh,Visavadar,Beans,Other,FAQ,2009-06-17 00:00:00,2860.0,3100.0,2980.0,94
Gujarat,Junagarh,Visavadar,Beans,Other,FAQ,2009-07-04 00:00:00,2340.0,3180.0,2760.0,94
Gujarat,Junagarh,Visavadar,Beans,Other,FAQ,2009-07-06 00:00:00,2360.0,3700.0,3030.0,94
Gujarat,Junagarh,Visavadar,Beans,Other,FAQ,2009-07-17 00:00:00,4320.0,5500.0,4910.0,94
Gujarat,Junagarh,Visavadar,Beans,Other,FAQ,2009-07-31 00:00:00,2840.0,3320.0,3080.0,94
Gujarat,Junagarh,Visavadar,Beans,Other,FAQ,2009-09-22 00:00:00,2835.0,4195.0,3515.0,94
Gujarat,Junagarh,Visavadar,Beans,Other,FAQ,2009-09-25 00:00:00,4140.0,5150.0,4645.0,94
Gujarat,Junagarh,Visavadar,Beans,Other,FAQ,2009-10-27 00:00:00,4210.0,5550.0,4880.0,94
Gujarat,Junagarh,Visavadar,Beans,Other,FAQ,2009-11-07 00:00:00,7250.0,10750.0,9000.0,94
Gujarat,Junagarh,Visavadar,Beans,Other,FAQ,2009-11-17 00:00:00,5320.0,9000.0,7160.0,94
Gujarat,Junagarh,Visavadar,Beans,Other,FAQ,2009-12-23 00:00:00,4290.0,6130.0,4675.0,94
Gujarat,Junagarh,Visavadar,Beans,Other,FAQ,2009-12-31 00:00:00,4290.0,5560.0,4925.0,94
Gujarat,Rajkot,Jasdan,Beans,Other,FAQ,2009-01-02 00:00:00,470.0,470.0,470.0,94
Gujarat,Rajkot,Jasdan,Beans,Other,FAQ,2009-01-10 00:00:00,448.0,448.0,448.0,94
Gujarat,Rajkot,Jasdan,Beans,Other,FAQ,2009-01-27 00:00:00,540.0,564.0,555.0,94
Gujarat,Rajkot,Jasdan,Beans,Other,FAQ,2009-02-02 00:00:00,575.0,575.0,575.0,94
Gujarat,Rajkot,Jasdan,Beans,Other,FAQ,2009-02-04 00:00:00,500.0,600.0,580.0,94
Gujarat,Rajkot,Jasdan,Beans,Other,FAQ,2009-02-09 00:00:00,535.0,535.0,535.0,94
Gujarat,Rajkot,Jasdan,Beans,Other,FAQ,2009-02-21 00:00:00,765.0,765.0,765.0,94
Gujarat,Rajkot,Jasdan,Beans,Other,FAQ,2009-03-13 00:00:00,645.0,675.0,650.0,94
Gujarat,Rajkot,Jasdan,Beans,Other,FAQ,2009-03-14 00:00:00,625.0,700.0,650.0,94
Gujarat,Rajkot,Jasdan,Beans,Other,FAQ,2009-03-18 00:00:00,650.0,700.0,680.0,94
Gujarat,Rajkot,Jasdan,Beans,Other,FAQ,2009-04-25 00:00:00,601.0,985.0,900.0,94
Gujarat,Rajkot,Jasdan,Beans,Other,FAQ,2009-04-29 00:00:00,897.0,940.0,900.0,94
Gujarat,Rajkot,Jasdan,Beans,Other,FAQ,2009-05-18 00:00:00,750.0,900.0,800.0,94
Gujarat,Rajkot,Jasdan,Beans,Other,FAQ,2009-05-28 00:00:00,716.0,716.0,716.0,94
Gujarat,Rajkot,Jasdan,Beans,Other,FAQ,2009-06-02 00:00:00,610.0,610.0,610.0,94
Gujarat,Rajkot,Jasdan,Beans,Other,FAQ,2009-06-05 00:00:00,700.0,800.0,750.0,94
Gujarat,Rajkot,Jasdan,Beans,Other,FAQ,2009-06-10 00:00:00,730.0,802.0,750.0,94
Gujarat,Rajkot,Jasdan,Beans,Other,FAQ,2009-06-15 00:00:00,500.0,882.0,772.0,94
Gujarat,Rajkot,Jasdan,Beans,Other,FAQ,2009-06-19 00:00:00,780.0,819.0,790.0,94
Gujarat,Rajkot,Jasdan,Beans,Other,FAQ,2009-06-26 00:00:00,848.0,848.0,848.0,94
Gujarat,Rajkot,Jasdan,Beans,Other,FAQ,2009-07-01 00:00:00,910.0,910.0,910.0,94
Gujarat,Rajkot,Jasdan,Beans,Other,FAQ,2009-07-13 00:00:00,900.0,1051.0,1000.0,94
Gujarat,Rajkot,Jasdan,Beans,Other,FAQ,2009-07-14 00:00:00,1001.0,1001.0,1001.0,94
Gujarat,Rajkot,Jasdan,Beans,Other,FAQ,2009-07-15 00:00:00,1096.0,1096.0,1096.0,94
Gujarat,Rajkot,Jasdan,Beans,Other,FAQ,2009-07-17 00:00:00,972.0,1020.0,1000.0,94
Gujarat,Rajkot,Jasdan,Beans,Other,FAQ,2009-08-06 00:00:00,800.0,800.0,800.0,94
Gujarat,Rajkot,Jasdan,Beans,Other,FAQ,2009-09-11 00:00:00,1242.0,1242.0,1242.0,94
Gujarat,Rajkot,Jasdan,Beans,Other,FAQ,2009-09-16 00:00:00,1000.0,1000.0,1000.0,94
Gujarat,Rajkot,Jasdan,Beans,Other,FAQ,2009-09-26 00:00:00,1300.0,1300.0,1300.0,94
Gujarat,Rajkot,Jasdan,Beans,Other,FAQ,2009-10-02 00:00:00,1176.0,1342.0,1260.0,94
Gujarat,Rajkot,Jasdan,Beans,Other,FAQ,2009-10-13 00:00:00,6000.0,7250.0,6500.0,94
Gujarat,Rajkot,Jasdan,Beans,Other,FAQ,2009-10-14 00:00:00,6000.0,7755.0,7000.0,94
Gujarat,Rajkot,Jasdan,Beans,Other,FAQ,2009-12-26 00:00:00,5500.0,5550.0,5500.0,94
Gujarat,Rajkot,Jasdan,Beans,Other,FAQ,2009-12-30 00:00:00,5225.0,6505.0,6250.0,94
Gujarat,Rajkot,Jetpur(Dist.Rajkot),Beans,Beans (Whole),FAQ,2009-02-03 00:00:00,1750.0,2575.0,2250.0,94
Gujarat,Rajkot,Jetpur(Dist.Rajkot),Beans,Beans (Whole),FAQ,2009-02-17 00:00:00,3305.0,4005.0,3505.0,94
Gujarat,Rajkot,Jetpur(Dist.Rajkot),Beans,Beans (Whole),FAQ,2009-03-26 00:00:00,2750.0,3730.0,3605.0,94
Gujarat,Rajkot,Jetpur(Dist.Rajkot),Beans,Beans (Whole),FAQ,2009-04-02 00:00:00,2500.0,3655.0,3555.0,94
Gujarat,Rajkot,Jetpur(Dist.Rajkot),Beans,Beans (Whole),FAQ,2009-04-27 00:00:00,3750.0,5005.0,4450.0,94
Gujarat,Rajkot,Jetpur(Dist.Rajkot),Beans,Beans (Whole),FAQ,2009-04-29 00:00:00,3500.0,4480.0,4005.0,94
Gujarat,Rajkot,Jetpur(Dist.Rajkot),Beans,Beans (Whole),FAQ,2009-05-06 00:00:00,3505.0,4030.0,3750.0,94
Gujarat,Rajkot,Jetpur(Dist.Rajkot),Beans,Beans (Whole),FAQ,2009-05-25 00:00:00,3250.0,4255.0,4055.0,94
Gujarat,Rajkot,Jetpur(Dist.Rajkot),Beans,Beans (Whole),FAQ,2009-05-29 00:00:00,2505.0,4125.0,3955.0,94
Gujarat,Rajkot,Jetpur(Dist.Rajkot),Beans,Beans (Whole),FAQ,2009-06-30 00:00:00,3000.0,3575.0,3350.0,94
Gujarat,Rajkot,Jetpur(Dist.Rajkot),Beans,Beans (Whole),FAQ,2009-07-02 00:00:00,2505.0,3875.0,3605.0,94
Gujarat,Rajkot,Jetpur(Dist.Rajkot),Beans,Beans (Whole),FAQ,2009-07-04 00:00:00,3125.0,4225.0,3750.0,94
Gujarat,Rajkot,Jetpur(Dist.Rajkot),Beans,Beans (Whole),FAQ,2009-07-15 00:00:00,3080.0,4105.0,3955.0,94
Gujarat,Rajkot,Jetpur(Dist.Rajkot),Beans,Beans (Whole),FAQ,2009-07-20 00:00:00,3250.0,4525.0,4250.0,94
Gujarat,Rajkot,Jetpur(Dist.Rajkot),Beans,Beans (Whole),FAQ,2009-07-28 00:00:00,4250.0,5525.0,4625.0,94
Gujarat,Rajkot,Jetpur(Dist.Rajkot),Beans,Beans (Whole),FAQ,2009-07-31 00:00:00,3400.0,5250.0,4505.0,94
Gujarat,Rajkot,Jetpur(Dist.Rajkot),Beans,Beans (Whole),FAQ,2009-08-08 00:00:00,4005.0,5050.0,4750.0,94
Gujarat,Rajkot,Jetpur(Dist.Rajkot),Beans,Beans (Whole),FAQ,2009-12-08 00:00:00,5000.0,5500.0,5355.0,94
Gujarat,Rajkot,Jetpur(Dist.Rajkot),Beans,Local,FAQ,2009-01-16 00:00:00,1250.0,2405.0,2005.0,94
Gujarat,Rajkot,Jetpur(Dist.Rajkot),Beans,Local,FAQ,2009-01-21 00:00:00,1750.0,2505.0,2325.0,94
Gujarat,Rajkot,Jetpur(Dist.Rajkot),Beans,Local,FAQ,2009-01-24 00:00:00,1750.0,2655.0,2250.0,94
Gujarat,Surat,S.Mandvi,Beans,Other,FAQ,2009-03-02 00:00:00,3000.0,3000.0,3000.0,94
Gujarat,Surat,S.Mandvi,Beans,Other,FAQ,2009-03-17 00:00:00,3200.0,3200.0,3200.0,94
Gujarat,Surat,S.Mandvi,Beans,Other,FAQ,2009-03-20 00:00:00,3200.0,3200.0,3200.0,94
Gujarat,Surat,S.Mandvi,Beans,Other,FAQ,2009-03-31 00:00:00,3250.0,3250.0,3250.0,94
Gujarat,Surat,Valod(Buhari),Beans,Other,FAQ,2009-03-20 00:00:00,3745.0,3750.0,3750.0,94
Gujarat,Surat,Valod(Buhari),Beans,Other,FAQ,2009-03-28 00:00:00,3300.0,3340.0,3340.0,94
Gujarat,Surat,Valod(Buhari),Beans,Other,FAQ,2009-04-08 00:00:00,3650.0,3700.0,3700.0,94
Gujarat,Surat,Vyra,Beans,Other,FAQ,2009-03-21 00:00:00,3125.0,3400.0,3262.0,94
Gujarat,Surat,Vyra,Beans,Other,FAQ,2009-03-24 00:00:00,3250.0,3600.0,3425.0,94
Gujarat,Surat,Vyra,Beans,Other,FAQ,2009-04-01 00:00:00,3600.0,3675.0,3635.0,94
Gujarat,Surat,Vyra,Beans,Other,FAQ,2009-04-03 00:00:00,3675.0,3725.0,3700.0,94
Gujarat,Surat,Vyra,Beans,Other,FAQ,2009-04-11 00:00:00,3615.0,3750.0,3680.0,94
Gujarat,Vadodara(Baroda),Vadodara,Beans,Other,FAQ,2009-02-13 00:00:00,2200.0,3200.0,2900.0,94
Gujarat,Vadodara(Baroda),Vadodara,Beans,Other,FAQ,2009-02-17 00:00:00,2200.0,3200.0,3000.0,94
Gujarat,Vadodara(Baroda),Vadodara,Beans,Other,FAQ,2009-02-26 00:00:00,2200.0,3000.0,2800.0,94
Gujarat,Vadodara(Baroda),Vadodara,Beans,Other,FAQ,2009-02-27 00:00:00,2200.0,3000.0,2800.0,94
Gujarat,Vadodara(Baroda),Vadodara,Beans,Other,FAQ,2009-03-04 00:00:00,2200.0,3000.0,2500.0,94
Gujarat,Vadodara(Baroda),Vadodara,Beans,Other,FAQ,2009-03-05 00:00:00,2200.0,3000.0,2800.0,94
Gujarat,Vadodara(Baroda),Vadodara,Beans,Other,FAQ,2009-03-09 00:00:00,2500.0,3000.0,2800.0,94
Gujarat,Vadodara(Baroda),Vadodara,Beans,Other,FAQ,2009-03-27 00:00:00,2500.0,3000.0,2800.0,94
Gujarat,Vadodara(Baroda),Vadodara,Beans,Other,FAQ,2009-05-06 00:00:00,3000.0,4000.0,3600.0,94
Gujarat,Vadodara(Baroda),Vadodara,Beans,Other,FAQ,2009-05-09 00:00:00,3000.0,3500.0,3300.0,94
Gujarat,Vadodara(Baroda),Vadodara,Beans,Other,FAQ,2009-05-11 00:00:00,3000.0,3500.0,3300.0,94
Gujarat,Vadodara(Baroda),Vadodara,Beans,Other,FAQ,2009-05-23 00:00:00,3000.0,3500.0,3300.0,94
Gujarat,Vadodara(Baroda),Vadodara,Beans,Other,FAQ,2009-05-26 00:00:00,2400.0,3800.0,3200.0,94
Gujarat,Vadodara(Baroda),Vadodara,Beans,Other,FAQ,2009-06-02 00:00:00,2400.0,3800.0,3200.0,94
Gujarat,Vadodara(Baroda),Vadodara,Beans,Other,FAQ,2009-06-04 00:00:00,2400.0,3800.0,3300.0,94
Gujarat,Vadodara(Baroda),Vadodara,Beans,Other,FAQ,2009-06-10 00:00:00,3000.0,3500.0,3300.0,94
Gujarat,Vadodara(Baroda),Vadodara,Beans,Other,FAQ,2009-06-16 00:00:00,3000.0,3500.0,3300.0,94
Gujarat,Vadodara(Baroda),Vadodara,Beans,Other,FAQ,2009-06-27 00:00:00,3200.0,3800.0,3700.0,94
Gujarat,Vadodara(Baroda),Vadodara,Beans,Other,FAQ,2009-07-07 00:00:00,3200.0,3800.0,3600.0,94
Gujarat,Vadodara(Baroda),Vadodara,Beans,Other,FAQ,2009-07-11 00:00:00,3200.0,3800.0,3600.0,94
Gujarat,Vadodara(Baroda),Vadodara,Beans,Other,FAQ,2009-07-21 00:00:00,5000.0,6000.0,5800.0,94
Gujarat,Vadodara(Baroda),Vadodara,Beans,Other,FAQ,2009-08-20 00:00:00,3200.0,3900.0,3600.0,94
Gujarat,Vadodara(Baroda),Vadodara,Beans,Other,FAQ,2009-08-22 00:00:00,3500.0,4200.0,4000.0,94
Gujarat,Vadodara(Baroda),Vadodara,Beans,Other,FAQ,2009-09-07 00:00:00,3900.0,4400.0,4200.0,94
Gujarat,Vadodara(Baroda),Vadodara,Beans,Other,FAQ,2009-09-18 00:00:00,3900.0,4400.0,4200.0,94
Gujarat,Vadodara(Baroda),Vadodara,Beans,Other,FAQ,2009-09-19 00:00:00,3900.0,4400.0,4200.0,94
Gujarat,Vadodara(Baroda),Vadodara,Beans,Other,FAQ,2009-09-26 00:00:00,3800.0,4000.0,4000.0,94
Gujarat,Vadodara(Baroda),Vadodara,Beans,Other,FAQ,2009-09-30 00:00:00,3800.0,4000.0,3900.0,94
Gujarat,Vadodara(Baroda),Vadodara,Beans,Other,FAQ,2009-10-03 00:00:00,3800.0,4000.0,3900.0,94
Gujarat,Vadodara(Baroda),Vadodara,Beans,Other,FAQ,2009-10-10 00:00:00,3800.0,4000.0,4000.0,94
Gujarat,Vadodara(Baroda),Vadodara,Beans,Other,FAQ,2009-11-10 00:00:00,3500.0,3800.0,3600.0,94
Gujarat,Vadodara(Baroda),Vadodara,Beans,Other,FAQ,2009-11-19 00:00:00,3800.0,4400.0,4200.0,94
Gujarat,Vadodara(Baroda),Vadodara,Beans,Other,FAQ,2009-11-28 00:00:00,4200.0,4500.0,4300.0,94
Gujarat,Anand,Tarapur,Beans,Other,FAQ,2015-03-17 00:00:00,2925.0,3400.0,3165.0,94
Gujarat,Anand,Tarapur,Beans,Other,FAQ,2015-03-23 00:00:00,3100.0,3400.0,3273.0,94
Gujarat,Anand,Tarapur,Beans,Other,FAQ,2015-03-31 00:00:00,3225.0,3380.0,3250.0,94
Gujarat,Anand,Tarapur,Beans,Other,FAQ,2015-04-07 00:00:00,3225.0,3355.0,3280.0,94
Gujarat,Anand,Tarapur,Beans,Other,FAQ,2015-04-21 00:00:00,3225.0,3300.0,3300.0,94
Gujarat,Anand,Tarapur,Beans,Other,FAQ,2015-05-11 00:00:00,3225.0,3400.0,3400.0,94
Gujarat,Anand,Tarapur,Beans,Other,FAQ,2015-05-18 00:00:00,3325.0,4500.0,4470.0,94
Gujarat,Anand,Tarapur,Beans,Other,FAQ,2015-06-15 00:00:00,3225.0,4270.0,4070.0,94
Gujarat,Anand,Tarapur,Beans,Other,FAQ,2015-07-02 00:00:00,3225.0,4000.0,4000.0,94
Gujarat,Anand,Tarapur,Beans,Other,FAQ,2015-07-08 00:00:00,3000.0,4000.0,3665.0,94
Gujarat,Anand,Tarapur,Beans,Other,FAQ,2015-10-15 00:00:00,3225.0,5100.0,5100.0,94
Gujarat,Anand,Tarapur,Beans,Other,FAQ,2015-11-05 00:00:00,2500.0,3225.0,2500.0,94
Gujarat,Anand,Tarapur,Beans,Other,FAQ,2015-11-18 00:00:00,2500.0,4375.0,3945.0,94
Gujarat,Banaskanth,Palanpur,Beans,Other,FAQ,2015-03-04 00:00:00,2800.0,2805.0,2802.0,94
Gujarat,Dahod,Dahod,Beans,Beans (Whole),FAQ,2015-02-05 00:00:00,3700.0,3950.0,3875.0,94
Gujarat,Dahod,Dahod,Beans,Beans (Whole),FAQ,2015-02-20 00:00:00,3600.0,3725.0,3650.0,94
Gujarat,Dahod,Dahod,Beans,Beans (Whole),FAQ,2015-02-21 00:00:00,3600.0,3725.0,3700.0,94
Gujarat,Dahod,Dahod,Beans,Beans (Whole),FAQ,2015-03-09 00:00:00,2700.0,3150.0,2950.0,94
Gujarat,Dahod,Dahod,Beans,Beans (Whole),FAQ,2015-03-19 00:00:00,2700.0,2700.0,2700.0,94
Gujarat,Dahod,Dahod,Beans,Beans (Whole),FAQ,2015-03-27 00:00:00,2500.0,2500.0,2500.0,94
Gujarat,Jamnagar,Jam Jodhpur,Beans,Other,FAQ,2015-10-21 00:00:00,4000.0,5500.0,4750.0,94
Gujarat,Jamnagar,Jamnagar,Beans,Other,FAQ,2015-01-12 00:00:00,1125.0,3500.0,2313.0,94
Gujarat,Jamnagar,Jamnagar,Beans,Other,FAQ,2015-02-25 00:00:00,4500.0,5300.0,4900.0,94
Gujarat,Jamnagar,Jamnagar,Beans,Other,FAQ,2015-04-15 00:00:00,5000.0,6375.0,5688.0,94
Gujarat,Jamnagar,Jamnagar,Beans,Other,FAQ,2015-05-01 00:00:00,5000.0,6300.0,5650.0,94
Gujarat,Jamnagar,Jamnagar,Beans,Other,FAQ,2015-06-02 00:00:00,2250.0,6400.0,4325.0,94
Gujarat,Jamnagar,Jamnagar,Beans,Other,FAQ,2015-06-24 00:00:00,2500.0,5850.0,4175.0,94
Gujarat,Jamnagar,Jamnagar,Beans,Other,FAQ,2015-09-15 00:00:00,4575.0,6785.0,5680.0,94
Gujarat,Jamnagar,Jamnagar,Beans,Other,FAQ,2015-09-23 00:00:00,5550.0,7200.0,6375.0,94
Gujarat,Jamnagar,Jamnagar,Beans,Other,FAQ,2015-09-24 00:00:00,5000.0,6350.0,5675.0,94
Gujarat,Jamnagar,Jamnagar,Beans,Other,FAQ,2015-10-24 00:00:00,2500.0,5000.0,3750.0,94
Gujarat,Jamnagar,Jamnagar,Beans,Other,FAQ,2015-10-27 00:00:00,3500.0,6150.0,4825.0,94
Gujarat,Jamnagar,Jamnagar,Beans,Other,FAQ,2015-10-28 00:00:00,3750.0,4300.0,4025.0,94
Gujarat,Jamnagar,Jamnagar,Beans,Other,FAQ,2015-11-30 00:00:00,5250.0,7440.0,6845.0,94
Gujarat,Jamnagar,Jamnagar,Beans,Other,FAQ,2015-12-05 00:00:00,2500.0,4655.0,3578.0,94
Gujarat,Junagarh,Junagadh,Beans,Beans (Whole),FAQ,2015-01-20 00:00:00,3500.0,4500.0,4000.0,94
Gujarat,Junagarh,Junagadh,Beans,Beans (Whole),FAQ,2015-01-29 00:00:00,4500.0,6755.0,5500.0,94
Gujarat,Junagarh,Junagadh,Beans,Beans (Whole),FAQ,2015-01-30 00:00:00,5000.0,5950.0,5500.0,94
Gujarat,Junagarh,Junagadh,Beans,Beans (Whole),FAQ,2015-02-12 00:00:00,4250.0,5600.0,5250.0,94
Gujarat,Junagarh,Junagadh,Beans,Beans (Whole),FAQ,2015-02-18 00:00:00,3000.0,6290.0,5000.0,94
Gujarat,Junagarh,Junagadh,Beans,Beans (Whole),FAQ,2015-02-26 00:00:00,4380.0,4380.0,4380.0,94
Gujarat,Junagarh,Junagadh,Beans,Beans (Whole),FAQ,2015-02-27 00:00:00,4000.0,6600.0,6000.0,94
Gujarat,Junagarh,Junagadh,Beans,Beans (Whole),FAQ,2015-03-18 00:00:00,5225.0,6800.0,6250.0,94
Gujarat,Junagarh,Junagadh,Beans,Beans (Whole),FAQ,2015-04-01 00:00:00,5000.0,5725.0,5500.0,94
Gujarat,Junagarh,Junagadh,Beans,Beans (Whole),FAQ,2015-04-04 00:00:00,3000.0,3600.0,3500.0,94
Gujarat,Junagarh,Junagadh,Beans,Beans (Whole),FAQ,2015-04-18 00:00:00,6000.0,6925.0,6500.0,94
Gujarat,Junagarh,Junagadh,Beans,Beans (Whole),FAQ,2015-04-22 00:00:00,4000.0,6425.0,5000.0,94
Gujarat,Junagarh,Junagadh,Beans,Beans (Whole),FAQ,2015-05-01 00:00:00,6880.0,7820.0,7125.0,94
Gujarat,Junagarh,Junagadh,Beans,Beans (Whole),FAQ,2015-05-19 00:00:00,5000.0,6075.0,5500.0,94
Gujarat,Junagarh,Junagadh,Beans,Beans (Whole),FAQ,2015-05-21 00:00:00,8450.0,8450.0,8450.0,94
Gujarat,Junagarh,Junagadh,Beans,Beans (Whole),FAQ,2015-06-03 00:00:00,5025.0,7850.0,6000.0,94
Gujarat,Junagarh,Junagadh,Beans,Beans (Whole),FAQ,2015-06-27 00:00:00,5500.0,5500.0,5500.0,94
Gujarat,Junagarh,Junagadh,Beans,Beans (Whole),FAQ,2015-07-13 00:00:00,4000.0,8100.0,6000.0,94
Gujarat,Junagarh,Junagadh,Beans,Beans (Whole),FAQ,2015-08-07 00:00:00,7350.0,7350.0,7350.0,94
Gujarat,Junagarh,Junagadh,Beans,Beans (Whole),FAQ,2015-09-24 00:00:00,5000.0,8025.0,6500.0,94
Gujarat,Junagarh,Junagadh,Beans,Beans (Whole),FAQ,2015-10-10 00:00:00,7050.0,10550.0,9000.0,94
Gujarat,Junagarh,Junagadh,Beans,Beans (Whole),FAQ,2015-10-23 00:00:00,10450.0,10450.0,10450.0,94
Gujarat,Junagarh,Junagadh,Beans,Beans (Whole),FAQ,2015-10-26 00:00:00,9500.0,9500.0,9500.0,94
Gujarat,Junagarh,Junagadh,Beans,Beans (Whole),FAQ,2015-11-21 00:00:00,8100.0,9750.0,9000.0,94
Gujarat,Junagarh,Junagadh,Beans,Beans (Whole),FAQ,2015-12-09 00:00:00,9000.0,10750.0,9750.0,94
Gujarat,Junagarh,Junagadh,Beans,Beans (Whole),FAQ,2015-12-11 00:00:00,7500.0,10000.0,8750.0,94
Gujarat,Junagarh,Junagadh,Beans,Beans (Whole),FAQ,2015-12-14 00:00:00,5000.0,9200.0,7000.0,94
Gujarat,Junagarh,Visavadar,Beans,Other,FAQ,2015-01-06 00:00:00,3500.0,4800.0,4150.0,94
Gujarat,Junagarh,Visavadar,Beans,Other,FAQ,2015-01-12 00:00:00,3000.0,4070.0,3535.0,94
Gujarat,Junagarh,Visavadar,Beans,Other,FAQ,2015-01-15 00:00:00,2500.0,3250.0,2875.0,94
Gujarat,Junagarh,Visavadar,Beans,Other,FAQ,2015-02-02 00:00:00,3750.0,4650.0,4200.0,94
Gujarat,Junagarh,Visavadar,Beans,Other,FAQ,2015-02-04 00:00:00,4065.0,4725.0,4395.0,94
Gujarat,Junagarh,Visavadar,Beans,Other,FAQ,2015-02-26 00:00:00,4500.0,5250.0,4875.0,94
Gujarat,Junagarh,Visavadar,Beans,Other,FAQ,2015-03-16 00:00:00,4775.0,6005.0,5390.0,94
Gujarat,Junagarh,Visavadar,Beans,Other,FAQ,2015-04-09 00:00:00,4850.0,6250.0,5550.0,94
Gujarat,Junagarh,Visavadar,Beans,Other,FAQ,2015-05-20 00:00:00,5925.0,7455.0,6690.0,94
Gujarat,Junagarh,Visavadar,Beans,Other,FAQ,2015-05-28 00:00:00,5000.0,6500.0,5750.0,94
Gujarat,Junagarh,Visavadar,Beans,Other,FAQ,2015-06-01 00:00:00,5000.0,7310.0,6155.0,94
Gujarat,Dahod,Dahod,Beans,Other,FAQ,2004-01-12 00:00:00,1300.0,1350.0,1325.0,94
Gujarat,Dahod,Dahod,Beans,Other,FAQ,2004-03-20 00:00:00,950.0,975.0,965.0,94
Gujarat,Dahod,Dahod,Beans,Other,FAQ,2004-03-29 00:00:00,825.0,900.0,850.0,94
Gujarat,Dahod,Dahod,Beans,Other,FAQ,2004-04-01 00:00:00,825.0,900.0,850.0,94
Gujarat,Dahod,Dahod,Beans,Other,FAQ,2004-04-05 00:00:00,775.0,850.0,800.0,94
Gujarat,Dahod,Dahod,Beans,Other,FAQ,2004-04-17 00:00:00,850.0,975.0,900.0,94
Gujarat,Dahod,Dahod,Beans,Other,FAQ,2004-04-21 00:00:00,800.0,1050.0,950.0,94
Gujarat,Dahod,Dahod,Beans,Other,FAQ,2004-05-03 00:00:00,850.0,950.0,900.0,94
Gujarat,Dahod,Dahod,Beans,Other,FAQ,2004-12-28 00:00:00,1050.0,1100.0,1050.0,94
Gujarat,Dahod,Dahod,Beans,Other,FAQ,2004-12-29 00:00:00,1050.0,1100.0,1050.0,94
Gujarat,Junagarh,Junagadh,Beans,Beans (Whole),FAQ,2004-01-16 00:00:00,1250.0,1750.0,1500.0,94
Gujarat,Junagarh,Junagadh,Beans,Beans (Whole),FAQ,2004-01-23 00:00:00,1000.0,1670.0,1450.0,94
Gujarat,Junagarh,Junagadh,Beans,Beans (Whole),FAQ,2004-01-24 00:00:00,1500.0,1700.0,1625.0,94
Gujarat,Junagarh,Junagadh,Beans,Beans (Whole),FAQ,2004-02-06 00:00:00,1250.0,1730.0,1575.0,94
Gujarat,Junagarh,Junagadh,Beans,Beans (Whole),FAQ,2004-02-27 00:00:00,1200.0,1400.0,1300.0,94
Gujarat,Junagarh,Junagadh,Beans,Beans (Whole),FAQ,2004-03-03 00:00:00,1250.0,1475.0,1350.0,94
Gujarat,Junagarh,Junagadh,Beans,Beans (Whole),FAQ,2004-03-04 00:00:00,1250.0,1400.0,1350.0,94
Gujarat,Junagarh,Junagadh,Beans,Beans (Whole),FAQ,2004-03-25 00:00:00,800.0,1050.0,900.0,94
Gujarat,Junagarh,Junagadh,Beans,Beans (Whole),FAQ,2004-04-16 00:00:00,750.0,1290.0,1100.0,94
Gujarat,Junagarh,Junagadh,Beans,Beans (Whole),FAQ,2004-04-22 00:00:00,1000.0,1080.0,1025.0,94
Gujarat,Junagarh,Junagadh,Beans,Beans (Whole),FAQ,2004-04-24 00:00:00,1195.0,1330.0,1250.0,94
Gujarat,Junagarh,Junagadh,Beans,Beans (Whole),FAQ,2004-05-04 00:00:00,980.0,1060.0,1025.0,94
Gujarat,Junagarh,Junagadh,Beans,Beans (Whole),FAQ,2004-05-05 00:00:00,1000.0,1110.0,1050.0,94
Gujarat,Junagarh,Junagadh,Beans,Beans (Whole),FAQ,2004-05-15 00:00:00,900.0,1105.0,1000.0,94
Gujarat,Junagarh,Junagadh,Beans,Beans (Whole),FAQ,2004-06-24 00:00:00,500.0,950.0,850.0,94
Gujarat,Junagarh,Junagadh,Beans,Beans (Whole),FAQ,2004-07-01 00:00:00,800.0,925.0,860.0,94
Gujarat,Junagarh,Junagadh,Beans,Beans (Whole),FAQ,2004-07-13 00:00:00,800.0,950.0,900.0,94
Gujarat,Junagarh,Junagadh,Beans,Beans (Whole),FAQ,2004-07-16 00:00:00,900.0,1255.0,1050.0,94
Gujarat,Junagarh,Junagadh,Beans,Beans (Whole),FAQ,2004-08-21 00:00:00,625.0,1130.0,950.0,94
Gujarat,Junagarh,Junagadh,Beans,Beans (Whole),FAQ,2004-09-22 00:00:00,1150.0,1150.0,1150.0,94
Gujarat,Junagarh,Junagadh,Beans,Beans (Whole),FAQ,2004-09-29 00:00:00,900.0,1400.0,1250.0,94
Gujarat,Junagarh,Junagadh,Beans,Beans (Whole),FAQ,2004-10-09 00:00:00,1000.0,1265.0,1100.0,94
Gujarat,Junagarh,Junagadh,Beans,Beans (Whole),FAQ,2004-10-15 00:00:00,1000.0,1400.0,1200.0,94
Gujarat,Junagarh,Junagadh,Beans,Beans (Whole),FAQ,2004-11-09 00:00:00,840.0,1350.0,1125.0,94
Gujarat,Junagarh,Junagadh,Beans,Beans (Whole),FAQ,2004-12-09 00:00:00,1075.0,1360.0,1250.0,94
Gujarat,Junagarh,Junagadh,Beans,Beans (Whole),FAQ,2004-12-15 00:00:00,1100.0,1575.0,1300.0,94
Gujarat,Junagarh,Junagadh,Beans,Beans (Whole),FAQ,2004-12-17 00:00:00,800.0,1250.0,1000.0,94
Gujarat,Kachchh,K.Mandvi,Beans,Other,FAQ,2004-08-25 00:00:00,1470.0,1500.0,1485.0,94
Gujarat,Morbi,Morbi,Beans,Other,FAQ,2004-04-19 00:00:00,1230.0,1525.0,1377.0,94
Gujarat,Panchmahals,Godhra,Beans,Beans (Whole),FAQ,2004-03-24 00:00:00,850.0,1200.0,900.0,94
Gujarat,Panchmahals,Godhra,Beans,Beans (Whole),FAQ,2004-03-25 00:00:00,850.0,1150.0,1100.0,94
Gujarat,Panchmahals,Godhra,Beans,Beans (Whole),FAQ,2004-03-29 00:00:00,850.0,1150.0,1100.0,94
Gujarat,Panchmahals,Godhra,Beans,Beans (Whole),FAQ,2004-04-07 00:00:00,800.0,1150.0,850.0,94
Gujarat,Panchmahals,Godhra,Beans,Beans (Whole),FAQ,2004-04-15 00:00:00,850.0,1150.0,850.0,94
Gujarat,Panchmahals,Godhra,Beans,Beans (Whole),FAQ,2004-04-22 00:00:00,800.0,900.0,850.0,94
Gujarat,Panchmahals,Godhra,Beans,Beans (Whole),FAQ,2004-05-10 00:00:00,800.0,900.0,850.0,94
Gujarat,Panchmahals,Godhra,Beans,Other,FAQ,2004-01-23 00:00:00,1250.0,1375.0,1300.0,94
Gujarat,Panchmahals,Godhra,Beans,Other,FAQ,2004-02-26 00:00:00,1150.0,1250.0,1175.0,94
Gujarat,Panchmahals,Godhra,Beans,Other,FAQ,2004-04-21 00:00:00,800.0,900.0,850.0,94
Gujarat,Rajkot,Jetpur(Dist.Rajkot),Beans,Other,FAQ,2004-12-29 00:00:00,625.0,1775.0,1175.0,94
Gujarat,Surat,S.Mandvi,Beans,Other,FAQ,2004-03-14 00:00:00,1100.0,1100.0,1100.0,94
Gujarat,Surat,S.Mandvi,Beans,Other,FAQ,2004-03-15 00:00:00,1275.0,1350.0,1312.0,94
Gujarat,Surat,S.Mandvi,Beans,Other,FAQ,2004-03-19 00:00:00,1250.0,1250.0,1250.0,94
Gujarat,Surat,S.Mandvi,Beans,Other,FAQ,2004-03-25 00:00:00,1200.0,1250.0,1225.0,94
Gujarat,Surat,S.Mandvi,Beans,Other,FAQ,2004-03-30 00:00:00,1250.0,1250.0,1250.0,94
Gujarat,Surat,S.Mandvi,Beans,Other,FAQ,2004-04-13 00:00:00,1200.0,1200.0,1200.0,94
Gujarat,Surat,S.Mandvi,Beans,Other,FAQ,2004-04-19 00:00:00,1300.0,1300.0,1300.0,94
Gujarat,Surat,S.Mandvi,Beans,Other,FAQ,2004-05-16 00:00:00,900.0,900.0,900.0,94
Gujarat,Surat,Vyra,Beans,Other,FAQ,2004-03-01 00:00:00,1200.0,1300.0,1250.0,94
Gujarat,Surat,Vyra,Beans,Other,FAQ,2004-04-06 00:00:00,700.0,1175.0,937.0,94
Gujarat,Surat,Vyra,Beans,Other,FAQ,2004-04-16 00:00:00,700.0,1250.0,975.0,94
Gujarat,Surat,Vyra,Beans,Other,FAQ,2004-10-29 00:00:00,1000.0,1200.0,1100.0,94
Gujarat,Surat,Vyra,Beans,Other,FAQ,2004-11-18 00:00:00,1250.0,1270.0,1260.0,94
Gujarat,Dahod,Dahod,Beans,Other,FAQ,2005-01-04 00:00:00,1050.0,1075.0,1050.0,94
Gujarat,Dahod,Dahod,Beans,Other,FAQ,2005-01-15 00:00:00,1240.0,1250.0,1245.0,94
Gujarat,Dahod,Dahod,Beans,Other,FAQ,2005-01-20 00:00:00,1200.0,1215.0,1210.0,94
Gujarat,Dahod,Dahod,Beans,Other,FAQ,2005-01-25 00:00:00,1150.0,1180.0,1170.0,94
Gujarat,Dahod,Dahod,Beans,Other,FAQ,2005-02-03 00:00:00,1075.0,1100.0,1085.0,94
Gujarat,Dahod,Dahod,Beans,Other,FAQ,2005-02-07 00:00:00,1075.0,1100.0,1085.0,94
Gujarat,Dahod,Dahod,Beans,Other,FAQ,2005-02-09 00:00:00,1075.0,1100.0,1085.0,94
Gujarat,Dahod,Dahod,Beans,Other,FAQ,2005-02-17 00:00:00,1075.0,1100.0,1085.0,94
Gujarat,Dahod,Dahod,Beans,Other,FAQ,2005-02-19 00:00:00,1050.0,1100.0,1075.0,94
Gujarat,Dahod,Dahod,Beans,Other,FAQ,2005-03-07 00:00:00,850.0,1000.0,950.0,94
Gujarat,Dahod,Dahod,Beans,Other,FAQ,2005-03-10 00:00:00,850.0,950.0,900.0,94
Gujarat,Dahod,Dahod,Beans,Other,FAQ,2005-04-11 00:00:00,800.0,925.0,900.0,94
Gujarat,Dahod,Dahod,Beans,Other,FAQ,2005-04-19 00:00:00,800.0,950.0,900.0,94
Gujarat,Dahod,Dahod,Beans,Other,FAQ,2005-04-20 00:00:00,800.0,950.0,900.0,94
Gujarat,Dahod,Dahod,Beans,Other,FAQ,2005-04-26 00:00:00,800.0,925.0,900.0,94
Gujarat,Dahod,Dahod,Beans,Other,FAQ,2005-05-02 00:00:00,800.0,925.0,900.0,94
Gujarat,Dahod,Dahod,Beans,Other,FAQ,2005-06-08 00:00:00,800.0,1000.0,950.0,94
Gujarat,Dahod,Jhalod,Beans,Other,FAQ,2005-08-19 00:00:00,1100.0,1250.0,1175.0,94
Gujarat,Dahod,Jhalod,Beans,Other,FAQ,2005-12-29 00:00:00,990.0,1000.0,995.0,94
Gujarat,Jamnagar,Jamnagar,Beans,Other,FAQ,2005-09-28 00:00:00,1625.0,2225.0,1925.0,94
Gujarat,Jamnagar,Jamnagar,Beans,Other,FAQ,2005-10-05 00:00:00,1250.0,1800.0,1485.0,94
Gujarat,Jamnagar,Jamnagar,Beans,Other,FAQ,2005-10-06 00:00:00,1250.0,1850.0,1550.0,94
Gujarat,Jamnagar,Jamnagar,Beans,Other,FAQ,2005-10-14 00:00:00,505.0,2070.0,1240.0,94
Gujarat,Junagarh,Junagadh,Beans,Beans (Whole),FAQ,2005-01-01 00:00:00,1000.0,1510.0,1300.0,94
Gujarat,Junagarh,Junagadh,Beans,Beans (Whole),FAQ,2005-01-10 00:00:00,1000.0,1785.0,1400.0,94
Gujarat,Junagarh,Junagadh,Beans,Beans (Whole),FAQ,2005-01-15 00:00:00,1400.0,1625.0,1500.0,94
Gujarat,Junagarh,Junagadh,Beans,Beans (Whole),FAQ,2005-01-22 00:00:00,1000.0,1750.0,1375.0,94
Gujarat,Junagarh,Junagadh,Beans,Beans (Whole),FAQ,2005-01-28 00:00:00,1250.0,1905.0,1500.0,94
Gujarat,Junagarh,Junagadh,Beans,Beans (Whole),FAQ,2005-02-02 00:00:00,1400.0,1700.0,1550.0,94
Gujarat,Junagarh,Junagadh,Beans,Beans (Whole),FAQ,2005-02-08 00:00:00,1450.0,1570.0,1500.0,94
Gujarat,Junagarh,Junagadh,Beans,Beans (Whole),FAQ,2005-02-11 00:00:00,1300.0,1830.0,1420.0,94
Gujarat,Junagarh,Junagadh,Beans,Beans (Whole),FAQ,2005-02-22 00:00:00,1300.0,1905.0,1500.0,94
Gujarat,Junagarh,Junagadh,Beans,Beans (Whole),FAQ,2005-02-23 00:00:00,1400.0,1660.0,1500.0,94
Gujarat,Junagarh,Junagadh,Beans,Beans (Whole),FAQ,2005-03-01 00:00:00,1250.0,1815.0,1500.0,94
Gujarat,Junagarh,Junagadh,Beans,Beans (Whole),FAQ,2005-03-09 00:00:00,1550.0,1855.0,1725.0,94
Gujarat,Junagarh,Junagadh,Beans,Beans (Whole),FAQ,2005-03-14 00:00:00,1400.0,1850.0,1700.0,94
Gujarat,Junagarh,Junagadh,Beans,Beans (Whole),FAQ,2005-03-22 00:00:00,1375.0,1760.0,1525.0,94
Gujarat,Junagarh,Junagadh,Beans,Beans (Whole),FAQ,2005-04-02 00:00:00,1400.0,1870.0,1600.0,94
Gujarat,Junagarh,Junagadh,Beans,Beans (Whole),FAQ,2005-04-05 00:00:00,1250.0,1910.0,1750.0,94
Gujarat,Junagarh,Junagadh,Beans,Beans (Whole),FAQ,2005-04-12 00:00:00,1500.0,2000.0,1750.0,94
Gujarat,Junagarh,Junagadh,Beans,Beans (Whole),FAQ,2005-04-25 00:00:00,1750.0,2000.0,1900.0,94
Gujarat,Junagarh,Junagadh,Beans,Beans (Whole),FAQ,2005-04-29 00:00:00,1500.0,2250.0,2000.0,94
Gujarat,Junagarh,Junagadh,Beans,Beans (Whole),FAQ,2005-05-06 00:00:00,1900.0,2675.0,2250.0,94
Gujarat,Junagarh,Junagadh,Beans,Beans (Whole),FAQ,2005-05-07 00:00:00,2250.0,2735.0,2500.0,94
Gujarat,Junagarh,Junagadh,Beans,Beans (Whole),FAQ,2005-05-21 00:00:00,2150.0,3125.0,2375.0,94
Gujarat,Junagarh,Junagadh,Beans,Beans (Whole),FAQ,2005-05-24 00:00:00,2300.0,2820.0,2550.0,94
Gujarat,Junagarh,Junagadh,Beans,Beans (Whole),FAQ,2005-06-08 00:00:00,2250.0,2725.0,2500.0,94
Gujarat,Junagarh,Junagadh,Beans,Beans (Whole),FAQ,2005-06-17 00:00:00,1500.0,2875.0,2250.0,94
Gujarat,Junagarh,Junagadh,Beans,Beans (Whole),FAQ,2005-06-21 00:00:00,2125.0,2575.0,2375.0,94
Gujarat,Junagarh,Junagadh,Beans,Beans (Whole),FAQ,2005-06-29 00:00:00,2100.0,2100.0,2100.0,94
Gujarat,Junagarh,Junagadh,Beans,Beans (Whole),FAQ,2005-07-04 00:00:00,2000.0,2250.0,2125.0,94
Gujarat,Junagarh,Junagadh,Beans,Beans (Whole),FAQ,2005-07-07 00:00:00,1650.0,2500.0,2200.0,94
Gujarat,Junagarh,Junagadh,Beans,Beans (Whole),FAQ,2005-07-12 00:00:00,2175.0,3155.0,2625.0,94
Gujarat,Junagarh,Junagadh,Beans,Beans (Whole),FAQ,2005-07-18 00:00:00,2250.0,2900.0,2625.0,94
Gujarat,Junagarh,Junagadh,Beans,Beans (Whole),FAQ,2005-07-22 00:00:00,2000.0,2900.0,2625.0,94
Gujarat,Junagarh,Junagadh,Beans,Beans (Whole),FAQ,2005-07-27 00:00:00,2800.0,3400.0,3000.0,94
Gujarat,Junagarh,Junagadh,Beans,Beans (Whole),FAQ,2005-08-05 00:00:00,2250.0,2930.0,2500.0,94
Gujarat,Junagarh,Junagadh,Beans,Beans (Whole),FAQ,2005-08-16 00:00:00,2765.0,2765.0,2765.0,94
Gujarat,Junagarh,Junagadh,Beans,Beans (Whole),FAQ,2005-09-16 00:00:00,2875.0,3000.0,2925.0,94
Gujarat,Junagarh,Junagadh,Beans,Beans (Whole),FAQ,2005-09-23 00:00:00,2750.0,3140.0,3000.0,94
Gujarat,Junagarh,Junagadh,Beans,Beans (Whole),FAQ,2005-10-14 00:00:00,2000.0,3225.0,2610.0,94
Gujarat,Junagarh,Junagadh,Beans,Beans (Whole),FAQ,2005-10-18 00:00:00,2000.0,2900.0,2500.0,94
Gujarat,Junagarh,Junagadh,Beans,Beans (Whole),FAQ,2005-10-20 00:00:00,2150.0,2150.0,2150.0,94
Gujarat,Junagarh,Junagadh,Beans,Beans (Whole),FAQ,2005-10-21 00:00:00,2250.0,3200.0,2800.0,94
Gujarat,Junagarh,Junagadh,Beans,Beans (Whole),FAQ,2005-11-19 00:00:00,2750.0,3900.0,3200.0,94
Gujarat,Junagarh,Junagadh,Beans,Beans (Whole),FAQ,2005-12-22 00:00:00,3175.0,4250.0,3650.0,94
Gujarat,Junagarh,Junagadh,Beans,Beans (Whole),FAQ,2005-12-26 00:00:00,3125.0,3905.0,3575.0,94
Gujarat,Junagarh,Junagadh,Beans,Beans (Whole),FAQ,2005-12-27 00:00:00,2625.0,4010.0,3750.0,94
Gujarat,Junagarh,Junagadh,Beans,Beans (Whole),FAQ,2005-12-28 00:00:00,2900.0,3800.0,3250.0,94
Gujarat,Junagarh,Junagadh,Beans,Other,FAQ,2005-05-14 00:00:00,3110.0,3110.0,3110.0,94
Gujarat,Junagarh,Visavadar,Beans,Hybrid,FAQ,2005-12-02 00:00:00,1740.0,3070.0,2405.0,94
Gujarat,Junagarh,Visavadar,Beans,Hybrid,FAQ,2005-12-12 00:00:00,2625.0,3715.0,3200.0,94
Gujarat,Junagarh,Visavadar,Beans,Hybrid,FAQ,2005-12-24 00:00:00,2875.0,3905.0,3425.0,94
Gujarat,Rajkot,Jamkandorna,Beans,Beans (Whole),FAQ,2005-01-12 00:00:00,1375.0,1375.0,1375.0,94
Gujarat,Rajkot,Jamkandorna,Beans,Beans (Whole),FAQ,2005-03-04 00:00:00,1250.0,1250.0,1250.0,94
Gujarat,Rajkot,Jasdan,Beans,Local,FAQ,2005-08-31 00:00:00,2590.0,2600.0,2595.0,94
Gujarat,Rajkot,Jasdan,Beans,Local,FAQ,2005-10-08 00:00:00,3490.0,3510.0,3500.0,94
Gujarat,Rajkot,Jasdan,Beans,Local,FAQ,2005-11-18 00:00:00,3650.0,3670.0,3660.0,94
Gujarat,Rajkot,Jasdan,Beans,Local,FAQ,2005-12-06 00:00:00,3755.0,3775.0,3765.0,94
Gujarat,Rajkot,Jasdan,Beans,Local,FAQ,2005-12-09 00:00:00,3890.0,3910.0,3900.0,94
Gujarat,Rajkot,Jetpur(Dist.Rajkot),Beans,Other,FAQ,2005-01-13 00:00:00,875.0,1450.0,1000.0,94
Gujarat,Rajkot,Jetpur(Dist.Rajkot),Beans,Other,FAQ,2005-01-15 00:00:00,875.0,1625.0,1000.0,94
Gujarat,Rajkot,Jetpur(Dist.Rajkot),Beans,Other,FAQ,2005-01-18 00:00:00,875.0,1525.0,1000.0,94
Gujarat,Rajkot,Jetpur(Dist.Rajkot),Beans,Other,FAQ,2005-02-14 00:00:00,1200.0,1700.0,1600.0,94
Gujarat,Rajkot,Jetpur(Dist.Rajkot),Beans,Other,FAQ,2005-02-17 00:00:00,1190.0,1850.0,1400.0,94
Gujarat,Rajkot,Jetpur(Dist.Rajkot),Beans,Other,FAQ,2005-02-28 00:00:00,1250.0,1700.0,1500.0,94
Gujarat,Rajkot,Jetpur(Dist.Rajkot),Beans,Other,FAQ,2005-03-02 00:00:00,1250.0,1805.0,1500.0,94
Gujarat,Rajkot,Jetpur(Dist.Rajkot),Beans,Other,FAQ,2005-03-12 00:00:00,1225.0,1775.0,1500.0,94
Gujarat,Rajkot,Jetpur(Dist.Rajkot),Beans,Other,FAQ,2005-04-07 00:00:00,1280.0,2150.0,1625.0,94
Gujarat,Rajkot,Jetpur(Dist.Rajkot),Beans,Other,FAQ,2005-04-30 00:00:00,1750.0,2240.0,1900.0,94
Gujarat,Rajkot,Jetpur(Dist.Rajkot),Beans,Other,FAQ,2005-05-06 00:00:00,1500.0,1780.0,1675.0,94
Gujarat,Rajkot,Jetpur(Dist.Rajkot),Beans,Other,FAQ,2005-05-12 00:00:00,1625.0,2300.0,1875.0,94
Gujarat,Rajkot,Jetpur(Dist.Rajkot),Beans,Other,FAQ,2005-05-13 00:00:00,1625.0,2325.0,2000.0,94
Gujarat,Rajkot,Jetpur(Dist.Rajkot),Beans,Other,FAQ,2005-05-18 00:00:00,1750.0,2400.0,2010.0,94
Gujarat,Rajkot,Jetpur(Dist.Rajkot),Beans,Other,FAQ,2005-05-26 00:00:00,2450.0,3055.0,2505.0,94
Gujarat,Rajkot,Jetpur(Dist.Rajkot),Beans,Other,FAQ,2005-05-31 00:00:00,1900.0,2705.0,2025.0,94
Gujarat,Rajkot,Jetpur(Dist.Rajkot),Beans,Other,FAQ,2005-06-04 00:00:00,1400.0,2140.0,1525.0,94
Gujarat,Rajkot,Jetpur(Dist.Rajkot),Beans,Other,FAQ,2005-06-22 00:00:00,2075.0,2950.0,2390.0,94
Gujarat,Rajkot,Jetpur(Dist.Rajkot),Beans,Other,FAQ,2005-06-25 00:00:00,1830.0,3300.0,2740.0,94
Gujarat,Rajkot,Jetpur(Dist.Rajkot),Beans,Other,FAQ,2005-06-29 00:00:00,2055.0,3175.0,2825.0,94
Gujarat,Rajkot,Jetpur(Dist.Rajkot),Beans,Other,FAQ,2005-07-09 00:00:00,2350.0,3075.0,2880.0,94
Gujarat,Rajkot,Jetpur(Dist.Rajkot),Beans,Other,FAQ,2005-07-19 00:00:00,2400.0,3250.0,2975.0,94
Gujarat,Rajkot,Jetpur(Dist.Rajkot),Beans,Other,FAQ,2005-07-22 00:00:00,2250.0,3500.0,2975.0,94
Gujarat,Rajkot,Jetpur(Dist.Rajkot),Beans,Other,FAQ,2005-08-11 00:00:00,2600.0,3700.0,3325.0,94
Gujarat,Rajkot,Jetpur(Dist.Rajkot),Beans,Other,FAQ,2005-08-16 00:00:00,2250.0,3900.0,3340.0,94
Gujarat,Rajkot,Jetpur(Dist.Rajkot),Beans,Other,FAQ,2005-08-18 00:00:00,2500.0,3900.0,3075.0,94
Gujarat,Rajkot,Jetpur(Dist.Rajkot),Beans,Other,FAQ,2005-09-06 00:00:00,2150.0,3800.0,2625.0,94
Gujarat,Rajkot,Jetpur(Dist.Rajkot),Beans,Other,FAQ,2005-10-07 00:00:00,2250.0,3500.0,3175.0,94
Gujarat,Rajkot,Jetpur(Dist.Rajkot),Beans,Other,FAQ,2005-10-11 00:00:00,1300.0,3805.0,2625.0,94
Gujarat,Rajkot,Jetpur(Dist.Rajkot),Beans,Other,FAQ,2005-10-19 00:00:00,3000.0,3605.0,3300.0,94
Gujarat,Rajkot,Jetpur(Dist.Rajkot),Beans,Other,FAQ,2005-11-14 00:00:00,2250.0,3500.0,3075.0,94
Gujarat,Rajkot,Jetpur(Dist.Rajkot),Beans,Other,FAQ,2005-11-19 00:00:00,1480.0,4250.0,3750.0,94
Gujarat,Rajkot,Jetpur(Dist.Rajkot),Beans,Other,FAQ,2005-12-05 00:00:00,2400.0,3250.0,2575.0,94
Gujarat,Rajkot,Jetpur(Dist.Rajkot),Beans,Other,FAQ,2005-12-08 00:00:00,3000.0,4505.0,4010.0,94
Gujarat,Rajkot,Jetpur(Dist.Rajkot),Beans,Other,FAQ,2005-12-23 00:00:00,1750.0,3900.0,3400.0,94
Gujarat,Rajkot,Jetpur(Dist.Rajkot),Beans,Other,FAQ,2005-12-29 00:00:00,2900.0,4005.0,3410.0,94
Gujarat,Surat,S.Mandvi,Beans,Other,FAQ,2005-03-11 00:00:00,1100.0,1100.0,1100.0,94
Gujarat,Surat,S.Mandvi,Beans,Other,FAQ,2005-03-13 00:00:00,1150.0,1150.0,1150.0,94
Gujarat,Surat,Vyra,Beans,Other,FAQ,2005-03-19 00:00:00,200.0,205.0,202.0,94
Gujarat,Surat,Vyra,Beans,Other,FAQ,2005-03-31 00:00:00,900.0,1030.0,965.0,94
Gujarat,Surat,Vyra,Beans,Other,FAQ,2005-04-01 00:00:00,830.0,1030.0,930.0,94
Gujarat,Surat,Vyra,Beans,Other,FAQ,2005-04-04 00:00:00,920.0,1075.0,997.0,94
Gujarat,Surat,Vyra,Beans,Other,FAQ,2005-04-12 00:00:00,925.0,1270.0,1097.0,94
Gujarat,Dahod,Dahod,Beans,Other,FAQ,2007-02-07 00:00:00,1500.0,1600.0,1550.0,94
Gujarat,Dahod,Dahod,Beans,Other,FAQ,2007-02-08 00:00:00,1500.0,1700.0,1600.0,94
Gujarat,Dahod,Dahod,Beans,Other,FAQ,2007-02-12 00:00:00,1500.0,1600.0,1550.0,94
Gujarat,Dahod,Dahod,Beans,Other,FAQ,2007-02-24 00:00:00,1500.0,1560.0,1535.0,94
Gujarat,Dahod,Dahod,Beans,Other,FAQ,2007-02-26 00:00:00,1450.0,1450.0,1450.0,94
Gujarat,Dahod,Dahod,Beans,Other,FAQ,2007-03-26 00:00:00,1400.0,1400.0,1400.0,94
Gujarat,Dahod,Dahod,Beans,Other,FAQ,2007-12-29 00:00:00,1550.0,1575.0,1560.0,94
Gujarat,Jamnagar,Jamnagar,Beans,Other,FAQ,2007-04-04 00:00:00,1500.0,1675.0,1588.0,94
Gujarat,Jamnagar,Jamnagar,Beans,Other,FAQ,2007-05-21 00:00:00,1525.0,2615.0,2070.0,94
Gujarat,Jamnagar,Jamnagar,Beans,Other,FAQ,2007-05-22 00:00:00,2625.0,3000.0,2813.0,94
Gujarat,Jamnagar,Jamnagar,Beans,Other,FAQ,2007-05-26 00:00:00,2500.0,2775.0,2638.0,94
Gujarat,Jamnagar,Jamnagar,Beans,Other,FAQ,2007-05-29 00:00:00,1575.0,2750.0,2163.0,94
Gujarat,Jamnagar,Jamnagar,Beans,Other,FAQ,2007-05-30 00:00:00,2500.0,2750.0,2625.0,94
Gujarat,Jamnagar,Jamnagar,Beans,Other,FAQ,2007-06-02 00:00:00,2500.0,3050.0,2775.0,94
Gujarat,Jamnagar,Jamnagar,Beans,Other,FAQ,2007-06-26 00:00:00,1025.0,1750.0,1388.0,94
Gujarat,Jamnagar,Jamnagar,Beans,Other,FAQ,2007-07-13 00:00:00,1250.0,1590.0,1420.0,94
Gujarat,Jamnagar,Jamnagar,Beans,Other,FAQ,2007-07-14 00:00:00,2500.0,3220.0,2860.0,94
Gujarat,Jamnagar,Jamnagar,Beans,Other,FAQ,2007-07-18 00:00:00,1500.0,1900.0,1700.0,94
Gujarat,Jamnagar,Jamnagar,Beans,Other,FAQ,2007-08-01 00:00:00,2500.0,3390.0,2945.0,94
Gujarat,Jamnagar,Jamnagar,Beans,Other,FAQ,2007-09-24 00:00:00,2500.0,2650.0,2575.0,94
Gujarat,Jamnagar,Jamnagar,Beans,Other,FAQ,2007-10-04 00:00:00,2000.0,2555.0,2285.0,94
Gujarat,Jamnagar,Jamnagar,Beans,Other,FAQ,2007-10-08 00:00:00,2650.0,3050.0,2850.0,94
Gujarat,Jamnagar,Jamnagar,Beans,Other,FAQ,2007-10-18 00:00:00,1250.0,1500.0,1425.0,94
Gujarat,Jamnagar,Jamnagar,Beans,Other,FAQ,2007-11-01 00:00:00,1150.0,2105.0,1650.0,94
Gujarat,Jamnagar,Jamnagar,Beans,Other,FAQ,2007-11-05 00:00:00,1575.0,1750.0,1650.0,94
Gujarat,Jamnagar,Jamnagar,Beans,Other,FAQ,2007-11-17 00:00:00,1000.0,1350.0,1145.0,94
Gujarat,Junagarh,Junagadh,Beans,Beans (Whole),FAQ,2007-07-28 00:00:00,1125.0,1340.0,1250.0,94
Gujarat,Junagarh,Junagadh,Beans,Beans (Whole),FAQ,2007-07-30 00:00:00,750.0,1450.0,1250.0,94
Gujarat,Junagarh,Junagadh,Beans,Beans (Whole),FAQ,2007-08-16 00:00:00,1125.0,1850.0,1500.0,94
Gujarat,Junagarh,Junagadh,Beans,Beans (Whole),FAQ,2007-08-18 00:00:00,1305.0,1570.0,1400.0,94
Gujarat,Junagarh,Visavadar,Beans,Local,FAQ,2007-11-03 00:00:00,700.0,860.0,780.0,94
Gujarat,Kachchh,Bhuj,Beans,Other,FAQ,2007-03-06 00:00:00,1711.0,1715.0,1713.0,94
Gujarat,Kachchh,Bhuj,Beans,Other,FAQ,2007-03-13 00:00:00,2840.0,3007.0,2953.0,94
Gujarat,Kachchh,Bhuj,Beans,Other,FAQ,2007-03-15 00:00:00,2990.0,3010.0,3000.0,94
Gujarat,Kachchh,Bhuj,Beans,Other,FAQ,2007-03-16 00:00:00,2940.0,3015.0,2987.0,94
Gujarat,Kachchh,K.Mandvi,Beans,Other,FAQ,2007-03-02 00:00:00,2700.0,2850.0,2775.0,94
Gujarat,Panchmahals,Godhra,Beans,Other,FAQ,2007-02-06 00:00:00,1150.0,1350.0,1250.0,94
Gujarat,Panchmahals,Godhra,Beans,Other,FAQ,2007-02-17 00:00:00,1200.0,1400.0,1250.0,94
Gujarat,Panchmahals,Godhra,Beans,Other,FAQ,2007-02-23 00:00:00,1050.0,1250.0,1250.0,94
Gujarat,Panchmahals,Godhra,Beans,Other,FAQ,2007-02-25 00:00:00,1250.0,1350.0,1255.0,94
Gujarat,Panchmahals,Godhra,Beans,Other,FAQ,2007-03-20 00:00:00,1375.0,1475.0,1400.0,94
Gujarat,Panchmahals,Godhra,Beans,Other,FAQ,2007-07-14 00:00:00,1100.0,1200.0,1150.0,94
Gujarat,Panchmahals,Godhra,Beans,Other,FAQ,2007-07-30 00:00:00,1000.0,1300.0,1200.0,94
Gujarat,Panchmahals,Morva Hafad,Beans,Other,FAQ,2007-12-19 00:00:00,500.0,1000.0,750.0,94
Gujarat,Rajkot,Gondal,Beans,Beans (Whole),FAQ,2007-02-28 00:00:00,1500.0,2330.0,2105.0,94
Gujarat,Rajkot,Gondal,Beans,Beans (Whole),FAQ,2007-03-03 00:00:00,1500.0,2265.0,2000.0,94
Gujarat,Rajkot,Gondal,Beans,Beans (Whole),FAQ,2007-03-05 00:00:00,1000.0,2130.0,1995.0,94
Gujarat,Rajkot,Gondal,Beans,Beans (Whole),FAQ,2007-03-22 00:00:00,1500.0,2325.0,1930.0,94
Gujarat,Rajkot,Gondal,Beans,Beans (Whole),FAQ,2007-04-07 00:00:00,1205.0,2190.0,1980.0,94
Gujarat,Rajkot,Gondal,Beans,Beans (Whole),FAQ,2007-04-16 00:00:00,1305.0,2110.0,1855.0,94
Gujarat,Rajkot,Gondal,Beans,Beans (Whole),FAQ,2007-04-19 00:00:00,1330.0,2115.0,1880.0,94
Gujarat,Rajkot,Gondal,Beans,Beans (Whole),FAQ,2007-04-23 00:00:00,1355.0,1955.0,1755.0,94
Gujarat,Rajkot,Gondal,Beans,Beans (Whole),FAQ,2007-04-26 00:00:00,1345.0,2065.0,1725.0,94
Gujarat,Rajkot,Gondal,Beans,Beans (Whole),FAQ,2007-05-04 00:00:00,1080.0,2095.0,1480.0,94
Gujarat,Rajkot,Gondal,Beans,Beans (Whole),FAQ,2007-05-10 00:00:00,1230.0,1950.0,1750.0,94
Gujarat,Rajkot,Gondal,Beans,Beans (Whole),FAQ,2007-05-28 00:00:00,1000.0,1925.0,1555.0,94
Gujarat,Rajkot,Gondal,Beans,Beans (Whole),FAQ,2007-06-11 00:00:00,780.0,1780.0,1380.0,94
Gujarat,Rajkot,Gondal,Beans,Beans (Whole),FAQ,2007-06-14 00:00:00,980.0,1800.0,1455.0,94
Gujarat,Rajkot,Gondal,Beans,Beans (Whole),FAQ,2007-06-20 00:00:00,1055.0,1795.0,1380.0,94
Gujarat,Rajkot,Gondal,Beans,Beans (Whole),FAQ,2007-07-04 00:00:00,880.0,1930.0,1380.0,94
Gujarat,Rajkot,Gondal,Beans,Beans (Whole),FAQ,2007-07-06 00:00:00,855.0,1980.0,1305.0,94
Gujarat,Rajkot,Gondal,Beans,Beans (Whole),FAQ,2007-07-10 00:00:00,1105.0,2065.0,1655.0,94
Gujarat,Rajkot,Gondal,Beans,Beans (Whole),FAQ,2007-08-01 00:00:00,955.0,1830.0,1480.0,94
Gujarat,Rajkot,Gondal,Beans,Beans (Whole),FAQ,2007-08-07 00:00:00,1250.0,1250.0,1250.0,94
Gujarat,Rajkot,Gondal,Beans,Beans (Whole),FAQ,2007-08-14 00:00:00,1000.0,2040.0,1580.0,94
Gujarat,Rajkot,Gondal,Beans,Beans (Whole),FAQ,2007-08-16 00:00:00,830.0,1730.0,1480.0,94
Gujarat,Rajkot,Gondal,Beans,Beans (Whole),FAQ,2007-08-17 00:00:00,880.0,1985.0,1380.0,94
Gujarat,Rajkot,Gondal,Beans,Beans (Whole),FAQ,2007-08-22 00:00:00,875.0,1830.0,1630.0,94
Gujarat,Rajkot,Gondal,Beans,Beans (Whole),FAQ,2007-08-29 00:00:00,930.0,1830.0,1480.0,94
Gujarat,Rajkot,Gondal,Beans,Beans (Whole),FAQ,2007-09-01 00:00:00,780.0,1630.0,1280.0,94
Gujarat,Rajkot,Gondal,Beans,Beans (Whole),FAQ,2007-09-07 00:00:00,930.0,1665.0,1205.0,94
Gujarat,Rajkot,Gondal,Beans,Beans (Whole),FAQ,2007-09-19 00:00:00,1000.0,1880.0,1730.0,94
Gujarat,Rajkot,Gondal,Beans,Beans (Whole),FAQ,2007-09-21 00:00:00,830.0,1830.0,1530.0,94
Gujarat,Rajkot,Gondal,Beans,Other,FAQ,2007-03-02 00:00:00,2845.0,3065.0,2965.0,94
Gujarat,Rajkot,Gondal,Beans,Other,FAQ,2007-04-10 00:00:00,2180.0,2535.0,2305.0,94
Gujarat,Rajkot,Gondal,Beans,Other,FAQ,2007-04-30 00:00:00,1755.0,2095.0,1880.0,94
Gujarat,Rajkot,Gondal,Beans,Other,FAQ,2007-05-11 00:00:00,1915.0,2100.0,1945.0,94
Gujarat,Rajkot,Gondal,Beans,Other,FAQ,2007-05-22 00:00:00,1500.0,1980.0,1865.0,94
Gujarat,Rajkot,Gondal,Beans,Other,FAQ,2007-06-21 00:00:00,1580.0,1780.0,1580.0,94
Gujarat,Rajkot,Gondal,Beans,Other,FAQ,2007-06-29 00:00:00,1585.0,1805.0,1705.0,94
Gujarat,Rajkot,Gondal,Beans,Other,FAQ,2007-07-11 00:00:00,1130.0,2155.0,1680.0,94
Gujarat,Rajkot,Gondal,Beans,Other,FAQ,2007-07-25 00:00:00,2100.0,2100.0,2100.0,94
Gujarat,Rajkot,Gondal,Beans,Other,FAQ,2007-08-11 00:00:00,1855.0,2095.0,1855.0,94
Gujarat,Rajkot,Gondal,Beans,Other,FAQ,2007-08-21 00:00:00,1605.0,1905.0,1705.0,94
Gujarat,Rajkot,Gondal,Beans,Other,FAQ,2007-08-24 00:00:00,1180.0,1975.0,1755.0,94
Gujarat,Rajkot,Gondal,Beans,Other,FAQ,2007-09-18 00:00:00,1255.0,2100.0,1930.0,94
Gujarat,Rajkot,Jasdan,Beans,Other,FAQ,2007-03-09 00:00:00,1600.0,1860.0,1770.0,94
Gujarat,Rajkot,Jasdan,Beans,Other,FAQ,2007-03-23 00:00:00,1375.0,1760.0,1500.0,94
Gujarat,Rajkot,Jasdan,Beans,Other,FAQ,2007-05-10 00:00:00,1350.0,1455.0,1400.0,94
Gujarat,Rajkot,Jasdan,Beans,Other,FAQ,2007-05-14 00:00:00,1700.0,1700.0,1700.0,94
Gujarat,Rajkot,Jasdan,Beans,Other,FAQ,2007-05-26 00:00:00,1000.0,1360.0,1185.0,94
Gujarat,Rajkot,Jasdan,Beans,Other,FAQ,2007-06-01 00:00:00,830.0,1690.0,1550.0,94
Gujarat,Rajkot,Jasdan,Beans,Other,FAQ,2007-06-28 00:00:00,1150.0,1150.0,1150.0,94
Gujarat,Rajkot,Jasdan,Beans,Other,FAQ,2007-07-06 00:00:00,1100.0,1100.0,1100.0,94
Gujarat,Rajkot,Jasdan,Beans,Other,FAQ,2007-07-14 00:00:00,1300.0,1605.0,1500.0,94
Gujarat,Rajkot,Jasdan,Beans,Other,FAQ,2007-07-21 00:00:00,1000.0,1000.0,1000.0,94
Gujarat,Rajkot,Jasdan,Beans,Other,FAQ,2007-08-18 00:00:00,1255.0,1375.0,1335.0,94
Gujarat,Rajkot,Jasdan,Beans,Other,FAQ,2007-08-29 00:00:00,1410.0,1410.0,1410.0,94
Gujarat,Rajkot,Jasdan,Beans,Other,FAQ,2007-09-14 00:00:00,1375.0,1375.0,1375.0,94
Gujarat,Rajkot,Jasdan,Beans,Other,FAQ,2007-10-09 00:00:00,600.0,600.0,600.0,94
Gujarat,Rajkot,Jasdan,Beans,Other,FAQ,2007-10-11 00:00:00,1055.0,1055.0,1055.0,94
Gujarat,Rajkot,Jasdan,Beans,Other,FAQ,2007-11-21 00:00:00,1000.0,1000.0,1000.0,94
Gujarat,Rajkot,Jasdan,Beans,Other,FAQ,2007-11-30 00:00:00,750.0,750.0,750.0,94
Gujarat,Rajkot,Jasdan,Beans,Other,FAQ,2007-12-06 00:00:00,1475.0,1475.0,1475.0,94
Gujarat,Rajkot,Jetpur(Dist.Rajkot),Beans,Other,FAQ,2007-01-13 00:00:00,1380.0,2225.0,1975.0,94
Gujarat,Rajkot,Jetpur(Dist.Rajkot),Beans,Other,FAQ,2007-02-06 00:00:00,1625.0,2225.0,1900.0,94
Gujarat,Rajkot,Jetpur(Dist.Rajkot),Beans,Other,FAQ,2007-02-20 00:00:00,1280.0,2380.0,1875.0,94
Gujarat,Rajkot,Jetpur(Dist.Rajkot),Beans,Other,FAQ,2007-02-22 00:00:00,1850.0,2175.0,2095.0,94
Gujarat,Rajkot,Jetpur(Dist.Rajkot),Beans,Other,FAQ,2007-02-27 00:00:00,1075.0,2070.0,2050.0,94
Gujarat,Rajkot,Jetpur(Dist.Rajkot),Beans,Other,FAQ,2007-02-28 00:00:00,1760.0,2040.0,1950.0,94
Gujarat,Rajkot,Jetpur(Dist.Rajkot),Beans,Other,FAQ,2007-03-05 00:00:00,1055.0,2225.0,1705.0,94
Gujarat,Rajkot,Jetpur(Dist.Rajkot),Beans,Other,FAQ,2007-03-19 00:00:00,1005.0,2135.0,1800.0,94
Gujarat,Rajkot,Jetpur(Dist.Rajkot),Beans,Other,FAQ,2007-03-20 00:00:00,1125.0,2130.0,1825.0,94
Gujarat,Rajkot,Jetpur(Dist.Rajkot),Beans,Other,FAQ,2007-03-22 00:00:00,1350.0,2205.0,1850.0,94
Gujarat,Rajkot,Jetpur(Dist.Rajkot),Beans,Other,FAQ,2007-04-04 00:00:00,1055.0,1755.0,1680.0,94
Gujarat,Rajkot,Jetpur(Dist.Rajkot),Beans,Other,FAQ,2007-04-10 00:00:00,875.0,1695.0,1605.0,94
Gujarat,Rajkot,Jetpur(Dist.Rajkot),Beans,Other,FAQ,2007-04-11 00:00:00,1050.0,1675.0,1600.0,94
Gujarat,Rajkot,Jetpur(Dist.Rajkot),Beans,Other,FAQ,2007-04-18 00:00:00,1050.0,1825.0,1495.0,94
Gujarat,Rajkot,Jetpur(Dist.Rajkot),Beans,Other,FAQ,2007-05-08 00:00:00,1005.0,1695.0,1255.0,94
Gujarat,Rajkot,Jetpur(Dist.Rajkot),Beans,Other,FAQ,2007-06-09 00:00:00,700.0,1175.0,1050.0,94
Gujarat,Rajkot,Jetpur(Dist.Rajkot),Beans,Other,FAQ,2007-07-04 00:00:00,750.0,1525.0,1500.0,94
Gujarat,Rajkot,Jetpur(Dist.Rajkot),Beans,Other,FAQ,2007-07-10 00:00:00,1050.0,2075.0,1630.0,94
Gujarat,Rajkot,Jetpur(Dist.Rajkot),Beans,Other,FAQ,2007-07-23 00:00:00,975.0,1575.0,1500.0,94
Gujarat,Rajkot,Jetpur(Dist.Rajkot),Beans,Other,FAQ,2007-08-24 00:00:00,950.0,1800.0,1450.0,94
Gujarat,Rajkot,Jetpur(Dist.Rajkot),Beans,Other,FAQ,2007-08-25 00:00:00,950.0,1525.0,1460.0,94
Gujarat,Surat,S.Mandvi,Beans,Other,FAQ,2007-02-09 00:00:00,1450.0,1450.0,1450.0,94
Gujarat,Surat,S.Mandvi,Beans,Other,FAQ,2007-03-02 00:00:00,1600.0,1600.0,1600.0,94
Gujarat,Surat,S.Mandvi,Beans,Other,FAQ,2007-03-09 00:00:00,1500.0,1500.0,1500.0,94
Gujarat,Surat,S.Mandvi,Beans,Other,FAQ,2007-04-04 00:00:00,1400.0,1400.0,1400.0,94
Gujarat,Surendranagar,Limdi,Beans,Other,FAQ,2007-05-10 00:00:00,1200.0,1200.0,1200.0,94
Gujarat,Surendranagar,Limdi,Beans,Other,FAQ,2007-08-21 00:00:00,2400.0,2400.0,2400.0,94
Gujarat,Vadodara(Baroda),Vadodara,Beans,Other,FAQ,2007-02-14 00:00:00,2600.0,2600.0,2600.0,94
Gujarat,Vadodara(Baroda),Vadodara,Beans,Other,FAQ,2007-02-15 00:00:00,2600.0,2600.0,2600.0,94
Gujarat,Vadodara(Baroda),Vadodara,Beans,Other,FAQ,2007-03-02 00:00:00,2650.0,3100.0,2825.0,94
Gujarat,Vadodara(Baroda),Vadodara,Beans,Other,FAQ,2007-03-06 00:00:00,2650.0,3100.0,2900.0,94
Gujarat,Vadodara(Baroda),Vadodara,Beans,Other,FAQ,2007-03-08 00:00:00,2650.0,3100.0,2875.0,94
Gujarat,Vadodara(Baroda),Vadodara,Beans,Other,FAQ,2007-03-16 00:00:00,2650.0,3100.0,2875.0,94
Gujarat,Vadodara(Baroda),Vadodara,Beans,Other,FAQ,2007-03-29 00:00:00,2600.0,3300.0,3000.0,94
Gujarat,Vadodara(Baroda),Vadodara,Beans,Other,FAQ,2007-04-02 00:00:00,2601.0,3301.0,2951.0,94
Gujarat,Vadodara(Baroda),Vadodara,Beans,Other,FAQ,2007-05-12 00:00:00,2700.0,3300.0,3000.0,94
Gujarat,Vadodara(Baroda),Vadodara,Beans,Other,FAQ,2007-05-30 00:00:00,3000.0,3000.0,3000.0,94
Gujarat,Vadodara(Baroda),Vadodara,Beans,Other,FAQ,2007-05-31 00:00:00,3000.0,3000.0,3000.0,94
Gujarat,Vadodara(Baroda),Vadodara,Beans,Other,FAQ,2007-06-02 00:00:00,3000.0,3000.0,3000.0,94
Gujarat,Vadodara(Baroda),Vadodara,Beans,Other,FAQ,2007-06-06 00:00:00,1950.0,2900.0,2425.0,94
Gujarat,Vadodara(Baroda),Vadodara,Beans,Other,FAQ,2007-06-26 00:00:00,2250.0,3200.0,2700.0,94
Gujarat,Vadodara(Baroda),Vadodara,Beans,Other,FAQ,2007-06-29 00:00:00,2250.0,3200.0,2700.0,94
Gujarat,Vadodara(Baroda),Vadodara,Beans,Other,FAQ,2007-07-04 00:00:00,2250.0,3200.0,2700.0,94
Gujarat,Vadodara(Baroda),Vadodara,Beans,Other,FAQ,2007-07-17 00:00:00,2900.0,3500.0,3200.0,94
Gujarat,Vadodara(Baroda),Vadodara,Beans,Other,FAQ,2007-07-21 00:00:00,2300.0,3100.0,2700.0,94
Gujarat,Vadodara(Baroda),Vadodara,Beans,Other,FAQ,2007-07-25 00:00:00,2300.0,3100.0,2700.0,94
Gujarat,Vadodara(Baroda),Vadodara,Beans,Other,FAQ,2007-08-17 00:00:00,2500.0,3100.0,2800.0,94
Gujarat,Vadodara(Baroda),Vadodara,Beans,Other,FAQ,2007-09-17 00:00:00,2500.0,3100.0,2800.0,94
Gujarat,Vadodara(Baroda),Vadodara,Beans,Other,FAQ,2007-09-21 00:00:00,2500.0,3100.0,2800.0,94
Gujarat,Vadodara(Baroda),Vadodara,Beans,Other,FAQ,2007-09-22 00:00:00,2500.0,3100.0,2800.0,94
Gujarat,Vadodara(Baroda),Vadodara,Beans,Other,FAQ,2007-10-18 00:00:00,2200.0,2700.0,2500.0,94
Gujarat,Porbandar,Porbandar,Beans,Beans (Whole),FAQ,2025-02-14 00:00:00,12250.0,12250.0,12250.0,94
Gujarat,Porbandar,Porbandar,Beans,Other,FAQ,2025-02-15 00:00:00,6600.0,6600.0,6600.0,94
Gujarat,Rajkot,Jasdan,Beans,Other,FAQ,2025-02-08 00:00:00,4000.0,6000.0,5500.0,94
Gujarat,Rajkot,Jasdan,Beans,Other,FAQ,2025-02-10 00:00:00,4000.0,6500.0,6000.0,94
Gujarat,Rajkot,Jasdan,Beans,Other,FAQ,2025-02-17 00:00:00,2750.0,6250.0,5250.0,94
Gujarat,Rajkot,Jasdan,Beans,Other,FAQ,2025-02-19 00:00:00,2750.0,6255.0,5500.0,94
Gujarat,Rajkot,Jasdan,Beans,Other,FAQ,2025-02-20 00:00:00,4500.0,5250.0,5000.0,94
Gujarat,Rajkot,Jasdan,Beans,Other,FAQ,2025-02-24 00:00:00,2500.0,4775.0,4000.0,94
Gujarat,Jamnagar,Jamnagar,Beans,Other,FAQ,2025-01-20 00:00:00,5000.0,7950.0,6550.0,94
Gujarat,Rajkot,Jasdan,Beans,Other,FAQ,2025-01-01 00:00:00,4000.0,5755.0,5500.0,94
Gujarat,Rajkot,Jasdan,Beans,Other,FAQ,2025-01-09 00:00:00,4500.0,6000.0,5500.0,94
Gujarat,Rajkot,Jasdan,Beans,Other,FAQ,2025-01-10 00:00:00,3500.0,7500.0,5750.0,94
Gujarat,Rajkot,Jasdan,Beans,Other,FAQ,2025-01-13 00:00:00,4500.0,6750.0,6000.0,94
Gujarat,Rajkot,Jasdan,Beans,Other,FAQ,2025-01-18 00:00:00,4500.0,6000.0,5500.0,94
Gujarat,Rajkot,Jasdan,Beans,Other,FAQ,2025-01-20 00:00:00,4000.0,6005.0,5250.0,94
Gujarat,Rajkot,Jasdan,Beans,Other,FAQ,2025-01-21 00:00:00,4000.0,5500.0,5400.0,94
Gujarat,Rajkot,Jasdan,Beans,Other,FAQ,2025-01-24 00:00:00,4500.0,6505.0,6000.0,94
Gujarat,Jamnagar,Jamnagar,Beans,Other,FAQ,2024-09-28 00:00:00,7500.0,9200.0,8650.0,94
Gujarat,Jamnagar,Jamnagar,Beans,Other,FAQ,2024-09-12 00:00:00,5000.0,14000.0,9850.0,94
Gujarat,Junagarh,Visavadar,Beans,Other,FAQ,2024-09-10 00:00:00,7725.0,9205.0,8465.0,94
Gujarat,Rajkot,Jasdan,Beans,Other,FAQ,2024-09-03 00:00:00,4500.0,7765.0,6000.0,94
Gujarat,Rajkot,Jasdan,Beans,Other,FAQ,2024-09-20 00:00:00,5500.0,11775.0,8500.0,94
Gujarat,Jamnagar,Jamnagar,Beans,Other,FAQ,2024-09-19 00:00:00,2000.0,2750.0,2555.0,94
Gujarat,Vadodara(Baroda),Vadodara,Beans,Other,FAQ,2024-09-14 00:00:00,7000.0,7500.0,7500.0,94
Gujarat,Jamnagar,Jamnagar,Beans,Other,FAQ,2024-09-11 00:00:00,3000.0,10000.0,7550.0,94
Gujarat,Porbandar,Porbandar,Beans,Beans (Whole),FAQ,2024-09-25 00:00:00,13700.0,13700.0,13700.0,94
Gujarat,Amreli,Rajula,Beans,Local,FAQ,2023-06-09 00:00:00,9505.0,9505.0,9505.0,94
Gujarat,Jamnagar,Jamnagar,Beans,Other,FAQ,2023-05-13 00:00:00,6375.0,7050.0,6850.0,94
Gujarat,Jamnagar,Jamnagar,Beans,Other,FAQ,2023-05-20 00:00:00,7800.0,8750.0,8300.0,94
Gujarat,Jamnagar,Jamnagar,Beans,Other,FAQ,2023-06-01 00:00:00,7500.0,9000.0,8350.0,94
Gujarat,Jamnagar,Jamnagar,Beans,Other,FAQ,2023-06-06 00:00:00,7500.0,10850.0,9250.0,94
Gujarat,Jamnagar,Jamnagar,Beans,Other,FAQ,2023-06-09 00:00:00,7500.0,10725.0,9250.0,94
Gujarat,Jamnagar,Jamnagar,Beans,Other,FAQ,2023-10-25 00:00:00,7500.0,12575.0,11250.0,94
Gujarat,Jamnagar,Jamnagar,Beans,Other,FAQ,2023-11-06 00:00:00,7500.0,14450.0,12350.0,94
Gujarat,Jamnagar,Jamnagar,Beans,Other,FAQ,2023-12-04 00:00:00,1500.0,3500.0,3000.0,94
Gujarat,Jamnagar,Jamnagar,Beans,Other,FAQ,2023-12-07 00:00:00,2000.0,15000.0,9050.0,94
Gujarat,Jamnagar,Jamnagar,Beans,Other,FAQ,2023-12-18 00:00:00,5000.0,16000.0,10250.0,94
Gujarat,Jamnagar,Jamnagar,Beans,Other,FAQ,2023-12-28 00:00:00,7500.0,9000.0,8350.0,94
Gujarat,Junagarh,Visavadar,Beans,Other,FAQ,2023-01-10 00:00:00,5375.0,6505.0,5800.0,94
Gujarat,Junagarh,Visavadar,Beans,Other,FAQ,2023-02-28 00:00:00,7000.0,9500.0,8250.0,94
Gujarat,Junagarh,Visavadar,Beans,Other,FAQ,2023-04-20 00:00:00,5000.0,6830.0,5915.0,94
Gujarat,Junagarh,Visavadar,Beans,Other,FAQ,2023-06-10 00:00:00,4750.0,6000.0,5375.0,94
Gujarat,Junagarh,Visavadar,Beans,Other,FAQ,2023-06-26 00:00:00,6000.0,7780.0,6890.0,94
Gujarat,Junagarh,Visavadar,Beans,Other,FAQ,2023-07-13 00:00:00,8250.0,9780.0,9015.0,94
Gujarat,Junagarh,Visavadar,Beans,Other,FAQ,2023-08-03 00:00:00,9000.0,10880.0,9940.0,94
Gujarat,Junagarh,Visavadar,Beans,Other,FAQ,2023-11-25 00:00:00,7675.0,9255.0,8465.0,94
Gujarat,Porbandar,Porbandar,Beans,Beans (Whole),FAQ,2023-02-14 00:00:00,6650.0,6650.0,6650.0,94
Gujarat,Porbandar,Porbandar,Beans,Beans (Whole),FAQ,2023-03-25 00:00:00,4000.0,6250.0,5125.0,94
Gujarat,Porbandar,Porbandar,Beans,Beans (Whole),FAQ,2023-04-08 00:00:00,6500.0,6500.0,6500.0,94
Gujarat,Porbandar,Porbandar,Beans,Beans (Whole),FAQ,2023-05-04 00:00:00,4025.0,6325.0,5175.0,94
Gujarat,Porbandar,Porbandar,Beans,Beans (Whole),FAQ,2023-05-12 00:00:00,7900.0,8375.0,8140.0,94
Gujarat,Porbandar,Porbandar,Beans,Beans (Whole),FAQ,2023-05-13 00:00:00,7875.0,8125.0,8000.0,94
Gujarat,Porbandar,Porbandar,Beans,Beans (Whole),FAQ,2023-05-17 00:00:00,7125.0,8275.0,7250.0,94
Gujarat,Porbandar,Porbandar,Beans,Beans (Whole),FAQ,2023-05-23 00:00:00,8250.0,8900.0,8575.0,94
Gujarat,Porbandar,Porbandar,Beans,Beans (Whole),FAQ,2023-05-25 00:00:00,8625.0,8850.0,8740.0,94
Gujarat,Porbandar,Porbandar,Beans,Beans (Whole),FAQ,2023-06-23 00:00:00,10825.0,11400.0,11115.0,94
Gujarat,Porbandar,Porbandar,Beans,Beans (Whole),FAQ,2023-06-29 00:00:00,10325.0,11625.0,10975.0,94
Gujarat,Porbandar,Porbandar,Beans,Beans (Whole),FAQ,2023-07-04 00:00:00,8050.0,8050.0,8050.0,94
Gujarat,Porbandar,Porbandar,Beans,Beans (Whole),FAQ,2023-07-26 00:00:00,9550.0,9550.0,9550.0,94
Gujarat,Porbandar,Porbandar,Beans,Beans (Whole),FAQ,2023-10-05 00:00:00,12700.0,12700.0,12700.0,94
Gujarat,Rajkot,Jasdan,Beans,Other,FAQ,2023-01-11 00:00:00,8000.0,12155.0,11000.0,94
Gujarat,Rajkot,Jasdan,Beans,Other,FAQ,2023-01-13 00:00:00,9000.0,12555.0,11250.0,94
Gujarat,Rajkot,Jasdan,Beans,Other,FAQ,2023-01-17 00:00:00,7500.0,11950.0,11000.0,94
Gujarat,Rajkot,Jasdan,Beans,Other,FAQ,2023-01-21 00:00:00,5500.0,11425.0,10250.0,94
Gujarat,Rajkot,Jasdan,Beans,Other,FAQ,2023-01-23 00:00:00,7500.0,11255.0,10500.0,94
Gujarat,Rajkot,Jasdan,Beans,Other,FAQ,2023-02-01 00:00:00,8000.0,11750.0,10000.0,94
Gujarat,Rajkot,Jasdan,Beans,Other,FAQ,2023-02-10 00:00:00,8500.0,13000.0,11750.0,94
Gujarat,Rajkot,Jasdan,Beans,Other,FAQ,2023-02-22 00:00:00,8250.0,12755.0,11500.0,94
Gujarat,Rajkot,Jasdan,Beans,Other,FAQ,2023-02-27 00:00:00,9000.0,12625.0,11500.0,94
Gujarat,Rajkot,Jasdan,Beans,Other,FAQ,2023-02-28 00:00:00,8000.0,12255.0,11500.0,94
Gujarat,Rajkot,Jasdan,Beans,Other,FAQ,2023-03-02 00:00:00,9000.0,12000.0,11750.0,94
Gujarat,Rajkot,Jasdan,Beans,Other,FAQ,2023-03-03 00:00:00,9000.0,12175.0,11500.0,94
Gujarat,Rajkot,Jasdan,Beans,Other,FAQ,2023-04-17 00:00:00,10000.0,14500.0,13500.0,94
Gujarat,Rajkot,Jasdan,Beans,Other,FAQ,2023-04-19 00:00:00,8000.0,14755.0,14000.0,94
Gujarat,Rajkot,Jasdan,Beans,Other,FAQ,2023-04-20 00:00:00,10000.0,14255.0,13250.0,94
Gujarat,Rajkot,Jasdan,Beans,Other,FAQ,2023-04-22 00:00:00,8000.0,14645.0,13000.0,94
Gujarat,Rajkot,Jasdan,Beans,Other,FAQ,2023-04-27 00:00:00,10000.0,14500.0,13000.0,94
Gujarat,Rajkot,Jasdan,Beans,Other,FAQ,2023-05-01 00:00:00,10000.0,15000.0,13250.0,94
Gujarat,Rajkot,Jasdan,Beans,Other,FAQ,2023-05-12 00:00:00,10500.0,16500.0,14000.0,94
Gujarat,Rajkot,Jasdan,Beans,Other,FAQ,2023-05-24 00:00:00,7500.0,14500.0,12000.0,94
Gujarat,Rajkot,Jasdan,Beans,Other,FAQ,2023-05-27 00:00:00,10000.0,15650.0,13250.0,94
Gujarat,Rajkot,Jasdan,Beans,Other,FAQ,2023-06-22 00:00:00,6000.0,14500.0,12750.0,94
Gujarat,Rajkot,Jasdan,Beans,Other,FAQ,2023-06-29 00:00:00,6000.0,14500.0,13250.0,94
Gujarat,Rajkot,Jasdan,Beans,Other,FAQ,2023-07-10 00:00:00,12500.0,15650.0,13750.0,94
Gujarat,Rajkot,Jasdan,Beans,Other,FAQ,2023-07-14 00:00:00,7500.0,15500.0,14000.0,94
Gujarat,Rajkot,Jasdan,Beans,Other,FAQ,2023-07-17 00:00:00,6000.0,15000.0,12500.0,94
Gujarat,Rajkot,Jasdan,Beans,Other,FAQ,2023-08-01 00:00:00,13000.0,13000.0,13000.0,94
Gujarat,Rajkot,Jasdan,Beans,Other,FAQ,2023-08-02 00:00:00,10000.0,15500.0,14250.0,94
Gujarat,Rajkot,Jasdan,Beans,Other,FAQ,2023-08-05 00:00:00,10000.0,13750.0,13000.0,94
Gujarat,Rajkot,Jasdan,Beans,Other,FAQ,2023-08-11 00:00:00,11000.0,13250.0,12500.0,94
Gujarat,Rajkot,Jasdan,Beans,Other,FAQ,2023-08-12 00:00:00,9900.0,9900.0,9900.0,94
Gujarat,Rajkot,Jasdan,Beans,Other,FAQ,2023-08-18 00:00:00,7000.0,16000.0,15000.0,94
Gujarat,Rajkot,Jasdan,Beans,Other,FAQ,2023-09-02 00:00:00,7500.0,15500.0,12500.0,94
Gujarat,Rajkot,Jasdan,Beans,Other,FAQ,2023-09-21 00:00:00,10000.0,19000.0,17500.0,94
Gujarat,Rajkot,Jasdan,Beans,Other,FAQ,2023-09-30 00:00:00,10000.0,20500.0,18500.0,94
Gujarat,Rajkot,Jasdan,Beans,Other,FAQ,2023-10-02 00:00:00,15500.0,20500.0,19000.0,94
Gujarat,Rajkot,Jasdan,Beans,Other,FAQ,2023-10-12 00:00:00,12500.0,22250.0,20000.0,94
Gujarat,Rajkot,Jasdan,Beans,Other,FAQ,2023-10-14 00:00:00,15000.0,21000.0,20000.0,94
Gujarat,Rajkot,Jasdan,Beans,Other,FAQ,2023-11-01 00:00:00,11500.0,20000.0,19000.0,94
Gujarat,Rajkot,Jasdan,Beans,Other,FAQ,2023-11-03 00:00:00,8000.0,21255.0,20000.0,94
Gujarat,Rajkot,Jasdan,Beans,Other,FAQ,2023-11-06 00:00:00,13000.0,22000.0,20000.0,94
Gujarat,Rajkot,Jasdan,Beans,Other,FAQ,2023-11-07 00:00:00,12500.0,21500.0,20000.0,94
Gujarat,Rajkot,Jasdan,Beans,Other,FAQ,2023-11-18 00:00:00,13000.0,20000.0,19500.0,94
Gujarat,Rajkot,Jasdan,Beans,Other,FAQ,2023-12-01 00:00:00,12500.0,23755.0,21000.0,94
Gujarat,Rajkot,Jasdan,Beans,Other,FAQ,2023-12-02 00:00:00,15000.0,23500.0,20000.0,94
Gujarat,Rajkot,Jasdan,Beans,Other,FAQ,2023-12-08 00:00:00,10000.0,23000.0,20000.0,94
Gujarat,Rajkot,Jasdan,Beans,Other,FAQ,2023-12-12 00:00:00,10000.0,13755.0,12500.0,94
Gujarat,Rajkot,Jasdan,Beans,Other,FAQ,2023-12-16 00:00:00,5000.0,8720.0,6500.0,94
Gujarat,Rajkot,Jasdan,Beans,Other,FAQ,2023-12-20 00:00:00,4500.0,8500.0,7000.0,94
Gujarat,Rajkot,Jasdan,Beans,Other,FAQ,2023-12-28 00:00:00,7500.0,10000.0,8500.0,94
Gujarat,Rajkot,Jasdan,Beans,Other,FAQ,2023-12-29 00:00:00,6000.0,10000.0,8500.0,94
Gujarat,Surat,Mandvi,Beans,Other,FAQ,2023-02-22 00:00:00,7500.0,8500.0,8000.0,94
Gujarat,Surat,Mandvi,Beans,Other,FAQ,2023-03-04 00:00:00,9500.0,10250.0,9875.0,94
Gujarat,Surat,Mandvi,Beans,Other,FAQ,2023-03-21 00:00:00,7000.0,9500.0,8250.0,94
Gujarat,Surat,Mandvi,Beans,Other,FAQ,2023-04-05 00:00:00,9000.0,9000.0,9000.0,94
Gujarat,Surat,Mandvi,Beans,Other,FAQ,2023-04-09 00:00:00,9750.0,9750.0,9750.0,94
Gujarat,Surat,Mandvi,Beans,Other,FAQ,2023-04-29 00:00:00,8000.0,8000.0,8000.0,94
Gujarat,Jamnagar,Jam Jodhpur,Beans,Beans (Whole),FAQ,2025-03-05 00:00:00,3505.0,4800.0,4055.0,94
Gujarat,Jamnagar,Jam Jodhpur,Beans,Beans (Whole),FAQ,2025-03-07 00:00:00,3505.0,5355.0,4255.0,94
Gujarat,Jamnagar,Jam Jodhpur,Beans,Beans (Whole),FAQ,2025-03-08 00:00:00,4005.0,5605.0,5005.0,94
Gujarat,Jamnagar,Jam Jodhpur,Beans,Beans (Whole),FAQ,2025-03-10 00:00:00,3505.0,5105.0,4405.0,94
Gujarat,Porbandar,Porbandar,Beans,Other,FAQ,2025-03-04 00:00:00,6525.0,6525.0,6525.0,94
Gujarat,Rajkot,Jasdan,Beans,Other,FAQ,2025-03-01 00:00:00,4000.0,5400.0,4750.0,94
Gujarat,Rajkot,Jasdan,Beans,Other,FAQ,2025-03-03 00:00:00,2250.0,5000.0,4750.0,94
Gujarat,Rajkot,Jasdan,Beans,Other,FAQ,2025-03-04 00:00:00,4000.0,5350.0,4755.0,94
Gujarat,Rajkot,Jasdan,Beans,Other,FAQ,2025-03-08 00:00:00,4500.0,6000.0,5500.0,94
Gujarat,Surat,Mandvi,Beans,Other,FAQ,2025-03-16 00:00:00,4000.0,5200.0,4600.0,94
Gujarat,Surat,Mandvi,Beans,Other,FAQ,2025-03-18 00:00:00,4000.0,4000.0,4000.0,94
Gujarat,Surat,Mandvi,Beans,Other,FAQ,2025-03-31 00:00:00,4500.0,4750.0,4625.0,94
Gujarat,Jamnagar,Jam Jodhpur,Beans,Beans (Whole),FAQ,2025-06-03 00:00:00,3005.0,4005.0,3505.0,94
Gujarat,Jamnagar,Jam Jodhpur,Beans,Beans (Whole),FAQ,2025-06-12 00:00:00,2505.0,4000.0,3155.0,94
Gujarat,Jamnagar,Jam Jodhpur,Beans,Beans (Whole),FAQ,2025-06-18 00:00:00,2000.0,4000.0,2505.0,94
Gujarat,Jamnagar,Jam Jodhpur,Beans,Beans (Whole),FAQ,2025-06-26 00:00:00,2505.0,4000.0,3255.0,94
Gujarat,Jamnagar,Jam Jodhpur,Beans,Beans (Whole),FAQ,2025-06-27 00:00:00,2505.0,3305.0,3005.0,94
Gujarat,Jamnagar,Jamnagar,Beans,Other,FAQ,2025-06-12 00:00:00,4500.0,7500.0,6150.0,94
Gujarat,Jamnagar,Jamnagar,Beans,Other,FAQ,2025-06-16 00:00:00,5500.0,7225.0,6450.0,94
Gujarat,Jamnagar,Jamnagar,Beans,Other,FAQ,2025-06-21 00:00:00,3500.0,7750.0,5775.0,94
Gujarat,Jamnagar,Jamnagar,Beans,Other,FAQ,2025-06-25 00:00:00,6000.0,8250.0,7125.0,94
Gujarat,Porbandar,Porbandar,Beans,Beans (Whole),FAQ,2025-06-18 00:00:00,6250.0,7275.0,6760.0,94
Gujarat,Porbandar,Porbandar,Beans,Beans (Whole),FAQ,2025-06-26 00:00:00,7350.0,8350.0,7850.0,94
Gujarat,Rajkot,Jasdan,Beans,Other,FAQ,2025-06-11 00:00:00,2500.0,4250.0,3500.0,94
Gujarat,Rajkot,Jasdan,Beans,Other,FAQ,2025-06-14 00:00:00,2000.0,4500.0,3500.0,94
Gujarat,Rajkot,Jasdan,Beans,Other,FAQ,2025-06-25 00:00:00,2500.0,4500.0,4000.0,94
Gujarat,Rajkot,Jasdan,Beans,Other,FAQ,2025-06-30 00:00:00,2250.0,5000.0,4000.0,94
Gujarat,Jamnagar,Jam Jodhpur,Beans,Beans (Whole),FAQ,2025-07-18 00:00:00,2500.0,4105.0,3555.0,94
Gujarat,Jamnagar,Jamnagar,Beans,Other,FAQ,2025-07-02 00:00:00,6000.0,8450.0,7225.0,94
Gujarat,Jamnagar,Jamnagar,Beans,Other,FAQ,2025-07-04 00:00:00,6000.0,8300.0,7150.0,94
Gujarat,Jamnagar,Jamnagar,Beans,Other,FAQ,2025-07-09 00:00:00,5000.0,7125.0,6063.0,94
Gujarat,Jamnagar,Jamnagar,Beans,Other,FAQ,2025-07-10 00:00:00,5500.0,7400.0,6625.0,94
Gujarat,Jamnagar,Jamnagar,Beans,Other,FAQ,2025-07-14 00:00:00,5750.0,6925.0,6425.0,94
Gujarat,Jamnagar,Jamnagar,Beans,Other,FAQ,2025-07-15 00:00:00,6425.0,7975.0,7350.0,94
Gujarat,Jamnagar,Jamnagar,Beans,Other,FAQ,2025-07-18 00:00:00,6000.0,7500.0,6550.0,94
Gujarat,Jamnagar,Jamnagar,Beans,Other,FAQ,2025-07-28 00:00:00,4900.0,6000.0,5550.0,94
Gujarat,Porbandar,Porbandar,Beans,Beans (Whole),FAQ,2025-07-01 00:00:00,7050.0,7900.0,7475.0,94
Gujarat,Porbandar,Porbandar,Beans,Beans (Whole),FAQ,2025-07-07 00:00:00,7250.0,8275.0,7760.0,94
Gujarat,Porbandar,Porbandar,Beans,Beans (Whole),FAQ,2025-07-12 00:00:00,6400.0,6925.0,6660.0,94
Gujarat,Porbandar,Porbandar,Beans,Beans (Whole),FAQ,2025-07-23 00:00:00,6000.0,6600.0,6300.0,94
Gujarat,Rajkot,Jasdan,Beans,Other,FAQ,2025-07-01 00:00:00,2500.0,4500.0,3500.0,94
Gujarat,Rajkot,Jasdan,Beans,Other,FAQ,2025-07-21 00:00:00,2000.0,4825.0,4000.0,94
Gujarat,Rajkot,Jasdan,Beans,Other,FAQ,2025-07-23 00:00:00,3500.0,5680.0,5000.0,94
Gujarat,Jamnagar,Jam Jodhpur,Beans,Beans (Whole),FAQ,2025-04-03 00:00:00,3505.0,5305.0,4605.0,94
Gujarat,Jamnagar,Jam Jodhpur,Beans,Beans (Whole),FAQ,2025-04-15 00:00:00,3505.0,5455.0,4305.0,94
Gujarat,Jamnagar,Jam Jodhpur,Beans,Beans (Whole),FAQ,2025-04-18 00:00:00,2505.0,4055.0,3505.0,94
Gujarat,Jamnagar,Jamnagar,Beans,Other,FAQ,2025-04-07 00:00:00,7500.0,12000.0,10550.0,94
Gujarat,Porbandar,Porbandar,Beans,Other,FAQ,2025-04-03 00:00:00,8700.0,9000.0,8850.0,94
Gujarat,Porbandar,Porbandar,Beans,Other,FAQ,2025-04-22 00:00:00,10050.0,10050.0,10050.0,94
Gujarat,Rajkot,Jasdan,Beans,Other,FAQ,2025-04-04 00:00:00,2500.0,6000.0,5500.0,94
Gujarat,Rajkot,Jasdan,Beans,Other,FAQ,2025-04-11 00:00:00,3000.0,6000.0,5500.0,94
Gujarat,Rajkot,Jasdan,Beans,Other,FAQ,2025-04-15 00:00:00,3000.0,6150.0,5500.0,94
Gujarat,Rajkot,Jasdan,Beans,Other,FAQ,2025-04-18 00:00:00,4500.0,5755.0,5500.0,94
Gujarat,Surat,Mandvi,Beans,Other,FAQ,2025-04-01 00:00:00,4000.0,4000.0,4000.0,94
Gujarat,Surat,Mandvi,Beans,Other,FAQ,2025-04-20 00:00:00,5000.0,5000.0,5000.0,94
Gujarat,Surat,Mandvi,Beans,Other,FAQ,2025-04-07 00:00:00,4850.0,5000.0,4925.0,94
Gujarat,Surat,Mandvi,Beans,Other,FAQ,2025-04-22 00:00:00,4750.0,4750.0,4750.0,94
Gujarat,Jamnagar,Jam Jodhpur,Beans,Beans (Whole),FAQ,2025-05-03 00:00:00,2905.0,5005.0,3955.0,94
Gujarat,Jamnagar,Jam Jodhpur,Beans,Beans (Whole),FAQ,2025-05-16 00:00:00,3505.0,5705.0,4605.0,94
Gujarat,Jamnagar,Jam Jodhpur,Beans,Beans (Whole),FAQ,2025-05-29 00:00:00,2505.0,4055.0,3255.0,94
Gujarat,Jamnagar,Jamnagar,Beans,Other,FAQ,2025-05-12 00:00:00,7525.0,10750.0,9525.0,94
Gujarat,Jamnagar,Jamnagar,Beans,Other,FAQ,2025-05-24 00:00:00,6250.0,8500.0,7625.0,94
Gujarat,Jamnagar,Jamnagar,Beans,Other,FAQ,2025-05-26 00:00:00,6600.0,8750.0,7725.0,94
Gujarat,Porbandar,Porbandar,Beans,Beans (Whole),FAQ,2025-05-14 00:00:00,7625.0,10750.0,9185.0,94
Gujarat,Porbandar,Porbandar,Beans,Beans (Whole),FAQ,2025-05-17 00:00:00,7500.0,9575.0,8535.0,94
Gujarat,Porbandar,Porbandar,Beans,Beans (Whole),FAQ,2025-05-23 00:00:00,7900.0,9250.0,8575.0,94
Gujarat,Porbandar,Porbandar,Beans,Beans (Whole),FAQ,2025-05-29 00:00:00,7000.0,8300.0,7650.0,94
Gujarat,Rajkot,Jasdan,Beans,Other,FAQ,2025-05-20 00:00:00,2500.0,5220.0,4500.0,94
Gujarat,Rajkot,Jasdan,Beans,Other,FAQ,2025-05-21 00:00:00,2500.0,5500.0,3900.0,94
Gujarat,Rajkot,Jasdan,Beans,Other,FAQ,2025-05-27 00:00:00,2500.0,4900.0,3750.0,94
Gujarat,Rajkot,Jasdan,Beans,Other,FAQ,2024-10-11 00:00:00,5250.0,9605.0,8500.0,94
Gujarat,Jamnagar,Jamnagar,Beans,Other,FAQ,2024-10-28 00:00:00,13000.0,16275.0,14750.0,94
Gujarat,Jamnagar,Jamnagar,Beans,Other,FAQ,2024-10-21 00:00:00,6550.0,15350.0,11550.0,94
Gujarat,Vadodara(Baroda),Vadodara,Beans,Other,FAQ,2024-10-22 00:00:00,7000.0,8000.0,8000.0,94
Gujarat,Rajkot,Jasdan,Beans,Other,FAQ,2024-10-08 00:00:00,5000.0,8900.0,8000.0,94
Gujarat,Rajkot,Jasdan,Beans,Other,FAQ,2024-10-07 00:00:00,5250.0,9625.0,8000.0,94
Gujarat,Jamnagar,Jamnagar,Beans,Other,FAQ,2024-11-12 00:00:00,5525.0,15700.0,11235.0,94
Gujarat,Jamnagar,Jamnagar,Beans,Other,FAQ,2024-11-29 00:00:00,4600.0,7500.0,6150.0,94
Gujarat,Rajkot,Jasdan,Beans,Other,FAQ,2024-11-08 00:00:00,2500.0,6000.0,5500.0,94
Gujarat,Rajkot,Jasdan,Beans,Other,FAQ,2024-11-19 00:00:00,5000.0,6000.0,5500.0,94
Gujarat,Rajkot,Jasdan,Beans,Other,FAQ,2024-11-20 00:00:00,4500.0,6650.0,5500.0,94
Gujarat,Rajkot,Jasdan,Beans,Other,FAQ,2024-11-21 00:00:00,3000.0,6500.0,6000.0,94
Gujarat,Rajkot,Jasdan,Beans,Other,FAQ,2024-11-23 00:00:00,3000.0,6500.0,5500.0,94
Gujarat,Jamnagar,Jamnagar,Beans,Other,FAQ,2024-12-07 00:00:00,2500.0,5300.0,3850.0,94
Gujarat,Jamnagar,Jamnagar,Beans,Other,FAQ,2024-12-12 00:00:00,7500.0,9250.0,8650.0,94
Gujarat,Jamnagar,Jamnagar,Beans,Other,FAQ,2024-12-17 00:00:00,5000.0,12775.0,9325.0,94
Gujarat,Junagarh,Visavadar,Beans,Other,FAQ,2024-12-11 00:00:00,4460.0,6230.0,5345.0,94
Gujarat,Porbandar,Porbandar,Beans,Beans (Whole),FAQ,2024-12-17 00:00:00,8500.0,11500.0,10000.0,94
Gujarat,Rajkot,Jasdan,Beans,Other,FAQ,2024-12-11 00:00:00,4000.0,5125.0,4755.0,94
Gujarat,Rajkot,Jasdan,Beans,Other,FAQ,2024-12-17 00:00:00,4500.0,6250.0,5500.0,94
Gujarat,Rajkot,Jasdan,Beans,Other,FAQ,2024-12-21 00:00:00,3500.0,5500.0,5255.0,94
Gujarat,Rajkot,Jasdan,Beans,Other,FAQ,2024-12-25 00:00:00,3775.0,5605.0,5350.0,94
Gujarat,Rajkot,Jasdan,Beans,Other,FAQ,2024-12-28 00:00:00,4500.0,5500.0,5375.0,94
Gujarat,Jamnagar,Jamnagar,Beans,Other,FAQ,2024-08-14 00:00:00,7500.0,8000.0,7950.0,94
Gujarat,Porbandar,Porbandar,Beans,Beans (Whole),FAQ,2024-08-16 00:00:00,11400.0,11400.0,11400.0,94
Gujarat,Porbandar,Porbandar,Beans,Beans (Whole),FAQ,2024-08-24 00:00:00,9775.0,9775.0,9775.0,94
Gujarat,Rajkot,Jasdan,Beans,Other,FAQ,2024-08-02 00:00:00,4575.0,8750.0,7000.0,94
Gujarat,Rajkot,Jasdan,Beans,Other,FAQ,2024-08-13 00:00:00,5000.0,8480.0,7000.0,94
Gujarat,Rajkot,Jasdan,Beans,Other,FAQ,2024-08-22 00:00:00,6300.0,8505.0,7750.0,94
Gujarat,Vadodara(Baroda),Vadodara,Beans,Other,FAQ,2024-08-30 00:00:00,7500.0,8500.0,8500.0,94
Gujarat,Jamnagar,Jamnagar,Beans,Other,FAQ,2024-07-05 00:00:00,2000.0,14650.0,9650.0,94
Gujarat,Jamnagar,Jamnagar,Beans,Other,FAQ,2024-07-15 00:00:00,11500.0,14650.0,12950.0,94
Gujarat,Jamnagar,Jamnagar,Beans,Other,FAQ,2024-07-27 00:00:00,1500.0,8450.0,5150.0,94
Gujarat,Rajkot,Jasdan,Beans,Other,FAQ,2024-07-16 00:00:00,3500.0,11275.0,9000.0,94
Gujarat,Rajkot,Jasdan,Beans,Other,FAQ,2024-07-20 00:00:00,5075.0,9405.0,7000.0,94
Gujarat,Rajkot,Jasdan,Beans,Other,FAQ,2024-07-29 00:00:00,4000.0,7800.0,6000.0,94
Gujarat,Vadodara(Baroda),Vadodara,Beans,Other,FAQ,2024-07-31 00:00:00,8000.0,9000.0,9000.0,94
Gujarat,Jamnagar,Jamnagar,Beans,Other,FAQ,2024-07-03 00:00:00,4000.0,14500.0,9725.0,94
Gujarat,Jamnagar,Jamnagar,Beans,Other,FAQ,2024-07-13 00:00:00,4000.0,14625.0,9313.0,94
Gujarat,Jamnagar,Jamnagar,Beans,Other,FAQ,2024-07-16 00:00:00,4000.0,5950.0,5050.0,94
Gujarat,Porbandar,Porbandar,Beans,Beans (Whole),FAQ,2024-07-16 00:00:00,7775.0,9000.0,8390.0,94
Gujarat,Porbandar,Porbandar,Beans,Beans (Whole),FAQ,2024-07-18 00:00:00,6500.0,8500.0,7500.0,94
Gujarat,Rajkot,Jasdan,Beans,Other,FAQ,2024-07-19 00:00:00,4575.0,8050.0,6000.0,94
Gujarat,Vadodara(Baroda),Vadodara,Beans,Other,FAQ,2024-07-19 00:00:00,6000.0,7400.0,7400.0,94
Gujarat,Porbandar,Porbandar APMC,Beans,Beans (Whole),FAQ,2025-11-13 00:00:00,5650.0,5650.0,5650.0,94
Gujarat,Porbandar,Porbandar APMC,Beans,Beans (Whole),FAQ,2025-11-24 00:00:00,5375.0,5375.0,5375.0,94
Gujarat,Rajkot,Jasdan APMC,Beans,Local,FAQ,2025-11-06 00:00:00,2750.0,4000.0,3750.0,94
Gujarat,Rajkot,Jasdan APMC,Beans,Local,FAQ,2025-11-25 00:00:00,1500.0,4500.0,3750.0,94
Gujarat,Jamnagar,Jamnagar APMC,Beans,Other,Local,2025-11-18 00:00:00,3250.0,5000.0,5000.0,94
Gujarat,Rajkot,Jasdan APMC,Beans,Local,FAQ,2025-11-08 00:00:00,2500.0,4000.0,3500.0,94
Gujarat,Rajkot,Jasdan APMC,Beans,Local,FAQ,2025-11-15 00:00:00,2500.0,4000.0,3500.0,94
Gujarat,Rajkot,Jasdan APMC,Beans,Local,FAQ,2025-11-24 00:00:00,3500.0,4500.0,4000.0,94
Gujarat,Rajkot,Jasdan APMC,Beans,Local,FAQ,2025-11-29 00:00:00,1750.0,4000.0,3500.0,94
Gujarat,Junagarh,Visavadar APMC,Beans,Other,FAQ,2025-11-20 00:00:00,3260.0,4380.0,3820.0,94
Gujarat,Jamnagar,Jamnagar APMC,Beans,Other,Local,2025-11-12 00:00:00,2500.0,3750.0,3750.0,94
Gujarat,Banaskanth,Palanpur APMC,Beans,Other,Local,2025-11-18 00:00:00,5255.0,5255.0,5255.0,94
Gujarat,Jamnagar,Jamnagar,Beans,Other,FAQ,2025-08-06 00:00:00,3500.0,5900.0,4925.0,94
Gujarat,Jamnagar,Jamnagar,Beans,Other,FAQ,2025-08-08 00:00:00,3000.0,6050.0,4650.0,94
Gujarat,Porbandar,Porbandar,Beans,Beans (Whole),FAQ,2025-08-30 00:00:00,4750.0,5600.0,5175.0,94
Gujarat,Porbandar,Porbandar,Beans,Other,FAQ,2025-08-11 00:00:00,5000.0,5850.0,5600.0,94
Gujarat,Porbandar,Porbandar,Beans,Other,FAQ,2025-08-29 00:00:00,4500.0,4525.0,4515.0,94
Gujarat,Rajkot,Jasdan,Beans,Other,FAQ,2025-08-08 00:00:00,2500.0,4750.0,4000.0,94
Gujarat,Rajkot,Jasdan,Beans,Other,FAQ,2025-08-21 00:00:00,2500.0,8755.0,4750.0,94
Gujarat,Rajkot,Jasdan,Beans,Other,FAQ,2025-08-25 00:00:00,2000.0,3750.0,3000.0,94
Gujarat,Rajkot,Jasdan,Beans,Other,FAQ,2025-08-30 00:00:00,1500.0,4000.0,3500.0,94
Gujarat,Jamnagar,Jamnagar,Beans,Other,FAQ,2025-09-09 00:00:00,2400.0,4400.0,3650.0,94
Gujarat,Jamnagar,Jamnagar,Beans,Other,FAQ,2025-09-11 00:00:00,4500.0,4900.0,4825.0,94
Gujarat,Jamnagar,Jamnagar,Beans,Other,FAQ,2025-09-12 00:00:00,4525.0,6100.0,5625.0,94
Gujarat,Jamnagar,Jamnagar,Beans,Other,FAQ,2025-09-20 00:00:00,2500.0,5850.0,4575.0,94
Gujarat,Porbandar,Porbandar,Beans,Other,FAQ,2025-09-15 00:00:00,3500.0,3500.0,3500.0,94
Gujarat,Rajkot,Jasdan,Beans,Other,FAQ,2025-09-04 00:00:00,2000.0,3750.0,3250.0,94
Gujarat,Rajkot,Jasdan,Beans,Other,FAQ,2025-09-06 00:00:00,1500.0,4000.0,3500.0,94
Gujarat,Rajkot,Jasdan,Beans,Other,FAQ,2025-09-10 00:00:00,2000.0,4000.0,3250.0,94
Gujarat,Rajkot,Jasdan,Beans,Other,FAQ,2025-09-13 00:00:00,2000.0,7000.0,3750.0,94
Gujarat,Rajkot,Jasdan,Beans,Other,FAQ,2025-09-16 00:00:00,2000.0,4500.0,3500.0,94
Gujarat,Rajkot,Jasdan,Beans,Other,FAQ,2025-09-23 00:00:00,2500.0,3750.0,3000.0,94
Gujarat,Rajkot,Jasdan,Beans,Other,FAQ,2025-09-30 00:00:00,1650.0,2500.0,2000.0,94
Gujarat,Jamnagar,Jamnagar,Beans,Other,FAQ,2025-11-03 00:00:00,2100.0,4850.0,3850.0,94
Gujarat,Jamnagar,Jamnagar,Beans,Other,FAQ,2025-11-04 00:00:00,6000.0,7800.0,7525.0,94
Gujarat,Jamnagar,Jamnagar,Beans,Other,FAQ,2025-10-07 00:00:00,4825.0,6400.0,5925.0,94
Gujarat,Jamnagar,Jamnagar,Beans,Other,FAQ,2025-10-11 00:00:00,1650.0,3975.0,3525.0,94
Gujarat,Jamnagar,Jamnagar,Beans,Other,FAQ,2025-10-17 00:00:00,5850.0,6150.0,6150.0,94
Gujarat,Jamnagar,Jamnagar,Beans,Other,FAQ,2025-10-27 00:00:00,4950.0,5750.0,5750.0,94
Gujarat,Rajkot,Jasdan,Beans,Other,FAQ,2025-10-01 00:00:00,1250.0,3000.0,2500.0,94
Gujarat,Rajkot,Jasdan,Beans,Other,FAQ,2025-10-09 00:00:00,2000.0,3500.0,3000.0,94
Gujarat,Rajkot,Jasdan,Beans,Other,FAQ,2025-10-14 00:00:00,1750.0,3500.0,2500.0,94
Gujarat,Porbandar,Porbandar APMC,Beans,Beans (Whole),Local,2026-01-28 00:00:00,6225.0,6225.0,6225.0,94
Gujarat,Porbandar,Porbandar APMC,Beans,Beans (Whole),FAQ,2026-01-19 00:00:00,5550.0,5550.0,5550.0,94
Gujarat,Rajkot,Jasdan APMC,Beans,Local,FAQ,2026-01-09 00:00:00,3500.0,4650.0,4000.0,94
Gujarat,Rajkot,Jasdan APMC,Beans,Local,FAQ,2026-01-20 00:00:00,4000.0,5000.0,4250.0,94
Gujarat,Rajkot,Jasdan APMC,Beans,Local,FAQ,2026-01-19 00:00:00,4000.0,5000.0,4500.0,94
Gujarat,Rajkot,Jasdan APMC,Beans,Local,FAQ,2026-01-28 00:00:00,2500.0,4755.0,4000.0,94
Gujarat,Rajkot,Jasdan APMC,Beans,Local,FAQ,2026-01-30 00:00:00,2500.0,4500.0,3750.0,94
Gujarat,Jamnagar,Jamnagar APMC,Beans,Other,Local,2026-01-05 00:00:00,4000.0,4250.0,4250.0,94
Gujarat,Jamnagar,Jamnagar APMC,Beans,Other,Local,2026-01-13 00:00:00,3500.0,3750.0,3750.0,94
Gujarat,Jamnagar,Jamnagar APMC,Beans,Other,Local,2026-01-16 00:00:00,4400.0,5775.0,5050.0,94
Gujarat,Porbandar,Porbandar APMC,Beans,Beans (Whole),Local,2026-01-15 00:00:00,5200.0,6125.0,5660.0,94
Gujarat,Amreli,Rajula,Beans,Beans (Whole),FAQ,2017-07-24 00:00:00,2505.0,2505.0,2505.0,94
Gujarat,Amreli,Rajula,Beans,Beans (Whole),FAQ,2017-08-22 00:00:00,1755.0,1755.0,1755.0,94
Gujarat,Amreli,Rajula,Beans,Beans (Whole),FAQ,2017-09-19 00:00:00,2010.0,2010.0,2010.0,94
Gujarat,Amreli,Rajula,Beans,Beans (Whole),FAQ,2017-10-12 00:00:00,770.0,770.0,770.0,94
Gujarat,Amreli,Rajula,Beans,Beans (Whole),FAQ,2017-10-13 00:00:00,1180.0,1455.0,1318.0,94
Gujarat,Amreli,Rajula,Beans,Beans (Whole),FAQ,2017-11-06 00:00:00,3060.0,3125.0,3093.0,94
Gujarat,Amreli,Rajula,Beans,Beans (Whole),FAQ,2017-11-08 00:00:00,1260.0,1260.0,1260.0,94
Gujarat,Amreli,Rajula,Beans,Beans (Whole),FAQ,2017-11-16 00:00:00,1610.0,1610.0,1610.0,94
Gujarat,Amreli,Rajula,Beans,Beans (Whole),FAQ,2017-11-20 00:00:00,1025.0,1025.0,1025.0,94
Gujarat,Anand,Tarapur,Beans,Other,FAQ,2017-03-10 00:00:00,4505.0,4855.0,4798.0,94
Gujarat,Anand,Tarapur,Beans,Other,FAQ,2017-03-16 00:00:00,4505.0,4750.0,4750.0,94
Gujarat,Anand,Tarapur,Beans,Other,FAQ,2017-04-13 00:00:00,4500.0,5400.0,5100.0,94
Gujarat,Anand,Tarapur,Beans,Other,FAQ,2017-04-17 00:00:00,4500.0,5650.0,5610.0,94
Gujarat,Anand,Tarapur,Beans,Other,FAQ,2017-07-17 00:00:00,2500.0,5325.0,5300.0,94
Gujarat,Dahod,Dahod,Beans,Beans (Whole),FAQ,2017-02-04 00:00:00,4200.0,4650.0,4500.0,94
Gujarat,Dahod,Dahod,Beans,Beans (Whole),FAQ,2017-03-01 00:00:00,4200.0,4650.0,4600.0,94
Gujarat,Dahod,Dahod,Beans,Beans (Whole),FAQ,2017-03-03 00:00:00,4200.0,4600.0,4400.0,94
Gujarat,Dahod,Dahod,Beans,Beans (Whole),FAQ,2017-03-09 00:00:00,4200.0,4600.0,4400.0,94
Gujarat,Dahod,Dahod,Beans,Beans (Whole),FAQ,2017-05-02 00:00:00,4000.0,5000.0,4500.0,94
Gujarat,Dahod,Dahod,Beans,Beans (Whole),FAQ,2017-05-06 00:00:00,4000.0,4500.0,4400.0,94
Gujarat,Dahod,Dahod,Beans,Beans (Whole),FAQ,2017-06-08 00:00:00,4200.0,4300.0,4250.0,94
Gujarat,Dahod,Dahod,Beans,Beans (Whole),FAQ,2017-07-31 00:00:00,2800.0,3000.0,2900.0,94
Gujarat,Dahod,Dahod,Beans,Beans (Whole),FAQ,2017-08-04 00:00:00,2800.0,3000.0,2900.0,94
Gujarat,Dahod,Dahod,Beans,Beans (Whole),FAQ,2017-08-08 00:00:00,2800.0,3000.0,2900.0,94
Gujarat,Jamnagar,Jam Jodhpur,Beans,Other,FAQ,2017-02-08 00:00:00,3700.0,4050.0,3850.0,94
Gujarat,Jamnagar,Jam Jodhpur,Beans,Other,FAQ,2017-02-21 00:00:00,2550.0,4050.0,3300.0,94
Gujarat,Jamnagar,Jam Jodhpur,Beans,Other,FAQ,2017-02-28 00:00:00,2500.0,3150.0,2900.0,94
Gujarat,Jamnagar,Jam Jodhpur,Beans,Other,FAQ,2017-03-18 00:00:00,2550.0,4050.0,3330.0,94
Gujarat,Jamnagar,Jam Jodhpur,Beans,Other,FAQ,2017-03-20 00:00:00,3000.0,3850.0,3500.0,94
Gujarat,Jamnagar,Jam Jodhpur,Beans,Other,FAQ,2017-04-15 00:00:00,2500.0,3000.0,2750.0,94
Gujarat,Jamnagar,Jam Jodhpur,Beans,Other,FAQ,2017-04-26 00:00:00,2550.0,3700.0,3125.0,94
Gujarat,Jamnagar,Jam Jodhpur,Beans,Other,FAQ,2017-05-01 00:00:00,2600.0,3700.0,3150.0,94
Gujarat,Jamnagar,Jam Jodhpur,Beans,Other,FAQ,2017-07-28 00:00:00,2000.0,3000.0,2500.0,94
Gujarat,Jamnagar,Jam Jodhpur,Beans,Other,FAQ,2017-12-15 00:00:00,1250.0,2250.0,1750.0,94
Gujarat,Jamnagar,Jam Jodhpur,Beans,Other,FAQ,2017-12-30 00:00:00,2000.0,2600.0,2300.0,94
Gujarat,Jamnagar,Jamnagar,Beans,Other,FAQ,2017-01-05 00:00:00,3500.0,5275.0,4388.0,94
Gujarat,Jamnagar,Jamnagar,Beans,Other,FAQ,2017-01-11 00:00:00,3725.0,9725.0,6725.0,94
Gujarat,Jamnagar,Jamnagar,Beans,Other,FAQ,2017-01-13 00:00:00,4000.0,4525.0,4263.0,94
Gujarat,Jamnagar,Jamnagar,Beans,Other,FAQ,2017-01-20 00:00:00,4075.0,6525.0,5300.0,94
Gujarat,Jamnagar,Jamnagar,Beans,Other,FAQ,2017-01-24 00:00:00,1500.0,4250.0,2875.0,94
Gujarat,Jamnagar,Jamnagar,Beans,Other,FAQ,2017-02-21 00:00:00,5000.0,7575.0,6287.0,94
Gujarat,Jamnagar,Jamnagar,Beans,Other,FAQ,2017-02-25 00:00:00,4525.0,7525.0,6025.0,94
Gujarat,Jamnagar,Jamnagar,Beans,Other,FAQ,2017-02-27 00:00:00,2000.0,2500.0,2250.0,94
Gujarat,Jamnagar,Jamnagar,Beans,Other,FAQ,2017-03-03 00:00:00,4500.0,4775.0,4637.0,94
Gujarat,Jamnagar,Jamnagar,Beans,Other,FAQ,2017-05-09 00:00:00,3500.0,6300.0,4900.0,94
Gujarat,Jamnagar,Jamnagar,Beans,Other,FAQ,2017-05-13 00:00:00,3500.0,7550.0,5525.0,94
Gujarat,Jamnagar,Jamnagar,Beans,Other,FAQ,2017-05-19 00:00:00,5000.0,8700.0,6850.0,94
Gujarat,Jamnagar,Jamnagar,Beans,Other,FAQ,2017-06-07 00:00:00,4000.0,7775.0,5888.0,94
Gujarat,Jamnagar,Jamnagar,Beans,Other,FAQ,2017-06-16 00:00:00,5000.0,8200.0,6600.0,94
Gujarat,Jamnagar,Jamnagar,Beans,Other,FAQ,2017-06-27 00:00:00,3500.0,7100.0,5300.0,94
Gujarat,Jamnagar,Jamnagar,Beans,Other,FAQ,2017-07-25 00:00:00,3000.0,3525.0,3263.0,94
Gujarat,Jamnagar,Jamnagar,Beans,Other,FAQ,2017-09-05 00:00:00,4100.0,7025.0,5563.0,94
Gujarat,Jamnagar,Jamnagar,Beans,Other,FAQ,2017-09-11 00:00:00,3500.0,7900.0,5700.0,94
Gujarat,Jamnagar,Jamnagar,Beans,Other,FAQ,2017-09-16 00:00:00,4500.0,5125.0,4813.0,94
Gujarat,Jamnagar,Jamnagar,Beans,Other,FAQ,2017-09-20 00:00:00,5000.0,7925.0,6463.0,94
Gujarat,Jamnagar,Jamnagar,Beans,Other,FAQ,2017-09-22 00:00:00,5000.0,7850.0,6425.0,94
Gujarat,Jamnagar,Jamnagar,Beans,Other,FAQ,2017-10-04 00:00:00,2075.0,7000.0,4538.0,94
Gujarat,Jamnagar,Jamnagar,Beans,Other,FAQ,2017-10-16 00:00:00,3000.0,6325.0,4663.0,94
Gujarat,Jamnagar,Jamnagar,Beans,Other,FAQ,2017-10-26 00:00:00,2500.0,2650.0,2575.0,94
Gujarat,Jamnagar,Jamnagar,Beans,Other,FAQ,2017-10-28 00:00:00,5000.0,7200.0,6100.0,94
Gujarat,Jamnagar,Jamnagar,Beans,Other,FAQ,2017-11-09 00:00:00,5000.0,7250.0,6125.0,94
Gujarat,Jamnagar,Jamnagar,Beans,Other,FAQ,2017-11-10 00:00:00,5000.0,5825.0,5413.0,94
Gujarat,Jamnagar,Jamnagar,Beans,Other,FAQ,2017-11-16 00:00:00,3500.0,4900.0,4200.0,94
Gujarat,Junagarh,Junagadh,Beans,Beans (Whole),FAQ,2017-01-09 00:00:00,5000.0,6000.0,5500.0,94
Gujarat,Junagarh,Junagadh,Beans,Beans (Whole),FAQ,2017-01-11 00:00:00,5000.0,6000.0,5500.0,94
Gujarat,Junagarh,Junagadh,Beans,Beans (Whole),FAQ,2017-01-16 00:00:00,5250.0,5250.0,5250.0,94
Gujarat,Junagarh,Junagadh,Beans,Beans (Whole),FAQ,2017-01-31 00:00:00,3700.0,4950.0,4250.0,94
Gujarat,Junagarh,Junagadh,Beans,Beans (Whole),FAQ,2017-02-10 00:00:00,2500.0,3625.0,3250.0,94
Gujarat,Junagarh,Junagadh,Beans,Beans (Whole),FAQ,2017-02-17 00:00:00,2750.0,3900.0,3500.0,94
Gujarat,Junagarh,Junagadh,Beans,Beans (Whole),FAQ,2017-03-04 00:00:00,4750.0,4750.0,4750.0,94
Gujarat,Junagarh,Junagadh,Beans,Beans (Whole),FAQ,2017-03-18 00:00:00,2255.0,3500.0,3250.0,94
Gujarat,Junagarh,Junagadh,Beans,Beans (Whole),FAQ,2017-03-21 00:00:00,3000.0,3750.0,3500.0,94
Gujarat,Junagarh,Junagadh,Beans,Beans (Whole),FAQ,2017-03-22 00:00:00,2750.0,3525.0,3250.0,94
Gujarat,Junagarh,Junagadh,Beans,Beans (Whole),FAQ,2017-04-12 00:00:00,3000.0,4660.0,4250.0,94
Gujarat,Junagarh,Junagadh,Beans,Beans (Whole),FAQ,2017-04-19 00:00:00,2750.0,4550.0,4000.0,94
Gujarat,Junagarh,Junagadh,Beans,Beans (Whole),FAQ,2017-04-27 00:00:00,3625.0,4635.0,4100.0,94
Gujarat,Junagarh,Junagadh,Beans,Beans (Whole),FAQ,2017-05-09 00:00:00,2275.0,2675.0,2500.0,94
Gujarat,Junagarh,Junagadh,Beans,Beans (Whole),FAQ,2017-05-18 00:00:00,3250.0,3910.0,3700.0,94
Gujarat,Junagarh,Junagadh,Beans,Beans (Whole),FAQ,2017-05-27 00:00:00,2500.0,3450.0,3000.0,94
Gujarat,Junagarh,Junagadh,Beans,Beans (Whole),FAQ,2017-06-01 00:00:00,2500.0,3100.0,2900.0,94
Gujarat,Junagarh,Junagadh,Beans,Beans (Whole),FAQ,2017-06-09 00:00:00,2500.0,3300.0,2750.0,94
Gujarat,Junagarh,Junagadh,Beans,Beans (Whole),FAQ,2017-06-29 00:00:00,3000.0,3000.0,3000.0,94
Gujarat,Junagarh,Junagadh,Beans,Beans (Whole),FAQ,2017-08-09 00:00:00,3400.0,4750.0,4125.0,94
Gujarat,Junagarh,Junagadh,Beans,Beans (Whole),FAQ,2017-09-21 00:00:00,1500.0,1750.0,1625.0,94
Gujarat,Junagarh,Junagadh,Beans,Beans (Whole),FAQ,2017-10-03 00:00:00,2000.0,2500.0,2250.0,94
Gujarat,Junagarh,Junagadh,Beans,Beans (Whole),FAQ,2017-10-11 00:00:00,2000.0,3550.0,3100.0,94
Gujarat,Junagarh,Junagadh,Beans,Beans (Whole),FAQ,2017-10-13 00:00:00,2150.0,2150.0,2150.0,94
Gujarat,Junagarh,Junagadh,Beans,Beans (Whole),FAQ,2017-11-15 00:00:00,2000.0,3425.0,2750.0,94
Gujarat,Junagarh,Junagadh,Beans,Beans (Whole),FAQ,2017-11-20 00:00:00,3000.0,3175.0,3100.0,94
Gujarat,Junagarh,Junagadh,Beans,Beans (Whole),FAQ,2017-11-21 00:00:00,1500.0,1500.0,1500.0,94
Gujarat,Junagarh,Visavadar,Beans,Other,FAQ,2017-01-04 00:00:00,4500.0,5000.0,4750.0,94
Gujarat,Junagarh,Visavadar,Beans,Other,FAQ,2017-02-13 00:00:00,2625.0,3065.0,2845.0,94
Gujarat,Junagarh,Visavadar,Beans,Other,FAQ,2017-04-03 00:00:00,2505.0,3475.0,2990.0,94
Gujarat,Junagarh,Visavadar,Beans,Other,FAQ,2017-04-08 00:00:00,2900.0,3500.0,3200.0,94
Gujarat,Junagarh,Visavadar,Beans,Other,FAQ,2017-04-27 00:00:00,2600.0,3150.0,2875.0,94
Gujarat,Porbandar,Porbandar,Beans,Beans (Whole),FAQ,2017-03-01 00:00:00,0.0,4725.0,4725.0,94
Gujarat,Porbandar,Porbandar,Beans,Beans (Whole),FAQ,2017-05-15 00:00:00,6300.0,6625.0,6450.0,94
Gujarat,Porbandar,Porbandar,Beans,Beans (Whole),FAQ,2017-05-20 00:00:00,6325.0,6425.0,6375.0,94
Gujarat,Porbandar,Porbandar,Beans,Beans (Whole),FAQ,2017-06-01 00:00:00,6125.0,7075.0,6600.0,94
Gujarat,Porbandar,Porbandar,Beans,Beans (Whole),FAQ,2017-06-12 00:00:00,0.0,7325.0,7325.0,94
Gujarat,Porbandar,Porbandar,Beans,Beans (Whole),FAQ,2017-06-19 00:00:00,5250.0,6625.0,5935.0,94
Gujarat,Porbandar,Porbandar,Beans,Beans (Whole),FAQ,2017-06-24 00:00:00,5975.0,6875.0,6425.0,94
Gujarat,Porbandar,Porbandar,Beans,Beans (Whole),FAQ,2017-06-26 00:00:00,0.0,5775.0,5775.0,94
Gujarat,Porbandar,Porbandar,Beans,Beans (Whole),FAQ,2017-11-10 00:00:00,0.0,4325.0,4325.0,94
Gujarat,Porbandar,Porbandar,Beans,Beans (Whole),FAQ,2017-11-13 00:00:00,4125.0,7025.0,5575.0,94
Gujarat,Rajkot,Jasdan,Beans,Other,FAQ,2017-01-07 00:00:00,2000.0,3500.0,2500.0,94
Gujarat,Rajkot,Jasdan,Beans,Other,FAQ,2017-01-18 00:00:00,3000.0,3750.0,3500.0,94
Gujarat,Rajkot,Jasdan,Beans,Other,FAQ,2017-01-23 00:00:00,2500.0,4000.0,3625.0,94
Gujarat,Rajkot,Jasdan,Beans,Other,FAQ,2017-01-30 00:00:00,2500.0,4000.0,3500.0,94
Gujarat,Rajkot,Jasdan,Beans,Other,FAQ,2017-02-15 00:00:00,2250.0,4000.0,3500.0,94
Gujarat,Rajkot,Jasdan,Beans,Other,FAQ,2017-02-28 00:00:00,2500.0,3500.0,3125.0,94
Gujarat,Rajkot,Jasdan,Beans,Other,FAQ,2017-03-01 00:00:00,2250.0,3625.0,3250.0,94
Gujarat,Rajkot,Jasdan,Beans,Other,FAQ,2017-03-03 00:00:00,2500.0,6500.0,4000.0,94
Gujarat,Rajkot,Jasdan,Beans,Other,FAQ,2017-03-06 00:00:00,1500.0,3500.0,2500.0,94
Gujarat,Rajkot,Jasdan,Beans,Other,FAQ,2017-03-17 00:00:00,2000.0,4000.0,3000.0,94
Gujarat,Rajkot,Jasdan,Beans,Other,FAQ,2017-03-21 00:00:00,2000.0,4500.0,3500.0,94
Gujarat,Rajkot,Jasdan,Beans,Other,FAQ,2017-04-06 00:00:00,3500.0,4125.0,3750.0,94
Gujarat,Rajkot,Jasdan,Beans,Other,FAQ,2017-04-13 00:00:00,2000.0,4125.0,3750.0,94
Gujarat,Rajkot,Jasdan,Beans,Other,FAQ,2017-04-28 00:00:00,2000.0,4000.0,3330.0,94
Gujarat,Rajkot,Jasdan,Beans,Other,FAQ,2017-05-17 00:00:00,1250.0,3550.0,3125.0,94
Gujarat,Rajkot,Jasdan,Beans,Other,FAQ,2017-05-19 00:00:00,1500.0,3850.0,2750.0,94
Gujarat,Rajkot,Jasdan,Beans,Other,FAQ,2017-05-23 00:00:00,1250.0,3000.0,2250.0,94
Gujarat,Rajkot,Jasdan,Beans,Other,FAQ,2017-05-26 00:00:00,1250.0,3000.0,2250.0,94
Gujarat,Rajkot,Jasdan,Beans,Other,FAQ,2017-06-22 00:00:00,1500.0,1500.0,1500.0,94
Gujarat,Rajkot,Jasdan,Beans,Other,FAQ,2017-06-23 00:00:00,1000.0,2500.0,2000.0,94
Gujarat,Rajkot,Jasdan,Beans,Other,FAQ,2017-08-08 00:00:00,1500.0,3300.0,2250.0,94
Gujarat,Rajkot,Jasdan,Beans,Other,FAQ,2017-08-25 00:00:00,1250.0,3025.0,2500.0,94
Gujarat,Rajkot,Jasdan,Beans,Other,FAQ,2017-08-30 00:00:00,1850.0,1850.0,1850.0,94
Gujarat,Rajkot,Jasdan,Beans,Other,FAQ,2017-09-01 00:00:00,2250.0,3075.0,2750.0,94
Gujarat,Rajkot,Jasdan,Beans,Other,FAQ,2017-09-04 00:00:00,700.0,2825.0,2500.0,94
Gujarat,Rajkot,Jasdan,Beans,Other,FAQ,2017-09-06 00:00:00,1500.0,2500.0,2000.0,94
Gujarat,Rajkot,Jasdan,Beans,Other,FAQ,2017-09-14 00:00:00,1000.0,2150.0,1500.0,94
Gujarat,Rajkot,Jasdan,Beans,Other,FAQ,2017-09-19 00:00:00,1000.0,2500.0,2000.0,94
Gujarat,Rajkot,Jasdan,Beans,Other,FAQ,2017-09-25 00:00:00,1500.0,2260.0,2000.0,94
Gujarat,Rajkot,Jasdan,Beans,Other,FAQ,2017-10-07 00:00:00,1500.0,2000.0,1750.0,94
Gujarat,Rajkot,Jasdan,Beans,Other,FAQ,2017-11-01 00:00:00,1755.0,1755.0,1755.0,94
Gujarat,Rajkot,Jasdan,Beans,Other,FAQ,2017-11-07 00:00:00,1000.0,1750.0,1500.0,94
Gujarat,Rajkot,Jasdan,Beans,Other,FAQ,2017-12-16 00:00:00,1200.0,1750.0,1500.0,94
Gujarat,Rajkot,Jasdan,Beans,Other,FAQ,2017-12-20 00:00:00,1330.0,1330.0,1330.0,94
Gujarat,Rajkot,Jasdan,Beans,Other,FAQ,2017-12-27 00:00:00,1275.0,1275.0,1275.0,94
Gujarat,Surat,Mandvi,Beans,Other,FAQ,2017-03-01 00:00:00,4500.0,4500.0,4500.0,94
Gujarat,Surat,Mandvi,Beans,Other,FAQ,2017-03-10 00:00:00,4500.0,4500.0,4500.0,94
Gujarat,Surat,Mandvi,Beans,Other,FAQ,2017-04-01 00:00:00,5100.0,5100.0,5100.0,94
Gujarat,Surat,Mandvi,Beans,Other,FAQ,2017-04-11 00:00:00,6750.0,6750.0,6750.0,94
Gujarat,Surat,Mandvi,Beans,Other,FAQ,2017-05-02 00:00:00,5600.0,5600.0,5600.0,94
Gujarat,Surat,S.Mandvi,Beans,Other,FAQ,2017-04-10 00:00:00,7500.0,7500.0,7500.0,94
Gujarat,Surat,S.Mandvi,Beans,Other,FAQ,2017-04-12 00:00:00,7000.0,7000.0,7000.0,94
Gujarat,Surat,S.Mandvi,Beans,Other,FAQ,2017-04-13 00:00:00,6000.0,6000.0,6000.0,94
Gujarat,Surat,S.Mandvi,Beans,Other,FAQ,2017-04-21 00:00:00,5500.0,5500.0,5500.0,94
Gujarat,Surat,S.Mandvi,Beans,Other,FAQ,2017-04-26 00:00:00,2500.0,2500.0,2500.0,94
Gujarat,Surat,Songadh,Beans,Other,FAQ,2017-03-08 00:00:00,4600.0,4600.0,4600.0,94
Gujarat,Surat,Songadh,Beans,Other,FAQ,2017-03-18 00:00:00,7255.0,7255.0,7255.0,94
Gujarat,Surat,Songadh,Beans,Other,FAQ,2017-03-21 00:00:00,7075.0,7075.0,7075.0,94
Gujarat,Surat,Songadh,Beans,Other,FAQ,2017-04-08 00:00:00,7450.0,7450.0,7450.0,94
Gujarat,Surat,Songadh,Beans,Other,FAQ,2017-06-19 00:00:00,4250.0,4500.0,4375.0,94
Gujarat,Surat,Songadh,Beans,Other,FAQ,2017-06-20 00:00:00,4460.0,4460.0,4460.0,94
Gujarat,Vadodara(Baroda),Vadodara,Beans,Other,FAQ,2017-01-11 00:00:00,3500.0,5500.0,5500.0,94
Gujarat,Vadodara(Baroda),Vadodara,Beans,Other,FAQ,2017-02-04 00:00:00,4500.0,5600.0,5600.0,94
Gujarat,Vadodara(Baroda),Vadodara,Beans,Other,FAQ,2017-02-11 00:00:00,4000.0,5500.0,5500.0,94
Gujarat,Vadodara(Baroda),Vadodara,Beans,Other,FAQ,2017-03-02 00:00:00,4000.0,5000.0,5000.0,94
Gujarat,Vadodara(Baroda),Vadodara,Beans,Other,FAQ,2017-03-07 00:00:00,4000.0,5000.0,5000.0,94
Gujarat,Vadodara(Baroda),Vadodara,Beans,Other,FAQ,2017-03-10 00:00:00,4500.0,5000.0,5000.0,94
Gujarat,Vadodara(Baroda),Vadodara,Beans,Other,FAQ,2017-04-06 00:00:00,4500.0,5500.0,5500.0,94
Gujarat,Vadodara(Baroda),Vadodara,Beans,Other,FAQ,2017-04-19 00:00:00,4500.0,5500.0,5500.0,94
Gujarat,Vadodara(Baroda),Vadodara,Beans,Other,FAQ,2017-05-23 00:00:00,5000.0,5500.0,5500.0,94
Gujarat,Vadodara(Baroda),Vadodara,Beans,Other,FAQ,2017-05-25 00:00:00,5000.0,5500.0,5500.0,94
Gujarat,Vadodara(Baroda),Vadodara,Beans,Other,FAQ,2017-06-16 00:00:00,4000.0,5000.0,5000.0,94
Gujarat,Vadodara(Baroda),Vadodara,Beans,Other,FAQ,2017-06-17 00:00:00,4000.0,5000.0,5000.0,94
Gujarat,Vadodara(Baroda),Vadodara,Beans,Other,FAQ,2017-07-11 00:00:00,4000.0,5000.0,5000.0,94
Gujarat,Vadodara(Baroda),Vadodara,Beans,Other,FAQ,2017-07-14 00:00:00,4000.0,5000.0,5000.0,94
Gujarat,Vadodara(Baroda),Vadodara,Beans,Other,FAQ,2017-08-14 00:00:00,4000.0,4500.0,4500.0,94
Gujarat,Vadodara(Baroda),Vadodara,Beans,Other,FAQ,2017-08-15 00:00:00,4000.0,4500.0,4500.0,94
Gujarat,Vadodara(Baroda),Vadodara,Beans,Other,FAQ,2017-08-22 00:00:00,4000.0,4800.0,4800.0,94
Gujarat,Vadodara(Baroda),Vadodara,Beans,Other,FAQ,2017-08-31 00:00:00,4000.0,4800.0,4800.0,94
Gujarat,Vadodara(Baroda),Vadodara,Beans,Other,FAQ,2017-09-04 00:00:00,4500.0,5000.0,5000.0,94
Gujarat,Vadodara(Baroda),Vadodara,Beans,Other,FAQ,2017-09-11 00:00:00,4500.0,5000.0,5000.0,94
Gujarat,Vadodara(Baroda),Vadodara,Beans,Other,FAQ,2017-09-20 00:00:00,4500.0,5000.0,5000.0,94
Gujarat,Vadodara(Baroda),Vadodara,Beans,Other,FAQ,2017-10-31 00:00:00,4000.0,4500.0,4500.0,94
Gujarat,Vadodara(Baroda),Vadodara,Beans,Other,FAQ,2017-11-09 00:00:00,3800.0,4500.0,4500.0,94
Gujarat,Vadodara(Baroda),Vadodara,Beans,Other,FAQ,2017-11-14 00:00:00,3800.0,4500.0,4500.0,94
Gujarat,Vadodara(Baroda),Vadodara,Beans,Other,FAQ,2017-11-22 00:00:00,3800.0,4500.0,4500.0,94
Gujarat,Vadodara(Baroda),Vadodara,Beans,Other,FAQ,2017-11-30 00:00:00,4000.0,4500.0,4500.0,94
Gujarat,Vadodara(Baroda),Vadodara,Beans,Other,FAQ,2017-12-18 00:00:00,4500.0,4800.0,4800.0,94
Gujarat,Vadodara(Baroda),Vadodara,Beans,Other,FAQ,2017-12-30 00:00:00,4500.0,4800.0,4800.0,94
Gujarat,Banaskanth,Deesa(Deesa Veg Yard),Beans,Other,FAQ,2014-01-30 00:00:00,1000.0,1200.0,1100.0,94
Gujarat,Banaskanth,Deesa(Deesa Veg Yard),Beans,Other,FAQ,2014-02-03 00:00:00,600.0,800.0,700.0,94
Gujarat,Banaskanth,Deesa(Deesa Veg Yard),Beans,Other,FAQ,2014-02-06 00:00:00,500.0,800.0,650.0,94
Gujarat,Banaskanth,Deesa(Deesa Veg Yard),Beans,Other,FAQ,2014-02-17 00:00:00,600.0,700.0,650.0,94
Gujarat,Banaskanth,Deesa(Deesa Veg Yard),Beans,Other,FAQ,2014-02-19 00:00:00,500.0,900.0,700.0,94
Gujarat,Banaskanth,Deesa(Deesa Veg Yard),Beans,Other,FAQ,2014-02-25 00:00:00,500.0,1000.0,750.0,94
Gujarat,Banaskanth,Deesa(Deesa Veg Yard),Beans,Other,FAQ,2014-03-03 00:00:00,1000.0,1200.0,1100.0,94
Gujarat,Banaskanth,Deesa(Deesa Veg Yard),Beans,Other,FAQ,2014-03-11 00:00:00,800.0,1200.0,1000.0,94
Gujarat,Banaskanth,Deesa(Deesa Veg Yard),Beans,Other,FAQ,2014-03-18 00:00:00,1000.0,1200.0,1100.0,94
Gujarat,Banaskanth,Deesa(Deesa Veg Yard),Beans,Other,FAQ,2014-09-16 00:00:00,3500.0,4000.0,3750.0,94
Gujarat,Banaskanth,Deesa(Deesa Veg Yard),Beans,Other,FAQ,2014-09-17 00:00:00,3500.0,4000.0,3750.0,94
Gujarat,Dahod,Dahod,Beans,Other,FAQ,2014-01-29 00:00:00,5200.0,5500.0,5400.0,94
Gujarat,Dahod,Dahod,Beans,Other,FAQ,2014-02-03 00:00:00,5000.0,5650.0,5500.0,94
Gujarat,Dahod,Dahod,Beans,Other,FAQ,2014-02-17 00:00:00,5000.0,5400.0,5100.0,94
Gujarat,Dahod,Dahod,Beans,Other,FAQ,2014-03-08 00:00:00,4600.0,4800.0,4700.0,94
Gujarat,Dahod,Dahod,Beans,Other,FAQ,2014-03-10 00:00:00,4600.0,4800.0,4700.0,94
Gujarat,Jamnagar,Jam Jodhpur,Beans,Other,FAQ,2014-04-16 00:00:00,700.0,900.0,800.0,94
Gujarat,Jamnagar,Jam Jodhpur,Beans,Other,FAQ,2014-04-23 00:00:00,800.0,995.0,900.0,94
Gujarat,Jamnagar,Jam Jodhpur,Beans,Other,FAQ,2014-05-06 00:00:00,700.0,800.0,750.0,94
Gujarat,Jamnagar,Jamnagar,Beans,Other,FAQ,2014-01-18 00:00:00,3750.0,4250.0,4100.0,94
Gujarat,Jamnagar,Jamnagar,Beans,Other,FAQ,2014-02-14 00:00:00,3250.0,3400.0,3350.0,94
Gujarat,Jamnagar,Jamnagar,Beans,Other,FAQ,2014-03-12 00:00:00,3000.0,3525.0,3263.0,94
Gujarat,Jamnagar,Jamnagar,Beans,Other,FAQ,2014-03-14 00:00:00,3000.0,3325.0,3163.0,94
Gujarat,Jamnagar,Jamnagar,Beans,Other,FAQ,2014-03-18 00:00:00,1250.0,2500.0,1875.0,94
Gujarat,Jamnagar,Jamnagar,Beans,Other,FAQ,2014-05-09 00:00:00,2000.0,2050.0,2025.0,94
Gujarat,Jamnagar,Jamnagar,Beans,Other,FAQ,2014-05-19 00:00:00,3500.0,4000.0,3900.0,94
Gujarat,Jamnagar,Jamnagar,Beans,Other,FAQ,2014-05-22 00:00:00,5500.0,6600.0,6050.0,94
Gujarat,Jamnagar,Jamnagar,Beans,Other,FAQ,2014-05-27 00:00:00,3500.0,5125.0,4500.0,94
Gujarat,Jamnagar,Jamnagar,Beans,Other,FAQ,2014-06-03 00:00:00,3750.0,4950.0,4400.0,94
Gujarat,Jamnagar,Jamnagar,Beans,Other,FAQ,2014-06-05 00:00:00,4500.0,4800.0,4700.0,94
Gujarat,Jamnagar,Jamnagar,Beans,Other,FAQ,2014-06-17 00:00:00,3750.0,5525.0,4800.0,94
Gujarat,Jamnagar,Jamnagar,Beans,Other,FAQ,2014-06-20 00:00:00,3500.0,4700.0,4100.0,94
Gujarat,Jamnagar,Jamnagar,Beans,Other,FAQ,2014-07-01 00:00:00,3250.0,5100.0,4175.0,94
Gujarat,Jamnagar,Jamnagar,Beans,Other,FAQ,2014-07-03 00:00:00,4150.0,5675.0,4913.0,94
Gujarat,Jamnagar,Jamnagar,Beans,Other,FAQ,2014-07-09 00:00:00,4350.0,5275.0,4813.0,94
Gujarat,Jamnagar,Jamnagar,Beans,Other,FAQ,2014-07-28 00:00:00,5000.0,5200.0,5100.0,94
Gujarat,Jamnagar,Jamnagar,Beans,Other,FAQ,2014-08-01 00:00:00,4000.0,4525.0,4263.0,94
Gujarat,Jamnagar,Jamnagar,Beans,Other,FAQ,2014-09-29 00:00:00,4650.0,5260.0,4955.0,94
Gujarat,Jamnagar,Jamnagar,Beans,Other,FAQ,2014-10-06 00:00:00,3000.0,3500.0,3250.0,94
Gujarat,Jamnagar,Jamnagar,Beans,Other,FAQ,2014-10-09 00:00:00,2500.0,3325.0,2913.0,94
Gujarat,Jamnagar,Jamnagar,Beans,Other,FAQ,2014-10-28 00:00:00,4500.0,4825.0,4663.0,94
Gujarat,Jamnagar,Jamnagar,Beans,Other,FAQ,2014-11-04 00:00:00,4250.0,4625.0,4438.0,94
Gujarat,Jamnagar,Jamnagar,Beans,Other,FAQ,2014-11-07 00:00:00,5000.0,6375.0,5688.0,94
Gujarat,Jamnagar,Jamnagar,Beans,Other,FAQ,2014-11-25 00:00:00,3750.0,5200.0,4475.0,94
Gujarat,Jamnagar,Jamnagar,Beans,Other,FAQ,2014-12-01 00:00:00,2250.0,2600.0,2425.0,94
Gujarat,Jamnagar,Jamnagar,Beans,Other,FAQ,2014-12-10 00:00:00,3250.0,3625.0,3438.0,94
Gujarat,Jamnagar,Jamnagar,Beans,Other,FAQ,2014-12-11 00:00:00,4000.0,5625.0,4813.0,94
Gujarat,Jamnagar,Jamnagar,Beans,Other,FAQ,2014-12-26 00:00:00,2750.0,3500.0,3125.0,94
Gujarat,Junagarh,Bhesan,Beans,Other,FAQ,2014-04-05 00:00:00,1500.0,3775.0,2635.0,94
Gujarat,Junagarh,Junagadh,Beans,Beans (Whole),FAQ,2014-02-25 00:00:00,3000.0,3360.0,3250.0,94
Gujarat,Junagarh,Junagadh,Beans,Beans (Whole),FAQ,2014-03-05 00:00:00,3725.0,3940.0,3800.0,94
Gujarat,Junagarh,Junagadh,Beans,Beans (Whole),FAQ,2014-03-12 00:00:00,3625.0,3950.0,3750.0,94
Gujarat,Junagarh,Junagadh,Beans,Beans (Whole),FAQ,2014-03-24 00:00:00,3000.0,3925.0,3500.0,94
Gujarat,Junagarh,Junagadh,Beans,Beans (Whole),FAQ,2014-05-02 00:00:00,3500.0,5675.0,5000.0,94
Gujarat,Junagarh,Junagadh,Beans,Beans (Whole),FAQ,2014-05-05 00:00:00,4000.0,4875.0,4375.0,94
Gujarat,Junagarh,Junagadh,Beans,Beans (Whole),FAQ,2014-05-08 00:00:00,3250.0,5750.0,4500.0,94
Gujarat,Junagarh,Junagadh,Beans,Beans (Whole),FAQ,2014-05-12 00:00:00,3250.0,4750.0,4000.0,94
Gujarat,Junagarh,Junagadh,Beans,Beans (Whole),FAQ,2014-05-17 00:00:00,2500.0,3925.0,3250.0,94
Gujarat,Junagarh,Junagadh,Beans,Beans (Whole),FAQ,2014-05-24 00:00:00,2250.0,3325.0,2900.0,94
Gujarat,Junagarh,Junagadh,Beans,Beans (Whole),FAQ,2014-05-27 00:00:00,2950.0,3850.0,3125.0,94
Gujarat,Junagarh,Junagadh,Beans,Beans (Whole),FAQ,2014-06-14 00:00:00,2500.0,3650.0,3125.0,94
Gujarat,Junagarh,Junagadh,Beans,Beans (Whole),FAQ,2014-06-21 00:00:00,2750.0,3500.0,3150.0,94
Gujarat,Junagarh,Junagadh,Beans,Beans (Whole),FAQ,2014-06-23 00:00:00,2000.0,3755.0,3250.0,94
Gujarat,Junagarh,Junagadh,Beans,Beans (Whole),FAQ,2014-06-24 00:00:00,2000.0,4300.0,3250.0,94
Gujarat,Junagarh,Junagadh,Beans,Beans (Whole),FAQ,2014-07-01 00:00:00,2125.0,4210.0,3250.0,94
Gujarat,Junagarh,Junagadh,Beans,Beans (Whole),FAQ,2014-07-10 00:00:00,2250.0,3225.0,2750.0,94
Gujarat,Junagarh,Junagadh,Beans,Beans (Whole),FAQ,2014-07-12 00:00:00,2500.0,4650.0,3600.0,94
Gujarat,Junagarh,Junagadh,Beans,Beans (Whole),FAQ,2014-07-22 00:00:00,2750.0,3900.0,3100.0,94
Gujarat,Junagarh,Junagadh,Beans,Beans (Whole),FAQ,2014-08-07 00:00:00,2110.0,2540.0,2500.0,94
Gujarat,Junagarh,Junagadh,Beans,Beans (Whole),FAQ,2014-08-09 00:00:00,2300.0,4150.0,3625.0,94
Gujarat,Junagarh,Junagadh,Beans,Beans (Whole),FAQ,2014-08-22 00:00:00,3250.0,4875.0,4000.0,94
Gujarat,Junagarh,Junagadh,Beans,Beans (Whole),FAQ,2014-08-29 00:00:00,3500.0,4700.0,4250.0,94
Gujarat,Junagarh,Junagadh,Beans,Beans (Whole),FAQ,2014-09-17 00:00:00,3000.0,4220.0,3500.0,94
Gujarat,Junagarh,Junagadh,Beans,Beans (Whole),FAQ,2014-09-19 00:00:00,1000.0,2000.0,1500.0,94
Gujarat,Junagarh,Junagadh,Beans,Beans (Whole),FAQ,2014-09-29 00:00:00,3000.0,4575.0,4000.0,94
Gujarat,Junagarh,Junagadh,Beans,Beans (Whole),FAQ,2014-11-08 00:00:00,2500.0,3125.0,3000.0,94
Gujarat,Junagarh,Junagadh,Beans,Beans (Whole),FAQ,2014-11-10 00:00:00,2875.0,2875.0,2875.0,94
Gujarat,Junagarh,Junagadh,Beans,Beans (Whole),FAQ,2014-11-29 00:00:00,2800.0,4650.0,4125.0,94
Gujarat,Junagarh,Junagadh,Beans,Beans (Whole),FAQ,2014-12-12 00:00:00,4000.0,5075.0,4750.0,94
Gujarat,Junagarh,Visavadar,Beans,Other,FAQ,2014-02-04 00:00:00,2210.0,2900.0,2555.0,94
Gujarat,Junagarh,Visavadar,Beans,Other,FAQ,2014-02-05 00:00:00,3075.0,4115.0,3595.0,94
Gujarat,Junagarh,Visavadar,Beans,Other,FAQ,2014-02-17 00:00:00,2800.0,3400.0,3100.0,94
Gujarat,Junagarh,Visavadar,Beans,Other,FAQ,2014-02-18 00:00:00,2500.0,3450.0,2975.0,94
Gujarat,Junagarh,Visavadar,Beans,Other,FAQ,2014-02-24 00:00:00,2000.0,3270.0,2635.0,94
Gujarat,Junagarh,Visavadar,Beans,Other,FAQ,2014-02-26 00:00:00,2250.0,3270.0,2760.0,94
Gujarat,Junagarh,Visavadar,Beans,Other,FAQ,2014-03-03 00:00:00,2250.0,3650.0,2950.0,94
Gujarat,Junagarh,Visavadar,Beans,Other,FAQ,2014-03-11 00:00:00,2665.0,3625.0,3145.0,94
Gujarat,Junagarh,Visavadar,Beans,Other,FAQ,2014-03-12 00:00:00,2705.0,3425.0,3065.0,94
Gujarat,Junagarh,Visavadar,Beans,Other,FAQ,2014-07-03 00:00:00,2525.0,3015.0,2770.0,94
Gujarat,Junagarh,Visavadar,Beans,Other,FAQ,2014-07-07 00:00:00,2835.0,3395.0,3115.0,94
Gujarat,Junagarh,Visavadar,Beans,Other,FAQ,2014-07-17 00:00:00,2860.0,3860.0,3360.0,94
Gujarat,Junagarh,Visavadar,Beans,Other,FAQ,2014-07-23 00:00:00,2250.0,2850.0,2550.0,94
Gujarat,Junagarh,Visavadar,Beans,Other,FAQ,2014-08-08 00:00:00,3120.0,3680.0,3400.0,94
Gujarat,Junagarh,Visavadar,Beans,Other,FAQ,2014-09-10 00:00:00,2550.0,3320.0,2935.0,94
Gujarat,Junagarh,Visavadar,Beans,Other,FAQ,2014-09-23 00:00:00,2625.0,3195.0,2910.0,94
Gujarat,Junagarh,Visavadar,Beans,Other,FAQ,2014-09-24 00:00:00,2250.0,3000.0,2625.0,94
Gujarat,Junagarh,Visavadar,Beans,Other,FAQ,2014-10-29 00:00:00,2500.0,3180.0,2840.0,94
Gujarat,Junagarh,Visavadar,Beans,Other,FAQ,2014-11-06 00:00:00,3250.0,3800.0,3525.0,94
Gujarat,Junagarh,Visavadar,Beans,Other,FAQ,2014-11-12 00:00:00,2750.0,3500.0,3125.0,94
Gujarat,Junagarh,Visavadar,Beans,Other,FAQ,2014-11-26 00:00:00,2995.0,3825.0,3410.0,94
Gujarat,Panchmahals,Godhra,Beans,Other,FAQ,2014-03-10 00:00:00,4200.0,4400.0,4300.0,94
Gujarat,Panchmahals,Godhra,Beans,Other,FAQ,2014-03-14 00:00:00,4200.0,4600.0,4400.0,94
Gujarat,Panchmahals,Godhra,Beans,Other,FAQ,2014-03-21 00:00:00,4300.0,4500.0,4400.0,94
Gujarat,Panchmahals,Godhra,Beans,Other,FAQ,2014-03-29 00:00:00,4000.0,4400.0,4200.0,94
Gujarat,Panchmahals,Godhra,Beans,Other,FAQ,2014-03-31 00:00:00,4100.0,4400.0,4300.0,94
Gujarat,Panchmahals,Godhra,Beans,Other,FAQ,2014-04-03 00:00:00,4250.0,4450.0,4350.0,94
Gujarat,Panchmahals,Godhra,Beans,Other,FAQ,2014-04-11 00:00:00,4000.0,4400.0,4200.0,94
Gujarat,Rajkot,Jetpur(Dist.Rajkot),Beans,Beans (Whole),FAQ,2014-10-21 00:00:00,3000.0,4250.0,3500.0,94
Gujarat,Rajkot,Jetpur(Dist.Rajkot),Beans,Beans (Whole),FAQ,2014-11-12 00:00:00,3500.0,4100.0,3875.0,94
Gujarat,Rajkot,Jetpur(Dist.Rajkot),Beans,Beans (Whole),FAQ,2014-11-29 00:00:00,2250.0,5055.0,4575.0,94
Gujarat,Rajkot,Jetpur(Dist.Rajkot),Beans,Beans (Whole),FAQ,2014-12-03 00:00:00,2455.0,3605.0,3150.0,94
Gujarat,Rajkot,Jetpur(Dist.Rajkot),Beans,Beans (Whole),FAQ,2014-12-16 00:00:00,3500.0,5005.0,4400.0,94
Gujarat,Rajkot,Jetpur(Dist.Rajkot),Beans,Beans (Whole),FAQ,2014-12-19 00:00:00,2505.0,4630.0,3900.0,94
Gujarat,Rajkot,Jetpur(Dist.Rajkot),Beans,Beans (Whole),FAQ,2014-12-23 00:00:00,2755.0,4930.0,4655.0,94
Gujarat,Rajkot,Upleta,Beans,Local,FAQ,2014-08-11 00:00:00,4000.0,4300.0,4150.0,94
Gujarat,Rajkot,Upleta,Beans,Other,FAQ,2014-05-13 00:00:00,3500.0,5240.0,4370.0,94
Gujarat,Rajkot,Upleta,Beans,Other,FAQ,2014-05-15 00:00:00,4500.0,4960.0,4730.0,94
Gujarat,Rajkot,Upleta,Beans,Other,FAQ,2014-05-24 00:00:00,4200.0,4500.0,4350.0,94
Gujarat,Rajkot,Upleta,Beans,Other,FAQ,2014-06-10 00:00:00,2500.0,3400.0,2950.0,94
Gujarat,Rajkot,Upleta,Beans,Other,FAQ,2014-07-11 00:00:00,2750.0,3175.0,2962.0,94
Gujarat,Rajkot,Upleta,Beans,Other,FAQ,2014-07-16 00:00:00,4000.0,4340.0,4170.0,94
Gujarat,Rajkot,Upleta,Beans,Other,FAQ,2014-08-06 00:00:00,5500.0,5605.0,5552.0,94
Gujarat,Surat,Nizar,Beans,Other,FAQ,2014-02-20 00:00:00,3300.0,3400.0,3350.0,94
Gujarat,Surat,S.Mandvi,Beans,Other,FAQ,2014-03-22 00:00:00,4250.0,4250.0,4250.0,94
Gujarat,Surat,S.Mandvi,Beans,Other,FAQ,2014-03-31 00:00:00,3750.0,3750.0,3750.0,94
Gujarat,Surat,S.Mandvi,Beans,Other,FAQ,2014-04-10 00:00:00,3800.0,3800.0,3800.0,94
Gujarat,Surat,S.Mandvi,Beans,Other,FAQ,2014-04-24 00:00:00,3500.0,3500.0,3500.0,94
Gujarat,Surat,Valod(Buhari),Beans,Other,FAQ,2014-04-25 00:00:00,4000.0,4500.0,4200.0,94
Gujarat,Surat,Vyra,Beans,Other,FAQ,2014-04-07 00:00:00,3500.0,4150.0,3810.0,94
Gujarat,Vadodara(Baroda),Vadodara,Beans,Other,FAQ,2014-01-10 00:00:00,5000.0,5200.0,5200.0,94
Gujarat,Vadodara(Baroda),Vadodara,Beans,Other,FAQ,2014-01-27 00:00:00,5000.0,5400.0,5400.0,94
Gujarat,Vadodara(Baroda),Vadodara,Beans,Other,FAQ,2014-02-01 00:00:00,5000.0,5400.0,5400.0,94
Gujarat,Vadodara(Baroda),Vadodara,Beans,Other,FAQ,2014-02-10 00:00:00,4800.0,5300.0,5300.0,94
Gujarat,Vadodara(Baroda),Vadodara,Beans,Other,FAQ,2014-04-05 00:00:00,4500.0,5000.0,5000.0,94
Gujarat,Vadodara(Baroda),Vadodara,Beans,Other,FAQ,2014-04-10 00:00:00,4500.0,5000.0,5000.0,94
Gujarat,Vadodara(Baroda),Vadodara,Beans,Other,FAQ,2014-05-03 00:00:00,4800.0,5200.0,5200.0,94
Gujarat,Vadodara(Baroda),Vadodara,Beans,Other,FAQ,2014-05-07 00:00:00,4000.0,6000.0,6000.0,94
Gujarat,Vadodara(Baroda),Vadodara,Beans,Other,FAQ,2014-05-14 00:00:00,4000.0,6000.0,6000.0,94
Gujarat,Vadodara(Baroda),Vadodara,Beans,Other,FAQ,2014-06-10 00:00:00,4700.0,4900.0,4900.0,94
Gujarat,Vadodara(Baroda),Vadodara,Beans,Other,FAQ,2014-06-13 00:00:00,4700.0,4900.0,4900.0,94
Gujarat,Vadodara(Baroda),Vadodara,Beans,Other,FAQ,2014-06-19 00:00:00,4000.0,6000.0,6000.0,94
Gujarat,Vadodara(Baroda),Vadodara,Beans,Other,FAQ,2014-06-26 00:00:00,4400.0,4800.0,4800.0,94
Gujarat,Vadodara(Baroda),Vadodara,Beans,Other,FAQ,2014-07-19 00:00:00,5000.0,5200.0,5200.0,94
Gujarat,Vadodara(Baroda),Vadodara,Beans,Other,FAQ,2014-08-18 00:00:00,5200.0,5600.0,5600.0,94
Gujarat,Vadodara(Baroda),Vadodara,Beans,Other,FAQ,2014-09-06 00:00:00,5000.0,5400.0,5400.0,94
Gujarat,Vadodara(Baroda),Vadodara,Beans,Other,FAQ,2014-09-22 00:00:00,5000.0,5400.0,5400.0,94
Gujarat,Vadodara(Baroda),Vadodara,Beans,Other,FAQ,2014-10-10 00:00:00,5400.0,5600.0,5600.0,94
Gujarat,Vadodara(Baroda),Vadodara,Beans,Other,FAQ,2014-11-03 00:00:00,4000.0,5500.0,5500.0,94
Gujarat,Vadodara(Baroda),Vadodara,Beans,Other,FAQ,2014-11-25 00:00:00,5000.0,5400.0,5400.0,94
Gujarat,Amreli,Rajula,Beans,Beans (Whole),FAQ,2017-07-28 00:00:00,2000.0,2255.0,2128.0,94
Gujarat,Amreli,Rajula,Beans,Beans (Whole),FAQ,2017-07-29 00:00:00,1250.0,1250.0,1250.0,94
Gujarat,Amreli,Rajula,Beans,Beans (Whole),FAQ,2017-08-10 00:00:00,2455.0,2455.0,2455.0,94
Gujarat,Amreli,Rajula,Beans,Beans (Whole),FAQ,2017-08-12 00:00:00,1615.0,1615.0,1615.0,94
Gujarat,Amreli,Rajula,Beans,Beans (Whole),FAQ,2017-09-27 00:00:00,3255.0,3255.0,3255.0,94
Gujarat,Amreli,Rajula,Beans,Beans (Whole),FAQ,2017-10-26 00:00:00,2400.0,2400.0,2400.0,94
Gujarat,Amreli,Rajula,Beans,Beans (Whole),FAQ,2017-12-19 00:00:00,1900.0,1900.0,1900.0,94
Gujarat,Amreli,Rajula,Beans,Beans (Whole),FAQ,2017-12-29 00:00:00,1500.0,1950.0,1725.0,94
Gujarat,Anand,Tarapur,Beans,Other,FAQ,2017-03-18 00:00:00,4505.0,4860.0,4850.0,94
Gujarat,Anand,Tarapur,Beans,Other,FAQ,2017-04-26 00:00:00,4500.0,5650.0,5270.0,94
Gujarat,Anand,Tarapur,Beans,Other,FAQ,2017-05-18 00:00:00,3750.0,5500.0,5180.0,94
Gujarat,Anand,Tarapur,Beans,Other,FAQ,2017-05-30 00:00:00,4500.0,5375.0,5320.0,94
Gujarat,Anand,Tarapur,Beans,Other,FAQ,2017-06-28 00:00:00,4500.0,5125.0,5125.0,94
Gujarat,Dahod,Dahod,Beans,Beans (Whole),FAQ,2017-02-07 00:00:00,4200.0,4650.0,4500.0,94
Gujarat,Dahod,Dahod,Beans,Beans (Whole),FAQ,2017-02-14 00:00:00,4200.0,4650.0,4500.0,94
Gujarat,Dahod,Dahod,Beans,Beans (Whole),FAQ,2017-02-16 00:00:00,4200.0,4650.0,4500.0,94
Gujarat,Dahod,Dahod,Beans,Beans (Whole),FAQ,2017-02-18 00:00:00,4200.0,4650.0,4500.0,94
Gujarat,Dahod,Dahod,Beans,Beans (Whole),FAQ,2017-03-02 00:00:00,4200.0,4650.0,4600.0,94
Gujarat,Dahod,Dahod,Beans,Beans (Whole),FAQ,2017-03-08 00:00:00,4200.0,4600.0,4400.0,94
Gujarat,Dahod,Dahod,Beans,Beans (Whole),FAQ,2017-03-10 00:00:00,4200.0,4800.0,4400.0,94
Gujarat,Dahod,Dahod,Beans,Beans (Whole),FAQ,2017-03-24 00:00:00,5000.0,5300.0,5200.0,94
Gujarat,Dahod,Dahod,Beans,Beans (Whole),FAQ,2017-05-01 00:00:00,5500.0,6400.0,6000.0,94
Gujarat,Dahod,Dahod,Beans,Beans (Whole),FAQ,2017-05-03 00:00:00,4500.0,5000.0,4800.0,94
Gujarat,Dahod,Dahod,Beans,Beans (Whole),FAQ,2017-06-22 00:00:00,1600.0,2900.0,2500.0,94
Gujarat,Dahod,Dahod,Beans,Beans (Whole),FAQ,2017-07-07 00:00:00,4100.0,4300.0,4200.0,94
Gujarat,Dahod,Dahod,Beans,Beans (Whole),FAQ,2017-08-02 00:00:00,2800.0,3000.0,2900.0,94
Gujarat,Dahod,Dahod,Beans,Beans (Whole),FAQ,2017-08-11 00:00:00,2800.0,3000.0,2900.0,94
Gujarat,Dahod,Dahod,Beans,Beans (Whole),FAQ,2017-08-14 00:00:00,2800.0,3000.0,2900.0,94
Gujarat,Dahod,Dahod,Beans,Beans (Whole),FAQ,2017-08-23 00:00:00,2800.0,3000.0,2900.0,94
Gujarat,Jamnagar,Jam Jodhpur,Beans,Other,FAQ,2017-01-16 00:00:00,2500.0,4000.0,3750.0,94
Gujarat,Jamnagar,Jam Jodhpur,Beans,Other,FAQ,2017-02-13 00:00:00,2750.0,2850.0,2800.0,94
Gujarat,Jamnagar,Jam Jodhpur,Beans,Other,FAQ,2017-04-10 00:00:00,3500.0,4800.0,4150.0,94
Gujarat,Jamnagar,Jam Jodhpur,Beans,Other,FAQ,2017-05-24 00:00:00,2000.0,2700.0,2300.0,94
Gujarat,Jamnagar,Jam Jodhpur,Beans,Other,FAQ,2017-09-13 00:00:00,2000.0,2505.0,2250.0,94
Gujarat,Jamnagar,Jam Jodhpur,Beans,Other,FAQ,2017-11-10 00:00:00,1075.0,2150.0,1500.0,94
Gujarat,Jamnagar,Jam Jodhpur,Beans,Other,FAQ,2017-11-17 00:00:00,1250.0,4250.0,1650.0,94
Gujarat,Jamnagar,Jam Jodhpur,Beans,Other,FAQ,2017-12-02 00:00:00,1250.0,2250.0,1750.0,94
Gujarat,Jamnagar,Jam Jodhpur,Beans,Other,FAQ,2017-12-22 00:00:00,1500.0,2450.0,2000.0,94
Gujarat,Jamnagar,Jamnagar,Beans,Other,FAQ,2017-01-10 00:00:00,2400.0,6000.0,4200.0,94
Gujarat,Jamnagar,Jamnagar,Beans,Other,FAQ,2017-01-19 00:00:00,3500.0,3775.0,3638.0,94
Gujarat,Jamnagar,Jamnagar,Beans,Other,FAQ,2017-01-25 00:00:00,4000.0,4500.0,4250.0,94
Gujarat,Jamnagar,Jamnagar,Beans,Other,FAQ,2017-02-08 00:00:00,4825.0,5575.0,5200.0,94
Gujarat,Jamnagar,Jamnagar,Beans,Other,FAQ,2017-02-10 00:00:00,2600.0,3688.0,2775.0,94
Gujarat,Jamnagar,Jamnagar,Beans,Other,FAQ,2017-02-22 00:00:00,5000.0,6000.0,5500.0,94
Gujarat,Jamnagar,Jamnagar,Beans,Other,FAQ,2017-02-23 00:00:00,3500.0,6350.0,4925.0,94
Gujarat,Jamnagar,Jamnagar,Beans,Other,FAQ,2017-03-02 00:00:00,5000.0,6575.0,5787.0,94
Gujarat,Jamnagar,Jamnagar,Beans,Other,FAQ,2017-03-17 00:00:00,4500.0,8025.0,6263.0,94
Gujarat,Jamnagar,Jamnagar,Beans,Other,FAQ,2017-03-21 00:00:00,4500.0,5000.0,4750.0,94
Gujarat,Jamnagar,Jamnagar,Beans,Other,FAQ,2017-04-18 00:00:00,4500.0,5750.0,5125.0,94
Gujarat,Jamnagar,Jamnagar,Beans,Other,FAQ,2017-04-19 00:00:00,4750.0,6625.0,5688.0,94
Gujarat,Jamnagar,Jamnagar,Beans,Other,FAQ,2017-05-04 00:00:00,3900.0,8950.0,6425.0,94
Gujarat,Jamnagar,Jamnagar,Beans,Other,FAQ,2017-05-20 00:00:00,5000.0,8000.0,6500.0,94
Gujarat,Jamnagar,Jamnagar,Beans,Other,FAQ,2017-05-22 00:00:00,4400.0,5000.0,4700.0,94
Gujarat,Jamnagar,Jamnagar,Beans,Other,FAQ,2017-06-28 00:00:00,5000.0,8225.0,6613.0,94
Gujarat,Jamnagar,Jamnagar,Beans,Other,FAQ,2017-08-10 00:00:00,4500.0,5450.0,4975.0,94
Gujarat,Jamnagar,Jamnagar,Beans,Other,FAQ,2017-08-12 00:00:00,4350.0,6100.0,5225.0,94
Gujarat,Jamnagar,Jamnagar,Beans,Other,FAQ,2017-08-22 00:00:00,1000.0,3000.0,2000.0,94
Gujarat,Jamnagar,Jamnagar,Beans,Other,FAQ,2017-08-23 00:00:00,1750.0,2575.0,2163.0,94
Gujarat,Jamnagar,Jamnagar,Beans,Other,FAQ,2017-09-07 00:00:00,3000.0,6250.0,4625.0,94
Gujarat,Jamnagar,Jamnagar,Beans,Other,FAQ,2017-09-09 00:00:00,3350.0,3900.0,3625.0,94
Gujarat,Jamnagar,Jamnagar,Beans,Other,FAQ,2017-09-13 00:00:00,4000.0,6850.0,5425.0,94
Gujarat,Jamnagar,Jamnagar,Beans,Other,FAQ,2017-09-15 00:00:00,5500.0,7675.0,6588.0,94
Gujarat,Jamnagar,Jamnagar,Beans,Other,FAQ,2017-09-23 00:00:00,5000.0,7225.0,6113.0,94
Gujarat,Jamnagar,Jamnagar,Beans,Other,FAQ,2017-09-27 00:00:00,5000.0,7000.0,6000.0,94
Gujarat,Jamnagar,Jamnagar,Beans,Other,FAQ,2017-10-07 00:00:00,3000.0,5575.0,4288.0,94
Gujarat,Jamnagar,Jamnagar,Beans,Other,FAQ,2017-11-01 00:00:00,5000.0,7700.0,6350.0,94
Gujarat,Jamnagar,Jamnagar,Beans,Other,FAQ,2017-12-05 00:00:00,5000.0,5575.0,5288.0,94
Gujarat,Junagarh,Junagadh,Beans,Beans (Whole),FAQ,2017-01-03 00:00:00,3220.0,6680.0,6000.0,94
Gujarat,Junagarh,Junagadh,Beans,Beans (Whole),FAQ,2017-02-08 00:00:00,3000.0,3725.0,3500.0,94
Gujarat,Junagarh,Junagadh,Beans,Beans (Whole),FAQ,2017-02-09 00:00:00,2500.0,4000.0,3250.0,94
Gujarat,Junagarh,Junagadh,Beans,Beans (Whole),FAQ,2017-02-28 00:00:00,2500.0,4500.0,4000.0,94
Gujarat,Junagarh,Junagadh,Beans,Beans (Whole),FAQ,2017-03-03 00:00:00,4500.0,5260.0,5000.0,94
Gujarat,Junagarh,Junagadh,Beans,Beans (Whole),FAQ,2017-03-06 00:00:00,4300.0,5300.0,4750.0,94
Gujarat,Junagarh,Junagadh,Beans,Beans (Whole),FAQ,2017-03-24 00:00:00,3000.0,3625.0,3500.0,94
Gujarat,Junagarh,Junagadh,Beans,Beans (Whole),FAQ,2017-04-01 00:00:00,3000.0,4125.0,3750.0,94
Gujarat,Junagarh,Junagadh,Beans,Beans (Whole),FAQ,2017-04-10 00:00:00,2500.0,4750.0,4000.0,94
Gujarat,Junagarh,Junagadh,Beans,Beans (Whole),FAQ,2017-04-17 00:00:00,4200.0,4640.0,4500.0,94
Gujarat,Junagarh,Junagadh,Beans,Beans (Whole),FAQ,2017-04-18 00:00:00,4000.0,4375.0,4175.0,94
Gujarat,Junagarh,Junagadh,Beans,Beans (Whole),FAQ,2017-05-01 00:00:00,3500.0,4500.0,4000.0,94
Gujarat,Junagarh,Junagadh,Beans,Beans (Whole),FAQ,2017-05-04 00:00:00,2500.0,4140.0,3250.0,94
Gujarat,Junagarh,Junagadh,Beans,Beans (Whole),FAQ,2017-05-10 00:00:00,3000.0,3725.0,3500.0,94
Gujarat,Junagarh,Junagadh,Beans,Beans (Whole),FAQ,2017-05-20 00:00:00,2500.0,3700.0,3500.0,94
Gujarat,Junagarh,Junagadh,Beans,Beans (Whole),FAQ,2017-05-24 00:00:00,3000.0,3665.0,3250.0,94
Gujarat,Junagarh,Junagadh,Beans,Beans (Whole),FAQ,2017-06-23 00:00:00,2800.0,3225.0,3000.0,94
Gujarat,Junagarh,Junagadh,Beans,Beans (Whole),FAQ,2017-07-25 00:00:00,2000.0,2720.0,2600.0,94
Gujarat,Junagarh,Junagadh,Beans,Beans (Whole),FAQ,2017-07-28 00:00:00,1750.0,2900.0,2055.0,94
Gujarat,Junagarh,Junagadh,Beans,Beans (Whole),FAQ,2017-08-02 00:00:00,2500.0,2500.0,2500.0,94
Gujarat,Junagarh,Junagadh,Beans,Beans (Whole),FAQ,2017-09-06 00:00:00,2500.0,2700.0,2600.0,94
Gujarat,Junagarh,Junagadh,Beans,Beans (Whole),FAQ,2017-09-22 00:00:00,1500.0,2950.0,2500.0,94
Gujarat,Junagarh,Junagadh,Beans,Beans (Whole),FAQ,2017-10-14 00:00:00,1750.0,3350.0,2000.0,94
Gujarat,Junagarh,Junagadh,Beans,Beans (Whole),FAQ,2017-10-16 00:00:00,1750.0,3075.0,2250.0,94
Gujarat,Junagarh,Junagadh,Beans,Beans (Whole),FAQ,2017-10-26 00:00:00,2000.0,2875.0,2400.0,94
Gujarat,Junagarh,Junagadh,Beans,Beans (Whole),FAQ,2017-11-14 00:00:00,2760.0,2760.0,2760.0,94
Gujarat,Junagarh,Junagadh,Beans,Beans (Whole),FAQ,2017-11-23 00:00:00,2000.0,2625.0,2250.0,94
Gujarat,Junagarh,Junagadh,Beans,Beans (Whole),FAQ,2017-12-13 00:00:00,1500.0,2500.0,2000.0,94
Gujarat,Junagarh,Junagadh,Beans,Beans (Whole),FAQ,2017-12-29 00:00:00,1750.0,3250.0,2500.0,94
Gujarat,Junagarh,Visavadar,Beans,Other,FAQ,2017-02-14 00:00:00,1765.0,3605.0,3185.0,94
Gujarat,Junagarh,Visavadar,Beans,Other,FAQ,2017-03-11 00:00:00,2765.0,3785.0,3275.0,94
Gujarat,Junagarh,Visavadar,Beans,Other,FAQ,2017-03-17 00:00:00,4200.0,5000.0,4600.0,94
Gujarat,Junagarh,Visavadar,Beans,Other,FAQ,2017-05-04 00:00:00,2000.0,2900.0,2450.0,94
Gujarat,Junagarh,Visavadar,Beans,Other,FAQ,2017-05-11 00:00:00,2145.0,2825.0,2485.0,94
Gujarat,Porbandar,Porbandar,Beans,Beans (Whole),FAQ,2017-03-03 00:00:00,3500.0,3550.0,3525.0,94
Gujarat,Porbandar,Porbandar,Beans,Beans (Whole),FAQ,2017-05-26 00:00:00,6325.0,8000.0,7160.0,94
Gujarat,Porbandar,Porbandar,Beans,Beans (Whole),FAQ,2017-05-31 00:00:00,6650.0,7575.0,7110.0,94
Gujarat,Porbandar,Porbandar,Beans,Beans (Whole),FAQ,2017-06-09 00:00:00,5800.0,6475.0,6135.0,94
Gujarat,Porbandar,Porbandar,Beans,Beans (Whole),FAQ,2017-07-19 00:00:00,0.0,4650.0,4650.0,94
Gujarat,Porbandar,Porbandar,Beans,Beans (Whole),FAQ,2017-07-24 00:00:00,0.0,3550.0,3550.0,94
Gujarat,Porbandar,Porbandar,Beans,Beans (Whole),FAQ,2017-08-08 00:00:00,0.0,5325.0,5325.0,94
Gujarat,Porbandar,Porbandar,Beans,Beans (Whole),FAQ,2017-08-28 00:00:00,0.0,4250.0,4250.0,94
Gujarat,Porbandar,Porbandar,Beans,Beans (Whole),FAQ,2017-09-12 00:00:00,0.0,3975.0,3975.0,94
Gujarat,Porbandar,Porbandar,Beans,Beans (Whole),FAQ,2017-09-13 00:00:00,0.0,6500.0,6500.0,94
Gujarat,Porbandar,Porbandar,Beans,Beans (Whole),FAQ,2017-11-23 00:00:00,0.0,5200.0,5200.0,94
Gujarat,Porbandar,Porbandar,Beans,Beans (Whole),FAQ,2017-12-21 00:00:00,0.0,6550.0,6550.0,94
Gujarat,Rajkot,Jasdan,Beans,Other,FAQ,2017-01-02 00:00:00,2500.0,4750.0,3900.0,94
Gujarat,Rajkot,Jasdan,Beans,Other,FAQ,2017-01-03 00:00:00,5000.0,5200.0,5125.0,94
Gujarat,Rajkot,Jasdan,Beans,Other,FAQ,2017-01-04 00:00:00,2200.0,4005.0,2500.0,94
Gujarat,Rajkot,Jasdan,Beans,Other,FAQ,2017-01-05 00:00:00,2200.0,4000.0,3500.0,94
Gujarat,Rajkot,Jasdan,Beans,Other,FAQ,2017-01-06 00:00:00,3000.0,3500.0,3250.0,94
Gujarat,Rajkot,Jasdan,Beans,Other,FAQ,2017-01-24 00:00:00,2500.0,3750.0,3250.0,94
Gujarat,Rajkot,Jasdan,Beans,Other,FAQ,2017-01-28 00:00:00,2000.0,4000.0,3250.0,94
Gujarat,Rajkot,Jasdan,Beans,Other,FAQ,2017-01-31 00:00:00,2500.0,4000.0,3500.0,94
Gujarat,Rajkot,Jasdan,Beans,Other,FAQ,2017-02-02 00:00:00,2000.0,4175.0,3500.0,94
Gujarat,Rajkot,Jasdan,Beans,Other,FAQ,2017-02-06 00:00:00,2500.0,3500.0,3250.0,94
Gujarat,Rajkot,Jasdan,Beans,Other,FAQ,2017-02-07 00:00:00,2000.0,3750.0,2750.0,94
Gujarat,Rajkot,Jasdan,Beans,Other,FAQ,2017-02-10 00:00:00,2000.0,3750.0,2750.0,94
Gujarat,Rajkot,Jasdan,Beans,Other,FAQ,2017-02-13 00:00:00,1500.0,3750.0,2500.0,94
Gujarat,Rajkot,Jasdan,Beans,Other,FAQ,2017-02-21 00:00:00,2500.0,3750.0,3150.0,94
Gujarat,Rajkot,Jasdan,Beans,Other,FAQ,2017-03-02 00:00:00,2250.0,3250.0,2625.0,94
Gujarat,Rajkot,Jasdan,Beans,Other,FAQ,2017-03-16 00:00:00,2000.0,4000.0,3000.0,94
Gujarat,Rajkot,Jasdan,Beans,Other,FAQ,2017-03-18 00:00:00,2000.0,4000.0,3000.0,94
Gujarat,Rajkot,Jasdan,Beans,Other,FAQ,2017-04-18 00:00:00,2250.0,4125.0,3500.0,94
Gujarat,Rajkot,Jasdan,Beans,Other,FAQ,2017-04-19 00:00:00,2250.0,4250.0,3625.0,94
Gujarat,Rajkot,Jasdan,Beans,Other,FAQ,2017-04-26 00:00:00,2250.0,4125.0,3500.0,94
Gujarat,Rajkot,Jasdan,Beans,Other,FAQ,2017-05-01 00:00:00,1500.0,3950.0,3000.0,94
Gujarat,Rajkot,Jasdan,Beans,Other,FAQ,2017-05-05 00:00:00,1500.0,3900.0,3250.0,94
Gujarat,Rajkot,Jasdan,Beans,Other,FAQ,2017-05-08 00:00:00,1500.0,3500.0,3250.0,94
Gujarat,Rajkot,Jasdan,Beans,Other,FAQ,2017-05-10 00:00:00,1500.0,3500.0,3000.0,94
Gujarat,Rajkot,Jasdan,Beans,Other,FAQ,2017-05-27 00:00:00,1000.0,2500.0,2000.0,94
Gujarat,Rajkot,Jasdan,Beans,Other,FAQ,2017-05-31 00:00:00,750.0,1500.0,1000.0,94
Gujarat,Rajkot,Jasdan,Beans,Other,FAQ,2017-06-03 00:00:00,1000.0,2000.0,1625.0,94
Gujarat,Rajkot,Jasdan,Beans,Other,FAQ,2017-06-17 00:00:00,1000.0,2150.0,1500.0,94
Gujarat,Rajkot,Jasdan,Beans,Other,FAQ,2017-06-19 00:00:00,1000.0,2010.0,1500.0,94
Gujarat,Rajkot,Jasdan,Beans,Other,FAQ,2017-06-24 00:00:00,755.0,2030.0,1500.0,94
Gujarat,Rajkot,Jasdan,Beans,Other,FAQ,2017-07-17 00:00:00,1800.0,1800.0,1800.0,94
Gujarat,Rajkot,Jasdan,Beans,Other,FAQ,2017-08-03 00:00:00,1250.0,2350.0,2000.0,94
Gujarat,Rajkot,Jasdan,Beans,Other,FAQ,2017-08-09 00:00:00,1500.0,3215.0,2500.0,94
Gujarat,Rajkot,Jasdan,Beans,Other,FAQ,2017-08-10 00:00:00,1000.0,2250.0,2000.0,94
Gujarat,Rajkot,Jasdan,Beans,Other,FAQ,2017-08-22 00:00:00,1500.0,3375.0,2650.0,94
Gujarat,Rajkot,Jasdan,Beans,Other,FAQ,2017-08-29 00:00:00,1500.0,3100.0,2500.0,94
Gujarat,Rajkot,Jasdan,Beans,Other,FAQ,2017-09-15 00:00:00,1000.0,2100.0,1500.0,94
Gujarat,Rajkot,Jasdan,Beans,Other,FAQ,2017-09-20 00:00:00,1000.0,2275.0,1500.0,94
Gujarat,Rajkot,Jasdan,Beans,Other,FAQ,2017-09-22 00:00:00,1500.0,2820.0,2250.0,94
Gujarat,Rajkot,Jasdan,Beans,Other,FAQ,2017-09-29 00:00:00,1000.0,2200.0,2000.0,94
Gujarat,Rajkot,Jasdan,Beans,Other,FAQ,2017-10-11 00:00:00,1000.0,2125.0,1750.0,94
Gujarat,Rajkot,Jasdan,Beans,Other,FAQ,2017-10-17 00:00:00,1005.0,1005.0,1005.0,94
Gujarat,Rajkot,Jasdan,Beans,Other,FAQ,2017-11-02 00:00:00,1725.0,1725.0,1725.0,94
Gujarat,Rajkot,Jasdan,Beans,Other,FAQ,2017-11-09 00:00:00,1750.0,1750.0,1750.0,94
Gujarat,Rajkot,Jasdan,Beans,Other,FAQ,2017-11-10 00:00:00,1000.0,2000.0,1500.0,94
Gujarat,Rajkot,Jasdan,Beans,Other,FAQ,2017-11-14 00:00:00,1000.0,1800.0,1500.0,94
Gujarat,Rajkot,Jasdan,Beans,Other,FAQ,2017-11-16 00:00:00,1250.0,2305.0,1750.0,94
Gujarat,Rajkot,Jasdan,Beans,Other,FAQ,2017-11-20 00:00:00,1000.0,1750.0,1375.0,94
Gujarat,Rajkot,Jasdan,Beans,Other,FAQ,2017-11-23 00:00:00,750.0,1500.0,1000.0,94
Gujarat,Rajkot,Jasdan,Beans,Other,FAQ,2017-11-24 00:00:00,1250.0,2275.0,1625.0,94
Gujarat,Rajkot,Jasdan,Beans,Other,FAQ,2017-12-07 00:00:00,1495.0,2500.0,1650.0,94
Gujarat,Rajkot,Jasdan,Beans,Other,FAQ,2017-12-26 00:00:00,2000.0,3000.0,2500.0,94
Gujarat,Rajkot,Jasdan,Beans,Other,FAQ,2017-12-30 00:00:00,1750.0,2755.0,2150.0,94
Gujarat,Surat,Mandvi,Beans,Other,FAQ,2017-04-02 00:00:00,5500.0,5500.0,5500.0,94
Gujarat,Surat,Mandvi,Beans,Other,FAQ,2017-04-07 00:00:00,6500.0,6500.0,6500.0,94
Gujarat,Surat,Mandvi,Beans,Other,FAQ,2017-04-10 00:00:00,7500.0,7500.0,7500.0,94
Gujarat,Surat,Mandvi,Beans,Other,FAQ,2017-04-15 00:00:00,7000.0,7000.0,7000.0,94
Gujarat,Surat,Mandvi,Beans,Other,FAQ,2017-04-25 00:00:00,4000.0,4000.0,4000.0,94
Gujarat,Surat,Mandvi,Beans,Other,FAQ,2017-04-26 00:00:00,2500.0,2500.0,2500.0,94
Gujarat,Surat,S.Mandvi,Beans,Other,FAQ,2017-03-10 00:00:00,4500.0,4500.0,4500.0,94
Gujarat,Surat,S.Mandvi,Beans,Other,FAQ,2017-04-07 00:00:00,6500.0,6500.0,6500.0,94
Gujarat,Surat,Songadh,Beans,Other,FAQ,2017-03-09 00:00:00,5600.0,5600.0,5600.0,94
Gujarat,Surat,Songadh,Beans,Other,FAQ,2017-03-11 00:00:00,6450.0,6450.0,6450.0,94
Gujarat,Surat,Songadh,Beans,Other,FAQ,2017-03-20 00:00:00,7055.0,7055.0,7055.0,94
Gujarat,Surat,Songadh,Beans,Other,FAQ,2017-04-21 00:00:00,6770.0,6770.0,6770.0,94
Gujarat,Surat,Songadh,Beans,Other,FAQ,2017-05-11 00:00:00,3825.0,3825.0,3825.0,94
Gujarat,Surat,Songadh,Beans,Other,FAQ,2017-06-14 00:00:00,4750.0,4950.0,4850.0,94
Gujarat,Vadodara(Baroda),Vadodara,Beans,Other,FAQ,2017-01-03 00:00:00,3500.0,5500.0,5500.0,94
Gujarat,Vadodara(Baroda),Vadodara,Beans,Other,FAQ,2017-01-24 00:00:00,4500.0,5600.0,5600.0,94
Gujarat,Vadodara(Baroda),Vadodara,Beans,Other,FAQ,2017-03-11 00:00:00,4500.0,5000.0,5000.0,94
Gujarat,Vadodara(Baroda),Vadodara,Beans,Other,FAQ,2017-03-20 00:00:00,4500.0,5000.0,5000.0,94
Gujarat,Vadodara(Baroda),Vadodara,Beans,Other,FAQ,2017-03-23 00:00:00,4500.0,5000.0,5000.0,94
Gujarat,Vadodara(Baroda),Vadodara,Beans,Other,FAQ,2017-05-04 00:00:00,4500.0,5500.0,5500.0,94
Gujarat,Vadodara(Baroda),Vadodara,Beans,Other,FAQ,2017-05-07 00:00:00,4500.0,5500.0,5500.0,94
Gujarat,Vadodara(Baroda),Vadodara,Beans,Other,FAQ,2017-06-30 00:00:00,4000.0,5000.0,5000.0,94
Gujarat,Vadodara(Baroda),Vadodara,Beans,Other,FAQ,2017-07-07 00:00:00,4000.0,5000.0,5000.0,94
Gujarat,Vadodara(Baroda),Vadodara,Beans,Other,FAQ,2017-07-10 00:00:00,4000.0,5000.0,5000.0,94
Gujarat,Vadodara(Baroda),Vadodara,Beans,Other,FAQ,2017-07-26 00:00:00,6000.0,6500.0,6500.0,94
Gujarat,Vadodara(Baroda),Vadodara,Beans,Other,FAQ,2017-08-21 00:00:00,4000.0,4800.0,4800.0,94
Gujarat,Vadodara(Baroda),Vadodara,Beans,Other,FAQ,2017-09-27 00:00:00,4500.0,5000.0,5000.0,94
Gujarat,Vadodara(Baroda),Vadodara,Beans,Other,FAQ,2017-10-03 00:00:00,4500.0,5000.0,5000.0,94
Gujarat,Vadodara(Baroda),Vadodara,Beans,Other,FAQ,2017-10-17 00:00:00,4500.0,5000.0,5000.0,94
Gujarat,Vadodara(Baroda),Vadodara,Beans,Other,FAQ,2017-11-02 00:00:00,4000.0,4500.0,4500.0,94
Gujarat,Vadodara(Baroda),Vadodara,Beans,Other,FAQ,2017-11-07 00:00:00,3800.0,4500.0,4500.0,94
Gujarat,Vadodara(Baroda),Vadodara,Beans,Other,FAQ,2017-11-25 00:00:00,4000.0,4500.0,4500.0,94
Gujarat,Vadodara(Baroda),Vadodara,Beans,Other,FAQ,2017-11-27 00:00:00,4000.0,4500.0,4500.0,94
Gujarat,Vadodara(Baroda),Vadodara,Beans,Other,FAQ,2017-12-29 00:00:00,4500.0,4800.0,4800.0,94
Gujarat,Vadodara(Baroda),Vadodara,Beans,Other,FAQ,2012-08-24 00:00:00,5400.0,5600.0,5600.0,94
Gujarat,Vadodara(Baroda),Vadodara,Beans,Other,FAQ,2012-08-30 00:00:00,5200.0,5400.0,5400.0,94
Gujarat,Vadodara(Baroda),Vadodara,Beans,Other,FAQ,2012-09-06 00:00:00,5200.0,5400.0,5400.0,94
Gujarat,Vadodara(Baroda),Vadodara,Beans,Other,FAQ,2012-10-03 00:00:00,5000.0,5500.0,5500.0,94
Gujarat,Vadodara(Baroda),Vadodara,Beans,Other,FAQ,2012-10-19 00:00:00,4300.0,4500.0,4500.0,94
Gujarat,Vadodara(Baroda),Vadodara,Beans,Other,FAQ,2012-11-02 00:00:00,3500.0,4500.0,4500.0,94
Gujarat,Vadodara(Baroda),Vadodara,Beans,Other,FAQ,2012-11-09 00:00:00,3500.0,4500.0,4500.0,94
Gujarat,Vadodara(Baroda),Vadodara,Beans,Other,FAQ,2012-11-21 00:00:00,4500.0,5000.0,5000.0,94
Gujarat,Vadodara(Baroda),Vadodara,Beans,Other,FAQ,2012-12-12 00:00:00,4000.0,4800.0,4800.0,94
Gujarat,Vadodara(Baroda),Vadodara,Beans,Other,FAQ,2012-12-19 00:00:00,4000.0,4800.0,4800.0,94
Gujarat,Vadodara(Baroda),Vadodara,Beans,Other,FAQ,2012-12-22 00:00:00,4000.0,4800.0,4800.0,94
Gujarat,Banaskanth,Deesa(Deesa Veg Yard),Beans,Other,FAQ,2014-01-10 00:00:00,700.0,1000.0,850.0,94
Gujarat,Banaskanth,Deesa(Deesa Veg Yard),Beans,Other,FAQ,2014-02-07 00:00:00,500.0,1200.0,850.0,94
Gujarat,Banaskanth,Deesa(Deesa Veg Yard),Beans,Other,FAQ,2014-02-14 00:00:00,600.0,1200.0,900.0,94
Gujarat,Banaskanth,Deesa(Deesa Veg Yard),Beans,Other,FAQ,2014-02-15 00:00:00,500.0,1000.0,750.0,94
Gujarat,Banaskanth,Deesa(Deesa Veg Yard),Beans,Other,FAQ,2014-02-18 00:00:00,500.0,1000.0,750.0,94
Gujarat,Banaskanth,Deesa(Deesa Veg Yard),Beans,Other,FAQ,2014-02-20 00:00:00,500.0,600.0,550.0,94
Gujarat,Banaskanth,Deesa(Deesa Veg Yard),Beans,Other,FAQ,2014-02-21 00:00:00,500.0,600.0,550.0,94
Gujarat,Banaskanth,Deesa(Deesa Veg Yard),Beans,Other,FAQ,2014-03-04 00:00:00,1000.0,1100.0,1050.0,94
Gujarat,Banaskanth,Deesa(Deesa Veg Yard),Beans,Other,FAQ,2014-03-05 00:00:00,1000.0,1200.0,1100.0,94
Gujarat,Banaskanth,Deesa(Deesa Veg Yard),Beans,Other,FAQ,2014-03-06 00:00:00,1000.0,1100.0,1050.0,94
Gujarat,Dahod,Dahod,Beans,Other,FAQ,2014-01-31 00:00:00,5300.0,5600.0,5500.0,94
Gujarat,Dahod,Dahod,Beans,Other,FAQ,2014-03-24 00:00:00,4100.0,4200.0,4150.0,94
Gujarat,Jamnagar,Jam Jodhpur,Beans,Other,FAQ,2014-02-04 00:00:00,700.0,975.0,850.0,94
Gujarat,Jamnagar,Jam Jodhpur,Beans,Other,FAQ,2014-04-15 00:00:00,890.0,990.0,940.0,94
Gujarat,Jamnagar,Jam Jodhpur,Beans,Other,FAQ,2014-06-21 00:00:00,520.0,720.0,620.0,94
Gujarat,Jamnagar,Jam Jodhpur,Beans,Other,FAQ,2014-12-08 00:00:00,3400.0,4900.0,4300.0,94
Gujarat,Jamnagar,Jamnagar,Beans,Other,FAQ,2014-01-01 00:00:00,2275.0,4675.0,3475.0,94
Gujarat,Jamnagar,Jamnagar,Beans,Other,FAQ,2014-01-08 00:00:00,4700.0,7555.0,6128.0,94
Gujarat,Jamnagar,Jamnagar,Beans,Other,FAQ,2014-01-23 00:00:00,5000.0,5700.0,5400.0,94
Gujarat,Jamnagar,Jamnagar,Beans,Other,FAQ,2014-02-05 00:00:00,5500.0,7150.0,6325.0,94
Gujarat,Jamnagar,Jamnagar,Beans,Other,FAQ,2014-03-06 00:00:00,3500.0,4025.0,3763.0,94
Gujarat,Jamnagar,Jamnagar,Beans,Other,FAQ,2014-05-10 00:00:00,5000.0,7120.0,6050.0,94
Gujarat,Jamnagar,Jamnagar,Beans,Other,FAQ,2014-05-21 00:00:00,6000.0,7400.0,6700.0,94
Gujarat,Jamnagar,Jamnagar,Beans,Other,FAQ,2014-05-24 00:00:00,3750.0,5700.0,4725.0,94
Gujarat,Jamnagar,Jamnagar,Beans,Other,FAQ,2014-06-13 00:00:00,3500.0,5750.0,4625.0,94
Gujarat,Jamnagar,Jamnagar,Beans,Other,FAQ,2014-06-14 00:00:00,3500.0,4800.0,4150.0,94
Gujarat,Jamnagar,Jamnagar,Beans,Other,FAQ,2014-08-02 00:00:00,3250.0,4400.0,3825.0,94
Gujarat,Jamnagar,Jamnagar,Beans,Other,FAQ,2014-08-12 00:00:00,3500.0,4405.0,3953.0,94
Gujarat,Jamnagar,Jamnagar,Beans,Other,FAQ,2014-08-13 00:00:00,4000.0,4350.0,4175.0,94
Gujarat,Jamnagar,Jamnagar,Beans,Other,FAQ,2014-09-02 00:00:00,3250.0,4525.0,3888.0,94
Gujarat,Jamnagar,Jamnagar,Beans,Other,FAQ,2014-11-03 00:00:00,4750.0,5400.0,5075.0,94
Gujarat,Jamnagar,Jamnagar,Beans,Other,FAQ,2014-11-15 00:00:00,5200.0,5850.0,5525.0,94
Gujarat,Jamnagar,Jamnagar,Beans,Other,FAQ,2014-11-17 00:00:00,5125.0,5825.0,5500.0,94
Gujarat,Jamnagar,Jamnagar,Beans,Other,FAQ,2014-12-06 00:00:00,4250.0,5525.0,4888.0,94
Gujarat,Junagarh,Bhesan,Beans,Other,FAQ,2014-01-23 00:00:00,2000.0,2850.0,2425.0,94
Gujarat,Junagarh,Bhesan,Beans,Other,FAQ,2014-01-31 00:00:00,1575.0,2750.0,2160.0,94
Gujarat,Junagarh,Bhesan,Beans,Other,FAQ,2014-02-15 00:00:00,2250.0,2850.0,2550.0,94
Gujarat,Junagarh,Junagadh,Beans,Beans (Whole),FAQ,2014-01-08 00:00:00,2625.0,3325.0,2875.0,94
Gujarat,Junagarh,Junagadh,Beans,Beans (Whole),FAQ,2014-01-17 00:00:00,3920.0,3920.0,3920.0,94
Gujarat,Junagarh,Junagadh,Beans,Beans (Whole),FAQ,2014-02-04 00:00:00,2500.0,4025.0,3250.0,94
Gujarat,Junagarh,Junagadh,Beans,Beans (Whole),FAQ,2014-02-20 00:00:00,2500.0,4115.0,3750.0,94
Gujarat,Junagarh,Junagadh,Beans,Beans (Whole),FAQ,2014-04-09 00:00:00,4250.0,5340.0,5000.0,94
Gujarat,Junagarh,Junagadh,Beans,Beans (Whole),FAQ,2014-05-07 00:00:00,2500.0,4605.0,3750.0,94
Gujarat,Junagarh,Junagadh,Beans,Beans (Whole),FAQ,2014-05-09 00:00:00,2625.0,4625.0,3625.0,94
Gujarat,Junagarh,Junagadh,Beans,Beans (Whole),FAQ,2014-05-13 00:00:00,2500.0,4485.0,3750.0,94
Gujarat,Junagarh,Junagadh,Beans,Beans (Whole),FAQ,2014-05-26 00:00:00,2250.0,3950.0,3250.0,94
Gujarat,Junagarh,Junagadh,Beans,Beans (Whole),FAQ,2014-06-12 00:00:00,1500.0,3250.0,2500.0,94
Gujarat,Junagarh,Junagadh,Beans,Beans (Whole),FAQ,2014-06-19 00:00:00,2500.0,3225.0,3000.0,94
Gujarat,Junagarh,Junagadh,Beans,Beans (Whole),FAQ,2014-07-08 00:00:00,3000.0,4275.0,3500.0,94
Gujarat,Junagarh,Junagadh,Beans,Beans (Whole),FAQ,2014-07-11 00:00:00,1000.0,4090.0,3250.0,94
Gujarat,Junagarh,Junagadh,Beans,Beans (Whole),FAQ,2014-07-14 00:00:00,3475.0,4570.0,3750.0,94
Gujarat,Junagarh,Junagadh,Beans,Beans (Whole),FAQ,2014-08-02 00:00:00,2500.0,3550.0,3000.0,94
Gujarat,Junagarh,Junagadh,Beans,Beans (Whole),FAQ,2014-08-12 00:00:00,2500.0,4100.0,3500.0,94
Gujarat,Junagarh,Junagadh,Beans,Beans (Whole),FAQ,2014-09-05 00:00:00,2600.0,3900.0,3350.0,94
Gujarat,Junagarh,Junagadh,Beans,Beans (Whole),FAQ,2014-09-20 00:00:00,2075.0,4050.0,3000.0,94
Gujarat,Junagarh,Junagadh,Beans,Beans (Whole),FAQ,2014-09-24 00:00:00,2800.0,3740.0,3250.0,94
Gujarat,Junagarh,Junagadh,Beans,Beans (Whole),FAQ,2014-10-07 00:00:00,3420.0,3840.0,3625.0,94
Gujarat,Junagarh,Junagadh,Beans,Beans (Whole),FAQ,2014-10-29 00:00:00,4240.0,4500.0,4375.0,94
Gujarat,Junagarh,Junagadh,Beans,Beans (Whole),FAQ,2014-11-24 00:00:00,4000.0,4800.0,4500.0,94
Gujarat,Junagarh,Junagadh,Beans,Beans (Whole),FAQ,2014-12-18 00:00:00,5255.0,5255.0,5255.0,94
Gujarat,Junagarh,Junagadh,Beans,Beans (Whole),FAQ,2014-12-23 00:00:00,1500.0,3000.0,2500.0,94
Gujarat,Junagarh,Junagadh,Beans,Beans (Whole),FAQ,2014-12-27 00:00:00,4800.0,4800.0,4800.0,94
Gujarat,Junagarh,Junagadh,Beans,Beans (Whole),FAQ,2014-12-29 00:00:00,3900.0,3900.0,3900.0,94
Gujarat,Junagarh,Visavadar,Beans,Other,FAQ,2014-01-09 00:00:00,2135.0,4025.0,3080.0,94
Gujarat,Junagarh,Visavadar,Beans,Other,FAQ,2014-01-10 00:00:00,2065.0,4035.0,3050.0,94
Gujarat,Junagarh,Visavadar,Beans,Other,FAQ,2014-01-30 00:00:00,3155.0,4025.0,3590.0,94
Gujarat,Junagarh,Visavadar,Beans,Other,FAQ,2014-02-08 00:00:00,1000.0,2250.0,1625.0,94
Gujarat,Junagarh,Visavadar,Beans,Other,FAQ,2014-02-19 00:00:00,3075.0,4255.0,3665.0,94
Gujarat,Junagarh,Visavadar,Beans,Other,FAQ,2014-02-20 00:00:00,2850.0,3800.0,3325.0,94
Gujarat,Junagarh,Visavadar,Beans,Other,FAQ,2014-02-21 00:00:00,3165.0,3605.0,3510.0,94
Gujarat,Junagarh,Visavadar,Beans,Other,FAQ,2014-02-25 00:00:00,1915.0,2625.0,2270.0,94
Gujarat,Junagarh,Visavadar,Beans,Other,FAQ,2014-02-28 00:00:00,2000.0,3000.0,2500.0,94
Gujarat,Junagarh,Visavadar,Beans,Other,FAQ,2014-03-08 00:00:00,2250.0,3000.0,2625.0,94
Gujarat,Junagarh,Visavadar,Beans,Other,FAQ,2014-03-19 00:00:00,1750.0,2500.0,2125.0,94
Gujarat,Junagarh,Visavadar,Beans,Other,FAQ,2014-03-21 00:00:00,3265.0,3925.0,3595.0,94
Gujarat,Junagarh,Visavadar,Beans,Other,FAQ,2014-03-22 00:00:00,2910.0,3200.0,3055.0,94
Gujarat,Junagarh,Visavadar,Beans,Other,FAQ,2014-07-02 00:00:00,2625.0,3265.0,2945.0,94
Gujarat,Junagarh,Visavadar,Beans,Other,FAQ,2014-07-05 00:00:00,2500.0,3250.0,2875.0,94
Gujarat,Junagarh,Visavadar,Beans,Other,FAQ,2014-07-19 00:00:00,2610.0,3420.0,3015.0,94
Gujarat,Junagarh,Visavadar,Beans,Other,FAQ,2014-07-29 00:00:00,2015.0,3025.0,2520.0,94
Gujarat,Junagarh,Visavadar,Beans,Other,FAQ,2014-09-08 00:00:00,2000.0,2500.0,2250.0,94
Gujarat,Junagarh,Visavadar,Beans,Other,FAQ,2014-11-05 00:00:00,3250.0,3750.0,3500.0,94
Gujarat,Panchmahals,Godhra,Beans,Other,FAQ,2014-03-24 00:00:00,4200.0,4400.0,4300.0,94
Gujarat,Panchmahals,Godhra,Beans,Other,FAQ,2014-03-27 00:00:00,4100.0,4400.0,4300.0,94
Gujarat,Panchmahals,Godhra,Beans,Other,FAQ,2014-04-05 00:00:00,4200.0,4400.0,4300.0,94
Gujarat,Panchmahals,Godhra,Beans,Other,FAQ,2014-04-07 00:00:00,4200.0,4400.0,4300.0,94
Gujarat,Panchmahals,Godhra,Beans,Other,FAQ,2014-04-12 00:00:00,4000.0,4400.0,4200.0,94
Gujarat,Panchmahals,Godhra,Beans,Other,FAQ,2014-04-15 00:00:00,4000.0,4200.0,4100.0,94
Gujarat,Rajkot,Jetpur(Dist.Rajkot),Beans,Beans (Whole),FAQ,2014-01-15 00:00:00,1750.0,2700.0,2505.0,94
Gujarat,Rajkot,Jetpur(Dist.Rajkot),Beans,Beans (Whole),FAQ,2014-10-29 00:00:00,3000.0,4450.0,4005.0,94
Gujarat,Rajkot,Jetpur(Dist.Rajkot),Beans,Beans (Whole),FAQ,2014-11-17 00:00:00,5250.0,6650.0,5500.0,94
Gujarat,Rajkot,Jetpur(Dist.Rajkot),Beans,Beans (Whole),FAQ,2014-11-18 00:00:00,3000.0,4805.0,4255.0,94
Gujarat,Rajkot,Jetpur(Dist.Rajkot),Beans,Beans (Whole),FAQ,2014-12-09 00:00:00,2005.0,5005.0,4250.0,94
Gujarat,Rajkot,Upleta,Beans,Other,FAQ,2014-05-21 00:00:00,4125.0,4855.0,4490.0,94
Gujarat,Rajkot,Upleta,Beans,Other,FAQ,2014-05-29 00:00:00,3250.0,3880.0,3565.0,94
Gujarat,Surat,S.Mandvi,Beans,Other,FAQ,2014-03-25 00:00:00,4500.0,4500.0,4500.0,94
Gujarat,Surat,Vyra,Beans,Other,FAQ,2014-04-10 00:00:00,3750.0,4000.0,3875.0,94
Gujarat,Vadodara(Baroda),Vadodara,Beans,Other,FAQ,2014-01-21 00:00:00,5000.0,5200.0,5200.0,94
Gujarat,Vadodara(Baroda),Vadodara,Beans,Other,FAQ,2014-01-24 00:00:00,5000.0,5400.0,5400.0,94
Gujarat,Vadodara(Baroda),Vadodara,Beans,Other,FAQ,2014-02-06 00:00:00,4800.0,5300.0,5300.0,94
Gujarat,Vadodara(Baroda),Vadodara,Beans,Other,FAQ,2014-02-11 00:00:00,4800.0,5300.0,5300.0,94
Gujarat,Vadodara(Baroda),Vadodara,Beans,Other,FAQ,2014-03-04 00:00:00,5300.0,5600.0,5600.0,94
Gujarat,Vadodara(Baroda),Vadodara,Beans,Other,FAQ,2014-03-22 00:00:00,4500.0,5200.0,5200.0,94
Gujarat,Vadodara(Baroda),Vadodara,Beans,Other,FAQ,2014-03-25 00:00:00,4500.0,5200.0,5200.0,94
Gujarat,Vadodara(Baroda),Vadodara,Beans,Other,FAQ,2014-04-11 00:00:00,4500.0,5000.0,5000.0,94
Gujarat,Vadodara(Baroda),Vadodara,Beans,Other,FAQ,2014-04-15 00:00:00,4500.0,5000.0,5000.0,94
Gujarat,Vadodara(Baroda),Vadodara,Beans,Other,FAQ,2014-05-30 00:00:00,4400.0,5400.0,5400.0,94
Gujarat,Vadodara(Baroda),Vadodara,Beans,Other,FAQ,2014-06-04 00:00:00,4700.0,4900.0,4900.0,94
Gujarat,Vadodara(Baroda),Vadodara,Beans,Other,FAQ,2014-06-05 00:00:00,4700.0,4900.0,4900.0,94
Gujarat,Vadodara(Baroda),Vadodara,Beans,Other,FAQ,2014-06-25 00:00:00,4400.0,4800.0,4800.0,94
Gujarat,Vadodara(Baroda),Vadodara,Beans,Other,FAQ,2014-07-08 00:00:00,4400.0,4800.0,4800.0,94
Gujarat,Vadodara(Baroda),Vadodara,Beans,Other,FAQ,2014-07-30 00:00:00,4500.0,6000.0,6000.0,94
Gujarat,Vadodara(Baroda),Vadodara,Beans,Other,FAQ,2014-08-20 00:00:00,5200.0,5600.0,5600.0,94
Gujarat,Vadodara(Baroda),Vadodara,Beans,Other,FAQ,2014-08-22 00:00:00,5200.0,5600.0,5600.0,94
Gujarat,Vadodara(Baroda),Vadodara,Beans,Other,FAQ,2014-08-23 00:00:00,5200.0,5600.0,5600.0,94
Gujarat,Vadodara(Baroda),Vadodara,Beans,Other,FAQ,2014-10-09 00:00:00,5400.0,5600.0,5600.0,94
Gujarat,Vadodara(Baroda),Vadodara,Beans,Other,FAQ,2014-10-18 00:00:00,5400.0,5600.0,5600.0,94
Gujarat,Vadodara(Baroda),Vadodara,Beans,Other,FAQ,2014-11-11 00:00:00,4000.0,5500.0,5500.0,94
Gujarat,Vadodara(Baroda),Vadodara,Beans,Other,FAQ,2014-11-18 00:00:00,5000.0,5400.0,5400.0,94
Gujarat,Vadodara(Baroda),Vadodara,Beans,Other,FAQ,2014-11-22 00:00:00,5000.0,5400.0,5400.0,94
Gujarat,Vadodara(Baroda),Vadodara,Beans,Other,FAQ,2014-12-11 00:00:00,5000.0,5200.0,5200.0,94
Gujarat,Vadodara(Baroda),Vadodara,Beans,Other,FAQ,2014-12-26 00:00:00,5000.0,5200.0,5200.0,94
Gujarat,Anand,Tarapur,Beans,Other,FAQ,2015-03-16 00:00:00,3255.0,3500.0,3320.0,94
Gujarat,Anand,Tarapur,Beans,Other,FAQ,2015-03-18 00:00:00,3200.0,3450.0,3300.0,94
Gujarat,Anand,Tarapur,Beans,Other,FAQ,2015-03-25 00:00:00,2250.0,3380.0,3210.0,94
Gujarat,Anand,Tarapur,Beans,Other,FAQ,2015-03-27 00:00:00,3225.0,3380.0,3248.0,94
Gujarat,Anand,Tarapur,Beans,Other,FAQ,2015-04-09 00:00:00,3225.0,3500.0,3410.0,94
Gujarat,Anand,Tarapur,Beans,Other,FAQ,2015-05-08 00:00:00,3225.0,4500.0,4482.0,94
Gujarat,Anand,Tarapur,Beans,Other,FAQ,2015-05-09 00:00:00,3225.0,4300.0,4300.0,94
Gujarat,Anand,Tarapur,Beans,Other,FAQ,2015-05-19 00:00:00,3225.0,3250.0,3250.0,94
Gujarat,Anand,Tarapur,Beans,Other,FAQ,2015-05-25 00:00:00,3225.0,4350.0,4010.0,94
Gujarat,Anand,Tarapur,Beans,Other,FAQ,2015-05-26 00:00:00,3225.0,4325.0,4325.0,94
Gujarat,Anand,Tarapur,Beans,Other,FAQ,2015-05-28 00:00:00,3225.0,4250.0,4250.0,94
Gujarat,Anand,Tarapur,Beans,Other,FAQ,2015-07-13 00:00:00,3225.0,4005.0,4005.0,94
Gujarat,Anand,Tarapur,Beans,Other,FAQ,2015-10-05 00:00:00,3225.0,4365.0,4365.0,94
Gujarat,Dahod,Dahod,Beans,Beans (Whole),FAQ,2015-03-03 00:00:00,3100.0,3400.0,3200.0,94
Gujarat,Dahod,Dahod,Beans,Beans (Whole),FAQ,2015-03-04 00:00:00,3100.0,3400.0,3200.0,94
Gujarat,Dahod,Dahod,Beans,Beans (Whole),FAQ,2015-03-10 00:00:00,2700.0,3150.0,2950.0,94
Gujarat,Dahod,Dahod,Beans,Beans (Whole),FAQ,2015-03-12 00:00:00,3000.0,3000.0,3000.0,94
Gujarat,Dahod,Dahod,Beans,Beans (Whole),FAQ,2015-03-17 00:00:00,2700.0,2700.0,2700.0,94
Gujarat,Dahod,Dahod,Beans,Beans (Whole),FAQ,2015-03-23 00:00:00,2500.0,2500.0,2500.0,94
Gujarat,Dahod,Dahod,Beans,Beans (Whole),FAQ,2015-05-13 00:00:00,2300.0,2400.0,2350.0,94
Gujarat,Jamnagar,Jam Jodhpur,Beans,Other,FAQ,2015-10-07 00:00:00,5500.0,7000.0,6300.0,94
Gujarat,Jamnagar,Jamnagar,Beans,Other,FAQ,2015-03-14 00:00:00,1750.0,1875.0,1813.0,94
Gujarat,Jamnagar,Jamnagar,Beans,Other,FAQ,2015-06-05 00:00:00,5150.0,5700.0,5425.0,94
Gujarat,Jamnagar,Jamnagar,Beans,Other,FAQ,2015-06-19 00:00:00,2875.0,6550.0,4713.0,94
Gujarat,Jamnagar,Jamnagar,Beans,Other,FAQ,2015-07-07 00:00:00,1400.0,1500.0,1450.0,94
Gujarat,Jamnagar,Jamnagar,Beans,Other,FAQ,2015-07-21 00:00:00,5250.0,5750.0,5500.0,94
Gujarat,Jamnagar,Jamnagar,Beans,Other,FAQ,2015-09-02 00:00:00,6550.0,6650.0,6600.0,94
Gujarat,Jamnagar,Jamnagar,Beans,Other,FAQ,2015-09-14 00:00:00,6570.0,6885.0,6728.0,94
Gujarat,Jamnagar,Jamnagar,Beans,Other,FAQ,2015-10-06 00:00:00,6525.0,6950.0,6738.0,94
Gujarat,Jamnagar,Jamnagar,Beans,Other,FAQ,2015-10-12 00:00:00,2000.0,6400.0,4200.0,94
Gujarat,Jamnagar,Jamnagar,Beans,Other,FAQ,2015-10-13 00:00:00,5825.0,6400.0,6113.0,94
Gujarat,Jamnagar,Jamnagar,Beans,Other,FAQ,2015-11-03 00:00:00,5075.0,7110.0,6093.0,94
Gujarat,Jamnagar,Jamnagar,Beans,Other,FAQ,2015-11-26 00:00:00,2500.0,4500.0,3500.0,94
Gujarat,Jamnagar,Jamnagar,Beans,Other,FAQ,2015-12-14 00:00:00,4760.0,6650.0,5705.0,94
Gujarat,Junagarh,Junagadh,Beans,Beans (Whole),FAQ,2015-01-07 00:00:00,4650.0,5000.0,4750.0,94
Gujarat,Junagarh,Junagadh,Beans,Beans (Whole),FAQ,2015-01-10 00:00:00,4500.0,4500.0,4500.0,94
Gujarat,Junagarh,Junagadh,Beans,Beans (Whole),FAQ,2015-01-27 00:00:00,4100.0,5020.0,4750.0,94
Gujarat,Junagarh,Junagadh,Beans,Beans (Whole),FAQ,2015-01-28 00:00:00,5900.0,5900.0,5900.0,94
Gujarat,Junagarh,Junagadh,Beans,Beans (Whole),FAQ,2015-02-02 00:00:00,2700.0,2700.0,2700.0,94
Gujarat,Junagarh,Junagadh,Beans,Beans (Whole),FAQ,2015-02-16 00:00:00,5550.0,5550.0,5550.0,94
Gujarat,Junagarh,Junagadh,Beans,Beans (Whole),FAQ,2015-03-26 00:00:00,3500.0,4550.0,4000.0,94
Gujarat,Junagarh,Junagadh,Beans,Beans (Whole),FAQ,2015-04-03 00:00:00,5000.0,6025.0,5500.0,94
Gujarat,Junagarh,Junagadh,Beans,Beans (Whole),FAQ,2015-04-14 00:00:00,5600.0,5600.0,5600.0,94
Gujarat,Junagarh,Junagadh,Beans,Beans (Whole),FAQ,2015-04-25 00:00:00,6380.0,6380.0,6380.0,94
Gujarat,Junagarh,Junagadh,Beans,Beans (Whole),FAQ,2015-04-30 00:00:00,5125.0,6575.0,6250.0,94
Gujarat,Junagarh,Junagadh,Beans,Beans (Whole),FAQ,2015-05-09 00:00:00,3500.0,7750.0,5000.0,94
Gujarat,Junagarh,Junagadh,Beans,Beans (Whole),FAQ,2015-05-20 00:00:00,8600.0,8600.0,8600.0,94
Gujarat,Junagarh,Junagadh,Beans,Beans (Whole),FAQ,2015-06-01 00:00:00,4500.0,7600.0,6250.0,94
Gujarat,Junagarh,Junagadh,Beans,Beans (Whole),FAQ,2015-06-11 00:00:00,5075.0,7350.0,6250.0,94
Gujarat,Junagarh,Junagadh,Beans,Beans (Whole),FAQ,2015-06-12 00:00:00,8525.0,8525.0,8525.0,94
Gujarat,Junagarh,Junagadh,Beans,Beans (Whole),FAQ,2015-06-16 00:00:00,5500.0,6325.0,5750.0,94
Gujarat,Junagarh,Junagadh,Beans,Beans (Whole),FAQ,2015-06-29 00:00:00,6500.0,8600.0,7500.0,94
Gujarat,Junagarh,Junagadh,Beans,Beans (Whole),FAQ,2015-07-09 00:00:00,6450.0,7250.0,6750.0,94
Gujarat,Junagarh,Junagadh,Beans,Beans (Whole),FAQ,2015-07-20 00:00:00,5275.0,5275.0,5275.0,94
Gujarat,Junagarh,Junagadh,Beans,Beans (Whole),FAQ,2015-09-22 00:00:00,6350.0,6350.0,6350.0,94
Gujarat,Junagarh,Junagadh,Beans,Beans (Whole),FAQ,2015-09-28 00:00:00,5500.0,9825.0,7000.0,94
Gujarat,Junagarh,Junagadh,Beans,Beans (Whole),FAQ,2015-11-04 00:00:00,11275.0,11275.0,11275.0,94
Gujarat,Junagarh,Junagadh,Beans,Beans (Whole),FAQ,2015-11-16 00:00:00,6305.0,6305.0,6305.0,94
Gujarat,Junagarh,Visavadar,Beans,Other,FAQ,2015-01-08 00:00:00,4000.0,5250.0,4625.0,94
Gujarat,Junagarh,Visavadar,Beans,Other,FAQ,2015-01-29 00:00:00,4385.0,5125.0,4755.0,94
Gujarat,Junagarh,Visavadar,Beans,Other,FAQ,2015-02-23 00:00:00,4425.0,5155.0,4790.0,94
Gujarat,Junagarh,Visavadar,Beans,Other,FAQ,2015-02-24 00:00:00,4565.0,5155.0,4860.0,94
Gujarat,Junagarh,Visavadar,Beans,Other,FAQ,2015-02-28 00:00:00,4925.0,5255.0,5090.0,94
Gujarat,Junagarh,Visavadar,Beans,Other,FAQ,2015-04-07 00:00:00,4500.0,5750.0,5125.0,94
Gujarat,Junagarh,Visavadar,Beans,Other,FAQ,2015-04-17 00:00:00,4750.0,6150.0,5450.0,94
Gujarat,Junagarh,Visavadar,Beans,Other,FAQ,2015-05-01 00:00:00,5500.0,6950.0,6225.0,94
Gujarat,Junagarh,Visavadar,Beans,Other,FAQ,2015-05-09 00:00:00,6555.0,7505.0,7030.0,94
Gujarat,Junagarh,Visavadar,Beans,Other,FAQ,2015-05-11 00:00:00,6000.0,8100.0,7050.0,94
Gujarat,Junagarh,Visavadar,Beans,Other,FAQ,2015-05-12 00:00:00,6925.0,8005.0,7465.0,94
Gujarat,Junagarh,Visavadar,Beans,Other,FAQ,2015-05-13 00:00:00,6435.0,8095.0,7265.0,94
Gujarat,Junagarh,Visavadar,Beans,Other,FAQ,2015-05-16 00:00:00,6545.0,8055.0,7300.0,94
Gujarat,Junagarh,Visavadar,Beans,Other,FAQ,2015-05-18 00:00:00,6075.0,7005.0,6540.0,94
Gujarat,Junagarh,Visavadar,Beans,Other,FAQ,2015-05-22 00:00:00,6250.0,7800.0,7025.0,94
Gujarat,Junagarh,Visavadar,Beans,Other,FAQ,2015-06-02 00:00:00,6500.0,7950.0,7225.0,94
Gujarat,Banaskanth,Deesa(Deesa Veg Yard),Beans,Other,FAQ,2012-02-01 00:00:00,1500.0,2000.0,1750.0,94
Gujarat,Banaskanth,Deesa(Deesa Veg Yard),Beans,Other,FAQ,2012-03-09 00:00:00,1400.0,1500.0,1450.0,94
Gujarat,Banaskanth,Deesa(Deesa Veg Yard),Beans,Other,FAQ,2012-03-12 00:00:00,1200.0,1400.0,1300.0,94
Gujarat,Banaskanth,Deesa(Deesa Veg Yard),Beans,Other,FAQ,2012-03-21 00:00:00,1000.0,1200.0,1100.0,94
Gujarat,Banaskanth,Deesa(Deesa Veg Yard),Beans,Other,FAQ,2012-04-03 00:00:00,1200.0,1500.0,1350.0,94
Gujarat,Banaskanth,Deesa(Deesa Veg Yard),Beans,Other,FAQ,2012-04-17 00:00:00,1500.0,2000.0,1750.0,94
Gujarat,Banaskanth,Deesa(Deesa Veg Yard),Beans,Other,FAQ,2012-08-30 00:00:00,2500.0,3500.0,3000.0,94
Gujarat,Banaskanth,Deesa(Deesa Veg Yard),Beans,Other,FAQ,2012-09-03 00:00:00,2500.0,3000.0,2750.0,94
Gujarat,Banaskanth,Deesa(Deesa Veg Yard),Beans,Other,FAQ,2012-09-07 00:00:00,2000.0,2200.0,2100.0,94
Gujarat,Banaskanth,Deesa(Deesa Veg Yard),Beans,Other,FAQ,2012-09-22 00:00:00,2800.0,3000.0,2900.0,94
Gujarat,Banaskanth,Deesa(Deesa Veg Yard),Beans,Other,FAQ,2012-10-03 00:00:00,2000.0,3000.0,2500.0,94
Gujarat,Banaskanth,Deesa(Deesa Veg Yard),Beans,Other,FAQ,2012-10-08 00:00:00,2500.0,3000.0,2750.0,94
Gujarat,Banaskanth,Deesa(Deesa Veg Yard),Beans,Other,FAQ,2012-10-11 00:00:00,1500.0,2000.0,1750.0,94
Gujarat,Banaskanth,Deesa(Deesa Veg Yard),Beans,Other,FAQ,2012-10-18 00:00:00,1000.0,1500.0,1250.0,94
Gujarat,Banaskanth,Deesa(Deesa Veg Yard),Beans,Other,FAQ,2012-10-27 00:00:00,1000.0,1500.0,1250.0,94
Gujarat,Banaskanth,Deesa(Deesa Veg Yard),Beans,Other,FAQ,2012-11-02 00:00:00,1000.0,1100.0,1050.0,94
Gujarat,Banaskanth,Deesa(Deesa Veg Yard),Beans,Other,FAQ,2012-11-03 00:00:00,1000.0,1100.0,1050.0,94
Gujarat,Banaskanth,Deesa(Deesa Veg Yard),Beans,Other,FAQ,2012-11-06 00:00:00,1500.0,1600.0,1550.0,94
Gujarat,Dahod,Dahod,Beans,Other,FAQ,2012-03-13 00:00:00,2300.0,2425.0,2400.0,94
Gujarat,Dahod,Dahod,Beans,Other,FAQ,2012-03-14 00:00:00,2300.0,2425.0,2400.0,94
Gujarat,Dahod,Dahod,Beans,Other,FAQ,2012-03-23 00:00:00,2300.0,2425.0,2400.0,94
Gujarat,Dahod,Dahod,Beans,Other,FAQ,2012-03-26 00:00:00,2300.0,2500.0,2425.0,94
Gujarat,Jamnagar,Jam Jodhpur,Beans,Other,FAQ,2012-01-10 00:00:00,1500.0,3100.0,2300.0,94
Gujarat,Jamnagar,Jam Jodhpur,Beans,Other,FAQ,2012-01-13 00:00:00,1250.0,2050.0,1750.0,94
Gujarat,Jamnagar,Jam Jodhpur,Beans,Other,FAQ,2012-02-02 00:00:00,1000.0,1100.0,1050.0,94
Gujarat,Jamnagar,Jam Jodhpur,Beans,Other,FAQ,2012-05-01 00:00:00,1800.0,4500.0,3150.0,94
Gujarat,Jamnagar,Jam Jodhpur,Beans,Other,FAQ,2012-06-28 00:00:00,1250.0,2300.0,1775.0,94
Gujarat,Jamnagar,Jam Jodhpur,Beans,Other,FAQ,2012-07-03 00:00:00,1250.0,2150.0,1700.0,94
Gujarat,Jamnagar,Jam Jodhpur,Beans,Other,FAQ,2012-08-27 00:00:00,1500.0,2500.0,2000.0,94
Gujarat,Jamnagar,Jam Jodhpur,Beans,Other,FAQ,2012-09-06 00:00:00,1000.0,1500.0,1250.0,94
Gujarat,Jamnagar,Jam Jodhpur,Beans,Other,FAQ,2012-09-07 00:00:00,1250.0,1790.0,1520.0,94
Gujarat,Jamnagar,Jam Jodhpur,Beans,Other,FAQ,2012-09-15 00:00:00,1500.0,2000.0,1750.0,94
Gujarat,Jamnagar,Jam Jodhpur,Beans,Other,FAQ,2012-10-08 00:00:00,1600.0,2100.0,1850.0,94
Gujarat,Jamnagar,Jam Jodhpur,Beans,Other,FAQ,2012-11-01 00:00:00,1750.0,2450.0,2100.0,94
Gujarat,Jamnagar,Jam Jodhpur,Beans,Other,FAQ,2012-12-07 00:00:00,2500.0,2750.0,2625.0,94
Gujarat,Jamnagar,Jamnagar,Beans,Other,FAQ,2012-04-05 00:00:00,1125.0,1200.0,1163.0,94
Gujarat,Jamnagar,Jamnagar,Beans,Other,FAQ,2012-05-15 00:00:00,4250.0,4750.0,4500.0,94
Gujarat,Jamnagar,Jamnagar,Beans,Other,FAQ,2012-05-17 00:00:00,2975.0,4450.0,3713.0,94
Gujarat,Jamnagar,Jamnagar,Beans,Other,FAQ,2012-06-18 00:00:00,3500.0,4505.0,4003.0,94
Gujarat,Jamnagar,Jamnagar,Beans,Other,FAQ,2012-07-10 00:00:00,3940.0,4600.0,4270.0,94
Gujarat,Jamnagar,Jamnagar,Beans,Other,FAQ,2012-07-17 00:00:00,3725.0,4750.0,4238.0,94
Gujarat,Jamnagar,Jamnagar,Beans,Other,FAQ,2012-07-25 00:00:00,4250.0,4700.0,4475.0,94
Gujarat,Jamnagar,Jamnagar,Beans,Other,FAQ,2012-08-20 00:00:00,1650.0,4575.0,3113.0,94
Gujarat,Jamnagar,Jamnagar,Beans,Other,FAQ,2012-09-03 00:00:00,2500.0,4570.0,4000.0,94
Gujarat,Jamnagar,Jamnagar,Beans,Other,FAQ,2012-12-19 00:00:00,4000.0,4520.0,4260.0,94
Gujarat,Jamnagar,Jamnagar,Beans,Other,FAQ,2012-12-26 00:00:00,4025.0,4410.0,4218.0,94
Gujarat,Junagarh,Junagadh,Beans,Beans (Whole),FAQ,2012-01-19 00:00:00,1500.0,2250.0,2000.0,94
Gujarat,Junagarh,Junagadh,Beans,Beans (Whole),FAQ,2012-02-08 00:00:00,1250.0,2160.0,1800.0,94
Gujarat,Junagarh,Junagadh,Beans,Beans (Whole),FAQ,2012-02-13 00:00:00,1250.0,2575.0,1800.0,94
Gujarat,Junagarh,Junagadh,Beans,Beans (Whole),FAQ,2012-02-24 00:00:00,1125.0,2400.0,2125.0,94
Gujarat,Junagarh,Junagadh,Beans,Beans (Whole),FAQ,2012-02-27 00:00:00,1000.0,2375.0,2105.0,94
Gujarat,Junagarh,Junagadh,Beans,Beans (Whole),FAQ,2012-03-13 00:00:00,1775.0,1775.0,1775.0,94
Gujarat,Junagarh,Junagadh,Beans,Beans (Whole),FAQ,2012-03-14 00:00:00,1000.0,1825.0,1400.0,94
Gujarat,Junagarh,Junagadh,Beans,Beans (Whole),FAQ,2012-03-16 00:00:00,2510.0,2510.0,2510.0,94
Gujarat,Junagarh,Junagadh,Beans,Beans (Whole),FAQ,2012-04-16 00:00:00,1500.0,2400.0,2000.0,94
Gujarat,Junagarh,Junagadh,Beans,Beans (Whole),FAQ,2012-04-19 00:00:00,1500.0,2500.0,2000.0,94
Gujarat,Junagarh,Junagadh,Beans,Beans (Whole),FAQ,2012-05-03 00:00:00,1350.0,2650.0,2250.0,94
Gujarat,Junagarh,Junagadh,Beans,Beans (Whole),FAQ,2012-05-05 00:00:00,1250.0,2800.0,2125.0,94
Gujarat,Junagarh,Junagadh,Beans,Beans (Whole),FAQ,2012-05-07 00:00:00,1250.0,2220.0,1600.0,94
Gujarat,Junagarh,Junagadh,Beans,Beans (Whole),FAQ,2012-05-14 00:00:00,1125.0,2220.0,1750.0,94
Gujarat,Junagarh,Junagadh,Beans,Beans (Whole),FAQ,2012-05-15 00:00:00,1000.0,1360.0,1250.0,94
Gujarat,Junagarh,Junagadh,Beans,Beans (Whole),FAQ,2012-05-17 00:00:00,1000.0,1836.0,1418.0,94
Gujarat,Junagarh,Junagadh,Beans,Beans (Whole),FAQ,2012-05-28 00:00:00,1250.0,1650.0,1500.0,94
Gujarat,Junagarh,Junagadh,Beans,Beans (Whole),FAQ,2012-06-11 00:00:00,1250.0,2280.0,1700.0,94
Gujarat,Junagarh,Junagadh,Beans,Beans (Whole),FAQ,2012-07-07 00:00:00,1500.0,1800.0,1625.0,94
Gujarat,Junagarh,Junagadh,Beans,Beans (Whole),FAQ,2012-08-03 00:00:00,2250.0,2805.0,2750.0,94
Gujarat,Junagarh,Junagadh,Beans,Beans (Whole),FAQ,2012-08-04 00:00:00,2500.0,3880.0,3250.0,94
Gujarat,Junagarh,Junagadh,Beans,Beans (Whole),FAQ,2012-09-08 00:00:00,1500.0,1880.0,1750.0,94
Gujarat,Junagarh,Junagadh,Beans,Beans (Whole),FAQ,2012-09-13 00:00:00,1250.0,3315.0,2500.0,94
Gujarat,Junagarh,Junagadh,Beans,Beans (Whole),FAQ,2012-09-15 00:00:00,2000.0,2325.0,2200.0,94
Gujarat,Junagarh,Junagadh,Beans,Beans (Whole),FAQ,2012-10-18 00:00:00,2770.0,2770.0,2770.0,94
Gujarat,Junagarh,Junagadh,Beans,Beans (Whole),FAQ,2012-12-11 00:00:00,2250.0,3000.0,2625.0,94
Gujarat,Junagarh,Junagadh,Beans,Beans (Whole),FAQ,2012-12-14 00:00:00,2250.0,3305.0,3000.0,94
Gujarat,Junagarh,Junagadh,Beans,Beans (Whole),FAQ,2012-12-26 00:00:00,2000.0,3030.0,2500.0,94
Gujarat,Junagarh,Junagadh,Beans,Beans (Whole),FAQ,2012-12-29 00:00:00,2225.0,2225.0,2225.0,94
Gujarat,Junagarh,Visavadar,Beans,Other,FAQ,2012-01-05 00:00:00,1970.0,2130.0,2050.0,94
Gujarat,Junagarh,Visavadar,Beans,Other,FAQ,2012-01-23 00:00:00,1150.0,2000.0,1575.0,94
Gujarat,Junagarh,Visavadar,Beans,Other,FAQ,2012-03-05 00:00:00,1050.0,1500.0,1275.0,94
Gujarat,Junagarh,Visavadar,Beans,Other,FAQ,2012-04-18 00:00:00,1000.0,1200.0,1100.0,94
Gujarat,Junagarh,Visavadar,Beans,Other,FAQ,2012-04-26 00:00:00,1255.0,1675.0,1465.0,94
Gujarat,Junagarh,Visavadar,Beans,Other,FAQ,2012-05-02 00:00:00,1000.0,1400.0,1200.0,94
Gujarat,Junagarh,Visavadar,Beans,Other,FAQ,2012-05-03 00:00:00,950.0,1600.0,1275.0,94
Gujarat,Junagarh,Visavadar,Beans,Other,FAQ,2012-05-12 00:00:00,1050.0,1200.0,1125.0,94
Gujarat,Junagarh,Visavadar,Beans,Other,FAQ,2012-05-21 00:00:00,1400.0,2100.0,1700.0,94
Gujarat,Junagarh,Visavadar,Beans,Other,FAQ,2012-05-23 00:00:00,1105.0,1125.0,1115.0,94
Gujarat,Junagarh,Visavadar,Beans,Other,FAQ,2012-05-26 00:00:00,1200.0,1750.0,1475.0,94
Gujarat,Junagarh,Visavadar,Beans,Other,FAQ,2012-06-05 00:00:00,955.0,1225.0,1090.0,94
Gujarat,Junagarh,Visavadar,Beans,Other,FAQ,2012-07-10 00:00:00,1250.0,1500.0,1375.0,94
Gujarat,Junagarh,Visavadar,Beans,Other,FAQ,2012-07-13 00:00:00,960.0,1220.0,1090.0,94
Gujarat,Junagarh,Visavadar,Beans,Other,FAQ,2012-09-05 00:00:00,1100.0,1800.0,1450.0,94
Gujarat,Junagarh,Visavadar,Beans,Other,FAQ,2012-09-28 00:00:00,1120.0,2050.0,1585.0,94
Gujarat,Junagarh,Visavadar,Beans,Other,FAQ,2012-10-03 00:00:00,1070.0,2510.0,1790.0,94
Gujarat,Junagarh,Visavadar,Beans,Other,FAQ,2012-10-12 00:00:00,955.0,2125.0,1540.0,94
Gujarat,Junagarh,Visavadar,Beans,Other,FAQ,2012-10-30 00:00:00,1120.0,2480.0,1800.0,94
Gujarat,Junagarh,Visavadar,Beans,Other,FAQ,2012-11-01 00:00:00,1185.0,2075.0,1630.0,94
Gujarat,Junagarh,Visavadar,Beans,Other,FAQ,2012-11-06 00:00:00,1250.0,2000.0,1625.0,94
Gujarat,Junagarh,Visavadar,Beans,Other,FAQ,2012-11-27 00:00:00,1385.0,2755.0,2070.0,94
Gujarat,Junagarh,Visavadar,Beans,Other,FAQ,2012-11-29 00:00:00,900.0,1500.0,1200.0,94
Gujarat,Junagarh,Visavadar,Beans,Other,FAQ,2012-12-08 00:00:00,1235.0,2265.0,1750.0,94
Gujarat,Junagarh,Visavadar,Beans,Other,FAQ,2012-12-10 00:00:00,1215.0,1775.0,1495.0,94
Gujarat,Rajkot,Jamkandorna,Beans,Beans (Whole),FAQ,2012-05-11 00:00:00,1175.0,2125.0,1800.0,94
Gujarat,Rajkot,Jasdan,Beans,Other,FAQ,2012-01-07 00:00:00,2160.0,2160.0,2160.0,94
Gujarat,Rajkot,Jasdan,Beans,Other,FAQ,2012-01-10 00:00:00,2105.0,2375.0,2250.0,94
Gujarat,Rajkot,Jasdan,Beans,Other,FAQ,2012-01-12 00:00:00,2005.0,2005.0,2005.0,94
Gujarat,Rajkot,Jasdan,Beans,Other,FAQ,2012-04-04 00:00:00,1000.0,2250.0,1500.0,94
Gujarat,Rajkot,Jasdan,Beans,Other,FAQ,2012-04-17 00:00:00,1375.0,6500.0,2270.0,94
Gujarat,Rajkot,Jasdan,Beans,Other,FAQ,2012-04-26 00:00:00,1880.0,2655.0,2290.0,94
Gujarat,Rajkot,Jasdan,Beans,Other,FAQ,2012-05-17 00:00:00,1000.0,2555.0,1625.0,94
Gujarat,Rajkot,Jasdan,Beans,Other,FAQ,2012-05-31 00:00:00,750.0,1350.0,1000.0,94
Gujarat,Rajkot,Jasdan,Beans,Other,FAQ,2012-06-07 00:00:00,1205.0,1205.0,1205.0,94
Gujarat,Rajkot,Jasdan,Beans,Other,FAQ,2012-06-22 00:00:00,1000.0,1575.0,1500.0,94
Gujarat,Rajkot,Jasdan,Beans,Other,FAQ,2012-06-28 00:00:00,750.0,750.0,750.0,94
Gujarat,Rajkot,Jasdan,Beans,Other,FAQ,2012-07-02 00:00:00,1860.0,1860.0,1860.0,94
Gujarat,Rajkot,Jasdan,Beans,Other,FAQ,2012-07-04 00:00:00,2240.0,2240.0,2240.0,94
Gujarat,Rajkot,Jasdan,Beans,Other,FAQ,2012-07-13 00:00:00,1500.0,2800.0,2500.0,94
Gujarat,Rajkot,Jasdan,Beans,Other,FAQ,2012-07-17 00:00:00,1500.0,2715.0,2450.0,94
Gujarat,Rajkot,Jasdan,Beans,Other,FAQ,2012-07-20 00:00:00,1625.0,3215.0,2750.0,94
Gujarat,Rajkot,Jasdan,Beans,Other,FAQ,2012-08-30 00:00:00,1460.0,2505.0,2000.0,94
Gujarat,Rajkot,Jasdan,Beans,Other,FAQ,2012-09-13 00:00:00,2375.0,2375.0,2375.0,94
Gujarat,Rajkot,Jasdan,Beans,Other,FAQ,2012-10-11 00:00:00,1500.0,1500.0,1500.0,94
Gujarat,Rajkot,Jasdan,Beans,Other,FAQ,2012-10-16 00:00:00,2000.0,2000.0,2000.0,94
Gujarat,Rajkot,Jasdan,Beans,Other,FAQ,2012-11-01 00:00:00,1860.0,1860.0,1860.0,94
Gujarat,Rajkot,Jasdan,Beans,Other,FAQ,2012-11-02 00:00:00,2000.0,2675.0,2450.0,94
Gujarat,Rajkot,Jasdan,Beans,Other,FAQ,2012-12-10 00:00:00,1950.0,1950.0,1950.0,94
Gujarat,Rajkot,Jetpur(Dist.Rajkot),Beans,Beans (Whole),FAQ,2012-01-03 00:00:00,1750.0,2105.0,2025.0,94
Gujarat,Rajkot,Jetpur(Dist.Rajkot),Beans,Beans (Whole),FAQ,2012-01-19 00:00:00,2505.0,2750.0,2655.0,94
Gujarat,Rajkot,Jetpur(Dist.Rajkot),Beans,Beans (Whole),FAQ,2012-01-27 00:00:00,1750.0,2855.0,2505.0,94
Gujarat,Rajkot,Jetpur(Dist.Rajkot),Beans,Beans (Whole),FAQ,2012-02-07 00:00:00,5250.0,6105.0,5900.0,94
Gujarat,Rajkot,Jetpur(Dist.Rajkot),Beans,Beans (Whole),FAQ,2012-02-16 00:00:00,1255.0,2250.0,1900.0,94
Gujarat,Rajkot,Jetpur(Dist.Rajkot),Beans,Beans (Whole),FAQ,2012-02-21 00:00:00,1250.0,2255.0,1900.0,94
Gujarat,Rajkot,Jetpur(Dist.Rajkot),Beans,Beans (Whole),FAQ,2012-03-01 00:00:00,1750.0,2505.0,2400.0,94
Gujarat,Rajkot,Jetpur(Dist.Rajkot),Beans,Beans (Whole),FAQ,2012-03-22 00:00:00,1200.0,2205.0,1905.0,94
Gujarat,Rajkot,Jetpur(Dist.Rajkot),Beans,Beans (Whole),FAQ,2012-05-02 00:00:00,1755.0,2475.0,2105.0,94
Gujarat,Rajkot,Jetpur(Dist.Rajkot),Beans,Beans (Whole),FAQ,2012-05-09 00:00:00,1750.0,2755.0,2350.0,94
Gujarat,Rajkot,Jetpur(Dist.Rajkot),Beans,Beans (Whole),FAQ,2012-05-15 00:00:00,1250.0,2505.0,2075.0,94
Gujarat,Rajkot,Jetpur(Dist.Rajkot),Beans,Beans (Whole),FAQ,2012-05-24 00:00:00,1005.0,1525.0,1375.0,94
Gujarat,Rajkot,Jetpur(Dist.Rajkot),Beans,Beans (Whole),FAQ,2012-05-31 00:00:00,1250.0,2230.0,2005.0,94
Gujarat,Rajkot,Jetpur(Dist.Rajkot),Beans,Beans (Whole),FAQ,2012-06-20 00:00:00,1505.0,2230.0,2005.0,94
Gujarat,Rajkot,Jetpur(Dist.Rajkot),Beans,Beans (Whole),FAQ,2012-06-28 00:00:00,1250.0,2505.0,1855.0,94
Gujarat,Rajkot,Jetpur(Dist.Rajkot),Beans,Beans (Whole),FAQ,2012-06-29 00:00:00,1005.0,1730.0,1505.0,94
Gujarat,Rajkot,Jetpur(Dist.Rajkot),Beans,Beans (Whole),FAQ,2012-07-14 00:00:00,2500.0,4200.0,4030.0,94
Gujarat,Rajkot,Jetpur(Dist.Rajkot),Beans,Beans (Whole),FAQ,2012-07-19 00:00:00,1250.0,2450.0,1950.0,94
Gujarat,Rajkot,Jetpur(Dist.Rajkot),Beans,Beans (Whole),FAQ,2012-07-28 00:00:00,1455.0,2375.0,1950.0,94
Gujarat,Rajkot,Jetpur(Dist.Rajkot),Beans,Beans (Whole),FAQ,2012-08-30 00:00:00,1750.0,2950.0,2550.0,94
Gujarat,Rajkot,Jetpur(Dist.Rajkot),Beans,Beans (Whole),FAQ,2012-09-10 00:00:00,2005.0,2830.0,2625.0,94
Gujarat,Rajkot,Jetpur(Dist.Rajkot),Beans,Beans (Whole),FAQ,2012-09-12 00:00:00,2030.0,2375.0,2250.0,94
Gujarat,Rajkot,Jetpur(Dist.Rajkot),Beans,Beans (Whole),FAQ,2012-09-20 00:00:00,1705.0,2250.0,2125.0,94
Gujarat,Rajkot,Jetpur(Dist.Rajkot),Beans,Beans (Whole),FAQ,2012-10-18 00:00:00,1900.0,2830.0,2505.0,94
Gujarat,Surat,Nizar,Beans,Other,FAQ,2012-10-25 00:00:00,2902.0,2902.0,2902.0,94
Gujarat,Surat,Valod(Buhari),Beans,Other,FAQ,2012-03-29 00:00:00,3760.0,3805.0,3790.0,94
Gujarat,Surat,Valod(Buhari),Beans,Other,FAQ,2012-05-08 00:00:00,3500.0,3540.0,3520.0,94
Gujarat,Vadodara(Baroda),Vadodara,Beans,Other,FAQ,2012-01-04 00:00:00,3600.0,4000.0,4000.0,94
Gujarat,Vadodara(Baroda),Vadodara,Beans,Other,FAQ,2012-01-10 00:00:00,3600.0,4000.0,3800.0,94
Gujarat,Vadodara(Baroda),Vadodara,Beans,Other,FAQ,2012-01-21 00:00:00,3200.0,3800.0,3800.0,94
Gujarat,Vadodara(Baroda),Vadodara,Beans,Other,FAQ,2012-01-28 00:00:00,4500.0,4800.0,4800.0,94
Gujarat,Vadodara(Baroda),Vadodara,Beans,Other,FAQ,2012-02-17 00:00:00,3800.0,4200.0,4200.0,94
Gujarat,Vadodara(Baroda),Vadodara,Beans,Other,FAQ,2012-02-18 00:00:00,3800.0,4200.0,4200.0,94
Gujarat,Vadodara(Baroda),Vadodara,Beans,Other,FAQ,2012-03-09 00:00:00,3300.0,3600.0,3600.0,94
Gujarat,Vadodara(Baroda),Vadodara,Beans,Other,FAQ,2012-04-07 00:00:00,4500.0,4800.0,4800.0,94
Gujarat,Vadodara(Baroda),Vadodara,Beans,Other,FAQ,2012-04-09 00:00:00,4500.0,4800.0,4800.0,94
Gujarat,Vadodara(Baroda),Vadodara,Beans,Other,FAQ,2012-04-24 00:00:00,4500.0,4800.0,4800.0,94
Gujarat,Vadodara(Baroda),Vadodara,Beans,Other,FAQ,2012-04-25 00:00:00,4500.0,4800.0,4800.0,94
Gujarat,Vadodara(Baroda),Vadodara,Beans,Other,FAQ,2012-05-09 00:00:00,4500.0,4800.0,4800.0,94
Gujarat,Vadodara(Baroda),Vadodara,Beans,Other,FAQ,2012-06-12 00:00:00,4500.0,5000.0,5000.0,94
Gujarat,Vadodara(Baroda),Vadodara,Beans,Other,FAQ,2012-06-21 00:00:00,4000.0,4500.0,4500.0,94
Gujarat,Vadodara(Baroda),Vadodara,Beans,Other,FAQ,2012-07-05 00:00:00,3500.0,4000.0,4000.0,94
Gujarat,Vadodara(Baroda),Vadodara,Beans,Other,FAQ,2012-07-10 00:00:00,3500.0,4000.0,4000.0,94
Gujarat,Vadodara(Baroda),Vadodara,Beans,Other,FAQ,2012-07-17 00:00:00,5200.0,5400.0,5400.0,94
Gujarat,Vadodara(Baroda),Vadodara,Beans,Other,FAQ,2012-07-19 00:00:00,5200.0,5400.0,5400.0,94
Gujarat,Vadodara(Baroda),Vadodara,Beans,Other,FAQ,2012-07-21 00:00:00,5200.0,5400.0,5400.0,94
Gujarat,Vadodara(Baroda),Vadodara,Beans,Other,FAQ,2012-08-09 00:00:00,3800.0,4800.0,4800.0,94
Gujarat,Vadodara(Baroda),Vadodara,Beans,Other,FAQ,2012-08-11 00:00:00,3800.0,4800.0,4800.0,94
Gujarat,Vadodara(Baroda),Vadodara,Beans,Other,FAQ,2012-08-28 00:00:00,5200.0,5400.0,5400.0,94
Gujarat,Vadodara(Baroda),Vadodara,Beans,Other,FAQ,2012-08-31 00:00:00,5200.0,5400.0,5400.0,94
Gujarat,Vadodara(Baroda),Vadodara,Beans,Other,FAQ,2012-09-07 00:00:00,5200.0,5400.0,5400.0,94
Gujarat,Vadodara(Baroda),Vadodara,Beans,Other,FAQ,2012-09-08 00:00:00,5200.0,5400.0,5400.0,94
Gujarat,Vadodara(Baroda),Vadodara,Beans,Other,FAQ,2012-09-15 00:00:00,4000.0,5000.0,5000.0,94
Gujarat,Vadodara(Baroda),Vadodara,Beans,Other,FAQ,2012-09-27 00:00:00,5000.0,5500.0,5500.0,94
Gujarat,Vadodara(Baroda),Vadodara,Beans,Other,FAQ,2012-10-15 00:00:00,4200.0,4800.0,4800.0,94
Gujarat,Vadodara(Baroda),Vadodara,Beans,Other,FAQ,2012-10-18 00:00:00,4300.0,4500.0,4500.0,94
Gujarat,Vadodara(Baroda),Vadodara,Beans,Other,FAQ,2012-10-26 00:00:00,4300.0,4500.0,4500.0,94
Gujarat,Vadodara(Baroda),Vadodara,Beans,Other,FAQ,2012-11-26 00:00:00,4500.0,5000.0,5000.0,94
Gujarat,Vadodara(Baroda),Vadodara,Beans,Other,FAQ,2012-12-05 00:00:00,4500.0,5000.0,5000.0,94
Gujarat,Vadodara(Baroda),Vadodara,Beans,Other,FAQ,2012-12-07 00:00:00,4500.0,5000.0,5000.0,94
Gujarat,Vadodara(Baroda),Vadodara,Beans,Other,FAQ,2012-12-13 00:00:00,4000.0,4800.0,4800.0,94
Gujarat,Vadodara(Baroda),Vadodara,Beans,Other,FAQ,2012-12-14 00:00:00,4000.0,4800.0,4800.0,94
Gujarat,Vadodara(Baroda),Vadodara,Beans,Other,FAQ,2012-12-29 00:00:00,4000.0,5500.0,5500.0,94
Gujarat,Junagarh,Visavadar,Beans,Other,FAQ,2015-06-10 00:00:00,6050,7850,6950.0,94
Gujarat,Junagarh,Visavadar,Beans,Other,FAQ,2015-06-20 00:00:00,6365,7535,6950.0,94
Gujarat,Junagarh,Visavadar,Beans,Other,FAQ,2015-06-30 00:00:00,7075,8185,7630.0,94
Gujarat,Junagarh,Visavadar,Beans,Other,FAQ,2015-07-01 00:00:00,5500,7750,6625.0,94
Gujarat,Junagarh,Visavadar,Beans,Other,FAQ,2015-07-04 00:00:00,7435,8205,7820.0,94
Gujarat,Junagarh,Visavadar,Beans,Other,FAQ,2015-07-06 00:00:00,6460,7650,7055.0,94
Gujarat,Junagarh,Visavadar,Beans,Other,FAQ,2015-07-27 00:00:00,5060,7200,6130.0,94
Gujarat,Junagarh,Visavadar,Beans,Other,FAQ,2015-07-28 00:00:00,5000,6000,5500.0,94
Gujarat,Junagarh,Visavadar,Beans,Other,FAQ,2015-08-10 00:00:00,5885,7505,6695.0,94
Gujarat,Junagarh,Visavadar,Beans,Other,FAQ,2015-08-13 00:00:00,6265,9005,7635.0,94
Gujarat,Junagarh,Visavadar,Beans,Other,FAQ,2015-08-27 00:00:00,6000,6950,6475.0,94
Gujarat,Junagarh,Visavadar,Beans,Other,FAQ,2015-08-28 00:00:00,6200,7400,6800.0,94
Gujarat,Junagarh,Visavadar,Beans,Other,FAQ,2015-09-12 00:00:00,5450,7000,6225.0,94
Gujarat,Junagarh,Visavadar,Beans,Other,FAQ,2015-09-24 00:00:00,6220,7840,7030.0,94
Gujarat,Junagarh,Visavadar,Beans,Other,FAQ,2015-09-29 00:00:00,6505,8575,7540.0,94
Gujarat,Junagarh,Visavadar,Beans,Other,FAQ,2015-10-05 00:00:00,6750,8000,7375.0,94
Gujarat,Junagarh,Visavadar,Beans,Other,FAQ,2015-10-16 00:00:00,5000,7250,6125.0,94
Gujarat,Junagarh,Visavadar,Beans,Other,FAQ,2015-10-28 00:00:00,5560,8250,6905.0,94
Gujarat,Junagarh,Visavadar,Beans,Other,FAQ,2015-11-02 00:00:00,5700,7250,6475.0,94
Gujarat,Junagarh,Visavadar,Beans,Other,FAQ,2015-11-04 00:00:00,5750,7900,6825.0,94
Gujarat,Junagarh,Visavadar,Beans,Other,FAQ,2015-11-26 00:00:00,5250,7900,6575.0,94
Gujarat,Junagarh,Visavadar,Beans,Other,FAQ,2015-11-30 00:00:00,4850,5500,5175.0,94
Gujarat,Junagarh,Visavadar,Beans,Other,FAQ,2015-12-29 00:00:00,4500,6000,5250.0,94
Gujarat,Porbandar,Porbandar,Beans,Beans (Whole),FAQ,2015-01-15 00:00:00,0,5000,5000.0,94
Gujarat,Porbandar,Porbandar,Beans,Beans (Whole),FAQ,2015-01-24 00:00:00,0,4050,4050.0,94
Gujarat,Porbandar,Porbandar,Beans,Beans (Whole),FAQ,2015-02-06 00:00:00,0,1500,1500.0,94
Gujarat,Porbandar,Porbandar,Beans,Beans (Whole),FAQ,2015-02-27 00:00:00,0,2750,2750.0,94
Gujarat,Porbandar,Porbandar,Beans,Beans (Whole),FAQ,2015-03-21 00:00:00,0,3775,3775.0,94
Gujarat,Porbandar,Porbandar,Beans,Beans (Whole),FAQ,2015-05-14 00:00:00,6000,7380,6690.0,94
Gujarat,Porbandar,Porbandar,Beans,Beans (Whole),FAQ,2015-05-23 00:00:00,5550,5830,5690.0,94
Gujarat,Porbandar,Porbandar,Beans,Beans (Whole),FAQ,2015-05-25 00:00:00,5550,5650,5600.0,94
Gujarat,Porbandar,Porbandar,Beans,Beans (Whole),FAQ,2015-05-30 00:00:00,5475,5800,5635.0,94
Gujarat,Porbandar,Porbandar,Beans,Beans (Whole),FAQ,2015-06-09 00:00:00,0,5950,5950.0,94
Gujarat,Porbandar,Porbandar,Beans,Beans (Whole),FAQ,2015-06-11 00:00:00,5700,6275,5985.0,94
Gujarat,Porbandar,Porbandar,Beans,Beans (Whole),FAQ,2015-06-16 00:00:00,6300,6350,6325.0,94
Gujarat,Porbandar,Porbandar,Beans,Beans (Whole),FAQ,2015-06-26 00:00:00,5175,5925,5550.0,94
Gujarat,Porbandar,Porbandar,Beans,Beans (Whole),FAQ,2015-07-22 00:00:00,6250,6325,6285.0,94
Gujarat,Porbandar,Porbandar,Beans,Beans (Whole),FAQ,2015-08-05 00:00:00,0,5125,5125.0,94
Gujarat,Porbandar,Porbandar,Beans,Beans (Whole),FAQ,2015-08-21 00:00:00,0,6275,6275.0,94
Gujarat,Porbandar,Porbandar,Beans,Beans (Whole),FAQ,2015-08-25 00:00:00,0,6400,6400.0,94
Gujarat,Porbandar,Porbandar,Beans,Beans (Whole),FAQ,2015-10-15 00:00:00,0,5090,5090.0,94
Gujarat,Porbandar,Porbandar,Beans,Beans (Whole),FAQ,2015-10-16 00:00:00,0,5500,5500.0,94
Gujarat,Porbandar,Porbandar,Beans,Beans (Whole),FAQ,2015-10-29 00:00:00,0,6000,6000.0,94
Gujarat,Porbandar,Porbandar,Beans,Beans (Whole),FAQ,2015-11-24 00:00:00,0,6375,6375.0,94
Gujarat,Porbandar,Porbandar,Beans,Beans (Whole),FAQ,2015-12-16 00:00:00,0,5050,5050.0,94
Gujarat,Porbandar,Porbandar,Beans,Beans (Whole),FAQ,2015-12-24 00:00:00,0,5150,5150.0,94
Gujarat,Rajkot,Jasdan,Beans,Other,FAQ,2015-06-22 00:00:00,9000,9000,9000.0,94
Gujarat,Rajkot,Jasdan,Beans,Other,FAQ,2015-06-23 00:00:00,5000,7500,6750.0,94
Gujarat,Rajkot,Jasdan,Beans,Other,FAQ,2015-07-16 00:00:00,5000,7000,6250.0,94
Gujarat,Rajkot,Jasdan,Beans,Other,FAQ,2015-07-30 00:00:00,5500,7000,6250.0,94
Gujarat,Rajkot,Jasdan,Beans,Other,FAQ,2015-07-31 00:00:00,6000,7650,7000.0,94
Gujarat,Rajkot,Jasdan,Beans,Other,FAQ,2015-08-07 00:00:00,4500,6500,6000.0,94
Gujarat,Rajkot,Jasdan,Beans,Other,FAQ,2015-08-11 00:00:00,5000,8250,7500.0,94
Gujarat,Rajkot,Jasdan,Beans,Other,FAQ,2015-08-12 00:00:00,3500,7500,6500.0,94
Gujarat,Rajkot,Jasdan,Beans,Other,FAQ,2015-08-21 00:00:00,5500,6500,6000.0,94
Gujarat,Rajkot,Jasdan,Beans,Other,FAQ,2015-08-25 00:00:00,6000,6000,6000.0,94
Gujarat,Rajkot,Jasdan,Beans,Other,FAQ,2015-09-19 00:00:00,9000,10500,10000.0,94
Gujarat,Rajkot,Jasdan,Beans,Other,FAQ,2015-10-07 00:00:00,5500,8500,7500.0,94
Gujarat,Rajkot,Jasdan,Beans,Other,FAQ,2015-10-08 00:00:00,5000,9150,8500.0,94
Gujarat,Rajkot,Jasdan,Beans,Other,FAQ,2015-10-14 00:00:00,6000,9000,7500.0,94
Gujarat,Rajkot,Jasdan,Beans,Other,FAQ,2015-10-15 00:00:00,6000,9500,7500.0,94
Gujarat,Rajkot,Jasdan,Beans,Other,FAQ,2015-10-26 00:00:00,4500,9500,4750.0,94
Gujarat,Rajkot,Jasdan,Beans,Other,FAQ,2015-11-21 00:00:00,9500,10500,10000.0,94
Gujarat,Rajkot,Jasdan,Beans,Other,FAQ,2015-12-01 00:00:00,7500,10355,8500.0,94
Gujarat,Rajkot,Jasdan,Beans,Other,FAQ,2015-12-05 00:00:00,6000,8500,7500.0,94
Gujarat,Rajkot,Jasdan,Beans,Other,FAQ,2015-12-11 00:00:00,4500,6505,5000.0,94
Gujarat,Rajkot,Jasdan,Beans,Other,FAQ,2015-12-18 00:00:00,7500,9600,9000.0,94
Gujarat,Rajkot,Jasdan,Beans,Other,FAQ,2015-12-22 00:00:00,8500,8500,8500.0,94
Gujarat,Rajkot,Jetpur(Dist.Rajkot),Beans,Beans (Whole),FAQ,2015-02-23 00:00:00,4750,5480,4875.0,94
Gujarat,Rajkot,Jetpur(Dist.Rajkot),Beans,Beans (Whole),FAQ,2015-06-01 00:00:00,4005,7250,6005.0,94
Gujarat,Rajkot,Upleta,Beans,Other,FAQ,2015-02-19 00:00:00,6000,8425,7212.0,94
Gujarat,Rajkot,Upleta,Beans,Other,FAQ,2015-03-03 00:00:00,4500,4700,4600.0,94
Gujarat,Rajkot,Upleta,Beans,Other,FAQ,2015-07-09 00:00:00,4500,5175,4800.0,94
Gujarat,Rajkot,Upleta,Beans,Other,FAQ,2015-07-16 00:00:00,5000,6575,5800.0,94
Gujarat,Surat,S.Mandvi,Beans,Other,FAQ,2015-03-24 00:00:00,2600,2600,2600.0,94
Gujarat,Surat,S.Mandvi,Beans,Other,FAQ,2015-03-25 00:00:00,3250,3350,3300.0,94
Gujarat,Surat,Songadh,Beans,Other,FAQ,2015-02-20 00:00:00,3355,3355,3355.0,94
Gujarat,Surat,Songadh,Beans,Other,FAQ,2015-02-26 00:00:00,3060,3265,3162.0,94
Gujarat,Surat,Songadh,Beans,Other,FAQ,2015-03-02 00:00:00,3085,3085,3085.0,94
Gujarat,Surat,Songadh,Beans,Other,FAQ,2015-03-04 00:00:00,2995,2995,2995.0,94
Gujarat,Surat,Songadh,Beans,Other,FAQ,2015-03-05 00:00:00,2905,3010,2957.0,94
Gujarat,Surat,Songadh,Beans,Other,FAQ,2015-03-12 00:00:00,3100,3100,3100.0,94
Gujarat,Surat,Songadh,Beans,Other,FAQ,2015-03-16 00:00:00,2650,2650,2650.0,94
Gujarat,Surat,Songadh,Beans,Other,FAQ,2015-04-02 00:00:00,2900,2900,2900.0,94
Gujarat,Surat,Songadh,Beans,Other,FAQ,2015-04-13 00:00:00,2500,2500,2500.0,94
Gujarat,Surat,Songadh,Beans,Other,FAQ,2015-05-16 00:00:00,2255,2255,2255.0,94
Gujarat,Surat,Songadh,Beans,Other,FAQ,2015-06-04 00:00:00,5770,5770,5770.0,94
Gujarat,Surat,Uchhal,Beans,Other,FAQ,2015-12-07 00:00:00,1050,1415,1410.0,94
Gujarat,Vadodara(Baroda),Vadodara,Beans,Other,FAQ,2015-01-06 00:00:00,5000,5400,5400.0,94
Gujarat,Vadodara(Baroda),Vadodara,Beans,Other,FAQ,2015-01-19 00:00:00,5000,5500,5500.0,94
Gujarat,Vadodara(Baroda),Vadodara,Beans,Other,FAQ,2015-02-04 00:00:00,5000,5400,5400.0,94
Gujarat,Vadodara(Baroda),Vadodara,Beans,Other,FAQ,2015-02-09 00:00:00,5000,5400,5400.0,94
Gujarat,Vadodara(Baroda),Vadodara,Beans,Other,FAQ,2015-05-21 00:00:00,5200,5400,5400.0,94
Gujarat,Vadodara(Baroda),Vadodara,Beans,Other,FAQ,2015-05-28 00:00:00,5500,6000,6000.0,94
Gujarat,Vadodara(Baroda),Vadodara,Beans,Other,FAQ,2015-06-02 00:00:00,5500,6000,6000.0,94
Gujarat,Vadodara(Baroda),Vadodara,Beans,Other,FAQ,2015-06-08 00:00:00,5500,6000,6000.0,94
Gujarat,Vadodara(Baroda),Vadodara,Beans,Other,FAQ,2015-06-18 00:00:00,5200,5600,5600.0,94
Gujarat,Vadodara(Baroda),Vadodara,Beans,Other,FAQ,2015-06-27 00:00:00,5000,5800,5800.0,94
Gujarat,Vadodara(Baroda),Vadodara,Beans,Other,FAQ,2015-07-09 00:00:00,5300,5600,5600.0,94
Gujarat,Vadodara(Baroda),Vadodara,Beans,Other,FAQ,2015-07-20 00:00:00,5300,5600,5600.0,94
Gujarat,Vadodara(Baroda),Vadodara,Beans,Other,FAQ,2015-07-25 00:00:00,5200,5300,5300.0,94
Gujarat,Vadodara(Baroda),Vadodara,Beans,Other,FAQ,2015-07-27 00:00:00,5200,5300,5300.0,94
Gujarat,Vadodara(Baroda),Vadodara,Beans,Other,FAQ,2015-08-10 00:00:00,4800,5200,5200.0,94
Gujarat,Vadodara(Baroda),Vadodara,Beans,Other,FAQ,2015-09-09 00:00:00,4500,4800,4800.0,94
Gujarat,Vadodara(Baroda),Vadodara,Beans,Other,FAQ,2015-09-15 00:00:00,4500,4800,4800.0,94
Gujarat,Vadodara(Baroda),Vadodara,Beans,Other,FAQ,2015-10-07 00:00:00,4200,4500,4500.0,94
Gujarat,Vadodara(Baroda),Vadodara,Beans,Other,FAQ,2015-10-28 00:00:00,5000,5200,5200.0,94
Gujarat,Vadodara(Baroda),Vadodara,Beans,Other,FAQ,2015-10-29 00:00:00,5000,5200,5200.0,94
Gujarat,Vadodara(Baroda),Vadodara,Beans,Other,FAQ,2015-11-06 00:00:00,4800,5200,5200.0,94
Gujarat,Vadodara(Baroda),Vadodara,Beans,Other,FAQ,2015-11-24 00:00:00,5000,5200,5200.0,94
Gujarat,Vadodara(Baroda),Vadodara,Beans,Other,FAQ,2015-12-08 00:00:00,4800,5200,5200.0,94
