State,District,Market,Commodity,Variety,Grade,Arrival_Date,Min_Price,Max_Price,Modal_Price,Commodity_Code
Gujarat,Ahmedabad,Ahmedabad,Chilly Capsicum,Other,FAQ,2006-01-02,400,900,700.0,88
Gujarat,Ahmedabad,Ahmedabad,Chilly Capsicum,Other,FAQ,2006-01-05,800,1000,900.0,88
Gujarat,Ahmedabad,Ahmedabad,Chilly Capsicum,Other,FAQ,2006-01-12,500,700,600.0,88
Gujarat,Ahmedabad,Ahmedabad,Chilly Capsicum,Other,FAQ,2006-01-17,550,800,700.0,88
Gujarat,Ahmedabad,Ahmedabad,Chilly Capsicum,Other,FAQ,2006-01-20,400,600,500.0,88
Gujarat,Ahmedabad,Ahmedabad,Chilly Capsicum,Other,FAQ,2006-01-21,250,600,450.0,88
Gujarat,Ahmedabad,Ahmedabad,Chilly Capsicum,Other,FAQ,2006-02-11,250,900,600.0,88
Gujarat,Ahmedabad,Ahmedabad,Chilly Capsicum,Other,FAQ,2006-02-15,200,800,600.0,88
Gujarat,Ahmedabad,Ahmedabad,Chilly Capsicum,Other,FAQ,2006-02-16,300,800,600.0,88
Gujarat,Ahmedabad,Ahmedabad,Chilly Capsicum,Other,FAQ,2006-02-20,300,900,600.0,88
Gujarat,Ahmedabad,Ahmedabad,Chilly Capsicum,Other,FAQ,2006-02-28,400,800,650.0,88
Gujarat,Ahmedabad,Ahmedabad,Chilly Capsicum,Other,FAQ,2006-03-18,300,1200,1000.0,88
Gujarat,Ahmedabad,Ahmedabad,Chilly Capsicum,Other,FAQ,2006-03-28,800,1400,1200.0,88
Gujarat,Ahmedabad,Ahmedabad,Chilly Capsicum,Other,FAQ,2006-04-28,500,1100,900.0,88
Gujarat,Ahmedabad,Ahmedabad,Chilly Capsicum,Other,FAQ,2006-05-01,900,1700,1500.0,88
Gujarat,Ahmedabad,Ahmedabad,Chilly Capsicum,Other,FAQ,2006-05-10,500,1500,1200.0,88
Gujarat,Ahmedabad,Ahmedabad,Chilly Capsicum,Other,FAQ,2006-05-15,750,1300,1150.0,88
Gujarat,Ahmedabad,Ahmedabad,Chilly Capsicum,Other,FAQ,2006-05-16,700,1400,1200.0,88
Gujarat,Ahmedabad,Ahmedabad,Chilly Capsicum,Other,FAQ,2006-05-23,500,1500,1000.0,88
Gujarat,Ahmedabad,Ahmedabad,Chilly Capsicum,Other,FAQ,2006-06-12,1500,2500,2300.0,88
Gujarat,Ahmedabad,Ahmedabad,Chilly Capsicum,Other,FAQ,2006-06-23,1000,2200,1800.0,88
Gujarat,Ahmedabad,Ahmedabad,Chilly Capsicum,Other,FAQ,2006-06-30,700,2000,1700.0,88
Gujarat,Ahmedabad,Ahmedabad,Chilly Capsicum,Other,FAQ,2006-07-07,600,2250,1500.0,88
Gujarat,Ahmedabad,Ahmedabad,Chilly Capsicum,Other,FAQ,2006-07-21,1000,2200,1800.0,88
Gujarat,Ahmedabad,Ahmedabad,Chilly Capsicum,Other,FAQ,2006-09-13,2000,3100,2250.0,88
Gujarat,Ahmedabad,Ahmedabad,Chilly Capsicum,Other,FAQ,2006-10-03,2000,2500,2200.0,88
Gujarat,Ahmedabad,Ahmedabad,Chilly Capsicum,Other,FAQ,2006-10-05,1000,2100,1800.0,88
Gujarat,Ahmedabad,Ahmedabad,Chilly Capsicum,Other,FAQ,2006-10-12,2250,3000,2800.0,88
Gujarat,Ahmedabad,Ahmedabad,Chilly Capsicum,Other,FAQ,2006-10-27,2000,2800,2550.0,88
Gujarat,Ahmedabad,Ahmedabad,Chilly Capsicum,Other,FAQ,2006-11-14,1000,1400,1300.0,88
Gujarat,Ahmedabad,Ahmedabad,Chilly Capsicum,Other,FAQ,2006-11-20,400,1500,1200.0,88
Gujarat,Ahmedabad,Ahmedabad,Chilly Capsicum,Other,FAQ,2006-11-24,500,1100,900.0,88
Gujarat,Ahmedabad,Ahmedabad,Chilly Capsicum,Other,FAQ,2006-11-25,800,1000,900.0,88
Gujarat,Ahmedabad,Ahmedabad,Chilly Capsicum,Other,FAQ,2006-11-28,900,1100,1050.0,88
Gujarat,Ahmedabad,Ahmedabad,Chilly Capsicum,Other,FAQ,2006-12-18,600,1200,1000.0,88
Gujarat,Ahmedabad,Dholka,Chilly Capsicum,Other,FAQ,2006-02-20,400,600,500.0,88
Gujarat,Ahmedabad,Dholka,Chilly Capsicum,Other,FAQ,2006-02-21,600,800,700.0,88
Gujarat,Ahmedabad,Dholka,Chilly Capsicum,Other,FAQ,2006-02-23,700,800,750.0,88
Gujarat,Ahmedabad,Dholka,Chilly Capsicum,Other,FAQ,2006-02-26,500,800,700.0,88
Gujarat,Ahmedabad,Dholka,Chilly Capsicum,Other,FAQ,2006-03-07,700,750,725.0,88
Gujarat,Ahmedabad,Dholka,Chilly Capsicum,Other,FAQ,2006-05-01,250,650,450.0,88
Gujarat,Ahmedabad,Dholka,Chilly Capsicum,Other,FAQ,2006-05-25,500,700,600.0,88
Gujarat,Ahmedabad,Dholka,Chilly Capsicum,Other,FAQ,2006-05-30,500,700,600.0,88
Gujarat,Ahmedabad,Dholka,Chilly Capsicum,Other,FAQ,2006-06-06,500,650,600.0,88
Gujarat,Ahmedabad,Dholka,Chilly Capsicum,Other,FAQ,2006-06-19,700,1000,900.0,88
Gujarat,Ahmedabad,Dholka,Chilly Capsicum,Other,FAQ,2006-07-22,1000,1100,1050.0,88
Gujarat,Ahmedabad,Dholka,Chilly Capsicum,Other,FAQ,2006-07-26,400,700,600.0,88
Gujarat,Ahmedabad,Dholka,Chilly Capsicum,Other,FAQ,2006-07-29,200,450,350.0,88
Gujarat,Ahmedabad,Dholka,Chilly Capsicum,Other,FAQ,2006-07-31,600,900,800.0,88
Gujarat,Ahmedabad,Dholka,Chilly Capsicum,Other,FAQ,2006-08-16,500,1000,800.0,88
Gujarat,Ahmedabad,Dholka,Chilly Capsicum,Other,FAQ,2006-08-19,450,850,700.0,88
Gujarat,Ahmedabad,Dholka,Chilly Capsicum,Other,FAQ,2006-08-21,550,1050,850.0,88
Gujarat,Ahmedabad,Dholka,Chilly Capsicum,Other,FAQ,2006-08-28,450,950,800.0,88
Gujarat,Ahmedabad,Dholka,Chilly Capsicum,Other,FAQ,2006-09-04,450,900,800.0,88
Gujarat,Ahmedabad,Dholka,Chilly Capsicum,Other,FAQ,2006-09-05,500,800,700.0,88
Gujarat,Ahmedabad,Dholka,Chilly Capsicum,Other,FAQ,2006-09-08,600,950,700.0,88
Gujarat,Ahmedabad,Dholka,Chilly Capsicum,Other,FAQ,2006-09-09,400,900,750.0,88
Gujarat,Ahmedabad,Dholka,Chilly Capsicum,Other,FAQ,2006-09-15,600,900,800.0,88
Gujarat,Ahmedabad,Dholka,Chilly Capsicum,Other,FAQ,2006-10-04,500,1100,875.0,88
Gujarat,Ahmedabad,Dholka,Chilly Capsicum,Other,FAQ,2006-12-21,350,650,550.0,88
Gujarat,Ahmedabad,Dholka,Chilly Capsicum,Other,FAQ,2006-12-22,300,600,500.0,88
Gujarat,Bharuch,Bharuch,Chilly Capsicum,Other,FAQ,2006-07-05,1000,1250,1125.0,88
Gujarat,Bharuch,Bharuch,Chilly Capsicum,Other,FAQ,2006-07-07,800,1400,1100.0,88
Gujarat,Bharuch,Bharuch,Chilly Capsicum,Other,FAQ,2006-12-22,600,800,700.0,88
Gujarat,Kheda,Nadiad,Chilly Capsicum,Other,FAQ,2006-01-10,500,600,550.0,88
Gujarat,Kheda,Nadiad,Chilly Capsicum,Other,FAQ,2006-01-17,500,600,550.0,88
Gujarat,Kheda,Nadiad,Chilly Capsicum,Other,FAQ,2006-01-27,400,500,450.0,88
Gujarat,Kheda,Nadiad,Chilly Capsicum,Other,FAQ,2006-01-28,400,500,450.0,88
Gujarat,Kheda,Nadiad,Chilly Capsicum,Other,FAQ,2006-02-10,750,800,775.0,88
Gujarat,Kheda,Nadiad,Chilly Capsicum,Other,FAQ,2006-02-11,400,600,500.0,88
Gujarat,Kheda,Nadiad,Chilly Capsicum,Other,FAQ,2006-02-16,450,550,500.0,88
Gujarat,Kheda,Nadiad,Chilly Capsicum,Other,FAQ,2006-02-21,425,500,465.0,88
Gujarat,Kheda,Nadiad,Chilly Capsicum,Other,FAQ,2006-03-01,450,500,475.0,88
Gujarat,Kheda,Nadiad,Chilly Capsicum,Other,FAQ,2006-03-11,400,500,450.0,88
Gujarat,Kheda,Nadiad,Chilly Capsicum,Other,FAQ,2006-03-17,400,500,450.0,88
Gujarat,Kheda,Nadiad,Chilly Capsicum,Other,FAQ,2006-03-27,600,700,650.0,88
Gujarat,Kheda,Nadiad,Chilly Capsicum,Other,FAQ,2006-04-05,700,900,800.0,88
Gujarat,Kheda,Nadiad,Chilly Capsicum,Other,FAQ,2006-11-22,1000,1250,1125.0,88
Gujarat,Vadodara(Baroda),Padra,Chilly Capsicum,Other,FAQ,2006-01-04,750,800,775.0,88
Gujarat,Vadodara(Baroda),Padra,Chilly Capsicum,Other,FAQ,2006-01-09,500,600,550.0,88
Gujarat,Vadodara(Baroda),Padra,Chilly Capsicum,Other,FAQ,2006-01-16,700,750,725.0,88
Gujarat,Vadodara(Baroda),Padra,Chilly Capsicum,Other,FAQ,2006-01-23,400,500,450.0,88
Gujarat,Vadodara(Baroda),Padra,Chilly Capsicum,Other,FAQ,2006-02-01,500,700,600.0,88
Gujarat,Vadodara(Baroda),Padra,Chilly Capsicum,Other,FAQ,2006-02-21,500,700,600.0,88
Gujarat,Vadodara(Baroda),Padra,Chilly Capsicum,Other,FAQ,2006-02-22,500,750,600.0,88
Gujarat,Vadodara(Baroda),Padra,Chilly Capsicum,Other,FAQ,2006-02-24,500,600,550.0,88
Gujarat,Vadodara(Baroda),Padra,Chilly Capsicum,Other,FAQ,2006-02-28,700,800,750.0,88
Gujarat,Vadodara(Baroda),Padra,Chilly Capsicum,Other,FAQ,2006-03-11,400,700,500.0,88
Gujarat,Vadodara(Baroda),Padra,Chilly Capsicum,Other,FAQ,2006-03-24,300,600,450.0,88
Gujarat,Vadodara(Baroda),Padra,Chilly Capsicum,Other,FAQ,2006-04-12,300,500,400.0,88
Gujarat,Vadodara(Baroda),Padra,Chilly Capsicum,Other,FAQ,2006-04-17,200,400,300.0,88
Gujarat,Vadodara(Baroda),Padra,Chilly Capsicum,Other,FAQ,2006-04-21,300,400,350.0,88
Gujarat,Vadodara(Baroda),Padra,Chilly Capsicum,Other,FAQ,2006-04-27,300,400,350.0,88
Gujarat,Vadodara(Baroda),Padra,Chilly Capsicum,Other,FAQ,2006-05-06,400,700,500.0,88
Gujarat,Vadodara(Baroda),Padra,Chilly Capsicum,Other,FAQ,2006-05-25,900,1000,950.0,88
Gujarat,Vadodara(Baroda),Padra,Chilly Capsicum,Other,FAQ,2006-06-05,1000,1100,1050.0,88
Gujarat,Vadodara(Baroda),Padra,Chilly Capsicum,Other,FAQ,2006-06-15,800,1000,900.0,88
Gujarat,Vadodara(Baroda),Padra,Chilly Capsicum,Other,FAQ,2006-06-29,400,600,500.0,88
Gujarat,Vadodara(Baroda),Padra,Chilly Capsicum,Other,FAQ,2006-07-06,600,1000,800.0,88
Gujarat,Vadodara(Baroda),Padra,Chilly Capsicum,Other,FAQ,2006-07-24,800,1200,1000.0,88
Gujarat,Vadodara(Baroda),Padra,Chilly Capsicum,Other,FAQ,2006-07-26,750,1000,850.0,88
Gujarat,Vadodara(Baroda),Padra,Chilly Capsicum,Other,FAQ,2006-07-28,800,1200,1000.0,88
Gujarat,Vadodara(Baroda),Padra,Chilly Capsicum,Other,FAQ,2006-08-05,900,1000,950.0,88
Gujarat,Vadodara(Baroda),Padra,Chilly Capsicum,Other,FAQ,2006-08-08,1400,1600,1500.0,88
Gujarat,Vadodara(Baroda),Padra,Chilly Capsicum,Other,FAQ,2006-08-14,1400,1500,1450.0,88
Gujarat,Vadodara(Baroda),Padra,Chilly Capsicum,Other,FAQ,2006-08-19,1500,1800,1600.0,88
Gujarat,Vadodara(Baroda),Padra,Chilly Capsicum,Other,FAQ,2006-08-21,1500,2000,1750.0,88
Gujarat,Vadodara(Baroda),Padra,Chilly Capsicum,Other,FAQ,2006-08-22,1000,1500,1250.0,88
Gujarat,Vadodara(Baroda),Padra,Chilly Capsicum,Other,FAQ,2006-08-25,1400,1500,1450.0,88
Gujarat,Vadodara(Baroda),Padra,Chilly Capsicum,Other,FAQ,2006-09-09,1100,1400,1250.0,88
Gujarat,Vadodara(Baroda),Padra,Chilly Capsicum,Other,FAQ,2006-09-14,1000,1250,1100.0,88
Gujarat,Vadodara(Baroda),Padra,Chilly Capsicum,Other,FAQ,2006-09-15,900,1000,950.0,88
Gujarat,Vadodara(Baroda),Padra,Chilly Capsicum,Other,FAQ,2006-09-18,1000,1200,1100.0,88
Gujarat,Vadodara(Baroda),Padra,Chilly Capsicum,Other,FAQ,2006-09-20,900,1000,950.0,88
Gujarat,Vadodara(Baroda),Padra,Chilly Capsicum,Other,FAQ,2006-09-22,1000,1200,1100.0,88
Gujarat,Vadodara(Baroda),Padra,Chilly Capsicum,Other,FAQ,2006-09-28,750,1000,850.0,88
Gujarat,Vadodara(Baroda),Padra,Chilly Capsicum,Other,FAQ,2006-09-29,750,1000,850.0,88
Gujarat,Vadodara(Baroda),Padra,Chilly Capsicum,Other,FAQ,2006-10-10,1000,1100,1050.0,88
Gujarat,Vadodara(Baroda),Padra,Chilly Capsicum,Other,FAQ,2006-10-19,900,1000,950.0,88
Gujarat,Vadodara(Baroda),Padra,Chilly Capsicum,Other,FAQ,2006-10-30,800,1000,900.0,88
Gujarat,Vadodara(Baroda),Padra,Chilly Capsicum,Other,FAQ,2006-12-12,800,900,850.0,88
Gujarat,Vadodara(Baroda),Padra,Chilly Capsicum,Other,FAQ,2006-12-14,700,800,750.0,88
Gujarat,Vadodara(Baroda),Padra,Chilly Capsicum,Other,FAQ,2006-12-27,600,800,700.0,88
Gujarat,Ahmedabad,Dholka,Chilly Capsicum,Other,FAQ,2012-10-16 00:00:00,500,700,600.0,88
Gujarat,Ahmedabad,Dholka,Chilly Capsicum,Other,FAQ,2012-10-30 00:00:00,700,800,750.0,88
Gujarat,Ahmedabad,Dholka,Chilly Capsicum,Other,FAQ,2012-11-23 00:00:00,300,700,500.0,88
Gujarat,Ahmedabad,Dholka,Chilly Capsicum,Other,FAQ,2012-11-30 00:00:00,400,800,600.0,88
Gujarat,Ahmedabad,Dholka,Chilly Capsicum,Other,FAQ,2012-12-12 00:00:00,500,700,600.0,88
Gujarat,Ahmedabad,Dholka,Chilly Capsicum,Other,FAQ,2012-12-27 00:00:00,800,1300,1000.0,88
Gujarat,Ahmedabad,Dholka,Chilly Capsicum,Other,FAQ,2012-12-29 00:00:00,600,1200,850.0,88
Gujarat,Bharuch,Bharuch,Chilly Capsicum,Other,FAQ,2012-02-12 00:00:00,1500,1750,1625.0,88
Gujarat,Bharuch,Bharuch,Chilly Capsicum,Other,FAQ,2012-03-20 00:00:00,1500,2000,1750.0,88
Gujarat,Bharuch,Bharuch,Chilly Capsicum,Other,FAQ,2012-06-12 00:00:00,1500,1700,1600.0,88
Gujarat,Bharuch,Bharuch,Chilly Capsicum,Other,FAQ,2012-07-15 00:00:00,2000,2200,2100.0,88
Gujarat,Bharuch,Bharuch,Chilly Capsicum,Other,FAQ,2012-07-24 00:00:00,1500,1700,1600.0,88
Gujarat,Bharuch,Bharuch,Chilly Capsicum,Other,FAQ,2012-11-22 00:00:00,1000,1500,1250.0,88
Gujarat,Vadodara(Baroda),Padra,Chilly Capsicum,Other,FAQ,2012-01-02 00:00:00,1500,1750,1650.0,88
Gujarat,Vadodara(Baroda),Padra,Chilly Capsicum,Other,FAQ,2012-01-10 00:00:00,1250,1500,1400.0,88
Gujarat,Vadodara(Baroda),Padra,Chilly Capsicum,Other,FAQ,2012-01-18 00:00:00,1300,1400,1350.0,88
Gujarat,Vadodara(Baroda),Padra,Chilly Capsicum,Other,FAQ,2012-02-15 00:00:00,1500,1700,1625.0,88
Gujarat,Vadodara(Baroda),Padra,Chilly Capsicum,Other,FAQ,2012-02-21 00:00:00,1500,1600,1550.0,88
Gujarat,Vadodara(Baroda),Padra,Chilly Capsicum,Other,FAQ,2012-02-22 00:00:00,1600,1700,1650.0,88
Gujarat,Vadodara(Baroda),Padra,Chilly Capsicum,Other,FAQ,2012-03-02 00:00:00,1200,1500,1400.0,88
Gujarat,Vadodara(Baroda),Padra,Chilly Capsicum,Other,FAQ,2012-03-10 00:00:00,1100,1300,1200.0,88
Gujarat,Vadodara(Baroda),Padra,Chilly Capsicum,Other,FAQ,2012-03-12 00:00:00,1000,1250,1125.0,88
Gujarat,Vadodara(Baroda),Padra,Chilly Capsicum,Other,FAQ,2012-03-20 00:00:00,1000,1200,1100.0,88
Gujarat,Vadodara(Baroda),Padra,Chilly Capsicum,Other,FAQ,2012-03-21 00:00:00,1000,1400,1200.0,88
Gujarat,Vadodara(Baroda),Padra,Chilly Capsicum,Other,FAQ,2012-03-22 00:00:00,1200,1500,1400.0,88
Gujarat,Vadodara(Baroda),Padra,Chilly Capsicum,Other,FAQ,2012-03-29 00:00:00,1500,1600,1550.0,88
Gujarat,Vadodara(Baroda),Padra,Chilly Capsicum,Other,FAQ,2012-03-31 00:00:00,1300,1600,1500.0,88
Gujarat,Vadodara(Baroda),Padra,Chilly Capsicum,Other,FAQ,2012-04-19 00:00:00,1400,1500,1450.0,88
Gujarat,Vadodara(Baroda),Padra,Chilly Capsicum,Other,FAQ,2012-04-27 00:00:00,2500,3250,3000.0,88
Gujarat,Vadodara(Baroda),Padra,Chilly Capsicum,Other,FAQ,2012-05-01 00:00:00,1500,1750,1650.0,88
Gujarat,Vadodara(Baroda),Padra,Chilly Capsicum,Other,FAQ,2012-05-24 00:00:00,600,1100,900.0,88
Gujarat,Vadodara(Baroda),Padra,Chilly Capsicum,Other,FAQ,2012-05-28 00:00:00,1300,1500,1425.0,88
Gujarat,Vadodara(Baroda),Padra,Chilly Capsicum,Other,FAQ,2012-05-31 00:00:00,700,1250,1000.0,88
Gujarat,Vadodara(Baroda),Padra,Chilly Capsicum,Other,FAQ,2012-06-11 00:00:00,950,1350,1200.0,88
Gujarat,Vadodara(Baroda),Padra,Chilly Capsicum,Other,FAQ,2012-06-12 00:00:00,1500,2000,1800.0,88
Gujarat,Vadodara(Baroda),Padra,Chilly Capsicum,Other,FAQ,2012-06-21 00:00:00,2500,3000,2800.0,88
Gujarat,Vadodara(Baroda),Padra,Chilly Capsicum,Other,FAQ,2012-06-23 00:00:00,2500,3500,3000.0,88
Gujarat,Vadodara(Baroda),Padra,Chilly Capsicum,Other,FAQ,2012-07-04 00:00:00,3250,4000,3700.0,88
Gujarat,Vadodara(Baroda),Padra,Chilly Capsicum,Other,FAQ,2012-07-12 00:00:00,2400,2600,2500.0,88
Gujarat,Vadodara(Baroda),Padra,Chilly Capsicum,Other,FAQ,2012-07-27 00:00:00,1750,2000,1900.0,88
Gujarat,Vadodara(Baroda),Padra,Chilly Capsicum,Other,FAQ,2012-08-01 00:00:00,1500,2000,1800.0,88
Gujarat,Vadodara(Baroda),Padra,Chilly Capsicum,Other,FAQ,2012-08-11 00:00:00,2250,2500,2400.0,88
Gujarat,Vadodara(Baroda),Padra,Chilly Capsicum,Other,FAQ,2012-08-14 00:00:00,1400,2000,1800.0,88
Gujarat,Vadodara(Baroda),Padra,Chilly Capsicum,Other,FAQ,2012-08-16 00:00:00,1500,2000,1800.0,88
Gujarat,Vadodara(Baroda),Padra,Chilly Capsicum,Other,FAQ,2012-08-25 00:00:00,1000,1500,1300.0,88
Gujarat,Vadodara(Baroda),Padra,Chilly Capsicum,Other,FAQ,2012-09-04 00:00:00,750,1000,900.0,88
Gujarat,Vadodara(Baroda),Padra,Chilly Capsicum,Other,FAQ,2012-09-05 00:00:00,800,1100,1000.0,88
Gujarat,Vadodara(Baroda),Padra,Chilly Capsicum,Other,FAQ,2012-09-13 00:00:00,750,1000,900.0,88
Gujarat,Vadodara(Baroda),Padra,Chilly Capsicum,Other,FAQ,2012-09-18 00:00:00,750,1000,900.0,88
Gujarat,Vadodara(Baroda),Padra,Chilly Capsicum,Other,FAQ,2012-09-21 00:00:00,750,1000,900.0,88
Gujarat,Vadodara(Baroda),Padra,Chilly Capsicum,Other,FAQ,2012-09-22 00:00:00,500,900,725.0,88
Gujarat,Vadodara(Baroda),Padra,Chilly Capsicum,Other,FAQ,2012-09-27 00:00:00,800,1000,925.0,88
Gujarat,Vadodara(Baroda),Padra,Chilly Capsicum,Other,FAQ,2012-10-08 00:00:00,500,800,700.0,88
Gujarat,Vadodara(Baroda),Padra,Chilly Capsicum,Other,FAQ,2012-10-11 00:00:00,500,1100,900.0,88
Gujarat,Vadodara(Baroda),Padra,Chilly Capsicum,Other,FAQ,2012-10-15 00:00:00,750,1000,900.0,88
Gujarat,Vadodara(Baroda),Padra,Chilly Capsicum,Other,FAQ,2012-10-22 00:00:00,600,1300,1000.0,88
Gujarat,Vadodara(Baroda),Padra,Chilly Capsicum,Other,FAQ,2012-10-23 00:00:00,500,1350,1000.0,88
Gujarat,Vadodara(Baroda),Padra,Chilly Capsicum,Other,FAQ,2012-11-06 00:00:00,500,800,700.0,88
Gujarat,Vadodara(Baroda),Padra,Chilly Capsicum,Other,FAQ,2012-12-05 00:00:00,300,400,350.0,88
Gujarat,Vadodara(Baroda),Padra,Chilly Capsicum,Other,FAQ,2012-12-10 00:00:00,500,700,625.0,88
Gujarat,Vadodara(Baroda),Padra,Chilly Capsicum,Other,FAQ,2012-12-12 00:00:00,650,700,675.0,88
Gujarat,Vadodara(Baroda),Padra,Chilly Capsicum,Other,FAQ,2012-12-21 00:00:00,400,650,550.0,88
Gujarat,Vadodara(Baroda),Padra,Chilly Capsicum,Other,FAQ,2012-12-22 00:00:00,350,700,600.0,88
Gujarat,Vadodara(Baroda),Vadodara(Sayajipura),Chilly Capsicum,Other,FAQ,2012-01-01 00:00:00,1100,1300,1200.0,88
Gujarat,Vadodara(Baroda),Vadodara(Sayajipura),Chilly Capsicum,Other,FAQ,2012-01-02 00:00:00,1100,1300,1200.0,88
Gujarat,Vadodara(Baroda),Vadodara(Sayajipura),Chilly Capsicum,Other,FAQ,2012-01-12 00:00:00,1100,1300,1250.0,88
Gujarat,Vadodara(Baroda),Vadodara(Sayajipura),Chilly Capsicum,Other,FAQ,2012-01-13 00:00:00,1100,1300,1250.0,88
Gujarat,Vadodara(Baroda),Vadodara(Sayajipura),Chilly Capsicum,Other,FAQ,2012-01-18 00:00:00,1100,1400,1300.0,88
Gujarat,Vadodara(Baroda),Vadodara(Sayajipura),Chilly Capsicum,Other,FAQ,2012-01-30 00:00:00,1500,1700,1600.0,88
Gujarat,Vadodara(Baroda),Vadodara(Sayajipura),Chilly Capsicum,Other,FAQ,2012-01-31 00:00:00,1600,1800,1750.0,88
Gujarat,Vadodara(Baroda),Vadodara(Sayajipura),Chilly Capsicum,Other,FAQ,2012-02-05 00:00:00,1400,2000,1750.0,88
Gujarat,Vadodara(Baroda),Vadodara(Sayajipura),Chilly Capsicum,Other,FAQ,2012-02-10 00:00:00,1500,2000,1850.0,88
Gujarat,Vadodara(Baroda),Vadodara(Sayajipura),Chilly Capsicum,Other,FAQ,2012-02-11 00:00:00,1500,1900,1750.0,88
Gujarat,Vadodara(Baroda),Vadodara(Sayajipura),Chilly Capsicum,Other,FAQ,2012-02-15 00:00:00,2000,2500,2350.0,88
Gujarat,Vadodara(Baroda),Vadodara(Sayajipura),Chilly Capsicum,Other,FAQ,2012-03-14 00:00:00,1500,2250,1925.0,88
Gujarat,Vadodara(Baroda),Vadodara(Sayajipura),Chilly Capsicum,Other,FAQ,2012-03-16 00:00:00,1750,2000,1925.0,88
Gujarat,Vadodara(Baroda),Vadodara(Sayajipura),Chilly Capsicum,Other,FAQ,2012-03-18 00:00:00,900,1650,1300.0,88
Gujarat,Vadodara(Baroda),Vadodara(Sayajipura),Chilly Capsicum,Other,FAQ,2012-03-24 00:00:00,1000,1800,1450.0,88
Gujarat,Vadodara(Baroda),Vadodara(Sayajipura),Chilly Capsicum,Other,FAQ,2012-03-25 00:00:00,1000,1800,1450.0,88
Gujarat,Vadodara(Baroda),Vadodara(Sayajipura),Chilly Capsicum,Other,FAQ,2012-03-27 00:00:00,1000,1800,1450.0,88
Gujarat,Vadodara(Baroda),Vadodara(Sayajipura),Chilly Capsicum,Other,FAQ,2012-04-02 00:00:00,1300,1750,1575.0,88
Gujarat,Vadodara(Baroda),Vadodara(Sayajipura),Chilly Capsicum,Other,FAQ,2012-04-07 00:00:00,750,1750,1300.0,88
Gujarat,Vadodara(Baroda),Vadodara(Sayajipura),Chilly Capsicum,Other,FAQ,2012-04-09 00:00:00,800,2250,1575.0,88
Gujarat,Vadodara(Baroda),Vadodara(Sayajipura),Chilly Capsicum,Other,FAQ,2012-04-10 00:00:00,900,2000,1525.0,88
Gujarat,Vadodara(Baroda),Vadodara(Sayajipura),Chilly Capsicum,Other,FAQ,2012-04-11 00:00:00,900,2000,1525.0,88
Gujarat,Vadodara(Baroda),Vadodara(Sayajipura),Chilly Capsicum,Other,FAQ,2012-04-13 00:00:00,900,2250,1625.0,88
Gujarat,Vadodara(Baroda),Vadodara(Sayajipura),Chilly Capsicum,Other,FAQ,2012-04-15 00:00:00,800,1800,1300.0,88
Gujarat,Vadodara(Baroda),Vadodara(Sayajipura),Chilly Capsicum,Other,FAQ,2012-04-16 00:00:00,800,2000,1450.0,88
Gujarat,Vadodara(Baroda),Vadodara(Sayajipura),Chilly Capsicum,Other,FAQ,2012-04-19 00:00:00,1200,2500,1875.0,88
Gujarat,Vadodara(Baroda),Vadodara(Sayajipura),Chilly Capsicum,Other,FAQ,2012-04-24 00:00:00,1000,2250,1675.0,88
Gujarat,Vadodara(Baroda),Vadodara(Sayajipura),Chilly Capsicum,Other,FAQ,2012-04-27 00:00:00,1000,2000,1550.0,88
Gujarat,Vadodara(Baroda),Vadodara(Sayajipura),Chilly Capsicum,Other,FAQ,2012-04-29 00:00:00,1000,2500,1800.0,88
Gujarat,Vadodara(Baroda),Vadodara(Sayajipura),Chilly Capsicum,Other,FAQ,2012-05-03 00:00:00,750,2250,1525.0,88
Gujarat,Vadodara(Baroda),Vadodara(Sayajipura),Chilly Capsicum,Other,FAQ,2012-05-04 00:00:00,750,2250,1525.0,88
Gujarat,Vadodara(Baroda),Vadodara(Sayajipura),Chilly Capsicum,Other,FAQ,2012-05-14 00:00:00,750,1750,1600.0,88
Gujarat,Vadodara(Baroda),Vadodara(Sayajipura),Chilly Capsicum,Other,FAQ,2012-05-16 00:00:00,750,1750,1300.0,88
Gujarat,Vadodara(Baroda),Vadodara(Sayajipura),Chilly Capsicum,Other,FAQ,2012-05-17 00:00:00,750,1250,1050.0,88
Gujarat,Vadodara(Baroda),Vadodara(Sayajipura),Chilly Capsicum,Other,FAQ,2012-05-19 00:00:00,750,1300,1075.0,88
Gujarat,Vadodara(Baroda),Vadodara(Sayajipura),Chilly Capsicum,Other,FAQ,2012-05-21 00:00:00,750,1300,1075.0,88
Gujarat,Vadodara(Baroda),Vadodara(Sayajipura),Chilly Capsicum,Other,FAQ,2012-05-22 00:00:00,750,1300,1075.0,88
Gujarat,Vadodara(Baroda),Vadodara(Sayajipura),Chilly Capsicum,Other,FAQ,2012-05-26 00:00:00,900,1500,1250.0,88
Gujarat,Vadodara(Baroda),Vadodara(Sayajipura),Chilly Capsicum,Other,FAQ,2012-05-28 00:00:00,800,1750,1300.0,88
Gujarat,Vadodara(Baroda),Vadodara(Sayajipura),Chilly Capsicum,Other,FAQ,2012-05-30 00:00:00,800,1750,1300.0,88
Gujarat,Vadodara(Baroda),Vadodara(Sayajipura),Chilly Capsicum,Other,FAQ,2012-06-06 00:00:00,800,1750,1300.0,88
Gujarat,Vadodara(Baroda),Vadodara(Sayajipura),Chilly Capsicum,Other,FAQ,2012-06-09 00:00:00,800,1750,1300.0,88
Gujarat,Vadodara(Baroda),Vadodara(Sayajipura),Chilly Capsicum,Other,FAQ,2012-06-12 00:00:00,1000,2250,1750.0,88
Gujarat,Vadodara(Baroda),Vadodara(Sayajipura),Chilly Capsicum,Other,FAQ,2012-06-15 00:00:00,1000,2250,1750.0,88
Gujarat,Vadodara(Baroda),Vadodara(Sayajipura),Chilly Capsicum,Other,FAQ,2012-06-17 00:00:00,900,2000,1500.0,88
Gujarat,Vadodara(Baroda),Vadodara(Sayajipura),Chilly Capsicum,Other,FAQ,2012-06-26 00:00:00,2000,2750,2400.0,88
Gujarat,Vadodara(Baroda),Vadodara(Sayajipura),Chilly Capsicum,Other,FAQ,2012-07-01 00:00:00,2250,3000,2750.0,88
Gujarat,Vadodara(Baroda),Vadodara(Sayajipura),Chilly Capsicum,Other,FAQ,2012-07-05 00:00:00,1750,2750,2375.0,88
Gujarat,Vadodara(Baroda),Vadodara(Sayajipura),Chilly Capsicum,Other,FAQ,2012-07-10 00:00:00,2000,2500,2300.0,88
Gujarat,Vadodara(Baroda),Vadodara(Sayajipura),Chilly Capsicum,Other,FAQ,2012-07-16 00:00:00,1750,2500,2150.0,88
Gujarat,Vadodara(Baroda),Vadodara(Sayajipura),Chilly Capsicum,Other,FAQ,2012-07-22 00:00:00,1500,2500,2050.0,88
Gujarat,Vadodara(Baroda),Vadodara(Sayajipura),Chilly Capsicum,Other,FAQ,2012-07-31 00:00:00,1900,2250,2075.0,88
Gujarat,Vadodara(Baroda),Vadodara(Sayajipura),Chilly Capsicum,Other,FAQ,2012-08-10 00:00:00,1500,2000,1800.0,88
Gujarat,Vadodara(Baroda),Vadodara(Sayajipura),Chilly Capsicum,Other,FAQ,2012-08-22 00:00:00,1500,2000,1800.0,88
Gujarat,Vadodara(Baroda),Vadodara(Sayajipura),Chilly Capsicum,Other,FAQ,2012-08-31 00:00:00,1500,2500,2050.0,88
Gujarat,Vadodara(Baroda),Vadodara(Sayajipura),Chilly Capsicum,Other,FAQ,2012-09-02 00:00:00,1500,2250,1900.0,88
Gujarat,Vadodara(Baroda),Vadodara(Sayajipura),Chilly Capsicum,Other,FAQ,2012-09-04 00:00:00,1250,1750,1500.0,88
Gujarat,Vadodara(Baroda),Vadodara(Sayajipura),Chilly Capsicum,Other,FAQ,2012-09-06 00:00:00,1500,2000,1750.0,88
Gujarat,Vadodara(Baroda),Vadodara(Sayajipura),Chilly Capsicum,Other,FAQ,2012-09-24 00:00:00,2000,2750,2400.0,88
Gujarat,Vadodara(Baroda),Vadodara(Sayajipura),Chilly Capsicum,Other,FAQ,2012-10-02 00:00:00,2000,2250,2125.0,88
Gujarat,Vadodara(Baroda),Vadodara(Sayajipura),Chilly Capsicum,Other,FAQ,2012-10-07 00:00:00,1000,1500,1300.0,88
Gujarat,Vadodara(Baroda),Vadodara(Sayajipura),Chilly Capsicum,Other,FAQ,2012-10-16 00:00:00,1750,2500,2150.0,88
Gujarat,Vadodara(Baroda),Vadodara(Sayajipura),Chilly Capsicum,Other,FAQ,2012-10-23 00:00:00,1250,2250,1800.0,88
Gujarat,Vadodara(Baroda),Vadodara(Sayajipura),Chilly Capsicum,Other,FAQ,2012-11-02 00:00:00,1000,1300,1200.0,88
Gujarat,Vadodara(Baroda),Vadodara(Sayajipura),Chilly Capsicum,Other,FAQ,2012-11-06 00:00:00,1250,1750,1575.0,88
Gujarat,Vadodara(Baroda),Vadodara(Sayajipura),Chilly Capsicum,Other,FAQ,2012-11-24 00:00:00,800,1100,1000.0,88
Gujarat,Vadodara(Baroda),Vadodara(Sayajipura),Chilly Capsicum,Other,FAQ,2012-11-27 00:00:00,800,1200,1050.0,88
Gujarat,Vadodara(Baroda),Vadodara(Sayajipura),Chilly Capsicum,Other,FAQ,2012-12-01 00:00:00,400,700,575.0,88
Gujarat,Vadodara(Baroda),Vadodara(Sayajipura),Chilly Capsicum,Other,FAQ,2012-12-08 00:00:00,700,1100,950.0,88
Gujarat,Vadodara(Baroda),Vadodara(Sayajipura),Chilly Capsicum,Other,FAQ,2012-12-09 00:00:00,800,1000,925.0,88
Gujarat,Vadodara(Baroda),Vadodara(Sayajipura),Chilly Capsicum,Other,FAQ,2012-12-19 00:00:00,700,900,850.0,88
Gujarat,Vadodara(Baroda),Vadodara(Sayajipura),Chilly Capsicum,Other,FAQ,2012-12-29 00:00:00,600,800,725.0,88
Gujarat,Vadodara(Baroda),Vadodara(Sayajipura),Chilly Capsicum,Other,FAQ,2012-12-30 00:00:00,600,1000,850.0,88
Gujarat,Ahmedabad,Ahmedabad,Chilly Capsicum,Other,FAQ,2012-01-18 00:00:00,1000,2000,1800.0,88
Gujarat,Ahmedabad,Ahmedabad,Chilly Capsicum,Other,FAQ,2012-01-19 00:00:00,1000,1600,1400.0,88
Gujarat,Ahmedabad,Ahmedabad,Chilly Capsicum,Other,FAQ,2012-01-20 00:00:00,700,1500,1200.0,88
Gujarat,Ahmedabad,Ahmedabad,Chilly Capsicum,Other,FAQ,2012-01-21 00:00:00,700,1500,1300.0,88
Gujarat,Ahmedabad,Ahmedabad,Chilly Capsicum,Other,FAQ,2012-01-24 00:00:00,1000,1600,1500.0,88
Gujarat,Ahmedabad,Ahmedabad,Chilly Capsicum,Other,FAQ,2012-01-28 00:00:00,1000,2000,1500.0,88
Gujarat,Ahmedabad,Ahmedabad,Chilly Capsicum,Other,FAQ,2012-01-30 00:00:00,1000,2000,1500.0,88
Gujarat,Ahmedabad,Ahmedabad,Chilly Capsicum,Other,FAQ,2012-02-10 00:00:00,1500,2500,2200.0,88
Gujarat,Ahmedabad,Ahmedabad,Chilly Capsicum,Other,FAQ,2012-02-20 00:00:00,1000,3200,2500.0,88
Gujarat,Ahmedabad,Ahmedabad,Chilly Capsicum,Other,FAQ,2012-02-25 00:00:00,1500,3000,2500.0,88
Gujarat,Ahmedabad,Ahmedabad,Chilly Capsicum,Other,FAQ,2012-03-10 00:00:00,1500,3000,2500.0,88
Gujarat,Ahmedabad,Ahmedabad,Chilly Capsicum,Other,FAQ,2012-03-12 00:00:00,1500,3000,2500.0,88
Gujarat,Ahmedabad,Ahmedabad,Chilly Capsicum,Other,FAQ,2012-03-13 00:00:00,1000,2500,2000.0,88
Gujarat,Ahmedabad,Ahmedabad,Chilly Capsicum,Other,FAQ,2012-03-20 00:00:00,1000,3000,2000.0,88
Gujarat,Ahmedabad,Ahmedabad,Chilly Capsicum,Other,FAQ,2012-04-03 00:00:00,1000,2500,2000.0,88
Gujarat,Ahmedabad,Ahmedabad,Chilly Capsicum,Other,FAQ,2012-04-10 00:00:00,1000,3000,2200.0,88
Gujarat,Ahmedabad,Ahmedabad,Chilly Capsicum,Other,FAQ,2012-04-14 00:00:00,1000,3500,2500.0,88
Gujarat,Ahmedabad,Ahmedabad,Chilly Capsicum,Other,FAQ,2012-04-23 00:00:00,1000,3500,2500.0,88
Gujarat,Ahmedabad,Ahmedabad,Chilly Capsicum,Other,FAQ,2012-04-24 00:00:00,1000,3500,2500.0,88
Gujarat,Ahmedabad,Ahmedabad,Chilly Capsicum,Other,FAQ,2012-04-27 00:00:00,1000,3500,2500.0,88
Gujarat,Ahmedabad,Ahmedabad,Chilly Capsicum,Other,FAQ,2012-05-04 00:00:00,1000,2500,2000.0,88
Gujarat,Ahmedabad,Ahmedabad,Chilly Capsicum,Other,FAQ,2012-05-05 00:00:00,1000,2800,2200.0,88
Gujarat,Ahmedabad,Ahmedabad,Chilly Capsicum,Other,FAQ,2012-05-09 00:00:00,1000,2300,1800.0,88
Gujarat,Ahmedabad,Ahmedabad,Chilly Capsicum,Other,FAQ,2012-05-12 00:00:00,1000,2000,1800.0,88
Gujarat,Ahmedabad,Ahmedabad,Chilly Capsicum,Other,FAQ,2012-05-25 00:00:00,500,1800,1300.0,88
Gujarat,Ahmedabad,Ahmedabad,Chilly Capsicum,Other,FAQ,2012-05-29 00:00:00,500,1800,1500.0,88
Gujarat,Ahmedabad,Ahmedabad,Chilly Capsicum,Other,FAQ,2012-05-30 00:00:00,600,1600,1300.0,88
Gujarat,Ahmedabad,Ahmedabad,Chilly Capsicum,Other,FAQ,2012-06-02 00:00:00,1000,2200,1800.0,88
Gujarat,Ahmedabad,Ahmedabad,Chilly Capsicum,Other,FAQ,2012-06-07 00:00:00,1000,2200,1700.0,88
Gujarat,Ahmedabad,Ahmedabad,Chilly Capsicum,Other,FAQ,2012-06-09 00:00:00,1000,2400,2000.0,88
Gujarat,Ahmedabad,Ahmedabad,Chilly Capsicum,Other,FAQ,2012-06-15 00:00:00,1000,3000,2500.0,88
Gujarat,Ahmedabad,Ahmedabad,Chilly Capsicum,Other,FAQ,2012-06-28 00:00:00,2500,4000,3500.0,88
Gujarat,Ahmedabad,Ahmedabad,Chilly Capsicum,Other,FAQ,2012-06-29 00:00:00,2500,4000,3500.0,88
Gujarat,Ahmedabad,Ahmedabad,Chilly Capsicum,Other,FAQ,2012-07-06 00:00:00,1500,2500,2300.0,88
Gujarat,Ahmedabad,Ahmedabad,Chilly Capsicum,Other,FAQ,2012-07-13 00:00:00,1000,3200,2500.0,88
Gujarat,Ahmedabad,Ahmedabad,Chilly Capsicum,Other,FAQ,2012-07-17 00:00:00,1000,3000,2500.0,88
Gujarat,Ahmedabad,Ahmedabad,Chilly Capsicum,Other,FAQ,2012-07-19 00:00:00,1000,2500,2000.0,88
Gujarat,Ahmedabad,Ahmedabad,Chilly Capsicum,Other,FAQ,2012-07-20 00:00:00,1000,2500,2000.0,88
Gujarat,Ahmedabad,Ahmedabad,Chilly Capsicum,Other,FAQ,2012-07-21 00:00:00,1000,2500,2000.0,88
Gujarat,Ahmedabad,Ahmedabad,Chilly Capsicum,Other,FAQ,2012-07-26 00:00:00,1000,2200,1800.0,88
Gujarat,Ahmedabad,Ahmedabad,Chilly Capsicum,Other,FAQ,2012-07-31 00:00:00,1000,2200,2000.0,88
Gujarat,Ahmedabad,Ahmedabad,Chilly Capsicum,Other,FAQ,2012-08-01 00:00:00,500,2500,1800.0,88
Gujarat,Ahmedabad,Ahmedabad,Chilly Capsicum,Other,FAQ,2012-08-04 00:00:00,1000,2700,2200.0,88
Gujarat,Ahmedabad,Ahmedabad,Chilly Capsicum,Other,FAQ,2012-08-14 00:00:00,1000,2000,1800.0,88
Gujarat,Ahmedabad,Ahmedabad,Chilly Capsicum,Other,FAQ,2012-09-01 00:00:00,500,2000,1500.0,88
Gujarat,Ahmedabad,Ahmedabad,Chilly Capsicum,Other,FAQ,2012-09-18 00:00:00,1000,2500,2000.0,88
Gujarat,Ahmedabad,Ahmedabad,Chilly Capsicum,Other,FAQ,2012-09-24 00:00:00,500,2800,2000.0,88
Gujarat,Ahmedabad,Ahmedabad,Chilly Capsicum,Other,FAQ,2012-09-25 00:00:00,1000,2600,2000.0,88
Gujarat,Ahmedabad,Ahmedabad,Chilly Capsicum,Other,FAQ,2012-09-29 00:00:00,1000,2600,2000.0,88
Gujarat,Ahmedabad,Ahmedabad,Chilly Capsicum,Other,FAQ,2012-10-01 00:00:00,1000,2500,2000.0,88
Gujarat,Ahmedabad,Ahmedabad,Chilly Capsicum,Other,FAQ,2012-10-06 00:00:00,1000,2500,2000.0,88
Gujarat,Ahmedabad,Ahmedabad,Chilly Capsicum,Other,FAQ,2012-10-11 00:00:00,400,2400,1500.0,88
Gujarat,Ahmedabad,Ahmedabad,Chilly Capsicum,Other,FAQ,2012-10-23 00:00:00,1500,1800,1700.0,88
Gujarat,Ahmedabad,Ahmedabad,Chilly Capsicum,Other,FAQ,2012-10-26 00:00:00,1200,1700,1500.0,88
Gujarat,Ahmedabad,Ahmedabad,Chilly Capsicum,Other,FAQ,2012-11-03 00:00:00,500,1000,800.0,88
Gujarat,Ahmedabad,Ahmedabad,Chilly Capsicum,Other,FAQ,2012-11-05 00:00:00,500,1000,800.0,88
Gujarat,Ahmedabad,Ahmedabad,Chilly Capsicum,Other,FAQ,2012-11-08 00:00:00,700,1000,900.0,88
Gujarat,Ahmedabad,Ahmedabad,Chilly Capsicum,Other,FAQ,2012-11-09 00:00:00,700,1000,900.0,88
Gujarat,Ahmedabad,Ahmedabad,Chilly Capsicum,Other,FAQ,2012-11-15 00:00:00,800,1500,1200.0,88
Gujarat,Ahmedabad,Ahmedabad,Chilly Capsicum,Other,FAQ,2012-11-26 00:00:00,600,1000,900.0,88
Gujarat,Ahmedabad,Ahmedabad,Chilly Capsicum,Other,FAQ,2012-12-01 00:00:00,500,800,700.0,88
Gujarat,Ahmedabad,Ahmedabad,Chilly Capsicum,Other,FAQ,2012-12-03 00:00:00,500,700,600.0,88
Gujarat,Ahmedabad,Ahmedabad,Chilly Capsicum,Other,FAQ,2012-12-18 00:00:00,500,1000,800.0,88
Gujarat,Ahmedabad,Ahmedabad,Chilly Capsicum,Other,FAQ,2012-12-21 00:00:00,300,800,600.0,88
Gujarat,Ahmedabad,Ahmedabad,Chilly Capsicum,Other,FAQ,2012-12-25 00:00:00,500,800,700.0,88
Gujarat,Ahmedabad,Dholka,Chilly Capsicum,Other,FAQ,2012-01-02 00:00:00,1500,1750,1600.0,88
Gujarat,Ahmedabad,Dholka,Chilly Capsicum,Other,FAQ,2012-01-03 00:00:00,500,1000,750.0,88
Gujarat,Ahmedabad,Dholka,Chilly Capsicum,Other,FAQ,2012-01-18 00:00:00,1200,1400,1300.0,88
Gujarat,Ahmedabad,Dholka,Chilly Capsicum,Other,FAQ,2012-02-09 00:00:00,1300,2000,1700.0,88
Gujarat,Ahmedabad,Dholka,Chilly Capsicum,Other,FAQ,2012-02-18 00:00:00,600,700,650.0,88
Gujarat,Ahmedabad,Dholka,Chilly Capsicum,Other,FAQ,2012-02-28 00:00:00,600,1700,1200.0,88
Gujarat,Ahmedabad,Dholka,Chilly Capsicum,Other,FAQ,2012-03-06 00:00:00,600,1500,1100.0,88
Gujarat,Ahmedabad,Dholka,Chilly Capsicum,Other,FAQ,2012-03-07 00:00:00,750,1400,1000.0,88
Gujarat,Ahmedabad,Dholka,Chilly Capsicum,Other,FAQ,2012-03-17 00:00:00,600,950,750.0,88
Gujarat,Ahmedabad,Dholka,Chilly Capsicum,Other,FAQ,2012-03-19 00:00:00,600,750,700.0,88
Gujarat,Ahmedabad,Dholka,Chilly Capsicum,Other,FAQ,2012-03-23 00:00:00,600,1400,1100.0,88
Gujarat,Ahmedabad,Dholka,Chilly Capsicum,Other,FAQ,2012-03-28 00:00:00,600,1500,1100.0,88
Gujarat,Ahmedabad,Dholka,Chilly Capsicum,Other,FAQ,2012-03-30 00:00:00,600,1000,750.0,88
Gujarat,Ahmedabad,Dholka,Chilly Capsicum,Other,FAQ,2012-04-03 00:00:00,600,800,700.0,88
Gujarat,Ahmedabad,Dholka,Chilly Capsicum,Other,FAQ,2012-04-11 00:00:00,500,1250,900.0,88
Gujarat,Ahmedabad,Dholka,Chilly Capsicum,Other,FAQ,2012-04-18 00:00:00,700,1250,1050.0,88
Gujarat,Ahmedabad,Dholka,Chilly Capsicum,Other,FAQ,2012-04-21 00:00:00,600,800,700.0,88
Gujarat,Ahmedabad,Dholka,Chilly Capsicum,Other,FAQ,2012-04-26 00:00:00,500,925,700.0,88
Gujarat,Ahmedabad,Dholka,Chilly Capsicum,Other,FAQ,2012-05-07 00:00:00,750,2000,1400.0,88
Gujarat,Ahmedabad,Dholka,Chilly Capsicum,Other,FAQ,2012-05-10 00:00:00,500,1200,900.0,88
Gujarat,Ahmedabad,Dholka,Chilly Capsicum,Other,FAQ,2012-05-16 00:00:00,300,950,750.0,88
Gujarat,Ahmedabad,Dholka,Chilly Capsicum,Other,FAQ,2012-05-21 00:00:00,500,950,700.0,88
Gujarat,Ahmedabad,Dholka,Chilly Capsicum,Other,FAQ,2012-06-05 00:00:00,500,1800,1100.0,88
Gujarat,Ahmedabad,Dholka,Chilly Capsicum,Other,FAQ,2012-06-09 00:00:00,800,1600,1300.0,88
Gujarat,Ahmedabad,Dholka,Chilly Capsicum,Other,FAQ,2012-06-12 00:00:00,800,1800,1350.0,88
Gujarat,Ahmedabad,Dholka,Chilly Capsicum,Other,FAQ,2012-06-13 00:00:00,700,1400,1100.0,88
Gujarat,Ahmedabad,Dholka,Chilly Capsicum,Other,FAQ,2012-06-14 00:00:00,725,1100,875.0,88
Gujarat,Ahmedabad,Dholka,Chilly Capsicum,Other,FAQ,2012-06-16 00:00:00,700,1300,950.0,88
Gujarat,Ahmedabad,Dholka,Chilly Capsicum,Other,FAQ,2012-06-18 00:00:00,700,1150,900.0,88
Gujarat,Ahmedabad,Dholka,Chilly Capsicum,Other,FAQ,2012-06-22 00:00:00,1000,3000,2000.0,88
Gujarat,Ahmedabad,Dholka,Chilly Capsicum,Other,FAQ,2012-06-25 00:00:00,1000,2000,1500.0,88
Gujarat,Ahmedabad,Dholka,Chilly Capsicum,Other,FAQ,2012-06-28 00:00:00,1000,1500,1250.0,88
Gujarat,Ahmedabad,Dholka,Chilly Capsicum,Other,FAQ,2012-07-07 00:00:00,1200,1800,1600.0,88
Gujarat,Ahmedabad,Dholka,Chilly Capsicum,Other,FAQ,2012-07-16 00:00:00,1250,2000,1600.0,88
Gujarat,Ahmedabad,Dholka,Chilly Capsicum,Other,FAQ,2012-07-19 00:00:00,1000,1600,1300.0,88
Gujarat,Ahmedabad,Dholka,Chilly Capsicum,Other,FAQ,2012-07-23 00:00:00,1000,2000,1700.0,88
Gujarat,Ahmedabad,Dholka,Chilly Capsicum,Other,FAQ,2012-07-31 00:00:00,1000,1800,1400.0,88
Gujarat,Ahmedabad,Dholka,Chilly Capsicum,Other,FAQ,2012-08-03 00:00:00,1000,1400,1200.0,88
Gujarat,Ahmedabad,Dholka,Chilly Capsicum,Other,FAQ,2012-08-24 00:00:00,500,1100,700.0,88
Gujarat,Ahmedabad,Dholka,Chilly Capsicum,Other,FAQ,2012-09-01 00:00:00,500,850,700.0,88
Gujarat,Ahmedabad,Dholka,Chilly Capsicum,Other,FAQ,2012-09-04 00:00:00,600,800,700.0,88
Gujarat,Ahmedabad,Dholka,Chilly Capsicum,Other,FAQ,2012-09-25 00:00:00,600,1200,1000.0,88
Gujarat,Ahmedabad,Dholka,Chilly Capsicum,Other,FAQ,2012-09-26 00:00:00,500,750,600.0,88
Gujarat,Ahmedabad,Dholka,Chilly Capsicum,Other,FAQ,2012-10-03 00:00:00,500,600,550.0,88
Gujarat,Ahmedabad,Dholka,Chilly Capsicum,Other,FAQ,2012-10-04 00:00:00,300,700,500.0,88
Gujarat,Ahmedabad,Dholka,Chilly Capsicum,Other,FAQ,2012-10-15 00:00:00,500,1000,750.0,88
Gujarat,Ahmedabad,Ahmedabad,Chilly Capsicum,Other,FAQ,2010-01-01 00:00:00,1000,1500,1300.0,88
Gujarat,Ahmedabad,Ahmedabad,Chilly Capsicum,Other,FAQ,2010-01-11 00:00:00,1000,1600,1400.0,88
Gujarat,Ahmedabad,Ahmedabad,Chilly Capsicum,Other,FAQ,2010-01-18 00:00:00,1200,2000,1800.0,88
Gujarat,Ahmedabad,Ahmedabad,Chilly Capsicum,Other,FAQ,2010-01-23 00:00:00,600,1500,1200.0,88
Gujarat,Ahmedabad,Ahmedabad,Chilly Capsicum,Other,FAQ,2010-02-02 00:00:00,600,1600,1400.0,88
Gujarat,Ahmedabad,Ahmedabad,Chilly Capsicum,Other,FAQ,2010-02-03 00:00:00,600,1600,1400.0,88
Gujarat,Ahmedabad,Ahmedabad,Chilly Capsicum,Other,FAQ,2010-02-09 00:00:00,1000,1700,1400.0,88
Gujarat,Ahmedabad,Ahmedabad,Chilly Capsicum,Other,FAQ,2010-02-15 00:00:00,500,1700,1400.0,88
Gujarat,Ahmedabad,Ahmedabad,Chilly Capsicum,Other,FAQ,2010-02-17 00:00:00,1200,1700,1500.0,88
Gujarat,Ahmedabad,Ahmedabad,Chilly Capsicum,Other,FAQ,2010-02-22 00:00:00,1200,2000,1600.0,88
Gujarat,Ahmedabad,Ahmedabad,Chilly Capsicum,Other,FAQ,2010-03-08 00:00:00,800,1700,1300.0,88
Gujarat,Ahmedabad,Ahmedabad,Chilly Capsicum,Other,FAQ,2010-03-10 00:00:00,800,1600,1400.0,88
Gujarat,Ahmedabad,Ahmedabad,Chilly Capsicum,Other,FAQ,2010-03-23 00:00:00,1000,1900,1500.0,88
Gujarat,Ahmedabad,Ahmedabad,Chilly Capsicum,Other,FAQ,2010-03-25 00:00:00,800,1900,1600.0,88
Gujarat,Ahmedabad,Ahmedabad,Chilly Capsicum,Other,FAQ,2010-03-27 00:00:00,500,2000,1500.0,88
Gujarat,Ahmedabad,Ahmedabad,Chilly Capsicum,Other,FAQ,2010-04-02 00:00:00,800,2000,1600.0,88
Gujarat,Ahmedabad,Ahmedabad,Chilly Capsicum,Other,FAQ,2010-04-06 00:00:00,700,2000,1500.0,88
Gujarat,Ahmedabad,Ahmedabad,Chilly Capsicum,Other,FAQ,2010-04-07 00:00:00,800,1800,1500.0,88
Gujarat,Ahmedabad,Ahmedabad,Chilly Capsicum,Other,FAQ,2010-04-17 00:00:00,700,1800,1500.0,88
Gujarat,Ahmedabad,Ahmedabad,Chilly Capsicum,Other,FAQ,2010-04-21 00:00:00,500,2000,1500.0,88
Gujarat,Ahmedabad,Ahmedabad,Chilly Capsicum,Other,FAQ,2010-04-22 00:00:00,800,2000,1600.0,88
Gujarat,Ahmedabad,Ahmedabad,Chilly Capsicum,Other,FAQ,2010-04-23 00:00:00,600,1800,1400.0,88
Gujarat,Ahmedabad,Ahmedabad,Chilly Capsicum,Other,FAQ,2010-04-28 00:00:00,500,2000,1400.0,88
Gujarat,Ahmedabad,Ahmedabad,Chilly Capsicum,Other,FAQ,2010-05-21 00:00:00,1000,3800,3000.0,88
Gujarat,Ahmedabad,Ahmedabad,Chilly Capsicum,Other,FAQ,2010-05-22 00:00:00,1000,4000,3000.0,88
Gujarat,Ahmedabad,Ahmedabad,Chilly Capsicum,Other,FAQ,2010-06-08 00:00:00,500,4000,2500.0,88
Gujarat,Ahmedabad,Ahmedabad,Chilly Capsicum,Other,FAQ,2010-06-14 00:00:00,1000,3750,2500.0,88
Gujarat,Ahmedabad,Ahmedabad,Chilly Capsicum,Other,FAQ,2010-07-01 00:00:00,1500,3500,3000.0,88
Gujarat,Ahmedabad,Ahmedabad,Chilly Capsicum,Other,FAQ,2010-07-06 00:00:00,2000,4000,3500.0,88
Gujarat,Ahmedabad,Ahmedabad,Chilly Capsicum,Other,FAQ,2010-07-20 00:00:00,1000,2000,1800.0,88
Gujarat,Ahmedabad,Ahmedabad,Chilly Capsicum,Other,FAQ,2010-07-24 00:00:00,900,2000,1800.0,88
Gujarat,Ahmedabad,Ahmedabad,Chilly Capsicum,Other,FAQ,2010-07-26 00:00:00,500,2000,1400.0,88
Gujarat,Ahmedabad,Ahmedabad,Chilly Capsicum,Other,FAQ,2010-07-29 00:00:00,1000,1800,1500.0,88
Gujarat,Ahmedabad,Ahmedabad,Chilly Capsicum,Other,FAQ,2010-07-30 00:00:00,1000,1800,1500.0,88
Gujarat,Ahmedabad,Ahmedabad,Chilly Capsicum,Other,FAQ,2010-08-07 00:00:00,2000,3000,2800.0,88
Gujarat,Ahmedabad,Ahmedabad,Chilly Capsicum,Other,FAQ,2010-08-10 00:00:00,1000,3200,2500.0,88
Gujarat,Ahmedabad,Ahmedabad,Chilly Capsicum,Other,FAQ,2010-08-26 00:00:00,2000,3500,3000.0,88
Gujarat,Ahmedabad,Ahmedabad,Chilly Capsicum,Other,FAQ,2010-09-03 00:00:00,1500,3500,2800.0,88
Gujarat,Ahmedabad,Ahmedabad,Chilly Capsicum,Other,FAQ,2010-09-29 00:00:00,2200,3500,3000.0,88
Gujarat,Ahmedabad,Ahmedabad,Chilly Capsicum,Other,FAQ,2010-09-30 00:00:00,2000,3500,3000.0,88
Gujarat,Ahmedabad,Ahmedabad,Chilly Capsicum,Other,FAQ,2010-10-02 00:00:00,2000,3000,2800.0,88
Gujarat,Ahmedabad,Ahmedabad,Chilly Capsicum,Other,FAQ,2010-10-13 00:00:00,1300,2000,1800.0,88
Gujarat,Ahmedabad,Ahmedabad,Chilly Capsicum,Other,FAQ,2010-10-16 00:00:00,1500,2000,1800.0,88
Gujarat,Ahmedabad,Ahmedabad,Chilly Capsicum,Other,FAQ,2010-10-18 00:00:00,1500,2200,2000.0,88
Gujarat,Ahmedabad,Ahmedabad,Chilly Capsicum,Other,FAQ,2010-10-19 00:00:00,1000,1800,1500.0,88
Gujarat,Ahmedabad,Ahmedabad,Chilly Capsicum,Other,FAQ,2010-11-06 00:00:00,1800,2500,2200.0,88
Gujarat,Ahmedabad,Ahmedabad,Chilly Capsicum,Other,FAQ,2010-11-09 00:00:00,700,1800,1500.0,88
Gujarat,Ahmedabad,Ahmedabad,Chilly Capsicum,Other,FAQ,2010-11-11 00:00:00,800,1800,1500.0,88
Gujarat,Ahmedabad,Ahmedabad,Chilly Capsicum,Other,FAQ,2010-12-15 00:00:00,700,2000,1500.0,88
Gujarat,Ahmedabad,Ahmedabad,Chilly Capsicum,Other,FAQ,2010-12-21 00:00:00,850,1700,1500.0,88
Gujarat,Ahmedabad,Ahmedabad,Chilly Capsicum,Other,FAQ,2010-12-22 00:00:00,1000,2000,1600.0,88
Gujarat,Ahmedabad,Ahmedabad,Chilly Capsicum,Other,FAQ,2010-12-31 00:00:00,1000,1600,1400.0,88
Gujarat,Ahmedabad,Dholka,Chilly Capsicum,Other,FAQ,2010-06-02 00:00:00,500,1500,1000.0,88
Gujarat,Ahmedabad,Dholka,Chilly Capsicum,Other,FAQ,2010-06-10 00:00:00,1500,2000,1700.0,88
Gujarat,Ahmedabad,Dholka,Chilly Capsicum,Other,FAQ,2010-06-11 00:00:00,800,1600,1200.0,88
Gujarat,Ahmedabad,Dholka,Chilly Capsicum,Other,FAQ,2010-06-24 00:00:00,800,1700,1400.0,88
Gujarat,Ahmedabad,Dholka,Chilly Capsicum,Other,FAQ,2010-06-28 00:00:00,1500,2000,1800.0,88
Gujarat,Ahmedabad,Dholka,Chilly Capsicum,Other,FAQ,2010-07-05 00:00:00,500,1000,750.0,88
Gujarat,Ahmedabad,Dholka,Chilly Capsicum,Other,FAQ,2010-07-07 00:00:00,500,1250,1000.0,88
Gujarat,Ahmedabad,Dholka,Chilly Capsicum,Other,FAQ,2010-08-10 00:00:00,500,1850,1000.0,88
Gujarat,Ahmedabad,Dholka,Chilly Capsicum,Other,FAQ,2010-08-14 00:00:00,1300,1900,1700.0,88
Gujarat,Ahmedabad,Dholka,Chilly Capsicum,Other,FAQ,2010-08-17 00:00:00,1000,1500,1200.0,88
Gujarat,Ahmedabad,Dholka,Chilly Capsicum,Other,FAQ,2010-08-20 00:00:00,500,1000,750.0,88
Gujarat,Ahmedabad,Dholka,Chilly Capsicum,Other,FAQ,2010-09-04 00:00:00,800,2000,1800.0,88
Gujarat,Ahmedabad,Dholka,Chilly Capsicum,Other,FAQ,2010-09-13 00:00:00,500,1500,900.0,88
Gujarat,Ahmedabad,Dholka,Chilly Capsicum,Other,FAQ,2010-09-15 00:00:00,700,2000,900.0,88
Gujarat,Ahmedabad,Dholka,Chilly Capsicum,Other,FAQ,2010-09-16 00:00:00,1000,1500,1250.0,88
Gujarat,Ahmedabad,Dholka,Chilly Capsicum,Other,FAQ,2010-09-28 00:00:00,500,1000,750.0,88
Gujarat,Ahmedabad,Dholka,Chilly Capsicum,Other,FAQ,2010-10-07 00:00:00,600,1100,900.0,88
Gujarat,Ahmedabad,Dholka,Chilly Capsicum,Other,FAQ,2010-10-13 00:00:00,800,1500,1000.0,88
Gujarat,Ahmedabad,Dholka,Chilly Capsicum,Other,FAQ,2010-10-16 00:00:00,1000,1800,1500.0,88
Gujarat,Ahmedabad,Dholka,Chilly Capsicum,Other,FAQ,2010-10-19 00:00:00,600,1800,1300.0,88
Gujarat,Ahmedabad,Dholka,Chilly Capsicum,Other,FAQ,2010-10-23 00:00:00,650,1400,1000.0,88
Gujarat,Ahmedabad,Dholka,Chilly Capsicum,Other,FAQ,2010-10-26 00:00:00,600,1000,900.0,88
Gujarat,Ahmedabad,Dholka,Chilly Capsicum,Other,FAQ,2010-11-03 00:00:00,800,1500,1200.0,88
Gujarat,Ahmedabad,Dholka,Chilly Capsicum,Other,FAQ,2010-11-04 00:00:00,600,1400,1000.0,88
Gujarat,Ahmedabad,Dholka,Chilly Capsicum,Other,FAQ,2010-11-08 00:00:00,600,1400,1000.0,88
Gujarat,Ahmedabad,Dholka,Chilly Capsicum,Other,FAQ,2010-11-10 00:00:00,500,1700,1200.0,88
Gujarat,Ahmedabad,Dholka,Chilly Capsicum,Other,FAQ,2010-11-11 00:00:00,600,1500,1200.0,88
Gujarat,Ahmedabad,Dholka,Chilly Capsicum,Other,FAQ,2010-11-15 00:00:00,500,750,600.0,88
Gujarat,Ahmedabad,Dholka,Chilly Capsicum,Other,FAQ,2010-11-16 00:00:00,500,750,600.0,88
Gujarat,Ahmedabad,Dholka,Chilly Capsicum,Other,FAQ,2010-12-03 00:00:00,400,900,750.0,88
Gujarat,Ahmedabad,Dholka,Chilly Capsicum,Other,FAQ,2010-12-16 00:00:00,500,600,550.0,88
Gujarat,Ahmedabad,Dholka,Chilly Capsicum,Other,FAQ,2010-12-20 00:00:00,900,1200,1050.0,88
Gujarat,Vadodara(Baroda),Padra,Chilly Capsicum,Other,FAQ,2010-01-06 00:00:00,500,600,550.0,88
Gujarat,Vadodara(Baroda),Padra,Chilly Capsicum,Other,FAQ,2010-01-08 00:00:00,700,800,750.0,88
Gujarat,Vadodara(Baroda),Padra,Chilly Capsicum,Other,FAQ,2010-01-11 00:00:00,900,1200,1100.0,88
Gujarat,Vadodara(Baroda),Padra,Chilly Capsicum,Other,FAQ,2010-01-13 00:00:00,600,900,800.0,88
Gujarat,Vadodara(Baroda),Padra,Chilly Capsicum,Other,FAQ,2010-01-18 00:00:00,900,1100,1025.0,88
Gujarat,Vadodara(Baroda),Padra,Chilly Capsicum,Other,FAQ,2010-01-23 00:00:00,600,800,725.0,88
Gujarat,Vadodara(Baroda),Padra,Chilly Capsicum,Other,FAQ,2010-01-29 00:00:00,600,800,725.0,88
Gujarat,Vadodara(Baroda),Padra,Chilly Capsicum,Other,FAQ,2010-02-01 00:00:00,500,700,625.0,88
Gujarat,Vadodara(Baroda),Padra,Chilly Capsicum,Other,FAQ,2010-02-24 00:00:00,500,600,550.0,88
Gujarat,Vadodara(Baroda),Padra,Chilly Capsicum,Other,FAQ,2010-03-11 00:00:00,1250,1500,1400.0,88
Gujarat,Vadodara(Baroda),Padra,Chilly Capsicum,Other,FAQ,2010-03-23 00:00:00,1500,1600,1550.0,88
Gujarat,Vadodara(Baroda),Padra,Chilly Capsicum,Other,FAQ,2010-03-25 00:00:00,1500,1750,1625.0,88
Gujarat,Vadodara(Baroda),Padra,Chilly Capsicum,Other,FAQ,2010-04-23 00:00:00,1250,1700,1500.0,88
Gujarat,Vadodara(Baroda),Padra,Chilly Capsicum,Other,FAQ,2010-05-10 00:00:00,2500,2750,2650.0,88
Gujarat,Vadodara(Baroda),Padra,Chilly Capsicum,Other,FAQ,2010-06-04 00:00:00,3000,3250,3150.0,88
Gujarat,Vadodara(Baroda),Padra,Chilly Capsicum,Other,FAQ,2010-06-08 00:00:00,2000,2500,2300.0,88
Gujarat,Vadodara(Baroda),Padra,Chilly Capsicum,Other,FAQ,2010-06-22 00:00:00,2000,2600,2400.0,88
Gujarat,Vadodara(Baroda),Padra,Chilly Capsicum,Other,FAQ,2010-06-23 00:00:00,2500,3250,3000.0,88
Gujarat,Vadodara(Baroda),Padra,Chilly Capsicum,Other,FAQ,2010-06-28 00:00:00,2500,3000,2800.0,88
Gujarat,Vadodara(Baroda),Padra,Chilly Capsicum,Other,FAQ,2010-06-29 00:00:00,1900,2000,1950.0,88
Gujarat,Vadodara(Baroda),Padra,Chilly Capsicum,Other,FAQ,2010-06-30 00:00:00,2000,2250,2150.0,88
Gujarat,Vadodara(Baroda),Padra,Chilly Capsicum,Other,FAQ,2010-07-10 00:00:00,1000,1500,1300.0,88
Gujarat,Vadodara(Baroda),Padra,Chilly Capsicum,Other,FAQ,2010-07-23 00:00:00,1000,1250,1150.0,88
Gujarat,Vadodara(Baroda),Padra,Chilly Capsicum,Other,FAQ,2010-07-27 00:00:00,1000,1500,1300.0,88
Gujarat,Vadodara(Baroda),Padra,Chilly Capsicum,Other,FAQ,2010-07-30 00:00:00,600,1400,1000.0,88
Gujarat,Vadodara(Baroda),Padra,Chilly Capsicum,Other,FAQ,2010-08-02 00:00:00,1200,1700,1500.0,88
Gujarat,Vadodara(Baroda),Padra,Chilly Capsicum,Other,FAQ,2010-08-07 00:00:00,750,1000,900.0,88
Gujarat,Vadodara(Baroda),Padra,Chilly Capsicum,Other,FAQ,2010-08-10 00:00:00,1500,2000,1800.0,88
Gujarat,Vadodara(Baroda),Padra,Chilly Capsicum,Other,FAQ,2010-08-18 00:00:00,900,1300,1150.0,88
Gujarat,Vadodara(Baroda),Padra,Chilly Capsicum,Other,FAQ,2010-08-20 00:00:00,1000,1750,1500.0,88
Gujarat,Vadodara(Baroda),Padra,Chilly Capsicum,Other,FAQ,2010-08-26 00:00:00,1500,2250,2000.0,88
Gujarat,Vadodara(Baroda),Padra,Chilly Capsicum,Other,FAQ,2010-10-20 00:00:00,900,1000,950.0,88
Gujarat,Vadodara(Baroda),Padra,Chilly Capsicum,Other,FAQ,2010-11-01 00:00:00,950,1100,1050.0,88
Gujarat,Vadodara(Baroda),Padra,Chilly Capsicum,Other,FAQ,2010-11-15 00:00:00,400,500,450.0,88
Gujarat,Vadodara(Baroda),Padra,Chilly Capsicum,Other,FAQ,2010-11-24 00:00:00,400,700,600.0,88
Gujarat,Vadodara(Baroda),Padra,Chilly Capsicum,Other,FAQ,2010-11-29 00:00:00,400,500,450.0,88
Gujarat,Vadodara(Baroda),Padra,Chilly Capsicum,Other,FAQ,2010-12-04 00:00:00,500,800,700.0,88
Gujarat,Vadodara(Baroda),Padra,Chilly Capsicum,Other,FAQ,2010-12-18 00:00:00,800,1000,925.0,88
Gujarat,Vadodara(Baroda),Vadodara(Sayajipura),Chilly Capsicum,Other,FAQ,2010-01-03 00:00:00,1200,1300,1250.0,88
Gujarat,Vadodara(Baroda),Vadodara(Sayajipura),Chilly Capsicum,Other,FAQ,2010-01-06 00:00:00,1100,1325,1300.0,88
Gujarat,Vadodara(Baroda),Vadodara(Sayajipura),Chilly Capsicum,Other,FAQ,2010-01-08 00:00:00,750,1200,1100.0,88
Gujarat,Vadodara(Baroda),Vadodara(Sayajipura),Chilly Capsicum,Other,FAQ,2010-01-09 00:00:00,1000,1400,1200.0,88
Gujarat,Vadodara(Baroda),Vadodara(Sayajipura),Chilly Capsicum,Other,FAQ,2010-01-10 00:00:00,1000,1400,1200.0,88
Gujarat,Vadodara(Baroda),Vadodara(Sayajipura),Chilly Capsicum,Other,FAQ,2010-01-19 00:00:00,1150,1500,1300.0,88
Gujarat,Vadodara(Baroda),Vadodara(Sayajipura),Chilly Capsicum,Other,FAQ,2010-02-16 00:00:00,500,1500,1000.0,88
Gujarat,Vadodara(Baroda),Vadodara(Sayajipura),Chilly Capsicum,Other,FAQ,2010-02-23 00:00:00,700,1300,1000.0,88
Gujarat,Vadodara(Baroda),Vadodara(Sayajipura),Chilly Capsicum,Other,FAQ,2010-02-24 00:00:00,700,1300,1125.0,88
Gujarat,Vadodara(Baroda),Vadodara(Sayajipura),Chilly Capsicum,Other,FAQ,2010-03-08 00:00:00,1200,2000,1500.0,88
Gujarat,Vadodara(Baroda),Vadodara(Sayajipura),Chilly Capsicum,Other,FAQ,2010-03-10 00:00:00,1100,1600,1200.0,88
Gujarat,Vadodara(Baroda),Vadodara(Sayajipura),Chilly Capsicum,Other,FAQ,2010-03-13 00:00:00,1100,1600,1400.0,88
Gujarat,Vadodara(Baroda),Vadodara(Sayajipura),Chilly Capsicum,Other,FAQ,2010-03-15 00:00:00,1000,1700,1400.0,88
Gujarat,Vadodara(Baroda),Vadodara(Sayajipura),Chilly Capsicum,Other,FAQ,2010-03-22 00:00:00,1000,1500,1400.0,88
Gujarat,Vadodara(Baroda),Vadodara(Sayajipura),Chilly Capsicum,Other,FAQ,2010-03-31 00:00:00,1000,1400,1300.0,88
Gujarat,Vadodara(Baroda),Vadodara(Sayajipura),Chilly Capsicum,Other,FAQ,2010-04-05 00:00:00,1500,1700,1600.0,88
Gujarat,Vadodara(Baroda),Vadodara(Sayajipura),Chilly Capsicum,Other,FAQ,2010-04-08 00:00:00,1200,1600,1350.0,88
Gujarat,Vadodara(Baroda),Vadodara(Sayajipura),Chilly Capsicum,Other,FAQ,2010-04-10 00:00:00,1300,1500,1400.0,88
Gujarat,Vadodara(Baroda),Vadodara(Sayajipura),Chilly Capsicum,Other,FAQ,2010-04-15 00:00:00,1100,1300,1150.0,88
Gujarat,Vadodara(Baroda),Vadodara(Sayajipura),Chilly Capsicum,Other,FAQ,2010-04-19 00:00:00,1600,1800,1750.0,88
Gujarat,Vadodara(Baroda),Vadodara(Sayajipura),Chilly Capsicum,Other,FAQ,2010-04-22 00:00:00,1500,1600,1550.0,88
Gujarat,Vadodara(Baroda),Vadodara(Sayajipura),Chilly Capsicum,Other,FAQ,2010-04-25 00:00:00,500,1600,1050.0,88
Gujarat,Vadodara(Baroda),Vadodara(Sayajipura),Chilly Capsicum,Other,FAQ,2010-04-30 00:00:00,500,1800,1150.0,88
Gujarat,Vadodara(Baroda),Vadodara(Sayajipura),Chilly Capsicum,Other,FAQ,2010-05-10 00:00:00,500,2000,1250.0,88
Gujarat,Vadodara(Baroda),Vadodara(Sayajipura),Chilly Capsicum,Other,FAQ,2010-05-18 00:00:00,2700,3700,3350.0,88
Gujarat,Vadodara(Baroda),Vadodara(Sayajipura),Chilly Capsicum,Other,FAQ,2010-05-22 00:00:00,500,2500,1525.0,88
Gujarat,Vadodara(Baroda),Vadodara(Sayajipura),Chilly Capsicum,Other,FAQ,2010-05-23 00:00:00,1300,2600,1950.0,88
Gujarat,Vadodara(Baroda),Vadodara(Sayajipura),Chilly Capsicum,Other,FAQ,2010-05-26 00:00:00,1500,1750,1650.0,88
Gujarat,Vadodara(Baroda),Vadodara(Sayajipura),Chilly Capsicum,Other,FAQ,2010-05-29 00:00:00,1100,2000,1550.0,88
Gujarat,Vadodara(Baroda),Vadodara(Sayajipura),Chilly Capsicum,Other,FAQ,2010-06-02 00:00:00,2900,3900,3600.0,88
Gujarat,Vadodara(Baroda),Vadodara(Sayajipura),Chilly Capsicum,Other,FAQ,2010-06-03 00:00:00,2400,2500,2425.0,88
Gujarat,Vadodara(Baroda),Vadodara(Sayajipura),Chilly Capsicum,Other,FAQ,2010-06-10 00:00:00,2000,3000,2500.0,88
Gujarat,Vadodara(Baroda),Vadodara(Sayajipura),Chilly Capsicum,Other,FAQ,2010-06-12 00:00:00,3000,3500,3250.0,88
Gujarat,Vadodara(Baroda),Vadodara(Sayajipura),Chilly Capsicum,Other,FAQ,2010-06-18 00:00:00,2500,3000,2750.0,88
Gujarat,Vadodara(Baroda),Vadodara(Sayajipura),Chilly Capsicum,Other,FAQ,2010-06-24 00:00:00,3000,3500,3325.0,88
Gujarat,Vadodara(Baroda),Vadodara(Sayajipura),Chilly Capsicum,Other,FAQ,2010-06-26 00:00:00,3500,4000,3750.0,88
Gujarat,Vadodara(Baroda),Vadodara(Sayajipura),Chilly Capsicum,Other,FAQ,2010-07-04 00:00:00,3000,4000,3500.0,88
Gujarat,Vadodara(Baroda),Vadodara(Sayajipura),Chilly Capsicum,Other,FAQ,2010-07-07 00:00:00,3700,4400,4050.0,88
Gujarat,Vadodara(Baroda),Vadodara(Sayajipura),Chilly Capsicum,Other,FAQ,2010-07-11 00:00:00,2000,3000,2500.0,88
Gujarat,Vadodara(Baroda),Vadodara(Sayajipura),Chilly Capsicum,Other,FAQ,2010-07-14 00:00:00,1400,2900,2125.0,88
Gujarat,Vadodara(Baroda),Vadodara(Sayajipura),Chilly Capsicum,Other,FAQ,2010-07-20 00:00:00,1800,3000,2450.0,88
Gujarat,Vadodara(Baroda),Vadodara(Sayajipura),Chilly Capsicum,Other,FAQ,2010-12-05 00:00:00,1600,1900,1750.0,88
Gujarat,Vadodara(Baroda),Vadodara(Sayajipura),Chilly Capsicum,Other,FAQ,2010-12-17 00:00:00,1600,1750,1675.0,88
Gujarat,Vadodara(Baroda),Vadodara(Sayajipura),Chilly Capsicum,Other,FAQ,2010-12-23 00:00:00,1700,2000,1900.0,88
Gujarat,Vadodara(Baroda),Vadodara(Sayajipura),Chilly Capsicum,Other,FAQ,2010-12-24 00:00:00,1600,1900,1750.0,88
Gujarat,Vadodara(Baroda),Vadodara(Sayajipura),Chilly Capsicum,Other,FAQ,2010-12-27 00:00:00,1400,1800,1650.0,88
Gujarat,Vadodara(Baroda),Vadodara(Sayajipura),Chilly Capsicum,Other,FAQ,2010-12-29 00:00:00,1200,1500,1350.0,88
Gujarat,Vadodara(Baroda),Vadodara(Sayajipura),Chilly Capsicum,Other,FAQ,2010-12-31 00:00:00,1000,1200,1100.0,88
Gujarat,Ahmedabad,Ahmedabad,Chilly Capsicum,Other,FAQ,2016-01-05 00:00:00,1000,1300,1200.0,88
Gujarat,Ahmedabad,Ahmedabad,Chilly Capsicum,Other,FAQ,2016-01-09 00:00:00,1000,1300,1200.0,88
Gujarat,Ahmedabad,Ahmedabad,Chilly Capsicum,Other,FAQ,2016-01-16 00:00:00,800,1500,1200.0,88
Gujarat,Ahmedabad,Ahmedabad,Chilly Capsicum,Other,FAQ,2016-01-19 00:00:00,1000,2200,1800.0,88
Gujarat,Ahmedabad,Ahmedabad,Chilly Capsicum,Other,FAQ,2016-01-30 00:00:00,800,1200,1100.0,88
Gujarat,Ahmedabad,Ahmedabad,Chilly Capsicum,Other,FAQ,2016-02-05 00:00:00,800,1200,1100.0,88
Gujarat,Ahmedabad,Ahmedabad,Chilly Capsicum,Other,FAQ,2016-02-08 00:00:00,500,1000,800.0,88
Gujarat,Ahmedabad,Ahmedabad,Chilly Capsicum,Other,FAQ,2016-02-10 00:00:00,800,1500,1200.0,88
Gujarat,Ahmedabad,Ahmedabad,Chilly Capsicum,Other,FAQ,2016-02-12 00:00:00,1300,1800,1600.0,88
Gujarat,Ahmedabad,Ahmedabad,Chilly Capsicum,Other,FAQ,2016-02-16 00:00:00,1000,1500,1300.0,88
Gujarat,Ahmedabad,Ahmedabad,Chilly Capsicum,Other,FAQ,2016-02-17 00:00:00,800,2000,1500.0,88
Gujarat,Ahmedabad,Ahmedabad,Chilly Capsicum,Other,FAQ,2016-02-18 00:00:00,1000,2000,1600.0,88
Gujarat,Ahmedabad,Ahmedabad,Chilly Capsicum,Other,FAQ,2016-02-19 00:00:00,1000,1800,1500.0,88
Gujarat,Ahmedabad,Ahmedabad,Chilly Capsicum,Other,FAQ,2016-02-22 00:00:00,1000,1700,1400.0,88
Gujarat,Ahmedabad,Ahmedabad,Chilly Capsicum,Other,FAQ,2016-03-03 00:00:00,1000,2000,1600.0,88
Gujarat,Kheda,Nadiyad(Chaklasi),Chilly Capsicum,Other,FAQ,2016-02-19 00:00:00,1400,1800,1600.0,88
Gujarat,Kheda,Nadiyad(Chaklasi),Chilly Capsicum,Other,FAQ,2016-02-21 00:00:00,1450,1550,1500.0,88
Gujarat,Kheda,Nadiyad(Piplag),Chilly Capsicum,Other,FAQ,2016-01-04 00:00:00,2000,3000,2500.0,88
Gujarat,Kheda,Nadiyad(Piplag),Chilly Capsicum,Other,FAQ,2016-02-10 00:00:00,2500,3500,3000.0,88
Gujarat,Kheda,Nadiyad(Piplag),Chilly Capsicum,Other,FAQ,2016-02-18 00:00:00,3250,3500,3375.0,88
Gujarat,Kheda,Nadiyad(Piplag),Chilly Capsicum,Other,FAQ,2016-02-21 00:00:00,3000,3200,3100.0,88
Gujarat,Kheda,Nadiyad(Piplag),Chilly Capsicum,Other,FAQ,2016-03-03 00:00:00,2400,3700,3050.0,88
Gujarat,Kheda,Nadiyad(Piplag),Chilly Capsicum,Other,FAQ,2016-03-08 00:00:00,2500,3500,3000.0,88
Gujarat,Vadodara(Baroda),Padra,Chilly Capsicum,Other,FAQ,2016-01-08 00:00:00,1600,2500,2200.0,88
Gujarat,Vadodara(Baroda),Padra,Chilly Capsicum,Other,FAQ,2016-01-09 00:00:00,1600,2250,2000.0,88
Gujarat,Vadodara(Baroda),Padra,Chilly Capsicum,Other,FAQ,2016-01-11 00:00:00,1750,2750,2250.0,88
Gujarat,Vadodara(Baroda),Padra,Chilly Capsicum,Other,FAQ,2016-01-16 00:00:00,2000,2750,2500.0,88
Gujarat,Vadodara(Baroda),Padra,Chilly Capsicum,Other,FAQ,2016-01-22 00:00:00,2250,2500,2400.0,88
Gujarat,Vadodara(Baroda),Padra,Chilly Capsicum,Other,FAQ,2016-01-29 00:00:00,2750,4000,3500.0,88
Gujarat,Vadodara(Baroda),Padra,Chilly Capsicum,Other,FAQ,2016-02-02 00:00:00,2500,3000,2800.0,88
Gujarat,Vadodara(Baroda),Padra,Chilly Capsicum,Other,FAQ,2016-02-09 00:00:00,3000,3750,3500.0,88
Gujarat,Vadodara(Baroda),Padra,Chilly Capsicum,Other,FAQ,2016-03-07 00:00:00,2250,3500,3000.0,88
Gujarat,Vadodara(Baroda),Vadodara(Sayajipura),Chilly Capsicum,Other,FAQ,2016-01-04 00:00:00,1200,1300,1275.0,88
Gujarat,Vadodara(Baroda),Vadodara(Sayajipura),Chilly Capsicum,Other,FAQ,2016-01-22 00:00:00,800,1200,1100.0,88
Gujarat,Vadodara(Baroda),Vadodara(Sayajipura),Chilly Capsicum,Other,FAQ,2016-02-06 00:00:00,1200,1300,1275.0,88
Gujarat,Vadodara(Baroda),Vadodara(Sayajipura),Chilly Capsicum,Other,FAQ,2016-02-13 00:00:00,1000,1800,1450.0,88
Gujarat,Vadodara(Baroda),Vadodara(Sayajipura),Chilly Capsicum,Other,FAQ,2016-02-19 00:00:00,1200,1500,1400.0,88
Gujarat,Vadodara(Baroda),Vadodara(Sayajipura),Chilly Capsicum,Other,FAQ,2016-03-03 00:00:00,1000,1800,1450.0,88
Gujarat,Vadodara(Baroda),Vadodara(Sayajipura),Chilly Capsicum,Other,FAQ,2016-03-04 00:00:00,600,1500,1075.0,88
Gujarat,Ahmedabad,Ahmedabad,Chilly Capsicum,Other,FAQ,2003-03-11 00:00:00,1625,2625,2000.0,88
Gujarat,Ahmedabad,Ahmedabad,Chilly Capsicum,Other,FAQ,2003-03-15 00:00:00,500,2500,1800.0,88
Gujarat,Ahmedabad,Ahmedabad,Chilly Capsicum,Other,FAQ,2003-03-22 00:00:00,500,2500,1800.0,88
Gujarat,Ahmedabad,Ahmedabad,Chilly Capsicum,Other,FAQ,2003-03-24 00:00:00,1000,3000,2500.0,88
Gujarat,Ahmedabad,Ahmedabad,Chilly Capsicum,Other,FAQ,2003-03-31 00:00:00,500,3000,2500.0,88
Gujarat,Ahmedabad,Ahmedabad,Chilly Capsicum,Other,FAQ,2003-04-19 00:00:00,2250,2500,2400.0,88
Gujarat,Ahmedabad,Ahmedabad,Chilly Capsicum,Other,FAQ,2003-04-21 00:00:00,2000,2250,2200.0,88
Gujarat,Ahmedabad,Ahmedabad,Chilly Capsicum,Other,FAQ,2003-04-22 00:00:00,1500,2500,2000.0,88
Gujarat,Ahmedabad,Ahmedabad,Chilly Capsicum,Other,FAQ,2003-05-02 00:00:00,2000,2250,2200.0,88
Gujarat,Ahmedabad,Ahmedabad,Chilly Capsicum,Other,FAQ,2003-05-05 00:00:00,2250,2750,2600.0,88
Gujarat,Ahmedabad,Ahmedabad,Chilly Capsicum,Other,FAQ,2003-05-16 00:00:00,1400,2000,1600.0,88
Gujarat,Ahmedabad,Ahmedabad,Chilly Capsicum,Other,FAQ,2003-05-17 00:00:00,1000,1900,1400.0,88
Gujarat,Ahmedabad,Ahmedabad,Chilly Capsicum,Other,FAQ,2003-05-20 00:00:00,1500,1750,1700.0,88
Gujarat,Ahmedabad,Ahmedabad,Chilly Capsicum,Other,FAQ,2003-05-24 00:00:00,1200,1800,1600.0,88
Gujarat,Ahmedabad,Ahmedabad,Chilly Capsicum,Other,FAQ,2003-06-02 00:00:00,750,1600,1400.0,88
Gujarat,Ahmedabad,Ahmedabad,Chilly Capsicum,Other,FAQ,2003-06-04 00:00:00,1200,1500,1400.0,88
Gujarat,Ahmedabad,Ahmedabad,Chilly Capsicum,Other,FAQ,2003-06-09 00:00:00,1200,1700,1400.0,88
Gujarat,Ahmedabad,Ahmedabad,Chilly Capsicum,Other,FAQ,2003-06-13 00:00:00,1100,1500,1400.0,88
Gujarat,Ahmedabad,Ahmedabad,Chilly Capsicum,Other,FAQ,2003-06-24 00:00:00,1250,1500,1400.0,88
Gujarat,Ahmedabad,Ahmedabad,Chilly Capsicum,Other,FAQ,2003-07-03 00:00:00,1600,1850,1750.0,88
Gujarat,Ahmedabad,Ahmedabad,Chilly Capsicum,Other,FAQ,2003-07-08 00:00:00,750,1700,1400.0,88
Gujarat,Ahmedabad,Ahmedabad,Chilly Capsicum,Other,FAQ,2003-07-09 00:00:00,700,1800,1500.0,88
Gujarat,Ahmedabad,Ahmedabad,Chilly Capsicum,Other,FAQ,2003-07-11 00:00:00,1000,1750,1500.0,88
Gujarat,Ahmedabad,Ahmedabad,Chilly Capsicum,Other,FAQ,2003-07-19 00:00:00,250,1500,1200.0,88
Gujarat,Ahmedabad,Ahmedabad,Chilly Capsicum,Other,FAQ,2003-07-21 00:00:00,1000,1600,1400.0,88
Gujarat,Ahmedabad,Ahmedabad,Chilly Capsicum,Other,FAQ,2003-08-02 00:00:00,300,1400,1100.0,88
Gujarat,Ahmedabad,Ahmedabad,Chilly Capsicum,Other,FAQ,2003-08-07 00:00:00,800,1800,1100.0,88
Gujarat,Ahmedabad,Ahmedabad,Chilly Capsicum,Other,FAQ,2003-08-18 00:00:00,600,1600,1200.0,88
Gujarat,Ahmedabad,Ahmedabad,Chilly Capsicum,Other,FAQ,2003-08-21 00:00:00,800,1300,1100.0,88
Gujarat,Ahmedabad,Ahmedabad,Chilly Capsicum,Other,FAQ,2003-08-23 00:00:00,1000,1500,1350.0,88
Gujarat,Ahmedabad,Ahmedabad,Chilly Capsicum,Other,FAQ,2003-08-25 00:00:00,700,1500,1300.0,88
Gujarat,Ahmedabad,Ahmedabad,Chilly Capsicum,Other,FAQ,2003-08-29 00:00:00,1000,1250,1150.0,88
Gujarat,Ahmedabad,Ahmedabad,Chilly Capsicum,Other,FAQ,2003-09-03 00:00:00,1750,2250,2100.0,88
Gujarat,Ahmedabad,Ahmedabad,Chilly Capsicum,Other,FAQ,2003-09-30 00:00:00,750,1600,1050.0,88
Gujarat,Ahmedabad,Ahmedabad,Chilly Capsicum,Other,FAQ,2003-10-01 00:00:00,750,1750,1250.0,88
Gujarat,Ahmedabad,Ahmedabad,Chilly Capsicum,Other,FAQ,2003-10-10 00:00:00,800,1800,1500.0,88
Gujarat,Ahmedabad,Ahmedabad,Chilly Capsicum,Other,FAQ,2003-10-24 00:00:00,600,1800,1500.0,88
Gujarat,Ahmedabad,Ahmedabad,Chilly Capsicum,Other,FAQ,2003-10-25 00:00:00,1400,1800,1500.0,88
Gujarat,Ahmedabad,Ahmedabad,Chilly Capsicum,Other,FAQ,2003-11-08 00:00:00,700,1000,800.0,88
Gujarat,Ahmedabad,Ahmedabad,Chilly Capsicum,Other,FAQ,2003-11-10 00:00:00,500,800,700.0,88
Gujarat,Ahmedabad,Ahmedabad,Chilly Capsicum,Other,FAQ,2003-11-15 00:00:00,400,1500,1250.0,88
Gujarat,Ahmedabad,Ahmedabad,Chilly Capsicum,Other,FAQ,2003-11-19 00:00:00,500,800,700.0,88
Gujarat,Ahmedabad,Ahmedabad,Chilly Capsicum,Other,FAQ,2003-11-25 00:00:00,500,1200,900.0,88
Gujarat,Ahmedabad,Ahmedabad,Chilly Capsicum,Other,FAQ,2003-12-06 00:00:00,150,800,600.0,88
Gujarat,Ahmedabad,Ahmedabad,Chilly Capsicum,Other,FAQ,2003-12-09 00:00:00,400,800,700.0,88
Gujarat,Ahmedabad,Ahmedabad,Chilly Capsicum,Other,FAQ,2003-12-12 00:00:00,200,700,600.0,88
Gujarat,Ahmedabad,Ahmedabad,Chilly Capsicum,Other,FAQ,2003-12-13 00:00:00,250,700,600.0,88
Gujarat,Ahmedabad,Ahmedabad,Chilly Capsicum,Other,FAQ,2003-12-19 00:00:00,400,600,550.0,88
Gujarat,Ahmedabad,Ahmedabad,Chilly Capsicum,Other,FAQ,2003-12-24 00:00:00,500,800,700.0,88
Gujarat,Ahmedabad,Ahmedabad,Chilly Capsicum,Other,FAQ,2003-12-25 00:00:00,500,800,600.0,88
Gujarat,Ahmedabad,Ahmedabad,Chilly Capsicum,Other,FAQ,2003-12-30 00:00:00,400,700,650.0,88
Gujarat,Surat,Surat,Chilly Capsicum,Other,FAQ,2003-01-28 00:00:00,650,1000,825.0,88
Gujarat,Surat,Surat,Chilly Capsicum,Other,FAQ,2003-01-30 00:00:00,500,900,700.0,88
Gujarat,Surat,Surat,Chilly Capsicum,Other,FAQ,2003-02-17 00:00:00,500,1000,750.0,88
Gujarat,Surat,Surat,Chilly Capsicum,Other,FAQ,2003-03-03 00:00:00,1300,1500,1400.0,88
Gujarat,Surat,Surat,Chilly Capsicum,Other,FAQ,2003-03-11 00:00:00,1000,1600,1300.0,88
Gujarat,Surat,Surat,Chilly Capsicum,Other,FAQ,2003-04-09 00:00:00,600,1000,800.0,88
Gujarat,Surat,Surat,Chilly Capsicum,Other,FAQ,2003-04-10 00:00:00,600,800,700.0,88
Gujarat,Surat,Surat,Chilly Capsicum,Other,FAQ,2003-04-16 00:00:00,800,1000,900.0,88
Gujarat,Surat,Surat,Chilly Capsicum,Other,FAQ,2003-04-28 00:00:00,450,500,475.0,88
Gujarat,Surat,Surat,Chilly Capsicum,Other,FAQ,2003-05-06 00:00:00,600,700,650.0,88
Gujarat,Vadodara(Baroda),Vadodara,Chilly Capsicum,Other,FAQ,2003-08-05 00:00:00,500,1400,1300.0,88
Gujarat,Vadodara(Baroda),Vadodara,Chilly Capsicum,Other,FAQ,2003-08-19 00:00:00,800,900,850.0,88
Gujarat,Vadodara(Baroda),Vadodara,Chilly Capsicum,Other,FAQ,2003-08-31 00:00:00,900,1300,1100.0,88
Gujarat,Vadodara(Baroda),Vadodara,Chilly Capsicum,Other,FAQ,2003-09-13 00:00:00,1300,1400,1300.0,88
Gujarat,Vadodara(Baroda),Vadodara,Chilly Capsicum,Other,FAQ,2003-09-18 00:00:00,1100,1400,1300.0,88
Gujarat,Vadodara(Baroda),Vadodara,Chilly Capsicum,Other,FAQ,2003-09-21 00:00:00,1100,1600,1500.0,88
Gujarat,Vadodara(Baroda),Vadodara,Chilly Capsicum,Other,FAQ,2003-09-24 00:00:00,1600,1900,1750.0,88
Gujarat,Vadodara(Baroda),Vadodara,Chilly Capsicum,Other,FAQ,2003-09-29 00:00:00,1300,1500,1400.0,88
Gujarat,Vadodara(Baroda),Vadodara,Chilly Capsicum,Other,FAQ,2003-10-11 00:00:00,1000,1200,1100.0,88
Gujarat,Vadodara(Baroda),Vadodara,Chilly Capsicum,Other,FAQ,2003-10-13 00:00:00,1200,1500,1400.0,88
Gujarat,Vadodara(Baroda),Vadodara,Chilly Capsicum,Other,FAQ,2003-11-07 00:00:00,400,900,750.0,88
Gujarat,Vadodara(Baroda),Vadodara,Chilly Capsicum,Other,FAQ,2003-11-10 00:00:00,200,850,800.0,88
Gujarat,Vadodara(Baroda),Vadodara,Chilly Capsicum,Other,FAQ,2003-11-20 00:00:00,150,750,600.0,88
Gujarat,Vadodara(Baroda),Vadodara,Chilly Capsicum,Other,FAQ,2003-11-28 00:00:00,200,700,600.0,88
Gujarat,Vadodara(Baroda),Vadodara,Chilly Capsicum,Other,FAQ,2003-11-29 00:00:00,400,800,700.0,88
Gujarat,Vadodara(Baroda),Vadodara,Chilly Capsicum,Other,FAQ,2003-12-07 00:00:00,250,700,550.0,88
Gujarat,Vadodara(Baroda),Vadodara,Chilly Capsicum,Other,FAQ,2003-12-15 00:00:00,150,500,350.0,88
Gujarat,Vadodara(Baroda),Vadodara,Chilly Capsicum,Other,FAQ,2003-12-30 00:00:00,150,500,400.0,88
Gujarat,Ahmedabad,Ahmedabad,Chilly Capsicum,Other,FAQ,2011-01-04 00:00:00,1000,1600,1500.0,88
Gujarat,Ahmedabad,Ahmedabad,Chilly Capsicum,Other,FAQ,2011-01-07 00:00:00,1000,1600,1400.0,88
Gujarat,Ahmedabad,Ahmedabad,Chilly Capsicum,Other,FAQ,2011-01-15 00:00:00,1400,1700,1600.0,88
Gujarat,Ahmedabad,Ahmedabad,Chilly Capsicum,Other,FAQ,2011-01-19 00:00:00,1200,1500,1400.0,88
Gujarat,Ahmedabad,Ahmedabad,Chilly Capsicum,Other,FAQ,2011-01-22 00:00:00,800,1600,1400.0,88
Gujarat,Ahmedabad,Ahmedabad,Chilly Capsicum,Other,FAQ,2011-01-27 00:00:00,500,1600,1400.0,88
Gujarat,Ahmedabad,Ahmedabad,Chilly Capsicum,Other,FAQ,2011-02-01 00:00:00,700,1200,1100.0,88
Gujarat,Ahmedabad,Ahmedabad,Chilly Capsicum,Other,FAQ,2011-02-07 00:00:00,500,1600,1400.0,88
Gujarat,Ahmedabad,Ahmedabad,Chilly Capsicum,Other,FAQ,2011-02-16 00:00:00,700,1000,900.0,88
Gujarat,Ahmedabad,Ahmedabad,Chilly Capsicum,Other,FAQ,2011-02-23 00:00:00,600,1300,1200.0,88
Gujarat,Ahmedabad,Ahmedabad,Chilly Capsicum,Other,FAQ,2011-03-09 00:00:00,800,1600,1300.0,88
Gujarat,Ahmedabad,Ahmedabad,Chilly Capsicum,Other,FAQ,2011-03-10 00:00:00,500,1600,1200.0,88
Gujarat,Ahmedabad,Ahmedabad,Chilly Capsicum,Other,FAQ,2011-03-15 00:00:00,500,1700,1500.0,88
Gujarat,Ahmedabad,Ahmedabad,Chilly Capsicum,Other,FAQ,2011-03-19 00:00:00,500,1700,1500.0,88
Gujarat,Ahmedabad,Ahmedabad,Chilly Capsicum,Other,FAQ,2011-03-22 00:00:00,700,1800,1400.0,88
Gujarat,Ahmedabad,Ahmedabad,Chilly Capsicum,Other,FAQ,2011-03-25 00:00:00,650,1600,1300.0,88
Gujarat,Ahmedabad,Ahmedabad,Chilly Capsicum,Other,FAQ,2011-04-05 00:00:00,500,1600,1200.0,88
Gujarat,Ahmedabad,Ahmedabad,Chilly Capsicum,Other,FAQ,2011-04-23 00:00:00,300,1000,700.0,88
Gujarat,Ahmedabad,Ahmedabad,Chilly Capsicum,Other,FAQ,2011-04-27 00:00:00,500,1300,1000.0,88
Gujarat,Ahmedabad,Ahmedabad,Chilly Capsicum,Other,FAQ,2011-05-06 00:00:00,500,1300,1000.0,88
Gujarat,Ahmedabad,Ahmedabad,Chilly Capsicum,Other,FAQ,2011-06-07 00:00:00,500,1500,1200.0,88
Gujarat,Ahmedabad,Ahmedabad,Chilly Capsicum,Other,FAQ,2011-06-08 00:00:00,500,1500,1200.0,88
Gujarat,Ahmedabad,Ahmedabad,Chilly Capsicum,Other,FAQ,2011-06-09 00:00:00,700,1500,1200.0,88
Gujarat,Ahmedabad,Ahmedabad,Chilly Capsicum,Other,FAQ,2011-06-11 00:00:00,800,2000,1500.0,88
Gujarat,Ahmedabad,Ahmedabad,Chilly Capsicum,Other,FAQ,2011-06-13 00:00:00,800,2500,2000.0,88
Gujarat,Ahmedabad,Ahmedabad,Chilly Capsicum,Other,FAQ,2011-06-18 00:00:00,1500,2500,2200.0,88
Gujarat,Ahmedabad,Ahmedabad,Chilly Capsicum,Other,FAQ,2011-06-22 00:00:00,500,2000,1500.0,88
Gujarat,Ahmedabad,Ahmedabad,Chilly Capsicum,Other,FAQ,2011-06-23 00:00:00,1100,2000,1600.0,88
Gujarat,Ahmedabad,Ahmedabad,Chilly Capsicum,Other,FAQ,2011-06-28 00:00:00,500,2000,1500.0,88
Gujarat,Ahmedabad,Ahmedabad,Chilly Capsicum,Other,FAQ,2011-07-02 00:00:00,1200,2200,1800.0,88
Gujarat,Ahmedabad,Ahmedabad,Chilly Capsicum,Other,FAQ,2011-07-09 00:00:00,800,2000,1500.0,88
Gujarat,Ahmedabad,Ahmedabad,Chilly Capsicum,Other,FAQ,2011-07-19 00:00:00,900,1500,1300.0,88
Gujarat,Ahmedabad,Ahmedabad,Chilly Capsicum,Other,FAQ,2011-07-25 00:00:00,1000,1800,1500.0,88
Gujarat,Ahmedabad,Ahmedabad,Chilly Capsicum,Other,FAQ,2011-07-26 00:00:00,1000,1600,1400.0,88
Gujarat,Ahmedabad,Ahmedabad,Chilly Capsicum,Other,FAQ,2011-08-02 00:00:00,1500,2200,2000.0,88
Gujarat,Ahmedabad,Ahmedabad,Chilly Capsicum,Other,FAQ,2011-08-08 00:00:00,1500,2000,1800.0,88
Gujarat,Ahmedabad,Ahmedabad,Chilly Capsicum,Other,FAQ,2011-08-09 00:00:00,1500,2000,1800.0,88
Gujarat,Ahmedabad,Ahmedabad,Chilly Capsicum,Other,FAQ,2011-08-15 00:00:00,2000,2500,2300.0,88
Gujarat,Ahmedabad,Ahmedabad,Chilly Capsicum,Other,FAQ,2011-09-12 00:00:00,2750,3800,3400.0,88
Gujarat,Ahmedabad,Ahmedabad,Chilly Capsicum,Other,FAQ,2011-09-14 00:00:00,2000,3000,2500.0,88
Gujarat,Ahmedabad,Ahmedabad,Chilly Capsicum,Other,FAQ,2011-10-04 00:00:00,1500,3000,2500.0,88
Gujarat,Ahmedabad,Ahmedabad,Chilly Capsicum,Other,FAQ,2011-10-05 00:00:00,1500,2500,2200.0,88
Gujarat,Ahmedabad,Ahmedabad,Chilly Capsicum,Other,FAQ,2011-10-12 00:00:00,1500,2500,2200.0,88
Gujarat,Ahmedabad,Ahmedabad,Chilly Capsicum,Other,FAQ,2011-10-19 00:00:00,1000,2400,2000.0,88
Gujarat,Ahmedabad,Ahmedabad,Chilly Capsicum,Other,FAQ,2011-10-24 00:00:00,1300,2300,2000.0,88
Gujarat,Ahmedabad,Ahmedabad,Chilly Capsicum,Other,FAQ,2011-11-02 00:00:00,600,1200,1000.0,88
Gujarat,Ahmedabad,Ahmedabad,Chilly Capsicum,Other,FAQ,2011-11-04 00:00:00,1000,1500,1300.0,88
Gujarat,Ahmedabad,Ahmedabad,Chilly Capsicum,Other,FAQ,2011-11-28 00:00:00,1000,1600,1500.0,88
Gujarat,Ahmedabad,Ahmedabad,Chilly Capsicum,Other,FAQ,2011-11-29 00:00:00,1000,1600,1400.0,88
Gujarat,Ahmedabad,Ahmedabad,Chilly Capsicum,Other,FAQ,2011-12-03 00:00:00,1000,1500,1300.0,88
Gujarat,Ahmedabad,Ahmedabad,Chilly Capsicum,Other,FAQ,2011-12-06 00:00:00,800,1300,1100.0,88
Gujarat,Ahmedabad,Ahmedabad,Chilly Capsicum,Other,FAQ,2011-12-16 00:00:00,500,1100,900.0,88
Gujarat,Ahmedabad,Ahmedabad,Chilly Capsicum,Other,FAQ,2011-12-29 00:00:00,800,1200,1100.0,88
Gujarat,Ahmedabad,Dholka,Chilly Capsicum,Other,FAQ,2011-01-04 00:00:00,850,1500,1250.0,88
Gujarat,Ahmedabad,Dholka,Chilly Capsicum,Other,FAQ,2011-01-11 00:00:00,1250,1400,1350.0,88
Gujarat,Ahmedabad,Dholka,Chilly Capsicum,Other,FAQ,2011-01-17 00:00:00,1400,1700,1500.0,88
Gujarat,Ahmedabad,Dholka,Chilly Capsicum,Other,FAQ,2011-01-18 00:00:00,600,1200,1100.0,88
Gujarat,Ahmedabad,Dholka,Chilly Capsicum,Other,FAQ,2011-01-22 00:00:00,400,1200,800.0,88
Gujarat,Ahmedabad,Dholka,Chilly Capsicum,Other,FAQ,2011-02-01 00:00:00,400,1200,600.0,88
Gujarat,Ahmedabad,Dholka,Chilly Capsicum,Other,FAQ,2011-02-03 00:00:00,750,1000,900.0,88
Gujarat,Ahmedabad,Dholka,Chilly Capsicum,Other,FAQ,2011-02-14 00:00:00,1000,1500,1250.0,88
Gujarat,Ahmedabad,Dholka,Chilly Capsicum,Other,FAQ,2011-02-19 00:00:00,700,1100,900.0,88
Gujarat,Ahmedabad,Dholka,Chilly Capsicum,Other,FAQ,2011-02-25 00:00:00,900,1000,950.0,88
Gujarat,Ahmedabad,Dholka,Chilly Capsicum,Other,FAQ,2011-03-09 00:00:00,600,1200,900.0,88
Gujarat,Ahmedabad,Dholka,Chilly Capsicum,Other,FAQ,2011-03-11 00:00:00,900,1500,1100.0,88
Gujarat,Ahmedabad,Dholka,Chilly Capsicum,Other,FAQ,2011-03-19 00:00:00,600,1100,800.0,88
Gujarat,Ahmedabad,Dholka,Chilly Capsicum,Other,FAQ,2011-03-21 00:00:00,700,1000,900.0,88
Gujarat,Ahmedabad,Dholka,Chilly Capsicum,Other,FAQ,2011-03-22 00:00:00,900,1500,1200.0,88
Gujarat,Ahmedabad,Dholka,Chilly Capsicum,Other,FAQ,2011-03-23 00:00:00,750,1200,1000.0,88
Gujarat,Ahmedabad,Dholka,Chilly Capsicum,Other,FAQ,2011-04-16 00:00:00,600,950,850.0,88
Gujarat,Ahmedabad,Dholka,Chilly Capsicum,Other,FAQ,2011-04-19 00:00:00,500,700,600.0,88
Gujarat,Ahmedabad,Dholka,Chilly Capsicum,Other,FAQ,2011-04-25 00:00:00,800,1350,1000.0,88
Gujarat,Ahmedabad,Dholka,Chilly Capsicum,Other,FAQ,2011-04-30 00:00:00,550,900,800.0,88
Gujarat,Ahmedabad,Dholka,Chilly Capsicum,Other,FAQ,2011-05-04 00:00:00,900,1500,1200.0,88
Gujarat,Ahmedabad,Dholka,Chilly Capsicum,Other,FAQ,2011-05-05 00:00:00,800,1600,1200.0,88
Gujarat,Ahmedabad,Dholka,Chilly Capsicum,Other,FAQ,2011-05-14 00:00:00,400,900,800.0,88
Gujarat,Ahmedabad,Dholka,Chilly Capsicum,Other,FAQ,2011-05-18 00:00:00,500,750,600.0,88
Gujarat,Ahmedabad,Dholka,Chilly Capsicum,Other,FAQ,2011-05-25 00:00:00,500,750,600.0,88
Gujarat,Ahmedabad,Dholka,Chilly Capsicum,Other,FAQ,2011-06-04 00:00:00,500,1100,850.0,88
Gujarat,Ahmedabad,Dholka,Chilly Capsicum,Other,FAQ,2011-06-21 00:00:00,400,1400,1000.0,88
Gujarat,Ahmedabad,Dholka,Chilly Capsicum,Other,FAQ,2011-07-08 00:00:00,500,750,600.0,88
Gujarat,Ahmedabad,Dholka,Chilly Capsicum,Other,FAQ,2011-07-11 00:00:00,1200,1300,1250.0,88
Gujarat,Ahmedabad,Dholka,Chilly Capsicum,Other,FAQ,2011-07-12 00:00:00,500,1300,1000.0,88
Gujarat,Ahmedabad,Dholka,Chilly Capsicum,Other,FAQ,2011-07-26 00:00:00,300,600,400.0,88
Gujarat,Ahmedabad,Dholka,Chilly Capsicum,Other,FAQ,2011-08-03 00:00:00,450,600,550.0,88
Gujarat,Ahmedabad,Dholka,Chilly Capsicum,Other,FAQ,2011-08-10 00:00:00,350,900,600.0,88
Gujarat,Ahmedabad,Dholka,Chilly Capsicum,Other,FAQ,2011-08-27 00:00:00,550,950,800.0,88
Gujarat,Ahmedabad,Dholka,Chilly Capsicum,Other,FAQ,2011-09-02 00:00:00,600,1000,750.0,88
Gujarat,Ahmedabad,Dholka,Chilly Capsicum,Other,FAQ,2011-09-21 00:00:00,600,750,650.0,88
Gujarat,Ahmedabad,Dholka,Chilly Capsicum,Other,FAQ,2011-09-29 00:00:00,750,1000,900.0,88
Gujarat,Kachchh,K.Mandvi,Chilly Capsicum,Other,FAQ,2011-07-06 00:00:00,1000,1500,1400.0,88
Gujarat,Kachchh,K.Mandvi,Chilly Capsicum,Other,FAQ,2011-07-16 00:00:00,1000,1200,1100.0,88
Gujarat,Kachchh,K.Mandvi,Chilly Capsicum,Other,FAQ,2011-07-18 00:00:00,1000,1200,1100.0,88
Gujarat,Kachchh,K.Mandvi,Chilly Capsicum,Other,FAQ,2011-08-24 00:00:00,1000,1500,1200.0,88
Gujarat,Vadodara(Baroda),Padra,Chilly Capsicum,Other,FAQ,2011-01-01 00:00:00,900,1000,950.0,88
Gujarat,Vadodara(Baroda),Padra,Chilly Capsicum,Other,FAQ,2011-01-13 00:00:00,1400,1500,1450.0,88
Gujarat,Vadodara(Baroda),Padra,Chilly Capsicum,Other,FAQ,2011-01-31 00:00:00,1000,1350,1250.0,88
Gujarat,Vadodara(Baroda),Padra,Chilly Capsicum,Other,FAQ,2011-02-09 00:00:00,1300,1700,1650.0,88
Gujarat,Vadodara(Baroda),Padra,Chilly Capsicum,Other,FAQ,2011-02-10 00:00:00,1400,1600,1525.0,88
Gujarat,Vadodara(Baroda),Padra,Chilly Capsicum,Other,FAQ,2011-03-02 00:00:00,800,1150,1000.0,88
Gujarat,Vadodara(Baroda),Padra,Chilly Capsicum,Other,FAQ,2011-03-07 00:00:00,1250,1500,1400.0,88
Gujarat,Vadodara(Baroda),Padra,Chilly Capsicum,Other,FAQ,2011-03-08 00:00:00,1250,1500,1400.0,88
Gujarat,Vadodara(Baroda),Padra,Chilly Capsicum,Other,FAQ,2011-03-11 00:00:00,1300,1500,1425.0,88
Gujarat,Vadodara(Baroda),Padra,Chilly Capsicum,Other,FAQ,2011-03-14 00:00:00,1200,1500,1400.0,88
Gujarat,Vadodara(Baroda),Padra,Chilly Capsicum,Other,FAQ,2011-03-19 00:00:00,800,1300,1100.0,88
Gujarat,Vadodara(Baroda),Padra,Chilly Capsicum,Other,FAQ,2011-03-21 00:00:00,1250,1500,1400.0,88
Gujarat,Vadodara(Baroda),Padra,Chilly Capsicum,Other,FAQ,2011-03-29 00:00:00,750,1100,1000.0,88
Gujarat,Vadodara(Baroda),Padra,Chilly Capsicum,Other,FAQ,2011-04-06 00:00:00,600,1200,1000.0,88
Gujarat,Vadodara(Baroda),Padra,Chilly Capsicum,Other,FAQ,2011-04-07 00:00:00,900,1200,1100.0,88
Gujarat,Vadodara(Baroda),Padra,Chilly Capsicum,Other,FAQ,2011-04-13 00:00:00,1500,2000,1800.0,88
Gujarat,Vadodara(Baroda),Padra,Chilly Capsicum,Other,FAQ,2011-04-15 00:00:00,600,1500,1100.0,88
Gujarat,Vadodara(Baroda),Padra,Chilly Capsicum,Other,FAQ,2011-04-16 00:00:00,700,1400,1200.0,88
Gujarat,Vadodara(Baroda),Padra,Chilly Capsicum,Other,FAQ,2011-04-21 00:00:00,850,1400,1200.0,88
Gujarat,Vadodara(Baroda),Padra,Chilly Capsicum,Other,FAQ,2011-04-23 00:00:00,1250,1500,1400.0,88
Gujarat,Vadodara(Baroda),Padra,Chilly Capsicum,Other,FAQ,2011-05-02 00:00:00,1000,1250,1150.0,88
Gujarat,Vadodara(Baroda),Padra,Chilly Capsicum,Other,FAQ,2011-05-10 00:00:00,700,1350,1200.0,88
Gujarat,Vadodara(Baroda),Padra,Chilly Capsicum,Other,FAQ,2011-05-13 00:00:00,500,900,750.0,88
Gujarat,Vadodara(Baroda),Padra,Chilly Capsicum,Other,FAQ,2011-06-07 00:00:00,900,1300,1100.0,88
Gujarat,Vadodara(Baroda),Padra,Chilly Capsicum,Other,FAQ,2011-06-08 00:00:00,1400,1600,1525.0,88
Gujarat,Vadodara(Baroda),Padra,Chilly Capsicum,Other,FAQ,2011-07-07 00:00:00,1250,1500,1400.0,88
Gujarat,Vadodara(Baroda),Padra,Chilly Capsicum,Other,FAQ,2011-07-11 00:00:00,1000,1200,1100.0,88
Gujarat,Vadodara(Baroda),Padra,Chilly Capsicum,Other,FAQ,2011-07-28 00:00:00,1100,1300,1200.0,88
Gujarat,Vadodara(Baroda),Padra,Chilly Capsicum,Other,FAQ,2011-07-30 00:00:00,1000,1300,1200.0,88
Gujarat,Vadodara(Baroda),Padra,Chilly Capsicum,Other,FAQ,2011-08-04 00:00:00,1000,1300,1200.0,88
Gujarat,Vadodara(Baroda),Padra,Chilly Capsicum,Other,FAQ,2011-09-22 00:00:00,1100,1200,1150.0,88
Gujarat,Vadodara(Baroda),Padra,Chilly Capsicum,Other,FAQ,2011-09-23 00:00:00,700,1000,900.0,88
Gujarat,Vadodara(Baroda),Padra,Chilly Capsicum,Other,FAQ,2011-10-13 00:00:00,1150,1500,1350.0,88
Gujarat,Vadodara(Baroda),Padra,Chilly Capsicum,Other,FAQ,2011-10-18 00:00:00,900,1100,1000.0,88
Gujarat,Vadodara(Baroda),Padra,Chilly Capsicum,Other,FAQ,2011-11-03 00:00:00,750,1000,900.0,88
Gujarat,Vadodara(Baroda),Padra,Chilly Capsicum,Other,FAQ,2011-11-25 00:00:00,500,750,650.0,88
Gujarat,Vadodara(Baroda),Padra,Chilly Capsicum,Other,FAQ,2011-11-26 00:00:00,600,1000,825.0,88
Gujarat,Vadodara(Baroda),Padra,Chilly Capsicum,Other,FAQ,2011-12-17 00:00:00,400,700,600.0,88
Gujarat,Vadodara(Baroda),Padra,Chilly Capsicum,Other,FAQ,2011-12-27 00:00:00,500,750,650.0,88
Gujarat,Vadodara(Baroda),Padra,Chilly Capsicum,Other,FAQ,2011-12-28 00:00:00,600,1100,900.0,88
Gujarat,Vadodara(Baroda),Padra,Chilly Capsicum,Other,FAQ,2011-12-31 00:00:00,1200,1500,1400.0,88
Gujarat,Vadodara(Baroda),Vadodara(Sayajipura),Chilly Capsicum,Other,FAQ,2011-01-01 00:00:00,700,1200,950.0,88
Gujarat,Vadodara(Baroda),Vadodara(Sayajipura),Chilly Capsicum,Other,FAQ,2011-01-11 00:00:00,1000,1300,1150.0,88
Gujarat,Vadodara(Baroda),Vadodara(Sayajipura),Chilly Capsicum,Other,FAQ,2011-01-13 00:00:00,1150,1300,1225.0,88
Gujarat,Vadodara(Baroda),Vadodara(Sayajipura),Chilly Capsicum,Other,FAQ,2011-01-17 00:00:00,1100,1400,1250.0,88
Gujarat,Vadodara(Baroda),Vadodara(Sayajipura),Chilly Capsicum,Other,FAQ,2011-01-27 00:00:00,1400,1750,1575.0,88
Gujarat,Vadodara(Baroda),Vadodara(Sayajipura),Chilly Capsicum,Other,FAQ,2011-01-28 00:00:00,1500,1800,1650.0,88
Gujarat,Vadodara(Baroda),Vadodara(Sayajipura),Chilly Capsicum,Other,FAQ,2011-02-07 00:00:00,800,1100,950.0,88
Gujarat,Vadodara(Baroda),Vadodara(Sayajipura),Chilly Capsicum,Other,FAQ,2011-02-10 00:00:00,1000,1150,1075.0,88
Gujarat,Vadodara(Baroda),Vadodara(Sayajipura),Chilly Capsicum,Other,FAQ,2011-02-17 00:00:00,800,1000,900.0,88
Gujarat,Vadodara(Baroda),Vadodara(Sayajipura),Chilly Capsicum,Other,FAQ,2011-02-22 00:00:00,900,1300,1100.0,88
Gujarat,Vadodara(Baroda),Vadodara(Sayajipura),Chilly Capsicum,Other,FAQ,2011-02-24 00:00:00,1200,1500,1350.0,88
Gujarat,Vadodara(Baroda),Vadodara(Sayajipura),Chilly Capsicum,Other,FAQ,2011-03-07 00:00:00,900,1150,1025.0,88
Gujarat,Vadodara(Baroda),Vadodara(Sayajipura),Chilly Capsicum,Other,FAQ,2011-03-12 00:00:00,1400,1500,1450.0,88
Gujarat,Vadodara(Baroda),Vadodara(Sayajipura),Chilly Capsicum,Other,FAQ,2011-03-14 00:00:00,1000,1500,1300.0,88
Gujarat,Vadodara(Baroda),Vadodara(Sayajipura),Chilly Capsicum,Other,FAQ,2011-03-22 00:00:00,1100,1300,1200.0,88
Gujarat,Vadodara(Baroda),Vadodara(Sayajipura),Chilly Capsicum,Other,FAQ,2011-03-23 00:00:00,1150,1400,1300.0,88
Gujarat,Vadodara(Baroda),Vadodara(Sayajipura),Chilly Capsicum,Other,FAQ,2011-03-24 00:00:00,1200,1400,1325.0,88
Gujarat,Vadodara(Baroda),Vadodara(Sayajipura),Chilly Capsicum,Other,FAQ,2011-04-02 00:00:00,900,1250,1100.0,88
Gujarat,Vadodara(Baroda),Vadodara(Sayajipura),Chilly Capsicum,Other,FAQ,2011-04-04 00:00:00,800,1200,1050.0,88
Gujarat,Vadodara(Baroda),Vadodara(Sayajipura),Chilly Capsicum,Other,FAQ,2011-04-07 00:00:00,800,1200,1000.0,88
Gujarat,Vadodara(Baroda),Vadodara(Sayajipura),Chilly Capsicum,Other,FAQ,2011-04-13 00:00:00,800,1300,1150.0,88
Gujarat,Vadodara(Baroda),Vadodara(Sayajipura),Chilly Capsicum,Other,FAQ,2011-04-22 00:00:00,600,900,750.0,88
Gujarat,Vadodara(Baroda),Vadodara(Sayajipura),Chilly Capsicum,Other,FAQ,2011-04-25 00:00:00,600,900,750.0,88
Gujarat,Vadodara(Baroda),Vadodara(Sayajipura),Chilly Capsicum,Other,FAQ,2011-04-29 00:00:00,500,1000,750.0,88
Gujarat,Vadodara(Baroda),Vadodara(Sayajipura),Chilly Capsicum,Other,FAQ,2011-05-04 00:00:00,600,1000,800.0,88
Gujarat,Vadodara(Baroda),Vadodara(Sayajipura),Chilly Capsicum,Other,FAQ,2011-05-07 00:00:00,700,900,800.0,88
Gujarat,Vadodara(Baroda),Vadodara(Sayajipura),Chilly Capsicum,Other,FAQ,2011-05-11 00:00:00,500,1200,850.0,88
Gujarat,Vadodara(Baroda),Vadodara(Sayajipura),Chilly Capsicum,Other,FAQ,2011-05-16 00:00:00,600,1000,800.0,88
Gujarat,Vadodara(Baroda),Vadodara(Sayajipura),Chilly Capsicum,Other,FAQ,2011-05-17 00:00:00,700,1100,900.0,88
Gujarat,Vadodara(Baroda),Vadodara(Sayajipura),Chilly Capsicum,Other,FAQ,2011-05-20 00:00:00,500,1000,750.0,88
Gujarat,Vadodara(Baroda),Vadodara(Sayajipura),Chilly Capsicum,Other,FAQ,2011-05-21 00:00:00,600,1000,800.0,88
Gujarat,Vadodara(Baroda),Vadodara(Sayajipura),Chilly Capsicum,Other,FAQ,2011-06-05 00:00:00,700,1300,1000.0,88
Gujarat,Vadodara(Baroda),Vadodara(Sayajipura),Chilly Capsicum,Other,FAQ,2011-06-07 00:00:00,1200,1400,1300.0,88
Gujarat,Vadodara(Baroda),Vadodara(Sayajipura),Chilly Capsicum,Other,FAQ,2011-06-13 00:00:00,2000,2500,2250.0,88
Gujarat,Vadodara(Baroda),Vadodara(Sayajipura),Chilly Capsicum,Other,FAQ,2011-06-15 00:00:00,1700,2100,1900.0,88
Gujarat,Vadodara(Baroda),Vadodara(Sayajipura),Chilly Capsicum,Other,FAQ,2011-06-16 00:00:00,1600,1800,1700.0,88
Gujarat,Vadodara(Baroda),Vadodara(Sayajipura),Chilly Capsicum,Other,FAQ,2011-06-17 00:00:00,1500,1750,1625.0,88
Gujarat,Vadodara(Baroda),Vadodara(Sayajipura),Chilly Capsicum,Other,FAQ,2011-06-26 00:00:00,1500,1900,1700.0,88
Gujarat,Vadodara(Baroda),Vadodara(Sayajipura),Chilly Capsicum,Other,FAQ,2011-06-27 00:00:00,1500,2000,1750.0,88
Gujarat,Vadodara(Baroda),Vadodara(Sayajipura),Chilly Capsicum,Other,FAQ,2011-06-30 00:00:00,1300,1900,1600.0,88
Gujarat,Vadodara(Baroda),Vadodara(Sayajipura),Chilly Capsicum,Other,FAQ,2011-07-06 00:00:00,1750,2250,2000.0,88
Gujarat,Vadodara(Baroda),Vadodara(Sayajipura),Chilly Capsicum,Other,FAQ,2011-07-08 00:00:00,1150,2100,1650.0,88
Gujarat,Vadodara(Baroda),Vadodara(Sayajipura),Chilly Capsicum,Other,FAQ,2011-07-13 00:00:00,1300,1750,1525.0,88
Gujarat,Vadodara(Baroda),Vadodara(Sayajipura),Chilly Capsicum,Other,FAQ,2011-07-18 00:00:00,1500,2000,1750.0,88
Gujarat,Vadodara(Baroda),Vadodara(Sayajipura),Chilly Capsicum,Other,FAQ,2011-07-20 00:00:00,1700,2250,1975.0,88
Gujarat,Vadodara(Baroda),Vadodara(Sayajipura),Chilly Capsicum,Other,FAQ,2011-08-17 00:00:00,2000,2250,2125.0,88
Gujarat,Vadodara(Baroda),Vadodara(Sayajipura),Chilly Capsicum,Other,FAQ,2011-08-18 00:00:00,2000,2500,2250.0,88
Gujarat,Vadodara(Baroda),Vadodara(Sayajipura),Chilly Capsicum,Other,FAQ,2011-08-20 00:00:00,1750,2250,2050.0,88
Gujarat,Vadodara(Baroda),Vadodara(Sayajipura),Chilly Capsicum,Other,FAQ,2011-08-24 00:00:00,2000,2250,2150.0,88
Gujarat,Vadodara(Baroda),Vadodara(Sayajipura),Chilly Capsicum,Other,FAQ,2011-08-26 00:00:00,2000,2500,2250.0,88
Gujarat,Vadodara(Baroda),Vadodara(Sayajipura),Chilly Capsicum,Other,FAQ,2011-08-30 00:00:00,1500,2750,2150.0,88
Gujarat,Vadodara(Baroda),Vadodara(Sayajipura),Chilly Capsicum,Other,FAQ,2011-09-13 00:00:00,2500,3000,2800.0,88
Gujarat,Vadodara(Baroda),Vadodara(Sayajipura),Chilly Capsicum,Other,FAQ,2011-09-19 00:00:00,2500,3000,2800.0,88
Gujarat,Vadodara(Baroda),Vadodara(Sayajipura),Chilly Capsicum,Other,FAQ,2011-09-26 00:00:00,2500,3000,2850.0,88
Gujarat,Vadodara(Baroda),Vadodara(Sayajipura),Chilly Capsicum,Other,FAQ,2011-09-29 00:00:00,2000,2500,2300.0,88
Gujarat,Vadodara(Baroda),Vadodara(Sayajipura),Chilly Capsicum,Other,FAQ,2011-10-01 00:00:00,2500,3000,2750.0,88
Gujarat,Vadodara(Baroda),Vadodara(Sayajipura),Chilly Capsicum,Other,FAQ,2011-10-03 00:00:00,2000,2500,2300.0,88
Gujarat,Vadodara(Baroda),Vadodara(Sayajipura),Chilly Capsicum,Other,FAQ,2011-10-08 00:00:00,2000,2500,2350.0,88
Gujarat,Vadodara(Baroda),Vadodara(Sayajipura),Chilly Capsicum,Other,FAQ,2011-10-11 00:00:00,2000,2500,2300.0,88
Gujarat,Vadodara(Baroda),Vadodara(Sayajipura),Chilly Capsicum,Other,FAQ,2011-10-17 00:00:00,2000,2500,2300.0,88
Gujarat,Vadodara(Baroda),Vadodara(Sayajipura),Chilly Capsicum,Other,FAQ,2011-10-24 00:00:00,1500,2000,1800.0,88
Gujarat,Vadodara(Baroda),Vadodara(Sayajipura),Chilly Capsicum,Other,FAQ,2011-10-29 00:00:00,2500,2750,2650.0,88
Gujarat,Vadodara(Baroda),Vadodara(Sayajipura),Chilly Capsicum,Other,FAQ,2011-11-15 00:00:00,1000,1200,1100.0,88
Gujarat,Vadodara(Baroda),Vadodara(Sayajipura),Chilly Capsicum,Other,FAQ,2011-11-16 00:00:00,1000,1200,1100.0,88
Gujarat,Vadodara(Baroda),Vadodara(Sayajipura),Chilly Capsicum,Other,FAQ,2011-11-17 00:00:00,1000,1300,1150.0,88
Gujarat,Vadodara(Baroda),Vadodara(Sayajipura),Chilly Capsicum,Other,FAQ,2011-11-21 00:00:00,1000,1200,1100.0,88
Gujarat,Vadodara(Baroda),Vadodara(Sayajipura),Chilly Capsicum,Other,FAQ,2011-11-22 00:00:00,1000,1200,1100.0,88
Gujarat,Vadodara(Baroda),Vadodara(Sayajipura),Chilly Capsicum,Other,FAQ,2011-12-05 00:00:00,700,1200,975.0,88
Gujarat,Vadodara(Baroda),Vadodara(Sayajipura),Chilly Capsicum,Other,FAQ,2011-12-10 00:00:00,800,1000,925.0,88
Gujarat,Vadodara(Baroda),Vadodara(Sayajipura),Chilly Capsicum,Other,FAQ,2011-12-27 00:00:00,700,1100,950.0,88
Gujarat,Vadodara(Baroda),Vadodara(Sayajipura),Chilly Capsicum,Other,FAQ,2011-12-28 00:00:00,800,1000,950.0,88
Gujarat,Ahmedabad,Ahmedabad,Chilly Capsicum,Other,FAQ,2008-01-07 00:00:00,300,1200,900.0,88
Gujarat,Ahmedabad,Ahmedabad,Chilly Capsicum,Other,FAQ,2008-01-12 00:00:00,400,1200,900.0,88
Gujarat,Ahmedabad,Ahmedabad,Chilly Capsicum,Other,FAQ,2008-01-18 00:00:00,500,1200,1000.0,88
Gujarat,Ahmedabad,Ahmedabad,Chilly Capsicum,Other,FAQ,2008-01-24 00:00:00,500,1200,1000.0,88
Gujarat,Ahmedabad,Ahmedabad,Chilly Capsicum,Other,FAQ,2008-02-01 00:00:00,500,1300,1000.0,88
Gujarat,Ahmedabad,Ahmedabad,Chilly Capsicum,Other,FAQ,2008-02-09 00:00:00,500,2250,1500.0,88
Gujarat,Ahmedabad,Ahmedabad,Chilly Capsicum,Other,FAQ,2008-02-14 00:00:00,500,2000,1500.0,88
Gujarat,Ahmedabad,Ahmedabad,Chilly Capsicum,Other,FAQ,2008-02-21 00:00:00,600,2250,1600.0,88
Gujarat,Ahmedabad,Ahmedabad,Chilly Capsicum,Other,FAQ,2008-03-01 00:00:00,500,1600,1200.0,88
Gujarat,Ahmedabad,Ahmedabad,Chilly Capsicum,Other,FAQ,2008-03-06 00:00:00,500,2000,1400.0,88
Gujarat,Ahmedabad,Ahmedabad,Chilly Capsicum,Other,FAQ,2008-03-21 00:00:00,400,2250,1600.0,88
Gujarat,Ahmedabad,Ahmedabad,Chilly Capsicum,Other,FAQ,2008-03-26 00:00:00,900,2250,1700.0,88
Gujarat,Ahmedabad,Ahmedabad,Chilly Capsicum,Other,FAQ,2008-04-03 00:00:00,750,2600,1800.0,88
Gujarat,Ahmedabad,Ahmedabad,Chilly Capsicum,Other,FAQ,2008-04-12 00:00:00,500,3000,3000.0,88
Gujarat,Ahmedabad,Ahmedabad,Chilly Capsicum,Other,FAQ,2008-04-18 00:00:00,1500,3200,2600.0,88
Gujarat,Ahmedabad,Ahmedabad,Chilly Capsicum,Other,FAQ,2008-04-23 00:00:00,2000,3250,2600.0,88
Gujarat,Ahmedabad,Ahmedabad,Chilly Capsicum,Other,FAQ,2008-04-28 00:00:00,1500,3250,2500.0,88
Gujarat,Ahmedabad,Ahmedabad,Chilly Capsicum,Other,FAQ,2008-05-14 00:00:00,600,1600,1000.0,88
Gujarat,Ahmedabad,Ahmedabad,Chilly Capsicum,Other,FAQ,2008-05-21 00:00:00,500,1750,1200.0,88
Gujarat,Ahmedabad,Ahmedabad,Chilly Capsicum,Other,FAQ,2008-05-22 00:00:00,1000,2400,1500.0,88
Gujarat,Ahmedabad,Ahmedabad,Chilly Capsicum,Other,FAQ,2008-05-30 00:00:00,1000,1500,1300.0,88
Gujarat,Ahmedabad,Ahmedabad,Chilly Capsicum,Other,FAQ,2008-05-31 00:00:00,1500,2500,2000.0,88
Gujarat,Ahmedabad,Ahmedabad,Chilly Capsicum,Other,FAQ,2008-06-03 00:00:00,1000,2000,1500.0,88
Gujarat,Ahmedabad,Ahmedabad,Chilly Capsicum,Other,FAQ,2008-06-05 00:00:00,1000,1200,1100.0,88
Gujarat,Ahmedabad,Ahmedabad,Chilly Capsicum,Other,FAQ,2008-06-13 00:00:00,1000,2000,1500.0,88
Gujarat,Ahmedabad,Ahmedabad,Chilly Capsicum,Other,FAQ,2008-06-14 00:00:00,800,2500,1800.0,88
Gujarat,Ahmedabad,Ahmedabad,Chilly Capsicum,Other,FAQ,2008-06-26 00:00:00,1000,2000,1600.0,88
Gujarat,Ahmedabad,Ahmedabad,Chilly Capsicum,Other,FAQ,2008-07-03 00:00:00,800,1200,1000.0,88
Gujarat,Ahmedabad,Ahmedabad,Chilly Capsicum,Other,FAQ,2008-07-07 00:00:00,1000,2000,1600.0,88
Gujarat,Ahmedabad,Ahmedabad,Chilly Capsicum,Other,FAQ,2008-07-09 00:00:00,1500,2250,2000.0,88
Gujarat,Ahmedabad,Ahmedabad,Chilly Capsicum,Other,FAQ,2008-07-12 00:00:00,1500,2500,2000.0,88
Gujarat,Ahmedabad,Ahmedabad,Chilly Capsicum,Other,FAQ,2008-07-15 00:00:00,1500,2000,1800.0,88
Gujarat,Ahmedabad,Ahmedabad,Chilly Capsicum,Other,FAQ,2008-07-19 00:00:00,1000,1500,1400.0,88
Gujarat,Ahmedabad,Ahmedabad,Chilly Capsicum,Other,FAQ,2008-07-29 00:00:00,1000,1200,1100.0,88
Gujarat,Ahmedabad,Ahmedabad,Chilly Capsicum,Other,FAQ,2008-07-31 00:00:00,800,1200,1000.0,88
Gujarat,Ahmedabad,Ahmedabad,Chilly Capsicum,Other,FAQ,2008-08-02 00:00:00,1000,2000,1200.0,88
Gujarat,Ahmedabad,Ahmedabad,Chilly Capsicum,Other,FAQ,2008-08-06 00:00:00,1000,1600,1400.0,88
Gujarat,Ahmedabad,Ahmedabad,Chilly Capsicum,Other,FAQ,2008-08-07 00:00:00,1000,1500,1300.0,88
Gujarat,Ahmedabad,Ahmedabad,Chilly Capsicum,Other,FAQ,2008-08-09 00:00:00,1000,1600,1400.0,88
Gujarat,Ahmedabad,Ahmedabad,Chilly Capsicum,Other,FAQ,2008-08-18 00:00:00,1500,2500,2000.0,88
Gujarat,Ahmedabad,Ahmedabad,Chilly Capsicum,Other,FAQ,2008-08-19 00:00:00,1500,2500,2000.0,88
Gujarat,Ahmedabad,Ahmedabad,Chilly Capsicum,Other,FAQ,2008-08-28 00:00:00,1500,2000,1800.0,88
Gujarat,Ahmedabad,Ahmedabad,Chilly Capsicum,Other,FAQ,2008-09-01 00:00:00,1500,2500,2000.0,88
Gujarat,Ahmedabad,Ahmedabad,Chilly Capsicum,Other,FAQ,2008-09-04 00:00:00,1000,1500,1300.0,88
Gujarat,Ahmedabad,Ahmedabad,Chilly Capsicum,Other,FAQ,2008-09-09 00:00:00,1000,2000,1600.0,88
Gujarat,Ahmedabad,Ahmedabad,Chilly Capsicum,Other,FAQ,2008-09-24 00:00:00,3500,4500,4000.0,88
Gujarat,Ahmedabad,Ahmedabad,Chilly Capsicum,Other,FAQ,2008-09-25 00:00:00,2000,4000,3000.0,88
Gujarat,Ahmedabad,Ahmedabad,Chilly Capsicum,Other,FAQ,2008-10-02 00:00:00,2500,3200,3000.0,88
Gujarat,Ahmedabad,Ahmedabad,Chilly Capsicum,Other,FAQ,2008-10-10 00:00:00,3000,3500,3350.0,88
Gujarat,Ahmedabad,Ahmedabad,Chilly Capsicum,Other,FAQ,2008-11-04 00:00:00,1000,2000,1700.0,88
Gujarat,Ahmedabad,Ahmedabad,Chilly Capsicum,Other,FAQ,2008-11-08 00:00:00,1000,2500,2000.0,88
Gujarat,Ahmedabad,Ahmedabad,Chilly Capsicum,Other,FAQ,2008-11-17 00:00:00,500,1700,1300.0,88
Gujarat,Ahmedabad,Ahmedabad,Chilly Capsicum,Other,FAQ,2008-11-20 00:00:00,500,1400,1100.0,88
Gujarat,Ahmedabad,Ahmedabad,Chilly Capsicum,Other,FAQ,2008-12-08 00:00:00,800,1100,1000.0,88
Gujarat,Ahmedabad,Ahmedabad,Chilly Capsicum,Other,FAQ,2008-12-30 00:00:00,500,1100,1000.0,88
Gujarat,Ahmedabad,Dholka,Chilly Capsicum,Other,FAQ,2008-01-01 00:00:00,450,775,625.0,88
Gujarat,Ahmedabad,Dholka,Chilly Capsicum,Other,FAQ,2008-01-23 00:00:00,475,800,700.0,88
Gujarat,Ahmedabad,Dholka,Chilly Capsicum,Other,FAQ,2008-02-14 00:00:00,900,1500,1375.0,88
Gujarat,Ahmedabad,Dholka,Chilly Capsicum,Other,FAQ,2008-03-03 00:00:00,450,950,775.0,88
Gujarat,Ahmedabad,Dholka,Chilly Capsicum,Other,FAQ,2008-03-08 00:00:00,400,750,600.0,88
Gujarat,Ahmedabad,Dholka,Chilly Capsicum,Other,FAQ,2008-03-24 00:00:00,700,1500,1200.0,88
Gujarat,Ahmedabad,Dholka,Chilly Capsicum,Other,FAQ,2008-03-31 00:00:00,650,950,800.0,88
Gujarat,Ahmedabad,Dholka,Chilly Capsicum,Other,FAQ,2008-04-03 00:00:00,700,1300,1100.0,88
Gujarat,Ahmedabad,Dholka,Chilly Capsicum,Other,FAQ,2008-04-11 00:00:00,650,850,700.0,88
Gujarat,Ahmedabad,Dholka,Chilly Capsicum,Other,FAQ,2008-04-12 00:00:00,425,625,500.0,88
Gujarat,Ahmedabad,Dholka,Chilly Capsicum,Other,FAQ,2008-04-29 00:00:00,600,1000,800.0,88
Gujarat,Ahmedabad,Dholka,Chilly Capsicum,Other,FAQ,2008-05-06 00:00:00,600,1100,850.0,88
Gujarat,Ahmedabad,Dholka,Chilly Capsicum,Other,FAQ,2008-05-09 00:00:00,600,950,750.0,88
Gujarat,Ahmedabad,Dholka,Chilly Capsicum,Other,FAQ,2008-05-17 00:00:00,700,1200,850.0,88
Gujarat,Ahmedabad,Dholka,Chilly Capsicum,Other,FAQ,2008-06-03 00:00:00,700,1500,1200.0,88
Gujarat,Ahmedabad,Dholka,Chilly Capsicum,Other,FAQ,2008-06-06 00:00:00,700,1400,1200.0,88
Gujarat,Ahmedabad,Dholka,Chilly Capsicum,Other,FAQ,2008-06-12 00:00:00,600,1100,1000.0,88
Gujarat,Ahmedabad,Dholka,Chilly Capsicum,Other,FAQ,2008-07-03 00:00:00,650,1200,950.0,88
Gujarat,Ahmedabad,Dholka,Chilly Capsicum,Other,FAQ,2008-07-08 00:00:00,600,900,750.0,88
Gujarat,Ahmedabad,Dholka,Chilly Capsicum,Other,FAQ,2008-07-10 00:00:00,600,900,750.0,88
Gujarat,Ahmedabad,Dholka,Chilly Capsicum,Other,FAQ,2008-07-15 00:00:00,550,750,700.0,88
Gujarat,Ahmedabad,Dholka,Chilly Capsicum,Other,FAQ,2008-07-25 00:00:00,375,550,500.0,88
Gujarat,Ahmedabad,Dholka,Chilly Capsicum,Other,FAQ,2008-07-30 00:00:00,550,900,800.0,88
Gujarat,Ahmedabad,Dholka,Chilly Capsicum,Other,FAQ,2008-08-18 00:00:00,600,900,850.0,88
Gujarat,Ahmedabad,Dholka,Chilly Capsicum,Other,FAQ,2008-08-19 00:00:00,600,900,850.0,88
Gujarat,Ahmedabad,Dholka,Chilly Capsicum,Other,FAQ,2008-08-26 00:00:00,650,900,850.0,88
Gujarat,Ahmedabad,Dholka,Chilly Capsicum,Other,FAQ,2008-09-06 00:00:00,400,500,450.0,88
Gujarat,Ahmedabad,Dholka,Chilly Capsicum,Other,FAQ,2008-09-09 00:00:00,350,650,550.0,88
Gujarat,Ahmedabad,Dholka,Chilly Capsicum,Other,FAQ,2008-09-13 00:00:00,500,700,650.0,88
Gujarat,Ahmedabad,Dholka,Chilly Capsicum,Other,FAQ,2008-09-16 00:00:00,400,500,450.0,88
Gujarat,Ahmedabad,Dholka,Chilly Capsicum,Other,FAQ,2008-10-03 00:00:00,500,800,750.0,88
Gujarat,Ahmedabad,Dholka,Chilly Capsicum,Other,FAQ,2008-10-10 00:00:00,600,1000,850.0,88
Gujarat,Ahmedabad,Dholka,Chilly Capsicum,Other,FAQ,2008-10-13 00:00:00,600,900,850.0,88
Gujarat,Ahmedabad,Dholka,Chilly Capsicum,Other,FAQ,2008-10-14 00:00:00,500,650,625.0,88
Gujarat,Ahmedabad,Dholka,Chilly Capsicum,Other,FAQ,2008-11-03 00:00:00,850,1700,1250.0,88
Gujarat,Ahmedabad,Dholka,Chilly Capsicum,Other,FAQ,2008-11-04 00:00:00,400,700,600.0,88
Gujarat,Ahmedabad,Dholka,Chilly Capsicum,Other,FAQ,2008-11-08 00:00:00,400,650,550.0,88
Gujarat,Ahmedabad,Dholka,Chilly Capsicum,Other,FAQ,2008-11-17 00:00:00,400,750,650.0,88
Gujarat,Ahmedabad,Dholka,Chilly Capsicum,Other,FAQ,2008-11-19 00:00:00,500,1500,1100.0,88
Gujarat,Ahmedabad,Dholka,Chilly Capsicum,Other,FAQ,2008-11-20 00:00:00,500,750,600.0,88
Gujarat,Ahmedabad,Dholka,Chilly Capsicum,Other,FAQ,2008-11-21 00:00:00,400,700,600.0,88
Gujarat,Ahmedabad,Dholka,Chilly Capsicum,Other,FAQ,2008-11-24 00:00:00,600,1000,850.0,88
Gujarat,Ahmedabad,Dholka,Chilly Capsicum,Other,FAQ,2008-11-25 00:00:00,400,750,650.0,88
Gujarat,Ahmedabad,Dholka,Chilly Capsicum,Other,FAQ,2008-12-04 00:00:00,550,1000,700.0,88
Gujarat,Ahmedabad,Dholka,Chilly Capsicum,Other,FAQ,2008-12-06 00:00:00,350,700,550.0,88
Gujarat,Ahmedabad,Dholka,Chilly Capsicum,Other,FAQ,2008-12-20 00:00:00,300,600,400.0,88
Gujarat,Kheda,Nadiad,Chilly Capsicum,Other,FAQ,2008-01-21 00:00:00,1300,1325,1312.5,88
Gujarat,Rajkot,Gondal,Chilly Capsicum,Other,FAQ,2008-09-07 00:00:00,650,1250,950.0,88
Gujarat,Rajkot,Gondal,Chilly Capsicum,Other,FAQ,2008-09-10 00:00:00,1000,1500,1250.0,88
Gujarat,Rajkot,Gondal,Chilly Capsicum,Other,FAQ,2008-09-21 00:00:00,1000,1625,1400.0,88
Gujarat,Rajkot,Gondal,Chilly Capsicum,Other,FAQ,2008-09-22 00:00:00,1500,2050,1800.0,88
Gujarat,Rajkot,Gondal,Chilly Capsicum,Other,FAQ,2008-10-11 00:00:00,1400,1625,1500.0,88
Gujarat,Rajkot,Gondal,Chilly Capsicum,Other,FAQ,2008-10-15 00:00:00,750,1250,900.0,88
Gujarat,Rajkot,Gondal,Chilly Capsicum,Other,FAQ,2008-10-16 00:00:00,1250,1500,1300.0,88
Gujarat,Rajkot,Gondal,Chilly Capsicum,Other,FAQ,2008-11-03 00:00:00,1000,1500,1250.0,88
Gujarat,Rajkot,Gondal,Chilly Capsicum,Other,FAQ,2008-11-08 00:00:00,750,1250,1000.0,88
Gujarat,Rajkot,Gondal,Chilly Capsicum,Other,FAQ,2008-11-09 00:00:00,750,1025,900.0,88
Gujarat,Rajkot,Gondal,Chilly Capsicum,Other,FAQ,2008-11-15 00:00:00,400,600,500.0,88
Gujarat,Rajkot,Gondal,Chilly Capsicum,Other,FAQ,2008-12-05 00:00:00,600,1000,800.0,88
Gujarat,Rajkot,Gondal,Chilly Capsicum,Other,FAQ,2008-12-09 00:00:00,500,750,675.0,88
Gujarat,Rajkot,Gondal,Chilly Capsicum,Other,FAQ,2008-12-14 00:00:00,500,750,600.0,88
Gujarat,Rajkot,Gondal,Chilly Capsicum,Other,FAQ,2008-12-22 00:00:00,500,1000,750.0,88
Gujarat,Rajkot,Gondal,Chilly Capsicum,Other,FAQ,2008-12-23 00:00:00,500,800,600.0,88
Gujarat,Rajkot,Gondal,Chilly Capsicum,Other,FAQ,2008-12-27 00:00:00,500,750,600.0,88
Gujarat,Rajkot,Gondal,Chilly Capsicum,Other,FAQ,2008-12-28 00:00:00,750,1250,1000.0,88
Gujarat,Vadodara(Baroda),Padra,Chilly Capsicum,Other,FAQ,2008-01-10 00:00:00,500,600,550.0,88
Gujarat,Vadodara(Baroda),Padra,Chilly Capsicum,Other,FAQ,2008-01-25 00:00:00,600,700,650.0,88
Gujarat,Vadodara(Baroda),Padra,Chilly Capsicum,Other,FAQ,2008-01-31 00:00:00,550,800,700.0,88
Gujarat,Vadodara(Baroda),Padra,Chilly Capsicum,Other,FAQ,2008-02-01 00:00:00,600,800,700.0,88
Gujarat,Vadodara(Baroda),Padra,Chilly Capsicum,Other,FAQ,2008-02-19 00:00:00,1500,1600,1550.0,88
Gujarat,Vadodara(Baroda),Padra,Chilly Capsicum,Other,FAQ,2008-02-20 00:00:00,1000,1400,1200.0,88
Gujarat,Vadodara(Baroda),Padra,Chilly Capsicum,Other,FAQ,2008-02-23 00:00:00,1000,1200,1100.0,88
Gujarat,Vadodara(Baroda),Padra,Chilly Capsicum,Other,FAQ,2008-02-26 00:00:00,900,1250,1100.0,88
Gujarat,Vadodara(Baroda),Padra,Chilly Capsicum,Other,FAQ,2008-03-04 00:00:00,1200,1300,1250.0,88
Gujarat,Vadodara(Baroda),Padra,Chilly Capsicum,Other,FAQ,2008-03-25 00:00:00,1500,1700,1625.0,88
Gujarat,Vadodara(Baroda),Padra,Chilly Capsicum,Other,FAQ,2008-03-27 00:00:00,1250,1600,1500.0,88
Gujarat,Vadodara(Baroda),Padra,Chilly Capsicum,Other,FAQ,2008-04-02 00:00:00,1250,1500,1400.0,88
Gujarat,Vadodara(Baroda),Padra,Chilly Capsicum,Other,FAQ,2008-04-10 00:00:00,600,900,800.0,88
Gujarat,Vadodara(Baroda),Padra,Chilly Capsicum,Other,FAQ,2008-04-12 00:00:00,900,1100,1000.0,88
Gujarat,Vadodara(Baroda),Padra,Chilly Capsicum,Other,FAQ,2008-04-22 00:00:00,600,1200,1000.0,88
Gujarat,Vadodara(Baroda),Padra,Chilly Capsicum,Other,FAQ,2008-04-23 00:00:00,700,1000,900.0,88
Gujarat,Vadodara(Baroda),Padra,Chilly Capsicum,Other,FAQ,2008-04-29 00:00:00,1000,1250,1150.0,88
Gujarat,Vadodara(Baroda),Padra,Chilly Capsicum,Other,FAQ,2008-05-02 00:00:00,800,1300,1100.0,88
Gujarat,Vadodara(Baroda),Padra,Chilly Capsicum,Other,FAQ,2008-05-03 00:00:00,900,1300,1100.0,88
Gujarat,Vadodara(Baroda),Padra,Chilly Capsicum,Other,FAQ,2008-05-05 00:00:00,1000,1250,1150.0,88
Gujarat,Vadodara(Baroda),Padra,Chilly Capsicum,Other,FAQ,2008-05-09 00:00:00,1000,1100,1050.0,88
Gujarat,Vadodara(Baroda),Padra,Chilly Capsicum,Other,FAQ,2008-05-12 00:00:00,1000,1250,1150.0,88
Gujarat,Vadodara(Baroda),Padra,Chilly Capsicum,Other,FAQ,2008-05-20 00:00:00,1500,1900,1700.0,88
Gujarat,Vadodara(Baroda),Padra,Chilly Capsicum,Other,FAQ,2008-05-21 00:00:00,1500,1900,1750.0,88
Gujarat,Vadodara(Baroda),Padra,Chilly Capsicum,Other,FAQ,2008-05-31 00:00:00,1200,1300,1250.0,88
Gujarat,Vadodara(Baroda),Padra,Chilly Capsicum,Other,FAQ,2008-06-02 00:00:00,800,1500,1250.0,88
Gujarat,Vadodara(Baroda),Padra,Chilly Capsicum,Other,FAQ,2008-06-10 00:00:00,1500,1600,1550.0,88
Gujarat,Vadodara(Baroda),Padra,Chilly Capsicum,Other,FAQ,2008-06-19 00:00:00,1400,1700,1600.0,88
Gujarat,Vadodara(Baroda),Padra,Chilly Capsicum,Other,FAQ,2008-06-23 00:00:00,800,1400,1200.0,88
Gujarat,Vadodara(Baroda),Padra,Chilly Capsicum,Other,FAQ,2008-06-24 00:00:00,1000,1250,1150.0,88
Gujarat,Vadodara(Baroda),Padra,Chilly Capsicum,Other,FAQ,2008-06-30 00:00:00,1200,1300,1250.0,88
Gujarat,Vadodara(Baroda),Padra,Chilly Capsicum,Other,FAQ,2008-07-02 00:00:00,1200,1400,1325.0,88
Gujarat,Vadodara(Baroda),Padra,Chilly Capsicum,Other,FAQ,2008-07-12 00:00:00,400,900,750.0,88
Gujarat,Vadodara(Baroda),Padra,Chilly Capsicum,Other,FAQ,2008-07-23 00:00:00,700,750,725.0,88
Gujarat,Vadodara(Baroda),Padra,Chilly Capsicum,Other,FAQ,2008-07-24 00:00:00,200,250,225.0,88
Gujarat,Vadodara(Baroda),Padra,Chilly Capsicum,Other,FAQ,2008-08-18 00:00:00,1500,1900,1750.0,88
Gujarat,Vadodara(Baroda),Padra,Chilly Capsicum,Other,FAQ,2008-08-22 00:00:00,1150,1400,1250.0,88
Gujarat,Vadodara(Baroda),Padra,Chilly Capsicum,Other,FAQ,2008-09-01 00:00:00,1200,1250,1225.0,88
Gujarat,Vadodara(Baroda),Padra,Chilly Capsicum,Other,FAQ,2008-09-04 00:00:00,900,1100,1000.0,88
Gujarat,Vadodara(Baroda),Padra,Chilly Capsicum,Other,FAQ,2008-09-06 00:00:00,800,1000,950.0,88
Gujarat,Vadodara(Baroda),Padra,Chilly Capsicum,Other,FAQ,2008-09-11 00:00:00,800,1000,900.0,88
Gujarat,Vadodara(Baroda),Padra,Chilly Capsicum,Other,FAQ,2008-09-12 00:00:00,1000,1250,1150.0,88
Gujarat,Vadodara(Baroda),Padra,Chilly Capsicum,Other,FAQ,2008-09-17 00:00:00,750,800,780.0,88
Gujarat,Vadodara(Baroda),Padra,Chilly Capsicum,Other,FAQ,2008-09-18 00:00:00,800,1000,925.0,88
Gujarat,Vadodara(Baroda),Padra,Chilly Capsicum,Other,FAQ,2008-09-19 00:00:00,600,900,800.0,88
Gujarat,Vadodara(Baroda),Padra,Chilly Capsicum,Other,FAQ,2008-09-26 00:00:00,750,1000,900.0,88
Gujarat,Vadodara(Baroda),Padra,Chilly Capsicum,Other,FAQ,2008-10-08 00:00:00,650,1000,850.0,88
Gujarat,Vadodara(Baroda),Padra,Chilly Capsicum,Other,FAQ,2008-11-06 00:00:00,500,600,550.0,88
Gujarat,Vadodara(Baroda),Padra,Chilly Capsicum,Other,FAQ,2008-11-11 00:00:00,700,800,750.0,88
Gujarat,Vadodara(Baroda),Padra,Chilly Capsicum,Other,FAQ,2008-11-12 00:00:00,750,1000,900.0,88
Gujarat,Vadodara(Baroda),Padra,Chilly Capsicum,Other,FAQ,2008-11-14 00:00:00,750,800,780.0,88
Gujarat,Vadodara(Baroda),Padra,Chilly Capsicum,Other,FAQ,2008-11-24 00:00:00,400,500,450.0,88
Gujarat,Vadodara(Baroda),Padra,Chilly Capsicum,Other,FAQ,2008-11-27 00:00:00,400,600,525.0,88
Gujarat,Vadodara(Baroda),Padra,Chilly Capsicum,Other,FAQ,2008-12-03 00:00:00,400,450,425.0,88
Gujarat,Vadodara(Baroda),Padra,Chilly Capsicum,Other,FAQ,2008-12-13 00:00:00,500,600,550.0,88
Gujarat,Vadodara(Baroda),Padra,Chilly Capsicum,Other,FAQ,2008-12-18 00:00:00,400,450,425.0,88
Gujarat,Vadodara(Baroda),Padra,Chilly Capsicum,Other,FAQ,2008-12-26 00:00:00,400,500,450.0,88
Gujarat,Vadodara(Baroda),Padra,Chilly Capsicum,Other,FAQ,2008-12-27 00:00:00,500,700,625.0,88
Gujarat,Vadodara(Baroda),Vadodara(Sayajipura),Chilly Capsicum,Other,FAQ,2008-01-11 00:00:00,500,1000,700.0,88
Gujarat,Vadodara(Baroda),Vadodara(Sayajipura),Chilly Capsicum,Other,FAQ,2008-01-18 00:00:00,500,800,700.0,88
Gujarat,Vadodara(Baroda),Vadodara(Sayajipura),Chilly Capsicum,Other,FAQ,2008-01-21 00:00:00,300,900,700.0,88
Gujarat,Vadodara(Baroda),Vadodara(Sayajipura),Chilly Capsicum,Other,FAQ,2008-01-24 00:00:00,250,850,600.0,88
Gujarat,Vadodara(Baroda),Vadodara(Sayajipura),Chilly Capsicum,Other,FAQ,2008-01-26 00:00:00,300,1000,600.0,88
Gujarat,Vadodara(Baroda),Vadodara(Sayajipura),Chilly Capsicum,Other,FAQ,2008-01-30 00:00:00,400,1200,900.0,88
Gujarat,Vadodara(Baroda),Vadodara(Sayajipura),Chilly Capsicum,Other,FAQ,2008-02-09 00:00:00,300,1200,800.0,88
Gujarat,Vadodara(Baroda),Vadodara(Sayajipura),Chilly Capsicum,Other,FAQ,2008-02-11 00:00:00,500,1750,1200.0,88
Gujarat,Vadodara(Baroda),Vadodara(Sayajipura),Chilly Capsicum,Other,FAQ,2008-02-14 00:00:00,500,1500,1100.0,88
Gujarat,Vadodara(Baroda),Vadodara(Sayajipura),Chilly Capsicum,Other,FAQ,2008-02-15 00:00:00,500,1600,1250.0,88
Gujarat,Vadodara(Baroda),Vadodara(Sayajipura),Chilly Capsicum,Other,FAQ,2008-02-21 00:00:00,500,1200,850.0,88
Gujarat,Vadodara(Baroda),Vadodara(Sayajipura),Chilly Capsicum,Other,FAQ,2008-03-03 00:00:00,500,1250,875.0,88
Gujarat,Vadodara(Baroda),Vadodara(Sayajipura),Chilly Capsicum,Other,FAQ,2008-03-05 00:00:00,500,1200,850.0,88
Gujarat,Vadodara(Baroda),Vadodara(Sayajipura),Chilly Capsicum,Other,FAQ,2008-03-10 00:00:00,500,1200,950.0,88
Gujarat,Vadodara(Baroda),Vadodara(Sayajipura),Chilly Capsicum,Other,FAQ,2008-03-19 00:00:00,500,1600,1500.0,88
Gujarat,Vadodara(Baroda),Vadodara(Sayajipura),Chilly Capsicum,Other,FAQ,2008-03-27 00:00:00,500,1500,1100.0,88
Gujarat,Vadodara(Baroda),Vadodara(Sayajipura),Chilly Capsicum,Other,FAQ,2008-04-03 00:00:00,500,2250,1375.0,88
Gujarat,Vadodara(Baroda),Vadodara(Sayajipura),Chilly Capsicum,Other,FAQ,2008-04-06 00:00:00,500,1800,1300.0,88
Gujarat,Vadodara(Baroda),Vadodara(Sayajipura),Chilly Capsicum,Other,FAQ,2008-04-09 00:00:00,500,2000,1300.0,88
Gujarat,Vadodara(Baroda),Vadodara(Sayajipura),Chilly Capsicum,Other,FAQ,2008-04-21 00:00:00,1000,2500,1850.0,88
Gujarat,Vadodara(Baroda),Vadodara(Sayajipura),Chilly Capsicum,Other,FAQ,2008-05-06 00:00:00,500,1800,1500.0,88
Gujarat,Vadodara(Baroda),Vadodara(Sayajipura),Chilly Capsicum,Other,FAQ,2008-05-09 00:00:00,500,1600,1250.0,88
Gujarat,Vadodara(Baroda),Vadodara(Sayajipura),Chilly Capsicum,Other,FAQ,2008-05-13 00:00:00,500,1750,1175.0,88
Gujarat,Vadodara(Baroda),Vadodara(Sayajipura),Chilly Capsicum,Other,FAQ,2008-05-14 00:00:00,500,1700,1100.0,88
Gujarat,Vadodara(Baroda),Vadodara(Sayajipura),Chilly Capsicum,Other,FAQ,2008-05-22 00:00:00,1000,2500,1750.0,88
Gujarat,Vadodara(Baroda),Vadodara(Sayajipura),Chilly Capsicum,Other,FAQ,2008-05-25 00:00:00,750,2000,1500.0,88
Gujarat,Vadodara(Baroda),Vadodara(Sayajipura),Chilly Capsicum,Other,FAQ,2008-05-27 00:00:00,1000,2000,1600.0,88
Gujarat,Vadodara(Baroda),Vadodara(Sayajipura),Chilly Capsicum,Other,FAQ,2008-06-04 00:00:00,500,2500,1550.0,88
Gujarat,Vadodara(Baroda),Vadodara(Sayajipura),Chilly Capsicum,Other,FAQ,2008-06-25 00:00:00,1000,1600,1400.0,88
Gujarat,Vadodara(Baroda),Vadodara(Sayajipura),Chilly Capsicum,Other,FAQ,2008-06-29 00:00:00,1200,1600,1400.0,88
Gujarat,Vadodara(Baroda),Vadodara(Sayajipura),Chilly Capsicum,Other,FAQ,2008-07-01 00:00:00,1500,2000,1500.0,88
Gujarat,Vadodara(Baroda),Vadodara(Sayajipura),Chilly Capsicum,Other,FAQ,2008-07-10 00:00:00,1500,1750,1650.0,88
Gujarat,Vadodara(Baroda),Vadodara(Sayajipura),Chilly Capsicum,Other,FAQ,2008-07-13 00:00:00,1750,2000,1825.0,88
Gujarat,Vadodara(Baroda),Vadodara(Sayajipura),Chilly Capsicum,Other,FAQ,2008-07-15 00:00:00,1200,1750,1325.0,88
Gujarat,Vadodara(Baroda),Vadodara(Sayajipura),Chilly Capsicum,Other,FAQ,2008-07-17 00:00:00,1300,1700,1475.0,88
Gujarat,Vadodara(Baroda),Vadodara(Sayajipura),Chilly Capsicum,Other,FAQ,2008-07-18 00:00:00,1200,1500,1400.0,88
Gujarat,Vadodara(Baroda),Vadodara(Sayajipura),Chilly Capsicum,Other,FAQ,2008-07-23 00:00:00,1000,1500,1250.0,88
Gujarat,Vadodara(Baroda),Vadodara(Sayajipura),Chilly Capsicum,Other,FAQ,2008-07-27 00:00:00,800,1000,850.0,88
Gujarat,Vadodara(Baroda),Vadodara(Sayajipura),Chilly Capsicum,Other,FAQ,2008-07-29 00:00:00,700,1000,825.0,88
Gujarat,Vadodara(Baroda),Vadodara(Sayajipura),Chilly Capsicum,Other,FAQ,2008-08-02 00:00:00,700,1000,825.0,88
Gujarat,Vadodara(Baroda),Vadodara(Sayajipura),Chilly Capsicum,Other,FAQ,2008-08-09 00:00:00,1500,2000,1700.0,88
Gujarat,Vadodara(Baroda),Vadodara(Sayajipura),Chilly Capsicum,Other,FAQ,2008-08-13 00:00:00,1500,2000,1750.0,88
Gujarat,Vadodara(Baroda),Vadodara(Sayajipura),Chilly Capsicum,Other,FAQ,2008-08-15 00:00:00,1500,2500,2000.0,88
Gujarat,Vadodara(Baroda),Vadodara(Sayajipura),Chilly Capsicum,Other,FAQ,2008-08-17 00:00:00,1500,2000,1750.0,88
Gujarat,Vadodara(Baroda),Vadodara(Sayajipura),Chilly Capsicum,Other,FAQ,2008-08-26 00:00:00,1750,2000,1900.0,88
Gujarat,Vadodara(Baroda),Vadodara(Sayajipura),Chilly Capsicum,Other,FAQ,2008-09-06 00:00:00,1500,1750,1600.0,88
Gujarat,Vadodara(Baroda),Vadodara(Sayajipura),Chilly Capsicum,Other,FAQ,2008-09-21 00:00:00,2250,3000,2650.0,88
Gujarat,Vadodara(Baroda),Vadodara(Sayajipura),Chilly Capsicum,Other,FAQ,2008-10-04 00:00:00,2000,2750,2500.0,88
Gujarat,Vadodara(Baroda),Vadodara(Sayajipura),Chilly Capsicum,Other,FAQ,2008-10-07 00:00:00,1500,2500,2000.0,88
Gujarat,Vadodara(Baroda),Vadodara(Sayajipura),Chilly Capsicum,Other,FAQ,2008-10-13 00:00:00,2500,3000,2850.0,88
Gujarat,Vadodara(Baroda),Vadodara(Sayajipura),Chilly Capsicum,Other,FAQ,2008-10-24 00:00:00,2250,3000,2650.0,88
Gujarat,Vadodara(Baroda),Vadodara(Sayajipura),Chilly Capsicum,Other,FAQ,2008-10-26 00:00:00,2250,2750,2500.0,88
Gujarat,Vadodara(Baroda),Vadodara(Sayajipura),Chilly Capsicum,Other,FAQ,2008-10-28 00:00:00,2000,2500,2300.0,88
Gujarat,Vadodara(Baroda),Vadodara(Sayajipura),Chilly Capsicum,Other,FAQ,2008-11-04 00:00:00,1250,2000,1700.0,88
Gujarat,Vadodara(Baroda),Vadodara(Sayajipura),Chilly Capsicum,Other,FAQ,2008-11-10 00:00:00,1500,1750,1650.0,88
Gujarat,Vadodara(Baroda),Vadodara(Sayajipura),Chilly Capsicum,Other,FAQ,2008-11-15 00:00:00,1000,1500,1300.0,88
Gujarat,Vadodara(Baroda),Vadodara(Sayajipura),Chilly Capsicum,Other,FAQ,2008-11-23 00:00:00,1000,1200,1100.0,88
Gujarat,Vadodara(Baroda),Vadodara(Sayajipura),Chilly Capsicum,Other,FAQ,2008-12-06 00:00:00,800,1000,925.0,88
Gujarat,Vadodara(Baroda),Vadodara(Sayajipura),Chilly Capsicum,Other,FAQ,2008-12-13 00:00:00,800,1000,950.0,88
Gujarat,Vadodara(Baroda),Vadodara(Sayajipura),Chilly Capsicum,Other,FAQ,2008-12-21 00:00:00,500,800,650.0,88
Gujarat,Vadodara(Baroda),Vadodara(Sayajipura),Chilly Capsicum,Other,FAQ,2008-12-25 00:00:00,500,850,750.0,88
Gujarat,Vadodara(Baroda),Vadodara(Sayajipura),Chilly Capsicum,Other,FAQ,2008-12-28 00:00:00,800,1000,875.0,88
Gujarat,Ahmedabad,Ahmedabad,Chilly Capsicum,Other,FAQ,2013-01-03 00:00:00,500,900,700.0,88
Gujarat,Ahmedabad,Ahmedabad,Chilly Capsicum,Other,FAQ,2013-01-21 00:00:00,1000,1500,1300.0,88
Gujarat,Ahmedabad,Ahmedabad,Chilly Capsicum,Other,FAQ,2013-01-22 00:00:00,700,1500,1200.0,88
Gujarat,Ahmedabad,Ahmedabad,Chilly Capsicum,Other,FAQ,2013-02-05 00:00:00,900,1200,1100.0,88
Gujarat,Ahmedabad,Ahmedabad,Chilly Capsicum,Other,FAQ,2013-02-12 00:00:00,600,1300,1000.0,88
Gujarat,Ahmedabad,Ahmedabad,Chilly Capsicum,Other,FAQ,2013-02-15 00:00:00,850,1100,1000.0,88
Gujarat,Ahmedabad,Ahmedabad,Chilly Capsicum,Other,FAQ,2013-03-01 00:00:00,500,1500,1200.0,88
Gujarat,Ahmedabad,Ahmedabad,Chilly Capsicum,Other,FAQ,2013-03-02 00:00:00,500,1500,1200.0,88
Gujarat,Ahmedabad,Ahmedabad,Chilly Capsicum,Other,FAQ,2013-03-09 00:00:00,500,2000,1500.0,88
Gujarat,Ahmedabad,Ahmedabad,Chilly Capsicum,Other,FAQ,2013-03-13 00:00:00,500,2000,1500.0,88
Gujarat,Ahmedabad,Ahmedabad,Chilly Capsicum,Other,FAQ,2013-03-14 00:00:00,500,2000,1500.0,88
Gujarat,Ahmedabad,Ahmedabad,Chilly Capsicum,Other,FAQ,2013-03-22 00:00:00,500,2000,1500.0,88
Gujarat,Ahmedabad,Ahmedabad,Chilly Capsicum,Other,FAQ,2013-04-03 00:00:00,500,2200,1500.0,88
Gujarat,Ahmedabad,Ahmedabad,Chilly Capsicum,Other,FAQ,2013-04-26 00:00:00,500,2000,1500.0,88
Gujarat,Ahmedabad,Ahmedabad,Chilly Capsicum,Other,FAQ,2013-04-30 00:00:00,500,2200,1500.0,88
Gujarat,Ahmedabad,Ahmedabad,Chilly Capsicum,Other,FAQ,2013-05-02 00:00:00,800,2200,1800.0,88
Gujarat,Ahmedabad,Ahmedabad,Chilly Capsicum,Other,FAQ,2013-05-08 00:00:00,600,2500,2000.0,88
Gujarat,Ahmedabad,Ahmedabad,Chilly Capsicum,Other,FAQ,2013-05-17 00:00:00,1000,2200,1800.0,88
Gujarat,Ahmedabad,Ahmedabad,Chilly Capsicum,Other,FAQ,2013-05-22 00:00:00,1000,3200,2500.0,88
Gujarat,Ahmedabad,Ahmedabad,Chilly Capsicum,Other,FAQ,2013-06-15 00:00:00,2000,4500,3500.0,88
Gujarat,Ahmedabad,Ahmedabad,Chilly Capsicum,Other,FAQ,2013-06-26 00:00:00,3500,5000,4300.0,88
Gujarat,Ahmedabad,Ahmedabad,Chilly Capsicum,Other,FAQ,2013-07-12 00:00:00,4000,6000,5000.0,88
Gujarat,Ahmedabad,Ahmedabad,Chilly Capsicum,Other,FAQ,2013-07-13 00:00:00,4500,6000,5500.0,88
Gujarat,Ahmedabad,Ahmedabad,Chilly Capsicum,Other,FAQ,2013-07-24 00:00:00,3000,4500,4000.0,88
Gujarat,Ahmedabad,Ahmedabad,Chilly Capsicum,Other,FAQ,2013-07-26 00:00:00,2000,5200,4000.0,88
Gujarat,Ahmedabad,Ahmedabad,Chilly Capsicum,Other,FAQ,2013-07-31 00:00:00,1500,4500,3500.0,88
Gujarat,Ahmedabad,Ahmedabad,Chilly Capsicum,Other,FAQ,2013-08-02 00:00:00,2500,6000,4500.0,88
Gujarat,Ahmedabad,Ahmedabad,Chilly Capsicum,Other,FAQ,2013-08-03 00:00:00,5000,6000,5500.0,88
Gujarat,Ahmedabad,Ahmedabad,Chilly Capsicum,Other,FAQ,2013-08-10 00:00:00,6000,7500,7000.0,88
Gujarat,Ahmedabad,Ahmedabad,Chilly Capsicum,Other,FAQ,2013-08-12 00:00:00,6000,7500,7000.0,88
Gujarat,Ahmedabad,Ahmedabad,Chilly Capsicum,Other,FAQ,2013-08-15 00:00:00,4000,5500,5000.0,88
Gujarat,Ahmedabad,Ahmedabad,Chilly Capsicum,Other,FAQ,2013-08-26 00:00:00,3000,5000,4500.0,88
Gujarat,Ahmedabad,Ahmedabad,Chilly Capsicum,Other,FAQ,2013-08-30 00:00:00,3500,4500,4000.0,88
Gujarat,Ahmedabad,Ahmedabad,Chilly Capsicum,Other,FAQ,2013-09-02 00:00:00,2500,4000,3500.0,88
Gujarat,Ahmedabad,Ahmedabad,Chilly Capsicum,Other,FAQ,2013-09-03 00:00:00,2000,4500,3500.0,88
Gujarat,Ahmedabad,Ahmedabad,Chilly Capsicum,Other,FAQ,2013-09-10 00:00:00,3000,4000,3500.0,88
Gujarat,Ahmedabad,Ahmedabad,Chilly Capsicum,Other,FAQ,2013-09-16 00:00:00,2500,3500,3200.0,88
Gujarat,Ahmedabad,Ahmedabad,Chilly Capsicum,Other,FAQ,2013-09-17 00:00:00,1000,3000,2500.0,88
Gujarat,Ahmedabad,Ahmedabad,Chilly Capsicum,Other,FAQ,2013-09-27 00:00:00,2500,3500,3000.0,88
Gujarat,Ahmedabad,Ahmedabad,Chilly Capsicum,Other,FAQ,2013-10-01 00:00:00,4000,5000,4500.0,88
Gujarat,Ahmedabad,Ahmedabad,Chilly Capsicum,Other,FAQ,2013-10-05 00:00:00,2000,4500,3500.0,88
Gujarat,Ahmedabad,Ahmedabad,Chilly Capsicum,Other,FAQ,2013-10-15 00:00:00,3000,4000,3500.0,88
Gujarat,Ahmedabad,Ahmedabad,Chilly Capsicum,Other,FAQ,2013-10-22 00:00:00,1000,4000,3000.0,88
Gujarat,Ahmedabad,Ahmedabad,Chilly Capsicum,Other,FAQ,2013-11-15 00:00:00,1000,2200,1800.0,88
Gujarat,Ahmedabad,Ahmedabad,Chilly Capsicum,Other,FAQ,2013-11-22 00:00:00,1000,3500,2500.0,88
Gujarat,Ahmedabad,Ahmedabad,Chilly Capsicum,Other,FAQ,2013-12-03 00:00:00,500,2000,1500.0,88
Gujarat,Ahmedabad,Ahmedabad,Chilly Capsicum,Other,FAQ,2013-12-09 00:00:00,900,1800,1400.0,88
Gujarat,Ahmedabad,Ahmedabad,Chilly Capsicum,Other,FAQ,2013-12-10 00:00:00,1000,1500,1300.0,88
Gujarat,Ahmedabad,Ahmedabad,Chilly Capsicum,Other,FAQ,2013-12-11 00:00:00,900,1500,1300.0,88
Gujarat,Ahmedabad,Ahmedabad,Chilly Capsicum,Other,FAQ,2013-12-30 00:00:00,800,1300,1100.0,88
Gujarat,Ahmedabad,Dholka,Chilly Capsicum,Other,FAQ,2013-01-11 00:00:00,750,1700,1300.0,88
Gujarat,Ahmedabad,Dholka,Chilly Capsicum,Other,FAQ,2013-01-18 00:00:00,800,2000,1600.0,88
Gujarat,Ahmedabad,Dholka,Chilly Capsicum,Other,FAQ,2013-01-24 00:00:00,1100,1600,1500.0,88
Gujarat,Ahmedabad,Dholka,Chilly Capsicum,Other,FAQ,2013-04-05 00:00:00,1200,1700,1500.0,88
Gujarat,Ahmedabad,Dholka,Chilly Capsicum,Other,FAQ,2013-04-13 00:00:00,600,2250,1500.0,88
Gujarat,Ahmedabad,Dholka,Chilly Capsicum,Other,FAQ,2013-04-18 00:00:00,1000,1550,1400.0,88
Gujarat,Ahmedabad,Dholka,Chilly Capsicum,Other,FAQ,2013-04-24 00:00:00,1600,2000,1800.0,88
Gujarat,Ahmedabad,Dholka,Chilly Capsicum,Other,FAQ,2013-04-30 00:00:00,1000,1500,1200.0,88
Gujarat,Ahmedabad,Dholka,Chilly Capsicum,Other,FAQ,2013-05-02 00:00:00,1000,2000,1600.0,88
Gujarat,Ahmedabad,Dholka,Chilly Capsicum,Other,FAQ,2013-05-09 00:00:00,1300,2600,2000.0,88
Gujarat,Ahmedabad,Dholka,Chilly Capsicum,Other,FAQ,2013-05-24 00:00:00,2200,3600,2900.0,88
Gujarat,Ahmedabad,Dholka,Chilly Capsicum,Other,FAQ,2013-05-29 00:00:00,2000,3600,3000.0,88
Gujarat,Ahmedabad,Dholka,Chilly Capsicum,Other,FAQ,2013-05-30 00:00:00,2500,3600,3000.0,88
Gujarat,Ahmedabad,Dholka,Chilly Capsicum,Other,FAQ,2013-05-31 00:00:00,2500,4000,3200.0,88
Gujarat,Ahmedabad,Dholka,Chilly Capsicum,Other,FAQ,2013-06-05 00:00:00,2000,3600,3000.0,88
Gujarat,Ahmedabad,Dholka,Chilly Capsicum,Other,FAQ,2013-06-10 00:00:00,2000,3600,3100.0,88
Gujarat,Ahmedabad,Dholka,Chilly Capsicum,Other,FAQ,2013-06-19 00:00:00,1200,2700,2500.0,88
Gujarat,Ahmedabad,Dholka,Chilly Capsicum,Other,FAQ,2013-06-20 00:00:00,1200,2300,2000.0,88
Gujarat,Ahmedabad,Dholka,Chilly Capsicum,Other,FAQ,2013-06-27 00:00:00,1800,2300,2100.0,88
Gujarat,Ahmedabad,Dholka,Chilly Capsicum,Other,FAQ,2013-08-10 00:00:00,2000,3000,2750.0,88
Gujarat,Ahmedabad,Dholka,Chilly Capsicum,Other,FAQ,2013-08-14 00:00:00,4250,4750,4600.0,88
Gujarat,Ahmedabad,Dholka,Chilly Capsicum,Other,FAQ,2013-08-16 00:00:00,1500,2000,1750.0,88
Gujarat,Bharuch,Bharuch,Chilly Capsicum,Other,FAQ,2013-01-21 00:00:00,800,1000,900.0,88
Gujarat,Bharuch,Bharuch,Chilly Capsicum,Other,FAQ,2013-05-04 00:00:00,1500,2000,1750.0,88
Gujarat,Vadodara(Baroda),Padra,Chilly Capsicum,Other,FAQ,2013-01-07 00:00:00,1000,1200,1125.0,88
Gujarat,Vadodara(Baroda),Padra,Chilly Capsicum,Other,FAQ,2013-01-18 00:00:00,1500,1750,1625.0,88
Gujarat,Vadodara(Baroda),Padra,Chilly Capsicum,Other,FAQ,2013-02-18 00:00:00,1400,1500,1450.0,88
Gujarat,Vadodara(Baroda),Padra,Chilly Capsicum,Other,FAQ,2013-02-22 00:00:00,1200,1300,1250.0,88
Gujarat,Vadodara(Baroda),Padra,Chilly Capsicum,Other,FAQ,2013-02-27 00:00:00,1250,1500,1400.0,88
Gujarat,Vadodara(Baroda),Padra,Chilly Capsicum,Other,FAQ,2013-03-04 00:00:00,1000,1300,1200.0,88
Gujarat,Vadodara(Baroda),Padra,Chilly Capsicum,Other,FAQ,2013-03-06 00:00:00,1400,1500,1450.0,88
Gujarat,Vadodara(Baroda),Padra,Chilly Capsicum,Other,FAQ,2013-03-21 00:00:00,1250,1450,1350.0,88
Gujarat,Vadodara(Baroda),Padra,Chilly Capsicum,Other,FAQ,2013-03-22 00:00:00,1000,1400,1250.0,88
Gujarat,Vadodara(Baroda),Padra,Chilly Capsicum,Other,FAQ,2013-03-29 00:00:00,1500,1750,1625.0,88
Gujarat,Vadodara(Baroda),Padra,Chilly Capsicum,Other,FAQ,2013-04-01 00:00:00,1000,1500,1300.0,88
Gujarat,Vadodara(Baroda),Padra,Chilly Capsicum,Other,FAQ,2013-04-05 00:00:00,1250,1500,1400.0,88
Gujarat,Vadodara(Baroda),Padra,Chilly Capsicum,Other,FAQ,2013-04-10 00:00:00,1500,2000,1800.0,88
Gujarat,Vadodara(Baroda),Padra,Chilly Capsicum,Other,FAQ,2013-04-15 00:00:00,1500,1900,1750.0,88
Gujarat,Vadodara(Baroda),Padra,Chilly Capsicum,Other,FAQ,2013-05-09 00:00:00,2500,2600,2550.0,88
Gujarat,Vadodara(Baroda),Padra,Chilly Capsicum,Other,FAQ,2013-05-10 00:00:00,2000,2500,2300.0,88
Gujarat,Vadodara(Baroda),Padra,Chilly Capsicum,Other,FAQ,2013-05-13 00:00:00,1000,2250,2000.0,88
Gujarat,Vadodara(Baroda),Padra,Chilly Capsicum,Other,FAQ,2013-05-14 00:00:00,1250,2150,1800.0,88
Gujarat,Vadodara(Baroda),Padra,Chilly Capsicum,Other,FAQ,2013-05-20 00:00:00,2250,3000,2700.0,88
Gujarat,Vadodara(Baroda),Padra,Chilly Capsicum,Other,FAQ,2013-06-01 00:00:00,2500,2750,2650.0,88
Gujarat,Vadodara(Baroda),Padra,Chilly Capsicum,Other,FAQ,2013-06-08 00:00:00,2000,2500,2300.0,88
Gujarat,Vadodara(Baroda),Padra,Chilly Capsicum,Other,FAQ,2013-06-22 00:00:00,2500,3500,3000.0,88
Gujarat,Vadodara(Baroda),Padra,Chilly Capsicum,Other,FAQ,2013-07-06 00:00:00,1500,2000,1800.0,88
Gujarat,Vadodara(Baroda),Padra,Chilly Capsicum,Other,FAQ,2013-07-08 00:00:00,1500,2000,1800.0,88
Gujarat,Vadodara(Baroda),Padra,Chilly Capsicum,Other,FAQ,2013-07-13 00:00:00,900,1400,1200.0,88
Gujarat,Vadodara(Baroda),Padra,Chilly Capsicum,Other,FAQ,2013-07-25 00:00:00,1500,1900,1750.0,88
Gujarat,Vadodara(Baroda),Padra,Chilly Capsicum,Other,FAQ,2013-08-08 00:00:00,3500,4000,3800.0,88
Gujarat,Vadodara(Baroda),Padra,Chilly Capsicum,Other,FAQ,2013-08-17 00:00:00,2500,3500,3000.0,88
Gujarat,Vadodara(Baroda),Padra,Chilly Capsicum,Other,FAQ,2013-08-19 00:00:00,4000,5000,4500.0,88
Gujarat,Vadodara(Baroda),Padra,Chilly Capsicum,Other,FAQ,2013-08-21 00:00:00,2750,3250,3000.0,88
Gujarat,Vadodara(Baroda),Padra,Chilly Capsicum,Other,FAQ,2013-08-23 00:00:00,4000,5000,4500.0,88
Gujarat,Vadodara(Baroda),Padra,Chilly Capsicum,Other,FAQ,2013-08-31 00:00:00,2250,3500,3000.0,88
Gujarat,Vadodara(Baroda),Padra,Chilly Capsicum,Other,FAQ,2013-09-04 00:00:00,1500,2250,2000.0,88
Gujarat,Vadodara(Baroda),Padra,Chilly Capsicum,Other,FAQ,2013-09-26 00:00:00,1000,1100,1050.0,88
Gujarat,Vadodara(Baroda),Padra,Chilly Capsicum,Other,FAQ,2013-10-09 00:00:00,2000,2250,2150.0,88
Gujarat,Vadodara(Baroda),Padra,Chilly Capsicum,Other,FAQ,2013-10-10 00:00:00,2250,2400,2300.0,88
Gujarat,Vadodara(Baroda),Padra,Chilly Capsicum,Other,FAQ,2013-10-14 00:00:00,1500,2000,1800.0,88
Gujarat,Vadodara(Baroda),Padra,Chilly Capsicum,Other,FAQ,2013-10-17 00:00:00,1500,2250,2000.0,88
Gujarat,Vadodara(Baroda),Padra,Chilly Capsicum,Other,FAQ,2013-11-18 00:00:00,2000,2500,2300.0,88
Gujarat,Vadodara(Baroda),Padra,Chilly Capsicum,Other,FAQ,2013-11-25 00:00:00,1200,1800,1600.0,88
Gujarat,Vadodara(Baroda),Padra,Chilly Capsicum,Other,FAQ,2013-11-29 00:00:00,800,1250,1100.0,88
Gujarat,Vadodara(Baroda),Padra,Chilly Capsicum,Other,FAQ,2013-12-02 00:00:00,1000,1500,1300.0,88
Gujarat,Vadodara(Baroda),Padra,Chilly Capsicum,Other,FAQ,2013-12-11 00:00:00,1000,1200,1125.0,88
Gujarat,Vadodara(Baroda),Padra,Chilly Capsicum,Other,FAQ,2013-12-19 00:00:00,1400,1500,1450.0,88
Gujarat,Vadodara(Baroda),Padra,Chilly Capsicum,Other,FAQ,2013-12-20 00:00:00,1500,1600,1550.0,88
Gujarat,Vadodara(Baroda),Padra,Chilly Capsicum,Other,FAQ,2013-12-21 00:00:00,1400,1600,1525.0,88
Gujarat,Vadodara(Baroda),Padra,Chilly Capsicum,Other,FAQ,2013-12-26 00:00:00,1500,1750,1650.0,88
Gujarat,Vadodara(Baroda),Vadodara(Sayajipura),Chilly Capsicum,Other,FAQ,2013-01-02 00:00:00,500,800,700.0,88
Gujarat,Vadodara(Baroda),Vadodara(Sayajipura),Chilly Capsicum,Other,FAQ,2013-01-05 00:00:00,700,900,800.0,88
Gujarat,Vadodara(Baroda),Vadodara(Sayajipura),Chilly Capsicum,Other,FAQ,2013-01-08 00:00:00,800,1000,925.0,88
Gujarat,Vadodara(Baroda),Vadodara(Sayajipura),Chilly Capsicum,Other,FAQ,2013-01-20 00:00:00,1200,1400,1350.0,88
Gujarat,Vadodara(Baroda),Vadodara(Sayajipura),Chilly Capsicum,Other,FAQ,2013-01-22 00:00:00,1200,1500,1375.0,88
Gujarat,Vadodara(Baroda),Vadodara(Sayajipura),Chilly Capsicum,Other,FAQ,2013-01-25 00:00:00,1200,1500,1375.0,88
Gujarat,Vadodara(Baroda),Vadodara(Sayajipura),Chilly Capsicum,Other,FAQ,2013-01-28 00:00:00,1000,1200,1150.0,88
Gujarat,Vadodara(Baroda),Vadodara(Sayajipura),Chilly Capsicum,Other,FAQ,2013-02-01 00:00:00,1000,1250,1150.0,88
Gujarat,Vadodara(Baroda),Vadodara(Sayajipura),Chilly Capsicum,Other,FAQ,2013-02-04 00:00:00,1100,1200,1150.0,88
Gujarat,Vadodara(Baroda),Vadodara(Sayajipura),Chilly Capsicum,Other,FAQ,2013-02-08 00:00:00,800,1100,1000.0,88
Gujarat,Vadodara(Baroda),Vadodara(Sayajipura),Chilly Capsicum,Other,FAQ,2013-02-09 00:00:00,900,1100,1050.0,88
Gujarat,Vadodara(Baroda),Vadodara(Sayajipura),Chilly Capsicum,Other,FAQ,2013-02-15 00:00:00,900,1200,1100.0,88
Gujarat,Vadodara(Baroda),Vadodara(Sayajipura),Chilly Capsicum,Other,FAQ,2013-02-16 00:00:00,900,1250,1125.0,88
Gujarat,Vadodara(Baroda),Vadodara(Sayajipura),Chilly Capsicum,Other,FAQ,2013-02-22 00:00:00,800,1200,1050.0,88
Gujarat,Vadodara(Baroda),Vadodara(Sayajipura),Chilly Capsicum,Other,FAQ,2013-03-14 00:00:00,1000,1750,1400.0,88
Gujarat,Vadodara(Baroda),Vadodara(Sayajipura),Chilly Capsicum,Other,FAQ,2013-03-17 00:00:00,1200,1600,1475.0,88
Gujarat,Vadodara(Baroda),Vadodara(Sayajipura),Chilly Capsicum,Other,FAQ,2013-03-23 00:00:00,700,2000,1450.0,88
Gujarat,Vadodara(Baroda),Vadodara(Sayajipura),Chilly Capsicum,Other,FAQ,2013-03-31 00:00:00,1000,2000,1625.0,88
Gujarat,Vadodara(Baroda),Vadodara(Sayajipura),Chilly Capsicum,Other,FAQ,2013-04-01 00:00:00,1000,2250,1650.0,88
Gujarat,Vadodara(Baroda),Vadodara(Sayajipura),Chilly Capsicum,Other,FAQ,2013-04-04 00:00:00,1000,2000,1550.0,88
Gujarat,Vadodara(Baroda),Vadodara(Sayajipura),Chilly Capsicum,Other,FAQ,2013-04-07 00:00:00,800,1700,1375.0,88
Gujarat,Vadodara(Baroda),Vadodara(Sayajipura),Chilly Capsicum,Other,FAQ,2013-04-08 00:00:00,1400,1800,1650.0,88
Gujarat,Vadodara(Baroda),Vadodara(Sayajipura),Chilly Capsicum,Other,FAQ,2013-04-15 00:00:00,1500,1750,1650.0,88
Gujarat,Vadodara(Baroda),Vadodara(Sayajipura),Chilly Capsicum,Other,FAQ,2013-04-22 00:00:00,1100,1800,1500.0,88
Gujarat,Vadodara(Baroda),Vadodara(Sayajipura),Chilly Capsicum,Other,FAQ,2013-04-23 00:00:00,1400,1800,1650.0,88
Gujarat,Vadodara(Baroda),Vadodara(Sayajipura),Chilly Capsicum,Other,FAQ,2013-04-27 00:00:00,1400,1800,1625.0,88
Gujarat,Vadodara(Baroda),Vadodara(Sayajipura),Chilly Capsicum,Other,FAQ,2013-05-01 00:00:00,800,1200,1075.0,88
Gujarat,Vadodara(Baroda),Vadodara(Sayajipura),Chilly Capsicum,Other,FAQ,2013-05-20 00:00:00,1200,2000,1625.0,88
Gujarat,Vadodara(Baroda),Vadodara(Sayajipura),Chilly Capsicum,Other,FAQ,2013-05-22 00:00:00,2000,3000,2625.0,88
Gujarat,Vadodara(Baroda),Vadodara(Sayajipura),Chilly Capsicum,Other,FAQ,2013-05-25 00:00:00,1500,2500,2050.0,88
Gujarat,Vadodara(Baroda),Vadodara(Sayajipura),Chilly Capsicum,Other,FAQ,2013-05-27 00:00:00,1500,2250,2000.0,88
Gujarat,Vadodara(Baroda),Vadodara(Sayajipura),Chilly Capsicum,Other,FAQ,2013-06-03 00:00:00,2000,2750,2500.0,88
Gujarat,Vadodara(Baroda),Vadodara(Sayajipura),Chilly Capsicum,Other,FAQ,2013-06-09 00:00:00,2250,2750,2575.0,88
Gujarat,Vadodara(Baroda),Vadodara(Sayajipura),Chilly Capsicum,Other,FAQ,2013-06-13 00:00:00,2000,3000,2575.0,88
Gujarat,Vadodara(Baroda),Vadodara(Sayajipura),Chilly Capsicum,Other,FAQ,2013-06-14 00:00:00,2000,3000,2575.0,88
Gujarat,Vadodara(Baroda),Vadodara(Sayajipura),Chilly Capsicum,Other,FAQ,2013-06-22 00:00:00,2500,3250,2925.0,88
Gujarat,Vadodara(Baroda),Vadodara(Sayajipura),Chilly Capsicum,Other,FAQ,2013-06-24 00:00:00,2750,3000,2925.0,88
Gujarat,Vadodara(Baroda),Vadodara(Sayajipura),Chilly Capsicum,Other,FAQ,2013-07-01 00:00:00,3500,4000,3875.0,88
Gujarat,Vadodara(Baroda),Vadodara(Sayajipura),Chilly Capsicum,Other,FAQ,2013-07-06 00:00:00,3000,4000,3550.0,88
Gujarat,Vadodara(Baroda),Vadodara(Sayajipura),Chilly Capsicum,Other,FAQ,2013-07-12 00:00:00,4000,4500,4275.0,88
Gujarat,Vadodara(Baroda),Vadodara(Sayajipura),Chilly Capsicum,Other,FAQ,2013-07-22 00:00:00,3000,4000,3625.0,88
Gujarat,Vadodara(Baroda),Vadodara(Sayajipura),Chilly Capsicum,Other,FAQ,2013-07-24 00:00:00,3500,4000,3825.0,88
Gujarat,Vadodara(Baroda),Vadodara(Sayajipura),Chilly Capsicum,Other,FAQ,2013-07-26 00:00:00,3500,4000,3775.0,88
Gujarat,Vadodara(Baroda),Vadodara(Sayajipura),Chilly Capsicum,Other,FAQ,2013-07-29 00:00:00,3500,4250,4000.0,88
Gujarat,Vadodara(Baroda),Vadodara(Sayajipura),Chilly Capsicum,Other,FAQ,2013-07-30 00:00:00,3500,4500,4125.0,88
Gujarat,Vadodara(Baroda),Vadodara(Sayajipura),Chilly Capsicum,Other,FAQ,2013-08-05 00:00:00,4000,5000,4625.0,88
Gujarat,Vadodara(Baroda),Vadodara(Sayajipura),Chilly Capsicum,Other,FAQ,2013-08-12 00:00:00,4500,5000,4825.0,88
Gujarat,Vadodara(Baroda),Vadodara(Sayajipura),Chilly Capsicum,Other,FAQ,2013-08-14 00:00:00,4500,5500,5125.0,88
Gujarat,Vadodara(Baroda),Vadodara(Sayajipura),Chilly Capsicum,Other,FAQ,2013-08-23 00:00:00,4000,4500,4325.0,88
Gujarat,Vadodara(Baroda),Vadodara(Sayajipura),Chilly Capsicum,Other,FAQ,2013-08-24 00:00:00,4000,5000,4625.0,88
Gujarat,Vadodara(Baroda),Vadodara(Sayajipura),Chilly Capsicum,Other,FAQ,2013-08-31 00:00:00,4000,4500,4300.0,88
Gujarat,Vadodara(Baroda),Vadodara(Sayajipura),Chilly Capsicum,Other,FAQ,2013-09-03 00:00:00,3000,4500,3875.0,88
Gujarat,Vadodara(Baroda),Vadodara(Sayajipura),Chilly Capsicum,Other,FAQ,2013-09-08 00:00:00,2000,3000,2600.0,88
Gujarat,Vadodara(Baroda),Vadodara(Sayajipura),Chilly Capsicum,Other,FAQ,2013-09-12 00:00:00,2500,3250,3000.0,88
Gujarat,Vadodara(Baroda),Vadodara(Sayajipura),Chilly Capsicum,Other,FAQ,2013-09-13 00:00:00,2500,3000,2800.0,88
Gujarat,Vadodara(Baroda),Vadodara(Sayajipura),Chilly Capsicum,Other,FAQ,2013-09-17 00:00:00,3500,4000,3825.0,88
Gujarat,Vadodara(Baroda),Vadodara(Sayajipura),Chilly Capsicum,Other,FAQ,2013-09-29 00:00:00,3000,3500,3300.0,88
Gujarat,Vadodara(Baroda),Vadodara(Sayajipura),Chilly Capsicum,Other,FAQ,2013-10-06 00:00:00,3000,4000,3550.0,88
Gujarat,Vadodara(Baroda),Vadodara(Sayajipura),Chilly Capsicum,Other,FAQ,2013-11-02 00:00:00,3000,4000,3550.0,88
Gujarat,Vadodara(Baroda),Vadodara(Sayajipura),Chilly Capsicum,Other,FAQ,2013-11-11 00:00:00,2500,3000,2800.0,88
Gujarat,Vadodara(Baroda),Vadodara(Sayajipura),Chilly Capsicum,Other,FAQ,2013-11-16 00:00:00,2250,2750,2550.0,88
Gujarat,Vadodara(Baroda),Vadodara(Sayajipura),Chilly Capsicum,Other,FAQ,2013-12-08 00:00:00,1750,2500,2250.0,88
Gujarat,Vadodara(Baroda),Vadodara(Sayajipura),Chilly Capsicum,Other,FAQ,2013-12-11 00:00:00,1500,2000,1800.0,88
Gujarat,Vadodara(Baroda),Vadodara(Sayajipura),Chilly Capsicum,Other,FAQ,2013-12-13 00:00:00,1100,1500,1350.0,88
Gujarat,Vadodara(Baroda),Vadodara(Sayajipura),Chilly Capsicum,Other,FAQ,2013-12-16 00:00:00,1750,2250,2025.0,88
Gujarat,Vadodara(Baroda),Vadodara(Sayajipura),Chilly Capsicum,Other,FAQ,2013-12-20 00:00:00,1000,1500,1300.0,88
Gujarat,Ahmedabad,Ahmedabad,Chilly Capsicum,Other,FAQ,2014-01-09 00:00:00,900,1300,1200.0,88
Gujarat,Ahmedabad,Ahmedabad,Chilly Capsicum,Other,FAQ,2014-01-16 00:00:00,1000,1400,1300.0,88
Gujarat,Ahmedabad,Ahmedabad,Chilly Capsicum,Other,FAQ,2014-01-20 00:00:00,600,1300,1000.0,88
Gujarat,Ahmedabad,Ahmedabad,Chilly Capsicum,Other,FAQ,2014-01-24 00:00:00,800,1500,1200.0,88
Gujarat,Ahmedabad,Ahmedabad,Chilly Capsicum,Other,FAQ,2014-02-04 00:00:00,900,1800,1500.0,88
Gujarat,Ahmedabad,Ahmedabad,Chilly Capsicum,Other,FAQ,2014-02-10 00:00:00,1200,1800,1600.0,88
Gujarat,Ahmedabad,Ahmedabad,Chilly Capsicum,Other,FAQ,2014-02-14 00:00:00,1000,2000,1800.0,88
Gujarat,Ahmedabad,Ahmedabad,Chilly Capsicum,Other,FAQ,2014-02-24 00:00:00,1500,2500,2200.0,88
Gujarat,Ahmedabad,Ahmedabad,Chilly Capsicum,Other,FAQ,2014-03-20 00:00:00,1000,2000,1800.0,88
Gujarat,Ahmedabad,Ahmedabad,Chilly Capsicum,Other,FAQ,2014-03-24 00:00:00,1000,2200,1800.0,88
Gujarat,Ahmedabad,Ahmedabad,Chilly Capsicum,Other,FAQ,2014-03-28 00:00:00,600,1300,1000.0,88
Gujarat,Ahmedabad,Ahmedabad,Chilly Capsicum,Other,FAQ,2014-04-03 00:00:00,500,1500,1200.0,88
Gujarat,Ahmedabad,Ahmedabad,Chilly Capsicum,Other,FAQ,2014-04-07 00:00:00,500,2000,1500.0,88
Gujarat,Ahmedabad,Ahmedabad,Chilly Capsicum,Other,FAQ,2014-04-08 00:00:00,800,1500,1300.0,88
Gujarat,Ahmedabad,Ahmedabad,Chilly Capsicum,Other,FAQ,2014-04-17 00:00:00,500,1600,1200.0,88
Gujarat,Ahmedabad,Ahmedabad,Chilly Capsicum,Other,FAQ,2014-04-25 00:00:00,500,1500,1200.0,88
Gujarat,Ahmedabad,Ahmedabad,Chilly Capsicum,Other,FAQ,2014-05-09 00:00:00,1000,1500,1300.0,88
Gujarat,Ahmedabad,Ahmedabad,Chilly Capsicum,Other,FAQ,2014-05-12 00:00:00,1000,1800,1500.0,88
Gujarat,Ahmedabad,Ahmedabad,Chilly Capsicum,Other,FAQ,2014-05-15 00:00:00,500,1700,1200.0,88
Gujarat,Ahmedabad,Ahmedabad,Chilly Capsicum,Other,FAQ,2014-05-17 00:00:00,1000,2000,1800.0,88
Gujarat,Ahmedabad,Ahmedabad,Chilly Capsicum,Other,FAQ,2014-06-03 00:00:00,1000,2000,1800.0,88
Gujarat,Ahmedabad,Ahmedabad,Chilly Capsicum,Other,FAQ,2014-06-09 00:00:00,1000,2800,2200.0,88
Gujarat,Ahmedabad,Ahmedabad,Chilly Capsicum,Other,FAQ,2014-06-11 00:00:00,1000,3000,2500.0,88
Gujarat,Ahmedabad,Ahmedabad,Chilly Capsicum,Other,FAQ,2014-06-17 00:00:00,2800,3200,3000.0,88
Gujarat,Ahmedabad,Ahmedabad,Chilly Capsicum,Other,FAQ,2014-06-26 00:00:00,2000,3200,2800.0,88
Gujarat,Ahmedabad,Ahmedabad,Chilly Capsicum,Other,FAQ,2014-07-09 00:00:00,2000,3600,3000.0,88
Gujarat,Ahmedabad,Ahmedabad,Chilly Capsicum,Other,FAQ,2014-07-14 00:00:00,1500,3800,3000.0,88
Gujarat,Ahmedabad,Ahmedabad,Chilly Capsicum,Other,FAQ,2014-07-15 00:00:00,2800,3800,3500.0,88
Gujarat,Ahmedabad,Ahmedabad,Chilly Capsicum,Other,FAQ,2014-07-28 00:00:00,4000,5000,4500.0,88
Gujarat,Ahmedabad,Ahmedabad,Chilly Capsicum,Other,FAQ,2014-08-02 00:00:00,3000,4500,3800.0,88
Gujarat,Ahmedabad,Ahmedabad,Chilly Capsicum,Other,FAQ,2014-08-05 00:00:00,2500,4000,3500.0,88
Gujarat,Ahmedabad,Ahmedabad,Chilly Capsicum,Other,FAQ,2014-08-12 00:00:00,4000,5000,4500.0,88
Gujarat,Ahmedabad,Ahmedabad,Chilly Capsicum,Other,FAQ,2014-08-20 00:00:00,3000,3500,3300.0,88
Gujarat,Ahmedabad,Ahmedabad,Chilly Capsicum,Other,FAQ,2014-08-21 00:00:00,2000,3000,2500.0,88
Gujarat,Ahmedabad,Ahmedabad,Chilly Capsicum,Other,FAQ,2014-08-28 00:00:00,1500,2500,2200.0,88
Gujarat,Ahmedabad,Ahmedabad,Chilly Capsicum,Other,FAQ,2014-09-03 00:00:00,1600,2800,2300.0,88
Gujarat,Ahmedabad,Ahmedabad,Chilly Capsicum,Other,FAQ,2014-09-10 00:00:00,2500,3500,3200.0,88
Gujarat,Ahmedabad,Ahmedabad,Chilly Capsicum,Other,FAQ,2014-09-13 00:00:00,2800,3500,3200.0,88
Gujarat,Ahmedabad,Ahmedabad,Chilly Capsicum,Other,FAQ,2014-09-20 00:00:00,3000,4000,3800.0,88
Gujarat,Ahmedabad,Ahmedabad,Chilly Capsicum,Other,FAQ,2014-10-01 00:00:00,2000,3000,2800.0,88
Gujarat,Ahmedabad,Ahmedabad,Chilly Capsicum,Other,FAQ,2014-10-14 00:00:00,2000,3000,2800.0,88
Gujarat,Ahmedabad,Ahmedabad,Chilly Capsicum,Other,FAQ,2014-10-16 00:00:00,3000,4000,3600.0,88
Gujarat,Ahmedabad,Ahmedabad,Chilly Capsicum,Other,FAQ,2014-11-11 00:00:00,3000,4000,3500.0,88
Gujarat,Ahmedabad,Ahmedabad,Chilly Capsicum,Other,FAQ,2014-11-17 00:00:00,1000,4000,3000.0,88
Gujarat,Ahmedabad,Ahmedabad,Chilly Capsicum,Other,FAQ,2014-11-18 00:00:00,2500,4000,3500.0,88
Gujarat,Ahmedabad,Ahmedabad,Chilly Capsicum,Other,FAQ,2014-11-24 00:00:00,3000,4500,4000.0,88
Gujarat,Ahmedabad,Ahmedabad,Chilly Capsicum,Other,FAQ,2014-12-01 00:00:00,2500,5500,4500.0,88
Gujarat,Ahmedabad,Ahmedabad,Chilly Capsicum,Other,FAQ,2014-12-02 00:00:00,2500,5000,4000.0,88
Gujarat,Ahmedabad,Ahmedabad,Chilly Capsicum,Other,FAQ,2014-12-08 00:00:00,2000,4500,3500.0,88
Gujarat,Ahmedabad,Ahmedabad,Chilly Capsicum,Other,FAQ,2014-12-11 00:00:00,1000,4500,3000.0,88
Gujarat,Ahmedabad,Ahmedabad,Chilly Capsicum,Other,FAQ,2014-12-31 00:00:00,1000,2500,2000.0,88
Gujarat,Bharuch,Bharuch,Chilly Capsicum,Other,FAQ,2014-10-29 00:00:00,1500,2000,1750.0,88
Gujarat,Bharuch,Bharuch,Chilly Capsicum,Other,FAQ,2014-11-04 00:00:00,1000,1500,1250.0,88
Gujarat,Bharuch,Bharuch,Chilly Capsicum,Other,FAQ,2014-11-21 00:00:00,1200,2000,1600.0,88
Gujarat,Kheda,Nadiad,Chilly Capsicum,Other,FAQ,2014-09-30 00:00:00,1750,2000,1875.0,88
Gujarat,Kheda,Nadiad,Chilly Capsicum,Other,FAQ,2014-10-06 00:00:00,900,2300,1600.0,88
Gujarat,Kheda,Nadiad,Chilly Capsicum,Other,FAQ,2014-10-30 00:00:00,2100,2550,2325.0,88
Gujarat,Kheda,Nadiyad(Piplag),Chilly Capsicum,Other,FAQ,2014-11-07 00:00:00,2000,3000,2500.0,88
Gujarat,Kheda,Nadiyad(Piplag),Chilly Capsicum,Other,FAQ,2014-12-01 00:00:00,1750,2000,1875.0,88
Gujarat,Kheda,Nadiyad(Piplag),Chilly Capsicum,Other,FAQ,2014-12-06 00:00:00,2200,2250,2225.0,88
Gujarat,Kheda,Nadiyad(Piplag),Chilly Capsicum,Other,FAQ,2014-12-10 00:00:00,2300,2400,2350.0,88
Gujarat,Kheda,Nadiyad(Piplag),Chilly Capsicum,Other,FAQ,2014-12-16 00:00:00,2500,2750,2625.0,88
Gujarat,Kheda,Nadiyad(Piplag),Chilly Capsicum,Other,FAQ,2014-12-22 00:00:00,2200,2600,2400.0,88
Gujarat,Kheda,Nadiyad(Piplag),Chilly Capsicum,Other,FAQ,2014-12-26 00:00:00,2000,2400,2200.0,88
Gujarat,Kheda,Nadiyad(Piplag),Chilly Capsicum,Other,FAQ,2014-12-29 00:00:00,1500,2250,1875.0,88
Gujarat,Mehsana,Vijapur(veg),Chilly Capsicum,Other,FAQ,2014-08-07 00:00:00,4050,4050,4050.0,88
Gujarat,Mehsana,Vijapur(veg),Chilly Capsicum,Other,FAQ,2014-08-20 00:00:00,1400,3500,3450.0,88
Gujarat,Mehsana,Vijapur(veg),Chilly Capsicum,Other,FAQ,2014-09-01 00:00:00,750,1900,1300.0,88
Gujarat,Mehsana,Vijapur(veg),Chilly Capsicum,Other,FAQ,2014-09-03 00:00:00,375,1250,900.0,88
Gujarat,Mehsana,Vijapur(veg),Chilly Capsicum,Other,FAQ,2014-09-11 00:00:00,600,1900,1250.0,88
Gujarat,Vadodara(Baroda),Padra,Chilly Capsicum,Other,FAQ,2014-01-10 00:00:00,2250,2300,2275.0,88
Gujarat,Vadodara(Baroda),Padra,Chilly Capsicum,Other,FAQ,2014-01-11 00:00:00,1900,2000,1950.0,88
Gujarat,Vadodara(Baroda),Padra,Chilly Capsicum,Other,FAQ,2014-01-16 00:00:00,1750,2250,2000.0,88
Gujarat,Vadodara(Baroda),Padra,Chilly Capsicum,Other,FAQ,2014-01-18 00:00:00,1750,2250,2000.0,88
Gujarat,Vadodara(Baroda),Padra,Chilly Capsicum,Other,FAQ,2014-02-07 00:00:00,1800,2200,2000.0,88
Gujarat,Vadodara(Baroda),Padra,Chilly Capsicum,Other,FAQ,2014-03-03 00:00:00,1500,1750,1650.0,88
Gujarat,Vadodara(Baroda),Padra,Chilly Capsicum,Other,FAQ,2014-03-05 00:00:00,1500,1800,1700.0,88
Gujarat,Vadodara(Baroda),Padra,Chilly Capsicum,Other,FAQ,2014-03-06 00:00:00,1500,1800,1700.0,88
Gujarat,Vadodara(Baroda),Padra,Chilly Capsicum,Other,FAQ,2014-03-08 00:00:00,1500,1700,1625.0,88
Gujarat,Vadodara(Baroda),Padra,Chilly Capsicum,Other,FAQ,2014-03-18 00:00:00,1500,1750,1650.0,88
Gujarat,Vadodara(Baroda),Padra,Chilly Capsicum,Other,FAQ,2014-03-21 00:00:00,1400,1500,1450.0,88
Gujarat,Vadodara(Baroda),Padra,Chilly Capsicum,Other,FAQ,2014-03-22 00:00:00,1000,1600,1500.0,88
Gujarat,Vadodara(Baroda),Padra,Chilly Capsicum,Other,FAQ,2014-03-24 00:00:00,1000,1500,1300.0,88
Gujarat,Vadodara(Baroda),Padra,Chilly Capsicum,Other,FAQ,2014-03-29 00:00:00,1000,1200,1125.0,88
Gujarat,Vadodara(Baroda),Padra,Chilly Capsicum,Other,FAQ,2014-04-14 00:00:00,1400,1750,1600.0,88
Gujarat,Vadodara(Baroda),Padra,Chilly Capsicum,Other,FAQ,2014-04-16 00:00:00,1500,2000,1800.0,88
Gujarat,Vadodara(Baroda),Padra,Chilly Capsicum,Other,FAQ,2014-05-02 00:00:00,1500,2500,2000.0,88
Gujarat,Vadodara(Baroda),Padra,Chilly Capsicum,Other,FAQ,2014-05-07 00:00:00,1750,2000,1900.0,88
Gujarat,Vadodara(Baroda),Padra,Chilly Capsicum,Other,FAQ,2014-05-13 00:00:00,3000,3500,3300.0,88
Gujarat,Vadodara(Baroda),Padra,Chilly Capsicum,Other,FAQ,2014-05-16 00:00:00,1000,1500,1300.0,88
Gujarat,Vadodara(Baroda),Padra,Chilly Capsicum,Other,FAQ,2014-06-05 00:00:00,2250,2750,2500.0,88
Gujarat,Vadodara(Baroda),Padra,Chilly Capsicum,Other,FAQ,2014-06-10 00:00:00,2700,3000,2850.0,88
Gujarat,Vadodara(Baroda),Padra,Chilly Capsicum,Other,FAQ,2014-07-09 00:00:00,3500,3750,3650.0,88
Gujarat,Vadodara(Baroda),Padra,Chilly Capsicum,Other,FAQ,2014-07-15 00:00:00,3000,3500,3300.0,88
Gujarat,Vadodara(Baroda),Padra,Chilly Capsicum,Other,FAQ,2014-07-23 00:00:00,2500,3500,3000.0,88
Gujarat,Vadodara(Baroda),Padra,Chilly Capsicum,Other,FAQ,2014-08-18 00:00:00,2500,3500,3000.0,88
Gujarat,Vadodara(Baroda),Padra,Chilly Capsicum,Other,FAQ,2014-08-26 00:00:00,1750,3250,2750.0,88
Gujarat,Vadodara(Baroda),Padra,Chilly Capsicum,Other,FAQ,2014-08-27 00:00:00,1400,3000,2500.0,88
Gujarat,Vadodara(Baroda),Padra,Chilly Capsicum,Other,FAQ,2014-08-30 00:00:00,1250,1750,1500.0,88
Gujarat,Vadodara(Baroda),Padra,Chilly Capsicum,Other,FAQ,2014-09-08 00:00:00,1150,1600,1500.0,88
Gujarat,Vadodara(Baroda),Padra,Chilly Capsicum,Other,FAQ,2014-09-10 00:00:00,2500,3000,2800.0,88
Gujarat,Vadodara(Baroda),Padra,Chilly Capsicum,Other,FAQ,2014-09-12 00:00:00,1500,2000,1800.0,88
Gujarat,Vadodara(Baroda),Padra,Chilly Capsicum,Other,FAQ,2014-09-18 00:00:00,2000,2250,2150.0,88
Gujarat,Vadodara(Baroda),Padra,Chilly Capsicum,Other,FAQ,2014-09-23 00:00:00,1750,2000,1900.0,88
Gujarat,Vadodara(Baroda),Padra,Chilly Capsicum,Other,FAQ,2014-09-27 00:00:00,1750,2250,2000.0,88
Gujarat,Vadodara(Baroda),Padra,Chilly Capsicum,Other,FAQ,2014-09-30 00:00:00,1500,2000,1800.0,88
Gujarat,Vadodara(Baroda),Padra,Chilly Capsicum,Other,FAQ,2014-10-28 00:00:00,2250,2750,2500.0,88
Gujarat,Vadodara(Baroda),Padra,Chilly Capsicum,Other,FAQ,2014-10-29 00:00:00,2750,3000,2900.0,88
Gujarat,Vadodara(Baroda),Padra,Chilly Capsicum,Other,FAQ,2014-10-31 00:00:00,2250,2500,2400.0,88
Gujarat,Vadodara(Baroda),Padra,Chilly Capsicum,Other,FAQ,2014-12-08 00:00:00,2750,3500,3250.0,88
Gujarat,Vadodara(Baroda),Padra,Chilly Capsicum,Other,FAQ,2014-12-18 00:00:00,2500,2750,2650.0,88
Gujarat,Vadodara(Baroda),Padra,Chilly Capsicum,Other,FAQ,2014-12-26 00:00:00,2750,3500,3250.0,88
Gujarat,Vadodara(Baroda),Padra,Chilly Capsicum,Other,FAQ,2014-12-27 00:00:00,2250,3250,3000.0,88
Gujarat,Vadodara(Baroda),Vadodara(Sayajipura),Chilly Capsicum,Other,FAQ,2014-01-02 00:00:00,1000,1200,1150.0,88
Gujarat,Vadodara(Baroda),Vadodara(Sayajipura),Chilly Capsicum,Other,FAQ,2014-01-05 00:00:00,1000,1200,1125.0,88
Gujarat,Vadodara(Baroda),Vadodara(Sayajipura),Chilly Capsicum,Other,FAQ,2014-01-09 00:00:00,1100,1400,1300.0,88
Gujarat,Vadodara(Baroda),Vadodara(Sayajipura),Chilly Capsicum,Other,FAQ,2014-01-10 00:00:00,1200,1300,1275.0,88
Gujarat,Vadodara(Baroda),Vadodara(Sayajipura),Chilly Capsicum,Other,FAQ,2014-01-17 00:00:00,1300,1500,1450.0,88
Gujarat,Vadodara(Baroda),Vadodara(Sayajipura),Chilly Capsicum,Other,FAQ,2014-02-04 00:00:00,1000,1200,1150.0,88
Gujarat,Vadodara(Baroda),Vadodara(Sayajipura),Chilly Capsicum,Other,FAQ,2014-02-07 00:00:00,1300,1500,1450.0,88
Gujarat,Vadodara(Baroda),Vadodara(Sayajipura),Chilly Capsicum,Other,FAQ,2014-02-10 00:00:00,1300,1500,1450.0,88
Gujarat,Vadodara(Baroda),Vadodara(Sayajipura),Chilly Capsicum,Other,FAQ,2014-02-11 00:00:00,1500,1800,1700.0,88
Gujarat,Vadodara(Baroda),Vadodara(Sayajipura),Chilly Capsicum,Other,FAQ,2014-02-17 00:00:00,1000,2000,1575.0,88
Gujarat,Vadodara(Baroda),Vadodara(Sayajipura),Chilly Capsicum,Other,FAQ,2014-02-19 00:00:00,1500,2250,2000.0,88
Gujarat,Vadodara(Baroda),Vadodara(Sayajipura),Chilly Capsicum,Other,FAQ,2014-02-28 00:00:00,1500,2000,1825.0,88
Gujarat,Vadodara(Baroda),Vadodara(Sayajipura),Chilly Capsicum,Other,FAQ,2014-03-04 00:00:00,1500,2000,1750.0,88
Gujarat,Vadodara(Baroda),Vadodara(Sayajipura),Chilly Capsicum,Other,FAQ,2014-03-07 00:00:00,1200,2000,1650.0,88
Gujarat,Vadodara(Baroda),Vadodara(Sayajipura),Chilly Capsicum,Other,FAQ,2014-03-09 00:00:00,1200,2000,1650.0,88
Gujarat,Vadodara(Baroda),Vadodara(Sayajipura),Chilly Capsicum,Other,FAQ,2014-03-13 00:00:00,1300,1500,1450.0,88
Gujarat,Vadodara(Baroda),Vadodara(Sayajipura),Chilly Capsicum,Other,FAQ,2014-03-14 00:00:00,1300,1600,1500.0,88
Gujarat,Vadodara(Baroda),Vadodara(Sayajipura),Chilly Capsicum,Other,FAQ,2014-03-20 00:00:00,1100,1500,1350.0,88
Gujarat,Vadodara(Baroda),Vadodara(Sayajipura),Chilly Capsicum,Other,FAQ,2014-03-24 00:00:00,1000,1500,1300.0,88
Gujarat,Vadodara(Baroda),Vadodara(Sayajipura),Chilly Capsicum,Other,FAQ,2014-04-02 00:00:00,900,1000,975.0,88
Gujarat,Vadodara(Baroda),Vadodara(Sayajipura),Chilly Capsicum,Other,FAQ,2014-04-10 00:00:00,800,1000,900.0,88
Gujarat,Vadodara(Baroda),Vadodara(Sayajipura),Chilly Capsicum,Other,FAQ,2014-04-17 00:00:00,800,1000,950.0,88
Gujarat,Vadodara(Baroda),Vadodara(Sayajipura),Chilly Capsicum,Other,FAQ,2014-04-22 00:00:00,600,800,750.0,88
Gujarat,Vadodara(Baroda),Vadodara(Sayajipura),Chilly Capsicum,Other,FAQ,2014-04-27 00:00:00,600,800,750.0,88
Gujarat,Vadodara(Baroda),Vadodara(Sayajipura),Chilly Capsicum,Other,FAQ,2014-05-07 00:00:00,500,1200,900.0,88
Gujarat,Vadodara(Baroda),Vadodara(Sayajipura),Chilly Capsicum,Other,FAQ,2014-05-11 00:00:00,1200,1400,1325.0,88
Gujarat,Vadodara(Baroda),Vadodara(Sayajipura),Chilly Capsicum,Other,FAQ,2014-05-12 00:00:00,1200,1400,1325.0,88
Gujarat,Vadodara(Baroda),Vadodara(Sayajipura),Chilly Capsicum,Other,FAQ,2014-05-17 00:00:00,1000,1500,1275.0,88
Gujarat,Vadodara(Baroda),Vadodara(Sayajipura),Chilly Capsicum,Other,FAQ,2014-05-19 00:00:00,1000,1300,1175.0,88
Gujarat,Vadodara(Baroda),Vadodara(Sayajipura),Chilly Capsicum,Other,FAQ,2014-05-27 00:00:00,1000,1500,1250.0,88
Gujarat,Vadodara(Baroda),Vadodara(Sayajipura),Chilly Capsicum,Other,FAQ,2014-05-30 00:00:00,1500,2000,1800.0,88
Gujarat,Vadodara(Baroda),Vadodara(Sayajipura),Chilly Capsicum,Other,FAQ,2014-05-31 00:00:00,1600,2000,1825.0,88
Gujarat,Vadodara(Baroda),Vadodara(Sayajipura),Chilly Capsicum,Other,FAQ,2014-06-01 00:00:00,1500,2000,1825.0,88
Gujarat,Vadodara(Baroda),Vadodara(Sayajipura),Chilly Capsicum,Other,FAQ,2014-06-07 00:00:00,1500,2000,1825.0,88
Gujarat,Vadodara(Baroda),Vadodara(Sayajipura),Chilly Capsicum,Other,FAQ,2014-06-09 00:00:00,1500,2000,1825.0,88
Gujarat,Vadodara(Baroda),Vadodara(Sayajipura),Chilly Capsicum,Other,FAQ,2014-07-01 00:00:00,2500,3000,2825.0,88
Gujarat,Vadodara(Baroda),Vadodara(Sayajipura),Chilly Capsicum,Other,FAQ,2014-08-03 00:00:00,3500,4000,3825.0,88
Gujarat,Vadodara(Baroda),Vadodara(Sayajipura),Chilly Capsicum,Other,FAQ,2014-08-06 00:00:00,3750,4250,4075.0,88
Gujarat,Vadodara(Baroda),Vadodara(Sayajipura),Chilly Capsicum,Other,FAQ,2014-08-09 00:00:00,3500,4000,3775.0,88
Gujarat,Vadodara(Baroda),Vadodara(Sayajipura),Chilly Capsicum,Other,FAQ,2014-08-11 00:00:00,4000,5000,4550.0,88
Gujarat,Vadodara(Baroda),Vadodara(Sayajipura),Chilly Capsicum,Other,FAQ,2014-08-13 00:00:00,4000,4500,4300.0,88
Gujarat,Vadodara(Baroda),Vadodara(Sayajipura),Chilly Capsicum,Other,FAQ,2014-09-04 00:00:00,2250,2500,2425.0,88
Gujarat,Vadodara(Baroda),Vadodara(Sayajipura),Chilly Capsicum,Other,FAQ,2014-09-07 00:00:00,2000,2500,2325.0,88
Gujarat,Vadodara(Baroda),Vadodara(Sayajipura),Chilly Capsicum,Other,FAQ,2014-09-13 00:00:00,2500,3500,3025.0,88
Gujarat,Vadodara(Baroda),Vadodara(Sayajipura),Chilly Capsicum,Other,FAQ,2014-10-03 00:00:00,3000,3500,3300.0,88
Gujarat,Vadodara(Baroda),Vadodara(Sayajipura),Chilly Capsicum,Other,FAQ,2014-10-12 00:00:00,2500,3000,2775.0,88
Gujarat,Vadodara(Baroda),Vadodara(Sayajipura),Chilly Capsicum,Other,FAQ,2014-10-14 00:00:00,2750,3000,2925.0,88
Gujarat,Vadodara(Baroda),Vadodara(Sayajipura),Chilly Capsicum,Other,FAQ,2014-10-19 00:00:00,4250,4500,4450.0,88
Gujarat,Vadodara(Baroda),Vadodara(Sayajipura),Chilly Capsicum,Other,FAQ,2014-10-21 00:00:00,3000,3250,3200.0,88
Gujarat,Vadodara(Baroda),Vadodara(Sayajipura),Chilly Capsicum,Other,FAQ,2014-10-23 00:00:00,3000,3250,3200.0,88
Gujarat,Vadodara(Baroda),Vadodara(Sayajipura),Chilly Capsicum,Other,FAQ,2014-10-28 00:00:00,3500,5000,4300.0,88
Gujarat,Vadodara(Baroda),Vadodara(Sayajipura),Chilly Capsicum,Other,FAQ,2014-10-29 00:00:00,2500,3500,3050.0,88
Gujarat,Vadodara(Baroda),Vadodara(Sayajipura),Chilly Capsicum,Other,FAQ,2014-11-02 00:00:00,3000,3500,3300.0,88
Gujarat,Vadodara(Baroda),Vadodara(Sayajipura),Chilly Capsicum,Other,FAQ,2014-11-07 00:00:00,3000,3500,3300.0,88
Gujarat,Vadodara(Baroda),Vadodara(Sayajipura),Chilly Capsicum,Other,FAQ,2014-11-09 00:00:00,3000,3500,3300.0,88
Gujarat,Vadodara(Baroda),Vadodara(Sayajipura),Chilly Capsicum,Other,FAQ,2014-11-11 00:00:00,3000,3500,3300.0,88
Gujarat,Vadodara(Baroda),Vadodara(Sayajipura),Chilly Capsicum,Other,FAQ,2014-11-23 00:00:00,2500,3500,3075.0,88
Gujarat,Vadodara(Baroda),Vadodara(Sayajipura),Chilly Capsicum,Other,FAQ,2014-11-29 00:00:00,5000,5500,5300.0,88
Gujarat,Vadodara(Baroda),Vadodara(Sayajipura),Chilly Capsicum,Other,FAQ,2014-12-12 00:00:00,2000,2500,2300.0,88
Gujarat,Vadodara(Baroda),Vadodara(Sayajipura),Chilly Capsicum,Other,FAQ,2014-12-17 00:00:00,2500,3000,2800.0,88
Gujarat,Vadodara(Baroda),Vadodara(Sayajipura),Chilly Capsicum,Other,FAQ,2014-12-22 00:00:00,1500,1750,1700.0,88
Gujarat,Vadodara(Baroda),Vadodara(Sayajipura),Chilly Capsicum,Other,FAQ,2014-12-30 00:00:00,1800,2000,1950.0,88
Gujarat,Ahmedabad,Ahmedabad,Chilly Capsicum,Other,FAQ,2009-01-06 00:00:00,400,1100,900.0,88
Gujarat,Ahmedabad,Ahmedabad,Chilly Capsicum,Other,FAQ,2009-01-07 00:00:00,750,1000,900.0,88
Gujarat,Ahmedabad,Ahmedabad,Chilly Capsicum,Other,FAQ,2009-01-28 00:00:00,600,800,700.0,88
Gujarat,Ahmedabad,Ahmedabad,Chilly Capsicum,Other,FAQ,2009-01-30 00:00:00,400,800,600.0,88
Gujarat,Ahmedabad,Ahmedabad,Chilly Capsicum,Other,FAQ,2009-02-04 00:00:00,300,800,600.0,88
Gujarat,Ahmedabad,Ahmedabad,Chilly Capsicum,Other,FAQ,2009-02-06 00:00:00,300,700,500.0,88
Gujarat,Ahmedabad,Ahmedabad,Chilly Capsicum,Other,FAQ,2009-02-10 00:00:00,300,800,600.0,88
Gujarat,Ahmedabad,Ahmedabad,Chilly Capsicum,Other,FAQ,2009-02-12 00:00:00,400,1000,700.0,88
Gujarat,Ahmedabad,Ahmedabad,Chilly Capsicum,Other,FAQ,2009-03-05 00:00:00,600,1400,1200.0,88
Gujarat,Ahmedabad,Ahmedabad,Chilly Capsicum,Other,FAQ,2009-03-07 00:00:00,400,1300,1200.0,88
Gujarat,Ahmedabad,Ahmedabad,Chilly Capsicum,Other,FAQ,2009-03-13 00:00:00,500,1900,1500.0,88
Gujarat,Ahmedabad,Ahmedabad,Chilly Capsicum,Other,FAQ,2009-03-21 00:00:00,400,1500,1200.0,88
Gujarat,Ahmedabad,Ahmedabad,Chilly Capsicum,Other,FAQ,2009-03-24 00:00:00,400,2300,1700.0,88
Gujarat,Ahmedabad,Ahmedabad,Chilly Capsicum,Other,FAQ,2009-03-27 00:00:00,1000,2000,1600.0,88
Gujarat,Ahmedabad,Ahmedabad,Chilly Capsicum,Other,FAQ,2009-04-06 00:00:00,400,1900,1500.0,88
Gujarat,Ahmedabad,Ahmedabad,Chilly Capsicum,Other,FAQ,2009-04-11 00:00:00,700,2500,1700.0,88
Gujarat,Ahmedabad,Ahmedabad,Chilly Capsicum,Other,FAQ,2009-04-13 00:00:00,1000,2500,1850.0,88
Gujarat,Ahmedabad,Ahmedabad,Chilly Capsicum,Other,FAQ,2009-04-18 00:00:00,500,2300,1800.0,88
Gujarat,Ahmedabad,Ahmedabad,Chilly Capsicum,Other,FAQ,2009-04-20 00:00:00,400,2100,1700.0,88
Gujarat,Ahmedabad,Ahmedabad,Chilly Capsicum,Other,FAQ,2009-04-21 00:00:00,400,2000,1600.0,88
Gujarat,Ahmedabad,Ahmedabad,Chilly Capsicum,Other,FAQ,2009-04-22 00:00:00,300,2000,1600.0,88
Gujarat,Ahmedabad,Ahmedabad,Chilly Capsicum,Other,FAQ,2009-04-24 00:00:00,500,2000,1700.0,88
Gujarat,Ahmedabad,Ahmedabad,Chilly Capsicum,Other,FAQ,2009-04-28 00:00:00,900,2000,1700.0,88
Gujarat,Ahmedabad,Ahmedabad,Chilly Capsicum,Other,FAQ,2009-04-30 00:00:00,400,2000,1600.0,88
Gujarat,Ahmedabad,Ahmedabad,Chilly Capsicum,Other,FAQ,2009-05-09 00:00:00,200,1900,1500.0,88
Gujarat,Ahmedabad,Ahmedabad,Chilly Capsicum,Other,FAQ,2009-05-14 00:00:00,400,1800,1600.0,88
Gujarat,Ahmedabad,Ahmedabad,Chilly Capsicum,Other,FAQ,2009-05-15 00:00:00,300,1900,1600.0,88
Gujarat,Ahmedabad,Ahmedabad,Chilly Capsicum,Other,FAQ,2009-05-23 00:00:00,1000,1800,1500.0,88
Gujarat,Ahmedabad,Ahmedabad,Chilly Capsicum,Other,FAQ,2009-05-25 00:00:00,500,1800,1500.0,88
Gujarat,Ahmedabad,Ahmedabad,Chilly Capsicum,Other,FAQ,2009-05-30 00:00:00,300,2300,1600.0,88
Gujarat,Ahmedabad,Ahmedabad,Chilly Capsicum,Other,FAQ,2009-06-09 00:00:00,300,2300,1800.0,88
Gujarat,Ahmedabad,Ahmedabad,Chilly Capsicum,Other,FAQ,2009-06-17 00:00:00,1200,2200,1900.0,88
Gujarat,Ahmedabad,Ahmedabad,Chilly Capsicum,Other,FAQ,2009-06-19 00:00:00,800,2400,1900.0,88
Gujarat,Ahmedabad,Ahmedabad,Chilly Capsicum,Other,FAQ,2009-06-25 00:00:00,1200,2000,1800.0,88
Gujarat,Ahmedabad,Ahmedabad,Chilly Capsicum,Other,FAQ,2009-06-29 00:00:00,1500,2000,1800.0,88
Gujarat,Ahmedabad,Ahmedabad,Chilly Capsicum,Other,FAQ,2009-07-06 00:00:00,1000,2500,1900.0,88
Gujarat,Ahmedabad,Ahmedabad,Chilly Capsicum,Other,FAQ,2009-07-11 00:00:00,900,2300,1900.0,88
Gujarat,Ahmedabad,Ahmedabad,Chilly Capsicum,Other,FAQ,2009-07-13 00:00:00,1000,2200,1950.0,88
Gujarat,Ahmedabad,Ahmedabad,Chilly Capsicum,Other,FAQ,2009-07-20 00:00:00,800,2000,1800.0,88
Gujarat,Ahmedabad,Ahmedabad,Chilly Capsicum,Other,FAQ,2009-07-22 00:00:00,1200,2000,1700.0,88
Gujarat,Ahmedabad,Ahmedabad,Chilly Capsicum,Other,FAQ,2009-07-30 00:00:00,500,3000,2600.0,88
Gujarat,Ahmedabad,Ahmedabad,Chilly Capsicum,Other,FAQ,2009-07-31 00:00:00,1800,3000,2600.0,88
Gujarat,Ahmedabad,Ahmedabad,Chilly Capsicum,Other,FAQ,2009-08-04 00:00:00,2000,3000,2800.0,88
Gujarat,Ahmedabad,Ahmedabad,Chilly Capsicum,Other,FAQ,2009-08-06 00:00:00,1250,2200,1900.0,88
Gujarat,Ahmedabad,Ahmedabad,Chilly Capsicum,Other,FAQ,2009-08-10 00:00:00,1000,2200,1900.0,88
Gujarat,Ahmedabad,Ahmedabad,Chilly Capsicum,Other,FAQ,2009-08-12 00:00:00,300,2200,1700.0,88
Gujarat,Ahmedabad,Ahmedabad,Chilly Capsicum,Other,FAQ,2009-08-13 00:00:00,800,1500,1300.0,88
Gujarat,Ahmedabad,Ahmedabad,Chilly Capsicum,Other,FAQ,2009-08-26 00:00:00,800,1500,1300.0,88
Gujarat,Ahmedabad,Ahmedabad,Chilly Capsicum,Other,FAQ,2009-09-08 00:00:00,500,1200,1000.0,88
Gujarat,Ahmedabad,Ahmedabad,Chilly Capsicum,Other,FAQ,2009-09-22 00:00:00,1500,2500,2100.0,88
Gujarat,Ahmedabad,Ahmedabad,Chilly Capsicum,Other,FAQ,2009-09-29 00:00:00,1500,2500,2200.0,88
Gujarat,Ahmedabad,Ahmedabad,Chilly Capsicum,Other,FAQ,2009-09-30 00:00:00,1500,2500,2200.0,88
Gujarat,Ahmedabad,Ahmedabad,Chilly Capsicum,Other,FAQ,2009-10-01 00:00:00,1200,2500,2000.0,88
Gujarat,Ahmedabad,Ahmedabad,Chilly Capsicum,Other,FAQ,2009-10-17 00:00:00,2500,3500,3200.0,88
Gujarat,Ahmedabad,Ahmedabad,Chilly Capsicum,Other,FAQ,2009-10-24 00:00:00,1800,2500,2200.0,88
Gujarat,Ahmedabad,Ahmedabad,Chilly Capsicum,Other,FAQ,2009-10-28 00:00:00,1500,3250,2800.0,88
Gujarat,Ahmedabad,Ahmedabad,Chilly Capsicum,Other,FAQ,2009-10-31 00:00:00,1500,3200,2400.0,88
Gujarat,Ahmedabad,Ahmedabad,Chilly Capsicum,Other,FAQ,2009-11-05 00:00:00,2500,3000,2800.0,88
Gujarat,Ahmedabad,Ahmedabad,Chilly Capsicum,Other,FAQ,2009-11-12 00:00:00,1500,2200,2000.0,88
Gujarat,Ahmedabad,Ahmedabad,Chilly Capsicum,Other,FAQ,2009-11-18 00:00:00,1000,1500,1300.0,88
Gujarat,Ahmedabad,Ahmedabad,Chilly Capsicum,Other,FAQ,2009-11-20 00:00:00,1200,2000,1800.0,88
Gujarat,Ahmedabad,Ahmedabad,Chilly Capsicum,Other,FAQ,2009-11-30 00:00:00,1800,2600,2300.0,88
Gujarat,Ahmedabad,Ahmedabad,Chilly Capsicum,Other,FAQ,2009-12-02 00:00:00,1800,2500,2200.0,88
Gujarat,Ahmedabad,Ahmedabad,Chilly Capsicum,Other,FAQ,2009-12-05 00:00:00,1000,2500,2100.0,88
Gujarat,Ahmedabad,Ahmedabad,Chilly Capsicum,Other,FAQ,2009-12-08 00:00:00,2000,2650,2500.0,88
Gujarat,Ahmedabad,Ahmedabad,Chilly Capsicum,Other,FAQ,2009-12-11 00:00:00,1500,2800,2500.0,88
Gujarat,Ahmedabad,Ahmedabad,Chilly Capsicum,Other,FAQ,2009-12-26 00:00:00,600,1300,1100.0,88
Gujarat,Ahmedabad,Dholka,Chilly Capsicum,Other,FAQ,2009-01-09 00:00:00,650,1200,850.0,88
Gujarat,Ahmedabad,Dholka,Chilly Capsicum,Other,FAQ,2009-01-17 00:00:00,450,900,750.0,88
Gujarat,Ahmedabad,Dholka,Chilly Capsicum,Other,FAQ,2009-01-19 00:00:00,800,1250,1000.0,88
Gujarat,Ahmedabad,Dholka,Chilly Capsicum,Other,FAQ,2009-01-23 00:00:00,850,1200,1000.0,88
Gujarat,Ahmedabad,Dholka,Chilly Capsicum,Other,FAQ,2009-02-10 00:00:00,600,1000,850.0,88
Gujarat,Ahmedabad,Dholka,Chilly Capsicum,Other,FAQ,2009-02-12 00:00:00,450,800,650.0,88
Gujarat,Ahmedabad,Dholka,Chilly Capsicum,Other,FAQ,2009-02-17 00:00:00,550,900,750.0,88
Gujarat,Ahmedabad,Dholka,Chilly Capsicum,Other,FAQ,2009-03-10 00:00:00,500,900,775.0,88
Gujarat,Ahmedabad,Dholka,Chilly Capsicum,Other,FAQ,2009-03-12 00:00:00,650,1050,800.0,88
Gujarat,Ahmedabad,Dholka,Chilly Capsicum,Other,FAQ,2009-03-14 00:00:00,600,1100,850.0,88
Gujarat,Ahmedabad,Dholka,Chilly Capsicum,Other,FAQ,2009-03-16 00:00:00,600,850,800.0,88
Gujarat,Ahmedabad,Dholka,Chilly Capsicum,Other,FAQ,2009-04-17 00:00:00,500,800,700.0,88
Gujarat,Ahmedabad,Dholka,Chilly Capsicum,Other,FAQ,2009-06-01 00:00:00,600,1100,1000.0,88
Gujarat,Ahmedabad,Dholka,Chilly Capsicum,Other,FAQ,2009-06-04 00:00:00,900,1250,1000.0,88
Gujarat,Ahmedabad,Dholka,Chilly Capsicum,Other,FAQ,2009-06-09 00:00:00,750,1200,1000.0,88
Gujarat,Ahmedabad,Dholka,Chilly Capsicum,Other,FAQ,2009-07-14 00:00:00,800,1500,1400.0,88
Gujarat,Ahmedabad,Dholka,Chilly Capsicum,Other,FAQ,2009-07-17 00:00:00,750,1175,1050.0,88
Gujarat,Ahmedabad,Dholka,Chilly Capsicum,Other,FAQ,2009-07-18 00:00:00,900,1500,1150.0,88
Gujarat,Ahmedabad,Dholka,Chilly Capsicum,Other,FAQ,2009-07-20 00:00:00,800,1550,1350.0,88
Gujarat,Ahmedabad,Dholka,Chilly Capsicum,Other,FAQ,2009-07-29 00:00:00,800,1450,1250.0,88
Gujarat,Ahmedabad,Dholka,Chilly Capsicum,Other,FAQ,2009-08-01 00:00:00,700,1500,1250.0,88
Gujarat,Ahmedabad,Dholka,Chilly Capsicum,Other,FAQ,2009-08-04 00:00:00,1000,1250,1100.0,88
Gujarat,Ahmedabad,Dholka,Chilly Capsicum,Other,FAQ,2009-08-17 00:00:00,1000,1500,1250.0,88
Gujarat,Ahmedabad,Dholka,Chilly Capsicum,Other,FAQ,2009-08-20 00:00:00,600,1200,900.0,88
Gujarat,Ahmedabad,Dholka,Chilly Capsicum,Other,FAQ,2009-08-21 00:00:00,600,800,750.0,88
Gujarat,Ahmedabad,Dholka,Chilly Capsicum,Other,FAQ,2009-08-27 00:00:00,900,1200,1100.0,88
Gujarat,Ahmedabad,Dholka,Chilly Capsicum,Other,FAQ,2009-09-11 00:00:00,600,1100,950.0,88
Gujarat,Ahmedabad,Dholka,Chilly Capsicum,Other,FAQ,2009-09-15 00:00:00,700,750,720.0,88
Gujarat,Ahmedabad,Dholka,Chilly Capsicum,Other,FAQ,2009-10-06 00:00:00,800,1200,1100.0,88
Gujarat,Ahmedabad,Dholka,Chilly Capsicum,Other,FAQ,2009-10-10 00:00:00,600,900,750.0,88
Gujarat,Ahmedabad,Dholka,Chilly Capsicum,Other,FAQ,2009-11-04 00:00:00,500,1000,800.0,88
Gujarat,Ahmedabad,Dholka,Chilly Capsicum,Other,FAQ,2009-11-09 00:00:00,600,800,700.0,88
Gujarat,Ahmedabad,Dholka,Chilly Capsicum,Other,FAQ,2009-11-19 00:00:00,400,800,600.0,88
Gujarat,Ahmedabad,Dholka,Chilly Capsicum,Other,FAQ,2009-12-01 00:00:00,400,900,600.0,88
Gujarat,Ahmedabad,Dholka,Chilly Capsicum,Other,FAQ,2009-12-03 00:00:00,400,900,700.0,88
Gujarat,Ahmedabad,Dholka,Chilly Capsicum,Other,FAQ,2009-12-10 00:00:00,500,750,600.0,88
Gujarat,Bharuch,Bharuch,Chilly Capsicum,Other,FAQ,2009-01-22 00:00:00,800,1000,900.0,88
Gujarat,Bharuch,Bharuch,Chilly Capsicum,Other,FAQ,2009-01-30 00:00:00,700,1000,850.0,88
Gujarat,Bharuch,Bharuch,Chilly Capsicum,Other,FAQ,2009-03-17 00:00:00,1500,2000,1750.0,88
Gujarat,Bharuch,Bharuch,Chilly Capsicum,Other,FAQ,2009-04-01 00:00:00,1200,1500,1350.0,88
Gujarat,Bharuch,Bharuch,Chilly Capsicum,Other,FAQ,2009-04-24 00:00:00,1200,1500,1350.0,88
Gujarat,Rajkot,Gondal,Chilly Capsicum,Other,FAQ,2009-01-01 00:00:00,400,1000,700.0,88
Gujarat,Rajkot,Gondal,Chilly Capsicum,Other,FAQ,2009-01-05 00:00:00,350,750,500.0,88
Gujarat,Rajkot,Gondal,Chilly Capsicum,Other,FAQ,2009-01-07 00:00:00,750,900,825.0,88
Gujarat,Rajkot,Gondal,Chilly Capsicum,Other,FAQ,2009-01-08 00:00:00,750,850,800.0,88
Gujarat,Rajkot,Gondal,Chilly Capsicum,Other,FAQ,2009-01-09 00:00:00,500,800,600.0,88
Gujarat,Rajkot,Gondal,Chilly Capsicum,Other,FAQ,2009-01-11 00:00:00,750,875,800.0,88
Gujarat,Rajkot,Gondal,Chilly Capsicum,Other,FAQ,2009-03-15 00:00:00,750,1750,1250.0,88
Gujarat,Rajkot,Gondal,Chilly Capsicum,Other,FAQ,2009-03-16 00:00:00,1000,1600,1300.0,88
Gujarat,Rajkot,Gondal,Chilly Capsicum,Other,FAQ,2009-03-18 00:00:00,1250,1750,1600.0,88
Gujarat,Rajkot,Gondal,Chilly Capsicum,Other,FAQ,2009-03-20 00:00:00,500,1700,1200.0,88
Gujarat,Rajkot,Gondal,Chilly Capsicum,Other,FAQ,2009-03-23 00:00:00,1000,2400,1700.0,88
Gujarat,Rajkot,Gondal,Chilly Capsicum,Other,FAQ,2009-03-24 00:00:00,1250,2000,1600.0,88
Gujarat,Rajkot,Gondal,Chilly Capsicum,Other,FAQ,2009-03-25 00:00:00,1500,2550,2000.0,88
Gujarat,Rajkot,Gondal,Chilly Capsicum,Other,FAQ,2009-03-28 00:00:00,2500,3000,2750.0,88
Gujarat,Rajkot,Gondal,Chilly Capsicum,Other,FAQ,2009-04-01 00:00:00,1500,2000,1750.0,88
Gujarat,Rajkot,Gondal,Chilly Capsicum,Other,FAQ,2009-04-06 00:00:00,1500,2125,1800.0,88
Gujarat,Rajkot,Gondal,Chilly Capsicum,Other,FAQ,2009-04-09 00:00:00,1250,2250,1800.0,88
Gujarat,Rajkot,Gondal,Chilly Capsicum,Other,FAQ,2009-04-13 00:00:00,750,1500,1000.0,88
Gujarat,Rajkot,Gondal,Chilly Capsicum,Other,FAQ,2009-04-14 00:00:00,2500,3005,2750.0,88
Gujarat,Rajkot,Gondal,Chilly Capsicum,Other,FAQ,2009-04-17 00:00:00,1000,1500,1250.0,88
Gujarat,Rajkot,Gondal,Chilly Capsicum,Other,FAQ,2009-04-24 00:00:00,1250,1900,1650.0,88
Gujarat,Rajkot,Gondal,Chilly Capsicum,Other,FAQ,2009-04-26 00:00:00,1900,3000,2500.0,88
Gujarat,Rajkot,Gondal,Chilly Capsicum,Other,FAQ,2009-05-04 00:00:00,1000,2000,1500.0,88
Gujarat,Rajkot,Gondal,Chilly Capsicum,Other,FAQ,2009-05-06 00:00:00,1000,2500,1750.0,88
Gujarat,Rajkot,Gondal,Chilly Capsicum,Other,FAQ,2009-05-12 00:00:00,1400,2250,1800.0,88
Gujarat,Rajkot,Gondal,Chilly Capsicum,Other,FAQ,2009-05-15 00:00:00,1100,2500,1800.0,88
Gujarat,Rajkot,Gondal,Chilly Capsicum,Other,FAQ,2009-05-16 00:00:00,750,2750,1300.0,88
Gujarat,Rajkot,Gondal,Chilly Capsicum,Other,FAQ,2009-05-17 00:00:00,1000,2500,1750.0,88
Gujarat,Rajkot,Gondal,Chilly Capsicum,Other,FAQ,2009-05-20 00:00:00,1050,2000,1500.0,88
Gujarat,Rajkot,Gondal,Chilly Capsicum,Other,FAQ,2009-06-06 00:00:00,1000,1500,1250.0,88
Gujarat,Rajkot,Gondal,Chilly Capsicum,Other,FAQ,2009-06-07 00:00:00,750,1000,825.0,88
Gujarat,Rajkot,Gondal,Chilly Capsicum,Other,FAQ,2009-06-09 00:00:00,1000,1500,1250.0,88
Gujarat,Rajkot,Gondal,Chilly Capsicum,Other,FAQ,2009-07-03 00:00:00,1450,1600,1525.0,88
Gujarat,Rajkot,Gondal,Chilly Capsicum,Other,FAQ,2009-07-11 00:00:00,1500,2800,2100.0,88
Gujarat,Rajkot,Gondal,Chilly Capsicum,Other,FAQ,2009-07-12 00:00:00,2000,2550,2300.0,88
Gujarat,Rajkot,Gondal,Chilly Capsicum,Other,FAQ,2009-07-19 00:00:00,1000,1750,1450.0,88
Gujarat,Rajkot,Gondal,Chilly Capsicum,Other,FAQ,2009-07-24 00:00:00,2000,2750,2350.0,88
Gujarat,Rajkot,Gondal,Chilly Capsicum,Other,FAQ,2009-07-26 00:00:00,1000,2000,1500.0,88
Gujarat,Rajkot,Gondal,Chilly Capsicum,Other,FAQ,2009-07-27 00:00:00,1000,1500,1250.0,88
Gujarat,Rajkot,Gondal,Chilly Capsicum,Other,FAQ,2009-07-29 00:00:00,1500,2250,1900.0,88
Gujarat,Rajkot,Gondal,Chilly Capsicum,Other,FAQ,2009-07-31 00:00:00,2000,3250,2700.0,88
Gujarat,Rajkot,Gondal,Chilly Capsicum,Other,FAQ,2009-08-27 00:00:00,850,1250,1000.0,88
Gujarat,Rajkot,Gondal,Chilly Capsicum,Other,FAQ,2009-09-06 00:00:00,300,1100,650.0,88
Gujarat,Vadodara(Baroda),Padra,Chilly Capsicum,Other,FAQ,2009-01-10 00:00:00,600,1000,800.0,88
Gujarat,Vadodara(Baroda),Padra,Chilly Capsicum,Other,FAQ,2009-01-13 00:00:00,500,800,700.0,88
Gujarat,Vadodara(Baroda),Padra,Chilly Capsicum,Other,FAQ,2009-01-30 00:00:00,500,550,525.0,88
Gujarat,Vadodara(Baroda),Padra,Chilly Capsicum,Other,FAQ,2009-02-06 00:00:00,600,650,625.0,88
Gujarat,Vadodara(Baroda),Padra,Chilly Capsicum,Other,FAQ,2009-03-07 00:00:00,700,900,825.0,88
Gujarat,Vadodara(Baroda),Padra,Chilly Capsicum,Other,FAQ,2009-03-17 00:00:00,900,1150,1100.0,88
Gujarat,Vadodara(Baroda),Padra,Chilly Capsicum,Other,FAQ,2009-03-19 00:00:00,900,1100,1025.0,88
Gujarat,Vadodara(Baroda),Padra,Chilly Capsicum,Other,FAQ,2009-04-25 00:00:00,500,900,750.0,88
Gujarat,Vadodara(Baroda),Padra,Chilly Capsicum,Other,FAQ,2009-05-05 00:00:00,800,1200,1025.0,88
Gujarat,Vadodara(Baroda),Padra,Chilly Capsicum,Other,FAQ,2009-05-09 00:00:00,1250,1500,1400.0,88
Gujarat,Vadodara(Baroda),Padra,Chilly Capsicum,Other,FAQ,2009-05-15 00:00:00,1000,1300,1200.0,88
Gujarat,Vadodara(Baroda),Padra,Chilly Capsicum,Other,FAQ,2009-05-18 00:00:00,1250,1500,1400.0,88
Gujarat,Vadodara(Baroda),Padra,Chilly Capsicum,Other,FAQ,2009-05-20 00:00:00,1500,1750,1650.0,88
Gujarat,Vadodara(Baroda),Padra,Chilly Capsicum,Other,FAQ,2009-06-02 00:00:00,800,1350,1100.0,88
Gujarat,Vadodara(Baroda),Padra,Chilly Capsicum,Other,FAQ,2009-06-05 00:00:00,1000,1350,1200.0,88
Gujarat,Vadodara(Baroda),Padra,Chilly Capsicum,Other,FAQ,2009-06-13 00:00:00,900,1200,1050.0,88
Gujarat,Vadodara(Baroda),Padra,Chilly Capsicum,Other,FAQ,2009-06-17 00:00:00,800,1200,1050.0,88
Gujarat,Vadodara(Baroda),Padra,Chilly Capsicum,Other,FAQ,2009-06-19 00:00:00,900,1100,1000.0,88
Gujarat,Vadodara(Baroda),Padra,Chilly Capsicum,Other,FAQ,2009-06-27 00:00:00,600,1000,825.0,88
Gujarat,Vadodara(Baroda),Padra,Chilly Capsicum,Other,FAQ,2009-06-30 00:00:00,600,800,725.0,88
Gujarat,Vadodara(Baroda),Padra,Chilly Capsicum,Other,FAQ,2009-07-10 00:00:00,1050,1500,1400.0,88
Gujarat,Vadodara(Baroda),Padra,Chilly Capsicum,Other,FAQ,2009-07-22 00:00:00,1500,2000,1800.0,88
Gujarat,Vadodara(Baroda),Padra,Chilly Capsicum,Other,FAQ,2009-08-01 00:00:00,1750,2000,1900.0,88
Gujarat,Vadodara(Baroda),Padra,Chilly Capsicum,Other,FAQ,2009-09-02 00:00:00,600,800,725.0,88
Gujarat,Vadodara(Baroda),Padra,Chilly Capsicum,Other,FAQ,2009-09-03 00:00:00,600,700,650.0,88
Gujarat,Vadodara(Baroda),Padra,Chilly Capsicum,Other,FAQ,2009-09-07 00:00:00,900,1250,1100.0,88
Gujarat,Vadodara(Baroda),Padra,Chilly Capsicum,Other,FAQ,2009-09-11 00:00:00,600,700,650.0,88
Gujarat,Vadodara(Baroda),Padra,Chilly Capsicum,Other,FAQ,2009-09-19 00:00:00,600,800,725.0,88
Gujarat,Vadodara(Baroda),Padra,Chilly Capsicum,Other,FAQ,2009-09-24 00:00:00,500,900,750.0,88
Gujarat,Vadodara(Baroda),Padra,Chilly Capsicum,Other,FAQ,2009-09-25 00:00:00,700,750,725.0,88
Gujarat,Vadodara(Baroda),Padra,Chilly Capsicum,Other,FAQ,2009-09-30 00:00:00,600,700,650.0,88
Gujarat,Vadodara(Baroda),Padra,Chilly Capsicum,Other,FAQ,2009-10-13 00:00:00,650,1000,850.0,88
Gujarat,Vadodara(Baroda),Padra,Chilly Capsicum,Other,FAQ,2009-10-16 00:00:00,1000,1350,1200.0,88
Gujarat,Vadodara(Baroda),Padra,Chilly Capsicum,Other,FAQ,2009-10-27 00:00:00,900,1200,1050.0,88
Gujarat,Vadodara(Baroda),Padra,Chilly Capsicum,Other,FAQ,2009-10-29 00:00:00,800,1100,950.0,88
Gujarat,Vadodara(Baroda),Padra,Chilly Capsicum,Other,FAQ,2009-10-30 00:00:00,1000,1200,1125.0,88
Gujarat,Vadodara(Baroda),Padra,Chilly Capsicum,Other,FAQ,2009-10-31 00:00:00,1100,1200,1150.0,88
Gujarat,Vadodara(Baroda),Padra,Chilly Capsicum,Other,FAQ,2009-11-06 00:00:00,900,1100,1025.0,88
Gujarat,Vadodara(Baroda),Padra,Chilly Capsicum,Other,FAQ,2009-12-04 00:00:00,500,600,550.0,88
Gujarat,Vadodara(Baroda),Padra,Chilly Capsicum,Other,FAQ,2009-12-15 00:00:00,400,600,525.0,88
Gujarat,Vadodara(Baroda),Padra,Chilly Capsicum,Other,FAQ,2009-12-17 00:00:00,400,500,450.0,88
Gujarat,Vadodara(Baroda),Padra,Chilly Capsicum,Other,FAQ,2009-12-23 00:00:00,400,500,450.0,88
Gujarat,Vadodara(Baroda),Padra,Chilly Capsicum,Other,FAQ,2009-12-24 00:00:00,300,500,425.0,88
Gujarat,Vadodara(Baroda),Padra,Chilly Capsicum,Other,FAQ,2009-12-29 00:00:00,1000,1500,1350.0,88
Gujarat,Vadodara(Baroda),Vadodara(Sayajipura),Chilly Capsicum,Other,FAQ,2009-01-05 00:00:00,900,1200,1050.0,88
Gujarat,Vadodara(Baroda),Vadodara(Sayajipura),Chilly Capsicum,Other,FAQ,2009-01-09 00:00:00,600,800,725.0,88
Gujarat,Vadodara(Baroda),Vadodara(Sayajipura),Chilly Capsicum,Other,FAQ,2009-01-19 00:00:00,400,600,525.0,88
Gujarat,Vadodara(Baroda),Vadodara(Sayajipura),Chilly Capsicum,Other,FAQ,2009-02-12 00:00:00,500,900,725.0,88
Gujarat,Vadodara(Baroda),Vadodara(Sayajipura),Chilly Capsicum,Other,FAQ,2009-03-01 00:00:00,600,800,700.0,88
Gujarat,Vadodara(Baroda),Vadodara(Sayajipura),Chilly Capsicum,Other,FAQ,2009-03-08 00:00:00,600,1100,925.0,88
Gujarat,Vadodara(Baroda),Vadodara(Sayajipura),Chilly Capsicum,Other,FAQ,2009-03-19 00:00:00,800,1500,1175.0,88
Gujarat,Vadodara(Baroda),Vadodara(Sayajipura),Chilly Capsicum,Other,FAQ,2009-03-20 00:00:00,800,1400,1150.0,88
Gujarat,Vadodara(Baroda),Vadodara(Sayajipura),Chilly Capsicum,Other,FAQ,2009-04-06 00:00:00,900,1700,1300.0,88
Gujarat,Vadodara(Baroda),Vadodara(Sayajipura),Chilly Capsicum,Other,FAQ,2009-04-07 00:00:00,500,1600,1200.0,88
Gujarat,Vadodara(Baroda),Vadodara(Sayajipura),Chilly Capsicum,Other,FAQ,2009-04-09 00:00:00,900,1500,1250.0,88
Gujarat,Vadodara(Baroda),Vadodara(Sayajipura),Chilly Capsicum,Other,FAQ,2009-04-13 00:00:00,500,1700,1250.0,88
Gujarat,Vadodara(Baroda),Vadodara(Sayajipura),Chilly Capsicum,Other,FAQ,2009-04-19 00:00:00,1000,2000,1525.0,88
Gujarat,Vadodara(Baroda),Vadodara(Sayajipura),Chilly Capsicum,Other,FAQ,2009-04-28 00:00:00,500,1600,1075.0,88
Gujarat,Vadodara(Baroda),Vadodara(Sayajipura),Chilly Capsicum,Other,FAQ,2009-04-30 00:00:00,500,1500,1300.0,88
Gujarat,Vadodara(Baroda),Vadodara(Sayajipura),Chilly Capsicum,Other,FAQ,2009-05-01 00:00:00,500,1500,1025.0,88
Gujarat,Vadodara(Baroda),Vadodara(Sayajipura),Chilly Capsicum,Other,FAQ,2009-05-02 00:00:00,1100,2000,1750.0,88
Gujarat,Vadodara(Baroda),Vadodara(Sayajipura),Chilly Capsicum,Other,FAQ,2009-05-03 00:00:00,500,1500,1300.0,88
Gujarat,Vadodara(Baroda),Vadodara(Sayajipura),Chilly Capsicum,Other,FAQ,2009-05-28 00:00:00,500,1700,1400.0,88
Gujarat,Vadodara(Baroda),Vadodara(Sayajipura),Chilly Capsicum,Other,FAQ,2009-05-29 00:00:00,500,1500,1250.0,88
Gujarat,Vadodara(Baroda),Vadodara(Sayajipura),Chilly Capsicum,Other,FAQ,2009-06-02 00:00:00,1500,2250,1950.0,88
Gujarat,Vadodara(Baroda),Vadodara(Sayajipura),Chilly Capsicum,Other,FAQ,2009-06-06 00:00:00,1500,2000,1800.0,88
Gujarat,Vadodara(Baroda),Vadodara(Sayajipura),Chilly Capsicum,Other,FAQ,2009-06-10 00:00:00,1500,2250,1900.0,88
Gujarat,Vadodara(Baroda),Vadodara(Sayajipura),Chilly Capsicum,Other,FAQ,2009-06-15 00:00:00,1800,2250,2000.0,88
Gujarat,Vadodara(Baroda),Vadodara(Sayajipura),Chilly Capsicum,Other,FAQ,2009-06-20 00:00:00,1800,2400,2100.0,88
Gujarat,Vadodara(Baroda),Vadodara(Sayajipura),Chilly Capsicum,Other,FAQ,2009-06-26 00:00:00,1500,2200,1800.0,88
Gujarat,Vadodara(Baroda),Vadodara(Sayajipura),Chilly Capsicum,Other,FAQ,2009-06-28 00:00:00,1500,2000,1750.0,88
Gujarat,Vadodara(Baroda),Vadodara(Sayajipura),Chilly Capsicum,Other,FAQ,2009-07-01 00:00:00,1500,2250,1900.0,88
Gujarat,Vadodara(Baroda),Vadodara(Sayajipura),Chilly Capsicum,Other,FAQ,2009-07-10 00:00:00,1500,2000,1750.0,88
Gujarat,Vadodara(Baroda),Vadodara(Sayajipura),Chilly Capsicum,Other,FAQ,2009-07-13 00:00:00,1000,1600,1325.0,88
Gujarat,Vadodara(Baroda),Vadodara(Sayajipura),Chilly Capsicum,Other,FAQ,2009-07-15 00:00:00,1000,1750,1400.0,88
Gujarat,Vadodara(Baroda),Vadodara(Sayajipura),Chilly Capsicum,Other,FAQ,2009-07-16 00:00:00,1000,2000,1525.0,88
Gujarat,Vadodara(Baroda),Vadodara(Sayajipura),Chilly Capsicum,Other,FAQ,2009-07-23 00:00:00,1500,2500,2025.0,88
Gujarat,Vadodara(Baroda),Vadodara(Sayajipura),Chilly Capsicum,Other,FAQ,2009-07-25 00:00:00,1200,2200,1725.0,88
Gujarat,Vadodara(Baroda),Vadodara(Sayajipura),Chilly Capsicum,Other,FAQ,2009-07-26 00:00:00,1500,1750,1650.0,88
Gujarat,Vadodara(Baroda),Vadodara(Sayajipura),Chilly Capsicum,Other,FAQ,2009-08-09 00:00:00,1200,2000,1625.0,88
Gujarat,Vadodara(Baroda),Vadodara(Sayajipura),Chilly Capsicum,Other,FAQ,2009-08-13 00:00:00,1000,1250,1150.0,88
Gujarat,Vadodara(Baroda),Vadodara(Sayajipura),Chilly Capsicum,Other,FAQ,2009-09-20 00:00:00,1750,2250,2000.0,88
Gujarat,Vadodara(Baroda),Vadodara(Sayajipura),Chilly Capsicum,Other,FAQ,2009-09-21 00:00:00,1750,2000,1850.0,88
Gujarat,Vadodara(Baroda),Vadodara(Sayajipura),Chilly Capsicum,Other,FAQ,2009-09-23 00:00:00,1750,2000,1850.0,88
Gujarat,Vadodara(Baroda),Vadodara(Sayajipura),Chilly Capsicum,Other,FAQ,2009-09-28 00:00:00,2500,3000,2750.0,88
Gujarat,Vadodara(Baroda),Vadodara(Sayajipura),Chilly Capsicum,Other,FAQ,2009-10-02 00:00:00,1300,1700,1475.0,88
Gujarat,Vadodara(Baroda),Vadodara(Sayajipura),Chilly Capsicum,Other,FAQ,2009-10-07 00:00:00,1750,2000,1850.0,88
Gujarat,Vadodara(Baroda),Vadodara(Sayajipura),Chilly Capsicum,Other,FAQ,2009-10-09 00:00:00,1250,1750,1500.0,88
Gujarat,Vadodara(Baroda),Vadodara(Sayajipura),Chilly Capsicum,Other,FAQ,2009-10-12 00:00:00,2500,3000,2750.0,88
Gujarat,Vadodara(Baroda),Vadodara(Sayajipura),Chilly Capsicum,Other,FAQ,2009-10-13 00:00:00,2250,2750,2500.0,88
Gujarat,Vadodara(Baroda),Vadodara(Sayajipura),Chilly Capsicum,Other,FAQ,2009-10-30 00:00:00,2100,2400,2250.0,88
Gujarat,Vadodara(Baroda),Vadodara(Sayajipura),Chilly Capsicum,Other,FAQ,2009-11-01 00:00:00,3000,3500,3250.0,88
Gujarat,Vadodara(Baroda),Vadodara(Sayajipura),Chilly Capsicum,Other,FAQ,2009-11-03 00:00:00,2500,3000,2750.0,88
Gujarat,Vadodara(Baroda),Vadodara(Sayajipura),Chilly Capsicum,Other,FAQ,2009-11-07 00:00:00,2250,2750,2500.0,88
Gujarat,Vadodara(Baroda),Vadodara(Sayajipura),Chilly Capsicum,Other,FAQ,2009-11-17 00:00:00,1300,1500,1400.0,88
Gujarat,Vadodara(Baroda),Vadodara(Sayajipura),Chilly Capsicum,Other,FAQ,2009-11-20 00:00:00,1500,2000,1750.0,88
Gujarat,Vadodara(Baroda),Vadodara(Sayajipura),Chilly Capsicum,Other,FAQ,2009-11-26 00:00:00,2000,2300,2150.0,88
Gujarat,Vadodara(Baroda),Vadodara(Sayajipura),Chilly Capsicum,Other,FAQ,2009-12-10 00:00:00,1800,2250,2100.0,88
Gujarat,Vadodara(Baroda),Vadodara(Sayajipura),Chilly Capsicum,Other,FAQ,2009-12-18 00:00:00,900,1100,1000.0,88
Gujarat,Vadodara(Baroda),Vadodara(Sayajipura),Chilly Capsicum,Other,FAQ,2009-12-21 00:00:00,700,1000,900.0,88
Gujarat,Vadodara(Baroda),Vadodara(Sayajipura),Chilly Capsicum,Other,FAQ,2009-12-23 00:00:00,800,1200,1100.0,88
Gujarat,Vadodara(Baroda),Vadodara(Sayajipura),Chilly Capsicum,Other,FAQ,2009-12-25 00:00:00,800,1100,925.0,88
Gujarat,Kheda,Nadiyad(Piplag),Chilly Capsicum,Other,FAQ,2015-08-24 00:00:00,2800,3200,3000.0,88
Gujarat,Kheda,Nadiyad(Piplag),Chilly Capsicum,Other,FAQ,2015-09-02 00:00:00,500,1500,1000.0,88
Gujarat,Kheda,Nadiyad(Piplag),Chilly Capsicum,Other,FAQ,2015-09-16 00:00:00,500,1500,1000.0,88
Gujarat,Kheda,Nadiyad(Piplag),Chilly Capsicum,Other,FAQ,2015-09-18 00:00:00,500,1500,1000.0,88
Gujarat,Kheda,Nadiyad(Piplag),Chilly Capsicum,Other,FAQ,2015-09-26 00:00:00,700,1000,850.0,88
Gujarat,Kheda,Nadiyad(Piplag),Chilly Capsicum,Other,FAQ,2015-09-27 00:00:00,1000,1250,1125.0,88
Gujarat,Kheda,Nadiyad(Piplag),Chilly Capsicum,Other,FAQ,2015-10-14 00:00:00,1400,1600,1500.0,88
Gujarat,Kheda,Nadiyad(Piplag),Chilly Capsicum,Other,FAQ,2015-10-18 00:00:00,800,1000,900.0,88
Gujarat,Kheda,Nadiyad(Piplag),Chilly Capsicum,Other,FAQ,2015-10-19 00:00:00,1800,2000,1900.0,88
Gujarat,Kheda,Nadiyad(Piplag),Chilly Capsicum,Other,FAQ,2015-10-27 00:00:00,800,1200,1000.0,88
Gujarat,Kheda,Nadiyad(Piplag),Chilly Capsicum,Other,FAQ,2015-11-04 00:00:00,1500,2000,1750.0,88
Gujarat,Kheda,Nadiyad(Piplag),Chilly Capsicum,Other,FAQ,2015-11-05 00:00:00,1000,2800,1400.0,88
Gujarat,Kheda,Nadiyad(Piplag),Chilly Capsicum,Other,FAQ,2015-11-15 00:00:00,800,1000,900.0,88
Gujarat,Kheda,Nadiyad(Piplag),Chilly Capsicum,Other,FAQ,2015-11-24 00:00:00,400,600,500.0,88
Gujarat,Kheda,Nadiyad(Piplag),Chilly Capsicum,Other,FAQ,2015-12-05 00:00:00,800,1000,900.0,88
Gujarat,Kheda,Nadiyad(Piplag),Chilly Capsicum,Other,FAQ,2015-12-09 00:00:00,900,1200,1050.0,88
Gujarat,Kheda,Nadiyad(Piplag),Chilly Capsicum,Other,FAQ,2015-12-11 00:00:00,800,1100,950.0,88
Gujarat,Kheda,Nadiyad(Piplag),Chilly Capsicum,Other,FAQ,2015-12-15 00:00:00,1500,2000,1750.0,88
Gujarat,Kheda,Nadiyad(Piplag),Chilly Capsicum,Other,FAQ,2015-12-16 00:00:00,1200,1500,1350.0,88
Gujarat,Kheda,Nadiyad(Piplag),Chilly Capsicum,Other,FAQ,2015-12-22 00:00:00,1000,1750,1375.0,88
Gujarat,Kheda,Nadiyad(Piplag),Chilly Capsicum,Other,FAQ,2015-12-30 00:00:00,3000,3500,3250.0,88
Gujarat,Mehsana,Vijapur(veg),Chilly Capsicum,Other,FAQ,2015-02-12 00:00:00,3000,3000,3000.0,88
Gujarat,Vadodara(Baroda),Padra,Chilly Capsicum,Other,FAQ,2015-01-23 00:00:00,2250,3250,3000.0,88
Gujarat,Vadodara(Baroda),Padra,Chilly Capsicum,Other,FAQ,2015-02-11 00:00:00,3500,3700,3650.0,88
Gujarat,Vadodara(Baroda),Padra,Chilly Capsicum,Other,FAQ,2015-02-24 00:00:00,2500,3250,3000.0,88
Gujarat,Vadodara(Baroda),Padra,Chilly Capsicum,Other,FAQ,2015-03-02 00:00:00,3000,3500,3300.0,88
Gujarat,Vadodara(Baroda),Padra,Chilly Capsicum,Other,FAQ,2015-03-04 00:00:00,3500,4000,3750.0,88
Gujarat,Vadodara(Baroda),Padra,Chilly Capsicum,Other,FAQ,2015-03-07 00:00:00,3000,3750,3500.0,88
Gujarat,Vadodara(Baroda),Padra,Chilly Capsicum,Other,FAQ,2015-03-11 00:00:00,3500,4000,3800.0,88
Gujarat,Vadodara(Baroda),Padra,Chilly Capsicum,Other,FAQ,2015-03-17 00:00:00,3750,4000,3900.0,88
Gujarat,Vadodara(Baroda),Padra,Chilly Capsicum,Other,FAQ,2015-03-26 00:00:00,3750,4750,4500.0,88
Gujarat,Vadodara(Baroda),Padra,Chilly Capsicum,Other,FAQ,2015-04-03 00:00:00,3000,3500,3250.0,88
Gujarat,Vadodara(Baroda),Padra,Chilly Capsicum,Other,FAQ,2015-04-06 00:00:00,2500,3750,3500.0,88
Gujarat,Vadodara(Baroda),Padra,Chilly Capsicum,Other,FAQ,2015-04-10 00:00:00,1500,3500,3000.0,88
Gujarat,Vadodara(Baroda),Padra,Chilly Capsicum,Other,FAQ,2015-04-11 00:00:00,3500,4000,3750.0,88
Gujarat,Vadodara(Baroda),Padra,Chilly Capsicum,Other,FAQ,2015-04-16 00:00:00,2250,3750,3500.0,88
Gujarat,Vadodara(Baroda),Padra,Chilly Capsicum,Other,FAQ,2015-04-28 00:00:00,1750,3750,3000.0,88
Gujarat,Vadodara(Baroda),Padra,Chilly Capsicum,Other,FAQ,2015-04-29 00:00:00,1750,3500,3000.0,88
Gujarat,Vadodara(Baroda),Padra,Chilly Capsicum,Other,FAQ,2015-05-12 00:00:00,1250,3000,2000.0,88
Gujarat,Vadodara(Baroda),Padra,Chilly Capsicum,Other,FAQ,2015-05-19 00:00:00,1750,2800,2500.0,88
Gujarat,Vadodara(Baroda),Padra,Chilly Capsicum,Other,FAQ,2015-05-22 00:00:00,1500,2000,1750.0,88
Gujarat,Vadodara(Baroda),Padra,Chilly Capsicum,Other,FAQ,2015-05-23 00:00:00,1500,2500,2250.0,88
Gujarat,Vadodara(Baroda),Padra,Chilly Capsicum,Other,FAQ,2015-05-30 00:00:00,2500,3000,2800.0,88
Gujarat,Vadodara(Baroda),Padra,Chilly Capsicum,Other,FAQ,2015-06-01 00:00:00,1500,2000,1800.0,88
Gujarat,Vadodara(Baroda),Padra,Chilly Capsicum,Other,FAQ,2015-06-05 00:00:00,2650,3250,3000.0,88
Gujarat,Vadodara(Baroda),Padra,Chilly Capsicum,Other,FAQ,2015-06-10 00:00:00,1100,1600,1400.0,88
Gujarat,Vadodara(Baroda),Padra,Chilly Capsicum,Other,FAQ,2015-06-18 00:00:00,1250,1750,1500.0,88
Gujarat,Vadodara(Baroda),Padra,Chilly Capsicum,Other,FAQ,2015-06-25 00:00:00,800,1250,1100.0,88
Gujarat,Vadodara(Baroda),Padra,Chilly Capsicum,Other,FAQ,2015-06-30 00:00:00,1250,1600,1500.0,88
Gujarat,Vadodara(Baroda),Padra,Chilly Capsicum,Other,FAQ,2015-07-06 00:00:00,1000,1300,1200.0,88
Gujarat,Vadodara(Baroda),Padra,Chilly Capsicum,Other,FAQ,2015-07-08 00:00:00,1250,1500,1400.0,88
Gujarat,Vadodara(Baroda),Padra,Chilly Capsicum,Other,FAQ,2015-08-06 00:00:00,2500,3250,3000.0,88
Gujarat,Vadodara(Baroda),Padra,Chilly Capsicum,Other,FAQ,2015-08-25 00:00:00,2250,3250,2750.0,88
Gujarat,Vadodara(Baroda),Padra,Chilly Capsicum,Other,FAQ,2015-09-07 00:00:00,2000,2250,2150.0,88
Gujarat,Vadodara(Baroda),Padra,Chilly Capsicum,Other,FAQ,2015-09-09 00:00:00,1750,2000,1900.0,88
Gujarat,Vadodara(Baroda),Padra,Chilly Capsicum,Other,FAQ,2015-09-26 00:00:00,800,1000,925.0,88
Gujarat,Vadodara(Baroda),Padra,Chilly Capsicum,Other,FAQ,2015-09-30 00:00:00,800,1500,1250.0,88
Gujarat,Vadodara(Baroda),Padra,Chilly Capsicum,Other,FAQ,2015-10-07 00:00:00,1250,1850,1700.0,88
Gujarat,Vadodara(Baroda),Padra,Chilly Capsicum,Other,FAQ,2015-10-10 00:00:00,1000,1500,1250.0,88
Gujarat,Vadodara(Baroda),Padra,Chilly Capsicum,Other,FAQ,2015-10-13 00:00:00,1000,1500,1300.0,88
Gujarat,Vadodara(Baroda),Padra,Chilly Capsicum,Other,FAQ,2015-10-15 00:00:00,850,1250,1050.0,88
Gujarat,Vadodara(Baroda),Padra,Chilly Capsicum,Other,FAQ,2015-10-19 00:00:00,800,1100,1000.0,88
Gujarat,Vadodara(Baroda),Padra,Chilly Capsicum,Other,FAQ,2015-10-26 00:00:00,800,1500,1200.0,88
Gujarat,Vadodara(Baroda),Padra,Chilly Capsicum,Other,FAQ,2015-10-29 00:00:00,600,1250,1000.0,88
Gujarat,Vadodara(Baroda),Padra,Chilly Capsicum,Other,FAQ,2015-11-03 00:00:00,600,1250,1000.0,88
Gujarat,Vadodara(Baroda),Padra,Chilly Capsicum,Other,FAQ,2015-11-14 00:00:00,1500,2000,1800.0,88
Gujarat,Vadodara(Baroda),Padra,Chilly Capsicum,Other,FAQ,2015-11-19 00:00:00,500,900,750.0,88
Gujarat,Vadodara(Baroda),Padra,Chilly Capsicum,Other,FAQ,2015-11-25 00:00:00,600,850,750.0,88
Gujarat,Vadodara(Baroda),Padra,Chilly Capsicum,Other,FAQ,2015-12-14 00:00:00,2000,2250,2150.0,88
Gujarat,Vadodara(Baroda),Padra,Chilly Capsicum,Other,FAQ,2015-12-18 00:00:00,1150,2000,1750.0,88
Gujarat,Vadodara(Baroda),Padra,Chilly Capsicum,Other,FAQ,2015-12-29 00:00:00,2500,3900,3500.0,88
Gujarat,Vadodara(Baroda),Vadodara(Sayajipura),Chilly Capsicum,Other,FAQ,2015-01-10 00:00:00,2000,2500,2275.0,88
Gujarat,Vadodara(Baroda),Vadodara(Sayajipura),Chilly Capsicum,Other,FAQ,2015-01-21 00:00:00,2000,2250,2200.0,88
Gujarat,Vadodara(Baroda),Vadodara(Sayajipura),Chilly Capsicum,Other,FAQ,2015-02-02 00:00:00,1750,2000,1900.0,88
Gujarat,Vadodara(Baroda),Vadodara(Sayajipura),Chilly Capsicum,Other,FAQ,2015-02-04 00:00:00,1900,2000,1975.0,88
Gujarat,Vadodara(Baroda),Vadodara(Sayajipura),Chilly Capsicum,Other,FAQ,2015-02-10 00:00:00,2250,2500,2450.0,88
Gujarat,Vadodara(Baroda),Vadodara(Sayajipura),Chilly Capsicum,Other,FAQ,2015-06-13 00:00:00,2750,3250,3050.0,88
Gujarat,Vadodara(Baroda),Vadodara(Sayajipura),Chilly Capsicum,Other,FAQ,2015-06-19 00:00:00,3000,3500,3300.0,88
Gujarat,Vadodara(Baroda),Vadodara(Sayajipura),Chilly Capsicum,Other,FAQ,2015-06-23 00:00:00,2500,3000,2800.0,88
Gujarat,Vadodara(Baroda),Vadodara(Sayajipura),Chilly Capsicum,Other,FAQ,2015-06-25 00:00:00,2000,2500,2300.0,88
Gujarat,Vadodara(Baroda),Vadodara(Sayajipura),Chilly Capsicum,Other,FAQ,2015-06-28 00:00:00,1500,2750,2175.0,88
Gujarat,Vadodara(Baroda),Vadodara(Sayajipura),Chilly Capsicum,Other,FAQ,2015-06-29 00:00:00,2500,3250,2925.0,88
Gujarat,Vadodara(Baroda),Vadodara(Sayajipura),Chilly Capsicum,Other,FAQ,2015-07-03 00:00:00,3000,3500,3300.0,88
Gujarat,Vadodara(Baroda),Vadodara(Sayajipura),Chilly Capsicum,Other,FAQ,2015-07-12 00:00:00,3000,3500,3300.0,88
Gujarat,Vadodara(Baroda),Vadodara(Sayajipura),Chilly Capsicum,Other,FAQ,2015-07-14 00:00:00,2000,2500,2300.0,88
Gujarat,Vadodara(Baroda),Vadodara(Sayajipura),Chilly Capsicum,Other,FAQ,2015-07-15 00:00:00,2750,3000,2925.0,88
Gujarat,Vadodara(Baroda),Vadodara(Sayajipura),Chilly Capsicum,Other,FAQ,2015-07-20 00:00:00,2500,3000,2800.0,88
Gujarat,Vadodara(Baroda),Vadodara(Sayajipura),Chilly Capsicum,Other,FAQ,2015-07-23 00:00:00,2000,2500,2300.0,88
Gujarat,Vadodara(Baroda),Vadodara(Sayajipura),Chilly Capsicum,Other,FAQ,2015-07-29 00:00:00,2500,3000,2800.0,88
Gujarat,Vadodara(Baroda),Vadodara(Sayajipura),Chilly Capsicum,Other,FAQ,2015-08-12 00:00:00,2750,3000,2925.0,88
Gujarat,Vadodara(Baroda),Vadodara(Sayajipura),Chilly Capsicum,Other,FAQ,2015-08-15 00:00:00,3000,3500,3300.0,88
Gujarat,Vadodara(Baroda),Vadodara(Sayajipura),Chilly Capsicum,Other,FAQ,2015-08-17 00:00:00,2000,2500,2300.0,88
Gujarat,Vadodara(Baroda),Vadodara(Sayajipura),Chilly Capsicum,Other,FAQ,2015-08-19 00:00:00,2000,3500,2800.0,88
Gujarat,Vadodara(Baroda),Vadodara(Sayajipura),Chilly Capsicum,Other,FAQ,2015-08-30 00:00:00,1250,1500,1425.0,88
Gujarat,Vadodara(Baroda),Vadodara(Sayajipura),Chilly Capsicum,Other,FAQ,2015-09-16 00:00:00,1200,1500,1400.0,88
Gujarat,Vadodara(Baroda),Vadodara(Sayajipura),Chilly Capsicum,Other,FAQ,2015-10-07 00:00:00,2000,2500,2300.0,88
Gujarat,Vadodara(Baroda),Vadodara(Sayajipura),Chilly Capsicum,Other,FAQ,2015-10-25 00:00:00,2000,2250,2175.0,88
Gujarat,Vadodara(Baroda),Vadodara(Sayajipura),Chilly Capsicum,Other,FAQ,2015-10-29 00:00:00,2000,2500,2300.0,88
Gujarat,Vadodara(Baroda),Vadodara(Sayajipura),Chilly Capsicum,Other,FAQ,2015-10-31 00:00:00,1500,2000,1825.0,88
Gujarat,Vadodara(Baroda),Vadodara(Sayajipura),Chilly Capsicum,Other,FAQ,2015-11-04 00:00:00,1500,2000,1800.0,88
Gujarat,Vadodara(Baroda),Vadodara(Sayajipura),Chilly Capsicum,Other,FAQ,2015-11-16 00:00:00,3000,3500,3300.0,88
Gujarat,Vadodara(Baroda),Vadodara(Sayajipura),Chilly Capsicum,Other,FAQ,2015-11-18 00:00:00,1000,1500,1300.0,88
Gujarat,Vadodara(Baroda),Vadodara(Sayajipura),Chilly Capsicum,Other,FAQ,2015-11-21 00:00:00,1200,1700,1500.0,88
Gujarat,Vadodara(Baroda),Vadodara(Sayajipura),Chilly Capsicum,Other,FAQ,2015-12-17 00:00:00,1000,1300,1200.0,88
Gujarat,Vadodara(Baroda),Vadodara(Sayajipura),Chilly Capsicum,Other,FAQ,2015-12-19 00:00:00,1000,1500,1300.0,88
Gujarat,Vadodara(Baroda),Vadodara(Sayajipura),Chilly Capsicum,Other,FAQ,2015-12-24 00:00:00,1000,1500,1300.0,88
Gujarat,Vadodara(Baroda),Vadodara(Sayajipura),Chilly Capsicum,Other,FAQ,2015-12-27 00:00:00,1100,1500,1400.0,88
Gujarat,Vadodara(Baroda),Vadodara(Sayajipura),Chilly Capsicum,Other,FAQ,2015-12-29 00:00:00,1000,1500,1300.0,88
Gujarat,Vadodara(Baroda),Vadodara(Sayajipura),Chilly Capsicum,Other,FAQ,2015-12-30 00:00:00,900,1500,1250.0,88
Gujarat,Vadodara(Baroda),Vadodara(Sayajipura),Chilly Capsicum,Other,FAQ,2015-12-31 00:00:00,1000,1400,1250.0,88
Gujarat,Ahmedabad,Ahmedabad,Chilly Capsicum,Other,FAQ,2015-01-05 00:00:00,1000,2800,2000.0,88
Gujarat,Ahmedabad,Ahmedabad,Chilly Capsicum,Other,FAQ,2015-01-08 00:00:00,1000,2500,2000.0,88
Gujarat,Ahmedabad,Ahmedabad,Chilly Capsicum,Other,FAQ,2015-01-12 00:00:00,1000,2500,2000.0,88
Gujarat,Ahmedabad,Ahmedabad,Chilly Capsicum,Other,FAQ,2015-01-21 00:00:00,1500,2500,2200.0,88
Gujarat,Ahmedabad,Ahmedabad,Chilly Capsicum,Other,FAQ,2015-01-27 00:00:00,2000,2500,2300.0,88
Gujarat,Ahmedabad,Ahmedabad,Chilly Capsicum,Other,FAQ,2015-01-30 00:00:00,1000,2500,2000.0,88
Gujarat,Ahmedabad,Ahmedabad,Chilly Capsicum,Other,FAQ,2015-02-05 00:00:00,1000,2500,2000.0,88
Gujarat,Ahmedabad,Ahmedabad,Chilly Capsicum,Other,FAQ,2015-02-06 00:00:00,1000,2500,2000.0,88
Gujarat,Ahmedabad,Ahmedabad,Chilly Capsicum,Other,FAQ,2015-02-09 00:00:00,1000,3000,2200.0,88
Gujarat,Ahmedabad,Ahmedabad,Chilly Capsicum,Other,FAQ,2015-02-10 00:00:00,1000,3000,2500.0,88
Gujarat,Ahmedabad,Ahmedabad,Chilly Capsicum,Other,FAQ,2015-02-11 00:00:00,2000,3000,2800.0,88
Gujarat,Ahmedabad,Ahmedabad,Chilly Capsicum,Other,FAQ,2015-02-18 00:00:00,1000,3000,2200.0,88
Gujarat,Ahmedabad,Ahmedabad,Chilly Capsicum,Other,FAQ,2015-02-21 00:00:00,1500,3500,3000.0,88
Gujarat,Ahmedabad,Ahmedabad,Chilly Capsicum,Other,FAQ,2015-02-23 00:00:00,2000,3500,2800.0,88
Gujarat,Ahmedabad,Ahmedabad,Chilly Capsicum,Other,FAQ,2015-02-28 00:00:00,1000,3200,2200.0,88
Gujarat,Ahmedabad,Ahmedabad,Chilly Capsicum,Other,FAQ,2015-03-04 00:00:00,2000,4000,3200.0,88
Gujarat,Ahmedabad,Ahmedabad,Chilly Capsicum,Other,FAQ,2015-03-16 00:00:00,1000,2500,2000.0,88
Gujarat,Ahmedabad,Ahmedabad,Chilly Capsicum,Other,FAQ,2015-03-20 00:00:00,1000,2500,2000.0,88
Gujarat,Ahmedabad,Ahmedabad,Chilly Capsicum,Other,FAQ,2015-03-25 00:00:00,1000,2500,2000.0,88
Gujarat,Ahmedabad,Ahmedabad,Chilly Capsicum,Other,FAQ,2015-03-26 00:00:00,1000,2500,2000.0,88
Gujarat,Ahmedabad,Ahmedabad,Chilly Capsicum,Other,FAQ,2015-03-27 00:00:00,1000,2500,2000.0,88
Gujarat,Ahmedabad,Ahmedabad,Chilly Capsicum,Other,FAQ,2015-04-10 00:00:00,1200,2500,2000.0,88
Gujarat,Ahmedabad,Ahmedabad,Chilly Capsicum,Other,FAQ,2015-04-15 00:00:00,1000,2200,1800.0,88
Gujarat,Ahmedabad,Ahmedabad,Chilly Capsicum,Other,FAQ,2015-04-17 00:00:00,800,2000,1500.0,88
Gujarat,Ahmedabad,Ahmedabad,Chilly Capsicum,Other,FAQ,2015-04-23 00:00:00,1000,2500,2000.0,88
Gujarat,Ahmedabad,Ahmedabad,Chilly Capsicum,Other,FAQ,2015-04-24 00:00:00,1000,2000,1800.0,88
Gujarat,Ahmedabad,Ahmedabad,Chilly Capsicum,Other,FAQ,2015-04-27 00:00:00,1000,2000,1800.0,88
Gujarat,Ahmedabad,Ahmedabad,Chilly Capsicum,Other,FAQ,2015-05-19 00:00:00,1000,2000,1800.0,88
Gujarat,Ahmedabad,Ahmedabad,Chilly Capsicum,Other,FAQ,2015-05-26 00:00:00,1500,2200,2000.0,88
Gujarat,Ahmedabad,Ahmedabad,Chilly Capsicum,Other,FAQ,2015-05-27 00:00:00,1000,2200,1800.0,88
Gujarat,Ahmedabad,Ahmedabad,Chilly Capsicum,Other,FAQ,2015-06-02 00:00:00,2500,3000,2800.0,88
Gujarat,Ahmedabad,Ahmedabad,Chilly Capsicum,Other,FAQ,2015-06-05 00:00:00,2000,3500,3000.0,88
Gujarat,Ahmedabad,Ahmedabad,Chilly Capsicum,Other,FAQ,2015-06-16 00:00:00,2000,3000,2800.0,88
Gujarat,Ahmedabad,Ahmedabad,Chilly Capsicum,Other,FAQ,2015-06-17 00:00:00,1000,2800,2000.0,88
Gujarat,Ahmedabad,Ahmedabad,Chilly Capsicum,Other,FAQ,2015-06-19 00:00:00,1500,2800,2200.0,88
Gujarat,Ahmedabad,Ahmedabad,Chilly Capsicum,Other,FAQ,2015-06-25 00:00:00,1000,2500,2000.0,88
Gujarat,Ahmedabad,Ahmedabad,Chilly Capsicum,Other,FAQ,2015-07-01 00:00:00,2500,3500,3200.0,88
Gujarat,Ahmedabad,Ahmedabad,Chilly Capsicum,Other,FAQ,2015-07-04 00:00:00,2000,3500,3000.0,88
Gujarat,Ahmedabad,Ahmedabad,Chilly Capsicum,Other,FAQ,2015-07-06 00:00:00,1000,2800,2000.0,88
Gujarat,Ahmedabad,Ahmedabad,Chilly Capsicum,Other,FAQ,2015-07-09 00:00:00,1500,2500,2000.0,88
Gujarat,Ahmedabad,Ahmedabad,Chilly Capsicum,Other,FAQ,2015-07-21 00:00:00,1500,3000,2500.0,88
Gujarat,Ahmedabad,Ahmedabad,Chilly Capsicum,Other,FAQ,2015-08-04 00:00:00,2000,3800,3000.0,88
Gujarat,Ahmedabad,Ahmedabad,Chilly Capsicum,Other,FAQ,2015-08-17 00:00:00,1500,2800,2200.0,88
Gujarat,Ahmedabad,Ahmedabad,Chilly Capsicum,Other,FAQ,2015-08-22 00:00:00,1500,2000,1800.0,88
Gujarat,Ahmedabad,Ahmedabad,Chilly Capsicum,Other,FAQ,2015-08-28 00:00:00,1200,2000,1800.0,88
Gujarat,Ahmedabad,Ahmedabad,Chilly Capsicum,Other,FAQ,2015-09-04 00:00:00,700,1200,1000.0,88
Gujarat,Ahmedabad,Ahmedabad,Chilly Capsicum,Other,FAQ,2015-09-09 00:00:00,1000,1500,1300.0,88
Gujarat,Ahmedabad,Ahmedabad,Chilly Capsicum,Other,FAQ,2015-09-11 00:00:00,1000,1500,1300.0,88
Gujarat,Ahmedabad,Ahmedabad,Chilly Capsicum,Other,FAQ,2015-09-18 00:00:00,500,1200,1000.0,88
Gujarat,Ahmedabad,Ahmedabad,Chilly Capsicum,Other,FAQ,2015-10-02 00:00:00,1000,2200,1700.0,88
Gujarat,Ahmedabad,Ahmedabad,Chilly Capsicum,Other,FAQ,2015-10-06 00:00:00,2000,3000,2600.0,88
Gujarat,Ahmedabad,Ahmedabad,Chilly Capsicum,Other,FAQ,2015-10-21 00:00:00,2000,2800,2500.0,88
Gujarat,Ahmedabad,Ahmedabad,Chilly Capsicum,Other,FAQ,2015-10-22 00:00:00,1000,3000,2200.0,88
Gujarat,Ahmedabad,Ahmedabad,Chilly Capsicum,Other,FAQ,2015-10-29 00:00:00,1000,2000,1600.0,88
Gujarat,Ahmedabad,Ahmedabad,Chilly Capsicum,Other,FAQ,2015-10-30 00:00:00,1000,1800,1500.0,88
Gujarat,Ahmedabad,Ahmedabad,Chilly Capsicum,Other,FAQ,2015-11-03 00:00:00,1500,2200,2000.0,88
Gujarat,Ahmedabad,Ahmedabad,Chilly Capsicum,Other,FAQ,2015-11-21 00:00:00,1000,2500,2000.0,88
Gujarat,Ahmedabad,Ahmedabad,Chilly Capsicum,Other,FAQ,2015-11-24 00:00:00,1000,1700,1500.0,88
Gujarat,Ahmedabad,Ahmedabad,Chilly Capsicum,Other,FAQ,2015-11-26 00:00:00,1000,1500,1300.0,88
Gujarat,Ahmedabad,Ahmedabad,Chilly Capsicum,Other,FAQ,2015-11-28 00:00:00,1000,1500,1300.0,88
Gujarat,Ahmedabad,Ahmedabad,Chilly Capsicum,Other,FAQ,2015-12-03 00:00:00,1500,2200,1900.0,88
Gujarat,Ahmedabad,Ahmedabad,Chilly Capsicum,Other,FAQ,2015-12-16 00:00:00,800,1200,1100.0,88
Gujarat,Ahmedabad,Ahmedabad,Chilly Capsicum,Other,FAQ,2015-12-22 00:00:00,900,1500,1250.0,88
Gujarat,Ahmedabad,Ahmedabad,Chilly Capsicum,Other,FAQ,2015-12-23 00:00:00,1000,1800,1500.0,88
Gujarat,Ahmedabad,Ahmedabad,Chilly Capsicum,Other,FAQ,2015-12-25 00:00:00,1000,1500,1300.0,88
Gujarat,Kheda,Nadiyad(Chaklasi),Chilly Capsicum,Other,FAQ,2015-10-21 00:00:00,1250,1500,1375.0,88
Gujarat,Kheda,Nadiyad(Chaklasi),Chilly Capsicum,Other,FAQ,2015-11-04 00:00:00,900,1100,1000.0,88
Gujarat,Kheda,Nadiyad(Piplag),Chilly Capsicum,Other,FAQ,2015-01-01 00:00:00,2500,3000,2750.0,88
Gujarat,Kheda,Nadiyad(Piplag),Chilly Capsicum,Other,FAQ,2015-01-06 00:00:00,2500,3000,2750.0,88
Gujarat,Kheda,Nadiyad(Piplag),Chilly Capsicum,Other,FAQ,2015-01-08 00:00:00,2000,3000,2500.0,88
Gujarat,Kheda,Nadiyad(Piplag),Chilly Capsicum,Other,FAQ,2015-01-19 00:00:00,2000,3000,2500.0,88
Gujarat,Kheda,Nadiyad(Piplag),Chilly Capsicum,Other,FAQ,2015-01-24 00:00:00,2500,3000,2750.0,88
Gujarat,Kheda,Nadiyad(Piplag),Chilly Capsicum,Other,FAQ,2015-01-28 00:00:00,2600,3400,3000.0,88
Gujarat,Kheda,Nadiyad(Piplag),Chilly Capsicum,Other,FAQ,2015-01-29 00:00:00,2800,3500,3150.0,88
Gujarat,Kheda,Nadiyad(Piplag),Chilly Capsicum,Other,FAQ,2015-02-02 00:00:00,3000,3500,3250.0,88
Gujarat,Kheda,Nadiyad(Piplag),Chilly Capsicum,Other,FAQ,2015-02-03 00:00:00,2500,3500,3000.0,88
Gujarat,Kheda,Nadiyad(Piplag),Chilly Capsicum,Other,FAQ,2015-02-04 00:00:00,2500,3500,3000.0,88
Gujarat,Kheda,Nadiyad(Piplag),Chilly Capsicum,Other,FAQ,2015-02-09 00:00:00,3300,3700,3500.0,88
Gujarat,Kheda,Nadiyad(Piplag),Chilly Capsicum,Other,FAQ,2015-02-10 00:00:00,3000,4000,3500.0,88
Gujarat,Kheda,Nadiyad(Piplag),Chilly Capsicum,Other,FAQ,2015-03-04 00:00:00,3500,4500,4000.0,88
Gujarat,Kheda,Nadiyad(Piplag),Chilly Capsicum,Other,FAQ,2015-03-06 00:00:00,3800,4200,4000.0,88
Gujarat,Kheda,Nadiyad(Piplag),Chilly Capsicum,Other,FAQ,2015-03-13 00:00:00,4100,4200,4150.0,88
Gujarat,Kheda,Nadiyad(Piplag),Chilly Capsicum,Other,FAQ,2015-03-17 00:00:00,3000,3400,3200.0,88
Gujarat,Kheda,Nadiyad(Piplag),Chilly Capsicum,Other,FAQ,2015-03-18 00:00:00,3000,3500,3250.0,88
Gujarat,Kheda,Nadiyad(Piplag),Chilly Capsicum,Other,FAQ,2015-03-27 00:00:00,2500,3000,2750.0,88
Gujarat,Kheda,Nadiyad(Piplag),Chilly Capsicum,Other,FAQ,2015-04-01 00:00:00,2600,3100,2850.0,88
Gujarat,Kheda,Nadiyad(Piplag),Chilly Capsicum,Other,FAQ,2015-04-07 00:00:00,2000,3000,2500.0,88
Gujarat,Kheda,Nadiyad(Piplag),Chilly Capsicum,Other,FAQ,2015-04-08 00:00:00,2500,3000,2750.0,88
Gujarat,Kheda,Nadiyad(Piplag),Chilly Capsicum,Other,FAQ,2015-04-19 00:00:00,2900,3100,3000.0,88
Gujarat,Kheda,Nadiyad(Piplag),Chilly Capsicum,Other,FAQ,2015-04-22 00:00:00,2100,2300,2200.0,88
Gujarat,Kheda,Nadiyad(Piplag),Chilly Capsicum,Other,FAQ,2015-04-23 00:00:00,1500,3500,2500.0,88
Gujarat,Kheda,Nadiyad(Piplag),Chilly Capsicum,Other,FAQ,2015-05-04 00:00:00,2200,4200,3200.0,88
Gujarat,Kheda,Nadiyad(Piplag),Chilly Capsicum,Other,FAQ,2015-05-05 00:00:00,2000,4000,3000.0,88
Gujarat,Kheda,Nadiyad(Piplag),Chilly Capsicum,Other,FAQ,2015-05-12 00:00:00,1800,2200,2000.0,88
Gujarat,Kheda,Nadiyad(Piplag),Chilly Capsicum,Other,FAQ,2015-05-20 00:00:00,1300,3000,2150.0,88
Gujarat,Kheda,Nadiyad(Piplag),Chilly Capsicum,Other,FAQ,2015-05-21 00:00:00,1300,3000,2150.0,88
Gujarat,Kheda,Nadiyad(Piplag),Chilly Capsicum,Other,FAQ,2015-05-29 00:00:00,2600,2800,2700.0,88
Gujarat,Kheda,Nadiyad(Piplag),Chilly Capsicum,Other,FAQ,2015-06-02 00:00:00,1500,2500,2000.0,88
Gujarat,Kheda,Nadiyad(Piplag),Chilly Capsicum,Other,FAQ,2015-06-03 00:00:00,1500,2500,2000.0,88
Gujarat,Kheda,Nadiyad(Piplag),Chilly Capsicum,Other,FAQ,2015-06-26 00:00:00,1100,1800,1450.0,88
Gujarat,Kheda,Nadiyad(Piplag),Chilly Capsicum,Other,FAQ,2015-07-03 00:00:00,1800,1900,1850.0,88
Gujarat,Kheda,Nadiyad(Piplag),Chilly Capsicum,Other,FAQ,2015-07-12 00:00:00,1100,1300,1200.0,88
Gujarat,Kheda,Nadiyad(Piplag),Chilly Capsicum,Other,FAQ,2015-07-15 00:00:00,750,1000,875.0,88
Gujarat,Kheda,Nadiyad(Piplag),Chilly Capsicum,Other,FAQ,2015-07-28 00:00:00,800,1000,900.0,88
Gujarat,Kheda,Nadiyad(Piplag),Chilly Capsicum,Other,FAQ,2015-07-30 00:00:00,1300,1500,1400.0,88
Gujarat,Ahmedabad,Ahmedabad,Chilly Capsicum,Other,FAQ,2005-02-01 00:00:00,400,1000,900.0,88
Gujarat,Ahmedabad,Ahmedabad,Chilly Capsicum,Other,FAQ,2005-02-16 00:00:00,500,800,750.0,88
Gujarat,Ahmedabad,Ahmedabad,Chilly Capsicum,Other,FAQ,2005-02-18 00:00:00,150,700,550.0,88
Gujarat,Ahmedabad,Ahmedabad,Chilly Capsicum,Other,FAQ,2005-02-22 00:00:00,300,900,750.0,88
Gujarat,Ahmedabad,Ahmedabad,Chilly Capsicum,Other,FAQ,2005-02-24 00:00:00,400,900,750.0,88
Gujarat,Ahmedabad,Ahmedabad,Chilly Capsicum,Other,FAQ,2005-03-21 00:00:00,300,1600,1300.0,88
Gujarat,Ahmedabad,Ahmedabad,Chilly Capsicum,Other,FAQ,2005-03-22 00:00:00,300,1750,1500.0,88
Gujarat,Ahmedabad,Ahmedabad,Chilly Capsicum,Other,FAQ,2005-03-23 00:00:00,500,1650,1300.0,88
Gujarat,Ahmedabad,Ahmedabad,Chilly Capsicum,Other,FAQ,2005-04-07 00:00:00,500,2000,1600.0,88
Gujarat,Ahmedabad,Ahmedabad,Chilly Capsicum,Other,FAQ,2005-04-11 00:00:00,350,2000,1800.0,88
Gujarat,Ahmedabad,Ahmedabad,Chilly Capsicum,Other,FAQ,2005-04-15 00:00:00,500,2250,1800.0,88
Gujarat,Ahmedabad,Ahmedabad,Chilly Capsicum,Other,FAQ,2005-04-28 00:00:00,400,2000,1600.0,88
Gujarat,Ahmedabad,Ahmedabad,Chilly Capsicum,Other,FAQ,2005-05-12 00:00:00,400,1000,900.0,88
Gujarat,Ahmedabad,Ahmedabad,Chilly Capsicum,Other,FAQ,2005-05-21 00:00:00,400,1200,1000.0,88
Gujarat,Ahmedabad,Ahmedabad,Chilly Capsicum,Other,FAQ,2005-05-25 00:00:00,300,900,750.0,88
Gujarat,Ahmedabad,Ahmedabad,Chilly Capsicum,Other,FAQ,2005-06-16 00:00:00,600,1100,800.0,88
Gujarat,Ahmedabad,Ahmedabad,Chilly Capsicum,Other,FAQ,2005-06-20 00:00:00,800,1200,1100.0,88
Gujarat,Ahmedabad,Ahmedabad,Chilly Capsicum,Other,FAQ,2005-07-11 00:00:00,750,2500,2200.0,88
Gujarat,Ahmedabad,Ahmedabad,Chilly Capsicum,Other,FAQ,2005-07-12 00:00:00,1000,2750,2200.0,88
Gujarat,Ahmedabad,Ahmedabad,Chilly Capsicum,Other,FAQ,2005-07-23 00:00:00,800,2200,1600.0,88
Gujarat,Ahmedabad,Ahmedabad,Chilly Capsicum,Other,FAQ,2005-07-25 00:00:00,1500,2000,1800.0,88
Gujarat,Ahmedabad,Ahmedabad,Chilly Capsicum,Other,FAQ,2005-07-26 00:00:00,1000,2000,1600.0,88
Gujarat,Ahmedabad,Ahmedabad,Chilly Capsicum,Other,FAQ,2005-08-05 00:00:00,500,2000,1500.0,88
Gujarat,Ahmedabad,Ahmedabad,Chilly Capsicum,Other,FAQ,2005-08-06 00:00:00,1500,2000,1700.0,88
Gujarat,Ahmedabad,Ahmedabad,Chilly Capsicum,Other,FAQ,2005-08-16 00:00:00,1000,2500,2000.0,88
Gujarat,Ahmedabad,Ahmedabad,Chilly Capsicum,Other,FAQ,2005-08-31 00:00:00,1500,1800,1650.0,88
Gujarat,Ahmedabad,Ahmedabad,Chilly Capsicum,Other,FAQ,2005-09-03 00:00:00,900,1500,1300.0,88
Gujarat,Ahmedabad,Ahmedabad,Chilly Capsicum,Other,FAQ,2005-09-14 00:00:00,1000,1800,1400.0,88
Gujarat,Ahmedabad,Ahmedabad,Chilly Capsicum,Other,FAQ,2005-09-15 00:00:00,1400,1500,1450.0,88
Gujarat,Ahmedabad,Ahmedabad,Chilly Capsicum,Other,FAQ,2005-09-21 00:00:00,600,1000,850.0,88
Gujarat,Ahmedabad,Ahmedabad,Chilly Capsicum,Other,FAQ,2005-09-23 00:00:00,1500,2000,1800.0,88
Gujarat,Ahmedabad,Ahmedabad,Chilly Capsicum,Other,FAQ,2005-09-28 00:00:00,1300,1800,1500.0,88
Gujarat,Ahmedabad,Ahmedabad,Chilly Capsicum,Other,FAQ,2005-10-06 00:00:00,1200,2500,2100.0,88
Gujarat,Ahmedabad,Ahmedabad,Chilly Capsicum,Other,FAQ,2005-10-13 00:00:00,1100,2500,2100.0,88
Gujarat,Ahmedabad,Ahmedabad,Chilly Capsicum,Other,FAQ,2005-10-14 00:00:00,1000,2500,2000.0,88
Gujarat,Ahmedabad,Ahmedabad,Chilly Capsicum,Other,FAQ,2005-11-23 00:00:00,300,1100,900.0,88
Gujarat,Ahmedabad,Ahmedabad,Chilly Capsicum,Other,FAQ,2005-11-25 00:00:00,500,1300,1050.0,88
Gujarat,Ahmedabad,Ahmedabad,Chilly Capsicum,Other,FAQ,2005-11-29 00:00:00,300,1000,800.0,88
Gujarat,Ahmedabad,Ahmedabad,Chilly Capsicum,Other,FAQ,2005-12-06 00:00:00,400,700,650.0,88
Gujarat,Ahmedabad,Ahmedabad,Chilly Capsicum,Other,FAQ,2005-12-13 00:00:00,300,650,550.0,88
Gujarat,Ahmedabad,Ahmedabad,Chilly Capsicum,Other,FAQ,2005-12-17 00:00:00,400,700,600.0,88
Gujarat,Ahmedabad,Ahmedabad,Chilly Capsicum,Other,FAQ,2005-12-20 00:00:00,500,750,700.0,88
Gujarat,Ahmedabad,Dholka,Chilly Capsicum,Other,FAQ,2005-09-29 00:00:00,500,750,625.0,88
Gujarat,Ahmedabad,Dholka,Chilly Capsicum,Other,FAQ,2005-10-08 00:00:00,600,800,700.0,88
Gujarat,Ahmedabad,Dholka,Chilly Capsicum,Other,FAQ,2005-10-09 00:00:00,400,900,600.0,88
Gujarat,Ahmedabad,Dholka,Chilly Capsicum,Other,FAQ,2005-10-16 00:00:00,500,850,700.0,88
Gujarat,Ahmedabad,Dholka,Chilly Capsicum,Other,FAQ,2005-10-20 00:00:00,200,500,350.0,88
Gujarat,Ahmedabad,Dholka,Chilly Capsicum,Other,FAQ,2005-11-08 00:00:00,400,500,450.0,88
Gujarat,Ahmedabad,Dholka,Chilly Capsicum,Other,FAQ,2005-11-17 00:00:00,400,500,450.0,88
Gujarat,Ahmedabad,Dholka,Chilly Capsicum,Other,FAQ,2005-11-18 00:00:00,400,600,500.0,88
Gujarat,Ahmedabad,Dholka,Chilly Capsicum,Other,FAQ,2005-11-26 00:00:00,350,650,500.0,88
Gujarat,Ahmedabad,Dholka,Chilly Capsicum,Other,FAQ,2005-11-28 00:00:00,350,650,500.0,88
Gujarat,Ahmedabad,Dholka,Chilly Capsicum,Other,FAQ,2005-11-30 00:00:00,250,800,525.0,88
Gujarat,Bharuch,Bharuch,Chilly Capsicum,Other,FAQ,2005-08-30 00:00:00,800,1000,900.0,88
Gujarat,Kheda,Nadiad,Chilly Capsicum,Other,FAQ,2005-11-29 00:00:00,950,1000,975.0,88
Gujarat,Kheda,Nadiad,Chilly Capsicum,Other,FAQ,2005-12-02 00:00:00,600,650,630.0,88
Gujarat,Kheda,Nadiad,Chilly Capsicum,Other,FAQ,2005-12-04 00:00:00,400,750,580.0,88
Gujarat,Kheda,Nadiad,Chilly Capsicum,Other,FAQ,2005-12-08 00:00:00,450,700,580.0,88
Gujarat,Kheda,Nadiad,Chilly Capsicum,Other,FAQ,2005-12-16 00:00:00,400,675,540.0,88
Gujarat,Kheda,Nadiad,Chilly Capsicum,Other,FAQ,2005-12-23 00:00:00,400,600,500.0,88
Gujarat,Kheda,Nadiad,Chilly Capsicum,Other,FAQ,2005-12-29 00:00:00,550,750,650.0,88
Gujarat,Vadodara(Baroda),Padra,Chilly Capsicum,Other,FAQ,2005-02-08 00:00:00,700,800,750.0,88
Gujarat,Vadodara(Baroda),Padra,Chilly Capsicum,Other,FAQ,2005-08-25 00:00:00,900,1100,1050.0,88
Gujarat,Vadodara(Baroda),Padra,Chilly Capsicum,Other,FAQ,2005-08-29 00:00:00,900,1000,950.0,88
Gujarat,Vadodara(Baroda),Padra,Chilly Capsicum,Other,FAQ,2005-09-29 00:00:00,600,750,700.0,88
Gujarat,Vadodara(Baroda),Padra,Chilly Capsicum,Other,FAQ,2005-10-07 00:00:00,1000,1400,1200.0,88
Gujarat,Vadodara(Baroda),Padra,Chilly Capsicum,Other,FAQ,2005-10-08 00:00:00,1000,1300,1250.0,88
Gujarat,Vadodara(Baroda),Padra,Chilly Capsicum,Other,FAQ,2005-10-19 00:00:00,550,800,650.0,88
Gujarat,Vadodara(Baroda),Padra,Chilly Capsicum,Other,FAQ,2005-10-20 00:00:00,500,800,650.0,88
Gujarat,Vadodara(Baroda),Padra,Chilly Capsicum,Other,FAQ,2005-10-24 00:00:00,700,1000,850.0,88
Gujarat,Vadodara(Baroda),Padra,Chilly Capsicum,Other,FAQ,2005-11-09 00:00:00,300,500,400.0,88
Gujarat,Vadodara(Baroda),Padra,Chilly Capsicum,Other,FAQ,2005-12-01 00:00:00,250,800,500.0,88
Gujarat,Vadodara(Baroda),Padra,Chilly Capsicum,Other,FAQ,2005-12-02 00:00:00,300,900,600.0,88
Gujarat,Vadodara(Baroda),Padra,Chilly Capsicum,Other,FAQ,2005-12-17 00:00:00,600,700,650.0,88
Gujarat,Vadodara(Baroda),Padra,Chilly Capsicum,Other,FAQ,2005-12-19 00:00:00,500,600,550.0,88
Gujarat,Vadodara(Baroda),Padra,Chilly Capsicum,Other,FAQ,2005-12-23 00:00:00,450,700,600.0,88
Gujarat,Vadodara(Baroda),Padra,Chilly Capsicum,Other,FAQ,2005-12-27 00:00:00,750,1000,850.0,88
Gujarat,Vadodara(Baroda),Padra,Chilly Capsicum,Other,FAQ,2005-12-28 00:00:00,700,800,750.0,88
Gujarat,Vadodara(Baroda),Padra,Chilly Capsicum,Other,FAQ,2005-12-31 00:00:00,500,800,650.0,88
Gujarat,Vadodara(Baroda),Vadodara,Chilly Capsicum,Other,FAQ,2005-01-02 00:00:00,250,600,475.0,88
Gujarat,Vadodara(Baroda),Vadodara,Chilly Capsicum,Other,FAQ,2005-01-03 00:00:00,250,425,400.0,88
Gujarat,Vadodara(Baroda),Vadodara,Chilly Capsicum,Other,FAQ,2005-01-07 00:00:00,250,625,500.0,88
Gujarat,Vadodara(Baroda),Vadodara,Chilly Capsicum,Other,FAQ,2005-07-26 00:00:00,1500,2000,1750.0,88
Gujarat,Vadodara(Baroda),Vadodara,Chilly Capsicum,Other,FAQ,2005-07-31 00:00:00,1000,1300,1150.0,88
Gujarat,Ahmedabad,Ahmedabad,Chilly Capsicum,Other,FAQ,2004-01-01 00:00:00,300,700,600.0,88
Gujarat,Ahmedabad,Ahmedabad,Chilly Capsicum,Other,FAQ,2004-01-03 00:00:00,500,700,650.0,88
Gujarat,Ahmedabad,Ahmedabad,Chilly Capsicum,Other,FAQ,2004-01-10 00:00:00,400,700,600.0,88
Gujarat,Ahmedabad,Ahmedabad,Chilly Capsicum,Other,FAQ,2004-01-29 00:00:00,300,800,700.0,88
Gujarat,Ahmedabad,Ahmedabad,Chilly Capsicum,Other,FAQ,2004-02-02 00:00:00,500,700,650.0,88
Gujarat,Ahmedabad,Ahmedabad,Chilly Capsicum,Other,FAQ,2004-02-04 00:00:00,300,700,600.0,88
Gujarat,Ahmedabad,Ahmedabad,Chilly Capsicum,Other,FAQ,2004-02-06 00:00:00,400,750,600.0,88
Gujarat,Ahmedabad,Ahmedabad,Chilly Capsicum,Other,FAQ,2004-02-07 00:00:00,200,900,700.0,88
Gujarat,Ahmedabad,Ahmedabad,Chilly Capsicum,Other,FAQ,2004-02-13 00:00:00,300,750,550.0,88
Gujarat,Ahmedabad,Ahmedabad,Chilly Capsicum,Other,FAQ,2004-02-14 00:00:00,700,900,850.0,88
Gujarat,Ahmedabad,Ahmedabad,Chilly Capsicum,Other,FAQ,2004-02-25 00:00:00,350,800,700.0,88
Gujarat,Ahmedabad,Ahmedabad,Chilly Capsicum,Other,FAQ,2004-03-06 00:00:00,600,1000,900.0,88
Gujarat,Ahmedabad,Ahmedabad,Chilly Capsicum,Other,FAQ,2004-03-08 00:00:00,600,1000,800.0,88
Gujarat,Ahmedabad,Ahmedabad,Chilly Capsicum,Other,FAQ,2004-03-09 00:00:00,600,1000,800.0,88
Gujarat,Ahmedabad,Ahmedabad,Chilly Capsicum,Other,FAQ,2004-03-11 00:00:00,600,1000,800.0,88
Gujarat,Ahmedabad,Ahmedabad,Chilly Capsicum,Other,FAQ,2004-03-18 00:00:00,600,1200,1000.0,88
Gujarat,Ahmedabad,Ahmedabad,Chilly Capsicum,Other,FAQ,2004-03-24 00:00:00,1000,1500,1400.0,88
Gujarat,Ahmedabad,Ahmedabad,Chilly Capsicum,Other,FAQ,2004-04-06 00:00:00,1500,2000,1950.0,88
Gujarat,Ahmedabad,Ahmedabad,Chilly Capsicum,Other,FAQ,2004-04-07 00:00:00,600,2250,2000.0,88
Gujarat,Ahmedabad,Ahmedabad,Chilly Capsicum,Other,FAQ,2004-04-13 00:00:00,1300,1900,1700.0,88
Gujarat,Ahmedabad,Ahmedabad,Chilly Capsicum,Other,FAQ,2004-04-27 00:00:00,500,1400,1100.0,88
Gujarat,Ahmedabad,Ahmedabad,Chilly Capsicum,Other,FAQ,2004-06-08 00:00:00,800,1200,1100.0,88
Gujarat,Ahmedabad,Ahmedabad,Chilly Capsicum,Other,FAQ,2004-06-10 00:00:00,400,1000,800.0,88
Gujarat,Ahmedabad,Ahmedabad,Chilly Capsicum,Other,FAQ,2004-06-18 00:00:00,300,1000,800.0,88
Gujarat,Ahmedabad,Ahmedabad,Chilly Capsicum,Other,FAQ,2004-06-22 00:00:00,600,1200,1000.0,88
Gujarat,Ahmedabad,Ahmedabad,Chilly Capsicum,Other,FAQ,2004-06-28 00:00:00,800,2200,1750.0,88
Gujarat,Ahmedabad,Ahmedabad,Chilly Capsicum,Other,FAQ,2004-07-02 00:00:00,500,2100,1800.0,88
Gujarat,Ahmedabad,Ahmedabad,Chilly Capsicum,Other,FAQ,2004-07-07 00:00:00,2000,2500,2300.0,88
Gujarat,Ahmedabad,Ahmedabad,Chilly Capsicum,Other,FAQ,2004-07-09 00:00:00,800,1600,1000.0,88
Gujarat,Ahmedabad,Ahmedabad,Chilly Capsicum,Other,FAQ,2004-07-12 00:00:00,1700,2500,2000.0,88
Gujarat,Ahmedabad,Ahmedabad,Chilly Capsicum,Other,FAQ,2004-07-16 00:00:00,900,1600,1300.0,88
Gujarat,Ahmedabad,Ahmedabad,Chilly Capsicum,Other,FAQ,2004-07-24 00:00:00,1000,1800,1500.0,88
Gujarat,Ahmedabad,Ahmedabad,Chilly Capsicum,Other,FAQ,2004-07-27 00:00:00,1000,1500,1400.0,88
Gujarat,Ahmedabad,Ahmedabad,Chilly Capsicum,Other,FAQ,2004-07-28 00:00:00,1200,1600,1500.0,88
Gujarat,Ahmedabad,Ahmedabad,Chilly Capsicum,Other,FAQ,2004-09-18 00:00:00,500,2000,1400.0,88
Gujarat,Ahmedabad,Ahmedabad,Chilly Capsicum,Other,FAQ,2004-09-23 00:00:00,400,2000,1500.0,88
Gujarat,Ahmedabad,Ahmedabad,Chilly Capsicum,Other,FAQ,2004-10-02 00:00:00,1000,1500,1300.0,88
Gujarat,Ahmedabad,Ahmedabad,Chilly Capsicum,Other,FAQ,2004-10-07 00:00:00,1000,1500,1350.0,88
Gujarat,Ahmedabad,Ahmedabad,Chilly Capsicum,Other,FAQ,2004-10-16 00:00:00,1000,2000,1750.0,88
Gujarat,Ahmedabad,Ahmedabad,Chilly Capsicum,Other,FAQ,2004-10-19 00:00:00,1500,2200,1800.0,88
Gujarat,Ahmedabad,Ahmedabad,Chilly Capsicum,Other,FAQ,2004-11-19 00:00:00,400,800,700.0,88
Gujarat,Ahmedabad,Ahmedabad,Chilly Capsicum,Other,FAQ,2004-12-08 00:00:00,500,900,650.0,88
Gujarat,Ahmedabad,Ahmedabad,Chilly Capsicum,Other,FAQ,2004-12-09 00:00:00,500,800,650.0,88
Gujarat,Ahmedabad,Ahmedabad,Chilly Capsicum,Other,FAQ,2004-12-10 00:00:00,400,800,600.0,88
Gujarat,Ahmedabad,Ahmedabad,Chilly Capsicum,Other,FAQ,2004-12-16 00:00:00,400,600,500.0,88
Gujarat,Ahmedabad,Ahmedabad,Chilly Capsicum,Other,FAQ,2004-12-30 00:00:00,700,800,750.0,88
Gujarat,Vadodara(Baroda),Vadodara,Chilly Capsicum,Other,FAQ,2004-01-03 00:00:00,150,600,500.0,88
Gujarat,Vadodara(Baroda),Vadodara,Chilly Capsicum,Other,FAQ,2004-01-06 00:00:00,150,500,400.0,88
Gujarat,Vadodara(Baroda),Vadodara,Chilly Capsicum,Other,FAQ,2004-01-23 00:00:00,100,450,300.0,88
Gujarat,Vadodara(Baroda),Vadodara,Chilly Capsicum,Other,FAQ,2004-01-26 00:00:00,150,600,400.0,88
Gujarat,Vadodara(Baroda),Vadodara,Chilly Capsicum,Other,FAQ,2004-02-05 00:00:00,100,600,500.0,88
Gujarat,Vadodara(Baroda),Vadodara,Chilly Capsicum,Other,FAQ,2004-02-07 00:00:00,100,600,500.0,88
Gujarat,Vadodara(Baroda),Vadodara,Chilly Capsicum,Other,FAQ,2004-02-17 00:00:00,100,550,450.0,88
Gujarat,Vadodara(Baroda),Vadodara,Chilly Capsicum,Other,FAQ,2004-03-09 00:00:00,250,900,800.0,88
Gujarat,Vadodara(Baroda),Vadodara,Chilly Capsicum,Other,FAQ,2004-03-21 00:00:00,250,1400,1200.0,88
Gujarat,Vadodara(Baroda),Vadodara,Chilly Capsicum,Other,FAQ,2004-04-19 00:00:00,500,1750,1400.0,88
Gujarat,Vadodara(Baroda),Vadodara,Chilly Capsicum,Other,FAQ,2004-04-23 00:00:00,500,1750,1200.0,88
Gujarat,Vadodara(Baroda),Vadodara,Chilly Capsicum,Other,FAQ,2004-04-28 00:00:00,500,2000,1700.0,88
Gujarat,Vadodara(Baroda),Vadodara,Chilly Capsicum,Other,FAQ,2004-05-15 00:00:00,700,850,800.0,88
Gujarat,Vadodara(Baroda),Vadodara,Chilly Capsicum,Other,FAQ,2004-05-16 00:00:00,700,1000,800.0,88
Gujarat,Vadodara(Baroda),Vadodara,Chilly Capsicum,Other,FAQ,2004-06-06 00:00:00,800,1000,950.0,88
Gujarat,Vadodara(Baroda),Vadodara,Chilly Capsicum,Other,FAQ,2004-06-08 00:00:00,500,700,600.0,88
Gujarat,Vadodara(Baroda),Vadodara,Chilly Capsicum,Other,FAQ,2004-06-19 00:00:00,500,800,700.0,88
Gujarat,Vadodara(Baroda),Vadodara,Chilly Capsicum,Other,FAQ,2004-07-02 00:00:00,500,1500,1200.0,88
Gujarat,Vadodara(Baroda),Vadodara,Chilly Capsicum,Other,FAQ,2004-07-09 00:00:00,600,1500,1200.0,88
Gujarat,Vadodara(Baroda),Vadodara,Chilly Capsicum,Other,FAQ,2004-07-10 00:00:00,500,1200,1000.0,88
Gujarat,Vadodara(Baroda),Vadodara,Chilly Capsicum,Other,FAQ,2004-07-13 00:00:00,1500,1800,1700.0,88
Gujarat,Vadodara(Baroda),Vadodara,Chilly Capsicum,Other,FAQ,2004-07-15 00:00:00,1000,1500,1300.0,88
Gujarat,Vadodara(Baroda),Vadodara,Chilly Capsicum,Other,FAQ,2004-07-20 00:00:00,1000,1400,1200.0,88
Gujarat,Vadodara(Baroda),Vadodara,Chilly Capsicum,Other,FAQ,2004-07-21 00:00:00,750,1000,940.0,88
Gujarat,Vadodara(Baroda),Vadodara,Chilly Capsicum,Other,FAQ,2004-07-23 00:00:00,600,1100,900.0,88
Gujarat,Vadodara(Baroda),Vadodara,Chilly Capsicum,Other,FAQ,2004-07-28 00:00:00,1100,1300,1250.0,88
Gujarat,Vadodara(Baroda),Vadodara,Chilly Capsicum,Other,FAQ,2004-08-02 00:00:00,900,1100,1000.0,88
Gujarat,Vadodara(Baroda),Vadodara,Chilly Capsicum,Other,FAQ,2004-08-14 00:00:00,1300,1800,1650.0,88
Gujarat,Vadodara(Baroda),Vadodara,Chilly Capsicum,Other,FAQ,2004-08-17 00:00:00,1300,1750,1500.0,88
Gujarat,Vadodara(Baroda),Vadodara,Chilly Capsicum,Other,FAQ,2004-08-20 00:00:00,1500,2000,1800.0,88
Gujarat,Vadodara(Baroda),Vadodara,Chilly Capsicum,Other,FAQ,2004-08-21 00:00:00,1750,2250,2000.0,88
Gujarat,Vadodara(Baroda),Vadodara,Chilly Capsicum,Other,FAQ,2004-08-26 00:00:00,500,1000,850.0,88
Gujarat,Vadodara(Baroda),Vadodara,Chilly Capsicum,Other,FAQ,2004-08-29 00:00:00,1000,1500,1400.0,88
Gujarat,Vadodara(Baroda),Vadodara,Chilly Capsicum,Other,FAQ,2004-08-31 00:00:00,1100,1600,1450.0,88
Gujarat,Vadodara(Baroda),Vadodara,Chilly Capsicum,Other,FAQ,2004-09-18 00:00:00,1200,1400,1300.0,88
Gujarat,Vadodara(Baroda),Vadodara,Chilly Capsicum,Other,FAQ,2004-09-21 00:00:00,1400,1500,1430.0,88
Gujarat,Vadodara(Baroda),Vadodara,Chilly Capsicum,Other,FAQ,2004-10-01 00:00:00,900,1100,1000.0,88
Gujarat,Vadodara(Baroda),Vadodara,Chilly Capsicum,Other,FAQ,2004-11-04 00:00:00,750,1000,800.0,88
Gujarat,Vadodara(Baroda),Vadodara,Chilly Capsicum,Other,FAQ,2004-11-09 00:00:00,500,1100,1050.0,88
Gujarat,Vadodara(Baroda),Vadodara,Chilly Capsicum,Other,FAQ,2004-11-23 00:00:00,200,600,550.0,88
Gujarat,Vadodara(Baroda),Vadodara,Chilly Capsicum,Other,FAQ,2004-12-02 00:00:00,200,500,475.0,88
Gujarat,Vadodara(Baroda),Vadodara,Chilly Capsicum,Other,FAQ,2004-12-03 00:00:00,250,500,450.0,88
Gujarat,Vadodara(Baroda),Vadodara,Chilly Capsicum,Other,FAQ,2004-12-08 00:00:00,200,550,500.0,88
Gujarat,Vadodara(Baroda),Vadodara,Chilly Capsicum,Other,FAQ,2004-12-14 00:00:00,250,550,500.0,88
Gujarat,Vadodara(Baroda),Vadodara,Chilly Capsicum,Other,FAQ,2004-12-19 00:00:00,250,550,500.0,88
Gujarat,Vadodara(Baroda),Vadodara,Chilly Capsicum,Other,FAQ,2004-12-21 00:00:00,250,600,500.0,88
Gujarat,Vadodara(Baroda),Vadodara,Chilly Capsicum,Other,FAQ,2004-12-22 00:00:00,250,550,500.0,88
Gujarat,Vadodara(Baroda),Vadodara,Chilly Capsicum,Other,FAQ,2004-12-23 00:00:00,250,600,550.0,88
Gujarat,Vadodara(Baroda),Vadodara,Chilly Capsicum,Other,FAQ,2004-12-25 00:00:00,250,550,500.0,88
Gujarat,Vadodara(Baroda),Padra,Chilly Capsicum,Other,FAQ,2007-05-02 00:00:00,1900,2000,1950.0,88
Gujarat,Vadodara(Baroda),Padra,Chilly Capsicum,Other,FAQ,2007-05-12 00:00:00,750,1000,850.0,88
Gujarat,Vadodara(Baroda),Padra,Chilly Capsicum,Other,FAQ,2007-05-22 00:00:00,800,1100,1000.0,88
Gujarat,Vadodara(Baroda),Padra,Chilly Capsicum,Other,FAQ,2007-05-26 00:00:00,750,1000,850.0,88
Gujarat,Vadodara(Baroda),Padra,Chilly Capsicum,Other,FAQ,2007-05-28 00:00:00,1100,1350,1200.0,88
Gujarat,Vadodara(Baroda),Padra,Chilly Capsicum,Other,FAQ,2007-06-01 00:00:00,1300,1600,1500.0,88
Gujarat,Vadodara(Baroda),Padra,Chilly Capsicum,Other,FAQ,2007-06-11 00:00:00,700,1150,1000.0,88
Gujarat,Vadodara(Baroda),Padra,Chilly Capsicum,Other,FAQ,2007-06-28 00:00:00,900,1000,950.0,88
Gujarat,Vadodara(Baroda),Padra,Chilly Capsicum,Other,FAQ,2007-07-21 00:00:00,1000,1500,1250.0,88
Gujarat,Vadodara(Baroda),Padra,Chilly Capsicum,Other,FAQ,2007-07-26 00:00:00,750,1250,1000.0,88
Gujarat,Vadodara(Baroda),Padra,Chilly Capsicum,Other,FAQ,2007-08-01 00:00:00,500,600,550.0,88
Gujarat,Vadodara(Baroda),Padra,Chilly Capsicum,Other,FAQ,2007-08-12 00:00:00,500,700,600.0,88
Gujarat,Vadodara(Baroda),Padra,Chilly Capsicum,Other,FAQ,2007-08-13 00:00:00,700,750,725.0,88
Gujarat,Vadodara(Baroda),Padra,Chilly Capsicum,Other,FAQ,2007-08-14 00:00:00,600,700,650.0,88
Gujarat,Vadodara(Baroda),Padra,Chilly Capsicum,Other,FAQ,2007-08-16 00:00:00,500,800,700.0,88
Gujarat,Vadodara(Baroda),Padra,Chilly Capsicum,Other,FAQ,2007-08-22 00:00:00,1000,1100,1050.0,88
Gujarat,Vadodara(Baroda),Padra,Chilly Capsicum,Other,FAQ,2007-08-25 00:00:00,500,800,700.0,88
Gujarat,Vadodara(Baroda),Padra,Chilly Capsicum,Other,FAQ,2007-08-27 00:00:00,700,800,750.0,88
Gujarat,Vadodara(Baroda),Padra,Chilly Capsicum,Other,FAQ,2007-08-31 00:00:00,500,700,600.0,88
Gujarat,Vadodara(Baroda),Padra,Chilly Capsicum,Other,FAQ,2007-09-01 00:00:00,500,700,600.0,88
Gujarat,Vadodara(Baroda),Padra,Chilly Capsicum,Other,FAQ,2007-09-10 00:00:00,400,500,450.0,88
Gujarat,Vadodara(Baroda),Padra,Chilly Capsicum,Other,FAQ,2007-09-11 00:00:00,400,600,500.0,88
Gujarat,Vadodara(Baroda),Padra,Chilly Capsicum,Other,FAQ,2007-09-20 00:00:00,500,800,650.0,88
Gujarat,Vadodara(Baroda),Padra,Chilly Capsicum,Other,FAQ,2007-09-28 00:00:00,700,800,750.0,88
Gujarat,Vadodara(Baroda),Padra,Chilly Capsicum,Other,FAQ,2007-10-04 00:00:00,1000,1500,1300.0,88
Gujarat,Vadodara(Baroda),Padra,Chilly Capsicum,Other,FAQ,2007-10-08 00:00:00,800,900,850.0,88
Gujarat,Vadodara(Baroda),Padra,Chilly Capsicum,Other,FAQ,2007-10-10 00:00:00,900,1000,950.0,88
Gujarat,Vadodara(Baroda),Padra,Chilly Capsicum,Other,FAQ,2007-10-15 00:00:00,1000,1200,1100.0,88
Gujarat,Vadodara(Baroda),Padra,Chilly Capsicum,Other,FAQ,2007-10-29 00:00:00,550,600,575.0,88
Gujarat,Vadodara(Baroda),Padra,Chilly Capsicum,Other,FAQ,2007-12-05 00:00:00,350,500,450.0,88
Gujarat,Vadodara(Baroda),Padra,Chilly Capsicum,Other,FAQ,2007-12-08 00:00:00,250,300,275.0,88
Gujarat,Vadodara(Baroda),Padra,Chilly Capsicum,Other,FAQ,2007-12-12 00:00:00,400,500,450.0,88
Gujarat,Vadodara(Baroda),Padra,Chilly Capsicum,Other,FAQ,2007-12-15 00:00:00,400,500,450.0,88
Gujarat,Vadodara(Baroda),Padra,Chilly Capsicum,Other,FAQ,2007-12-26 00:00:00,500,700,600.0,88
Gujarat,Vadodara(Baroda),Vadodara(Sayajipura),Chilly Capsicum,Other,FAQ,2007-07-23 00:00:00,1000,1750,1050.0,88
Gujarat,Vadodara(Baroda),Vadodara(Sayajipura),Chilly Capsicum,Other,FAQ,2007-08-04 00:00:00,600,1500,800.0,88
Gujarat,Vadodara(Baroda),Vadodara(Sayajipura),Chilly Capsicum,Other,FAQ,2007-08-21 00:00:00,1000,1500,1100.0,88
Gujarat,Vadodara(Baroda),Vadodara(Sayajipura),Chilly Capsicum,Other,FAQ,2007-08-22 00:00:00,500,1000,650.0,88
Gujarat,Vadodara(Baroda),Vadodara(Sayajipura),Chilly Capsicum,Other,FAQ,2007-08-29 00:00:00,700,1200,950.0,88
Gujarat,Vadodara(Baroda),Vadodara(Sayajipura),Chilly Capsicum,Other,FAQ,2007-09-03 00:00:00,600,1100,900.0,88
Gujarat,Vadodara(Baroda),Vadodara(Sayajipura),Chilly Capsicum,Other,FAQ,2007-09-08 00:00:00,500,1000,700.0,88
Gujarat,Vadodara(Baroda),Vadodara(Sayajipura),Chilly Capsicum,Other,FAQ,2007-09-18 00:00:00,750,1500,1100.0,88
Gujarat,Vadodara(Baroda),Vadodara(Sayajipura),Chilly Capsicum,Other,FAQ,2007-09-20 00:00:00,600,1300,1000.0,88
Gujarat,Vadodara(Baroda),Vadodara(Sayajipura),Chilly Capsicum,Other,FAQ,2007-09-23 00:00:00,1000,1500,1275.0,88
Gujarat,Vadodara(Baroda),Vadodara(Sayajipura),Chilly Capsicum,Other,FAQ,2007-10-01 00:00:00,1000,1800,1500.0,88
Gujarat,Vadodara(Baroda),Vadodara(Sayajipura),Chilly Capsicum,Other,FAQ,2007-10-08 00:00:00,1500,2000,1700.0,88
Gujarat,Vadodara(Baroda),Vadodara(Sayajipura),Chilly Capsicum,Other,FAQ,2007-10-14 00:00:00,1900,2500,2100.0,88
Gujarat,Vadodara(Baroda),Vadodara(Sayajipura),Chilly Capsicum,Other,FAQ,2007-10-19 00:00:00,2000,2500,2400.0,88
Gujarat,Vadodara(Baroda),Vadodara(Sayajipura),Chilly Capsicum,Other,FAQ,2007-10-20 00:00:00,2500,2750,2500.0,88
Gujarat,Vadodara(Baroda),Vadodara(Sayajipura),Chilly Capsicum,Other,FAQ,2007-11-01 00:00:00,1500,1900,1750.0,88
Gujarat,Vadodara(Baroda),Vadodara(Sayajipura),Chilly Capsicum,Other,FAQ,2007-11-06 00:00:00,800,1250,1000.0,88
Gujarat,Vadodara(Baroda),Vadodara(Sayajipura),Chilly Capsicum,Other,FAQ,2007-11-27 00:00:00,1000,1500,1400.0,88
Gujarat,Vadodara(Baroda),Vadodara(Sayajipura),Chilly Capsicum,Other,FAQ,2007-12-06 00:00:00,500,1500,1050.0,88
Gujarat,Vadodara(Baroda),Vadodara(Sayajipura),Chilly Capsicum,Other,FAQ,2007-12-13 00:00:00,700,1400,1175.0,88
Gujarat,Vadodara(Baroda),Vadodara(Sayajipura),Chilly Capsicum,Other,FAQ,2007-12-16 00:00:00,800,1500,1200.0,88
Gujarat,Vadodara(Baroda),Vadodara(Sayajipura),Chilly Capsicum,Other,FAQ,2007-12-28 00:00:00,1000,1200,1100.0,88
Gujarat,Vadodara(Baroda),Vadodara(Sayajipura),Chilly Capsicum,Other,FAQ,2007-12-31 00:00:00,900,1200,1100.0,88
Gujarat,Ahmedabad,Ahmedabad,Chilly Capsicum,Other,FAQ,2007-01-15 00:00:00,300,1100,900.0,88
Gujarat,Ahmedabad,Ahmedabad,Chilly Capsicum,Other,FAQ,2007-01-25 00:00:00,250,1000,800.0,88
Gujarat,Ahmedabad,Ahmedabad,Chilly Capsicum,Other,FAQ,2007-02-10 00:00:00,700,1200,1000.0,88
Gujarat,Ahmedabad,Ahmedabad,Chilly Capsicum,Other,FAQ,2007-02-21 00:00:00,1000,1700,1500.0,88
Gujarat,Ahmedabad,Ahmedabad,Chilly Capsicum,Other,FAQ,2007-02-23 00:00:00,800,1700,1500.0,88
Gujarat,Ahmedabad,Ahmedabad,Chilly Capsicum,Other,FAQ,2007-02-28 00:00:00,1000,2000,1500.0,88
Gujarat,Ahmedabad,Ahmedabad,Chilly Capsicum,Other,FAQ,2007-03-01 00:00:00,800,2000,1600.0,88
Gujarat,Ahmedabad,Ahmedabad,Chilly Capsicum,Other,FAQ,2007-03-03 00:00:00,1000,3000,2200.0,88
Gujarat,Ahmedabad,Ahmedabad,Chilly Capsicum,Other,FAQ,2007-03-13 00:00:00,500,1750,1500.0,88
Gujarat,Ahmedabad,Ahmedabad,Chilly Capsicum,Other,FAQ,2007-03-19 00:00:00,400,2250,2000.0,88
Gujarat,Ahmedabad,Ahmedabad,Chilly Capsicum,Other,FAQ,2007-03-21 00:00:00,500,2000,1500.0,88
Gujarat,Ahmedabad,Ahmedabad,Chilly Capsicum,Other,FAQ,2007-03-24 00:00:00,1000,2000,1700.0,88
Gujarat,Ahmedabad,Ahmedabad,Chilly Capsicum,Other,FAQ,2007-04-18 00:00:00,600,3250,2500.0,88
Gujarat,Ahmedabad,Ahmedabad,Chilly Capsicum,Other,FAQ,2007-04-19 00:00:00,750,2500,2000.0,88
Gujarat,Ahmedabad,Ahmedabad,Chilly Capsicum,Other,FAQ,2007-04-21 00:00:00,1000,2500,2000.0,88
Gujarat,Ahmedabad,Ahmedabad,Chilly Capsicum,Other,FAQ,2007-04-28 00:00:00,1300,3000,2500.0,88
Gujarat,Ahmedabad,Ahmedabad,Chilly Capsicum,Other,FAQ,2007-05-04 00:00:00,1000,2200,2000.0,88
Gujarat,Ahmedabad,Ahmedabad,Chilly Capsicum,Other,FAQ,2007-05-07 00:00:00,700,2200,2000.0,88
Gujarat,Ahmedabad,Ahmedabad,Chilly Capsicum,Other,FAQ,2007-05-10 00:00:00,600,1800,1400.0,88
Gujarat,Ahmedabad,Ahmedabad,Chilly Capsicum,Other,FAQ,2007-05-16 00:00:00,300,1400,1000.0,88
Gujarat,Ahmedabad,Ahmedabad,Chilly Capsicum,Other,FAQ,2007-05-17 00:00:00,500,1500,1200.0,88
Gujarat,Ahmedabad,Ahmedabad,Chilly Capsicum,Other,FAQ,2007-05-24 00:00:00,800,1400,1200.0,88
Gujarat,Ahmedabad,Ahmedabad,Chilly Capsicum,Other,FAQ,2007-05-29 00:00:00,1000,1500,1350.0,88
Gujarat,Ahmedabad,Ahmedabad,Chilly Capsicum,Other,FAQ,2007-05-31 00:00:00,1000,1300,1200.0,88
Gujarat,Ahmedabad,Ahmedabad,Chilly Capsicum,Other,FAQ,2007-06-06 00:00:00,500,1800,1500.0,88
Gujarat,Ahmedabad,Ahmedabad,Chilly Capsicum,Other,FAQ,2007-06-09 00:00:00,1000,1800,1500.0,88
Gujarat,Ahmedabad,Ahmedabad,Chilly Capsicum,Other,FAQ,2007-06-16 00:00:00,400,2000,1500.0,88
Gujarat,Ahmedabad,Ahmedabad,Chilly Capsicum,Other,FAQ,2007-06-19 00:00:00,800,2000,1700.0,88
Gujarat,Ahmedabad,Ahmedabad,Chilly Capsicum,Other,FAQ,2007-06-20 00:00:00,500,2000,1500.0,88
Gujarat,Ahmedabad,Ahmedabad,Chilly Capsicum,Other,FAQ,2007-06-21 00:00:00,1200,2000,1800.0,88
Gujarat,Ahmedabad,Ahmedabad,Chilly Capsicum,Other,FAQ,2007-06-22 00:00:00,1000,2200,2000.0,88
Gujarat,Ahmedabad,Ahmedabad,Chilly Capsicum,Other,FAQ,2007-06-23 00:00:00,1000,2500,2000.0,88
Gujarat,Ahmedabad,Ahmedabad,Chilly Capsicum,Other,FAQ,2007-06-25 00:00:00,1600,3000,2500.0,88
Gujarat,Ahmedabad,Ahmedabad,Chilly Capsicum,Other,FAQ,2007-06-30 00:00:00,1000,2000,1700.0,88
Gujarat,Ahmedabad,Ahmedabad,Chilly Capsicum,Other,FAQ,2007-07-05 00:00:00,600,1600,1200.0,88
Gujarat,Ahmedabad,Ahmedabad,Chilly Capsicum,Other,FAQ,2007-07-13 00:00:00,1000,2500,2000.0,88
Gujarat,Ahmedabad,Ahmedabad,Chilly Capsicum,Other,FAQ,2007-07-28 00:00:00,1000,1800,1600.0,88
Gujarat,Ahmedabad,Ahmedabad,Chilly Capsicum,Other,FAQ,2007-08-06 00:00:00,900,1600,1400.0,88
Gujarat,Ahmedabad,Ahmedabad,Chilly Capsicum,Other,FAQ,2007-08-09 00:00:00,500,1200,1000.0,88
Gujarat,Ahmedabad,Ahmedabad,Chilly Capsicum,Other,FAQ,2007-08-13 00:00:00,1000,1600,1400.0,88
Gujarat,Ahmedabad,Ahmedabad,Chilly Capsicum,Other,FAQ,2007-09-05 00:00:00,800,1300,1150.0,88
Gujarat,Ahmedabad,Ahmedabad,Chilly Capsicum,Other,FAQ,2007-09-18 00:00:00,800,1500,1300.0,88
Gujarat,Ahmedabad,Ahmedabad,Chilly Capsicum,Other,FAQ,2007-09-20 00:00:00,1000,2000,1700.0,88
Gujarat,Ahmedabad,Ahmedabad,Chilly Capsicum,Other,FAQ,2007-09-25 00:00:00,1300,2000,1750.0,88
Gujarat,Ahmedabad,Ahmedabad,Chilly Capsicum,Other,FAQ,2007-10-15 00:00:00,500,2750,1800.0,88
Gujarat,Ahmedabad,Ahmedabad,Chilly Capsicum,Other,FAQ,2007-10-20 00:00:00,2000,2750,2350.0,88
Gujarat,Ahmedabad,Ahmedabad,Chilly Capsicum,Other,FAQ,2007-10-27 00:00:00,800,2000,1500.0,88
Gujarat,Ahmedabad,Ahmedabad,Chilly Capsicum,Other,FAQ,2007-10-31 00:00:00,1000,1500,1350.0,88
Gujarat,Ahmedabad,Ahmedabad,Chilly Capsicum,Other,FAQ,2007-11-08 00:00:00,600,1000,900.0,88
Gujarat,Ahmedabad,Ahmedabad,Chilly Capsicum,Other,FAQ,2007-11-13 00:00:00,900,1300,1200.0,88
Gujarat,Ahmedabad,Ahmedabad,Chilly Capsicum,Other,FAQ,2007-11-23 00:00:00,1000,1700,1500.0,88
Gujarat,Ahmedabad,Ahmedabad,Chilly Capsicum,Other,FAQ,2007-11-26 00:00:00,1000,2000,1700.0,88
Gujarat,Ahmedabad,Ahmedabad,Chilly Capsicum,Other,FAQ,2007-11-28 00:00:00,700,1750,1400.0,88
Gujarat,Ahmedabad,Ahmedabad,Chilly Capsicum,Other,FAQ,2007-11-30 00:00:00,600,1900,1400.0,88
Gujarat,Ahmedabad,Ahmedabad,Chilly Capsicum,Other,FAQ,2007-12-08 00:00:00,600,1700,1300.0,88
Gujarat,Ahmedabad,Ahmedabad,Chilly Capsicum,Other,FAQ,2007-12-20 00:00:00,500,1500,1100.0,88
Gujarat,Ahmedabad,Ahmedabad,Chilly Capsicum,Other,FAQ,2007-12-25 00:00:00,800,1500,1300.0,88
Gujarat,Ahmedabad,Ahmedabad,Chilly Capsicum,Other,FAQ,2007-12-31 00:00:00,800,1400,1200.0,88
Gujarat,Ahmedabad,Dholka,Chilly Capsicum,Other,FAQ,2007-01-03 00:00:00,350,550,450.0,88
Gujarat,Ahmedabad,Dholka,Chilly Capsicum,Other,FAQ,2007-01-04 00:00:00,300,550,425.0,88
Gujarat,Ahmedabad,Dholka,Chilly Capsicum,Other,FAQ,2007-01-17 00:00:00,400,700,550.0,88
Gujarat,Ahmedabad,Dholka,Chilly Capsicum,Other,FAQ,2007-01-29 00:00:00,500,700,600.0,88
Gujarat,Ahmedabad,Dholka,Chilly Capsicum,Other,FAQ,2007-02-10 00:00:00,750,950,825.0,88
Gujarat,Ahmedabad,Dholka,Chilly Capsicum,Other,FAQ,2007-02-20 00:00:00,700,1100,950.0,88
Gujarat,Ahmedabad,Dholka,Chilly Capsicum,Other,FAQ,2007-04-01 00:00:00,625,850,775.0,88
Gujarat,Ahmedabad,Dholka,Chilly Capsicum,Other,FAQ,2007-04-11 00:00:00,650,900,800.0,88
Gujarat,Ahmedabad,Dholka,Chilly Capsicum,Other,FAQ,2007-04-15 00:00:00,625,950,800.0,88
Gujarat,Ahmedabad,Dholka,Chilly Capsicum,Other,FAQ,2007-05-12 00:00:00,500,800,675.0,88
Gujarat,Ahmedabad,Dholka,Chilly Capsicum,Other,FAQ,2007-06-30 00:00:00,600,1200,825.0,88
Gujarat,Ahmedabad,Dholka,Chilly Capsicum,Other,FAQ,2007-07-02 00:00:00,500,1050,850.0,88
Gujarat,Ahmedabad,Dholka,Chilly Capsicum,Other,FAQ,2007-07-23 00:00:00,600,825,700.0,88
Gujarat,Ahmedabad,Dholka,Chilly Capsicum,Other,FAQ,2007-08-27 00:00:00,450,850,650.0,88
Gujarat,Ahmedabad,Dholka,Chilly Capsicum,Other,FAQ,2007-08-30 00:00:00,450,800,600.0,88
Gujarat,Ahmedabad,Dholka,Chilly Capsicum,Other,FAQ,2007-09-21 00:00:00,400,700,500.0,88
Gujarat,Ahmedabad,Dholka,Chilly Capsicum,Other,FAQ,2007-10-08 00:00:00,450,1100,800.0,88
Gujarat,Ahmedabad,Dholka,Chilly Capsicum,Other,FAQ,2007-10-22 00:00:00,650,1000,800.0,88
Gujarat,Ahmedabad,Dholka,Chilly Capsicum,Other,FAQ,2007-10-27 00:00:00,750,950,800.0,88
Gujarat,Ahmedabad,Dholka,Chilly Capsicum,Other,FAQ,2007-10-29 00:00:00,550,750,650.0,88
Gujarat,Ahmedabad,Dholka,Chilly Capsicum,Other,FAQ,2007-10-30 00:00:00,600,1100,800.0,88
Gujarat,Ahmedabad,Dholka,Chilly Capsicum,Other,FAQ,2007-11-05 00:00:00,650,850,750.0,88
Gujarat,Ahmedabad,Dholka,Chilly Capsicum,Other,FAQ,2007-11-19 00:00:00,600,800,700.0,88
Gujarat,Ahmedabad,Dholka,Chilly Capsicum,Other,FAQ,2007-11-27 00:00:00,550,800,700.0,88
Gujarat,Ahmedabad,Dholka,Chilly Capsicum,Other,FAQ,2007-12-06 00:00:00,450,800,625.0,88
Gujarat,Ahmedabad,Dholka,Chilly Capsicum,Other,FAQ,2007-12-10 00:00:00,425,725,600.0,88
Gujarat,Ahmedabad,Dholka,Chilly Capsicum,Other,FAQ,2007-12-19 00:00:00,600,825,725.0,88
Gujarat,Bharuch,Ankleshwar,Chilly Capsicum,Chilly Capsicum,FAQ,2007-10-11 00:00:00,1235,1505,1370.0,88
Gujarat,Bharuch,Bharuch,Chilly Capsicum,Other,FAQ,2007-04-13 00:00:00,1000,1250,1125.0,88
Gujarat,Bharuch,Bharuch,Chilly Capsicum,Other,FAQ,2007-05-11 00:00:00,2000,2500,2250.0,88
Gujarat,Bharuch,Bharuch,Chilly Capsicum,Other,FAQ,2007-07-22 00:00:00,1500,2000,1750.0,88
Gujarat,Bharuch,Bharuch,Chilly Capsicum,Other,FAQ,2007-08-24 00:00:00,1000,1500,1250.0,88
Gujarat,Kheda,Nadiad,Chilly Capsicum,Chilly Capsicum,FAQ,2007-01-19 00:00:00,300,500,400.0,88
Gujarat,Kheda,Nadiad,Chilly Capsicum,Chilly Capsicum,FAQ,2007-05-15 00:00:00,1000,1500,1250.0,88
Gujarat,Kheda,Nadiad,Chilly Capsicum,Chilly Capsicum,FAQ,2007-05-31 00:00:00,1000,1250,1125.0,88
Gujarat,Vadodara(Baroda),Padra,Chilly Capsicum,Other,FAQ,2007-01-09 00:00:00,500,600,550.0,88
Gujarat,Vadodara(Baroda),Padra,Chilly Capsicum,Other,FAQ,2007-01-19 00:00:00,800,1000,900.0,88
Gujarat,Vadodara(Baroda),Padra,Chilly Capsicum,Other,FAQ,2007-01-23 00:00:00,1000,1100,1050.0,88
Gujarat,Vadodara(Baroda),Padra,Chilly Capsicum,Other,FAQ,2007-01-29 00:00:00,750,1100,1000.0,88
Gujarat,Vadodara(Baroda),Padra,Chilly Capsicum,Other,FAQ,2007-02-08 00:00:00,800,850,825.0,88
Gujarat,Vadodara(Baroda),Padra,Chilly Capsicum,Other,FAQ,2007-02-12 00:00:00,700,800,750.0,88
Gujarat,Vadodara(Baroda),Padra,Chilly Capsicum,Other,FAQ,2007-02-19 00:00:00,800,900,850.0,88
Gujarat,Vadodara(Baroda),Padra,Chilly Capsicum,Other,FAQ,2007-03-12 00:00:00,800,900,850.0,88
Gujarat,Vadodara(Baroda),Padra,Chilly Capsicum,Other,FAQ,2007-03-14 00:00:00,800,850,825.0,88
Gujarat,Vadodara(Baroda),Padra,Chilly Capsicum,Other,FAQ,2007-03-19 00:00:00,1000,1100,1050.0,88
Gujarat,Vadodara(Baroda),Padra,Chilly Capsicum,Other,FAQ,2007-03-24 00:00:00,800,900,850.0,88
Gujarat,Vadodara(Baroda),Padra,Chilly Capsicum,Other,FAQ,2007-03-26 00:00:00,800,1000,900.0,88
Gujarat,Vadodara(Baroda),Padra,Chilly Capsicum,Other,FAQ,2007-04-07 00:00:00,800,900,850.0,88
Gujarat,Vadodara(Baroda),Padra,Chilly Capsicum,Other,FAQ,2007-04-10 00:00:00,900,1250,1100.0,88
Gujarat,Vadodara(Baroda),Padra,Chilly Capsicum,Other,FAQ,2007-04-12 00:00:00,600,1000,750.0,88
Gujarat,Ahmedabad,Ahmedabad,Chilly Capsicum,Other,FAQ,2014-01-18 00:00:00,1000,1500,1300.0,88
Gujarat,Ahmedabad,Ahmedabad,Chilly Capsicum,Other,FAQ,2014-01-27 00:00:00,1000,1500,1300.0,88
Gujarat,Ahmedabad,Ahmedabad,Chilly Capsicum,Other,FAQ,2014-02-01 00:00:00,800,1300,1100.0,88
Gujarat,Ahmedabad,Ahmedabad,Chilly Capsicum,Other,FAQ,2014-02-08 00:00:00,1000,2000,1800.0,88
Gujarat,Ahmedabad,Ahmedabad,Chilly Capsicum,Other,FAQ,2014-02-11 00:00:00,1000,2000,1600.0,88
Gujarat,Ahmedabad,Ahmedabad,Chilly Capsicum,Other,FAQ,2014-02-12 00:00:00,1000,2000,1800.0,88
Gujarat,Ahmedabad,Ahmedabad,Chilly Capsicum,Other,FAQ,2014-02-27 00:00:00,1000,2300,2000.0,88
Gujarat,Ahmedabad,Ahmedabad,Chilly Capsicum,Other,FAQ,2014-02-28 00:00:00,1000,2500,2000.0,88
Gujarat,Ahmedabad,Ahmedabad,Chilly Capsicum,Other,FAQ,2014-03-03 00:00:00,1000,2500,2000.0,88
Gujarat,Ahmedabad,Ahmedabad,Chilly Capsicum,Other,FAQ,2014-03-21 00:00:00,1000,1800,1500.0,88
Gujarat,Ahmedabad,Ahmedabad,Chilly Capsicum,Other,FAQ,2014-04-10 00:00:00,500,1300,1000.0,88
Gujarat,Ahmedabad,Ahmedabad,Chilly Capsicum,Other,FAQ,2014-04-14 00:00:00,500,1500,1200.0,88
Gujarat,Ahmedabad,Ahmedabad,Chilly Capsicum,Other,FAQ,2014-04-16 00:00:00,500,1600,1200.0,88
Gujarat,Ahmedabad,Ahmedabad,Chilly Capsicum,Other,FAQ,2014-04-18 00:00:00,500,1500,1200.0,88
Gujarat,Ahmedabad,Ahmedabad,Chilly Capsicum,Other,FAQ,2014-04-23 00:00:00,500,1500,1200.0,88
Gujarat,Ahmedabad,Ahmedabad,Chilly Capsicum,Other,FAQ,2014-04-26 00:00:00,500,1500,1200.0,88
Gujarat,Ahmedabad,Ahmedabad,Chilly Capsicum,Other,FAQ,2014-05-05 00:00:00,1000,1600,1500.0,88
Gujarat,Ahmedabad,Ahmedabad,Chilly Capsicum,Other,FAQ,2014-05-06 00:00:00,500,1600,1200.0,88
Gujarat,Ahmedabad,Ahmedabad,Chilly Capsicum,Other,FAQ,2014-05-07 00:00:00,750,1700,1300.0,88
Gujarat,Ahmedabad,Ahmedabad,Chilly Capsicum,Other,FAQ,2014-05-10 00:00:00,1200,1500,1400.0,88
Gujarat,Ahmedabad,Ahmedabad,Chilly Capsicum,Other,FAQ,2014-05-23 00:00:00,1000,1700,1400.0,88
Gujarat,Ahmedabad,Ahmedabad,Chilly Capsicum,Other,FAQ,2014-05-28 00:00:00,1000,2000,1800.0,88
Gujarat,Ahmedabad,Ahmedabad,Chilly Capsicum,Other,FAQ,2014-05-29 00:00:00,1000,1800,1600.0,88
Gujarat,Ahmedabad,Ahmedabad,Chilly Capsicum,Other,FAQ,2014-06-18 00:00:00,1500,2800,2500.0,88
Gujarat,Ahmedabad,Ahmedabad,Chilly Capsicum,Other,FAQ,2014-06-19 00:00:00,1500,2500,2200.0,88
Gujarat,Ahmedabad,Ahmedabad,Chilly Capsicum,Other,FAQ,2014-06-21 00:00:00,1500,3000,2500.0,88
Gujarat,Ahmedabad,Ahmedabad,Chilly Capsicum,Other,FAQ,2014-06-28 00:00:00,2500,3000,2800.0,88
Gujarat,Ahmedabad,Ahmedabad,Chilly Capsicum,Other,FAQ,2014-07-02 00:00:00,2000,3800,3200.0,88
Gujarat,Ahmedabad,Ahmedabad,Chilly Capsicum,Other,FAQ,2014-07-03 00:00:00,2000,4000,3500.0,88
Gujarat,Ahmedabad,Ahmedabad,Chilly Capsicum,Other,FAQ,2014-07-07 00:00:00,2000,3800,3200.0,88
Gujarat,Ahmedabad,Ahmedabad,Chilly Capsicum,Other,FAQ,2014-07-10 00:00:00,2000,3500,3000.0,88
Gujarat,Ahmedabad,Ahmedabad,Chilly Capsicum,Other,FAQ,2014-07-11 00:00:00,2000,3500,3000.0,88
Gujarat,Ahmedabad,Ahmedabad,Chilly Capsicum,Other,FAQ,2014-07-12 00:00:00,2000,3600,3000.0,88
Gujarat,Ahmedabad,Ahmedabad,Chilly Capsicum,Other,FAQ,2014-07-16 00:00:00,2000,3200,3000.0,88
Gujarat,Ahmedabad,Ahmedabad,Chilly Capsicum,Other,FAQ,2014-07-18 00:00:00,1000,3000,2500.0,88
Gujarat,Ahmedabad,Ahmedabad,Chilly Capsicum,Other,FAQ,2014-07-22 00:00:00,2000,3500,2900.0,88
Gujarat,Ahmedabad,Ahmedabad,Chilly Capsicum,Other,FAQ,2014-08-16 00:00:00,4000,5000,4500.0,88
Gujarat,Ahmedabad,Ahmedabad,Chilly Capsicum,Other,FAQ,2014-08-22 00:00:00,2500,3000,2800.0,88
Gujarat,Ahmedabad,Ahmedabad,Chilly Capsicum,Other,FAQ,2014-08-25 00:00:00,2000,2800,2500.0,88
Gujarat,Ahmedabad,Ahmedabad,Chilly Capsicum,Other,FAQ,2014-09-01 00:00:00,1500,2500,2200.0,88
Gujarat,Ahmedabad,Ahmedabad,Chilly Capsicum,Other,FAQ,2014-09-09 00:00:00,2500,3500,3200.0,88
Gujarat,Ahmedabad,Ahmedabad,Chilly Capsicum,Other,FAQ,2014-09-15 00:00:00,2500,4000,3500.0,88
Gujarat,Ahmedabad,Ahmedabad,Chilly Capsicum,Other,FAQ,2014-09-17 00:00:00,3500,5000,4500.0,88
Gujarat,Ahmedabad,Ahmedabad,Chilly Capsicum,Other,FAQ,2014-09-23 00:00:00,3000,4200,3800.0,88
Gujarat,Ahmedabad,Ahmedabad,Chilly Capsicum,Other,FAQ,2014-10-03 00:00:00,2500,3000,2800.0,88
Gujarat,Ahmedabad,Ahmedabad,Chilly Capsicum,Other,FAQ,2014-10-08 00:00:00,1200,3000,2200.0,88
Gujarat,Ahmedabad,Ahmedabad,Chilly Capsicum,Other,FAQ,2014-10-10 00:00:00,2000,3000,2500.0,88
Gujarat,Ahmedabad,Ahmedabad,Chilly Capsicum,Other,FAQ,2014-10-17 00:00:00,3500,4500,3800.0,88
Gujarat,Ahmedabad,Ahmedabad,Chilly Capsicum,Other,FAQ,2014-10-20 00:00:00,3000,4000,3600.0,88
Gujarat,Ahmedabad,Ahmedabad,Chilly Capsicum,Other,FAQ,2014-10-25 00:00:00,2000,4500,3300.0,88
Gujarat,Ahmedabad,Ahmedabad,Chilly Capsicum,Other,FAQ,2014-10-30 00:00:00,1500,3500,2800.0,88
Gujarat,Ahmedabad,Ahmedabad,Chilly Capsicum,Other,FAQ,2014-11-06 00:00:00,3000,4000,3600.0,88
Gujarat,Ahmedabad,Ahmedabad,Chilly Capsicum,Other,FAQ,2014-11-12 00:00:00,3000,4000,3500.0,88
Gujarat,Ahmedabad,Ahmedabad,Chilly Capsicum,Other,FAQ,2014-11-13 00:00:00,3000,4000,3600.0,88
Gujarat,Ahmedabad,Ahmedabad,Chilly Capsicum,Other,FAQ,2014-11-29 00:00:00,2500,5800,4500.0,88
Gujarat,Ahmedabad,Ahmedabad,Chilly Capsicum,Other,FAQ,2014-12-06 00:00:00,5500,6500,6000.0,88
Gujarat,Ahmedabad,Ahmedabad,Chilly Capsicum,Other,FAQ,2014-12-16 00:00:00,1000,2500,2000.0,88
Gujarat,Ahmedabad,Ahmedabad,Chilly Capsicum,Other,FAQ,2014-12-17 00:00:00,1500,2500,2200.0,88
Gujarat,Ahmedabad,Ahmedabad,Chilly Capsicum,Other,FAQ,2014-12-20 00:00:00,1000,2000,1600.0,88
Gujarat,Ahmedabad,Ahmedabad,Chilly Capsicum,Other,FAQ,2014-12-26 00:00:00,1000,1800,1500.0,88
Gujarat,Ahmedabad,Ahmedabad,Chilly Capsicum,Other,FAQ,2014-12-29 00:00:00,1000,2500,2000.0,88
Gujarat,Kheda,Nadiad,Chilly Capsicum,Chilly Capsicum,FAQ,2014-09-25 00:00:00,1500,2000,1750.0,88
Gujarat,Kheda,Nadiad,Chilly Capsicum,Other,FAQ,2014-09-27 00:00:00,1750,2000,1875.0,88
Gujarat,Kheda,Nadiad,Chilly Capsicum,Other,FAQ,2014-10-01 00:00:00,1500,2000,1750.0,88
Gujarat,Kheda,Nadiad,Chilly Capsicum,Other,FAQ,2014-10-04 00:00:00,2000,2200,2100.0,88
Gujarat,Kheda,Nadiad,Chilly Capsicum,Other,FAQ,2014-10-17 00:00:00,2000,3750,2875.0,88
Gujarat,Kheda,Nadiyad(Piplag),Chilly Capsicum,Other,FAQ,2014-11-10 00:00:00,2000,2500,2250.0,88
Gujarat,Kheda,Nadiyad(Piplag),Chilly Capsicum,Other,FAQ,2014-11-12 00:00:00,2000,2500,2250.0,88
Gujarat,Kheda,Nadiyad(Piplag),Chilly Capsicum,Other,FAQ,2014-11-13 00:00:00,2400,2500,2450.0,88
Gujarat,Kheda,Nadiyad(Piplag),Chilly Capsicum,Other,FAQ,2014-11-17 00:00:00,1500,2000,1750.0,88
Gujarat,Kheda,Nadiyad(Piplag),Chilly Capsicum,Other,FAQ,2014-11-18 00:00:00,1500,2000,1750.0,88
Gujarat,Kheda,Nadiyad(Piplag),Chilly Capsicum,Other,FAQ,2014-11-19 00:00:00,1800,2000,1900.0,88
Gujarat,Kheda,Nadiyad(Piplag),Chilly Capsicum,Other,FAQ,2014-11-21 00:00:00,2000,2200,2100.0,88
Gujarat,Kheda,Nadiyad(Piplag),Chilly Capsicum,Other,FAQ,2014-11-22 00:00:00,1500,2000,1750.0,88
Gujarat,Kheda,Nadiyad(Piplag),Chilly Capsicum,Other,FAQ,2014-12-07 00:00:00,2200,2300,2250.0,88
Gujarat,Kheda,Nadiyad(Piplag),Chilly Capsicum,Other,FAQ,2014-12-08 00:00:00,2250,2400,2325.0,88
Gujarat,Kheda,Nadiyad(Piplag),Chilly Capsicum,Other,FAQ,2014-12-11 00:00:00,2200,2400,2300.0,88
Gujarat,Kheda,Nadiyad(Piplag),Chilly Capsicum,Other,FAQ,2014-12-13 00:00:00,2000,2600,2300.0,88
Gujarat,Kheda,Nadiyad(Piplag),Chilly Capsicum,Other,FAQ,2014-12-15 00:00:00,2200,2500,2350.0,88
Gujarat,Kheda,Nadiyad(Piplag),Chilly Capsicum,Other,FAQ,2014-12-23 00:00:00,2000,2250,2125.0,88
Gujarat,Kheda,Nadiyad(Piplag),Chilly Capsicum,Other,FAQ,2014-12-24 00:00:00,2000,2500,2250.0,88
Gujarat,Mehsana,Vijapur(veg),Chilly Capsicum,Other,FAQ,2014-08-09 00:00:00,3250,3850,3500.0,88
Gujarat,Mehsana,Vijapur(veg),Chilly Capsicum,Other,FAQ,2014-09-05 00:00:00,500,1100,750.0,88
Gujarat,Mehsana,Vijapur(veg),Chilly Capsicum,Other,FAQ,2014-09-13 00:00:00,500,1200,800.0,88
Gujarat,Vadodara(Baroda),Padra,Chilly Capsicum,Other,FAQ,2014-01-20 00:00:00,2000,2500,2300.0,88
Gujarat,Vadodara(Baroda),Padra,Chilly Capsicum,Other,FAQ,2014-01-22 00:00:00,1550,2500,2000.0,88
Gujarat,Vadodara(Baroda),Padra,Chilly Capsicum,Other,FAQ,2014-01-23 00:00:00,1400,2400,2000.0,88
Gujarat,Vadodara(Baroda),Padra,Chilly Capsicum,Other,FAQ,2014-01-29 00:00:00,1500,2000,1800.0,88
Gujarat,Vadodara(Baroda),Padra,Chilly Capsicum,Other,FAQ,2014-02-08 00:00:00,1500,1750,1650.0,88
Gujarat,Vadodara(Baroda),Padra,Chilly Capsicum,Other,FAQ,2014-02-10 00:00:00,1200,1300,1250.0,88
Gujarat,Vadodara(Baroda),Padra,Chilly Capsicum,Other,FAQ,2014-02-11 00:00:00,1200,1500,1400.0,88
Gujarat,Vadodara(Baroda),Padra,Chilly Capsicum,Other,FAQ,2014-02-13 00:00:00,1200,1500,1400.0,88
Gujarat,Vadodara(Baroda),Padra,Chilly Capsicum,Other,FAQ,2014-02-17 00:00:00,1250,1600,1500.0,88
Gujarat,Vadodara(Baroda),Padra,Chilly Capsicum,Other,FAQ,2014-03-01 00:00:00,1200,1500,1400.0,88
Gujarat,Vadodara(Baroda),Padra,Chilly Capsicum,Other,FAQ,2014-03-04 00:00:00,1750,2000,1900.0,88
Gujarat,Vadodara(Baroda),Padra,Chilly Capsicum,Other,FAQ,2014-04-02 00:00:00,1000,1500,1300.0,88
Gujarat,Vadodara(Baroda),Padra,Chilly Capsicum,Other,FAQ,2014-04-07 00:00:00,1000,1500,1300.0,88
Gujarat,Vadodara(Baroda),Padra,Chilly Capsicum,Other,FAQ,2014-04-19 00:00:00,1400,1600,1525.0,88
Gujarat,Vadodara(Baroda),Padra,Chilly Capsicum,Other,FAQ,2014-04-21 00:00:00,500,1750,1200.0,88
Gujarat,Vadodara(Baroda),Padra,Chilly Capsicum,Other,FAQ,2014-04-26 00:00:00,1600,1800,1725.0,88
Gujarat,Vadodara(Baroda),Padra,Chilly Capsicum,Other,FAQ,2014-04-28 00:00:00,1500,2250,2000.0,88
Gujarat,Vadodara(Baroda),Padra,Chilly Capsicum,Other,FAQ,2014-05-05 00:00:00,1500,2000,1800.0,88
Gujarat,Vadodara(Baroda),Padra,Chilly Capsicum,Other,FAQ,2014-05-17 00:00:00,1500,2000,1800.0,88
Gujarat,Vadodara(Baroda),Padra,Chilly Capsicum,Other,FAQ,2014-06-04 00:00:00,2500,3000,2800.0,88
Gujarat,Vadodara(Baroda),Padra,Chilly Capsicum,Other,FAQ,2014-06-06 00:00:00,1900,2500,2250.0,88
Gujarat,Vadodara(Baroda),Padra,Chilly Capsicum,Other,FAQ,2014-06-14 00:00:00,2000,2500,2300.0,88
Gujarat,Vadodara(Baroda),Padra,Chilly Capsicum,Other,FAQ,2014-06-18 00:00:00,1400,1750,1650.0,88
Gujarat,Vadodara(Baroda),Padra,Chilly Capsicum,Other,FAQ,2014-07-01 00:00:00,1500,2750,2250.0,88
Gujarat,Vadodara(Baroda),Padra,Chilly Capsicum,Other,FAQ,2014-07-08 00:00:00,1500,2500,2000.0,88
Gujarat,Vadodara(Baroda),Padra,Chilly Capsicum,Other,FAQ,2014-07-11 00:00:00,2750,3350,3150.0,88
Gujarat,Vadodara(Baroda),Padra,Chilly Capsicum,Other,FAQ,2014-07-16 00:00:00,2750,3250,3000.0,88
Gujarat,Vadodara(Baroda),Padra,Chilly Capsicum,Other,FAQ,2014-07-19 00:00:00,1350,1850,1750.0,88
Gujarat,Vadodara(Baroda),Padra,Chilly Capsicum,Other,FAQ,2014-07-21 00:00:00,2000,3000,2500.0,88
Gujarat,Vadodara(Baroda),Padra,Chilly Capsicum,Other,FAQ,2014-07-24 00:00:00,2250,3250,3000.0,88
Gujarat,Vadodara(Baroda),Padra,Chilly Capsicum,Other,FAQ,2014-07-28 00:00:00,2000,3250,3000.0,88
Gujarat,Vadodara(Baroda),Padra,Chilly Capsicum,Other,FAQ,2014-07-31 00:00:00,2250,3000,2750.0,88
Gujarat,Vadodara(Baroda),Padra,Chilly Capsicum,Other,FAQ,2014-08-04 00:00:00,4000,5000,4500.0,88
Gujarat,Vadodara(Baroda),Padra,Chilly Capsicum,Other,FAQ,2014-08-12 00:00:00,6250,6750,6500.0,88
Gujarat,Vadodara(Baroda),Padra,Chilly Capsicum,Other,FAQ,2014-08-21 00:00:00,1750,3750,3250.0,88
Gujarat,Vadodara(Baroda),Padra,Chilly Capsicum,Other,FAQ,2014-08-22 00:00:00,1500,2500,2000.0,88
Gujarat,Vadodara(Baroda),Padra,Chilly Capsicum,Other,FAQ,2014-08-25 00:00:00,2000,3500,3000.0,88
Gujarat,Vadodara(Baroda),Padra,Chilly Capsicum,Other,FAQ,2014-08-28 00:00:00,1250,2750,2250.0,88
Gujarat,Vadodara(Baroda),Padra,Chilly Capsicum,Other,FAQ,2014-09-20 00:00:00,2000,2500,2300.0,88
Gujarat,Vadodara(Baroda),Vadodara(Sayajipura),Chilly Capsicum,Other,FAQ,2015-11-07 00:00:00,1500,2000,1800.0,88
Gujarat,Vadodara(Baroda),Vadodara(Sayajipura),Chilly Capsicum,Other,FAQ,2015-11-08 00:00:00,1500,2000,1800.0,88
Gujarat,Vadodara(Baroda),Vadodara(Sayajipura),Chilly Capsicum,Other,FAQ,2015-11-19 00:00:00,1000,1500,1300.0,88
Gujarat,Vadodara(Baroda),Vadodara(Sayajipura),Chilly Capsicum,Other,FAQ,2015-11-22 00:00:00,1200,1700,1500.0,88
Gujarat,Vadodara(Baroda),Vadodara(Sayajipura),Chilly Capsicum,Other,FAQ,2015-11-23 00:00:00,1000,2000,1550.0,88
Gujarat,Vadodara(Baroda),Vadodara(Sayajipura),Chilly Capsicum,Other,FAQ,2015-12-01 00:00:00,1200,1700,1500.0,88
Gujarat,Vadodara(Baroda),Vadodara(Sayajipura),Chilly Capsicum,Other,FAQ,2015-12-02 00:00:00,1500,1750,1675.0,88
Gujarat,Vadodara(Baroda),Vadodara(Sayajipura),Chilly Capsicum,Other,FAQ,2015-12-08 00:00:00,1500,1800,1700.0,88
Gujarat,Vadodara(Baroda),Vadodara(Sayajipura),Chilly Capsicum,Other,FAQ,2015-12-18 00:00:00,1000,1200,1150.0,88
Gujarat,Vadodara(Baroda),Vadodara(Sayajipura),Chilly Capsicum,Other,FAQ,2015-12-21 00:00:00,1000,1500,1300.0,88
Gujarat,Ahmedabad,Ahmedabad,Chilly Capsicum,Other,FAQ,2015-01-02 00:00:00,1000,2200,1800.0,88
Gujarat,Ahmedabad,Ahmedabad,Chilly Capsicum,Other,FAQ,2015-01-03 00:00:00,1500,2500,2200.0,88
Gujarat,Ahmedabad,Ahmedabad,Chilly Capsicum,Other,FAQ,2015-01-16 00:00:00,1000,2500,2000.0,88
Gujarat,Ahmedabad,Ahmedabad,Chilly Capsicum,Other,FAQ,2015-01-31 00:00:00,1000,2500,2000.0,88
Gujarat,Ahmedabad,Ahmedabad,Chilly Capsicum,Other,FAQ,2015-02-12 00:00:00,2000,3000,2800.0,88
Gujarat,Ahmedabad,Ahmedabad,Chilly Capsicum,Other,FAQ,2015-02-25 00:00:00,2000,3500,3000.0,88
Gujarat,Ahmedabad,Ahmedabad,Chilly Capsicum,Other,FAQ,2015-02-26 00:00:00,1500,3500,2500.0,88
Gujarat,Ahmedabad,Ahmedabad,Chilly Capsicum,Other,FAQ,2015-02-27 00:00:00,1000,3500,2500.0,88
Gujarat,Ahmedabad,Ahmedabad,Chilly Capsicum,Other,FAQ,2015-03-03 00:00:00,2500,5000,4000.0,88
Gujarat,Ahmedabad,Ahmedabad,Chilly Capsicum,Other,FAQ,2015-03-17 00:00:00,1500,2500,2200.0,88
Gujarat,Ahmedabad,Ahmedabad,Chilly Capsicum,Other,FAQ,2015-03-19 00:00:00,1000,2500,2000.0,88
Gujarat,Ahmedabad,Ahmedabad,Chilly Capsicum,Other,FAQ,2015-03-23 00:00:00,1000,3000,2300.0,88
Gujarat,Ahmedabad,Ahmedabad,Chilly Capsicum,Other,FAQ,2015-03-24 00:00:00,1000,2800,2200.0,88
Gujarat,Ahmedabad,Ahmedabad,Chilly Capsicum,Other,FAQ,2015-04-02 00:00:00,1500,2800,2200.0,88
Gujarat,Ahmedabad,Ahmedabad,Chilly Capsicum,Other,FAQ,2015-04-04 00:00:00,2000,3000,2800.0,88
Gujarat,Ahmedabad,Ahmedabad,Chilly Capsicum,Other,FAQ,2015-04-06 00:00:00,1000,2500,2000.0,88
Gujarat,Ahmedabad,Ahmedabad,Chilly Capsicum,Other,FAQ,2015-04-09 00:00:00,1000,2500,2000.0,88
Gujarat,Ahmedabad,Ahmedabad,Chilly Capsicum,Other,FAQ,2015-04-11 00:00:00,1000,2500,2000.0,88
Gujarat,Ahmedabad,Ahmedabad,Chilly Capsicum,Other,FAQ,2015-04-13 00:00:00,1000,2300,1800.0,88
Gujarat,Ahmedabad,Ahmedabad,Chilly Capsicum,Other,FAQ,2015-04-14 00:00:00,2000,4000,3200.0,88
Gujarat,Ahmedabad,Ahmedabad,Chilly Capsicum,Other,FAQ,2015-04-16 00:00:00,1500,2200,2000.0,88
Gujarat,Ahmedabad,Ahmedabad,Chilly Capsicum,Other,FAQ,2015-04-18 00:00:00,800,1800,1500.0,88
Gujarat,Ahmedabad,Ahmedabad,Chilly Capsicum,Other,FAQ,2015-04-22 00:00:00,1000,2500,2000.0,88
Gujarat,Ahmedabad,Ahmedabad,Chilly Capsicum,Other,FAQ,2015-04-29 00:00:00,1000,2000,1600.0,88
Gujarat,Ahmedabad,Ahmedabad,Chilly Capsicum,Other,FAQ,2015-05-09 00:00:00,1000,2500,2000.0,88
Gujarat,Ahmedabad,Ahmedabad,Chilly Capsicum,Other,FAQ,2015-05-20 00:00:00,1000,2000,1600.0,88
Gujarat,Ahmedabad,Ahmedabad,Chilly Capsicum,Other,FAQ,2015-05-22 00:00:00,1000,1800,1500.0,88
Gujarat,Ahmedabad,Ahmedabad,Chilly Capsicum,Other,FAQ,2015-05-30 00:00:00,2000,2500,2300.0,88
Gujarat,Ahmedabad,Ahmedabad,Chilly Capsicum,Other,FAQ,2015-06-06 00:00:00,2000,3000,2800.0,88
Gujarat,Ahmedabad,Ahmedabad,Chilly Capsicum,Other,FAQ,2015-06-11 00:00:00,2000,3000,2800.0,88
Gujarat,Ahmedabad,Ahmedabad,Chilly Capsicum,Other,FAQ,2015-06-18 00:00:00,1000,2800,2000.0,88
Gujarat,Ahmedabad,Ahmedabad,Chilly Capsicum,Other,FAQ,2015-06-23 00:00:00,2000,4000,3200.0,88
Gujarat,Ahmedabad,Ahmedabad,Chilly Capsicum,Other,FAQ,2015-06-24 00:00:00,2000,3500,3000.0,88
Gujarat,Ahmedabad,Ahmedabad,Chilly Capsicum,Other,FAQ,2015-06-26 00:00:00,1500,2500,2200.0,88
Gujarat,Ahmedabad,Ahmedabad,Chilly Capsicum,Other,FAQ,2015-06-30 00:00:00,2000,3500,3000.0,88
Gujarat,Ahmedabad,Ahmedabad,Chilly Capsicum,Other,FAQ,2015-07-02 00:00:00,2000,3500,3000.0,88
Gujarat,Ahmedabad,Ahmedabad,Chilly Capsicum,Other,FAQ,2015-07-11 00:00:00,1500,2800,2300.0,88
Gujarat,Ahmedabad,Ahmedabad,Chilly Capsicum,Other,FAQ,2015-07-13 00:00:00,1000,2800,2000.0,88
Gujarat,Ahmedabad,Ahmedabad,Chilly Capsicum,Other,FAQ,2015-07-15 00:00:00,1000,3000,2200.0,88
Gujarat,Ahmedabad,Ahmedabad,Chilly Capsicum,Other,FAQ,2015-07-17 00:00:00,1500,3000,2500.0,88
Gujarat,Ahmedabad,Ahmedabad,Chilly Capsicum,Other,FAQ,2015-07-27 00:00:00,1000,3000,2200.0,88
Gujarat,Ahmedabad,Ahmedabad,Chilly Capsicum,Other,FAQ,2015-07-29 00:00:00,1000,2500,2000.0,88
Gujarat,Ahmedabad,Ahmedabad,Chilly Capsicum,Other,FAQ,2015-07-30 00:00:00,1500,3200,2500.0,88
Gujarat,Ahmedabad,Ahmedabad,Chilly Capsicum,Other,FAQ,2015-08-10 00:00:00,2000,3000,2600.0,88
Gujarat,Ahmedabad,Ahmedabad,Chilly Capsicum,Other,FAQ,2015-08-11 00:00:00,2000,3000,2800.0,88
Gujarat,Ahmedabad,Ahmedabad,Chilly Capsicum,Other,FAQ,2015-08-19 00:00:00,1000,2000,1600.0,88
Gujarat,Ahmedabad,Ahmedabad,Chilly Capsicum,Other,FAQ,2015-08-20 00:00:00,1300,2200,2000.0,88
Gujarat,Ahmedabad,Ahmedabad,Chilly Capsicum,Other,FAQ,2015-08-21 00:00:00,1800,2000,1900.0,88
Gujarat,Ahmedabad,Ahmedabad,Chilly Capsicum,Other,FAQ,2015-08-31 00:00:00,1000,2000,1800.0,88
Gujarat,Ahmedabad,Ahmedabad,Chilly Capsicum,Other,FAQ,2015-09-07 00:00:00,1000,1600,1500.0,88
Gujarat,Ahmedabad,Ahmedabad,Chilly Capsicum,Other,FAQ,2015-09-19 00:00:00,800,1500,1200.0,88
Gujarat,Ahmedabad,Ahmedabad,Chilly Capsicum,Other,FAQ,2015-10-01 00:00:00,1500,2500,2200.0,88
Gujarat,Ahmedabad,Ahmedabad,Chilly Capsicum,Other,FAQ,2015-10-07 00:00:00,1500,2500,2200.0,88
Gujarat,Ahmedabad,Ahmedabad,Chilly Capsicum,Other,FAQ,2015-10-09 00:00:00,2000,3000,2600.0,88
Gujarat,Ahmedabad,Ahmedabad,Chilly Capsicum,Other,FAQ,2015-10-23 00:00:00,1000,2800,2000.0,88
Gujarat,Ahmedabad,Ahmedabad,Chilly Capsicum,Other,FAQ,2015-11-10 00:00:00,1000,1500,1300.0,88
Gujarat,Ahmedabad,Ahmedabad,Chilly Capsicum,Other,FAQ,2015-11-14 00:00:00,3000,3300,3200.0,88
Gujarat,Ahmedabad,Ahmedabad,Chilly Capsicum,Other,FAQ,2015-11-18 00:00:00,800,1300,1100.0,88
Gujarat,Ahmedabad,Ahmedabad,Chilly Capsicum,Other,FAQ,2015-11-25 00:00:00,800,1300,1100.0,88
Gujarat,Ahmedabad,Ahmedabad,Chilly Capsicum,Other,FAQ,2015-12-05 00:00:00,1000,1800,1500.0,88
Gujarat,Ahmedabad,Ahmedabad,Chilly Capsicum,Other,FAQ,2015-12-07 00:00:00,1200,1800,1600.0,88
Gujarat,Ahmedabad,Ahmedabad,Chilly Capsicum,Other,FAQ,2015-12-10 00:00:00,1000,1500,1300.0,88
Gujarat,Ahmedabad,Ahmedabad,Chilly Capsicum,Other,FAQ,2015-12-12 00:00:00,1000,1500,1300.0,88
Gujarat,Ahmedabad,Ahmedabad,Chilly Capsicum,Other,FAQ,2015-12-19 00:00:00,1000,1300,1200.0,88
Gujarat,Ahmedabad,Ahmedabad,Chilly Capsicum,Other,FAQ,2015-12-24 00:00:00,1000,1800,1500.0,88
Gujarat,Ahmedabad,Ahmedabad,Chilly Capsicum,Other,FAQ,2015-12-26 00:00:00,1000,1800,1500.0,88
Gujarat,Ahmedabad,Ahmedabad,Chilly Capsicum,Other,FAQ,2015-12-29 00:00:00,1000,1600,1400.0,88
Gujarat,Ahmedabad,Ahmedabad,Chilly Capsicum,Other,FAQ,2015-12-31 00:00:00,1000,1500,1300.0,88
Gujarat,Bharuch,Bharuch,Chilly Capsicum,Other,FAQ,2015-01-20 00:00:00,1500,2000,1750.0,88
Gujarat,Kheda,Nadiyad(Chaklasi),Chilly Capsicum,Other,FAQ,2015-03-19 00:00:00,3500,4000,3750.0,88
Gujarat,Kheda,Nadiyad(Chaklasi),Chilly Capsicum,Other,FAQ,2015-04-07 00:00:00,1200,1500,1350.0,88
Gujarat,Kheda,Nadiyad(Chaklasi),Chilly Capsicum,Other,FAQ,2015-04-08 00:00:00,1000,1500,1250.0,88
Gujarat,Kheda,Nadiyad(Chaklasi),Chilly Capsicum,Other,FAQ,2015-04-20 00:00:00,1500,2000,1750.0,88
Gujarat,Kheda,Nadiyad(Chaklasi),Chilly Capsicum,Other,FAQ,2015-10-26 00:00:00,1300,1500,1400.0,88
Gujarat,Kheda,Nadiyad(Chaklasi),Chilly Capsicum,Other,FAQ,2015-11-17 00:00:00,600,750,675.0,88
Gujarat,Kheda,Nadiyad(Chaklasi),Chilly Capsicum,Other,FAQ,2015-12-10 00:00:00,500,1000,750.0,88
Gujarat,Kheda,Nadiyad(Chaklasi),Chilly Capsicum,Other,FAQ,2015-12-11 00:00:00,600,1000,800.0,88
Gujarat,Kheda,Nadiyad(Chaklasi),Chilly Capsicum,Other,FAQ,2015-12-30 00:00:00,1500,2000,1750.0,88
Gujarat,Kheda,Nadiyad(Piplag),Chilly Capsicum,Other,FAQ,2015-01-18 00:00:00,2000,2750,2375.0,88
Gujarat,Kheda,Nadiyad(Piplag),Chilly Capsicum,Other,FAQ,2015-01-20 00:00:00,2500,3000,2750.0,88
Gujarat,Kheda,Nadiyad(Piplag),Chilly Capsicum,Other,FAQ,2015-01-31 00:00:00,2500,3500,3000.0,88
Gujarat,Kheda,Nadiyad(Piplag),Chilly Capsicum,Other,FAQ,2015-02-05 00:00:00,3000,3700,3350.0,88
Gujarat,Kheda,Nadiyad(Piplag),Chilly Capsicum,Other,FAQ,2015-02-14 00:00:00,3200,3600,3400.0,88
Gujarat,Kheda,Nadiyad(Piplag),Chilly Capsicum,Other,FAQ,2015-02-17 00:00:00,2500,4000,3250.0,88
Gujarat,Kheda,Nadiyad(Piplag),Chilly Capsicum,Other,FAQ,2015-02-19 00:00:00,3000,4000,3500.0,88
Gujarat,Kheda,Nadiyad(Piplag),Chilly Capsicum,Other,FAQ,2015-02-24 00:00:00,3200,3700,3450.0,88
Gujarat,Kheda,Nadiyad(Piplag),Chilly Capsicum,Other,FAQ,2015-02-28 00:00:00,3000,3600,3300.0,88
Gujarat,Kheda,Nadiyad(Piplag),Chilly Capsicum,Other,FAQ,2015-03-07 00:00:00,4000,4200,4100.0,88
Gujarat,Kheda,Nadiyad(Piplag),Chilly Capsicum,Other,FAQ,2015-03-14 00:00:00,2250,3750,3000.0,88
Gujarat,Kheda,Nadiyad(Piplag),Chilly Capsicum,Other,FAQ,2015-03-16 00:00:00,3000,4000,3500.0,88
Gujarat,Kheda,Nadiyad(Piplag),Chilly Capsicum,Other,FAQ,2015-03-22 00:00:00,2500,2800,2650.0,88
Gujarat,Kheda,Nadiyad(Piplag),Chilly Capsicum,Other,FAQ,2015-03-24 00:00:00,3000,3400,3200.0,88
Gujarat,Kheda,Nadiyad(Piplag),Chilly Capsicum,Other,FAQ,2015-03-31 00:00:00,2500,3250,2875.0,88
Gujarat,Kheda,Nadiyad(Piplag),Chilly Capsicum,Other,FAQ,2015-04-26 00:00:00,3250,3500,3375.0,88
Gujarat,Kheda,Nadiyad(Piplag),Chilly Capsicum,Other,FAQ,2015-04-29 00:00:00,1550,2550,2050.0,88
Gujarat,Kheda,Nadiyad(Piplag),Chilly Capsicum,Other,FAQ,2015-05-08 00:00:00,2500,3000,2750.0,88
Gujarat,Kheda,Nadiyad(Piplag),Chilly Capsicum,Other,FAQ,2015-05-30 00:00:00,2700,2900,2800.0,88
Gujarat,Kheda,Nadiyad(Piplag),Chilly Capsicum,Other,FAQ,2015-06-23 00:00:00,1400,1500,1450.0,88
Gujarat,Kheda,Nadiyad(Piplag),Chilly Capsicum,Other,FAQ,2015-07-01 00:00:00,1500,2000,1750.0,88
Gujarat,Kheda,Nadiyad(Piplag),Chilly Capsicum,Other,FAQ,2015-07-07 00:00:00,1700,1800,1750.0,88
Gujarat,Kheda,Nadiyad(Piplag),Chilly Capsicum,Other,FAQ,2015-07-08 00:00:00,1000,1500,1250.0,88
Gujarat,Kheda,Nadiyad(Piplag),Chilly Capsicum,Other,FAQ,2015-07-09 00:00:00,1750,1900,1825.0,88
Gujarat,Kheda,Nadiyad(Piplag),Chilly Capsicum,Other,FAQ,2015-07-21 00:00:00,1800,1900,1850.0,88
Gujarat,Kheda,Nadiyad(Piplag),Chilly Capsicum,Other,FAQ,2015-07-26 00:00:00,900,950,925.0,88
Gujarat,Kheda,Nadiyad(Piplag),Chilly Capsicum,Other,FAQ,2015-08-04 00:00:00,500,1500,1000.0,88
