State,District,Market,Commodity,Variety,Grade,Arrival_Date,Min_Price,Max_Price,Modal_Price,Commodity_Code
Gujarat,Dahod,Dahod,Dry Chillies,Other,FAQ,2007-05-08,4500.0,6500.0,5625.0,132
Gujarat,Dahod,Dahod,Dry Chillies,Other,FAQ,2007-06-06,4000.0,5500.0,5250.0,132
Gujarat,Dahod,Dahod,Dry Chillies,Other,FAQ,2007-06-19,2500.0,7500.0,5250.0,132
Gujarat,Dahod,Dahod,Dry Chillies,Other,FAQ,2007-07-31,4250.0,7000.0,5750.0,132
Gujarat,Dahod,Dahod,Dry Chillies,Other,FAQ,2007-08-23,4250.0,7000.0,6250.0,132
Gujarat,Dahod,Dahod,Dry Chillies,Other,FAQ,2007-12-17,4500.0,7100.0,5500.0,132
Gujarat,Dahod,Dahod,Dry Chillies,Other,FAQ,2007-12-29,3700.0,6750.0,5500.0,132
Gujarat,Rajkot,Gondal,Dry Chillies,Bold 1,FAQ,2007-03-09,2880.0,8505.0,6730.0,132
Gujarat,Rajkot,Gondal,Dry Chillies,Bold 1,FAQ,2007-03-12,1500.0,8480.0,7680.0,132
Gujarat,Rajkot,Gondal,Dry Chillies,Bold 1,FAQ,2007-04-07,1500.0,7880.0,7255.0,132
Gujarat,Rajkot,Gondal,Dry Chillies,Bold 1,FAQ,2007-04-10,1500.0,7980.0,7255.0,132
Gujarat,Rajkot,Gondal,Dry Chillies,Bold 1,FAQ,2007-04-11,2000.0,8730.0,8130.0,132
Gujarat,Rajkot,Gondal,Dry Chillies,Bold 1,FAQ,2007-04-13,2500.0,8905.0,8180.0,132
Gujarat,Rajkot,Gondal,Dry Chillies,Bold 1,FAQ,2007-04-16,2500.0,8980.0,7780.0,132
Gujarat,Rajkot,Gondal,Dry Chillies,Bold 1,FAQ,2007-04-18,2500.0,9480.0,7505.0,132
Gujarat,Rajkot,Gondal,Dry Chillies,Bold 1,FAQ,2007-04-20,2500.0,7980.0,6855.0,132
Gujarat,Rajkot,Gondal,Dry Chillies,Bold 1,FAQ,2007-05-04,2280.0,7330.0,2355.0,132
Gujarat,Rajkot,Gondal,Dry Chillies,Single Patti,FAQ,2007-02-23,1780.0,7105.0,5680.0,132
Gujarat,Rajkot,Gondal,Dry Chillies,Single Patti,FAQ,2007-02-26,1500.0,6305.0,5505.0,132
Gujarat,Rajkot,Gondal,Dry Chillies,Single Patti,FAQ,2007-04-27,1250.0,6705.0,5000.0,132
Gujarat,Rajkot,Gondal,Dry Chillies,Single Patti,FAQ,2007-05-08,1305.0,6755.0,5680.0,132
Gujarat,Rajkot,Gondal,Dry Chillies,Single Patti,FAQ,2007-05-17,1405.0,6905.0,4705.0,132
Gujarat,Rajkot,Gondal,Dry Chillies,Single Patti,FAQ,2007-05-23,1405.0,7230.0,5905.0,132
Gujarat,Rajkot,Jetpur(Dist.Rajkot),Dry Chillies,Other,FAQ,2007-03-13,4130.0,7540.0,5775.0,132
Gujarat,Rajkot,Jetpur(Dist.Rajkot),Dry Chillies,Other,FAQ,2007-03-22,4255.0,6755.0,5800.0,132
Gujarat,Rajkot,Jetpur(Dist.Rajkot),Dry Chillies,Other,FAQ,2007-03-24,3655.0,6775.0,5920.0,132
Gujarat,Rajkot,Jetpur(Dist.Rajkot),Dry Chillies,Other,FAQ,2007-04-14,3630.0,7005.0,6030.0,132
Gujarat,Rajkot,Jetpur(Dist.Rajkot),Dry Chillies,Other,FAQ,2007-04-19,4450.0,7755.0,5805.0,132
Gujarat,Rajkot,Jetpur(Dist.Rajkot),Dry Chillies,Other,FAQ,2007-04-23,3900.0,6255.0,5630.0,132
Gujarat,Rajkot,Rajkot,Dry Chillies,Dry Chillies,FAQ,2007-02-05,4000.0,5225.0,4950.0,132
Gujarat,Rajkot,Rajkot,Dry Chillies,Dry Chillies,FAQ,2007-02-20,4700.0,6800.0,6000.0,132
Gujarat,Rajkot,Rajkot,Dry Chillies,Dry Chillies,FAQ,2007-04-25,5500.0,6650.0,6250.0,132
Gujarat,Rajkot,Rajkot,Dry Chillies,Dry Chillies,FAQ,2007-05-15,3750.0,5675.0,5150.0,132
Gujarat,Rajkot,Rajkot,Dry Chillies,Dry Chillies,FAQ,2007-06-01,4250.0,5650.0,5100.0,132
Gujarat,Vadodara(Baroda),Vadodara,Dry Chillies,Other,FAQ,2007-01-05,3500.0,4500.0,4000.0,132
Gujarat,Vadodara(Baroda),Vadodara,Dry Chillies,Other,FAQ,2007-04-04,2500.0,4000.0,3200.0,132
Gujarat,Vadodara(Baroda),Vadodara,Dry Chillies,Other,FAQ,2007-04-11,3500.0,4500.0,4000.0,132
Gujarat,Vadodara(Baroda),Vadodara,Dry Chillies,Other,FAQ,2007-05-18,4000.0,4000.0,4000.0,132
Gujarat,Vadodara(Baroda),Vadodara,Dry Chillies,Other,FAQ,2007-05-29,3000.0,4000.0,3500.0,132
Gujarat,Vadodara(Baroda),Vadodara,Dry Chillies,Other,FAQ,2007-07-05,3000.0,5000.0,4000.0,132
Gujarat,Vadodara(Baroda),Vadodara,Dry Chillies,Other,FAQ,2007-07-06,3000.0,5000.0,4000.0,132
Gujarat,Vadodara(Baroda),Vadodara,Dry Chillies,Other,FAQ,2007-07-10,3000.0,4000.0,3500.0,132
Gujarat,Vadodara(Baroda),Vadodara,Dry Chillies,Other,FAQ,2007-07-14,3000.0,4000.0,3500.0,132
Gujarat,Vadodara(Baroda),Vadodara,Dry Chillies,Other,FAQ,2007-07-16,3000.0,4000.0,3500.0,132
Gujarat,Vadodara(Baroda),Vadodara,Dry Chillies,Other,FAQ,2007-08-07,2500.0,4000.0,3250.0,132
Gujarat,Vadodara(Baroda),Vadodara,Dry Chillies,Other,FAQ,2007-08-20,2500.0,4000.0,3250.0,132
Gujarat,Vadodara(Baroda),Vadodara,Dry Chillies,Other,FAQ,2007-09-18,2500.0,4000.0,3250.0,132
Gujarat,Vadodara(Baroda),Vadodara,Dry Chillies,Other,FAQ,2007-09-21,2500.0,4000.0,3250.0,132
Gujarat,Vadodara(Baroda),Vadodara,Dry Chillies,Other,FAQ,2007-09-26,2500.0,4500.0,3500.0,132
Gujarat,Vadodara(Baroda),Vadodara,Dry Chillies,Other,FAQ,2007-10-09,5000.0,5000.0,5000.0,132
Gujarat,Vadodara(Baroda),Vadodara,Dry Chillies,Other,FAQ,2007-10-10,5000.0,5000.0,5000.0,132
Gujarat,Vadodara(Baroda),Vadodara,Dry Chillies,Other,FAQ,2007-10-18,1500.0,3500.0,3000.0,132
Gujarat,Vadodara(Baroda),Vadodara,Dry Chillies,Other,FAQ,2007-10-23,1500.0,3500.0,3100.0,132
Gujarat,Vadodara(Baroda),Vadodara,Dry Chillies,Other,FAQ,2007-10-26,3000.0,5500.0,4000.0,132
Gujarat,Vadodara(Baroda),Vadodara,Dry Chillies,Other,FAQ,2007-10-27,3000.0,5500.0,4000.0,132
Gujarat,Vadodara(Baroda),Vadodara,Dry Chillies,Other,FAQ,2007-11-15,3000.0,5500.0,4500.0,132
Gujarat,Vadodara(Baroda),Vadodara,Dry Chillies,Other,FAQ,2007-11-19,3000.0,5500.0,3800.0,132
Gujarat,Vadodara(Baroda),Vadodara,Dry Chillies,Other,FAQ,2007-12-07,2500.0,4500.0,3600.0,132
Gujarat,Vadodara(Baroda),Vadodara,Dry Chillies,Other,FAQ,2007-12-17,2500.0,4000.0,3300.0,132
Gujarat,Vadodara(Baroda),Vadodara,Dry Chillies,Other,FAQ,2007-12-18,2500.0,4000.0,3200.0,132
Gujarat,Dahod,Dahod,Dry Chillies,Dry Chillies,FAQ,2022-01-07 00:00:00,11000.0,20000.0,16000.0,132
Gujarat,Dahod,Dahod,Dry Chillies,Dry Chillies,FAQ,2022-01-13 00:00:00,11000.0,20000.0,17500.0,132
Gujarat,Dahod,Dahod,Dry Chillies,Dry Chillies,FAQ,2022-01-24 00:00:00,11000.0,20000.0,17500.0,132
Gujarat,Dahod,Dahod,Dry Chillies,Dry Chillies,FAQ,2022-01-29 00:00:00,11000.0,20000.0,17500.0,132
Gujarat,Dahod,Dahod,Dry Chillies,Dry Chillies,FAQ,2022-02-07 00:00:00,11000.0,20000.0,11600.0,132
Gujarat,Dahod,Dahod,Dry Chillies,Dry Chillies,FAQ,2022-03-14 00:00:00,11000.0,20000.0,17500.0,132
Gujarat,Dahod,Dahod,Dry Chillies,Dry Chillies,FAQ,2022-03-21 00:00:00,11000.0,20000.0,15000.0,132
Gujarat,Dahod,Dahod,Dry Chillies,Dry Chillies,FAQ,2022-03-28 00:00:00,11000.0,20000.0,15000.0,132
Gujarat,Dahod,Dahod,Dry Chillies,Dry Chillies,FAQ,2022-03-30 00:00:00,11000.0,20000.0,18000.0,132
Gujarat,Dahod,Dahod,Dry Chillies,Dry Chillies,FAQ,2022-04-04 00:00:00,11000.0,20000.0,19000.0,132
Gujarat,Dahod,Dahod,Dry Chillies,Dry Chillies,FAQ,2022-04-06 00:00:00,11000.0,20000.0,16000.0,132
Gujarat,Dahod,Dahod,Dry Chillies,Dry Chillies,FAQ,2022-04-07 00:00:00,11000.0,20000.0,16000.0,132
Gujarat,Dahod,Dahod,Dry Chillies,Dry Chillies,FAQ,2022-04-12 00:00:00,12000.0,21500.0,18500.0,132
Gujarat,Dahod,Dahod,Dry Chillies,Dry Chillies,FAQ,2022-04-19 00:00:00,12000.0,21500.0,19500.0,132
Gujarat,Dahod,Dahod,Dry Chillies,Dry Chillies,FAQ,2022-05-17 00:00:00,12000.0,21500.0,19000.0,132
Gujarat,Dahod,Dahod,Dry Chillies,Dry Chillies,FAQ,2022-06-23 00:00:00,12000.0,23500.0,20625.0,132
Gujarat,Dahod,Dahod,Dry Chillies,Dry Chillies,FAQ,2022-06-29 00:00:00,12000.0,23500.0,22500.0,132
Gujarat,Dahod,Dahod,Dry Chillies,Dry Chillies,FAQ,2022-09-07 00:00:00,13000.0,27500.0,23500.0,132
Gujarat,Dahod,Dahod,Dry Chillies,Dry Chillies,FAQ,2022-09-10 00:00:00,13000.0,27500.0,22500.0,132
Gujarat,Dahod,Dahod,Dry Chillies,Dry Chillies,FAQ,2022-10-01 00:00:00,13000.0,27500.0,22500.0,132
Gujarat,Dahod,Dahod,Dry Chillies,Dry Chillies,FAQ,2022-10-07 00:00:00,13000.0,27500.0,25000.0,132
Gujarat,Dahod,Dahod,Dry Chillies,Dry Chillies,FAQ,2022-10-08 00:00:00,13000.0,27500.0,25000.0,132
Gujarat,Dahod,Dahod,Dry Chillies,Dry Chillies,FAQ,2022-10-20 00:00:00,13500.0,27500.0,25000.0,132
Gujarat,Dahod,Dahod,Dry Chillies,Dry Chillies,FAQ,2022-11-14 00:00:00,15000.0,26000.0,20000.0,132
Gujarat,Dahod,Dahod,Dry Chillies,Dry Chillies,FAQ,2022-11-16 00:00:00,15000.0,26000.0,20000.0,132
Gujarat,Dahod,Dahod,Dry Chillies,Dry Chillies,FAQ,2022-12-01 00:00:00,15000.0,26000.0,24000.0,132
Gujarat,Dahod,Dahod,Dry Chillies,Dry Chillies,FAQ,2022-12-17 00:00:00,15000.0,26000.0,25000.0,132
Gujarat,Dahod,Dahod,Dry Chillies,Dry Chillies,FAQ,2022-12-23 00:00:00,15000.0,26000.0,25000.0,132
Gujarat,Dahod,Dahod,Dry Chillies,Dry Chillies,FAQ,2022-12-27 00:00:00,15000.0,26000.0,25000.0,132
Gujarat,Jamnagar,Jamnagar,Dry Chillies,1st Sort,FAQ,2022-01-27 00:00:00,5000.0,16650.0,10825.0,132
Gujarat,Jamnagar,Jamnagar,Dry Chillies,1st Sort,FAQ,2022-02-14 00:00:00,4500.0,17500.0,11000.0,132
Gujarat,Jamnagar,Jamnagar,Dry Chillies,1st Sort,FAQ,2022-02-24 00:00:00,5000.0,16275.0,10638.0,132
Gujarat,Rajkot,Gondal,Dry Chillies,Bold 1,FAQ,2022-06-09 00:00:00,4255.0,10505.0,5755.0,132
Gujarat,Rajkot,Rajkot,Dry Chillies,Red,FAQ,2022-01-17 00:00:00,4500.0,15500.0,12000.0,132
Gujarat,Rajkot,Rajkot,Dry Chillies,Red,FAQ,2022-01-19 00:00:00,4500.0,15250.0,12250.0,132
Gujarat,Rajkot,Rajkot,Dry Chillies,Red,FAQ,2022-01-25 00:00:00,4500.0,16400.0,13250.0,132
Gujarat,Rajkot,Rajkot,Dry Chillies,Red,FAQ,2022-02-09 00:00:00,5750.0,15250.0,13000.0,132
Gujarat,Rajkot,Rajkot,Dry Chillies,Red,FAQ,2022-02-19 00:00:00,5625.0,15250.0,13125.0,132
Gujarat,Rajkot,Rajkot,Dry Chillies,Red,FAQ,2022-02-22 00:00:00,5500.0,15000.0,12500.0,132
Gujarat,Rajkot,Rajkot,Dry Chillies,Red,FAQ,2022-03-02 00:00:00,5250.0,13750.0,11750.0,132
Gujarat,Rajkot,Rajkot,Dry Chillies,Red,FAQ,2022-03-03 00:00:00,5000.0,14500.0,12500.0,132
Gujarat,Rajkot,Rajkot,Dry Chillies,Red,FAQ,2022-03-07 00:00:00,5500.0,14500.0,13500.0,132
Gujarat,Rajkot,Rajkot,Dry Chillies,Red,FAQ,2022-03-23 00:00:00,5000.0,15000.0,12500.0,132
Gujarat,Rajkot,Rajkot,Dry Chillies,Red,FAQ,2022-04-06 00:00:00,5000.0,14500.0,12250.0,132
Gujarat,Rajkot,Rajkot,Dry Chillies,Red,FAQ,2022-04-12 00:00:00,5000.0,14500.0,12250.0,132
Gujarat,Rajkot,Rajkot,Dry Chillies,Red,FAQ,2022-04-23 00:00:00,5250.0,14250.0,12000.0,132
Gujarat,Rajkot,Rajkot,Dry Chillies,Red,FAQ,2022-04-25 00:00:00,5500.0,15000.0,13250.0,132
Gujarat,Rajkot,Rajkot,Dry Chillies,Red,FAQ,2022-05-09 00:00:00,5000.0,14250.0,11500.0,132
Gujarat,Rajkot,Rajkot,Dry Chillies,Red,FAQ,2022-05-10 00:00:00,4500.0,14500.0,12250.0,132
Gujarat,Rajkot,Rajkot,Dry Chillies,Red,FAQ,2022-05-11 00:00:00,5500.0,14000.0,12000.0,132
Gujarat,Rajkot,Rajkot,Dry Chillies,Red,FAQ,2022-05-14 00:00:00,4500.0,14500.0,12000.0,132
Gujarat,Rajkot,Rajkot,Dry Chillies,Red,FAQ,2022-05-20 00:00:00,6000.0,15000.0,12500.0,132
Gujarat,Rajkot,Rajkot,Dry Chillies,Red,FAQ,2022-05-24 00:00:00,7500.0,17500.0,11000.0,132
Gujarat,Rajkot,Rajkot,Dry Chillies,Red,FAQ,2022-05-28 00:00:00,8500.0,17500.0,11500.0,132
Gujarat,Rajkot,Rajkot,Dry Chillies,Red,FAQ,2022-06-03 00:00:00,9000.0,15000.0,12000.0,132
Gujarat,Rajkot,Rajkot,Dry Chillies,Red,FAQ,2022-06-09 00:00:00,14000.0,16000.0,15250.0,132
Gujarat,Rajkot,Rajkot,Dry Chillies,Red,FAQ,2022-06-10 00:00:00,9000.0,16000.0,14000.0,132
Gujarat,Rajkot,Rajkot,Dry Chillies,Red,FAQ,2022-11-02 00:00:00,18750.0,25000.0,18750.0,132
Gujarat,Rajkot,Rajkot,Dry Chillies,Red,FAQ,2022-11-04 00:00:00,12500.0,12500.0,12500.0,132
Gujarat,Rajkot,Rajkot,Dry Chillies,Red,FAQ,2022-11-05 00:00:00,12500.0,30000.0,22500.0,132
Gujarat,Rajkot,Rajkot,Dry Chillies,Red,FAQ,2022-11-07 00:00:00,10000.0,34255.0,25500.0,132
Gujarat,Rajkot,Rajkot,Dry Chillies,Red,FAQ,2022-11-10 00:00:00,7500.0,32500.0,22500.0,132
Gujarat,Rajkot,Rajkot,Dry Chillies,Red,FAQ,2022-11-18 00:00:00,7500.0,32500.0,20000.0,132
Gujarat,Rajkot,Rajkot,Dry Chillies,Red,FAQ,2022-11-19 00:00:00,9000.0,30000.0,19500.0,132
Gujarat,Rajkot,Rajkot,Dry Chillies,Red,FAQ,2022-11-21 00:00:00,9000.0,28000.0,22500.0,132
Gujarat,Rajkot,Rajkot,Dry Chillies,Red,FAQ,2022-11-22 00:00:00,6500.0,29000.0,24300.0,132
Gujarat,Rajkot,Rajkot,Dry Chillies,Red,FAQ,2022-11-26 00:00:00,7500.0,29000.0,15000.0,132
Gujarat,Rajkot,Rajkot,Dry Chillies,Red,FAQ,2022-12-06 00:00:00,12500.0,21625.0,20000.0,132
Gujarat,Rajkot,Rajkot,Dry Chillies,Red,FAQ,2022-12-14 00:00:00,12000.0,25025.0,22500.0,132
Gujarat,Rajkot,Rajkot,Dry Chillies,Red,FAQ,2022-12-21 00:00:00,16000.0,21000.0,19000.0,132
Gujarat,Dahod,Dahod,Dry Chillies,Dry Chillies,FAQ,2021-01-20 00:00:00,15000.0,22500.0,20000.0,132
Gujarat,Dahod,Dahod,Dry Chillies,Dry Chillies,FAQ,2021-03-05 00:00:00,15000.0,19750.0,19250.0,132
Gujarat,Dahod,Dahod,Dry Chillies,Dry Chillies,FAQ,2021-03-09 00:00:00,15000.0,19750.0,19250.0,132
Gujarat,Dahod,Dahod,Dry Chillies,Dry Chillies,FAQ,2021-03-15 00:00:00,15000.0,19250.0,18000.0,132
Gujarat,Dahod,Dahod,Dry Chillies,Dry Chillies,FAQ,2021-03-25 00:00:00,15000.0,19000.0,18750.0,132
Gujarat,Dahod,Dahod,Dry Chillies,Dry Chillies,FAQ,2021-03-26 00:00:00,15000.0,19000.0,18250.0,132
Gujarat,Dahod,Dahod,Dry Chillies,Dry Chillies,FAQ,2021-04-06 00:00:00,15000.0,19000.0,17200.0,132
Gujarat,Dahod,Dahod,Dry Chillies,Dry Chillies,FAQ,2021-04-07 00:00:00,15000.0,19000.0,17200.0,132
Gujarat,Dahod,Dahod,Dry Chillies,Dry Chillies,FAQ,2021-06-05 00:00:00,13000.0,17500.0,16000.0,132
Gujarat,Dahod,Dahod,Dry Chillies,Dry Chillies,FAQ,2021-06-14 00:00:00,13000.0,18500.0,16500.0,132
Gujarat,Dahod,Dahod,Dry Chillies,Dry Chillies,FAQ,2021-06-16 00:00:00,13000.0,18500.0,16500.0,132
Gujarat,Dahod,Dahod,Dry Chillies,Dry Chillies,FAQ,2021-06-24 00:00:00,13000.0,18500.0,16000.0,132
Gujarat,Dahod,Dahod,Dry Chillies,Dry Chillies,FAQ,2021-06-26 00:00:00,13000.0,18500.0,16500.0,132
Gujarat,Dahod,Dahod,Dry Chillies,Dry Chillies,FAQ,2021-09-06 00:00:00,14000.0,18500.0,16500.0,132
Gujarat,Dahod,Dahod,Dry Chillies,Dry Chillies,FAQ,2021-10-30 00:00:00,12000.0,18000.0,16500.0,132
Gujarat,Dahod,Dahod,Dry Chillies,Dry Chillies,FAQ,2021-11-02 00:00:00,12000.0,18000.0,16500.0,132
Gujarat,Dahod,Dahod,Dry Chillies,Dry Chillies,FAQ,2021-11-03 00:00:00,12000.0,18000.0,16000.0,132
Gujarat,Dahod,Dahod,Dry Chillies,Dry Chillies,FAQ,2021-11-17 00:00:00,12000.0,18000.0,15000.0,132
Gujarat,Dahod,Dahod,Dry Chillies,Dry Chillies,FAQ,2021-11-22 00:00:00,12000.0,18000.0,16000.0,132
Gujarat,Dahod,Dahod,Dry Chillies,Dry Chillies,FAQ,2021-11-24 00:00:00,12000.0,18000.0,15000.0,132
Gujarat,Dahod,Dahod,Dry Chillies,Dry Chillies,FAQ,2021-12-20 00:00:00,10500.0,17500.0,16000.0,132
Gujarat,Jamnagar,Jamnagar,Dry Chillies,1st Sort,FAQ,2021-01-18 00:00:00,5000.0,15225.0,10113.0,132
Gujarat,Jamnagar,Jamnagar,Dry Chillies,1st Sort,FAQ,2021-04-02 00:00:00,4700.0,18450.0,11575.0,132
Gujarat,Jamnagar,Jamnagar,Dry Chillies,1st Sort,FAQ,2021-11-24 00:00:00,4000.0,13500.0,8750.0,132
Gujarat,Rajkot,Gondal,Dry Chillies,Bold 1,FAQ,2021-01-04 00:00:00,4505.0,18005.0,13755.0,132
Gujarat,Rajkot,Gondal,Dry Chillies,Bold 1,FAQ,2021-01-05 00:00:00,4255.0,18005.0,14005.0,132
Gujarat,Rajkot,Gondal,Dry Chillies,Bold 1,FAQ,2021-01-08 00:00:00,3755.0,17755.0,13255.0,132
Gujarat,Rajkot,Gondal,Dry Chillies,Bold 1,FAQ,2021-01-11 00:00:00,3505.0,16255.0,13255.0,132
Gujarat,Rajkot,Gondal,Dry Chillies,Bold 1,FAQ,2021-02-11 00:00:00,3505.0,15005.0,12755.0,132
Gujarat,Rajkot,Gondal,Dry Chillies,Bold 1,FAQ,2021-02-27 00:00:00,3505.0,14505.0,12005.0,132
Gujarat,Rajkot,Rajkot,Dry Chillies,Red,FAQ,2021-01-06 00:00:00,7500.0,15525.0,12025.0,132
Gujarat,Rajkot,Rajkot,Dry Chillies,Red,FAQ,2021-01-07 00:00:00,7750.0,15000.0,12600.0,132
Gujarat,Rajkot,Rajkot,Dry Chillies,Red,FAQ,2021-01-09 00:00:00,7500.0,15500.0,10000.0,132
Gujarat,Rajkot,Rajkot,Dry Chillies,Red,FAQ,2021-01-13 00:00:00,7750.0,16750.0,13000.0,132
Gujarat,Rajkot,Rajkot,Dry Chillies,Red,FAQ,2021-01-16 00:00:00,7500.0,15750.0,12350.0,132
Gujarat,Rajkot,Rajkot,Dry Chillies,Red,FAQ,2021-01-27 00:00:00,7500.0,16500.0,11500.0,132
Gujarat,Rajkot,Rajkot,Dry Chillies,Red,FAQ,2021-02-03 00:00:00,9000.0,16000.0,13500.0,132
Gujarat,Rajkot,Rajkot,Dry Chillies,Red,FAQ,2021-02-10 00:00:00,9000.0,15500.0,13000.0,132
Gujarat,Rajkot,Rajkot,Dry Chillies,Red,FAQ,2021-02-12 00:00:00,8500.0,15250.0,12750.0,132
Gujarat,Rajkot,Rajkot,Dry Chillies,Red,FAQ,2021-02-16 00:00:00,9000.0,15000.0,12500.0,132
Gujarat,Rajkot,Rajkot,Dry Chillies,Red,FAQ,2021-02-18 00:00:00,8000.0,13500.0,11500.0,132
Gujarat,Rajkot,Rajkot,Dry Chillies,Red,FAQ,2021-02-22 00:00:00,8000.0,13000.0,11000.0,132
Gujarat,Rajkot,Rajkot,Dry Chillies,Red,FAQ,2021-03-04 00:00:00,8500.0,14000.0,11750.0,132
Gujarat,Rajkot,Rajkot,Dry Chillies,Red,FAQ,2021-03-06 00:00:00,8500.0,13750.0,11500.0,132
Gujarat,Rajkot,Rajkot,Dry Chillies,Red,FAQ,2021-03-09 00:00:00,10125.0,15450.0,11400.0,132
Gujarat,Rajkot,Rajkot,Dry Chillies,Red,FAQ,2021-03-12 00:00:00,8500.0,14000.0,12250.0,132
Gujarat,Rajkot,Rajkot,Dry Chillies,Red,FAQ,2021-05-26 00:00:00,2000.0,10500.0,5250.0,132
Gujarat,Rajkot,Rajkot,Dry Chillies,Red,FAQ,2021-05-27 00:00:00,2250.0,9500.0,5750.0,132
Gujarat,Rajkot,Rajkot,Dry Chillies,Red,FAQ,2021-06-09 00:00:00,1500.0,8000.0,4000.0,132
Gujarat,Rajkot,Rajkot,Dry Chillies,Red,FAQ,2021-06-12 00:00:00,1000.0,8250.0,4000.0,132
Gujarat,Rajkot,Rajkot,Dry Chillies,Red,FAQ,2021-06-15 00:00:00,1500.0,7500.0,4000.0,132
Gujarat,Rajkot,Rajkot,Dry Chillies,Red,FAQ,2021-06-16 00:00:00,1250.0,6500.0,3500.0,132
Gujarat,Rajkot,Rajkot,Dry Chillies,Red,FAQ,2021-06-17 00:00:00,1500.0,8000.0,5000.0,132
Gujarat,Rajkot,Rajkot,Dry Chillies,Red,FAQ,2021-06-23 00:00:00,1500.0,5000.0,4000.0,132
Gujarat,Rajkot,Rajkot,Dry Chillies,Red,FAQ,2021-06-29 00:00:00,1000.0,2000.0,1250.0,132
Gujarat,Rajkot,Rajkot,Dry Chillies,Red,FAQ,2021-11-18 00:00:00,3000.0,10000.0,6500.0,132
Gujarat,Rajkot,Rajkot,Dry Chillies,Red,FAQ,2021-11-26 00:00:00,9000.0,12500.0,10750.0,132
Gujarat,Rajkot,Rajkot,Dry Chillies,Red,FAQ,2021-12-16 00:00:00,7500.0,17000.0,11000.0,132
Gujarat,Rajkot,Rajkot,Dry Chillies,Red,FAQ,2021-12-18 00:00:00,6000.0,17500.0,9000.0,132
Gujarat,Rajkot,Rajkot,Dry Chillies,Red,FAQ,2021-12-25 00:00:00,7500.0,14750.0,12300.0,132
Gujarat,Dahod,Dahod,Dry Chillies,Other,FAQ,2013-01-03 00:00:00,6000.0,10000.0,9250.0,132
Gujarat,Dahod,Dahod,Dry Chillies,Other,FAQ,2013-01-11 00:00:00,6000.0,9750.0,9250.0,132
Gujarat,Dahod,Dahod,Dry Chillies,Other,FAQ,2013-01-28 00:00:00,5500.0,9500.0,8500.0,132
Gujarat,Dahod,Dahod,Dry Chillies,Other,FAQ,2013-02-04 00:00:00,5500.0,9500.0,9000.0,132
Gujarat,Dahod,Dahod,Dry Chillies,Other,FAQ,2013-02-09 00:00:00,6000.0,9500.0,9000.0,132
Gujarat,Dahod,Dahod,Dry Chillies,Other,FAQ,2013-02-27 00:00:00,5750.0,9500.0,8375.0,132
Gujarat,Dahod,Dahod,Dry Chillies,Other,FAQ,2013-03-08 00:00:00,6500.0,9250.0,8000.0,132
Gujarat,Dahod,Dahod,Dry Chillies,Other,FAQ,2013-03-11 00:00:00,6250.0,9250.0,8250.0,132
Gujarat,Dahod,Dahod,Dry Chillies,Other,FAQ,2013-03-13 00:00:00,6250.0,9250.0,8000.0,132
Gujarat,Dahod,Dahod,Dry Chillies,Other,FAQ,2013-03-15 00:00:00,6000.0,9000.0,8000.0,132
Gujarat,Dahod,Dahod,Dry Chillies,Other,FAQ,2013-03-19 00:00:00,6000.0,9000.0,8000.0,132
Gujarat,Dahod,Dahod,Dry Chillies,Other,FAQ,2013-03-20 00:00:00,6000.0,9000.0,8250.0,132
Gujarat,Dahod,Dahod,Dry Chillies,Other,FAQ,2013-03-28 00:00:00,6000.0,9250.0,9000.0,132
Gujarat,Dahod,Dahod,Dry Chillies,Other,FAQ,2013-04-12 00:00:00,6500.0,10000.0,9250.0,132
Gujarat,Dahod,Dahod,Dry Chillies,Other,FAQ,2013-07-03 00:00:00,6500.0,10500.0,9500.0,132
Gujarat,Dahod,Dahod,Dry Chillies,Other,FAQ,2013-07-08 00:00:00,6500.0,10500.0,9500.0,132
Gujarat,Dahod,Dahod,Dry Chillies,Other,FAQ,2013-07-24 00:00:00,7000.0,10250.0,9500.0,132
Gujarat,Dahod,Dahod,Dry Chillies,Other,FAQ,2013-08-23 00:00:00,8000.0,10250.0,9500.0,132
Gujarat,Dahod,Dahod,Dry Chillies,Other,FAQ,2013-09-11 00:00:00,8500.0,10500.0,9500.0,132
Gujarat,Dahod,Dahod,Dry Chillies,Other,FAQ,2013-09-14 00:00:00,8500.0,10750.0,9500.0,132
Gujarat,Dahod,Dahod,Dry Chillies,Other,FAQ,2013-09-21 00:00:00,8500.0,10750.0,9500.0,132
Gujarat,Dahod,Dahod,Dry Chillies,Other,FAQ,2013-10-03 00:00:00,8500.0,10750.0,10000.0,132
Gujarat,Dahod,Dahod,Dry Chillies,Other,FAQ,2013-10-07 00:00:00,7500.0,10500.0,9500.0,132
Gujarat,Dahod,Dahod,Dry Chillies,Other,FAQ,2013-10-15 00:00:00,7500.0,10500.0,9500.0,132
Gujarat,Dahod,Dahod,Dry Chillies,Other,FAQ,2013-11-11 00:00:00,5500.0,11000.0,9250.0,132
Gujarat,Dahod,Dahod,Dry Chillies,Other,FAQ,2013-11-15 00:00:00,5500.0,11000.0,9250.0,132
Gujarat,Dahod,Dahod,Dry Chillies,Other,FAQ,2013-11-20 00:00:00,5500.0,11000.0,9000.0,132
Gujarat,Dahod,Dahod,Dry Chillies,Other,FAQ,2013-12-11 00:00:00,7000.0,12500.0,10500.0,132
Gujarat,Dahod,Dahod,Dry Chillies,Other,FAQ,2013-12-19 00:00:00,7000.0,12500.0,11000.0,132
Gujarat,Rajkot,Gondal,Dry Chillies,Desi,FAQ,2013-02-07 00:00:00,3605.0,15005.0,10455.0,132
Gujarat,Rajkot,Gondal,Dry Chillies,Desi,FAQ,2013-02-08 00:00:00,2505.0,13955.0,11455.0,132
Gujarat,Rajkot,Gondal,Dry Chillies,Desi,FAQ,2013-02-09 00:00:00,2505.0,18205.0,12305.0,132
Gujarat,Rajkot,Gondal,Dry Chillies,Desi,FAQ,2013-02-16 00:00:00,2505.0,13905.0,11405.0,132
Gujarat,Rajkot,Gondal,Dry Chillies,Desi,FAQ,2013-02-18 00:00:00,2755.0,13755.0,11255.0,132
Gujarat,Rajkot,Gondal,Dry Chillies,Desi,FAQ,2013-02-19 00:00:00,2755.0,14705.0,11205.0,132
Gujarat,Rajkot,Gondal,Dry Chillies,Desi,FAQ,2013-03-04 00:00:00,2755.0,14905.0,12055.0,132
Gujarat,Rajkot,Gondal,Dry Chillies,Desi,FAQ,2013-03-05 00:00:00,2905.0,14005.0,11655.0,132
Gujarat,Rajkot,Gondal,Dry Chillies,Desi,FAQ,2013-03-06 00:00:00,2905.0,13805.0,11755.0,132
Gujarat,Rajkot,Gondal,Dry Chillies,Desi,FAQ,2013-04-03 00:00:00,5005.0,16525.0,15005.0,132
Gujarat,Rajkot,Gondal,Dry Chillies,Desi,FAQ,2013-04-06 00:00:00,2755.0,16555.0,14555.0,132
Gujarat,Rajkot,Gondal,Dry Chillies,Desi,FAQ,2013-04-08 00:00:00,2755.0,16805.0,14805.0,132
Gujarat,Rajkot,Gondal,Dry Chillies,Desi,FAQ,2013-04-09 00:00:00,2755.0,17255.0,14555.0,132
Gujarat,Rajkot,Gondal,Dry Chillies,Desi,FAQ,2013-05-03 00:00:00,1655.0,13855.0,10005.0,132
Gujarat,Rajkot,Gondal,Dry Chillies,Desi,FAQ,2013-05-04 00:00:00,2755.0,12605.0,11155.0,132
Gujarat,Rajkot,Jasdan,Dry Chillies,Other,FAQ,2013-04-03 00:00:00,5000.0,6500.0,5750.0,132
Gujarat,Vadodara(Baroda),Vadodara,Dry Chillies,Other,FAQ,2013-01-10 00:00:00,6000.0,6500.0,6500.0,132
Gujarat,Vadodara(Baroda),Vadodara,Dry Chillies,Other,FAQ,2013-01-26 00:00:00,4000.0,5500.0,5500.0,132
Gujarat,Vadodara(Baroda),Vadodara,Dry Chillies,Other,FAQ,2013-02-07 00:00:00,4000.0,5500.0,5500.0,132
Gujarat,Vadodara(Baroda),Vadodara,Dry Chillies,Other,FAQ,2013-02-13 00:00:00,6000.0,7000.0,7000.0,132
Gujarat,Vadodara(Baroda),Vadodara,Dry Chillies,Other,FAQ,2013-02-15 00:00:00,6000.0,7000.0,7000.0,132
Gujarat,Vadodara(Baroda),Vadodara,Dry Chillies,Other,FAQ,2013-02-18 00:00:00,6000.0,7000.0,7000.0,132
Gujarat,Vadodara(Baroda),Vadodara,Dry Chillies,Other,FAQ,2013-02-23 00:00:00,5000.0,7000.0,7000.0,132
Gujarat,Vadodara(Baroda),Vadodara,Dry Chillies,Other,FAQ,2013-02-26 00:00:00,5000.0,7000.0,7000.0,132
Gujarat,Vadodara(Baroda),Vadodara,Dry Chillies,Other,FAQ,2013-03-01 00:00:00,5000.0,7000.0,7000.0,132
Gujarat,Vadodara(Baroda),Vadodara,Dry Chillies,Other,FAQ,2013-03-12 00:00:00,6000.0,7000.0,7000.0,132
Gujarat,Vadodara(Baroda),Vadodara,Dry Chillies,Other,FAQ,2013-03-22 00:00:00,6000.0,7000.0,7000.0,132
Gujarat,Vadodara(Baroda),Vadodara,Dry Chillies,Other,FAQ,2013-03-23 00:00:00,6000.0,7000.0,7000.0,132
Gujarat,Vadodara(Baroda),Vadodara,Dry Chillies,Other,FAQ,2013-03-28 00:00:00,6000.0,7000.0,7000.0,132
Gujarat,Vadodara(Baroda),Vadodara,Dry Chillies,Other,FAQ,2013-04-01 00:00:00,6000.0,8000.0,8000.0,132
Gujarat,Vadodara(Baroda),Vadodara,Dry Chillies,Other,FAQ,2013-04-15 00:00:00,5000.0,8000.0,8000.0,132
Gujarat,Vadodara(Baroda),Vadodara,Dry Chillies,Other,FAQ,2013-04-17 00:00:00,5000.0,8000.0,8000.0,132
Gujarat,Vadodara(Baroda),Vadodara,Dry Chillies,Other,FAQ,2013-04-20 00:00:00,5000.0,8000.0,8000.0,132
Gujarat,Vadodara(Baroda),Vadodara,Dry Chillies,Other,FAQ,2013-05-13 00:00:00,5000.0,8000.0,8000.0,132
Gujarat,Vadodara(Baroda),Vadodara,Dry Chillies,Other,FAQ,2013-05-23 00:00:00,5000.0,6000.0,6000.0,132
Gujarat,Vadodara(Baroda),Vadodara,Dry Chillies,Other,FAQ,2013-05-25 00:00:00,5000.0,6000.0,6000.0,132
Gujarat,Vadodara(Baroda),Vadodara,Dry Chillies,Other,FAQ,2013-05-31 00:00:00,6000.0,7000.0,7000.0,132
Gujarat,Vadodara(Baroda),Vadodara,Dry Chillies,Other,FAQ,2013-06-06 00:00:00,6000.0,7000.0,7000.0,132
Gujarat,Vadodara(Baroda),Vadodara,Dry Chillies,Other,FAQ,2013-06-15 00:00:00,6000.0,7000.0,6800.0,132
Gujarat,Vadodara(Baroda),Vadodara,Dry Chillies,Other,FAQ,2013-06-17 00:00:00,6000.0,7000.0,7000.0,132
Gujarat,Vadodara(Baroda),Vadodara,Dry Chillies,Other,FAQ,2013-06-25 00:00:00,6500.0,7500.0,7500.0,132
Gujarat,Vadodara(Baroda),Vadodara,Dry Chillies,Other,FAQ,2013-06-26 00:00:00,6500.0,7500.0,7500.0,132
Gujarat,Vadodara(Baroda),Vadodara,Dry Chillies,Other,FAQ,2013-07-06 00:00:00,6000.0,7000.0,7000.0,132
Gujarat,Vadodara(Baroda),Vadodara,Dry Chillies,Other,FAQ,2013-08-21 00:00:00,6000.0,7000.0,7000.0,132
Gujarat,Vadodara(Baroda),Vadodara,Dry Chillies,Other,FAQ,2013-09-02 00:00:00,6000.0,7000.0,7000.0,132
Gujarat,Vadodara(Baroda),Vadodara,Dry Chillies,Other,FAQ,2013-09-05 00:00:00,6000.0,6500.0,6500.0,132
Gujarat,Vadodara(Baroda),Vadodara,Dry Chillies,Other,FAQ,2013-10-04 00:00:00,6000.0,6500.0,6500.0,132
Gujarat,Vadodara(Baroda),Vadodara,Dry Chillies,Other,FAQ,2013-10-05 00:00:00,6000.0,6500.0,6500.0,132
Gujarat,Vadodara(Baroda),Vadodara,Dry Chillies,Other,FAQ,2013-10-25 00:00:00,6000.0,6500.0,6500.0,132
Gujarat,Vadodara(Baroda),Vadodara,Dry Chillies,Other,FAQ,2013-11-16 00:00:00,6000.0,6500.0,6500.0,132
Gujarat,Vadodara(Baroda),Vadodara,Dry Chillies,Other,FAQ,2013-12-17 00:00:00,6000.0,7000.0,7000.0,132
Gujarat,Dahod,Dahod,Dry Chillies,Dry Chillies,FAQ,2017-01-03 00:00:00,8500.0,14500.0,13250.0,132
Gujarat,Dahod,Dahod,Dry Chillies,Dry Chillies,FAQ,2017-01-05 00:00:00,8500.0,14500.0,13250.0,132
Gujarat,Dahod,Dahod,Dry Chillies,Dry Chillies,FAQ,2017-01-30 00:00:00,8500.0,14500.0,13000.0,132
Gujarat,Dahod,Dahod,Dry Chillies,Dry Chillies,FAQ,2017-02-02 00:00:00,8500.0,14500.0,13000.0,132
Gujarat,Dahod,Dahod,Dry Chillies,Dry Chillies,FAQ,2017-02-16 00:00:00,8500.0,14500.0,13000.0,132
Gujarat,Dahod,Dahod,Dry Chillies,Dry Chillies,FAQ,2017-02-28 00:00:00,8500.0,14500.0,13000.0,132
Gujarat,Dahod,Dahod,Dry Chillies,Dry Chillies,FAQ,2017-03-02 00:00:00,8500.0,14500.0,13000.0,132
Gujarat,Dahod,Dahod,Dry Chillies,Dry Chillies,FAQ,2017-03-06 00:00:00,8500.0,12000.0,11000.0,132
Gujarat,Dahod,Dahod,Dry Chillies,Dry Chillies,FAQ,2017-03-17 00:00:00,8500.0,12000.0,11000.0,132
Gujarat,Dahod,Dahod,Dry Chillies,Dry Chillies,FAQ,2017-10-11 00:00:00,7000.0,10000.0,9000.0,132
Gujarat,Dahod,Dahod,Dry Chillies,Dry Chillies,FAQ,2017-10-25 00:00:00,7500.0,10000.0,9000.0,132
Gujarat,Jamnagar,Jamnagar,Dry Chillies,1st Sort,FAQ,2017-02-10 00:00:00,5000.0,10500.0,7750.0,132
Gujarat,Jamnagar,Jamnagar,Dry Chillies,1st Sort,FAQ,2017-02-11 00:00:00,5000.0,9050.0,7025.0,132
Gujarat,Jamnagar,Jamnagar,Dry Chillies,1st Sort,FAQ,2017-03-07 00:00:00,1975.0,6500.0,4238.0,132
Gujarat,Jamnagar,Jamnagar,Dry Chillies,1st Sort,FAQ,2017-04-06 00:00:00,2500.0,5575.0,4038.0,132
Gujarat,Jamnagar,Jamnagar,Dry Chillies,1st Sort,FAQ,2017-04-20 00:00:00,3125.0,3875.0,3500.0,132
Gujarat,Jamnagar,Jamnagar,Dry Chillies,1st Sort,FAQ,2017-05-19 00:00:00,600.0,2200.0,1400.0,132
Gujarat,Rajkot,Gondal,Dry Chillies,Bold 1,FAQ,2017-01-05 00:00:00,4005.0,10305.0,9000.0,132
Gujarat,Rajkot,Gondal,Dry Chillies,Bold 1,FAQ,2017-01-12 00:00:00,3605.0,10000.0,8405.0,132
Gujarat,Rajkot,Gondal,Dry Chillies,Bold 1,FAQ,2017-01-27 00:00:00,4005.0,9405.0,8205.0,132
Gujarat,Rajkot,Gondal,Dry Chillies,Bold 1,FAQ,2017-01-30 00:00:00,4005.0,9105.0,8105.0,132
Gujarat,Rajkot,Gondal,Dry Chillies,Bold 1,FAQ,2017-01-31 00:00:00,4205.0,11505.0,8405.0,132
Gujarat,Rajkot,Gondal,Dry Chillies,Bold 1,FAQ,2017-02-06 00:00:00,3505.0,8705.0,7205.0,132
Gujarat,Rajkot,Gondal,Dry Chillies,Bold 1,FAQ,2017-02-07 00:00:00,3505.0,8005.0,6905.0,132
Gujarat,Rajkot,Gondal,Dry Chillies,Bold 1,FAQ,2017-02-10 00:00:00,3805.0,8505.0,8305.0,132
Gujarat,Rajkot,Gondal,Dry Chillies,Bold 1,FAQ,2017-02-23 00:00:00,2505.0,7505.0,6205.0,132
Gujarat,Rajkot,Gondal,Dry Chillies,Bold 1,FAQ,2017-03-06 00:00:00,4005.0,10755.0,8905.0,132
Gujarat,Rajkot,Gondal,Dry Chillies,Bold 1,FAQ,2017-03-07 00:00:00,3505.0,11705.0,7755.0,132
Gujarat,Rajkot,Gondal,Dry Chillies,Bold 1,FAQ,2017-03-23 00:00:00,2505.0,9005.0,6405.0,132
Gujarat,Rajkot,Gondal,Dry Chillies,Bold 1,FAQ,2017-04-06 00:00:00,1005.0,6405.0,4505.0,132
Gujarat,Rajkot,Gondal,Dry Chillies,Bold 1,FAQ,2017-04-07 00:00:00,1005.0,6255.0,4755.0,132
Gujarat,Rajkot,Gondal,Dry Chillies,Bold 1,FAQ,2017-04-10 00:00:00,1005.0,5405.0,4905.0,132
Gujarat,Rajkot,Gondal,Dry Chillies,Bold 1,FAQ,2017-12-11 00:00:00,3505.0,11630.0,10005.0,132
Gujarat,Rajkot,Gondal,Dry Chillies,Bold 1,FAQ,2017-12-14 00:00:00,3255.0,11505.0,9880.0,132
Gujarat,Vadodara(Baroda),Vadodara,Dry Chillies,Other,FAQ,2017-01-09 00:00:00,8000.0,10000.0,10000.0,132
Gujarat,Vadodara(Baroda),Vadodara,Dry Chillies,Other,FAQ,2017-01-11 00:00:00,8000.0,10000.0,10000.0,132
Gujarat,Vadodara(Baroda),Vadodara,Dry Chillies,Other,FAQ,2017-01-20 00:00:00,8000.0,9000.0,9000.0,132
Gujarat,Vadodara(Baroda),Vadodara,Dry Chillies,Other,FAQ,2017-01-21 00:00:00,8000.0,9000.0,9000.0,132
Gujarat,Vadodara(Baroda),Vadodara,Dry Chillies,Other,FAQ,2017-01-27 00:00:00,8000.0,9000.0,9000.0,132
Gujarat,Vadodara(Baroda),Vadodara,Dry Chillies,Other,FAQ,2017-03-04 00:00:00,11000.0,13000.0,13000.0,132
Gujarat,Vadodara(Baroda),Vadodara,Dry Chillies,Other,FAQ,2017-03-08 00:00:00,11000.0,13000.0,13000.0,132
Gujarat,Vadodara(Baroda),Vadodara,Dry Chillies,Other,FAQ,2017-03-25 00:00:00,8000.0,10000.0,10000.0,132
Gujarat,Vadodara(Baroda),Vadodara,Dry Chillies,Other,FAQ,2017-03-31 00:00:00,8000.0,10000.0,10000.0,132
Gujarat,Vadodara(Baroda),Vadodara,Dry Chillies,Other,FAQ,2017-04-04 00:00:00,8000.0,10000.0,10000.0,132
Gujarat,Vadodara(Baroda),Vadodara,Dry Chillies,Other,FAQ,2017-04-28 00:00:00,8000.0,10000.0,10000.0,132
Gujarat,Vadodara(Baroda),Vadodara,Dry Chillies,Other,FAQ,2017-05-05 00:00:00,8000.0,10000.0,10000.0,132
Gujarat,Vadodara(Baroda),Vadodara,Dry Chillies,Other,FAQ,2017-05-17 00:00:00,5000.0,8000.0,8000.0,132
Gujarat,Vadodara(Baroda),Vadodara,Dry Chillies,Other,FAQ,2017-05-26 00:00:00,5000.0,8000.0,8000.0,132
Gujarat,Vadodara(Baroda),Vadodara,Dry Chillies,Other,FAQ,2017-05-31 00:00:00,5000.0,8000.0,8000.0,132
Gujarat,Vadodara(Baroda),Vadodara,Dry Chillies,Other,FAQ,2017-06-14 00:00:00,5000.0,8000.0,8000.0,132
Gujarat,Vadodara(Baroda),Vadodara,Dry Chillies,Other,FAQ,2017-06-16 00:00:00,5000.0,8000.0,8000.0,132
Gujarat,Vadodara(Baroda),Vadodara,Dry Chillies,Other,FAQ,2017-06-19 00:00:00,5000.0,8000.0,8000.0,132
Gujarat,Vadodara(Baroda),Vadodara,Dry Chillies,Other,FAQ,2017-06-20 00:00:00,5000.0,8000.0,8000.0,132
Gujarat,Vadodara(Baroda),Vadodara,Dry Chillies,Other,FAQ,2017-08-05 00:00:00,4000.0,5000.0,5000.0,132
Gujarat,Vadodara(Baroda),Vadodara,Dry Chillies,Other,FAQ,2017-09-11 00:00:00,4000.0,6000.0,6000.0,132
Gujarat,Vadodara(Baroda),Vadodara,Dry Chillies,Other,FAQ,2017-10-11 00:00:00,5000.0,7000.0,7000.0,132
Gujarat,Vadodara(Baroda),Vadodara,Dry Chillies,Other,FAQ,2017-10-18 00:00:00,4000.0,5500.0,5500.0,132
Gujarat,Vadodara(Baroda),Vadodara,Dry Chillies,Other,FAQ,2017-10-25 00:00:00,4000.0,5500.0,5500.0,132
Gujarat,Vadodara(Baroda),Vadodara,Dry Chillies,Other,FAQ,2017-10-26 00:00:00,5000.0,6000.0,6000.0,132
Gujarat,Vadodara(Baroda),Vadodara,Dry Chillies,Other,FAQ,2017-10-30 00:00:00,5000.0,6000.0,6000.0,132
Gujarat,Vadodara(Baroda),Vadodara,Dry Chillies,Other,FAQ,2017-11-03 00:00:00,5000.0,6000.0,6000.0,132
Gujarat,Vadodara(Baroda),Vadodara,Dry Chillies,Other,FAQ,2017-11-08 00:00:00,5000.0,6000.0,6000.0,132
Gujarat,Vadodara(Baroda),Vadodara,Dry Chillies,Other,FAQ,2017-11-24 00:00:00,5500.0,7000.0,7000.0,132
Gujarat,Vadodara(Baroda),Vadodara,Dry Chillies,Other,FAQ,2017-12-18 00:00:00,3000.0,9000.0,9000.0,132
Gujarat,Vadodara(Baroda),Vadodara,Dry Chillies,Other,FAQ,2017-12-27 00:00:00,3000.0,9000.0,9000.0,132
Gujarat,Dahod,Dahod,Dry Chillies,Dry Chillies,FAQ,2023-01-19 00:00:00,15000.0,26000.0,20000.0,132
Gujarat,Dahod,Dahod,Dry Chillies,Dry Chillies,FAQ,2023-01-20 00:00:00,15000.0,26000.0,20000.0,132
Gujarat,Dahod,Dahod,Dry Chillies,Dry Chillies,FAQ,2023-01-23 00:00:00,15000.0,26000.0,22500.0,132
Gujarat,Dahod,Dahod,Dry Chillies,Dry Chillies,FAQ,2023-01-30 00:00:00,14000.0,25000.0,20000.0,132
Gujarat,Dahod,Dahod,Dry Chillies,Dry Chillies,FAQ,2023-02-02 00:00:00,14000.0,23000.0,17500.0,132
Gujarat,Dahod,Dahod,Dry Chillies,Dry Chillies,FAQ,2023-02-03 00:00:00,14000.0,23000.0,18000.0,132
Gujarat,Dahod,Dahod,Dry Chillies,Dry Chillies,FAQ,2023-02-17 00:00:00,14000.0,23000.0,22000.0,132
Gujarat,Dahod,Dahod,Dry Chillies,Dry Chillies,FAQ,2023-03-03 00:00:00,14000.0,23500.0,21500.0,132
Gujarat,Dahod,Dahod,Dry Chillies,Dry Chillies,FAQ,2023-03-23 00:00:00,14000.0,24500.0,22500.0,132
Gujarat,Dahod,Dahod,Dry Chillies,Dry Chillies,FAQ,2023-03-27 00:00:00,14000.0,24500.0,22500.0,132
Gujarat,Dahod,Dahod,Dry Chillies,Dry Chillies,FAQ,2023-03-29 00:00:00,14000.0,24500.0,17500.0,132
Gujarat,Dahod,Dahod,Dry Chillies,Dry Chillies,FAQ,2023-04-03 00:00:00,14000.0,24500.0,23625.0,132
Gujarat,Dahod,Dahod,Dry Chillies,Dry Chillies,FAQ,2023-04-12 00:00:00,15000.0,27500.0,27000.0,132
Gujarat,Dahod,Dahod,Dry Chillies,Dry Chillies,FAQ,2023-05-09 00:00:00,15000.0,27500.0,25000.0,132
Gujarat,Dahod,Dahod,Dry Chillies,Dry Chillies,FAQ,2023-06-08 00:00:00,15000.0,27000.0,22500.0,132
Gujarat,Dahod,Dahod,Dry Chillies,Dry Chillies,FAQ,2023-07-07 00:00:00,16000.0,28000.0,26000.0,132
Gujarat,Dahod,Dahod,Dry Chillies,Dry Chillies,FAQ,2023-07-14 00:00:00,15000.0,28000.0,26000.0,132
Gujarat,Dahod,Dahod,Dry Chillies,Dry Chillies,FAQ,2023-08-03 00:00:00,15000.0,28000.0,20000.0,132
Gujarat,Dahod,Dahod,Dry Chillies,Dry Chillies,FAQ,2023-09-21 00:00:00,18000.0,28000.0,24000.0,132
Gujarat,Dahod,Dahod,Dry Chillies,Dry Chillies,FAQ,2023-10-04 00:00:00,15000.0,28000.0,27000.0,132
Gujarat,Dahod,Dahod,Dry Chillies,Dry Chillies,FAQ,2023-10-09 00:00:00,15000.0,28000.0,27000.0,132
Gujarat,Dahod,Dahod,Dry Chillies,Dry Chillies,FAQ,2023-10-10 00:00:00,15000.0,28000.0,25000.0,132
Gujarat,Dahod,Dahod,Dry Chillies,Dry Chillies,FAQ,2023-10-11 00:00:00,15000.0,28000.0,24000.0,132
Gujarat,Dahod,Dahod,Dry Chillies,Dry Chillies,FAQ,2023-10-14 00:00:00,15000.0,28000.0,25000.0,132
Gujarat,Dahod,Dahod,Dry Chillies,Dry Chillies,FAQ,2023-11-02 00:00:00,20000.0,28000.0,25000.0,132
Gujarat,Dahod,Dahod,Dry Chillies,Dry Chillies,FAQ,2023-12-15 00:00:00,20000.0,27500.0,26000.0,132
Gujarat,Jamnagar,Jamnagar,Dry Chillies,1st Sort,FAQ,2023-11-02 00:00:00,9000.0,21250.0,16250.0,132
Gujarat,Jamnagar,Jamnagar,Dry Chillies,1st Sort,FAQ,2023-11-08 00:00:00,9100.0,18000.0,14650.0,132
Gujarat,Jamnagar,Jamnagar,Dry Chillies,1st Sort,FAQ,2023-12-06 00:00:00,9000.0,20000.0,15650.0,132
Gujarat,Jamnagar,Jamnagar,Dry Chillies,1st Sort,FAQ,2023-12-09 00:00:00,8500.0,21000.0,17250.0,132
Gujarat,Jamnagar,Jamnagar,Dry Chillies,1st Sort,FAQ,2023-12-12 00:00:00,8000.0,21550.0,15350.0,132
Gujarat,Jamnagar,Jamnagar,Dry Chillies,1st Sort,FAQ,2023-12-16 00:00:00,7500.0,19525.0,14950.0,132
Gujarat,Jamnagar,Jamnagar,Dry Chillies,1st Sort,FAQ,2023-12-18 00:00:00,7500.0,26275.0,19250.0,132
Gujarat,Jamnagar,Jamnagar,Dry Chillies,1st Sort,FAQ,2023-12-26 00:00:00,5500.0,18000.0,12750.0,132
Gujarat,Rajkot,Gondal,Dry Chillies,Bold 1,FAQ,2023-04-05 00:00:00,9005.0,27505.0,19005.0,132
Gujarat,Rajkot,Gondal,Dry Chillies,Bold 1,FAQ,2023-04-13 00:00:00,9005.0,28505.0,22505.0,132
Gujarat,Rajkot,Gondal,Dry Chillies,Bold 1,FAQ,2023-05-10 00:00:00,9005.0,17505.0,13005.0,132
Gujarat,Rajkot,Gondal,Dry Chillies,Bold 1,FAQ,2023-05-17 00:00:00,9505.0,22505.0,18005.0,132
Gujarat,Rajkot,Gondal,Dry Chillies,Bold 1,FAQ,2023-05-19 00:00:00,7005.0,18505.0,13005.0,132
Gujarat,Rajkot,Gondal,Dry Chillies,Bold 1,FAQ,2023-05-23 00:00:00,8005.0,20005.0,16505.0,132
Gujarat,Rajkot,Gondal,Dry Chillies,Bold 1,FAQ,2023-05-26 00:00:00,9005.0,22505.0,18505.0,132
Gujarat,Rajkot,Gondal,Dry Chillies,Bold 1,FAQ,2023-06-08 00:00:00,7005.0,20505.0,16005.0,132
Gujarat,Rajkot,Gondal,Dry Chillies,Bold 1,FAQ,2023-06-12 00:00:00,6505.0,23505.0,17505.0,132
Gujarat,Rajkot,Gondal,Dry Chillies,Bold 1,FAQ,2023-06-21 00:00:00,9005.0,17505.0,12505.0,132
Gujarat,Rajkot,Gondal,Dry Chillies,Bold 1,FAQ,2023-10-27 00:00:00,5005.0,22005.0,17005.0,132
Gujarat,Rajkot,Gondal,Dry Chillies,Bold 1,FAQ,2023-11-07 00:00:00,7955.0,15005.0,11005.0,132
Gujarat,Rajkot,Gondal,Dry Chillies,Bold 1,FAQ,2023-11-08 00:00:00,4505.0,23005.0,18505.0,132
Gujarat,Rajkot,Gondal,Dry Chillies,Bold 1,FAQ,2023-11-09 00:00:00,5005.0,21505.0,17505.0,132
Gujarat,Rajkot,Gondal,Dry Chillies,Bold 1,FAQ,2023-11-24 00:00:00,7505.0,23005.0,18505.0,132
Gujarat,Rajkot,Gondal,Dry Chillies,Bold 1,FAQ,2023-12-11 00:00:00,6505.0,24005.0,17505.0,132
Gujarat,Rajkot,Gondal,Dry Chillies,Bold 1,FAQ,2023-12-12 00:00:00,6505.0,24505.0,17505.0,132
Gujarat,Rajkot,Gondal,Dry Chillies,Bold 1,FAQ,2023-12-18 00:00:00,6505.0,24005.0,17005.0,132
Gujarat,Rajkot,Gondal,Dry Chillies,Bold 1,FAQ,2023-12-20 00:00:00,7005.0,22505.0,18005.0,132
Gujarat,Rajkot,Rajkot,Dry Chillies,Red,FAQ,2023-01-04 00:00:00,15750.0,23500.0,20000.0,132
Gujarat,Rajkot,Rajkot,Dry Chillies,Red,FAQ,2023-01-07 00:00:00,12500.0,22750.0,20000.0,132
Gujarat,Rajkot,Rajkot,Dry Chillies,Red,FAQ,2023-01-17 00:00:00,9000.0,21250.0,19000.0,132
Gujarat,Rajkot,Rajkot,Dry Chillies,Red,FAQ,2023-01-19 00:00:00,11000.0,22250.0,20750.0,132
Gujarat,Rajkot,Rajkot,Dry Chillies,Red,FAQ,2023-01-24 00:00:00,10500.0,20000.0,18500.0,132
Gujarat,Rajkot,Rajkot,Dry Chillies,Red,FAQ,2023-02-03 00:00:00,9000.0,20175.0,15000.0,132
Gujarat,Rajkot,Rajkot,Dry Chillies,Red,FAQ,2023-02-04 00:00:00,9500.0,19000.0,12500.0,132
Gujarat,Rajkot,Rajkot,Dry Chillies,Red,FAQ,2023-02-08 00:00:00,10000.0,21250.0,14500.0,132
Gujarat,Rajkot,Rajkot,Dry Chillies,Red,FAQ,2023-02-15 00:00:00,15000.0,19250.0,17500.0,132
Gujarat,Rajkot,Rajkot,Dry Chillies,Red,FAQ,2023-02-21 00:00:00,15500.0,20000.0,17750.0,132
Gujarat,Rajkot,Rajkot,Dry Chillies,Red,FAQ,2023-02-23 00:00:00,11000.0,18900.0,15875.0,132
Gujarat,Rajkot,Rajkot,Dry Chillies,Red,FAQ,2023-02-25 00:00:00,16000.0,20125.0,18250.0,132
Gujarat,Rajkot,Rajkot,Dry Chillies,Red,FAQ,2023-03-02 00:00:00,15000.0,25000.0,20000.0,132
Gujarat,Rajkot,Rajkot,Dry Chillies,Red,FAQ,2023-03-09 00:00:00,15750.0,22700.0,18750.0,132
Gujarat,Rajkot,Rajkot,Dry Chillies,Red,FAQ,2023-03-20 00:00:00,17500.0,30500.0,22500.0,132
Gujarat,Rajkot,Rajkot,Dry Chillies,Red,FAQ,2023-03-22 00:00:00,17500.0,30500.0,24000.0,132
Gujarat,Rajkot,Rajkot,Dry Chillies,Red,FAQ,2023-04-08 00:00:00,11000.0,29000.0,21500.0,132
Gujarat,Rajkot,Rajkot,Dry Chillies,Red,FAQ,2023-04-11 00:00:00,11000.0,28750.0,22000.0,132
Gujarat,Rajkot,Rajkot,Dry Chillies,Red,FAQ,2023-04-12 00:00:00,11500.0,28000.0,21500.0,132
Gujarat,Rajkot,Rajkot,Dry Chillies,Red,FAQ,2023-04-13 00:00:00,10500.0,28000.0,20500.0,132
Gujarat,Rajkot,Rajkot,Dry Chillies,Red,FAQ,2023-04-18 00:00:00,9000.0,24000.0,20000.0,132
Gujarat,Rajkot,Rajkot,Dry Chillies,Red,FAQ,2023-04-28 00:00:00,6500.0,21000.0,15000.0,132
Gujarat,Rajkot,Rajkot,Dry Chillies,Red,FAQ,2023-05-01 00:00:00,5500.0,17500.0,14000.0,132
Gujarat,Rajkot,Rajkot,Dry Chillies,Red,FAQ,2023-05-30 00:00:00,8500.0,20000.0,17500.0,132
Gujarat,Rajkot,Rajkot,Dry Chillies,Red,FAQ,2023-06-02 00:00:00,10000.0,16500.0,14000.0,132
Gujarat,Rajkot,Rajkot,Dry Chillies,Red,FAQ,2023-06-07 00:00:00,5255.0,5255.0,5255.0,132
Gujarat,Rajkot,Rajkot,Dry Chillies,Red,FAQ,2023-06-08 00:00:00,7500.0,20000.0,17500.0,132
Gujarat,Rajkot,Rajkot,Dry Chillies,Red,FAQ,2023-10-20 00:00:00,7000.0,17250.0,14000.0,132
Gujarat,Rajkot,Rajkot,Dry Chillies,Red,FAQ,2023-11-07 00:00:00,7500.0,21000.0,17500.0,132
Gujarat,Rajkot,Rajkot,Dry Chillies,Red,FAQ,2023-11-08 00:00:00,6500.0,19000.0,15000.0,132
Gujarat,Rajkot,Rajkot,Dry Chillies,Red,FAQ,2023-11-29 00:00:00,8000.0,20000.0,17000.0,132
Gujarat,Rajkot,Rajkot,Dry Chillies,Red,FAQ,2023-12-11 00:00:00,8500.0,19500.0,16500.0,132
Gujarat,Rajkot,Rajkot,Dry Chillies,Red,FAQ,2023-12-15 00:00:00,8500.0,19500.0,16500.0,132
Gujarat,Rajkot,Rajkot,Dry Chillies,Red,FAQ,2023-12-18 00:00:00,7000.0,16000.0,13000.0,132
Gujarat,Rajkot,Rajkot,Dry Chillies,Red,FAQ,2023-12-19 00:00:00,7000.0,18500.0,16000.0,132
Gujarat,Rajkot,Rajkot,Dry Chillies,Red,FAQ,2023-12-22 00:00:00,8500.0,18000.0,15500.0,132
Gujarat,Rajkot,Rajkot,Dry Chillies,Red,FAQ,2023-12-25 00:00:00,8250.0,18750.0,15250.0,132
Gujarat,Rajkot,Rajkot,Dry Chillies,Red,FAQ,2023-12-27 00:00:00,8000.0,18000.0,15000.0,132
Gujarat,Rajkot,Rajkot,Dry Chillies,Red,FAQ,2023-12-29 00:00:00,7500.0,17200.0,13800.0,132
Gujarat,Dahod,Dahod,Dry Chillies,Dry Chillies,FAQ,2024-01-17 00:00:00,20000.0,27500.0,25000.0,132
Gujarat,Dahod,Dahod,Dry Chillies,Dry Chillies,FAQ,2024-01-30 00:00:00,18000.0,25000.0,23000.0,132
Gujarat,Dahod,Dahod,Dry Chillies,Dry Chillies,FAQ,2024-02-01 00:00:00,15000.0,25000.0,20000.0,132
Gujarat,Dahod,Dahod,Dry Chillies,Dry Chillies,FAQ,2024-02-20 00:00:00,15000.0,25000.0,22500.0,132
Gujarat,Dahod,Dahod,Dry Chillies,Dry Chillies,FAQ,2024-03-19 00:00:00,15000.0,25500.0,24000.0,132
Gujarat,Dahod,Dahod,Dry Chillies,Dry Chillies,FAQ,2024-03-21 00:00:00,15000.0,25500.0,22500.0,132
Gujarat,Dahod,Dahod,Dry Chillies,Dry Chillies,FAQ,2024-04-18 00:00:00,15000.0,24500.0,23625.0,132
Gujarat,Jamnagar,Jamnagar,Dry Chillies,1st Sort,FAQ,2024-01-06 00:00:00,6750.0,21000.0,14250.0,132
Gujarat,Jamnagar,Jamnagar,Dry Chillies,1st Sort,FAQ,2024-01-27 00:00:00,5000.0,18500.0,13250.0,132
Gujarat,Jamnagar,Jamnagar,Dry Chillies,1st Sort,FAQ,2024-01-30 00:00:00,3500.0,17000.0,12250.0,132
Gujarat,Jamnagar,Jamnagar,Dry Chillies,1st Sort,FAQ,2024-02-15 00:00:00,4000.0,28025.0,19250.0,132
Gujarat,Jamnagar,Jamnagar,Dry Chillies,1st Sort,FAQ,2024-02-16 00:00:00,6250.0,21675.0,14750.0,132
Gujarat,Jamnagar,Jamnagar,Dry Chillies,1st Sort,FAQ,2024-02-20 00:00:00,3375.0,18975.0,13250.0,132
Gujarat,Jamnagar,Jamnagar,Dry Chillies,1st Sort,FAQ,2024-02-21 00:00:00,5500.0,16500.0,12250.0,132
Gujarat,Jamnagar,Jamnagar,Dry Chillies,1st Sort,FAQ,2024-03-09 00:00:00,5000.0,29050.0,17025.0,132
Gujarat,Jamnagar,Jamnagar,Dry Chillies,1st Sort,FAQ,2024-03-12 00:00:00,5000.0,25025.0,16950.0,132
Gujarat,Rajkot,Gondal,Dry Chillies,Bold 1,FAQ,2024-01-11 00:00:00,4755.0,20755.0,15755.0,132
Gujarat,Rajkot,Gondal,Dry Chillies,Bold 1,FAQ,2024-01-12 00:00:00,4505.0,21255.0,13755.0,132
Gujarat,Rajkot,Gondal,Dry Chillies,Bold 1,FAQ,2024-01-25 00:00:00,4505.0,18755.0,12505.0,132
Gujarat,Rajkot,Gondal,Dry Chillies,Bold 1,FAQ,2024-01-27 00:00:00,4255.0,23505.0,12505.0,132
Gujarat,Rajkot,Gondal,Dry Chillies,Bold 1,FAQ,2024-02-06 00:00:00,5005.0,19005.0,13255.0,132
Gujarat,Rajkot,Gondal,Dry Chillies,Bold 1,FAQ,2024-02-17 00:00:00,4755.0,20505.0,12755.0,132
Gujarat,Rajkot,Gondal,Dry Chillies,Bold 1,FAQ,2024-03-06 00:00:00,4005.0,20505.0,11505.0,132
Gujarat,Rajkot,Gondal,Dry Chillies,Bold 1,FAQ,2024-04-02 00:00:00,3505.0,16255.0,8755.0,132
Gujarat,Rajkot,Gondal,Dry Chillies,Bold 1,FAQ,2024-04-06 00:00:00,3005.0,16255.0,11005.0,132
Gujarat,Rajkot,Rajkot,Dry Chillies,Red,FAQ,2024-01-01 00:00:00,7500.0,16250.0,13500.0,132
Gujarat,Rajkot,Rajkot,Dry Chillies,Red,FAQ,2024-01-03 00:00:00,6000.0,18500.0,15000.0,132
Gujarat,Rajkot,Rajkot,Dry Chillies,Red,FAQ,2024-01-13 00:00:00,6000.0,18500.0,13500.0,132
Gujarat,Rajkot,Rajkot,Dry Chillies,Red,FAQ,2024-01-15 00:00:00,8000.0,19000.0,15500.0,132
Gujarat,Rajkot,Rajkot,Dry Chillies,Red,FAQ,2024-01-17 00:00:00,7750.0,17500.0,14500.0,132
Gujarat,Rajkot,Rajkot,Dry Chillies,Red,FAQ,2024-01-23 00:00:00,6500.0,19500.0,15000.0,132
Gujarat,Rajkot,Rajkot,Dry Chillies,Red,FAQ,2024-01-31 00:00:00,6500.0,19500.0,15000.0,132
Gujarat,Rajkot,Rajkot,Dry Chillies,Red,FAQ,2024-02-01 00:00:00,7000.0,19000.0,14500.0,132
Gujarat,Rajkot,Rajkot,Dry Chillies,Red,FAQ,2024-02-02 00:00:00,8000.0,20000.0,15500.0,132
Gujarat,Rajkot,Rajkot,Dry Chillies,Red,FAQ,2024-02-07 00:00:00,8000.0,20000.0,15000.0,132
Gujarat,Rajkot,Rajkot,Dry Chillies,Red,FAQ,2024-02-12 00:00:00,7500.0,20000.0,15000.0,132
Gujarat,Rajkot,Rajkot,Dry Chillies,Red,FAQ,2024-02-17 00:00:00,7000.0,19000.0,14000.0,132
Gujarat,Rajkot,Rajkot,Dry Chillies,Red,FAQ,2024-02-19 00:00:00,7500.0,20000.0,15000.0,132
Gujarat,Rajkot,Rajkot,Dry Chillies,Red,FAQ,2024-03-12 00:00:00,7250.0,17750.0,13250.0,132
Gujarat,Rajkot,Rajkot,Dry Chillies,Red,FAQ,2024-03-14 00:00:00,6750.0,17000.0,12000.0,132
Gujarat,Rajkot,Rajkot,Dry Chillies,Red,FAQ,2024-03-16 00:00:00,5500.0,17000.0,12000.0,132
Gujarat,Rajkot,Rajkot,Dry Chillies,Red,FAQ,2024-03-21 00:00:00,6000.0,16000.0,12250.0,132
Gujarat,Rajkot,Rajkot,Dry Chillies,Red,FAQ,2024-04-04 00:00:00,6000.0,17500.0,13500.0,132
Gujarat,Rajkot,Rajkot,Dry Chillies,Red,FAQ,2024-04-08 00:00:00,5750.0,17500.0,11250.0,132
Gujarat,Rajkot,Rajkot,Dry Chillies,Red,FAQ,2024-04-30 00:00:00,4000.0,13000.0,9000.0,132
Gujarat,Rajkot,Gondal,Dry Chillies,Bold 1,FAQ,2024-06-04 00:00:00,3755.0,12755.0,10255.0,132
Gujarat,Rajkot,Rajkot,Dry Chillies,Red,FAQ,2024-06-01 00:00:00,5000.0,12750.0,9000.0,132
Gujarat,Rajkot,Rajkot,Dry Chillies,Red,FAQ,2024-06-03 00:00:00,5000.0,12500.0,10000.0,132
Gujarat,Rajkot,Rajkot,Dry Chillies,Red,FAQ,2024-06-10 00:00:00,5000.0,17200.0,11250.0,132
Gujarat,Dahod,Dahod,Dry Chillies,Dry Chillies,FAQ,2024-05-03 00:00:00,15000.0,24500.0,22500.0,132
Gujarat,Dahod,Dahod,Dry Chillies,Dry Chillies,FAQ,2024-05-11 00:00:00,17000.0,24500.0,21500.0,132
Gujarat,Dahod,Dahod,Dry Chillies,Dry Chillies,FAQ,2024-05-21 00:00:00,16000.0,24500.0,22500.0,132
Gujarat,Rajkot,Gondal,Dry Chillies,Bold 1,FAQ,2024-05-01 00:00:00,3255.0,20505.0,12005.0,132
Gujarat,Rajkot,Gondal,Dry Chillies,Bold 1,FAQ,2024-05-14 00:00:00,4005.0,22005.0,13005.0,132
Gujarat,Rajkot,Gondal,Dry Chillies,Bold 1,FAQ,2024-05-15 00:00:00,3755.0,22005.0,14005.0,132
Gujarat,Rajkot,Gondal,Dry Chillies,Bold 1,FAQ,2024-05-16 00:00:00,3005.0,16255.0,8755.0,132
Gujarat,Rajkot,Gondal,Dry Chillies,Bold 1,FAQ,2024-05-21 00:00:00,3755.0,15005.0,13255.0,132
Gujarat,Rajkot,Gondal,Dry Chillies,Bold 1,FAQ,2024-05-25 00:00:00,3755.0,15005.0,8755.0,132
Gujarat,Rajkot,Gondal,Dry Chillies,Bold 1,FAQ,2024-05-28 00:00:00,3755.0,15005.0,11255.0,132
Gujarat,Rajkot,Gondal,Dry Chillies,Bold 1,FAQ,2024-05-29 00:00:00,4505.0,14755.0,13255.0,132
Gujarat,Rajkot,Rajkot,Dry Chillies,Red,FAQ,2024-05-23 00:00:00,5000.0,14750.0,11000.0,132
Gujarat,Rajkot,Rajkot,Dry Chillies,Red,FAQ,2024-05-25 00:00:00,5500.0,15000.0,10000.0,132
Gujarat,Rajkot,Rajkot,Dry Chillies,Red,FAQ,2024-05-31 00:00:00,4550.0,15000.0,10000.0,132
Gujarat,Dahod,Dahod,Dry Chillies,Dry Chillies,FAQ,2016-02-24 00:00:00,11000.0,14000.0,12500.0,132
Gujarat,Dahod,Dahod,Dry Chillies,Dry Chillies,FAQ,2016-02-29 00:00:00,12000.0,16000.0,14500.0,132
Gujarat,Dahod,Dahod,Dry Chillies,Dry Chillies,FAQ,2016-03-17 00:00:00,12000.0,16000.0,13750.0,132
Gujarat,Dahod,Dahod,Dry Chillies,Dry Chillies,FAQ,2016-04-04 00:00:00,12000.0,15000.0,14500.0,132
Gujarat,Dahod,Dahod,Dry Chillies,Dry Chillies,FAQ,2016-04-19 00:00:00,12000.0,15500.0,14500.0,132
Gujarat,Dahod,Dahod,Dry Chillies,Dry Chillies,FAQ,2016-05-07 00:00:00,10500.0,15000.0,14500.0,132
Gujarat,Dahod,Dahod,Dry Chillies,Dry Chillies,FAQ,2016-06-13 00:00:00,10000.0,16000.0,14000.0,132
Gujarat,Dahod,Dahod,Dry Chillies,Dry Chillies,FAQ,2016-06-16 00:00:00,10000.0,16000.0,14000.0,132
Gujarat,Dahod,Dahod,Dry Chillies,Dry Chillies,FAQ,2016-06-17 00:00:00,10000.0,16000.0,14000.0,132
Gujarat,Dahod,Dahod,Dry Chillies,Dry Chillies,FAQ,2016-06-29 00:00:00,10000.0,15000.0,13750.0,132
Gujarat,Dahod,Dahod,Dry Chillies,Dry Chillies,FAQ,2016-07-07 00:00:00,10000.0,15000.0,13500.0,132
Gujarat,Dahod,Dahod,Dry Chillies,Dry Chillies,FAQ,2016-07-08 00:00:00,10000.0,15000.0,12000.0,132
Gujarat,Dahod,Dahod,Dry Chillies,Dry Chillies,FAQ,2016-07-26 00:00:00,10000.0,16000.0,13500.0,132
Gujarat,Dahod,Dahod,Dry Chillies,Dry Chillies,FAQ,2016-07-30 00:00:00,10000.0,16000.0,14000.0,132
Gujarat,Dahod,Dahod,Dry Chillies,Dry Chillies,FAQ,2016-08-03 00:00:00,10000.0,16000.0,14000.0,132
Gujarat,Dahod,Dahod,Dry Chillies,Dry Chillies,FAQ,2016-08-06 00:00:00,10000.0,16000.0,15000.0,132
Gujarat,Dahod,Dahod,Dry Chillies,Dry Chillies,FAQ,2016-08-09 00:00:00,10000.0,16000.0,14000.0,132
Gujarat,Dahod,Dahod,Dry Chillies,Dry Chillies,FAQ,2016-08-10 00:00:00,10000.0,16000.0,14000.0,132
Gujarat,Dahod,Dahod,Dry Chillies,Dry Chillies,FAQ,2016-08-11 00:00:00,10000.0,16000.0,14000.0,132
Gujarat,Dahod,Dahod,Dry Chillies,Dry Chillies,FAQ,2016-08-12 00:00:00,10000.0,16000.0,14000.0,132
Gujarat,Dahod,Dahod,Dry Chillies,Dry Chillies,FAQ,2016-08-22 00:00:00,10000.0,16000.0,14000.0,132
Gujarat,Dahod,Dahod,Dry Chillies,Dry Chillies,FAQ,2016-09-01 00:00:00,10000.0,16000.0,14000.0,132
Gujarat,Dahod,Dahod,Dry Chillies,Dry Chillies,FAQ,2016-09-06 00:00:00,10000.0,16000.0,14250.0,132
Gujarat,Dahod,Dahod,Dry Chillies,Dry Chillies,FAQ,2016-09-07 00:00:00,10000.0,16000.0,14000.0,132
Gujarat,Dahod,Dahod,Dry Chillies,Dry Chillies,FAQ,2016-10-06 00:00:00,9500.0,15000.0,12000.0,132
Gujarat,Dahod,Dahod,Dry Chillies,Dry Chillies,FAQ,2016-10-19 00:00:00,12000.0,15000.0,13500.0,132
Gujarat,Dahod,Dahod,Dry Chillies,Dry Chillies,FAQ,2016-11-15 00:00:00,10000.0,15000.0,12000.0,132
Gujarat,Dahod,Dahod,Dry Chillies,Dry Chillies,FAQ,2016-11-29 00:00:00,10000.0,15000.0,14000.0,132
Gujarat,Dahod,Dahod,Dry Chillies,Dry Chillies,FAQ,2016-11-30 00:00:00,10000.0,15000.0,14000.0,132
Gujarat,Dahod,Dahod,Dry Chillies,Dry Chillies,FAQ,2016-12-22 00:00:00,8500.0,14500.0,13250.0,132
Gujarat,Dahod,Dahod,Dry Chillies,Dry Chillies,FAQ,2016-12-31 00:00:00,8500.0,14500.0,13250.0,132
Gujarat,Rajkot,Gondal,Dry Chillies,Bold 1,FAQ,2016-02-12 00:00:00,7505.0,16205.0,13405.0,132
Gujarat,Rajkot,Gondal,Dry Chillies,Bold 1,FAQ,2016-02-13 00:00:00,7905.0,17501.0,14005.0,132
Gujarat,Rajkot,Gondal,Dry Chillies,Bold 1,FAQ,2016-02-18 00:00:00,9505.0,16405.0,13405.0,132
Gujarat,Rajkot,Gondal,Dry Chillies,Bold 1,FAQ,2016-02-23 00:00:00,7505.0,15905.0,13205.0,132
Gujarat,Rajkot,Gondal,Dry Chillies,Bold 1,FAQ,2016-02-25 00:00:00,9005.0,15905.0,13305.0,132
Gujarat,Rajkot,Gondal,Dry Chillies,Bold 1,FAQ,2016-02-26 00:00:00,9005.0,16205.0,12905.0,132
Gujarat,Rajkot,Gondal,Dry Chillies,Bold 1,FAQ,2016-03-12 00:00:00,5505.0,15255.0,12205.0,132
Gujarat,Rajkot,Gondal,Dry Chillies,Bold 1,FAQ,2016-04-08 00:00:00,5505.0,17005.0,13705.0,132
Gujarat,Rajkot,Gondal,Dry Chillies,Bold 1,FAQ,2016-04-11 00:00:00,5505.0,18405.0,15155.0,132
Gujarat,Rajkot,Gondal,Dry Chillies,Bold 1,FAQ,2016-04-25 00:00:00,5505.0,17505.0,13205.0,132
Gujarat,Rajkot,Gondal,Dry Chillies,Bold 1,FAQ,2016-05-03 00:00:00,2755.0,17755.0,14255.0,132
Gujarat,Rajkot,Gondal,Dry Chillies,Bold 1,FAQ,2016-12-19 00:00:00,3605.0,10005.0,8405.0,132
Gujarat,Rajkot,Gondal,Dry Chillies,Bold 1,FAQ,2016-12-28 00:00:00,4105.0,10105.0,9005.0,132
Gujarat,Rajkot,Gondal,Dry Chillies,Bold 1,FAQ,2016-12-30 00:00:00,3755.0,10805.0,9405.0,132
Gujarat,Rajkot,Gondal,Dry Chillies,Bold 1,FAQ,2016-12-31 00:00:00,3605.0,9805.0,8905.0,132
Gujarat,Vadodara(Baroda),Vadodara,Dry Chillies,Other,FAQ,2016-01-02 00:00:00,11000.0,14000.0,14000.0,132
Gujarat,Vadodara(Baroda),Vadodara,Dry Chillies,Other,FAQ,2016-01-08 00:00:00,11000.0,14000.0,14000.0,132
Gujarat,Vadodara(Baroda),Vadodara,Dry Chillies,Other,FAQ,2016-01-12 00:00:00,11000.0,14000.0,14000.0,132
Gujarat,Vadodara(Baroda),Vadodara,Dry Chillies,Other,FAQ,2016-01-20 00:00:00,10000.0,13000.0,13000.0,132
Gujarat,Vadodara(Baroda),Vadodara,Dry Chillies,Other,FAQ,2016-01-30 00:00:00,10000.0,13000.0,13000.0,132
Gujarat,Vadodara(Baroda),Vadodara,Dry Chillies,Other,FAQ,2016-02-16 00:00:00,13000.0,14000.0,14000.0,132
Gujarat,Vadodara(Baroda),Vadodara,Dry Chillies,Other,FAQ,2016-02-22 00:00:00,13000.0,14000.0,14000.0,132
Gujarat,Vadodara(Baroda),Vadodara,Dry Chillies,Other,FAQ,2016-02-24 00:00:00,13000.0,14000.0,14000.0,132
Gujarat,Vadodara(Baroda),Vadodara,Dry Chillies,Other,FAQ,2016-03-18 00:00:00,12000.0,13000.0,13000.0,132
Gujarat,Vadodara(Baroda),Vadodara,Dry Chillies,Other,FAQ,2016-04-16 00:00:00,12000.0,14000.0,14000.0,132
Gujarat,Vadodara(Baroda),Vadodara,Dry Chillies,Other,FAQ,2016-04-26 00:00:00,12000.0,13000.0,13000.0,132
Gujarat,Vadodara(Baroda),Vadodara,Dry Chillies,Other,FAQ,2016-05-04 00:00:00,12000.0,13000.0,13000.0,132
Gujarat,Vadodara(Baroda),Vadodara,Dry Chillies,Other,FAQ,2016-05-26 00:00:00,12000.0,13000.0,13000.0,132
Gujarat,Vadodara(Baroda),Vadodara,Dry Chillies,Other,FAQ,2016-05-27 00:00:00,12000.0,13000.0,13000.0,132
Gujarat,Vadodara(Baroda),Vadodara,Dry Chillies,Other,FAQ,2016-06-08 00:00:00,12000.0,13000.0,13000.0,132
Gujarat,Vadodara(Baroda),Vadodara,Dry Chillies,Other,FAQ,2016-06-15 00:00:00,12000.0,13000.0,13000.0,132
Gujarat,Vadodara(Baroda),Vadodara,Dry Chillies,Other,FAQ,2016-07-27 00:00:00,14000.0,15000.0,15000.0,132
Gujarat,Vadodara(Baroda),Vadodara,Dry Chillies,Other,FAQ,2016-07-29 00:00:00,14000.0,15000.0,15000.0,132
Gujarat,Vadodara(Baroda),Vadodara,Dry Chillies,Other,FAQ,2016-08-04 00:00:00,12000.0,13000.0,13000.0,132
Gujarat,Vadodara(Baroda),Vadodara,Dry Chillies,Other,FAQ,2016-09-17 00:00:00,12500.0,13000.0,13000.0,132
Gujarat,Vadodara(Baroda),Vadodara,Dry Chillies,Other,FAQ,2016-09-22 00:00:00,12500.0,13000.0,13000.0,132
Gujarat,Vadodara(Baroda),Vadodara,Dry Chillies,Other,FAQ,2016-09-28 00:00:00,12500.0,13000.0,13000.0,132
Gujarat,Vadodara(Baroda),Vadodara,Dry Chillies,Other,FAQ,2016-10-15 00:00:00,12000.0,13500.0,13500.0,132
Gujarat,Vadodara(Baroda),Vadodara,Dry Chillies,Other,FAQ,2016-11-10 00:00:00,10000.0,12000.0,12000.0,132
Gujarat,Vadodara(Baroda),Vadodara,Dry Chillies,Other,FAQ,2016-11-11 00:00:00,10000.0,12000.0,12000.0,132
Gujarat,Vadodara(Baroda),Vadodara,Dry Chillies,Other,FAQ,2016-11-25 00:00:00,5500.0,8000.0,8000.0,132
Gujarat,Vadodara(Baroda),Vadodara,Dry Chillies,Other,FAQ,2016-12-24 00:00:00,10000.0,12000.0,12000.0,132
Gujarat,Vadodara(Baroda),Vadodara,Dry Chillies,Other,FAQ,2016-12-29 00:00:00,10000.0,12000.0,12000.0,132
Gujarat,Vadodara(Baroda),Vadodara,Dry Chillies,Other,FAQ,2016-12-30 00:00:00,10000.0,12000.0,12000.0,132
Gujarat,Dahod,Dahod,Dry Chillies,Other,FAQ,2001-12-11 00:00:00,2625.0,3900.0,3225.0,132
Gujarat,Dahod,Dahod,Dry Chillies,Other,FAQ,2001-12-28 00:00:00,2750.0,3625.0,3175.0,132
Gujarat,Dahod,Dahod,Dry Chillies,Other,FAQ,2003-01-24 00:00:00,3000.0,4400.0,3550.0,132
Gujarat,Dahod,Dahod,Dry Chillies,Other,FAQ,2003-01-28 00:00:00,3000.0,4400.0,3700.0,132
Gujarat,Dahod,Dahod,Dry Chillies,Other,FAQ,2003-01-29 00:00:00,3000.0,4400.0,3900.0,132
Gujarat,Dahod,Dahod,Dry Chillies,Other,FAQ,2003-02-17 00:00:00,2625.0,4150.0,3375.0,132
Gujarat,Dahod,Dahod,Dry Chillies,Other,FAQ,2003-02-24 00:00:00,2700.0,4000.0,3650.0,132
Gujarat,Dahod,Dahod,Dry Chillies,Other,FAQ,2003-03-10 00:00:00,2300.0,4650.0,3900.0,132
Gujarat,Dahod,Dahod,Dry Chillies,Other,FAQ,2003-03-11 00:00:00,2300.0,4650.0,4125.0,132
Gujarat,Dahod,Dahod,Dry Chillies,Other,FAQ,2003-04-28 00:00:00,2500.0,4725.0,4375.0,132
Gujarat,Dahod,Dahod,Dry Chillies,Other,FAQ,2003-05-06 00:00:00,2500.0,4725.0,4250.0,132
Gujarat,Dahod,Dahod,Dry Chillies,Other,FAQ,2003-06-18 00:00:00,3500.0,5000.0,4250.0,132
Gujarat,Dahod,Dahod,Dry Chillies,Other,FAQ,2003-06-25 00:00:00,3750.0,5200.0,4250.0,132
Gujarat,Dahod,Dahod,Dry Chillies,Other,FAQ,2003-07-02 00:00:00,4000.0,5100.0,4700.0,132
Gujarat,Dahod,Dahod,Dry Chillies,Other,FAQ,2003-07-05 00:00:00,4000.0,5055.0,4575.0,132
Gujarat,Dahod,Dahod,Dry Chillies,Other,FAQ,2003-08-06 00:00:00,3500.0,4825.0,4600.0,132
Gujarat,Dahod,Dahod,Dry Chillies,Other,FAQ,2003-08-07 00:00:00,3500.0,4825.0,4600.0,132
Gujarat,Dahod,Dahod,Dry Chillies,Other,FAQ,2003-08-27 00:00:00,3575.0,4800.0,4250.0,132
Gujarat,Dahod,Dahod,Dry Chillies,Other,FAQ,2003-09-01 00:00:00,3575.0,4700.0,4200.0,132
Gujarat,Dahod,Dahod,Dry Chillies,Other,FAQ,2003-09-22 00:00:00,3900.0,4400.0,4000.0,132
Gujarat,Dahod,Dahod,Dry Chillies,Other,FAQ,2003-09-30 00:00:00,3800.0,4500.0,4125.0,132
Gujarat,Dahod,Dahod,Dry Chillies,Other,FAQ,2003-12-16 00:00:00,3750.0,4705.0,4500.0,132
Gujarat,Dahod,Dahod,Dry Chillies,Other,FAQ,2003-12-22 00:00:00,3400.0,4600.0,4500.0,132
Gujarat,Dahod,Dahod,Dry Chillies,Other,FAQ,2003-12-24 00:00:00,3125.0,4625.0,4500.0,132
Gujarat,Dahod,Dahod,Dry Chillies,Other,FAQ,2003-12-26 00:00:00,3125.0,4625.0,4500.0,132
Gujarat,Dahod,Dahod,Dry Chillies,Other,FAQ,2003-12-30 00:00:00,3125.0,4625.0,4500.0,132
Gujarat,Jamnagar,Jamnagar,Dry Chillies,Kaddi,FAQ,2003-04-05 00:00:00,140.0,540.0,340.0,132
Gujarat,Jamnagar,Jamnagar,Dry Chillies,Kaddi,FAQ,2003-04-08 00:00:00,350.0,550.0,450.0,132
Gujarat,Jamnagar,Jamnagar,Dry Chillies,Kaddi,FAQ,2003-05-08 00:00:00,750.0,2000.0,1375.0,132
Gujarat,Jamnagar,Jamnagar,Dry Chillies,Kaddi,FAQ,2003-05-17 00:00:00,750.0,2000.0,1375.0,132
Gujarat,Jamnagar,Jamnagar,Dry Chillies,Other,FAQ,2003-05-16 00:00:00,2250.0,4250.0,3250.0,132
Gujarat,Jamnagar,Jamnagar,Dry Chillies,Other,FAQ,2003-05-26 00:00:00,2250.0,4500.0,3375.0,132
Gujarat,Jamnagar,Jamnagar,Dry Chillies,Other,FAQ,2003-06-03 00:00:00,2000.0,4500.0,3250.0,132
Gujarat,Jamnagar,Jamnagar,Dry Chillies,Other,FAQ,2003-06-04 00:00:00,2250.0,5000.0,3625.0,132
Gujarat,Jamnagar,Jamnagar,Dry Chillies,Other,FAQ,2003-06-05 00:00:00,2250.0,5000.0,3625.0,132
Gujarat,Rajkot,Rajkot,Dry Chillies,Local,FAQ,2003-01-30 00:00:00,2225.0,2475.0,2350.0,132
Gujarat,Rajkot,Rajkot,Dry Chillies,Local,FAQ,2003-01-31 00:00:00,4000.0,5050.0,4500.0,132
Gujarat,Rajkot,Rajkot,Dry Chillies,Local,FAQ,2003-02-03 00:00:00,2025.0,4575.0,4000.0,132
Gujarat,Rajkot,Rajkot,Dry Chillies,Local,FAQ,2003-02-08 00:00:00,1950.0,4450.0,4000.0,132
Gujarat,Rajkot,Rajkot,Dry Chillies,Local,FAQ,2003-02-11 00:00:00,2175.0,4800.0,3800.0,132
Gujarat,Rajkot,Rajkot,Dry Chillies,Local,FAQ,2003-02-18 00:00:00,2625.0,4650.0,4000.0,132
Gujarat,Rajkot,Rajkot,Dry Chillies,Local,FAQ,2003-02-21 00:00:00,1875.0,5025.0,3500.0,132
Gujarat,Rajkot,Rajkot,Dry Chillies,Local,FAQ,2003-03-08 00:00:00,2375.0,5375.0,4500.0,132
Gujarat,Rajkot,Rajkot,Dry Chillies,Local,FAQ,2003-03-10 00:00:00,2425.0,5325.0,4500.0,132
Gujarat,Rajkot,Rajkot,Dry Chillies,Local,FAQ,2003-03-13 00:00:00,2275.0,5625.0,4500.0,132
Gujarat,Rajkot,Rajkot,Dry Chillies,Local,FAQ,2003-03-20 00:00:00,2225.0,5750.0,4500.0,132
Gujarat,Rajkot,Rajkot,Dry Chillies,Red,FAQ,2003-04-04 00:00:00,2250.0,6775.0,5000.0,132
Gujarat,Rajkot,Rajkot,Dry Chillies,Red,FAQ,2003-04-05 00:00:00,2375.0,6000.0,4800.0,132
Gujarat,Rajkot,Rajkot,Dry Chillies,Red,FAQ,2003-04-18 00:00:00,2150.0,5250.0,4500.0,132
Gujarat,Rajkot,Rajkot,Dry Chillies,Red,FAQ,2003-04-28 00:00:00,2225.0,5100.0,4500.0,132
Gujarat,Rajkot,Rajkot,Dry Chillies,Red,FAQ,2003-05-01 00:00:00,2050.0,5400.0,4500.0,132
Gujarat,Rajkot,Rajkot,Dry Chillies,Red,FAQ,2003-05-05 00:00:00,2125.0,5125.0,3725.0,132
Gujarat,Rajkot,Rajkot,Dry Chillies,Red,FAQ,2003-05-07 00:00:00,2200.0,5250.0,4500.0,132
Gujarat,Rajkot,Rajkot,Dry Chillies,Red,FAQ,2003-05-13 00:00:00,4000.0,5000.0,4500.0,132
Gujarat,Rajkot,Rajkot,Dry Chillies,Red,FAQ,2003-05-15 00:00:00,2250.0,5150.0,4500.0,132
Gujarat,Rajkot,Rajkot,Dry Chillies,Red,FAQ,2003-05-23 00:00:00,3925.0,5150.0,4500.0,132
Gujarat,Rajkot,Rajkot,Dry Chillies,Red,FAQ,2003-06-07 00:00:00,3500.0,4625.0,4200.0,132
Gujarat,Dahod,Dahod,Dry Chillies,Other,FAQ,2004-04-21 00:00:00,2750.0,3500.0,3250.0,132
Gujarat,Dahod,Dahod,Dry Chillies,Other,FAQ,2004-05-07 00:00:00,2500.0,3500.0,3000.0,132
Gujarat,Dahod,Dahod,Dry Chillies,Other,FAQ,2004-05-13 00:00:00,2500.0,3500.0,3000.0,132
Gujarat,Dahod,Dahod,Dry Chillies,Other,FAQ,2004-05-14 00:00:00,2500.0,3500.0,3000.0,132
Gujarat,Dahod,Dahod,Dry Chillies,Other,FAQ,2004-05-18 00:00:00,2500.0,3500.0,3000.0,132
Gujarat,Dahod,Dahod,Dry Chillies,Other,FAQ,2004-05-26 00:00:00,2500.0,3500.0,3000.0,132
Gujarat,Dahod,Dahod,Dry Chillies,Other,FAQ,2004-06-05 00:00:00,2750.0,3750.0,3250.0,132
Gujarat,Dahod,Dahod,Dry Chillies,Other,FAQ,2004-06-09 00:00:00,2750.0,3625.0,3400.0,132
Gujarat,Dahod,Dahod,Dry Chillies,Other,FAQ,2004-06-10 00:00:00,2750.0,3750.0,3250.0,132
Gujarat,Dahod,Dahod,Dry Chillies,Other,FAQ,2004-06-24 00:00:00,2400.0,3500.0,3400.0,132
Gujarat,Dahod,Dahod,Dry Chillies,Other,FAQ,2004-07-13 00:00:00,2000.0,3650.0,2750.0,132
Gujarat,Dahod,Dahod,Dry Chillies,Other,FAQ,2004-07-23 00:00:00,2000.0,3650.0,3000.0,132
Gujarat,Dahod,Dahod,Dry Chillies,Other,FAQ,2004-07-30 00:00:00,2000.0,3500.0,2750.0,132
Gujarat,Dahod,Dahod,Dry Chillies,Other,FAQ,2004-08-19 00:00:00,2250.0,3750.0,3000.0,132
Gujarat,Dahod,Dahod,Dry Chillies,Other,FAQ,2004-09-08 00:00:00,2500.0,3750.0,3350.0,132
Gujarat,Dahod,Dahod,Dry Chillies,Other,FAQ,2004-09-17 00:00:00,2550.0,3700.0,3250.0,132
Gujarat,Dahod,Dahod,Dry Chillies,Other,FAQ,2004-09-21 00:00:00,2750.0,3400.0,3250.0,132
Gujarat,Dahod,Dahod,Dry Chillies,Other,FAQ,2004-11-02 00:00:00,2750.0,3625.0,3150.0,132
Gujarat,Dahod,Dahod,Dry Chillies,Other,FAQ,2004-11-06 00:00:00,2750.0,3625.0,3250.0,132
Gujarat,Dahod,Dahod,Dry Chillies,Other,FAQ,2004-11-30 00:00:00,2625.0,3500.0,3075.0,132
Gujarat,Dahod,Dahod,Dry Chillies,Other,FAQ,2004-12-06 00:00:00,2500.0,3650.0,3500.0,132
Gujarat,Dahod,Dahod,Dry Chillies,Other,FAQ,2004-12-29 00:00:00,2750.0,3650.0,3500.0,132
Gujarat,Jamnagar,Jamnagar,Dry Chillies,Other,FAQ,2004-02-11 00:00:00,1875.0,4600.0,3237.5,132
Gujarat,Jamnagar,Jamnagar,Dry Chillies,Other,FAQ,2004-02-21 00:00:00,2000.0,5075.0,3537.5,132
Gujarat,Jamnagar,Jamnagar,Dry Chillies,Other,FAQ,2004-02-25 00:00:00,1750.0,5000.0,3000.0,132
Gujarat,Jamnagar,Jamnagar,Dry Chillies,Other,FAQ,2004-02-26 00:00:00,1500.0,4950.0,3100.0,132
Gujarat,Jamnagar,Jamnagar,Dry Chillies,Other,FAQ,2004-03-04 00:00:00,1600.0,4750.0,3200.0,132
Gujarat,Jamnagar,Jamnagar,Dry Chillies,Other,FAQ,2004-03-05 00:00:00,2100.0,5200.0,3900.0,132
Gujarat,Jamnagar,Jamnagar,Dry Chillies,Other,FAQ,2004-03-18 00:00:00,1650.0,5250.0,3325.0,132
Gujarat,Jamnagar,Jamnagar,Dry Chillies,Other,FAQ,2004-04-12 00:00:00,1750.0,5000.0,3375.0,132
Gujarat,Jamnagar,Jamnagar,Dry Chillies,Other,FAQ,2004-04-15 00:00:00,1750.0,4875.0,3275.0,132
Gujarat,Jamnagar,Jamnagar,Dry Chillies,Other,FAQ,2004-04-22 00:00:00,1750.0,5000.0,3350.0,132
Gujarat,Jamnagar,Jamnagar,Dry Chillies,Other,FAQ,2004-04-24 00:00:00,1750.0,4150.0,2950.0,132
Gujarat,Jamnagar,Jamnagar,Dry Chillies,Other,FAQ,2004-05-03 00:00:00,1750.0,4350.0,3100.0,132
Gujarat,Jamnagar,Jamnagar,Dry Chillies,Other,FAQ,2004-05-14 00:00:00,1700.0,4300.0,3000.0,132
Gujarat,Jamnagar,Jamnagar,Dry Chillies,Other,FAQ,2004-05-26 00:00:00,750.0,3100.0,1925.0,132
Gujarat,Jamnagar,Jamnagar,Dry Chillies,Other,FAQ,2004-05-29 00:00:00,650.0,3500.0,2150.0,132
Gujarat,Jamnagar,Jamnagar,Dry Chillies,Other,FAQ,2004-06-01 00:00:00,1750.0,3650.0,2700.0,132
Gujarat,Rajkot,Rajkot,Dry Chillies,Local,FAQ,2004-02-05 00:00:00,1925.0,5850.0,4000.0,132
Gujarat,Rajkot,Rajkot,Dry Chillies,Local,FAQ,2004-02-06 00:00:00,1750.0,5500.0,4000.0,132
Gujarat,Rajkot,Rajkot,Dry Chillies,Local,FAQ,2004-02-19 00:00:00,1875.0,6000.0,4200.0,132
Gujarat,Rajkot,Rajkot,Dry Chillies,Local,FAQ,2004-02-24 00:00:00,2150.0,6125.0,4500.0,132
Gujarat,Rajkot,Rajkot,Dry Chillies,Local,FAQ,2004-03-13 00:00:00,2275.0,6125.0,2475.0,132
Gujarat,Rajkot,Rajkot,Dry Chillies,Local,FAQ,2004-03-15 00:00:00,2700.0,6075.0,5200.0,132
Gujarat,Rajkot,Rajkot,Dry Chillies,Local,FAQ,2004-03-17 00:00:00,2500.0,6125.0,5200.0,132
Gujarat,Rajkot,Rajkot,Dry Chillies,Local,FAQ,2004-03-22 00:00:00,2125.0,5750.0,5000.0,132
Gujarat,Rajkot,Rajkot,Dry Chillies,Local,FAQ,2004-03-23 00:00:00,2200.0,6375.0,5050.0,132
Gujarat,Rajkot,Rajkot,Dry Chillies,Local,FAQ,2004-04-10 00:00:00,2875.0,5975.0,5150.0,132
Gujarat,Rajkot,Rajkot,Dry Chillies,Local,FAQ,2004-04-17 00:00:00,1500.0,5275.0,4850.0,132
Gujarat,Rajkot,Rajkot,Dry Chillies,Local,FAQ,2004-04-19 00:00:00,1825.0,5175.0,4750.0,132
Gujarat,Rajkot,Rajkot,Dry Chillies,Local,FAQ,2004-04-21 00:00:00,1525.0,4875.0,4200.0,132
Gujarat,Rajkot,Rajkot,Dry Chillies,Local,FAQ,2004-04-29 00:00:00,2000.0,4000.0,3500.0,132
Gujarat,Rajkot,Rajkot,Dry Chillies,Local,FAQ,2004-05-07 00:00:00,2200.0,4750.0,4200.0,132
Gujarat,Rajkot,Rajkot,Dry Chillies,Local,FAQ,2004-05-11 00:00:00,1250.0,4000.0,3250.0,132
Gujarat,Rajkot,Rajkot,Dry Chillies,Local,FAQ,2004-05-12 00:00:00,1750.0,3750.0,3200.0,132
Gujarat,Rajkot,Rajkot,Dry Chillies,Local,FAQ,2004-05-20 00:00:00,1500.0,4000.0,3500.0,132
Gujarat,Rajkot,Rajkot,Dry Chillies,Local,FAQ,2004-05-27 00:00:00,2250.0,3500.0,3200.0,132
Gujarat,Dahod,Dahod,Dry Chillies,Other,FAQ,2012-01-17 00:00:00,5500.0,9000.0,7000.0,132
Gujarat,Dahod,Dahod,Dry Chillies,Other,FAQ,2012-01-25 00:00:00,5500.0,9000.0,7000.0,132
Gujarat,Dahod,Dahod,Dry Chillies,Other,FAQ,2012-01-30 00:00:00,5000.0,8500.0,7000.0,132
Gujarat,Dahod,Dahod,Dry Chillies,Other,FAQ,2012-02-13 00:00:00,4500.0,8500.0,7000.0,132
Gujarat,Dahod,Dahod,Dry Chillies,Other,FAQ,2012-02-21 00:00:00,4500.0,8500.0,7500.0,132
Gujarat,Dahod,Dahod,Dry Chillies,Other,FAQ,2012-02-28 00:00:00,4500.0,8500.0,7500.0,132
Gujarat,Dahod,Dahod,Dry Chillies,Other,FAQ,2012-03-06 00:00:00,4500.0,8000.0,7600.0,132
Gujarat,Dahod,Dahod,Dry Chillies,Other,FAQ,2012-03-16 00:00:00,4000.0,8000.0,7250.0,132
Gujarat,Dahod,Dahod,Dry Chillies,Other,FAQ,2012-03-21 00:00:00,4500.0,8000.0,7625.0,132
Gujarat,Dahod,Dahod,Dry Chillies,Other,FAQ,2012-03-27 00:00:00,4000.0,7750.0,7500.0,132
Gujarat,Dahod,Dahod,Dry Chillies,Other,FAQ,2012-03-29 00:00:00,4000.0,7750.0,7500.0,132
Gujarat,Dahod,Dahod,Dry Chillies,Other,FAQ,2012-04-16 00:00:00,4000.0,7750.0,7000.0,132
Gujarat,Dahod,Dahod,Dry Chillies,Other,FAQ,2012-04-27 00:00:00,4000.0,7750.0,6500.0,132
Gujarat,Dahod,Dahod,Dry Chillies,Other,FAQ,2012-04-28 00:00:00,4000.0,7750.0,6500.0,132
Gujarat,Dahod,Dahod,Dry Chillies,Other,FAQ,2012-05-03 00:00:00,4000.0,7750.0,7000.0,132
Gujarat,Dahod,Dahod,Dry Chillies,Other,FAQ,2012-05-22 00:00:00,4000.0,8000.0,7500.0,132
Gujarat,Dahod,Dahod,Dry Chillies,Other,FAQ,2012-05-30 00:00:00,4000.0,8000.0,7250.0,132
Gujarat,Dahod,Dahod,Dry Chillies,Other,FAQ,2012-06-27 00:00:00,6000.0,8500.0,8000.0,132
Gujarat,Dahod,Dahod,Dry Chillies,Other,FAQ,2012-08-13 00:00:00,6500.0,9000.0,8750.0,132
Gujarat,Dahod,Dahod,Dry Chillies,Other,FAQ,2012-08-20 00:00:00,6500.0,9000.0,8500.0,132
Gujarat,Dahod,Dahod,Dry Chillies,Other,FAQ,2012-08-21 00:00:00,6500.0,9000.0,8625.0,132
Gujarat,Dahod,Dahod,Dry Chillies,Other,FAQ,2012-08-22 00:00:00,6500.0,9000.0,8500.0,132
Gujarat,Dahod,Dahod,Dry Chillies,Other,FAQ,2012-09-05 00:00:00,6500.0,9000.0,8250.0,132
Gujarat,Dahod,Dahod,Dry Chillies,Other,FAQ,2012-09-07 00:00:00,6500.0,9000.0,8000.0,132
Gujarat,Dahod,Dahod,Dry Chillies,Other,FAQ,2012-09-18 00:00:00,6000.0,9250.0,8500.0,132
Gujarat,Dahod,Dahod,Dry Chillies,Other,FAQ,2012-10-06 00:00:00,5500.0,8750.0,8000.0,132
Gujarat,Dahod,Dahod,Dry Chillies,Other,FAQ,2012-10-10 00:00:00,5500.0,8750.0,8000.0,132
Gujarat,Dahod,Dahod,Dry Chillies,Other,FAQ,2012-10-18 00:00:00,5500.0,9000.0,8500.0,132
Gujarat,Dahod,Dahod,Dry Chillies,Other,FAQ,2012-10-27 00:00:00,5500.0,9000.0,8500.0,132
Gujarat,Dahod,Dahod,Dry Chillies,Other,FAQ,2012-11-05 00:00:00,5500.0,9000.0,8500.0,132
Gujarat,Dahod,Dahod,Dry Chillies,Other,FAQ,2012-11-16 00:00:00,5500.0,9250.0,8000.0,132
Gujarat,Dahod,Dahod,Dry Chillies,Other,FAQ,2012-11-19 00:00:00,5500.0,9250.0,9000.0,132
Gujarat,Dahod,Dahod,Dry Chillies,Other,FAQ,2012-12-01 00:00:00,5500.0,10000.0,9500.0,132
Gujarat,Dahod,Dahod,Dry Chillies,Other,FAQ,2012-12-04 00:00:00,6000.0,10000.0,9500.0,132
Gujarat,Dahod,Dahod,Dry Chillies,Other,FAQ,2012-12-06 00:00:00,6000.0,10000.0,9500.0,132
Gujarat,Dahod,Dahod,Dry Chillies,Other,FAQ,2012-12-08 00:00:00,6000.0,10000.0,9000.0,132
Gujarat,Dahod,Dahod,Dry Chillies,Other,FAQ,2012-12-18 00:00:00,6000.0,10250.0,9500.0,132
Gujarat,Dahod,Dahod,Dry Chillies,Other,FAQ,2012-12-24 00:00:00,6000.0,10125.0,9500.0,132
Gujarat,Rajkot,Gondal,Dry Chillies,Desi,FAQ,2012-02-09 00:00:00,2305.0,13355.0,9455.0,132
Gujarat,Rajkot,Gondal,Dry Chillies,Desi,FAQ,2012-02-28 00:00:00,1755.0,12905.0,10205.0,132
Gujarat,Rajkot,Gondal,Dry Chillies,Desi,FAQ,2012-03-14 00:00:00,1505.0,11105.0,9105.0,132
Gujarat,Rajkot,Gondal,Dry Chillies,Desi,FAQ,2012-03-17 00:00:00,1505.0,11505.0,9455.0,132
Gujarat,Rajkot,Gondal,Dry Chillies,Desi,FAQ,2012-03-21 00:00:00,1505.0,10705.0,9155.0,132
Gujarat,Rajkot,Gondal,Dry Chillies,Desi,FAQ,2012-03-22 00:00:00,1505.0,10755.0,8905.0,132
Gujarat,Rajkot,Gondal,Dry Chillies,Desi,FAQ,2012-04-16 00:00:00,1005.0,7305.0,5855.0,132
Gujarat,Rajkot,Gondal,Dry Chillies,Desi,FAQ,2012-04-17 00:00:00,1005.0,7855.0,5505.0,132
Gujarat,Rajkot,Gondal,Dry Chillies,Desi,FAQ,2012-04-18 00:00:00,1005.0,7805.0,5805.0,132
Gujarat,Rajkot,Gondal,Dry Chillies,Desi,FAQ,2012-05-02 00:00:00,1005.0,8205.0,6205.0,132
Gujarat,Rajkot,Gondal,Dry Chillies,Desi,FAQ,2012-05-03 00:00:00,1005.0,7805.0,5155.0,132
Gujarat,Rajkot,Gondal,Dry Chillies,Desi,FAQ,2012-06-04 00:00:00,1000.0,6705.0,6105.0,132
Gujarat,Rajkot,Jasdan,Dry Chillies,Other,FAQ,2012-04-04 00:00:00,3750.0,7000.0,5800.0,132
Gujarat,Rajkot,Jasdan,Dry Chillies,Other,FAQ,2012-04-12 00:00:00,6800.0,6800.0,6800.0,132
Gujarat,Rajkot,Jasdan,Dry Chillies,Other,FAQ,2012-04-17 00:00:00,4000.0,7505.0,6000.0,132
Gujarat,Rajkot,Jasdan,Dry Chillies,Other,FAQ,2012-05-28 00:00:00,3925.0,6225.0,5000.0,132
Gujarat,Rajkot,Jasdan,Dry Chillies,Other,FAQ,2012-05-29 00:00:00,3000.0,3000.0,3000.0,132
Gujarat,Rajkot,Jasdan,Dry Chillies,Other,FAQ,2012-06-07 00:00:00,2500.0,2500.0,2500.0,132
Gujarat,Vadodara(Baroda),Vadodara,Dry Chillies,Other,FAQ,2012-01-04 00:00:00,6000.0,8000.0,8000.0,132
Gujarat,Vadodara(Baroda),Vadodara,Dry Chillies,Other,FAQ,2012-01-16 00:00:00,4500.0,6000.0,6000.0,132
Gujarat,Vadodara(Baroda),Vadodara,Dry Chillies,Other,FAQ,2012-01-18 00:00:00,4500.0,6000.0,6000.0,132
Gujarat,Vadodara(Baroda),Vadodara,Dry Chillies,Other,FAQ,2012-01-21 00:00:00,4500.0,6000.0,6000.0,132
Gujarat,Vadodara(Baroda),Vadodara,Dry Chillies,Other,FAQ,2012-02-16 00:00:00,4000.0,6000.0,6000.0,132
Gujarat,Vadodara(Baroda),Vadodara,Dry Chillies,Other,FAQ,2012-02-24 00:00:00,6000.0,8000.0,8000.0,132
Gujarat,Vadodara(Baroda),Vadodara,Dry Chillies,Other,FAQ,2012-02-25 00:00:00,6000.0,8000.0,8000.0,132
Gujarat,Vadodara(Baroda),Vadodara,Dry Chillies,Other,FAQ,2012-02-28 00:00:00,5000.0,6000.0,6000.0,132
Gujarat,Vadodara(Baroda),Vadodara,Dry Chillies,Other,FAQ,2012-03-06 00:00:00,5000.0,6000.0,6000.0,132
Gujarat,Vadodara(Baroda),Vadodara,Dry Chillies,Other,FAQ,2012-03-12 00:00:00,5000.0,6000.0,6000.0,132
Gujarat,Vadodara(Baroda),Vadodara,Dry Chillies,Other,FAQ,2012-03-23 00:00:00,5000.0,6000.0,6000.0,132
Gujarat,Vadodara(Baroda),Vadodara,Dry Chillies,Other,FAQ,2012-04-09 00:00:00,5000.0,6000.0,6000.0,132
Gujarat,Vadodara(Baroda),Vadodara,Dry Chillies,Other,FAQ,2012-04-11 00:00:00,5000.0,6000.0,6000.0,132
Gujarat,Vadodara(Baroda),Vadodara,Dry Chillies,Other,FAQ,2012-05-08 00:00:00,4000.0,5000.0,5000.0,132
Gujarat,Vadodara(Baroda),Vadodara,Dry Chillies,Other,FAQ,2012-05-15 00:00:00,4000.0,4500.0,4500.0,132
Gujarat,Vadodara(Baroda),Vadodara,Dry Chillies,Other,FAQ,2012-05-19 00:00:00,4000.0,4500.0,4500.0,132
Gujarat,Vadodara(Baroda),Vadodara,Dry Chillies,Other,FAQ,2012-05-21 00:00:00,4000.0,4500.0,4500.0,132
Gujarat,Vadodara(Baroda),Vadodara,Dry Chillies,Other,FAQ,2012-05-24 00:00:00,4000.0,4500.0,4500.0,132
Gujarat,Vadodara(Baroda),Vadodara,Dry Chillies,Other,FAQ,2012-05-30 00:00:00,5000.0,7000.0,7000.0,132
Gujarat,Vadodara(Baroda),Vadodara,Dry Chillies,Other,FAQ,2012-06-04 00:00:00,5000.0,7000.0,7000.0,132
Gujarat,Vadodara(Baroda),Vadodara,Dry Chillies,Other,FAQ,2012-06-09 00:00:00,4000.0,5500.0,5000.0,132
Gujarat,Vadodara(Baroda),Vadodara,Dry Chillies,Other,FAQ,2012-06-12 00:00:00,4000.0,5500.0,5500.0,132
Gujarat,Vadodara(Baroda),Vadodara,Dry Chillies,Other,FAQ,2012-06-18 00:00:00,5000.0,6000.0,6000.0,132
Gujarat,Vadodara(Baroda),Vadodara,Dry Chillies,Other,FAQ,2012-06-28 00:00:00,5000.0,6000.0,6000.0,132
Gujarat,Vadodara(Baroda),Vadodara,Dry Chillies,Other,FAQ,2012-07-03 00:00:00,3000.0,5000.0,5000.0,132
Gujarat,Vadodara(Baroda),Vadodara,Dry Chillies,Other,FAQ,2012-07-04 00:00:00,3000.0,5000.0,5000.0,132
Gujarat,Vadodara(Baroda),Vadodara,Dry Chillies,Other,FAQ,2012-08-01 00:00:00,3100.0,5200.0,5200.0,132
Gujarat,Vadodara(Baroda),Vadodara,Dry Chillies,Other,FAQ,2012-08-08 00:00:00,3100.0,5200.0,5200.0,132
Gujarat,Vadodara(Baroda),Vadodara,Dry Chillies,Other,FAQ,2012-08-09 00:00:00,3100.0,5200.0,5200.0,132
Gujarat,Vadodara(Baroda),Vadodara,Dry Chillies,Other,FAQ,2012-08-13 00:00:00,5000.0,6000.0,6000.0,132
Gujarat,Vadodara(Baroda),Vadodara,Dry Chillies,Other,FAQ,2012-08-17 00:00:00,5000.0,6000.0,6000.0,132
Gujarat,Vadodara(Baroda),Vadodara,Dry Chillies,Other,FAQ,2012-09-01 00:00:00,5000.0,6000.0,6000.0,132
Gujarat,Vadodara(Baroda),Vadodara,Dry Chillies,Other,FAQ,2012-09-08 00:00:00,5000.0,6000.0,6000.0,132
Gujarat,Vadodara(Baroda),Vadodara,Dry Chillies,Other,FAQ,2012-09-11 00:00:00,6000.0,6500.0,6500.0,132
Gujarat,Vadodara(Baroda),Vadodara,Dry Chillies,Other,FAQ,2012-09-24 00:00:00,4500.0,6500.0,6500.0,132
Gujarat,Vadodara(Baroda),Vadodara,Dry Chillies,Other,FAQ,2012-10-02 00:00:00,4500.0,6500.0,6500.0,132
Gujarat,Vadodara(Baroda),Vadodara,Dry Chillies,Other,FAQ,2012-10-10 00:00:00,5000.0,6000.0,6000.0,132
Gujarat,Vadodara(Baroda),Vadodara,Dry Chillies,Other,FAQ,2012-10-13 00:00:00,5000.0,6000.0,6000.0,132
Gujarat,Vadodara(Baroda),Vadodara,Dry Chillies,Other,FAQ,2012-10-15 00:00:00,5000.0,6000.0,6000.0,132
Gujarat,Vadodara(Baroda),Vadodara,Dry Chillies,Other,FAQ,2012-10-30 00:00:00,5000.0,6500.0,6500.0,132
Gujarat,Vadodara(Baroda),Vadodara,Dry Chillies,Other,FAQ,2012-11-08 00:00:00,4000.0,6000.0,6000.0,132
Gujarat,Vadodara(Baroda),Vadodara,Dry Chillies,Other,FAQ,2012-11-10 00:00:00,4000.0,6000.0,6000.0,132
Gujarat,Vadodara(Baroda),Vadodara,Dry Chillies,Other,FAQ,2012-11-13 00:00:00,4000.0,6000.0,6000.0,132
Gujarat,Vadodara(Baroda),Vadodara,Dry Chillies,Other,FAQ,2012-12-03 00:00:00,5000.0,5500.0,5500.0,132
Gujarat,Vadodara(Baroda),Vadodara,Dry Chillies,Other,FAQ,2012-12-10 00:00:00,4000.0,5000.0,5000.0,132
Gujarat,Vadodara(Baroda),Vadodara,Dry Chillies,Other,FAQ,2012-12-19 00:00:00,4000.0,5000.0,5000.0,132
Gujarat,Dahod,Dahod,Dry Chillies,Other,FAQ,2002-01-09 00:00:00,3000.0,3575.0,3125.0,132
Gujarat,Dahod,Dahod,Dry Chillies,Other,FAQ,2002-01-23 00:00:00,3000.0,3500.0,3125.0,132
Gujarat,Dahod,Dahod,Dry Chillies,Other,FAQ,2002-02-04 00:00:00,2250.0,3250.0,2750.0,132
Gujarat,Dahod,Dahod,Dry Chillies,Other,FAQ,2002-02-06 00:00:00,2205.0,3150.0,2875.0,132
Gujarat,Dahod,Dahod,Dry Chillies,Other,FAQ,2002-02-15 00:00:00,2250.0,3250.0,2750.0,132
Gujarat,Dahod,Dahod,Dry Chillies,Other,FAQ,2002-02-19 00:00:00,2250.0,3250.0,2750.0,132
Gujarat,Dahod,Dahod,Dry Chillies,Other,FAQ,2002-03-07 00:00:00,2250.0,3250.0,3000.0,132
Gujarat,Dahod,Dahod,Dry Chillies,Other,FAQ,2002-03-15 00:00:00,2225.0,3200.0,2700.0,132
Gujarat,Dahod,Dahod,Dry Chillies,Other,FAQ,2002-03-26 00:00:00,3000.0,3300.0,3150.0,132
Gujarat,Dahod,Dahod,Dry Chillies,Other,FAQ,2002-03-28 00:00:00,2000.0,3250.0,2750.0,132
Gujarat,Dahod,Dahod,Dry Chillies,Other,FAQ,2002-04-01 00:00:00,2250.0,3375.0,2750.0,132
Gujarat,Dahod,Dahod,Dry Chillies,Other,FAQ,2002-04-03 00:00:00,3000.0,3400.0,3300.0,132
Gujarat,Dahod,Dahod,Dry Chillies,Other,FAQ,2002-04-26 00:00:00,2625.0,3250.0,3100.0,132
Gujarat,Dahod,Dahod,Dry Chillies,Other,FAQ,2002-05-06 00:00:00,2500.0,3350.0,2750.0,132
Gujarat,Dahod,Dahod,Dry Chillies,Other,FAQ,2002-05-30 00:00:00,2750.0,3900.0,3800.0,132
Gujarat,Dahod,Dahod,Dry Chillies,Other,FAQ,2002-06-04 00:00:00,2750.0,3900.0,3250.0,132
Gujarat,Dahod,Dahod,Dry Chillies,Other,FAQ,2002-06-12 00:00:00,2750.0,3750.0,3250.0,132
Gujarat,Dahod,Dahod,Dry Chillies,Other,FAQ,2002-06-18 00:00:00,2750.0,3750.0,3250.0,132
Gujarat,Dahod,Dahod,Dry Chillies,Other,FAQ,2002-06-27 00:00:00,2750.0,3750.0,3250.0,132
Gujarat,Dahod,Dahod,Dry Chillies,Other,FAQ,2002-07-04 00:00:00,2750.0,3700.0,3250.0,132
Gujarat,Dahod,Dahod,Dry Chillies,Other,FAQ,2002-07-27 00:00:00,2625.0,3625.0,3250.0,132
Gujarat,Dahod,Dahod,Dry Chillies,Other,FAQ,2002-08-12 00:00:00,2625.0,3625.0,3125.0,132
Gujarat,Dahod,Dahod,Dry Chillies,Other,FAQ,2002-12-09 00:00:00,2625.0,4400.0,3625.0,132
Gujarat,Dahod,Dahod,Dry Chillies,Other,FAQ,2002-12-17 00:00:00,3000.0,4425.0,3900.0,132
Gujarat,Dahod,Dahod,Dry Chillies,Other,FAQ,2002-12-19 00:00:00,3000.0,4425.0,3750.0,132
Gujarat,Dahod,Dahod,Dry Chillies,Other,FAQ,2002-12-26 00:00:00,3250.0,4400.0,3750.0,132
Gujarat,Rajkot,Rajkot,Dry Chillies,Local,FAQ,2002-05-20 00:00:00,1350.0,4400.0,3620.0,132
Gujarat,Rajkot,Rajkot,Dry Chillies,Local,FAQ,2002-05-23 00:00:00,1250.0,3750.0,3550.0,132
Gujarat,Rajkot,Rajkot,Dry Chillies,Local,FAQ,2002-05-31 00:00:00,1525.0,4375.0,3600.0,132
Gujarat,Rajkot,Rajkot,Dry Chillies,Local,FAQ,2002-06-03 00:00:00,1525.0,4200.0,3650.0,132
Gujarat,Rajkot,Rajkot,Dry Chillies,Local,FAQ,2002-06-04 00:00:00,1525.0,4250.0,3700.0,132
Gujarat,Rajkot,Rajkot,Dry Chillies,Local,FAQ,2002-06-07 00:00:00,675.0,3750.0,3025.0,132
Gujarat,Rajkot,Rajkot,Dry Chillies,Local,FAQ,2002-06-14 00:00:00,1125.0,3750.0,3400.0,132
Gujarat,Vadodara(Baroda),Vadodara,Dry Chillies,Other,FAQ,2002-01-09 00:00:00,3000.0,5500.0,5500.0,132
Gujarat,Vadodara(Baroda),Vadodara,Dry Chillies,Other,FAQ,2002-02-22 00:00:00,2300.0,2500.0,2500.0,132
Gujarat,Vadodara(Baroda),Vadodara,Dry Chillies,Other,FAQ,2002-03-15 00:00:00,2000.0,3000.0,2400.0,132
Gujarat,Dahod,Dahod,Dry Chillies,Other,FAQ,2014-01-01 00:00:00,7000.0,12625.0,12000.0,132
Gujarat,Dahod,Dahod,Dry Chillies,Other,FAQ,2014-01-09 00:00:00,6500.0,12250.0,11250.0,132
Gujarat,Dahod,Dahod,Dry Chillies,Other,FAQ,2014-01-13 00:00:00,8000.0,12000.0,10000.0,132
Gujarat,Dahod,Dahod,Dry Chillies,Other,FAQ,2014-01-30 00:00:00,6500.0,12000.0,11000.0,132
Gujarat,Dahod,Dahod,Dry Chillies,Other,FAQ,2014-02-07 00:00:00,7000.0,12250.0,11250.0,132
Gujarat,Dahod,Dahod,Dry Chillies,Other,FAQ,2014-02-10 00:00:00,7000.0,12250.0,12000.0,132
Gujarat,Dahod,Dahod,Dry Chillies,Other,FAQ,2014-02-11 00:00:00,7000.0,12250.0,11750.0,132
Gujarat,Dahod,Dahod,Dry Chillies,Other,FAQ,2014-02-19 00:00:00,7000.0,12250.0,11375.0,132
Gujarat,Dahod,Dahod,Dry Chillies,Other,FAQ,2014-03-04 00:00:00,7000.0,11500.0,10500.0,132
Gujarat,Dahod,Dahod,Dry Chillies,Other,FAQ,2014-03-05 00:00:00,7000.0,11500.0,10500.0,132
Gujarat,Dahod,Dahod,Dry Chillies,Other,FAQ,2014-04-28 00:00:00,7000.0,11000.0,10000.0,132
Gujarat,Dahod,Dahod,Dry Chillies,Other,FAQ,2014-06-26 00:00:00,7000.0,11000.0,10250.0,132
Gujarat,Rajkot,Gondal,Dry Chillies,Local,FAQ,2014-02-05 00:00:00,2255.0,7605.0,5355.0,132
Gujarat,Rajkot,Gondal,Dry Chillies,Local,FAQ,2014-02-17 00:00:00,2505.0,15005.0,8905.0,132
Gujarat,Rajkot,Gondal,Dry Chillies,Local,FAQ,2014-03-13 00:00:00,2505.0,14955.0,13255.0,132
Gujarat,Rajkot,Gondal,Dry Chillies,Local,FAQ,2014-03-22 00:00:00,2500.0,13955.0,10505.0,132
Gujarat,Rajkot,Gondal,Dry Chillies,Local,FAQ,2014-05-05 00:00:00,1005.0,8355.0,5855.0,132
Gujarat,Rajkot,Gondal,Dry Chillies,Local,FAQ,2014-05-10 00:00:00,1005.0,9205.0,6855.0,132
Gujarat,Rajkot,Gondal,Dry Chillies,Local,FAQ,2014-05-12 00:00:00,1005.0,7705.0,5705.0,132
Gujarat,Rajkot,Gondal,Dry Chillies,Local,FAQ,2014-05-24 00:00:00,1405.0,6405.0,4855.0,132
Gujarat,Rajkot,Gondal,Dry Chillies,Local,FAQ,2014-05-27 00:00:00,1105.0,6505.0,5255.0,132
Gujarat,Rajkot,Gondal,Dry Chillies,Local,FAQ,2014-05-30 00:00:00,1105.0,8255.0,7105.0,132
Gujarat,Vadodara(Baroda),Vadodara,Dry Chillies,Other,FAQ,2014-01-29 00:00:00,6000.0,7000.0,7000.0,132
Gujarat,Vadodara(Baroda),Vadodara,Dry Chillies,Other,FAQ,2014-01-30 00:00:00,6000.0,7000.0,7000.0,132
Gujarat,Vadodara(Baroda),Vadodara,Dry Chillies,Other,FAQ,2014-01-31 00:00:00,6000.0,7000.0,7000.0,132
Gujarat,Vadodara(Baroda),Vadodara,Dry Chillies,Other,FAQ,2014-02-06 00:00:00,6000.0,7000.0,7000.0,132
Gujarat,Vadodara(Baroda),Vadodara,Dry Chillies,Other,FAQ,2014-02-07 00:00:00,6000.0,7000.0,7000.0,132
Gujarat,Vadodara(Baroda),Vadodara,Dry Chillies,Other,FAQ,2014-02-12 00:00:00,6000.0,7000.0,7000.0,132
Gujarat,Vadodara(Baroda),Vadodara,Dry Chillies,Other,FAQ,2014-02-20 00:00:00,7500.0,9000.0,9000.0,132
Gujarat,Vadodara(Baroda),Vadodara,Dry Chillies,Other,FAQ,2014-03-05 00:00:00,7500.0,9000.0,9000.0,132
Gujarat,Vadodara(Baroda),Vadodara,Dry Chillies,Other,FAQ,2014-03-22 00:00:00,7000.0,8000.0,8000.0,132
Gujarat,Vadodara(Baroda),Vadodara,Dry Chillies,Other,FAQ,2014-03-24 00:00:00,7000.0,8000.0,8000.0,132
Gujarat,Vadodara(Baroda),Vadodara,Dry Chillies,Other,FAQ,2014-04-25 00:00:00,6000.0,9000.0,9000.0,132
Gujarat,Vadodara(Baroda),Vadodara,Dry Chillies,Other,FAQ,2014-05-10 00:00:00,6000.0,7000.0,7000.0,132
Gujarat,Vadodara(Baroda),Vadodara,Dry Chillies,Other,FAQ,2014-05-26 00:00:00,6000.0,7500.0,7500.0,132
Gujarat,Vadodara(Baroda),Vadodara,Dry Chillies,Other,FAQ,2014-06-16 00:00:00,6000.0,7000.0,7000.0,132
Gujarat,Vadodara(Baroda),Vadodara,Dry Chillies,Other,FAQ,2014-07-31 00:00:00,5500.0,7000.0,7000.0,132
Gujarat,Vadodara(Baroda),Vadodara,Dry Chillies,Other,FAQ,2014-08-04 00:00:00,5500.0,7000.0,7000.0,132
Gujarat,Vadodara(Baroda),Vadodara,Dry Chillies,Other,FAQ,2014-08-12 00:00:00,6000.0,8000.0,8000.0,132
Gujarat,Vadodara(Baroda),Vadodara,Dry Chillies,Other,FAQ,2014-09-15 00:00:00,6400.0,7000.0,7000.0,132
Gujarat,Vadodara(Baroda),Vadodara,Dry Chillies,Other,FAQ,2014-10-07 00:00:00,7000.0,9000.0,9000.0,132
Gujarat,Vadodara(Baroda),Vadodara,Dry Chillies,Other,FAQ,2014-10-13 00:00:00,7000.0,9000.0,9000.0,132
Gujarat,Vadodara(Baroda),Vadodara,Dry Chillies,Other,FAQ,2014-10-14 00:00:00,7000.0,9000.0,9000.0,132
Gujarat,Vadodara(Baroda),Vadodara,Dry Chillies,Other,FAQ,2014-10-15 00:00:00,7000.0,9000.0,9000.0,132
Gujarat,Vadodara(Baroda),Vadodara,Dry Chillies,Other,FAQ,2014-10-28 00:00:00,4500.0,7000.0,7000.0,132
Gujarat,Vadodara(Baroda),Vadodara,Dry Chillies,Other,FAQ,2014-10-30 00:00:00,4500.0,7000.0,7000.0,132
Gujarat,Vadodara(Baroda),Vadodara,Dry Chillies,Other,FAQ,2014-11-05 00:00:00,4500.0,7000.0,7000.0,132
Gujarat,Vadodara(Baroda),Vadodara,Dry Chillies,Other,FAQ,2014-11-14 00:00:00,8000.0,9000.0,9000.0,132
Gujarat,Vadodara(Baroda),Vadodara,Dry Chillies,Other,FAQ,2014-12-02 00:00:00,7500.0,8500.0,8500.0,132
Gujarat,Vadodara(Baroda),Vadodara,Dry Chillies,Other,FAQ,2014-12-12 00:00:00,7500.0,8500.0,8500.0,132
Gujarat,Dahod,Dahod,Dry Chillies,Other,FAQ,2011-01-04 00:00:00,4500.0,8000.0,7250.0,132
Gujarat,Dahod,Dahod,Dry Chillies,Other,FAQ,2011-01-05 00:00:00,4500.0,8000.0,7300.0,132
Gujarat,Dahod,Dahod,Dry Chillies,Other,FAQ,2011-01-06 00:00:00,4500.0,7750.0,7250.0,132
Gujarat,Dahod,Dahod,Dry Chillies,Other,FAQ,2011-01-22 00:00:00,4500.0,8000.0,7500.0,132
Gujarat,Dahod,Dahod,Dry Chillies,Other,FAQ,2011-02-10 00:00:00,4500.0,10000.0,6700.0,132
Gujarat,Dahod,Dahod,Dry Chillies,Other,FAQ,2011-02-15 00:00:00,5000.0,11000.0,7500.0,132
Gujarat,Dahod,Dahod,Dry Chillies,Other,FAQ,2011-03-17 00:00:00,6500.0,11300.0,10000.0,132
Gujarat,Dahod,Dahod,Dry Chillies,Other,FAQ,2011-04-04 00:00:00,6500.0,11000.0,10500.0,132
Gujarat,Dahod,Dahod,Dry Chillies,Other,FAQ,2011-04-18 00:00:00,6900.0,11000.0,10500.0,132
Gujarat,Dahod,Dahod,Dry Chillies,Other,FAQ,2011-04-19 00:00:00,6900.0,11000.0,10500.0,132
Gujarat,Dahod,Dahod,Dry Chillies,Other,FAQ,2011-04-20 00:00:00,6900.0,11000.0,10500.0,132
Gujarat,Dahod,Dahod,Dry Chillies,Other,FAQ,2011-04-25 00:00:00,6900.0,11000.0,10500.0,132
Gujarat,Dahod,Dahod,Dry Chillies,Other,FAQ,2011-04-27 00:00:00,7500.0,11000.0,10500.0,132
Gujarat,Dahod,Dahod,Dry Chillies,Other,FAQ,2011-05-04 00:00:00,8000.0,11100.0,9000.0,132
Gujarat,Dahod,Dahod,Dry Chillies,Other,FAQ,2011-05-16 00:00:00,9000.0,11500.0,10000.0,132
Gujarat,Dahod,Dahod,Dry Chillies,Other,FAQ,2011-05-30 00:00:00,9500.0,11500.0,10000.0,132
Gujarat,Dahod,Dahod,Dry Chillies,Other,FAQ,2011-06-13 00:00:00,9000.0,11000.0,10650.0,132
Gujarat,Dahod,Dahod,Dry Chillies,Other,FAQ,2011-06-20 00:00:00,8000.0,10500.0,9000.0,132
Gujarat,Dahod,Dahod,Dry Chillies,Other,FAQ,2011-07-11 00:00:00,8500.0,11250.0,10750.0,132
Gujarat,Dahod,Dahod,Dry Chillies,Other,FAQ,2011-07-12 00:00:00,8500.0,11250.0,10750.0,132
Gujarat,Dahod,Dahod,Dry Chillies,Other,FAQ,2011-07-28 00:00:00,8500.0,11250.0,10750.0,132
Gujarat,Dahod,Dahod,Dry Chillies,Other,FAQ,2011-08-29 00:00:00,8000.0,11000.0,10750.0,132
Gujarat,Dahod,Dahod,Dry Chillies,Other,FAQ,2011-09-14 00:00:00,8000.0,11000.0,10500.0,132
Gujarat,Dahod,Dahod,Dry Chillies,Other,FAQ,2011-09-30 00:00:00,8000.0,10500.0,10000.0,132
Gujarat,Dahod,Dahod,Dry Chillies,Other,FAQ,2011-10-03 00:00:00,8000.0,11000.0,10000.0,132
Gujarat,Dahod,Dahod,Dry Chillies,Other,FAQ,2011-10-11 00:00:00,6500.0,10500.0,9000.0,132
Gujarat,Dahod,Dahod,Dry Chillies,Other,FAQ,2011-10-14 00:00:00,7000.0,10500.0,9000.0,132
Gujarat,Dahod,Dahod,Dry Chillies,Other,FAQ,2011-10-24 00:00:00,7500.0,10500.0,9000.0,132
Gujarat,Dahod,Dahod,Dry Chillies,Other,FAQ,2011-11-02 00:00:00,7500.0,10750.0,9000.0,132
Gujarat,Dahod,Dahod,Dry Chillies,Other,FAQ,2011-11-03 00:00:00,7500.0,10500.0,9500.0,132
Gujarat,Dahod,Dahod,Dry Chillies,Other,FAQ,2011-11-11 00:00:00,7500.0,10500.0,10000.0,132
Gujarat,Dahod,Dahod,Dry Chillies,Other,FAQ,2011-11-18 00:00:00,7500.0,10750.0,10500.0,132
Gujarat,Dahod,Dahod,Dry Chillies,Other,FAQ,2011-11-22 00:00:00,7500.0,10750.0,10500.0,132
Gujarat,Dahod,Dahod,Dry Chillies,Other,FAQ,2011-12-19 00:00:00,7500.0,11000.0,10000.0,132
Gujarat,Dahod,Dahod,Dry Chillies,Other,FAQ,2011-12-22 00:00:00,7500.0,11000.0,10000.0,132
Gujarat,Dahod,Dahod,Dry Chillies,Other,FAQ,2011-12-31 00:00:00,7500.0,11000.0,10000.0,132
Gujarat,Dahod,Dahod(Himalaya),Dry Chillies,Other,FAQ,2011-12-28 00:00:00,7500.0,11000.0,9750.0,132
Gujarat,Rajkot,Gondal,Dry Chillies,Desi,FAQ,2011-02-28 00:00:00,2500.0,13655.0,10505.0,132
Gujarat,Rajkot,Gondal,Dry Chillies,Desi,FAQ,2011-03-19 00:00:00,3255.0,18355.0,12905.0,132
Gujarat,Rajkot,Gondal,Dry Chillies,Desi,FAQ,2011-03-21 00:00:00,3500.0,17505.0,13455.0,132
Gujarat,Rajkot,Gondal,Dry Chillies,Desi,FAQ,2011-04-16 00:00:00,2605.0,13305.0,10755.0,132
Gujarat,Rajkot,Gondal,Dry Chillies,Desi,FAQ,2011-04-25 00:00:00,2000.0,11855.0,8005.0,132
Gujarat,Rajkot,Gondal,Dry Chillies,Desi,FAQ,2011-05-03 00:00:00,2000.0,11805.0,9055.0,132
Gujarat,Rajkot,Gondal,Dry Chillies,Desi,FAQ,2011-05-16 00:00:00,2000.0,11755.0,7255.0,132
Gujarat,Rajkot,Gondal,Dry Chillies,Desi,FAQ,2011-06-03 00:00:00,1305.0,8905.0,7505.0,132
Gujarat,Rajkot,Jasdan,Dry Chillies,Other,FAQ,2011-03-08 00:00:00,6000.0,13700.0,9250.0,132
Gujarat,Rajkot,Jasdan,Dry Chillies,Other,FAQ,2011-03-15 00:00:00,4500.0,12500.0,9000.0,132
Gujarat,Rajkot,Jasdan,Dry Chillies,Other,FAQ,2011-03-18 00:00:00,5750.0,8260.0,7000.0,132
Gujarat,Rajkot,Jasdan,Dry Chillies,Other,FAQ,2011-04-01 00:00:00,3700.0,11000.0,6000.0,132
Gujarat,Rajkot,Jasdan,Dry Chillies,Other,FAQ,2011-04-19 00:00:00,4500.0,12150.0,9500.0,132
Gujarat,Rajkot,Jasdan,Dry Chillies,Other,FAQ,2011-04-21 00:00:00,4000.0,9000.0,7000.0,132
Gujarat,Rajkot,Jasdan,Dry Chillies,Other,FAQ,2011-05-12 00:00:00,2500.0,11500.0,7500.0,132
Gujarat,Rajkot,Jasdan,Dry Chillies,Other,FAQ,2011-05-23 00:00:00,3500.0,8875.0,5750.0,132
Gujarat,Rajkot,Jasdan,Dry Chillies,Other,FAQ,2011-05-25 00:00:00,3500.0,12700.0,8500.0,132
Gujarat,Rajkot,Jasdan,Dry Chillies,Other,FAQ,2011-06-15 00:00:00,4225.0,5500.0,4750.0,132
Gujarat,Rajkot,Jetpur(Dist.Rajkot),Dry Chillies,Red,FAQ,2011-03-15 00:00:00,2605.0,15580.0,13605.0,132
Gujarat,Rajkot,Jetpur(Dist.Rajkot),Dry Chillies,Red,FAQ,2011-03-16 00:00:00,3750.0,15500.0,14000.0,132
Gujarat,Rajkot,Jetpur(Dist.Rajkot),Dry Chillies,Red,FAQ,2011-03-21 00:00:00,2605.0,14005.0,12005.0,132
Gujarat,Rajkot,Jetpur(Dist.Rajkot),Dry Chillies,Red,FAQ,2011-03-24 00:00:00,3030.0,17055.0,11755.0,132
Gujarat,Rajkot,Jetpur(Dist.Rajkot),Dry Chillies,Red,FAQ,2011-04-06 00:00:00,2005.0,19980.0,12105.0,132
Gujarat,Rajkot,Jetpur(Dist.Rajkot),Dry Chillies,Red,FAQ,2011-04-07 00:00:00,2005.0,16230.0,12755.0,132
Gujarat,Rajkot,Jetpur(Dist.Rajkot),Dry Chillies,Red,FAQ,2011-04-13 00:00:00,1730.0,11780.0,9375.0,132
Gujarat,Rajkot,Jetpur(Dist.Rajkot),Dry Chillies,Red,FAQ,2011-05-05 00:00:00,855.0,12155.0,8605.0,132
Gujarat,Rajkot,Jetpur(Dist.Rajkot),Dry Chillies,Red,FAQ,2011-05-06 00:00:00,1000.0,11230.0,8255.0,132
Gujarat,Rajkot,Jetpur(Dist.Rajkot),Dry Chillies,Red,FAQ,2011-05-07 00:00:00,755.0,8980.0,8105.0,132
Gujarat,Rajkot,Jetpur(Dist.Rajkot),Dry Chillies,Red,FAQ,2011-05-14 00:00:00,1750.0,11500.0,8750.0,132
Gujarat,Vadodara(Baroda),Vadodara,Dry Chillies,Other,FAQ,2011-01-12 00:00:00,8000.0,10000.0,10000.0,132
Gujarat,Vadodara(Baroda),Vadodara,Dry Chillies,Other,FAQ,2011-01-18 00:00:00,6500.0,8000.0,8000.0,132
Gujarat,Vadodara(Baroda),Vadodara,Dry Chillies,Other,FAQ,2011-01-31 00:00:00,6000.0,8000.0,8000.0,132
Gujarat,Vadodara(Baroda),Vadodara,Dry Chillies,Other,FAQ,2011-02-09 00:00:00,7000.0,12000.0,10000.0,132
Gujarat,Vadodara(Baroda),Vadodara,Dry Chillies,Other,FAQ,2011-02-10 00:00:00,7000.0,12000.0,12000.0,132
Gujarat,Vadodara(Baroda),Vadodara,Dry Chillies,Other,FAQ,2011-02-19 00:00:00,7000.0,12000.0,10000.0,132
Gujarat,Vadodara(Baroda),Vadodara,Dry Chillies,Other,FAQ,2011-02-21 00:00:00,8000.0,10000.0,10000.0,132
Gujarat,Vadodara(Baroda),Vadodara,Dry Chillies,Other,FAQ,2011-02-23 00:00:00,8000.0,10000.0,10000.0,132
Gujarat,Vadodara(Baroda),Vadodara,Dry Chillies,Other,FAQ,2011-03-07 00:00:00,9000.0,12000.0,11500.0,132
Gujarat,Vadodara(Baroda),Vadodara,Dry Chillies,Other,FAQ,2011-03-08 00:00:00,9000.0,12000.0,12000.0,132
Gujarat,Vadodara(Baroda),Vadodara,Dry Chillies,Other,FAQ,2011-03-22 00:00:00,8000.0,10000.0,10000.0,132
Gujarat,Vadodara(Baroda),Vadodara,Dry Chillies,Other,FAQ,2011-04-01 00:00:00,6000.0,8000.0,8000.0,132
Gujarat,Vadodara(Baroda),Vadodara,Dry Chillies,Other,FAQ,2011-04-04 00:00:00,6000.0,8000.0,8000.0,132
Gujarat,Vadodara(Baroda),Vadodara,Dry Chillies,Other,FAQ,2011-04-13 00:00:00,8000.0,10000.0,10000.0,132
Gujarat,Vadodara(Baroda),Vadodara,Dry Chillies,Other,FAQ,2011-04-19 00:00:00,8000.0,10000.0,10000.0,132
Gujarat,Vadodara(Baroda),Vadodara,Dry Chillies,Other,FAQ,2011-04-21 00:00:00,8000.0,10000.0,10000.0,132
Gujarat,Vadodara(Baroda),Vadodara,Dry Chillies,Other,FAQ,2011-04-23 00:00:00,10000.0,14000.0,14000.0,132
Gujarat,Vadodara(Baroda),Vadodara,Dry Chillies,Other,FAQ,2011-04-28 00:00:00,10000.0,14000.0,14000.0,132
Gujarat,Vadodara(Baroda),Vadodara,Dry Chillies,Other,FAQ,2011-05-04 00:00:00,9000.0,12000.0,12000.0,132
Gujarat,Vadodara(Baroda),Vadodara,Dry Chillies,Other,FAQ,2011-05-23 00:00:00,8000.0,12000.0,12000.0,132
Gujarat,Vadodara(Baroda),Vadodara,Dry Chillies,Other,FAQ,2011-05-28 00:00:00,8000.0,12000.0,12000.0,132
Gujarat,Vadodara(Baroda),Vadodara,Dry Chillies,Other,FAQ,2011-06-04 00:00:00,8000.0,9000.0,9000.0,132
Gujarat,Vadodara(Baroda),Vadodara,Dry Chillies,Other,FAQ,2011-06-06 00:00:00,8000.0,9000.0,9000.0,132
Gujarat,Vadodara(Baroda),Vadodara,Dry Chillies,Other,FAQ,2011-06-20 00:00:00,6000.0,9000.0,9000.0,132
Gujarat,Vadodara(Baroda),Vadodara,Dry Chillies,Other,FAQ,2011-06-22 00:00:00,6000.0,9000.0,9000.0,132
Gujarat,Vadodara(Baroda),Vadodara,Dry Chillies,Other,FAQ,2011-06-24 00:00:00,6000.0,9000.0,9000.0,132
Gujarat,Vadodara(Baroda),Vadodara,Dry Chillies,Other,FAQ,2011-06-27 00:00:00,6000.0,9000.0,9000.0,132
Gujarat,Vadodara(Baroda),Vadodara,Dry Chillies,Other,FAQ,2011-07-15 00:00:00,7000.0,11000.0,11000.0,132
Gujarat,Vadodara(Baroda),Vadodara,Dry Chillies,Other,FAQ,2011-08-04 00:00:00,6000.0,9000.0,9000.0,132
Gujarat,Vadodara(Baroda),Vadodara,Dry Chillies,Other,FAQ,2011-08-05 00:00:00,6000.0,9000.0,9000.0,132
Gujarat,Vadodara(Baroda),Vadodara,Dry Chillies,Other,FAQ,2011-09-12 00:00:00,7500.0,9000.0,9000.0,132
Gujarat,Vadodara(Baroda),Vadodara,Dry Chillies,Other,FAQ,2011-09-19 00:00:00,9000.0,12000.0,12000.0,132
Gujarat,Vadodara(Baroda),Vadodara,Dry Chillies,Other,FAQ,2011-10-03 00:00:00,5000.0,9000.0,9000.0,132
Gujarat,Vadodara(Baroda),Vadodara,Dry Chillies,Other,FAQ,2011-10-08 00:00:00,9000.0,10000.0,10000.0,132
Gujarat,Vadodara(Baroda),Vadodara,Dry Chillies,Other,FAQ,2011-10-17 00:00:00,8000.0,10000.0,10000.0,132
Gujarat,Vadodara(Baroda),Vadodara,Dry Chillies,Other,FAQ,2011-10-20 00:00:00,9000.0,10000.0,10000.0,132
Gujarat,Vadodara(Baroda),Vadodara,Dry Chillies,Other,FAQ,2011-10-31 00:00:00,9000.0,10000.0,10000.0,132
Gujarat,Vadodara(Baroda),Vadodara,Dry Chillies,Other,FAQ,2011-11-03 00:00:00,9000.0,10000.0,10000.0,132
Gujarat,Vadodara(Baroda),Vadodara,Dry Chillies,Other,FAQ,2011-11-23 00:00:00,9000.0,9500.0,9300.0,132
Gujarat,Vadodara(Baroda),Vadodara,Dry Chillies,Other,FAQ,2011-11-28 00:00:00,7000.0,9000.0,9000.0,132
Gujarat,Vadodara(Baroda),Vadodara,Dry Chillies,Other,FAQ,2011-11-29 00:00:00,7000.0,9000.0,9000.0,132
Gujarat,Vadodara(Baroda),Vadodara,Dry Chillies,Other,FAQ,2011-12-08 00:00:00,7000.0,9000.0,9000.0,132
Gujarat,Vadodara(Baroda),Vadodara,Dry Chillies,Other,FAQ,2011-12-20 00:00:00,6000.0,7500.0,7500.0,132
Gujarat,Vadodara(Baroda),Vadodara,Dry Chillies,Other,FAQ,2011-12-26 00:00:00,6000.0,7500.0,7000.0,132
Gujarat,Dahod,Dahod,Dry Chillies,Dry Chillies,FAQ,2018-05-15 00:00:00,8500.0,11000.0,10000.0,132
Gujarat,Dahod,Dahod,Dry Chillies,Dry Chillies,FAQ,2018-05-22 00:00:00,8500.0,11000.0,9500.0,132
Gujarat,Dahod,Dahod,Dry Chillies,Dry Chillies,FAQ,2018-06-06 00:00:00,9000.0,12000.0,11000.0,132
Gujarat,Dahod,Dahod,Dry Chillies,Dry Chillies,FAQ,2018-06-18 00:00:00,8500.0,12000.0,10000.0,132
Gujarat,Dahod,Dahod,Dry Chillies,Dry Chillies,FAQ,2018-06-27 00:00:00,8500.0,12250.0,10500.0,132
Gujarat,Dahod,Dahod,Dry Chillies,Dry Chillies,FAQ,2018-07-20 00:00:00,8500.0,12000.0,10000.0,132
Gujarat,Dahod,Dahod,Dry Chillies,Dry Chillies,FAQ,2018-07-21 00:00:00,8500.0,12000.0,10000.0,132
Gujarat,Dahod,Dahod,Dry Chillies,Dry Chillies,FAQ,2018-07-23 00:00:00,8500.0,12000.0,10000.0,132
Gujarat,Dahod,Dahod,Dry Chillies,Dry Chillies,FAQ,2018-07-26 00:00:00,8500.0,12000.0,10250.0,132
Gujarat,Dahod,Dahod,Dry Chillies,Dry Chillies,FAQ,2018-08-04 00:00:00,8500.0,12250.0,11000.0,132
Gujarat,Dahod,Dahod,Dry Chillies,Dry Chillies,FAQ,2018-08-10 00:00:00,8500.0,12250.0,10750.0,132
Gujarat,Dahod,Dahod,Dry Chillies,Dry Chillies,FAQ,2018-08-20 00:00:00,9000.0,12000.0,11000.0,132
Gujarat,Dahod,Dahod,Dry Chillies,Dry Chillies,FAQ,2018-09-07 00:00:00,9500.0,12500.0,12000.0,132
Gujarat,Dahod,Dahod,Dry Chillies,Dry Chillies,FAQ,2018-09-18 00:00:00,9500.0,12500.0,11000.0,132
Gujarat,Dahod,Dahod,Dry Chillies,Dry Chillies,FAQ,2018-10-13 00:00:00,9500.0,12500.0,11500.0,132
Gujarat,Dahod,Dahod,Dry Chillies,Dry Chillies,FAQ,2018-10-17 00:00:00,9500.0,12500.0,11500.0,132
Gujarat,Dahod,Dahod,Dry Chillies,Dry Chillies,FAQ,2018-10-29 00:00:00,9500.0,12500.0,11000.0,132
Gujarat,Dahod,Dahod,Dry Chillies,Dry Chillies,FAQ,2018-12-21 00:00:00,9500.0,13500.0,13000.0,132
Gujarat,Dahod,Dahod,Dry Chillies,Dry Chillies,FAQ,2018-12-27 00:00:00,9500.0,13500.0,12000.0,132
Gujarat,Dahod,Dahod,Dry Chillies,Dry Chillies,FAQ,2018-12-31 00:00:00,9500.0,13500.0,12000.0,132
Gujarat,Jamnagar,Jamnagar,Dry Chillies,1st Sort,FAQ,2018-03-07 00:00:00,3500.0,10475.0,6988.0,132
Gujarat,Jamnagar,Jamnagar,Dry Chillies,1st Sort,FAQ,2018-03-12 00:00:00,2000.0,9150.0,5575.0,132
Gujarat,Jamnagar,Jamnagar,Dry Chillies,1st Sort,FAQ,2018-11-23 00:00:00,4500.0,8300.0,6400.0,132
Gujarat,Jamnagar,Jamnagar,Dry Chillies,1st Sort,FAQ,2018-12-06 00:00:00,3500.0,7400.0,5450.0,132
Gujarat,Jamnagar,Jamnagar,Dry Chillies,1st Sort,FAQ,2018-12-08 00:00:00,4725.0,7600.0,6163.0,132
Gujarat,Jamnagar,Jamnagar,Dry Chillies,1st Sort,FAQ,2018-12-15 00:00:00,4500.0,9975.0,7238.0,132
Gujarat,Jamnagar,Jamnagar,Dry Chillies,1st Sort,FAQ,2018-12-24 00:00:00,3875.0,7750.0,5813.0,132
Gujarat,Rajkot,Gondal,Dry Chillies,Bold 1,FAQ,2018-01-06 00:00:00,3505.0,11880.0,9380.0,132
Gujarat,Rajkot,Gondal,Dry Chillies,Bold 1,FAQ,2018-01-29 00:00:00,3755.0,11755.0,9380.0,132
Gujarat,Rajkot,Gondal,Dry Chillies,Bold 1,FAQ,2018-02-03 00:00:00,4005.0,11880.0,8880.0,132
Gujarat,Rajkot,Gondal,Dry Chillies,Bold 1,FAQ,2018-02-14 00:00:00,5005.0,13255.0,10255.0,132
Gujarat,Rajkot,Gondal,Dry Chillies,Bold 1,FAQ,2018-02-27 00:00:00,5505.0,14005.0,10005.0,132
Gujarat,Rajkot,Gondal,Dry Chillies,Bold 1,FAQ,2018-03-07 00:00:00,4505.0,14255.0,10005.0,132
Gujarat,Rajkot,Gondal,Dry Chillies,Bold 1,FAQ,2018-03-09 00:00:00,5005.0,14255.0,9755.0,132
Gujarat,Rajkot,Gondal,Dry Chillies,Bold 1,FAQ,2018-03-13 00:00:00,4755.0,14005.0,8780.0,132
Gujarat,Rajkot,Gondal,Dry Chillies,Bold 1,FAQ,2018-03-21 00:00:00,2505.0,12755.0,9255.0,132
Gujarat,Rajkot,Gondal,Dry Chillies,Bold 1,FAQ,2018-04-04 00:00:00,3505.0,15255.0,10005.0,132
Gujarat,Rajkot,Gondal,Dry Chillies,Bold 1,FAQ,2018-04-09 00:00:00,3505.0,16255.0,14255.0,132
Gujarat,Rajkot,Gondal,Dry Chillies,Bold 1,FAQ,2018-04-10 00:00:00,3505.0,16255.0,9255.0,132
Gujarat,Rajkot,Gondal,Dry Chillies,Bold 1,FAQ,2018-04-13 00:00:00,3755.0,16005.0,13755.0,132
Gujarat,Rajkot,Gondal,Dry Chillies,Bold 1,FAQ,2018-05-01 00:00:00,2505.0,12505.0,10255.0,132
Gujarat,Rajkot,Gondal,Dry Chillies,Bold 1,FAQ,2018-05-03 00:00:00,2255.0,12255.0,8755.0,132
Gujarat,Rajkot,Gondal,Dry Chillies,Bold 1,FAQ,2018-05-04 00:00:00,2005.0,12505.0,8755.0,132
Gujarat,Rajkot,Gondal,Dry Chillies,Bold 1,FAQ,2018-05-12 00:00:00,1500.0,13255.0,12755.0,132
Gujarat,Rajkot,Gondal,Dry Chillies,Bold 1,FAQ,2018-11-15 00:00:00,5755.0,9880.0,8630.0,132
Gujarat,Rajkot,Gondal,Dry Chillies,Bold 1,FAQ,2018-11-23 00:00:00,5500.0,9630.0,7880.0,132
Gujarat,Rajkot,Gondal,Dry Chillies,Bold 1,FAQ,2018-11-26 00:00:00,5505.0,8755.0,7380.0,132
Gujarat,Rajkot,Gondal,Dry Chillies,Bold 1,FAQ,2018-12-03 00:00:00,5005.0,9130.0,7380.0,132
Gujarat,Rajkot,Gondal,Dry Chillies,Bold 1,FAQ,2018-12-05 00:00:00,5005.0,8880.0,7630.0,132
Gujarat,Rajkot,Gondal,Dry Chillies,Bold 1,FAQ,2018-12-14 00:00:00,5005.0,9005.0,7880.0,132
Gujarat,Rajkot,Rajkot,Dry Chillies,Red,FAQ,2018-11-20 00:00:00,3000.0,7750.0,6750.0,132
Gujarat,Rajkot,Rajkot,Dry Chillies,Red,FAQ,2018-11-23 00:00:00,3500.0,7500.0,6000.0,132
Gujarat,Rajkot,Rajkot,Dry Chillies,Red,FAQ,2018-12-01 00:00:00,6000.0,7500.0,7000.0,132
Gujarat,Rajkot,Rajkot,Dry Chillies,Red,FAQ,2018-12-03 00:00:00,6000.0,7500.0,6500.0,132
Gujarat,Rajkot,Rajkot,Dry Chillies,Red,FAQ,2018-12-12 00:00:00,6000.0,8000.0,7000.0,132
Gujarat,Rajkot,Rajkot,Dry Chillies,Red,FAQ,2018-12-15 00:00:00,6000.0,7750.0,7000.0,132
Gujarat,Rajkot,Rajkot,Dry Chillies,Red,FAQ,2018-12-19 00:00:00,6000.0,8000.0,7000.0,132
Gujarat,Rajkot,Rajkot,Dry Chillies,Red,FAQ,2018-12-24 00:00:00,6000.0,8000.0,7000.0,132
Gujarat,Vadodara(Baroda),Vadodara,Dry Chillies,Other,FAQ,2018-01-01 00:00:00,5000.0,7500.0,7500.0,132
Gujarat,Vadodara(Baroda),Vadodara,Dry Chillies,Other,FAQ,2018-01-03 00:00:00,5000.0,7500.0,7500.0,132
Gujarat,Vadodara(Baroda),Vadodara,Dry Chillies,Other,FAQ,2018-01-29 00:00:00,6000.0,8000.0,8000.0,132
Gujarat,Vadodara(Baroda),Vadodara,Dry Chillies,Other,FAQ,2018-02-22 00:00:00,7000.0,9000.0,9000.0,132
Gujarat,Vadodara(Baroda),Vadodara,Dry Chillies,Other,FAQ,2018-03-03 00:00:00,7000.0,9000.0,9000.0,132
Gujarat,Vadodara(Baroda),Vadodara,Dry Chillies,Other,FAQ,2018-03-06 00:00:00,6500.0,10000.0,10000.0,132
Gujarat,Vadodara(Baroda),Vadodara,Dry Chillies,Other,FAQ,2018-03-12 00:00:00,6500.0,10000.0,10000.0,132
Gujarat,Vadodara(Baroda),Vadodara,Dry Chillies,Other,FAQ,2018-04-11 00:00:00,8000.0,11000.0,11000.0,132
Gujarat,Vadodara(Baroda),Vadodara,Dry Chillies,Other,FAQ,2018-04-13 00:00:00,8000.0,11000.0,11000.0,132
Gujarat,Vadodara(Baroda),Vadodara,Dry Chillies,Other,FAQ,2018-04-24 00:00:00,8000.0,10000.0,10000.0,132
Gujarat,Vadodara(Baroda),Vadodara,Dry Chillies,Other,FAQ,2018-04-25 00:00:00,8000.0,10000.0,10000.0,132
Gujarat,Vadodara(Baroda),Vadodara,Dry Chillies,Other,FAQ,2018-05-07 00:00:00,8000.0,10000.0,10000.0,132
Gujarat,Vadodara(Baroda),Vadodara,Dry Chillies,Other,FAQ,2018-05-15 00:00:00,8000.0,10000.0,10000.0,132
Gujarat,Vadodara(Baroda),Vadodara,Dry Chillies,Other,FAQ,2018-07-24 00:00:00,8000.0,10000.0,10000.0,132
Gujarat,Vadodara(Baroda),Vadodara,Dry Chillies,Other,FAQ,2018-09-11 00:00:00,8000.0,9000.0,9000.0,132
Gujarat,Vadodara(Baroda),Vadodara,Dry Chillies,Other,FAQ,2018-10-19 00:00:00,8000.0,10000.0,10000.0,132
Gujarat,Vadodara(Baroda),Vadodara,Dry Chillies,Other,FAQ,2019-04-17 00:00:00,7500.0,8500.0,8500.0,132
Gujarat,Vadodara(Baroda),Vadodara,Dry Chillies,Other,FAQ,2019-04-24 00:00:00,7500.0,8500.0,8500.0,132
Gujarat,Vadodara(Baroda),Vadodara,Dry Chillies,Other,FAQ,2019-05-01 00:00:00,7500.0,9000.0,9000.0,132
Gujarat,Vadodara(Baroda),Vadodara,Dry Chillies,Other,FAQ,2019-06-05 00:00:00,7000.0,11000.0,11000.0,132
Gujarat,Vadodara(Baroda),Vadodara,Dry Chillies,Other,FAQ,2019-07-08 00:00:00,10000.0,12000.0,12000.0,132
Gujarat,Vadodara(Baroda),Vadodara,Dry Chillies,Other,FAQ,2019-07-09 00:00:00,10000.0,12000.0,12000.0,132
Gujarat,Vadodara(Baroda),Vadodara,Dry Chillies,Other,FAQ,2019-07-20 00:00:00,10000.0,12000.0,12000.0,132
Gujarat,Vadodara(Baroda),Vadodara,Dry Chillies,Other,FAQ,2019-08-24 00:00:00,10000.0,12000.0,12000.0,132
Gujarat,Vadodara(Baroda),Vadodara,Dry Chillies,Other,FAQ,2019-08-30 00:00:00,16000.0,18500.0,18500.0,132
Gujarat,Vadodara(Baroda),Vadodara,Dry Chillies,Other,FAQ,2019-09-05 00:00:00,11000.0,12500.0,12500.0,132
Gujarat,Vadodara(Baroda),Vadodara,Dry Chillies,Other,FAQ,2019-09-16 00:00:00,11000.0,12500.0,12500.0,132
Gujarat,Vadodara(Baroda),Vadodara,Dry Chillies,Other,FAQ,2019-12-11 00:00:00,14500.0,15500.0,15500.0,132
Gujarat,Vadodara(Baroda),Vadodara,Dry Chillies,Other,FAQ,2019-12-23 00:00:00,14500.0,15000.0,15000.0,132
Gujarat,Dahod,Dahod,Dry Chillies,Dry Chillies,FAQ,2019-01-07 00:00:00,9500.0,13000.0,12000.0,132
Gujarat,Dahod,Dahod,Dry Chillies,Dry Chillies,FAQ,2019-01-18 00:00:00,10000.0,12500.0,11500.0,132
Gujarat,Dahod,Dahod,Dry Chillies,Dry Chillies,FAQ,2019-02-04 00:00:00,9000.0,12500.0,11000.0,132
Gujarat,Dahod,Dahod,Dry Chillies,Dry Chillies,FAQ,2019-02-12 00:00:00,9000.0,12500.0,11000.0,132
Gujarat,Dahod,Dahod,Dry Chillies,Dry Chillies,FAQ,2019-02-27 00:00:00,9250.0,12250.0,11250.0,132
Gujarat,Dahod,Dahod,Dry Chillies,Dry Chillies,FAQ,2019-03-06 00:00:00,9250.0,12250.0,11200.0,132
Gujarat,Dahod,Dahod,Dry Chillies,Dry Chillies,FAQ,2019-03-09 00:00:00,8000.0,11500.0,11000.0,132
Gujarat,Dahod,Dahod,Dry Chillies,Dry Chillies,FAQ,2019-03-11 00:00:00,8000.0,11500.0,10500.0,132
Gujarat,Dahod,Dahod,Dry Chillies,Dry Chillies,FAQ,2019-03-19 00:00:00,8000.0,11500.0,10000.0,132
Gujarat,Dahod,Dahod,Dry Chillies,Dry Chillies,FAQ,2019-03-27 00:00:00,8000.0,11500.0,10250.0,132
Gujarat,Dahod,Dahod,Dry Chillies,Dry Chillies,FAQ,2019-04-02 00:00:00,8000.0,11500.0,11000.0,132
Gujarat,Dahod,Dahod,Dry Chillies,Dry Chillies,FAQ,2019-04-18 00:00:00,8000.0,11500.0,11500.0,132
Gujarat,Dahod,Dahod,Dry Chillies,Dry Chillies,FAQ,2019-04-19 00:00:00,8000.0,11500.0,11000.0,132
Gujarat,Dahod,Dahod,Dry Chillies,Dry Chillies,FAQ,2019-05-07 00:00:00,10500.0,13200.0,12000.0,132
Gujarat,Dahod,Dahod,Dry Chillies,Dry Chillies,FAQ,2019-05-10 00:00:00,10000.0,13000.0,12000.0,132
Gujarat,Dahod,Dahod,Dry Chillies,Dry Chillies,FAQ,2019-06-03 00:00:00,10000.0,13000.0,11500.0,132
Gujarat,Dahod,Dahod,Dry Chillies,Dry Chillies,FAQ,2019-06-14 00:00:00,10000.0,13300.0,12250.0,132
Gujarat,Dahod,Dahod,Dry Chillies,Dry Chillies,FAQ,2019-06-18 00:00:00,10000.0,13000.0,12000.0,132
Gujarat,Dahod,Dahod,Dry Chillies,Dry Chillies,FAQ,2019-06-24 00:00:00,9500.0,13000.0,12000.0,132
Gujarat,Dahod,Dahod,Dry Chillies,Dry Chillies,FAQ,2019-06-29 00:00:00,9500.0,13250.0,12500.0,132
Gujarat,Dahod,Dahod,Dry Chillies,Dry Chillies,FAQ,2019-07-05 00:00:00,9500.0,13500.0,12500.0,132
Gujarat,Dahod,Dahod,Dry Chillies,Dry Chillies,FAQ,2019-07-11 00:00:00,9500.0,13500.0,12000.0,132
Gujarat,Dahod,Dahod,Dry Chillies,Dry Chillies,FAQ,2019-07-25 00:00:00,9500.0,14000.0,13000.0,132
Gujarat,Dahod,Dahod,Dry Chillies,Dry Chillies,FAQ,2019-08-13 00:00:00,10000.0,15000.0,14000.0,132
Gujarat,Dahod,Dahod,Dry Chillies,Dry Chillies,FAQ,2019-08-31 00:00:00,12000.0,17000.0,15000.0,132
Gujarat,Dahod,Dahod,Dry Chillies,Dry Chillies,FAQ,2019-09-05 00:00:00,13500.0,18000.0,15000.0,132
Gujarat,Dahod,Dahod,Dry Chillies,Dry Chillies,FAQ,2019-09-20 00:00:00,12000.0,18500.0,16000.0,132
Gujarat,Dahod,Dahod,Dry Chillies,Dry Chillies,FAQ,2019-10-30 00:00:00,12000.0,18500.0,16500.0,132
Gujarat,Dahod,Dahod,Dry Chillies,Dry Chillies,FAQ,2019-11-01 00:00:00,12000.0,18500.0,16500.0,132
Gujarat,Dahod,Dahod,Dry Chillies,Dry Chillies,FAQ,2019-11-05 00:00:00,12000.0,18500.0,17000.0,132
Gujarat,Dahod,Dahod,Dry Chillies,Dry Chillies,FAQ,2019-11-06 00:00:00,12000.0,18500.0,16500.0,132
Gujarat,Dahod,Dahod,Dry Chillies,Dry Chillies,FAQ,2019-11-14 00:00:00,14000.0,21000.0,19000.0,132
Gujarat,Dahod,Dahod,Dry Chillies,Dry Chillies,FAQ,2019-11-20 00:00:00,14000.0,21000.0,19500.0,132
Gujarat,Dahod,Dahod,Dry Chillies,Dry Chillies,FAQ,2019-11-29 00:00:00,14000.0,21000.0,19750.0,132
Gujarat,Dahod,Dahod,Dry Chillies,Dry Chillies,FAQ,2019-12-23 00:00:00,15000.0,22000.0,20000.0,132
Gujarat,Dahod,Dahod,Dry Chillies,Dry Chillies,FAQ,2019-12-26 00:00:00,15000.0,21500.0,20000.0,132
Gujarat,Jamnagar,Jamnagar,Dry Chillies,1st Sort,FAQ,2019-01-08 00:00:00,3500.0,8000.0,5750.0,132
Gujarat,Jamnagar,Jamnagar,Dry Chillies,1st Sort,FAQ,2019-02-04 00:00:00,2600.0,8075.0,5338.0,132
Gujarat,Jamnagar,Jamnagar,Dry Chillies,1st Sort,FAQ,2019-02-06 00:00:00,2375.0,7525.0,4925.0,132
Gujarat,Jamnagar,Jamnagar,Dry Chillies,1st Sort,FAQ,2019-02-14 00:00:00,3425.0,7025.0,5225.0,132
Gujarat,Jamnagar,Jamnagar,Dry Chillies,1st Sort,FAQ,2019-03-07 00:00:00,2400.0,6150.0,4275.0,132
Gujarat,Jamnagar,Jamnagar,Dry Chillies,1st Sort,FAQ,2019-03-11 00:00:00,1925.0,6825.0,4375.0,132
Gujarat,Jamnagar,Jamnagar,Dry Chillies,1st Sort,FAQ,2019-03-23 00:00:00,3000.0,5625.0,4313.0,132
Gujarat,Jamnagar,Jamnagar,Dry Chillies,1st Sort,FAQ,2019-04-12 00:00:00,2000.0,6000.0,4000.0,132
Gujarat,Jamnagar,Jamnagar,Dry Chillies,1st Sort,FAQ,2019-04-25 00:00:00,2500.0,6250.0,4375.0,132
Gujarat,Jamnagar,Jamnagar,Dry Chillies,1st Sort,FAQ,2019-05-09 00:00:00,2750.0,6500.0,4625.0,132
Gujarat,Jamnagar,Jamnagar,Dry Chillies,1st Sort,FAQ,2019-05-10 00:00:00,5000.0,6375.0,5688.0,132
Gujarat,Jamnagar,Jamnagar,Dry Chillies,1st Sort,FAQ,2019-12-09 00:00:00,3825.0,11950.0,7888.0,132
Gujarat,Jamnagar,Jamnagar,Dry Chillies,1st Sort,FAQ,2019-12-11 00:00:00,3000.0,13250.0,8125.0,132
Gujarat,Jamnagar,Jamnagar,Dry Chillies,1st Sort,FAQ,2019-12-12 00:00:00,2500.0,12025.0,7263.0,132
Gujarat,Jamnagar,Jamnagar,Dry Chillies,1st Sort,FAQ,2019-12-16 00:00:00,4500.0,11500.0,8000.0,132
Gujarat,Jamnagar,Jamnagar,Dry Chillies,1st Sort,FAQ,2019-12-21 00:00:00,3475.0,14000.0,8738.0,132
Gujarat,Rajkot,Gondal,Dry Chillies,Bold 1,FAQ,2019-01-01 00:00:00,5005.0,9130.0,7380.0,132
Gujarat,Rajkot,Gondal,Dry Chillies,Bold 1,FAQ,2019-01-03 00:00:00,5005.0,9130.0,7130.0,132
Gujarat,Rajkot,Gondal,Dry Chillies,Bold 1,FAQ,2019-01-22 00:00:00,4255.0,8505.0,6380.0,132
Gujarat,Rajkot,Gondal,Dry Chillies,Bold 1,FAQ,2019-01-28 00:00:00,4255.0,9005.0,6380.0,132
Gujarat,Rajkot,Gondal,Dry Chillies,Bold 1,FAQ,2019-01-30 00:00:00,4255.0,9255.0,7255.0,132
Gujarat,Rajkot,Gondal,Dry Chillies,Bold 1,FAQ,2019-02-01 00:00:00,4005.0,8755.0,6380.0,132
Gujarat,Rajkot,Gondal,Dry Chillies,Bold 1,FAQ,2019-02-05 00:00:00,3630.0,9255.0,5380.0,132
Gujarat,Rajkot,Gondal,Dry Chillies,Bold 1,FAQ,2019-02-16 00:00:00,6005.0,21755.0,16755.0,132
Gujarat,Rajkot,Gondal,Dry Chillies,Bold 1,FAQ,2019-02-18 00:00:00,3755.0,9505.0,7005.0,132
Gujarat,Rajkot,Gondal,Dry Chillies,Bold 1,FAQ,2019-02-25 00:00:00,3505.0,8880.0,6380.0,132
Gujarat,Rajkot,Gondal,Dry Chillies,Bold 1,FAQ,2019-03-18 00:00:00,2505.0,9005.0,6380.0,132
Gujarat,Rajkot,Gondal,Dry Chillies,Bold 1,FAQ,2019-04-11 00:00:00,2505.0,9505.0,6880.0,132
Gujarat,Rajkot,Gondal,Dry Chillies,Bold 1,FAQ,2019-04-25 00:00:00,2505.0,9005.0,7380.0,132
Gujarat,Rajkot,Gondal,Dry Chillies,Bold 1,FAQ,2019-04-30 00:00:00,2505.0,9005.0,6255.0,132
Gujarat,Rajkot,Gondal,Dry Chillies,Bold 1,FAQ,2019-05-09 00:00:00,2755.0,11255.0,8755.0,132
Gujarat,Rajkot,Gondal,Dry Chillies,Bold 1,FAQ,2019-05-14 00:00:00,2755.0,10755.0,9255.0,132
Gujarat,Rajkot,Gondal,Dry Chillies,Bold 1,FAQ,2019-05-15 00:00:00,2755.0,11755.0,9255.0,132
Gujarat,Rajkot,Gondal,Dry Chillies,Bold 1,FAQ,2019-05-17 00:00:00,2755.0,11505.0,9255.0,132
Gujarat,Rajkot,Gondal,Dry Chillies,Bold 1,FAQ,2019-05-18 00:00:00,2505.0,11505.0,7255.0,132
Gujarat,Rajkot,Gondal,Dry Chillies,Bold 1,FAQ,2019-11-23 00:00:00,3505.0,13505.0,8255.0,132
Gujarat,Rajkot,Gondal,Dry Chillies,Bold 1,FAQ,2019-11-25 00:00:00,2505.0,14005.0,9755.0,132
Gujarat,Rajkot,Gondal,Dry Chillies,Bold 1,FAQ,2019-11-26 00:00:00,2505.0,13755.0,9755.0,132
Gujarat,Rajkot,Gondal,Dry Chillies,Bold 1,FAQ,2019-11-28 00:00:00,2505.0,13755.0,10505.0,132
Gujarat,Rajkot,Gondal,Dry Chillies,Bold 1,FAQ,2019-12-03 00:00:00,2505.0,13255.0,10255.0,132
Gujarat,Rajkot,Gondal,Dry Chillies,Bold 1,FAQ,2019-12-06 00:00:00,2505.0,14755.0,10255.0,132
Gujarat,Rajkot,Gondal,Dry Chillies,Bold 1,FAQ,2019-12-07 00:00:00,2505.0,15005.0,10505.0,132
Gujarat,Rajkot,Gondal,Dry Chillies,Bold 1,FAQ,2019-12-09 00:00:00,8755.0,14880.0,12255.0,132
Gujarat,Rajkot,Gondal,Dry Chillies,Bold 1,FAQ,2019-12-23 00:00:00,2505.0,14255.0,11005.0,132
Gujarat,Rajkot,Gondal,Dry Chillies,Bold 1,FAQ,2019-12-25 00:00:00,2505.0,13755.0,11130.0,132
Gujarat,Rajkot,Gondal,Dry Chillies,Bold 1,FAQ,2019-12-28 00:00:00,2630.0,14130.0,11880.0,132
Gujarat,Rajkot,Rajkot,Dry Chillies,Red,FAQ,2019-01-08 00:00:00,4850.0,6750.0,5750.0,132
Gujarat,Rajkot,Rajkot,Dry Chillies,Red,FAQ,2019-01-12 00:00:00,5000.0,7000.0,6000.0,132
Gujarat,Rajkot,Rajkot,Dry Chillies,Red,FAQ,2019-01-29 00:00:00,4000.0,7925.0,6500.0,132
Gujarat,Rajkot,Rajkot,Dry Chillies,Red,FAQ,2019-02-08 00:00:00,4000.0,7000.0,6000.0,132
Gujarat,Rajkot,Rajkot,Dry Chillies,Red,FAQ,2019-02-09 00:00:00,4000.0,7000.0,6000.0,132
Gujarat,Rajkot,Rajkot,Dry Chillies,Red,FAQ,2019-02-14 00:00:00,6500.0,8250.0,7500.0,132
Gujarat,Rajkot,Rajkot,Dry Chillies,Red,FAQ,2019-02-19 00:00:00,4000.0,15155.0,11000.0,132
Gujarat,Rajkot,Rajkot,Dry Chillies,Red,FAQ,2019-02-22 00:00:00,3500.0,15000.0,10250.0,132
Gujarat,Rajkot,Rajkot,Dry Chillies,Red,FAQ,2019-02-26 00:00:00,4000.0,16500.0,12000.0,132
Gujarat,Rajkot,Rajkot,Dry Chillies,Red,FAQ,2019-03-20 00:00:00,5500.0,15000.0,12500.0,132
Gujarat,Rajkot,Rajkot,Dry Chillies,Red,FAQ,2019-03-23 00:00:00,4000.0,16000.0,10000.0,132
Gujarat,Rajkot,Rajkot,Dry Chillies,Red,FAQ,2019-04-02 00:00:00,3000.0,15500.0,12000.0,132
Gujarat,Rajkot,Rajkot,Dry Chillies,Red,FAQ,2019-04-06 00:00:00,4000.0,14000.0,10000.0,132
Gujarat,Rajkot,Rajkot,Dry Chillies,Red,FAQ,2019-04-22 00:00:00,4000.0,10000.0,6000.0,132
Gujarat,Rajkot,Rajkot,Dry Chillies,Red,FAQ,2019-05-09 00:00:00,4000.0,11500.0,7750.0,132
Gujarat,Rajkot,Rajkot,Dry Chillies,Red,FAQ,2019-05-11 00:00:00,4000.0,10000.0,7500.0,132
Gujarat,Rajkot,Rajkot,Dry Chillies,Red,FAQ,2019-05-15 00:00:00,14250.0,16125.0,15300.0,132
Gujarat,Rajkot,Rajkot,Dry Chillies,Red,FAQ,2019-05-17 00:00:00,4000.0,6500.0,6000.0,132
Gujarat,Vadodara(Baroda),Vadodara,Dry Chillies,Other,FAQ,2019-01-05 00:00:00,8000.0,9000.0,9000.0,132
Gujarat,Vadodara(Baroda),Vadodara,Dry Chillies,Other,FAQ,2019-02-12 00:00:00,8000.0,9000.0,9000.0,132
Gujarat,Vadodara(Baroda),Vadodara,Dry Chillies,Other,FAQ,2019-02-22 00:00:00,8000.0,9000.0,9000.0,132
Gujarat,Vadodara(Baroda),Vadodara,Dry Chillies,Other,FAQ,2019-03-12 00:00:00,8000.0,9000.0,9000.0,132
Gujarat,Vadodara(Baroda),Vadodara,Dry Chillies,Other,FAQ,2019-04-02 00:00:00,7500.0,8500.0,8500.0,132
Gujarat,Rajkot,Gondal,Dry Chillies,Bold 1,FAQ,2020-03-06 00:00:00,4755.0,13505.0,11505.0,132
Gujarat,Rajkot,Gondal,Dry Chillies,Bold 1,FAQ,2020-05-28 00:00:00,5755.0,22255.0,17005.0,132
Gujarat,Rajkot,Gondal,Dry Chillies,Bold 1,FAQ,2020-06-04 00:00:00,4755.0,16005.0,11255.0,132
Gujarat,Rajkot,Gondal,Dry Chillies,Bold 1,FAQ,2020-12-01 00:00:00,505.0,3955.0,2505.0,132
Gujarat,Rajkot,Rajkot,Dry Chillies,Red,FAQ,2020-01-03 00:00:00,6000.0,15500.0,12000.0,132
Gujarat,Rajkot,Rajkot,Dry Chillies,Red,FAQ,2020-01-06 00:00:00,5000.0,15550.0,10000.0,132
Gujarat,Rajkot,Rajkot,Dry Chillies,Red,FAQ,2020-01-13 00:00:00,5000.0,17000.0,10000.0,132
Gujarat,Rajkot,Rajkot,Dry Chillies,Red,FAQ,2020-01-17 00:00:00,4000.0,15500.0,7000.0,132
Gujarat,Rajkot,Rajkot,Dry Chillies,Red,FAQ,2020-01-22 00:00:00,4000.0,13500.0,9000.0,132
Gujarat,Rajkot,Rajkot,Dry Chillies,Red,FAQ,2020-01-30 00:00:00,4500.0,11500.0,9000.0,132
Gujarat,Rajkot,Rajkot,Dry Chillies,Red,FAQ,2020-02-05 00:00:00,4000.0,11025.0,9500.0,132
Gujarat,Rajkot,Rajkot,Dry Chillies,Red,FAQ,2020-02-07 00:00:00,4000.0,10750.0,8500.0,132
Gujarat,Rajkot,Rajkot,Dry Chillies,Red,FAQ,2020-03-02 00:00:00,5000.0,16500.0,10000.0,132
Gujarat,Rajkot,Rajkot,Dry Chillies,Red,FAQ,2020-03-07 00:00:00,5000.0,15000.0,9000.0,132
Gujarat,Rajkot,Rajkot,Dry Chillies,Red,FAQ,2020-03-14 00:00:00,7500.0,20000.0,10000.0,132
Gujarat,Rajkot,Rajkot,Dry Chillies,Red,FAQ,2020-05-05 00:00:00,9000.0,12000.0,10000.0,132
Gujarat,Rajkot,Rajkot,Dry Chillies,Red,FAQ,2020-05-07 00:00:00,4500.0,10500.0,8500.0,132
Gujarat,Rajkot,Rajkot,Dry Chillies,Red,FAQ,2020-05-14 00:00:00,9000.0,15000.0,9750.0,132
Gujarat,Rajkot,Rajkot,Dry Chillies,Red,FAQ,2020-05-19 00:00:00,5500.0,15000.0,10000.0,132
Gujarat,Rajkot,Rajkot,Dry Chillies,Red,FAQ,2020-05-25 00:00:00,9000.0,17500.0,15000.0,132
Gujarat,Rajkot,Rajkot,Dry Chillies,Red,FAQ,2020-05-26 00:00:00,10000.0,17500.0,14000.0,132
Gujarat,Rajkot,Rajkot,Dry Chillies,Red,FAQ,2020-05-27 00:00:00,9000.0,20000.0,11000.0,132
Gujarat,Rajkot,Rajkot,Dry Chillies,Red,FAQ,2020-05-28 00:00:00,9250.0,21000.0,13500.0,132
Gujarat,Rajkot,Rajkot,Dry Chillies,Red,FAQ,2020-12-11 00:00:00,10000.0,18675.0,11000.0,132
Gujarat,Rajkot,Rajkot,Dry Chillies,Red,FAQ,2020-12-18 00:00:00,7500.0,18000.0,14000.0,132
Gujarat,Rajkot,Rajkot,Dry Chillies,Red,FAQ,2020-12-23 00:00:00,7500.0,18300.0,13000.0,132
Gujarat,Rajkot,Rajkot,Dry Chillies,Red,FAQ,2020-12-24 00:00:00,8000.0,18300.0,11000.0,132
Gujarat,Rajkot,Rajkot,Dry Chillies,Red,FAQ,2020-12-26 00:00:00,9000.0,17500.0,10000.0,132
Gujarat,Rajkot,Rajkot,Dry Chillies,Red,FAQ,2020-12-28 00:00:00,7500.0,18325.0,14000.0,132
Gujarat,Rajkot,Rajkot,Dry Chillies,Red,FAQ,2020-12-29 00:00:00,7500.0,17300.0,11000.0,132
Gujarat,Rajkot,Rajkot,Dry Chillies,Red,FAQ,2020-12-31 00:00:00,7500.0,16825.0,11500.0,132
Gujarat,Dahod,Dahod,Dry Chillies,Dry Chillies,FAQ,2020-01-06 00:00:00,17500.0,22500.0,21000.0,132
Gujarat,Dahod,Dahod,Dry Chillies,Dry Chillies,FAQ,2020-01-23 00:00:00,11500.0,24000.0,21500.0,132
Gujarat,Dahod,Dahod,Dry Chillies,Dry Chillies,FAQ,2020-01-28 00:00:00,12000.0,24000.0,21000.0,132
Gujarat,Dahod,Dahod,Dry Chillies,Dry Chillies,FAQ,2020-02-17 00:00:00,12000.0,23750.0,22500.0,132
Gujarat,Dahod,Dahod,Dry Chillies,Dry Chillies,FAQ,2020-03-21 00:00:00,8000.0,18000.0,16000.0,132
Gujarat,Dahod,Dahod,Dry Chillies,Dry Chillies,FAQ,2020-04-30 00:00:00,13500.0,18500.0,17500.0,132
Gujarat,Dahod,Dahod,Dry Chillies,Dry Chillies,FAQ,2020-05-04 00:00:00,14000.0,19000.0,17500.0,132
Gujarat,Dahod,Dahod,Dry Chillies,Dry Chillies,FAQ,2020-05-06 00:00:00,14000.0,18500.0,17500.0,132
Gujarat,Dahod,Dahod,Dry Chillies,Dry Chillies,FAQ,2020-05-09 00:00:00,15000.0,19250.0,18000.0,132
Gujarat,Dahod,Dahod,Dry Chillies,Dry Chillies,FAQ,2020-05-14 00:00:00,15000.0,19250.0,18000.0,132
Gujarat,Dahod,Dahod,Dry Chillies,Dry Chillies,FAQ,2020-05-20 00:00:00,15000.0,19250.0,18000.0,132
Gujarat,Dahod,Dahod,Dry Chillies,Dry Chillies,FAQ,2020-05-29 00:00:00,15000.0,19000.0,17000.0,132
Gujarat,Dahod,Dahod,Dry Chillies,Dry Chillies,FAQ,2020-06-25 00:00:00,10000.0,17500.0,15000.0,132
Gujarat,Dahod,Dahod,Dry Chillies,Dry Chillies,FAQ,2020-07-14 00:00:00,10000.0,17500.0,15000.0,132
Gujarat,Dahod,Dahod,Dry Chillies,Dry Chillies,FAQ,2020-07-20 00:00:00,10000.0,18000.0,15000.0,132
Gujarat,Dahod,Dahod,Dry Chillies,Dry Chillies,FAQ,2020-08-11 00:00:00,10000.0,17500.0,15000.0,132
Gujarat,Dahod,Dahod,Dry Chillies,Dry Chillies,FAQ,2020-08-19 00:00:00,10000.0,17500.0,15000.0,132
Gujarat,Dahod,Dahod,Dry Chillies,Dry Chillies,FAQ,2020-09-12 00:00:00,10000.0,17250.0,15875.0,132
Gujarat,Dahod,Dahod,Dry Chillies,Dry Chillies,FAQ,2020-09-16 00:00:00,10000.0,17500.0,16750.0,132
Gujarat,Dahod,Dahod,Dry Chillies,Dry Chillies,FAQ,2020-09-17 00:00:00,10000.0,17500.0,17000.0,132
Gujarat,Dahod,Dahod,Dry Chillies,Dry Chillies,FAQ,2020-09-28 00:00:00,11000.0,19000.0,17250.0,132
Gujarat,Dahod,Dahod,Dry Chillies,Dry Chillies,FAQ,2020-10-28 00:00:00,15000.0,19500.0,18000.0,132
Gujarat,Dahod,Dahod,Dry Chillies,Dry Chillies,FAQ,2020-10-29 00:00:00,15000.0,19500.0,18000.0,132
Gujarat,Dahod,Dahod,Dry Chillies,Dry Chillies,FAQ,2020-11-13 00:00:00,15000.0,21000.0,19000.0,132
Gujarat,Dahod,Dahod,Dry Chillies,Dry Chillies,FAQ,2020-12-18 00:00:00,15000.0,22500.0,20000.0,132
Gujarat,Dahod,Dahod,Dry Chillies,Dry Chillies,FAQ,2020-12-21 00:00:00,15000.0,22500.0,20500.0,132
Gujarat,Dahod,Dahod,Dry Chillies,Dry Chillies,FAQ,2020-12-28 00:00:00,15000.0,22500.0,21500.0,132
Gujarat,Jamnagar,Jamnagar,Dry Chillies,1st Sort,FAQ,2020-01-01 00:00:00,4000.0,15200.0,9600.0,132
Gujarat,Jamnagar,Jamnagar,Dry Chillies,1st Sort,FAQ,2020-01-08 00:00:00,7000.0,21500.0,14250.0,132
Gujarat,Jamnagar,Jamnagar,Dry Chillies,1st Sort,FAQ,2020-01-17 00:00:00,5500.0,10975.0,7988.0,132
Gujarat,Rajkot,Gondal,Dry Chillies,Bold 1,FAQ,2020-01-02 00:00:00,4005.0,15755.0,12505.0,132
Gujarat,Rajkot,Gondal,Dry Chillies,Bold 1,FAQ,2020-01-22 00:00:00,3255.0,14505.0,11500.0,132
Gujarat,Rajkot,Gondal,Dry Chillies,Bold 1,FAQ,2020-01-25 00:00:00,3755.0,15000.0,11500.0,132
Gujarat,Rajkot,Gondal,Dry Chillies,Bold 1,FAQ,2020-01-27 00:00:00,3500.0,13505.0,9755.0,132
Gujarat,Rajkot,Gondal,Dry Chillies,Bold 1,FAQ,2020-02-10 00:00:00,2755.0,12505.0,10505.0,132
Gujarat,Rajkot,Gondal,Dry Chillies,Bold 1,FAQ,2020-02-11 00:00:00,2630.0,12005.0,10005.0,132
Gujarat,Rajkot,Gondal,Dry Chillies,Bold 1,FAQ,2020-02-13 00:00:00,2630.0,12630.0,10755.0,132
Gujarat,Dahod,Dahod,Dry Chillies,Other,FAQ,2009-02-03 00:00:00,4500.0,7000.0,5500.0,132
Gujarat,Dahod,Dahod,Dry Chillies,Other,FAQ,2009-02-16 00:00:00,4500.0,7000.0,5500.0,132
Gujarat,Dahod,Dahod,Dry Chillies,Other,FAQ,2009-02-25 00:00:00,4000.0,6500.0,5500.0,132
Gujarat,Dahod,Dahod,Dry Chillies,Other,FAQ,2009-03-06 00:00:00,4500.0,6500.0,6375.0,132
Gujarat,Dahod,Dahod,Dry Chillies,Other,FAQ,2009-03-30 00:00:00,4750.0,7250.0,6500.0,132
Gujarat,Dahod,Dahod,Dry Chillies,Other,FAQ,2009-04-28 00:00:00,4500.0,7000.0,6250.0,132
Gujarat,Dahod,Dahod,Dry Chillies,Other,FAQ,2009-05-12 00:00:00,4500.0,7250.0,6500.0,132
Gujarat,Dahod,Dahod,Dry Chillies,Other,FAQ,2009-05-22 00:00:00,4500.0,7250.0,6000.0,132
Gujarat,Dahod,Dahod,Dry Chillies,Other,FAQ,2009-07-20 00:00:00,4750.0,7750.0,6500.0,132
Gujarat,Dahod,Dahod,Dry Chillies,Other,FAQ,2009-07-21 00:00:00,4750.0,7750.0,6500.0,132
Gujarat,Dahod,Dahod,Dry Chillies,Other,FAQ,2009-07-28 00:00:00,4750.0,7500.0,6000.0,132
Gujarat,Dahod,Dahod,Dry Chillies,Other,FAQ,2009-08-26 00:00:00,5000.0,7750.0,7250.0,132
Gujarat,Dahod,Dahod,Dry Chillies,Other,FAQ,2009-08-29 00:00:00,5000.0,8000.0,6500.0,132
Gujarat,Dahod,Dahod,Dry Chillies,Other,FAQ,2009-08-31 00:00:00,5000.0,8000.0,7000.0,132
Gujarat,Dahod,Dahod,Dry Chillies,Other,FAQ,2009-10-13 00:00:00,5000.0,8000.0,7000.0,132
Gujarat,Dahod,Dahod,Dry Chillies,Other,FAQ,2009-10-28 00:00:00,5000.0,8000.0,7000.0,132
Gujarat,Dahod,Dahod,Dry Chillies,Other,FAQ,2009-11-24 00:00:00,5000.0,8000.0,6500.0,132
Gujarat,Dahod,Dahod,Dry Chillies,Other,FAQ,2009-11-25 00:00:00,5000.0,8000.0,6500.0,132
Gujarat,Dahod,Dahod,Dry Chillies,Other,FAQ,2009-12-03 00:00:00,5000.0,8500.0,7250.0,132
Gujarat,Dahod,Dahod,Dry Chillies,Other,FAQ,2009-12-08 00:00:00,5000.0,8000.0,6500.0,132
Gujarat,Dahod,Dahod,Dry Chillies,Other,FAQ,2009-12-12 00:00:00,5000.0,8250.0,7000.0,132
Gujarat,Dahod,Dahod,Dry Chillies,Other,FAQ,2009-12-18 00:00:00,5000.0,8000.0,7000.0,132
Gujarat,Rajkot,Gondal,Dry Chillies,Bold 1,FAQ,2009-02-24 00:00:00,3355.0,9000.0,6905.0,132
Gujarat,Rajkot,Gondal,Dry Chillies,Bold 1,FAQ,2009-03-07 00:00:00,2500.0,11005.0,10355.0,132
Gujarat,Rajkot,Gondal,Dry Chillies,Bold 1,FAQ,2009-04-16 00:00:00,2855.0,9755.0,8755.0,132
Gujarat,Rajkot,Gondal,Dry Chillies,Bold 1,FAQ,2009-04-21 00:00:00,1805.0,9905.0,7505.0,132
Gujarat,Rajkot,Gondal,Dry Chillies,Bold 1,FAQ,2009-05-08 00:00:00,6000.0,6855.0,6855.0,132
Gujarat,Rajkot,Gondal,Dry Chillies,Single Patti,FAQ,2009-02-27 00:00:00,1250.0,7255.0,6155.0,132
Gujarat,Rajkot,Gondal,Dry Chillies,Single Patti,FAQ,2009-03-04 00:00:00,1250.0,7405.0,5905.0,132
Gujarat,Rajkot,Gondal,Dry Chillies,Single Patti,FAQ,2009-03-09 00:00:00,1500.0,7905.0,6405.0,132
Gujarat,Rajkot,Gondal,Dry Chillies,Single Patti,FAQ,2009-03-25 00:00:00,1505.0,7955.0,6955.0,132
Gujarat,Rajkot,Gondal,Dry Chillies,Single Patti,FAQ,2009-03-26 00:00:00,1750.0,7905.0,6905.0,132
Gujarat,Rajkot,Gondal,Dry Chillies,Single Patti,FAQ,2009-04-11 00:00:00,1005.0,8955.0,6955.0,132
Gujarat,Rajkot,Gondal,Dry Chillies,Single Patti,FAQ,2009-04-15 00:00:00,1505.0,9405.0,7905.0,132
Gujarat,Rajkot,Gondal,Dry Chillies,Single Patti,FAQ,2009-04-25 00:00:00,1005.0,9905.0,7855.0,132
Gujarat,Rajkot,Gondal,Dry Chillies,Single Patti,FAQ,2009-04-27 00:00:00,1000.0,10005.0,7455.0,132
Gujarat,Rajkot,Gondal,Dry Chillies,Single Patti,FAQ,2009-04-29 00:00:00,750.0,10255.0,8505.0,132
Gujarat,Rajkot,Gondal,Dry Chillies,Single Patti,FAQ,2009-05-04 00:00:00,1005.0,8855.0,7205.0,132
Gujarat,Rajkot,Gondal,Dry Chillies,Single Patti,FAQ,2009-05-11 00:00:00,955.0,8305.0,7500.0,132
Gujarat,Rajkot,Gondal,Dry Chillies,Single Patti,FAQ,2009-05-12 00:00:00,1905.0,10005.0,8905.0,132
Gujarat,Rajkot,Jasdan,Dry Chillies,Other,FAQ,2009-03-04 00:00:00,712.0,880.0,800.0,132
Gujarat,Rajkot,Jasdan,Dry Chillies,Other,FAQ,2009-03-07 00:00:00,701.0,870.0,800.0,132
Gujarat,Rajkot,Jasdan,Dry Chillies,Other,FAQ,2009-03-16 00:00:00,915.0,1256.0,1200.0,132
Gujarat,Rajkot,Jasdan,Dry Chillies,Other,FAQ,2009-03-20 00:00:00,500.0,1450.0,1350.0,132
Gujarat,Rajkot,Jasdan,Dry Chillies,Other,FAQ,2009-03-23 00:00:00,680.0,1475.0,1275.0,132
Gujarat,Rajkot,Jasdan,Dry Chillies,Other,FAQ,2009-04-20 00:00:00,1370.0,1585.0,1540.0,132
Gujarat,Rajkot,Jasdan,Dry Chillies,Other,FAQ,2009-04-21 00:00:00,1111.0,1111.0,1111.0,132
Gujarat,Rajkot,Jasdan,Dry Chillies,Other,FAQ,2009-04-27 00:00:00,1650.0,1650.0,1650.0,132
Gujarat,Rajkot,Jasdan,Dry Chillies,Other,FAQ,2009-05-01 00:00:00,1371.0,1470.0,1400.0,132
Gujarat,Rajkot,Jasdan,Dry Chillies,Other,FAQ,2009-05-02 00:00:00,1485.0,1485.0,1485.0,132
Gujarat,Rajkot,Jasdan,Dry Chillies,Other,FAQ,2009-05-14 00:00:00,1900.0,1900.0,1900.0,132
Gujarat,Rajkot,Jetpur(Dist.Rajkot),Dry Chillies,Dry Chillies,FAQ,2009-03-06 00:00:00,1350.0,6255.0,5375.0,132
Gujarat,Rajkot,Jetpur(Dist.Rajkot),Dry Chillies,Dry Chillies,FAQ,2009-03-07 00:00:00,1375.0,6155.0,5255.0,132
Gujarat,Rajkot,Jetpur(Dist.Rajkot),Dry Chillies,Dry Chillies,FAQ,2009-03-13 00:00:00,1375.0,6505.0,5255.0,132
Gujarat,Rajkot,Jetpur(Dist.Rajkot),Dry Chillies,Dry Chillies,FAQ,2009-03-17 00:00:00,1525.0,6380.0,5125.0,132
Gujarat,Rajkot,Jetpur(Dist.Rajkot),Dry Chillies,Dry Chillies,FAQ,2009-03-20 00:00:00,1680.0,6980.0,5905.0,132
Gujarat,Rajkot,Jetpur(Dist.Rajkot),Dry Chillies,Dry Chillies,FAQ,2009-03-21 00:00:00,1905.0,9805.0,6005.0,132
Gujarat,Rajkot,Jetpur(Dist.Rajkot),Dry Chillies,Dry Chillies,FAQ,2009-04-08 00:00:00,1750.0,9205.0,6250.0,132
Gujarat,Rajkot,Jetpur(Dist.Rajkot),Dry Chillies,Dry Chillies,FAQ,2009-04-18 00:00:00,1505.0,11080.0,7405.0,132
Gujarat,Rajkot,Jetpur(Dist.Rajkot),Dry Chillies,Dry Chillies,FAQ,2009-04-20 00:00:00,1150.0,10905.0,7000.0,132
Gujarat,Vadodara(Baroda),Vadodara,Dry Chillies,Other,FAQ,2009-01-02 00:00:00,3000.0,6000.0,5000.0,132
Gujarat,Vadodara(Baroda),Vadodara,Dry Chillies,Other,FAQ,2009-01-16 00:00:00,4000.0,5000.0,4800.0,132
Gujarat,Vadodara(Baroda),Vadodara,Dry Chillies,Other,FAQ,2009-01-22 00:00:00,4000.0,5000.0,5000.0,132
Gujarat,Vadodara(Baroda),Vadodara,Dry Chillies,Other,FAQ,2009-01-26 00:00:00,4000.0,5000.0,4800.0,132
Gujarat,Vadodara(Baroda),Vadodara,Dry Chillies,Other,FAQ,2009-02-06 00:00:00,4000.0,5000.0,5000.0,132
Gujarat,Vadodara(Baroda),Vadodara,Dry Chillies,Other,FAQ,2009-02-12 00:00:00,4000.0,5000.0,4500.0,132
Gujarat,Vadodara(Baroda),Vadodara,Dry Chillies,Other,FAQ,2009-02-18 00:00:00,4000.0,5000.0,4500.0,132
Gujarat,Vadodara(Baroda),Vadodara,Dry Chillies,Other,FAQ,2009-02-21 00:00:00,4000.0,5000.0,4500.0,132
Gujarat,Vadodara(Baroda),Vadodara,Dry Chillies,Other,FAQ,2009-02-23 00:00:00,4000.0,5000.0,4500.0,132
Gujarat,Vadodara(Baroda),Vadodara,Dry Chillies,Other,FAQ,2009-03-02 00:00:00,4000.0,5000.0,4500.0,132
Gujarat,Vadodara(Baroda),Vadodara,Dry Chillies,Other,FAQ,2009-03-14 00:00:00,4500.0,5000.0,4800.0,132
Gujarat,Vadodara(Baroda),Vadodara,Dry Chillies,Other,FAQ,2009-03-16 00:00:00,4500.0,5000.0,4800.0,132
Gujarat,Vadodara(Baroda),Vadodara,Dry Chillies,Other,FAQ,2009-03-17 00:00:00,4500.0,5000.0,4800.0,132
Gujarat,Vadodara(Baroda),Vadodara,Dry Chillies,Other,FAQ,2009-03-18 00:00:00,4500.0,5000.0,4800.0,132
Gujarat,Vadodara(Baroda),Vadodara,Dry Chillies,Other,FAQ,2009-03-28 00:00:00,4500.0,5000.0,4900.0,132
Gujarat,Vadodara(Baroda),Vadodara,Dry Chillies,Other,FAQ,2009-03-30 00:00:00,4500.0,5000.0,4800.0,132
Gujarat,Vadodara(Baroda),Vadodara,Dry Chillies,Other,FAQ,2009-04-03 00:00:00,5000.0,11000.0,8000.0,132
Gujarat,Vadodara(Baroda),Vadodara,Dry Chillies,Other,FAQ,2009-04-07 00:00:00,5000.0,11000.0,9000.0,132
Gujarat,Vadodara(Baroda),Vadodara,Dry Chillies,Other,FAQ,2009-04-14 00:00:00,5000.0,11000.0,9000.0,132
Gujarat,Vadodara(Baroda),Vadodara,Dry Chillies,Other,FAQ,2009-04-17 00:00:00,5000.0,9000.0,8000.0,132
Gujarat,Vadodara(Baroda),Vadodara,Dry Chillies,Other,FAQ,2009-05-02 00:00:00,5000.0,8000.0,7500.0,132
Gujarat,Vadodara(Baroda),Vadodara,Dry Chillies,Other,FAQ,2009-05-04 00:00:00,5000.0,8000.0,7500.0,132
Gujarat,Vadodara(Baroda),Vadodara,Dry Chillies,Other,FAQ,2009-05-09 00:00:00,4000.0,7000.0,6500.0,132
Gujarat,Vadodara(Baroda),Vadodara,Dry Chillies,Other,FAQ,2009-05-14 00:00:00,4000.0,7000.0,6500.0,132
Gujarat,Vadodara(Baroda),Vadodara,Dry Chillies,Other,FAQ,2009-05-25 00:00:00,4000.0,7000.0,6500.0,132
Gujarat,Vadodara(Baroda),Vadodara,Dry Chillies,Other,FAQ,2009-05-29 00:00:00,4000.0,7000.0,6500.0,132
Gujarat,Vadodara(Baroda),Vadodara,Dry Chillies,Other,FAQ,2009-06-01 00:00:00,4000.0,7000.0,6500.0,132
Gujarat,Vadodara(Baroda),Vadodara,Dry Chillies,Other,FAQ,2009-06-03 00:00:00,4000.0,7000.0,6500.0,132
Gujarat,Vadodara(Baroda),Vadodara,Dry Chillies,Other,FAQ,2009-06-10 00:00:00,4500.0,7000.0,6500.0,132
Gujarat,Vadodara(Baroda),Vadodara,Dry Chillies,Other,FAQ,2009-06-17 00:00:00,4500.0,7000.0,6500.0,132
Gujarat,Vadodara(Baroda),Vadodara,Dry Chillies,Other,FAQ,2009-07-16 00:00:00,5000.0,6000.0,5800.0,132
Gujarat,Vadodara(Baroda),Vadodara,Dry Chillies,Other,FAQ,2009-07-17 00:00:00,5000.0,6000.0,5800.0,132
Gujarat,Vadodara(Baroda),Vadodara,Dry Chillies,Other,FAQ,2009-07-23 00:00:00,4000.0,5000.0,4500.0,132
Gujarat,Vadodara(Baroda),Vadodara,Dry Chillies,Other,FAQ,2009-07-30 00:00:00,5000.0,6000.0,5800.0,132
Gujarat,Vadodara(Baroda),Vadodara,Dry Chillies,Other,FAQ,2009-08-13 00:00:00,5500.0,6000.0,5800.0,132
Gujarat,Vadodara(Baroda),Vadodara,Dry Chillies,Other,FAQ,2009-08-28 00:00:00,5500.0,6000.0,5800.0,132
Gujarat,Vadodara(Baroda),Vadodara,Dry Chillies,Other,FAQ,2009-08-31 00:00:00,5500.0,6000.0,5800.0,132
Gujarat,Vadodara(Baroda),Vadodara,Dry Chillies,Other,FAQ,2009-09-02 00:00:00,5500.0,6500.0,6000.0,132
Gujarat,Vadodara(Baroda),Vadodara,Dry Chillies,Other,FAQ,2009-09-08 00:00:00,5500.0,6500.0,6000.0,132
Gujarat,Vadodara(Baroda),Vadodara,Dry Chillies,Other,FAQ,2009-09-11 00:00:00,5500.0,6500.0,6000.0,132
Gujarat,Vadodara(Baroda),Vadodara,Dry Chillies,Other,FAQ,2009-09-12 00:00:00,5500.0,6500.0,6000.0,132
Gujarat,Vadodara(Baroda),Vadodara,Dry Chillies,Other,FAQ,2009-09-19 00:00:00,5500.0,6500.0,6000.0,132
Gujarat,Vadodara(Baroda),Vadodara,Dry Chillies,Other,FAQ,2009-10-01 00:00:00,5500.0,6500.0,6000.0,132
Gujarat,Vadodara(Baroda),Vadodara,Dry Chillies,Other,FAQ,2009-10-10 00:00:00,5500.0,6500.0,6000.0,132
Gujarat,Vadodara(Baroda),Vadodara,Dry Chillies,Other,FAQ,2009-10-12 00:00:00,5500.0,6500.0,6000.0,132
Gujarat,Vadodara(Baroda),Vadodara,Dry Chillies,Other,FAQ,2009-10-14 00:00:00,5500.0,6500.0,6300.0,132
Gujarat,Vadodara(Baroda),Vadodara,Dry Chillies,Other,FAQ,2009-10-23 00:00:00,5000.0,7000.0,6600.0,132
Gujarat,Vadodara(Baroda),Vadodara,Dry Chillies,Other,FAQ,2009-10-24 00:00:00,5000.0,7000.0,6500.0,132
Gujarat,Vadodara(Baroda),Vadodara,Dry Chillies,Other,FAQ,2009-10-28 00:00:00,5000.0,7000.0,6500.0,132
Gujarat,Vadodara(Baroda),Vadodara,Dry Chillies,Other,FAQ,2009-10-29 00:00:00,5000.0,7000.0,6700.0,132
Gujarat,Vadodara(Baroda),Vadodara,Dry Chillies,Other,FAQ,2009-11-14 00:00:00,5500.0,6000.0,5600.0,132
Gujarat,Vadodara(Baroda),Vadodara,Dry Chillies,Other,FAQ,2009-11-16 00:00:00,6000.0,7500.0,7000.0,132
Gujarat,Vadodara(Baroda),Vadodara,Dry Chillies,Other,FAQ,2009-11-24 00:00:00,4500.0,7000.0,6500.0,132
Gujarat,Vadodara(Baroda),Vadodara,Dry Chillies,Other,FAQ,2009-12-05 00:00:00,4500.0,7000.0,6500.0,132
Gujarat,Vadodara(Baroda),Vadodara,Dry Chillies,Other,FAQ,2009-12-11 00:00:00,4500.0,5500.0,5200.0,132
Gujarat,Vadodara(Baroda),Vadodara,Dry Chillies,Other,FAQ,2009-12-15 00:00:00,4000.0,5500.0,5200.0,132
Gujarat,Vadodara(Baroda),Vadodara,Dry Chillies,Other,FAQ,2009-12-26 00:00:00,4000.0,5500.0,5000.0,132
Gujarat,Vadodara(Baroda),Vadodara,Dry Chillies,Other,FAQ,2009-12-30 00:00:00,4000.0,6500.0,6000.0,132
Gujarat,Dahod,Dahod,Dry Chillies,Other,FAQ,2010-01-01 00:00:00,5000.0,8000.0,7000.0,132
Gujarat,Dahod,Dahod,Dry Chillies,Other,FAQ,2010-01-04 00:00:00,5000.0,8000.0,7000.0,132
Gujarat,Dahod,Dahod,Dry Chillies,Other,FAQ,2010-01-13 00:00:00,5000.0,8000.0,7000.0,132
Gujarat,Dahod,Dahod,Dry Chillies,Other,FAQ,2010-01-22 00:00:00,5000.0,7750.0,6500.0,132
Gujarat,Dahod,Dahod,Dry Chillies,Other,FAQ,2010-02-03 00:00:00,5000.0,7750.0,7000.0,132
Gujarat,Dahod,Dahod,Dry Chillies,Other,FAQ,2010-02-05 00:00:00,5000.0,7750.0,7000.0,132
Gujarat,Dahod,Dahod,Dry Chillies,Other,FAQ,2010-02-09 00:00:00,5000.0,7750.0,7000.0,132
Gujarat,Dahod,Dahod,Dry Chillies,Other,FAQ,2010-02-16 00:00:00,4000.0,7875.0,4500.0,132
Gujarat,Dahod,Dahod,Dry Chillies,Other,FAQ,2010-02-17 00:00:00,4000.0,7875.0,5000.0,132
Gujarat,Dahod,Dahod,Dry Chillies,Other,FAQ,2010-02-22 00:00:00,4000.0,7875.0,6000.0,132
Gujarat,Dahod,Dahod,Dry Chillies,Other,FAQ,2010-03-02 00:00:00,4000.0,7875.0,5000.0,132
Gujarat,Dahod,Dahod,Dry Chillies,Other,FAQ,2010-03-04 00:00:00,4000.0,7875.0,5000.0,132
Gujarat,Dahod,Dahod,Dry Chillies,Other,FAQ,2010-03-09 00:00:00,4000.0,6500.0,6375.0,132
Gujarat,Dahod,Dahod,Dry Chillies,Other,FAQ,2010-03-19 00:00:00,4000.0,6500.0,6000.0,132
Gujarat,Dahod,Dahod,Dry Chillies,Other,FAQ,2010-04-19 00:00:00,3500.0,6500.0,6000.0,132
Gujarat,Dahod,Dahod,Dry Chillies,Other,FAQ,2010-04-23 00:00:00,3500.0,6500.0,6000.0,132
Gujarat,Dahod,Dahod,Dry Chillies,Other,FAQ,2010-05-13 00:00:00,4000.0,7000.0,6500.0,132
Gujarat,Dahod,Dahod,Dry Chillies,Other,FAQ,2010-06-16 00:00:00,4000.0,7500.0,7000.0,132
Gujarat,Dahod,Dahod,Dry Chillies,Other,FAQ,2010-06-17 00:00:00,4000.0,7500.0,7000.0,132
Gujarat,Dahod,Dahod,Dry Chillies,Other,FAQ,2010-06-24 00:00:00,4000.0,7500.0,7000.0,132
Gujarat,Dahod,Dahod,Dry Chillies,Other,FAQ,2010-06-25 00:00:00,4000.0,7500.0,7000.0,132
Gujarat,Dahod,Dahod,Dry Chillies,Other,FAQ,2010-06-30 00:00:00,4000.0,7500.0,7000.0,132
Gujarat,Dahod,Dahod,Dry Chillies,Other,FAQ,2010-07-27 00:00:00,4000.0,7500.0,7000.0,132
Gujarat,Dahod,Dahod,Dry Chillies,Other,FAQ,2010-09-21 00:00:00,4000.0,7500.0,7000.0,132
Gujarat,Dahod,Dahod,Dry Chillies,Other,FAQ,2010-09-27 00:00:00,4500.0,8000.0,7000.0,132
Gujarat,Dahod,Dahod,Dry Chillies,Other,FAQ,2010-10-22 00:00:00,4500.0,8000.0,6875.0,132
Gujarat,Dahod,Dahod,Dry Chillies,Other,FAQ,2010-11-09 00:00:00,4500.0,8000.0,7000.0,132
Gujarat,Dahod,Dahod,Dry Chillies,Other,FAQ,2010-11-29 00:00:00,4500.0,8250.0,7125.0,132
Gujarat,Dahod,Dahod,Dry Chillies,Other,FAQ,2010-12-14 00:00:00,4500.0,8250.0,7000.0,132
Gujarat,Dahod,Dahod,Dry Chillies,Other,FAQ,2010-12-28 00:00:00,4500.0,8250.0,7000.0,132
Gujarat,Rajkot,Gondal,Dry Chillies,Desi,FAQ,2010-02-01 00:00:00,1000.0,8805.0,7205.0,132
Gujarat,Rajkot,Gondal,Dry Chillies,Desi,FAQ,2010-02-04 00:00:00,1000.0,8855.0,6855.0,132
Gujarat,Rajkot,Gondal,Dry Chillies,Desi,FAQ,2010-02-06 00:00:00,1000.0,8505.0,7405.0,132
Gujarat,Rajkot,Gondal,Dry Chillies,Desi,FAQ,2010-02-08 00:00:00,1000.0,8555.0,7905.0,132
Gujarat,Rajkot,Gondal,Dry Chillies,Desi,FAQ,2010-02-16 00:00:00,1355.0,9205.0,7405.0,132
Gujarat,Rajkot,Gondal,Dry Chillies,Desi,FAQ,2010-02-22 00:00:00,1505.0,10305.0,7955.0,132
Gujarat,Rajkot,Gondal,Dry Chillies,Desi,FAQ,2010-03-12 00:00:00,1505.0,12505.0,9105.0,132
Gujarat,Rajkot,Gondal,Dry Chillies,Desi,FAQ,2010-03-15 00:00:00,1250.0,11405.0,8505.0,132
Gujarat,Rajkot,Gondal,Dry Chillies,Desi,FAQ,2010-03-17 00:00:00,1000.0,9555.0,8305.0,132
Gujarat,Rajkot,Gondal,Dry Chillies,Desi,FAQ,2010-04-07 00:00:00,1005.0,8105.0,5655.0,132
Gujarat,Rajkot,Gondal,Dry Chillies,Desi,FAQ,2010-04-14 00:00:00,1005.0,6905.0,5755.0,132
Gujarat,Rajkot,Gondal,Dry Chillies,Desi,FAQ,2010-04-22 00:00:00,1200.0,6455.0,5305.0,132
Gujarat,Rajkot,Gondal,Dry Chillies,Desi,FAQ,2010-04-23 00:00:00,1005.0,7105.0,5405.0,132
Gujarat,Rajkot,Gondal,Dry Chillies,Desi,FAQ,2010-05-11 00:00:00,1655.0,7255.0,6255.0,132
Gujarat,Rajkot,Gondal,Dry Chillies,Desi,FAQ,2010-05-13 00:00:00,1005.0,7155.0,5405.0,132
Gujarat,Rajkot,Gondal,Dry Chillies,Desi,FAQ,2010-05-15 00:00:00,1000.0,7155.0,6005.0,132
Gujarat,Rajkot,Gondal,Dry Chillies,Desi,FAQ,2010-05-18 00:00:00,1000.0,7305.0,5505.0,132
Gujarat,Rajkot,Gondal,Dry Chillies,Desi,FAQ,2010-05-27 00:00:00,3255.0,5555.0,5305.0,132
Gujarat,Rajkot,Jasdan,Dry Chillies,Other,FAQ,2010-03-02 00:00:00,6155.0,6155.0,6155.0,132
Gujarat,Rajkot,Jasdan,Dry Chillies,Other,FAQ,2010-03-09 00:00:00,5500.0,10605.0,9000.0,132
Gujarat,Rajkot,Jasdan,Dry Chillies,Other,FAQ,2010-03-11 00:00:00,6500.0,6500.0,6500.0,132
Gujarat,Rajkot,Jasdan,Dry Chillies,Other,FAQ,2010-03-17 00:00:00,4250.0,10825.0,7500.0,132
Gujarat,Rajkot,Jasdan,Dry Chillies,Other,FAQ,2010-03-19 00:00:00,4500.0,8500.0,7750.0,132
Gujarat,Rajkot,Jasdan,Dry Chillies,Other,FAQ,2010-04-07 00:00:00,4000.0,7350.0,6000.0,132
Gujarat,Rajkot,Jasdan,Dry Chillies,Other,FAQ,2010-04-10 00:00:00,3500.0,3500.0,3500.0,132
Gujarat,Rajkot,Jasdan,Dry Chillies,Other,FAQ,2010-04-13 00:00:00,3500.0,8500.0,5000.0,132
Gujarat,Rajkot,Jasdan,Dry Chillies,Other,FAQ,2010-04-21 00:00:00,3300.0,3300.0,3300.0,132
Gujarat,Rajkot,Jasdan,Dry Chillies,Other,FAQ,2010-04-27 00:00:00,2250.0,4750.0,3250.0,132
Gujarat,Rajkot,Jasdan,Dry Chillies,Other,FAQ,2010-05-25 00:00:00,2500.0,4500.0,4000.0,132
Gujarat,Rajkot,Jasdan,Dry Chillies,Other,FAQ,2010-05-26 00:00:00,1900.0,1900.0,1900.0,132
Gujarat,Rajkot,Jasdan,Dry Chillies,Other,FAQ,2010-06-12 00:00:00,2750.0,3055.0,2900.0,132
Gujarat,Rajkot,Jetpur(Dist.Rajkot),Dry Chillies,Dry Chillies,FAQ,2010-04-02 00:00:00,1055.0,7580.0,6005.0,132
Gujarat,Rajkot,Jetpur(Dist.Rajkot),Dry Chillies,Dry Chillies,FAQ,2010-04-07 00:00:00,1355.0,7805.0,6105.0,132
Gujarat,Rajkot,Jetpur(Dist.Rajkot),Dry Chillies,Red,FAQ,2010-03-08 00:00:00,2175.0,10205.0,8750.0,132
Gujarat,Rajkot,Jetpur(Dist.Rajkot),Dry Chillies,Red,FAQ,2010-03-10 00:00:00,2105.0,10105.0,8505.0,132
Gujarat,Vadodara(Baroda),Vadodara,Dry Chillies,Other,FAQ,2010-01-21 00:00:00,3000.0,5000.0,4500.0,132
Gujarat,Vadodara(Baroda),Vadodara,Dry Chillies,Other,FAQ,2010-02-04 00:00:00,3500.0,5000.0,4500.0,132
Gujarat,Vadodara(Baroda),Vadodara,Dry Chillies,Other,FAQ,2010-02-10 00:00:00,3500.0,5000.0,4500.0,132
Gujarat,Vadodara(Baroda),Vadodara,Dry Chillies,Other,FAQ,2010-02-22 00:00:00,2500.0,4500.0,4000.0,132
Gujarat,Vadodara(Baroda),Vadodara,Dry Chillies,Other,FAQ,2010-02-27 00:00:00,2500.0,4500.0,4200.0,132
Gujarat,Vadodara(Baroda),Vadodara,Dry Chillies,Other,FAQ,2010-03-02 00:00:00,3000.0,5000.0,4500.0,132
Gujarat,Vadodara(Baroda),Vadodara,Dry Chillies,Other,FAQ,2010-03-08 00:00:00,3000.0,5000.0,4500.0,132
Gujarat,Vadodara(Baroda),Vadodara,Dry Chillies,Other,FAQ,2010-03-09 00:00:00,3000.0,5000.0,4500.0,132
Gujarat,Vadodara(Baroda),Vadodara,Dry Chillies,Other,FAQ,2010-03-10 00:00:00,3000.0,5000.0,4500.0,132
Gujarat,Vadodara(Baroda),Vadodara,Dry Chillies,Other,FAQ,2010-03-16 00:00:00,3500.0,5000.0,4500.0,132
Gujarat,Vadodara(Baroda),Vadodara,Dry Chillies,Other,FAQ,2010-03-27 00:00:00,3500.0,5000.0,4500.0,132
Gujarat,Vadodara(Baroda),Vadodara,Dry Chillies,Other,FAQ,2010-04-02 00:00:00,3500.0,5000.0,4500.0,132
Gujarat,Vadodara(Baroda),Vadodara,Dry Chillies,Other,FAQ,2010-04-05 00:00:00,3500.0,5000.0,4500.0,132
Gujarat,Vadodara(Baroda),Vadodara,Dry Chillies,Other,FAQ,2010-04-10 00:00:00,3500.0,5000.0,4500.0,132
Gujarat,Vadodara(Baroda),Vadodara,Dry Chillies,Other,FAQ,2010-04-22 00:00:00,3500.0,5000.0,4500.0,132
Gujarat,Vadodara(Baroda),Vadodara,Dry Chillies,Other,FAQ,2010-05-03 00:00:00,6000.0,10000.0,9500.0,132
Gujarat,Vadodara(Baroda),Vadodara,Dry Chillies,Other,FAQ,2010-05-25 00:00:00,3000.0,5000.0,4500.0,132
Gujarat,Vadodara(Baroda),Vadodara,Dry Chillies,Other,FAQ,2010-06-05 00:00:00,2500.0,4500.0,4200.0,132
Gujarat,Vadodara(Baroda),Vadodara,Dry Chillies,Other,FAQ,2010-06-22 00:00:00,2500.0,4500.0,4000.0,132
Gujarat,Vadodara(Baroda),Vadodara,Dry Chillies,Other,FAQ,2010-06-29 00:00:00,2500.0,4500.0,4200.0,132
Gujarat,Vadodara(Baroda),Vadodara,Dry Chillies,Other,FAQ,2010-06-30 00:00:00,2500.0,4500.0,4000.0,132
Gujarat,Vadodara(Baroda),Vadodara,Dry Chillies,Other,FAQ,2010-07-01 00:00:00,2500.0,4500.0,4000.0,132
Gujarat,Vadodara(Baroda),Vadodara,Dry Chillies,Other,FAQ,2010-08-19 00:00:00,5000.0,6500.0,6000.0,132
Gujarat,Vadodara(Baroda),Vadodara,Dry Chillies,Other,FAQ,2010-08-21 00:00:00,5000.0,6000.0,5500.0,132
Gujarat,Vadodara(Baroda),Vadodara,Dry Chillies,Other,FAQ,2010-09-11 00:00:00,5000.0,6000.0,5500.0,132
Gujarat,Vadodara(Baroda),Vadodara,Dry Chillies,Other,FAQ,2010-09-13 00:00:00,5000.0,6000.0,5500.0,132
Gujarat,Vadodara(Baroda),Vadodara,Dry Chillies,Other,FAQ,2010-09-23 00:00:00,5000.0,7000.0,6000.0,132
Gujarat,Vadodara(Baroda),Vadodara,Dry Chillies,Other,FAQ,2010-09-29 00:00:00,5000.0,7000.0,6000.0,132
Gujarat,Vadodara(Baroda),Vadodara,Dry Chillies,Other,FAQ,2010-10-11 00:00:00,5000.0,7000.0,6500.0,132
Gujarat,Vadodara(Baroda),Vadodara,Dry Chillies,Other,FAQ,2010-10-12 00:00:00,5000.0,7000.0,6500.0,132
Gujarat,Vadodara(Baroda),Vadodara,Dry Chillies,Other,FAQ,2010-10-14 00:00:00,7000.0,12000.0,11000.0,132
Gujarat,Vadodara(Baroda),Vadodara,Dry Chillies,Other,FAQ,2010-10-19 00:00:00,5000.0,7000.0,6500.0,132
Gujarat,Vadodara(Baroda),Vadodara,Dry Chillies,Other,FAQ,2010-11-01 00:00:00,6000.0,6500.0,6300.0,132
Gujarat,Vadodara(Baroda),Vadodara,Dry Chillies,Other,FAQ,2010-11-03 00:00:00,6000.0,6500.0,6300.0,132
Gujarat,Vadodara(Baroda),Vadodara,Dry Chillies,Other,FAQ,2010-11-10 00:00:00,5000.0,5500.0,5300.0,132
Gujarat,Vadodara(Baroda),Vadodara,Dry Chillies,Other,FAQ,2010-11-17 00:00:00,5000.0,5500.0,5300.0,132
Gujarat,Vadodara(Baroda),Vadodara,Dry Chillies,Other,FAQ,2010-11-18 00:00:00,5000.0,5500.0,5300.0,132
Gujarat,Vadodara(Baroda),Vadodara,Dry Chillies,Other,FAQ,2010-11-30 00:00:00,5000.0,5500.0,5300.0,132
Gujarat,Vadodara(Baroda),Vadodara,Dry Chillies,Other,FAQ,2010-12-06 00:00:00,5000.0,5500.0,5300.0,132
Gujarat,Vadodara(Baroda),Vadodara,Dry Chillies,Other,FAQ,2010-12-08 00:00:00,5000.0,5500.0,5400.0,132
Gujarat,Vadodara(Baroda),Vadodara,Dry Chillies,Other,FAQ,2010-12-16 00:00:00,5000.0,6500.0,6300.0,132
Gujarat,Vadodara(Baroda),Vadodara,Dry Chillies,Other,FAQ,2010-12-21 00:00:00,5000.0,6500.0,6300.0,132
Gujarat,Vadodara(Baroda),Vadodara,Dry Chillies,Other,FAQ,2010-12-22 00:00:00,5000.0,6500.0,6300.0,132
Gujarat,Vadodara(Baroda),Vadodara,Dry Chillies,Other,FAQ,2010-12-31 00:00:00,3500.0,5500.0,5300.0,132
Gujarat,Dahod,Dahod,Dry Chillies,Other,FAQ,2005-01-15 00:00:00,2500.0,3250.0,3000.0,132
Gujarat,Dahod,Dahod,Dry Chillies,Other,FAQ,2005-01-27 00:00:00,2250.0,3450.0,3250.0,132
Gujarat,Dahod,Dahod,Dry Chillies,Other,FAQ,2005-02-17 00:00:00,2400.0,3500.0,3250.0,132
Gujarat,Dahod,Dahod,Dry Chillies,Other,FAQ,2005-03-01 00:00:00,2000.0,3575.0,3450.0,132
Gujarat,Dahod,Dahod,Dry Chillies,Other,FAQ,2005-03-05 00:00:00,1000.0,3200.0,2100.0,132
Gujarat,Dahod,Dahod,Dry Chillies,Other,FAQ,2005-03-14 00:00:00,2200.0,3200.0,2700.0,132
Gujarat,Dahod,Dahod,Dry Chillies,Other,FAQ,2005-03-16 00:00:00,2000.0,3250.0,3125.0,132
Gujarat,Dahod,Dahod,Dry Chillies,Other,FAQ,2005-03-19 00:00:00,2000.0,3100.0,3000.0,132
Gujarat,Dahod,Dahod,Dry Chillies,Other,FAQ,2005-03-21 00:00:00,2000.0,3250.0,2875.0,132
Gujarat,Dahod,Dahod,Dry Chillies,Other,FAQ,2005-03-24 00:00:00,2000.0,3250.0,2875.0,132
Gujarat,Dahod,Dahod,Dry Chillies,Other,FAQ,2005-03-30 00:00:00,2000.0,3375.0,2875.0,132
Gujarat,Dahod,Dahod,Dry Chillies,Other,FAQ,2005-04-21 00:00:00,2250.0,3350.0,3200.0,132
Gujarat,Dahod,Dahod,Dry Chillies,Other,FAQ,2005-06-02 00:00:00,2500.0,3000.0,2750.0,132
Gujarat,Dahod,Dahod,Dry Chillies,Other,FAQ,2005-07-02 00:00:00,2300.0,3100.0,3000.0,132
Gujarat,Dahod,Dahod,Dry Chillies,Other,FAQ,2005-08-25 00:00:00,2000.0,2800.0,2500.0,132
Gujarat,Dahod,Dahod,Dry Chillies,Other,FAQ,2005-10-05 00:00:00,2000.0,2900.0,2650.0,132
Gujarat,Jamnagar,Jamnagar,Dry Chillies,Other,FAQ,2005-05-18 00:00:00,1000.0,2625.0,1810.0,132
Gujarat,Jamnagar,Jamnagar,Dry Chillies,Other,FAQ,2005-05-20 00:00:00,1500.0,3505.0,2510.0,132
Gujarat,Jamnagar,Jamnagar,Dry Chillies,Other,FAQ,2005-05-31 00:00:00,1400.0,2650.0,2025.0,132
Gujarat,Jamnagar,Jamnagar,Dry Chillies,Other,FAQ,2005-06-04 00:00:00,1000.0,2000.0,1500.0,132
Gujarat,Jamnagar,Jamnagar,Dry Chillies,Other,FAQ,2005-07-27 00:00:00,1000.0,2025.0,1515.0,132
Gujarat,Rajkot,Gondal,Dry Chillies,Other,FAQ,2005-02-08 00:00:00,1505.0,6180.0,4755.0,132
Gujarat,Rajkot,Gondal,Dry Chillies,Other,FAQ,2005-03-05 00:00:00,1255.0,6680.0,4755.0,132
Gujarat,Rajkot,Gondal,Dry Chillies,Other,FAQ,2005-03-10 00:00:00,1530.0,7180.0,5055.0,132
Gujarat,Rajkot,Gondal,Dry Chillies,Other,FAQ,2005-03-12 00:00:00,1330.0,6755.0,5055.0,132
Gujarat,Rajkot,Jetpur(Dist.Rajkot),Dry Chillies,Other,FAQ,2005-03-11 00:00:00,2000.0,5650.0,5000.0,132
Gujarat,Rajkot,Jetpur(Dist.Rajkot),Dry Chillies,Other,FAQ,2005-03-15 00:00:00,2275.0,6230.0,5875.0,132
Gujarat,Rajkot,Jetpur(Dist.Rajkot),Dry Chillies,Other,FAQ,2005-03-17 00:00:00,1500.0,5650.0,5600.0,132
Gujarat,Rajkot,Jetpur(Dist.Rajkot),Dry Chillies,Other,FAQ,2005-04-01 00:00:00,1525.0,6025.0,5525.0,132
Gujarat,Rajkot,Jetpur(Dist.Rajkot),Dry Chillies,Other,FAQ,2005-04-09 00:00:00,1250.0,5505.0,4990.0,132
Gujarat,Rajkot,Jetpur(Dist.Rajkot),Dry Chillies,Other,FAQ,2005-05-03 00:00:00,1000.0,5400.0,4500.0,132
Gujarat,Rajkot,Rajkot,Dry Chillies,Local,FAQ,2005-01-22 00:00:00,1250.0,3075.0,2550.0,132
Gujarat,Rajkot,Rajkot,Dry Chillies,Local,FAQ,2005-03-05 00:00:00,1000.0,5750.0,4500.0,132
Gujarat,Rajkot,Rajkot,Dry Chillies,Local,FAQ,2005-03-16 00:00:00,1000.0,5625.0,3500.0,132
Gujarat,Rajkot,Rajkot,Dry Chillies,Local,FAQ,2005-03-18 00:00:00,1025.0,6025.0,4500.0,132
Gujarat,Rajkot,Rajkot,Dry Chillies,Local,FAQ,2005-05-23 00:00:00,1550.0,3075.0,2600.0,132
Gujarat,Amreli,Babra,Dry Chillies,Dry,FAQ,2006-04-19 00:00:00,4805.0,5055.0,5000.0,132
Gujarat,Dahod,Dahod,Dry Chillies,Other,FAQ,2006-06-29 00:00:00,5000.0,6000.0,5500.0,132
Gujarat,Dahod,Dahod,Dry Chillies,Other,FAQ,2006-09-20 00:00:00,4000.0,6750.0,6500.0,132
Gujarat,Dahod,Dahod,Dry Chillies,Other,FAQ,2006-12-08 00:00:00,4750.0,8500.0,7250.0,132
Gujarat,Rajkot,Gondal,Dry Chillies,Local,FAQ,2006-03-07 00:00:00,1280.0,7005.0,5555.0,132
Gujarat,Rajkot,Gondal,Dry Chillies,Local,FAQ,2006-03-16 00:00:00,1105.0,6105.0,5455.0,132
Gujarat,Rajkot,Gondal,Dry Chillies,Local,FAQ,2006-03-17 00:00:00,1355.0,5905.0,5355.0,132
Gujarat,Rajkot,Gondal,Dry Chillies,Local,FAQ,2006-03-18 00:00:00,1105.0,6305.0,5405.0,132
Gujarat,Rajkot,Gondal,Dry Chillies,Local,FAQ,2006-03-20 00:00:00,1330.0,6505.0,5555.0,132
Gujarat,Rajkot,Gondal,Dry Chillies,Local,FAQ,2006-03-23 00:00:00,1280.0,7330.0,5555.0,132
Gujarat,Rajkot,Jetpur(Dist.Rajkot),Dry Chillies,Other,FAQ,2006-04-14 00:00:00,1400.0,6105.0,5530.0,132
Gujarat,Rajkot,Jetpur(Dist.Rajkot),Dry Chillies,Other,FAQ,2006-04-17 00:00:00,1250.0,6150.0,5510.0,132
Gujarat,Rajkot,Jetpur(Dist.Rajkot),Dry Chillies,Other,FAQ,2006-05-08 00:00:00,1000.0,5400.0,4755.0,132
Gujarat,Rajkot,Jetpur(Dist.Rajkot),Dry Chillies,Other,FAQ,2006-05-10 00:00:00,1000.0,5400.0,4305.0,132
Gujarat,Rajkot,Rajkot,Dry Chillies,Dry Chillies,FAQ,2006-02-10 00:00:00,2000.0,2800.0,2450.0,132
Gujarat,Rajkot,Rajkot,Dry Chillies,Dry Chillies,FAQ,2006-02-21 00:00:00,4000.0,5250.0,4750.0,132
Gujarat,Rajkot,Rajkot,Dry Chillies,Dry Chillies,FAQ,2006-02-28 00:00:00,4000.0,5500.0,4850.0,132
Gujarat,Rajkot,Rajkot,Dry Chillies,Dry Chillies,FAQ,2006-03-01 00:00:00,4000.0,6725.0,5250.0,132
Gujarat,Rajkot,Rajkot,Dry Chillies,Dry Chillies,FAQ,2006-03-03 00:00:00,3500.0,6750.0,5400.0,132
Gujarat,Rajkot,Rajkot,Dry Chillies,Dry Chillies,FAQ,2006-03-10 00:00:00,2875.0,5650.0,4500.0,132
Gujarat,Rajkot,Rajkot,Dry Chillies,Dry Chillies,FAQ,2006-03-13 00:00:00,4500.0,5750.0,5600.0,132
Gujarat,Rajkot,Rajkot,Dry Chillies,Dry Chillies,FAQ,2006-04-08 00:00:00,3275.0,5500.0,4500.0,132
Gujarat,Rajkot,Rajkot,Dry Chillies,Dry Chillies,FAQ,2006-04-10 00:00:00,3300.0,5750.0,5200.0,132
Gujarat,Rajkot,Rajkot,Dry Chillies,Dry Chillies,FAQ,2006-04-15 00:00:00,4500.0,6000.0,5350.0,132
Gujarat,Rajkot,Rajkot,Dry Chillies,Dry Chillies,FAQ,2006-04-29 00:00:00,2925.0,5725.0,4850.0,132
Gujarat,Rajkot,Rajkot,Dry Chillies,Dry Chillies,FAQ,2006-05-01 00:00:00,4500.0,5875.0,5200.0,132
Gujarat,Rajkot,Rajkot,Dry Chillies,Dry Chillies,FAQ,2006-05-13 00:00:00,2425.0,5900.0,4375.0,132
Gujarat,Rajkot,Rajkot,Dry Chillies,Dry Chillies,FAQ,2006-05-19 00:00:00,4500.0,5750.0,5350.0,132
Gujarat,Rajkot,Rajkot,Dry Chillies,Dry Chillies,FAQ,2006-05-20 00:00:00,4500.0,5625.0,5250.0,132
Gujarat,Rajkot,Rajkot,Dry Chillies,Dry Chillies,FAQ,2006-05-24 00:00:00,3750.0,5500.0,4125.0,132
Gujarat,Rajkot,Rajkot,Dry Chillies,Dry Chillies,FAQ,2006-05-26 00:00:00,3750.0,5550.0,4550.0,132
Gujarat,Vadodara(Baroda),Vadodara,Dry Chillies,Other,FAQ,2006-04-18 00:00:00,4000.0,4000.0,4000.0,132
Gujarat,Vadodara(Baroda),Vadodara,Dry Chillies,Other,FAQ,2006-04-27 00:00:00,4000.0,4000.0,4000.0,132
Gujarat,Vadodara(Baroda),Vadodara,Dry Chillies,Other,FAQ,2006-06-08 00:00:00,4000.0,4000.0,4000.0,132
Gujarat,Vadodara(Baroda),Vadodara,Dry Chillies,Other,FAQ,2006-07-03 00:00:00,5000.0,5500.0,5300.0,132
Gujarat,Vadodara(Baroda),Vadodara,Dry Chillies,Other,FAQ,2006-07-21 00:00:00,5000.0,5000.0,5000.0,132
Gujarat,Vadodara(Baroda),Vadodara,Dry Chillies,Other,FAQ,2006-09-20 00:00:00,5000.0,6000.0,5500.0,132
Gujarat,Vadodara(Baroda),Vadodara,Dry Chillies,Other,FAQ,2006-09-27 00:00:00,5000.0,6000.0,5500.0,132
Gujarat,Vadodara(Baroda),Vadodara,Dry Chillies,Other,FAQ,2006-10-07 00:00:00,3000.0,5000.0,4000.0,132
Gujarat,Vadodara(Baroda),Vadodara,Dry Chillies,Other,FAQ,2006-10-10 00:00:00,3000.0,5000.0,4000.0,132
Gujarat,Vadodara(Baroda),Vadodara,Dry Chillies,Other,FAQ,2006-10-23 00:00:00,3000.0,5000.0,4000.0,132
Gujarat,Vadodara(Baroda),Vadodara,Dry Chillies,Other,FAQ,2006-11-07 00:00:00,2500.0,5000.0,3750.0,132
Gujarat,Vadodara(Baroda),Vadodara,Dry Chillies,Other,FAQ,2006-12-08 00:00:00,4000.0,4625.0,4300.0,132
Gujarat,Vadodara(Baroda),Vadodara,Dry Chillies,Other,FAQ,2006-12-16 00:00:00,3100.0,5500.0,4300.0,132
Gujarat,Vadodara(Baroda),Vadodara,Dry Chillies,Other,FAQ,2006-12-20 00:00:00,3100.0,5500.0,4300.0,132
Gujarat,Vadodara(Baroda),Vadodara,Dry Chillies,Other,FAQ,2006-12-21 00:00:00,3100.0,5500.0,4300.0,132
Gujarat,Dahod,Dahod,Dry Chillies,Dry Chillies,FAQ,2015-01-07 00:00:00,8500.0,11500.0,10500.0,132
Gujarat,Dahod,Dahod,Dry Chillies,Dry Chillies,FAQ,2015-01-16 00:00:00,8500.0,11000.0,10500.0,132
Gujarat,Dahod,Dahod,Dry Chillies,Dry Chillies,FAQ,2015-01-27 00:00:00,8500.0,11000.0,10500.0,132
Gujarat,Dahod,Dahod,Dry Chillies,Dry Chillies,FAQ,2015-02-03 00:00:00,8500.0,11000.0,10500.0,132
Gujarat,Dahod,Dahod,Dry Chillies,Dry Chillies,FAQ,2015-02-12 00:00:00,8500.0,11000.0,10750.0,132
Gujarat,Dahod,Dahod,Dry Chillies,Dry Chillies,FAQ,2015-02-14 00:00:00,8500.0,11000.0,10750.0,132
Gujarat,Dahod,Dahod,Dry Chillies,Dry Chillies,FAQ,2015-03-10 00:00:00,8500.0,9500.0,9250.0,132
Gujarat,Dahod,Dahod,Dry Chillies,Dry Chillies,FAQ,2015-03-16 00:00:00,8500.0,9500.0,9250.0,132
Gujarat,Dahod,Dahod,Dry Chillies,Dry Chillies,FAQ,2015-03-18 00:00:00,8500.0,9500.0,9250.0,132
Gujarat,Dahod,Dahod,Dry Chillies,Dry Chillies,FAQ,2015-04-24 00:00:00,9000.0,13000.0,10000.0,132
Gujarat,Dahod,Dahod,Dry Chillies,Dry Chillies,FAQ,2015-04-27 00:00:00,9000.0,13000.0,12500.0,132
Gujarat,Dahod,Dahod,Dry Chillies,Dry Chillies,FAQ,2015-05-19 00:00:00,8500.0,11300.0,10000.0,132
Gujarat,Dahod,Dahod,Dry Chillies,Dry Chillies,FAQ,2015-06-03 00:00:00,8500.0,12000.0,11000.0,132
Gujarat,Dahod,Dahod,Dry Chillies,Dry Chillies,FAQ,2015-06-10 00:00:00,8500.0,12000.0,11500.0,132
Gujarat,Dahod,Dahod,Dry Chillies,Dry Chillies,FAQ,2015-06-24 00:00:00,8500.0,12000.0,11500.0,132
Gujarat,Dahod,Dahod,Dry Chillies,Dry Chillies,FAQ,2015-06-27 00:00:00,8500.0,12000.0,11750.0,132
Gujarat,Dahod,Dahod,Dry Chillies,Dry Chillies,FAQ,2015-07-20 00:00:00,8500.0,12000.0,11750.0,132
Gujarat,Dahod,Dahod,Dry Chillies,Dry Chillies,FAQ,2015-07-30 00:00:00,9000.0,12000.0,11750.0,132
Gujarat,Dahod,Dahod,Dry Chillies,Dry Chillies,FAQ,2015-08-13 00:00:00,9000.0,11750.0,10000.0,132
Gujarat,Dahod,Dahod,Dry Chillies,Dry Chillies,FAQ,2015-09-08 00:00:00,9500.0,12500.0,11500.0,132
Gujarat,Dahod,Dahod,Dry Chillies,Dry Chillies,FAQ,2015-09-28 00:00:00,9500.0,13000.0,12000.0,132
Gujarat,Dahod,Dahod,Dry Chillies,Dry Chillies,FAQ,2015-10-30 00:00:00,9500.0,13000.0,12000.0,132
Gujarat,Dahod,Dahod,Dry Chillies,Dry Chillies,FAQ,2015-11-07 00:00:00,9500.0,13000.0,11500.0,132
Gujarat,Dahod,Dahod,Dry Chillies,Dry Chillies,FAQ,2015-11-24 00:00:00,10000.0,13000.0,12000.0,132
Gujarat,Dahod,Dahod,Dry Chillies,Dry Chillies,FAQ,2015-12-01 00:00:00,9500.0,13500.0,12500.0,132
Gujarat,Dahod,Dahod,Dry Chillies,Dry Chillies,FAQ,2015-12-17 00:00:00,9500.0,13500.0,12500.0,132
Gujarat,Dahod,Dahod,Dry Chillies,Dry Chillies,FAQ,2015-12-23 00:00:00,9500.0,13500.0,12500.0,132
Gujarat,Rajkot,Gondal,Dry Chillies,Bold 1,FAQ,2015-02-21 00:00:00,3555.0,17255.0,14255.0,132
Gujarat,Rajkot,Gondal,Dry Chillies,Bold 1,FAQ,2015-03-05 00:00:00,4005.0,15055.0,13255.0,132
Gujarat,Rajkot,Gondal,Dry Chillies,Bold 1,FAQ,2015-03-18 00:00:00,5055.0,16955.0,14755.0,132
Gujarat,Rajkot,Gondal,Dry Chillies,Bold 1,FAQ,2015-04-06 00:00:00,5005.0,16455.0,13605.0,132
Gujarat,Rajkot,Gondal,Dry Chillies,Bold 1,FAQ,2015-04-14 00:00:00,5005.0,15905.0,13405.0,132
Gujarat,Rajkot,Gondal,Dry Chillies,Bold 1,FAQ,2015-04-22 00:00:00,5505.0,16455.0,12555.0,132
Gujarat,Rajkot,Gondal,Dry Chillies,Bold 1,FAQ,2015-04-30 00:00:00,6005.0,16005.0,12855.0,132
Gujarat,Rajkot,Gondal,Dry Chillies,Bold 1,FAQ,2015-05-02 00:00:00,5255.0,15005.0,11755.0,132
Gujarat,Rajkot,Gondal,Dry Chillies,Bold 1,FAQ,2015-05-06 00:00:00,5505.0,15455.0,13255.0,132
Gujarat,Rajkot,Gondal,Dry Chillies,Bold 1,FAQ,2015-05-07 00:00:00,5505.0,16455.0,12555.0,132
Gujarat,Rajkot,Gondal,Dry Chillies,Bold 1,FAQ,2015-05-15 00:00:00,4505.0,16755.0,14155.0,132
Gujarat,Vadodara(Baroda),Vadodara,Dry Chillies,Other,FAQ,2015-01-07 00:00:00,8000.0,9000.0,9000.0,132
Gujarat,Vadodara(Baroda),Vadodara,Dry Chillies,Other,FAQ,2015-02-14 00:00:00,8000.0,10000.0,10000.0,132
Gujarat,Vadodara(Baroda),Vadodara,Dry Chillies,Other,FAQ,2015-02-16 00:00:00,8000.0,10000.0,10000.0,132
Gujarat,Vadodara(Baroda),Vadodara,Dry Chillies,Other,FAQ,2015-05-26 00:00:00,7000.0,9000.0,9000.0,132
Gujarat,Vadodara(Baroda),Vadodara,Dry Chillies,Other,FAQ,2015-06-24 00:00:00,8000.0,9500.0,9500.0,132
Gujarat,Vadodara(Baroda),Vadodara,Dry Chillies,Other,FAQ,2015-07-03 00:00:00,8000.0,9500.0,9500.0,132
Gujarat,Vadodara(Baroda),Vadodara,Dry Chillies,Other,FAQ,2015-07-04 00:00:00,8000.0,9500.0,9500.0,132
Gujarat,Vadodara(Baroda),Vadodara,Dry Chillies,Other,FAQ,2015-08-17 00:00:00,8000.0,9000.0,9000.0,132
Gujarat,Vadodara(Baroda),Vadodara,Dry Chillies,Other,FAQ,2015-08-28 00:00:00,9000.0,10000.0,10000.0,132
Gujarat,Vadodara(Baroda),Vadodara,Dry Chillies,Other,FAQ,2015-09-23 00:00:00,12000.0,13000.0,13000.0,132
Gujarat,Vadodara(Baroda),Vadodara,Dry Chillies,Other,FAQ,2015-10-01 00:00:00,11000.0,13000.0,13000.0,132
Gujarat,Vadodara(Baroda),Vadodara,Dry Chillies,Other,FAQ,2015-10-09 00:00:00,11000.0,12000.0,12000.0,132
Gujarat,Vadodara(Baroda),Vadodara,Dry Chillies,Other,FAQ,2015-10-26 00:00:00,11000.0,12500.0,12500.0,132
Gujarat,Vadodara(Baroda),Vadodara,Dry Chillies,Other,FAQ,2015-10-30 00:00:00,11000.0,12500.0,12500.0,132
Gujarat,Vadodara(Baroda),Vadodara,Dry Chillies,Other,FAQ,2015-11-07 00:00:00,10000.0,13000.0,13000.0,132
Gujarat,Vadodara(Baroda),Vadodara,Dry Chillies,Other,FAQ,2015-12-02 00:00:00,14000.0,15000.0,15000.0,132
Gujarat,Vadodara(Baroda),Vadodara,Dry Chillies,Other,FAQ,2015-12-17 00:00:00,10000.0,15000.0,15000.0,132
Gujarat,Vadodara(Baroda),Vadodara,Dry Chillies,Other,FAQ,2015-12-29 00:00:00,10000.0,15000.0,15000.0,132
Gujarat,Vadodara(Baroda),Vadodara,Dry Chillies,Other,FAQ,2015-12-30 00:00:00,10000.0,15000.0,15000.0,132
Gujarat,Dahod,Dahod,Dry Chillies,Other,FAQ,2008-02-26 00:00:00,4250.0,6000.0,5250.0,132
Gujarat,Dahod,Dahod,Dry Chillies,Other,FAQ,2008-02-27 00:00:00,4250.0,6000.0,5250.0,132
Gujarat,Dahod,Dahod,Dry Chillies,Other,FAQ,2008-03-20 00:00:00,3750.0,6250.0,5500.0,132
Gujarat,Dahod,Dahod,Dry Chillies,Other,FAQ,2008-04-30 00:00:00,3750.0,6000.0,5400.0,132
Gujarat,Dahod,Dahod,Dry Chillies,Other,FAQ,2008-06-11 00:00:00,4000.0,7500.0,6000.0,132
Gujarat,Dahod,Dahod,Dry Chillies,Other,FAQ,2008-09-29 00:00:00,4000.0,8000.0,7000.0,132
Gujarat,Dahod,Dahod,Dry Chillies,Other,FAQ,2008-11-19 00:00:00,4500.0,8000.0,6500.0,132
Gujarat,Dahod,Dahod,Dry Chillies,Other,FAQ,2008-11-20 00:00:00,4500.0,8000.0,6500.0,132
Gujarat,Dahod,Dahod,Dry Chillies,Other,FAQ,2008-11-26 00:00:00,4500.0,8000.0,6500.0,132
Gujarat,Dahod,Dahod,Dry Chillies,Other,FAQ,2008-11-27 00:00:00,4500.0,8000.0,6500.0,132
Gujarat,Dahod,Dahod,Dry Chillies,Other,FAQ,2008-12-02 00:00:00,4500.0,8000.0,6500.0,132
Gujarat,Dahod,Dahod,Dry Chillies,Other,FAQ,2008-12-23 00:00:00,4500.0,8500.0,7000.0,132
Gujarat,Rajkot,Gondal,Dry Chillies,Bold 1,FAQ,2008-04-01 00:00:00,3500.0,10155.0,8755.0,132
Gujarat,Rajkot,Gondal,Dry Chillies,Bold 1,FAQ,2008-04-11 00:00:00,1500.0,7855.0,6855.0,132
Gujarat,Rajkot,Gondal,Dry Chillies,Bold 1,FAQ,2008-04-15 00:00:00,4155.0,7755.0,7305.0,132
Gujarat,Rajkot,Gondal,Dry Chillies,Bold 1,FAQ,2008-04-26 00:00:00,1805.0,5455.0,4455.0,132
Gujarat,Rajkot,Gondal,Dry Chillies,Bold 1,FAQ,2008-05-01 00:00:00,3205.0,5705.0,4955.0,132
Gujarat,Rajkot,Gondal,Dry Chillies,Single Patti,FAQ,2008-04-02 00:00:00,2000.0,7405.0,6405.0,132
Gujarat,Rajkot,Gondal,Dry Chillies,Single Patti,FAQ,2008-04-03 00:00:00,2000.0,7105.0,6405.0,132
Gujarat,Rajkot,Gondal,Dry Chillies,Single Patti,FAQ,2008-04-17 00:00:00,1000.0,5805.0,4955.0,132
Gujarat,Rajkot,Gondal,Dry Chillies,Single Patti,FAQ,2008-04-19 00:00:00,1000.0,5805.0,4905.0,132
Gujarat,Rajkot,Gondal,Dry Chillies,Single Patti,FAQ,2008-04-23 00:00:00,1005.0,5955.0,4750.0,132
Gujarat,Rajkot,Gondal,Dry Chillies,Single Patti,FAQ,2008-04-25 00:00:00,1105.0,5605.0,5000.0,132
Gujarat,Rajkot,Jasdan,Dry Chillies,Red,FAQ,2008-04-10 00:00:00,1500.0,4000.0,3750.0,132
Gujarat,Rajkot,Jasdan,Dry Chillies,Red,FAQ,2008-04-24 00:00:00,2875.0,3500.0,3000.0,132
Gujarat,Rajkot,Jasdan,Dry Chillies,Red,FAQ,2008-05-12 00:00:00,1900.0,4225.0,3225.0,132
Gujarat,Rajkot,Jasdan,Dry Chillies,Red,FAQ,2008-05-16 00:00:00,1250.0,5000.0,1750.0,132
Gujarat,Rajkot,Jasdan,Dry Chillies,Red,FAQ,2008-05-26 00:00:00,1000.0,2230.0,1755.0,132
Gujarat,Rajkot,Jetpur(Dist.Rajkot),Dry Chillies,Other,FAQ,2008-03-04 00:00:00,2275.0,6280.0,5620.0,132
Gujarat,Rajkot,Jetpur(Dist.Rajkot),Dry Chillies,Other,FAQ,2008-04-12 00:00:00,3505.0,6245.0,5925.0,132
Gujarat,Rajkot,Jetpur(Dist.Rajkot),Dry Chillies,Other,FAQ,2008-04-15 00:00:00,3250.0,6505.0,5000.0,132
Gujarat,Rajkot,Jetpur(Dist.Rajkot),Dry Chillies,Other,FAQ,2008-04-28 00:00:00,1250.0,6255.0,5000.0,132
Gujarat,Rajkot,Jetpur(Dist.Rajkot),Dry Chillies,Other,FAQ,2008-04-29 00:00:00,1255.0,6230.0,5030.0,132
Gujarat,Rajkot,Jetpur(Dist.Rajkot),Dry Chillies,Other,FAQ,2008-05-03 00:00:00,1350.0,5750.0,5125.0,132
Gujarat,Rajkot,Jetpur(Dist.Rajkot),Dry Chillies,Other,FAQ,2008-05-05 00:00:00,2250.0,6255.0,5120.0,132
Gujarat,Rajkot,Jetpur(Dist.Rajkot),Dry Chillies,Other,FAQ,2008-05-06 00:00:00,2230.0,6230.0,5125.0,132
Gujarat,Rajkot,Jetpur(Dist.Rajkot),Dry Chillies,Other,FAQ,2008-05-20 00:00:00,1200.0,5580.0,4630.0,132
Gujarat,Rajkot,Jetpur(Dist.Rajkot),Dry Chillies,Other,FAQ,2008-05-21 00:00:00,1190.0,3780.0,3500.0,132
Gujarat,Vadodara(Baroda),Vadodara,Dry Chillies,Other,FAQ,2008-01-17 00:00:00,2500.0,4500.0,4000.0,132
Gujarat,Vadodara(Baroda),Vadodara,Dry Chillies,Other,FAQ,2008-01-28 00:00:00,2500.0,4000.0,3600.0,132
Gujarat,Vadodara(Baroda),Vadodara,Dry Chillies,Other,FAQ,2008-01-29 00:00:00,2500.0,4000.0,3600.0,132
Gujarat,Vadodara(Baroda),Vadodara,Dry Chillies,Other,FAQ,2008-02-01 00:00:00,3500.0,4500.0,4000.0,132
Gujarat,Vadodara(Baroda),Vadodara,Dry Chillies,Other,FAQ,2008-02-15 00:00:00,3000.0,4500.0,4000.0,132
Gujarat,Vadodara(Baroda),Vadodara,Dry Chillies,Other,FAQ,2008-02-23 00:00:00,2500.0,4000.0,3500.0,132
Gujarat,Vadodara(Baroda),Vadodara,Dry Chillies,Other,FAQ,2008-03-03 00:00:00,2000.0,3500.0,3200.0,132
Gujarat,Vadodara(Baroda),Vadodara,Dry Chillies,Other,FAQ,2008-03-14 00:00:00,2500.0,4000.0,3600.0,132
Gujarat,Vadodara(Baroda),Vadodara,Dry Chillies,Other,FAQ,2008-03-15 00:00:00,2500.0,3300.0,3000.0,132
Gujarat,Vadodara(Baroda),Vadodara,Dry Chillies,Other,FAQ,2008-04-01 00:00:00,3000.0,3500.0,3200.0,132
Gujarat,Vadodara(Baroda),Vadodara,Dry Chillies,Other,FAQ,2008-04-05 00:00:00,3000.0,6000.0,5000.0,132
Gujarat,Vadodara(Baroda),Vadodara,Dry Chillies,Other,FAQ,2008-04-11 00:00:00,4000.0,7500.0,7000.0,132
Gujarat,Vadodara(Baroda),Vadodara,Dry Chillies,Other,FAQ,2008-04-15 00:00:00,4500.0,7500.0,7000.0,132
Gujarat,Vadodara(Baroda),Vadodara,Dry Chillies,Other,FAQ,2008-04-17 00:00:00,4500.0,7500.0,7000.0,132
Gujarat,Vadodara(Baroda),Vadodara,Dry Chillies,Other,FAQ,2008-04-18 00:00:00,4500.0,7500.0,7000.0,132
Gujarat,Vadodara(Baroda),Vadodara,Dry Chillies,Other,FAQ,2008-04-25 00:00:00,3000.0,7000.0,6000.0,132
Gujarat,Vadodara(Baroda),Vadodara,Dry Chillies,Other,FAQ,2008-05-01 00:00:00,3000.0,6000.0,5200.0,132
Gujarat,Vadodara(Baroda),Vadodara,Dry Chillies,Other,FAQ,2008-05-31 00:00:00,4500.0,8000.0,7000.0,132
Gujarat,Vadodara(Baroda),Vadodara,Dry Chillies,Other,FAQ,2008-06-04 00:00:00,3500.0,6000.0,5200.0,132
Gujarat,Vadodara(Baroda),Vadodara,Dry Chillies,Other,FAQ,2008-06-18 00:00:00,3500.0,6000.0,5200.0,132
Gujarat,Vadodara(Baroda),Vadodara,Dry Chillies,Other,FAQ,2008-06-26 00:00:00,3500.0,5800.0,5200.0,132
Gujarat,Vadodara(Baroda),Vadodara,Dry Chillies,Other,FAQ,2008-07-25 00:00:00,5000.0,6000.0,5500.0,132
Gujarat,Vadodara(Baroda),Vadodara,Dry Chillies,Other,FAQ,2008-07-29 00:00:00,5000.0,6000.0,5800.0,132
Gujarat,Vadodara(Baroda),Vadodara,Dry Chillies,Other,FAQ,2008-08-05 00:00:00,4000.0,5000.0,4050.0,132
Gujarat,Vadodara(Baroda),Vadodara,Dry Chillies,Other,FAQ,2008-08-27 00:00:00,3500.0,5000.0,4500.0,132
Gujarat,Vadodara(Baroda),Vadodara,Dry Chillies,Other,FAQ,2008-08-30 00:00:00,3500.0,5000.0,4500.0,132
Gujarat,Vadodara(Baroda),Vadodara,Dry Chillies,Other,FAQ,2008-09-06 00:00:00,3500.0,5000.0,4500.0,132
Gujarat,Vadodara(Baroda),Vadodara,Dry Chillies,Other,FAQ,2008-09-11 00:00:00,3500.0,5000.0,4800.0,132
Gujarat,Vadodara(Baroda),Vadodara,Dry Chillies,Other,FAQ,2008-09-20 00:00:00,3500.0,5500.0,5200.0,132
Gujarat,Vadodara(Baroda),Vadodara,Dry Chillies,Other,FAQ,2008-10-02 00:00:00,3500.0,5500.0,5200.0,132
Gujarat,Vadodara(Baroda),Vadodara,Dry Chillies,Other,FAQ,2008-10-04 00:00:00,3500.0,5500.0,5100.0,132
Gujarat,Vadodara(Baroda),Vadodara,Dry Chillies,Other,FAQ,2008-10-09 00:00:00,5200.0,6000.0,5800.0,132
Gujarat,Vadodara(Baroda),Vadodara,Dry Chillies,Other,FAQ,2008-10-13 00:00:00,5200.0,6000.0,5800.0,132
Gujarat,Vadodara(Baroda),Vadodara,Dry Chillies,Other,FAQ,2008-11-05 00:00:00,4000.0,5500.0,5000.0,132
Gujarat,Vadodara(Baroda),Vadodara,Dry Chillies,Other,FAQ,2008-11-08 00:00:00,4000.0,5500.0,4000.0,132
Gujarat,Vadodara(Baroda),Vadodara,Dry Chillies,Other,FAQ,2008-11-22 00:00:00,4000.0,5500.0,4800.0,132
Gujarat,Vadodara(Baroda),Vadodara,Dry Chillies,Other,FAQ,2008-11-24 00:00:00,4000.0,5500.0,4500.0,132
Gujarat,Vadodara(Baroda),Vadodara,Dry Chillies,Other,FAQ,2008-11-29 00:00:00,4500.0,5500.0,5000.0,132
Gujarat,Vadodara(Baroda),Vadodara,Dry Chillies,Other,FAQ,2008-12-08 00:00:00,4500.0,5500.0,5000.0,132
Gujarat,Vadodara(Baroda),Vadodara,Dry Chillies,Other,FAQ,2008-12-10 00:00:00,4500.0,5500.0,5200.0,132
Gujarat,Vadodara(Baroda),Vadodara,Dry Chillies,Other,FAQ,2008-12-12 00:00:00,6000.0,8000.0,7000.0,132
Gujarat,Vadodara(Baroda),Vadodara,Dry Chillies,Other,FAQ,2008-12-15 00:00:00,5000.0,6000.0,5500.0,132
Gujarat,Dahod,Dahod,Dry Chillies,Dry Chillies,FAQ,2025-02-07 00:00:00,12000.0,20000.0,17500.0,132
Gujarat,Dahod,Dahod,Dry Chillies,Dry Chillies,FAQ,2025-02-25 00:00:00,12500.0,20000.0,17500.0,132
Gujarat,Jamnagar,Jamnagar,Dry Chillies,1st Sort,FAQ,2025-02-08 00:00:00,2000.0,19900.0,11225.0,132
Gujarat,Jamnagar,Jamnagar,Dry Chillies,1st Sort,FAQ,2025-02-12 00:00:00,1500.0,16750.0,9825.0,132
Gujarat,Jamnagar,Jamnagar,Dry Chillies,1st Sort,FAQ,2025-02-20 00:00:00,3050.0,16050.0,9550.0,132
Gujarat,Rajkot,Rajkot,Dry Chillies,Red,FAQ,2025-02-11 00:00:00,4000.0,11000.0,9000.0,132
Gujarat,Rajkot,Rajkot,Dry Chillies,Red,FAQ,2025-02-13 00:00:00,4500.0,10750.0,8625.0,132
Gujarat,Rajkot,Rajkot,Dry Chillies,Red,FAQ,2025-02-19 00:00:00,4500.0,10750.0,9500.0,132
Gujarat,Rajkot,Rajkot,Dry Chillies,Red,FAQ,2025-02-20 00:00:00,4500.0,10750.0,8875.0,132
Gujarat,Rajkot,Rajkot,Dry Chillies,Red,FAQ,2025-02-24 00:00:00,4250.0,10800.0,9000.0,132
Gujarat,Dahod,Dahod,Dry Chillies,Dry Chillies,FAQ,2025-01-31 00:00:00,12000.0,20000.0,17000.0,132
Gujarat,Rajkot,Rajkot,Dry Chillies,Red,FAQ,2025-01-02 00:00:00,5000.0,12250.0,9500.0,132
Gujarat,Rajkot,Rajkot,Dry Chillies,Red,FAQ,2025-01-16 00:00:00,6650.0,12200.0,9500.0,132
Gujarat,Dahod,Dahod,Dry Chillies,Dry Chillies,FAQ,2025-01-09 00:00:00,15000.0,21500.0,20000.0,132
Gujarat,Jamnagar,Jamnagar,Dry Chillies,1st Sort,FAQ,2025-01-28 00:00:00,2250.0,16000.0,9850.0,132
Gujarat,Rajkot,Rajkot,Dry Chillies,Red,FAQ,2025-01-03 00:00:00,4500.0,12150.0,10000.0,132
Gujarat,Rajkot,Rajkot,Dry Chillies,Red,FAQ,2025-01-24 00:00:00,5500.0,12250.0,10150.0,132
Gujarat,Dahod,Dahod,Dry Chillies,Dry Chillies,FAQ,2024-10-04 00:00:00,15000.0,24500.0,24000.0,132
Gujarat,Dahod,Dahod,Dry Chillies,Dry Chillies,FAQ,2024-10-30 00:00:00,15000.0,24500.0,22000.0,132
Gujarat,Dahod,Dahod,Dry Chillies,Dry Chillies,FAQ,2024-10-15 00:00:00,15000.0,24500.0,22000.0,132
Gujarat,Rajkot,Rajkot,Dry Chillies,Red,FAQ,2024-10-25 00:00:00,5000.0,17500.0,15000.0,132
Gujarat,Dahod,Dahod,Dry Chillies,Dry Chillies,FAQ,2024-10-22 00:00:00,15000.0,24500.0,22000.0,132
Gujarat,Jamnagar,Jamnagar,Dry Chillies,1st Sort,FAQ,2025-03-03 00:00:00,2000.0,15025.0,9525.0,132
Gujarat,Rajkot,Rajkot,Dry Chillies,Red,FAQ,2025-03-08 00:00:00,4250.0,10000.0,7850.0,132
Gujarat,Rajkot,Rajkot,Dry Chillies,Red,FAQ,2025-03-11 00:00:00,3000.0,10000.0,8000.0,132
Gujarat,Rajkot,Rajkot,Dry Chillies,Red,FAQ,2025-03-12 00:00:00,3750.0,9500.0,7750.0,132
Gujarat,Rajkot,Rajkot,Dry Chillies,Red,FAQ,2025-03-13 00:00:00,3500.0,10000.0,6500.0,132
Gujarat,Rajkot,Rajkot,Dry Chillies,Red,FAQ,2025-03-18 00:00:00,4000.0,10750.0,7300.0,132
Gujarat,Dahod,Dahod,Dry Chillies,Dry Chillies,FAQ,2025-06-12 00:00:00,11000.0,17500.0,15000.0,132
Gujarat,Jamnagar,Jamnagar,Dry Chillies,1st Sort,FAQ,2025-06-04 00:00:00,2000.0,6000.0,4150.0,132
Gujarat,Rajkot,Rajkot,Dry Chillies,Red,FAQ,2025-06-13 00:00:00,2000.0,4500.0,2500.0,132
Gujarat,Dahod,Dahod,Dry Chillies,Dry Chillies,FAQ,2025-05-02 00:00:00,12000.0,17500.0,15875.0,132
Gujarat,Dahod,Dahod,Dry Chillies,Dry Chillies,FAQ,2025-05-17 00:00:00,10000.0,17500.0,15000.0,132
Gujarat,Dahod,Dahod,Dry Chillies,Dry Chillies,FAQ,2025-05-24 00:00:00,10500.0,17500.0,15000.0,132
Gujarat,Jamnagar,Jamnagar,Dry Chillies,1st Sort,FAQ,2025-05-21 00:00:00,1975.0,6025.0,4125.0,132
Gujarat,Rajkot,Rajkot,Dry Chillies,Red,FAQ,2025-05-17 00:00:00,4000.0,7500.0,5000.0,132
Gujarat,Rajkot,Rajkot,Dry Chillies,Red,FAQ,2025-05-19 00:00:00,3750.0,7500.0,4700.0,132
Gujarat,Rajkot,Rajkot,Dry Chillies,Red,FAQ,2025-05-27 00:00:00,3900.0,7000.0,6250.0,132
Gujarat,Rajkot,Rajkot,Dry Chillies,Red,FAQ,2025-05-29 00:00:00,3500.0,9825.0,7500.0,132
Gujarat,Rajkot,Rajkot,Dry Chillies,Red,FAQ,2025-05-31 00:00:00,3500.0,6500.0,4500.0,132
Gujarat,Dahod,Dahod,Dry Chillies,Dry Chillies,FAQ,2025-04-01 00:00:00,12500.0,17000.0,15500.0,132
Gujarat,Dahod,Dahod,Dry Chillies,Dry Chillies,FAQ,2025-04-09 00:00:00,12500.0,17000.0,15500.0,132
Gujarat,Jamnagar,Jamnagar,Dry Chillies,1st Sort,FAQ,2025-04-02 00:00:00,1750.0,15000.0,8850.0,132
Gujarat,Jamnagar,Jamnagar,Dry Chillies,1st Sort,FAQ,2025-04-15 00:00:00,1000.0,10000.0,6050.0,132
Gujarat,Jamnagar,Jamnagar,Dry Chillies,1st Sort,FAQ,2025-04-23 00:00:00,1450.0,9025.0,5525.0,132
Gujarat,Jamnagar,Jamnagar,Dry Chillies,1st Sort,FAQ,2025-04-29 00:00:00,1000.0,9350.0,5625.0,132
Gujarat,Rajkot,Rajkot,Dry Chillies,Red,FAQ,2025-04-03 00:00:00,4275.0,11100.0,8750.0,132
Gujarat,Rajkot,Rajkot,Dry Chillies,Red,FAQ,2025-04-09 00:00:00,4250.0,9250.0,6600.0,132
Gujarat,Rajkot,Rajkot,Dry Chillies,Red,FAQ,2025-04-10 00:00:00,4100.0,10000.0,6850.0,132
Gujarat,Rajkot,Rajkot,Dry Chillies,Red,FAQ,2025-04-16 00:00:00,4000.0,9900.0,7750.0,132
Gujarat,Rajkot,Rajkot,Dry Chillies,Red,FAQ,2025-04-21 00:00:00,3900.0,10350.0,6500.0,132
Gujarat,Rajkot,Rajkot,Dry Chillies,Red,FAQ,2025-04-25 00:00:00,5250.0,11000.0,7500.0,132
Gujarat,Dahod,Dahod,Dry Chillies,Dry Chillies,FAQ,2024-12-09 00:00:00,15000.0,22500.0,20000.0,132
Gujarat,Jamnagar,Jamnagar,Dry Chillies,1st Sort,FAQ,2024-12-07 00:00:00,2400.0,12750.0,8875.0,132
Gujarat,Jamnagar,Jamnagar,Dry Chillies,1st Sort,FAQ,2024-12-19 00:00:00,3000.0,15275.0,9350.0,132
Gujarat,Jamnagar,Jamnagar,Dry Chillies,1st Sort,FAQ,2024-12-24 00:00:00,2500.0,16275.0,9525.0,132
Gujarat,Rajkot,Gondal,Dry Chillies,Bold 1,FAQ,2024-12-07 00:00:00,2005.0,14255.0,11255.0,132
Gujarat,Rajkot,Gondal,Dry Chillies,Bold 1,FAQ,2024-12-17 00:00:00,2505.0,15755.0,12255.0,132
Gujarat,Rajkot,Rajkot,Dry Chillies,Red,FAQ,2024-12-03 00:00:00,5000.0,12000.0,10000.0,132
Gujarat,Rajkot,Rajkot,Dry Chillies,Red,FAQ,2024-12-05 00:00:00,2500.0,12500.0,11000.0,132
Gujarat,Rajkot,Rajkot,Dry Chillies,Red,FAQ,2024-12-07 00:00:00,2500.0,12800.0,11150.0,132
Gujarat,Rajkot,Rajkot,Dry Chillies,Red,FAQ,2024-12-09 00:00:00,8000.0,13500.0,11150.0,132
Gujarat,Rajkot,Rajkot,Dry Chillies,Red,FAQ,2024-12-13 00:00:00,6250.0,12650.0,11450.0,132
Gujarat,Rajkot,Rajkot,Dry Chillies,Red,FAQ,2024-12-17 00:00:00,6000.0,14425.0,10250.0,132
Gujarat,Rajkot,Rajkot,Dry Chillies,Red,FAQ,2024-12-18 00:00:00,10000.0,17750.0,11500.0,132
Gujarat,Rajkot,Rajkot,Dry Chillies,Red,FAQ,2024-12-19 00:00:00,10000.0,14000.0,12500.0,132
Gujarat,Rajkot,Rajkot,Dry Chillies,Red,FAQ,2024-12-21 00:00:00,3750.0,13100.0,11100.0,132
Gujarat,Rajkot,Rajkot,Dry Chillies,Red,FAQ,2024-12-25 00:00:00,2500.0,16250.0,12500.0,132
Gujarat,Dahod,Dahod,Dry Chillies,Dry Chillies,FAQ,2024-11-18 00:00:00,15000.0,22500.0,20000.0,132
Gujarat,Dahod,Dahod,Dry Chillies,Dry Chillies,FAQ,2024-11-23 00:00:00,15000.0,22500.0,20000.0,132
Gujarat,Rajkot,Gondal,Dry Chillies,Bold 1,FAQ,2024-11-18 00:00:00,2755.0,13005.0,8755.0,132
Gujarat,Rajkot,Gondal,Dry Chillies,Bold 1,FAQ,2024-11-29 00:00:00,2005.0,13005.0,11255.0,132
Gujarat,Rajkot,Rajkot,Dry Chillies,Red,FAQ,2024-11-20 00:00:00,4500.0,15000.0,12500.0,132
Gujarat,Rajkot,Rajkot,Dry Chillies,Red,FAQ,2024-11-30 00:00:00,5000.0,13500.0,12555.0,132
Gujarat,Dahod,Dahod,Dry Chillies,Dry Chillies,FAQ,2024-09-25 00:00:00,15000.0,24500.0,22500.0,132
Gujarat,Dahod,Dahod,Dry Chillies,Dry Chillies,FAQ,2024-07-10 00:00:00,13000.0,24500.0,22500.0,132
Gujarat,Dahod,Dahod,Dry Chillies,Dry Chillies,FAQ,2024-07-22 00:00:00,13000.0,24500.0,22500.0,132
Gujarat,Dahod,Dahod,Dry Chillies,Dry Chillies,FAQ,2024-07-27 00:00:00,12500.0,24500.0,21000.0,132
Gujarat,Rajkot,Rajkot APMC,Dry Chillies,Dry Chillies,FAQ,2025-11-14 00:00:00,5750.0,18750.0,12000.0,132
Gujarat,Rajkot,Rajkot APMC,Dry Chillies,Dry Chillies,FAQ,2025-11-15 00:00:00,5750.0,18500.0,12750.0,132
Gujarat,Rajkot,Rajkot APMC,Dry Chillies,Dry Chillies,FAQ,2025-11-17 00:00:00,5850.0,19500.0,13000.0,132
Gujarat,Rajkot,Gondal APMC,Dry Chillies,Dry Chillies,FAQ,2025-11-17 00:00:00,3255.0,20505.0,14255.0,132
Gujarat,Rajkot,Gondal APMC,Dry Chillies,Dry Chillies,FAQ,2025-11-18 00:00:00,3255.0,20505.0,14255.0,132
Gujarat,Rajkot,Rajkot APMC,Dry Chillies,Dry Chillies,FAQ,2025-11-26 00:00:00,6000.0,21250.0,9500.0,132
Gujarat,Rajkot,Rajkot APMC,Dry Chillies,Dry Chillies,FAQ,2025-11-27 00:00:00,5000.0,20800.0,10500.0,132
Gujarat,Dahod,Dahod,Dry Chillies,Dry Chillies,FAQ,2025-08-26 00:00:00,11500.0,17500.0,15250.0,132
Gujarat,Rajkot,Jasdan APMC,Dry Chillies,Dry Chillies,FAQ,2026-01-09 00:00:00,5000.0,7755.0,6500.0,132
Gujarat,Dahod,Dahod APMC,Dry Chillies,Dry Chillies,FAQ,2025-12-01 00:00:00,11500.0,19000.0,16000.0,132
Gujarat,Rajkot,Rajkot APMC,Dry Chillies,Dry Chillies,FAQ,2025-12-02 00:00:00,5000.0,17075.0,12500.0,132
Gujarat,Rajkot,Gondal APMC,Dry Chillies,Dry Chillies,FAQ,2025-12-05 00:00:00,3255.0,19005.0,13505.0,132
Gujarat,Rajkot,Gondal APMC,Dry Chillies,Dry Chillies,FAQ,2025-12-08 00:00:00,3255.0,18005.0,13505.0,132
Gujarat,Dahod,Dahod APMC,Dry Chillies,Dry Chillies,FAQ,2025-12-17 00:00:00,12000.0,19000.0,15000.0,132
Gujarat,Rajkot,Rajkot APMC,Dry Chillies,Dry Chillies,FAQ,2025-12-18 00:00:00,10500.0,18300.0,14500.0,132
Gujarat,Rajkot,Gondal APMC,Dry Chillies,Dry Chillies,FAQ,2025-12-18 00:00:00,4005.0,21255.0,16005.0,132
Gujarat,Rajkot,Rajkot APMC,Dry Chillies,Dry Chillies,FAQ,2025-12-20 00:00:00,10700.0,18000.0,15000.0,132
Gujarat,Rajkot,Gondal APMC,Dry Chillies,Dry Chillies,FAQ,2025-12-24 00:00:00,4755.0,21755.0,17255.0,132
Gujarat,Jamnagar,Jamnagar APMC,Dry Chillies,Other,Local,2025-12-04 00:00:00,10000.0,18025.0,15225.0,132
Gujarat,Jamnagar,Jamnagar APMC,Dry Chillies,Other,Local,2025-12-10 00:00:00,3500.0,10450.0,8852.0,132
Gujarat,Jamnagar,Jamnagar APMC,Dry Chillies,Other,Local,2025-12-09 00:00:00,3500.0,16625.0,11925.0,132
Gujarat,Jamnagar,Jamnagar APMC,Dry Chillies,Other,Local,2025-12-11 00:00:00,3500.0,13800.0,9625.0,132
Gujarat,Jamnagar,Jamnagar APMC,Dry Chillies,Other,Local,2025-12-16 00:00:00,4000.0,16025.0,11725.0,132
Gujarat,Jamnagar,Jamnagar APMC,Dry Chillies,Other,Local,2025-12-19 00:00:00,4500.0,17000.0,13115.0,132
Gujarat,Jamnagar,Jamnagar APMC,Dry Chillies,Other,Local,2025-12-31 00:00:00,5500.0,22525.0,15325.0,132
Gujarat,Rajkot,Gondal APMC,Dry Chillies,Desi,FAQ,2026-01-07 00:00:00,5255.0,28005.0,19005.0,132
Gujarat,Rajkot,Jetpur(Dist.Rajkot) APMC,Dry Chillies,Dry Chillies,FAQ,2026-01-02 00:00:00,7255.0,19255.0,16500.0,132
Gujarat,Rajkot,Rajkot APMC,Dry Chillies,Dry Chillies,FAQ,2026-01-06 00:00:00,7500.0,22000.0,19000.0,132
Gujarat,Rajkot,Gondal APMC,Dry Chillies,Dry Chillies,FAQ,2026-01-05 00:00:00,5505.0,26255.0,18505.0,132
Gujarat,Dahod,Dahod APMC,Dry Chillies,Dry Chillies,FAQ,2026-01-07 00:00:00,12000.0,19000.0,17500.0,132
Gujarat,Rajkot,Rajkot APMC,Dry Chillies,Dry Chillies,FAQ,2026-01-13 00:00:00,11800.0,23600.0,15750.0,132
Gujarat,Rajkot,Rajkot APMC,Dry Chillies,Dry Chillies,FAQ,2026-01-07 00:00:00,7500.0,21000.0,18000.0,132
Gujarat,Rajkot,Gondal APMC,Dry Chillies,Dry Chillies,FAQ,2026-01-08 00:00:00,5005.0,27005.0,18255.0,132
Gujarat,Rajkot,Rajkot APMC,Dry Chillies,Dry Chillies,FAQ,2026-01-12 00:00:00,13500.0,21750.0,16000.0,132
Gujarat,Rajkot,Jetpur(Dist.Rajkot) APMC,Dry Chillies,Dry Chillies,FAQ,2026-01-15 00:00:00,7505.0,22505.0,17500.0,132
Gujarat,Rajkot,Rajkot APMC,Dry Chillies,Dry Chillies,FAQ,2026-01-20 00:00:00,13000.0,24500.0,21125.0,132
Gujarat,Rajkot,Rajkot APMC,Dry Chillies,Dry Chillies,FAQ,2026-01-16 00:00:00,10750.0,23750.0,18850.0,132
Gujarat,Rajkot,Rajkot APMC,Dry Chillies,Dry Chillies,FAQ,2026-01-19 00:00:00,11000.0,22000.0,17500.0,132
Gujarat,Dahod,Dahod APMC,Dry Chillies,Dry Chillies,FAQ,2026-01-24 00:00:00,14500.0,19500.0,17500.0,132
Gujarat,Rajkot,Jetpur(Dist.Rajkot) APMC,Dry Chillies,Dry Chillies,FAQ,2026-01-22 00:00:00,16000.0,27250.0,17500.0,132
Gujarat,Rajkot,Jetpur(Dist.Rajkot) APMC,Dry Chillies,Dry Chillies,FAQ,2026-01-27 00:00:00,7505.0,26255.0,17500.0,132
Gujarat,Dahod,Dahod APMC,Dry Chillies,Dry Chillies,FAQ,2026-02-02 00:00:00,12000.0,22500.0,20000.0,132
Gujarat,Rajkot,Gondal APMC,Dry Chillies,Dry Chillies,FAQ,2026-02-02 00:00:00,7255.0,36005.0,25005.0,132
Gujarat,Rajkot,Rajkot APMC,Dry Chillies,Dry Chillies,FAQ,2026-02-03 00:00:00,11000.0,27500.0,20500.0,132
Gujarat,Rajkot,Rajkot APMC,Dry Chillies,Dry Chillies,FAQ,2026-02-04 00:00:00,15250.0,37000.0,22500.0,132
Gujarat,Rajkot,Jetpur(Dist.Rajkot) APMC,Dry Chillies,Dry Chillies,FAQ,2026-02-05 00:00:00,7500.0,30755.0,20000.0,132
Gujarat,Rajkot,Rajkot APMC,Dry Chillies,Dry Chillies,FAQ,2026-02-06 00:00:00,15000.0,29525.0,21500.0,132
Gujarat,Jamnagar,Jamnagar APMC,Dry Chillies,Other,Local,2026-01-13 00:00:00,6500.0,29425.0,19325.0,132
Gujarat,Jamnagar,Jamnagar APMC,Dry Chillies,Other,Local,2026-01-09 00:00:00,6000.0,25000.0,15325.0,132
Gujarat,Dahod,Dahod,Dry Chillies,Other,FAQ,2014-01-16 00:00:00,6750.0,12500.0,11500.0,132
Gujarat,Dahod,Dahod,Dry Chillies,Other,FAQ,2014-01-20 00:00:00,8000.0,12000.0,10000.0,132
Gujarat,Dahod,Dahod,Dry Chillies,Other,FAQ,2014-02-06 00:00:00,7000.0,12250.0,11500.0,132
Gujarat,Dahod,Dahod,Dry Chillies,Other,FAQ,2014-02-26 00:00:00,7000.0,11500.0,11250.0,132
Gujarat,Dahod,Dahod,Dry Chillies,Other,FAQ,2014-03-12 00:00:00,7000.0,11500.0,10500.0,132
Gujarat,Dahod,Dahod,Dry Chillies,Other,FAQ,2014-03-14 00:00:00,7000.0,11500.0,9375.0,132
Gujarat,Dahod,Dahod,Dry Chillies,Other,FAQ,2014-04-03 00:00:00,7000.0,11500.0,10500.0,132
Gujarat,Dahod,Dahod,Dry Chillies,Other,FAQ,2014-04-11 00:00:00,7000.0,11500.0,11000.0,132
Gujarat,Dahod,Dahod,Dry Chillies,Other,FAQ,2014-04-17 00:00:00,7000.0,11500.0,10500.0,132
Gujarat,Dahod,Dahod,Dry Chillies,Other,FAQ,2014-05-13 00:00:00,7000.0,11000.0,10000.0,132
Gujarat,Dahod,Dahod,Dry Chillies,Other,FAQ,2014-05-16 00:00:00,7000.0,11000.0,10000.0,132
Gujarat,Dahod,Dahod,Dry Chillies,Other,FAQ,2014-05-24 00:00:00,7000.0,11000.0,10000.0,132
Gujarat,Dahod,Dahod,Dry Chillies,Other,FAQ,2014-05-31 00:00:00,7000.0,11000.0,10250.0,132
Gujarat,Dahod,Dahod,Dry Chillies,Other,FAQ,2014-06-16 00:00:00,7000.0,11000.0,10250.0,132
Gujarat,Rajkot,Gondal,Dry Chillies,Local,FAQ,2014-02-06 00:00:00,2055.0,13955.0,8955.0,132
Gujarat,Rajkot,Gondal,Dry Chillies,Local,FAQ,2014-02-14 00:00:00,2305.0,16255.0,12255.0,132
Gujarat,Rajkot,Gondal,Dry Chillies,Local,FAQ,2014-02-21 00:00:00,2000.0,14855.0,7355.0,132
Gujarat,Rajkot,Gondal,Dry Chillies,Local,FAQ,2014-03-26 00:00:00,2405.0,14705.0,11000.0,132
Gujarat,Rajkot,Gondal,Dry Chillies,Local,FAQ,2014-04-04 00:00:00,2505.0,12455.0,10455.0,132
Gujarat,Rajkot,Gondal,Dry Chillies,Local,FAQ,2014-04-23 00:00:00,1005.0,8955.0,6455.0,132
Gujarat,Rajkot,Gondal,Dry Chillies,Local,FAQ,2014-05-02 00:00:00,1005.0,8205.0,6205.0,132
Gujarat,Rajkot,Gondal,Dry Chillies,Local,FAQ,2014-05-07 00:00:00,1105.0,8455.0,6455.0,132
Gujarat,Rajkot,Gondal,Dry Chillies,Local,FAQ,2014-05-09 00:00:00,1005.0,7855.0,5505.0,132
Gujarat,Rajkot,Gondal,Dry Chillies,Local,FAQ,2014-05-19 00:00:00,1155.0,6655.0,4505.0,132
Gujarat,Rajkot,Gondal,Dry Chillies,Local,FAQ,2014-05-22 00:00:00,1255.0,6755.0,4255.0,132
Gujarat,Vadodara(Baroda),Vadodara,Dry Chillies,Other,FAQ,2014-01-02 00:00:00,7000.0,7500.0,7500.0,132
Gujarat,Vadodara(Baroda),Vadodara,Dry Chillies,Other,FAQ,2014-01-06 00:00:00,7000.0,7500.0,7500.0,132
Gujarat,Vadodara(Baroda),Vadodara,Dry Chillies,Other,FAQ,2014-01-07 00:00:00,7000.0,7500.0,7500.0,132
Gujarat,Vadodara(Baroda),Vadodara,Dry Chillies,Other,FAQ,2014-01-20 00:00:00,6000.0,8000.0,8000.0,132
Gujarat,Vadodara(Baroda),Vadodara,Dry Chillies,Other,FAQ,2014-02-01 00:00:00,6000.0,7000.0,7000.0,132
Gujarat,Vadodara(Baroda),Vadodara,Dry Chillies,Other,FAQ,2014-02-10 00:00:00,6000.0,7000.0,7000.0,132
Gujarat,Vadodara(Baroda),Vadodara,Dry Chillies,Other,FAQ,2014-02-19 00:00:00,6000.0,7000.0,7000.0,132
Gujarat,Vadodara(Baroda),Vadodara,Dry Chillies,Other,FAQ,2014-03-03 00:00:00,7500.0,9000.0,9000.0,132
Gujarat,Vadodara(Baroda),Vadodara,Dry Chillies,Other,FAQ,2014-03-28 00:00:00,7000.0,8000.0,8000.0,132
Gujarat,Vadodara(Baroda),Vadodara,Dry Chillies,Other,FAQ,2014-04-29 00:00:00,6000.0,9000.0,9000.0,132
Gujarat,Vadodara(Baroda),Vadodara,Dry Chillies,Other,FAQ,2014-05-06 00:00:00,6000.0,7000.0,7000.0,132
Gujarat,Vadodara(Baroda),Vadodara,Dry Chillies,Other,FAQ,2014-05-13 00:00:00,6000.0,7000.0,7000.0,132
Gujarat,Vadodara(Baroda),Vadodara,Dry Chillies,Other,FAQ,2014-05-23 00:00:00,6000.0,7500.0,7500.0,132
Gujarat,Vadodara(Baroda),Vadodara,Dry Chillies,Other,FAQ,2014-06-05 00:00:00,6000.0,7000.0,7000.0,132
Gujarat,Vadodara(Baroda),Vadodara,Dry Chillies,Other,FAQ,2014-07-17 00:00:00,7000.0,8000.0,8000.0,132
Gujarat,Vadodara(Baroda),Vadodara,Dry Chillies,Other,FAQ,2014-08-11 00:00:00,6000.0,8000.0,8000.0,132
Gujarat,Vadodara(Baroda),Vadodara,Dry Chillies,Other,FAQ,2014-08-20 00:00:00,6000.0,8000.0,8000.0,132
Gujarat,Vadodara(Baroda),Vadodara,Dry Chillies,Other,FAQ,2014-08-21 00:00:00,6000.0,8000.0,8000.0,132
Gujarat,Vadodara(Baroda),Vadodara,Dry Chillies,Other,FAQ,2014-09-23 00:00:00,6400.0,7000.0,7000.0,132
Gujarat,Vadodara(Baroda),Vadodara,Dry Chillies,Other,FAQ,2014-09-24 00:00:00,6400.0,7000.0,7000.0,132
Gujarat,Vadodara(Baroda),Vadodara,Dry Chillies,Other,FAQ,2014-09-30 00:00:00,7000.0,9000.0,9000.0,132
Gujarat,Vadodara(Baroda),Vadodara,Dry Chillies,Other,FAQ,2014-10-01 00:00:00,7000.0,9000.0,9000.0,132
Gujarat,Vadodara(Baroda),Vadodara,Dry Chillies,Other,FAQ,2014-10-06 00:00:00,7000.0,9000.0,9000.0,132
Gujarat,Vadodara(Baroda),Vadodara,Dry Chillies,Other,FAQ,2014-10-29 00:00:00,4500.0,7000.0,7000.0,132
Gujarat,Vadodara(Baroda),Vadodara,Dry Chillies,Other,FAQ,2014-11-03 00:00:00,4500.0,7000.0,7000.0,132
Gujarat,Vadodara(Baroda),Vadodara,Dry Chillies,Other,FAQ,2014-11-27 00:00:00,7500.0,8500.0,8500.0,132
Gujarat,Vadodara(Baroda),Vadodara,Dry Chillies,Other,FAQ,2014-12-13 00:00:00,7500.0,8500.0,8500.0,132
Gujarat,Vadodara(Baroda),Vadodara,Dry Chillies,Other,FAQ,2014-12-15 00:00:00,8000.0,9000.0,9000.0,132
Gujarat,Vadodara(Baroda),Vadodara,Dry Chillies,Other,FAQ,2014-12-18 00:00:00,8000.0,9000.0,9000.0,132
Gujarat,Dahod,Dahod,Dry Chillies,Dry Chillies,FAQ,2018-03-20 00:00:00,8000.0,11000.0,9000.0,132
Gujarat,Dahod,Dahod,Dry Chillies,Dry Chillies,FAQ,2018-05-14 00:00:00,8500.0,11000.0,10000.0,132
Gujarat,Dahod,Dahod,Dry Chillies,Dry Chillies,FAQ,2018-05-18 00:00:00,8500.0,11000.0,9500.0,132
Gujarat,Dahod,Dahod,Dry Chillies,Dry Chillies,FAQ,2018-05-30 00:00:00,9500.0,12300.0,10500.0,132
Gujarat,Dahod,Dahod,Dry Chillies,Dry Chillies,FAQ,2018-06-09 00:00:00,9000.0,12000.0,11750.0,132
Gujarat,Dahod,Dahod,Dry Chillies,Dry Chillies,FAQ,2018-06-11 00:00:00,9000.0,12000.0,11000.0,132
Gujarat,Dahod,Dahod,Dry Chillies,Dry Chillies,FAQ,2018-06-12 00:00:00,9000.0,12000.0,11000.0,132
Gujarat,Dahod,Dahod,Dry Chillies,Dry Chillies,FAQ,2018-06-22 00:00:00,8500.0,12250.0,11000.0,132
Gujarat,Dahod,Dahod,Dry Chillies,Dry Chillies,FAQ,2018-06-26 00:00:00,8500.0,12250.0,10500.0,132
Gujarat,Dahod,Dahod,Dry Chillies,Dry Chillies,FAQ,2018-07-02 00:00:00,8500.0,12000.0,11000.0,132
Gujarat,Dahod,Dahod,Dry Chillies,Dry Chillies,FAQ,2018-07-03 00:00:00,8500.0,12000.0,11000.0,132
Gujarat,Dahod,Dahod,Dry Chillies,Dry Chillies,FAQ,2018-07-13 00:00:00,8500.0,12000.0,10000.0,132
Gujarat,Dahod,Dahod,Dry Chillies,Dry Chillies,FAQ,2018-07-30 00:00:00,8250.0,12250.0,11000.0,132
Gujarat,Dahod,Dahod,Dry Chillies,Dry Chillies,FAQ,2018-08-03 00:00:00,8500.0,12250.0,11000.0,132
Gujarat,Dahod,Dahod,Dry Chillies,Dry Chillies,FAQ,2018-08-09 00:00:00,8500.0,12250.0,11000.0,132
Gujarat,Dahod,Dahod,Dry Chillies,Dry Chillies,FAQ,2018-08-16 00:00:00,8500.0,12000.0,10000.0,132
Gujarat,Dahod,Dahod,Dry Chillies,Dry Chillies,FAQ,2018-08-31 00:00:00,9500.0,12500.0,11000.0,132
Gujarat,Dahod,Dahod,Dry Chillies,Dry Chillies,FAQ,2018-09-11 00:00:00,9500.0,12500.0,11000.0,132
Gujarat,Dahod,Dahod,Dry Chillies,Dry Chillies,FAQ,2018-09-22 00:00:00,9500.0,12500.0,10000.0,132
Gujarat,Dahod,Dahod,Dry Chillies,Dry Chillies,FAQ,2018-09-24 00:00:00,9500.0,12500.0,12000.0,132
Gujarat,Dahod,Dahod,Dry Chillies,Dry Chillies,FAQ,2018-09-29 00:00:00,9500.0,12500.0,11000.0,132
Gujarat,Dahod,Dahod,Dry Chillies,Dry Chillies,FAQ,2018-10-27 00:00:00,9500.0,12500.0,11000.0,132
Gujarat,Dahod,Dahod,Dry Chillies,Dry Chillies,FAQ,2018-11-06 00:00:00,9500.0,12500.0,12000.0,132
Gujarat,Dahod,Dahod,Dry Chillies,Dry Chillies,FAQ,2018-11-10 00:00:00,9500.0,13500.0,12000.0,132
Gujarat,Dahod,Dahod,Dry Chillies,Dry Chillies,FAQ,2018-11-17 00:00:00,9500.0,13500.0,12000.0,132
Gujarat,Dahod,Dahod,Dry Chillies,Dry Chillies,FAQ,2018-12-17 00:00:00,9500.0,13500.0,12500.0,132
Gujarat,Jamnagar,Jamnagar,Dry Chillies,1st Sort,FAQ,2018-03-14 00:00:00,2350.0,8950.0,5650.0,132
Gujarat,Jamnagar,Jamnagar,Dry Chillies,1st Sort,FAQ,2018-04-03 00:00:00,2000.0,8675.0,5338.0,132
Gujarat,Jamnagar,Jamnagar,Dry Chillies,1st Sort,FAQ,2018-11-21 00:00:00,5100.0,8750.0,6925.0,132
Gujarat,Jamnagar,Jamnagar,Dry Chillies,1st Sort,FAQ,2018-12-12 00:00:00,6875.0,8750.0,7813.0,132
Gujarat,Jamnagar,Jamnagar,Dry Chillies,1st Sort,FAQ,2018-12-19 00:00:00,4625.0,9600.0,7113.0,132
Gujarat,Jamnagar,Jamnagar,Dry Chillies,1st Sort,FAQ,2018-12-28 00:00:00,3650.0,9725.0,6688.0,132
Gujarat,Jamnagar,Jamnagar,Dry Chillies,1st Sort,FAQ,2018-12-29 00:00:00,4500.0,8475.0,6488.0,132
Gujarat,Rajkot,Gondal,Dry Chillies,Bold 1,FAQ,2018-01-03 00:00:00,3505.0,11880.0,7880.0,132
Gujarat,Rajkot,Gondal,Dry Chillies,Bold 1,FAQ,2018-01-04 00:00:00,3505.0,11880.0,9380.0,132
Gujarat,Rajkot,Gondal,Dry Chillies,Bold 1,FAQ,2018-01-11 00:00:00,3505.0,12005.0,9380.0,132
Gujarat,Rajkot,Gondal,Dry Chillies,Bold 1,FAQ,2018-01-16 00:00:00,4005.0,11880.0,9130.0,132
Gujarat,Rajkot,Gondal,Dry Chillies,Bold 1,FAQ,2018-01-18 00:00:00,3755.0,11880.0,8880.0,132
Gujarat,Rajkot,Gondal,Dry Chillies,Bold 1,FAQ,2018-01-22 00:00:00,3505.0,12130.0,9130.0,132
Gujarat,Rajkot,Gondal,Dry Chillies,Bold 1,FAQ,2018-01-25 00:00:00,4005.0,12380.0,9380.0,132
Gujarat,Rajkot,Gondal,Dry Chillies,Bold 1,FAQ,2018-01-30 00:00:00,3755.0,11755.0,9255.0,132
Gujarat,Rajkot,Gondal,Dry Chillies,Bold 1,FAQ,2018-02-01 00:00:00,4005.0,12380.0,9255.0,132
Gujarat,Rajkot,Gondal,Dry Chillies,Bold 1,FAQ,2018-02-16 00:00:00,5505.0,14005.0,9505.0,132
Gujarat,Rajkot,Gondal,Dry Chillies,Bold 1,FAQ,2018-02-23 00:00:00,5505.0,14255.0,10130.0,132
Gujarat,Rajkot,Gondal,Dry Chillies,Bold 1,FAQ,2018-02-26 00:00:00,4005.0,13755.0,10755.0,132
Gujarat,Rajkot,Gondal,Dry Chillies,Bold 1,FAQ,2018-03-15 00:00:00,1755.0,12755.0,10755.0,132
Gujarat,Rajkot,Gondal,Dry Chillies,Bold 1,FAQ,2018-03-17 00:00:00,3005.0,12755.0,8255.0,132
Gujarat,Rajkot,Gondal,Dry Chillies,Bold 1,FAQ,2018-03-19 00:00:00,2505.0,12255.0,7755.0,132
Gujarat,Rajkot,Gondal,Dry Chillies,Bold 1,FAQ,2018-04-02 00:00:00,3505.0,14505.0,9005.0,132
Gujarat,Rajkot,Gondal,Dry Chillies,Bold 1,FAQ,2018-04-12 00:00:00,3505.0,15255.0,11255.0,132
Gujarat,Rajkot,Gondal,Dry Chillies,Bold 1,FAQ,2018-04-27 00:00:00,2755.0,14255.0,11255.0,132
Gujarat,Rajkot,Gondal,Dry Chillies,Bold 1,FAQ,2018-05-09 00:00:00,2005.0,13005.0,8505.0,132
Gujarat,Rajkot,Gondal,Dry Chillies,Bold 1,FAQ,2018-05-15 00:00:00,1255.0,12505.0,12505.0,132
Gujarat,Rajkot,Gondal,Dry Chillies,Bold 1,FAQ,2018-11-27 00:00:00,5505.0,9380.0,7880.0,132
Gujarat,Rajkot,Gondal,Dry Chillies,Bold 1,FAQ,2018-11-28 00:00:00,5505.0,9380.0,7380.0,132
Gujarat,Rajkot,Gondal,Dry Chillies,Bold 1,FAQ,2018-12-01 00:00:00,5005.0,9130.0,7130.0,132
Gujarat,Rajkot,Gondal,Dry Chillies,Bold 1,FAQ,2018-12-24 00:00:00,5005.0,9005.0,7380.0,132
Gujarat,Rajkot,Gondal,Dry Chillies,Bold 1,FAQ,2018-12-25 00:00:00,5005.0,9630.0,7755.0,132
Gujarat,Rajkot,Gondal,Dry Chillies,Bold 1,FAQ,2018-12-29 00:00:00,5130.0,9255.0,7630.0,132
Gujarat,Rajkot,Rajkot,Dry Chillies,Red,FAQ,2018-12-10 00:00:00,6000.0,7250.0,6750.0,132
Gujarat,Rajkot,Rajkot,Dry Chillies,Red,FAQ,2018-12-11 00:00:00,6000.0,7250.0,6750.0,132
Gujarat,Rajkot,Rajkot,Dry Chillies,Red,FAQ,2018-12-22 00:00:00,6000.0,8500.0,7500.0,132
Gujarat,Rajkot,Rajkot,Dry Chillies,Red,FAQ,2018-12-29 00:00:00,6500.0,8250.0,7500.0,132
Gujarat,Vadodara(Baroda),Vadodara,Dry Chillies,Other,FAQ,2018-02-06 00:00:00,6000.0,8000.0,8000.0,132
Gujarat,Vadodara(Baroda),Vadodara,Dry Chillies,Other,FAQ,2018-03-08 00:00:00,6500.0,10000.0,10000.0,132
Gujarat,Vadodara(Baroda),Vadodara,Dry Chillies,Other,FAQ,2018-03-13 00:00:00,6500.0,10000.0,10000.0,132
Gujarat,Vadodara(Baroda),Vadodara,Dry Chillies,Other,FAQ,2018-03-30 00:00:00,8000.0,12000.0,12000.0,132
Gujarat,Vadodara(Baroda),Vadodara,Dry Chillies,Other,FAQ,2018-06-06 00:00:00,8000.0,10000.0,10000.0,132
Gujarat,Vadodara(Baroda),Vadodara,Dry Chillies,Other,FAQ,2018-06-29 00:00:00,8000.0,10000.0,10000.0,132
Gujarat,Vadodara(Baroda),Vadodara,Dry Chillies,Other,FAQ,2018-07-23 00:00:00,8000.0,10000.0,10000.0,132
Gujarat,Vadodara(Baroda),Vadodara,Dry Chillies,Other,FAQ,2018-08-14 00:00:00,8000.0,10000.0,10000.0,132
Gujarat,Vadodara(Baroda),Vadodara,Dry Chillies,Other,FAQ,2018-09-22 00:00:00,7000.0,9000.0,9000.0,132
Gujarat,Vadodara(Baroda),Vadodara,Dry Chillies,Other,FAQ,2018-10-11 00:00:00,8000.0,10000.0,10000.0,132
Gujarat,Vadodara(Baroda),Vadodara,Dry Chillies,Other,FAQ,2018-10-16 00:00:00,8000.0,10000.0,10000.0,132
Gujarat,Vadodara(Baroda),Vadodara,Dry Chillies,Other,FAQ,2018-11-02 00:00:00,8000.0,9000.0,9000.0,132
Gujarat,Vadodara(Baroda),Vadodara,Dry Chillies,Other,FAQ,2018-11-20 00:00:00,7000.0,8000.0,8000.0,132
Gujarat,Vadodara(Baroda),Vadodara,Dry Chillies,Other,FAQ,2018-11-27 00:00:00,7000.0,8000.0,8000.0,132
Gujarat,Dahod,Dahod,Dry Chillies,Dry Chillies,FAQ,2019-01-19 00:00:00,10000.0,12500.0,11500.0,132
Gujarat,Dahod,Dahod,Dry Chillies,Dry Chillies,FAQ,2019-01-22 00:00:00,10000.0,12500.0,12000.0,132
Gujarat,Dahod,Dahod,Dry Chillies,Dry Chillies,FAQ,2019-02-11 00:00:00,9000.0,12500.0,11000.0,132
Gujarat,Dahod,Dahod,Dry Chillies,Dry Chillies,FAQ,2019-02-14 00:00:00,9000.0,12500.0,11500.0,132
Gujarat,Dahod,Dahod,Dry Chillies,Dry Chillies,FAQ,2019-02-15 00:00:00,9000.0,12500.0,11500.0,132
Gujarat,Dahod,Dahod,Dry Chillies,Dry Chillies,FAQ,2019-02-16 00:00:00,9000.0,12500.0,11500.0,132
Gujarat,Dahod,Dahod,Dry Chillies,Dry Chillies,FAQ,2019-02-19 00:00:00,9000.0,12500.0,11500.0,132
Gujarat,Dahod,Dahod,Dry Chillies,Dry Chillies,FAQ,2019-04-09 00:00:00,8000.0,11500.0,11000.0,132
Gujarat,Dahod,Dahod,Dry Chillies,Dry Chillies,FAQ,2019-05-17 00:00:00,10000.0,13000.0,12000.0,132
Gujarat,Dahod,Dahod,Dry Chillies,Dry Chillies,FAQ,2019-05-20 00:00:00,10000.0,13000.0,12000.0,132
Gujarat,Dahod,Dahod,Dry Chillies,Dry Chillies,FAQ,2019-06-01 00:00:00,10000.0,13000.0,11500.0,132
Gujarat,Dahod,Dahod,Dry Chillies,Dry Chillies,FAQ,2019-06-06 00:00:00,10000.0,13000.0,12000.0,132
Gujarat,Dahod,Dahod,Dry Chillies,Dry Chillies,FAQ,2019-06-12 00:00:00,10000.0,13000.0,12000.0,132
Gujarat,Dahod,Dahod,Dry Chillies,Dry Chillies,FAQ,2019-07-15 00:00:00,9500.0,13500.0,12250.0,132
Gujarat,Dahod,Dahod,Dry Chillies,Dry Chillies,FAQ,2019-09-19 00:00:00,12000.0,18500.0,15750.0,132
Gujarat,Dahod,Dahod,Dry Chillies,Dry Chillies,FAQ,2019-09-25 00:00:00,12000.0,18500.0,16250.0,132
Gujarat,Dahod,Dahod,Dry Chillies,Dry Chillies,FAQ,2019-10-10 00:00:00,12000.0,18500.0,16750.0,132
Gujarat,Dahod,Dahod,Dry Chillies,Dry Chillies,FAQ,2019-11-11 00:00:00,12000.0,18500.0,15000.0,132
Gujarat,Dahod,Dahod,Dry Chillies,Dry Chillies,FAQ,2019-11-13 00:00:00,13000.0,20000.0,18000.0,132
Gujarat,Dahod,Dahod,Dry Chillies,Dry Chillies,FAQ,2019-11-16 00:00:00,14000.0,21000.0,19000.0,132
Gujarat,Dahod,Dahod,Dry Chillies,Dry Chillies,FAQ,2019-11-18 00:00:00,14000.0,21000.0,19000.0,132
Gujarat,Dahod,Dahod,Dry Chillies,Dry Chillies,FAQ,2019-12-04 00:00:00,14000.0,21000.0,18000.0,132
Gujarat,Dahod,Dahod,Dry Chillies,Dry Chillies,FAQ,2019-12-10 00:00:00,15000.0,21000.0,20000.0,132
Gujarat,Dahod,Dahod,Dry Chillies,Dry Chillies,FAQ,2019-12-11 00:00:00,15000.0,21000.0,20000.0,132
Gujarat,Dahod,Dahod,Dry Chillies,Dry Chillies,FAQ,2019-12-17 00:00:00,15000.0,21000.0,20000.0,132
Gujarat,Dahod,Dahod,Dry Chillies,Dry Chillies,FAQ,2019-12-31 00:00:00,15000.0,21500.0,20000.0,132
Gujarat,Jamnagar,Jamnagar,Dry Chillies,1st Sort,FAQ,2019-01-01 00:00:00,4000.0,8950.0,6475.0,132
Gujarat,Jamnagar,Jamnagar,Dry Chillies,1st Sort,FAQ,2019-01-05 00:00:00,4000.0,8500.0,6250.0,132
Gujarat,Jamnagar,Jamnagar,Dry Chillies,1st Sort,FAQ,2019-01-09 00:00:00,3000.0,8700.0,5850.0,132
Gujarat,Jamnagar,Jamnagar,Dry Chillies,1st Sort,FAQ,2019-01-15 00:00:00,3500.0,7075.0,5288.0,132
Gujarat,Jamnagar,Jamnagar,Dry Chillies,1st Sort,FAQ,2019-01-22 00:00:00,3500.0,6475.0,4988.0,132
Gujarat,Jamnagar,Jamnagar,Dry Chillies,1st Sort,FAQ,2019-01-25 00:00:00,2500.0,6750.0,4625.0,132
Gujarat,Jamnagar,Jamnagar,Dry Chillies,1st Sort,FAQ,2019-02-01 00:00:00,2725.0,7950.0,5338.0,132
Gujarat,Jamnagar,Jamnagar,Dry Chillies,1st Sort,FAQ,2019-02-07 00:00:00,2250.0,8250.0,5250.0,132
Gujarat,Jamnagar,Jamnagar,Dry Chillies,1st Sort,FAQ,2019-02-08 00:00:00,2250.0,8250.0,5250.0,132
Gujarat,Jamnagar,Jamnagar,Dry Chillies,1st Sort,FAQ,2019-02-11 00:00:00,2500.0,9900.0,6200.0,132
Gujarat,Jamnagar,Jamnagar,Dry Chillies,1st Sort,FAQ,2019-02-19 00:00:00,3075.0,6350.0,4713.0,132
Gujarat,Jamnagar,Jamnagar,Dry Chillies,1st Sort,FAQ,2019-03-08 00:00:00,2525.0,5750.0,4138.0,132
Gujarat,Jamnagar,Jamnagar,Dry Chillies,1st Sort,FAQ,2019-04-02 00:00:00,4000.0,5875.0,4938.0,132
Gujarat,Jamnagar,Jamnagar,Dry Chillies,1st Sort,FAQ,2019-04-05 00:00:00,3500.0,13000.0,10250.0,132
Gujarat,Jamnagar,Jamnagar,Dry Chillies,1st Sort,FAQ,2019-05-17 00:00:00,2500.0,7500.0,4263.0,132
Gujarat,Jamnagar,Jamnagar,Dry Chillies,1st Sort,FAQ,2019-11-22 00:00:00,7050.0,9525.0,8288.0,132
Gujarat,Jamnagar,Jamnagar,Dry Chillies,1st Sort,FAQ,2019-12-07 00:00:00,3500.0,6675.0,5088.0,132
Gujarat,Jamnagar,Jamnagar,Dry Chillies,1st Sort,FAQ,2019-12-13 00:00:00,2750.0,13750.0,8250.0,132
Gujarat,Jamnagar,Jamnagar,Dry Chillies,1st Sort,FAQ,2019-12-18 00:00:00,4525.0,13900.0,9213.0,132
Gujarat,Jamnagar,Jamnagar,Dry Chillies,1st Sort,FAQ,2019-12-27 00:00:00,4025.0,12575.0,8300.0,132
Gujarat,Rajkot,Gondal,Dry Chillies,Bold 1,FAQ,2019-01-02 00:00:00,3630.0,8505.0,7005.0,132
Gujarat,Rajkot,Gondal,Dry Chillies,Bold 1,FAQ,2019-01-04 00:00:00,5005.0,9005.0,7005.0,132
Gujarat,Rajkot,Gondal,Dry Chillies,Bold 1,FAQ,2019-01-18 00:00:00,4380.0,9005.0,6880.0,132
Gujarat,Rajkot,Gondal,Dry Chillies,Bold 1,FAQ,2019-01-23 00:00:00,4255.0,9130.0,6380.0,132
Gujarat,Rajkot,Gondal,Dry Chillies,Bold 1,FAQ,2019-01-25 00:00:00,4005.0,8755.0,6380.0,132
Gujarat,Rajkot,Gondal,Dry Chillies,Bold 1,FAQ,2019-01-29 00:00:00,4255.0,9380.0,6880.0,132
Gujarat,Rajkot,Gondal,Dry Chillies,Bold 1,FAQ,2019-02-06 00:00:00,3630.0,9380.0,6880.0,132
Gujarat,Rajkot,Gondal,Dry Chillies,Bold 1,FAQ,2019-02-20 00:00:00,4005.0,8755.0,6880.0,132
Gujarat,Rajkot,Gondal,Dry Chillies,Bold 1,FAQ,2019-02-23 00:00:00,6005.0,18005.0,14005.0,132
Gujarat,Rajkot,Gondal,Dry Chillies,Bold 1,FAQ,2019-03-02 00:00:00,2505.0,9255.0,6380.0,132
Gujarat,Rajkot,Gondal,Dry Chillies,Bold 1,FAQ,2019-03-05 00:00:00,2505.0,8880.0,6380.0,132
Gujarat,Rajkot,Gondal,Dry Chillies,Bold 1,FAQ,2019-03-12 00:00:00,2505.0,8880.0,7005.0,132
Gujarat,Rajkot,Gondal,Dry Chillies,Bold 1,FAQ,2019-04-02 00:00:00,2505.0,11000.0,7355.0,132
Gujarat,Rajkot,Gondal,Dry Chillies,Bold 1,FAQ,2019-04-03 00:00:00,2505.0,9255.0,6880.0,132
Gujarat,Rajkot,Gondal,Dry Chillies,Bold 1,FAQ,2019-04-06 00:00:00,2505.0,9255.0,6380.0,132
Gujarat,Rajkot,Gondal,Dry Chillies,Bold 1,FAQ,2019-04-09 00:00:00,2505.0,9255.0,6380.0,132
Gujarat,Rajkot,Gondal,Dry Chillies,Bold 1,FAQ,2019-04-10 00:00:00,2505.0,9380.0,6380.0,132
Gujarat,Rajkot,Gondal,Dry Chillies,Bold 1,FAQ,2019-04-12 00:00:00,4755.0,14505.0,12755.0,132
Gujarat,Rajkot,Gondal,Dry Chillies,Bold 1,FAQ,2019-04-13 00:00:00,2505.0,8750.0,6505.0,132
Gujarat,Rajkot,Gondal,Dry Chillies,Bold 1,FAQ,2019-04-15 00:00:00,2505.0,8755.0,6505.0,132
Gujarat,Rajkot,Gondal,Dry Chillies,Bold 1,FAQ,2019-04-16 00:00:00,2505.0,9505.0,7380.0,132
Gujarat,Rajkot,Gondal,Dry Chillies,Bold 1,FAQ,2019-04-22 00:00:00,2505.0,8755.0,6380.0,132
Gujarat,Rajkot,Gondal,Dry Chillies,Bold 1,FAQ,2019-05-03 00:00:00,2505.0,9505.0,7255.0,132
Gujarat,Rajkot,Gondal,Dry Chillies,Bold 1,FAQ,2019-05-06 00:00:00,3755.0,11755.0,10005.0,132
Gujarat,Rajkot,Gondal,Dry Chillies,Bold 1,FAQ,2019-05-08 00:00:00,3755.0,11005.0,9005.0,132
Gujarat,Rajkot,Gondal,Dry Chillies,Bold 1,FAQ,2019-05-13 00:00:00,3755.0,11005.0,7755.0,132
Gujarat,Rajkot,Gondal,Dry Chillies,Bold 1,FAQ,2019-05-16 00:00:00,2755.0,11755.0,9005.0,132
Gujarat,Rajkot,Gondal,Dry Chillies,Bold 1,FAQ,2019-11-22 00:00:00,3505.0,14005.0,8505.0,132
Gujarat,Rajkot,Gondal,Dry Chillies,Bold 1,FAQ,2019-12-04 00:00:00,2505.0,14255.0,8755.0,132
Gujarat,Rajkot,Gondal,Dry Chillies,Bold 1,FAQ,2019-12-14 00:00:00,2505.0,13755.0,11255.0,132
Gujarat,Rajkot,Gondal,Dry Chillies,Bold 1,FAQ,2019-12-17 00:00:00,2505.0,13755.0,10755.0,132
Gujarat,Rajkot,Gondal,Dry Chillies,Bold 1,FAQ,2019-12-19 00:00:00,2505.0,13755.0,10005.0,132
Gujarat,Rajkot,Gondal,Dry Chillies,Bold 1,FAQ,2019-12-21 00:00:00,2505.0,14255.0,11255.0,132
Gujarat,Rajkot,Gondal,Dry Chillies,Bold 1,FAQ,2019-12-24 00:00:00,2505.0,13630.0,11005.0,132
Gujarat,Rajkot,Gondal,Dry Chillies,Bold 1,FAQ,2019-12-31 00:00:00,3505.0,16005.0,12505.0,132
Gujarat,Rajkot,Rajkot,Dry Chillies,Red,FAQ,2019-01-05 00:00:00,4125.0,7750.0,6000.0,132
Gujarat,Rajkot,Rajkot,Dry Chillies,Red,FAQ,2019-01-21 00:00:00,5000.0,6500.0,5500.0,132
Gujarat,Rajkot,Rajkot,Dry Chillies,Red,FAQ,2019-01-23 00:00:00,3500.0,6000.0,5000.0,132
Gujarat,Rajkot,Rajkot,Dry Chillies,Red,FAQ,2019-01-28 00:00:00,4000.0,7000.0,6000.0,132
Gujarat,Rajkot,Rajkot,Dry Chillies,Red,FAQ,2019-02-07 00:00:00,4000.0,6500.0,5500.0,132
Gujarat,Rajkot,Rajkot,Dry Chillies,Red,FAQ,2019-02-11 00:00:00,6000.0,7500.0,7100.0,132
Gujarat,Rajkot,Rajkot,Dry Chillies,Red,FAQ,2019-02-12 00:00:00,6250.0,7250.0,6750.0,132
Gujarat,Rajkot,Rajkot,Dry Chillies,Red,FAQ,2019-03-02 00:00:00,3500.0,16500.0,11000.0,132
Gujarat,Rajkot,Rajkot,Dry Chillies,Red,FAQ,2019-03-06 00:00:00,4000.0,16000.0,11000.0,132
Gujarat,Rajkot,Rajkot,Dry Chillies,Red,FAQ,2019-03-09 00:00:00,3570.0,16000.0,11000.0,132
Gujarat,Rajkot,Rajkot,Dry Chillies,Red,FAQ,2019-03-14 00:00:00,4375.0,15000.0,10750.0,132
Gujarat,Rajkot,Rajkot,Dry Chillies,Red,FAQ,2019-03-19 00:00:00,10000.0,15500.0,14000.0,132
Gujarat,Rajkot,Rajkot,Dry Chillies,Red,FAQ,2019-04-01 00:00:00,4000.0,16250.0,9000.0,132
Gujarat,Rajkot,Rajkot,Dry Chillies,Red,FAQ,2019-04-08 00:00:00,6000.0,14000.0,10000.0,132
Gujarat,Rajkot,Rajkot,Dry Chillies,Red,FAQ,2019-04-13 00:00:00,4000.0,13250.0,10000.0,132
Gujarat,Rajkot,Rajkot,Dry Chillies,Red,FAQ,2019-04-16 00:00:00,6000.0,14000.0,8000.0,132
Gujarat,Rajkot,Rajkot,Dry Chillies,Red,FAQ,2019-04-24 00:00:00,9000.0,12750.0,10000.0,132
Gujarat,Rajkot,Rajkot,Dry Chillies,Red,FAQ,2019-04-30 00:00:00,4000.0,10000.0,7500.0,132
Gujarat,Rajkot,Rajkot,Dry Chillies,Red,FAQ,2019-05-01 00:00:00,4000.0,10500.0,7500.0,132
Gujarat,Rajkot,Rajkot,Dry Chillies,Red,FAQ,2019-05-02 00:00:00,4000.0,11750.0,8000.0,132
Gujarat,Rajkot,Rajkot,Dry Chillies,Red,FAQ,2019-05-08 00:00:00,4000.0,11500.0,7750.0,132
Gujarat,Rajkot,Rajkot,Dry Chillies,Red,FAQ,2019-05-14 00:00:00,4000.0,10000.0,8250.0,132
Gujarat,Rajkot,Rajkot,Dry Chillies,Red,FAQ,2019-05-21 00:00:00,4000.0,8000.0,6250.0,132
Gujarat,Rajkot,Rajkot,Dry Chillies,Red,FAQ,2019-05-23 00:00:00,4000.0,6000.0,5750.0,132
Gujarat,Rajkot,Rajkot,Dry Chillies,Red,FAQ,2019-12-26 00:00:00,4000.0,13500.0,10000.0,132
Gujarat,Rajkot,Rajkot,Dry Chillies,Red,FAQ,2019-12-27 00:00:00,4000.0,13525.0,10000.0,132
Gujarat,Vadodara(Baroda),Vadodara,Dry Chillies,Other,FAQ,2019-01-22 00:00:00,1000.0,1500.0,1500.0,132
Gujarat,Vadodara(Baroda),Vadodara,Dry Chillies,Other,FAQ,2019-01-25 00:00:00,8000.0,9000.0,9000.0,132
Gujarat,Vadodara(Baroda),Vadodara,Dry Chillies,Other,FAQ,2019-01-30 00:00:00,8000.0,9000.0,9000.0,132
Gujarat,Vadodara(Baroda),Vadodara,Dry Chillies,Other,FAQ,2019-02-05 00:00:00,8000.0,9000.0,9000.0,132
Gujarat,Vadodara(Baroda),Vadodara,Dry Chillies,Other,FAQ,2019-02-09 00:00:00,8000.0,9000.0,9000.0,132
Gujarat,Vadodara(Baroda),Vadodara,Dry Chillies,Other,FAQ,2019-02-15 00:00:00,8000.0,9000.0,9000.0,132
Gujarat,Vadodara(Baroda),Vadodara,Dry Chillies,Other,FAQ,2019-02-18 00:00:00,8000.0,9000.0,9000.0,132
Gujarat,Vadodara(Baroda),Vadodara,Dry Chillies,Other,FAQ,2019-03-26 00:00:00,8000.0,9000.0,9000.0,132
Gujarat,Vadodara(Baroda),Vadodara,Dry Chillies,Other,FAQ,2019-04-01 00:00:00,8000.0,9000.0,9000.0,132
Gujarat,Vadodara(Baroda),Vadodara,Dry Chillies,Other,FAQ,2019-06-14 00:00:00,7000.0,11000.0,11000.0,132
Gujarat,Vadodara(Baroda),Vadodara,Dry Chillies,Other,FAQ,2019-06-28 00:00:00,10000.0,12000.0,12000.0,132
Gujarat,Vadodara(Baroda),Vadodara,Dry Chillies,Other,FAQ,2019-07-03 00:00:00,10000.0,12000.0,12000.0,132
Gujarat,Vadodara(Baroda),Vadodara,Dry Chillies,Other,FAQ,2019-07-17 00:00:00,10000.0,12000.0,12000.0,132
Gujarat,Vadodara(Baroda),Vadodara,Dry Chillies,Other,FAQ,2019-09-09 00:00:00,11000.0,12500.0,12500.0,132
Gujarat,Vadodara(Baroda),Vadodara,Dry Chillies,Other,FAQ,2019-09-30 00:00:00,12000.0,15000.0,15000.0,132
Gujarat,Vadodara(Baroda),Vadodara,Dry Chillies,Other,FAQ,2019-10-15 00:00:00,12000.0,14000.0,14000.0,132
Gujarat,Vadodara(Baroda),Vadodara,Dry Chillies,Other,FAQ,2019-10-18 00:00:00,12000.0,14000.0,14000.0,132
Gujarat,Vadodara(Baroda),Vadodara,Dry Chillies,Other,FAQ,2019-11-19 00:00:00,12500.0,15000.0,15000.0,132
Gujarat,Vadodara(Baroda),Vadodara,Dry Chillies,Other,FAQ,2019-12-10 00:00:00,14500.0,15500.0,15500.0,132
Gujarat,Vadodara(Baroda),Vadodara,Dry Chillies,Other,FAQ,2019-12-14 00:00:00,14500.0,15500.0,15500.0,132
Gujarat,Vadodara(Baroda),Vadodara,Dry Chillies,Other,FAQ,2019-12-30 00:00:00,14500.0,15500.0,15500.0,132
Gujarat,Dahod,Dahod,Dry Chillies,Dry Chillies,FAQ,2015-01-30 00:00:00,8500.0,11000.0,10500.0,132
Gujarat,Dahod,Dahod,Dry Chillies,Dry Chillies,FAQ,2015-02-19 00:00:00,8500.0,11000.0,10750.0,132
Gujarat,Dahod,Dahod,Dry Chillies,Dry Chillies,FAQ,2015-02-23 00:00:00,8500.0,11000.0,10750.0,132
Gujarat,Dahod,Dahod,Dry Chillies,Dry Chillies,FAQ,2015-03-11 00:00:00,8500.0,9500.0,9250.0,132
Gujarat,Dahod,Dahod,Dry Chillies,Dry Chillies,FAQ,2015-03-12 00:00:00,8500.0,9500.0,9250.0,132
Gujarat,Dahod,Dahod,Dry Chillies,Dry Chillies,FAQ,2015-03-14 00:00:00,8500.0,9500.0,9250.0,132
Gujarat,Dahod,Dahod,Dry Chillies,Dry Chillies,FAQ,2015-03-27 00:00:00,8500.0,9500.0,9250.0,132
Gujarat,Dahod,Dahod,Dry Chillies,Dry Chillies,FAQ,2015-04-01 00:00:00,9000.0,14000.0,12000.0,132
Gujarat,Dahod,Dahod,Dry Chillies,Dry Chillies,FAQ,2015-04-04 00:00:00,9000.0,14000.0,12375.0,132
Gujarat,Dahod,Dahod,Dry Chillies,Dry Chillies,FAQ,2015-04-13 00:00:00,9000.0,13000.0,12000.0,132
Gujarat,Dahod,Dahod,Dry Chillies,Dry Chillies,FAQ,2015-04-21 00:00:00,9000.0,13000.0,10000.0,132
Gujarat,Dahod,Dahod,Dry Chillies,Dry Chillies,FAQ,2015-04-29 00:00:00,9000.0,13000.0,12250.0,132
Gujarat,Dahod,Dahod,Dry Chillies,Dry Chillies,FAQ,2015-05-04 00:00:00,8500.0,11000.0,10000.0,132
Gujarat,Dahod,Dahod,Dry Chillies,Dry Chillies,FAQ,2015-05-22 00:00:00,8500.0,11500.0,11000.0,132
Gujarat,Dahod,Dahod,Dry Chillies,Dry Chillies,FAQ,2015-06-09 00:00:00,8500.0,12000.0,11000.0,132
Gujarat,Dahod,Dahod,Dry Chillies,Dry Chillies,FAQ,2015-06-13 00:00:00,8500.0,12500.0,11500.0,132
Gujarat,Dahod,Dahod,Dry Chillies,Dry Chillies,FAQ,2015-06-18 00:00:00,8500.0,12000.0,10500.0,132
Gujarat,Dahod,Dahod,Dry Chillies,Dry Chillies,FAQ,2015-07-22 00:00:00,8500.0,12000.0,11750.0,132
Gujarat,Dahod,Dahod,Dry Chillies,Dry Chillies,FAQ,2015-08-18 00:00:00,9000.0,12000.0,10500.0,132
Gujarat,Dahod,Dahod,Dry Chillies,Dry Chillies,FAQ,2015-09-09 00:00:00,9500.0,13000.0,12000.0,132
Gujarat,Dahod,Dahod,Dry Chillies,Dry Chillies,FAQ,2015-09-14 00:00:00,9500.0,13000.0,11500.0,132
Gujarat,Dahod,Dahod,Dry Chillies,Dry Chillies,FAQ,2015-09-30 00:00:00,9500.0,13000.0,12000.0,132
Gujarat,Dahod,Dahod,Dry Chillies,Dry Chillies,FAQ,2015-10-01 00:00:00,9500.0,13000.0,12000.0,132
Gujarat,Dahod,Dahod,Dry Chillies,Dry Chillies,FAQ,2015-10-12 00:00:00,9500.0,13000.0,12000.0,132
Gujarat,Dahod,Dahod,Dry Chillies,Dry Chillies,FAQ,2015-10-29 00:00:00,9500.0,13000.0,12000.0,132
Gujarat,Dahod,Dahod,Dry Chillies,Dry Chillies,FAQ,2015-11-10 00:00:00,10000.0,13500.0,13000.0,132
Gujarat,Dahod,Dahod,Dry Chillies,Dry Chillies,FAQ,2015-11-19 00:00:00,10000.0,13500.0,12500.0,132
Gujarat,Dahod,Dahod,Dry Chillies,Dry Chillies,FAQ,2015-11-21 00:00:00,9500.0,13250.0,12000.0,132
Gujarat,Dahod,Dahod,Dry Chillies,Dry Chillies,FAQ,2015-12-04 00:00:00,9500.0,13500.0,12500.0,132
Gujarat,Dahod,Dahod,Dry Chillies,Dry Chillies,FAQ,2015-12-10 00:00:00,9500.0,13500.0,12500.0,132
Gujarat,Dahod,Dahod,Dry Chillies,Dry Chillies,FAQ,2015-12-11 00:00:00,9500.0,13500.0,12500.0,132
Gujarat,Dahod,Dahod,Dry Chillies,Dry Chillies,FAQ,2015-12-15 00:00:00,8500.0,13500.0,12500.0,132
Gujarat,Dahod,Dahod,Dry Chillies,Dry Chillies,FAQ,2015-12-16 00:00:00,9500.0,13500.0,12500.0,132
Gujarat,Dahod,Dahod,Dry Chillies,Dry Chillies,FAQ,2015-12-26 00:00:00,10000.0,13500.0,12500.0,132
Gujarat,Dahod,Dahod,Dry Chillies,Dry Chillies,FAQ,2015-12-30 00:00:00,10000.0,14000.0,13000.0,132
Gujarat,Rajkot,Gondal,Dry Chillies,Bold 1,FAQ,2015-02-24 00:00:00,3555.0,17455.0,14405.0,132
Gujarat,Rajkot,Gondal,Dry Chillies,Bold 1,FAQ,2015-03-12 00:00:00,4505.0,14855.0,13255.0,132
Gujarat,Rajkot,Gondal,Dry Chillies,Bold 1,FAQ,2015-03-21 00:00:00,6005.0,18555.0,14755.0,132
Gujarat,Rajkot,Gondal,Dry Chillies,Bold 1,FAQ,2015-03-23 00:00:00,5505.0,16755.0,14255.0,132
Gujarat,Rajkot,Gondal,Dry Chillies,Bold 1,FAQ,2015-03-24 00:00:00,6005.0,16755.0,15255.0,132
Gujarat,Rajkot,Gondal,Dry Chillies,Bold 1,FAQ,2015-04-08 00:00:00,5555.0,16955.0,14455.0,132
Gujarat,Rajkot,Gondal,Dry Chillies,Bold 1,FAQ,2015-04-10 00:00:00,5555.0,16755.0,14455.0,132
Gujarat,Rajkot,Gondal,Dry Chillies,Bold 1,FAQ,2015-05-19 00:00:00,4455.0,16455.0,13305.0,132
Gujarat,Vadodara(Baroda),Vadodara,Dry Chillies,Other,FAQ,2015-01-17 00:00:00,8000.0,8500.0,8500.0,132
Gujarat,Vadodara(Baroda),Vadodara,Dry Chillies,Other,FAQ,2015-01-21 00:00:00,8000.0,8500.0,8500.0,132
Gujarat,Vadodara(Baroda),Vadodara,Dry Chillies,Other,FAQ,2015-01-23 00:00:00,8000.0,8500.0,8500.0,132
Gujarat,Vadodara(Baroda),Vadodara,Dry Chillies,Other,FAQ,2015-01-24 00:00:00,8000.0,8500.0,8500.0,132
Gujarat,Vadodara(Baroda),Vadodara,Dry Chillies,Other,FAQ,2015-01-26 00:00:00,8000.0,8500.0,8500.0,132
Gujarat,Vadodara(Baroda),Vadodara,Dry Chillies,Other,FAQ,2015-01-29 00:00:00,8000.0,8500.0,8500.0,132
Gujarat,Vadodara(Baroda),Vadodara,Dry Chillies,Other,FAQ,2015-05-27 00:00:00,7000.0,9000.0,9000.0,132
Gujarat,Vadodara(Baroda),Vadodara,Dry Chillies,Other,FAQ,2015-05-30 00:00:00,7000.0,9000.0,9000.0,132
Gujarat,Vadodara(Baroda),Vadodara,Dry Chillies,Other,FAQ,2015-06-03 00:00:00,7000.0,9000.0,9000.0,132
Gujarat,Vadodara(Baroda),Vadodara,Dry Chillies,Other,FAQ,2015-06-20 00:00:00,8000.0,9500.0,9500.0,132
Gujarat,Vadodara(Baroda),Vadodara,Dry Chillies,Other,FAQ,2015-06-27 00:00:00,8000.0,9500.0,9500.0,132
Gujarat,Vadodara(Baroda),Vadodara,Dry Chillies,Other,FAQ,2015-07-06 00:00:00,8000.0,9500.0,9500.0,132
Gujarat,Vadodara(Baroda),Vadodara,Dry Chillies,Other,FAQ,2015-07-20 00:00:00,9000.0,10000.0,10000.0,132
Gujarat,Vadodara(Baroda),Vadodara,Dry Chillies,Other,FAQ,2015-07-29 00:00:00,9500.0,10000.0,10000.0,132
Gujarat,Vadodara(Baroda),Vadodara,Dry Chillies,Other,FAQ,2015-08-06 00:00:00,8000.0,9000.0,9000.0,132
Gujarat,Vadodara(Baroda),Vadodara,Dry Chillies,Other,FAQ,2015-08-21 00:00:00,8000.0,9000.0,9000.0,132
Gujarat,Vadodara(Baroda),Vadodara,Dry Chillies,Other,FAQ,2015-08-22 00:00:00,8000.0,9000.0,9000.0,132
Gujarat,Vadodara(Baroda),Vadodara,Dry Chillies,Other,FAQ,2015-09-19 00:00:00,12000.0,13000.0,13000.0,132
Gujarat,Vadodara(Baroda),Vadodara,Dry Chillies,Other,FAQ,2015-10-15 00:00:00,11000.0,12000.0,12000.0,132
Gujarat,Vadodara(Baroda),Vadodara,Dry Chillies,Other,FAQ,2015-10-20 00:00:00,11000.0,12000.0,12000.0,132
Gujarat,Vadodara(Baroda),Vadodara,Dry Chillies,Other,FAQ,2015-10-28 00:00:00,11000.0,12500.0,12500.0,132
Gujarat,Vadodara(Baroda),Vadodara,Dry Chillies,Other,FAQ,2015-11-17 00:00:00,7000.0,11000.0,11000.0,132
Gujarat,Vadodara(Baroda),Vadodara,Dry Chillies,Other,FAQ,2015-12-19 00:00:00,10000.0,15000.0,15000.0,132
Gujarat,Vadodara(Baroda),Vadodara,Dry Chillies,Other,FAQ,2015-12-21 00:00:00,10000.0,15000.0,15000.0,132
Gujarat,Dahod,Dahod,Dry Chillies,Dry Chillies,FAQ,2023-01-24 00:00:00,15000.0,26000.0,25000.0,132
Gujarat,Dahod,Dahod,Dry Chillies,Dry Chillies,FAQ,2023-01-27 00:00:00,14000.0,26000.0,24000.0,132
Gujarat,Dahod,Dahod,Dry Chillies,Dry Chillies,FAQ,2023-02-13 00:00:00,14000.0,23000.0,17500.0,132
Gujarat,Dahod,Dahod,Dry Chillies,Dry Chillies,FAQ,2023-02-24 00:00:00,14000.0,23000.0,22000.0,132
Gujarat,Dahod,Dahod,Dry Chillies,Dry Chillies,FAQ,2023-03-09 00:00:00,14000.0,24000.0,22500.0,132
Gujarat,Dahod,Dahod,Dry Chillies,Dry Chillies,FAQ,2023-04-13 00:00:00,15000.0,27500.0,27000.0,132
Gujarat,Dahod,Dahod,Dry Chillies,Dry Chillies,FAQ,2023-04-17 00:00:00,15000.0,27500.0,27000.0,132
Gujarat,Dahod,Dahod,Dry Chillies,Dry Chillies,FAQ,2023-04-21 00:00:00,15000.0,27500.0,27100.0,132
Gujarat,Dahod,Dahod,Dry Chillies,Dry Chillies,FAQ,2023-05-20 00:00:00,15000.0,27000.0,20000.0,132
Gujarat,Dahod,Dahod,Dry Chillies,Dry Chillies,FAQ,2023-08-01 00:00:00,15000.0,28000.0,20000.0,132
Gujarat,Dahod,Dahod,Dry Chillies,Dry Chillies,FAQ,2023-08-19 00:00:00,15000.0,28000.0,20000.0,132
Gujarat,Dahod,Dahod,Dry Chillies,Dry Chillies,FAQ,2023-08-25 00:00:00,15000.0,28000.0,20000.0,132
Gujarat,Dahod,Dahod,Dry Chillies,Dry Chillies,FAQ,2023-08-29 00:00:00,15000.0,28000.0,20000.0,132
Gujarat,Dahod,Dahod,Dry Chillies,Dry Chillies,FAQ,2023-09-12 00:00:00,18000.0,28000.0,24000.0,132
Gujarat,Dahod,Dahod,Dry Chillies,Dry Chillies,FAQ,2023-09-15 00:00:00,18000.0,28000.0,24000.0,132
Gujarat,Dahod,Dahod,Dry Chillies,Dry Chillies,FAQ,2023-09-18 00:00:00,18000.0,28000.0,24000.0,132
Gujarat,Dahod,Dahod,Dry Chillies,Dry Chillies,FAQ,2023-09-20 00:00:00,18000.0,28000.0,24000.0,132
Gujarat,Dahod,Dahod,Dry Chillies,Dry Chillies,FAQ,2023-10-21 00:00:00,15000.0,28000.0,22000.0,132
Gujarat,Dahod,Dahod,Dry Chillies,Dry Chillies,FAQ,2023-11-03 00:00:00,20000.0,28000.0,25000.0,132
Gujarat,Dahod,Dahod,Dry Chillies,Dry Chillies,FAQ,2023-11-10 00:00:00,20000.0,28000.0,25000.0,132
Gujarat,Dahod,Dahod,Dry Chillies,Dry Chillies,FAQ,2023-12-26 00:00:00,20000.0,27500.0,26500.0,132
Gujarat,Jamnagar,Jamnagar,Dry Chillies,1st Sort,FAQ,2023-04-13 00:00:00,8000.0,24000.0,19500.0,132
Gujarat,Jamnagar,Jamnagar,Dry Chillies,1st Sort,FAQ,2023-10-28 00:00:00,6000.0,18500.0,13750.0,132
Gujarat,Jamnagar,Jamnagar,Dry Chillies,1st Sort,FAQ,2023-11-06 00:00:00,9500.0,21800.0,17250.0,132
Gujarat,Jamnagar,Jamnagar,Dry Chillies,1st Sort,FAQ,2023-11-07 00:00:00,9000.0,18200.0,14250.0,132
Gujarat,Jamnagar,Jamnagar,Dry Chillies,1st Sort,FAQ,2023-12-01 00:00:00,10000.0,18500.0,15250.0,132
Gujarat,Jamnagar,Jamnagar,Dry Chillies,1st Sort,FAQ,2023-12-04 00:00:00,9000.0,19250.0,15250.0,132
Gujarat,Jamnagar,Jamnagar,Dry Chillies,1st Sort,FAQ,2023-12-05 00:00:00,8000.0,19000.0,16250.0,132
Gujarat,Jamnagar,Jamnagar,Dry Chillies,1st Sort,FAQ,2023-12-13 00:00:00,8500.0,19500.0,15350.0,132
Gujarat,Jamnagar,Jamnagar,Dry Chillies,1st Sort,FAQ,2023-12-21 00:00:00,7500.0,16700.0,13250.0,132
Gujarat,Jamnagar,Jamnagar,Dry Chillies,1st Sort,FAQ,2023-12-22 00:00:00,7500.0,20500.0,14750.0,132
Gujarat,Jamnagar,Jamnagar,Dry Chillies,1st Sort,FAQ,2023-12-27 00:00:00,7000.0,29500.0,19250.0,132
Gujarat,Rajkot,Gondal,Dry Chillies,Bold 1,FAQ,2023-04-03 00:00:00,10005.0,28005.0,20005.0,132
Gujarat,Rajkot,Gondal,Dry Chillies,Bold 1,FAQ,2023-04-10 00:00:00,9505.0,28505.0,23505.0,132
Gujarat,Rajkot,Gondal,Dry Chillies,Bold 1,FAQ,2023-04-11 00:00:00,10005.0,30505.0,24505.0,132
Gujarat,Rajkot,Gondal,Dry Chillies,Bold 1,FAQ,2023-04-27 00:00:00,7005.0,19005.0,16005.0,132
Gujarat,Rajkot,Gondal,Dry Chillies,Bold 1,FAQ,2023-05-02 00:00:00,5505.0,15505.0,12505.0,132
Gujarat,Rajkot,Gondal,Dry Chillies,Bold 1,FAQ,2023-05-29 00:00:00,9005.0,22505.0,18505.0,132
Gujarat,Rajkot,Gondal,Dry Chillies,Bold 1,FAQ,2023-10-23 00:00:00,3505.0,21005.0,17505.0,132
Gujarat,Rajkot,Gondal,Dry Chillies,Bold 1,FAQ,2023-11-03 00:00:00,4005.0,24005.0,17505.0,132
Gujarat,Rajkot,Gondal,Dry Chillies,Bold 1,FAQ,2023-12-26 00:00:00,6505.0,23505.0,17505.0,132
Gujarat,Rajkot,Gondal,Dry Chillies,Bold 1,FAQ,2023-12-29 00:00:00,6005.0,21755.0,16005.0,132
Gujarat,Rajkot,Rajkot,Dry Chillies,Red,FAQ,2023-01-05 00:00:00,15000.0,23750.0,20500.0,132
Gujarat,Rajkot,Rajkot,Dry Chillies,Red,FAQ,2023-01-10 00:00:00,11000.0,22000.0,19750.0,132
Gujarat,Rajkot,Rajkot,Dry Chillies,Red,FAQ,2023-01-12 00:00:00,11000.0,22500.0,20250.0,132
Gujarat,Rajkot,Rajkot,Dry Chillies,Red,FAQ,2023-01-16 00:00:00,10000.0,22000.0,19500.0,132
Gujarat,Rajkot,Rajkot,Dry Chillies,Red,FAQ,2023-01-18 00:00:00,11500.0,22500.0,20500.0,132
Gujarat,Rajkot,Rajkot,Dry Chillies,Red,FAQ,2023-01-23 00:00:00,10000.0,21000.0,19500.0,132
Gujarat,Rajkot,Rajkot,Dry Chillies,Red,FAQ,2023-01-28 00:00:00,9000.0,18000.0,16250.0,132
Gujarat,Rajkot,Rajkot,Dry Chillies,Red,FAQ,2023-02-10 00:00:00,10400.0,21750.0,14650.0,132
Gujarat,Rajkot,Rajkot,Dry Chillies,Red,FAQ,2023-02-13 00:00:00,10500.0,22000.0,16400.0,132
Gujarat,Rajkot,Rajkot,Dry Chillies,Red,FAQ,2023-03-10 00:00:00,16500.0,24000.0,21500.0,132
Gujarat,Rajkot,Rajkot,Dry Chillies,Red,FAQ,2023-03-17 00:00:00,17500.0,30000.0,24500.0,132
Gujarat,Rajkot,Rajkot,Dry Chillies,Red,FAQ,2023-03-21 00:00:00,17000.0,31650.0,22500.0,132
Gujarat,Rajkot,Rajkot,Dry Chillies,Red,FAQ,2023-03-25 00:00:00,17500.0,31500.0,27500.0,132
Gujarat,Rajkot,Rajkot,Dry Chillies,Red,FAQ,2023-04-05 00:00:00,12000.0,29500.0,23000.0,132
Gujarat,Rajkot,Rajkot,Dry Chillies,Red,FAQ,2023-04-10 00:00:00,11250.0,30000.0,23000.0,132
Gujarat,Rajkot,Rajkot,Dry Chillies,Red,FAQ,2023-05-06 00:00:00,6500.0,20000.0,16500.0,132
Gujarat,Rajkot,Rajkot,Dry Chillies,Red,FAQ,2023-05-09 00:00:00,7500.0,21625.0,15000.0,132
Gujarat,Rajkot,Rajkot,Dry Chillies,Red,FAQ,2023-05-10 00:00:00,7500.0,24500.0,15000.0,132
Gujarat,Rajkot,Rajkot,Dry Chillies,Red,FAQ,2023-05-11 00:00:00,12500.0,20000.0,16500.0,132
Gujarat,Rajkot,Rajkot,Dry Chillies,Red,FAQ,2023-05-12 00:00:00,7500.0,20000.0,16500.0,132
Gujarat,Rajkot,Rajkot,Dry Chillies,Red,FAQ,2023-05-15 00:00:00,12500.0,20500.0,16500.0,132
Gujarat,Rajkot,Rajkot,Dry Chillies,Red,FAQ,2023-05-20 00:00:00,12500.0,20000.0,16500.0,132
Gujarat,Rajkot,Rajkot,Dry Chillies,Red,FAQ,2023-05-24 00:00:00,7500.0,19000.0,11000.0,132
Gujarat,Rajkot,Rajkot,Dry Chillies,Red,FAQ,2023-05-27 00:00:00,7500.0,18500.0,17500.0,132
Gujarat,Rajkot,Rajkot,Dry Chillies,Red,FAQ,2023-05-29 00:00:00,7500.0,17500.0,13500.0,132
Gujarat,Rajkot,Rajkot,Dry Chillies,Red,FAQ,2023-11-03 00:00:00,8000.0,23500.0,18000.0,132
Gujarat,Rajkot,Rajkot,Dry Chillies,Red,FAQ,2023-11-21 00:00:00,8000.0,20000.0,16000.0,132
Gujarat,Rajkot,Rajkot,Dry Chillies,Red,FAQ,2023-11-30 00:00:00,7500.0,19500.0,16500.0,132
Gujarat,Rajkot,Rajkot,Dry Chillies,Red,FAQ,2023-12-01 00:00:00,8000.0,19000.0,17000.0,132
Gujarat,Rajkot,Rajkot,Dry Chillies,Red,FAQ,2023-12-02 00:00:00,8250.0,19500.0,17000.0,132
Gujarat,Rajkot,Rajkot,Dry Chillies,Red,FAQ,2023-12-30 00:00:00,8000.0,17000.0,14500.0,132
Gujarat,Dahod,Dahod,Dry Chillies,Dry Chillies,FAQ,2018-05-16 00:00:00,8500.0,11000.0,9500.0,132
Gujarat,Dahod,Dahod,Dry Chillies,Dry Chillies,FAQ,2018-05-17 00:00:00,8500.0,11000.0,10000.0,132
Gujarat,Dahod,Dahod,Dry Chillies,Dry Chillies,FAQ,2018-05-29 00:00:00,9500.0,12300.0,11500.0,132
Gujarat,Dahod,Dahod,Dry Chillies,Dry Chillies,FAQ,2018-05-31 00:00:00,9500.0,12300.0,11000.0,132
Gujarat,Dahod,Dahod,Dry Chillies,Dry Chillies,FAQ,2018-06-07 00:00:00,9000.0,12000.0,11000.0,132
Gujarat,Dahod,Dahod,Dry Chillies,Dry Chillies,FAQ,2018-06-08 00:00:00,9000.0,12000.0,11500.0,132
Gujarat,Dahod,Dahod,Dry Chillies,Dry Chillies,FAQ,2018-06-15 00:00:00,9000.0,12250.0,11625.0,132
Gujarat,Dahod,Dahod,Dry Chillies,Dry Chillies,FAQ,2018-06-30 00:00:00,8500.0,12000.0,11000.0,132
Gujarat,Dahod,Dahod,Dry Chillies,Dry Chillies,FAQ,2018-07-04 00:00:00,8500.0,12000.0,11000.0,132
Gujarat,Dahod,Dahod,Dry Chillies,Dry Chillies,FAQ,2018-07-05 00:00:00,8500.0,12000.0,11000.0,132
Gujarat,Dahod,Dahod,Dry Chillies,Dry Chillies,FAQ,2018-07-07 00:00:00,8500.0,12000.0,10500.0,132
Gujarat,Dahod,Dahod,Dry Chillies,Dry Chillies,FAQ,2018-07-09 00:00:00,8500.0,12000.0,10000.0,132
Gujarat,Dahod,Dahod,Dry Chillies,Dry Chillies,FAQ,2018-07-10 00:00:00,8500.0,12000.0,10000.0,132
Gujarat,Dahod,Dahod,Dry Chillies,Dry Chillies,FAQ,2018-07-12 00:00:00,8500.0,12000.0,10250.0,132
Gujarat,Dahod,Dahod,Dry Chillies,Dry Chillies,FAQ,2018-07-25 00:00:00,8000.0,12000.0,11000.0,132
Gujarat,Dahod,Dahod,Dry Chillies,Dry Chillies,FAQ,2018-07-28 00:00:00,8500.0,12000.0,10500.0,132
Gujarat,Dahod,Dahod,Dry Chillies,Dry Chillies,FAQ,2018-08-06 00:00:00,8500.0,12250.0,11000.0,132
Gujarat,Dahod,Dahod,Dry Chillies,Dry Chillies,FAQ,2018-08-13 00:00:00,8500.0,12000.0,10000.0,132
Gujarat,Dahod,Dahod,Dry Chillies,Dry Chillies,FAQ,2018-08-14 00:00:00,8500.0,12000.0,10500.0,132
Gujarat,Dahod,Dahod,Dry Chillies,Dry Chillies,FAQ,2018-08-22 00:00:00,9000.0,12300.0,11000.0,132
Gujarat,Dahod,Dahod,Dry Chillies,Dry Chillies,FAQ,2018-08-23 00:00:00,9000.0,12300.0,11000.0,132
Gujarat,Dahod,Dahod,Dry Chillies,Dry Chillies,FAQ,2018-08-28 00:00:00,9800.0,12500.0,11000.0,132
Gujarat,Dahod,Dahod,Dry Chillies,Dry Chillies,FAQ,2018-09-05 00:00:00,9500.0,12500.0,12000.0,132
Gujarat,Dahod,Dahod,Dry Chillies,Dry Chillies,FAQ,2018-09-10 00:00:00,9500.0,12500.0,11000.0,132
Gujarat,Dahod,Dahod,Dry Chillies,Dry Chillies,FAQ,2018-09-15 00:00:00,9500.0,12500.0,12000.0,132
Gujarat,Dahod,Dahod,Dry Chillies,Dry Chillies,FAQ,2018-09-19 00:00:00,9500.0,12500.0,10000.0,132
Gujarat,Dahod,Dahod,Dry Chillies,Dry Chillies,FAQ,2018-11-05 00:00:00,9500.0,12500.0,11500.0,132
Gujarat,Dahod,Dahod,Dry Chillies,Dry Chillies,FAQ,2018-11-12 00:00:00,9500.0,13500.0,12000.0,132
Gujarat,Dahod,Dahod,Dry Chillies,Dry Chillies,FAQ,2018-11-15 00:00:00,9500.0,13500.0,12000.0,132
Gujarat,Dahod,Dahod,Dry Chillies,Dry Chillies,FAQ,2018-11-30 00:00:00,9500.0,13500.0,12000.0,132
Gujarat,Dahod,Dahod,Dry Chillies,Dry Chillies,FAQ,2018-12-05 00:00:00,9500.0,13500.0,11000.0,132
Gujarat,Dahod,Dahod,Dry Chillies,Dry Chillies,FAQ,2018-12-06 00:00:00,9500.0,13500.0,12000.0,132
Gujarat,Dahod,Dahod,Dry Chillies,Dry Chillies,FAQ,2018-12-07 00:00:00,9500.0,13500.0,12500.0,132
Gujarat,Dahod,Dahod,Dry Chillies,Dry Chillies,FAQ,2018-12-26 00:00:00,9500.0,13500.0,12000.0,132
Gujarat,Dahod,Dahod,Dry Chillies,Dry Chillies,FAQ,2018-12-28 00:00:00,9500.0,13500.0,11000.0,132
Gujarat,Dahod,Dahod,Dry Chillies,Dry Chillies,FAQ,2018-12-29 00:00:00,9500.0,13500.0,11000.0,132
Gujarat,Jamnagar,Jamnagar,Dry Chillies,1st Sort,FAQ,2018-02-15 00:00:00,9850.0,9875.0,9863.0,132
Gujarat,Jamnagar,Jamnagar,Dry Chillies,1st Sort,FAQ,2018-10-13 00:00:00,250.0,1075.0,663.0,132
Gujarat,Jamnagar,Jamnagar,Dry Chillies,1st Sort,FAQ,2018-12-01 00:00:00,7750.0,8000.0,7875.0,132
Gujarat,Jamnagar,Jamnagar,Dry Chillies,1st Sort,FAQ,2018-12-05 00:00:00,5000.0,8000.0,6500.0,132
Gujarat,Rajkot,Gondal,Dry Chillies,Bold 1,FAQ,2018-01-15 00:00:00,3505.0,12005.0,8380.0,132
Gujarat,Rajkot,Gondal,Dry Chillies,Bold 1,FAQ,2018-01-17 00:00:00,4005.0,11880.0,8880.0,132
Gujarat,Rajkot,Gondal,Dry Chillies,Bold 1,FAQ,2018-01-24 00:00:00,3505.0,12130.0,9130.0,132
Gujarat,Rajkot,Gondal,Dry Chillies,Bold 1,FAQ,2018-01-27 00:00:00,3755.0,11755.0,9255.0,132
Gujarat,Rajkot,Gondal,Dry Chillies,Bold 1,FAQ,2018-02-02 00:00:00,4005.0,11880.0,8880.0,132
Gujarat,Rajkot,Gondal,Dry Chillies,Bold 1,FAQ,2018-02-12 00:00:00,5505.0,12755.0,9255.0,132
Gujarat,Rajkot,Gondal,Dry Chillies,Bold 1,FAQ,2018-02-19 00:00:00,5755.0,16505.0,16005.0,132
Gujarat,Rajkot,Gondal,Dry Chillies,Bold 1,FAQ,2018-03-06 00:00:00,4755.0,13755.0,8880.0,132
Gujarat,Rajkot,Gondal,Dry Chillies,Bold 1,FAQ,2018-03-14 00:00:00,4505.0,13755.0,8755.0,132
Gujarat,Rajkot,Gondal,Dry Chillies,Bold 1,FAQ,2018-03-16 00:00:00,1500.0,13505.0,11255.0,132
Gujarat,Rajkot,Gondal,Dry Chillies,Bold 1,FAQ,2018-04-06 00:00:00,3505.0,15755.0,11755.0,132
Gujarat,Rajkot,Gondal,Dry Chillies,Bold 1,FAQ,2018-04-19 00:00:00,3505.0,16255.0,14255.0,132
Gujarat,Rajkot,Gondal,Dry Chillies,Bold 1,FAQ,2018-04-25 00:00:00,3505.0,15755.0,14255.0,132
Gujarat,Rajkot,Gondal,Dry Chillies,Bold 1,FAQ,2018-04-26 00:00:00,3505.0,15255.0,12755.0,132
Gujarat,Rajkot,Gondal,Dry Chillies,Bold 1,FAQ,2018-05-07 00:00:00,2005.0,13005.0,11255.0,132
Gujarat,Rajkot,Gondal,Dry Chillies,Bold 1,FAQ,2018-11-22 00:00:00,5505.0,10005.0,7755.0,132
Gujarat,Rajkot,Gondal,Dry Chillies,Bold 1,FAQ,2018-11-30 00:00:00,5005.0,9380.0,7380.0,132
Gujarat,Rajkot,Gondal,Dry Chillies,Bold 1,FAQ,2018-12-12 00:00:00,4755.0,8505.0,7380.0,132
Gujarat,Rajkot,Rajkot,Dry Chillies,Red,FAQ,2018-11-21 00:00:00,6000.0,7250.0,6750.0,132
Gujarat,Rajkot,Rajkot,Dry Chillies,Red,FAQ,2018-12-04 00:00:00,6000.0,7750.0,7000.0,132
Gujarat,Rajkot,Rajkot,Dry Chillies,Red,FAQ,2018-12-08 00:00:00,6000.0,7500.0,7000.0,132
Gujarat,Rajkot,Rajkot,Dry Chillies,Red,FAQ,2018-12-27 00:00:00,4000.0,8000.0,6000.0,132
Gujarat,Vadodara(Baroda),Vadodara,Dry Chillies,Other,FAQ,2018-01-10 00:00:00,5000.0,7500.0,7500.0,132
Gujarat,Vadodara(Baroda),Vadodara,Dry Chillies,Other,FAQ,2018-01-20 00:00:00,6000.0,8000.0,8000.0,132
Gujarat,Vadodara(Baroda),Vadodara,Dry Chillies,Other,FAQ,2018-01-22 00:00:00,6000.0,8000.0,8000.0,132
Gujarat,Vadodara(Baroda),Vadodara,Dry Chillies,Other,FAQ,2018-02-10 00:00:00,7000.0,9000.0,9000.0,132
Gujarat,Vadodara(Baroda),Vadodara,Dry Chillies,Other,FAQ,2018-02-14 00:00:00,7000.0,9000.0,9000.0,132
Gujarat,Vadodara(Baroda),Vadodara,Dry Chillies,Other,FAQ,2018-03-15 00:00:00,6500.0,10000.0,10000.0,132
Gujarat,Vadodara(Baroda),Vadodara,Dry Chillies,Other,FAQ,2018-03-26 00:00:00,8000.0,12000.0,12000.0,132
Gujarat,Vadodara(Baroda),Vadodara,Dry Chillies,Other,FAQ,2018-04-03 00:00:00,8000.0,11000.0,11000.0,132
Gujarat,Vadodara(Baroda),Vadodara,Dry Chillies,Other,FAQ,2018-04-14 00:00:00,8000.0,11000.0,11000.0,132
Gujarat,Vadodara(Baroda),Vadodara,Dry Chillies,Other,FAQ,2018-04-20 00:00:00,8000.0,11000.0,11000.0,132
Gujarat,Vadodara(Baroda),Vadodara,Dry Chillies,Other,FAQ,2018-05-29 00:00:00,8000.0,10000.0,10000.0,132
Gujarat,Vadodara(Baroda),Vadodara,Dry Chillies,Other,FAQ,2018-06-16 00:00:00,8000.0,10000.0,10000.0,132
Gujarat,Vadodara(Baroda),Vadodara,Dry Chillies,Other,FAQ,2018-08-04 00:00:00,8000.0,10000.0,10000.0,132
Gujarat,Vadodara(Baroda),Vadodara,Dry Chillies,Other,FAQ,2018-09-24 00:00:00,7000.0,9000.0,9000.0,132
Gujarat,Vadodara(Baroda),Vadodara,Dry Chillies,Other,FAQ,2018-10-03 00:00:00,7000.0,9000.0,9000.0,132
Gujarat,Dahod,Dahod,Dry Chillies,Dry Chillies,FAQ,2015-01-06 00:00:00,8500.0,11500.0,10500.0,132
Gujarat,Dahod,Dahod,Dry Chillies,Dry Chillies,FAQ,2015-01-08 00:00:00,8500.0,11250.0,10500.0,132
Gujarat,Dahod,Dahod,Dry Chillies,Dry Chillies,FAQ,2015-01-13 00:00:00,8500.0,11000.0,10500.0,132
Gujarat,Dahod,Dahod,Dry Chillies,Dry Chillies,FAQ,2015-01-15 00:00:00,8500.0,11000.0,10500.0,132
Gujarat,Dahod,Dahod,Dry Chillies,Dry Chillies,FAQ,2015-01-22 00:00:00,8500.0,11000.0,10500.0,132
Gujarat,Dahod,Dahod,Dry Chillies,Dry Chillies,FAQ,2015-02-27 00:00:00,8500.0,11000.0,10750.0,132
Gujarat,Dahod,Dahod,Dry Chillies,Dry Chillies,FAQ,2015-02-28 00:00:00,8500.0,11000.0,10750.0,132
Gujarat,Dahod,Dahod,Dry Chillies,Dry Chillies,FAQ,2015-03-21 00:00:00,8500.0,9500.0,9250.0,132
Gujarat,Dahod,Dahod,Dry Chillies,Dry Chillies,FAQ,2015-03-23 00:00:00,8500.0,9500.0,9000.0,132
Gujarat,Dahod,Dahod,Dry Chillies,Dry Chillies,FAQ,2015-04-22 00:00:00,9000.0,13000.0,12000.0,132
Gujarat,Dahod,Dahod,Dry Chillies,Dry Chillies,FAQ,2015-05-13 00:00:00,8500.0,11000.0,10000.0,132
Gujarat,Dahod,Dahod,Dry Chillies,Dry Chillies,FAQ,2015-05-15 00:00:00,8500.0,11000.0,9500.0,132
Gujarat,Dahod,Dahod,Dry Chillies,Dry Chillies,FAQ,2015-05-23 00:00:00,8500.0,11500.0,11000.0,132
Gujarat,Dahod,Dahod,Dry Chillies,Dry Chillies,FAQ,2015-06-22 00:00:00,8500.0,12000.0,11500.0,132
Gujarat,Dahod,Dahod,Dry Chillies,Dry Chillies,FAQ,2015-06-26 00:00:00,8500.0,12000.0,11750.0,132
Gujarat,Dahod,Dahod,Dry Chillies,Dry Chillies,FAQ,2015-07-24 00:00:00,8500.0,12000.0,11750.0,132
Gujarat,Dahod,Dahod,Dry Chillies,Dry Chillies,FAQ,2015-08-03 00:00:00,8500.0,12000.0,11000.0,132
Gujarat,Dahod,Dahod,Dry Chillies,Dry Chillies,FAQ,2015-08-12 00:00:00,9000.0,12000.0,11500.0,132
Gujarat,Dahod,Dahod,Dry Chillies,Dry Chillies,FAQ,2015-08-14 00:00:00,9000.0,11750.0,10500.0,132
Gujarat,Dahod,Dahod,Dry Chillies,Dry Chillies,FAQ,2015-08-22 00:00:00,9000.0,12000.0,11000.0,132
Gujarat,Dahod,Dahod,Dry Chillies,Dry Chillies,FAQ,2015-08-28 00:00:00,9000.0,11750.0,10500.0,132
Gujarat,Dahod,Dahod,Dry Chillies,Dry Chillies,FAQ,2015-09-07 00:00:00,8500.0,12000.0,10500.0,132
Gujarat,Dahod,Dahod,Dry Chillies,Dry Chillies,FAQ,2015-09-22 00:00:00,9500.0,13000.0,12000.0,132
Gujarat,Dahod,Dahod,Dry Chillies,Dry Chillies,FAQ,2015-09-29 00:00:00,9500.0,13000.0,12000.0,132
Gujarat,Dahod,Dahod,Dry Chillies,Dry Chillies,FAQ,2015-10-05 00:00:00,9500.0,13000.0,11750.0,132
Gujarat,Dahod,Dahod,Dry Chillies,Dry Chillies,FAQ,2015-10-14 00:00:00,9500.0,13000.0,11750.0,132
Gujarat,Dahod,Dahod,Dry Chillies,Dry Chillies,FAQ,2015-10-20 00:00:00,9500.0,13000.0,11500.0,132
Gujarat,Dahod,Dahod,Dry Chillies,Dry Chillies,FAQ,2015-10-28 00:00:00,9500.0,13000.0,12000.0,132
Gujarat,Dahod,Dahod,Dry Chillies,Dry Chillies,FAQ,2015-11-05 00:00:00,9500.0,13000.0,12000.0,132
Gujarat,Dahod,Dahod,Dry Chillies,Dry Chillies,FAQ,2015-11-20 00:00:00,10000.0,13500.0,12500.0,132
Gujarat,Dahod,Dahod,Dry Chillies,Dry Chillies,FAQ,2015-12-03 00:00:00,9500.0,13000.0,12250.0,132
Gujarat,Dahod,Dahod,Dry Chillies,Dry Chillies,FAQ,2015-12-08 00:00:00,9500.0,13500.0,12500.0,132
Gujarat,Dahod,Dahod,Dry Chillies,Dry Chillies,FAQ,2015-12-12 00:00:00,9500.0,13500.0,12500.0,132
Gujarat,Rajkot,Gondal,Dry Chillies,Bold 1,FAQ,2015-02-19 00:00:00,3255.0,17255.0,15505.0,132
Gujarat,Rajkot,Gondal,Dry Chillies,Bold 1,FAQ,2015-02-25 00:00:00,3505.0,15955.0,13455.0,132
Gujarat,Rajkot,Gondal,Dry Chillies,Bold 1,FAQ,2015-03-03 00:00:00,3505.0,14555.0,12405.0,132
Gujarat,Rajkot,Gondal,Dry Chillies,Bold 1,FAQ,2015-03-17 00:00:00,5505.0,15955.0,14255.0,132
Gujarat,Rajkot,Gondal,Dry Chillies,Bold 1,FAQ,2015-03-25 00:00:00,5605.0,16705.0,14455.0,132
Gujarat,Rajkot,Gondal,Dry Chillies,Bold 1,FAQ,2015-03-26 00:00:00,5555.0,16455.0,14755.0,132
Gujarat,Rajkot,Gondal,Dry Chillies,Bold 1,FAQ,2015-04-21 00:00:00,5505.0,15955.0,13755.0,132
Gujarat,Rajkot,Gondal,Dry Chillies,Bold 1,FAQ,2015-04-27 00:00:00,5505.0,16205.0,12855.0,132
Gujarat,Rajkot,Gondal,Dry Chillies,Bold 1,FAQ,2015-05-05 00:00:00,5505.0,15605.0,13405.0,132
Gujarat,Rajkot,Gondal,Dry Chillies,Bold 1,FAQ,2015-05-11 00:00:00,5055.0,16255.0,14405.0,132
Gujarat,Rajkot,Gondal,Dry Chillies,Bold 1,FAQ,2015-05-13 00:00:00,4255.0,16755.0,12305.0,132
Gujarat,Rajkot,Gondal,Dry Chillies,Bold 1,FAQ,2015-05-14 00:00:00,4005.0,15255.0,14405.0,132
Gujarat,Rajkot,Gondal,Dry Chillies,Bold 1,FAQ,2015-05-18 00:00:00,4055.0,13555.0,10000.0,132
Gujarat,Vadodara(Baroda),Vadodara,Dry Chillies,Other,FAQ,2015-01-22 00:00:00,8000.0,8500.0,8500.0,132
Gujarat,Vadodara(Baroda),Vadodara,Dry Chillies,Other,FAQ,2015-02-02 00:00:00,8000.0,10000.0,10000.0,132
Gujarat,Vadodara(Baroda),Vadodara,Dry Chillies,Other,FAQ,2015-02-04 00:00:00,8000.0,10000.0,10000.0,132
Gujarat,Vadodara(Baroda),Vadodara,Dry Chillies,Other,FAQ,2015-06-10 00:00:00,8000.0,9500.0,9500.0,132
Gujarat,Vadodara(Baroda),Vadodara,Dry Chillies,Other,FAQ,2015-06-19 00:00:00,8000.0,9500.0,9500.0,132
Gujarat,Vadodara(Baroda),Vadodara,Dry Chillies,Other,FAQ,2015-07-17 00:00:00,9000.0,10000.0,10000.0,132
Gujarat,Vadodara(Baroda),Vadodara,Dry Chillies,Other,FAQ,2015-08-05 00:00:00,9500.0,10000.0,10000.0,132
Gujarat,Vadodara(Baroda),Vadodara,Dry Chillies,Other,FAQ,2015-08-08 00:00:00,8000.0,9000.0,9000.0,132
Gujarat,Vadodara(Baroda),Vadodara,Dry Chillies,Other,FAQ,2015-08-13 00:00:00,8000.0,9000.0,9000.0,132
Gujarat,Vadodara(Baroda),Vadodara,Dry Chillies,Other,FAQ,2015-08-20 00:00:00,8000.0,9000.0,9000.0,132
Gujarat,Vadodara(Baroda),Vadodara,Dry Chillies,Other,FAQ,2015-09-03 00:00:00,9000.0,10000.0,10000.0,132
Gujarat,Vadodara(Baroda),Vadodara,Dry Chillies,Other,FAQ,2015-09-15 00:00:00,12000.0,13000.0,13000.0,132
Gujarat,Vadodara(Baroda),Vadodara,Dry Chillies,Other,FAQ,2015-09-30 00:00:00,11000.0,13000.0,13000.0,132
Gujarat,Vadodara(Baroda),Vadodara,Dry Chillies,Other,FAQ,2015-10-06 00:00:00,11000.0,13000.0,13000.0,132
Gujarat,Vadodara(Baroda),Vadodara,Dry Chillies,Other,FAQ,2015-10-10 00:00:00,11000.0,12000.0,12000.0,132
Gujarat,Vadodara(Baroda),Vadodara,Dry Chillies,Other,FAQ,2015-10-16 00:00:00,11000.0,12000.0,12000.0,132
Gujarat,Vadodara(Baroda),Vadodara,Dry Chillies,Other,FAQ,2015-10-17 00:00:00,11000.0,12000.0,12000.0,132
Gujarat,Vadodara(Baroda),Vadodara,Dry Chillies,Other,FAQ,2015-10-21 00:00:00,11000.0,12000.0,12000.0,132
Gujarat,Dahod,Dahod,Dry Chillies,Other,FAQ,2012-01-02 00:00:00,7500.0,11000.0,10000.0,132
Gujarat,Dahod,Dahod,Dry Chillies,Other,FAQ,2012-01-23 00:00:00,5500.0,9000.0,7000.0,132
Gujarat,Dahod,Dahod,Dry Chillies,Other,FAQ,2012-02-06 00:00:00,5000.0,9000.0,7500.0,132
Gujarat,Dahod,Dahod,Dry Chillies,Other,FAQ,2012-02-23 00:00:00,4500.0,8500.0,7500.0,132
Gujarat,Dahod,Dahod,Dry Chillies,Other,FAQ,2012-02-29 00:00:00,4500.0,8500.0,7500.0,132
Gujarat,Dahod,Dahod,Dry Chillies,Other,FAQ,2012-03-09 00:00:00,4500.0,8000.0,7675.0,132
Gujarat,Dahod,Dahod,Dry Chillies,Other,FAQ,2012-03-19 00:00:00,4500.0,8000.0,7500.0,132
Gujarat,Dahod,Dahod,Dry Chillies,Other,FAQ,2012-03-22 00:00:00,4500.0,8000.0,7500.0,132
Gujarat,Dahod,Dahod,Dry Chillies,Other,FAQ,2012-05-24 00:00:00,4000.0,8000.0,7250.0,132
Gujarat,Dahod,Dahod,Dry Chillies,Other,FAQ,2012-05-25 00:00:00,4000.0,8000.0,7000.0,132
Gujarat,Dahod,Dahod,Dry Chillies,Other,FAQ,2012-05-28 00:00:00,4000.0,8000.0,7500.0,132
Gujarat,Dahod,Dahod,Dry Chillies,Other,FAQ,2012-06-22 00:00:00,6000.0,8500.0,8000.0,132
Gujarat,Dahod,Dahod,Dry Chillies,Other,FAQ,2012-07-13 00:00:00,6000.0,8500.0,8000.0,132
Gujarat,Dahod,Dahod,Dry Chillies,Other,FAQ,2012-07-26 00:00:00,6500.0,8750.0,8200.0,132
Gujarat,Dahod,Dahod,Dry Chillies,Other,FAQ,2012-08-17 00:00:00,6500.0,9000.0,8500.0,132
Gujarat,Dahod,Dahod,Dry Chillies,Other,FAQ,2012-08-23 00:00:00,6500.0,9000.0,8500.0,132
Gujarat,Dahod,Dahod,Dry Chillies,Other,FAQ,2012-08-30 00:00:00,6500.0,9000.0,8500.0,132
Gujarat,Dahod,Dahod,Dry Chillies,Other,FAQ,2012-08-31 00:00:00,6500.0,9000.0,8500.0,132
Gujarat,Dahod,Dahod,Dry Chillies,Other,FAQ,2012-10-04 00:00:00,5500.0,8750.0,8000.0,132
Gujarat,Dahod,Dahod,Dry Chillies,Other,FAQ,2012-10-13 00:00:00,5500.0,9000.0,8500.0,132
Gujarat,Dahod,Dahod,Dry Chillies,Other,FAQ,2012-10-22 00:00:00,5500.0,9000.0,8500.0,132
Gujarat,Dahod,Dahod,Dry Chillies,Other,FAQ,2012-10-30 00:00:00,5500.0,9000.0,8500.0,132
Gujarat,Dahod,Dahod,Dry Chillies,Other,FAQ,2012-11-02 00:00:00,5500.0,9000.0,8000.0,132
Gujarat,Dahod,Dahod,Dry Chillies,Other,FAQ,2012-11-09 00:00:00,5500.0,9250.0,7500.0,132
Gujarat,Dahod,Dahod,Dry Chillies,Other,FAQ,2012-11-20 00:00:00,5500.0,9250.0,8000.0,132
Gujarat,Dahod,Dahod,Dry Chillies,Other,FAQ,2012-11-22 00:00:00,5500.0,9500.0,8500.0,132
Gujarat,Dahod,Dahod,Dry Chillies,Other,FAQ,2012-11-28 00:00:00,5500.0,9500.0,8750.0,132
Gujarat,Dahod,Dahod,Dry Chillies,Other,FAQ,2012-12-10 00:00:00,6000.0,10250.0,9500.0,132
Gujarat,Dahod,Dahod,Dry Chillies,Other,FAQ,2012-12-12 00:00:00,6000.0,10250.0,9500.0,132
Gujarat,Dahod,Dahod,Dry Chillies,Other,FAQ,2012-12-14 00:00:00,6000.0,10250.0,9500.0,132
Gujarat,Dahod,Dahod,Dry Chillies,Other,FAQ,2012-12-20 00:00:00,6000.0,10250.0,9500.0,132
Gujarat,Rajkot,Gondal,Dry Chillies,Desi,FAQ,2012-02-14 00:00:00,2005.0,13605.0,9305.0,132
Gujarat,Rajkot,Gondal,Dry Chillies,Desi,FAQ,2012-02-21 00:00:00,2500.0,12905.0,9305.0,132
Gujarat,Rajkot,Gondal,Dry Chillies,Desi,FAQ,2012-02-25 00:00:00,1505.0,13805.0,10505.0,132
Gujarat,Rajkot,Gondal,Dry Chillies,Desi,FAQ,2012-03-01 00:00:00,1505.0,12555.0,10405.0,132
Gujarat,Rajkot,Gondal,Dry Chillies,Desi,FAQ,2012-03-03 00:00:00,1505.0,11455.0,9305.0,132
Gujarat,Rajkot,Gondal,Dry Chillies,Desi,FAQ,2012-03-05 00:00:00,1505.0,10805.0,9905.0,132
Gujarat,Rajkot,Gondal,Dry Chillies,Desi,FAQ,2012-03-12 00:00:00,1505.0,11355.0,9305.0,132
Gujarat,Rajkot,Gondal,Dry Chillies,Desi,FAQ,2012-03-15 00:00:00,1505.0,12155.0,9355.0,132
Gujarat,Rajkot,Gondal,Dry Chillies,Desi,FAQ,2012-03-16 00:00:00,1505.0,11305.0,9355.0,132
Gujarat,Rajkot,Gondal,Dry Chillies,Desi,FAQ,2012-03-20 00:00:00,1505.0,11455.0,9355.0,132
Gujarat,Rajkot,Gondal,Dry Chillies,Desi,FAQ,2012-04-02 00:00:00,1005.0,9405.0,7455.0,132
Gujarat,Rajkot,Gondal,Dry Chillies,Desi,FAQ,2012-04-04 00:00:00,1005.0,9305.0,7855.0,132
Gujarat,Rajkot,Gondal,Dry Chillies,Desi,FAQ,2012-04-10 00:00:00,1255.0,8755.0,7555.0,132
Gujarat,Rajkot,Gondal,Dry Chillies,Desi,FAQ,2012-04-12 00:00:00,1005.0,7605.0,6355.0,132
Gujarat,Rajkot,Gondal,Dry Chillies,Desi,FAQ,2012-04-24 00:00:00,1005.0,6805.0,5105.0,132
Gujarat,Rajkot,Gondal,Dry Chillies,Desi,FAQ,2012-05-01 00:00:00,1000.0,7905.0,5255.0,132
Gujarat,Rajkot,Jasdan,Dry Chillies,Other,FAQ,2012-01-25 00:00:00,4005.0,4005.0,4005.0,132
Gujarat,Rajkot,Jasdan,Dry Chillies,Other,FAQ,2012-04-05 00:00:00,2805.0,7120.0,4800.0,132
Gujarat,Rajkot,Jasdan,Dry Chillies,Other,FAQ,2012-04-10 00:00:00,3000.0,7225.0,5100.0,132
Gujarat,Rajkot,Jasdan,Dry Chillies,Other,FAQ,2012-04-11 00:00:00,3500.0,6955.0,4500.0,132
Gujarat,Rajkot,Jasdan,Dry Chillies,Other,FAQ,2012-04-26 00:00:00,3525.0,4500.0,4000.0,132
Gujarat,Rajkot,Jasdan,Dry Chillies,Other,FAQ,2012-05-09 00:00:00,1505.0,5505.0,4250.0,132
Gujarat,Rajkot,Jasdan,Dry Chillies,Other,FAQ,2012-05-30 00:00:00,4350.0,5300.0,4500.0,132
Gujarat,Rajkot,Jasdan,Dry Chillies,Other,FAQ,2012-06-22 00:00:00,2850.0,2850.0,2850.0,132
Gujarat,Vadodara(Baroda),Vadodara,Dry Chillies,Other,FAQ,2012-01-10 00:00:00,6000.0,8000.0,7500.0,132
Gujarat,Vadodara(Baroda),Vadodara,Dry Chillies,Other,FAQ,2012-01-11 00:00:00,6000.0,8000.0,7500.0,132
Gujarat,Vadodara(Baroda),Vadodara,Dry Chillies,Other,FAQ,2012-01-13 00:00:00,6000.0,8000.0,8000.0,132
Gujarat,Vadodara(Baroda),Vadodara,Dry Chillies,Other,FAQ,2012-01-17 00:00:00,4500.0,6000.0,6000.0,132
Gujarat,Vadodara(Baroda),Vadodara,Dry Chillies,Other,FAQ,2012-02-06 00:00:00,4000.0,6000.0,6000.0,132
Gujarat,Vadodara(Baroda),Vadodara,Dry Chillies,Other,FAQ,2012-02-20 00:00:00,6000.0,8000.0,8000.0,132
Gujarat,Vadodara(Baroda),Vadodara,Dry Chillies,Other,FAQ,2012-03-03 00:00:00,5000.0,6000.0,6000.0,132
Gujarat,Vadodara(Baroda),Vadodara,Dry Chillies,Other,FAQ,2012-03-09 00:00:00,5000.0,6000.0,6000.0,132
Gujarat,Vadodara(Baroda),Vadodara,Dry Chillies,Other,FAQ,2012-03-10 00:00:00,5000.0,6000.0,6000.0,132
Gujarat,Vadodara(Baroda),Vadodara,Dry Chillies,Other,FAQ,2012-03-19 00:00:00,5000.0,6000.0,6000.0,132
Gujarat,Vadodara(Baroda),Vadodara,Dry Chillies,Other,FAQ,2012-03-24 00:00:00,5000.0,6000.0,6000.0,132
Gujarat,Vadodara(Baroda),Vadodara,Dry Chillies,Other,FAQ,2012-03-28 00:00:00,5000.0,6000.0,6000.0,132
Gujarat,Vadodara(Baroda),Vadodara,Dry Chillies,Other,FAQ,2012-03-31 00:00:00,5000.0,6000.0,6000.0,132
Gujarat,Vadodara(Baroda),Vadodara,Dry Chillies,Other,FAQ,2012-04-10 00:00:00,5000.0,6000.0,6000.0,132
Gujarat,Vadodara(Baroda),Vadodara,Dry Chillies,Other,FAQ,2012-04-18 00:00:00,4000.0,5000.0,5000.0,132
Gujarat,Vadodara(Baroda),Vadodara,Dry Chillies,Other,FAQ,2012-04-28 00:00:00,4000.0,5000.0,5000.0,132
Gujarat,Vadodara(Baroda),Vadodara,Dry Chillies,Other,FAQ,2012-05-14 00:00:00,4000.0,4500.0,4500.0,132
Gujarat,Vadodara(Baroda),Vadodara,Dry Chillies,Other,FAQ,2012-05-28 00:00:00,5000.0,7000.0,7000.0,132
Gujarat,Vadodara(Baroda),Vadodara,Dry Chillies,Other,FAQ,2012-05-29 00:00:00,5000.0,7000.0,7000.0,132
Gujarat,Vadodara(Baroda),Vadodara,Dry Chillies,Other,FAQ,2012-06-06 00:00:00,5000.0,7000.0,7000.0,132
Gujarat,Vadodara(Baroda),Vadodara,Dry Chillies,Other,FAQ,2012-06-07 00:00:00,4000.0,5500.0,5500.0,132
Gujarat,Vadodara(Baroda),Vadodara,Dry Chillies,Other,FAQ,2012-06-27 00:00:00,5000.0,6000.0,6000.0,132
Gujarat,Vadodara(Baroda),Vadodara,Dry Chillies,Other,FAQ,2012-07-16 00:00:00,5000.0,6000.0,6000.0,132
Gujarat,Vadodara(Baroda),Vadodara,Dry Chillies,Other,FAQ,2012-07-20 00:00:00,5000.0,6000.0,6000.0,132
Gujarat,Vadodara(Baroda),Vadodara,Dry Chillies,Other,FAQ,2012-07-26 00:00:00,5000.0,6000.0,6000.0,132
Gujarat,Vadodara(Baroda),Vadodara,Dry Chillies,Other,FAQ,2012-07-30 00:00:00,3100.0,5200.0,5200.0,132
Gujarat,Vadodara(Baroda),Vadodara,Dry Chillies,Other,FAQ,2012-08-14 00:00:00,5000.0,6000.0,6000.0,132
Gujarat,Vadodara(Baroda),Vadodara,Dry Chillies,Other,FAQ,2012-09-07 00:00:00,5000.0,6000.0,6000.0,132
Gujarat,Vadodara(Baroda),Vadodara,Dry Chillies,Other,FAQ,2012-09-13 00:00:00,6000.0,6500.0,6500.0,132
Gujarat,Vadodara(Baroda),Vadodara,Dry Chillies,Other,FAQ,2012-10-06 00:00:00,5000.0,6000.0,6000.0,132
Gujarat,Vadodara(Baroda),Vadodara,Dry Chillies,Other,FAQ,2012-10-12 00:00:00,5000.0,6000.0,6000.0,132
Gujarat,Vadodara(Baroda),Vadodara,Dry Chillies,Other,FAQ,2012-10-16 00:00:00,5000.0,6000.0,6000.0,132
Gujarat,Vadodara(Baroda),Vadodara,Dry Chillies,Other,FAQ,2012-10-17 00:00:00,5000.0,6000.0,6000.0,132
Gujarat,Vadodara(Baroda),Vadodara,Dry Chillies,Other,FAQ,2012-10-18 00:00:00,5000.0,6500.0,6500.0,132
Gujarat,Vadodara(Baroda),Vadodara,Dry Chillies,Other,FAQ,2012-10-19 00:00:00,5000.0,6500.0,6500.0,132
Gujarat,Vadodara(Baroda),Vadodara,Dry Chillies,Other,FAQ,2012-10-20 00:00:00,5000.0,6500.0,6500.0,132
Gujarat,Vadodara(Baroda),Vadodara,Dry Chillies,Other,FAQ,2012-10-22 00:00:00,5000.0,6500.0,6500.0,132
Gujarat,Vadodara(Baroda),Vadodara,Dry Chillies,Other,FAQ,2012-11-05 00:00:00,4000.0,6000.0,5500.0,132
Gujarat,Vadodara(Baroda),Vadodara,Dry Chillies,Other,FAQ,2012-11-07 00:00:00,4000.0,6000.0,6000.0,132
Gujarat,Vadodara(Baroda),Vadodara,Dry Chillies,Other,FAQ,2012-11-12 00:00:00,4000.0,6000.0,6000.0,132
Gujarat,Vadodara(Baroda),Vadodara,Dry Chillies,Other,FAQ,2012-11-20 00:00:00,5000.0,5500.0,5500.0,132
Gujarat,Vadodara(Baroda),Vadodara,Dry Chillies,Other,FAQ,2012-11-21 00:00:00,5000.0,5500.0,5500.0,132
Gujarat,Vadodara(Baroda),Vadodara,Dry Chillies,Other,FAQ,2012-11-27 00:00:00,5000.0,5500.0,5500.0,132
Gujarat,Vadodara(Baroda),Vadodara,Dry Chillies,Other,FAQ,2012-11-28 00:00:00,5000.0,5500.0,5500.0,132
Gujarat,Vadodara(Baroda),Vadodara,Dry Chillies,Other,FAQ,2012-12-06 00:00:00,5000.0,5500.0,5500.0,132
Gujarat,Vadodara(Baroda),Vadodara,Dry Chillies,Other,FAQ,2012-12-07 00:00:00,5000.0,5500.0,5500.0,132
Gujarat,Vadodara(Baroda),Vadodara,Dry Chillies,Other,FAQ,2012-12-13 00:00:00,4000.0,5000.0,5000.0,132
Gujarat,Vadodara(Baroda),Vadodara,Dry Chillies,Other,FAQ,2012-12-14 00:00:00,4000.0,5000.0,5000.0,132
Gujarat,Vadodara(Baroda),Vadodara,Dry Chillies,Other,FAQ,2012-12-18 00:00:00,4000.0,5000.0,5000.0,132
Gujarat,Vadodara(Baroda),Vadodara,Dry Chillies,Other,FAQ,2012-12-24 00:00:00,4000.0,5000.0,5000.0,132
Gujarat,Dahod,Dahod,Dry Chillies,Dry Chillies,FAQ,2017-01-10 00:00:00,8500.0,14500.0,13000.0,132
Gujarat,Dahod,Dahod,Dry Chillies,Dry Chillies,FAQ,2017-01-16 00:00:00,8500.0,14500.0,13000.0,132
Gujarat,Dahod,Dahod,Dry Chillies,Dry Chillies,FAQ,2017-01-25 00:00:00,8500.0,14500.0,13000.0,132
Gujarat,Dahod,Dahod,Dry Chillies,Dry Chillies,FAQ,2017-02-01 00:00:00,8500.0,14500.0,13000.0,132
Gujarat,Dahod,Dahod,Dry Chillies,Dry Chillies,FAQ,2017-02-03 00:00:00,8500.0,14500.0,13000.0,132
Gujarat,Dahod,Dahod,Dry Chillies,Dry Chillies,FAQ,2017-02-08 00:00:00,8500.0,14500.0,13000.0,132
Gujarat,Dahod,Dahod,Dry Chillies,Dry Chillies,FAQ,2017-02-11 00:00:00,8500.0,14500.0,13000.0,132
Gujarat,Dahod,Dahod,Dry Chillies,Dry Chillies,FAQ,2017-02-21 00:00:00,8500.0,14500.0,11000.0,132
Gujarat,Dahod,Dahod,Dry Chillies,Dry Chillies,FAQ,2017-03-07 00:00:00,8500.0,12000.0,10000.0,132
Gujarat,Dahod,Dahod,Dry Chillies,Dry Chillies,FAQ,2017-03-09 00:00:00,8500.0,12000.0,10000.0,132
Gujarat,Dahod,Dahod,Dry Chillies,Dry Chillies,FAQ,2017-04-25 00:00:00,8000.0,11500.0,10000.0,132
Gujarat,Dahod,Dahod,Dry Chillies,Dry Chillies,FAQ,2017-05-23 00:00:00,8000.0,11500.0,9000.0,132
Gujarat,Dahod,Dahod,Dry Chillies,Dry Chillies,FAQ,2017-10-10 00:00:00,7000.0,10000.0,9000.0,132
Gujarat,Dahod,Dahod,Dry Chillies,Dry Chillies,FAQ,2017-11-07 00:00:00,8000.0,10000.0,9000.0,132
Gujarat,Dahod,Dahod,Dry Chillies,Dry Chillies,FAQ,2017-12-28 00:00:00,8000.0,11200.0,10000.0,132
Gujarat,Jamnagar,Jamnagar,Dry Chillies,1st Sort,FAQ,2017-03-14 00:00:00,3875.0,6000.0,4937.0,132
Gujarat,Jamnagar,Jamnagar,Dry Chillies,1st Sort,FAQ,2017-04-10 00:00:00,2000.0,5000.0,3500.0,132
Gujarat,Jamnagar,Jamnagar,Dry Chillies,1st Sort,FAQ,2017-05-03 00:00:00,1125.0,3500.0,2313.0,132
Gujarat,Jamnagar,Jamnagar,Dry Chillies,1st Sort,FAQ,2017-05-24 00:00:00,1200.0,3125.0,2163.0,132
Gujarat,Rajkot,Gondal,Dry Chillies,Bold 1,FAQ,2017-01-03 00:00:00,4505.0,10305.0,9305.0,132
Gujarat,Rajkot,Gondal,Dry Chillies,Bold 1,FAQ,2017-01-04 00:00:00,4000.0,10305.0,9005.0,132
Gujarat,Rajkot,Gondal,Dry Chillies,Bold 1,FAQ,2017-01-16 00:00:00,3605.0,9905.0,8505.0,132
Gujarat,Rajkot,Gondal,Dry Chillies,Bold 1,FAQ,2017-01-24 00:00:00,4005.0,10105.0,9405.0,132
Gujarat,Rajkot,Gondal,Dry Chillies,Bold 1,FAQ,2017-02-08 00:00:00,3505.0,8205.0,6705.0,132
Gujarat,Rajkot,Gondal,Dry Chillies,Bold 1,FAQ,2017-02-11 00:00:00,4005.0,14005.0,12505.0,132
Gujarat,Rajkot,Gondal,Dry Chillies,Bold 1,FAQ,2017-02-17 00:00:00,3505.0,7905.0,6505.0,132
Gujarat,Rajkot,Gondal,Dry Chillies,Bold 1,FAQ,2017-02-21 00:00:00,3505.0,7705.0,7205.0,132
Gujarat,Rajkot,Gondal,Dry Chillies,Bold 1,FAQ,2017-03-03 00:00:00,3505.0,12605.0,8205.0,132
Gujarat,Rajkot,Gondal,Dry Chillies,Bold 1,FAQ,2017-03-15 00:00:00,2505.0,7205.0,5705.0,132
Gujarat,Rajkot,Gondal,Dry Chillies,Bold 1,FAQ,2017-03-20 00:00:00,2505.0,8505.0,6705.0,132
Gujarat,Rajkot,Gondal,Dry Chillies,Bold 1,FAQ,2017-04-08 00:00:00,1005.0,6505.0,4905.0,132
Gujarat,Rajkot,Gondal,Dry Chillies,Bold 1,FAQ,2017-04-13 00:00:00,1005.0,5405.0,3905.0,132
Gujarat,Rajkot,Gondal,Dry Chillies,Bold 1,FAQ,2017-04-14 00:00:00,1005.0,5505.0,3905.0,132
Gujarat,Rajkot,Gondal,Dry Chillies,Bold 1,FAQ,2017-06-03 00:00:00,750.0,3305.0,2205.0,132
Gujarat,Rajkot,Gondal,Dry Chillies,Bold 1,FAQ,2017-12-12 00:00:00,3505.0,12380.0,9880.0,132
Gujarat,Rajkot,Gondal,Dry Chillies,Bold 1,FAQ,2017-12-13 00:00:00,3505.0,11380.0,9630.0,132
Gujarat,Rajkot,Gondal,Dry Chillies,Bold 1,FAQ,2017-12-19 00:00:00,3505.0,11380.0,9380.0,132
Gujarat,Rajkot,Gondal,Dry Chillies,Bold 1,FAQ,2017-12-22 00:00:00,3755.0,11630.0,8755.0,132
Gujarat,Rajkot,Gondal,Dry Chillies,Bold 1,FAQ,2017-12-23 00:00:00,3505.0,10380.0,8880.0,132
Gujarat,Vadodara(Baroda),Vadodara,Dry Chillies,Other,FAQ,2017-01-07 00:00:00,8000.0,10000.0,10000.0,132
Gujarat,Vadodara(Baroda),Vadodara,Dry Chillies,Other,FAQ,2017-01-23 00:00:00,8000.0,9000.0,9000.0,132
Gujarat,Vadodara(Baroda),Vadodara,Dry Chillies,Other,FAQ,2017-01-25 00:00:00,8000.0,9000.0,9000.0,132
Gujarat,Vadodara(Baroda),Vadodara,Dry Chillies,Other,FAQ,2017-02-03 00:00:00,8000.0,9000.0,9000.0,132
Gujarat,Vadodara(Baroda),Vadodara,Dry Chillies,Other,FAQ,2017-02-04 00:00:00,8000.0,9000.0,9000.0,132
Gujarat,Vadodara(Baroda),Vadodara,Dry Chillies,Other,FAQ,2017-02-10 00:00:00,10000.0,13000.0,13000.0,132
Gujarat,Vadodara(Baroda),Vadodara,Dry Chillies,Other,FAQ,2017-02-14 00:00:00,10000.0,13000.0,13000.0,132
Gujarat,Vadodara(Baroda),Vadodara,Dry Chillies,Other,FAQ,2017-02-17 00:00:00,10000.0,13000.0,13000.0,132
Gujarat,Vadodara(Baroda),Vadodara,Dry Chillies,Other,FAQ,2017-02-18 00:00:00,4000.0,5500.0,5500.0,132
Gujarat,Vadodara(Baroda),Vadodara,Dry Chillies,Other,FAQ,2017-02-20 00:00:00,10000.0,13000.0,13000.0,132
Gujarat,Vadodara(Baroda),Vadodara,Dry Chillies,Other,FAQ,2017-02-21 00:00:00,10000.0,13000.0,13000.0,132
Gujarat,Vadodara(Baroda),Vadodara,Dry Chillies,Other,FAQ,2017-02-27 00:00:00,11000.0,13000.0,13000.0,132
Gujarat,Vadodara(Baroda),Vadodara,Dry Chillies,Other,FAQ,2017-03-03 00:00:00,11000.0,13000.0,13000.0,132
Gujarat,Vadodara(Baroda),Vadodara,Dry Chillies,Other,FAQ,2017-03-06 00:00:00,11000.0,13000.0,13000.0,132
Gujarat,Vadodara(Baroda),Vadodara,Dry Chillies,Other,FAQ,2017-03-09 00:00:00,8000.0,10000.0,10000.0,132
Gujarat,Vadodara(Baroda),Vadodara,Dry Chillies,Other,FAQ,2017-03-10 00:00:00,8000.0,10000.0,10000.0,132
Gujarat,Vadodara(Baroda),Vadodara,Dry Chillies,Other,FAQ,2017-03-15 00:00:00,8000.0,10000.0,10000.0,132
Gujarat,Vadodara(Baroda),Vadodara,Dry Chillies,Other,FAQ,2017-03-18 00:00:00,8000.0,10000.0,10000.0,132
Gujarat,Vadodara(Baroda),Vadodara,Dry Chillies,Other,FAQ,2017-03-23 00:00:00,8000.0,10000.0,10000.0,132
Gujarat,Vadodara(Baroda),Vadodara,Dry Chillies,Other,FAQ,2017-04-12 00:00:00,8000.0,10000.0,10000.0,132
Gujarat,Vadodara(Baroda),Vadodara,Dry Chillies,Other,FAQ,2017-04-22 00:00:00,8000.0,10000.0,10000.0,132
Gujarat,Vadodara(Baroda),Vadodara,Dry Chillies,Other,FAQ,2017-05-08 00:00:00,8000.0,10000.0,10000.0,132
Gujarat,Vadodara(Baroda),Vadodara,Dry Chillies,Other,FAQ,2017-05-12 00:00:00,8000.0,10000.0,10000.0,132
Gujarat,Vadodara(Baroda),Vadodara,Dry Chillies,Other,FAQ,2017-05-20 00:00:00,5000.0,8000.0,8000.0,132
Gujarat,Vadodara(Baroda),Vadodara,Dry Chillies,Other,FAQ,2017-05-25 00:00:00,5000.0,8000.0,8000.0,132
Gujarat,Vadodara(Baroda),Vadodara,Dry Chillies,Other,FAQ,2017-06-05 00:00:00,5000.0,8000.0,8000.0,132
Gujarat,Vadodara(Baroda),Vadodara,Dry Chillies,Other,FAQ,2017-06-21 00:00:00,5000.0,7000.0,7000.0,132
Gujarat,Vadodara(Baroda),Vadodara,Dry Chillies,Other,FAQ,2017-06-22 00:00:00,5000.0,7000.0,7000.0,132
Gujarat,Vadodara(Baroda),Vadodara,Dry Chillies,Other,FAQ,2017-06-23 00:00:00,5000.0,7000.0,7000.0,132
Gujarat,Vadodara(Baroda),Vadodara,Dry Chillies,Other,FAQ,2017-07-11 00:00:00,5000.0,7000.0,7000.0,132
Gujarat,Vadodara(Baroda),Vadodara,Dry Chillies,Other,FAQ,2017-07-17 00:00:00,5000.0,7000.0,7000.0,132
Gujarat,Vadodara(Baroda),Vadodara,Dry Chillies,Other,FAQ,2017-07-20 00:00:00,4500.0,4800.0,4800.0,132
Gujarat,Vadodara(Baroda),Vadodara,Dry Chillies,Other,FAQ,2017-08-09 00:00:00,4000.0,5000.0,5000.0,132
Gujarat,Vadodara(Baroda),Vadodara,Dry Chillies,Other,FAQ,2017-09-27 00:00:00,5000.0,7000.0,7000.0,132
Gujarat,Vadodara(Baroda),Vadodara,Dry Chillies,Other,FAQ,2017-11-25 00:00:00,5500.0,7000.0,7000.0,132
Gujarat,Dahod,Dahod,Dry Chillies,Dry Chillies,FAQ,2017-01-06 00:00:00,8500.0,14500.0,13000.0,132
Gujarat,Dahod,Dahod,Dry Chillies,Dry Chillies,FAQ,2017-01-19 00:00:00,8500.0,14500.0,13000.0,132
Gujarat,Dahod,Dahod,Dry Chillies,Dry Chillies,FAQ,2017-01-23 00:00:00,8500.0,14500.0,13000.0,132
Gujarat,Dahod,Dahod,Dry Chillies,Dry Chillies,FAQ,2017-02-09 00:00:00,8500.0,14500.0,13000.0,132
Gujarat,Dahod,Dahod,Dry Chillies,Dry Chillies,FAQ,2017-02-13 00:00:00,8500.0,14500.0,13000.0,132
Gujarat,Dahod,Dahod,Dry Chillies,Dry Chillies,FAQ,2017-02-14 00:00:00,8500.0,14500.0,13000.0,132
Gujarat,Dahod,Dahod,Dry Chillies,Dry Chillies,FAQ,2017-03-01 00:00:00,8500.0,14500.0,13000.0,132
Gujarat,Dahod,Dahod,Dry Chillies,Dry Chillies,FAQ,2017-03-15 00:00:00,8500.0,12000.0,10000.0,132
Gujarat,Dahod,Dahod,Dry Chillies,Dry Chillies,FAQ,2017-03-31 00:00:00,8000.0,11500.0,10000.0,132
Gujarat,Dahod,Dahod,Dry Chillies,Dry Chillies,FAQ,2017-04-05 00:00:00,8000.0,11500.0,10000.0,132
Gujarat,Dahod,Dahod,Dry Chillies,Dry Chillies,FAQ,2017-04-13 00:00:00,8000.0,11500.0,10500.0,132
Gujarat,Dahod,Dahod,Dry Chillies,Dry Chillies,FAQ,2017-10-17 00:00:00,7000.0,10000.0,8500.0,132
Gujarat,Jamnagar,Jamnagar,Dry Chillies,1st Sort,FAQ,2017-01-24 00:00:00,4450.0,8800.0,6625.0,132
Gujarat,Jamnagar,Jamnagar,Dry Chillies,1st Sort,FAQ,2017-02-22 00:00:00,3125.0,8825.0,5975.0,132
Gujarat,Jamnagar,Jamnagar,Dry Chillies,1st Sort,FAQ,2017-02-23 00:00:00,5775.0,9375.0,7575.0,132
Gujarat,Jamnagar,Jamnagar,Dry Chillies,1st Sort,FAQ,2017-03-02 00:00:00,3500.0,5000.0,4500.0,132
Gujarat,Jamnagar,Jamnagar,Dry Chillies,1st Sort,FAQ,2017-03-15 00:00:00,2750.0,6400.0,4575.0,132
Gujarat,Jamnagar,Jamnagar,Dry Chillies,1st Sort,FAQ,2017-03-16 00:00:00,1950.0,5625.0,3788.0,132
Gujarat,Jamnagar,Jamnagar,Dry Chillies,1st Sort,FAQ,2017-04-11 00:00:00,2000.0,4375.0,3187.0,132
Gujarat,Jamnagar,Jamnagar,Dry Chillies,1st Sort,FAQ,2017-04-21 00:00:00,3000.0,3625.0,3313.0,132
Gujarat,Jamnagar,Jamnagar,Dry Chillies,1st Sort,FAQ,2017-05-04 00:00:00,1500.0,4025.0,2762.0,132
Gujarat,Jamnagar,Jamnagar,Dry Chillies,1st Sort,FAQ,2017-05-13 00:00:00,1000.0,3125.0,2063.0,132
Gujarat,Rajkot,Gondal,Dry Chillies,Bold 1,FAQ,2017-01-11 00:00:00,4105.0,9305.0,8205.0,132
Gujarat,Rajkot,Gondal,Dry Chillies,Bold 1,FAQ,2017-01-13 00:00:00,3505.0,9405.0,8405.0,132
Gujarat,Rajkot,Gondal,Dry Chillies,Bold 1,FAQ,2017-01-28 00:00:00,4005.0,9405.0,8105.0,132
Gujarat,Rajkot,Gondal,Dry Chillies,Bold 1,FAQ,2017-02-09 00:00:00,3505.0,8505.0,7005.0,132
Gujarat,Rajkot,Gondal,Dry Chillies,Bold 1,FAQ,2017-02-16 00:00:00,3505.0,7905.0,6705.0,132
Gujarat,Rajkot,Gondal,Dry Chillies,Bold 1,FAQ,2017-02-22 00:00:00,3505.0,8205.0,6505.0,132
Gujarat,Rajkot,Gondal,Dry Chillies,Bold 1,FAQ,2017-02-25 00:00:00,2505.0,8005.0,6405.0,132
Gujarat,Rajkot,Gondal,Dry Chillies,Bold 1,FAQ,2017-02-27 00:00:00,2505.0,7405.0,6605.0,132
Gujarat,Rajkot,Gondal,Dry Chillies,Bold 1,FAQ,2017-03-04 00:00:00,3505.0,11705.0,9205.0,132
Gujarat,Rajkot,Gondal,Dry Chillies,Bold 1,FAQ,2017-03-08 00:00:00,3505.0,12705.0,11005.0,132
Gujarat,Rajkot,Gondal,Dry Chillies,Bold 1,FAQ,2017-03-21 00:00:00,2505.0,9005.0,6505.0,132
Gujarat,Rajkot,Gondal,Dry Chillies,Bold 1,FAQ,2017-03-24 00:00:00,2505.0,7805.0,5705.0,132
Gujarat,Rajkot,Gondal,Dry Chillies,Bold 1,FAQ,2017-11-27 00:00:00,2250.0,10005.0,8880.0,132
Gujarat,Rajkot,Gondal,Dry Chillies,Bold 1,FAQ,2017-12-04 00:00:00,2755.0,10880.0,8630.0,132
Gujarat,Rajkot,Gondal,Dry Chillies,Bold 1,FAQ,2017-12-20 00:00:00,3505.0,11880.0,9130.0,132
Gujarat,Rajkot,Gondal,Dry Chillies,Bold 1,FAQ,2017-12-25 00:00:00,3505.0,10630.0,8880.0,132
Gujarat,Rajkot,Gondal,Dry Chillies,Bold 1,FAQ,2017-12-27 00:00:00,3755.0,11380.0,9380.0,132
Gujarat,Rajkot,Gondal,Dry Chillies,Bold 1,FAQ,2017-12-28 00:00:00,3755.0,11380.0,8880.0,132
Gujarat,Rajkot,Gondal,Dry Chillies,Bold 1,FAQ,2017-12-30 00:00:00,3755.0,11880.0,9380.0,132
Gujarat,Vadodara(Baroda),Vadodara,Dry Chillies,Other,FAQ,2017-01-02 00:00:00,8000.0,10000.0,10000.0,132
Gujarat,Vadodara(Baroda),Vadodara,Dry Chillies,Other,FAQ,2017-01-24 00:00:00,8000.0,9000.0,9000.0,132
Gujarat,Vadodara(Baroda),Vadodara,Dry Chillies,Other,FAQ,2017-02-22 00:00:00,11000.0,13000.0,13000.0,132
Gujarat,Vadodara(Baroda),Vadodara,Dry Chillies,Other,FAQ,2017-02-28 00:00:00,11000.0,13000.0,13000.0,132
Gujarat,Vadodara(Baroda),Vadodara,Dry Chillies,Other,FAQ,2017-03-11 00:00:00,8000.0,10000.0,10000.0,132
Gujarat,Vadodara(Baroda),Vadodara,Dry Chillies,Other,FAQ,2017-03-24 00:00:00,8000.0,10000.0,10000.0,132
Gujarat,Vadodara(Baroda),Vadodara,Dry Chillies,Other,FAQ,2017-03-28 00:00:00,8000.0,10000.0,10000.0,132
Gujarat,Vadodara(Baroda),Vadodara,Dry Chillies,Other,FAQ,2017-04-07 00:00:00,8000.0,10000.0,10000.0,132
Gujarat,Vadodara(Baroda),Vadodara,Dry Chillies,Other,FAQ,2017-05-23 00:00:00,5000.0,8000.0,8000.0,132
Gujarat,Vadodara(Baroda),Vadodara,Dry Chillies,Other,FAQ,2017-06-08 00:00:00,5000.0,8000.0,8000.0,132
Gujarat,Vadodara(Baroda),Vadodara,Dry Chillies,Other,FAQ,2017-06-10 00:00:00,5000.0,8000.0,8000.0,132
Gujarat,Vadodara(Baroda),Vadodara,Dry Chillies,Other,FAQ,2017-06-24 00:00:00,5000.0,7000.0,7000.0,132
Gujarat,Vadodara(Baroda),Vadodara,Dry Chillies,Other,FAQ,2017-06-29 00:00:00,5000.0,7000.0,7000.0,132
Gujarat,Vadodara(Baroda),Vadodara,Dry Chillies,Other,FAQ,2017-07-18 00:00:00,4500.0,4800.0,4800.0,132
Gujarat,Vadodara(Baroda),Vadodara,Dry Chillies,Other,FAQ,2017-07-22 00:00:00,4500.0,4800.0,4800.0,132
Gujarat,Vadodara(Baroda),Vadodara,Dry Chillies,Other,FAQ,2017-08-16 00:00:00,4000.0,6000.0,6000.0,132
Gujarat,Vadodara(Baroda),Vadodara,Dry Chillies,Other,FAQ,2017-09-02 00:00:00,4000.0,6000.0,6000.0,132
Gujarat,Vadodara(Baroda),Vadodara,Dry Chillies,Other,FAQ,2017-09-06 00:00:00,4000.0,6000.0,6000.0,132
Gujarat,Vadodara(Baroda),Vadodara,Dry Chillies,Other,FAQ,2017-09-09 00:00:00,4000.0,6000.0,6000.0,132
Gujarat,Vadodara(Baroda),Vadodara,Dry Chillies,Other,FAQ,2017-09-14 00:00:00,4000.0,6000.0,6000.0,132
Gujarat,Vadodara(Baroda),Vadodara,Dry Chillies,Other,FAQ,2017-11-13 00:00:00,5000.0,6000.0,6000.0,132
Gujarat,Vadodara(Baroda),Vadodara,Dry Chillies,Other,FAQ,2017-11-15 00:00:00,5000.0,6000.0,6000.0,132
Gujarat,Vadodara(Baroda),Vadodara,Dry Chillies,Other,FAQ,2017-11-30 00:00:00,5500.0,7000.0,7000.0,132
Gujarat,Vadodara(Baroda),Vadodara,Dry Chillies,Other,FAQ,2017-12-06 00:00:00,5500.0,7000.0,7000.0,132
Gujarat,Vadodara(Baroda),Vadodara,Dry Chillies,Other,FAQ,2017-12-21 00:00:00,3000.0,9000.0,9000.0,132
Gujarat,Vadodara(Baroda),Vadodara,Dry Chillies,Other,FAQ,2017-12-26 00:00:00,3000.0,9000.0,9000.0,132
Gujarat,Dahod,Dahod,Dry Chillies,Other,FAQ,2009-01-09 00:00:00,5000.0,8500.0,7000.0,132
Gujarat,Dahod,Dahod,Dry Chillies,Other,FAQ,2009-01-13 00:00:00,5000.0,8500.0,7000.0,132
Gujarat,Dahod,Dahod,Dry Chillies,Other,FAQ,2009-02-06 00:00:00,4500.0,7000.0,5500.0,132
Gujarat,Dahod,Dahod,Dry Chillies,Other,FAQ,2009-03-26 00:00:00,4000.0,6500.0,6000.0,132
Gujarat,Dahod,Dahod,Dry Chillies,Other,FAQ,2009-04-15 00:00:00,4500.0,7325.0,6375.0,132
Gujarat,Dahod,Dahod,Dry Chillies,Other,FAQ,2009-04-18 00:00:00,4500.0,7000.0,6750.0,132
Gujarat,Dahod,Dahod,Dry Chillies,Other,FAQ,2009-04-23 00:00:00,4500.0,7250.0,6250.0,132
Gujarat,Dahod,Dahod,Dry Chillies,Other,FAQ,2009-05-11 00:00:00,4500.0,7250.0,6500.0,132
Gujarat,Dahod,Dahod,Dry Chillies,Other,FAQ,2009-06-26 00:00:00,4500.0,7750.0,6500.0,132
Gujarat,Dahod,Dahod,Dry Chillies,Other,FAQ,2009-06-30 00:00:00,4500.0,7750.0,6500.0,132
Gujarat,Dahod,Dahod,Dry Chillies,Other,FAQ,2009-07-01 00:00:00,4500.0,7750.0,6500.0,132
Gujarat,Dahod,Dahod,Dry Chillies,Other,FAQ,2009-07-06 00:00:00,4500.0,7750.0,6500.0,132
Gujarat,Dahod,Dahod,Dry Chillies,Other,FAQ,2009-09-22 00:00:00,5000.0,8000.0,7000.0,132
Gujarat,Dahod,Dahod,Dry Chillies,Other,FAQ,2009-11-03 00:00:00,5000.0,8000.0,6000.0,132
Gujarat,Dahod,Dahod,Dry Chillies,Other,FAQ,2009-11-17 00:00:00,5000.0,8000.0,6500.0,132
Gujarat,Dahod,Dahod,Dry Chillies,Other,FAQ,2009-11-26 00:00:00,5000.0,8000.0,6500.0,132
Gujarat,Dahod,Dahod,Dry Chillies,Other,FAQ,2009-11-30 00:00:00,5000.0,8000.0,6500.0,132
Gujarat,Dahod,Dahod,Dry Chillies,Other,FAQ,2009-12-11 00:00:00,5000.0,8000.0,6500.0,132
Gujarat,Rajkot,Gondal,Dry Chillies,Bold 1,FAQ,2009-02-13 00:00:00,1805.0,8655.0,8105.0,132
Gujarat,Rajkot,Gondal,Dry Chillies,Bold 1,FAQ,2009-04-01 00:00:00,2505.0,11455.0,9355.0,132
Gujarat,Rajkot,Gondal,Dry Chillies,Bold 1,FAQ,2009-04-06 00:00:00,2005.0,11755.0,9355.0,132
Gujarat,Rajkot,Gondal,Dry Chillies,Bold 1,FAQ,2009-04-13 00:00:00,2505.0,10555.0,9055.0,132
Gujarat,Rajkot,Gondal,Dry Chillies,Bold 1,FAQ,2009-04-22 00:00:00,2505.0,13505.0,10455.0,132
Gujarat,Rajkot,Gondal,Dry Chillies,Single Patti,FAQ,2009-04-08 00:00:00,1505.0,9355.0,7355.0,132
Gujarat,Rajkot,Gondal,Dry Chillies,Single Patti,FAQ,2009-04-24 00:00:00,1005.0,9455.0,7455.0,132
Gujarat,Rajkot,Gondal,Dry Chillies,Single Patti,FAQ,2009-05-01 00:00:00,1005.0,10455.0,7355.0,132
Gujarat,Rajkot,Jasdan,Dry Chillies,Other,FAQ,2009-03-17 00:00:00,1151.0,1400.0,1281.0,132
Gujarat,Rajkot,Jasdan,Dry Chillies,Other,FAQ,2009-04-01 00:00:00,1240.0,1580.0,1345.0,132
Gujarat,Rajkot,Jasdan,Dry Chillies,Other,FAQ,2009-04-08 00:00:00,1075.0,1545.0,1350.0,132
Gujarat,Rajkot,Jasdan,Dry Chillies,Other,FAQ,2009-04-13 00:00:00,1300.0,1300.0,1300.0,132
Gujarat,Rajkot,Jasdan,Dry Chillies,Other,FAQ,2009-05-12 00:00:00,1001.0,1001.0,1001.0,132
Gujarat,Rajkot,Jetpur(Dist.Rajkot),Dry Chillies,Dry Chillies,FAQ,2009-03-14 00:00:00,1475.0,7505.0,5625.0,132
Gujarat,Rajkot,Jetpur(Dist.Rajkot),Dry Chillies,Dry Chillies,FAQ,2009-03-16 00:00:00,1505.0,6680.0,5875.0,132
Gujarat,Rajkot,Jetpur(Dist.Rajkot),Dry Chillies,Dry Chillies,FAQ,2009-04-01 00:00:00,1505.0,8505.0,5405.0,132
Gujarat,Rajkot,Jetpur(Dist.Rajkot),Dry Chillies,Dry Chillies,FAQ,2009-04-04 00:00:00,2005.0,8355.0,5755.0,132
Gujarat,Rajkot,Jetpur(Dist.Rajkot),Dry Chillies,Dry Chillies,FAQ,2009-04-11 00:00:00,1755.0,10355.0,7105.0,132
Gujarat,Rajkot,Jetpur(Dist.Rajkot),Dry Chillies,Dry Chillies,FAQ,2009-04-23 00:00:00,1005.0,9255.0,6605.0,132
Gujarat,Rajkot,Jetpur(Dist.Rajkot),Dry Chillies,Red,FAQ,2009-12-03 00:00:00,680.0,1780.0,1130.0,132
Gujarat,Vadodara(Baroda),Vadodara,Dry Chillies,Other,FAQ,2009-01-06 00:00:00,3000.0,6000.0,5000.0,132
Gujarat,Vadodara(Baroda),Vadodara,Dry Chillies,Other,FAQ,2009-01-10 00:00:00,3000.0,6000.0,5000.0,132
Gujarat,Vadodara(Baroda),Vadodara,Dry Chillies,Other,FAQ,2009-01-29 00:00:00,4000.0,5000.0,5000.0,132
Gujarat,Vadodara(Baroda),Vadodara,Dry Chillies,Other,FAQ,2009-01-30 00:00:00,4000.0,5000.0,5000.0,132
Gujarat,Vadodara(Baroda),Vadodara,Dry Chillies,Other,FAQ,2009-02-02 00:00:00,4000.0,5000.0,5000.0,132
Gujarat,Vadodara(Baroda),Vadodara,Dry Chillies,Other,FAQ,2009-02-09 00:00:00,4000.0,5000.0,4500.0,132
Gujarat,Vadodara(Baroda),Vadodara,Dry Chillies,Other,FAQ,2009-02-10 00:00:00,4000.0,5000.0,4800.0,132
Gujarat,Vadodara(Baroda),Vadodara,Dry Chillies,Other,FAQ,2009-02-16 00:00:00,4000.0,5000.0,4800.0,132
Gujarat,Vadodara(Baroda),Vadodara,Dry Chillies,Other,FAQ,2009-03-03 00:00:00,4000.0,5000.0,4500.0,132
Gujarat,Vadodara(Baroda),Vadodara,Dry Chillies,Other,FAQ,2009-03-10 00:00:00,4500.0,5000.0,4800.0,132
Gujarat,Vadodara(Baroda),Vadodara,Dry Chillies,Other,FAQ,2009-03-21 00:00:00,4500.0,5000.0,4900.0,132
Gujarat,Vadodara(Baroda),Vadodara,Dry Chillies,Other,FAQ,2009-03-23 00:00:00,4500.0,5000.0,4800.0,132
Gujarat,Vadodara(Baroda),Vadodara,Dry Chillies,Other,FAQ,2009-03-27 00:00:00,4500.0,5000.0,4800.0,132
Gujarat,Vadodara(Baroda),Vadodara,Dry Chillies,Other,FAQ,2009-04-06 00:00:00,5000.0,11000.0,9000.0,132
Gujarat,Vadodara(Baroda),Vadodara,Dry Chillies,Other,FAQ,2009-04-09 00:00:00,5000.0,11000.0,9000.0,132
Gujarat,Vadodara(Baroda),Vadodara,Dry Chillies,Other,FAQ,2009-04-27 00:00:00,5000.0,8000.0,7500.0,132
Gujarat,Vadodara(Baroda),Vadodara,Dry Chillies,Other,FAQ,2009-05-05 00:00:00,5000.0,8000.0,7500.0,132
Gujarat,Vadodara(Baroda),Vadodara,Dry Chillies,Other,FAQ,2009-05-08 00:00:00,5000.0,8000.0,7500.0,132
Gujarat,Vadodara(Baroda),Vadodara,Dry Chillies,Other,FAQ,2009-05-12 00:00:00,4000.0,7000.0,6500.0,132
Gujarat,Vadodara(Baroda),Vadodara,Dry Chillies,Other,FAQ,2009-05-15 00:00:00,4000.0,7000.0,6500.0,132
Gujarat,Vadodara(Baroda),Vadodara,Dry Chillies,Other,FAQ,2009-05-30 00:00:00,4000.0,7000.0,6500.0,132
Gujarat,Vadodara(Baroda),Vadodara,Dry Chillies,Other,FAQ,2009-06-08 00:00:00,4500.0,7000.0,6500.0,132
Gujarat,Vadodara(Baroda),Vadodara,Dry Chillies,Other,FAQ,2009-06-11 00:00:00,4500.0,7000.0,6500.0,132
Gujarat,Vadodara(Baroda),Vadodara,Dry Chillies,Other,FAQ,2009-06-13 00:00:00,4500.0,7000.0,6500.0,132
Gujarat,Vadodara(Baroda),Vadodara,Dry Chillies,Other,FAQ,2009-06-19 00:00:00,4500.0,7000.0,6500.0,132
Gujarat,Vadodara(Baroda),Vadodara,Dry Chillies,Other,FAQ,2009-06-20 00:00:00,5000.0,6000.0,5800.0,132
Gujarat,Vadodara(Baroda),Vadodara,Dry Chillies,Other,FAQ,2009-06-22 00:00:00,4500.0,7000.0,6500.0,132
Gujarat,Vadodara(Baroda),Vadodara,Dry Chillies,Other,FAQ,2009-07-07 00:00:00,5000.0,6000.0,5800.0,132
Gujarat,Vadodara(Baroda),Vadodara,Dry Chillies,Other,FAQ,2009-07-22 00:00:00,5000.0,6000.0,5800.0,132
Gujarat,Vadodara(Baroda),Vadodara,Dry Chillies,Other,FAQ,2009-07-28 00:00:00,5000.0,6000.0,5800.0,132
Gujarat,Vadodara(Baroda),Vadodara,Dry Chillies,Other,FAQ,2009-08-06 00:00:00,5500.0,6000.0,5800.0,132
Gujarat,Vadodara(Baroda),Vadodara,Dry Chillies,Other,FAQ,2009-08-10 00:00:00,5500.0,6000.0,5800.0,132
Gujarat,Vadodara(Baroda),Vadodara,Dry Chillies,Other,FAQ,2009-08-11 00:00:00,5500.0,6000.0,5800.0,132
Gujarat,Vadodara(Baroda),Vadodara,Dry Chillies,Other,FAQ,2009-08-18 00:00:00,5500.0,6000.0,5800.0,132
Gujarat,Vadodara(Baroda),Vadodara,Dry Chillies,Other,FAQ,2009-09-09 00:00:00,5500.0,6500.0,6000.0,132
Gujarat,Vadodara(Baroda),Vadodara,Dry Chillies,Other,FAQ,2009-09-28 00:00:00,5500.0,6500.0,6000.0,132
Gujarat,Vadodara(Baroda),Vadodara,Dry Chillies,Other,FAQ,2009-09-30 00:00:00,5500.0,6500.0,6000.0,132
Gujarat,Vadodara(Baroda),Vadodara,Dry Chillies,Other,FAQ,2009-10-07 00:00:00,5500.0,6500.0,6200.0,132
Gujarat,Vadodara(Baroda),Vadodara,Dry Chillies,Other,FAQ,2009-10-08 00:00:00,5500.0,6500.0,6000.0,132
Gujarat,Vadodara(Baroda),Vadodara,Dry Chillies,Other,FAQ,2009-11-02 00:00:00,5000.0,7000.0,6800.0,132
Gujarat,Vadodara(Baroda),Vadodara,Dry Chillies,Other,FAQ,2009-11-09 00:00:00,5500.0,6000.0,5800.0,132
Gujarat,Vadodara(Baroda),Vadodara,Dry Chillies,Other,FAQ,2009-11-11 00:00:00,5500.0,6000.0,5800.0,132
Gujarat,Vadodara(Baroda),Vadodara,Dry Chillies,Other,FAQ,2009-11-12 00:00:00,5500.0,6000.0,5800.0,132
Gujarat,Vadodara(Baroda),Vadodara,Dry Chillies,Other,FAQ,2009-11-13 00:00:00,5500.0,6000.0,5600.0,132
Gujarat,Vadodara(Baroda),Vadodara,Dry Chillies,Other,FAQ,2009-11-20 00:00:00,4500.0,7000.0,6500.0,132
Gujarat,Vadodara(Baroda),Vadodara,Dry Chillies,Other,FAQ,2009-12-17 00:00:00,4000.0,5500.0,5200.0,132
Gujarat,Rajkot,Gondal,Dry Chillies,Local,FAQ,2006-03-02 00:00:00,1130.0,6230.0,5555.0,132
Gujarat,Rajkot,Gondal,Dry Chillies,Local,FAQ,2006-03-14 00:00:00,1155.0,6155.0,5505.0,132
Gujarat,Rajkot,Gondal,Dry Chillies,Local,FAQ,2006-03-24 00:00:00,1380.0,7855.0,5805.0,132
Gujarat,Rajkot,Gondal,Dry Chillies,Local,FAQ,2006-03-25 00:00:00,1230.0,6980.0,5555.0,132
Gujarat,Rajkot,Gondal,Dry Chillies,Local,FAQ,2006-04-03 00:00:00,1355.0,6755.0,5500.0,132
Gujarat,Rajkot,Gondal,Dry Chillies,Local,FAQ,2006-04-04 00:00:00,1355.0,6755.0,5755.0,132
Gujarat,Rajkot,Gondal,Dry Chillies,Local,FAQ,2006-05-03 00:00:00,1255.0,6180.0,5155.0,132
Gujarat,Rajkot,Gondal,Dry Chillies,Local,FAQ,2006-05-05 00:00:00,1905.0,4755.0,4480.0,132
Gujarat,Rajkot,Jetpur(Dist.Rajkot),Dry Chillies,Other,FAQ,2006-03-13 00:00:00,1250.0,6230.0,5510.0,132
Gujarat,Rajkot,Jetpur(Dist.Rajkot),Dry Chillies,Other,FAQ,2006-03-18 00:00:00,1350.0,5950.0,5510.0,132
Gujarat,Rajkot,Jetpur(Dist.Rajkot),Dry Chillies,Other,FAQ,2006-03-20 00:00:00,1400.0,5975.0,5500.0,132
Gujarat,Rajkot,Jetpur(Dist.Rajkot),Dry Chillies,Other,FAQ,2006-03-21 00:00:00,1425.0,5950.0,5510.0,132
Gujarat,Rajkot,Jetpur(Dist.Rajkot),Dry Chillies,Other,FAQ,2006-03-25 00:00:00,1250.0,6125.0,5530.0,132
Gujarat,Rajkot,Jetpur(Dist.Rajkot),Dry Chillies,Other,FAQ,2006-04-03 00:00:00,1250.0,6780.0,5530.0,132
Gujarat,Rajkot,Jetpur(Dist.Rajkot),Dry Chillies,Other,FAQ,2006-04-04 00:00:00,1350.0,6750.0,5530.0,132
Gujarat,Rajkot,Jetpur(Dist.Rajkot),Dry Chillies,Other,FAQ,2006-04-10 00:00:00,1250.0,6375.0,5530.0,132
Gujarat,Rajkot,Jetpur(Dist.Rajkot),Dry Chillies,Other,FAQ,2006-04-15 00:00:00,2500.0,5650.0,5510.0,132
Gujarat,Rajkot,Jetpur(Dist.Rajkot),Dry Chillies,Other,FAQ,2006-04-18 00:00:00,1250.0,6105.0,5510.0,132
Gujarat,Rajkot,Rajkot,Dry Chillies,Dry Chillies,FAQ,2006-02-23 00:00:00,4000.0,5250.0,4550.0,132
Gujarat,Rajkot,Rajkot,Dry Chillies,Dry Chillies,FAQ,2006-03-14 00:00:00,3600.0,5900.0,4850.0,132
Gujarat,Rajkot,Rajkot,Dry Chillies,Dry Chillies,FAQ,2006-03-17 00:00:00,4225.0,5675.0,5250.0,132
Gujarat,Rajkot,Rajkot,Dry Chillies,Dry Chillies,FAQ,2006-03-21 00:00:00,4000.0,5950.0,4850.0,132
Gujarat,Rajkot,Rajkot,Dry Chillies,Dry Chillies,FAQ,2006-03-23 00:00:00,3500.0,5500.0,5200.0,132
Gujarat,Rajkot,Rajkot,Dry Chillies,Dry Chillies,FAQ,2006-03-24 00:00:00,3950.0,5900.0,4500.0,132
Gujarat,Rajkot,Rajkot,Dry Chillies,Dry Chillies,FAQ,2006-04-03 00:00:00,3700.0,6125.0,5200.0,132
Gujarat,Rajkot,Rajkot,Dry Chillies,Dry Chillies,FAQ,2006-04-25 00:00:00,2650.0,5825.0,4750.0,132
Gujarat,Rajkot,Rajkot,Dry Chillies,Dry Chillies,FAQ,2006-04-28 00:00:00,2525.0,5600.0,4650.0,132
Gujarat,Rajkot,Rajkot,Dry Chillies,Dry Chillies,FAQ,2006-05-03 00:00:00,2375.0,5500.0,4850.0,132
Gujarat,Rajkot,Rajkot,Dry Chillies,Dry Chillies,FAQ,2006-05-04 00:00:00,4500.0,5650.0,5250.0,132
Gujarat,Rajkot,Rajkot,Dry Chillies,Dry Chillies,FAQ,2006-05-09 00:00:00,4250.0,5775.0,5225.0,132
Gujarat,Rajkot,Rajkot,Dry Chillies,Dry Chillies,FAQ,2006-05-10 00:00:00,4500.0,5875.0,5450.0,132
Gujarat,Rajkot,Rajkot,Dry Chillies,Dry Chillies,FAQ,2006-05-15 00:00:00,4000.0,5825.0,5250.0,132
Gujarat,Rajkot,Rajkot,Dry Chillies,Dry Chillies,FAQ,2006-05-17 00:00:00,4250.0,6000.0,5450.0,132
Gujarat,Rajkot,Rajkot,Dry Chillies,Dry Chillies,FAQ,2006-05-25 00:00:00,3750.0,5525.0,4550.0,132
Gujarat,Rajkot,Rajkot,Dry Chillies,Dry Chillies,FAQ,2006-05-27 00:00:00,3500.0,5800.0,5200.0,132
Gujarat,Rajkot,Rajkot,Dry Chillies,Dry Chillies,FAQ,2006-05-29 00:00:00,3500.0,5750.0,4500.0,132
Gujarat,Vadodara(Baroda),Vadodara,Dry Chillies,Other,FAQ,2006-06-13 00:00:00,3000.0,4000.0,3800.0,132
Gujarat,Vadodara(Baroda),Vadodara,Dry Chillies,Other,FAQ,2006-06-14 00:00:00,3000.0,4000.0,3800.0,132
Gujarat,Vadodara(Baroda),Vadodara,Dry Chillies,Other,FAQ,2006-08-08 00:00:00,4000.0,4500.0,4300.0,132
Gujarat,Vadodara(Baroda),Vadodara,Dry Chillies,Other,FAQ,2006-09-05 00:00:00,4000.0,5000.0,4500.0,132
Gujarat,Vadodara(Baroda),Vadodara,Dry Chillies,Other,FAQ,2006-10-09 00:00:00,3000.0,5000.0,4000.0,132
Gujarat,Vadodara(Baroda),Vadodara,Dry Chillies,Other,FAQ,2006-10-12 00:00:00,3000.0,5000.0,4000.0,132
Gujarat,Vadodara(Baroda),Vadodara,Dry Chillies,Other,FAQ,2006-10-13 00:00:00,3000.0,5000.0,4000.0,132
Gujarat,Vadodara(Baroda),Vadodara,Dry Chillies,Other,FAQ,2006-11-02 00:00:00,2500.0,5000.0,3800.0,132
Gujarat,Vadodara(Baroda),Vadodara,Dry Chillies,Other,FAQ,2006-11-18 00:00:00,5000.0,6500.0,5750.0,132
Gujarat,Vadodara(Baroda),Vadodara,Dry Chillies,Other,FAQ,2006-12-06 00:00:00,4000.0,4625.0,4300.0,132
Gujarat,Vadodara(Baroda),Vadodara,Dry Chillies,Other,FAQ,2006-12-11 00:00:00,4000.0,4625.0,4300.0,132
Gujarat,Vadodara(Baroda),Vadodara,Dry Chillies,Other,FAQ,2006-12-15 00:00:00,3100.0,5500.0,4300.0,132
Gujarat,Vadodara(Baroda),Vadodara,Dry Chillies,Other,FAQ,2006-12-19 00:00:00,3100.0,5500.0,4300.0,132
Gujarat,Vadodara(Baroda),Vadodara,Dry Chillies,Other,FAQ,2006-12-25 00:00:00,3100.0,5500.0,4300.0,132
Gujarat,Dahod,Dahod,Dry Chillies,Other,FAQ,2002-01-01 00:00:00,2750.0,3625.0,3150.0,132
Gujarat,Dahod,Dahod,Dry Chillies,Other,FAQ,2002-01-03 00:00:00,2750.0,3605.0,3250.0,132
Gujarat,Dahod,Dahod,Dry Chillies,Other,FAQ,2002-02-13 00:00:00,2250.0,3125.0,2850.0,132
Gujarat,Dahod,Dahod,Dry Chillies,Other,FAQ,2002-02-14 00:00:00,2250.0,3125.0,2850.0,132
Gujarat,Dahod,Dahod,Dry Chillies,Other,FAQ,2002-02-20 00:00:00,2250.0,3250.0,2750.0,132
Gujarat,Dahod,Dahod,Dry Chillies,Other,FAQ,2002-05-10 00:00:00,2750.0,3800.0,3200.0,132
Gujarat,Dahod,Dahod,Dry Chillies,Other,FAQ,2002-05-13 00:00:00,2700.0,3500.0,3225.0,132
Gujarat,Dahod,Dahod,Dry Chillies,Other,FAQ,2002-05-29 00:00:00,2700.0,3900.0,3900.0,132
Gujarat,Dahod,Dahod,Dry Chillies,Other,FAQ,2002-06-06 00:00:00,2500.0,3900.0,3200.0,132
Gujarat,Dahod,Dahod,Dry Chillies,Other,FAQ,2002-06-08 00:00:00,2750.0,3850.0,3200.0,132
Gujarat,Dahod,Dahod,Dry Chillies,Other,FAQ,2002-06-19 00:00:00,2750.0,3750.0,3250.0,132
Gujarat,Dahod,Dahod,Dry Chillies,Other,FAQ,2002-07-15 00:00:00,2600.0,3600.0,3450.0,132
Gujarat,Dahod,Dahod,Dry Chillies,Other,FAQ,2002-07-22 00:00:00,2600.0,3625.0,3400.0,132
Gujarat,Dahod,Dahod,Dry Chillies,Other,FAQ,2002-08-27 00:00:00,2625.0,3650.0,3400.0,132
Gujarat,Dahod,Dahod,Dry Chillies,Other,FAQ,2002-08-29 00:00:00,2650.0,3625.0,3250.0,132
Gujarat,Dahod,Dahod,Dry Chillies,Other,FAQ,2002-09-19 00:00:00,2750.0,4150.0,3625.0,132
Gujarat,Dahod,Dahod,Dry Chillies,Other,FAQ,2002-10-05 00:00:00,2750.0,4100.0,2750.0,132
Gujarat,Dahod,Dahod,Dry Chillies,Other,FAQ,2002-11-12 00:00:00,3250.0,4250.0,3625.0,132
Gujarat,Dahod,Dahod,Dry Chillies,Other,FAQ,2002-11-15 00:00:00,3250.0,4250.0,4125.0,132
Gujarat,Dahod,Dahod,Dry Chillies,Other,FAQ,2002-11-27 00:00:00,3250.0,4250.0,3900.0,132
Gujarat,Dahod,Dahod,Dry Chillies,Other,FAQ,2002-12-04 00:00:00,3250.0,4425.0,4125.0,132
Gujarat,Dahod,Dahod,Dry Chillies,Other,FAQ,2002-12-18 00:00:00,3000.0,4425.0,3750.0,132
Gujarat,Rajkot,Gondal,Dry Chillies,Local,FAQ,2002-02-26 00:00:00,1125.0,5555.0,4755.0,132
Gujarat,Rajkot,Rajkot,Dry Chillies,Local,FAQ,2002-05-09 00:00:00,1300.0,4025.0,3800.0,132
Gujarat,Rajkot,Rajkot,Dry Chillies,Local,FAQ,2002-05-15 00:00:00,1325.0,3750.0,3250.0,132
Gujarat,Rajkot,Rajkot,Dry Chillies,Local,FAQ,2002-05-16 00:00:00,1350.0,4300.0,3550.0,132
Gujarat,Rajkot,Rajkot,Dry Chillies,Local,FAQ,2002-05-17 00:00:00,1375.0,4500.0,3580.0,132
Gujarat,Rajkot,Rajkot,Dry Chillies,Local,FAQ,2002-06-01 00:00:00,1250.0,3975.0,3550.0,132
Gujarat,Vadodara(Baroda),Vadodara,Dry Chillies,Other,FAQ,2002-01-17 00:00:00,2500.0,3500.0,3000.0,132
Gujarat,Vadodara(Baroda),Vadodara,Dry Chillies,Other,FAQ,2002-02-16 00:00:00,2500.0,3000.0,3000.0,132
Gujarat,Vadodara(Baroda),Vadodara,Dry Chillies,Other,FAQ,2002-02-25 00:00:00,2500.0,3000.0,2700.0,132
Gujarat,Vadodara(Baroda),Vadodara,Dry Chillies,Other,FAQ,2002-03-12 00:00:00,2000.0,3000.0,2400.0,132
Gujarat,Dahod,Dahod,Dry Chillies,Other,FAQ,2008-02-25 00:00:00,4250.0,6000.0,5250.0,132
Gujarat,Dahod,Dahod,Dry Chillies,Other,FAQ,2008-03-04 00:00:00,3750.0,6000.0,5250.0,132
Gujarat,Dahod,Dahod,Dry Chillies,Other,FAQ,2008-04-15 00:00:00,3750.0,6000.0,5400.0,132
Gujarat,Dahod,Dahod,Dry Chillies,Other,FAQ,2008-04-22 00:00:00,3750.0,6000.0,5400.0,132
Gujarat,Dahod,Dahod,Dry Chillies,Other,FAQ,2008-05-26 00:00:00,4000.0,7000.0,5500.0,132
Gujarat,Dahod,Dahod,Dry Chillies,Other,FAQ,2008-06-04 00:00:00,4000.0,7500.0,6000.0,132
Gujarat,Dahod,Dahod,Dry Chillies,Other,FAQ,2008-10-20 00:00:00,4000.0,8250.0,7875.0,132
Gujarat,Dahod,Dahod,Dry Chillies,Other,FAQ,2008-10-21 00:00:00,4000.0,8250.0,7875.0,132
Gujarat,Dahod,Dahod,Dry Chillies,Other,FAQ,2008-11-03 00:00:00,4500.0,8000.0,6750.0,132
Gujarat,Dahod,Dahod,Dry Chillies,Other,FAQ,2008-11-15 00:00:00,4500.0,8000.0,6500.0,132
Gujarat,Dahod,Dahod,Dry Chillies,Other,FAQ,2008-11-28 00:00:00,4500.0,8000.0,6500.0,132
Gujarat,Dahod,Dahod,Dry Chillies,Other,FAQ,2008-12-13 00:00:00,4500.0,8500.0,7000.0,132
Gujarat,Dahod,Dahod,Dry Chillies,Other,FAQ,2008-12-27 00:00:00,5000.0,8500.0,7000.0,132
Gujarat,Rajkot,Gondal,Dry Chillies,Bold 1,FAQ,2008-03-26 00:00:00,2000.0,11755.0,8755.0,132
Gujarat,Rajkot,Gondal,Dry Chillies,Bold 1,FAQ,2008-05-03 00:00:00,1500.0,5755.0,5005.0,132
Gujarat,Rajkot,Gondal,Dry Chillies,Single Patti,FAQ,2008-04-04 00:00:00,1500.0,7455.0,6355.0,132
Gujarat,Rajkot,Gondal,Dry Chillies,Single Patti,FAQ,2008-04-05 00:00:00,1250.0,7055.0,6105.0,132
Gujarat,Rajkot,Gondal,Dry Chillies,Single Patti,FAQ,2008-04-22 00:00:00,1205.0,5855.0,5255.0,132
Gujarat,Rajkot,Gondal,Dry Chillies,Single Patti,FAQ,2008-04-29 00:00:00,1000.0,5305.0,4505.0,132
Gujarat,Rajkot,Gondal,Dry Chillies,Single Patti,FAQ,2008-06-24 00:00:00,3845.0,3845.0,3845.0,132
Gujarat,Rajkot,Jasdan,Dry Chillies,Red,FAQ,2008-04-15 00:00:00,2500.0,6250.0,4200.0,132
Gujarat,Rajkot,Jasdan,Dry Chillies,Red,FAQ,2008-04-21 00:00:00,1500.0,4000.0,3000.0,132
Gujarat,Rajkot,Jasdan,Dry Chillies,Red,FAQ,2008-05-23 00:00:00,1350.0,3350.0,1860.0,132
Gujarat,Rajkot,Jasdan,Dry Chillies,Red,FAQ,2008-06-28 00:00:00,4000.0,4000.0,4000.0,132
Gujarat,Rajkot,Jetpur(Dist.Rajkot),Dry Chillies,Other,FAQ,2008-03-05 00:00:00,1150.0,5550.0,5000.0,132
Gujarat,Rajkot,Jetpur(Dist.Rajkot),Dry Chillies,Other,FAQ,2008-03-13 00:00:00,2000.0,6625.0,4995.0,132
Gujarat,Rajkot,Jetpur(Dist.Rajkot),Dry Chillies,Other,FAQ,2008-04-10 00:00:00,3750.0,6505.0,6000.0,132
Gujarat,Rajkot,Jetpur(Dist.Rajkot),Dry Chillies,Other,FAQ,2008-04-17 00:00:00,3150.0,6530.0,6000.0,132
Gujarat,Rajkot,Jetpur(Dist.Rajkot),Dry Chillies,Other,FAQ,2008-04-19 00:00:00,3750.0,6750.0,6000.0,132
Gujarat,Rajkot,Jetpur(Dist.Rajkot),Dry Chillies,Other,FAQ,2008-04-21 00:00:00,3775.0,6730.0,5130.0,132
Gujarat,Rajkot,Jetpur(Dist.Rajkot),Dry Chillies,Other,FAQ,2008-05-07 00:00:00,1250.0,5555.0,5300.0,132
Gujarat,Rajkot,Jetpur(Dist.Rajkot),Dry Chillies,Other,FAQ,2008-05-13 00:00:00,1200.0,5580.0,4630.0,132
Gujarat,Rajkot,Jetpur(Dist.Rajkot),Dry Chillies,Other,FAQ,2008-06-02 00:00:00,2250.0,2905.0,2580.0,132
Gujarat,Vadodara(Baroda),Vadodara,Dry Chillies,Other,FAQ,2008-01-02 00:00:00,3000.0,4000.0,3600.0,132
Gujarat,Vadodara(Baroda),Vadodara,Dry Chillies,Other,FAQ,2008-01-07 00:00:00,3000.0,4500.0,4000.0,132
Gujarat,Vadodara(Baroda),Vadodara,Dry Chillies,Other,FAQ,2008-01-09 00:00:00,3000.0,4500.0,4000.0,132
Gujarat,Vadodara(Baroda),Vadodara,Dry Chillies,Other,FAQ,2008-01-10 00:00:00,3000.0,4500.0,4200.0,132
Gujarat,Vadodara(Baroda),Vadodara,Dry Chillies,Other,FAQ,2008-02-05 00:00:00,3500.0,4500.0,4200.0,132
Gujarat,Vadodara(Baroda),Vadodara,Dry Chillies,Other,FAQ,2008-02-09 00:00:00,2200.0,3500.0,3300.0,132
Gujarat,Vadodara(Baroda),Vadodara,Dry Chillies,Other,FAQ,2008-02-22 00:00:00,2500.0,4000.0,3500.0,132
Gujarat,Vadodara(Baroda),Vadodara,Dry Chillies,Other,FAQ,2008-02-29 00:00:00,2500.0,4000.0,3600.0,132
Gujarat,Vadodara(Baroda),Vadodara,Dry Chillies,Other,FAQ,2008-03-08 00:00:00,2500.0,4000.0,3600.0,132
Gujarat,Vadodara(Baroda),Vadodara,Dry Chillies,Other,FAQ,2008-03-10 00:00:00,2500.0,4000.0,3600.0,132
Gujarat,Vadodara(Baroda),Vadodara,Dry Chillies,Other,FAQ,2008-03-21 00:00:00,3000.0,3500.0,3300.0,132
Gujarat,Vadodara(Baroda),Vadodara,Dry Chillies,Other,FAQ,2008-04-10 00:00:00,4000.0,7500.0,6000.0,132
Gujarat,Vadodara(Baroda),Vadodara,Dry Chillies,Other,FAQ,2008-04-12 00:00:00,4000.0,7500.0,7000.0,132
Gujarat,Vadodara(Baroda),Vadodara,Dry Chillies,Other,FAQ,2008-04-19 00:00:00,4500.0,7500.0,7000.0,132
Gujarat,Vadodara(Baroda),Vadodara,Dry Chillies,Other,FAQ,2008-04-22 00:00:00,4500.0,7500.0,7000.0,132
Gujarat,Vadodara(Baroda),Vadodara,Dry Chillies,Other,FAQ,2008-04-23 00:00:00,4500.0,7500.0,6800.0,132
Gujarat,Vadodara(Baroda),Vadodara,Dry Chillies,Other,FAQ,2008-05-12 00:00:00,3500.0,7000.0,6000.0,132
Gujarat,Vadodara(Baroda),Vadodara,Dry Chillies,Other,FAQ,2008-05-13 00:00:00,5500.0,8500.0,7600.0,132
Gujarat,Vadodara(Baroda),Vadodara,Dry Chillies,Other,FAQ,2008-05-21 00:00:00,5500.0,8500.0,7500.0,132
Gujarat,Vadodara(Baroda),Vadodara,Dry Chillies,Other,FAQ,2008-05-24 00:00:00,4500.0,8000.0,7000.0,132
Gujarat,Vadodara(Baroda),Vadodara,Dry Chillies,Other,FAQ,2008-05-29 00:00:00,4500.0,8000.0,7000.0,132
Gujarat,Vadodara(Baroda),Vadodara,Dry Chillies,Other,FAQ,2008-06-02 00:00:00,4500.0,8000.0,7000.0,132
Gujarat,Vadodara(Baroda),Vadodara,Dry Chillies,Other,FAQ,2008-06-03 00:00:00,3500.0,6000.0,5500.0,132
Gujarat,Vadodara(Baroda),Vadodara,Dry Chillies,Other,FAQ,2008-06-16 00:00:00,3500.0,6000.0,5300.0,132
Gujarat,Vadodara(Baroda),Vadodara,Dry Chillies,Other,FAQ,2008-07-09 00:00:00,3500.0,6000.0,5200.0,132
Gujarat,Vadodara(Baroda),Vadodara,Dry Chillies,Other,FAQ,2008-07-30 00:00:00,5000.0,6000.0,5500.0,132
Gujarat,Vadodara(Baroda),Vadodara,Dry Chillies,Other,FAQ,2008-08-22 00:00:00,3500.0,5000.0,4500.0,132
Gujarat,Vadodara(Baroda),Vadodara,Dry Chillies,Other,FAQ,2008-09-02 00:00:00,3500.0,5000.0,4500.0,132
Gujarat,Vadodara(Baroda),Vadodara,Dry Chillies,Other,FAQ,2008-09-18 00:00:00,3500.0,5500.0,4800.0,132
Gujarat,Vadodara(Baroda),Vadodara,Dry Chillies,Other,FAQ,2008-09-23 00:00:00,3500.0,5500.0,5000.0,132
Gujarat,Vadodara(Baroda),Vadodara,Dry Chillies,Other,FAQ,2008-09-24 00:00:00,3500.0,5500.0,5000.0,132
Gujarat,Vadodara(Baroda),Vadodara,Dry Chillies,Other,FAQ,2008-09-29 00:00:00,3500.0,5500.0,5200.0,132
Gujarat,Vadodara(Baroda),Vadodara,Dry Chillies,Other,FAQ,2008-10-11 00:00:00,5200.0,6000.0,5800.0,132
Gujarat,Vadodara(Baroda),Vadodara,Dry Chillies,Other,FAQ,2008-10-21 00:00:00,5200.0,6000.0,5600.0,132
Gujarat,Vadodara(Baroda),Vadodara,Dry Chillies,Other,FAQ,2008-10-28 00:00:00,5200.0,6000.0,5250.0,132
Gujarat,Vadodara(Baroda),Vadodara,Dry Chillies,Other,FAQ,2008-11-06 00:00:00,4000.0,5500.0,5200.0,132
Gujarat,Vadodara(Baroda),Vadodara,Dry Chillies,Other,FAQ,2008-11-12 00:00:00,4000.0,5500.0,5000.0,132
Gujarat,Vadodara(Baroda),Vadodara,Dry Chillies,Other,FAQ,2008-11-15 00:00:00,4000.0,5500.0,5000.0,132
Gujarat,Vadodara(Baroda),Vadodara,Dry Chillies,Other,FAQ,2008-11-17 00:00:00,4000.0,5500.0,5000.0,132
Gujarat,Vadodara(Baroda),Vadodara,Dry Chillies,Other,FAQ,2008-11-20 00:00:00,4000.0,5500.0,5000.0,132
Gujarat,Vadodara(Baroda),Vadodara,Dry Chillies,Other,FAQ,2008-11-25 00:00:00,4000.0,5500.0,5200.0,132
Gujarat,Vadodara(Baroda),Vadodara,Dry Chillies,Other,FAQ,2008-12-03 00:00:00,4500.0,5500.0,5000.0,132
Gujarat,Vadodara(Baroda),Vadodara,Dry Chillies,Other,FAQ,2008-12-16 00:00:00,5000.0,6000.0,5800.0,132
Gujarat,Vadodara(Baroda),Vadodara,Dry Chillies,Other,FAQ,2008-12-18 00:00:00,5000.0,6000.0,5800.0,132
Gujarat,Vadodara(Baroda),Vadodara,Dry Chillies,Other,FAQ,2008-12-29 00:00:00,3000.0,4000.0,4000.0,132
Gujarat,Dahod,Dahod,Dry Chillies,Other,FAQ,2011-01-08 00:00:00,4500.0,7750.0,7250.0,132
Gujarat,Dahod,Dahod,Dry Chillies,Other,FAQ,2011-01-19 00:00:00,4500.0,8000.0,7500.0,132
Gujarat,Dahod,Dahod,Dry Chillies,Other,FAQ,2011-02-03 00:00:00,4500.0,9500.0,9000.0,132
Gujarat,Dahod,Dahod,Dry Chillies,Other,FAQ,2011-02-07 00:00:00,4500.0,10000.0,6700.0,132
Gujarat,Dahod,Dahod,Dry Chillies,Other,FAQ,2011-02-23 00:00:00,8000.0,11300.0,10000.0,132
Gujarat,Dahod,Dahod,Dry Chillies,Other,FAQ,2011-03-10 00:00:00,6500.0,11300.0,10250.0,132
Gujarat,Dahod,Dahod,Dry Chillies,Other,FAQ,2011-03-28 00:00:00,6500.0,11300.0,10000.0,132
Gujarat,Dahod,Dahod,Dry Chillies,Other,FAQ,2011-04-05 00:00:00,6500.0,11000.0,10500.0,132
Gujarat,Dahod,Dahod,Dry Chillies,Other,FAQ,2011-04-15 00:00:00,6900.0,11000.0,10750.0,132
Gujarat,Dahod,Dahod,Dry Chillies,Other,FAQ,2011-05-07 00:00:00,8500.0,11500.0,10000.0,132
Gujarat,Dahod,Dahod,Dry Chillies,Dry Chillies,FAQ,2024-06-15 00:00:00,13000.0,24500.0,22500.0,132
Gujarat,Dahod,Dahod,Dry Chillies,Dry Chillies,FAQ,2024-06-19 00:00:00,13000.0,24500.0,22500.0,132
Gujarat,Dahod,Dahod,Dry Chillies,Dry Chillies,FAQ,2024-06-20 00:00:00,13000.0,24500.0,22500.0,132
Gujarat,Dahod,Dahod,Dry Chillies,Dry Chillies,FAQ,2024-06-24 00:00:00,13000.0,24500.0,22500.0,132
Gujarat,Rajkot,Gondal,Dry Chillies,Bold 1,FAQ,2024-06-03 00:00:00,4255.0,13505.0,9505.0,132
Gujarat,Rajkot,Gondal,Dry Chillies,Bold 1,FAQ,2024-06-06 00:00:00,3755.0,13255.0,9505.0,132
Gujarat,Rajkot,Gondal,Dry Chillies,Bold 1,FAQ,2024-06-10 00:00:00,3755.0,11505.0,9005.0,132
Gujarat,Rajkot,Gondal,Dry Chillies,Bold 1,FAQ,2024-06-13 00:00:00,4005.0,13255.0,5755.0,132
Gujarat,Rajkot,Rajkot,Dry Chillies,Red,FAQ,2024-06-04 00:00:00,5475.0,13000.0,8500.0,132
Gujarat,Rajkot,Rajkot,Dry Chillies,Red,FAQ,2024-06-06 00:00:00,4500.0,14500.0,7500.0,132
Gujarat,Rajkot,Rajkot,Dry Chillies,Red,FAQ,2024-06-08 00:00:00,4000.0,12500.0,9900.0,132
Gujarat,Dahod,Dahod,Dry Chillies,Other,FAQ,2003-01-10 00:00:00,3250.0,4400.0,4000.0,132
Gujarat,Dahod,Dahod,Dry Chillies,Other,FAQ,2003-02-01 00:00:00,2800.0,4150.0,3750.0,132
Gujarat,Dahod,Dahod,Dry Chillies,Other,FAQ,2003-02-13 00:00:00,2625.0,4200.0,3425.0,132
Gujarat,Dahod,Dahod,Dry Chillies,Other,FAQ,2003-03-29 00:00:00,2500.0,4625.0,4000.0,132
Gujarat,Dahod,Dahod,Dry Chillies,Other,FAQ,2003-04-25 00:00:00,2500.0,4725.0,4375.0,132
Gujarat,Dahod,Dahod,Dry Chillies,Other,FAQ,2003-05-17 00:00:00,2500.0,4700.0,4125.0,132
Gujarat,Dahod,Dahod,Dry Chillies,Other,FAQ,2003-06-04 00:00:00,2500.0,4900.0,3625.0,132
Gujarat,Dahod,Dahod,Dry Chillies,Other,FAQ,2003-07-23 00:00:00,4050.0,5000.0,4500.0,132
Gujarat,Dahod,Dahod,Dry Chillies,Other,FAQ,2003-08-09 00:00:00,3500.0,4825.0,4300.0,132
Gujarat,Dahod,Dahod,Dry Chillies,Other,FAQ,2003-09-03 00:00:00,3500.0,7500.0,4000.0,132
Gujarat,Dahod,Dahod,Dry Chillies,Other,FAQ,2003-09-05 00:00:00,3500.0,4500.0,4000.0,132
Gujarat,Dahod,Dahod,Dry Chillies,Other,FAQ,2003-10-18 00:00:00,3000.0,4200.0,3750.0,132
Gujarat,Dahod,Dahod,Dry Chillies,Other,FAQ,2003-11-03 00:00:00,3500.0,4650.0,4250.0,132
Gujarat,Dahod,Dahod,Dry Chillies,Other,FAQ,2003-11-07 00:00:00,3500.0,4500.0,4000.0,132
Gujarat,Dahod,Dahod,Dry Chillies,Other,FAQ,2003-12-15 00:00:00,3600.0,4650.0,4100.0,132
Gujarat,Jamnagar,Jamnagar,Dry Chillies,Kaddi,FAQ,2003-05-09 00:00:00,750.0,2250.0,1500.0,132
Gujarat,Jamnagar,Jamnagar,Dry Chillies,Kaddi,FAQ,2003-05-12 00:00:00,750.0,2000.0,1375.0,132
Gujarat,Jamnagar,Jamnagar,Dry Chillies,Kaddi,FAQ,2003-05-13 00:00:00,750.0,2000.0,1375.0,132
Gujarat,Jamnagar,Jamnagar,Dry Chillies,Kaddi,FAQ,2003-05-19 00:00:00,750.0,2000.0,1375.0,132
Gujarat,Jamnagar,Jamnagar,Dry Chillies,Other,FAQ,2003-04-04 00:00:00,690.0,1130.0,910.0,132
Gujarat,Jamnagar,Jamnagar,Dry Chillies,Other,FAQ,2003-04-12 00:00:00,600.0,870.0,735.0,132
Gujarat,Jamnagar,Jamnagar,Dry Chillies,Other,FAQ,2003-04-15 00:00:00,740.0,1100.0,920.0,132
Gujarat,Jamnagar,Jamnagar,Dry Chillies,Other,FAQ,2003-05-06 00:00:00,3250.0,4500.0,3875.0,132
Gujarat,Jamnagar,Jamnagar,Dry Chillies,Other,FAQ,2003-05-07 00:00:00,2000.0,4250.0,3125.0,132
Gujarat,Jamnagar,Jamnagar,Dry Chillies,Other,FAQ,2003-05-23 00:00:00,2250.0,4500.0,3375.0,132
Gujarat,Jamnagar,Jamnagar,Dry Chillies,Other,FAQ,2003-06-11 00:00:00,2250.0,5000.0,3625.0,132
Gujarat,Jamnagar,Jamnagar,Dry Chillies,Other,FAQ,2003-06-26 00:00:00,1950.0,3975.0,2962.5,132
Gujarat,Jamnagar,Jamnagar,Dry Chillies,Other,FAQ,2003-07-02 00:00:00,1500.0,1625.0,1562.5,132
Gujarat,Jamnagar,Jamnagar,Dry Chillies,Other,FAQ,2003-09-15 00:00:00,750.0,2000.0,1375.0,132
Gujarat,Rajkot,Rajkot,Dry Chillies,Local,FAQ,2003-02-04 00:00:00,2250.0,4800.0,4000.0,132
Gujarat,Rajkot,Rajkot,Dry Chillies,Local,FAQ,2003-02-10 00:00:00,1975.0,5250.0,4000.0,132
Gujarat,Rajkot,Rajkot,Dry Chillies,Local,FAQ,2003-02-17 00:00:00,1625.0,5000.0,2450.0,132
Gujarat,Rajkot,Rajkot,Dry Chillies,Local,FAQ,2003-02-27 00:00:00,2290.0,5400.0,4500.0,132
Gujarat,Rajkot,Rajkot,Dry Chillies,Local,FAQ,2003-03-03 00:00:00,2375.0,5775.0,4500.0,132
Gujarat,Rajkot,Rajkot,Dry Chillies,Local,FAQ,2003-03-04 00:00:00,2375.0,5375.0,4500.0,132
Gujarat,Rajkot,Rajkot,Dry Chillies,Red,FAQ,2003-03-25 00:00:00,2350.0,6300.0,4500.0,132
Gujarat,Rajkot,Rajkot,Dry Chillies,Red,FAQ,2003-04-15 00:00:00,2375.0,5750.0,4590.0,132
Gujarat,Rajkot,Rajkot,Dry Chillies,Red,FAQ,2003-04-22 00:00:00,2150.0,5500.0,4500.0,132
Gujarat,Rajkot,Rajkot,Dry Chillies,Red,FAQ,2003-04-24 00:00:00,2125.0,5625.0,4500.0,132
Gujarat,Rajkot,Rajkot,Dry Chillies,Red,FAQ,2003-04-25 00:00:00,2250.0,5150.0,4500.0,132
Gujarat,Rajkot,Rajkot,Dry Chillies,Red,FAQ,2003-05-02 00:00:00,2175.0,5175.0,4520.0,132
Gujarat,Rajkot,Rajkot,Dry Chillies,Red,FAQ,2003-05-06 00:00:00,2250.0,5275.0,4500.0,132
Gujarat,Rajkot,Rajkot,Dry Chillies,Red,FAQ,2003-05-08 00:00:00,2050.0,5325.0,4350.0,132
Gujarat,Rajkot,Rajkot,Dry Chillies,Red,FAQ,2003-05-12 00:00:00,4000.0,5000.0,4500.0,132
Gujarat,Rajkot,Rajkot,Dry Chillies,Red,FAQ,2003-05-21 00:00:00,2125.0,5250.0,3550.0,132
Gujarat,Rajkot,Rajkot,Dry Chillies,Red,FAQ,2003-05-31 00:00:00,4125.0,4875.0,4500.0,132
Gujarat,Rajkot,Rajkot,Dry Chillies,Red,FAQ,2003-06-04 00:00:00,3750.0,4500.0,4250.0,132
Gujarat,Rajkot,Rajkot,Dry Chillies,Red,FAQ,2003-06-13 00:00:00,3750.0,4125.0,4000.0,132
Gujarat,Dahod,Dahod,Dry Chillies,Other,FAQ,2002-01-02 00:00:00,3000.0,3625.0,3125.0,132
Gujarat,Dahod,Dahod,Dry Chillies,Other,FAQ,2002-01-21 00:00:00,2500.0,3500.0,3125.0,132
Gujarat,Dahod,Dahod,Dry Chillies,Other,FAQ,2002-01-31 00:00:00,2750.0,3250.0,2875.0,132
Gujarat,Dahod,Dahod,Dry Chillies,Other,FAQ,2002-02-25 00:00:00,2250.0,3250.0,2500.0,132
Gujarat,Dahod,Dahod,Dry Chillies,Other,FAQ,2002-04-09 00:00:00,2625.0,3400.0,3250.0,132
Gujarat,Dahod,Dahod,Dry Chillies,Other,FAQ,2002-05-08 00:00:00,2500.0,3400.0,3200.0,132
Gujarat,Dahod,Dahod,Dry Chillies,Other,FAQ,2002-05-15 00:00:00,2750.0,3800.0,3800.0,132
Gujarat,Dahod,Dahod,Dry Chillies,Other,FAQ,2002-05-27 00:00:00,2600.0,3900.0,3350.0,132
Gujarat,Dahod,Dahod,Dry Chillies,Other,FAQ,2002-05-31 00:00:00,2750.0,3900.0,3900.0,132
Gujarat,Dahod,Dahod,Dry Chillies,Other,FAQ,2002-06-07 00:00:00,2500.0,3750.0,3750.0,132
Gujarat,Dahod,Dahod,Dry Chillies,Other,FAQ,2002-06-11 00:00:00,2750.0,3750.0,3250.0,132
Gujarat,Dahod,Dahod,Dry Chillies,Other,FAQ,2002-06-17 00:00:00,2750.0,3750.0,3250.0,132
Gujarat,Dahod,Dahod,Dry Chillies,Other,FAQ,2002-06-20 00:00:00,2750.0,3750.0,3250.0,132
Gujarat,Dahod,Dahod,Dry Chillies,Other,FAQ,2002-06-24 00:00:00,2750.0,3800.0,3250.0,132
Gujarat,Dahod,Dahod,Dry Chillies,Other,FAQ,2002-07-09 00:00:00,2700.0,3625.0,3250.0,132
Gujarat,Dahod,Dahod,Dry Chillies,Other,FAQ,2002-07-16 00:00:00,2600.0,3600.0,3375.0,132
Gujarat,Dahod,Dahod,Dry Chillies,Other,FAQ,2002-08-19 00:00:00,2625.0,3650.0,3400.0,132
Gujarat,Dahod,Dahod,Dry Chillies,Other,FAQ,2002-08-20 00:00:00,2900.0,3500.0,3250.0,132
Gujarat,Dahod,Dahod,Dry Chillies,Other,FAQ,2002-09-05 00:00:00,2650.0,3600.0,3350.0,132
Gujarat,Dahod,Dahod,Dry Chillies,Other,FAQ,2002-10-07 00:00:00,2750.0,3750.0,3500.0,132
Gujarat,Dahod,Dahod,Dry Chillies,Other,FAQ,2002-10-12 00:00:00,2750.0,4100.0,3000.0,132
Gujarat,Dahod,Dahod,Dry Chillies,Other,FAQ,2002-11-07 00:00:00,2750.0,4300.0,3900.0,132
Gujarat,Dahod,Dahod,Dry Chillies,Other,FAQ,2002-11-25 00:00:00,3250.0,4250.0,4125.0,132
Gujarat,Dahod,Dahod,Dry Chillies,Other,FAQ,2002-11-30 00:00:00,3250.0,4250.0,3900.0,132
Gujarat,Dahod,Dahod,Dry Chillies,Other,FAQ,2002-12-11 00:00:00,3100.0,4400.0,4125.0,132
Gujarat,Dahod,Dahod,Dry Chillies,Other,FAQ,2002-12-13 00:00:00,2800.0,4400.0,3900.0,132
Gujarat,Rajkot,Rajkot,Dry Chillies,Local,FAQ,2002-05-02 00:00:00,1250.0,4250.0,3550.0,132
Gujarat,Rajkot,Rajkot,Dry Chillies,Local,FAQ,2002-05-04 00:00:00,1250.0,4325.0,3550.0,132
Gujarat,Rajkot,Rajkot,Dry Chillies,Local,FAQ,2002-05-29 00:00:00,1300.0,3425.0,3200.0,132
Gujarat,Rajkot,Rajkot,Dry Chillies,Local,FAQ,2002-05-30 00:00:00,1525.0,4275.0,3500.0,132
Gujarat,Rajkot,Rajkot,Dry Chillies,Local,FAQ,2002-06-05 00:00:00,750.0,4250.0,3525.0,132
Gujarat,Rajkot,Rajkot,Dry Chillies,Local,FAQ,2002-06-06 00:00:00,1500.0,3950.0,3125.0,132
Gujarat,Rajkot,Rajkot,Dry Chillies,Local,FAQ,2002-06-11 00:00:00,1500.0,3825.0,3200.0,132
Gujarat,Rajkot,Rajkot,Dry Chillies,Local,FAQ,2002-06-13 00:00:00,1000.0,3625.0,3310.0,132
Gujarat,Vadodara(Baroda),Vadodara,Dry Chillies,Other,FAQ,2002-02-02 00:00:00,3000.0,6000.0,3000.0,132
Gujarat,Vadodara(Baroda),Vadodara,Dry Chillies,Other,FAQ,2002-02-13 00:00:00,2500.0,3500.0,2800.0,132
Gujarat,Vadodara(Baroda),Vadodara,Dry Chillies,Other,FAQ,2002-02-15 00:00:00,4000.0,6000.0,6000.0,132
Gujarat,Dahod,Dahod,Dry Chillies,Dry Chillies,FAQ,2024-09-03 00:00:00,12500.0,24500.0,17500.0,132
Gujarat,Dahod,Dahod,Dry Chillies,Dry Chillies,FAQ,2024-09-20 00:00:00,15000.0,24500.0,23000.0,132
Gujarat,Dahod,Dahod,Dry Chillies,Dry Chillies,FAQ,2024-09-28 00:00:00,15000.0,24500.0,22500.0,132
Gujarat,Dahod,Dahod,Dry Chillies,Other,FAQ,2004-03-22 00:00:00,2700.0,4000.0,3375.0,132
Gujarat,Dahod,Dahod,Dry Chillies,Other,FAQ,2004-05-19 00:00:00,2500.0,3500.0,3250.0,132
Gujarat,Dahod,Dahod,Dry Chillies,Other,FAQ,2004-05-25 00:00:00,2500.0,3500.0,3000.0,132
Gujarat,Dahod,Dahod,Dry Chillies,Other,FAQ,2004-06-04 00:00:00,2700.0,3800.0,3250.0,132
Gujarat,Dahod,Dahod,Dry Chillies,Other,FAQ,2004-06-28 00:00:00,2400.0,3850.0,3000.0,132
Gujarat,Dahod,Dahod,Dry Chillies,Other,FAQ,2004-06-29 00:00:00,2250.0,3600.0,3400.0,132
Gujarat,Dahod,Dahod,Dry Chillies,Other,FAQ,2004-09-11 00:00:00,2500.0,3700.0,3250.0,132
Gujarat,Dahod,Dahod,Dry Chillies,Other,FAQ,2004-10-11 00:00:00,2750.0,3650.0,3375.0,132
Gujarat,Dahod,Dahod,Dry Chillies,Other,FAQ,2004-10-13 00:00:00,2750.0,3750.0,3375.0,132
Gujarat,Dahod,Dahod,Dry Chillies,Other,FAQ,2004-10-27 00:00:00,2750.0,3600.0,3250.0,132
Gujarat,Dahod,Dahod,Dry Chillies,Other,FAQ,2004-11-11 00:00:00,2750.0,3875.0,3350.0,132
Gujarat,Dahod,Dahod,Dry Chillies,Other,FAQ,2004-11-26 00:00:00,2625.0,3200.0,3125.0,132
Gujarat,Dahod,Dahod,Dry Chillies,Other,FAQ,2004-12-13 00:00:00,2500.0,3575.0,3375.0,132
Gujarat,Dahod,Dahod,Dry Chillies,Other,FAQ,2004-12-14 00:00:00,2750.0,3650.0,3000.0,132
Gujarat,Dahod,Dahod,Dry Chillies,Other,FAQ,2004-12-23 00:00:00,2500.0,3625.0,3500.0,132
Gujarat,Dahod,Dahod,Dry Chillies,Other,FAQ,2004-12-31 00:00:00,2000.0,3250.0,3000.0,132
Gujarat,Jamnagar,Jamnagar,Dry Chillies,Other,FAQ,2004-01-30 00:00:00,1850.0,3325.0,2587.5,132
Gujarat,Jamnagar,Jamnagar,Dry Chillies,Other,FAQ,2004-02-03 00:00:00,1800.0,4600.0,3200.0,132
Gujarat,Jamnagar,Jamnagar,Dry Chillies,Other,FAQ,2004-02-12 00:00:00,1750.0,4625.0,3187.5,132
Gujarat,Jamnagar,Jamnagar,Dry Chillies,Other,FAQ,2004-02-23 00:00:00,1750.0,5050.0,3400.0,132
Gujarat,Jamnagar,Jamnagar,Dry Chillies,Other,FAQ,2004-03-08 00:00:00,1750.0,5025.0,3465.0,132
Gujarat,Jamnagar,Jamnagar,Dry Chillies,Other,FAQ,2004-03-23 00:00:00,1750.0,5250.0,3500.0,132
Gujarat,Jamnagar,Jamnagar,Dry Chillies,Other,FAQ,2004-04-02 00:00:00,1000.0,4200.0,2625.0,132
Gujarat,Jamnagar,Jamnagar,Dry Chillies,Other,FAQ,2004-04-09 00:00:00,1750.0,4825.0,3350.0,132
Gujarat,Jamnagar,Jamnagar,Dry Chillies,Other,FAQ,2004-04-23 00:00:00,1625.0,4400.0,3050.0,132
Gujarat,Jamnagar,Jamnagar,Dry Chillies,Other,FAQ,2004-04-30 00:00:00,1250.0,4300.0,2700.0,132
Gujarat,Jamnagar,Jamnagar,Dry Chillies,Other,FAQ,2004-05-01 00:00:00,1750.0,4450.0,3100.0,132
Gujarat,Jamnagar,Jamnagar,Dry Chillies,Other,FAQ,2004-05-08 00:00:00,1000.0,4400.0,2700.0,132
Gujarat,Jamnagar,Jamnagar,Dry Chillies,Other,FAQ,2004-05-22 00:00:00,1750.0,3500.0,2625.0,132
Gujarat,Jamnagar,Jamnagar,Dry Chillies,Other,FAQ,2004-05-31 00:00:00,1750.0,3550.0,2750.0,132
Gujarat,Rajkot,Rajkot,Dry Chillies,Local,FAQ,2004-01-31 00:00:00,1750.0,3750.0,3500.0,132
Gujarat,Rajkot,Rajkot,Dry Chillies,Local,FAQ,2004-02-03 00:00:00,1800.0,5600.0,4000.0,132
Gujarat,Rajkot,Rajkot,Dry Chillies,Local,FAQ,2004-02-11 00:00:00,1150.0,5250.0,4000.0,132
Gujarat,Rajkot,Rajkot,Dry Chillies,Local,FAQ,2004-02-17 00:00:00,1500.0,5500.0,4100.0,132
Gujarat,Rajkot,Rajkot,Dry Chillies,Local,FAQ,2004-02-21 00:00:00,1975.0,5925.0,4200.0,132
Gujarat,Rajkot,Rajkot,Dry Chillies,Local,FAQ,2004-02-25 00:00:00,2350.0,6330.0,4500.0,132
Gujarat,Rajkot,Rajkot,Dry Chillies,Local,FAQ,2004-03-10 00:00:00,2125.0,5650.0,4550.0,132
Gujarat,Rajkot,Rajkot,Dry Chillies,Local,FAQ,2004-03-16 00:00:00,2900.0,6125.0,5000.0,132
Gujarat,Rajkot,Rajkot,Dry Chillies,Local,FAQ,2004-04-01 00:00:00,2375.0,6725.0,5125.0,132
Gujarat,Rajkot,Rajkot,Dry Chillies,Local,FAQ,2004-04-26 00:00:00,1350.0,4250.0,3800.0,132
Gujarat,Rajkot,Rajkot,Dry Chillies,Local,FAQ,2004-04-27 00:00:00,2000.0,4775.0,4250.0,132
Gujarat,Rajkot,Rajkot,Dry Chillies,Local,FAQ,2004-05-19 00:00:00,1775.0,5075.0,3800.0,132
Gujarat,Rajkot,Rajkot,Dry Chillies,Local,FAQ,2004-05-28 00:00:00,1200.0,3100.0,2800.0,132
Gujarat,Rajkot,Rajkot,Dry Chillies,Local,FAQ,2004-05-31 00:00:00,1075.0,2775.0,2250.0,132
Gujarat,Rajkot,Rajkot,Dry Chillies,Local,FAQ,2004-06-02 00:00:00,1325.0,2875.0,2500.0,132
Gujarat,Dahod,Dahod,Dry Chillies,Other,FAQ,2007-01-20 00:00:00,4500.0,8600.0,7250.0,132
Gujarat,Dahod,Dahod,Dry Chillies,Other,FAQ,2007-02-26 00:00:00,2500.0,6500.0,4625.0,132
Gujarat,Dahod,Dahod,Dry Chillies,Other,FAQ,2007-07-23 00:00:00,4250.0,7250.0,6250.0,132
Gujarat,Dahod,Dahod,Dry Chillies,Other,FAQ,2007-12-07 00:00:00,3850.0,7250.0,6750.0,132
Gujarat,Dahod,Dahod,Dry Chillies,Other,FAQ,2007-12-27 00:00:00,3700.0,6750.0,5500.0,132
Gujarat,Rajkot,Gondal,Dry Chillies,Bold 1,FAQ,2007-02-14 00:00:00,1605.0,5980.0,5430.0,132
Gujarat,Rajkot,Gondal,Dry Chillies,Bold 1,FAQ,2007-02-15 00:00:00,1500.0,6330.0,5505.0,132
Gujarat,Rajkot,Gondal,Dry Chillies,Bold 1,FAQ,2007-02-19 00:00:00,4930.0,5905.0,4930.0,132
Gujarat,Rajkot,Gondal,Dry Chillies,Bold 1,FAQ,2007-02-20 00:00:00,2030.0,8780.0,5705.0,132
Gujarat,Rajkot,Gondal,Dry Chillies,Bold 1,FAQ,2007-02-21 00:00:00,2005.0,6005.0,6005.0,132
Gujarat,Rajkot,Gondal,Dry Chillies,Bold 1,FAQ,2007-04-03 00:00:00,1500.0,8780.0,7255.0,132
Gujarat,Rajkot,Gondal,Dry Chillies,Bold 1,FAQ,2007-04-12 00:00:00,2500.0,9505.0,8780.0,132
Gujarat,Rajkot,Gondal,Dry Chillies,Bold 1,FAQ,2007-04-25 00:00:00,2500.0,7030.0,6500.0,132
Gujarat,Rajkot,Gondal,Dry Chillies,Bold 1,FAQ,2007-05-05 00:00:00,5780.0,5780.0,5780.0,132
Gujarat,Rajkot,Gondal,Dry Chillies,Bold 1,FAQ,2007-05-22 00:00:00,1605.0,7155.0,6300.0,132
Gujarat,Rajkot,Gondal,Dry Chillies,Single Patti,FAQ,2007-02-22 00:00:00,1505.0,6880.0,5630.0,132
Gujarat,Rajkot,Gondal,Dry Chillies,Single Patti,FAQ,2007-03-09 00:00:00,1455.0,6580.0,6080.0,132
Gujarat,Rajkot,Gondal,Dry Chillies,Single Patti,FAQ,2007-03-20 00:00:00,2805.0,6780.0,5280.0,132
Gujarat,Rajkot,Gondal,Dry Chillies,Single Patti,FAQ,2007-04-21 00:00:00,1680.0,7355.0,5605.0,132
Gujarat,Rajkot,Gondal,Dry Chillies,Single Patti,FAQ,2007-05-15 00:00:00,1305.0,6730.0,6255.0,132
Gujarat,Rajkot,Jetpur(Dist.Rajkot),Dry Chillies,Other,FAQ,2007-03-10 00:00:00,3850.0,6525.0,5750.0,132
Gujarat,Rajkot,Jetpur(Dist.Rajkot),Dry Chillies,Other,FAQ,2007-03-12 00:00:00,4125.0,6525.0,5750.0,132
Gujarat,Rajkot,Jetpur(Dist.Rajkot),Dry Chillies,Other,FAQ,2007-04-02 00:00:00,4505.0,7450.0,5980.0,132
Gujarat,Rajkot,Jetpur(Dist.Rajkot),Dry Chillies,Other,FAQ,2007-04-07 00:00:00,3170.0,6450.0,5955.0,132
Gujarat,Rajkot,Jetpur(Dist.Rajkot),Dry Chillies,Other,FAQ,2007-04-09 00:00:00,3625.0,6770.0,5930.0,132
Gujarat,Rajkot,Jetpur(Dist.Rajkot),Dry Chillies,Other,FAQ,2007-04-18 00:00:00,3550.0,7755.0,5825.0,132
Gujarat,Rajkot,Rajkot,Dry Chillies,Dry Chillies,FAQ,2007-02-09 00:00:00,2500.0,6000.0,5000.0,132
Gujarat,Rajkot,Rajkot,Dry Chillies,Dry Chillies,FAQ,2007-02-23 00:00:00,4775.0,6400.0,5800.0,132
Gujarat,Rajkot,Rajkot,Dry Chillies,Dry Chillies,FAQ,2007-02-26 00:00:00,4450.0,6600.0,6000.0,132
Gujarat,Rajkot,Rajkot,Dry Chillies,Dry Chillies,FAQ,2007-03-02 00:00:00,2750.0,6125.0,5500.0,132
Gujarat,Rajkot,Rajkot,Dry Chillies,Dry Chillies,FAQ,2007-03-21 00:00:00,4000.0,6550.0,6100.0,132
Gujarat,Rajkot,Rajkot,Dry Chillies,Dry Chillies,FAQ,2007-03-22 00:00:00,4875.0,6500.0,6000.0,132
Gujarat,Rajkot,Rajkot,Dry Chillies,Dry Chillies,FAQ,2007-04-10 00:00:00,4800.0,5150.0,5000.0,132
Gujarat,Rajkot,Rajkot,Dry Chillies,Dry Chillies,FAQ,2007-04-17 00:00:00,5500.0,6750.0,6200.0,132
Gujarat,Rajkot,Rajkot,Dry Chillies,Dry Chillies,FAQ,2007-04-18 00:00:00,5875.0,7275.0,6575.0,132
Gujarat,Rajkot,Rajkot,Dry Chillies,Dry Chillies,FAQ,2007-04-23 00:00:00,5000.0,7500.0,6500.0,132
Gujarat,Rajkot,Rajkot,Dry Chillies,Dry Chillies,FAQ,2007-04-26 00:00:00,5425.0,6625.0,6150.0,132
Gujarat,Rajkot,Rajkot,Dry Chillies,Dry Chillies,FAQ,2007-04-28 00:00:00,5350.0,6950.0,6500.0,132
Gujarat,Rajkot,Rajkot,Dry Chillies,Dry Chillies,FAQ,2007-04-30 00:00:00,5225.0,6625.0,5800.0,132
Gujarat,Rajkot,Rajkot,Dry Chillies,Dry Chillies,FAQ,2007-05-03 00:00:00,5050.0,6500.0,6200.0,132
Gujarat,Rajkot,Rajkot,Dry Chillies,Dry Chillies,FAQ,2007-05-08 00:00:00,5100.0,5850.0,5600.0,132
Gujarat,Rajkot,Rajkot,Dry Chillies,Dry Chillies,FAQ,2007-05-18 00:00:00,4075.0,5875.0,5100.0,132
Gujarat,Rajkot,Rajkot,Dry Chillies,Dry Chillies,FAQ,2007-05-19 00:00:00,4125.0,6125.0,5500.0,132
Gujarat,Rajkot,Rajkot,Dry Chillies,Dry Chillies,FAQ,2007-05-22 00:00:00,4750.0,5400.0,5100.0,132
Gujarat,Rajkot,Rajkot,Dry Chillies,Dry Chillies,FAQ,2007-05-23 00:00:00,4250.0,5565.0,5100.0,132
Gujarat,Rajkot,Rajkot,Dry Chillies,Dry Chillies,FAQ,2007-05-26 00:00:00,3625.0,5555.0,5100.0,132
Gujarat,Rajkot,Rajkot,Dry Chillies,Dry Chillies,FAQ,2007-05-28 00:00:00,4250.0,5750.0,5100.0,132
Gujarat,Vadodara(Baroda),Vadodara,Dry Chillies,Other,FAQ,2007-01-02 00:00:00,4000.0,6000.0,5000.0,132
Gujarat,Vadodara(Baroda),Vadodara,Dry Chillies,Other,FAQ,2007-01-03 00:00:00,2500.0,4500.0,3500.0,132
Gujarat,Vadodara(Baroda),Vadodara,Dry Chillies,Other,FAQ,2007-05-17 00:00:00,4000.0,4000.0,4000.0,132
Gujarat,Vadodara(Baroda),Vadodara,Dry Chillies,Other,FAQ,2007-05-19 00:00:00,4000.0,4000.0,4000.0,132
Gujarat,Vadodara(Baroda),Vadodara,Dry Chillies,Other,FAQ,2007-06-02 00:00:00,3000.0,4000.0,3500.0,132
Gujarat,Vadodara(Baroda),Vadodara,Dry Chillies,Other,FAQ,2007-06-15 00:00:00,2800.0,4000.0,3400.0,132
Gujarat,Vadodara(Baroda),Vadodara,Dry Chillies,Other,FAQ,2007-06-16 00:00:00,3000.0,5000.0,4000.0,132
Gujarat,Vadodara(Baroda),Vadodara,Dry Chillies,Other,FAQ,2007-06-26 00:00:00,3000.0,5000.0,4000.0,132
Gujarat,Vadodara(Baroda),Vadodara,Dry Chillies,Other,FAQ,2007-07-13 00:00:00,3000.0,4000.0,3500.0,132
Gujarat,Vadodara(Baroda),Vadodara,Dry Chillies,Other,FAQ,2007-07-17 00:00:00,3000.0,4000.0,3500.0,132
Gujarat,Vadodara(Baroda),Vadodara,Dry Chillies,Other,FAQ,2007-07-24 00:00:00,2300.0,3500.0,2900.0,132
Gujarat,Vadodara(Baroda),Vadodara,Dry Chillies,Other,FAQ,2007-07-26 00:00:00,2300.0,3500.0,2900.0,132
Gujarat,Vadodara(Baroda),Vadodara,Dry Chillies,Other,FAQ,2007-08-11 00:00:00,2500.0,4000.0,3250.0,132
Gujarat,Vadodara(Baroda),Vadodara,Dry Chillies,Other,FAQ,2007-09-07 00:00:00,2500.0,4000.0,3250.0,132
Gujarat,Vadodara(Baroda),Vadodara,Dry Chillies,Other,FAQ,2007-09-11 00:00:00,2500.0,4000.0,3250.0,132
Gujarat,Vadodara(Baroda),Vadodara,Dry Chillies,Other,FAQ,2007-09-17 00:00:00,2500.0,4000.0,3250.0,132
Gujarat,Vadodara(Baroda),Vadodara,Dry Chillies,Other,FAQ,2007-09-24 00:00:00,2500.0,4500.0,3500.0,132
Gujarat,Vadodara(Baroda),Vadodara,Dry Chillies,Other,FAQ,2007-10-12 00:00:00,5000.0,5000.0,5000.0,132
Gujarat,Vadodara(Baroda),Vadodara,Dry Chillies,Other,FAQ,2007-10-13 00:00:00,5000.0,5000.0,5000.0,132
Gujarat,Vadodara(Baroda),Vadodara,Dry Chillies,Other,FAQ,2007-10-20 00:00:00,1500.0,3500.0,3100.0,132
Gujarat,Vadodara(Baroda),Vadodara,Dry Chillies,Other,FAQ,2007-10-31 00:00:00,3000.0,5500.0,4200.0,132
Gujarat,Vadodara(Baroda),Vadodara,Dry Chillies,Other,FAQ,2007-11-01 00:00:00,3000.0,5500.0,4300.0,132
Gujarat,Vadodara(Baroda),Vadodara,Dry Chillies,Other,FAQ,2007-11-05 00:00:00,3000.0,5500.0,4000.0,132
Gujarat,Vadodara(Baroda),Vadodara,Dry Chillies,Other,FAQ,2007-11-06 00:00:00,3000.0,5500.0,4000.0,132
Gujarat,Vadodara(Baroda),Vadodara,Dry Chillies,Other,FAQ,2007-11-08 00:00:00,3000.0,5500.0,4000.0,132
Gujarat,Vadodara(Baroda),Vadodara,Dry Chillies,Other,FAQ,2007-11-22 00:00:00,2500.0,4000.0,3600.0,132
Gujarat,Vadodara(Baroda),Vadodara,Dry Chillies,Other,FAQ,2007-11-23 00:00:00,2800.0,4000.0,3300.0,132
Gujarat,Vadodara(Baroda),Vadodara,Dry Chillies,Other,FAQ,2007-12-05 00:00:00,2500.0,4500.0,3800.0,132
Gujarat,Vadodara(Baroda),Vadodara,Dry Chillies,Other,FAQ,2007-12-11 00:00:00,2500.0,4000.0,3200.0,132
Gujarat,Vadodara(Baroda),Vadodara,Dry Chillies,Other,FAQ,2007-12-15 00:00:00,2500.0,4000.0,3400.0,132
Gujarat,Vadodara(Baroda),Vadodara,Dry Chillies,Other,FAQ,2007-12-26 00:00:00,3000.0,4000.0,3600.0,132
Gujarat,Vadodara(Baroda),Vadodara,Dry Chillies,Other,FAQ,2007-12-28 00:00:00,3000.0,4000.0,3600.0,132
Gujarat,Dahod,Dahod,Dry Chillies,Other,FAQ,2004-01-16 00:00:00,3625.0,5100.0,4375.0,132
Gujarat,Dahod,Dahod,Dry Chillies,Other,FAQ,2004-03-20 00:00:00,2700.0,4000.0,3500.0,132
Gujarat,Dahod,Dahod,Dry Chillies,Other,FAQ,2004-04-01 00:00:00,2700.0,4000.0,3500.0,132
Gujarat,Dahod,Dahod,Dry Chillies,Other,FAQ,2004-04-16 00:00:00,2750.0,3500.0,3400.0,132
Gujarat,Dahod,Dahod,Dry Chillies,Other,FAQ,2004-04-17 00:00:00,2750.0,3625.0,3500.0,132
Gujarat,Dahod,Dahod,Dry Chillies,Other,FAQ,2004-04-26 00:00:00,2500.0,3500.0,3000.0,132
Gujarat,Dahod,Dahod,Dry Chillies,Other,FAQ,2004-05-04 00:00:00,2500.0,3500.0,3250.0,132
Gujarat,Dahod,Dahod,Dry Chillies,Other,FAQ,2004-05-17 00:00:00,2500.0,3500.0,3000.0,132
Gujarat,Dahod,Dahod,Dry Chillies,Other,FAQ,2004-05-29 00:00:00,2500.0,3600.0,3000.0,132
Gujarat,Dahod,Dahod,Dry Chillies,Other,FAQ,2004-07-09 00:00:00,2000.0,3700.0,3050.0,132
Gujarat,Dahod,Dahod,Dry Chillies,Other,FAQ,2004-07-28 00:00:00,2000.0,3500.0,2750.0,132
Gujarat,Dahod,Dahod,Dry Chillies,Other,FAQ,2004-09-09 00:00:00,2500.0,3700.0,3250.0,132
Gujarat,Dahod,Dahod,Dry Chillies,Other,FAQ,2004-10-14 00:00:00,2750.0,3625.0,3375.0,132
Gujarat,Dahod,Dahod,Dry Chillies,Other,FAQ,2004-11-03 00:00:00,2750.0,3625.0,3250.0,132
Gujarat,Dahod,Dahod,Dry Chillies,Other,FAQ,2004-11-16 00:00:00,2750.0,3875.0,3500.0,132
Gujarat,Dahod,Dahod,Dry Chillies,Other,FAQ,2004-11-17 00:00:00,2750.0,3875.0,3500.0,132
Gujarat,Dahod,Dahod,Dry Chillies,Other,FAQ,2004-12-04 00:00:00,2750.0,3650.0,3500.0,132
Gujarat,Dahod,Dahod,Dry Chillies,Other,FAQ,2004-12-15 00:00:00,2750.0,3650.0,3000.0,132
Gujarat,Jamnagar,Jamnagar,Dry Chillies,Other,FAQ,2004-01-29 00:00:00,1250.0,4350.0,2800.0,132
Gujarat,Jamnagar,Jamnagar,Dry Chillies,Other,FAQ,2004-02-05 00:00:00,2475.0,3375.0,2925.0,132
Gujarat,Jamnagar,Jamnagar,Dry Chillies,Other,FAQ,2004-02-09 00:00:00,1700.0,4600.0,3150.0,132
Gujarat,Jamnagar,Jamnagar,Dry Chillies,Other,FAQ,2004-02-24 00:00:00,1750.0,5250.0,3400.0,132
Gujarat,Jamnagar,Jamnagar,Dry Chillies,Other,FAQ,2004-03-06 00:00:00,1750.0,4975.0,3450.0,132
Gujarat,Jamnagar,Jamnagar,Dry Chillies,Other,FAQ,2004-03-11 00:00:00,1500.0,4900.0,3260.0,132
Gujarat,Jamnagar,Jamnagar,Dry Chillies,Other,FAQ,2004-03-12 00:00:00,1750.0,5250.0,3500.0,132
Gujarat,Jamnagar,Jamnagar,Dry Chillies,Other,FAQ,2004-03-16 00:00:00,1750.0,5350.0,3525.0,132
Gujarat,Jamnagar,Jamnagar,Dry Chillies,Other,FAQ,2004-03-19 00:00:00,1650.0,5025.0,3375.0,132
Gujarat,Jamnagar,Jamnagar,Dry Chillies,Other,FAQ,2004-04-05 00:00:00,1700.0,4500.0,3300.0,132
Gujarat,Jamnagar,Jamnagar,Dry Chillies,Other,FAQ,2004-04-08 00:00:00,1750.0,4625.0,3250.0,132
Gujarat,Jamnagar,Jamnagar,Dry Chillies,Other,FAQ,2004-05-05 00:00:00,1750.0,4500.0,3125.0,132
Gujarat,Jamnagar,Jamnagar,Dry Chillies,Other,FAQ,2004-05-17 00:00:00,1700.0,4100.0,3000.0,132
Gujarat,Jamnagar,Jamnagar,Dry Chillies,Other,FAQ,2004-05-19 00:00:00,1750.0,4225.0,2990.0,132
Gujarat,Jamnagar,Jamnagar,Dry Chillies,Other,FAQ,2004-05-24 00:00:00,1750.0,3750.0,2750.0,132
Gujarat,Jamnagar,Jamnagar,Dry Chillies,Other,FAQ,2004-05-27 00:00:00,1125.0,3850.0,2500.0,132
Gujarat,Jamnagar,Jamnagar,Dry Chillies,Other,FAQ,2004-05-28 00:00:00,1750.0,3505.0,2600.0,132
Gujarat,Jamnagar,Jamnagar,Dry Chillies,Other,FAQ,2004-06-03 00:00:00,750.0,3100.0,1925.0,132
Gujarat,Mehsana,Mehsana,Dry Chillies,Other,FAQ,2004-02-07 00:00:00,766.25,986.25,850.0,132
Gujarat,Rajkot,Rajkot,Dry Chillies,Local,FAQ,2004-01-28 00:00:00,4000.0,6000.0,5200.0,132
Gujarat,Rajkot,Rajkot,Dry Chillies,Local,FAQ,2004-02-20 00:00:00,1850.0,6000.0,4150.0,132
Gujarat,Rajkot,Rajkot,Dry Chillies,Local,FAQ,2004-02-26 00:00:00,2000.0,6000.0,4500.0,132
Gujarat,Rajkot,Rajkot,Dry Chillies,Local,FAQ,2004-02-28 00:00:00,1750.0,5750.0,4250.0,132
Gujarat,Rajkot,Rajkot,Dry Chillies,Local,FAQ,2004-03-03 00:00:00,2750.0,6550.0,4580.0,132
Gujarat,Rajkot,Rajkot,Dry Chillies,Local,FAQ,2004-03-05 00:00:00,2000.0,5750.0,4550.0,132
Gujarat,Rajkot,Rajkot,Dry Chillies,Local,FAQ,2004-03-12 00:00:00,2350.0,6425.0,5000.0,132
Gujarat,Rajkot,Rajkot,Dry Chillies,Local,FAQ,2004-03-20 00:00:00,2475.0,6250.0,4800.0,132
Gujarat,Rajkot,Rajkot,Dry Chillies,Local,FAQ,2004-04-23 00:00:00,1750.0,5175.0,4600.0,132
Gujarat,Rajkot,Rajkot,Dry Chillies,Local,FAQ,2004-04-28 00:00:00,1500.0,4775.0,3800.0,132
Gujarat,Rajkot,Rajkot,Dry Chillies,Local,FAQ,2004-04-30 00:00:00,1775.0,5175.0,4000.0,132
Gujarat,Rajkot,Rajkot,Dry Chillies,Local,FAQ,2004-05-03 00:00:00,2175.0,4075.0,3500.0,132
Gujarat,Rajkot,Rajkot,Dry Chillies,Local,FAQ,2004-05-06 00:00:00,2150.0,4500.0,3650.0,132
Gujarat,Rajkot,Rajkot,Dry Chillies,Local,FAQ,2004-05-08 00:00:00,2000.0,4500.0,3500.0,132
Gujarat,Rajkot,Rajkot,Dry Chillies,Local,FAQ,2004-05-15 00:00:00,1000.0,3500.0,3000.0,132
Gujarat,Rajkot,Rajkot,Dry Chillies,Local,FAQ,2004-05-21 00:00:00,2225.0,4125.0,3605.0,132
Gujarat,Rajkot,Gondal,Dry Chillies,Bold 1,FAQ,2024-05-09 00:00:00,4005.0,22255.0,13005.0,132
Gujarat,Rajkot,Gondal,Dry Chillies,Bold 1,FAQ,2024-05-17 00:00:00,3005.0,29005.0,15505.0,132
Gujarat,Rajkot,Gondal,Dry Chillies,Bold 1,FAQ,2024-05-30 00:00:00,3755.0,14755.0,12255.0,132
Gujarat,Rajkot,Rajkot,Dry Chillies,Red,FAQ,2024-05-08 00:00:00,4500.0,13250.0,8750.0,132
Gujarat,Rajkot,Rajkot,Dry Chillies,Red,FAQ,2024-05-18 00:00:00,5750.0,16500.0,10250.0,132
Gujarat,Dahod,Dahod,Dry Chillies,Other,FAQ,2011-01-07 00:00:00,4500.0,7750.0,7250.0,132
Gujarat,Dahod,Dahod,Dry Chillies,Other,FAQ,2011-01-17 00:00:00,4500.0,8000.0,7625.0,132
Gujarat,Dahod,Dahod,Dry Chillies,Other,FAQ,2011-02-09 00:00:00,4500.0,10000.0,6700.0,132
Gujarat,Dahod,Dahod,Dry Chillies,Other,FAQ,2011-03-04 00:00:00,6000.0,11300.0,10000.0,132
Gujarat,Dahod,Dahod,Dry Chillies,Other,FAQ,2011-03-09 00:00:00,7000.0,11250.0,10500.0,132
Gujarat,Dahod,Dahod,Dry Chillies,Other,FAQ,2011-06-23 00:00:00,8500.0,11000.0,10500.0,132
Gujarat,Dahod,Dahod,Dry Chillies,Other,FAQ,2011-08-12 00:00:00,8000.0,11000.0,10000.0,132
Gujarat,Dahod,Dahod,Dry Chillies,Other,FAQ,2011-08-16 00:00:00,8000.0,11000.0,10000.0,132
Gujarat,Dahod,Dahod,Dry Chillies,Other,FAQ,2011-09-06 00:00:00,7500.0,11000.0,10750.0,132
Gujarat,Dahod,Dahod,Dry Chillies,Other,FAQ,2011-09-15 00:00:00,8000.0,11000.0,10500.0,132
Gujarat,Dahod,Dahod,Dry Chillies,Other,FAQ,2011-10-12 00:00:00,7000.0,10500.0,9000.0,132
Gujarat,Dahod,Dahod,Dry Chillies,Other,FAQ,2011-10-21 00:00:00,7250.0,10750.0,8750.0,132
Gujarat,Dahod,Dahod,Dry Chillies,Other,FAQ,2011-11-15 00:00:00,7500.0,10750.0,10500.0,132
Gujarat,Dahod,Dahod,Dry Chillies,Other,FAQ,2011-12-07 00:00:00,7500.0,11000.0,10750.0,132
Gujarat,Dahod,Dahod,Dry Chillies,Other,FAQ,2011-12-14 00:00:00,7500.0,11000.0,10000.0,132
Gujarat,Dahod,Dahod,Dry Chillies,Other,FAQ,2011-12-24 00:00:00,7500.0,11000.0,10000.0,132
Gujarat,Dahod,Dahod,Dry Chillies,Other,FAQ,2011-12-27 00:00:00,7500.0,11000.0,10000.0,132
Gujarat,Rajkot,Gondal,Dry Chillies,Desi,FAQ,2011-02-15 00:00:00,4705.0,12805.0,11405.0,132
Gujarat,Rajkot,Gondal,Dry Chillies,Desi,FAQ,2011-03-15 00:00:00,3005.0,18005.0,12855.0,132
Gujarat,Rajkot,Gondal,Dry Chillies,Desi,FAQ,2011-03-24 00:00:00,3005.0,17055.0,13355.0,132
Gujarat,Rajkot,Gondal,Dry Chillies,Desi,FAQ,2011-04-21 00:00:00,2005.0,11155.0,8405.0,132
Gujarat,Rajkot,Gondal,Dry Chillies,Desi,FAQ,2011-04-22 00:00:00,2505.0,11805.0,8805.0,132
Gujarat,Rajkot,Gondal,Dry Chillies,Desi,FAQ,2011-04-28 00:00:00,2005.0,12605.0,9005.0,132
Gujarat,Rajkot,Gondal,Dry Chillies,Desi,FAQ,2011-04-30 00:00:00,2005.0,11955.0,8555.0,132
Gujarat,Rajkot,Gondal,Dry Chillies,Desi,FAQ,2011-05-04 00:00:00,2005.0,12705.0,8605.0,132
Gujarat,Rajkot,Gondal,Dry Chillies,Desi,FAQ,2011-05-05 00:00:00,2005.0,11305.0,8805.0,132
Gujarat,Rajkot,Gondal,Dry Chillies,Desi,FAQ,2011-05-19 00:00:00,2005.0,11855.0,8805.0,132
Gujarat,Rajkot,Gondal,Dry Chillies,Desi,FAQ,2011-05-20 00:00:00,2005.0,11250.0,8755.0,132
Gujarat,Rajkot,Gondal,Dry Chillies,Desi,FAQ,2011-05-25 00:00:00,2305.0,12255.0,8905.0,132
Gujarat,Rajkot,Gondal,Dry Chillies,Desi,FAQ,2011-05-28 00:00:00,2105.0,12305.0,10955.0,132
Gujarat,Rajkot,Gondal,Dry Chillies,Desi,FAQ,2011-06-01 00:00:00,1500.0,12155.0,9255.0,132
Gujarat,Rajkot,Gondal,Dry Chillies,Desi,FAQ,2011-06-02 00:00:00,1000.0,12500.0,11355.0,132
Gujarat,Rajkot,Gondal,Dry Chillies,Desi,FAQ,2011-06-06 00:00:00,1000.0,10455.0,8905.0,132
Gujarat,Rajkot,Jasdan,Dry Chillies,Other,FAQ,2011-02-24 00:00:00,6940.0,6945.0,6945.0,132
Gujarat,Rajkot,Jasdan,Dry Chillies,Other,FAQ,2011-03-16 00:00:00,4800.0,7760.0,6250.0,132
Gujarat,Rajkot,Jasdan,Dry Chillies,Other,FAQ,2011-03-22 00:00:00,6225.0,16410.0,12500.0,132
Gujarat,Rajkot,Jasdan,Dry Chillies,Other,FAQ,2011-03-25 00:00:00,4875.0,14725.0,12855.0,132
Gujarat,Rajkot,Jasdan,Dry Chillies,Other,FAQ,2011-04-20 00:00:00,4750.0,11675.0,9000.0,132
Gujarat,Rajkot,Jasdan,Dry Chillies,Other,FAQ,2011-06-06 00:00:00,1500.0,1500.0,1500.0,132
Gujarat,Rajkot,Jasdan,Dry Chillies,Other,FAQ,2011-06-07 00:00:00,5500.0,8375.0,6750.0,132
Gujarat,Rajkot,Jasdan,Dry Chillies,Other,FAQ,2011-06-27 00:00:00,2505.0,2505.0,2505.0,132
Gujarat,Rajkot,Jetpur(Dist.Rajkot),Dry Chillies,Red,FAQ,2011-03-23 00:00:00,2250.0,3005.0,2750.0,132
Gujarat,Rajkot,Jetpur(Dist.Rajkot),Dry Chillies,Red,FAQ,2011-04-05 00:00:00,1480.0,14205.0,12105.0,132
Gujarat,Rajkot,Jetpur(Dist.Rajkot),Dry Chillies,Red,FAQ,2011-04-09 00:00:00,1980.0,14980.0,11855.0,132
Gujarat,Rajkot,Jetpur(Dist.Rajkot),Dry Chillies,Red,FAQ,2011-04-23 00:00:00,1550.0,9950.0,8200.0,132
Gujarat,Rajkot,Jetpur(Dist.Rajkot),Dry Chillies,Red,FAQ,2011-05-12 00:00:00,1830.0,10380.0,8605.0,132
Gujarat,Vadodara(Baroda),Vadodara,Dry Chillies,Other,FAQ,2011-01-05 00:00:00,3500.0,5500.0,5300.0,132
Gujarat,Vadodara(Baroda),Vadodara,Dry Chillies,Other,FAQ,2011-01-07 00:00:00,8000.0,10000.0,9000.0,132
Gujarat,Vadodara(Baroda),Vadodara,Dry Chillies,Other,FAQ,2011-01-21 00:00:00,6500.0,8000.0,7500.0,132
Gujarat,Vadodara(Baroda),Vadodara,Dry Chillies,Other,FAQ,2011-01-28 00:00:00,6000.0,8000.0,8000.0,132
Gujarat,Vadodara(Baroda),Vadodara,Dry Chillies,Other,FAQ,2011-01-29 00:00:00,6000.0,8000.0,8000.0,132
Gujarat,Vadodara(Baroda),Vadodara,Dry Chillies,Other,FAQ,2011-02-03 00:00:00,6000.0,8000.0,8000.0,132
Gujarat,Vadodara(Baroda),Vadodara,Dry Chillies,Other,FAQ,2011-02-04 00:00:00,6000.0,8000.0,8000.0,132
Gujarat,Vadodara(Baroda),Vadodara,Dry Chillies,Other,FAQ,2011-02-07 00:00:00,6000.0,8000.0,8000.0,132
Gujarat,Vadodara(Baroda),Vadodara,Dry Chillies,Other,FAQ,2011-02-18 00:00:00,7000.0,12000.0,12000.0,132
Gujarat,Vadodara(Baroda),Vadodara,Dry Chillies,Other,FAQ,2011-03-04 00:00:00,9000.0,12000.0,12000.0,132
Gujarat,Vadodara(Baroda),Vadodara,Dry Chillies,Other,FAQ,2011-03-09 00:00:00,9000.0,11000.0,11000.0,132
Gujarat,Vadodara(Baroda),Vadodara,Dry Chillies,Other,FAQ,2011-04-07 00:00:00,2500.0,4000.0,4000.0,132
Gujarat,Vadodara(Baroda),Vadodara,Dry Chillies,Other,FAQ,2011-04-18 00:00:00,8000.0,10000.0,10000.0,132
Gujarat,Vadodara(Baroda),Vadodara,Dry Chillies,Other,FAQ,2011-04-20 00:00:00,8000.0,10000.0,10000.0,132
Gujarat,Vadodara(Baroda),Vadodara,Dry Chillies,Other,FAQ,2011-04-26 00:00:00,10000.0,14000.0,13500.0,132
Gujarat,Vadodara(Baroda),Vadodara,Dry Chillies,Other,FAQ,2011-04-27 00:00:00,10000.0,14000.0,13500.0,132
Gujarat,Vadodara(Baroda),Vadodara,Dry Chillies,Other,FAQ,2011-04-30 00:00:00,9000.0,12000.0,12000.0,132
Gujarat,Vadodara(Baroda),Vadodara,Dry Chillies,Other,FAQ,2011-05-10 00:00:00,9000.0,12000.0,12000.0,132
Gujarat,Vadodara(Baroda),Vadodara,Dry Chillies,Other,FAQ,2011-05-16 00:00:00,4000.0,7000.0,7000.0,132
Gujarat,Vadodara(Baroda),Vadodara,Dry Chillies,Other,FAQ,2011-05-27 00:00:00,8000.0,12000.0,11000.0,132
Gujarat,Vadodara(Baroda),Vadodara,Dry Chillies,Other,FAQ,2011-06-11 00:00:00,8000.0,9000.0,8800.0,132
Gujarat,Vadodara(Baroda),Vadodara,Dry Chillies,Other,FAQ,2011-06-14 00:00:00,8000.0,9000.0,8500.0,132
Gujarat,Vadodara(Baroda),Vadodara,Dry Chillies,Other,FAQ,2011-06-23 00:00:00,6000.0,9000.0,9000.0,132
Gujarat,Vadodara(Baroda),Vadodara,Dry Chillies,Other,FAQ,2011-06-25 00:00:00,6000.0,9000.0,9000.0,132
Gujarat,Vadodara(Baroda),Vadodara,Dry Chillies,Other,FAQ,2011-06-28 00:00:00,6000.0,9000.0,9000.0,132
Gujarat,Vadodara(Baroda),Vadodara,Dry Chillies,Other,FAQ,2011-07-11 00:00:00,7000.0,11000.0,11000.0,132
Gujarat,Vadodara(Baroda),Vadodara,Dry Chillies,Other,FAQ,2011-07-18 00:00:00,9500.0,12000.0,12000.0,132
Gujarat,Vadodara(Baroda),Vadodara,Dry Chillies,Other,FAQ,2011-07-21 00:00:00,9500.0,12000.0,12000.0,132
Gujarat,Vadodara(Baroda),Vadodara,Dry Chillies,Other,FAQ,2011-08-06 00:00:00,6000.0,9000.0,9000.0,132
Gujarat,Vadodara(Baroda),Vadodara,Dry Chillies,Other,FAQ,2011-08-08 00:00:00,6000.0,9000.0,9000.0,132
Gujarat,Vadodara(Baroda),Vadodara,Dry Chillies,Other,FAQ,2011-08-11 00:00:00,8000.0,10000.0,10000.0,132
Gujarat,Vadodara(Baroda),Vadodara,Dry Chillies,Other,FAQ,2011-08-25 00:00:00,8000.0,10000.0,10000.0,132
Gujarat,Vadodara(Baroda),Vadodara,Dry Chillies,Other,FAQ,2011-08-31 00:00:00,8000.0,10000.0,10000.0,132
Gujarat,Vadodara(Baroda),Vadodara,Dry Chillies,Other,FAQ,2011-09-02 00:00:00,7500.0,9000.0,9000.0,132
Gujarat,Vadodara(Baroda),Vadodara,Dry Chillies,Other,FAQ,2011-09-24 00:00:00,9000.0,12000.0,12000.0,132
Gujarat,Vadodara(Baroda),Vadodara,Dry Chillies,Other,FAQ,2011-10-10 00:00:00,9000.0,10000.0,10000.0,132
Gujarat,Vadodara(Baroda),Vadodara,Dry Chillies,Other,FAQ,2011-10-12 00:00:00,8000.0,10000.0,10000.0,132
Gujarat,Vadodara(Baroda),Vadodara,Dry Chillies,Other,FAQ,2011-10-15 00:00:00,8000.0,10000.0,10000.0,132
Gujarat,Vadodara(Baroda),Vadodara,Dry Chillies,Other,FAQ,2011-10-18 00:00:00,9000.0,10000.0,10000.0,132
Gujarat,Vadodara(Baroda),Vadodara,Dry Chillies,Other,FAQ,2011-11-08 00:00:00,9000.0,10000.0,10000.0,132
Gujarat,Vadodara(Baroda),Vadodara,Dry Chillies,Other,FAQ,2011-11-09 00:00:00,9000.0,10000.0,10000.0,132
Gujarat,Vadodara(Baroda),Vadodara,Dry Chillies,Other,FAQ,2011-11-16 00:00:00,9000.0,9500.0,9500.0,132
Gujarat,Vadodara(Baroda),Vadodara,Dry Chillies,Other,FAQ,2011-11-22 00:00:00,9000.0,9500.0,9500.0,132
Gujarat,Vadodara(Baroda),Vadodara,Dry Chillies,Other,FAQ,2011-12-12 00:00:00,5000.0,7500.0,7500.0,132
Gujarat,Vadodara(Baroda),Vadodara,Dry Chillies,Other,FAQ,2011-12-30 00:00:00,6000.0,7500.0,7500.0,132
Gujarat,Dahod,Dahod,Dry Chillies,Dry Chillies,FAQ,2022-01-08 00:00:00,11000.0,20000.0,17500.0,132
Gujarat,Dahod,Dahod,Dry Chillies,Dry Chillies,FAQ,2022-01-19 00:00:00,11000.0,20000.0,17500.0,132
Gujarat,Dahod,Dahod,Dry Chillies,Dry Chillies,FAQ,2022-01-28 00:00:00,11000.0,20000.0,17500.0,132
Gujarat,Dahod,Dahod,Dry Chillies,Dry Chillies,FAQ,2022-02-05 00:00:00,11000.0,20000.0,18075.0,132
Gujarat,Dahod,Dahod,Dry Chillies,Dry Chillies,FAQ,2022-02-10 00:00:00,11000.0,20000.0,12450.0,132
Gujarat,Dahod,Dahod,Dry Chillies,Dry Chillies,FAQ,2022-02-11 00:00:00,11000.0,20000.0,12750.0,132
Gujarat,Dahod,Dahod,Dry Chillies,Dry Chillies,FAQ,2022-02-18 00:00:00,11000.0,20000.0,19000.0,132
Gujarat,Dahod,Dahod,Dry Chillies,Dry Chillies,FAQ,2022-02-23 00:00:00,11000.0,20000.0,19000.0,132
Gujarat,Dahod,Dahod,Dry Chillies,Dry Chillies,FAQ,2022-05-18 00:00:00,12000.0,21500.0,20000.0,132
Gujarat,Dahod,Dahod,Dry Chillies,Dry Chillies,FAQ,2022-05-20 00:00:00,12000.0,21500.0,20000.0,132
Gujarat,Dahod,Dahod,Dry Chillies,Dry Chillies,FAQ,2022-07-26 00:00:00,12000.0,26000.0,21000.0,132
Gujarat,Dahod,Dahod,Dry Chillies,Dry Chillies,FAQ,2022-09-13 00:00:00,13000.0,27500.0,22500.0,132
Gujarat,Dahod,Dahod,Dry Chillies,Dry Chillies,FAQ,2022-10-06 00:00:00,13000.0,27500.0,22500.0,132
Gujarat,Dahod,Dahod,Dry Chillies,Dry Chillies,FAQ,2022-10-15 00:00:00,13500.0,27500.0,25000.0,132
Gujarat,Dahod,Dahod,Dry Chillies,Dry Chillies,FAQ,2022-11-01 00:00:00,15000.0,26000.0,22500.0,132
Gujarat,Dahod,Dahod,Dry Chillies,Dry Chillies,FAQ,2022-11-26 00:00:00,15000.0,26000.0,20000.0,132
Gujarat,Dahod,Dahod,Dry Chillies,Dry Chillies,FAQ,2022-11-28 00:00:00,15000.0,26000.0,20000.0,132
Gujarat,Dahod,Dahod,Dry Chillies,Dry Chillies,FAQ,2022-12-15 00:00:00,15000.0,26000.0,22000.0,132
Gujarat,Dahod,Dahod,Dry Chillies,Dry Chillies,FAQ,2022-12-24 00:00:00,15000.0,26000.0,25000.0,132
Gujarat,Jamnagar,Jamnagar,Dry Chillies,1st Sort,FAQ,2022-01-31 00:00:00,5000.0,16300.0,10650.0,132
Gujarat,Jamnagar,Jamnagar,Dry Chillies,1st Sort,FAQ,2022-02-21 00:00:00,5000.0,17500.0,11250.0,132
Gujarat,Rajkot,Rajkot,Dry Chillies,Red,FAQ,2022-01-03 00:00:00,6500.0,16750.0,12375.0,132
Gujarat,Rajkot,Rajkot,Dry Chillies,Red,FAQ,2022-01-05 00:00:00,6800.0,15800.0,12850.0,132
Gujarat,Rajkot,Rajkot,Dry Chillies,Red,FAQ,2022-01-10 00:00:00,5000.0,15900.0,13000.0,132
Gujarat,Rajkot,Rajkot,Dry Chillies,Red,FAQ,2022-01-18 00:00:00,4750.0,15750.0,13000.0,132
Gujarat,Rajkot,Rajkot,Dry Chillies,Red,FAQ,2022-02-01 00:00:00,5000.0,17850.0,13250.0,132
Gujarat,Rajkot,Rajkot,Dry Chillies,Red,FAQ,2022-02-02 00:00:00,5000.0,17850.0,13250.0,132
Gujarat,Rajkot,Rajkot,Dry Chillies,Red,FAQ,2022-02-05 00:00:00,6500.0,16750.0,13750.0,132
Gujarat,Rajkot,Rajkot,Dry Chillies,Red,FAQ,2022-02-14 00:00:00,6250.0,15500.0,13500.0,132
Gujarat,Rajkot,Rajkot,Dry Chillies,Red,FAQ,2022-03-08 00:00:00,5500.0,15000.0,13250.0,132
Gujarat,Rajkot,Rajkot,Dry Chillies,Red,FAQ,2022-03-16 00:00:00,5000.0,14000.0,12750.0,132
Gujarat,Rajkot,Rajkot,Dry Chillies,Red,FAQ,2022-03-21 00:00:00,5500.0,15000.0,13000.0,132
Gujarat,Rajkot,Rajkot,Dry Chillies,Red,FAQ,2022-04-05 00:00:00,5500.0,15000.0,12750.0,132
Gujarat,Rajkot,Rajkot,Dry Chillies,Red,FAQ,2022-04-09 00:00:00,5000.0,14500.0,11750.0,132
Gujarat,Rajkot,Rajkot,Dry Chillies,Red,FAQ,2022-04-11 00:00:00,5000.0,15000.0,12500.0,132
Gujarat,Rajkot,Rajkot,Dry Chillies,Red,FAQ,2022-04-20 00:00:00,4500.0,14500.0,12000.0,132
Gujarat,Rajkot,Rajkot,Dry Chillies,Red,FAQ,2022-04-28 00:00:00,4500.0,14000.0,12800.0,132
Gujarat,Rajkot,Rajkot,Dry Chillies,Red,FAQ,2022-05-26 00:00:00,9000.0,17500.0,13000.0,132
Gujarat,Rajkot,Rajkot,Dry Chillies,Red,FAQ,2022-05-27 00:00:00,9000.0,17500.0,12500.0,132
Gujarat,Rajkot,Rajkot,Dry Chillies,Red,FAQ,2022-05-30 00:00:00,5000.0,15000.0,12000.0,132
Gujarat,Rajkot,Rajkot,Dry Chillies,Red,FAQ,2022-05-31 00:00:00,5500.0,15000.0,10250.0,132
Gujarat,Rajkot,Rajkot,Dry Chillies,Red,FAQ,2022-06-02 00:00:00,7500.0,16000.0,12500.0,132
Gujarat,Rajkot,Rajkot,Dry Chillies,Red,FAQ,2022-11-08 00:00:00,12500.0,37500.0,30000.0,132
Gujarat,Rajkot,Rajkot,Dry Chillies,Red,FAQ,2022-11-12 00:00:00,12750.0,30000.0,20000.0,132
Gujarat,Rajkot,Rajkot,Dry Chillies,Red,FAQ,2022-11-25 00:00:00,8000.0,28750.0,23000.0,132
Gujarat,Rajkot,Rajkot,Dry Chillies,Red,FAQ,2022-12-05 00:00:00,12500.0,25700.0,22500.0,132
Gujarat,Rajkot,Rajkot,Dry Chillies,Red,FAQ,2022-12-12 00:00:00,11000.0,22500.0,20000.0,132
Gujarat,Rajkot,Rajkot,Dry Chillies,Red,FAQ,2022-12-16 00:00:00,13500.0,23000.0,18500.0,132
Gujarat,Rajkot,Rajkot,Dry Chillies,Red,FAQ,2022-12-19 00:00:00,15000.0,23150.0,20000.0,132
Gujarat,Dahod,Dahod,Dry Chillies,Other,FAQ,2010-01-20 00:00:00,5000.0,7750.0,6500.0,132
Gujarat,Dahod,Dahod,Dry Chillies,Other,FAQ,2010-01-25 00:00:00,5000.0,7750.0,6500.0,132
Gujarat,Dahod,Dahod,Dry Chillies,Other,FAQ,2010-01-29 00:00:00,5000.0,7750.0,6500.0,132
Gujarat,Dahod,Dahod,Dry Chillies,Other,FAQ,2010-02-11 00:00:00,5000.0,7750.0,7000.0,132
Gujarat,Dahod,Dahod,Dry Chillies,Other,FAQ,2010-03-03 00:00:00,4000.0,7875.0,6000.0,132
Gujarat,Dahod,Dahod,Dry Chillies,Other,FAQ,2010-03-10 00:00:00,4000.0,6500.0,6250.0,132
Gujarat,Dahod,Dahod,Dry Chillies,Other,FAQ,2010-03-11 00:00:00,4150.0,6500.0,4250.0,132
Gujarat,Dahod,Dahod,Dry Chillies,Other,FAQ,2010-03-16 00:00:00,4000.0,6500.0,6000.0,132
Gujarat,Dahod,Dahod,Dry Chillies,Other,FAQ,2010-04-01 00:00:00,3500.0,6500.0,6250.0,132
Gujarat,Dahod,Dahod,Dry Chillies,Other,FAQ,2010-04-12 00:00:00,3500.0,6500.0,6000.0,132
Gujarat,Dahod,Dahod,Dry Chillies,Other,FAQ,2010-04-20 00:00:00,3500.0,6500.0,6000.0,132
Gujarat,Dahod,Dahod,Dry Chillies,Other,FAQ,2010-04-27 00:00:00,4000.0,7000.0,6500.0,132
Gujarat,Dahod,Dahod,Dry Chillies,Other,FAQ,2010-04-29 00:00:00,4000.0,7000.0,6500.0,132
Gujarat,Dahod,Dahod,Dry Chillies,Other,FAQ,2010-07-15 00:00:00,4000.0,7500.0,6500.0,132
Gujarat,Dahod,Dahod,Dry Chillies,Other,FAQ,2010-08-31 00:00:00,4000.0,7500.0,7000.0,132
Gujarat,Dahod,Dahod,Dry Chillies,Other,FAQ,2010-09-29 00:00:00,4500.0,8000.0,6750.0,132
Gujarat,Dahod,Dahod,Dry Chillies,Other,FAQ,2010-10-19 00:00:00,4500.0,8000.0,6875.0,132
Gujarat,Dahod,Dahod,Dry Chillies,Other,FAQ,2010-10-25 00:00:00,4500.0,8000.0,6875.0,132
Gujarat,Dahod,Dahod,Dry Chillies,Other,FAQ,2010-10-27 00:00:00,4500.0,8000.0,7000.0,132
Gujarat,Dahod,Dahod,Dry Chillies,Other,FAQ,2010-11-18 00:00:00,4500.0,8000.0,7000.0,132
Gujarat,Dahod,Dahod,Dry Chillies,Other,FAQ,2010-11-19 00:00:00,4500.0,8000.0,7000.0,132
Gujarat,Dahod,Dahod,Dry Chillies,Other,FAQ,2010-11-25 00:00:00,4500.0,8000.0,7000.0,132
Gujarat,Dahod,Dahod,Dry Chillies,Other,FAQ,2010-12-11 00:00:00,4500.0,8250.0,7000.0,132
Gujarat,Dahod,Dahod,Dry Chillies,Other,FAQ,2010-12-23 00:00:00,4500.0,8250.0,7000.0,132
Gujarat,Dahod,Dahod,Dry Chillies,Other,FAQ,2010-12-29 00:00:00,4500.0,8250.0,7250.0,132
Gujarat,Rajkot,Gondal,Dry Chillies,Desi,FAQ,2010-01-19 00:00:00,2405.0,7205.0,7205.0,132
Gujarat,Rajkot,Gondal,Dry Chillies,Desi,FAQ,2010-01-21 00:00:00,1500.0,7855.0,5005.0,132
Gujarat,Rajkot,Gondal,Dry Chillies,Desi,FAQ,2010-02-02 00:00:00,1000.0,8355.0,7105.0,132
Gujarat,Rajkot,Gondal,Dry Chillies,Desi,FAQ,2010-02-05 00:00:00,1000.0,8205.0,7105.0,132
Gujarat,Rajkot,Gondal,Dry Chillies,Desi,FAQ,2010-02-15 00:00:00,1000.0,9005.0,7355.0,132
Gujarat,Rajkot,Gondal,Dry Chillies,Desi,FAQ,2010-02-25 00:00:00,1505.0,9755.0,8305.0,132
Gujarat,Rajkot,Gondal,Dry Chillies,Desi,FAQ,2010-03-02 00:00:00,1555.0,10955.0,8555.0,132
Gujarat,Rajkot,Gondal,Dry Chillies,Desi,FAQ,2010-03-06 00:00:00,1505.0,12355.0,8855.0,132
Gujarat,Rajkot,Gondal,Dry Chillies,Desi,FAQ,2010-03-13 00:00:00,1505.0,9905.0,8855.0,132
Gujarat,Rajkot,Gondal,Dry Chillies,Desi,FAQ,2010-03-18 00:00:00,1250.0,9455.0,8355.0,132
Gujarat,Rajkot,Gondal,Dry Chillies,Desi,FAQ,2010-04-01 00:00:00,1505.0,10005.0,8305.0,132
Gujarat,Rajkot,Gondal,Dry Chillies,Desi,FAQ,2010-04-10 00:00:00,1005.0,7055.0,5555.0,132
Gujarat,Rajkot,Gondal,Dry Chillies,Desi,FAQ,2010-04-19 00:00:00,755.0,6355.0,5155.0,132
Gujarat,Rajkot,Gondal,Dry Chillies,Desi,FAQ,2010-04-20 00:00:00,1005.0,7155.0,5605.0,132
Gujarat,Rajkot,Gondal,Dry Chillies,Desi,FAQ,2010-04-21 00:00:00,1005.0,6555.0,5455.0,132
Gujarat,Rajkot,Gondal,Dry Chillies,Desi,FAQ,2010-04-26 00:00:00,1005.0,6805.0,4705.0,132
Gujarat,Rajkot,Gondal,Dry Chillies,Desi,FAQ,2010-05-05 00:00:00,1005.0,7055.0,5705.0,132
Gujarat,Rajkot,Gondal,Dry Chillies,Desi,FAQ,2010-05-10 00:00:00,1005.0,7655.0,5105.0,132
Gujarat,Rajkot,Gondal,Dry Chillies,Desi,FAQ,2010-05-12 00:00:00,1000.0,7155.0,5555.0,132
Gujarat,Rajkot,Gondal,Dry Chillies,Desi,FAQ,2010-05-17 00:00:00,1000.0,7155.0,5305.0,132
Gujarat,Rajkot,Gondal,Dry Chillies,Desi,FAQ,2010-05-19 00:00:00,1000.0,6605.0,5005.0,132
Gujarat,Rajkot,Gondal,Dry Chillies,Desi,FAQ,2010-05-24 00:00:00,1305.0,3805.0,3505.0,132
Gujarat,Rajkot,Gondal,Dry Chillies,Desi,FAQ,2010-05-25 00:00:00,1000.0,5755.0,5255.0,132
Gujarat,Rajkot,Jasdan,Dry Chillies,Other,FAQ,2010-02-15 00:00:00,6255.0,6255.0,6255.0,132
Gujarat,Rajkot,Jasdan,Dry Chillies,Other,FAQ,2010-02-19 00:00:00,2500.0,8000.0,4760.0,132
Gujarat,Rajkot,Jasdan,Dry Chillies,Other,FAQ,2010-02-22 00:00:00,5750.0,6600.0,6000.0,132
Gujarat,Rajkot,Jasdan,Dry Chillies,Other,FAQ,2010-03-03 00:00:00,4560.0,8230.0,6250.0,132
Gujarat,Rajkot,Jasdan,Dry Chillies,Other,FAQ,2010-03-12 00:00:00,4500.0,6850.0,5750.0,132
Gujarat,Rajkot,Jasdan,Dry Chillies,Other,FAQ,2010-03-15 00:00:00,4250.0,11660.0,8500.0,132
Gujarat,Rajkot,Jasdan,Dry Chillies,Other,FAQ,2010-04-24 00:00:00,4750.0,4780.0,4780.0,132
Gujarat,Rajkot,Jasdan,Dry Chillies,Other,FAQ,2010-05-04 00:00:00,2500.0,5005.0,4000.0,132
Gujarat,Rajkot,Jasdan,Dry Chillies,Other,FAQ,2010-05-20 00:00:00,1050.0,2755.0,1750.0,132
Gujarat,Rajkot,Jetpur(Dist.Rajkot),Dry Chillies,Dry Chillies,FAQ,2010-03-16 00:00:00,2305.0,11505.0,8855.0,132
Gujarat,Rajkot,Jetpur(Dist.Rajkot),Dry Chillies,Dry Chillies,FAQ,2010-03-19 00:00:00,2305.0,12680.0,8705.0,132
Gujarat,Rajkot,Jetpur(Dist.Rajkot),Dry Chillies,Dry Chillies,FAQ,2010-04-13 00:00:00,1405.0,7255.0,6000.0,132
Gujarat,Rajkot,Jetpur(Dist.Rajkot),Dry Chillies,Dry Chillies,FAQ,2010-04-15 00:00:00,1255.0,8355.0,6255.0,132
Gujarat,Rajkot,Jetpur(Dist.Rajkot),Dry Chillies,Dry Chillies,FAQ,2010-04-16 00:00:00,1205.0,7630.0,5750.0,132
Gujarat,Rajkot,Jetpur(Dist.Rajkot),Dry Chillies,Dry Chillies,FAQ,2010-04-22 00:00:00,1230.0,5500.0,5255.0,132
Gujarat,Rajkot,Jetpur(Dist.Rajkot),Dry Chillies,Dry Chillies,FAQ,2010-04-23 00:00:00,1155.0,6305.0,5155.0,132
Gujarat,Rajkot,Jetpur(Dist.Rajkot),Dry Chillies,Red,FAQ,2010-02-24 00:00:00,3555.0,8500.0,7250.0,132
Gujarat,Rajkot,Jetpur(Dist.Rajkot),Dry Chillies,Red,FAQ,2010-03-06 00:00:00,2005.0,9005.0,7355.0,132
Gujarat,Vadodara(Baroda),Vadodara,Dry Chillies,Other,FAQ,2010-01-07 00:00:00,4000.0,6500.0,6000.0,132
Gujarat,Vadodara(Baroda),Vadodara,Dry Chillies,Other,FAQ,2010-01-20 00:00:00,3000.0,5000.0,4500.0,132
Gujarat,Vadodara(Baroda),Vadodara,Dry Chillies,Other,FAQ,2010-01-27 00:00:00,3500.0,4500.0,4000.0,132
Gujarat,Vadodara(Baroda),Vadodara,Dry Chillies,Other,FAQ,2010-02-03 00:00:00,3500.0,5000.0,4500.0,132
Gujarat,Vadodara(Baroda),Vadodara,Dry Chillies,Other,FAQ,2010-02-20 00:00:00,2500.0,4500.0,4000.0,132
Gujarat,Vadodara(Baroda),Vadodara,Dry Chillies,Other,FAQ,2010-02-23 00:00:00,2500.0,4500.0,4000.0,132
Gujarat,Vadodara(Baroda),Vadodara,Dry Chillies,Other,FAQ,2010-02-25 00:00:00,2500.0,4500.0,4000.0,132
Gujarat,Vadodara(Baroda),Vadodara,Dry Chillies,Other,FAQ,2010-02-26 00:00:00,2500.0,4500.0,4000.0,132
Gujarat,Vadodara(Baroda),Vadodara,Dry Chillies,Other,FAQ,2010-03-04 00:00:00,3000.0,5000.0,4500.0,132
Gujarat,Vadodara(Baroda),Vadodara,Dry Chillies,Other,FAQ,2010-03-05 00:00:00,3000.0,5000.0,4500.0,132
Gujarat,Vadodara(Baroda),Vadodara,Dry Chillies,Other,FAQ,2010-03-22 00:00:00,3500.0,5000.0,4500.0,132
Gujarat,Vadodara(Baroda),Vadodara,Dry Chillies,Other,FAQ,2010-03-26 00:00:00,3500.0,5000.0,4500.0,132
Gujarat,Vadodara(Baroda),Vadodara,Dry Chillies,Other,FAQ,2010-03-31 00:00:00,3500.0,5000.0,4500.0,132
Gujarat,Vadodara(Baroda),Vadodara,Dry Chillies,Other,FAQ,2010-04-16 00:00:00,3500.0,5000.0,4500.0,132
Gujarat,Vadodara(Baroda),Vadodara,Dry Chillies,Other,FAQ,2010-04-23 00:00:00,6000.0,10000.0,8000.0,132
Gujarat,Vadodara(Baroda),Vadodara,Dry Chillies,Other,FAQ,2010-05-12 00:00:00,3000.0,6000.0,5600.0,132
Gujarat,Vadodara(Baroda),Vadodara,Dry Chillies,Other,FAQ,2010-05-13 00:00:00,3000.0,6000.0,5000.0,132
Gujarat,Vadodara(Baroda),Vadodara,Dry Chillies,Other,FAQ,2010-05-24 00:00:00,3000.0,5000.0,4500.0,132
Gujarat,Vadodara(Baroda),Vadodara,Dry Chillies,Other,FAQ,2010-06-02 00:00:00,2500.0,4500.0,4500.0,132
Gujarat,Vadodara(Baroda),Vadodara,Dry Chillies,Other,FAQ,2010-06-14 00:00:00,2200.0,4500.0,4300.0,132
Gujarat,Vadodara(Baroda),Vadodara,Dry Chillies,Other,FAQ,2010-06-18 00:00:00,2500.0,4500.0,4000.0,132
Gujarat,Vadodara(Baroda),Vadodara,Dry Chillies,Other,FAQ,2010-06-19 00:00:00,2500.0,4500.0,4000.0,132
Gujarat,Vadodara(Baroda),Vadodara,Dry Chillies,Other,FAQ,2010-06-21 00:00:00,2500.0,4500.0,4000.0,132
Gujarat,Vadodara(Baroda),Vadodara,Dry Chillies,Other,FAQ,2010-07-17 00:00:00,4500.0,6000.0,5500.0,132
Gujarat,Vadodara(Baroda),Vadodara,Dry Chillies,Other,FAQ,2010-07-24 00:00:00,4500.0,6000.0,5500.0,132
Gujarat,Vadodara(Baroda),Vadodara,Dry Chillies,Other,FAQ,2010-07-28 00:00:00,5000.0,6500.0,6000.0,132
Gujarat,Vadodara(Baroda),Vadodara,Dry Chillies,Other,FAQ,2010-07-31 00:00:00,5000.0,6500.0,6000.0,132
Gujarat,Vadodara(Baroda),Vadodara,Dry Chillies,Other,FAQ,2010-08-13 00:00:00,5000.0,7000.0,6500.0,132
Gujarat,Vadodara(Baroda),Vadodara,Dry Chillies,Other,FAQ,2010-08-31 00:00:00,5000.0,6000.0,5500.0,132
Gujarat,Vadodara(Baroda),Vadodara,Dry Chillies,Other,FAQ,2010-09-01 00:00:00,5000.0,6000.0,5500.0,132
Gujarat,Vadodara(Baroda),Vadodara,Dry Chillies,Other,FAQ,2010-09-16 00:00:00,5000.0,6000.0,5500.0,132
Gujarat,Vadodara(Baroda),Vadodara,Dry Chillies,Other,FAQ,2010-09-28 00:00:00,5000.0,7000.0,6000.0,132
Gujarat,Vadodara(Baroda),Vadodara,Dry Chillies,Other,FAQ,2010-10-09 00:00:00,7000.0,12000.0,10000.0,132
Gujarat,Vadodara(Baroda),Vadodara,Dry Chillies,Other,FAQ,2010-11-02 00:00:00,6000.0,6500.0,6300.0,132
Gujarat,Vadodara(Baroda),Vadodara,Dry Chillies,Other,FAQ,2010-11-23 00:00:00,5000.0,5500.0,5300.0,132
Gujarat,Vadodara(Baroda),Vadodara,Dry Chillies,Other,FAQ,2010-11-24 00:00:00,5000.0,5500.0,5300.0,132
Gujarat,Vadodara(Baroda),Vadodara,Dry Chillies,Other,FAQ,2010-12-20 00:00:00,5000.0,6500.0,6300.0,132
Gujarat,Vadodara(Baroda),Vadodara,Dry Chillies,Other,FAQ,2010-12-27 00:00:00,3500.0,5500.0,5500.0,132
Gujarat,Dahod,Dahod,Dry Chillies,Dry Chillies,FAQ,2025-01-03 00:00:00,15000.0,21500.0,21000.0,132
Gujarat,Dahod,Dahod,Dry Chillies,Dry Chillies,FAQ,2025-01-20 00:00:00,12000.0,20000.0,15000.0,132
Gujarat,Dahod,Dahod,Dry Chillies,Dry Chillies,FAQ,2025-01-22 00:00:00,12000.0,20000.0,17000.0,132
Gujarat,Rajkot,Rajkot,Dry Chillies,Red,FAQ,2025-01-01 00:00:00,5500.0,13475.0,10000.0,132
Gujarat,Rajkot,Rajkot,Dry Chillies,Red,FAQ,2025-01-10 00:00:00,4750.0,13000.0,10500.0,132
Gujarat,Rajkot,Rajkot,Dry Chillies,Red,FAQ,2025-01-17 00:00:00,5000.0,13000.0,11000.0,132
Gujarat,Rajkot,Rajkot,Dry Chillies,Red,FAQ,2025-01-20 00:00:00,5500.0,11750.0,9000.0,132
Gujarat,Dahod,Dahod,Dry Chillies,Dry Chillies,FAQ,2025-01-07 00:00:00,15000.0,21500.0,20000.0,132
Gujarat,Dahod,Dahod,Dry Chillies,Dry Chillies,FAQ,2025-01-21 00:00:00,12000.0,20000.0,17500.0,132
Gujarat,Rajkot,Rajkot,Dry Chillies,Red,FAQ,2025-01-07 00:00:00,4500.0,12500.0,10500.0,132
Gujarat,Rajkot,Rajkot,Dry Chillies,Red,FAQ,2025-01-09 00:00:00,5000.0,12500.0,9000.0,132
Gujarat,Rajkot,Rajkot,Dry Chillies,Red,FAQ,2025-01-15 00:00:00,7000.0,12025.0,9250.0,132
Gujarat,Rajkot,Rajkot,Dry Chillies,Red,FAQ,2025-01-18 00:00:00,5000.0,13000.0,10625.0,132
Gujarat,Rajkot,Rajkot,Dry Chillies,Red,FAQ,2025-01-21 00:00:00,5750.0,12250.0,10125.0,132
Gujarat,Rajkot,Gondal,Dry Chillies,Bold 1,FAQ,2020-02-18 00:00:00,2880.0,12630.0,10755.0,132
Gujarat,Rajkot,Gondal,Dry Chillies,Bold 1,FAQ,2020-03-05 00:00:00,2630.0,13130.0,11000.0,132
Gujarat,Rajkot,Gondal,Dry Chillies,Bold 1,FAQ,2020-03-11 00:00:00,2630.0,13005.0,10755.0,132
Gujarat,Rajkot,Gondal,Dry Chillies,Bold 1,FAQ,2020-03-12 00:00:00,2630.0,12505.0,10255.0,132
Gujarat,Rajkot,Gondal,Dry Chillies,Bold 1,FAQ,2020-03-13 00:00:00,2630.0,12880.0,10755.0,132
Gujarat,Rajkot,Gondal,Dry Chillies,Bold 1,FAQ,2020-03-21 00:00:00,2630.0,12505.0,10505.0,132
Gujarat,Rajkot,Gondal,Dry Chillies,Bold 1,FAQ,2020-04-30 00:00:00,4005.0,11255.0,9255.0,132
Gujarat,Rajkot,Gondal,Dry Chillies,Bold 1,FAQ,2020-05-15 00:00:00,4005.0,14005.0,11255.0,132
Gujarat,Rajkot,Gondal,Dry Chillies,Bold 1,FAQ,2020-05-22 00:00:00,5755.0,19255.0,13255.0,132
Gujarat,Rajkot,Gondal,Dry Chillies,Bold 1,FAQ,2020-05-27 00:00:00,6005.0,20005.0,17755.0,132
Gujarat,Rajkot,Gondal,Dry Chillies,Bold 1,FAQ,2020-06-05 00:00:00,3755.0,13005.0,10255.0,132
Gujarat,Rajkot,Rajkot,Dry Chillies,Red,FAQ,2020-01-07 00:00:00,4000.0,15500.0,9750.0,132
Gujarat,Rajkot,Rajkot,Dry Chillies,Red,FAQ,2020-01-08 00:00:00,5000.0,16000.0,8000.0,132
Gujarat,Rajkot,Rajkot,Dry Chillies,Red,FAQ,2020-01-09 00:00:00,4000.0,15000.0,8000.0,132
Gujarat,Rajkot,Rajkot,Dry Chillies,Red,FAQ,2020-01-11 00:00:00,5000.0,16525.0,9000.0,132
Gujarat,Rajkot,Rajkot,Dry Chillies,Red,FAQ,2020-01-20 00:00:00,2500.0,14000.0,9000.0,132
Gujarat,Rajkot,Rajkot,Dry Chillies,Red,FAQ,2020-01-23 00:00:00,5000.0,14000.0,8000.0,132
Gujarat,Rajkot,Rajkot,Dry Chillies,Red,FAQ,2020-02-06 00:00:00,4000.0,10500.0,9625.0,132
Gujarat,Rajkot,Rajkot,Dry Chillies,Red,FAQ,2020-02-17 00:00:00,4000.0,12500.0,9000.0,132
Gujarat,Rajkot,Rajkot,Dry Chillies,Red,FAQ,2020-03-03 00:00:00,9000.0,12500.0,11500.0,132
Gujarat,Rajkot,Rajkot,Dry Chillies,Red,FAQ,2020-03-13 00:00:00,7500.0,20000.0,13000.0,132
Gujarat,Rajkot,Rajkot,Dry Chillies,Red,FAQ,2020-03-16 00:00:00,10000.0,20000.0,14000.0,132
Gujarat,Rajkot,Rajkot,Dry Chillies,Red,FAQ,2020-03-20 00:00:00,7500.0,17500.0,9250.0,132
Gujarat,Rajkot,Rajkot,Dry Chillies,Red,FAQ,2020-03-21 00:00:00,7500.0,18000.0,11500.0,132
Gujarat,Rajkot,Rajkot,Dry Chillies,Red,FAQ,2020-06-03 00:00:00,9000.0,22500.0,17500.0,132
Gujarat,Rajkot,Rajkot,Dry Chillies,Red,FAQ,2020-12-12 00:00:00,10000.0,18000.0,13000.0,132
Gujarat,Rajkot,Rajkot,Dry Chillies,Red,FAQ,2020-12-17 00:00:00,14000.0,18250.0,15000.0,132
Gujarat,Rajkot,Rajkot,Dry Chillies,Red,FAQ,2020-12-19 00:00:00,11000.0,17750.0,13000.0,132
Gujarat,Dahod,Dahod,Dry Chillies,Dry Chillies,FAQ,2024-09-18 00:00:00,12500.0,24500.0,23000.0,132
Gujarat,Rajkot,Gondal,Dry Chillies,Bold 1,FAQ,2024-05-08 00:00:00,4005.0,29505.0,12505.0,132
Gujarat,Rajkot,Gondal,Dry Chillies,Bold 1,FAQ,2024-05-11 00:00:00,4005.0,21005.0,11005.0,132
Gujarat,Rajkot,Gondal,Dry Chillies,Bold 1,FAQ,2024-05-13 00:00:00,4005.0,35505.0,18005.0,132
Gujarat,Rajkot,Gondal,Dry Chillies,Bold 1,FAQ,2024-05-22 00:00:00,3755.0,16255.0,16255.0,132
Gujarat,Rajkot,Gondal,Dry Chillies,Bold 1,FAQ,2024-05-23 00:00:00,3755.0,15755.0,13905.0,132
Gujarat,Rajkot,Gondal,Dry Chillies,Bold 1,FAQ,2024-05-31 00:00:00,3755.0,12755.0,11255.0,132
Gujarat,Rajkot,Rajkot,Dry Chillies,Red,FAQ,2024-05-02 00:00:00,4250.0,10500.0,9500.0,132
Gujarat,Rajkot,Rajkot,Dry Chillies,Red,FAQ,2024-05-03 00:00:00,4500.0,12000.0,9000.0,132
Gujarat,Rajkot,Rajkot,Dry Chillies,Red,FAQ,2024-05-04 00:00:00,4000.0,15000.0,8500.0,132
Gujarat,Rajkot,Rajkot,Dry Chillies,Red,FAQ,2024-05-09 00:00:00,4750.0,13500.0,8000.0,132
Gujarat,Rajkot,Rajkot,Dry Chillies,Red,FAQ,2024-05-11 00:00:00,5250.0,14000.0,9000.0,132
Gujarat,Rajkot,Rajkot,Dry Chillies,Red,FAQ,2024-05-14 00:00:00,5250.0,13000.0,9250.0,132
Gujarat,Rajkot,Rajkot,Dry Chillies,Red,FAQ,2024-05-15 00:00:00,4500.0,13500.0,10000.0,132
Gujarat,Rajkot,Rajkot,Dry Chillies,Red,FAQ,2024-05-27 00:00:00,5750.0,14500.0,10500.0,132
Gujarat,Rajkot,Rajkot,Dry Chillies,Red,FAQ,2024-05-28 00:00:00,6000.0,12750.0,9000.0,132
Gujarat,Rajkot,Rajkot,Dry Chillies,Red,FAQ,2024-05-29 00:00:00,5000.0,12500.0,7500.0,132
Gujarat,Rajkot,Rajkot,Dry Chillies,Red,FAQ,2024-05-30 00:00:00,4500.0,15300.0,11250.0,132
Gujarat,Dahod,Dahod,Dry Chillies,Dry Chillies,FAQ,2021-01-23 00:00:00,15000.0,22500.0,20000.0,132
Gujarat,Dahod,Dahod,Dry Chillies,Dry Chillies,FAQ,2021-01-29 00:00:00,15000.0,22500.0,20000.0,132
Gujarat,Dahod,Dahod,Dry Chillies,Dry Chillies,FAQ,2021-02-18 00:00:00,15000.0,20000.0,18000.0,132
Gujarat,Dahod,Dahod,Dry Chillies,Dry Chillies,FAQ,2021-03-18 00:00:00,15000.0,19000.0,18500.0,132
Gujarat,Dahod,Dahod,Dry Chillies,Dry Chillies,FAQ,2021-04-02 00:00:00,15000.0,19000.0,18750.0,132
Gujarat,Dahod,Dahod,Dry Chillies,Dry Chillies,FAQ,2021-04-15 00:00:00,15000.0,19000.0,18000.0,132
Gujarat,Dahod,Dahod,Dry Chillies,Dry Chillies,FAQ,2021-04-17 00:00:00,15000.0,19000.0,17000.0,132
Gujarat,Dahod,Dahod,Dry Chillies,Dry Chillies,FAQ,2021-05-27 00:00:00,13000.0,18500.0,17500.0,132
Gujarat,Dahod,Dahod,Dry Chillies,Dry Chillies,FAQ,2021-06-02 00:00:00,13000.0,18500.0,17000.0,132
Gujarat,Dahod,Dahod,Dry Chillies,Dry Chillies,FAQ,2021-06-17 00:00:00,13000.0,18500.0,16500.0,132
Gujarat,Dahod,Dahod,Dry Chillies,Dry Chillies,FAQ,2021-07-06 00:00:00,13000.0,19000.0,16000.0,132
Gujarat,Dahod,Dahod,Dry Chillies,Dry Chillies,FAQ,2021-07-08 00:00:00,13000.0,19000.0,17500.0,132
Gujarat,Dahod,Dahod,Dry Chillies,Dry Chillies,FAQ,2021-07-15 00:00:00,14000.0,19000.0,16750.0,132
Gujarat,Dahod,Dahod,Dry Chillies,Dry Chillies,FAQ,2021-07-17 00:00:00,14000.0,19000.0,17500.0,132
Gujarat,Dahod,Dahod,Dry Chillies,Dry Chillies,FAQ,2021-08-12 00:00:00,14000.0,18500.0,16500.0,132
Gujarat,Dahod,Dahod,Dry Chillies,Dry Chillies,FAQ,2021-09-07 00:00:00,14000.0,18500.0,16500.0,132
Gujarat,Dahod,Dahod,Dry Chillies,Dry Chillies,FAQ,2021-09-20 00:00:00,12000.0,18500.0,17375.0,132
Gujarat,Dahod,Dahod,Dry Chillies,Dry Chillies,FAQ,2021-09-30 00:00:00,12000.0,18500.0,17500.0,132
Gujarat,Dahod,Dahod,Dry Chillies,Dry Chillies,FAQ,2021-10-05 00:00:00,12000.0,18500.0,16500.0,132
Gujarat,Dahod,Dahod,Dry Chillies,Dry Chillies,FAQ,2021-10-11 00:00:00,12000.0,18500.0,16500.0,132
Gujarat,Dahod,Dahod,Dry Chillies,Dry Chillies,FAQ,2021-10-14 00:00:00,12000.0,18500.0,16500.0,132
Gujarat,Dahod,Dahod,Dry Chillies,Dry Chillies,FAQ,2021-10-22 00:00:00,12000.0,18000.0,16000.0,132
Gujarat,Dahod,Dahod,Dry Chillies,Dry Chillies,FAQ,2021-11-08 00:00:00,12000.0,18000.0,16000.0,132
Gujarat,Dahod,Dahod,Dry Chillies,Dry Chillies,FAQ,2021-11-15 00:00:00,12000.0,18000.0,15000.0,132
Gujarat,Dahod,Dahod,Dry Chillies,Dry Chillies,FAQ,2021-11-27 00:00:00,12000.0,18000.0,15000.0,132
Gujarat,Dahod,Dahod,Dry Chillies,Dry Chillies,FAQ,2021-12-02 00:00:00,10000.0,18000.0,15000.0,132
Gujarat,Dahod,Dahod,Dry Chillies,Dry Chillies,FAQ,2021-12-04 00:00:00,10000.0,18000.0,15000.0,132
Gujarat,Dahod,Dahod,Dry Chillies,Dry Chillies,FAQ,2021-12-06 00:00:00,10000.0,17500.0,16000.0,132
Gujarat,Dahod,Dahod,Dry Chillies,Dry Chillies,FAQ,2021-12-29 00:00:00,10500.0,20000.0,17000.0,132
Gujarat,Jamnagar,Jamnagar,Dry Chillies,1st Sort,FAQ,2021-01-01 00:00:00,5025.0,17000.0,11013.0,132
Gujarat,Jamnagar,Jamnagar,Dry Chillies,1st Sort,FAQ,2021-01-04 00:00:00,6000.0,16100.0,11050.0,132
Gujarat,Jamnagar,Jamnagar,Dry Chillies,1st Sort,FAQ,2021-01-07 00:00:00,4950.0,16500.0,10725.0,132
Gujarat,Jamnagar,Jamnagar,Dry Chillies,1st Sort,FAQ,2021-01-11 00:00:00,7775.0,16450.0,12113.0,132
Gujarat,Jamnagar,Jamnagar,Dry Chillies,1st Sort,FAQ,2021-01-12 00:00:00,4600.0,16100.0,10350.0,132
Gujarat,Jamnagar,Jamnagar,Dry Chillies,1st Sort,FAQ,2021-01-16 00:00:00,7500.0,15950.0,11725.0,132
Gujarat,Jamnagar,Jamnagar,Dry Chillies,1st Sort,FAQ,2021-01-21 00:00:00,7000.0,16750.0,11875.0,132
Gujarat,Jamnagar,Jamnagar,Dry Chillies,1st Sort,FAQ,2021-02-01 00:00:00,7000.0,15250.0,11125.0,132
Gujarat,Jamnagar,Jamnagar,Dry Chillies,1st Sort,FAQ,2021-02-12 00:00:00,7000.0,13750.0,10375.0,132
Gujarat,Jamnagar,Jamnagar,Dry Chillies,1st Sort,FAQ,2021-03-17 00:00:00,4700.0,20800.0,12750.0,132
Gujarat,Jamnagar,Jamnagar,Dry Chillies,1st Sort,FAQ,2021-03-18 00:00:00,4000.0,16200.0,10100.0,132
Gujarat,Jamnagar,Jamnagar,Dry Chillies,1st Sort,FAQ,2021-11-16 00:00:00,4500.0,12000.0,8250.0,132
Gujarat,Rajkot,Gondal,Dry Chillies,Bold 1,FAQ,2021-01-01 00:00:00,4005.0,17255.0,13255.0,132
Gujarat,Rajkot,Gondal,Dry Chillies,Bold 1,FAQ,2021-01-02 00:00:00,4005.0,17505.0,13505.0,132
Gujarat,Rajkot,Gondal,Dry Chillies,Bold 1,FAQ,2021-01-18 00:00:00,4005.0,17005.0,13505.0,132
Gujarat,Rajkot,Gondal,Dry Chillies,Bold 1,FAQ,2021-01-21 00:00:00,4000.0,16005.0,12755.0,132
Gujarat,Rajkot,Gondal,Dry Chillies,Bold 1,FAQ,2021-01-27 00:00:00,5005.0,16505.0,13505.0,132
Gujarat,Rajkot,Gondal,Dry Chillies,Bold 1,FAQ,2021-02-10 00:00:00,4005.0,14505.0,12005.0,132
Gujarat,Rajkot,Gondal,Dry Chillies,Bold 1,FAQ,2021-02-13 00:00:00,4755.0,15005.0,12755.0,132
Gujarat,Rajkot,Gondal,Dry Chillies,Bold 1,FAQ,2021-02-15 00:00:00,4005.0,14255.0,12005.0,132
Gujarat,Rajkot,Gondal,Dry Chillies,Bold 1,FAQ,2021-02-22 00:00:00,4505.0,13255.0,11255.0,132
Gujarat,Rajkot,Gondal,Dry Chillies,Bold 1,FAQ,2021-11-16 00:00:00,505.0,2855.0,1505.0,132
Gujarat,Rajkot,Rajkot,Dry Chillies,Red,FAQ,2021-01-21 00:00:00,6000.0,17000.0,11000.0,132
Gujarat,Rajkot,Rajkot,Dry Chillies,Red,FAQ,2021-01-29 00:00:00,8000.0,15750.0,11500.0,132
Gujarat,Rajkot,Rajkot,Dry Chillies,Red,FAQ,2021-01-30 00:00:00,10000.0,16250.0,13000.0,132
Gujarat,Rajkot,Rajkot,Dry Chillies,Red,FAQ,2021-02-05 00:00:00,13500.0,15500.0,14500.0,132
Gujarat,Rajkot,Rajkot,Dry Chillies,Red,FAQ,2021-02-19 00:00:00,8000.0,13500.0,12000.0,132
Gujarat,Rajkot,Rajkot,Dry Chillies,Red,FAQ,2021-02-26 00:00:00,8000.0,13500.0,11750.0,132
Gujarat,Rajkot,Rajkot,Dry Chillies,Red,FAQ,2021-03-02 00:00:00,8000.0,14000.0,12000.0,132
Gujarat,Rajkot,Rajkot,Dry Chillies,Red,FAQ,2021-03-03 00:00:00,8000.0,13750.0,12000.0,132
Gujarat,Rajkot,Rajkot,Dry Chillies,Red,FAQ,2021-03-08 00:00:00,9250.0,20000.0,12200.0,132
Gujarat,Rajkot,Rajkot,Dry Chillies,Red,FAQ,2021-03-15 00:00:00,11250.0,14200.0,11500.0,132
Gujarat,Rajkot,Rajkot,Dry Chillies,Red,FAQ,2021-04-08 00:00:00,8500.0,13000.0,10750.0,132
Gujarat,Rajkot,Rajkot,Dry Chillies,Red,FAQ,2021-04-10 00:00:00,8500.0,13000.0,11000.0,132
Gujarat,Rajkot,Rajkot,Dry Chillies,Red,FAQ,2021-04-13 00:00:00,8000.0,13000.0,10500.0,132
Gujarat,Rajkot,Rajkot,Dry Chillies,Red,FAQ,2021-05-29 00:00:00,2000.0,9250.0,4500.0,132
Gujarat,Rajkot,Rajkot,Dry Chillies,Red,FAQ,2021-06-07 00:00:00,2000.0,6000.0,3500.0,132
Gujarat,Rajkot,Rajkot,Dry Chillies,Red,FAQ,2021-06-14 00:00:00,1500.0,9750.0,5000.0,132
Gujarat,Rajkot,Rajkot,Dry Chillies,Red,FAQ,2021-06-26 00:00:00,2500.0,4500.0,4000.0,132
Gujarat,Rajkot,Rajkot,Dry Chillies,Red,FAQ,2021-11-13 00:00:00,1500.0,9500.0,7000.0,132
Gujarat,Rajkot,Rajkot,Dry Chillies,Red,FAQ,2021-11-24 00:00:00,6000.0,12125.0,9500.0,132
Gujarat,Rajkot,Rajkot,Dry Chillies,Red,FAQ,2021-12-06 00:00:00,6000.0,13000.0,9000.0,132
Gujarat,Rajkot,Rajkot,Dry Chillies,Red,FAQ,2021-12-07 00:00:00,6000.0,13000.0,9000.0,132
Gujarat,Rajkot,Rajkot,Dry Chillies,Red,FAQ,2021-12-08 00:00:00,9000.0,12500.0,10000.0,132
Gujarat,Rajkot,Rajkot,Dry Chillies,Red,FAQ,2021-12-21 00:00:00,6000.0,16000.0,10000.0,132
Gujarat,Rajkot,Rajkot,Dry Chillies,Red,FAQ,2021-12-22 00:00:00,7500.0,16200.0,13250.0,132
Gujarat,Rajkot,Rajkot,Dry Chillies,Red,FAQ,2021-12-23 00:00:00,7000.0,16075.0,12750.0,132
Gujarat,Dahod,Dahod,Dry Chillies,Dry Chillies,FAQ,2024-07-05 00:00:00,13000.0,24500.0,23000.0,132
Gujarat,Dahod,Dahod,Dry Chillies,Dry Chillies,FAQ,2024-07-18 00:00:00,13000.0,24500.0,20000.0,132
Gujarat,Dahod,Dahod,Dry Chillies,Dry Chillies,FAQ,2024-12-02 00:00:00,15000.0,22500.0,20250.0,132
Gujarat,Dahod,Dahod,Dry Chillies,Dry Chillies,FAQ,2024-12-03 00:00:00,15000.0,22500.0,20500.0,132
Gujarat,Jamnagar,Jamnagar,Dry Chillies,1st Sort,FAQ,2024-12-04 00:00:00,4500.0,12900.0,9050.0,132
Gujarat,Jamnagar,Jamnagar,Dry Chillies,1st Sort,FAQ,2024-12-05 00:00:00,3500.0,13150.0,8650.0,132
Gujarat,Jamnagar,Jamnagar,Dry Chillies,1st Sort,FAQ,2024-12-12 00:00:00,3500.0,16000.0,10120.0,132
Gujarat,Jamnagar,Jamnagar,Dry Chillies,1st Sort,FAQ,2024-12-18 00:00:00,3500.0,12000.0,8125.0,132
Gujarat,Rajkot,Gondal,Dry Chillies,Bold 1,FAQ,2024-12-13 00:00:00,2255.0,14255.0,11755.0,132
Gujarat,Rajkot,Gondal,Dry Chillies,Bold 1,FAQ,2024-12-21 00:00:00,2505.0,15005.0,12005.0,132
Gujarat,Rajkot,Gondal,Dry Chillies,Bold 1,FAQ,2024-12-26 00:00:00,2505.0,14755.0,11505.0,132
Gujarat,Rajkot,Rajkot,Dry Chillies,Red,FAQ,2024-12-11 00:00:00,6400.0,13300.0,12450.0,132
Gujarat,Rajkot,Rajkot,Dry Chillies,Red,FAQ,2024-12-27 00:00:00,7250.0,14000.0,12000.0,132
Gujarat,Rajkot,Rajkot,Dry Chillies,Red,FAQ,2024-12-30 00:00:00,6750.0,11850.0,10750.0,132
Gujarat,Jamnagar,Jamnagar,Dry Chillies,1st Sort,FAQ,2025-02-17 00:00:00,2500.0,17500.0,10250.0,132
Gujarat,Jamnagar,Jamnagar,Dry Chillies,1st Sort,FAQ,2025-02-27 00:00:00,1725.0,17525.0,9625.0,132
Gujarat,Rajkot,Rajkot,Dry Chillies,Red,FAQ,2025-02-03 00:00:00,5500.0,13000.0,9500.0,132
Gujarat,Rajkot,Rajkot,Dry Chillies,Red,FAQ,2025-02-04 00:00:00,4000.0,11000.0,8500.0,132
Gujarat,Rajkot,Rajkot,Dry Chillies,Red,FAQ,2025-02-07 00:00:00,4000.0,11500.0,10000.0,132
Gujarat,Rajkot,Rajkot,Dry Chillies,Red,FAQ,2025-02-18 00:00:00,4000.0,11150.0,8750.0,132
Gujarat,Rajkot,Rajkot,Dry Chillies,Red,FAQ,2025-02-21 00:00:00,4000.0,10750.0,8500.0,132
Gujarat,Rajkot,Rajkot,Dry Chillies,Red,FAQ,2025-02-25 00:00:00,4000.0,11000.0,8750.0,132
Gujarat,Dahod,Dahod,Dry Chillies,Dry Chillies,FAQ,2025-02-10 00:00:00,12000.0,20000.0,17500.0,132
Gujarat,Dahod,Dahod,Dry Chillies,Dry Chillies,FAQ,2025-02-17 00:00:00,12500.0,20000.0,17500.0,132
Gujarat,Dahod,Dahod,Dry Chillies,Dry Chillies,FAQ,2025-02-18 00:00:00,12500.0,20000.0,17500.0,132
Gujarat,Jamnagar,Jamnagar,Dry Chillies,1st Sort,FAQ,2025-02-11 00:00:00,2075.0,16500.0,9925.0,132
Gujarat,Jamnagar,Jamnagar,Dry Chillies,1st Sort,FAQ,2025-02-13 00:00:00,2850.0,15000.0,9925.0,132
Gujarat,Dahod,Dahod,Dry Chillies,Dry Chillies,FAQ,2025-06-09 00:00:00,11000.0,17500.0,15000.0,132
Gujarat,Dahod,Dahod,Dry Chillies,Dry Chillies,FAQ,2025-06-18 00:00:00,11000.0,17500.0,15000.0,132
Gujarat,Rajkot,Rajkot,Dry Chillies,Red,FAQ,2025-06-03 00:00:00,2000.0,8025.0,5000.0,132
Gujarat,Dahod,Dahod,Dry Chillies,Dry Chillies,FAQ,2024-10-24 00:00:00,15000.0,24500.0,22000.0,132
Gujarat,Rajkot,Rajkot,Dry Chillies,Red,FAQ,2025-07-16 00:00:00,4000.0,4000.0,4000.0,132
Gujarat,Rajkot,Rajkot APMC,Dry Chillies,Dry Chillies,FAQ,2025-11-11 00:00:00,6200.0,17250.0,10500.0,132
Gujarat,Rajkot,Rajkot APMC,Dry Chillies,Dry Chillies,FAQ,2025-11-13 00:00:00,6050.0,18500.0,12500.0,132
Gujarat,Dahod,Dahod APMC,Dry Chillies,Dry Chillies,FAQ,2025-11-19 00:00:00,11500.0,18500.0,16250.0,132
Gujarat,Rajkot,Rajkot APMC,Dry Chillies,Dry Chillies,FAQ,2025-11-21 00:00:00,6000.0,20250.0,10000.0,132
Gujarat,Rajkot,Rajkot APMC,Dry Chillies,Dry Chillies,FAQ,2025-11-20 00:00:00,4500.0,8750.0,7000.0,132
Gujarat,Rajkot,Rajkot APMC,Dry Chillies,Dry Chillies,FAQ,2025-11-22 00:00:00,5750.0,20750.0,11000.0,132
Gujarat,Rajkot,Gondal APMC,Dry Chillies,Local,FAQ,2025-11-10 00:00:00,3005.0,19005.0,14255.0,132
Gujarat,Jamnagar,Jamnagar APMC,Dry Chillies,Other,Local,2025-11-29 00:00:00,7000.0,20700.0,14725.0,132
Gujarat,Rajkot,Jasdan APMC,Dry Chillies,Dry Chillies,FAQ,2026-01-06 00:00:00,5000.0,11750.0,8000.0,132
Gujarat,Rajkot,Jasdan APMC,Dry Chillies,Dry Chillies,FAQ,2026-01-10 00:00:00,8000.0,8000.0,8000.0,132
Gujarat,Rajkot,Gondal APMC,Dry Chillies,Desi,FAQ,2025-12-01 00:00:00,3755.0,18755.0,14755.0,132
Gujarat,Rajkot,Rajkot APMC,Dry Chillies,Dry Chillies,FAQ,2025-12-01 00:00:00,7500.0,18250.0,12000.0,132
Gujarat,Dahod,Dahod APMC,Dry Chillies,Dry Chillies,FAQ,2025-12-02 00:00:00,11500.0,19000.0,16500.0,132
Gujarat,Rajkot,Rajkot APMC,Dry Chillies,Dry Chillies,FAQ,2025-12-03 00:00:00,7500.0,17000.0,14000.0,132
Gujarat,Rajkot,Gondal APMC,Dry Chillies,Dry Chillies,FAQ,2025-12-03 00:00:00,3755.0,18505.0,13755.0,132
Gujarat,Rajkot,Rajkot APMC,Dry Chillies,Dry Chillies,FAQ,2025-12-05 00:00:00,6500.0,15500.0,14150.0,132
Gujarat,Rajkot,Gondal APMC,Dry Chillies,Dry Chillies,FAQ,2025-12-04 00:00:00,3755.0,20005.0,14255.0,132
Gujarat,Rajkot,Rajkot APMC,Dry Chillies,Dry Chillies,FAQ,2025-12-10 00:00:00,7000.0,16250.0,13500.0,132
Gujarat,Dahod,Dahod APMC,Dry Chillies,Dry Chillies,FAQ,2025-12-12 00:00:00,12000.0,19000.0,17500.0,132
Gujarat,Rajkot,Rajkot APMC,Dry Chillies,Dry Chillies,FAQ,2025-12-12 00:00:00,7000.0,17000.0,13000.0,132
Gujarat,Rajkot,Rajkot APMC,Dry Chillies,Dry Chillies,FAQ,2025-12-13 00:00:00,4975.0,15700.0,9000.0,132
Gujarat,Rajkot,Rajkot APMC,Dry Chillies,Dry Chillies,FAQ,2025-12-15 00:00:00,6000.0,17875.0,15000.0,132
Gujarat,Rajkot,Rajkot APMC,Dry Chillies,Dry Chillies,FAQ,2025-12-19 00:00:00,10500.0,18000.0,14500.0,132
Gujarat,Jamnagar,Jamnagar APMC,Dry Chillies,Other,Local,2025-12-03 00:00:00,7000.0,16700.0,13925.0,132
Gujarat,Jamnagar,Jamnagar APMC,Dry Chillies,Other,Local,2025-12-13 00:00:00,3500.0,18000.0,12325.0,132
Gujarat,Jamnagar,Jamnagar APMC,Dry Chillies,Other,Local,2025-12-15 00:00:00,6850.0,19000.0,13725.0,132
Gujarat,Rajkot,Gondal APMC,Dry Chillies,Desi,FAQ,2026-01-09 00:00:00,5255.0,26755.0,18755.0,132
Gujarat,Rajkot,Rajkot APMC,Dry Chillies,Dry Chillies,FAQ,2026-01-05 00:00:00,8000.0,22000.0,17500.0,132
Gujarat,Rajkot,Rajkot APMC,Dry Chillies,Dry Chillies,FAQ,2026-01-10 00:00:00,13000.0,22000.0,16500.0,132
Gujarat,Rajkot,Rajkot APMC,Dry Chillies,Dry Chillies,FAQ,2026-01-21 00:00:00,12500.0,27000.0,22500.0,132
Gujarat,Rajkot,Jasdan APMC,Dry Chillies,Dry Chillies,FAQ,2026-01-15 00:00:00,11500.0,11500.0,11500.0,132
Gujarat,Rajkot,Jasdan APMC,Dry Chillies,Dry Chillies,FAQ,2026-01-20 00:00:00,14500.0,14500.0,14500.0,132
Gujarat,Rajkot,Jetpur(Dist.Rajkot) APMC,Dry Chillies,Dry Chillies,FAQ,2026-01-19 00:00:00,6505.0,24005.0,18255.0,132
Gujarat,Rajkot,Rajkot APMC,Dry Chillies,Dry Chillies,FAQ,2026-01-23 00:00:00,20000.0,36000.0,25000.0,132
Gujarat,Rajkot,Jasdan APMC,Dry Chillies,Dry Chillies,FAQ,2026-01-22 00:00:00,9000.0,18750.0,11775.0,132
Gujarat,Rajkot,Jasdan APMC,Dry Chillies,Dry Chillies,FAQ,2026-01-24 00:00:00,11500.0,11500.0,11500.0,132
Gujarat,Rajkot,Rajkot APMC,Dry Chillies,Dry Chillies,FAQ,2026-01-29 00:00:00,14500.0,29000.0,21000.0,132
Gujarat,Rajkot,Jasdan APMC,Dry Chillies,Dry Chillies,FAQ,2026-01-29 00:00:00,7500.0,14500.0,12500.0,132
Gujarat,Rajkot,Rajkot APMC,Dry Chillies,Dry Chillies,FAQ,2026-01-27 00:00:00,15500.0,27000.0,22375.0,132
Gujarat,Dahod,Dahod APMC,Dry Chillies,Dry Chillies,FAQ,2026-01-30 00:00:00,12000.0,22500.0,17500.0,132
Gujarat,Rajkot,Jasdan APMC,Dry Chillies,Dry Chillies,FAQ,2026-01-31 00:00:00,5500.0,22750.0,17750.0,132
Gujarat,Rajkot,Jasdan APMC,Dry Chillies,Dry Chillies,FAQ,2026-02-05 00:00:00,17500.0,17500.0,17500.0,132
Gujarat,Rajkot,Gondal APMC,Dry Chillies,Dry Chillies,FAQ,2026-02-03 00:00:00,8505.0,37005.0,26255.0,132
Gujarat,Jamnagar,Jamnagar APMC,Dry Chillies,Other,Local,2026-01-05 00:00:00,9000.0,20550.0,15425.0,132
Gujarat,Jamnagar,Jamnagar APMC,Dry Chillies,Other,Local,2026-01-19 00:00:00,5000.0,29875.0,18325.0,132
Gujarat,Jamnagar,Jamnagar APMC,Dry Chillies,Other,Local,2026-02-04 00:00:00,7000.0,33525.0,21645.0,132
Gujarat,Dahod,Dahod,Dry Chillies,Dry Chillies,FAQ,2016-03-04 00:00:00,12000.0,16000.0,14500.0,132
Gujarat,Dahod,Dahod,Dry Chillies,Dry Chillies,FAQ,2016-03-10 00:00:00,12000.0,16000.0,14250.0,132
Gujarat,Dahod,Dahod,Dry Chillies,Dry Chillies,FAQ,2016-03-30 00:00:00,12000.0,13750.0,13750.0,132
Gujarat,Dahod,Dahod,Dry Chillies,Dry Chillies,FAQ,2016-04-06 00:00:00,12000.0,15000.0,14500.0,132
Gujarat,Dahod,Dahod,Dry Chillies,Dry Chillies,FAQ,2016-05-05 00:00:00,10500.0,15000.0,13000.0,132
Gujarat,Dahod,Dahod,Dry Chillies,Dry Chillies,FAQ,2016-05-30 00:00:00,8500.0,15500.0,14000.0,132
Gujarat,Dahod,Dahod,Dry Chillies,Dry Chillies,FAQ,2016-06-01 00:00:00,10000.0,17500.0,14000.0,132
Gujarat,Dahod,Dahod,Dry Chillies,Dry Chillies,FAQ,2016-07-02 00:00:00,10000.0,15000.0,13500.0,132
Gujarat,Dahod,Dahod,Dry Chillies,Dry Chillies,FAQ,2016-07-09 00:00:00,10000.0,15000.0,13000.0,132
Gujarat,Dahod,Dahod,Dry Chillies,Dry Chillies,FAQ,2016-08-16 00:00:00,10000.0,16000.0,14000.0,132
Gujarat,Dahod,Dahod,Dry Chillies,Dry Chillies,FAQ,2016-08-19 00:00:00,10000.0,16000.0,13750.0,132
Gujarat,Dahod,Dahod,Dry Chillies,Dry Chillies,FAQ,2016-08-20 00:00:00,10000.0,16000.0,15000.0,132
Gujarat,Dahod,Dahod,Dry Chillies,Dry Chillies,FAQ,2016-08-30 00:00:00,10000.0,16000.0,14000.0,132
Gujarat,Dahod,Dahod,Dry Chillies,Dry Chillies,FAQ,2016-09-03 00:00:00,10000.0,16000.0,14000.0,132
Gujarat,Dahod,Dahod,Dry Chillies,Dry Chillies,FAQ,2016-09-08 00:00:00,10000.0,16000.0,14250.0,132
Gujarat,Dahod,Dahod,Dry Chillies,Dry Chillies,FAQ,2016-09-14 00:00:00,10000.0,16000.0,15500.0,132
Gujarat,Dahod,Dahod,Dry Chillies,Dry Chillies,FAQ,2016-09-19 00:00:00,10000.0,15500.0,14250.0,132
Gujarat,Dahod,Dahod,Dry Chillies,Dry Chillies,FAQ,2016-09-27 00:00:00,10000.0,15500.0,14250.0,132
Gujarat,Dahod,Dahod,Dry Chillies,Dry Chillies,FAQ,2016-09-28 00:00:00,10000.0,15500.0,14250.0,132
Gujarat,Dahod,Dahod,Dry Chillies,Dry Chillies,FAQ,2016-10-05 00:00:00,10000.0,15500.0,14250.0,132
Gujarat,Dahod,Dahod,Dry Chillies,Dry Chillies,FAQ,2016-10-27 00:00:00,11000.0,15000.0,13500.0,132
Gujarat,Dahod,Dahod,Dry Chillies,Dry Chillies,FAQ,2016-11-10 00:00:00,9500.0,15000.0,13000.0,132
Gujarat,Dahod,Dahod,Dry Chillies,Dry Chillies,FAQ,2016-11-17 00:00:00,10000.0,15000.0,13500.0,132
Gujarat,Dahod,Dahod,Dry Chillies,Dry Chillies,FAQ,2016-11-25 00:00:00,10000.0,15000.0,14250.0,132
Gujarat,Dahod,Dahod,Dry Chillies,Dry Chillies,FAQ,2016-12-03 00:00:00,10000.0,15000.0,14250.0,132
Gujarat,Dahod,Dahod,Dry Chillies,Dry Chillies,FAQ,2016-12-06 00:00:00,10000.0,14500.0,13500.0,132
Gujarat,Dahod,Dahod,Dry Chillies,Dry Chillies,FAQ,2016-12-26 00:00:00,8500.0,14500.0,13250.0,132
Gujarat,Dahod,Dahod,Dry Chillies,Dry Chillies,FAQ,2016-12-27 00:00:00,8500.0,14500.0,13375.0,132
Gujarat,Rajkot,Gondal,Dry Chillies,Bold 1,FAQ,2016-03-05 00:00:00,5505.0,14805.0,12405.0,132
Gujarat,Rajkot,Gondal,Dry Chillies,Bold 1,FAQ,2016-03-21 00:00:00,5505.0,14905.0,12205.0,132
Gujarat,Rajkot,Gondal,Dry Chillies,Bold 1,FAQ,2016-04-01 00:00:00,5005.0,14405.0,12205.0,132
Gujarat,Rajkot,Gondal,Dry Chillies,Bold 1,FAQ,2016-04-06 00:00:00,5505.0,16255.0,13755.0,132
Gujarat,Rajkot,Gondal,Dry Chillies,Bold 1,FAQ,2016-04-20 00:00:00,5505.0,18505.0,16255.0,132
Gujarat,Rajkot,Gondal,Dry Chillies,Bold 1,FAQ,2016-05-06 00:00:00,4005.0,17255.0,14255.0,132
Gujarat,Rajkot,Gondal,Dry Chillies,Bold 1,FAQ,2016-11-30 00:00:00,2505.0,8005.0,7405.0,132
Gujarat,Rajkot,Gondal,Dry Chillies,Bold 1,FAQ,2016-12-03 00:00:00,2605.0,8505.0,7805.0,132
Gujarat,Rajkot,Gondal,Dry Chillies,Bold 1,FAQ,2016-12-06 00:00:00,3605.0,9905.0,8405.0,132
Gujarat,Rajkot,Gondal,Dry Chillies,Bold 1,FAQ,2016-12-08 00:00:00,3505.0,9605.0,8605.0,132
Gujarat,Rajkot,Gondal,Dry Chillies,Bold 1,FAQ,2016-12-13 00:00:00,4005.0,10905.0,9905.0,132
Gujarat,Rajkot,Gondal,Dry Chillies,Bold 1,FAQ,2016-12-23 00:00:00,3605.0,10005.0,9405.0,132
Gujarat,Vadodara(Baroda),Vadodara,Dry Chillies,Other,FAQ,2016-02-02 00:00:00,10000.0,11000.0,11000.0,132
Gujarat,Vadodara(Baroda),Vadodara,Dry Chillies,Other,FAQ,2016-02-03 00:00:00,10000.0,11000.0,11000.0,132
Gujarat,Vadodara(Baroda),Vadodara,Dry Chillies,Other,FAQ,2016-02-08 00:00:00,10000.0,11000.0,11000.0,132
Gujarat,Vadodara(Baroda),Vadodara,Dry Chillies,Other,FAQ,2016-02-09 00:00:00,10000.0,11000.0,11000.0,132
Gujarat,Vadodara(Baroda),Vadodara,Dry Chillies,Other,FAQ,2016-02-23 00:00:00,13000.0,14000.0,14000.0,132
Gujarat,Vadodara(Baroda),Vadodara,Dry Chillies,Other,FAQ,2016-03-22 00:00:00,12000.0,13000.0,13000.0,132
Gujarat,Vadodara(Baroda),Vadodara,Dry Chillies,Other,FAQ,2016-03-26 00:00:00,12000.0,13000.0,13000.0,132
Gujarat,Vadodara(Baroda),Vadodara,Dry Chillies,Other,FAQ,2016-04-05 00:00:00,12000.0,14000.0,14000.0,132
Gujarat,Vadodara(Baroda),Vadodara,Dry Chillies,Other,FAQ,2016-04-19 00:00:00,12000.0,14000.0,14000.0,132
Gujarat,Vadodara(Baroda),Vadodara,Dry Chillies,Other,FAQ,2016-05-16 00:00:00,13000.0,15000.0,15000.0,132
Gujarat,Vadodara(Baroda),Vadodara,Dry Chillies,Other,FAQ,2016-05-20 00:00:00,13000.0,15000.0,15000.0,132
Gujarat,Vadodara(Baroda),Vadodara,Dry Chillies,Other,FAQ,2016-06-21 00:00:00,12000.0,13000.0,13000.0,132
Gujarat,Vadodara(Baroda),Vadodara,Dry Chillies,Other,FAQ,2016-06-22 00:00:00,12000.0,13000.0,13000.0,132
Gujarat,Vadodara(Baroda),Vadodara,Dry Chillies,Other,FAQ,2016-07-15 00:00:00,14000.0,15000.0,15000.0,132
Gujarat,Vadodara(Baroda),Vadodara,Dry Chillies,Other,FAQ,2016-07-19 00:00:00,14000.0,15000.0,15000.0,132
Gujarat,Vadodara(Baroda),Vadodara,Dry Chillies,Other,FAQ,2016-08-08 00:00:00,12000.0,13000.0,13000.0,132
Gujarat,Vadodara(Baroda),Vadodara,Dry Chillies,Other,FAQ,2016-08-09 00:00:00,12000.0,13000.0,13000.0,132
Gujarat,Vadodara(Baroda),Vadodara,Dry Chillies,Other,FAQ,2016-09-05 00:00:00,12000.0,13500.0,13500.0,132
Gujarat,Vadodara(Baroda),Vadodara,Dry Chillies,Other,FAQ,2016-09-19 00:00:00,12500.0,13000.0,13000.0,132
Gujarat,Vadodara(Baroda),Vadodara,Dry Chillies,Other,FAQ,2016-10-04 00:00:00,12000.0,13500.0,13500.0,132
Gujarat,Vadodara(Baroda),Vadodara,Dry Chillies,Other,FAQ,2016-10-06 00:00:00,12000.0,13500.0,13500.0,132
Gujarat,Vadodara(Baroda),Vadodara,Dry Chillies,Other,FAQ,2016-11-04 00:00:00,12500.0,13500.0,13500.0,132
Gujarat,Vadodara(Baroda),Vadodara,Dry Chillies,Other,FAQ,2016-11-12 00:00:00,10000.0,12000.0,12000.0,132
Gujarat,Vadodara(Baroda),Vadodara,Dry Chillies,Other,FAQ,2016-11-29 00:00:00,8500.0,10000.0,10000.0,132
Gujarat,Dahod,Dahod,Dry Chillies,Other,FAQ,2013-01-05 00:00:00,7000.0,9750.0,8000.0,132
Gujarat,Dahod,Dahod,Dry Chillies,Other,FAQ,2013-01-08 00:00:00,6500.0,9500.0,8500.0,132
Gujarat,Dahod,Dahod,Dry Chillies,Other,FAQ,2013-01-09 00:00:00,6000.0,9500.0,9000.0,132
Gujarat,Dahod,Dahod,Dry Chillies,Other,FAQ,2013-01-12 00:00:00,6000.0,9500.0,8750.0,132
Gujarat,Dahod,Dahod,Dry Chillies,Other,FAQ,2013-02-08 00:00:00,6000.0,9500.0,9000.0,132
Gujarat,Dahod,Dahod,Dry Chillies,Other,FAQ,2013-02-18 00:00:00,6000.0,9500.0,8000.0,132
Gujarat,Dahod,Dahod,Dry Chillies,Other,FAQ,2013-02-21 00:00:00,6000.0,9500.0,8750.0,132
Gujarat,Dahod,Dahod,Dry Chillies,Other,FAQ,2013-02-23 00:00:00,5750.0,9500.0,8000.0,132
Gujarat,Dahod,Dahod,Dry Chillies,Other,FAQ,2013-02-28 00:00:00,5750.0,9500.0,8250.0,132
Gujarat,Dahod,Dahod,Dry Chillies,Other,FAQ,2013-03-06 00:00:00,6500.0,9250.0,8000.0,132
Gujarat,Dahod,Dahod,Dry Chillies,Other,FAQ,2013-05-01 00:00:00,6500.0,10000.0,9375.0,132
Gujarat,Dahod,Dahod,Dry Chillies,Other,FAQ,2013-05-18 00:00:00,6500.0,10000.0,9250.0,132
Gujarat,Dahod,Dahod,Dry Chillies,Other,FAQ,2013-05-27 00:00:00,6500.0,10000.0,8500.0,132
Gujarat,Dahod,Dahod,Dry Chillies,Other,FAQ,2013-05-31 00:00:00,6500.0,10000.0,8000.0,132
Gujarat,Dahod,Dahod,Dry Chillies,Other,FAQ,2013-06-19 00:00:00,6500.0,11000.0,10500.0,132
Gujarat,Dahod,Dahod,Dry Chillies,Other,FAQ,2013-06-21 00:00:00,7000.0,11000.0,10250.0,132
Gujarat,Dahod,Dahod,Dry Chillies,Other,FAQ,2013-07-13 00:00:00,6750.0,10500.0,10000.0,132
Gujarat,Dahod,Dahod,Dry Chillies,Other,FAQ,2013-07-15 00:00:00,6500.0,10500.0,9500.0,132
Gujarat,Dahod,Dahod,Dry Chillies,Other,FAQ,2013-07-17 00:00:00,7500.0,10500.0,10000.0,132
Gujarat,Dahod,Dahod,Dry Chillies,Other,FAQ,2013-07-23 00:00:00,7500.0,10500.0,9250.0,132
Gujarat,Dahod,Dahod,Dry Chillies,Other,FAQ,2013-07-27 00:00:00,7000.0,10250.0,9000.0,132
Gujarat,Dahod,Dahod,Dry Chillies,Other,FAQ,2013-08-08 00:00:00,8000.0,10750.0,10000.0,132
Gujarat,Dahod,Dahod,Dry Chillies,Other,FAQ,2013-09-10 00:00:00,8500.0,10500.0,9500.0,132
Gujarat,Dahod,Dahod,Dry Chillies,Other,FAQ,2013-09-19 00:00:00,8500.0,10750.0,9500.0,132
Gujarat,Dahod,Dahod,Dry Chillies,Other,FAQ,2013-09-20 00:00:00,8500.0,10750.0,9500.0,132
Gujarat,Dahod,Dahod,Dry Chillies,Other,FAQ,2013-11-08 00:00:00,5500.0,11000.0,9500.0,132
Gujarat,Dahod,Dahod,Dry Chillies,Other,FAQ,2013-11-16 00:00:00,5500.0,11000.0,9250.0,132
Gujarat,Dahod,Dahod,Dry Chillies,Other,FAQ,2013-11-25 00:00:00,5800.0,11000.0,9500.0,132
Gujarat,Dahod,Dahod,Dry Chillies,Other,FAQ,2013-12-12 00:00:00,7000.0,12500.0,10500.0,132
Gujarat,Dahod,Dahod,Dry Chillies,Other,FAQ,2013-12-21 00:00:00,7500.0,12500.0,11000.0,132
Gujarat,Dahod,Dahod,Dry Chillies,Other,FAQ,2013-12-23 00:00:00,7500.0,12500.0,11000.0,132
Gujarat,Rajkot,Gondal,Dry Chillies,Desi,FAQ,2013-02-06 00:00:00,2505.0,17905.0,11955.0,132
Gujarat,Rajkot,Gondal,Dry Chillies,Desi,FAQ,2013-02-13 00:00:00,2505.0,12905.0,11005.0,132
Gujarat,Rajkot,Gondal,Dry Chillies,Desi,FAQ,2013-02-15 00:00:00,3055.0,13905.0,12755.0,132
Gujarat,Rajkot,Gondal,Dry Chillies,Desi,FAQ,2013-02-22 00:00:00,2755.0,14255.0,11405.0,132
Gujarat,Rajkot,Gondal,Dry Chillies,Desi,FAQ,2013-02-27 00:00:00,2755.0,13455.0,11255.0,132
Gujarat,Rajkot,Gondal,Dry Chillies,Desi,FAQ,2013-03-02 00:00:00,2755.0,13455.0,11705.0,132
Gujarat,Rajkot,Gondal,Dry Chillies,Desi,FAQ,2013-03-12 00:00:00,2755.0,13305.0,11205.0,132
Gujarat,Rajkot,Gondal,Dry Chillies,Desi,FAQ,2013-03-21 00:00:00,2755.0,14455.0,13255.0,132
Gujarat,Rajkot,Gondal,Dry Chillies,Desi,FAQ,2013-04-23 00:00:00,2655.0,12505.0,11455.0,132
Gujarat,Rajkot,Gondal,Dry Chillies,Desi,FAQ,2013-04-27 00:00:00,2755.0,13905.0,12405.0,132
Gujarat,Rajkot,Gondal,Dry Chillies,Desi,FAQ,2013-04-29 00:00:00,2755.0,14255.0,12755.0,132
Gujarat,Rajkot,Gondal,Dry Chillies,Desi,FAQ,2013-04-30 00:00:00,2755.0,15005.0,13455.0,132
Gujarat,Rajkot,Gondal,Dry Chillies,Desi,FAQ,2013-05-02 00:00:00,2755.0,13505.0,11955.0,132
Gujarat,Rajkot,Gondal,Dry Chillies,Desi,FAQ,2013-05-11 00:00:00,1250.0,13455.0,11905.0,132
Gujarat,Rajkot,Gondal,Dry Chillies,Desi,FAQ,2013-05-25 00:00:00,8005.0,13805.0,11105.0,132
Gujarat,Rajkot,Jasdan,Dry Chillies,Other,FAQ,2013-02-28 00:00:00,4500.0,4500.0,4500.0,132
Gujarat,Rajkot,Jasdan,Dry Chillies,Other,FAQ,2013-03-01 00:00:00,8800.0,9225.0,9000.0,132
Gujarat,Rajkot,Jasdan,Dry Chillies,Other,FAQ,2013-03-04 00:00:00,3760.0,8000.0,5000.0,132
Gujarat,Rajkot,Jasdan,Dry Chillies,Other,FAQ,2013-03-22 00:00:00,1000.0,11000.0,7000.0,132
Gujarat,Vadodara(Baroda),Vadodara,Dry Chillies,Other,FAQ,2013-01-21 00:00:00,4000.0,5500.0,5500.0,132
Gujarat,Vadodara(Baroda),Vadodara,Dry Chillies,Other,FAQ,2013-01-24 00:00:00,4000.0,5500.0,5500.0,132
Gujarat,Vadodara(Baroda),Vadodara,Dry Chillies,Other,FAQ,2013-02-01 00:00:00,4000.0,5500.0,5500.0,132
Gujarat,Vadodara(Baroda),Vadodara,Dry Chillies,Other,FAQ,2013-02-12 00:00:00,6000.0,7000.0,7000.0,132
Gujarat,Vadodara(Baroda),Vadodara,Dry Chillies,Other,FAQ,2013-02-21 00:00:00,6000.0,7000.0,7000.0,132
Gujarat,Vadodara(Baroda),Vadodara,Dry Chillies,Other,FAQ,2013-02-22 00:00:00,5000.0,7000.0,7000.0,132
Gujarat,Vadodara(Baroda),Vadodara,Dry Chillies,Other,FAQ,2013-02-25 00:00:00,5000.0,7000.0,7000.0,132
Gujarat,Vadodara(Baroda),Vadodara,Dry Chillies,Other,FAQ,2013-03-16 00:00:00,6000.0,7000.0,7000.0,132
Gujarat,Vadodara(Baroda),Vadodara,Dry Chillies,Other,FAQ,2013-03-25 00:00:00,6000.0,7000.0,7000.0,132
Gujarat,Vadodara(Baroda),Vadodara,Dry Chillies,Other,FAQ,2013-04-03 00:00:00,6000.0,8000.0,8000.0,132
Gujarat,Vadodara(Baroda),Vadodara,Dry Chillies,Other,FAQ,2013-04-06 00:00:00,6000.0,8000.0,8000.0,132
Gujarat,Vadodara(Baroda),Vadodara,Dry Chillies,Other,FAQ,2013-04-08 00:00:00,6000.0,8000.0,7500.0,132
Gujarat,Vadodara(Baroda),Vadodara,Dry Chillies,Other,FAQ,2013-04-10 00:00:00,6000.0,8000.0,7500.0,132
Gujarat,Vadodara(Baroda),Vadodara,Dry Chillies,Other,FAQ,2013-04-27 00:00:00,5000.0,8000.0,8000.0,132
Gujarat,Vadodara(Baroda),Vadodara,Dry Chillies,Other,FAQ,2013-05-09 00:00:00,5000.0,8000.0,8000.0,132
Gujarat,Vadodara(Baroda),Vadodara,Dry Chillies,Other,FAQ,2013-05-21 00:00:00,5000.0,6000.0,6000.0,132
Gujarat,Vadodara(Baroda),Vadodara,Dry Chillies,Other,FAQ,2013-05-22 00:00:00,5000.0,6000.0,6000.0,132
Gujarat,Vadodara(Baroda),Vadodara,Dry Chillies,Other,FAQ,2013-06-01 00:00:00,6000.0,7000.0,7000.0,132
Gujarat,Vadodara(Baroda),Vadodara,Dry Chillies,Other,FAQ,2013-06-07 00:00:00,6000.0,7000.0,7000.0,132
Gujarat,Vadodara(Baroda),Vadodara,Dry Chillies,Other,FAQ,2013-06-14 00:00:00,6000.0,7000.0,7000.0,132
Gujarat,Vadodara(Baroda),Vadodara,Dry Chillies,Other,FAQ,2013-06-21 00:00:00,6500.0,7500.0,7500.0,132
Gujarat,Vadodara(Baroda),Vadodara,Dry Chillies,Other,FAQ,2013-07-09 00:00:00,6000.0,7000.0,7000.0,132
Gujarat,Vadodara(Baroda),Vadodara,Dry Chillies,Other,FAQ,2013-07-17 00:00:00,6000.0,7000.0,7000.0,132
Gujarat,Vadodara(Baroda),Vadodara,Dry Chillies,Other,FAQ,2013-07-19 00:00:00,5000.0,6000.0,6000.0,132
Gujarat,Vadodara(Baroda),Vadodara,Dry Chillies,Other,FAQ,2013-07-26 00:00:00,5000.0,6000.0,6000.0,132
Gujarat,Vadodara(Baroda),Vadodara,Dry Chillies,Other,FAQ,2013-08-03 00:00:00,5000.0,6000.0,6000.0,132
Gujarat,Vadodara(Baroda),Vadodara,Dry Chillies,Other,FAQ,2013-08-06 00:00:00,6000.0,6500.0,6500.0,132
Gujarat,Vadodara(Baroda),Vadodara,Dry Chillies,Other,FAQ,2013-09-04 00:00:00,6000.0,7000.0,7000.0,132
Gujarat,Vadodara(Baroda),Vadodara,Dry Chillies,Other,FAQ,2013-09-12 00:00:00,6000.0,6500.0,6500.0,132
Gujarat,Vadodara(Baroda),Vadodara,Dry Chillies,Other,FAQ,2013-09-16 00:00:00,6000.0,6500.0,6500.0,132
Gujarat,Vadodara(Baroda),Vadodara,Dry Chillies,Other,FAQ,2013-09-19 00:00:00,6000.0,6500.0,6500.0,132
Gujarat,Vadodara(Baroda),Vadodara,Dry Chillies,Other,FAQ,2013-10-17 00:00:00,6000.0,6500.0,6500.0,132
Gujarat,Vadodara(Baroda),Vadodara,Dry Chillies,Other,FAQ,2013-10-30 00:00:00,6000.0,6500.0,6500.0,132
Gujarat,Vadodara(Baroda),Vadodara,Dry Chillies,Other,FAQ,2013-11-12 00:00:00,6000.0,6500.0,6500.0,132
Gujarat,Vadodara(Baroda),Vadodara,Dry Chillies,Other,FAQ,2013-12-21 00:00:00,6000.0,7000.0,7000.0,132
Gujarat,Vadodara(Baroda),Vadodara,Dry Chillies,Other,FAQ,2012-01-19 00:00:00,4500.0,6000.0,6000.0,132
Gujarat,Vadodara(Baroda),Vadodara,Dry Chillies,Other,FAQ,2012-01-20 00:00:00,4500.0,6000.0,6000.0,132
Gujarat,Vadodara(Baroda),Vadodara,Dry Chillies,Other,FAQ,2012-01-30 00:00:00,5000.0,6000.0,6000.0,132
Gujarat,Vadodara(Baroda),Vadodara,Dry Chillies,Other,FAQ,2012-02-01 00:00:00,5000.0,6000.0,6000.0,132
Gujarat,Vadodara(Baroda),Vadodara,Dry Chillies,Other,FAQ,2012-02-02 00:00:00,5000.0,6000.0,6000.0,132
Gujarat,Vadodara(Baroda),Vadodara,Dry Chillies,Other,FAQ,2012-02-04 00:00:00,4000.0,6000.0,6000.0,132
Gujarat,Vadodara(Baroda),Vadodara,Dry Chillies,Other,FAQ,2012-02-07 00:00:00,4000.0,6000.0,6000.0,132
Gujarat,Vadodara(Baroda),Vadodara,Dry Chillies,Other,FAQ,2012-02-09 00:00:00,4000.0,6000.0,6000.0,132
Gujarat,Vadodara(Baroda),Vadodara,Dry Chillies,Other,FAQ,2012-02-10 00:00:00,4000.0,6000.0,6000.0,132
Gujarat,Vadodara(Baroda),Vadodara,Dry Chillies,Other,FAQ,2012-02-11 00:00:00,4000.0,6000.0,6000.0,132
Gujarat,Vadodara(Baroda),Vadodara,Dry Chillies,Other,FAQ,2012-03-02 00:00:00,5000.0,6000.0,6000.0,132
Gujarat,Vadodara(Baroda),Vadodara,Dry Chillies,Other,FAQ,2012-03-07 00:00:00,5000.0,6000.0,6000.0,132
Gujarat,Vadodara(Baroda),Vadodara,Dry Chillies,Other,FAQ,2012-03-15 00:00:00,5000.0,6000.0,6000.0,132
Gujarat,Vadodara(Baroda),Vadodara,Dry Chillies,Other,FAQ,2012-03-17 00:00:00,5000.0,6000.0,6000.0,132
Gujarat,Vadodara(Baroda),Vadodara,Dry Chillies,Other,FAQ,2012-03-21 00:00:00,5000.0,6000.0,6000.0,132
Gujarat,Vadodara(Baroda),Vadodara,Dry Chillies,Other,FAQ,2012-03-22 00:00:00,5000.0,6000.0,6000.0,132
Gujarat,Vadodara(Baroda),Vadodara,Dry Chillies,Other,FAQ,2012-04-17 00:00:00,4000.0,5000.0,5000.0,132
Gujarat,Vadodara(Baroda),Vadodara,Dry Chillies,Other,FAQ,2012-04-20 00:00:00,4000.0,5000.0,5000.0,132
Gujarat,Vadodara(Baroda),Vadodara,Dry Chillies,Other,FAQ,2012-05-09 00:00:00,4000.0,5000.0,5000.0,132
Gujarat,Vadodara(Baroda),Vadodara,Dry Chillies,Other,FAQ,2012-05-10 00:00:00,4000.0,5000.0,5000.0,132
Gujarat,Vadodara(Baroda),Vadodara,Dry Chillies,Other,FAQ,2012-05-18 00:00:00,4000.0,4500.0,4500.0,132
Gujarat,Vadodara(Baroda),Vadodara,Dry Chillies,Other,FAQ,2012-06-13 00:00:00,4000.0,5500.0,5500.0,132
Gujarat,Vadodara(Baroda),Vadodara,Dry Chillies,Other,FAQ,2012-07-02 00:00:00,3000.0,5000.0,5000.0,132
Gujarat,Vadodara(Baroda),Vadodara,Dry Chillies,Other,FAQ,2012-07-07 00:00:00,3000.0,5000.0,5000.0,132
Gujarat,Vadodara(Baroda),Vadodara,Dry Chillies,Other,FAQ,2012-07-10 00:00:00,3000.0,5000.0,5000.0,132
Gujarat,Vadodara(Baroda),Vadodara,Dry Chillies,Other,FAQ,2012-07-17 00:00:00,5000.0,6000.0,6000.0,132
Gujarat,Vadodara(Baroda),Vadodara,Dry Chillies,Other,FAQ,2012-07-24 00:00:00,5000.0,6000.0,6000.0,132
Gujarat,Vadodara(Baroda),Vadodara,Dry Chillies,Other,FAQ,2012-08-25 00:00:00,5000.0,6000.0,6000.0,132
Gujarat,Vadodara(Baroda),Vadodara,Dry Chillies,Other,FAQ,2012-08-27 00:00:00,5000.0,6000.0,6000.0,132
Gujarat,Vadodara(Baroda),Vadodara,Dry Chillies,Other,FAQ,2012-08-28 00:00:00,5000.0,6000.0,6000.0,132
Gujarat,Vadodara(Baroda),Vadodara,Dry Chillies,Other,FAQ,2012-08-29 00:00:00,5000.0,6000.0,6000.0,132
Gujarat,Vadodara(Baroda),Vadodara,Dry Chillies,Other,FAQ,2012-08-31 00:00:00,5000.0,6000.0,6000.0,132
Gujarat,Vadodara(Baroda),Vadodara,Dry Chillies,Other,FAQ,2012-09-03 00:00:00,5000.0,6000.0,6000.0,132
Gujarat,Vadodara(Baroda),Vadodara,Dry Chillies,Other,FAQ,2012-09-14 00:00:00,6000.0,6500.0,6500.0,132
Gujarat,Vadodara(Baroda),Vadodara,Dry Chillies,Other,FAQ,2012-09-25 00:00:00,4500.0,6500.0,6500.0,132
Gujarat,Vadodara(Baroda),Vadodara,Dry Chillies,Other,FAQ,2012-09-26 00:00:00,4500.0,6500.0,6500.0,132
Gujarat,Vadodara(Baroda),Vadodara,Dry Chillies,Other,FAQ,2012-10-01 00:00:00,4500.0,6500.0,6500.0,132
Gujarat,Vadodara(Baroda),Vadodara,Dry Chillies,Other,FAQ,2012-10-09 00:00:00,5000.0,6000.0,6000.0,132
Gujarat,Vadodara(Baroda),Vadodara,Dry Chillies,Other,FAQ,2012-10-26 00:00:00,5000.0,6500.0,6500.0,132
Gujarat,Vadodara(Baroda),Vadodara,Dry Chillies,Other,FAQ,2012-11-01 00:00:00,1000.0,1500.0,1500.0,132
Gujarat,Vadodara(Baroda),Vadodara,Dry Chillies,Other,FAQ,2012-11-06 00:00:00,4000.0,6000.0,6000.0,132
Gujarat,Vadodara(Baroda),Vadodara,Dry Chillies,Other,FAQ,2012-11-09 00:00:00,4000.0,6000.0,6000.0,132
Gujarat,Vadodara(Baroda),Vadodara,Dry Chillies,Other,FAQ,2012-11-19 00:00:00,5000.0,5500.0,5500.0,132
Gujarat,Vadodara(Baroda),Vadodara,Dry Chillies,Other,FAQ,2012-11-24 00:00:00,5000.0,5500.0,5500.0,132
Gujarat,Vadodara(Baroda),Vadodara,Dry Chillies,Other,FAQ,2012-12-01 00:00:00,5000.0,5500.0,5500.0,132
Gujarat,Vadodara(Baroda),Vadodara,Dry Chillies,Other,FAQ,2012-12-08 00:00:00,5000.0,5500.0,5500.0,132
Gujarat,Vadodara(Baroda),Vadodara,Dry Chillies,Other,FAQ,2012-12-11 00:00:00,4000.0,5000.0,5000.0,132
Gujarat,Vadodara(Baroda),Vadodara,Dry Chillies,Other,FAQ,2012-12-22 00:00:00,4000.0,5000.0,5000.0,132
Gujarat,Dahod,Dahod,Dry Chillies,Other,FAQ,2012-01-05 00:00:00,7000.0,10000.0,8750.0,132
Gujarat,Dahod,Dahod,Dry Chillies,Other,FAQ,2012-01-10 00:00:00,7000.0,9500.0,8500.0,132
Gujarat,Dahod,Dahod,Dry Chillies,Other,FAQ,2012-01-24 00:00:00,5500.0,9000.0,7000.0,132
Gujarat,Dahod,Dahod,Dry Chillies,Other,FAQ,2012-02-01 00:00:00,5000.0,9000.0,7000.0,132
Gujarat,Dahod,Dahod,Dry Chillies,Other,FAQ,2012-02-02 00:00:00,5000.0,9000.0,7000.0,132
Gujarat,Dahod,Dahod,Dry Chillies,Other,FAQ,2012-02-07 00:00:00,5000.0,9000.0,7000.0,132
Gujarat,Dahod,Dahod,Dry Chillies,Other,FAQ,2012-02-22 00:00:00,4500.0,8500.0,7500.0,132
Gujarat,Dahod,Dahod,Dry Chillies,Other,FAQ,2012-03-03 00:00:00,4500.0,8000.0,7750.0,132
Gujarat,Dahod,Dahod,Dry Chillies,Other,FAQ,2012-03-12 00:00:00,4500.0,8000.0,7250.0,132
Gujarat,Dahod,Dahod,Dry Chillies,Other,FAQ,2012-03-20 00:00:00,4500.0,8000.0,7750.0,132
Gujarat,Dahod,Dahod,Dry Chillies,Other,FAQ,2012-04-09 00:00:00,4000.0,7750.0,6500.0,132
Gujarat,Dahod,Dahod,Dry Chillies,Other,FAQ,2012-04-17 00:00:00,4000.0,7750.0,6750.0,132
Gujarat,Dahod,Dahod,Dry Chillies,Other,FAQ,2012-04-18 00:00:00,4000.0,7750.0,6500.0,132
Gujarat,Dahod,Dahod,Dry Chillies,Other,FAQ,2012-05-10 00:00:00,4000.0,7500.0,7000.0,132
Gujarat,Dahod,Dahod,Dry Chillies,Other,FAQ,2012-07-18 00:00:00,6000.0,8500.0,8000.0,132
Gujarat,Dahod,Dahod,Dry Chillies,Other,FAQ,2012-08-16 00:00:00,6500.0,9000.0,8250.0,132
Gujarat,Dahod,Dahod,Dry Chillies,Other,FAQ,2012-09-14 00:00:00,6000.0,9500.0,8750.0,132
Gujarat,Dahod,Dahod,Dry Chillies,Other,FAQ,2012-10-16 00:00:00,5500.0,9000.0,8500.0,132
Gujarat,Dahod,Dahod,Dry Chillies,Other,FAQ,2012-10-20 00:00:00,5500.0,9000.0,8500.0,132
Gujarat,Dahod,Dahod,Dry Chillies,Other,FAQ,2012-10-23 00:00:00,5500.0,9000.0,8500.0,132
Gujarat,Dahod,Dahod,Dry Chillies,Other,FAQ,2012-11-08 00:00:00,5500.0,9250.0,8250.0,132
Gujarat,Dahod,Dahod,Dry Chillies,Other,FAQ,2012-11-17 00:00:00,5500.0,9250.0,8250.0,132
Gujarat,Dahod,Dahod,Dry Chillies,Other,FAQ,2012-11-27 00:00:00,5500.0,9500.0,8500.0,132
Gujarat,Dahod,Dahod,Dry Chillies,Other,FAQ,2012-12-05 00:00:00,6000.0,10000.0,9500.0,132
Gujarat,Dahod,Dahod,Dry Chillies,Other,FAQ,2012-12-13 00:00:00,6000.0,10250.0,9500.0,132
Gujarat,Dahod,Dahod,Dry Chillies,Other,FAQ,2012-12-26 00:00:00,6000.0,10250.0,9500.0,132
Gujarat,Dahod,Dahod,Dry Chillies,Other,FAQ,2012-12-27 00:00:00,6000.0,10250.0,9500.0,132
Gujarat,Rajkot,Gondal,Dry Chillies,Desi,FAQ,2012-02-07 00:00:00,2105.0,11000.0,7805.0,132
Gujarat,Rajkot,Gondal,Dry Chillies,Desi,FAQ,2012-02-16 00:00:00,2005.0,12705.0,8805.0,132
Gujarat,Rajkot,Gondal,Dry Chillies,Desi,FAQ,2012-02-18 00:00:00,2005.0,12455.0,8505.0,132
Gujarat,Rajkot,Gondal,Dry Chillies,Desi,FAQ,2012-02-23 00:00:00,2005.0,13805.0,10305.0,132
Gujarat,Rajkot,Gondal,Dry Chillies,Desi,FAQ,2012-02-27 00:00:00,1755.0,13255.0,10455.0,132
Gujarat,Rajkot,Gondal,Dry Chillies,Desi,FAQ,2012-02-29 00:00:00,1505.0,13405.0,10255.0,132
Gujarat,Rajkot,Gondal,Dry Chillies,Desi,FAQ,2012-03-09 00:00:00,1505.0,11455.0,9055.0,132
Gujarat,Rajkot,Gondal,Dry Chillies,Desi,FAQ,2012-03-19 00:00:00,1505.0,11455.0,9455.0,132
Gujarat,Rajkot,Gondal,Dry Chillies,Desi,FAQ,2012-04-05 00:00:00,1255.0,9105.0,7655.0,132
Gujarat,Rajkot,Gondal,Dry Chillies,Desi,FAQ,2012-04-06 00:00:00,1005.0,9205.0,7255.0,132
Gujarat,Rajkot,Gondal,Dry Chillies,Desi,FAQ,2012-04-14 00:00:00,1005.0,8355.0,6655.0,132
Gujarat,Rajkot,Gondal,Dry Chillies,Desi,FAQ,2012-04-28 00:00:00,1005.0,7805.0,6305.0,132
Gujarat,Rajkot,Gondal,Dry Chillies,Desi,FAQ,2012-05-17 00:00:00,1305.0,10455.0,7905.0,132
Gujarat,Rajkot,Jasdan,Dry Chillies,Other,FAQ,2012-04-16 00:00:00,3250.0,8505.0,6055.0,132
Gujarat,Rajkot,Jasdan,Dry Chillies,Other,FAQ,2012-05-17 00:00:00,6000.0,6000.0,6000.0,132
Gujarat,Rajkot,Jasdan,Dry Chillies,Other,FAQ,2012-06-13 00:00:00,1000.0,4000.0,2500.0,132
Gujarat,Vadodara(Baroda),Vadodara,Dry Chillies,Other,FAQ,2012-01-12 00:00:00,6000.0,8000.0,8000.0,132
Gujarat,Dahod,Dahod,Dry Chillies,Other,FAQ,2009-01-20 00:00:00,5000.0,8500.0,7000.0,132
Gujarat,Dahod,Dahod,Dry Chillies,Other,FAQ,2009-03-02 00:00:00,4000.0,6500.0,6250.0,132
Gujarat,Dahod,Dahod,Dry Chillies,Other,FAQ,2009-03-12 00:00:00,4000.0,6500.0,6000.0,132
Gujarat,Dahod,Dahod,Dry Chillies,Other,FAQ,2009-04-20 00:00:00,4500.0,7250.0,6750.0,132
Gujarat,Dahod,Dahod,Dry Chillies,Other,FAQ,2009-05-07 00:00:00,4500.0,7000.0,6500.0,132
Gujarat,Dahod,Dahod,Dry Chillies,Other,FAQ,2009-07-09 00:00:00,4500.0,7750.0,7250.0,132
Gujarat,Dahod,Dahod,Dry Chillies,Other,FAQ,2009-08-06 00:00:00,4750.0,7500.0,7000.0,132
Gujarat,Dahod,Dahod,Dry Chillies,Other,FAQ,2009-09-23 00:00:00,5000.0,8000.0,7000.0,132
Gujarat,Dahod,Dahod,Dry Chillies,Other,FAQ,2009-11-09 00:00:00,5000.0,8000.0,6500.0,132
Gujarat,Dahod,Dahod,Dry Chillies,Other,FAQ,2009-11-18 00:00:00,5000.0,8000.0,6500.0,132
Gujarat,Dahod,Dahod,Dry Chillies,Other,FAQ,2009-12-23 00:00:00,5000.0,8000.0,7000.0,132
Gujarat,Dahod,Dahod,Dry Chillies,Other,FAQ,2009-12-29 00:00:00,5000.0,8000.0,7000.0,132
Gujarat,Jamnagar,Jam Jodhpur,Dry Chillies,Other,FAQ,2009-12-16 00:00:00,2000.0,2325.0,2150.0,132
Gujarat,Rajkot,Gondal,Dry Chillies,Bold 1,FAQ,2009-02-10 00:00:00,2005.0,9055.0,3055.0,132
Gujarat,Rajkot,Gondal,Dry Chillies,Bold 1,FAQ,2009-02-26 00:00:00,3355.0,8955.0,6905.0,132
Gujarat,Rajkot,Gondal,Dry Chillies,Bold 1,FAQ,2009-03-20 00:00:00,2005.0,11455.0,9955.0,132
Gujarat,Rajkot,Gondal,Dry Chillies,Bold 1,FAQ,2009-04-09 00:00:00,2505.0,12555.0,8955.0,132
Gujarat,Rajkot,Gondal,Dry Chillies,Bold 1,FAQ,2009-04-14 00:00:00,3755.0,10000.0,8705.0,132
Gujarat,Rajkot,Gondal,Dry Chillies,Bold 1,FAQ,2009-04-23 00:00:00,2005.0,9355.0,7955.0,132
Gujarat,Rajkot,Gondal,Dry Chillies,Bold 1,FAQ,2009-05-02 00:00:00,2505.0,8255.0,6205.0,132
Gujarat,Rajkot,Gondal,Dry Chillies,Single Patti,FAQ,2009-03-23 00:00:00,1505.0,8255.0,7255.0,132
Gujarat,Rajkot,Gondal,Dry Chillies,Single Patti,FAQ,2009-04-04 00:00:00,1705.0,8955.0,7255.0,132
Gujarat,Rajkot,Gondal,Dry Chillies,Single Patti,FAQ,2009-04-18 00:00:00,1005.0,9055.0,5555.0,132
Gujarat,Rajkot,Gondal,Dry Chillies,Single Patti,FAQ,2009-04-20 00:00:00,1305.0,9955.0,6655.0,132
Gujarat,Rajkot,Gondal,Dry Chillies,Single Patti,FAQ,2009-05-14 00:00:00,1500.0,8155.0,6405.0,132
Gujarat,Rajkot,Jasdan,Dry Chillies,Other,FAQ,2009-02-25 00:00:00,1250.0,1250.0,1250.0,132
Gujarat,Rajkot,Jasdan,Dry Chillies,Other,FAQ,2009-03-21 00:00:00,650.0,980.0,800.0,132
Gujarat,Rajkot,Jasdan,Dry Chillies,Other,FAQ,2009-04-29 00:00:00,1490.0,1490.0,1490.0,132
Gujarat,Rajkot,Jetpur(Dist.Rajkot),Dry Chillies,Dry Chillies,FAQ,2009-03-09 00:00:00,1375.0,6280.0,5255.0,132
Gujarat,Rajkot,Jetpur(Dist.Rajkot),Dry Chillies,Dry Chillies,FAQ,2009-04-02 00:00:00,1525.0,8580.0,5525.0,132
Gujarat,Rajkot,Jetpur(Dist.Rajkot),Dry Chillies,Dry Chillies,FAQ,2009-04-07 00:00:00,1800.0,10005.0,5500.0,132
Gujarat,Rajkot,Jetpur(Dist.Rajkot),Dry Chillies,Dry Chillies,FAQ,2009-04-09 00:00:00,1605.0,8480.0,6255.0,132
Gujarat,Rajkot,Jetpur(Dist.Rajkot),Dry Chillies,Dry Chillies,FAQ,2009-04-10 00:00:00,1755.0,9980.0,6780.0,132
Gujarat,Rajkot,Jetpur(Dist.Rajkot),Dry Chillies,Dry Chillies,FAQ,2009-04-15 00:00:00,1505.0,11505.0,7055.0,132
Gujarat,Vadodara(Baroda),Vadodara,Dry Chillies,Other,FAQ,2009-01-07 00:00:00,3000.0,6000.0,5000.0,132
Gujarat,Vadodara(Baroda),Vadodara,Dry Chillies,Other,FAQ,2009-01-24 00:00:00,4000.0,5000.0,4800.0,132
Gujarat,Vadodara(Baroda),Vadodara,Dry Chillies,Other,FAQ,2009-01-28 00:00:00,4000.0,5000.0,5000.0,132
Gujarat,Vadodara(Baroda),Vadodara,Dry Chillies,Other,FAQ,2009-01-31 00:00:00,4000.0,5000.0,4800.0,132
Gujarat,Vadodara(Baroda),Vadodara,Dry Chillies,Other,FAQ,2009-02-14 00:00:00,4000.0,5000.0,4800.0,132
Gujarat,Vadodara(Baroda),Vadodara,Dry Chillies,Other,FAQ,2009-02-26 00:00:00,4000.0,5000.0,4500.0,132
Gujarat,Vadodara(Baroda),Vadodara,Dry Chillies,Other,FAQ,2009-03-13 00:00:00,4500.0,5000.0,4800.0,132
Gujarat,Vadodara(Baroda),Vadodara,Dry Chillies,Other,FAQ,2009-03-24 00:00:00,4500.0,5000.0,4800.0,132
Gujarat,Vadodara(Baroda),Vadodara,Dry Chillies,Other,FAQ,2009-03-31 00:00:00,4500.0,5000.0,4800.0,132
Gujarat,Vadodara(Baroda),Vadodara,Dry Chillies,Other,FAQ,2009-04-11 00:00:00,5000.0,11000.0,9000.0,132
Gujarat,Vadodara(Baroda),Vadodara,Dry Chillies,Other,FAQ,2009-04-15 00:00:00,5000.0,11000.0,9000.0,132
Gujarat,Vadodara(Baroda),Vadodara,Dry Chillies,Other,FAQ,2009-04-16 00:00:00,5000.0,11000.0,9000.0,132
Gujarat,Vadodara(Baroda),Vadodara,Dry Chillies,Other,FAQ,2009-04-20 00:00:00,5000.0,9000.0,8000.0,132
Gujarat,Vadodara(Baroda),Vadodara,Dry Chillies,Other,FAQ,2009-05-07 00:00:00,5000.0,8000.0,7000.0,132
Gujarat,Vadodara(Baroda),Vadodara,Dry Chillies,Other,FAQ,2009-05-13 00:00:00,4000.0,7000.0,6500.0,132
Gujarat,Vadodara(Baroda),Vadodara,Dry Chillies,Other,FAQ,2009-05-16 00:00:00,4000.0,7000.0,6500.0,132
Gujarat,Vadodara(Baroda),Vadodara,Dry Chillies,Other,FAQ,2009-05-20 00:00:00,4000.0,7000.0,6500.0,132
Gujarat,Vadodara(Baroda),Vadodara,Dry Chillies,Other,FAQ,2009-05-26 00:00:00,4000.0,7000.0,6500.0,132
Gujarat,Vadodara(Baroda),Vadodara,Dry Chillies,Other,FAQ,2009-06-05 00:00:00,4000.0,7000.0,6500.0,132
Gujarat,Vadodara(Baroda),Vadodara,Dry Chillies,Other,FAQ,2009-06-06 00:00:00,4500.0,7000.0,6500.0,132
Gujarat,Vadodara(Baroda),Vadodara,Dry Chillies,Other,FAQ,2009-06-09 00:00:00,4500.0,7000.0,6500.0,132
Gujarat,Vadodara(Baroda),Vadodara,Dry Chillies,Other,FAQ,2009-06-12 00:00:00,4500.0,7000.0,6500.0,132
Gujarat,Vadodara(Baroda),Vadodara,Dry Chillies,Other,FAQ,2009-06-23 00:00:00,4500.0,7000.0,6500.0,132
Gujarat,Vadodara(Baroda),Vadodara,Dry Chillies,Other,FAQ,2009-06-25 00:00:00,4500.0,7000.0,6500.0,132
Gujarat,Vadodara(Baroda),Vadodara,Dry Chillies,Other,FAQ,2009-07-14 00:00:00,5000.0,6000.0,5800.0,132
Gujarat,Vadodara(Baroda),Vadodara,Dry Chillies,Other,FAQ,2009-09-14 00:00:00,5500.0,6500.0,6000.0,132
Gujarat,Vadodara(Baroda),Vadodara,Dry Chillies,Other,FAQ,2009-09-22 00:00:00,5500.0,6500.0,6000.0,132
Gujarat,Vadodara(Baroda),Vadodara,Dry Chillies,Other,FAQ,2009-09-24 00:00:00,5500.0,6500.0,6000.0,132
Gujarat,Vadodara(Baroda),Vadodara,Dry Chillies,Other,FAQ,2009-10-03 00:00:00,5500.0,6500.0,6000.0,132
Gujarat,Vadodara(Baroda),Vadodara,Dry Chillies,Other,FAQ,2009-10-06 00:00:00,5500.0,6500.0,6200.0,132
Gujarat,Vadodara(Baroda),Vadodara,Dry Chillies,Other,FAQ,2009-10-26 00:00:00,5000.0,7000.0,6500.0,132
Gujarat,Vadodara(Baroda),Vadodara,Dry Chillies,Other,FAQ,2009-11-07 00:00:00,5500.0,6000.0,5800.0,132
Gujarat,Vadodara(Baroda),Vadodara,Dry Chillies,Other,FAQ,2009-11-27 00:00:00,4500.0,7000.0,6000.0,132
Gujarat,Vadodara(Baroda),Vadodara,Dry Chillies,Other,FAQ,2009-11-28 00:00:00,4500.0,7000.0,6800.0,132
Gujarat,Vadodara(Baroda),Vadodara,Dry Chillies,Other,FAQ,2009-12-03 00:00:00,4500.0,7000.0,6800.0,132
Gujarat,Vadodara(Baroda),Vadodara,Dry Chillies,Other,FAQ,2009-12-08 00:00:00,4500.0,5500.0,5200.0,132
Gujarat,Vadodara(Baroda),Vadodara,Dry Chillies,Other,FAQ,2009-12-14 00:00:00,4000.0,5500.0,5200.0,132
Gujarat,Vadodara(Baroda),Vadodara,Dry Chillies,Other,FAQ,2009-12-18 00:00:00,4000.0,5500.0,5200.0,132
Gujarat,Vadodara(Baroda),Vadodara,Dry Chillies,Other,FAQ,2009-12-21 00:00:00,4000.0,5500.0,5200.0,132
Gujarat,Dahod,Dahod,Dry Chillies,Other,FAQ,2008-01-08 00:00:00,4000.0,6750.0,6375.0,132
Gujarat,Dahod,Dahod,Dry Chillies,Other,FAQ,2008-01-12 00:00:00,3750.0,6750.0,5750.0,132
Gujarat,Dahod,Dahod,Dry Chillies,Other,FAQ,2008-02-22 00:00:00,4250.0,6000.0,5250.0,132
Gujarat,Dahod,Dahod,Dry Chillies,Other,FAQ,2008-04-24 00:00:00,3750.0,6000.0,5400.0,132
Gujarat,Dahod,Dahod,Dry Chillies,Other,FAQ,2008-06-12 00:00:00,4000.0,7500.0,6000.0,132
Gujarat,Dahod,Dahod,Dry Chillies,Other,FAQ,2008-07-08 00:00:00,4500.0,7750.0,6750.0,132
Gujarat,Dahod,Dahod,Dry Chillies,Other,FAQ,2008-09-19 00:00:00,4500.0,8000.0,7250.0,132
Gujarat,Dahod,Dahod,Dry Chillies,Other,FAQ,2008-10-13 00:00:00,4000.0,8250.0,7875.0,132
Gujarat,Dahod,Dahod,Dry Chillies,Other,FAQ,2008-11-01 00:00:00,4500.0,8000.0,6000.0,132
Gujarat,Dahod,Dahod,Dry Chillies,Other,FAQ,2008-11-24 00:00:00,4500.0,8000.0,7000.0,132
Gujarat,Rajkot,Gondal,Dry Chillies,Bold 1,FAQ,2008-04-12 00:00:00,2500.0,8455.0,5855.0,132
Gujarat,Rajkot,Gondal,Dry Chillies,Bold 1,FAQ,2008-04-24 00:00:00,1905.0,5000.0,4500.0,132
Gujarat,Rajkot,Gondal,Dry Chillies,Single Patti,FAQ,2008-06-20 00:00:00,2500.0,3630.0,2705.0,132
Gujarat,Rajkot,Jasdan,Dry Chillies,Red,FAQ,2008-04-05 00:00:00,2250.0,7500.0,5760.0,132
Gujarat,Rajkot,Jasdan,Dry Chillies,Red,FAQ,2008-04-11 00:00:00,3075.0,5525.0,3850.0,132
Gujarat,Rajkot,Jasdan,Dry Chillies,Red,FAQ,2008-04-23 00:00:00,2125.0,5910.0,4650.0,132
Gujarat,Rajkot,Jasdan,Dry Chillies,Red,FAQ,2008-04-28 00:00:00,1750.0,5505.0,3800.0,132
Gujarat,Rajkot,Jasdan,Dry Chillies,Red,FAQ,2008-04-29 00:00:00,1665.0,5460.0,3750.0,132
Gujarat,Rajkot,Jasdan,Dry Chillies,Red,FAQ,2008-05-14 00:00:00,1500.0,2900.0,2625.0,132
Gujarat,Rajkot,Jetpur(Dist.Rajkot),Dry Chillies,Other,FAQ,2008-02-28 00:00:00,2255.0,6230.0,5000.0,132
Gujarat,Rajkot,Jetpur(Dist.Rajkot),Dry Chillies,Other,FAQ,2008-03-17 00:00:00,1290.0,6520.0,4750.0,132
Gujarat,Rajkot,Jetpur(Dist.Rajkot),Dry Chillies,Other,FAQ,2008-03-25 00:00:00,3400.0,5300.0,4130.0,132
Gujarat,Rajkot,Jetpur(Dist.Rajkot),Dry Chillies,Other,FAQ,2008-04-11 00:00:00,3730.0,6490.0,6000.0,132
Gujarat,Rajkot,Jetpur(Dist.Rajkot),Dry Chillies,Other,FAQ,2008-05-08 00:00:00,1250.0,5505.0,4980.0,132
Gujarat,Rajkot,Jetpur(Dist.Rajkot),Dry Chillies,Other,FAQ,2008-05-09 00:00:00,1280.0,5480.0,4500.0,132
Gujarat,Rajkot,Jetpur(Dist.Rajkot),Dry Chillies,Other,FAQ,2008-05-10 00:00:00,1255.0,5430.0,4630.0,132
Gujarat,Rajkot,Jetpur(Dist.Rajkot),Dry Chillies,Other,FAQ,2008-05-17 00:00:00,1230.0,5130.0,4530.0,132
Gujarat,Rajkot,Jetpur(Dist.Rajkot),Dry Chillies,Other,FAQ,2008-06-04 00:00:00,1125.0,3750.0,3025.0,132
Gujarat,Vadodara(Baroda),Vadodara,Dry Chillies,Other,FAQ,2008-01-04 00:00:00,3000.0,4500.0,4000.0,132
Gujarat,Vadodara(Baroda),Vadodara,Dry Chillies,Other,FAQ,2008-01-08 00:00:00,3000.0,4500.0,4000.0,132
Gujarat,Vadodara(Baroda),Vadodara,Dry Chillies,Other,FAQ,2008-01-18 00:00:00,2500.0,4500.0,4000.0,132
Gujarat,Vadodara(Baroda),Vadodara,Dry Chillies,Other,FAQ,2008-01-21 00:00:00,2500.0,5000.0,4600.0,132
Gujarat,Vadodara(Baroda),Vadodara,Dry Chillies,Other,FAQ,2008-01-22 00:00:00,2500.0,4500.0,4200.0,132
Gujarat,Vadodara(Baroda),Vadodara,Dry Chillies,Other,FAQ,2008-01-25 00:00:00,2500.0,4000.0,3700.0,132
Gujarat,Vadodara(Baroda),Vadodara,Dry Chillies,Other,FAQ,2008-01-30 00:00:00,2500.0,4000.0,3600.0,132
Gujarat,Vadodara(Baroda),Vadodara,Dry Chillies,Other,FAQ,2008-02-06 00:00:00,3500.0,4500.0,4200.0,132
Gujarat,Vadodara(Baroda),Vadodara,Dry Chillies,Other,FAQ,2008-02-19 00:00:00,3000.0,4500.0,4200.0,132
Gujarat,Vadodara(Baroda),Vadodara,Dry Chillies,Other,FAQ,2008-02-25 00:00:00,2500.0,3500.0,3000.0,132
Gujarat,Vadodara(Baroda),Vadodara,Dry Chillies,Other,FAQ,2008-02-28 00:00:00,2500.0,4000.0,3600.0,132
Gujarat,Vadodara(Baroda),Vadodara,Dry Chillies,Other,FAQ,2008-03-06 00:00:00,2500.0,4000.0,3500.0,132
Gujarat,Vadodara(Baroda),Vadodara,Dry Chillies,Other,FAQ,2008-03-11 00:00:00,2500.0,4000.0,3600.0,132
Gujarat,Vadodara(Baroda),Vadodara,Dry Chillies,Other,FAQ,2008-03-12 00:00:00,2500.0,4000.0,4000.0,132
Gujarat,Vadodara(Baroda),Vadodara,Dry Chillies,Other,FAQ,2008-03-13 00:00:00,2500.0,4000.0,3600.0,132
Gujarat,Vadodara(Baroda),Vadodara,Dry Chillies,Other,FAQ,2008-03-17 00:00:00,2500.0,3300.0,3000.0,132
Gujarat,Vadodara(Baroda),Vadodara,Dry Chillies,Other,FAQ,2008-03-25 00:00:00,1000.0,1800.0,1500.0,132
Gujarat,Vadodara(Baroda),Vadodara,Dry Chillies,Other,FAQ,2008-03-28 00:00:00,2500.0,3500.0,3200.0,132
Gujarat,Vadodara(Baroda),Vadodara,Dry Chillies,Other,FAQ,2008-03-29 00:00:00,1800.0,3500.0,3200.0,132
Gujarat,Vadodara(Baroda),Vadodara,Dry Chillies,Other,FAQ,2008-04-03 00:00:00,3000.0,6000.0,4800.0,132
Gujarat,Vadodara(Baroda),Vadodara,Dry Chillies,Other,FAQ,2008-04-28 00:00:00,3000.0,7000.0,6000.0,132
Gujarat,Vadodara(Baroda),Vadodara,Dry Chillies,Other,FAQ,2008-05-05 00:00:00,3500.0,7000.0,6000.0,132
Gujarat,Vadodara(Baroda),Vadodara,Dry Chillies,Other,FAQ,2008-05-10 00:00:00,3500.0,7000.0,6500.0,132
Gujarat,Vadodara(Baroda),Vadodara,Dry Chillies,Other,FAQ,2008-05-14 00:00:00,5500.0,8500.0,7600.0,132
Gujarat,Vadodara(Baroda),Vadodara,Dry Chillies,Other,FAQ,2008-05-15 00:00:00,5500.0,8500.0,7500.0,132
Gujarat,Vadodara(Baroda),Vadodara,Dry Chillies,Other,FAQ,2008-05-16 00:00:00,5500.0,8500.0,7600.0,132
Gujarat,Vadodara(Baroda),Vadodara,Dry Chillies,Other,FAQ,2008-05-19 00:00:00,5500.0,8500.0,7200.0,132
Gujarat,Vadodara(Baroda),Vadodara,Dry Chillies,Other,FAQ,2008-05-20 00:00:00,5500.0,8500.0,7600.0,132
Gujarat,Vadodara(Baroda),Vadodara,Dry Chillies,Other,FAQ,2008-05-22 00:00:00,4500.0,8000.0,7000.0,132
Gujarat,Vadodara(Baroda),Vadodara,Dry Chillies,Other,FAQ,2008-05-26 00:00:00,4500.0,8000.0,7000.0,132
Gujarat,Vadodara(Baroda),Vadodara,Dry Chillies,Other,FAQ,2008-06-06 00:00:00,3500.0,6000.0,5200.0,132
Gujarat,Vadodara(Baroda),Vadodara,Dry Chillies,Other,FAQ,2008-06-07 00:00:00,3500.0,6000.0,5200.0,132
Gujarat,Vadodara(Baroda),Vadodara,Dry Chillies,Other,FAQ,2008-06-11 00:00:00,3500.0,6000.0,5200.0,132
Gujarat,Vadodara(Baroda),Vadodara,Dry Chillies,Other,FAQ,2008-06-17 00:00:00,3500.0,6000.0,5200.0,132
Gujarat,Vadodara(Baroda),Vadodara,Dry Chillies,Other,FAQ,2008-06-19 00:00:00,3500.0,6000.0,5200.0,132
Gujarat,Vadodara(Baroda),Vadodara,Dry Chillies,Other,FAQ,2008-06-30 00:00:00,3500.0,5800.0,4700.0,132
Gujarat,Vadodara(Baroda),Vadodara,Dry Chillies,Other,FAQ,2008-08-11 00:00:00,5000.0,6000.0,5500.0,132
Gujarat,Vadodara(Baroda),Vadodara,Dry Chillies,Other,FAQ,2008-08-21 00:00:00,4000.0,6000.0,5000.0,132
Gujarat,Vadodara(Baroda),Vadodara,Dry Chillies,Other,FAQ,2008-10-06 00:00:00,5200.0,6000.0,5700.0,132
Gujarat,Vadodara(Baroda),Vadodara,Dry Chillies,Other,FAQ,2008-10-08 00:00:00,5200.0,6000.0,5500.0,132
Gujarat,Vadodara(Baroda),Vadodara,Dry Chillies,Other,FAQ,2008-10-14 00:00:00,5200.0,6000.0,5300.0,132
Gujarat,Vadodara(Baroda),Vadodara,Dry Chillies,Other,FAQ,2008-10-16 00:00:00,5200.0,6000.0,5500.0,132
Gujarat,Vadodara(Baroda),Vadodara,Dry Chillies,Other,FAQ,2008-10-17 00:00:00,5200.0,6000.0,5800.0,132
Gujarat,Vadodara(Baroda),Vadodara,Dry Chillies,Other,FAQ,2008-10-22 00:00:00,5200.0,6000.0,5700.0,132
Gujarat,Vadodara(Baroda),Vadodara,Dry Chillies,Other,FAQ,2008-10-23 00:00:00,5200.0,6000.0,5700.0,132
Gujarat,Vadodara(Baroda),Vadodara,Dry Chillies,Other,FAQ,2008-10-25 00:00:00,5200.0,6000.0,5800.0,132
Gujarat,Vadodara(Baroda),Vadodara,Dry Chillies,Other,FAQ,2008-10-27 00:00:00,5200.0,6000.0,5500.0,132
Gujarat,Vadodara(Baroda),Vadodara,Dry Chillies,Other,FAQ,2008-11-04 00:00:00,5200.0,6000.0,5500.0,132
Gujarat,Vadodara(Baroda),Vadodara,Dry Chillies,Other,FAQ,2008-11-07 00:00:00,4000.0,5500.0,5000.0,132
Gujarat,Vadodara(Baroda),Vadodara,Dry Chillies,Other,FAQ,2008-11-13 00:00:00,4000.0,5500.0,5300.0,132
Gujarat,Vadodara(Baroda),Vadodara,Dry Chillies,Other,FAQ,2008-12-02 00:00:00,4500.0,5500.0,5000.0,132
Gujarat,Vadodara(Baroda),Vadodara,Dry Chillies,Other,FAQ,2008-12-11 00:00:00,4500.0,5500.0,5300.0,132
Gujarat,Vadodara(Baroda),Vadodara,Dry Chillies,Other,FAQ,2008-12-17 00:00:00,5000.0,6000.0,5500.0,132
Gujarat,Dahod,Dahod,Dry Chillies,Other,FAQ,2003-01-08 00:00:00,3125.0,4400.0,4000.0,132
Gujarat,Dahod,Dahod,Dry Chillies,Other,FAQ,2003-01-15 00:00:00,3000.0,4400.0,3625.0,132
Gujarat,Dahod,Dahod,Dry Chillies,Other,FAQ,2003-02-05 00:00:00,2850.0,4000.0,3650.0,132
Gujarat,Dahod,Dahod,Dry Chillies,Other,FAQ,2003-02-07 00:00:00,2950.0,4200.0,4050.0,132
Gujarat,Dahod,Dahod,Dry Chillies,Other,FAQ,2003-02-28 00:00:00,2250.0,4650.0,4000.0,132
Gujarat,Dahod,Dahod,Dry Chillies,Other,FAQ,2003-03-05 00:00:00,2250.0,4650.0,4250.0,132
Gujarat,Dahod,Dahod,Dry Chillies,Other,FAQ,2003-04-09 00:00:00,2500.0,4625.0,4225.0,132
Gujarat,Dahod,Dahod,Dry Chillies,Other,FAQ,2003-05-07 00:00:00,2500.0,4750.0,3750.0,132
Gujarat,Dahod,Dahod,Dry Chillies,Other,FAQ,2003-05-20 00:00:00,2500.0,4500.0,4125.0,132
Gujarat,Dahod,Dahod,Dry Chillies,Other,FAQ,2003-05-28 00:00:00,2500.0,4750.0,4125.0,132
Gujarat,Dahod,Dahod,Dry Chillies,Other,FAQ,2003-07-03 00:00:00,4000.0,5125.0,4250.0,132
Gujarat,Dahod,Dahod,Dry Chillies,Other,FAQ,2003-08-11 00:00:00,3500.0,4825.0,4250.0,132
Gujarat,Dahod,Dahod,Dry Chillies,Other,FAQ,2003-08-23 00:00:00,3500.0,4350.0,4200.0,132
Gujarat,Dahod,Dahod,Dry Chillies,Other,FAQ,2003-08-26 00:00:00,3575.0,4750.0,4250.0,132
Gujarat,Dahod,Dahod,Dry Chillies,Other,FAQ,2003-09-02 00:00:00,3575.0,4750.0,4125.0,132
Gujarat,Dahod,Dahod,Dry Chillies,Other,FAQ,2003-09-10 00:00:00,3400.0,4300.0,3750.0,132
Gujarat,Dahod,Dahod,Dry Chillies,Other,FAQ,2003-09-15 00:00:00,3300.0,4300.0,4125.0,132
Gujarat,Dahod,Dahod,Dry Chillies,Other,FAQ,2003-09-17 00:00:00,3100.0,4600.0,4125.0,132
Gujarat,Dahod,Dahod,Dry Chillies,Other,FAQ,2003-10-21 00:00:00,3000.0,4400.0,3875.0,132
Gujarat,Dahod,Dahod,Dry Chillies,Other,FAQ,2003-11-14 00:00:00,3250.0,4500.0,3875.0,132
Gujarat,Dahod,Dahod,Dry Chillies,Other,FAQ,2003-11-21 00:00:00,3250.0,4250.0,3700.0,132
Gujarat,Dahod,Dahod,Dry Chillies,Other,FAQ,2003-12-06 00:00:00,3000.0,4500.0,4250.0,132
Gujarat,Dahod,Dahod,Dry Chillies,Other,FAQ,2003-12-17 00:00:00,3750.0,4705.0,4500.0,132
Gujarat,Dahod,Dahod,Dry Chillies,Other,FAQ,2003-12-18 00:00:00,3750.0,4705.0,4500.0,132
Gujarat,Dahod,Dahod,Dry Chillies,Other,FAQ,2003-12-19 00:00:00,3200.0,4650.0,4500.0,132
Gujarat,Dahod,Dahod,Dry Chillies,Other,FAQ,2003-12-31 00:00:00,3125.0,4625.0,4500.0,132
Gujarat,Jamnagar,Jamnagar,Dry Chillies,Kaddi,FAQ,2003-05-11 00:00:00,750.0,2000.0,1375.0,132
Gujarat,Jamnagar,Jamnagar,Dry Chillies,Kaddi,FAQ,2003-05-20 00:00:00,625.0,1500.0,1062.5,132
Gujarat,Jamnagar,Jamnagar,Dry Chillies,Kaddi,FAQ,2003-05-24 00:00:00,750.0,4500.0,3375.0,132
Gujarat,Jamnagar,Jamnagar,Dry Chillies,Kaddi,FAQ,2003-05-28 00:00:00,750.0,2000.0,1375.0,132
Gujarat,Jamnagar,Jamnagar,Dry Chillies,Other,FAQ,2003-05-31 00:00:00,1750.0,4250.0,3000.0,132
Gujarat,Jamnagar,Jamnagar,Dry Chillies,Other,FAQ,2003-06-02 00:00:00,2425.0,4725.0,3575.0,132
Gujarat,Jamnagar,Jamnagar,Dry Chillies,Other,FAQ,2003-06-16 00:00:00,2000.0,4500.0,3250.0,132
Gujarat,Rajkot,Rajkot,Dry Chillies,Local,FAQ,2003-02-01 00:00:00,1925.0,4575.0,4000.0,132
Gujarat,Rajkot,Rajkot,Dry Chillies,Local,FAQ,2003-02-06 00:00:00,2025.0,4200.0,3800.0,132
Gujarat,Rajkot,Rajkot,Dry Chillies,Local,FAQ,2003-02-07 00:00:00,2000.0,5250.0,4000.0,132
Gujarat,Rajkot,Rajkot,Dry Chillies,Local,FAQ,2003-02-15 00:00:00,1875.0,5275.0,4200.0,132
Gujarat,Rajkot,Rajkot,Dry Chillies,Local,FAQ,2003-02-19 00:00:00,2250.0,4850.0,4000.0,132
Gujarat,Rajkot,Rajkot,Dry Chillies,Local,FAQ,2003-03-07 00:00:00,2200.0,5175.0,4500.0,132
Gujarat,Rajkot,Rajkot,Dry Chillies,Local,FAQ,2003-03-11 00:00:00,2300.0,5500.0,4500.0,132
Gujarat,Rajkot,Rajkot,Dry Chillies,Local,FAQ,2003-03-15 00:00:00,2250.0,5500.0,4800.0,132
Gujarat,Rajkot,Rajkot,Dry Chillies,Red,FAQ,2003-04-09 00:00:00,2250.0,5625.0,4800.0,132
Gujarat,Rajkot,Rajkot,Dry Chillies,Red,FAQ,2003-04-10 00:00:00,2425.0,5750.0,4800.0,132
Gujarat,Rajkot,Rajkot,Dry Chillies,Red,FAQ,2003-04-19 00:00:00,2225.0,5500.0,4500.0,132
Gujarat,Rajkot,Rajkot,Dry Chillies,Red,FAQ,2003-05-03 00:00:00,2175.0,5025.0,3500.0,132
Gujarat,Rajkot,Rajkot,Dry Chillies,Red,FAQ,2003-05-16 00:00:00,2000.0,6125.0,4500.0,132
Gujarat,Rajkot,Rajkot,Dry Chillies,Red,FAQ,2003-05-29 00:00:00,3250.0,4700.0,4200.0,132
Gujarat,Rajkot,Rajkot,Dry Chillies,Red,FAQ,2003-05-30 00:00:00,3250.0,4600.0,4200.0,132
Gujarat,Rajkot,Rajkot,Dry Chillies,Red,FAQ,2003-06-03 00:00:00,3750.0,4500.0,4200.0,132
Gujarat,Rajkot,Rajkot,Dry Chillies,Red,FAQ,2003-06-09 00:00:00,3875.0,4500.0,4200.0,132
Gujarat,Rajkot,Rajkot,Dry Chillies,Red,FAQ,2003-06-10 00:00:00,3750.0,4500.0,4200.0,132
Gujarat,Dahod,Dahod,Dry Chillies,Other,FAQ,2010-01-05 00:00:00,5000.0,8000.0,7000.0,132
Gujarat,Dahod,Dahod,Dry Chillies,Other,FAQ,2010-01-15 00:00:00,5000.0,8000.0,7000.0,132
Gujarat,Dahod,Dahod,Dry Chillies,Other,FAQ,2010-01-18 00:00:00,5000.0,7750.0,6875.0,132
Gujarat,Dahod,Dahod,Dry Chillies,Other,FAQ,2010-01-21 00:00:00,5000.0,7750.0,6500.0,132
Gujarat,Dahod,Dahod,Dry Chillies,Other,FAQ,2010-02-06 00:00:00,5000.0,7750.0,7000.0,132
Gujarat,Dahod,Dahod,Dry Chillies,Other,FAQ,2010-02-15 00:00:00,4000.0,7875.0,4500.0,132
Gujarat,Dahod,Dahod,Dry Chillies,Other,FAQ,2010-02-20 00:00:00,4000.0,7875.0,5000.0,132
Gujarat,Dahod,Dahod,Dry Chillies,Other,FAQ,2010-03-22 00:00:00,4000.0,6000.0,5500.0,132
Gujarat,Dahod,Dahod,Dry Chillies,Other,FAQ,2010-04-07 00:00:00,3500.0,6500.0,6250.0,132
Gujarat,Dahod,Dahod,Dry Chillies,Other,FAQ,2010-04-13 00:00:00,3500.0,6500.0,6000.0,132
Gujarat,Dahod,Dahod,Dry Chillies,Other,FAQ,2010-04-15 00:00:00,3500.0,6500.0,6250.0,132
Gujarat,Dahod,Dahod,Dry Chillies,Other,FAQ,2010-04-21 00:00:00,3500.0,6500.0,6000.0,132
Gujarat,Dahod,Dahod,Dry Chillies,Other,FAQ,2010-04-26 00:00:00,3500.0,6500.0,6250.0,132
Gujarat,Dahod,Dahod,Dry Chillies,Other,FAQ,2010-05-08 00:00:00,4000.0,7000.0,6500.0,132
Gujarat,Dahod,Dahod,Dry Chillies,Other,FAQ,2010-05-18 00:00:00,4000.0,7000.0,6500.0,132
Gujarat,Dahod,Dahod,Dry Chillies,Other,FAQ,2010-06-18 00:00:00,4000.0,7500.0,7000.0,132
Gujarat,Dahod,Dahod,Dry Chillies,Other,FAQ,2010-08-27 00:00:00,4000.0,7500.0,7000.0,132
Gujarat,Dahod,Dahod,Dry Chillies,Other,FAQ,2010-10-13 00:00:00,4500.0,8000.0,6875.0,132
Gujarat,Dahod,Dahod,Dry Chillies,Other,FAQ,2010-11-12 00:00:00,4500.0,8000.0,7000.0,132
Gujarat,Dahod,Dahod,Dry Chillies,Other,FAQ,2010-11-27 00:00:00,4500.0,8250.0,7125.0,132
Gujarat,Dahod,Dahod,Dry Chillies,Other,FAQ,2010-12-02 00:00:00,4500.0,8250.0,7000.0,132
Gujarat,Dahod,Dahod,Dry Chillies,Other,FAQ,2010-12-21 00:00:00,4500.0,8250.0,7000.0,132
Gujarat,Dahod,Dahod,Dry Chillies,Other,FAQ,2010-12-22 00:00:00,4500.0,8250.0,7000.0,132
Gujarat,Rajkot,Gondal,Dry Chillies,Desi,FAQ,2010-01-18 00:00:00,1500.0,7455.0,5805.0,132
Gujarat,Rajkot,Gondal,Dry Chillies,Desi,FAQ,2010-01-28 00:00:00,1005.0,8705.0,6005.0,132
Gujarat,Rajkot,Gondal,Dry Chillies,Desi,FAQ,2010-01-29 00:00:00,1005.0,8505.0,5905.0,132
Gujarat,Rajkot,Gondal,Dry Chillies,Desi,FAQ,2010-01-30 00:00:00,1005.0,9205.0,6705.0,132
Gujarat,Rajkot,Gondal,Dry Chillies,Desi,FAQ,2010-02-03 00:00:00,1000.0,8000.0,7205.0,132
Gujarat,Rajkot,Gondal,Dry Chillies,Desi,FAQ,2010-02-09 00:00:00,1000.0,8705.0,6905.0,132
Gujarat,Rajkot,Gondal,Dry Chillies,Desi,FAQ,2010-02-11 00:00:00,1000.0,8905.0,6905.0,132
Gujarat,Rajkot,Gondal,Dry Chillies,Desi,FAQ,2010-02-17 00:00:00,1405.0,9705.0,8555.0,132
Gujarat,Rajkot,Gondal,Dry Chillies,Desi,FAQ,2010-02-18 00:00:00,1505.0,9705.0,8055.0,132
Gujarat,Rajkot,Gondal,Dry Chillies,Desi,FAQ,2010-02-19 00:00:00,1505.0,9125.0,8355.0,132
Gujarat,Rajkot,Gondal,Dry Chillies,Desi,FAQ,2010-03-03 00:00:00,1505.0,10455.0,8555.0,132
Gujarat,Rajkot,Gondal,Dry Chillies,Desi,FAQ,2010-03-08 00:00:00,1505.0,12205.0,9205.0,132
Gujarat,Rajkot,Gondal,Dry Chillies,Desi,FAQ,2010-03-19 00:00:00,1505.0,10355.0,8855.0,132
Gujarat,Rajkot,Gondal,Dry Chillies,Desi,FAQ,2010-04-03 00:00:00,1255.0,9505.0,7855.0,132
Gujarat,Rajkot,Gondal,Dry Chillies,Desi,FAQ,2010-04-06 00:00:00,1005.0,8105.0,5655.0,132
Gujarat,Rajkot,Gondal,Dry Chillies,Desi,FAQ,2010-04-12 00:00:00,1000.0,6655.0,5805.0,132
Gujarat,Rajkot,Gondal,Dry Chillies,Desi,FAQ,2010-04-16 00:00:00,1005.0,7005.0,6105.0,132
Gujarat,Rajkot,Gondal,Dry Chillies,Desi,FAQ,2010-04-24 00:00:00,1005.0,6805.0,5375.0,132
Gujarat,Rajkot,Gondal,Dry Chillies,Desi,FAQ,2010-04-30 00:00:00,1005.0,7355.0,5305.0,132
Gujarat,Rajkot,Gondal,Dry Chillies,Desi,FAQ,2010-05-03 00:00:00,1005.0,7655.0,6205.0,132
Gujarat,Rajkot,Gondal,Dry Chillies,Desi,FAQ,2010-05-04 00:00:00,1005.0,6605.0,5705.0,132
Gujarat,Rajkot,Gondal,Dry Chillies,Desi,FAQ,2010-05-07 00:00:00,1005.0,7755.0,7205.0,132
Gujarat,Rajkot,Gondal,Dry Chillies,Desi,FAQ,2010-05-20 00:00:00,1000.0,6500.0,5305.0,132
Gujarat,Rajkot,Gondal,Dry Chillies,Desi,FAQ,2010-05-26 00:00:00,1250.0,5355.0,4655.0,132
Gujarat,Rajkot,Jasdan,Dry Chillies,Other,FAQ,2010-02-17 00:00:00,6725.0,8755.0,7105.0,132
Gujarat,Rajkot,Jasdan,Dry Chillies,Other,FAQ,2010-02-23 00:00:00,2250.0,7250.0,6250.0,132
Gujarat,Rajkot,Jasdan,Dry Chillies,Other,FAQ,2010-02-24 00:00:00,4875.0,6500.0,5755.0,132
Gujarat,Rajkot,Jasdan,Dry Chillies,Other,FAQ,2010-02-26 00:00:00,3250.0,7000.0,5000.0,132
Gujarat,Rajkot,Jasdan,Dry Chillies,Other,FAQ,2010-02-27 00:00:00,3750.0,6875.0,5000.0,132
Gujarat,Rajkot,Jasdan,Dry Chillies,Other,FAQ,2010-03-06 00:00:00,2505.0,8000.0,5530.0,132
Gujarat,Rajkot,Jasdan,Dry Chillies,Other,FAQ,2010-03-10 00:00:00,4000.0,9200.0,5850.0,132
Gujarat,Rajkot,Jasdan,Dry Chillies,Other,FAQ,2010-04-06 00:00:00,4500.0,8850.0,7500.0,132
Gujarat,Rajkot,Jasdan,Dry Chillies,Other,FAQ,2010-04-14 00:00:00,3500.0,9155.0,6000.0,132
Gujarat,Rajkot,Jasdan,Dry Chillies,Other,FAQ,2010-04-15 00:00:00,6000.0,6000.0,6000.0,132
Gujarat,Rajkot,Jasdan,Dry Chillies,Other,FAQ,2010-04-17 00:00:00,3500.0,6625.0,5250.0,132
Gujarat,Rajkot,Jasdan,Dry Chillies,Other,FAQ,2010-04-20 00:00:00,6500.0,6500.0,6500.0,132
Gujarat,Rajkot,Jasdan,Dry Chillies,Other,FAQ,2010-04-23 00:00:00,3475.0,4750.0,3900.0,132
Gujarat,Rajkot,Jasdan,Dry Chillies,Other,FAQ,2010-05-07 00:00:00,5700.0,5700.0,5700.0,132
Gujarat,Rajkot,Jasdan,Dry Chillies,Other,FAQ,2010-05-19 00:00:00,1575.0,2400.0,2000.0,132
Gujarat,Rajkot,Jasdan,Dry Chillies,Other,FAQ,2010-06-05 00:00:00,2750.0,3250.0,3000.0,132
Gujarat,Rajkot,Jasdan,Dry Chillies,Other,FAQ,2010-11-11 00:00:00,5000.0,10850.0,10000.0,132
Gujarat,Rajkot,Jetpur(Dist.Rajkot),Dry Chillies,Dry Chillies,FAQ,2010-03-15 00:00:00,2255.0,11105.0,8530.0,132
Gujarat,Rajkot,Jetpur(Dist.Rajkot),Dry Chillies,Dry Chillies,FAQ,2010-03-22 00:00:00,2125.0,10405.0,8405.0,132
Gujarat,Rajkot,Jetpur(Dist.Rajkot),Dry Chillies,Dry Chillies,FAQ,2010-03-23 00:00:00,1955.0,10255.0,7555.0,132
Gujarat,Rajkot,Jetpur(Dist.Rajkot),Dry Chillies,Dry Chillies,FAQ,2010-04-09 00:00:00,1605.0,7750.0,5755.0,132
Gujarat,Rajkot,Jetpur(Dist.Rajkot),Dry Chillies,Dry Chillies,FAQ,2010-04-12 00:00:00,1555.0,7630.0,6055.0,132
Gujarat,Rajkot,Jetpur(Dist.Rajkot),Dry Chillies,Red,FAQ,2010-02-20 00:00:00,3805.0,8155.0,7805.0,132
Gujarat,Rajkot,Jetpur(Dist.Rajkot),Dry Chillies,Red,FAQ,2010-02-22 00:00:00,5250.0,8505.0,7400.0,132
Gujarat,Rajkot,Jetpur(Dist.Rajkot),Dry Chillies,Red,FAQ,2010-02-23 00:00:00,5255.0,8625.0,7425.0,132
Gujarat,Vadodara(Baroda),Vadodara,Dry Chillies,Other,FAQ,2010-01-01 00:00:00,4000.0,6500.0,6200.0,132
Gujarat,Vadodara(Baroda),Vadodara,Dry Chillies,Other,FAQ,2010-01-02 00:00:00,4000.0,6500.0,6000.0,132
Gujarat,Vadodara(Baroda),Vadodara,Dry Chillies,Other,FAQ,2010-01-06 00:00:00,4000.0,6500.0,6000.0,132
Gujarat,Vadodara(Baroda),Vadodara,Dry Chillies,Other,FAQ,2010-01-08 00:00:00,3000.0,5000.0,4500.0,132
Gujarat,Vadodara(Baroda),Vadodara,Dry Chillies,Other,FAQ,2010-01-11 00:00:00,3000.0,5000.0,4500.0,132
Gujarat,Vadodara(Baroda),Vadodara,Dry Chillies,Other,FAQ,2010-01-19 00:00:00,3000.0,5000.0,4500.0,132
Gujarat,Vadodara(Baroda),Vadodara,Dry Chillies,Other,FAQ,2010-01-28 00:00:00,3500.0,4500.0,4000.0,132
Gujarat,Vadodara(Baroda),Vadodara,Dry Chillies,Other,FAQ,2010-01-29 00:00:00,3500.0,4500.0,4000.0,132
Gujarat,Vadodara(Baroda),Vadodara,Dry Chillies,Other,FAQ,2010-02-02 00:00:00,3500.0,5000.0,4800.0,132
Gujarat,Vadodara(Baroda),Vadodara,Dry Chillies,Other,FAQ,2010-02-11 00:00:00,3500.0,5000.0,4500.0,132
Gujarat,Vadodara(Baroda),Vadodara,Dry Chillies,Other,FAQ,2010-02-13 00:00:00,2500.0,4500.0,4000.0,132
Gujarat,Vadodara(Baroda),Vadodara,Dry Chillies,Other,FAQ,2010-02-15 00:00:00,2500.0,4500.0,4000.0,132
Gujarat,Vadodara(Baroda),Vadodara,Dry Chillies,Other,FAQ,2010-02-18 00:00:00,2500.0,4500.0,4000.0,132
Gujarat,Vadodara(Baroda),Vadodara,Dry Chillies,Other,FAQ,2010-02-24 00:00:00,2500.0,4500.0,4000.0,132
Gujarat,Vadodara(Baroda),Vadodara,Dry Chillies,Other,FAQ,2010-03-06 00:00:00,3000.0,5000.0,4500.0,132
Gujarat,Vadodara(Baroda),Vadodara,Dry Chillies,Other,FAQ,2010-03-12 00:00:00,3000.0,5000.0,4500.0,132
Gujarat,Vadodara(Baroda),Vadodara,Dry Chillies,Other,FAQ,2010-03-18 00:00:00,3500.0,5000.0,4500.0,132
Gujarat,Vadodara(Baroda),Vadodara,Dry Chillies,Other,FAQ,2010-03-20 00:00:00,3500.0,5000.0,4500.0,132
Gujarat,Vadodara(Baroda),Vadodara,Dry Chillies,Other,FAQ,2010-03-29 00:00:00,3500.0,5000.0,4500.0,132
Gujarat,Vadodara(Baroda),Vadodara,Dry Chillies,Other,FAQ,2010-03-30 00:00:00,3500.0,5000.0,4500.0,132
Gujarat,Vadodara(Baroda),Vadodara,Dry Chillies,Other,FAQ,2010-04-19 00:00:00,3500.0,5000.0,5000.0,132
Gujarat,Vadodara(Baroda),Vadodara,Dry Chillies,Other,FAQ,2010-04-24 00:00:00,6000.0,10000.0,8500.0,132
Gujarat,Vadodara(Baroda),Vadodara,Dry Chillies,Other,FAQ,2010-04-28 00:00:00,6000.0,10000.0,8000.0,132
Gujarat,Vadodara(Baroda),Vadodara,Dry Chillies,Other,FAQ,2010-06-09 00:00:00,2200.0,4500.0,4200.0,132
Gujarat,Vadodara(Baroda),Vadodara,Dry Chillies,Other,FAQ,2010-07-14 00:00:00,4500.0,6000.0,5500.0,132
Gujarat,Vadodara(Baroda),Vadodara,Dry Chillies,Other,FAQ,2010-07-15 00:00:00,4500.0,6000.0,5500.0,132
Gujarat,Vadodara(Baroda),Vadodara,Dry Chillies,Other,FAQ,2010-07-20 00:00:00,4500.0,6000.0,5500.0,132
Gujarat,Vadodara(Baroda),Vadodara,Dry Chillies,Other,FAQ,2010-07-21 00:00:00,4500.0,6000.0,5500.0,132
Gujarat,Vadodara(Baroda),Vadodara,Dry Chillies,Other,FAQ,2010-08-03 00:00:00,5000.0,6300.0,6000.0,132
Gujarat,Vadodara(Baroda),Vadodara,Dry Chillies,Other,FAQ,2010-08-09 00:00:00,5000.0,7000.0,6500.0,132
Gujarat,Vadodara(Baroda),Vadodara,Dry Chillies,Other,FAQ,2010-08-11 00:00:00,5000.0,7000.0,6000.0,132
Gujarat,Vadodara(Baroda),Vadodara,Dry Chillies,Other,FAQ,2010-08-16 00:00:00,5000.0,6500.0,6000.0,132
Gujarat,Vadodara(Baroda),Vadodara,Dry Chillies,Other,FAQ,2010-08-26 00:00:00,5000.0,6000.0,5500.0,132
Gujarat,Vadodara(Baroda),Vadodara,Dry Chillies,Other,FAQ,2010-09-04 00:00:00,5000.0,6000.0,5500.0,132
Gujarat,Vadodara(Baroda),Vadodara,Dry Chillies,Other,FAQ,2010-09-17 00:00:00,5000.0,6000.0,5500.0,132
Gujarat,Vadodara(Baroda),Vadodara,Dry Chillies,Other,FAQ,2010-09-27 00:00:00,5000.0,7000.0,6000.0,132
Gujarat,Vadodara(Baroda),Vadodara,Dry Chillies,Other,FAQ,2010-10-01 00:00:00,5000.0,7000.0,6500.0,132
Gujarat,Vadodara(Baroda),Vadodara,Dry Chillies,Other,FAQ,2010-10-05 00:00:00,5000.0,7000.0,6500.0,132
Gujarat,Vadodara(Baroda),Vadodara,Dry Chillies,Other,FAQ,2010-10-15 00:00:00,7000.0,12000.0,11000.0,132
Gujarat,Vadodara(Baroda),Vadodara,Dry Chillies,Other,FAQ,2010-10-16 00:00:00,5000.0,7000.0,6000.0,132
Gujarat,Vadodara(Baroda),Vadodara,Dry Chillies,Other,FAQ,2010-10-26 00:00:00,6000.0,6500.0,6300.0,132
Gujarat,Vadodara(Baroda),Vadodara,Dry Chillies,Other,FAQ,2010-10-28 00:00:00,6000.0,6500.0,6300.0,132
Gujarat,Vadodara(Baroda),Vadodara,Dry Chillies,Other,FAQ,2010-11-15 00:00:00,5000.0,5500.0,5300.0,132
Gujarat,Vadodara(Baroda),Vadodara,Dry Chillies,Other,FAQ,2010-11-19 00:00:00,5000.0,5500.0,5300.0,132
Gujarat,Vadodara(Baroda),Vadodara,Dry Chillies,Other,FAQ,2010-11-22 00:00:00,5000.0,5500.0,5300.0,132
Gujarat,Vadodara(Baroda),Vadodara,Dry Chillies,Other,FAQ,2010-11-25 00:00:00,5000.0,5500.0,5300.0,132
Gujarat,Vadodara(Baroda),Vadodara,Dry Chillies,Other,FAQ,2010-12-03 00:00:00,7000.0,13500.0,12000.0,132
Gujarat,Vadodara(Baroda),Vadodara,Dry Chillies,Other,FAQ,2010-12-14 00:00:00,5000.0,6500.0,6300.0,132
Gujarat,Vadodara(Baroda),Vadodara,Dry Chillies,Other,FAQ,2010-12-28 00:00:00,3500.0,5500.0,5500.0,132
Gujarat,Vadodara(Baroda),Vadodara,Dry Chillies,Other,FAQ,2010-12-30 00:00:00,3500.0,5500.0,5300.0,132
Gujarat,Jamnagar,Jamnagar,Dry Chillies,1st Sort,FAQ,2025-01-29 00:00:00,2500.0,17700.0,10350.0,132
Gujarat,Rajkot,Rajkot,Dry Chillies,Red,FAQ,2025-01-06 00:00:00,5000.0,12275.0,10250.0,132
Gujarat,Rajkot,Rajkot,Dry Chillies,Red,FAQ,2025-01-29 00:00:00,4000.0,13750.0,10500.0,132
Gujarat,Dahod,Dahod,Dry Chillies,Dry Chillies,FAQ,2025-01-01 00:00:00,15000.0,21500.0,21000.0,132
Gujarat,Dahod,Dahod,Dry Chillies,Dry Chillies,FAQ,2025-01-04 00:00:00,15000.0,21500.0,20000.0,132
Gujarat,Dahod,Dahod,Dry Chillies,Dry Chillies,FAQ,2025-01-17 00:00:00,12000.0,20000.0,17000.0,132
Gujarat,Jamnagar,Jamnagar,Dry Chillies,1st Sort,FAQ,2025-01-24 00:00:00,2500.0,18000.0,11225.0,132
Gujarat,Jamnagar,Jamnagar,Dry Chillies,1st Sort,FAQ,2025-01-27 00:00:00,2500.0,19025.0,10925.0,132
Gujarat,Rajkot,Rajkot,Dry Chillies,Red,FAQ,2025-01-28 00:00:00,4000.0,12000.0,10500.0,132
Gujarat,Dahod,Dahod,Dry Chillies,Dry Chillies,FAQ,2024-10-07 00:00:00,15000.0,24500.0,22000.0,132
Gujarat,Dahod,Dahod,Dry Chillies,Dry Chillies,FAQ,2024-10-14 00:00:00,15000.0,24500.0,22000.0,132
Gujarat,Rajkot,Rajkot,Dry Chillies,Red,FAQ,2024-10-03 00:00:00,15755.0,15755.0,15755.0,132
Gujarat,Dahod,Dahod,Dry Chillies,Other,FAQ,2005-01-10 00:00:00,2250.0,3000.0,2750.0,132
Gujarat,Dahod,Dahod,Dry Chillies,Other,FAQ,2005-01-12 00:00:00,2000.0,3250.0,3000.0,132
Gujarat,Dahod,Dahod,Dry Chillies,Other,FAQ,2005-02-02 00:00:00,2250.0,3425.0,2800.0,132
Gujarat,Dahod,Dahod,Dry Chillies,Other,FAQ,2005-02-04 00:00:00,2400.0,3500.0,2950.0,132
Gujarat,Dahod,Dahod,Dry Chillies,Other,FAQ,2005-05-26 00:00:00,2000.0,3000.0,2600.0,132
Gujarat,Dahod,Dahod,Dry Chillies,Other,FAQ,2005-07-11 00:00:00,2000.0,3150.0,2875.0,132
Gujarat,Dahod,Dahod,Dry Chillies,Other,FAQ,2005-09-15 00:00:00,2000.0,3000.0,2500.0,132
Gujarat,Jamnagar,Jamnagar,Dry Chillies,Other,FAQ,2005-05-30 00:00:00,1400.0,2650.0,2025.0,132
Gujarat,Jamnagar,Jamnagar,Dry Chillies,Other,FAQ,2005-06-08 00:00:00,2000.0,3250.0,2625.0,132
Gujarat,Rajkot,Gondal,Dry Chillies,Other,FAQ,2005-02-14 00:00:00,3755.0,5955.0,4255.0,132
Gujarat,Rajkot,Gondal,Dry Chillies,Other,FAQ,2005-02-16 00:00:00,3755.0,6230.0,4255.0,132
Gujarat,Rajkot,Gondal,Dry Chillies,Other,FAQ,2005-02-17 00:00:00,3255.0,6255.0,4505.0,132
Gujarat,Rajkot,Gondal,Dry Chillies,Other,FAQ,2005-03-07 00:00:00,1255.0,6430.0,4855.0,132
Gujarat,Rajkot,Jetpur(Dist.Rajkot),Dry Chillies,Other,FAQ,2005-02-17 00:00:00,2000.0,5500.0,5100.0,132
Gujarat,Rajkot,Jetpur(Dist.Rajkot),Dry Chillies,Other,FAQ,2005-02-28 00:00:00,4000.0,5500.0,5000.0,132
Gujarat,Rajkot,Jetpur(Dist.Rajkot),Dry Chillies,Other,FAQ,2005-03-05 00:00:00,2500.0,5250.0,5000.0,132
Gujarat,Rajkot,Jetpur(Dist.Rajkot),Dry Chillies,Other,FAQ,2005-03-16 00:00:00,2000.0,5680.0,5600.0,132
Gujarat,Rajkot,Jetpur(Dist.Rajkot),Dry Chillies,Other,FAQ,2005-03-18 00:00:00,1750.0,5375.0,5300.0,132
Gujarat,Rajkot,Jetpur(Dist.Rajkot),Dry Chillies,Other,FAQ,2005-03-25 00:00:00,1750.0,6360.0,5750.0,132
Gujarat,Rajkot,Jetpur(Dist.Rajkot),Dry Chillies,Other,FAQ,2005-04-02 00:00:00,1500.0,6250.0,5525.0,132
Gujarat,Rajkot,Jetpur(Dist.Rajkot),Dry Chillies,Other,FAQ,2005-04-08 00:00:00,1250.0,6400.0,5525.0,132
Gujarat,Rajkot,Jetpur(Dist.Rajkot),Dry Chillies,Other,FAQ,2005-04-12 00:00:00,1255.0,6450.0,2125.0,132
Gujarat,Rajkot,Jetpur(Dist.Rajkot),Dry Chillies,Other,FAQ,2005-04-19 00:00:00,1250.0,5900.0,5000.0,132
Gujarat,Rajkot,Jetpur(Dist.Rajkot),Dry Chillies,Other,FAQ,2005-04-21 00:00:00,1150.0,6125.0,5000.0,132
Gujarat,Rajkot,Jetpur(Dist.Rajkot),Dry Chillies,Other,FAQ,2005-04-22 00:00:00,1000.0,5540.0,5000.0,132
Gujarat,Rajkot,Rajkot,Dry Chillies,Local,FAQ,2005-02-12 00:00:00,1050.0,5000.0,2800.0,132
Gujarat,Rajkot,Rajkot,Dry Chillies,Local,FAQ,2005-02-25 00:00:00,1250.0,6450.0,4500.0,132
Gujarat,Rajkot,Rajkot,Dry Chillies,Local,FAQ,2005-03-02 00:00:00,1250.0,5750.0,4500.0,132
Gujarat,Rajkot,Rajkot,Dry Chillies,Local,FAQ,2005-03-07 00:00:00,1000.0,5250.0,4200.0,132
Gujarat,Rajkot,Rajkot,Dry Chillies,Local,FAQ,2005-03-12 00:00:00,1000.0,5750.0,4500.0,132
Gujarat,Rajkot,Rajkot,Dry Chillies,Local,FAQ,2005-03-15 00:00:00,1000.0,5500.0,4250.0,132
Gujarat,Rajkot,Rajkot,Dry Chillies,Local,FAQ,2005-06-07 00:00:00,1000.0,3125.0,2500.0,132
Gujarat,Vadodara(Baroda),Vadodara,Dry Chillies,Other,FAQ,2006-11-25 00:00:00,4500.0,5500.0,5000.0,132
Gujarat,Vadodara(Baroda),Vadodara,Dry Chillies,Other,FAQ,2006-12-22 00:00:00,3100.0,5500.0,4300.0,132
Gujarat,Vadodara(Baroda),Vadodara,Dry Chillies,Other,FAQ,2006-12-26 00:00:00,4000.0,6000.0,5000.0,132
Gujarat,Dahod,Dahod,Dry Chillies,Dry Chillies,FAQ,2021-01-04 00:00:00,15000.0,22500.0,20000.0,132
Gujarat,Dahod,Dahod,Dry Chillies,Dry Chillies,FAQ,2021-01-22 00:00:00,15000.0,22500.0,20000.0,132
Gujarat,Dahod,Dahod,Dry Chillies,Dry Chillies,FAQ,2021-01-28 00:00:00,15000.0,22500.0,21000.0,132
Gujarat,Dahod,Dahod,Dry Chillies,Dry Chillies,FAQ,2021-02-05 00:00:00,15000.0,20000.0,18000.0,132
Gujarat,Dahod,Dahod,Dry Chillies,Dry Chillies,FAQ,2021-02-13 00:00:00,15000.0,20000.0,17750.0,132
Gujarat,Dahod,Dahod,Dry Chillies,Dry Chillies,FAQ,2021-02-19 00:00:00,15000.0,20000.0,18000.0,132
Gujarat,Dahod,Dahod,Dry Chillies,Dry Chillies,FAQ,2021-02-24 00:00:00,15000.0,20000.0,19125.0,132
Gujarat,Dahod,Dahod,Dry Chillies,Dry Chillies,FAQ,2021-03-16 00:00:00,15000.0,19000.0,18500.0,132
Gujarat,Dahod,Dahod,Dry Chillies,Dry Chillies,FAQ,2021-03-24 00:00:00,15000.0,18875.0,18750.0,132
Gujarat,Dahod,Dahod,Dry Chillies,Dry Chillies,FAQ,2021-05-22 00:00:00,13000.0,18500.0,17500.0,132
Gujarat,Dahod,Dahod,Dry Chillies,Dry Chillies,FAQ,2021-05-25 00:00:00,13000.0,18500.0,17500.0,132
Gujarat,Dahod,Dahod,Dry Chillies,Dry Chillies,FAQ,2021-06-09 00:00:00,13000.0,17500.0,16500.0,132
Gujarat,Dahod,Dahod,Dry Chillies,Dry Chillies,FAQ,2021-07-01 00:00:00,13000.0,19000.0,17000.0,132
Gujarat,Dahod,Dahod,Dry Chillies,Dry Chillies,FAQ,2021-09-24 00:00:00,12000.0,18500.0,17400.0,132
Gujarat,Dahod,Dahod,Dry Chillies,Dry Chillies,FAQ,2021-10-01 00:00:00,12000.0,18500.0,15000.0,132
Gujarat,Dahod,Dahod,Dry Chillies,Dry Chillies,FAQ,2021-10-09 00:00:00,12000.0,18500.0,16500.0,132
Gujarat,Dahod,Dahod,Dry Chillies,Dry Chillies,FAQ,2021-10-23 00:00:00,12000.0,18000.0,16500.0,132
Gujarat,Dahod,Dahod,Dry Chillies,Dry Chillies,FAQ,2021-11-09 00:00:00,12000.0,18000.0,16500.0,132
Gujarat,Dahod,Dahod,Dry Chillies,Dry Chillies,FAQ,2021-12-09 00:00:00,10000.0,17500.0,16000.0,132
Gujarat,Dahod,Dahod,Dry Chillies,Dry Chillies,FAQ,2021-12-30 00:00:00,10500.0,20000.0,17000.0,132
Gujarat,Jamnagar,Jamnagar,Dry Chillies,1st Sort,FAQ,2021-01-13 00:00:00,8500.0,15500.0,12000.0,132
Gujarat,Jamnagar,Jamnagar,Dry Chillies,1st Sort,FAQ,2021-01-15 00:00:00,7500.0,15775.0,11638.0,132
Gujarat,Jamnagar,Jamnagar,Dry Chillies,1st Sort,FAQ,2021-01-20 00:00:00,6000.0,16275.0,11138.0,132
Gujarat,Jamnagar,Jamnagar,Dry Chillies,1st Sort,FAQ,2021-01-27 00:00:00,7525.0,15025.0,11275.0,132
Gujarat,Jamnagar,Jamnagar,Dry Chillies,1st Sort,FAQ,2021-01-28 00:00:00,7000.0,15900.0,11450.0,132
Gujarat,Jamnagar,Jamnagar,Dry Chillies,1st Sort,FAQ,2021-02-09 00:00:00,7700.0,15125.0,11413.0,132
Gujarat,Jamnagar,Jamnagar,Dry Chillies,1st Sort,FAQ,2021-03-01 00:00:00,5525.0,14500.0,10013.0,132
Gujarat,Jamnagar,Jamnagar,Dry Chillies,1st Sort,FAQ,2021-03-04 00:00:00,7000.0,13750.0,10375.0,132
Gujarat,Jamnagar,Jamnagar,Dry Chillies,1st Sort,FAQ,2021-03-06 00:00:00,4000.0,19350.0,11675.0,132
Gujarat,Rajkot,Gondal,Dry Chillies,Bold 1,FAQ,2021-01-07 00:00:00,3755.0,17505.0,13505.0,132
Gujarat,Rajkot,Gondal,Dry Chillies,Bold 1,FAQ,2021-01-30 00:00:00,4005.0,16255.0,13255.0,132
Gujarat,Rajkot,Gondal,Dry Chillies,Bold 1,FAQ,2021-02-03 00:00:00,3755.0,15505.0,12755.0,132
Gujarat,Rajkot,Gondal,Dry Chillies,Bold 1,FAQ,2021-02-06 00:00:00,4505.0,15505.0,13005.0,132
Gujarat,Rajkot,Gondal,Dry Chillies,Bold 1,FAQ,2021-02-23 00:00:00,5255.0,14255.0,11755.0,132
Gujarat,Rajkot,Gondal,Dry Chillies,Bold 1,FAQ,2021-02-24 00:00:00,4755.0,13755.0,11755.0,132
Gujarat,Rajkot,Rajkot,Dry Chillies,Red,FAQ,2021-01-02 00:00:00,7500.0,17500.0,11000.0,132
Gujarat,Rajkot,Rajkot,Dry Chillies,Red,FAQ,2021-01-04 00:00:00,7525.0,16000.0,11950.0,132
Gujarat,Rajkot,Rajkot,Dry Chillies,Red,FAQ,2021-01-05 00:00:00,7750.0,17000.0,13750.0,132
Gujarat,Rajkot,Rajkot,Dry Chillies,Red,FAQ,2021-01-08 00:00:00,7700.0,15000.0,12500.0,132
Gujarat,Rajkot,Rajkot,Dry Chillies,Red,FAQ,2021-01-12 00:00:00,7500.0,14525.0,12525.0,132
Gujarat,Rajkot,Rajkot,Dry Chillies,Red,FAQ,2021-01-25 00:00:00,7000.0,16500.0,10500.0,132
Gujarat,Rajkot,Rajkot,Dry Chillies,Red,FAQ,2021-02-08 00:00:00,9500.0,16000.0,13500.0,132
Gujarat,Rajkot,Rajkot,Dry Chillies,Red,FAQ,2021-02-09 00:00:00,9000.0,15750.0,13000.0,132
Gujarat,Rajkot,Rajkot,Dry Chillies,Red,FAQ,2021-02-11 00:00:00,8500.0,15000.0,13400.0,132
Gujarat,Rajkot,Rajkot,Dry Chillies,Red,FAQ,2021-02-24 00:00:00,8000.0,12750.0,11250.0,132
Gujarat,Rajkot,Rajkot,Dry Chillies,Red,FAQ,2021-03-13 00:00:00,8500.0,14000.0,12000.0,132
Gujarat,Rajkot,Rajkot,Dry Chillies,Red,FAQ,2021-03-17 00:00:00,10500.0,13725.0,11250.0,132
Gujarat,Rajkot,Rajkot,Dry Chillies,Red,FAQ,2021-04-06 00:00:00,8000.0,13500.0,11250.0,132
Gujarat,Rajkot,Rajkot,Dry Chillies,Red,FAQ,2021-04-09 00:00:00,8000.0,13000.0,10500.0,132
Gujarat,Rajkot,Rajkot,Dry Chillies,Red,FAQ,2021-04-12 00:00:00,8000.0,13500.0,11250.0,132
Gujarat,Rajkot,Rajkot,Dry Chillies,Red,FAQ,2021-05-25 00:00:00,2000.0,11000.0,5750.0,132
Gujarat,Rajkot,Rajkot,Dry Chillies,Red,FAQ,2021-05-31 00:00:00,2000.0,8525.0,5500.0,132
Gujarat,Rajkot,Rajkot,Dry Chillies,Red,FAQ,2021-06-01 00:00:00,2000.0,10000.0,5500.0,132
Gujarat,Rajkot,Rajkot,Dry Chillies,Red,FAQ,2021-06-04 00:00:00,1250.0,8000.0,5500.0,132
Gujarat,Rajkot,Rajkot,Dry Chillies,Red,FAQ,2021-06-28 00:00:00,2000.0,8000.0,3500.0,132
Gujarat,Rajkot,Rajkot,Dry Chillies,Red,FAQ,2021-06-30 00:00:00,1000.0,2000.0,1250.0,132
Gujarat,Rajkot,Rajkot,Dry Chillies,Red,FAQ,2021-11-16 00:00:00,3000.0,10000.0,6250.0,132
Gujarat,Rajkot,Rajkot,Dry Chillies,Red,FAQ,2021-11-17 00:00:00,3050.0,10050.0,6550.0,132
Gujarat,Rajkot,Rajkot,Dry Chillies,Red,FAQ,2021-11-22 00:00:00,3000.0,12500.0,8000.0,132
Gujarat,Rajkot,Rajkot,Dry Chillies,Red,FAQ,2021-12-10 00:00:00,6000.0,14000.0,9500.0,132
Gujarat,Rajkot,Rajkot,Dry Chillies,Red,FAQ,2021-12-15 00:00:00,6000.0,17000.0,9000.0,132
Gujarat,Rajkot,Rajkot,Dry Chillies,Red,FAQ,2021-12-17 00:00:00,7500.0,19000.0,11000.0,132
Gujarat,Rajkot,Rajkot,Dry Chillies,Red,FAQ,2021-12-24 00:00:00,7000.0,17400.0,13350.0,132
Gujarat,Rajkot,Rajkot,Dry Chillies,Red,FAQ,2021-12-29 00:00:00,6750.0,13500.0,11250.0,132
Gujarat,Dahod,Dahod,Dry Chillies,Dry Chillies,FAQ,2020-01-15 00:00:00,11500.0,22500.0,21000.0,132
Gujarat,Dahod,Dahod,Dry Chillies,Dry Chillies,FAQ,2020-01-22 00:00:00,15000.0,24000.0,20000.0,132
Gujarat,Dahod,Dahod,Dry Chillies,Dry Chillies,FAQ,2020-01-25 00:00:00,12000.0,24000.0,21000.0,132
Gujarat,Dahod,Dahod,Dry Chillies,Dry Chillies,FAQ,2020-02-28 00:00:00,12000.0,23500.0,20000.0,132
Gujarat,Dahod,Dahod,Dry Chillies,Dry Chillies,FAQ,2020-03-11 00:00:00,8000.0,19000.0,17500.0,132
Gujarat,Dahod,Dahod,Dry Chillies,Dry Chillies,FAQ,2020-04-28 00:00:00,13500.0,18500.0,17500.0,132
Gujarat,Dahod,Dahod,Dry Chillies,Dry Chillies,FAQ,2020-05-13 00:00:00,15000.0,19250.0,18000.0,132
Gujarat,Dahod,Dahod,Dry Chillies,Dry Chillies,FAQ,2020-05-25 00:00:00,15000.0,19250.0,18000.0,132
Gujarat,Dahod,Dahod,Dry Chillies,Dry Chillies,FAQ,2020-05-30 00:00:00,12000.0,19000.0,17000.0,132
Gujarat,Dahod,Dahod,Dry Chillies,Dry Chillies,FAQ,2020-06-02 00:00:00,12000.0,19500.0,17500.0,132
Gujarat,Dahod,Dahod,Dry Chillies,Dry Chillies,FAQ,2020-06-04 00:00:00,11500.0,19500.0,17500.0,132
Gujarat,Dahod,Dahod,Dry Chillies,Dry Chillies,FAQ,2020-06-09 00:00:00,12000.0,19000.0,17000.0,132
Gujarat,Dahod,Dahod,Dry Chillies,Dry Chillies,FAQ,2020-06-13 00:00:00,11500.0,19250.0,17250.0,132
Gujarat,Dahod,Dahod,Dry Chillies,Dry Chillies,FAQ,2020-06-15 00:00:00,11000.0,19000.0,17500.0,132
Gujarat,Dahod,Dahod,Dry Chillies,Dry Chillies,FAQ,2020-06-16 00:00:00,11000.0,19000.0,12500.0,132
Gujarat,Dahod,Dahod,Dry Chillies,Dry Chillies,FAQ,2020-06-20 00:00:00,11500.0,17500.0,14500.0,132
Gujarat,Dahod,Dahod,Dry Chillies,Dry Chillies,FAQ,2020-06-23 00:00:00,10000.0,17500.0,15000.0,132
Gujarat,Dahod,Dahod,Dry Chillies,Dry Chillies,FAQ,2020-09-04 00:00:00,10000.0,17500.0,15500.0,132
Gujarat,Dahod,Dahod,Dry Chillies,Dry Chillies,FAQ,2020-09-10 00:00:00,10000.0,17250.0,16500.0,132
Gujarat,Dahod,Dahod,Dry Chillies,Dry Chillies,FAQ,2020-09-14 00:00:00,10000.0,17250.0,16500.0,132
Gujarat,Dahod,Dahod,Dry Chillies,Dry Chillies,FAQ,2020-09-30 00:00:00,15000.0,19500.0,18625.0,132
Gujarat,Dahod,Dahod,Dry Chillies,Dry Chillies,FAQ,2020-10-19 00:00:00,15000.0,19500.0,18000.0,132
Gujarat,Dahod,Dahod,Dry Chillies,Dry Chillies,FAQ,2020-10-20 00:00:00,15000.0,19500.0,18000.0,132
Gujarat,Dahod,Dahod,Dry Chillies,Dry Chillies,FAQ,2020-10-23 00:00:00,15000.0,19500.0,18000.0,132
Gujarat,Dahod,Dahod,Dry Chillies,Dry Chillies,FAQ,2020-11-17 00:00:00,15000.0,22000.0,19000.0,132
Gujarat,Dahod,Dahod,Dry Chillies,Dry Chillies,FAQ,2020-11-30 00:00:00,15000.0,22000.0,19000.0,132
Gujarat,Dahod,Dahod,Dry Chillies,Dry Chillies,FAQ,2020-12-01 00:00:00,15000.0,22000.0,20000.0,132
Gujarat,Dahod,Dahod,Dry Chillies,Dry Chillies,FAQ,2020-12-02 00:00:00,15000.0,22000.0,21000.0,132
Gujarat,Dahod,Dahod,Dry Chillies,Dry Chillies,FAQ,2020-12-11 00:00:00,15000.0,22500.0,20000.0,132
Gujarat,Jamnagar,Jamnagar,Dry Chillies,1st Sort,FAQ,2020-01-07 00:00:00,4000.0,16450.0,10225.0,132
Gujarat,Jamnagar,Jamnagar,Dry Chillies,1st Sort,FAQ,2020-12-22 00:00:00,2500.0,4225.0,3363.0,132
Gujarat,Rajkot,Gondal,Dry Chillies,Bold 1,FAQ,2020-01-08 00:00:00,6005.0,17505.0,16005.0,132
Gujarat,Rajkot,Gondal,Dry Chillies,Bold 1,FAQ,2020-01-23 00:00:00,3630.0,14255.0,11255.0,132
Gujarat,Rajkot,Gondal,Dry Chillies,Bold 1,FAQ,2020-01-28 00:00:00,3250.0,14005.0,10755.0,132
Gujarat,Rajkot,Gondal,Dry Chillies,Bold 1,FAQ,2020-02-03 00:00:00,2880.0,12255.0,10255.0,132
Gujarat,Rajkot,Gondal,Dry Chillies,Bold 1,FAQ,2020-02-07 00:00:00,2505.0,12505.0,9755.0,132
Gujarat,Rajkot,Gondal,Dry Chillies,Bold 1,FAQ,2020-02-08 00:00:00,2505.0,12005.0,9755.0,132
Gujarat,Dahod,Dahod,Dry Chillies,Dry Chillies,FAQ,2024-06-18 00:00:00,13000.0,24500.0,22500.0,132
Gujarat,Rajkot,Gondal,Dry Chillies,Bold 1,FAQ,2024-06-01 00:00:00,3755.0,14255.0,10255.0,132
Gujarat,Rajkot,Gondal,Dry Chillies,Bold 1,FAQ,2024-06-15 00:00:00,4255.0,12005.0,9755.0,132
Gujarat,Rajkot,Gondal,Dry Chillies,Bold 1,FAQ,2024-06-19 00:00:00,3505.0,9255.0,8005.0,132
Gujarat,Rajkot,Gondal,Dry Chillies,Bold 1,FAQ,2024-06-20 00:00:00,3755.0,11255.0,9755.0,132
Gujarat,Rajkot,Gondal,Dry Chillies,Bold 1,FAQ,2024-06-21 00:00:00,4005.0,9255.0,6505.0,132
Gujarat,Rajkot,Rajkot,Dry Chillies,Red,FAQ,2024-06-07 00:00:00,3750.0,9000.0,8150.0,132
Gujarat,Rajkot,Rajkot,Dry Chillies,Red,FAQ,2024-06-11 00:00:00,5000.0,17000.0,15000.0,132
Gujarat,Dahod,Dahod,Dry Chillies,Dry Chillies,FAQ,2024-01-04 00:00:00,20000.0,27500.0,26850.0,132
Gujarat,Dahod,Dahod,Dry Chillies,Dry Chillies,FAQ,2024-01-05 00:00:00,20000.0,27500.0,26850.0,132
Gujarat,Dahod,Dahod,Dry Chillies,Dry Chillies,FAQ,2024-02-19 00:00:00,15000.0,25000.0,20000.0,132
Gujarat,Dahod,Dahod,Dry Chillies,Dry Chillies,FAQ,2024-03-22 00:00:00,15000.0,25500.0,25000.0,132
Gujarat,Dahod,Dahod,Dry Chillies,Dry Chillies,FAQ,2024-04-09 00:00:00,15000.0,24500.0,23500.0,132
Gujarat,Dahod,Dahod,Dry Chillies,Dry Chillies,FAQ,2024-04-16 00:00:00,15000.0,24500.0,23500.0,132
Gujarat,Jamnagar,Jamnagar,Dry Chillies,1st Sort,FAQ,2024-01-17 00:00:00,6000.0,15000.0,11250.0,132
Gujarat,Jamnagar,Jamnagar,Dry Chillies,1st Sort,FAQ,2024-01-18 00:00:00,4000.0,16250.0,12250.0,132
Gujarat,Jamnagar,Jamnagar,Dry Chillies,1st Sort,FAQ,2024-01-29 00:00:00,4125.0,26525.0,16250.0,132
Gujarat,Jamnagar,Jamnagar,Dry Chillies,1st Sort,FAQ,2024-02-07 00:00:00,6000.0,21025.0,14250.0,132
Gujarat,Jamnagar,Jamnagar,Dry Chillies,1st Sort,FAQ,2024-02-09 00:00:00,19000.0,33500.0,27350.0,132
Gujarat,Jamnagar,Jamnagar,Dry Chillies,1st Sort,FAQ,2024-02-14 00:00:00,4000.0,19350.0,13250.0,132
Gujarat,Jamnagar,Jamnagar,Dry Chillies,1st Sort,FAQ,2024-02-22 00:00:00,5025.0,18000.0,12350.0,132
Gujarat,Jamnagar,Jamnagar,Dry Chillies,1st Sort,FAQ,2024-02-24 00:00:00,6200.0,22000.0,14550.0,132
Gujarat,Jamnagar,Jamnagar,Dry Chillies,1st Sort,FAQ,2024-03-04 00:00:00,6000.0,24800.0,16750.0,132
Gujarat,Jamnagar,Jamnagar,Dry Chillies,1st Sort,FAQ,2024-03-18 00:00:00,4500.0,12400.0,8750.0,132
Gujarat,Jamnagar,Jamnagar,Dry Chillies,1st Sort,FAQ,2024-03-19 00:00:00,4000.0,12500.0,8675.0,132
Gujarat,Rajkot,Gondal,Dry Chillies,Bold 1,FAQ,2024-01-08 00:00:00,4755.0,21255.0,15005.0,132
Gujarat,Rajkot,Gondal,Dry Chillies,Bold 1,FAQ,2024-01-16 00:00:00,5005.0,21505.0,14005.0,132
Gujarat,Rajkot,Gondal,Dry Chillies,Bold 1,FAQ,2024-01-17 00:00:00,4755.0,21255.0,13505.0,132
Gujarat,Rajkot,Gondal,Dry Chillies,Bold 1,FAQ,2024-01-23 00:00:00,4005.0,17505.0,11755.0,132
Gujarat,Rajkot,Gondal,Dry Chillies,Bold 1,FAQ,2024-01-24 00:00:00,4505.0,19005.0,12755.0,132
Gujarat,Rajkot,Gondal,Dry Chillies,Bold 1,FAQ,2024-02-08 00:00:00,4505.0,19505.0,13255.0,132
Gujarat,Rajkot,Gondal,Dry Chillies,Bold 1,FAQ,2024-02-13 00:00:00,4755.0,20505.0,12505.0,132
Gujarat,Rajkot,Gondal,Dry Chillies,Bold 1,FAQ,2024-02-14 00:00:00,4755.0,19005.0,12505.0,132
Gujarat,Rajkot,Gondal,Dry Chillies,Bold 1,FAQ,2024-02-15 00:00:00,4755.0,19505.0,12505.0,132
Gujarat,Rajkot,Gondal,Dry Chillies,Bold 1,FAQ,2024-02-22 00:00:00,5005.0,19005.0,12255.0,132
Gujarat,Rajkot,Gondal,Dry Chillies,Bold 1,FAQ,2024-02-27 00:00:00,4255.0,19005.0,12005.0,132
Gujarat,Rajkot,Gondal,Dry Chillies,Bold 1,FAQ,2024-03-07 00:00:00,4005.0,18505.0,11255.0,132
Gujarat,Rajkot,Gondal,Dry Chillies,Bold 1,FAQ,2024-03-11 00:00:00,3505.0,14005.0,9005.0,132
Gujarat,Rajkot,Gondal,Dry Chillies,Bold 1,FAQ,2024-03-13 00:00:00,3755.0,12755.0,7755.0,132
Gujarat,Rajkot,Gondal,Dry Chillies,Bold 1,FAQ,2024-03-14 00:00:00,3505.0,16005.0,8755.0,132
Gujarat,Rajkot,Gondal,Dry Chillies,Bold 1,FAQ,2024-04-05 00:00:00,2505.0,26005.0,16005.0,132
Gujarat,Rajkot,Gondal,Dry Chillies,Bold 1,FAQ,2024-04-08 00:00:00,3005.0,15005.0,9005.0,132
Gujarat,Rajkot,Gondal,Dry Chillies,Bold 1,FAQ,2024-04-09 00:00:00,3005.0,17005.0,9755.0,132
Gujarat,Rajkot,Gondal,Dry Chillies,Bold 1,FAQ,2024-04-10 00:00:00,3505.0,17005.0,10755.0,132
Gujarat,Rajkot,Gondal,Dry Chillies,Bold 1,FAQ,2024-04-13 00:00:00,3005.0,16255.0,9005.0,132
Gujarat,Rajkot,Gondal,Dry Chillies,Bold 1,FAQ,2024-04-15 00:00:00,3005.0,14505.0,9255.0,132
Gujarat,Rajkot,Gondal,Dry Chillies,Bold 1,FAQ,2024-04-19 00:00:00,3005.0,14005.0,7505.0,132
Gujarat,Rajkot,Gondal,Dry Chillies,Bold 1,FAQ,2024-04-27 00:00:00,2505.0,23005.0,13005.0,132
Gujarat,Rajkot,Gondal,Dry Chillies,Bold 1,FAQ,2024-04-29 00:00:00,3005.0,22505.0,15505.0,132
Gujarat,Rajkot,Rajkot,Dry Chillies,Red,FAQ,2024-01-06 00:00:00,8000.0,20000.0,15500.0,132
Gujarat,Rajkot,Rajkot,Dry Chillies,Red,FAQ,2024-01-16 00:00:00,7500.0,18000.0,15000.0,132
Gujarat,Rajkot,Rajkot,Dry Chillies,Red,FAQ,2024-01-24 00:00:00,8000.0,19000.0,15000.0,132
Gujarat,Rajkot,Rajkot,Dry Chillies,Red,FAQ,2024-02-03 00:00:00,7500.0,19000.0,15000.0,132
Gujarat,Rajkot,Rajkot,Dry Chillies,Red,FAQ,2024-02-08 00:00:00,7500.0,19000.0,14500.0,132
Gujarat,Rajkot,Rajkot,Dry Chillies,Red,FAQ,2024-02-09 00:00:00,7750.0,19750.0,15050.0,132
Gujarat,Rajkot,Rajkot,Dry Chillies,Red,FAQ,2024-02-23 00:00:00,8000.0,20000.0,15250.0,132
Gujarat,Rajkot,Rajkot,Dry Chillies,Red,FAQ,2024-03-01 00:00:00,7000.0,18500.0,14000.0,132
Gujarat,Rajkot,Rajkot,Dry Chillies,Red,FAQ,2024-03-02 00:00:00,6000.0,18000.0,12500.0,132
Gujarat,Rajkot,Rajkot,Dry Chillies,Red,FAQ,2024-03-05 00:00:00,7250.0,18000.0,13000.0,132
Gujarat,Rajkot,Rajkot,Dry Chillies,Red,FAQ,2024-03-15 00:00:00,6000.0,18000.0,13500.0,132
Gujarat,Rajkot,Rajkot,Dry Chillies,Red,FAQ,2024-03-19 00:00:00,6750.0,17000.0,12500.0,132
Gujarat,Rajkot,Rajkot,Dry Chillies,Red,FAQ,2024-04-05 00:00:00,5750.0,17500.0,11000.0,132
Gujarat,Rajkot,Rajkot,Dry Chillies,Red,FAQ,2024-04-09 00:00:00,6500.0,19000.0,11750.0,132
Gujarat,Rajkot,Rajkot,Dry Chillies,Red,FAQ,2024-04-25 00:00:00,4500.0,13500.0,10000.0,132
Gujarat,Rajkot,Rajkot,Dry Chillies,Red,FAQ,2024-04-29 00:00:00,4000.0,12500.0,9000.0,132
Gujarat,Dahod,Dahod,Dry Chillies,Dry Chillies,FAQ,2025-03-03 00:00:00,12500.0,20000.0,15000.0,132
Gujarat,Dahod,Dahod,Dry Chillies,Dry Chillies,FAQ,2025-03-10 00:00:00,12500.0,20000.0,17500.0,132
Gujarat,Jamnagar,Jamnagar,Dry Chillies,1st Sort,FAQ,2025-03-06 00:00:00,2000.0,9500.0,6150.0,132
Gujarat,Rajkot,Rajkot,Dry Chillies,Red,FAQ,2025-03-06 00:00:00,4250.0,10250.0,8000.0,132
Gujarat,Rajkot,Rajkot,Dry Chillies,Red,FAQ,2025-03-19 00:00:00,4000.0,11000.0,8000.0,132
Gujarat,Dahod,Dahod,Dry Chillies,Dry Chillies,FAQ,2025-04-08 00:00:00,12500.0,17000.0,15000.0,132
Gujarat,Dahod,Dahod,Dry Chillies,Dry Chillies,FAQ,2025-04-17 00:00:00,12500.0,17500.0,16000.0,132
Gujarat,Dahod,Dahod,Dry Chillies,Dry Chillies,FAQ,2025-04-19 00:00:00,12500.0,17500.0,16500.0,132
Gujarat,Jamnagar,Jamnagar,Dry Chillies,1st Sort,FAQ,2025-04-18 00:00:00,2500.0,9000.0,6050.0,132
Gujarat,Rajkot,Rajkot,Dry Chillies,Red,FAQ,2025-04-08 00:00:00,4650.0,12025.0,8000.0,132
Gujarat,Rajkot,Rajkot,Dry Chillies,Red,FAQ,2025-04-23 00:00:00,4125.0,8000.0,6125.0,132
Gujarat,Rajkot,Rajkot,Dry Chillies,Red,FAQ,2025-04-26 00:00:00,5350.0,9300.0,6000.0,132
Gujarat,Rajkot,Rajkot,Dry Chillies,Red,FAQ,2025-04-28 00:00:00,4000.0,9125.0,6350.0,132
Gujarat,Dahod,Dahod,Dry Chillies,Dry Chillies,FAQ,2022-01-27 00:00:00,11000.0,20000.0,17500.0,132
Gujarat,Dahod,Dahod,Dry Chillies,Dry Chillies,FAQ,2022-01-31 00:00:00,11000.0,20000.0,17000.0,132
Gujarat,Dahod,Dahod,Dry Chillies,Dry Chillies,FAQ,2022-02-01 00:00:00,11000.0,20000.0,17500.0,132
Gujarat,Dahod,Dahod,Dry Chillies,Dry Chillies,FAQ,2022-02-12 00:00:00,11000.0,20000.0,13500.0,132
Gujarat,Dahod,Dahod,Dry Chillies,Dry Chillies,FAQ,2022-02-14 00:00:00,11000.0,20000.0,13500.0,132
Gujarat,Dahod,Dahod,Dry Chillies,Dry Chillies,FAQ,2022-02-15 00:00:00,11000.0,20000.0,15000.0,132
Gujarat,Dahod,Dahod,Dry Chillies,Dry Chillies,FAQ,2022-02-19 00:00:00,11000.0,20000.0,19000.0,132
Gujarat,Dahod,Dahod,Dry Chillies,Dry Chillies,FAQ,2022-02-21 00:00:00,11000.0,20000.0,19000.0,132
Gujarat,Dahod,Dahod,Dry Chillies,Dry Chillies,FAQ,2022-04-21 00:00:00,12000.0,21500.0,17000.0,132
Gujarat,Dahod,Dahod,Dry Chillies,Dry Chillies,FAQ,2022-05-09 00:00:00,12000.0,21500.0,20000.0,132
Gujarat,Dahod,Dahod,Dry Chillies,Dry Chillies,FAQ,2022-05-10 00:00:00,12000.0,21500.0,20000.0,132
Gujarat,Dahod,Dahod,Dry Chillies,Dry Chillies,FAQ,2022-05-25 00:00:00,12000.0,21500.0,20000.0,132
Gujarat,Dahod,Dahod,Dry Chillies,Dry Chillies,FAQ,2022-06-06 00:00:00,11000.0,22500.0,19000.0,132
Gujarat,Dahod,Dahod,Dry Chillies,Dry Chillies,FAQ,2022-06-09 00:00:00,11000.0,22500.0,19000.0,132
Gujarat,Dahod,Dahod,Dry Chillies,Dry Chillies,FAQ,2022-06-14 00:00:00,11000.0,23000.0,19500.0,132
Gujarat,Dahod,Dahod,Dry Chillies,Dry Chillies,FAQ,2022-06-21 00:00:00,12000.0,23500.0,19750.0,132
Gujarat,Dahod,Dahod,Dry Chillies,Dry Chillies,FAQ,2022-07-07 00:00:00,12000.0,23500.0,18500.0,132
Gujarat,Dahod,Dahod,Dry Chillies,Dry Chillies,FAQ,2022-09-14 00:00:00,13000.0,27500.0,22500.0,132
Gujarat,Dahod,Dahod,Dry Chillies,Dry Chillies,FAQ,2022-10-11 00:00:00,13000.0,27500.0,25000.0,132
Gujarat,Dahod,Dahod,Dry Chillies,Dry Chillies,FAQ,2022-10-19 00:00:00,13500.0,27500.0,25000.0,132
Gujarat,Dahod,Dahod,Dry Chillies,Dry Chillies,FAQ,2022-11-15 00:00:00,15000.0,20000.0,20000.0,132
Gujarat,Dahod,Dahod,Dry Chillies,Dry Chillies,FAQ,2022-12-09 00:00:00,15000.0,26000.0,25000.0,132
Gujarat,Dahod,Dahod,Dry Chillies,Dry Chillies,FAQ,2022-12-28 00:00:00,15000.0,26000.0,25000.0,132
Gujarat,Jamnagar,Jamnagar,Dry Chillies,1st Sort,FAQ,2022-02-16 00:00:00,4000.0,16400.0,10200.0,132
Gujarat,Rajkot,Gondal,Dry Chillies,Bold 1,FAQ,2022-06-14 00:00:00,3005.0,11505.0,4755.0,132
Gujarat,Rajkot,Gondal,Dry Chillies,Bold 1,FAQ,2022-06-17 00:00:00,4255.0,13505.0,11505.0,132
Gujarat,Rajkot,Gondal,Dry Chillies,Bold 1,FAQ,2022-06-20 00:00:00,4755.0,4755.0,4755.0,132
Gujarat,Rajkot,Rajkot,Dry Chillies,Red,FAQ,2022-01-04 00:00:00,6750.0,16000.0,12750.0,132
Gujarat,Rajkot,Rajkot,Dry Chillies,Red,FAQ,2022-01-12 00:00:00,4500.0,15500.0,12000.0,132
Gujarat,Rajkot,Rajkot,Dry Chillies,Red,FAQ,2022-01-15 00:00:00,4500.0,15500.0,12250.0,132
Gujarat,Rajkot,Rajkot,Dry Chillies,Red,FAQ,2022-02-04 00:00:00,6000.0,15250.0,12630.0,132
Gujarat,Rajkot,Rajkot,Dry Chillies,Red,FAQ,2022-02-08 00:00:00,6250.0,15500.0,13750.0,132
Gujarat,Rajkot,Rajkot,Dry Chillies,Red,FAQ,2022-02-10 00:00:00,5750.0,15500.0,13750.0,132
Gujarat,Rajkot,Rajkot,Dry Chillies,Red,FAQ,2022-02-11 00:00:00,5750.0,15625.0,13750.0,132
Gujarat,Rajkot,Rajkot,Dry Chillies,Red,FAQ,2022-02-25 00:00:00,5000.0,14200.0,12000.0,132
Gujarat,Rajkot,Rajkot,Dry Chillies,Red,FAQ,2022-02-26 00:00:00,5000.0,14500.0,12500.0,132
Gujarat,Rajkot,Rajkot,Dry Chillies,Red,FAQ,2022-03-12 00:00:00,5500.0,15000.0,13250.0,132
Gujarat,Rajkot,Rajkot,Dry Chillies,Red,FAQ,2022-03-15 00:00:00,5500.0,14750.0,12750.0,132
Gujarat,Rajkot,Rajkot,Dry Chillies,Red,FAQ,2022-04-02 00:00:00,5500.0,15250.0,12750.0,132
Gujarat,Rajkot,Rajkot,Dry Chillies,Red,FAQ,2022-04-13 00:00:00,5500.0,15500.0,13000.0,132
Gujarat,Rajkot,Rajkot,Dry Chillies,Red,FAQ,2022-04-15 00:00:00,4500.0,16000.0,13400.0,132
Gujarat,Rajkot,Rajkot,Dry Chillies,Red,FAQ,2022-04-27 00:00:00,5000.0,14000.0,11500.0,132
Gujarat,Rajkot,Rajkot,Dry Chillies,Red,FAQ,2022-05-02 00:00:00,4000.0,14000.0,12000.0,132
Gujarat,Rajkot,Rajkot,Dry Chillies,Red,FAQ,2022-05-06 00:00:00,5250.0,15000.0,11500.0,132
Gujarat,Rajkot,Rajkot,Dry Chillies,Red,FAQ,2022-05-25 00:00:00,8500.0,15500.0,13000.0,132
Gujarat,Rajkot,Rajkot,Dry Chillies,Red,FAQ,2022-06-04 00:00:00,8950.0,16000.0,13000.0,132
Gujarat,Rajkot,Rajkot,Dry Chillies,Red,FAQ,2022-06-07 00:00:00,9050.0,15900.0,12400.0,132
Gujarat,Rajkot,Rajkot,Dry Chillies,Red,FAQ,2022-06-13 00:00:00,11000.0,15000.0,14000.0,132
Gujarat,Rajkot,Rajkot,Dry Chillies,Red,FAQ,2022-11-15 00:00:00,12400.0,32050.0,23000.0,132
Gujarat,Rajkot,Rajkot,Dry Chillies,Red,FAQ,2022-11-23 00:00:00,9000.0,29000.0,20000.0,132
Gujarat,Rajkot,Rajkot,Dry Chillies,Red,FAQ,2022-11-29 00:00:00,16250.0,29050.0,26550.0,132
Gujarat,Rajkot,Rajkot,Dry Chillies,Red,FAQ,2022-12-10 00:00:00,9000.0,23000.0,16500.0,132
Gujarat,Rajkot,Rajkot APMC,Dry Chillies,Dry Chillies,FAQ,2025-11-12 00:00:00,5750.0,17200.0,12000.0,132
Gujarat,Dahod,Dahod APMC,Dry Chillies,Dry Chillies,FAQ,2025-11-13 00:00:00,11500.0,18000.0,15000.0,132
Gujarat,Rajkot,Rajkot APMC,Dry Chillies,Dry Chillies,FAQ,2025-11-18 00:00:00,5500.0,18000.0,6250.0,132
Gujarat,Dahod,Dahod APMC,Dry Chillies,Dry Chillies,Local,2025-11-17 00:00:00,11500.0,18500.0,15500.0,132
Gujarat,Rajkot,Rajkot APMC,Dry Chillies,Dry Chillies,FAQ,2025-11-19 00:00:00,5750.0,20000.0,10000.0,132
Gujarat,Dahod,Dahod APMC,Dry Chillies,Dry Chillies,FAQ,2025-11-22 00:00:00,11500.0,19000.0,15000.0,132
Gujarat,Rajkot,Rajkot APMC,Dry Chillies,Dry Chillies,FAQ,2025-11-24 00:00:00,5500.0,20500.0,10500.0,132
Gujarat,Rajkot,Rajkot APMC,Dry Chillies,Dry Chillies,FAQ,2025-11-25 00:00:00,5500.0,20500.0,11000.0,132
Gujarat,Dahod,Dahod APMC,Dry Chillies,Dry Chillies,FAQ,2025-11-26 00:00:00,11500.0,19000.0,16000.0,132
Gujarat,Rajkot,Gondal APMC,Dry Chillies,Dry Chillies,FAQ,2025-11-26 00:00:00,3755.0,21755.0,16755.0,132
Gujarat,Rajkot,Gondal APMC,Dry Chillies,Dry Chillies,FAQ,2025-11-27 00:00:00,3005.0,19755.0,15005.0,132
Gujarat,Jamnagar,Jamnagar APMC,Dry Chillies,Other,Local,2025-11-12 00:00:00,6775.0,14750.0,11225.0,132
Gujarat,Jamnagar,Jamnagar APMC,Dry Chillies,Other,Local,2025-11-13 00:00:00,1000.0,13025.0,10225.0,132
Gujarat,Jamnagar,Jamnagar,Dry Chillies,1st Sort,FAQ,2025-05-03 00:00:00,3500.0,11800.0,8050.0,132
Gujarat,Jamnagar,Jamnagar,Dry Chillies,1st Sort,FAQ,2025-05-14 00:00:00,4040.0,10000.0,7550.0,132
Gujarat,Jamnagar,Jamnagar,Dry Chillies,1st Sort,FAQ,2025-05-20 00:00:00,1250.0,6400.0,3925.0,132
Gujarat,Rajkot,Rajkot,Dry Chillies,Red,FAQ,2025-05-01 00:00:00,3250.0,7575.0,4000.0,132
Gujarat,Rajkot,Rajkot,Dry Chillies,Red,FAQ,2025-05-06 00:00:00,2505.0,7550.0,3500.0,132
Gujarat,Rajkot,Rajkot,Dry Chillies,Red,FAQ,2025-05-15 00:00:00,2755.0,8000.0,3755.0,132
Gujarat,Rajkot,Rajkot,Dry Chillies,Red,FAQ,2025-05-21 00:00:00,3500.0,6000.0,4500.0,132
Gujarat,Rajkot,Rajkot,Dry Chillies,Red,FAQ,2025-05-23 00:00:00,3625.0,7500.0,4150.0,132
Gujarat,Rajkot,Rajkot,Dry Chillies,Red,FAQ,2025-05-24 00:00:00,3500.0,5550.0,4250.0,132
Gujarat,Dahod,Dahod,Dry Chillies,Dry Chillies,FAQ,2025-06-03 00:00:00,11000.0,17500.0,15000.0,132
Gujarat,Jamnagar,Jamnagar,Dry Chillies,1st Sort,FAQ,2025-06-10 00:00:00,4525.0,10750.0,8150.0,132
Gujarat,Jamnagar,Jamnagar,Dry Chillies,1st Sort,FAQ,2025-06-11 00:00:00,1500.0,8050.0,5650.0,132
Gujarat,Jamnagar,Jamnagar,Dry Chillies,1st Sort,FAQ,2025-06-12 00:00:00,2000.0,8255.0,5350.0,132
Gujarat,Rajkot,Rajkot,Dry Chillies,Red,FAQ,2025-06-07 00:00:00,2300.0,8500.0,5250.0,132
Gujarat,Rajkot,Rajkot,Dry Chillies,Red,FAQ,2025-06-11 00:00:00,2150.0,6500.0,4950.0,132
Gujarat,Rajkot,Rajkot,Dry Chillies,Red,FAQ,2025-06-14 00:00:00,2055.0,5800.0,3000.0,132
Gujarat,Rajkot,Jasdan APMC,Dry Chillies,Dry Chillies,FAQ,2026-01-08 00:00:00,6500.0,6500.0,6500.0,132
Gujarat,Rajkot,Rajkot APMC,Dry Chillies,Dry Chillies,FAQ,2025-12-11 00:00:00,7250.0,15500.0,11000.0,132
Gujarat,Rajkot,Gondal APMC,Dry Chillies,Dry Chillies,FAQ,2025-12-11 00:00:00,3505.0,18755.0,13755.0,132
Gujarat,Rajkot,Gondal APMC,Dry Chillies,Dry Chillies,FAQ,2025-12-15 00:00:00,4005.0,18005.0,14505.0,132
Gujarat,Rajkot,Rajkot APMC,Dry Chillies,Dry Chillies,FAQ,2025-12-17 00:00:00,6550.0,18000.0,15250.0,132
Gujarat,Rajkot,Gondal APMC,Dry Chillies,Dry Chillies,FAQ,2025-12-22 00:00:00,4255.0,21255.0,17255.0,132
Gujarat,Rajkot,Rajkot APMC,Dry Chillies,Dry Chillies,FAQ,2025-12-22 00:00:00,10500.0,18500.0,16000.0,132
Gujarat,Rajkot,Rajkot APMC,Dry Chillies,Dry Chillies,FAQ,2025-12-25 00:00:00,12500.0,21250.0,18000.0,132
Gujarat,Rajkot,Rajkot APMC,Dry Chillies,Dry Chillies,FAQ,2025-12-27 00:00:00,12500.0,21000.0,17500.0,132
Gujarat,Rajkot,Rajkot APMC,Dry Chillies,Dry Chillies,FAQ,2025-12-26 00:00:00,12500.0,20000.0,17750.0,132
Gujarat,Rajkot,Rajkot APMC,Dry Chillies,Dry Chillies,FAQ,2025-12-29 00:00:00,13000.0,21000.0,17500.0,132
Gujarat,Dahod,Dahod APMC,Dry Chillies,Dry Chillies,FAQ,2025-12-29 00:00:00,12000.0,19000.0,16500.0,132
Gujarat,Rajkot,Rajkot APMC,Dry Chillies,Dry Chillies,FAQ,2025-12-31 00:00:00,10500.0,20000.0,17250.0,132
Gujarat,Jamnagar,Jamnagar APMC,Dry Chillies,Other,Local,2025-12-01 00:00:00,3800.0,16925.0,12625.0,132
Gujarat,Jamnagar,Jamnagar APMC,Dry Chillies,Other,Local,2025-12-05 00:00:00,5000.0,18700.0,13525.0,132
Gujarat,Jamnagar,Jamnagar APMC,Dry Chillies,Other,Local,2025-12-08 00:00:00,3000.0,15800.0,12725.0,132
Gujarat,Jamnagar,Jamnagar APMC,Dry Chillies,Other,Local,2025-12-17 00:00:00,5000.0,17325.0,13525.0,132
Gujarat,Jamnagar,Jamnagar APMC,Dry Chillies,Other,Local,2025-12-23 00:00:00,4800.0,20000.0,12965.0,132
Gujarat,Jamnagar,Jamnagar APMC,Dry Chillies,Other,Local,2025-12-20 00:00:00,5000.0,19975.0,13850.0,132
Gujarat,Jamnagar,Jamnagar APMC,Dry Chillies,Other,Local,2025-12-24 00:00:00,5000.0,20000.0,14125.0,132
Gujarat,Dahod,Dahod APMC,Dry Chillies,Dry Chillies,FAQ,2026-02-09 00:00:00,12000.0,22500.0,20000.0,132
Gujarat,Jamnagar,Jamnagar APMC,Dry Chillies,Other,Local,2026-02-09 00:00:00,6500.0,35050.0,22325.0,132
Gujarat,Dahod,Dahod,Dry Chillies,Other,FAQ,2010-01-12 00:00:00,5000.0,8000.0,7000.0,132
Gujarat,Dahod,Dahod,Dry Chillies,Other,FAQ,2010-01-19 00:00:00,5000.0,7750.0,7000.0,132
Gujarat,Dahod,Dahod,Dry Chillies,Other,FAQ,2010-01-30 00:00:00,5000.0,7750.0,6500.0,132
Gujarat,Dahod,Dahod,Dry Chillies,Other,FAQ,2010-02-01 00:00:00,5000.0,7750.0,7000.0,132
Gujarat,Dahod,Dahod,Dry Chillies,Other,FAQ,2010-02-23 00:00:00,4000.0,7875.0,5000.0,132
Gujarat,Dahod,Dahod,Dry Chillies,Other,FAQ,2010-03-12 00:00:00,4000.0,6500.0,6250.0,132
Gujarat,Dahod,Dahod,Dry Chillies,Other,FAQ,2010-03-18 00:00:00,4000.0,6500.0,6150.0,132
Gujarat,Dahod,Dahod,Dry Chillies,Other,FAQ,2010-03-23 00:00:00,3750.0,6500.0,5750.0,132
Gujarat,Dahod,Dahod,Dry Chillies,Other,FAQ,2010-03-25 00:00:00,3750.0,6500.0,6150.0,132
Gujarat,Dahod,Dahod,Dry Chillies,Other,FAQ,2010-03-29 00:00:00,3500.0,6500.0,6250.0,132
Gujarat,Dahod,Dahod,Dry Chillies,Other,FAQ,2010-05-03 00:00:00,4000.0,7000.0,6500.0,132
Gujarat,Dahod,Dahod,Dry Chillies,Other,FAQ,2010-06-28 00:00:00,4000.0,7500.0,7000.0,132
Gujarat,Dahod,Dahod,Dry Chillies,Other,FAQ,2010-06-29 00:00:00,4000.0,7500.0,7000.0,132
Gujarat,Dahod,Dahod,Dry Chillies,Other,FAQ,2010-07-08 00:00:00,4000.0,7500.0,6000.0,132
Gujarat,Dahod,Dahod,Dry Chillies,Other,FAQ,2010-07-14 00:00:00,4000.0,7500.0,6500.0,132
Gujarat,Dahod,Dahod,Dry Chillies,Other,FAQ,2010-07-30 00:00:00,4000.0,7500.0,7125.0,132
Gujarat,Dahod,Dahod,Dry Chillies,Other,FAQ,2010-08-09 00:00:00,4000.0,7500.0,6875.0,132
Gujarat,Dahod,Dahod,Dry Chillies,Other,FAQ,2010-08-16 00:00:00,4000.0,7500.0,7000.0,132
Gujarat,Dahod,Dahod,Dry Chillies,Other,FAQ,2010-08-18 00:00:00,4000.0,7500.0,7000.0,132
Gujarat,Dahod,Dahod,Dry Chillies,Other,FAQ,2010-11-11 00:00:00,4500.0,8000.0,7500.0,132
Gujarat,Dahod,Dahod,Dry Chillies,Other,FAQ,2010-11-13 00:00:00,4500.0,8000.0,7000.0,132
Gujarat,Dahod,Dahod,Dry Chillies,Other,FAQ,2010-11-30 00:00:00,4500.0,8250.0,7250.0,132
Gujarat,Dahod,Dahod,Dry Chillies,Other,FAQ,2010-12-10 00:00:00,4500.0,8250.0,7000.0,132
Gujarat,Dahod,Dahod,Dry Chillies,Other,FAQ,2010-12-18 00:00:00,4500.0,8250.0,7000.0,132
Gujarat,Rajkot,Gondal,Dry Chillies,Desi,FAQ,2010-01-23 00:00:00,1755.0,7755.0,6105.0,132
Gujarat,Rajkot,Gondal,Dry Chillies,Desi,FAQ,2010-01-25 00:00:00,1055.0,8800.0,6455.0,132
Gujarat,Rajkot,Gondal,Dry Chillies,Desi,FAQ,2010-02-20 00:00:00,1255.0,9355.0,7755.0,132
Gujarat,Rajkot,Gondal,Dry Chillies,Desi,FAQ,2010-02-26 00:00:00,1505.0,11955.0,10405.0,132
Gujarat,Rajkot,Gondal,Dry Chillies,Desi,FAQ,2010-03-16 00:00:00,1505.0,10355.0,8405.0,132
Gujarat,Rajkot,Gondal,Dry Chillies,Desi,FAQ,2010-04-02 00:00:00,1505.0,8805.0,7605.0,132
Gujarat,Rajkot,Gondal,Dry Chillies,Desi,FAQ,2010-04-27 00:00:00,1005.0,7105.0,5355.0,132
Gujarat,Rajkot,Gondal,Dry Chillies,Desi,FAQ,2010-04-29 00:00:00,1005.0,7905.0,6455.0,132
Gujarat,Rajkot,Gondal,Dry Chillies,Desi,FAQ,2010-05-21 00:00:00,1255.0,6055.0,4505.0,132
Gujarat,Rajkot,Jasdan,Dry Chillies,Other,FAQ,2010-02-01 00:00:00,6950.0,6950.0,6950.0,132
Gujarat,Rajkot,Jasdan,Dry Chillies,Other,FAQ,2010-02-08 00:00:00,5675.0,7255.0,6000.0,132
Gujarat,Rajkot,Jasdan,Dry Chillies,Other,FAQ,2010-02-18 00:00:00,2975.0,6060.0,6000.0,132
Gujarat,Rajkot,Jasdan,Dry Chillies,Other,FAQ,2010-02-25 00:00:00,4550.0,8050.0,5800.0,132
Gujarat,Rajkot,Jasdan,Dry Chillies,Other,FAQ,2010-03-05 00:00:00,901.0,1650.0,1200.0,132
Gujarat,Rajkot,Jasdan,Dry Chillies,Other,FAQ,2010-03-18 00:00:00,5000.0,8475.0,6500.0,132
Gujarat,Rajkot,Jasdan,Dry Chillies,Other,FAQ,2010-04-03 00:00:00,950.0,1700.0,1550.0,132
Gujarat,Rajkot,Jasdan,Dry Chillies,Other,FAQ,2010-04-16 00:00:00,4000.0,6750.0,5250.0,132
Gujarat,Rajkot,Jasdan,Dry Chillies,Other,FAQ,2010-04-28 00:00:00,2000.0,5250.0,3500.0,132
Gujarat,Rajkot,Jasdan,Dry Chillies,Other,FAQ,2010-06-04 00:00:00,2500.0,2500.0,2500.0,132
Gujarat,Rajkot,Jetpur(Dist.Rajkot),Dry Chillies,Dry Chillies,FAQ,2010-03-13 00:00:00,2655.0,11155.0,8555.0,132
Gujarat,Rajkot,Jetpur(Dist.Rajkot),Dry Chillies,Dry Chillies,FAQ,2010-03-18 00:00:00,2255.0,10005.0,8680.0,132
Gujarat,Rajkot,Jetpur(Dist.Rajkot),Dry Chillies,Dry Chillies,FAQ,2010-04-01 00:00:00,1255.0,8505.0,7255.0,132
Gujarat,Rajkot,Jetpur(Dist.Rajkot),Dry Chillies,Dry Chillies,FAQ,2010-04-03 00:00:00,1600.0,7800.0,6005.0,132
Gujarat,Rajkot,Jetpur(Dist.Rajkot),Dry Chillies,Dry Chillies,FAQ,2010-04-05 00:00:00,1505.0,8680.0,6605.0,132
Gujarat,Rajkot,Jetpur(Dist.Rajkot),Dry Chillies,Dry Chillies,FAQ,2010-04-19 00:00:00,1005.0,6255.0,5105.0,132
Gujarat,Rajkot,Jetpur(Dist.Rajkot),Dry Chillies,Red,FAQ,2010-02-25 00:00:00,5250.0,9005.0,7500.0,132
Gujarat,Rajkot,Jetpur(Dist.Rajkot),Dry Chillies,Red,FAQ,2010-03-03 00:00:00,2000.0,9680.0,8005.0,132
Gujarat,Rajkot,Jetpur(Dist.Rajkot),Dry Chillies,Red,FAQ,2010-03-04 00:00:00,1905.0,9055.0,7330.0,132
Gujarat,Rajkot,Jetpur(Dist.Rajkot),Dry Chillies,Red,FAQ,2010-03-09 00:00:00,2105.0,10105.0,8505.0,132
Gujarat,Vadodara(Baroda),Vadodara,Dry Chillies,Other,FAQ,2010-01-12 00:00:00,3000.0,5000.0,4500.0,132
Gujarat,Vadodara(Baroda),Vadodara,Dry Chillies,Other,FAQ,2010-01-13 00:00:00,3000.0,5000.0,4500.0,132
Gujarat,Vadodara(Baroda),Vadodara,Dry Chillies,Other,FAQ,2010-01-23 00:00:00,3500.0,4500.0,4200.0,132
Gujarat,Vadodara(Baroda),Vadodara,Dry Chillies,Other,FAQ,2010-01-25 00:00:00,3500.0,4500.0,4200.0,132
Gujarat,Vadodara(Baroda),Vadodara,Dry Chillies,Other,FAQ,2010-02-01 00:00:00,3500.0,5000.0,4500.0,132
Gujarat,Vadodara(Baroda),Vadodara,Dry Chillies,Other,FAQ,2010-02-06 00:00:00,3500.0,5000.0,4500.0,132
Gujarat,Vadodara(Baroda),Vadodara,Dry Chillies,Other,FAQ,2010-02-08 00:00:00,3500.0,5000.0,4500.0,132
Gujarat,Vadodara(Baroda),Vadodara,Dry Chillies,Other,FAQ,2010-02-19 00:00:00,2500.0,4500.0,4000.0,132
Gujarat,Vadodara(Baroda),Vadodara,Dry Chillies,Other,FAQ,2010-03-13 00:00:00,3000.0,5000.0,4500.0,132
Gujarat,Vadodara(Baroda),Vadodara,Dry Chillies,Other,FAQ,2010-03-17 00:00:00,3500.0,5000.0,4500.0,132
Gujarat,Vadodara(Baroda),Vadodara,Dry Chillies,Other,FAQ,2010-03-19 00:00:00,3500.0,5000.0,4500.0,132
Gujarat,Vadodara(Baroda),Vadodara,Dry Chillies,Other,FAQ,2010-03-23 00:00:00,3500.0,5000.0,4500.0,132
Gujarat,Vadodara(Baroda),Vadodara,Dry Chillies,Other,FAQ,2010-04-06 00:00:00,3500.0,5000.0,4500.0,132
Gujarat,Vadodara(Baroda),Vadodara,Dry Chillies,Other,FAQ,2010-04-08 00:00:00,3500.0,5000.0,4500.0,132
Gujarat,Vadodara(Baroda),Vadodara,Dry Chillies,Other,FAQ,2010-04-14 00:00:00,3500.0,5000.0,4500.0,132
Gujarat,Vadodara(Baroda),Vadodara,Dry Chillies,Other,FAQ,2010-04-17 00:00:00,3500.0,5000.0,4500.0,132
Gujarat,Vadodara(Baroda),Vadodara,Dry Chillies,Other,FAQ,2010-04-21 00:00:00,3500.0,5000.0,4500.0,132
Gujarat,Vadodara(Baroda),Vadodara,Dry Chillies,Other,FAQ,2010-04-29 00:00:00,6000.0,10000.0,8500.0,132
Gujarat,Vadodara(Baroda),Vadodara,Dry Chillies,Other,FAQ,2010-05-06 00:00:00,6000.0,10000.0,8000.0,132
Gujarat,Vadodara(Baroda),Vadodara,Dry Chillies,Other,FAQ,2010-05-18 00:00:00,3000.0,6000.0,5900.0,132
Gujarat,Vadodara(Baroda),Vadodara,Dry Chillies,Other,FAQ,2010-05-19 00:00:00,3000.0,6000.0,6000.0,132
Gujarat,Vadodara(Baroda),Vadodara,Dry Chillies,Other,FAQ,2010-05-26 00:00:00,3000.0,5000.0,4500.0,132
Gujarat,Vadodara(Baroda),Vadodara,Dry Chillies,Other,FAQ,2010-06-01 00:00:00,2500.0,4500.0,4200.0,132
Gujarat,Vadodara(Baroda),Vadodara,Dry Chillies,Other,FAQ,2010-06-04 00:00:00,2500.0,4500.0,4200.0,132
Gujarat,Vadodara(Baroda),Vadodara,Dry Chillies,Other,FAQ,2010-06-10 00:00:00,2200.0,4500.0,4300.0,132
Gujarat,Vadodara(Baroda),Vadodara,Dry Chillies,Other,FAQ,2010-06-12 00:00:00,2300.0,4500.0,4200.0,132
Gujarat,Vadodara(Baroda),Vadodara,Dry Chillies,Other,FAQ,2010-06-15 00:00:00,2200.0,4500.0,4500.0,132
Gujarat,Vadodara(Baroda),Vadodara,Dry Chillies,Other,FAQ,2010-06-25 00:00:00,2500.0,4500.0,4000.0,132
Gujarat,Vadodara(Baroda),Vadodara,Dry Chillies,Other,FAQ,2010-07-16 00:00:00,4500.0,6000.0,5500.0,132
Gujarat,Vadodara(Baroda),Vadodara,Dry Chillies,Other,FAQ,2010-07-29 00:00:00,5000.0,6500.0,6000.0,132
Gujarat,Vadodara(Baroda),Vadodara,Dry Chillies,Other,FAQ,2010-09-07 00:00:00,5000.0,6000.0,5500.0,132
Gujarat,Vadodara(Baroda),Vadodara,Dry Chillies,Other,FAQ,2010-09-15 00:00:00,5000.0,6000.0,5500.0,132
Gujarat,Vadodara(Baroda),Vadodara,Dry Chillies,Other,FAQ,2010-09-21 00:00:00,5000.0,7000.0,6000.0,132
Gujarat,Vadodara(Baroda),Vadodara,Dry Chillies,Other,FAQ,2010-09-30 00:00:00,5000.0,7000.0,6500.0,132
Gujarat,Vadodara(Baroda),Vadodara,Dry Chillies,Other,FAQ,2010-10-13 00:00:00,5000.0,7000.0,6800.0,132
Gujarat,Vadodara(Baroda),Vadodara,Dry Chillies,Other,FAQ,2010-10-27 00:00:00,6000.0,6500.0,6300.0,132
Gujarat,Vadodara(Baroda),Vadodara,Dry Chillies,Other,FAQ,2010-11-04 00:00:00,6000.0,6500.0,6300.0,132
Gujarat,Vadodara(Baroda),Vadodara,Dry Chillies,Other,FAQ,2010-11-12 00:00:00,5000.0,5500.0,5300.0,132
Gujarat,Vadodara(Baroda),Vadodara,Dry Chillies,Other,FAQ,2010-11-27 00:00:00,5000.0,5500.0,5300.0,132
Gujarat,Vadodara(Baroda),Vadodara,Dry Chillies,Other,FAQ,2010-12-07 00:00:00,5000.0,5500.0,5500.0,132
Gujarat,Vadodara(Baroda),Vadodara,Dry Chillies,Other,FAQ,2010-12-09 00:00:00,5000.0,5500.0,5300.0,132
Gujarat,Vadodara(Baroda),Vadodara,Dry Chillies,Other,FAQ,2010-12-13 00:00:00,5000.0,6500.0,6000.0,132
Gujarat,Vadodara(Baroda),Vadodara,Dry Chillies,Other,FAQ,2010-12-24 00:00:00,3500.0,5500.0,5300.0,132
Gujarat,Dahod,Dahod,Dry Chillies,Other,FAQ,2007-03-16 00:00:00,2500.0,6500.0,4500.0,132
Gujarat,Dahod,Dahod,Dry Chillies,Other,FAQ,2007-03-22 00:00:00,3000.0,6500.0,4500.0,132
Gujarat,Dahod,Dahod,Dry Chillies,Other,FAQ,2007-06-02 00:00:00,5250.0,6500.0,5700.0,132
Gujarat,Dahod,Dahod,Dry Chillies,Other,FAQ,2007-06-26 00:00:00,2500.0,7500.0,5750.0,132
Gujarat,Dahod,Dahod,Dry Chillies,Other,FAQ,2007-09-01 00:00:00,4250.0,7000.0,6250.0,132
Gujarat,Dahod,Dahod,Dry Chillies,Other,FAQ,2007-09-06 00:00:00,4250.0,6000.0,5250.0,132
Gujarat,Dahod,Dahod,Dry Chillies,Other,FAQ,2007-10-09 00:00:00,3875.0,7500.0,3875.0,132
Gujarat,Dahod,Dahod,Dry Chillies,Other,FAQ,2007-12-24 00:00:00,3700.0,6750.0,6000.0,132
Gujarat,Rajkot,Gondal,Dry Chillies,Bold 1,FAQ,2007-02-27 00:00:00,2755.0,8830.0,6955.0,132
Gujarat,Rajkot,Gondal,Dry Chillies,Bold 1,FAQ,2007-02-28 00:00:00,3305.0,7755.0,6830.0,132
Gujarat,Rajkot,Gondal,Dry Chillies,Bold 1,FAQ,2007-03-01 00:00:00,1705.0,8005.0,7380.0,132
Gujarat,Rajkot,Gondal,Dry Chillies,Bold 1,FAQ,2007-03-06 00:00:00,2500.0,10980.0,7980.0,132
Gujarat,Rajkot,Gondal,Dry Chillies,Bold 1,FAQ,2007-03-07 00:00:00,1500.0,8505.0,7605.0,132
Gujarat,Rajkot,Gondal,Dry Chillies,Bold 1,FAQ,2007-03-08 00:00:00,1500.0,8280.0,7255.0,132
Gujarat,Rajkot,Gondal,Dry Chillies,Bold 1,FAQ,2007-03-10 00:00:00,1355.0,7880.0,7155.0,132
Gujarat,Rajkot,Gondal,Dry Chillies,Bold 1,FAQ,2007-03-16 00:00:00,1500.0,8480.0,7480.0,132
Gujarat,Rajkot,Gondal,Dry Chillies,Bold 1,FAQ,2007-03-17 00:00:00,1500.0,7980.0,7180.0,132
Gujarat,Rajkot,Gondal,Dry Chillies,Bold 1,FAQ,2007-03-23 00:00:00,1500.0,8730.0,7630.0,132
Gujarat,Rajkot,Gondal,Dry Chillies,Bold 1,FAQ,2007-03-24 00:00:00,1500.0,6680.0,6680.0,132
Gujarat,Rajkot,Gondal,Dry Chillies,Bold 1,FAQ,2007-04-19 00:00:00,2180.0,7155.0,6830.0,132
Gujarat,Rajkot,Gondal,Dry Chillies,Bold 1,FAQ,2007-04-24 00:00:00,2480.0,6805.0,6480.0,132
Gujarat,Rajkot,Gondal,Dry Chillies,Bold 1,FAQ,2007-05-12 00:00:00,1280.0,6980.0,5980.0,132
Gujarat,Rajkot,Gondal,Dry Chillies,Bold 1,FAQ,2007-05-14 00:00:00,1305.0,6705.0,6430.0,132
Gujarat,Rajkot,Gondal,Dry Chillies,Single Patti,FAQ,2007-03-19 00:00:00,1580.0,7180.0,5405.0,132
Gujarat,Rajkot,Gondal,Dry Chillies,Single Patti,FAQ,2007-03-22 00:00:00,1250.0,6830.0,6130.0,132
Gujarat,Rajkot,Gondal,Dry Chillies,Single Patti,FAQ,2007-05-01 00:00:00,1605.0,7105.0,5155.0,132
Gujarat,Rajkot,Gondal,Dry Chillies,Single Patti,FAQ,2007-05-21 00:00:00,1480.0,6500.0,6180.0,132
Gujarat,Rajkot,Jetpur(Dist.Rajkot),Dry Chillies,Other,FAQ,2007-03-06 00:00:00,4150.0,6505.0,4750.0,132
Gujarat,Rajkot,Jetpur(Dist.Rajkot),Dry Chillies,Other,FAQ,2007-03-08 00:00:00,4250.0,6590.0,5125.0,132
Gujarat,Rajkot,Jetpur(Dist.Rajkot),Dry Chillies,Other,FAQ,2007-03-09 00:00:00,4255.0,6750.0,5305.0,132
Gujarat,Rajkot,Jetpur(Dist.Rajkot),Dry Chillies,Other,FAQ,2007-03-16 00:00:00,3950.0,6875.0,5605.0,132
Gujarat,Rajkot,Jetpur(Dist.Rajkot),Dry Chillies,Other,FAQ,2007-03-17 00:00:00,3500.0,6190.0,5605.0,132
Gujarat,Rajkot,Jetpur(Dist.Rajkot),Dry Chillies,Other,FAQ,2007-03-23 00:00:00,3850.0,7005.0,5950.0,132
Gujarat,Rajkot,Jetpur(Dist.Rajkot),Dry Chillies,Other,FAQ,2007-04-04 00:00:00,3350.0,6255.0,5905.0,132
Gujarat,Rajkot,Jetpur(Dist.Rajkot),Dry Chillies,Other,FAQ,2007-04-05 00:00:00,4125.0,6770.0,5920.0,132
Gujarat,Rajkot,Jetpur(Dist.Rajkot),Dry Chillies,Other,FAQ,2007-04-13 00:00:00,3505.0,6605.0,6000.0,132
Gujarat,Rajkot,Jetpur(Dist.Rajkot),Dry Chillies,Other,FAQ,2007-04-25 00:00:00,3500.0,6605.0,5580.0,132
Gujarat,Rajkot,Rajkot,Dry Chillies,Dry Chillies,FAQ,2007-02-17 00:00:00,4500.0,6000.0,5500.0,132
Gujarat,Rajkot,Rajkot,Dry Chillies,Dry Chillies,FAQ,2007-02-28 00:00:00,4500.0,6000.0,5500.0,132
Gujarat,Rajkot,Rajkot,Dry Chillies,Dry Chillies,FAQ,2007-03-01 00:00:00,2750.0,6600.0,6100.0,132
Gujarat,Rajkot,Rajkot,Dry Chillies,Dry Chillies,FAQ,2007-03-13 00:00:00,3725.0,6325.0,5550.0,132
Gujarat,Rajkot,Rajkot,Dry Chillies,Dry Chillies,FAQ,2007-04-03 00:00:00,4525.0,6425.0,5500.0,132
Gujarat,Rajkot,Rajkot,Dry Chillies,Dry Chillies,FAQ,2007-04-04 00:00:00,4500.0,6350.0,5800.0,132
Gujarat,Rajkot,Rajkot,Dry Chillies,Dry Chillies,FAQ,2007-04-16 00:00:00,5800.0,6900.0,6400.0,132
Gujarat,Rajkot,Rajkot,Dry Chillies,Dry Chillies,FAQ,2007-04-20 00:00:00,5100.0,7000.0,6500.0,132
Gujarat,Rajkot,Rajkot,Dry Chillies,Dry Chillies,FAQ,2007-04-24 00:00:00,5175.0,7250.0,6500.0,132
Gujarat,Rajkot,Rajkot,Dry Chillies,Dry Chillies,FAQ,2007-05-02 00:00:00,5125.0,6000.0,5550.0,132
Gujarat,Rajkot,Rajkot,Dry Chillies,Dry Chillies,FAQ,2007-05-09 00:00:00,4025.0,5625.0,5200.0,132
Gujarat,Rajkot,Rajkot,Dry Chillies,Dry Chillies,FAQ,2007-05-16 00:00:00,3900.0,5725.0,5100.0,132
Gujarat,Rajkot,Rajkot,Dry Chillies,Dry Chillies,FAQ,2007-05-21 00:00:00,4125.0,5675.0,5100.0,132
Gujarat,Vadodara(Baroda),Vadodara,Dry Chillies,Other,FAQ,2007-04-02 00:00:00,2500.0,4000.0,3250.0,132
Gujarat,Vadodara(Baroda),Vadodara,Dry Chillies,Other,FAQ,2007-04-13 00:00:00,3500.0,4500.0,4000.0,132
Gujarat,Vadodara(Baroda),Vadodara,Dry Chillies,Other,FAQ,2007-05-14 00:00:00,2500.0,5000.0,3750.0,132
Gujarat,Vadodara(Baroda),Vadodara,Dry Chillies,Other,FAQ,2007-05-16 00:00:00,4000.0,4000.0,4000.0,132
Gujarat,Vadodara(Baroda),Vadodara,Dry Chillies,Other,FAQ,2007-06-14 00:00:00,2800.0,4000.0,3400.0,132
Gujarat,Vadodara(Baroda),Vadodara,Dry Chillies,Other,FAQ,2007-06-20 00:00:00,3000.0,5000.0,4000.0,132
Gujarat,Vadodara(Baroda),Vadodara,Dry Chillies,Other,FAQ,2007-07-11 00:00:00,3000.0,4000.0,3500.0,132
Gujarat,Vadodara(Baroda),Vadodara,Dry Chillies,Other,FAQ,2007-07-18 00:00:00,3000.0,4000.0,3500.0,132
Gujarat,Vadodara(Baroda),Vadodara,Dry Chillies,Other,FAQ,2007-07-21 00:00:00,2300.0,3500.0,2900.0,132
Gujarat,Vadodara(Baroda),Vadodara,Dry Chillies,Other,FAQ,2007-08-01 00:00:00,2300.0,3500.0,2900.0,132
Gujarat,Vadodara(Baroda),Vadodara,Dry Chillies,Other,FAQ,2007-08-04 00:00:00,2500.0,4000.0,3250.0,132
Gujarat,Vadodara(Baroda),Vadodara,Dry Chillies,Other,FAQ,2007-08-13 00:00:00,2500.0,4000.0,3250.0,132
Gujarat,Vadodara(Baroda),Vadodara,Dry Chillies,Other,FAQ,2007-08-30 00:00:00,2500.0,4000.0,3250.0,132
Gujarat,Vadodara(Baroda),Vadodara,Dry Chillies,Other,FAQ,2007-09-01 00:00:00,2500.0,4000.0,3250.0,132
Gujarat,Vadodara(Baroda),Vadodara,Dry Chillies,Other,FAQ,2007-09-05 00:00:00,2500.0,4000.0,3250.0,132
Gujarat,Vadodara(Baroda),Vadodara,Dry Chillies,Other,FAQ,2007-09-14 00:00:00,2500.0,4000.0,3250.0,132
Gujarat,Vadodara(Baroda),Vadodara,Dry Chillies,Other,FAQ,2007-10-06 00:00:00,5000.0,5000.0,5000.0,132
Gujarat,Vadodara(Baroda),Vadodara,Dry Chillies,Other,FAQ,2007-10-11 00:00:00,5000.0,5000.0,5000.0,132
Gujarat,Vadodara(Baroda),Vadodara,Dry Chillies,Other,FAQ,2007-10-15 00:00:00,1500.0,3500.0,3000.0,132
Gujarat,Vadodara(Baroda),Vadodara,Dry Chillies,Other,FAQ,2007-10-22 00:00:00,1500.0,3500.0,3100.0,132
Gujarat,Vadodara(Baroda),Vadodara,Dry Chillies,Other,FAQ,2007-11-20 00:00:00,3000.0,5500.0,4000.0,132
Gujarat,Vadodara(Baroda),Vadodara,Dry Chillies,Other,FAQ,2007-12-06 00:00:00,2500.0,4500.0,3700.0,132
Gujarat,Vadodara(Baroda),Vadodara,Dry Chillies,Other,FAQ,2007-12-31 00:00:00,3000.0,4000.0,3600.0,132
Gujarat,Dahod,Dahod,Dry Chillies,Other,FAQ,2004-03-17 00:00:00,2700.0,4000.0,3500.0,132
Gujarat,Dahod,Dahod,Dry Chillies,Other,FAQ,2004-03-25 00:00:00,2700.0,4000.0,3750.0,132
Gujarat,Dahod,Dahod,Dry Chillies,Other,FAQ,2004-04-13 00:00:00,2750.0,3625.0,3500.0,132
Gujarat,Dahod,Dahod,Dry Chillies,Other,FAQ,2004-05-10 00:00:00,2500.0,3500.0,3000.0,132
Gujarat,Dahod,Dahod,Dry Chillies,Other,FAQ,2004-05-15 00:00:00,2500.0,3500.0,3100.0,132
Gujarat,Dahod,Dahod,Dry Chillies,Other,FAQ,2004-05-21 00:00:00,2500.0,3500.0,3000.0,132
Gujarat,Dahod,Dahod,Dry Chillies,Other,FAQ,2004-05-27 00:00:00,2500.0,3500.0,3000.0,132
Gujarat,Dahod,Dahod,Dry Chillies,Other,FAQ,2004-06-02 00:00:00,2750.0,3750.0,3250.0,132
Gujarat,Dahod,Dahod,Dry Chillies,Other,FAQ,2004-06-14 00:00:00,2750.0,3575.0,3100.0,132
Gujarat,Dahod,Dahod,Dry Chillies,Other,FAQ,2004-06-19 00:00:00,2425.0,3500.0,3250.0,132
Gujarat,Dahod,Dahod,Dry Chillies,Other,FAQ,2004-06-21 00:00:00,2425.0,3500.0,3300.0,132
Gujarat,Dahod,Dahod,Dry Chillies,Other,FAQ,2004-08-18 00:00:00,2250.0,3750.0,3000.0,132
Gujarat,Dahod,Dahod,Dry Chillies,Other,FAQ,2004-09-20 00:00:00,2750.0,3700.0,3250.0,132
Gujarat,Dahod,Dahod,Dry Chillies,Other,FAQ,2004-11-18 00:00:00,2625.0,3750.0,3000.0,132
Gujarat,Dahod,Dahod,Dry Chillies,Other,FAQ,2004-12-21 00:00:00,2750.0,3650.0,3500.0,132
Gujarat,Dahod,Dahod,Dry Chillies,Other,FAQ,2004-12-27 00:00:00,2500.0,3650.0,3500.0,132
Gujarat,Jamnagar,Jamnagar,Dry Chillies,Other,FAQ,2004-02-17 00:00:00,1750.0,4950.0,3350.0,132
Gujarat,Jamnagar,Jamnagar,Dry Chillies,Other,FAQ,2004-02-20 00:00:00,1875.0,5075.0,3475.0,132
Gujarat,Jamnagar,Jamnagar,Dry Chillies,Other,FAQ,2004-02-27 00:00:00,2500.0,5125.0,4000.0,132
Gujarat,Jamnagar,Jamnagar,Dry Chillies,Other,FAQ,2004-02-28 00:00:00,1750.0,4900.0,3500.0,132
Gujarat,Jamnagar,Jamnagar,Dry Chillies,Other,FAQ,2004-03-01 00:00:00,1850.0,4950.0,3400.0,132
Gujarat,Jamnagar,Jamnagar,Dry Chillies,Other,FAQ,2004-03-13 00:00:00,1575.0,5025.0,3450.0,132
Gujarat,Jamnagar,Jamnagar,Dry Chillies,Other,FAQ,2004-03-17 00:00:00,1900.0,5000.0,3400.0,132
Gujarat,Jamnagar,Jamnagar,Dry Chillies,Other,FAQ,2004-03-20 00:00:00,1650.0,5125.0,3380.0,132
Gujarat,Jamnagar,Jamnagar,Dry Chillies,Other,FAQ,2004-03-24 00:00:00,2250.0,4800.0,3525.0,132
Gujarat,Jamnagar,Jamnagar,Dry Chillies,Other,FAQ,2004-04-13 00:00:00,850.0,4250.0,2650.0,132
Gujarat,Jamnagar,Jamnagar,Dry Chillies,Other,FAQ,2004-04-17 00:00:00,1000.0,4600.0,2800.0,132
Gujarat,Jamnagar,Jamnagar,Dry Chillies,Other,FAQ,2004-04-19 00:00:00,1750.0,5000.0,3350.0,132
Gujarat,Jamnagar,Jamnagar,Dry Chillies,Other,FAQ,2004-04-26 00:00:00,750.0,4000.0,2450.0,132
Gujarat,Jamnagar,Jamnagar,Dry Chillies,Other,FAQ,2004-04-27 00:00:00,2250.0,4875.0,3580.0,132
Gujarat,Jamnagar,Jamnagar,Dry Chillies,Other,FAQ,2004-04-28 00:00:00,800.0,4100.0,2450.0,132
Gujarat,Jamnagar,Jamnagar,Dry Chillies,Other,FAQ,2004-04-29 00:00:00,1250.0,4300.0,2750.0,132
Gujarat,Jamnagar,Jamnagar,Dry Chillies,Other,FAQ,2004-05-04 00:00:00,1500.0,4250.0,2875.0,132
Gujarat,Jamnagar,Jamnagar,Dry Chillies,Other,FAQ,2004-05-06 00:00:00,1750.0,4500.0,3325.0,132
Gujarat,Jamnagar,Jamnagar,Dry Chillies,Other,FAQ,2004-05-15 00:00:00,1250.0,4000.0,2625.0,132
Gujarat,Jamnagar,Jamnagar,Dry Chillies,Other,FAQ,2004-05-18 00:00:00,1750.0,4050.0,2900.0,132
Gujarat,Jamnagar,Jamnagar,Dry Chillies,Other,FAQ,2004-05-20 00:00:00,1750.0,4100.0,3000.0,132
Gujarat,Jamnagar,Jamnagar,Dry Chillies,Other,FAQ,2004-05-21 00:00:00,1750.0,4200.0,3000.0,132
Gujarat,Jamnagar,Jamnagar,Dry Chillies,Other,FAQ,2004-05-25 00:00:00,1750.0,4050.0,2900.0,132
Gujarat,Jamnagar,Jamnagar,Dry Chillies,Other,FAQ,2004-06-04 00:00:00,1550.0,3100.0,2325.0,132
Gujarat,Rajkot,Rajkot,Dry Chillies,Local,FAQ,2004-01-30 00:00:00,4000.0,5625.0,5000.0,132
Gujarat,Rajkot,Rajkot,Dry Chillies,Local,FAQ,2004-02-04 00:00:00,2000.0,5125.0,4150.0,132
Gujarat,Rajkot,Rajkot,Dry Chillies,Local,FAQ,2004-02-12 00:00:00,2175.0,5500.0,4100.0,132
Gujarat,Rajkot,Rajkot,Dry Chillies,Local,FAQ,2004-02-13 00:00:00,1750.0,5475.0,4000.0,132
Gujarat,Rajkot,Rajkot,Dry Chillies,Local,FAQ,2004-02-14 00:00:00,2000.0,4350.0,3800.0,132
Gujarat,Rajkot,Rajkot,Dry Chillies,Local,FAQ,2004-03-01 00:00:00,2350.0,6125.0,4250.0,132
Gujarat,Rajkot,Rajkot,Dry Chillies,Local,FAQ,2004-03-08 00:00:00,1900.0,6000.0,4500.0,132
Gujarat,Rajkot,Rajkot,Dry Chillies,Local,FAQ,2004-03-09 00:00:00,2250.0,5625.0,4560.0,132
Gujarat,Rajkot,Rajkot,Dry Chillies,Local,FAQ,2004-03-19 00:00:00,2200.0,6000.0,4850.0,132
Gujarat,Rajkot,Rajkot,Dry Chillies,Local,FAQ,2004-03-25 00:00:00,2250.0,6075.0,5100.0,132
Gujarat,Rajkot,Rajkot,Dry Chillies,Local,FAQ,2004-04-06 00:00:00,2750.0,5950.0,5000.0,132
Gujarat,Rajkot,Rajkot,Dry Chillies,Local,FAQ,2004-04-09 00:00:00,2825.0,6025.0,5100.0,132
Gujarat,Rajkot,Rajkot,Dry Chillies,Local,FAQ,2004-04-12 00:00:00,3075.0,5375.0,4950.0,132
Gujarat,Rajkot,Rajkot,Dry Chillies,Local,FAQ,2004-04-13 00:00:00,2325.0,5375.0,5000.0,132
Gujarat,Rajkot,Rajkot,Dry Chillies,Local,FAQ,2004-04-16 00:00:00,1500.0,6100.0,4850.0,132
Gujarat,Rajkot,Rajkot,Dry Chillies,Local,FAQ,2004-05-14 00:00:00,1450.0,4450.0,3325.0,132
Gujarat,Rajkot,Rajkot,Dry Chillies,Local,FAQ,2004-05-17 00:00:00,1775.0,4325.0,3850.0,132
Gujarat,Rajkot,Rajkot,Dry Chillies,Local,FAQ,2004-05-18 00:00:00,1125.0,5525.0,4000.0,132
Gujarat,Rajkot,Rajkot,Dry Chillies,Local,FAQ,2004-05-24 00:00:00,1275.0,4050.0,3500.0,132
Gujarat,Rajkot,Rajkot,Dry Chillies,Local,FAQ,2004-05-26 00:00:00,1825.0,4400.0,3800.0,132
Gujarat,Dahod,Dahod,Dry Chillies,Other,FAQ,2005-01-07 00:00:00,2000.0,3250.0,3000.0,132
Gujarat,Dahod,Dahod,Dry Chillies,Other,FAQ,2005-01-19 00:00:00,2400.0,3125.0,3000.0,132
Gujarat,Dahod,Dahod,Dry Chillies,Other,FAQ,2005-01-31 00:00:00,2250.0,3450.0,3250.0,132
Gujarat,Dahod,Dahod,Dry Chillies,Other,FAQ,2005-02-01 00:00:00,2250.0,3425.0,3000.0,132
Gujarat,Dahod,Dahod,Dry Chillies,Other,FAQ,2005-02-23 00:00:00,2400.0,3500.0,2950.0,132
Gujarat,Dahod,Dahod,Dry Chillies,Other,FAQ,2005-03-02 00:00:00,2000.0,3575.0,3400.0,132
Gujarat,Dahod,Dahod,Dry Chillies,Other,FAQ,2005-04-07 00:00:00,2250.0,3375.0,3200.0,132
Gujarat,Dahod,Dahod,Dry Chillies,Other,FAQ,2005-04-11 00:00:00,2250.0,3250.0,3250.0,132
Gujarat,Dahod,Dahod,Dry Chillies,Other,FAQ,2005-05-12 00:00:00,2000.0,3100.0,2600.0,132
Gujarat,Dahod,Dahod,Dry Chillies,Other,FAQ,2005-06-06 00:00:00,2500.0,3000.0,2750.0,132
Gujarat,Dahod,Dahod,Dry Chillies,Other,FAQ,2005-06-13 00:00:00,2200.0,2900.0,2750.0,132
Gujarat,Dahod,Dahod,Dry Chillies,Other,FAQ,2005-06-20 00:00:00,2200.0,2900.0,2550.0,132
Gujarat,Dahod,Dahod,Dry Chillies,Other,FAQ,2005-06-27 00:00:00,2300.0,3100.0,2700.0,132
Gujarat,Dahod,Dahod,Dry Chillies,Other,FAQ,2005-07-04 00:00:00,2300.0,3100.0,3000.0,132
Gujarat,Dahod,Dahod,Dry Chillies,Other,FAQ,2005-07-08 00:00:00,2000.0,3150.0,2800.0,132
Gujarat,Dahod,Dahod,Dry Chillies,Other,FAQ,2005-09-19 00:00:00,2000.0,2750.0,2500.0,132
Gujarat,Jamnagar,Jamnagar,Dry Chillies,Other,FAQ,2005-05-25 00:00:00,1000.0,2750.0,1875.0,132
Gujarat,Jamnagar,Jamnagar,Dry Chillies,Other,FAQ,2005-05-26 00:00:00,1575.0,2150.0,1785.0,132
Gujarat,Jamnagar,Jamnagar,Dry Chillies,Other,FAQ,2005-05-28 00:00:00,2075.0,2375.0,2185.0,132
Gujarat,Jamnagar,Jamnagar,Dry Chillies,Other,FAQ,2005-06-20 00:00:00,1000.0,1500.0,1250.0,132
Gujarat,Rajkot,Jetpur(Dist.Rajkot),Dry Chillies,Other,FAQ,2005-02-19 00:00:00,5250.0,6250.0,5500.0,132
Gujarat,Rajkot,Jetpur(Dist.Rajkot),Dry Chillies,Other,FAQ,2005-02-23 00:00:00,4250.0,5625.0,5500.0,132
Gujarat,Rajkot,Jetpur(Dist.Rajkot),Dry Chillies,Other,FAQ,2005-03-02 00:00:00,4000.0,5650.0,5500.0,132
Gujarat,Rajkot,Jetpur(Dist.Rajkot),Dry Chillies,Other,FAQ,2005-03-09 00:00:00,2000.0,5400.0,5000.0,132
Gujarat,Rajkot,Jetpur(Dist.Rajkot),Dry Chillies,Other,FAQ,2005-03-10 00:00:00,3250.0,5700.0,5000.0,132
Gujarat,Rajkot,Jetpur(Dist.Rajkot),Dry Chillies,Other,FAQ,2005-03-12 00:00:00,2125.0,6125.0,6000.0,132
Gujarat,Rajkot,Jetpur(Dist.Rajkot),Dry Chillies,Other,FAQ,2005-03-19 00:00:00,1250.0,6105.0,5600.0,132
Gujarat,Rajkot,Jetpur(Dist.Rajkot),Dry Chillies,Other,FAQ,2005-04-04 00:00:00,1250.0,6205.0,5525.0,132
Gujarat,Rajkot,Jetpur(Dist.Rajkot),Dry Chillies,Other,FAQ,2005-04-05 00:00:00,1750.0,6750.0,5525.0,132
Gujarat,Rajkot,Jetpur(Dist.Rajkot),Dry Chillies,Other,FAQ,2005-04-15 00:00:00,1250.0,6355.0,5750.0,132
Gujarat,Rajkot,Jetpur(Dist.Rajkot),Dry Chillies,Other,FAQ,2005-04-20 00:00:00,1250.0,6005.0,5000.0,132
Gujarat,Rajkot,Jetpur(Dist.Rajkot),Dry Chillies,Other,FAQ,2005-04-25 00:00:00,1250.0,5800.0,4975.0,132
Gujarat,Rajkot,Jetpur(Dist.Rajkot),Dry Chillies,Other,FAQ,2005-04-26 00:00:00,1000.0,5400.0,4975.0,132
Gujarat,Rajkot,Rajkot,Dry Chillies,Local,FAQ,2005-02-03 00:00:00,1175.0,5025.0,3250.0,132
Gujarat,Rajkot,Rajkot,Dry Chillies,Local,FAQ,2005-02-14 00:00:00,1025.0,5475.0,3500.0,132
Gujarat,Rajkot,Rajkot,Dry Chillies,Local,FAQ,2005-06-04 00:00:00,1000.0,3000.0,2500.0,132
Gujarat,Dahod,Dahod,Dry Chillies,Dry Chillies,FAQ,2024-12-04 00:00:00,15000.0,22500.0,21000.0,132
Gujarat,Dahod,Dahod,Dry Chillies,Dry Chillies,FAQ,2024-12-10 00:00:00,15000.0,22500.0,20500.0,132
Gujarat,Dahod,Dahod,Dry Chillies,Dry Chillies,FAQ,2024-12-27 00:00:00,15000.0,21500.0,20750.0,132
Gujarat,Jamnagar,Jamnagar,Dry Chillies,1st Sort,FAQ,2024-12-02 00:00:00,8500.0,12750.0,10925.0,132
Gujarat,Jamnagar,Jamnagar,Dry Chillies,1st Sort,FAQ,2024-12-11 00:00:00,2650.0,3250.0,3075.0,132
Gujarat,Jamnagar,Jamnagar,Dry Chillies,1st Sort,FAQ,2024-12-13 00:00:00,3500.0,13500.0,8825.0,132
Gujarat,Jamnagar,Jamnagar,Dry Chillies,1st Sort,FAQ,2024-12-14 00:00:00,2500.0,12950.0,8150.0,132
Gujarat,Jamnagar,Jamnagar,Dry Chillies,1st Sort,FAQ,2024-12-17 00:00:00,2500.0,13600.0,8350.0,132
Gujarat,Jamnagar,Jamnagar,Dry Chillies,1st Sort,FAQ,2024-12-20 00:00:00,3500.0,12350.0,8250.0,132
Gujarat,Jamnagar,Jamnagar,Dry Chillies,1st Sort,FAQ,2024-12-25 00:00:00,2500.0,13500.0,8725.0,132
Gujarat,Rajkot,Gondal,Dry Chillies,Bold 1,FAQ,2024-12-12 00:00:00,2255.0,15005.0,12005.0,132
Gujarat,Rajkot,Gondal,Dry Chillies,Bold 1,FAQ,2024-12-23 00:00:00,2255.0,14755.0,11755.0,132
Gujarat,Rajkot,Gondal,Dry Chillies,Bold 1,FAQ,2024-12-24 00:00:00,2255.0,14255.0,11505.0,132
Gujarat,Rajkot,Gondal,Dry Chillies,Bold 1,FAQ,2024-12-27 00:00:00,2505.0,14505.0,11755.0,132
Gujarat,Rajkot,Gondal,Dry Chillies,Bold 1,FAQ,2024-12-31 00:00:00,2505.0,14755.0,11755.0,132
Gujarat,Rajkot,Rajkot,Dry Chillies,Red,FAQ,2024-12-06 00:00:00,2500.0,12000.0,9865.0,132
Gujarat,Rajkot,Rajkot,Dry Chillies,Red,FAQ,2024-12-24 00:00:00,9750.0,13250.0,12250.0,132
Gujarat,Dahod,Dahod,Dry Chillies,Dry Chillies,FAQ,2016-01-20 00:00:00,2000.0,2725.0,2650.0,132
Gujarat,Dahod,Dahod,Dry Chillies,Dry Chillies,FAQ,2016-02-17 00:00:00,11000.0,14000.0,12500.0,132
Gujarat,Dahod,Dahod,Dry Chillies,Dry Chillies,FAQ,2016-02-22 00:00:00,11000.0,14000.0,12500.0,132
Gujarat,Dahod,Dahod,Dry Chillies,Dry Chillies,FAQ,2016-02-26 00:00:00,2400.0,3200.0,2900.0,132
Gujarat,Dahod,Dahod,Dry Chillies,Dry Chillies,FAQ,2016-03-09 00:00:00,12000.0,16000.0,13500.0,132
Gujarat,Dahod,Dahod,Dry Chillies,Dry Chillies,FAQ,2016-03-28 00:00:00,12000.0,16000.0,14000.0,132
Gujarat,Dahod,Dahod,Dry Chillies,Dry Chillies,FAQ,2016-04-05 00:00:00,12000.0,15000.0,14500.0,132
Gujarat,Dahod,Dahod,Dry Chillies,Dry Chillies,FAQ,2016-05-02 00:00:00,12000.0,15500.0,14500.0,132
Gujarat,Dahod,Dahod,Dry Chillies,Dry Chillies,FAQ,2016-05-13 00:00:00,10500.0,15500.0,14250.0,132
Gujarat,Dahod,Dahod,Dry Chillies,Dry Chillies,FAQ,2016-05-19 00:00:00,11500.0,15500.0,13500.0,132
Gujarat,Dahod,Dahod,Dry Chillies,Dry Chillies,FAQ,2016-05-28 00:00:00,9000.0,15500.0,13750.0,132
Gujarat,Dahod,Dahod,Dry Chillies,Dry Chillies,FAQ,2016-05-31 00:00:00,10000.0,17500.0,14000.0,132
Gujarat,Dahod,Dahod,Dry Chillies,Dry Chillies,FAQ,2016-06-14 00:00:00,10000.0,16000.0,14000.0,132
Gujarat,Dahod,Dahod,Dry Chillies,Dry Chillies,FAQ,2016-06-27 00:00:00,10000.0,15500.0,14000.0,132
Gujarat,Dahod,Dahod,Dry Chillies,Dry Chillies,FAQ,2016-07-15 00:00:00,10000.0,15000.0,13000.0,132
Gujarat,Dahod,Dahod,Dry Chillies,Dry Chillies,FAQ,2016-07-20 00:00:00,10000.0,15000.0,13000.0,132
Gujarat,Dahod,Dahod,Dry Chillies,Dry Chillies,FAQ,2016-07-23 00:00:00,10000.0,16000.0,14000.0,132
Gujarat,Dahod,Dahod,Dry Chillies,Dry Chillies,FAQ,2016-07-28 00:00:00,10000.0,16000.0,14000.0,132
Gujarat,Dahod,Dahod,Dry Chillies,Dry Chillies,FAQ,2016-08-04 00:00:00,10000.0,16000.0,15000.0,132
Gujarat,Dahod,Dahod,Dry Chillies,Dry Chillies,FAQ,2016-08-05 00:00:00,10000.0,16000.0,14000.0,132
Gujarat,Dahod,Dahod,Dry Chillies,Dry Chillies,FAQ,2016-08-29 00:00:00,10000.0,16000.0,14000.0,132
Gujarat,Dahod,Dahod,Dry Chillies,Dry Chillies,FAQ,2016-09-05 00:00:00,10000.0,16000.0,14000.0,132
Gujarat,Dahod,Dahod,Dry Chillies,Dry Chillies,FAQ,2016-09-09 00:00:00,10000.0,16000.0,14500.0,132
Gujarat,Dahod,Dahod,Dry Chillies,Dry Chillies,FAQ,2016-09-15 00:00:00,10000.0,15500.0,14000.0,132
Gujarat,Dahod,Dahod,Dry Chillies,Dry Chillies,FAQ,2016-09-16 00:00:00,10000.0,15500.0,14250.0,132
Gujarat,Dahod,Dahod,Dry Chillies,Dry Chillies,FAQ,2016-09-20 00:00:00,10000.0,15500.0,14250.0,132
Gujarat,Dahod,Dahod,Dry Chillies,Dry Chillies,FAQ,2016-09-23 00:00:00,10000.0,15500.0,14250.0,132
Gujarat,Dahod,Dahod,Dry Chillies,Dry Chillies,FAQ,2016-09-29 00:00:00,10000.0,15500.0,14000.0,132
Gujarat,Dahod,Dahod,Dry Chillies,Dry Chillies,FAQ,2016-10-03 00:00:00,10000.0,15500.0,14250.0,132
Gujarat,Dahod,Dahod,Dry Chillies,Dry Chillies,FAQ,2016-10-21 00:00:00,12000.0,15000.0,14000.0,132
Gujarat,Dahod,Dahod,Dry Chillies,Dry Chillies,FAQ,2016-10-25 00:00:00,12000.0,15000.0,14000.0,132
Gujarat,Dahod,Dahod,Dry Chillies,Dry Chillies,FAQ,2016-10-26 00:00:00,12000.0,15000.0,13500.0,132
Gujarat,Dahod,Dahod,Dry Chillies,Dry Chillies,FAQ,2016-11-03 00:00:00,10000.0,15000.0,12000.0,132
Gujarat,Dahod,Dahod,Dry Chillies,Dry Chillies,FAQ,2016-11-21 00:00:00,10000.0,15000.0,13000.0,132
Gujarat,Dahod,Dahod,Dry Chillies,Dry Chillies,FAQ,2016-11-28 00:00:00,10000.0,15000.0,14000.0,132
Gujarat,Dahod,Dahod,Dry Chillies,Dry Chillies,FAQ,2016-12-01 00:00:00,10000.0,15000.0,13000.0,132
Gujarat,Dahod,Dahod,Dry Chillies,Dry Chillies,FAQ,2016-12-07 00:00:00,10000.0,14500.0,13500.0,132
Gujarat,Dahod,Dahod,Dry Chillies,Dry Chillies,FAQ,2016-12-23 00:00:00,8500.0,14500.0,13250.0,132
Gujarat,Dahod,Dahod,Dry Chillies,Dry Chillies,FAQ,2016-12-24 00:00:00,8500.0,14500.0,13500.0,132
Gujarat,Rajkot,Gondal,Dry Chillies,Bold 1,FAQ,2016-02-11 00:00:00,7505.0,14995.0,13005.0,132
Gujarat,Rajkot,Gondal,Dry Chillies,Bold 1,FAQ,2016-02-29 00:00:00,9005.0,16305.0,14205.0,132
Gujarat,Rajkot,Gondal,Dry Chillies,Bold 1,FAQ,2016-03-04 00:00:00,5505.0,16505.0,12405.0,132
Gujarat,Rajkot,Gondal,Dry Chillies,Bold 1,FAQ,2016-03-18 00:00:00,5505.0,14605.0,12305.0,132
Gujarat,Rajkot,Gondal,Dry Chillies,Bold 1,FAQ,2016-03-19 00:00:00,5505.0,14505.0,12705.0,132
Gujarat,Rajkot,Gondal,Dry Chillies,Bold 1,FAQ,2016-04-02 00:00:00,5505.0,15005.0,13305.0,132
Gujarat,Rajkot,Gondal,Dry Chillies,Bold 1,FAQ,2016-04-04 00:00:00,5505.0,16505.0,13305.0,132
Gujarat,Rajkot,Gondal,Dry Chillies,Bold 1,FAQ,2016-04-28 00:00:00,5005.0,18205.0,16255.0,132
Gujarat,Rajkot,Gondal,Dry Chillies,Bold 1,FAQ,2016-04-30 00:00:00,5505.0,17905.0,14205.0,132
Gujarat,Rajkot,Gondal,Dry Chillies,Bold 1,FAQ,2016-12-10 00:00:00,3605.0,9605.0,8705.0,132
Gujarat,Rajkot,Gondal,Dry Chillies,Bold 1,FAQ,2016-12-16 00:00:00,3605.0,10105.0,9005.0,132
Gujarat,Rajkot,Gondal,Dry Chillies,Bold 1,FAQ,2016-12-17 00:00:00,3505.0,10005.0,8505.0,132
Gujarat,Vadodara(Baroda),Vadodara,Dry Chillies,Other,FAQ,2016-01-01 00:00:00,11000.0,14000.0,14000.0,132
Gujarat,Vadodara(Baroda),Vadodara,Dry Chillies,Other,FAQ,2016-02-06 00:00:00,10000.0,11000.0,11000.0,132
Gujarat,Vadodara(Baroda),Vadodara,Dry Chillies,Other,FAQ,2016-02-11 00:00:00,10000.0,11000.0,11000.0,132
Gujarat,Vadodara(Baroda),Vadodara,Dry Chillies,Other,FAQ,2016-02-12 00:00:00,10000.0,11000.0,11000.0,132
Gujarat,Vadodara(Baroda),Vadodara,Dry Chillies,Other,FAQ,2016-02-17 00:00:00,13000.0,14000.0,14000.0,132
Gujarat,Vadodara(Baroda),Vadodara,Dry Chillies,Other,FAQ,2016-02-20 00:00:00,13000.0,14000.0,14000.0,132
Gujarat,Vadodara(Baroda),Vadodara,Dry Chillies,Other,FAQ,2016-02-25 00:00:00,13000.0,14000.0,14000.0,132
Gujarat,Vadodara(Baroda),Vadodara,Dry Chillies,Other,FAQ,2016-03-05 00:00:00,12000.0,15000.0,15000.0,132
Gujarat,Vadodara(Baroda),Vadodara,Dry Chillies,Other,FAQ,2016-03-12 00:00:00,12000.0,15000.0,15000.0,132
Gujarat,Vadodara(Baroda),Vadodara,Dry Chillies,Other,FAQ,2016-03-14 00:00:00,12000.0,15000.0,15000.0,132
Gujarat,Vadodara(Baroda),Vadodara,Dry Chillies,Other,FAQ,2016-03-16 00:00:00,12000.0,13000.0,13000.0,132
Gujarat,Vadodara(Baroda),Vadodara,Dry Chillies,Other,FAQ,2016-03-21 00:00:00,12000.0,13000.0,13000.0,132
Gujarat,Vadodara(Baroda),Vadodara,Dry Chillies,Other,FAQ,2016-03-29 00:00:00,12000.0,13000.0,13000.0,132
Gujarat,Vadodara(Baroda),Vadodara,Dry Chillies,Other,FAQ,2016-03-30 00:00:00,12000.0,13000.0,13000.0,132
Gujarat,Vadodara(Baroda),Vadodara,Dry Chillies,Other,FAQ,2016-04-08 00:00:00,12000.0,14000.0,14000.0,132
Gujarat,Vadodara(Baroda),Vadodara,Dry Chillies,Other,FAQ,2016-04-23 00:00:00,12000.0,14000.0,14000.0,132
Gujarat,Vadodara(Baroda),Vadodara,Dry Chillies,Other,FAQ,2016-04-30 00:00:00,12000.0,13000.0,13000.0,132
Gujarat,Vadodara(Baroda),Vadodara,Dry Chillies,Other,FAQ,2016-05-10 00:00:00,13000.0,15000.0,15000.0,132
Gujarat,Vadodara(Baroda),Vadodara,Dry Chillies,Other,FAQ,2016-05-25 00:00:00,12000.0,13000.0,13000.0,132
Gujarat,Vadodara(Baroda),Vadodara,Dry Chillies,Other,FAQ,2016-06-07 00:00:00,12000.0,13000.0,13000.0,132
Gujarat,Vadodara(Baroda),Vadodara,Dry Chillies,Other,FAQ,2016-06-29 00:00:00,10000.0,14000.0,14000.0,132
Gujarat,Vadodara(Baroda),Vadodara,Dry Chillies,Other,FAQ,2016-08-25 00:00:00,12000.0,13500.0,13500.0,132
Gujarat,Vadodara(Baroda),Vadodara,Dry Chillies,Other,FAQ,2016-09-07 00:00:00,12000.0,13500.0,13500.0,132
Gujarat,Vadodara(Baroda),Vadodara,Dry Chillies,Other,FAQ,2016-09-27 00:00:00,12500.0,13000.0,13000.0,132
Gujarat,Vadodara(Baroda),Vadodara,Dry Chillies,Other,FAQ,2016-10-26 00:00:00,12500.0,13500.0,13500.0,132
Gujarat,Vadodara(Baroda),Vadodara,Dry Chillies,Other,FAQ,2016-11-17 00:00:00,10000.0,12000.0,12000.0,132
Gujarat,Vadodara(Baroda),Vadodara,Dry Chillies,Other,FAQ,2016-11-28 00:00:00,8500.0,10000.0,10000.0,132
Gujarat,Vadodara(Baroda),Vadodara,Dry Chillies,Other,FAQ,2016-12-15 00:00:00,10000.0,12000.0,12000.0,132
Gujarat,Vadodara(Baroda),Vadodara,Dry Chillies,Other,FAQ,2016-12-28 00:00:00,10000.0,12000.0,12000.0,132
Gujarat,Dahod,Dahod,Dry Chillies,Dry Chillies,FAQ,2017-02-07 00:00:00,8500.0,14500.0,13000.0,132
Gujarat,Dahod,Dahod,Dry Chillies,Dry Chillies,FAQ,2017-02-15 00:00:00,8500.0,14500.0,13000.0,132
Gujarat,Dahod,Dahod,Dry Chillies,Dry Chillies,FAQ,2017-02-17 00:00:00,8500.0,14500.0,13000.0,132
Gujarat,Dahod,Dahod,Dry Chillies,Dry Chillies,FAQ,2017-02-27 00:00:00,8500.0,14500.0,13000.0,132
Gujarat,Dahod,Dahod,Dry Chillies,Dry Chillies,FAQ,2017-04-04 00:00:00,8000.0,11500.0,10500.0,132
Gujarat,Dahod,Dahod,Dry Chillies,Dry Chillies,FAQ,2017-05-29 00:00:00,7000.0,10000.0,9000.0,132
Gujarat,Dahod,Dahod,Dry Chillies,Dry Chillies,FAQ,2017-09-04 00:00:00,7000.0,10500.0,9250.0,132
Gujarat,Jamnagar,Jamnagar,Dry Chillies,1st Sort,FAQ,2017-01-28 00:00:00,4625.0,7850.0,6238.0,132
Gujarat,Jamnagar,Jamnagar,Dry Chillies,1st Sort,FAQ,2017-01-30 00:00:00,3950.0,8000.0,5975.0,132
Gujarat,Jamnagar,Jamnagar,Dry Chillies,1st Sort,FAQ,2017-02-21 00:00:00,3625.0,8800.0,6212.0,132
Gujarat,Jamnagar,Jamnagar,Dry Chillies,1st Sort,FAQ,2017-03-17 00:00:00,4500.0,7000.0,5750.0,132
Gujarat,Jamnagar,Jamnagar,Dry Chillies,1st Sort,FAQ,2017-04-03 00:00:00,2000.0,7000.0,4500.0,132
Gujarat,Jamnagar,Jamnagar,Dry Chillies,1st Sort,FAQ,2017-04-04 00:00:00,3000.0,5425.0,4212.0,132
Gujarat,Jamnagar,Jamnagar,Dry Chillies,1st Sort,FAQ,2017-04-19 00:00:00,2750.0,4500.0,3625.0,132
Gujarat,Jamnagar,Jamnagar,Dry Chillies,1st Sort,FAQ,2017-05-02 00:00:00,2500.0,3350.0,2925.0,132
Gujarat,Jamnagar,Jamnagar,Dry Chillies,1st Sort,FAQ,2017-05-11 00:00:00,1375.0,3250.0,2313.0,132
Gujarat,Jamnagar,Jamnagar,Dry Chillies,1st Sort,FAQ,2017-05-23 00:00:00,825.0,2300.0,1563.0,132
Gujarat,Rajkot,Gondal,Dry Chillies,Bold 1,FAQ,2017-01-07 00:00:00,3505.0,10105.0,9105.0,132
Gujarat,Rajkot,Gondal,Dry Chillies,Bold 1,FAQ,2017-01-09 00:00:00,3505.0,10105.0,8805.0,132
Gujarat,Rajkot,Gondal,Dry Chillies,Bold 1,FAQ,2017-01-23 00:00:00,3505.0,9305.0,8605.0,132
Gujarat,Rajkot,Gondal,Dry Chillies,Bold 1,FAQ,2017-02-01 00:00:00,4005.0,9105.0,8205.0,132
Gujarat,Rajkot,Gondal,Dry Chillies,Bold 1,FAQ,2017-02-03 00:00:00,4005.0,8505.0,7305.0,132
Gujarat,Rajkot,Gondal,Dry Chillies,Bold 1,FAQ,2017-02-15 00:00:00,4005.0,14305.0,12755.0,132
Gujarat,Rajkot,Gondal,Dry Chillies,Bold 1,FAQ,2017-02-20 00:00:00,3505.0,8305.0,6605.0,132
Gujarat,Rajkot,Gondal,Dry Chillies,Bold 1,FAQ,2017-02-28 00:00:00,3505.0,13005.0,11705.0,132
Gujarat,Rajkot,Gondal,Dry Chillies,Bold 1,FAQ,2017-03-01 00:00:00,2505.0,7905.0,6705.0,132
Gujarat,Rajkot,Gondal,Dry Chillies,Bold 1,FAQ,2017-03-02 00:00:00,3505.0,12205.0,9755.0,132
Gujarat,Rajkot,Gondal,Dry Chillies,Bold 1,FAQ,2017-03-11 00:00:00,3505.0,10255.0,8305.0,132
Gujarat,Rajkot,Gondal,Dry Chillies,Bold 1,FAQ,2017-03-22 00:00:00,2505.0,9005.0,7205.0,132
Gujarat,Rajkot,Gondal,Dry Chillies,Bold 1,FAQ,2017-04-03 00:00:00,1005.0,6005.0,5005.0,132
Gujarat,Rajkot,Gondal,Dry Chillies,Bold 1,FAQ,2017-04-04 00:00:00,1005.0,6755.0,5255.0,132
Gujarat,Rajkot,Gondal,Dry Chillies,Bold 1,FAQ,2017-04-12 00:00:00,1005.0,5105.0,4405.0,132
Gujarat,Rajkot,Gondal,Dry Chillies,Bold 1,FAQ,2017-06-01 00:00:00,305.0,4405.0,2405.0,132
Gujarat,Rajkot,Gondal,Dry Chillies,Bold 1,FAQ,2017-11-28 00:00:00,2505.0,10505.0,8880.0,132
Gujarat,Rajkot,Gondal,Dry Chillies,Bold 1,FAQ,2017-11-30 00:00:00,2005.0,10255.0,8755.0,132
Gujarat,Rajkot,Gondal,Dry Chillies,Bold 1,FAQ,2017-12-15 00:00:00,2755.0,11255.0,9380.0,132
Gujarat,Rajkot,Gondal,Dry Chillies,Bold 1,FAQ,2017-12-18 00:00:00,2755.0,10505.0,8880.0,132
Gujarat,Rajkot,Gondal,Dry Chillies,Bold 1,FAQ,2017-12-26 00:00:00,3505.0,11380.0,9380.0,132
Gujarat,Vadodara(Baroda),Vadodara,Dry Chillies,Other,FAQ,2017-01-05 00:00:00,8000.0,10000.0,10000.0,132
Gujarat,Vadodara(Baroda),Vadodara,Dry Chillies,Other,FAQ,2017-01-13 00:00:00,8000.0,10000.0,10000.0,132
Gujarat,Vadodara(Baroda),Vadodara,Dry Chillies,Other,FAQ,2017-01-16 00:00:00,8000.0,9000.0,9000.0,132
Gujarat,Vadodara(Baroda),Vadodara,Dry Chillies,Other,FAQ,2017-02-07 00:00:00,10000.0,13000.0,13000.0,132
Gujarat,Vadodara(Baroda),Vadodara,Dry Chillies,Other,FAQ,2017-02-16 00:00:00,10000.0,13000.0,13000.0,132
Gujarat,Vadodara(Baroda),Vadodara,Dry Chillies,Other,FAQ,2017-03-01 00:00:00,11000.0,13000.0,13000.0,132
Gujarat,Vadodara(Baroda),Vadodara,Dry Chillies,Other,FAQ,2017-03-16 00:00:00,8000.0,10000.0,10000.0,132
Gujarat,Vadodara(Baroda),Vadodara,Dry Chillies,Other,FAQ,2017-03-17 00:00:00,8000.0,10000.0,10000.0,132
Gujarat,Vadodara(Baroda),Vadodara,Dry Chillies,Other,FAQ,2017-03-21 00:00:00,8000.0,10000.0,10000.0,132
Gujarat,Vadodara(Baroda),Vadodara,Dry Chillies,Other,FAQ,2017-03-22 00:00:00,8000.0,10000.0,10000.0,132
Gujarat,Vadodara(Baroda),Vadodara,Dry Chillies,Other,FAQ,2017-03-27 00:00:00,8000.0,10000.0,10000.0,132
Gujarat,Vadodara(Baroda),Vadodara,Dry Chillies,Other,FAQ,2017-04-03 00:00:00,8000.0,10000.0,10000.0,132
Gujarat,Vadodara(Baroda),Vadodara,Dry Chillies,Other,FAQ,2017-04-13 00:00:00,8000.0,10000.0,10000.0,132
Gujarat,Vadodara(Baroda),Vadodara,Dry Chillies,Other,FAQ,2017-05-07 00:00:00,8000.0,10000.0,10000.0,132
Gujarat,Vadodara(Baroda),Vadodara,Dry Chillies,Other,FAQ,2017-05-09 00:00:00,8000.0,10000.0,10000.0,132
Gujarat,Vadodara(Baroda),Vadodara,Dry Chillies,Other,FAQ,2017-05-16 00:00:00,5000.0,8000.0,8000.0,132
Gujarat,Vadodara(Baroda),Vadodara,Dry Chillies,Other,FAQ,2017-05-24 00:00:00,5000.0,8000.0,8000.0,132
Gujarat,Vadodara(Baroda),Vadodara,Dry Chillies,Other,FAQ,2017-05-30 00:00:00,3000.0,4000.0,4000.0,132
Gujarat,Vadodara(Baroda),Vadodara,Dry Chillies,Other,FAQ,2017-06-02 00:00:00,5000.0,8000.0,8000.0,132
Gujarat,Vadodara(Baroda),Vadodara,Dry Chillies,Other,FAQ,2017-07-03 00:00:00,5000.0,7000.0,7000.0,132
Gujarat,Vadodara(Baroda),Vadodara,Dry Chillies,Other,FAQ,2017-07-12 00:00:00,5000.0,7000.0,7000.0,132
Gujarat,Vadodara(Baroda),Vadodara,Dry Chillies,Other,FAQ,2017-08-22 00:00:00,4000.0,6000.0,6000.0,132
Gujarat,Vadodara(Baroda),Vadodara,Dry Chillies,Other,FAQ,2017-08-30 00:00:00,4000.0,6000.0,6000.0,132
Gujarat,Vadodara(Baroda),Vadodara,Dry Chillies,Other,FAQ,2017-10-09 00:00:00,5000.0,7000.0,7000.0,132
Gujarat,Vadodara(Baroda),Vadodara,Dry Chillies,Other,FAQ,2017-10-31 00:00:00,5000.0,6000.0,6000.0,132
Gujarat,Vadodara(Baroda),Vadodara,Dry Chillies,Other,FAQ,2017-11-02 00:00:00,5000.0,6000.0,6000.0,132
Gujarat,Vadodara(Baroda),Vadodara,Dry Chillies,Other,FAQ,2017-11-06 00:00:00,5000.0,6000.0,6000.0,132
Gujarat,Vadodara(Baroda),Vadodara,Dry Chillies,Other,FAQ,2017-12-11 00:00:00,5500.0,7000.0,7000.0,132
Gujarat,Vadodara(Baroda),Vadodara,Dry Chillies,Other,FAQ,2017-12-13 00:00:00,5500.0,7000.0,7000.0,132
Gujarat,Vadodara(Baroda),Vadodara,Dry Chillies,Other,FAQ,2017-12-19 00:00:00,3000.0,9000.0,9000.0,132
Gujarat,Dahod,Dahod,Dry Chillies,Dry Chillies,FAQ,2018-02-05 00:00:00,8000.0,11000.0,10000.0,132
Gujarat,Dahod,Dahod,Dry Chillies,Dry Chillies,FAQ,2018-03-19 00:00:00,8000.0,11000.0,10000.0,132
Gujarat,Dahod,Dahod,Dry Chillies,Dry Chillies,FAQ,2018-03-23 00:00:00,8000.0,11000.0,10000.0,132
Gujarat,Dahod,Dahod,Dry Chillies,Dry Chillies,FAQ,2018-05-12 00:00:00,8500.0,11000.0,9500.0,132
Gujarat,Dahod,Dahod,Dry Chillies,Dry Chillies,FAQ,2018-05-21 00:00:00,8500.0,11000.0,10000.0,132
Gujarat,Dahod,Dahod,Dry Chillies,Dry Chillies,FAQ,2018-05-24 00:00:00,8500.0,11000.0,10000.0,132
Gujarat,Dahod,Dahod,Dry Chillies,Dry Chillies,FAQ,2018-05-26 00:00:00,9500.0,12250.0,11500.0,132
Gujarat,Dahod,Dahod,Dry Chillies,Dry Chillies,FAQ,2018-06-01 00:00:00,9000.0,12000.0,10500.0,132
Gujarat,Dahod,Dahod,Dry Chillies,Dry Chillies,FAQ,2018-06-05 00:00:00,9000.0,12000.0,11000.0,132
Gujarat,Dahod,Dahod,Dry Chillies,Dry Chillies,FAQ,2018-06-13 00:00:00,9000.0,12000.0,11000.0,132
Gujarat,Dahod,Dahod,Dry Chillies,Dry Chillies,FAQ,2018-06-16 00:00:00,8500.0,12000.0,11000.0,132
Gujarat,Dahod,Dahod,Dry Chillies,Dry Chillies,FAQ,2018-06-20 00:00:00,8500.0,12250.0,11000.0,132
Gujarat,Dahod,Dahod,Dry Chillies,Dry Chillies,FAQ,2018-06-25 00:00:00,8500.0,12250.0,10500.0,132
Gujarat,Dahod,Dahod,Dry Chillies,Dry Chillies,FAQ,2018-07-16 00:00:00,8500.0,12000.0,10000.0,132
Gujarat,Dahod,Dahod,Dry Chillies,Dry Chillies,FAQ,2018-07-17 00:00:00,8750.0,12000.0,11000.0,132
Gujarat,Dahod,Dahod,Dry Chillies,Dry Chillies,FAQ,2018-07-19 00:00:00,8750.0,12000.0,10000.0,132
Gujarat,Dahod,Dahod,Dry Chillies,Dry Chillies,FAQ,2018-07-31 00:00:00,8250.0,12250.0,11000.0,132
Gujarat,Dahod,Dahod,Dry Chillies,Dry Chillies,FAQ,2018-08-18 00:00:00,9000.0,12000.0,10000.0,132
Gujarat,Dahod,Dahod,Dry Chillies,Dry Chillies,FAQ,2018-08-21 00:00:00,9000.0,12300.0,11000.0,132
Gujarat,Dahod,Dahod,Dry Chillies,Dry Chillies,FAQ,2018-08-24 00:00:00,9000.0,12300.0,11500.0,132
Gujarat,Dahod,Dahod,Dry Chillies,Dry Chillies,FAQ,2018-08-25 00:00:00,9000.0,12300.0,11000.0,132
Gujarat,Dahod,Dahod,Dry Chillies,Dry Chillies,FAQ,2018-08-27 00:00:00,9000.0,12300.0,11000.0,132
Gujarat,Dahod,Dahod,Dry Chillies,Dry Chillies,FAQ,2018-08-30 00:00:00,9500.0,12500.0,11000.0,132
Gujarat,Dahod,Dahod,Dry Chillies,Dry Chillies,FAQ,2018-09-01 00:00:00,9000.0,12500.0,12000.0,132
Gujarat,Dahod,Dahod,Dry Chillies,Dry Chillies,FAQ,2018-09-06 00:00:00,9500.0,12500.0,12000.0,132
Gujarat,Dahod,Dahod,Dry Chillies,Dry Chillies,FAQ,2018-09-08 00:00:00,9500.0,12500.0,11250.0,132
Gujarat,Dahod,Dahod,Dry Chillies,Dry Chillies,FAQ,2018-09-14 00:00:00,9500.0,12500.0,11000.0,132
Gujarat,Dahod,Dahod,Dry Chillies,Dry Chillies,FAQ,2018-09-26 00:00:00,9500.0,12500.0,11000.0,132
Gujarat,Dahod,Dahod,Dry Chillies,Dry Chillies,FAQ,2018-10-03 00:00:00,9500.0,12500.0,11500.0,132
Gujarat,Dahod,Dahod,Dry Chillies,Dry Chillies,FAQ,2018-10-19 00:00:00,9500.0,12500.0,11500.0,132
Gujarat,Dahod,Dahod,Dry Chillies,Dry Chillies,FAQ,2018-10-25 00:00:00,9500.0,12500.0,11500.0,132
Gujarat,Dahod,Dahod,Dry Chillies,Dry Chillies,FAQ,2018-11-20 00:00:00,9500.0,13500.0,12000.0,132
Gujarat,Dahod,Dahod,Dry Chillies,Dry Chillies,FAQ,2018-12-03 00:00:00,9500.0,13500.0,12000.0,132
Gujarat,Jamnagar,Jamnagar,Dry Chillies,1st Sort,FAQ,2018-02-26 00:00:00,7625.0,9000.0,8313.0,132
Gujarat,Jamnagar,Jamnagar,Dry Chillies,1st Sort,FAQ,2018-03-06 00:00:00,4750.0,8950.0,6850.0,132
Gujarat,Jamnagar,Jamnagar,Dry Chillies,1st Sort,FAQ,2018-03-19 00:00:00,3950.0,8975.0,6463.0,132
Gujarat,Jamnagar,Jamnagar,Dry Chillies,1st Sort,FAQ,2018-11-27 00:00:00,3950.0,7200.0,5575.0,132
Gujarat,Jamnagar,Jamnagar,Dry Chillies,1st Sort,FAQ,2018-12-13 00:00:00,4125.0,7375.0,5750.0,132
Gujarat,Rajkot,Gondal,Dry Chillies,Bold 1,FAQ,2018-01-01 00:00:00,3505.0,12005.0,8880.0,132
Gujarat,Rajkot,Gondal,Dry Chillies,Bold 1,FAQ,2018-01-02 00:00:00,3505.0,11880.0,8880.0,132
Gujarat,Rajkot,Gondal,Dry Chillies,Bold 1,FAQ,2018-01-12 00:00:00,3005.0,10755.0,8630.0,132
Gujarat,Rajkot,Gondal,Dry Chillies,Bold 1,FAQ,2018-01-19 00:00:00,3505.0,12005.0,9380.0,132
Gujarat,Rajkot,Gondal,Dry Chillies,Bold 1,FAQ,2018-01-23 00:00:00,3505.0,11880.0,9130.0,132
Gujarat,Rajkot,Gondal,Dry Chillies,Bold 1,FAQ,2018-01-31 00:00:00,4005.0,12380.0,9380.0,132
Gujarat,Rajkot,Gondal,Dry Chillies,Bold 1,FAQ,2018-02-08 00:00:00,5505.0,12505.0,9380.0,132
Gujarat,Rajkot,Gondal,Dry Chillies,Bold 1,FAQ,2018-02-09 00:00:00,5630.0,13505.0,9505.0,132
Gujarat,Rajkot,Gondal,Dry Chillies,Bold 1,FAQ,2018-02-10 00:00:00,5005.0,11880.0,8880.0,132
Gujarat,Rajkot,Gondal,Dry Chillies,Bold 1,FAQ,2018-02-15 00:00:00,5005.0,13130.0,9130.0,132
Gujarat,Rajkot,Gondal,Dry Chillies,Bold 1,FAQ,2018-03-03 00:00:00,5505.0,12755.0,9380.0,132
Gujarat,Rajkot,Gondal,Dry Chillies,Bold 1,FAQ,2018-03-05 00:00:00,5005.0,13130.0,8880.0,132
Gujarat,Rajkot,Gondal,Dry Chillies,Bold 1,FAQ,2018-03-08 00:00:00,5505.0,13755.0,9380.0,132
Gujarat,Rajkot,Gondal,Dry Chillies,Bold 1,FAQ,2018-03-10 00:00:00,5005.0,14255.0,9380.0,132
Gujarat,Rajkot,Gondal,Dry Chillies,Bold 1,FAQ,2018-03-20 00:00:00,3255.0,12255.0,9255.0,132
Gujarat,Rajkot,Gondal,Dry Chillies,Bold 1,FAQ,2018-04-05 00:00:00,3755.0,16505.0,12755.0,132
Gujarat,Rajkot,Gondal,Dry Chillies,Bold 1,FAQ,2018-04-07 00:00:00,3505.0,15255.0,13755.0,132
Gujarat,Rajkot,Gondal,Dry Chillies,Bold 1,FAQ,2018-04-17 00:00:00,3505.0,15255.0,13755.0,132
Gujarat,Rajkot,Gondal,Dry Chillies,Bold 1,FAQ,2018-04-18 00:00:00,3505.0,16255.0,14255.0,132
Gujarat,Rajkot,Gondal,Dry Chillies,Bold 1,FAQ,2018-04-28 00:00:00,2755.0,13755.0,11255.0,132
Gujarat,Rajkot,Gondal,Dry Chillies,Bold 1,FAQ,2018-05-08 00:00:00,2005.0,13755.0,10755.0,132
Gujarat,Rajkot,Gondal,Dry Chillies,Bold 1,FAQ,2018-05-10 00:00:00,2005.0,13500.0,11005.0,132
Gujarat,Rajkot,Gondal,Dry Chillies,Bold 1,FAQ,2018-05-14 00:00:00,2005.0,13005.0,9005.0,132
Gujarat,Rajkot,Gondal,Dry Chillies,Bold 1,FAQ,2018-11-24 00:00:00,5005.0,9255.0,7255.0,132
Gujarat,Rajkot,Gondal,Dry Chillies,Bold 1,FAQ,2018-12-26 00:00:00,5005.0,9505.0,7880.0,132
Gujarat,Rajkot,Gondal,Dry Chillies,Bold 1,FAQ,2018-12-28 00:00:00,5000.0,9255.0,7505.0,132
Gujarat,Rajkot,Rajkot,Dry Chillies,Red,FAQ,2018-11-17 00:00:00,3000.0,8000.0,6000.0,132
Gujarat,Rajkot,Rajkot,Dry Chillies,Red,FAQ,2018-11-22 00:00:00,5250.0,7550.0,6000.0,132
Gujarat,Rajkot,Rajkot,Dry Chillies,Red,FAQ,2018-11-27 00:00:00,6000.0,7500.0,7000.0,132
Gujarat,Rajkot,Rajkot,Dry Chillies,Red,FAQ,2018-11-30 00:00:00,3500.0,7500.0,6000.0,132
Gujarat,Rajkot,Rajkot,Dry Chillies,Red,FAQ,2018-12-05 00:00:00,6000.0,7500.0,7000.0,132
Gujarat,Rajkot,Rajkot,Dry Chillies,Red,FAQ,2018-12-17 00:00:00,6000.0,8500.0,7500.0,132
Gujarat,Rajkot,Rajkot,Dry Chillies,Red,FAQ,2018-12-31 00:00:00,4000.0,8000.0,6000.0,132
Gujarat,Vadodara(Baroda),Vadodara,Dry Chillies,Other,FAQ,2018-01-06 00:00:00,5000.0,7500.0,7500.0,132
Gujarat,Vadodara(Baroda),Vadodara,Dry Chillies,Other,FAQ,2018-01-08 00:00:00,5000.0,7500.0,7500.0,132
Gujarat,Vadodara(Baroda),Vadodara,Dry Chillies,Other,FAQ,2018-01-09 00:00:00,5000.0,7000.0,7000.0,132
Gujarat,Vadodara(Baroda),Vadodara,Dry Chillies,Other,FAQ,2018-01-17 00:00:00,5000.0,7500.0,7500.0,132
Gujarat,Vadodara(Baroda),Vadodara,Dry Chillies,Other,FAQ,2018-01-27 00:00:00,6000.0,8000.0,8000.0,132
Gujarat,Vadodara(Baroda),Vadodara,Dry Chillies,Other,FAQ,2018-02-16 00:00:00,7000.0,9000.0,9000.0,132
Gujarat,Vadodara(Baroda),Vadodara,Dry Chillies,Other,FAQ,2018-03-17 00:00:00,6500.0,10000.0,10000.0,132
Gujarat,Vadodara(Baroda),Vadodara,Dry Chillies,Other,FAQ,2018-03-20 00:00:00,8000.0,12000.0,12000.0,132
Gujarat,Vadodara(Baroda),Vadodara,Dry Chillies,Other,FAQ,2018-04-05 00:00:00,8000.0,11000.0,11000.0,132
Gujarat,Vadodara(Baroda),Vadodara,Dry Chillies,Other,FAQ,2018-04-19 00:00:00,8000.0,11000.0,11000.0,132
Gujarat,Vadodara(Baroda),Vadodara,Dry Chillies,Other,FAQ,2018-05-23 00:00:00,8000.0,10000.0,10000.0,132
Gujarat,Vadodara(Baroda),Vadodara,Dry Chillies,Other,FAQ,2018-06-26 00:00:00,8000.0,10000.0,10000.0,132
Gujarat,Vadodara(Baroda),Vadodara,Dry Chillies,Other,FAQ,2018-08-13 00:00:00,8000.0,10000.0,10000.0,132
Gujarat,Vadodara(Baroda),Vadodara,Dry Chillies,Other,FAQ,2018-08-18 00:00:00,8000.0,10000.0,10000.0,132
Gujarat,Vadodara(Baroda),Vadodara,Dry Chillies,Other,FAQ,2018-09-07 00:00:00,8000.0,9000.0,9000.0,132
Gujarat,Vadodara(Baroda),Vadodara,Dry Chillies,Other,FAQ,2018-09-21 00:00:00,7000.0,9000.0,9000.0,132
Gujarat,Vadodara(Baroda),Vadodara,Dry Chillies,Other,FAQ,2018-09-25 00:00:00,7000.0,9000.0,9000.0,132
Gujarat,Vadodara(Baroda),Vadodara,Dry Chillies,Other,FAQ,2018-10-05 00:00:00,7000.0,9000.0,9000.0,132
Gujarat,Vadodara(Baroda),Vadodara,Dry Chillies,Other,FAQ,2018-12-26 00:00:00,8000.0,9000.0,9000.0,132
Gujarat,Vadodara(Baroda),Vadodara,Dry Chillies,Other,FAQ,2018-12-28 00:00:00,8000.0,9000.0,9000.0,132
Gujarat,Dahod,Dahod,Dry Chillies,Dry Chillies,FAQ,2019-01-12 00:00:00,8000.0,12500.0,11500.0,132
Gujarat,Dahod,Dahod,Dry Chillies,Dry Chillies,FAQ,2019-01-21 00:00:00,10000.0,12500.0,12000.0,132
Gujarat,Dahod,Dahod,Dry Chillies,Dry Chillies,FAQ,2019-01-30 00:00:00,9500.0,12500.0,11750.0,132
Gujarat,Dahod,Dahod,Dry Chillies,Dry Chillies,FAQ,2019-02-01 00:00:00,9000.0,12500.0,11000.0,132
Gujarat,Dahod,Dahod,Dry Chillies,Dry Chillies,FAQ,2019-02-07 00:00:00,9000.0,12500.0,11500.0,132
Gujarat,Dahod,Dahod,Dry Chillies,Dry Chillies,FAQ,2019-03-01 00:00:00,9250.0,12250.0,11000.0,132
Gujarat,Dahod,Dahod,Dry Chillies,Dry Chillies,FAQ,2019-03-08 00:00:00,8000.0,11500.0,10500.0,132
Gujarat,Dahod,Dahod,Dry Chillies,Dry Chillies,FAQ,2019-03-25 00:00:00,8000.0,11500.0,10500.0,132
Gujarat,Dahod,Dahod,Dry Chillies,Dry Chillies,FAQ,2019-03-26 00:00:00,8000.0,11500.0,10500.0,132
Gujarat,Dahod,Dahod,Dry Chillies,Dry Chillies,FAQ,2019-04-05 00:00:00,8000.0,11500.0,11250.0,132
Gujarat,Dahod,Dahod,Dry Chillies,Dry Chillies,FAQ,2019-04-26 00:00:00,8000.0,11500.0,11000.0,132
Gujarat,Dahod,Dahod,Dry Chillies,Dry Chillies,FAQ,2019-05-02 00:00:00,10500.0,13000.0,12000.0,132
Gujarat,Dahod,Dahod,Dry Chillies,Dry Chillies,FAQ,2019-06-26 00:00:00,9500.0,13250.0,12750.0,132
Gujarat,Dahod,Dahod,Dry Chillies,Dry Chillies,FAQ,2019-07-02 00:00:00,9500.0,13500.0,12250.0,132
Gujarat,Dahod,Dahod,Dry Chillies,Dry Chillies,FAQ,2019-07-03 00:00:00,9500.0,13500.0,12500.0,132
Gujarat,Dahod,Dahod,Dry Chillies,Dry Chillies,FAQ,2019-08-05 00:00:00,9500.0,14250.0,12500.0,132
Gujarat,Dahod,Dahod,Dry Chillies,Dry Chillies,FAQ,2019-08-26 00:00:00,10000.0,15800.0,14000.0,132
Gujarat,Dahod,Dahod,Dry Chillies,Dry Chillies,FAQ,2019-10-21 00:00:00,12000.0,18500.0,15000.0,132
Gujarat,Dahod,Dahod,Dry Chillies,Dry Chillies,FAQ,2019-10-22 00:00:00,12000.0,18500.0,15000.0,132
Gujarat,Dahod,Dahod,Dry Chillies,Dry Chillies,FAQ,2019-11-04 00:00:00,12000.0,18500.0,16500.0,132
Gujarat,Dahod,Dahod,Dry Chillies,Dry Chillies,FAQ,2019-11-26 00:00:00,14000.0,21000.0,19500.0,132
Gujarat,Dahod,Dahod,Dry Chillies,Dry Chillies,FAQ,2019-11-27 00:00:00,14000.0,21000.0,19500.0,132
Gujarat,Dahod,Dahod,Dry Chillies,Dry Chillies,FAQ,2019-12-03 00:00:00,14000.0,21000.0,20000.0,132
Gujarat,Dahod,Dahod,Dry Chillies,Dry Chillies,FAQ,2019-12-12 00:00:00,15000.0,21000.0,20250.0,132
Gujarat,Dahod,Dahod,Dry Chillies,Dry Chillies,FAQ,2019-12-24 00:00:00,15000.0,22000.0,20000.0,132
Gujarat,Dahod,Dahod,Dry Chillies,Dry Chillies,FAQ,2019-12-30 00:00:00,15000.0,21500.0,19500.0,132
Gujarat,Jamnagar,Jamnagar,Dry Chillies,1st Sort,FAQ,2019-01-02 00:00:00,4000.0,8950.0,6475.0,132
Gujarat,Jamnagar,Jamnagar,Dry Chillies,1st Sort,FAQ,2019-01-07 00:00:00,3500.0,8275.0,5888.0,132
Gujarat,Jamnagar,Jamnagar,Dry Chillies,1st Sort,FAQ,2019-01-12 00:00:00,2500.0,9000.0,5750.0,132
Gujarat,Jamnagar,Jamnagar,Dry Chillies,1st Sort,FAQ,2019-01-18 00:00:00,3625.0,7150.0,5388.0,132
Gujarat,Jamnagar,Jamnagar,Dry Chillies,1st Sort,FAQ,2019-01-21 00:00:00,2500.0,9000.0,5750.0,132
Gujarat,Jamnagar,Jamnagar,Dry Chillies,1st Sort,FAQ,2019-01-23 00:00:00,4000.0,7750.0,5875.0,132
Gujarat,Jamnagar,Jamnagar,Dry Chillies,1st Sort,FAQ,2019-02-12 00:00:00,4500.0,7000.0,5750.0,132
Gujarat,Jamnagar,Jamnagar,Dry Chillies,1st Sort,FAQ,2019-03-19 00:00:00,3000.0,6850.0,4925.0,132
Gujarat,Jamnagar,Jamnagar,Dry Chillies,1st Sort,FAQ,2019-04-15 00:00:00,3400.0,10500.0,6950.0,132
Gujarat,Jamnagar,Jamnagar,Dry Chillies,1st Sort,FAQ,2019-04-18 00:00:00,3500.0,9050.0,6275.0,132
Gujarat,Jamnagar,Jamnagar,Dry Chillies,1st Sort,FAQ,2019-04-30 00:00:00,1000.0,3500.0,2250.0,132
Gujarat,Jamnagar,Jamnagar,Dry Chillies,1st Sort,FAQ,2019-11-26 00:00:00,6000.0,11425.0,8713.0,132
Gujarat,Jamnagar,Jamnagar,Dry Chillies,1st Sort,FAQ,2019-12-05 00:00:00,2250.0,9425.0,5838.0,132
Gujarat,Jamnagar,Jamnagar,Dry Chillies,1st Sort,FAQ,2019-12-14 00:00:00,3000.0,12550.0,7775.0,132
Gujarat,Jamnagar,Jamnagar,Dry Chillies,1st Sort,FAQ,2019-12-30 00:00:00,3825.0,13725.0,8775.0,132
Gujarat,Rajkot,Gondal,Dry Chillies,Bold 1,FAQ,2019-01-05 00:00:00,4505.0,8505.0,6880.0,132
Gujarat,Rajkot,Gondal,Dry Chillies,Bold 1,FAQ,2019-01-09 00:00:00,4505.0,9255.0,6880.0,132
Gujarat,Rajkot,Gondal,Dry Chillies,Bold 1,FAQ,2019-01-11 00:00:00,4755.0,9255.0,7255.0,132
Gujarat,Rajkot,Gondal,Dry Chillies,Bold 1,FAQ,2019-01-16 00:00:00,4505.0,8880.0,6380.0,132
Gujarat,Rajkot,Gondal,Dry Chillies,Bold 1,FAQ,2019-02-02 00:00:00,3630.0,8755.0,6505.0,132
Gujarat,Rajkot,Gondal,Dry Chillies,Bold 1,FAQ,2019-02-11 00:00:00,5755.0,18005.0,14005.0,132
Gujarat,Rajkot,Gondal,Dry Chillies,Bold 1,FAQ,2019-02-21 00:00:00,3505.0,8755.0,6130.0,132
Gujarat,Rajkot,Gondal,Dry Chillies,Bold 1,FAQ,2019-02-26 00:00:00,3505.0,8255.0,6255.0,132
Gujarat,Rajkot,Gondal,Dry Chillies,Bold 1,FAQ,2019-03-07 00:00:00,2505.0,9005.0,7380.0,132
Gujarat,Rajkot,Gondal,Dry Chillies,Bold 1,FAQ,2019-04-01 00:00:00,2505.0,11005.0,7380.0,132
Gujarat,Rajkot,Gondal,Dry Chillies,Bold 1,FAQ,2019-04-26 00:00:00,2505.0,9005.0,6380.0,132
Gujarat,Rajkot,Gondal,Dry Chillies,Bold 1,FAQ,2019-04-27 00:00:00,2505.0,9255.0,6380.0,132
Gujarat,Rajkot,Gondal,Dry Chillies,Bold 1,FAQ,2019-05-04 00:00:00,3255.0,12505.0,10505.0,132
Gujarat,Rajkot,Gondal,Dry Chillies,Bold 1,FAQ,2019-05-10 00:00:00,2755.0,11005.0,7755.0,132
Gujarat,Rajkot,Gondal,Dry Chillies,Bold 1,FAQ,2019-11-19 00:00:00,4005.0,14380.0,9755.0,132
Gujarat,Rajkot,Gondal,Dry Chillies,Bold 1,FAQ,2019-11-20 00:00:00,5005.0,14755.0,9255.0,132
Gujarat,Rajkot,Gondal,Dry Chillies,Bold 1,FAQ,2019-11-27 00:00:00,2255.0,14005.0,10005.0,132
Gujarat,Rajkot,Gondal,Dry Chillies,Bold 1,FAQ,2019-11-29 00:00:00,2505.0,14005.0,9955.0,132
Gujarat,Rajkot,Gondal,Dry Chillies,Bold 1,FAQ,2019-12-02 00:00:00,2505.0,13255.0,9755.0,132
Gujarat,Rajkot,Gondal,Dry Chillies,Bold 1,FAQ,2019-12-05 00:00:00,2505.0,14755.0,10255.0,132
Gujarat,Rajkot,Gondal,Dry Chillies,Bold 1,FAQ,2019-12-12 00:00:00,2505.0,13255.0,10755.0,132
Gujarat,Rajkot,Gondal,Dry Chillies,Bold 1,FAQ,2019-12-13 00:00:00,2505.0,13755.0,10255.0,132
Gujarat,Rajkot,Gondal,Dry Chillies,Bold 1,FAQ,2019-12-16 00:00:00,2505.0,13505.0,11005.0,132
Gujarat,Rajkot,Gondal,Dry Chillies,Bold 1,FAQ,2019-12-18 00:00:00,2505.0,13505.0,10255.0,132
Gujarat,Rajkot,Rajkot,Dry Chillies,Red,FAQ,2019-01-01 00:00:00,4000.0,7250.0,6000.0,132
Gujarat,Rajkot,Rajkot,Dry Chillies,Red,FAQ,2019-01-03 00:00:00,6000.0,7500.0,6500.0,132
Gujarat,Rajkot,Rajkot,Dry Chillies,Red,FAQ,2019-01-09 00:00:00,5000.0,6500.0,5500.0,132
Gujarat,Rajkot,Rajkot,Dry Chillies,Red,FAQ,2019-01-16 00:00:00,4000.0,6500.0,5500.0,132
Gujarat,Rajkot,Rajkot,Dry Chillies,Red,FAQ,2019-01-18 00:00:00,4000.0,7000.0,6000.0,132
Gujarat,Rajkot,Rajkot,Dry Chillies,Red,FAQ,2019-01-31 00:00:00,4000.0,7000.0,6000.0,132
Gujarat,Rajkot,Rajkot,Dry Chillies,Red,FAQ,2019-02-01 00:00:00,4000.0,8250.0,6400.0,132
Gujarat,Rajkot,Rajkot,Dry Chillies,Red,FAQ,2019-02-04 00:00:00,4000.0,8275.0,6000.0,132
Gujarat,Rajkot,Rajkot,Dry Chillies,Red,FAQ,2019-02-06 00:00:00,4000.0,6500.0,5500.0,132
Gujarat,Rajkot,Rajkot,Dry Chillies,Red,FAQ,2019-02-16 00:00:00,6000.0,8000.0,7000.0,132
Gujarat,Rajkot,Rajkot,Dry Chillies,Red,FAQ,2019-02-18 00:00:00,5000.0,9000.0,7500.0,132
Gujarat,Rajkot,Rajkot,Dry Chillies,Red,FAQ,2019-02-23 00:00:00,4000.0,15000.0,10500.0,132
Gujarat,Rajkot,Rajkot,Dry Chillies,Red,FAQ,2019-03-01 00:00:00,3500.0,15300.0,10500.0,132
Gujarat,Rajkot,Rajkot,Dry Chillies,Red,FAQ,2019-03-07 00:00:00,3500.0,16025.0,11000.0,132
Gujarat,Rajkot,Rajkot,Dry Chillies,Red,FAQ,2019-03-11 00:00:00,4000.0,16000.0,11250.0,132
Gujarat,Rajkot,Rajkot,Dry Chillies,Red,FAQ,2019-03-15 00:00:00,3000.0,12500.0,9000.0,132
Gujarat,Rajkot,Rajkot,Dry Chillies,Red,FAQ,2019-03-22 00:00:00,4000.0,15000.0,11000.0,132
Gujarat,Rajkot,Rajkot,Dry Chillies,Red,FAQ,2019-04-10 00:00:00,4000.0,14000.0,9000.0,132
Gujarat,Rajkot,Rajkot,Dry Chillies,Red,FAQ,2019-04-15 00:00:00,6000.0,12500.0,8000.0,132
Gujarat,Rajkot,Rajkot,Dry Chillies,Red,FAQ,2019-04-27 00:00:00,7500.0,11500.0,9750.0,132
Gujarat,Rajkot,Rajkot,Dry Chillies,Red,FAQ,2019-05-04 00:00:00,4000.0,9000.0,6500.0,132
Gujarat,Rajkot,Rajkot,Dry Chillies,Red,FAQ,2019-05-07 00:00:00,6000.0,12000.0,8500.0,132
Gujarat,Vadodara(Baroda),Vadodara,Dry Chillies,Other,FAQ,2019-01-21 00:00:00,8000.0,9000.0,9000.0,132
Gujarat,Vadodara(Baroda),Vadodara,Dry Chillies,Other,FAQ,2019-03-08 00:00:00,8000.0,9000.0,9000.0,132
Gujarat,Vadodara(Baroda),Vadodara,Dry Chillies,Other,FAQ,2019-03-18 00:00:00,8000.0,9000.0,9000.0,132
Gujarat,Vadodara(Baroda),Vadodara,Dry Chillies,Other,FAQ,2019-05-15 00:00:00,10000.0,11000.0,11000.0,132
Gujarat,Vadodara(Baroda),Vadodara,Dry Chillies,Other,FAQ,2019-05-22 00:00:00,10000.0,11000.0,11000.0,132
Gujarat,Vadodara(Baroda),Vadodara,Dry Chillies,Other,FAQ,2019-06-15 00:00:00,7000.0,11000.0,11000.0,132
Gujarat,Vadodara(Baroda),Vadodara,Dry Chillies,Other,FAQ,2019-06-27 00:00:00,10000.0,12000.0,12000.0,132
Gujarat,Vadodara(Baroda),Vadodara,Dry Chillies,Other,FAQ,2019-08-12 00:00:00,10000.0,12000.0,12000.0,132
Gujarat,Vadodara(Baroda),Vadodara,Dry Chillies,Other,FAQ,2019-08-20 00:00:00,10000.0,12000.0,12000.0,132
Gujarat,Dahod,Dahod,Dry Chillies,Dry Chillies,FAQ,2019-01-03 00:00:00,9000.0,13000.0,12000.0,132
Gujarat,Dahod,Dahod,Dry Chillies,Other,FAQ,2009-01-02 00:00:00,5000.0,8500.0,7000.0,132
Gujarat,Dahod,Dahod,Dry Chillies,Other,FAQ,2009-01-05 00:00:00,5000.0,8500.0,7000.0,132
Gujarat,Dahod,Dahod,Dry Chillies,Other,FAQ,2009-01-19 00:00:00,5000.0,8500.0,7000.0,132
Gujarat,Dahod,Dahod,Dry Chillies,Other,FAQ,2009-01-24 00:00:00,5000.0,8500.0,7000.0,132
Gujarat,Dahod,Dahod,Dry Chillies,Other,FAQ,2009-03-03 00:00:00,4000.0,6500.0,6000.0,132
Gujarat,Dahod,Dahod,Dry Chillies,Other,FAQ,2009-06-16 00:00:00,4500.0,7250.0,6500.0,132
Gujarat,Dahod,Dahod,Dry Chillies,Other,FAQ,2009-06-18 00:00:00,4500.0,7750.0,6500.0,132
Gujarat,Dahod,Dahod,Dry Chillies,Other,FAQ,2009-07-22 00:00:00,4750.0,7750.0,6500.0,132
Gujarat,Dahod,Dahod,Dry Chillies,Other,FAQ,2009-09-14 00:00:00,5000.0,8000.0,7000.0,132
Gujarat,Dahod,Dahod,Dry Chillies,Other,FAQ,2009-09-25 00:00:00,5000.0,8000.0,7500.0,132
Gujarat,Dahod,Dahod,Dry Chillies,Other,FAQ,2009-09-29 00:00:00,5000.0,8000.0,7000.0,132
Gujarat,Dahod,Dahod,Dry Chillies,Other,FAQ,2009-10-10 00:00:00,5000.0,8000.0,7000.0,132
Gujarat,Dahod,Dahod,Dry Chillies,Other,FAQ,2009-10-12 00:00:00,5000.0,8000.0,7000.0,132
Gujarat,Dahod,Dahod,Dry Chillies,Other,FAQ,2009-11-19 00:00:00,5000.0,8000.0,6500.0,132
Gujarat,Dahod,Dahod,Dry Chillies,Other,FAQ,2009-12-15 00:00:00,5000.0,8000.0,7000.0,132
Gujarat,Dahod,Dahod,Dry Chillies,Other,FAQ,2009-12-26 00:00:00,5000.0,8000.0,7000.0,132
Gujarat,Rajkot,Gondal,Dry Chillies,Bold 1,FAQ,2009-03-06 00:00:00,2455.0,12505.0,7455.0,132
Gujarat,Rajkot,Gondal,Dry Chillies,Bold 1,FAQ,2009-03-12 00:00:00,2205.0,9355.0,6805.0,132
Gujarat,Rajkot,Gondal,Dry Chillies,Bold 1,FAQ,2009-03-21 00:00:00,2005.0,11455.0,9255.0,132
Gujarat,Rajkot,Gondal,Dry Chillies,Single Patti,FAQ,2009-04-17 00:00:00,1005.0,9455.0,7455.0,132
Gujarat,Rajkot,Jasdan,Dry Chillies,Other,FAQ,2009-03-19 00:00:00,765.0,1501.0,1440.0,132
Gujarat,Rajkot,Jasdan,Dry Chillies,Other,FAQ,2009-03-24 00:00:00,695.0,1500.0,1125.0,132
Gujarat,Rajkot,Jasdan,Dry Chillies,Other,FAQ,2009-03-25 00:00:00,815.0,1572.0,1455.0,132
Gujarat,Rajkot,Jasdan,Dry Chillies,Other,FAQ,2009-04-06 00:00:00,1171.0,1252.0,1200.0,132
Gujarat,Rajkot,Jasdan,Dry Chillies,Other,FAQ,2009-04-10 00:00:00,900.0,1785.0,1260.0,132
Gujarat,Rajkot,Jasdan,Dry Chillies,Other,FAQ,2009-04-22 00:00:00,1241.0,1715.0,1500.0,132
Gujarat,Rajkot,Jasdan,Dry Chillies,Other,FAQ,2009-05-11 00:00:00,565.0,1500.0,1200.0,132
Gujarat,Rajkot,Jasdan,Dry Chillies,Other,FAQ,2009-11-19 00:00:00,3005.0,3005.0,3005.0,132
Gujarat,Rajkot,Jetpur(Dist.Rajkot),Dry Chillies,Dry Chillies,FAQ,2009-03-12 00:00:00,1475.0,5905.0,5005.0,132
Gujarat,Rajkot,Jetpur(Dist.Rajkot),Dry Chillies,Dry Chillies,FAQ,2009-03-18 00:00:00,1505.0,6755.0,5375.0,132
Gujarat,Rajkot,Jetpur(Dist.Rajkot),Dry Chillies,Dry Chillies,FAQ,2009-03-24 00:00:00,1375.0,7055.0,5505.0,132
Gujarat,Rajkot,Jetpur(Dist.Rajkot),Dry Chillies,Dry Chillies,FAQ,2009-04-13 00:00:00,1680.0,11030.0,7355.0,132
Gujarat,Rajkot,Jetpur(Dist.Rajkot),Dry Chillies,Dry Chillies,FAQ,2009-04-16 00:00:00,1505.0,10955.0,7255.0,132
Gujarat,Rajkot,Jetpur(Dist.Rajkot),Dry Chillies,Dry Chillies,FAQ,2009-04-21 00:00:00,1000.0,8505.0,5730.0,132
Gujarat,Rajkot,Jetpur(Dist.Rajkot),Dry Chillies,Dry Chillies,FAQ,2009-04-22 00:00:00,1505.0,10955.0,7255.0,132
Gujarat,Vadodara(Baroda),Vadodara,Dry Chillies,Other,FAQ,2009-01-01 00:00:00,3000.0,5000.0,4000.0,132
Gujarat,Vadodara(Baroda),Vadodara,Dry Chillies,Other,FAQ,2009-01-08 00:00:00,3000.0,6000.0,5000.0,132
Gujarat,Vadodara(Baroda),Vadodara,Dry Chillies,Other,FAQ,2009-01-12 00:00:00,4000.0,5000.0,4800.0,132
Gujarat,Vadodara(Baroda),Vadodara,Dry Chillies,Other,FAQ,2009-01-13 00:00:00,4000.0,5000.0,4800.0,132
Gujarat,Vadodara(Baroda),Vadodara,Dry Chillies,Other,FAQ,2009-01-20 00:00:00,4000.0,5000.0,5000.0,132
Gujarat,Vadodara(Baroda),Vadodara,Dry Chillies,Other,FAQ,2009-01-21 00:00:00,4000.0,5000.0,5000.0,132
Gujarat,Vadodara(Baroda),Vadodara,Dry Chillies,Other,FAQ,2009-01-27 00:00:00,4000.0,5000.0,4800.0,132
Gujarat,Vadodara(Baroda),Vadodara,Dry Chillies,Other,FAQ,2009-02-11 00:00:00,4000.0,5000.0,4800.0,132
Gujarat,Vadodara(Baroda),Vadodara,Dry Chillies,Other,FAQ,2009-02-25 00:00:00,4000.0,5000.0,4500.0,132
Gujarat,Vadodara(Baroda),Vadodara,Dry Chillies,Other,FAQ,2009-02-27 00:00:00,4000.0,5000.0,4500.0,132
Gujarat,Vadodara(Baroda),Vadodara,Dry Chillies,Other,FAQ,2009-03-09 00:00:00,4500.0,5000.0,4800.0,132
Gujarat,Vadodara(Baroda),Vadodara,Dry Chillies,Other,FAQ,2009-03-11 00:00:00,4500.0,5000.0,4800.0,132
Gujarat,Vadodara(Baroda),Vadodara,Dry Chillies,Other,FAQ,2009-03-12 00:00:00,4500.0,5000.0,4800.0,132
Gujarat,Vadodara(Baroda),Vadodara,Dry Chillies,Other,FAQ,2009-03-19 00:00:00,4500.0,5000.0,4800.0,132
Gujarat,Vadodara(Baroda),Vadodara,Dry Chillies,Other,FAQ,2009-03-26 00:00:00,4500.0,5000.0,4800.0,132
Gujarat,Vadodara(Baroda),Vadodara,Dry Chillies,Other,FAQ,2009-04-01 00:00:00,5000.0,11000.0,8000.0,132
Gujarat,Vadodara(Baroda),Vadodara,Dry Chillies,Other,FAQ,2009-04-02 00:00:00,5000.0,11000.0,8000.0,132
Gujarat,Vadodara(Baroda),Vadodara,Dry Chillies,Other,FAQ,2009-04-08 00:00:00,5000.0,11000.0,9000.0,132
Gujarat,Vadodara(Baroda),Vadodara,Dry Chillies,Other,FAQ,2009-04-22 00:00:00,5000.0,9000.0,8000.0,132
Gujarat,Vadodara(Baroda),Vadodara,Dry Chillies,Other,FAQ,2009-04-24 00:00:00,5000.0,9000.0,8000.0,132
Gujarat,Vadodara(Baroda),Vadodara,Dry Chillies,Other,FAQ,2009-04-28 00:00:00,5000.0,8000.0,7000.0,132
Gujarat,Vadodara(Baroda),Vadodara,Dry Chillies,Other,FAQ,2009-05-06 00:00:00,5000.0,8000.0,7500.0,132
Gujarat,Vadodara(Baroda),Vadodara,Dry Chillies,Other,FAQ,2009-06-02 00:00:00,4000.0,7000.0,6500.0,132
Gujarat,Vadodara(Baroda),Vadodara,Dry Chillies,Other,FAQ,2009-06-16 00:00:00,4500.0,7000.0,6500.0,132
Gujarat,Vadodara(Baroda),Vadodara,Dry Chillies,Other,FAQ,2009-06-18 00:00:00,4500.0,7000.0,6500.0,132
Gujarat,Vadodara(Baroda),Vadodara,Dry Chillies,Other,FAQ,2009-06-30 00:00:00,5000.0,6000.0,5800.0,132
Gujarat,Vadodara(Baroda),Vadodara,Dry Chillies,Other,FAQ,2009-07-25 00:00:00,5000.0,6000.0,5800.0,132
Gujarat,Vadodara(Baroda),Vadodara,Dry Chillies,Other,FAQ,2009-08-17 00:00:00,3000.0,4000.0,3800.0,132
Gujarat,Vadodara(Baroda),Vadodara,Dry Chillies,Other,FAQ,2009-08-19 00:00:00,5500.0,6000.0,5800.0,132
Gujarat,Vadodara(Baroda),Vadodara,Dry Chillies,Other,FAQ,2009-08-24 00:00:00,5500.0,6000.0,5800.0,132
Gujarat,Vadodara(Baroda),Vadodara,Dry Chillies,Other,FAQ,2009-08-26 00:00:00,5500.0,6000.0,5800.0,132
Gujarat,Vadodara(Baroda),Vadodara,Dry Chillies,Other,FAQ,2009-09-03 00:00:00,5500.0,6500.0,6000.0,132
Gujarat,Vadodara(Baroda),Vadodara,Dry Chillies,Other,FAQ,2009-09-10 00:00:00,5500.0,6500.0,6000.0,132
Gujarat,Vadodara(Baroda),Vadodara,Dry Chillies,Other,FAQ,2009-09-18 00:00:00,5500.0,6500.0,6000.0,132
Gujarat,Vadodara(Baroda),Vadodara,Dry Chillies,Other,FAQ,2009-10-02 00:00:00,5500.0,6500.0,6200.0,132
Gujarat,Vadodara(Baroda),Vadodara,Dry Chillies,Other,FAQ,2009-10-09 00:00:00,5500.0,6500.0,6000.0,132
Gujarat,Vadodara(Baroda),Vadodara,Dry Chillies,Other,FAQ,2009-10-13 00:00:00,5500.0,6500.0,6200.0,132
Gujarat,Vadodara(Baroda),Vadodara,Dry Chillies,Other,FAQ,2009-11-04 00:00:00,5000.0,7000.0,6500.0,132
Gujarat,Vadodara(Baroda),Vadodara,Dry Chillies,Other,FAQ,2009-11-17 00:00:00,6000.0,7500.0,7200.0,132
Gujarat,Vadodara(Baroda),Vadodara,Dry Chillies,Other,FAQ,2009-11-18 00:00:00,6000.0,7500.0,7200.0,132
Gujarat,Vadodara(Baroda),Vadodara,Dry Chillies,Other,FAQ,2009-11-19 00:00:00,6000.0,7500.0,7000.0,132
Gujarat,Vadodara(Baroda),Vadodara,Dry Chillies,Other,FAQ,2009-11-30 00:00:00,4500.0,7000.0,6800.0,132
Gujarat,Vadodara(Baroda),Vadodara,Dry Chillies,Other,FAQ,2009-12-02 00:00:00,4500.0,7000.0,6500.0,132
Gujarat,Vadodara(Baroda),Vadodara,Dry Chillies,Other,FAQ,2009-12-16 00:00:00,4000.0,5500.0,5200.0,132
Gujarat,Vadodara(Baroda),Vadodara,Dry Chillies,Other,FAQ,2009-12-19 00:00:00,4000.0,5500.0,5000.0,132
Gujarat,Vadodara(Baroda),Vadodara,Dry Chillies,Other,FAQ,2009-12-29 00:00:00,4000.0,6500.0,6000.0,132
Gujarat,Dahod,Dahod,Dry Chillies,Other,FAQ,2003-01-11 00:00:00,3250.0,4400.0,4000.0,132
Gujarat,Dahod,Dahod,Dry Chillies,Other,FAQ,2003-01-20 00:00:00,3000.0,4400.0,3900.0,132
Gujarat,Dahod,Dahod,Dry Chillies,Other,FAQ,2003-02-08 00:00:00,2750.0,4200.0,3900.0,132
Gujarat,Dahod,Dahod,Dry Chillies,Other,FAQ,2003-02-19 00:00:00,2625.0,4200.0,3425.0,132
Gujarat,Dahod,Dahod,Dry Chillies,Other,FAQ,2003-02-21 00:00:00,2625.0,4150.0,3400.0,132
Gujarat,Dahod,Dahod,Dry Chillies,Other,FAQ,2003-03-26 00:00:00,2500.0,4650.0,4375.0,132
Gujarat,Dahod,Dahod,Dry Chillies,Other,FAQ,2003-04-29 00:00:00,2500.0,4725.0,4325.0,132
Gujarat,Dahod,Dahod,Dry Chillies,Other,FAQ,2003-04-30 00:00:00,2500.0,4725.0,4375.0,132
Gujarat,Dahod,Dahod,Dry Chillies,Other,FAQ,2003-05-31 00:00:00,2500.0,4900.0,4125.0,132
Gujarat,Dahod,Dahod,Dry Chillies,Other,FAQ,2003-06-06 00:00:00,2750.0,5000.0,4250.0,132
Gujarat,Dahod,Dahod,Dry Chillies,Other,FAQ,2003-06-10 00:00:00,3000.0,5125.0,4250.0,132
Gujarat,Dahod,Dahod,Dry Chillies,Other,FAQ,2003-07-16 00:00:00,4250.0,5100.0,4750.0,132
Gujarat,Dahod,Dahod,Dry Chillies,Other,FAQ,2003-08-13 00:00:00,3500.0,4800.0,4325.0,132
Gujarat,Dahod,Dahod,Dry Chillies,Other,FAQ,2003-10-15 00:00:00,3000.0,4300.0,3750.0,132
Gujarat,Dahod,Dahod,Dry Chillies,Other,FAQ,2003-12-20 00:00:00,3400.0,4600.0,4500.0,132
Gujarat,Jamnagar,Jamnagar,Dry Chillies,Kaddi,FAQ,2003-04-07 00:00:00,355.0,475.0,415.0,132
Gujarat,Jamnagar,Jamnagar,Dry Chillies,Kaddi,FAQ,2003-05-22 00:00:00,750.0,2125.0,1437.5,132
Gujarat,Jamnagar,Jamnagar,Dry Chillies,Kaddi,FAQ,2003-05-27 00:00:00,750.0,2000.0,1375.0,132
Gujarat,Jamnagar,Jamnagar,Dry Chillies,Other,FAQ,2003-03-25 00:00:00,515.0,975.0,840.0,132
Gujarat,Jamnagar,Jamnagar,Dry Chillies,Other,FAQ,2003-04-02 00:00:00,385.0,985.0,665.0,132
Gujarat,Jamnagar,Jamnagar,Dry Chillies,Other,FAQ,2003-04-11 00:00:00,600.0,880.0,740.0,132
Gujarat,Jamnagar,Jamnagar,Dry Chillies,Other,FAQ,2003-05-10 00:00:00,2250.0,4250.0,3250.0,132
Gujarat,Jamnagar,Jamnagar,Dry Chillies,Other,FAQ,2003-06-09 00:00:00,2250.0,4375.0,3312.5,132
Gujarat,Jamnagar,Jamnagar,Dry Chillies,Other,FAQ,2003-06-10 00:00:00,3500.0,5000.0,4250.0,132
Gujarat,Jamnagar,Jamnagar,Dry Chillies,Other,FAQ,2003-06-19 00:00:00,2000.0,4500.0,3250.0,132
Gujarat,Jamnagar,Jamnagar,Dry Chillies,Other,FAQ,2003-06-28 00:00:00,2500.0,4400.0,3450.0,132
Gujarat,Jamnagar,Jamnagar,Dry Chillies,Other,FAQ,2003-09-26 00:00:00,575.0,3200.0,1887.5,132
Gujarat,Rajkot,Rajkot,Dry Chillies,Local,FAQ,2003-02-05 00:00:00,2125.0,4875.0,4000.0,132
Gujarat,Rajkot,Rajkot,Dry Chillies,Local,FAQ,2003-02-13 00:00:00,2175.0,6125.0,4250.0,132
Gujarat,Rajkot,Rajkot,Dry Chillies,Local,FAQ,2003-02-14 00:00:00,2125.0,4700.0,4000.0,132
Gujarat,Rajkot,Rajkot,Dry Chillies,Local,FAQ,2003-02-26 00:00:00,2000.0,5250.0,4500.0,132
Gujarat,Rajkot,Rajkot,Dry Chillies,Local,FAQ,2003-02-28 00:00:00,2150.0,5125.0,4200.0,132
Gujarat,Rajkot,Rajkot,Dry Chillies,Local,FAQ,2003-03-05 00:00:00,2250.0,5400.0,4500.0,132
Gujarat,Rajkot,Rajkot,Dry Chillies,Local,FAQ,2003-03-06 00:00:00,2350.0,5125.0,4500.0,132
Gujarat,Rajkot,Rajkot,Dry Chillies,Local,FAQ,2003-03-12 00:00:00,2350.0,5750.0,4500.0,132
Gujarat,Rajkot,Rajkot,Dry Chillies,Local,FAQ,2003-03-21 00:00:00,2250.0,6275.0,4500.0,132
Gujarat,Rajkot,Rajkot,Dry Chillies,Red,FAQ,2003-04-08 00:00:00,2375.0,5950.0,4950.0,132
Gujarat,Rajkot,Rajkot,Dry Chillies,Red,FAQ,2003-04-21 00:00:00,2900.0,5650.0,4580.0,132
Gujarat,Rajkot,Rajkot,Dry Chillies,Red,FAQ,2003-04-26 00:00:00,2000.0,5250.0,3840.0,132
Gujarat,Rajkot,Rajkot,Dry Chillies,Red,FAQ,2003-05-09 00:00:00,2000.0,5575.0,4500.0,132
Gujarat,Rajkot,Rajkot,Dry Chillies,Red,FAQ,2003-05-14 00:00:00,4500.0,5750.0,5200.0,132
Gujarat,Rajkot,Rajkot,Dry Chillies,Red,FAQ,2003-05-20 00:00:00,4075.0,5325.0,4800.0,132
Gujarat,Rajkot,Rajkot,Dry Chillies,Red,FAQ,2003-05-24 00:00:00,2150.0,4875.0,4200.0,132
Gujarat,Rajkot,Rajkot,Dry Chillies,Red,FAQ,2003-05-27 00:00:00,2125.0,4500.0,4000.0,132
Gujarat,Rajkot,Rajkot,Dry Chillies,Red,FAQ,2003-06-06 00:00:00,2750.0,3500.0,3200.0,132
Gujarat,Dahod,Dahod,Dry Chillies,Dry Chillies,FAQ,2024-01-25 00:00:00,18000.0,26000.0,25000.0,132
Gujarat,Dahod,Dahod,Dry Chillies,Dry Chillies,FAQ,2024-02-05 00:00:00,15000.0,25000.0,20000.0,132
Gujarat,Dahod,Dahod,Dry Chillies,Dry Chillies,FAQ,2024-02-12 00:00:00,15000.0,25000.0,20000.0,132
Gujarat,Dahod,Dahod,Dry Chillies,Dry Chillies,FAQ,2024-02-27 00:00:00,15000.0,25500.0,24250.0,132
Gujarat,Dahod,Dahod,Dry Chillies,Dry Chillies,FAQ,2024-02-29 00:00:00,15000.0,25500.0,22500.0,132
Gujarat,Dahod,Dahod,Dry Chillies,Dry Chillies,FAQ,2024-04-10 00:00:00,15000.0,24500.0,23750.0,132
Gujarat,Dahod,Dahod,Dry Chillies,Dry Chillies,FAQ,2024-04-15 00:00:00,15000.0,24500.0,23650.0,132
Gujarat,Dahod,Dahod,Dry Chillies,Dry Chillies,FAQ,2024-04-25 00:00:00,15000.0,24500.0,23875.0,132
Gujarat,Jamnagar,Jamnagar,Dry Chillies,1st Sort,FAQ,2024-01-10 00:00:00,5250.0,20250.0,13250.0,132
Gujarat,Jamnagar,Jamnagar,Dry Chillies,1st Sort,FAQ,2024-01-23 00:00:00,5500.0,18000.0,13250.0,132
Gujarat,Jamnagar,Jamnagar,Dry Chillies,1st Sort,FAQ,2024-03-06 00:00:00,5000.0,17525.0,12750.0,132
Gujarat,Jamnagar,Jamnagar,Dry Chillies,1st Sort,FAQ,2024-03-13 00:00:00,5000.0,14000.0,10150.0,132
Gujarat,Jamnagar,Jamnagar,Dry Chillies,1st Sort,FAQ,2024-03-14 00:00:00,5000.0,15000.0,11350.0,132
Gujarat,Rajkot,Gondal,Dry Chillies,Bold 1,FAQ,2024-01-13 00:00:00,4505.0,20505.0,13505.0,132
Gujarat,Rajkot,Gondal,Dry Chillies,Bold 1,FAQ,2024-01-18 00:00:00,4755.0,18255.0,12505.0,132
Gujarat,Rajkot,Gondal,Dry Chillies,Bold 1,FAQ,2024-02-21 00:00:00,5005.0,22005.0,12255.0,132
Gujarat,Rajkot,Gondal,Dry Chillies,Bold 1,FAQ,2024-02-24 00:00:00,4255.0,18505.0,12255.0,132
Gujarat,Rajkot,Gondal,Dry Chillies,Bold 1,FAQ,2024-03-12 00:00:00,3755.0,13505.0,9005.0,132
Gujarat,Rajkot,Gondal,Dry Chillies,Bold 1,FAQ,2024-04-24 00:00:00,3005.0,11255.0,7005.0,132
Gujarat,Rajkot,Gondal,Dry Chillies,Bold 1,FAQ,2024-04-25 00:00:00,3255.0,11505.0,6755.0,132
Gujarat,Rajkot,Rajkot,Dry Chillies,Red,FAQ,2024-01-09 00:00:00,6000.0,19000.0,14500.0,132
Gujarat,Rajkot,Rajkot,Dry Chillies,Red,FAQ,2024-01-12 00:00:00,6500.0,19500.0,15000.0,132
Gujarat,Rajkot,Rajkot,Dry Chillies,Red,FAQ,2024-01-25 00:00:00,7000.0,18000.0,14500.0,132
Gujarat,Rajkot,Rajkot,Dry Chillies,Red,FAQ,2024-02-05 00:00:00,7500.0,18500.0,14500.0,132
Gujarat,Rajkot,Rajkot,Dry Chillies,Red,FAQ,2024-02-15 00:00:00,8250.0,20000.0,15250.0,132
Gujarat,Rajkot,Rajkot,Dry Chillies,Red,FAQ,2024-02-22 00:00:00,8000.0,19500.0,14500.0,132
Gujarat,Rajkot,Rajkot,Dry Chillies,Red,FAQ,2024-02-29 00:00:00,7250.0,17500.0,13000.0,132
Gujarat,Rajkot,Rajkot,Dry Chillies,Red,FAQ,2024-03-06 00:00:00,5750.0,18500.0,12500.0,132
Gujarat,Rajkot,Rajkot,Dry Chillies,Red,FAQ,2024-04-03 00:00:00,6000.0,17500.0,10500.0,132
Gujarat,Rajkot,Rajkot,Dry Chillies,Red,FAQ,2024-04-06 00:00:00,6250.0,9055.0,7450.0,132
Gujarat,Rajkot,Rajkot,Dry Chillies,Red,FAQ,2024-04-10 00:00:00,5000.0,13000.0,10000.0,132
Gujarat,Rajkot,Rajkot,Dry Chillies,Red,FAQ,2024-04-18 00:00:00,5000.0,16500.0,11250.0,132
Gujarat,Rajkot,Rajkot,Dry Chillies,Red,FAQ,2024-04-26 00:00:00,4000.0,13125.0,8500.0,132
Gujarat,Dahod,Dahod,Dry Chillies,Dry Chillies,FAQ,2024-10-17 00:00:00,15000.0,24500.0,22000.0,132
Gujarat,Rajkot,Rajkot,Dry Chillies,Red,FAQ,2024-10-28 00:00:00,5000.0,15500.0,14000.0,132
Gujarat,Dahod,Dahod,Dry Chillies,Other,FAQ,2014-01-21 00:00:00,7000.0,12250.0,11250.0,132
Gujarat,Dahod,Dahod,Dry Chillies,Other,FAQ,2014-01-28 00:00:00,6500.0,12000.0,11000.0,132
Gujarat,Dahod,Dahod,Dry Chillies,Other,FAQ,2014-02-18 00:00:00,7000.0,12250.0,11875.0,132
Gujarat,Dahod,Dahod,Dry Chillies,Other,FAQ,2014-02-28 00:00:00,7000.0,11500.0,10875.0,132
Gujarat,Dahod,Dahod,Dry Chillies,Other,FAQ,2014-03-10 00:00:00,7000.0,11500.0,10500.0,132
Gujarat,Dahod,Dahod,Dry Chillies,Other,FAQ,2014-03-11 00:00:00,7000.0,11500.0,10500.0,132
Gujarat,Dahod,Dahod,Dry Chillies,Other,FAQ,2014-03-31 00:00:00,7000.0,11500.0,10500.0,132
Gujarat,Rajkot,Gondal,Dry Chillies,Local,FAQ,2014-02-12 00:00:00,2255.0,14705.0,11505.0,132
Gujarat,Rajkot,Gondal,Dry Chillies,Local,FAQ,2014-02-20 00:00:00,2000.0,14955.0,7500.0,132
Gujarat,Rajkot,Gondal,Dry Chillies,Local,FAQ,2014-03-20 00:00:00,2505.0,13905.0,11255.0,132
Gujarat,Rajkot,Gondal,Dry Chillies,Local,FAQ,2014-03-24 00:00:00,2505.0,15005.0,11455.0,132
Gujarat,Rajkot,Gondal,Dry Chillies,Local,FAQ,2014-04-05 00:00:00,2505.0,11955.0,7905.0,132
Gujarat,Rajkot,Gondal,Dry Chillies,Local,FAQ,2014-04-07 00:00:00,2505.0,12455.0,9995.0,132
Gujarat,Rajkot,Gondal,Dry Chillies,Local,FAQ,2014-04-24 00:00:00,1005.0,7505.0,5505.0,132
Gujarat,Rajkot,Gondal,Dry Chillies,Local,FAQ,2014-04-25 00:00:00,1005.0,7505.0,6455.0,132
Gujarat,Rajkot,Gondal,Dry Chillies,Local,FAQ,2014-05-21 00:00:00,1205.0,6455.0,4705.0,132
Gujarat,Rajkot,Gondal,Dry Chillies,Local,FAQ,2014-05-23 00:00:00,755.0,7655.0,6455.0,132
Gujarat,Rajkot,Gondal,Dry Chillies,Local,FAQ,2014-05-28 00:00:00,1055.0,6205.0,5255.0,132
Gujarat,Rajkot,Gondal,Dry Chillies,Local,FAQ,2014-06-06 00:00:00,1055.0,7455.0,6055.0,132
Gujarat,Rajkot,Jasdan,Dry Chillies,Other,FAQ,2014-05-16 00:00:00,3900.0,3900.0,3900.0,132
Gujarat,Vadodara(Baroda),Vadodara,Dry Chillies,Other,FAQ,2014-01-13 00:00:00,6000.0,8000.0,8000.0,132
Gujarat,Vadodara(Baroda),Vadodara,Dry Chillies,Other,FAQ,2014-01-21 00:00:00,6000.0,8000.0,8000.0,132
Gujarat,Vadodara(Baroda),Vadodara,Dry Chillies,Other,FAQ,2014-02-15 00:00:00,6000.0,7000.0,7000.0,132
Gujarat,Vadodara(Baroda),Vadodara,Dry Chillies,Other,FAQ,2014-02-28 00:00:00,7500.0,9000.0,9000.0,132
Gujarat,Vadodara(Baroda),Vadodara,Dry Chillies,Other,FAQ,2014-03-04 00:00:00,7500.0,9000.0,9000.0,132
Gujarat,Vadodara(Baroda),Vadodara,Dry Chillies,Other,FAQ,2014-03-06 00:00:00,7500.0,9000.0,9000.0,132
Gujarat,Vadodara(Baroda),Vadodara,Dry Chillies,Other,FAQ,2014-03-20 00:00:00,7500.0,9000.0,9000.0,132
Gujarat,Vadodara(Baroda),Vadodara,Dry Chillies,Other,FAQ,2014-04-02 00:00:00,7000.0,8000.0,8000.0,132
Gujarat,Vadodara(Baroda),Vadodara,Dry Chillies,Other,FAQ,2014-04-03 00:00:00,7000.0,8000.0,8000.0,132
Gujarat,Vadodara(Baroda),Vadodara,Dry Chillies,Other,FAQ,2014-04-05 00:00:00,7000.0,9000.0,9000.0,132
Gujarat,Vadodara(Baroda),Vadodara,Dry Chillies,Other,FAQ,2014-04-07 00:00:00,7000.0,9000.0,9000.0,132
Gujarat,Vadodara(Baroda),Vadodara,Dry Chillies,Other,FAQ,2014-04-24 00:00:00,6000.0,9000.0,9000.0,132
Gujarat,Vadodara(Baroda),Vadodara,Dry Chillies,Other,FAQ,2014-05-02 00:00:00,6000.0,9000.0,9000.0,132
Gujarat,Vadodara(Baroda),Vadodara,Dry Chillies,Other,FAQ,2014-05-12 00:00:00,6000.0,7000.0,7000.0,132
Gujarat,Vadodara(Baroda),Vadodara,Dry Chillies,Other,FAQ,2014-05-31 00:00:00,6000.0,7500.0,7500.0,132
Gujarat,Vadodara(Baroda),Vadodara,Dry Chillies,Other,FAQ,2014-06-18 00:00:00,6000.0,7000.0,7000.0,132
Gujarat,Vadodara(Baroda),Vadodara,Dry Chillies,Other,FAQ,2014-06-26 00:00:00,6000.0,7000.0,7000.0,132
Gujarat,Vadodara(Baroda),Vadodara,Dry Chillies,Other,FAQ,2014-06-30 00:00:00,6000.0,7000.0,7000.0,132
Gujarat,Vadodara(Baroda),Vadodara,Dry Chillies,Other,FAQ,2014-07-26 00:00:00,5500.0,7000.0,7000.0,132
Gujarat,Vadodara(Baroda),Vadodara,Dry Chillies,Other,FAQ,2014-07-30 00:00:00,5500.0,7000.0,7000.0,132
Gujarat,Vadodara(Baroda),Vadodara,Dry Chillies,Other,FAQ,2014-08-01 00:00:00,5500.0,7000.0,7000.0,132
Gujarat,Vadodara(Baroda),Vadodara,Dry Chillies,Other,FAQ,2014-08-02 00:00:00,5500.0,7000.0,7000.0,132
Gujarat,Vadodara(Baroda),Vadodara,Dry Chillies,Other,FAQ,2014-08-13 00:00:00,6000.0,8000.0,8000.0,132
Gujarat,Vadodara(Baroda),Vadodara,Dry Chillies,Other,FAQ,2014-08-23 00:00:00,6000.0,8000.0,8000.0,132
Gujarat,Vadodara(Baroda),Vadodara,Dry Chillies,Other,FAQ,2014-08-30 00:00:00,6500.0,7000.0,7000.0,132
Gujarat,Vadodara(Baroda),Vadodara,Dry Chillies,Other,FAQ,2014-09-12 00:00:00,6400.0,7000.0,7000.0,132
Gujarat,Vadodara(Baroda),Vadodara,Dry Chillies,Other,FAQ,2014-10-04 00:00:00,7000.0,9000.0,9000.0,132
Gujarat,Vadodara(Baroda),Vadodara,Dry Chillies,Other,FAQ,2014-10-23 00:00:00,7000.0,9000.0,9000.0,132
Gujarat,Vadodara(Baroda),Vadodara,Dry Chillies,Other,FAQ,2014-11-07 00:00:00,4500.0,7000.0,7000.0,132
Gujarat,Vadodara(Baroda),Vadodara,Dry Chillies,Other,FAQ,2014-11-11 00:00:00,4500.0,7000.0,7000.0,132
Gujarat,Vadodara(Baroda),Vadodara,Dry Chillies,Other,FAQ,2014-11-20 00:00:00,8000.0,9000.0,9000.0,132
Gujarat,Vadodara(Baroda),Vadodara,Dry Chillies,Other,FAQ,2014-12-08 00:00:00,7500.0,8500.0,8500.0,132
Gujarat,Vadodara(Baroda),Vadodara,Dry Chillies,Other,FAQ,2014-12-16 00:00:00,8000.0,9000.0,9000.0,132
Gujarat,Vadodara(Baroda),Vadodara,Dry Chillies,Other,FAQ,2014-12-17 00:00:00,8000.0,9000.0,9000.0,132
Gujarat,Dahod,Dahod,Dry Chillies,Other,FAQ,2012-01-06 00:00:00,7000.0,10000.0,8750.0,132
Gujarat,Dahod,Dahod,Dry Chillies,Other,FAQ,2012-01-09 00:00:00,7000.0,9500.0,8500.0,132
Gujarat,Dahod,Dahod,Dry Chillies,Other,FAQ,2012-01-12 00:00:00,6000.0,9000.0,7000.0,132
Gujarat,Dahod,Dahod,Dry Chillies,Other,FAQ,2012-01-27 00:00:00,5500.0,9000.0,7000.0,132
Gujarat,Dahod,Dahod,Dry Chillies,Other,FAQ,2012-01-28 00:00:00,4000.0,8500.0,6500.0,132
Gujarat,Dahod,Dahod,Dry Chillies,Other,FAQ,2012-02-08 00:00:00,5000.0,9000.0,8000.0,132
Gujarat,Dahod,Dahod,Dry Chillies,Other,FAQ,2012-02-09 00:00:00,5000.0,9000.0,7500.0,132
Gujarat,Dahod,Dahod,Dry Chillies,Other,FAQ,2012-02-15 00:00:00,4500.0,8500.0,7500.0,132
Gujarat,Dahod,Dahod,Dry Chillies,Other,FAQ,2012-02-27 00:00:00,4500.0,8500.0,7000.0,132
Gujarat,Dahod,Dahod,Dry Chillies,Other,FAQ,2012-03-15 00:00:00,4500.0,8000.0,7375.0,132
Gujarat,Dahod,Dahod,Dry Chillies,Other,FAQ,2012-03-26 00:00:00,4000.0,7750.0,7500.0,132
Gujarat,Dahod,Dahod,Dry Chillies,Other,FAQ,2012-03-30 00:00:00,4000.0,7750.0,7500.0,132
Gujarat,Dahod,Dahod,Dry Chillies,Other,FAQ,2012-04-05 00:00:00,4000.0,7750.0,6500.0,132
Gujarat,Dahod,Dahod,Dry Chillies,Other,FAQ,2012-05-17 00:00:00,4000.0,7750.0,7250.0,132
Gujarat,Dahod,Dahod,Dry Chillies,Other,FAQ,2012-06-13 00:00:00,6000.0,8000.0,7800.0,132
Gujarat,Dahod,Dahod,Dry Chillies,Other,FAQ,2012-06-14 00:00:00,6000.0,8500.0,8000.0,132
Gujarat,Dahod,Dahod,Dry Chillies,Other,FAQ,2012-07-10 00:00:00,6500.0,8750.0,8200.0,132
Gujarat,Dahod,Dahod,Dry Chillies,Other,FAQ,2012-07-16 00:00:00,6000.0,8500.0,8000.0,132
Gujarat,Dahod,Dahod,Dry Chillies,Other,FAQ,2012-07-24 00:00:00,6500.0,8750.0,8000.0,132
Gujarat,Dahod,Dahod,Dry Chillies,Other,FAQ,2012-07-25 00:00:00,6500.0,8750.0,8250.0,132
Gujarat,Dahod,Dahod,Dry Chillies,Other,FAQ,2012-07-28 00:00:00,6500.0,8750.0,8250.0,132
Gujarat,Dahod,Dahod,Dry Chillies,Other,FAQ,2012-07-30 00:00:00,6500.0,8750.0,8250.0,132
Gujarat,Dahod,Dahod,Dry Chillies,Other,FAQ,2012-08-07 00:00:00,6500.0,9000.0,8250.0,132
Gujarat,Dahod,Dahod,Dry Chillies,Other,FAQ,2012-08-08 00:00:00,6500.0,9000.0,8500.0,132
Gujarat,Dahod,Dahod,Dry Chillies,Other,FAQ,2012-08-29 00:00:00,6500.0,9000.0,8500.0,132
Gujarat,Dahod,Dahod,Dry Chillies,Other,FAQ,2012-09-03 00:00:00,6500.0,9000.0,8000.0,132
Gujarat,Dahod,Dahod,Dry Chillies,Other,FAQ,2012-09-15 00:00:00,6000.0,9250.0,8000.0,132
Gujarat,Dahod,Dahod,Dry Chillies,Other,FAQ,2012-09-17 00:00:00,6000.0,9500.0,9000.0,132
Gujarat,Dahod,Dahod,Dry Chillies,Other,FAQ,2012-10-08 00:00:00,5500.0,8750.0,8000.0,132
Gujarat,Dahod,Dahod,Dry Chillies,Other,FAQ,2012-11-26 00:00:00,5500.0,9500.0,8000.0,132
Gujarat,Dahod,Dahod,Dry Chillies,Other,FAQ,2012-11-29 00:00:00,5500.0,9500.0,8000.0,132
Gujarat,Dahod,Dahod,Dry Chillies,Other,FAQ,2012-11-30 00:00:00,5500.0,9500.0,8500.0,132
Gujarat,Dahod,Dahod,Dry Chillies,Other,FAQ,2012-12-03 00:00:00,6000.0,10000.0,9500.0,132
Gujarat,Dahod,Dahod,Dry Chillies,Other,FAQ,2012-12-15 00:00:00,6000.0,10250.0,9500.0,132
Gujarat,Devbhumi Dwarka,Jam Khambalia,Dry Chillies,Other,FAQ,2012-10-10 00:00:00,1400.0,2750.0,2405.0,132
Gujarat,Rajkot,Gondal,Dry Chillies,Desi,FAQ,2012-02-10 00:00:00,2355.0,11555.0,9405.0,132
Gujarat,Rajkot,Gondal,Dry Chillies,Desi,FAQ,2012-02-13 00:00:00,2605.0,12905.0,9455.0,132
Gujarat,Rajkot,Gondal,Dry Chillies,Desi,FAQ,2012-02-24 00:00:00,2000.0,13355.0,10855.0,132
Gujarat,Rajkot,Gondal,Dry Chillies,Desi,FAQ,2012-03-02 00:00:00,1505.0,12955.0,10055.0,132
Gujarat,Rajkot,Gondal,Dry Chillies,Desi,FAQ,2012-03-06 00:00:00,1505.0,11205.0,8955.0,132
Gujarat,Rajkot,Gondal,Dry Chillies,Desi,FAQ,2012-03-13 00:00:00,2005.0,10955.0,9305.0,132
Gujarat,Rajkot,Gondal,Dry Chillies,Desi,FAQ,2012-03-24 00:00:00,1505.0,10305.0,8655.0,132
Gujarat,Rajkot,Gondal,Dry Chillies,Desi,FAQ,2012-04-11 00:00:00,1255.0,8455.0,7705.0,132
Gujarat,Rajkot,Jamkandorna,Dry Chillies,Red,FAQ,2012-05-11 00:00:00,900.0,1440.0,1280.0,132
Gujarat,Rajkot,Jasdan,Dry Chillies,Other,FAQ,2012-04-27 00:00:00,2875.0,5900.0,5000.0,132
Gujarat,Rajkot,Jasdan,Dry Chillies,Other,FAQ,2012-05-15 00:00:00,3725.0,7500.0,5950.0,132
Gujarat,Rajkot,Jasdan,Dry Chillies,Other,FAQ,2012-05-18 00:00:00,2105.0,9900.0,5000.0,132
Gujarat,Rajkot,Jasdan,Dry Chillies,Other,FAQ,2012-05-25 00:00:00,4500.0,4500.0,4500.0,132
Gujarat,Rajkot,Jasdan,Dry Chillies,Other,FAQ,2012-06-19 00:00:00,3350.0,3350.0,3350.0,132
Gujarat,Vadodara(Baroda),Vadodara,Dry Chillies,Other,FAQ,2012-01-03 00:00:00,6000.0,8000.0,8000.0,132
Gujarat,Vadodara(Baroda),Vadodara,Dry Chillies,Other,FAQ,2012-01-24 00:00:00,5000.0,6000.0,6000.0,132
Gujarat,Vadodara(Baroda),Vadodara,Dry Chillies,Other,FAQ,2012-01-25 00:00:00,5000.0,6000.0,6000.0,132
Gujarat,Vadodara(Baroda),Vadodara,Dry Chillies,Other,FAQ,2012-01-31 00:00:00,5000.0,6000.0,6000.0,132
Gujarat,Vadodara(Baroda),Vadodara,Dry Chillies,Other,FAQ,2012-02-13 00:00:00,4000.0,6000.0,6000.0,132
Gujarat,Vadodara(Baroda),Vadodara,Dry Chillies,Other,FAQ,2012-02-17 00:00:00,6000.0,8000.0,8000.0,132
Gujarat,Vadodara(Baroda),Vadodara,Dry Chillies,Other,FAQ,2012-02-21 00:00:00,6000.0,8000.0,8000.0,132
Gujarat,Vadodara(Baroda),Vadodara,Dry Chillies,Other,FAQ,2012-02-27 00:00:00,5000.0,6000.0,6000.0,132
Gujarat,Vadodara(Baroda),Vadodara,Dry Chillies,Other,FAQ,2012-02-29 00:00:00,5000.0,6000.0,6000.0,132
Gujarat,Vadodara(Baroda),Vadodara,Dry Chillies,Other,FAQ,2012-03-13 00:00:00,5000.0,6000.0,6000.0,132
Gujarat,Vadodara(Baroda),Vadodara,Dry Chillies,Other,FAQ,2012-03-14 00:00:00,5000.0,6000.0,6000.0,132
Gujarat,Vadodara(Baroda),Vadodara,Dry Chillies,Other,FAQ,2012-03-20 00:00:00,5000.0,6000.0,6000.0,132
Gujarat,Vadodara(Baroda),Vadodara,Dry Chillies,Other,FAQ,2012-03-26 00:00:00,5000.0,6000.0,6000.0,132
Gujarat,Vadodara(Baroda),Vadodara,Dry Chillies,Other,FAQ,2012-03-30 00:00:00,5000.0,6000.0,6000.0,132
Gujarat,Vadodara(Baroda),Vadodara,Dry Chillies,Other,FAQ,2012-04-14 00:00:00,4000.0,5000.0,5000.0,132
Gujarat,Vadodara(Baroda),Vadodara,Dry Chillies,Other,FAQ,2012-04-26 00:00:00,4000.0,5000.0,5000.0,132
Gujarat,Vadodara(Baroda),Vadodara,Dry Chillies,Other,FAQ,2012-04-30 00:00:00,4000.0,5000.0,5000.0,132
Gujarat,Vadodara(Baroda),Vadodara,Dry Chillies,Other,FAQ,2012-05-02 00:00:00,4000.0,5000.0,5000.0,132
Gujarat,Vadodara(Baroda),Vadodara,Dry Chillies,Other,FAQ,2012-05-11 00:00:00,4000.0,5000.0,5000.0,132
Gujarat,Vadodara(Baroda),Vadodara,Dry Chillies,Other,FAQ,2012-05-26 00:00:00,4000.0,4500.0,4500.0,132
Gujarat,Vadodara(Baroda),Vadodara,Dry Chillies,Other,FAQ,2012-06-01 00:00:00,5000.0,7000.0,7000.0,132
Gujarat,Vadodara(Baroda),Vadodara,Dry Chillies,Other,FAQ,2012-06-02 00:00:00,5000.0,7000.0,7000.0,132
Gujarat,Vadodara(Baroda),Vadodara,Dry Chillies,Other,FAQ,2012-06-14 00:00:00,4000.0,5500.0,5500.0,132
Gujarat,Vadodara(Baroda),Vadodara,Dry Chillies,Other,FAQ,2012-06-16 00:00:00,4000.0,5500.0,5500.0,132
Gujarat,Vadodara(Baroda),Vadodara,Dry Chillies,Other,FAQ,2012-06-23 00:00:00,5000.0,6000.0,6000.0,132
Gujarat,Vadodara(Baroda),Vadodara,Dry Chillies,Other,FAQ,2012-07-09 00:00:00,3000.0,5000.0,5000.0,132
Gujarat,Vadodara(Baroda),Vadodara,Dry Chillies,Other,FAQ,2012-07-13 00:00:00,5000.0,6000.0,6000.0,132
Gujarat,Vadodara(Baroda),Vadodara,Dry Chillies,Other,FAQ,2012-07-23 00:00:00,5000.0,6000.0,6000.0,132
Gujarat,Vadodara(Baroda),Vadodara,Dry Chillies,Other,FAQ,2012-07-27 00:00:00,5000.0,6000.0,6000.0,132
Gujarat,Vadodara(Baroda),Vadodara,Dry Chillies,Other,FAQ,2012-07-31 00:00:00,3100.0,5200.0,5200.0,132
Gujarat,Vadodara(Baroda),Vadodara,Dry Chillies,Other,FAQ,2012-08-18 00:00:00,5000.0,6000.0,6000.0,132
Gujarat,Vadodara(Baroda),Vadodara,Dry Chillies,Other,FAQ,2012-08-22 00:00:00,5000.0,6000.0,6000.0,132
Gujarat,Vadodara(Baroda),Vadodara,Dry Chillies,Other,FAQ,2012-09-04 00:00:00,5000.0,6000.0,6000.0,132
Gujarat,Vadodara(Baroda),Vadodara,Dry Chillies,Other,FAQ,2012-09-18 00:00:00,6000.0,6500.0,6500.0,132
Gujarat,Vadodara(Baroda),Vadodara,Dry Chillies,Other,FAQ,2012-09-27 00:00:00,4500.0,6500.0,6500.0,132
Gujarat,Vadodara(Baroda),Vadodara,Dry Chillies,Other,FAQ,2012-09-29 00:00:00,4500.0,6500.0,6500.0,132
Gujarat,Vadodara(Baroda),Vadodara,Dry Chillies,Other,FAQ,2012-10-23 00:00:00,5000.0,6500.0,6500.0,132
Gujarat,Vadodara(Baroda),Vadodara,Dry Chillies,Other,FAQ,2012-10-25 00:00:00,5000.0,6500.0,6500.0,132
Gujarat,Vadodara(Baroda),Vadodara,Dry Chillies,Other,FAQ,2012-11-02 00:00:00,4000.0,6000.0,6000.0,132
Gujarat,Vadodara(Baroda),Vadodara,Dry Chillies,Other,FAQ,2012-11-22 00:00:00,5000.0,5500.0,5500.0,132
Gujarat,Vadodara(Baroda),Vadodara,Dry Chillies,Other,FAQ,2012-12-25 00:00:00,4000.0,5000.0,5000.0,132
Gujarat,Vadodara(Baroda),Vadodara,Dry Chillies,Other,FAQ,2012-12-26 00:00:00,4000.0,5000.0,5000.0,132
Gujarat,Vadodara(Baroda),Vadodara,Dry Chillies,Other,FAQ,2012-12-27 00:00:00,3000.0,5000.0,5000.0,132
Gujarat,Vadodara(Baroda),Vadodara,Dry Chillies,Other,FAQ,2012-12-29 00:00:00,3000.0,5000.0,5000.0,132
Gujarat,Dahod,Dahod,Dry Chillies,Other,FAQ,2013-01-16 00:00:00,6000.0,9500.0,9000.0,132
Gujarat,Dahod,Dahod,Dry Chillies,Other,FAQ,2013-01-18 00:00:00,6000.0,9500.0,8500.0,132
Gujarat,Dahod,Dahod,Dry Chillies,Other,FAQ,2013-01-21 00:00:00,6000.0,9500.0,9000.0,132
Gujarat,Dahod,Dahod,Dry Chillies,Other,FAQ,2013-01-31 00:00:00,5500.0,9500.0,9000.0,132
Gujarat,Dahod,Dahod,Dry Chillies,Other,FAQ,2013-02-06 00:00:00,6000.0,9500.0,9250.0,132
Gujarat,Dahod,Dahod,Dry Chillies,Other,FAQ,2013-02-15 00:00:00,6000.0,9500.0,9000.0,132
Gujarat,Dahod,Dahod,Dry Chillies,Other,FAQ,2013-02-20 00:00:00,6000.0,9500.0,8250.0,132
Gujarat,Dahod,Dahod,Dry Chillies,Other,FAQ,2013-02-25 00:00:00,5750.0,9500.0,8750.0,132
Gujarat,Dahod,Dahod,Dry Chillies,Other,FAQ,2013-02-26 00:00:00,5750.0,9500.0,8750.0,132
Gujarat,Dahod,Dahod,Dry Chillies,Other,FAQ,2013-03-01 00:00:00,5750.0,9500.0,8000.0,132
Gujarat,Dahod,Dahod,Dry Chillies,Other,FAQ,2013-03-12 00:00:00,6250.0,9250.0,8000.0,132
Gujarat,Dahod,Dahod,Dry Chillies,Other,FAQ,2013-03-18 00:00:00,6000.0,9000.0,8000.0,132
Gujarat,Dahod,Dahod,Dry Chillies,Other,FAQ,2013-03-25 00:00:00,6000.0,9250.0,8500.0,132
Gujarat,Dahod,Dahod,Dry Chillies,Other,FAQ,2013-04-01 00:00:00,6000.0,9250.0,8250.0,132
Gujarat,Dahod,Dahod,Dry Chillies,Other,FAQ,2013-04-04 00:00:00,6500.0,9625.0,8400.0,132
Gujarat,Dahod,Dahod,Dry Chillies,Other,FAQ,2013-05-09 00:00:00,6500.0,10000.0,8000.0,132
Gujarat,Dahod,Dahod,Dry Chillies,Other,FAQ,2013-06-15 00:00:00,6500.0,11000.0,9000.0,132
Gujarat,Dahod,Dahod,Dry Chillies,Other,FAQ,2013-06-18 00:00:00,6500.0,11000.0,10500.0,132
Gujarat,Dahod,Dahod,Dry Chillies,Other,FAQ,2013-06-26 00:00:00,7000.0,11000.0,10250.0,132
Gujarat,Dahod,Dahod,Dry Chillies,Other,FAQ,2013-07-12 00:00:00,6750.0,10500.0,10000.0,132
Gujarat,Dahod,Dahod,Dry Chillies,Other,FAQ,2013-07-18 00:00:00,7500.0,10500.0,9500.0,132
Gujarat,Dahod,Dahod,Dry Chillies,Other,FAQ,2013-07-25 00:00:00,7000.0,10250.0,9000.0,132
Gujarat,Dahod,Dahod,Dry Chillies,Other,FAQ,2013-07-26 00:00:00,7000.0,10250.0,10000.0,132
Gujarat,Dahod,Dahod,Dry Chillies,Other,FAQ,2013-07-30 00:00:00,7000.0,10500.0,9000.0,132
Gujarat,Dahod,Dahod,Dry Chillies,Other,FAQ,2013-08-01 00:00:00,7500.0,11500.0,9500.0,132
Gujarat,Dahod,Dahod,Dry Chillies,Other,FAQ,2013-08-12 00:00:00,7500.0,10250.0,10000.0,132
Gujarat,Dahod,Dahod,Dry Chillies,Other,FAQ,2013-09-28 00:00:00,8500.0,10750.0,9500.0,132
Gujarat,Dahod,Dahod,Dry Chillies,Other,FAQ,2013-09-30 00:00:00,8500.0,10750.0,9500.0,132
Gujarat,Dahod,Dahod,Dry Chillies,Other,FAQ,2013-10-17 00:00:00,7500.0,10500.0,9500.0,132
Gujarat,Dahod,Dahod,Dry Chillies,Other,FAQ,2013-10-19 00:00:00,7500.0,10500.0,9500.0,132
Gujarat,Dahod,Dahod,Dry Chillies,Other,FAQ,2013-10-24 00:00:00,7500.0,10500.0,9500.0,132
Gujarat,Dahod,Dahod,Dry Chillies,Other,FAQ,2013-10-28 00:00:00,7500.0,10500.0,10000.0,132
Gujarat,Dahod,Dahod,Dry Chillies,Other,FAQ,2013-10-29 00:00:00,7500.0,10750.0,10000.0,132
Gujarat,Dahod,Dahod,Dry Chillies,Other,FAQ,2013-10-30 00:00:00,7500.0,10750.0,10000.0,132
Gujarat,Dahod,Dahod,Dry Chillies,Other,FAQ,2013-11-01 00:00:00,7500.0,11000.0,10000.0,132
Gujarat,Dahod,Dahod,Dry Chillies,Other,FAQ,2013-12-07 00:00:00,7000.0,12000.0,11500.0,132
Gujarat,Dahod,Dahod,Dry Chillies,Other,FAQ,2013-12-27 00:00:00,7500.0,12500.0,11000.0,132
Gujarat,Dahod,Dahod,Dry Chillies,Other,FAQ,2013-12-30 00:00:00,7500.0,12625.0,11000.0,132
Gujarat,Rajkot,Gondal,Dry Chillies,Desi,FAQ,2013-02-05 00:00:00,3455.0,14455.0,11655.0,132
Gujarat,Rajkot,Gondal,Dry Chillies,Desi,FAQ,2013-02-11 00:00:00,2255.0,15205.0,13455.0,132
Gujarat,Rajkot,Gondal,Dry Chillies,Desi,FAQ,2013-02-14 00:00:00,4055.0,14455.0,11405.0,132
Gujarat,Rajkot,Gondal,Dry Chillies,Desi,FAQ,2013-02-26 00:00:00,2555.0,13955.0,11455.0,132
Gujarat,Rajkot,Gondal,Dry Chillies,Desi,FAQ,2013-04-22 00:00:00,1500.0,13505.0,12305.0,132
Gujarat,Rajkot,Gondal,Dry Chillies,Desi,FAQ,2013-05-13 00:00:00,2255.0,13655.0,12255.0,132
Gujarat,Rajkot,Gondal,Dry Chillies,Desi,FAQ,2013-05-15 00:00:00,2500.0,13355.0,11355.0,132
Gujarat,Rajkot,Gondal,Dry Chillies,Desi,FAQ,2013-05-17 00:00:00,1500.0,12255.0,10405.0,132
Gujarat,Vadodara(Baroda),Vadodara,Dry Chillies,Other,FAQ,2013-01-03 00:00:00,3000.0,5000.0,5000.0,132
Gujarat,Vadodara(Baroda),Vadodara,Dry Chillies,Other,FAQ,2013-01-04 00:00:00,3000.0,5000.0,5000.0,132
Gujarat,Vadodara(Baroda),Vadodara,Dry Chillies,Other,FAQ,2013-01-07 00:00:00,6000.0,6500.0,6500.0,132
Gujarat,Vadodara(Baroda),Vadodara,Dry Chillies,Other,FAQ,2013-01-11 00:00:00,6000.0,6500.0,6500.0,132
Gujarat,Vadodara(Baroda),Vadodara,Dry Chillies,Other,FAQ,2013-01-17 00:00:00,6000.0,6500.0,6500.0,132
Gujarat,Vadodara(Baroda),Vadodara,Dry Chillies,Other,FAQ,2013-02-02 00:00:00,4000.0,5500.0,5500.0,132
Gujarat,Vadodara(Baroda),Vadodara,Dry Chillies,Other,FAQ,2013-02-08 00:00:00,4000.0,5500.0,5500.0,132
Gujarat,Vadodara(Baroda),Vadodara,Dry Chillies,Other,FAQ,2013-02-09 00:00:00,4000.0,5500.0,5500.0,132
Gujarat,Vadodara(Baroda),Vadodara,Dry Chillies,Other,FAQ,2013-02-11 00:00:00,6000.0,7000.0,7000.0,132
Gujarat,Vadodara(Baroda),Vadodara,Dry Chillies,Other,FAQ,2013-02-14 00:00:00,6000.0,7000.0,7000.0,132
Gujarat,Vadodara(Baroda),Vadodara,Dry Chillies,Other,FAQ,2013-02-28 00:00:00,5000.0,7000.0,7000.0,132
Gujarat,Vadodara(Baroda),Vadodara,Dry Chillies,Other,FAQ,2013-03-07 00:00:00,6000.0,7000.0,7000.0,132
Gujarat,Vadodara(Baroda),Vadodara,Dry Chillies,Other,FAQ,2013-03-30 00:00:00,6000.0,8000.0,8000.0,132
Gujarat,Vadodara(Baroda),Vadodara,Dry Chillies,Other,FAQ,2013-04-16 00:00:00,5000.0,8000.0,8000.0,132
Gujarat,Vadodara(Baroda),Vadodara,Dry Chillies,Other,FAQ,2013-04-19 00:00:00,5000.0,8000.0,8000.0,132
Gujarat,Vadodara(Baroda),Vadodara,Dry Chillies,Other,FAQ,2013-04-25 00:00:00,5000.0,8000.0,8000.0,132
Gujarat,Vadodara(Baroda),Vadodara,Dry Chillies,Other,FAQ,2013-05-06 00:00:00,5000.0,8000.0,8000.0,132
Gujarat,Vadodara(Baroda),Vadodara,Dry Chillies,Other,FAQ,2013-05-15 00:00:00,5000.0,6000.0,6000.0,132
Gujarat,Vadodara(Baroda),Vadodara,Dry Chillies,Other,FAQ,2013-05-17 00:00:00,5000.0,6000.0,6000.0,132
Gujarat,Vadodara(Baroda),Vadodara,Dry Chillies,Other,FAQ,2013-05-29 00:00:00,6000.0,7000.0,7000.0,132
Gujarat,Vadodara(Baroda),Vadodara,Dry Chillies,Other,FAQ,2013-06-04 00:00:00,6000.0,7000.0,7000.0,132
Gujarat,Vadodara(Baroda),Vadodara,Dry Chillies,Other,FAQ,2013-06-05 00:00:00,6000.0,7000.0,7000.0,132
Gujarat,Vadodara(Baroda),Vadodara,Dry Chillies,Other,FAQ,2013-06-18 00:00:00,6000.0,7000.0,6800.0,132
Gujarat,Vadodara(Baroda),Vadodara,Dry Chillies,Other,FAQ,2013-06-19 00:00:00,4500.0,6800.0,6800.0,132
Gujarat,Vadodara(Baroda),Vadodara,Dry Chillies,Other,FAQ,2013-06-24 00:00:00,6500.0,7500.0,7500.0,132
Gujarat,Vadodara(Baroda),Vadodara,Dry Chillies,Other,FAQ,2013-08-23 00:00:00,6000.0,7000.0,7000.0,132
Gujarat,Vadodara(Baroda),Vadodara,Dry Chillies,Other,FAQ,2013-08-28 00:00:00,6000.0,7000.0,7000.0,132
Gujarat,Vadodara(Baroda),Vadodara,Dry Chillies,Other,FAQ,2013-09-17 00:00:00,6000.0,6500.0,6500.0,132
Gujarat,Vadodara(Baroda),Vadodara,Dry Chillies,Other,FAQ,2013-09-20 00:00:00,6000.0,6500.0,6500.0,132
Gujarat,Vadodara(Baroda),Vadodara,Dry Chillies,Other,FAQ,2013-09-23 00:00:00,3800.0,7500.0,7500.0,132
Gujarat,Vadodara(Baroda),Vadodara,Dry Chillies,Other,FAQ,2013-10-10 00:00:00,6000.0,6500.0,6500.0,132
Gujarat,Vadodara(Baroda),Vadodara,Dry Chillies,Other,FAQ,2013-10-18 00:00:00,6000.0,6500.0,6500.0,132
Gujarat,Vadodara(Baroda),Vadodara,Dry Chillies,Other,FAQ,2013-10-21 00:00:00,6000.0,6500.0,6500.0,132
Gujarat,Vadodara(Baroda),Vadodara,Dry Chillies,Other,FAQ,2013-10-28 00:00:00,6000.0,6500.0,6500.0,132
Gujarat,Vadodara(Baroda),Vadodara,Dry Chillies,Other,FAQ,2013-11-08 00:00:00,6000.0,6500.0,6500.0,132
Gujarat,Vadodara(Baroda),Vadodara,Dry Chillies,Other,FAQ,2013-11-13 00:00:00,6000.0,6500.0,6500.0,132
Gujarat,Vadodara(Baroda),Vadodara,Dry Chillies,Other,FAQ,2013-11-26 00:00:00,6000.0,7000.0,7000.0,132
Gujarat,Vadodara(Baroda),Vadodara,Dry Chillies,Other,FAQ,2013-11-28 00:00:00,6000.0,7000.0,7000.0,132
Gujarat,Vadodara(Baroda),Vadodara,Dry Chillies,Other,FAQ,2013-12-12 00:00:00,6000.0,7000.0,7000.0,132
Gujarat,Vadodara(Baroda),Vadodara,Dry Chillies,Other,FAQ,2013-12-25 00:00:00,7000.0,7500.0,7500.0,132
Gujarat,Dahod,Dahod,Dry Chillies,Dry Chillies,FAQ,2015-01-01 00:00:00,8500.0,13000.0,11000.0,132
Gujarat,Dahod,Dahod,Dry Chillies,Dry Chillies,FAQ,2015-01-03 00:00:00,8500.0,11500.0,10750.0,132
Gujarat,Dahod,Dahod,Dry Chillies,Dry Chillies,FAQ,2015-01-12 00:00:00,8500.0,11250.0,10500.0,132
Gujarat,Dahod,Dahod,Dry Chillies,Dry Chillies,FAQ,2015-01-21 00:00:00,8500.0,11000.0,10500.0,132
Gujarat,Dahod,Dahod,Dry Chillies,Dry Chillies,FAQ,2015-01-23 00:00:00,8500.0,11000.0,10500.0,132
Gujarat,Dahod,Dahod,Dry Chillies,Dry Chillies,FAQ,2015-02-11 00:00:00,8500.0,11000.0,10500.0,132
Gujarat,Dahod,Dahod,Dry Chillies,Dry Chillies,FAQ,2015-02-13 00:00:00,8500.0,11000.0,10625.0,132
Gujarat,Dahod,Dahod,Dry Chillies,Dry Chillies,FAQ,2015-02-18 00:00:00,8500.0,11000.0,10750.0,132
Gujarat,Dahod,Dahod,Dry Chillies,Dry Chillies,FAQ,2015-02-20 00:00:00,8500.0,11000.0,10750.0,132
Gujarat,Dahod,Dahod,Dry Chillies,Dry Chillies,FAQ,2015-02-21 00:00:00,8500.0,11000.0,10750.0,132
Gujarat,Dahod,Dahod,Dry Chillies,Dry Chillies,FAQ,2015-03-09 00:00:00,8500.0,9500.0,9250.0,132
Gujarat,Dahod,Dahod,Dry Chillies,Dry Chillies,FAQ,2015-03-17 00:00:00,8500.0,9500.0,9250.0,132
Gujarat,Dahod,Dahod,Dry Chillies,Dry Chillies,FAQ,2015-03-20 00:00:00,8500.0,9500.0,9250.0,132
Gujarat,Dahod,Dahod,Dry Chillies,Dry Chillies,FAQ,2015-03-24 00:00:00,8500.0,9500.0,9250.0,132
Gujarat,Dahod,Dahod,Dry Chillies,Dry Chillies,FAQ,2015-03-25 00:00:00,8500.0,9500.0,9250.0,132
Gujarat,Dahod,Dahod,Dry Chillies,Dry Chillies,FAQ,2015-03-26 00:00:00,8500.0,9500.0,9250.0,132
Gujarat,Dahod,Dahod,Dry Chillies,Dry Chillies,FAQ,2015-03-28 00:00:00,9000.0,14000.0,12000.0,132
Gujarat,Dahod,Dahod,Dry Chillies,Dry Chillies,FAQ,2015-04-06 00:00:00,9000.0,14000.0,12250.0,132
Gujarat,Dahod,Dahod,Dry Chillies,Dry Chillies,FAQ,2015-04-16 00:00:00,9000.0,13000.0,10500.0,132
Gujarat,Dahod,Dahod,Dry Chillies,Dry Chillies,FAQ,2015-04-17 00:00:00,9000.0,13000.0,10500.0,132
Gujarat,Dahod,Dahod,Dry Chillies,Dry Chillies,FAQ,2015-04-30 00:00:00,9000.0,13000.0,11500.0,132
Gujarat,Dahod,Dahod,Dry Chillies,Dry Chillies,FAQ,2015-05-12 00:00:00,8500.0,11000.0,10000.0,132
Gujarat,Dahod,Dahod,Dry Chillies,Dry Chillies,FAQ,2015-05-16 00:00:00,8500.0,11300.0,10000.0,132
Gujarat,Dahod,Dahod,Dry Chillies,Dry Chillies,FAQ,2015-06-04 00:00:00,8500.0,12000.0,10500.0,132
Gujarat,Dahod,Dahod,Dry Chillies,Dry Chillies,FAQ,2015-06-06 00:00:00,8000.0,12000.0,11000.0,132
Gujarat,Dahod,Dahod,Dry Chillies,Dry Chillies,FAQ,2015-06-08 00:00:00,8500.0,12000.0,10500.0,132
Gujarat,Dahod,Dahod,Dry Chillies,Dry Chillies,FAQ,2015-06-20 00:00:00,8500.0,12000.0,11000.0,132
Gujarat,Dahod,Dahod,Dry Chillies,Dry Chillies,FAQ,2015-06-25 00:00:00,7500.0,12000.0,11750.0,132
Gujarat,Dahod,Dahod,Dry Chillies,Dry Chillies,FAQ,2015-06-29 00:00:00,8500.0,12000.0,11250.0,132
Gujarat,Dahod,Dahod,Dry Chillies,Dry Chillies,FAQ,2015-07-08 00:00:00,8500.0,12000.0,11750.0,132
Gujarat,Dahod,Dahod,Dry Chillies,Dry Chillies,FAQ,2015-08-10 00:00:00,9000.0,11875.0,10000.0,132
Gujarat,Dahod,Dahod,Dry Chillies,Dry Chillies,FAQ,2015-08-17 00:00:00,8500.0,12000.0,11000.0,132
Gujarat,Dahod,Dahod,Dry Chillies,Dry Chillies,FAQ,2015-08-26 00:00:00,9000.0,12000.0,11000.0,132
Gujarat,Dahod,Dahod,Dry Chillies,Dry Chillies,FAQ,2015-09-04 00:00:00,8500.0,12000.0,11000.0,132
Gujarat,Dahod,Dahod,Dry Chillies,Dry Chillies,FAQ,2015-09-21 00:00:00,9500.0,13000.0,12500.0,132
Gujarat,Dahod,Dahod,Dry Chillies,Dry Chillies,FAQ,2015-09-24 00:00:00,9500.0,13000.0,12000.0,132
Gujarat,Dahod,Dahod,Dry Chillies,Dry Chillies,FAQ,2015-10-13 00:00:00,9500.0,13000.0,11750.0,132
Gujarat,Dahod,Dahod,Dry Chillies,Dry Chillies,FAQ,2015-10-21 00:00:00,9500.0,13000.0,12000.0,132
Gujarat,Dahod,Dahod,Dry Chillies,Dry Chillies,FAQ,2015-10-23 00:00:00,9500.0,13000.0,11500.0,132
Gujarat,Dahod,Dahod,Dry Chillies,Dry Chillies,FAQ,2015-11-02 00:00:00,9500.0,13000.0,12000.0,132
Gujarat,Dahod,Dahod,Dry Chillies,Dry Chillies,FAQ,2015-11-03 00:00:00,9500.0,13500.0,12500.0,132
Gujarat,Dahod,Dahod,Dry Chillies,Dry Chillies,FAQ,2015-12-14 00:00:00,9500.0,13500.0,12500.0,132
Gujarat,Dahod,Dahod,Dry Chillies,Dry Chillies,FAQ,2015-12-21 00:00:00,9500.0,13000.0,12500.0,132
Gujarat,Dahod,Dahod,Dry Chillies,Dry Chillies,FAQ,2015-12-22 00:00:00,10000.0,13500.0,12500.0,132
Gujarat,Dahod,Dahod,Dry Chillies,Dry Chillies,FAQ,2015-12-28 00:00:00,10000.0,14000.0,13000.0,132
Gujarat,Dahod,Dahod,Dry Chillies,Dry Chillies,FAQ,2015-12-29 00:00:00,10000.0,14000.0,13000.0,132
Gujarat,Rajkot,Gondal,Dry Chillies,Bold 1,FAQ,2015-02-23 00:00:00,4055.0,16005.0,13205.0,132
Gujarat,Rajkot,Gondal,Dry Chillies,Bold 1,FAQ,2015-03-09 00:00:00,5105.0,15955.0,11355.0,132
Gujarat,Rajkot,Gondal,Dry Chillies,Bold 1,FAQ,2015-03-11 00:00:00,5105.0,14755.0,12755.0,132
Gujarat,Rajkot,Gondal,Dry Chillies,Bold 1,FAQ,2015-03-14 00:00:00,5105.0,14555.0,12555.0,132
Gujarat,Rajkot,Gondal,Dry Chillies,Bold 1,FAQ,2015-03-19 00:00:00,4505.0,17505.0,14505.0,132
Gujarat,Rajkot,Gondal,Dry Chillies,Bold 1,FAQ,2015-03-20 00:00:00,5505.0,18455.0,14355.0,132
Gujarat,Rajkot,Gondal,Dry Chillies,Bold 1,FAQ,2015-04-03 00:00:00,5555.0,15005.0,13505.0,132
Gujarat,Rajkot,Gondal,Dry Chillies,Bold 1,FAQ,2015-04-09 00:00:00,6005.0,16955.0,14455.0,132
Gujarat,Rajkot,Gondal,Dry Chillies,Bold 1,FAQ,2015-04-11 00:00:00,5555.0,15705.0,13855.0,132
Gujarat,Rajkot,Gondal,Dry Chillies,Bold 1,FAQ,2015-04-16 00:00:00,5005.0,15955.0,13885.0,132
Gujarat,Rajkot,Gondal,Dry Chillies,Bold 1,FAQ,2015-04-17 00:00:00,5005.0,16055.0,12855.0,132
Gujarat,Rajkot,Gondal,Dry Chillies,Bold 1,FAQ,2015-04-24 00:00:00,5555.0,16505.0,12355.0,132
Gujarat,Rajkot,Gondal,Dry Chillies,Bold 1,FAQ,2015-04-28 00:00:00,6005.0,14995.0,12955.0,132
Gujarat,Rajkot,Gondal,Dry Chillies,Bold 1,FAQ,2015-05-09 00:00:00,5055.0,15500.0,13205.0,132
Gujarat,Vadodara(Baroda),Vadodara,Dry Chillies,Other,FAQ,2015-01-28 00:00:00,8000.0,8500.0,8500.0,132
Gujarat,Vadodara(Baroda),Vadodara,Dry Chillies,Other,FAQ,2015-01-30 00:00:00,8000.0,8500.0,8500.0,132
Gujarat,Vadodara(Baroda),Vadodara,Dry Chillies,Other,FAQ,2015-01-31 00:00:00,7000.0,8000.0,8000.0,132
Gujarat,Vadodara(Baroda),Vadodara,Dry Chillies,Other,FAQ,2015-06-05 00:00:00,7000.0,9000.0,9000.0,132
Gujarat,Vadodara(Baroda),Vadodara,Dry Chillies,Other,FAQ,2015-06-09 00:00:00,7000.0,9000.0,9000.0,132
Gujarat,Vadodara(Baroda),Vadodara,Dry Chillies,Other,FAQ,2015-06-15 00:00:00,8000.0,9500.0,9500.0,132
Gujarat,Vadodara(Baroda),Vadodara,Dry Chillies,Other,FAQ,2015-06-17 00:00:00,8000.0,9500.0,9500.0,132
Gujarat,Vadodara(Baroda),Vadodara,Dry Chillies,Other,FAQ,2015-07-09 00:00:00,9000.0,10000.0,10000.0,132
Gujarat,Vadodara(Baroda),Vadodara,Dry Chillies,Other,FAQ,2015-08-07 00:00:00,8000.0,9000.0,9000.0,132
Gujarat,Vadodara(Baroda),Vadodara,Dry Chillies,Other,FAQ,2015-09-16 00:00:00,12000.0,13000.0,13000.0,132
Gujarat,Vadodara(Baroda),Vadodara,Dry Chillies,Other,FAQ,2015-11-19 00:00:00,12000.0,13000.0,13000.0,132
Gujarat,Vadodara(Baroda),Vadodara,Dry Chillies,Other,FAQ,2015-12-15 00:00:00,10000.0,15000.0,15000.0,132
Gujarat,Vadodara(Baroda),Vadodara,Dry Chillies,Other,FAQ,2015-12-18 00:00:00,10000.0,15000.0,15000.0,132
Gujarat,Vadodara(Baroda),Vadodara,Dry Chillies,Other,FAQ,2015-12-31 00:00:00,10000.0,15000.0,15000.0,132
Gujarat,Dahod,Dahod,Dry Chillies,Other,FAQ,2011-01-03 00:00:00,4500.0,8000.0,7250.0,132
Gujarat,Dahod,Dahod,Dry Chillies,Other,FAQ,2011-01-12 00:00:00,4500.0,8250.0,7275.0,132
Gujarat,Dahod,Dahod,Dry Chillies,Other,FAQ,2011-01-24 00:00:00,4500.0,8000.0,7500.0,132
Gujarat,Dahod,Dahod,Dry Chillies,Other,FAQ,2011-01-29 00:00:00,4500.0,9250.0,8250.0,132
Gujarat,Dahod,Dahod,Dry Chillies,Other,FAQ,2011-02-02 00:00:00,5000.0,9500.0,8500.0,132
Gujarat,Dahod,Dahod,Dry Chillies,Other,FAQ,2011-03-14 00:00:00,6500.0,11300.0,9500.0,132
Gujarat,Dahod,Dahod,Dry Chillies,Other,FAQ,2011-03-22 00:00:00,6500.0,11300.0,9500.0,132
Gujarat,Dahod,Dahod,Dry Chillies,Other,FAQ,2011-06-09 00:00:00,9000.0,11000.0,10000.0,132
Gujarat,Dahod,Dahod,Dry Chillies,Other,FAQ,2011-06-14 00:00:00,8000.0,10500.0,10000.0,132
Gujarat,Dahod,Dahod,Dry Chillies,Other,FAQ,2011-07-15 00:00:00,8500.0,11250.0,10500.0,132
Gujarat,Dahod,Dahod,Dry Chillies,Other,FAQ,2011-09-12 00:00:00,8000.0,11000.0,10500.0,132
Gujarat,Dahod,Dahod,Dry Chillies,Other,FAQ,2011-10-17 00:00:00,7000.0,10500.0,8500.0,132
Gujarat,Dahod,Dahod,Dry Chillies,Other,FAQ,2011-10-25 00:00:00,7500.0,10500.0,9000.0,132
Gujarat,Dahod,Dahod,Dry Chillies,Other,FAQ,2011-11-04 00:00:00,7500.0,10500.0,10000.0,132
Gujarat,Dahod,Dahod,Dry Chillies,Other,FAQ,2011-11-05 00:00:00,7500.0,10500.0,10000.0,132
Gujarat,Dahod,Dahod,Dry Chillies,Other,FAQ,2011-11-07 00:00:00,7500.0,10500.0,10000.0,132
Gujarat,Dahod,Dahod,Dry Chillies,Other,FAQ,2011-11-16 00:00:00,7500.0,10750.0,9500.0,132
Gujarat,Dahod,Dahod,Dry Chillies,Other,FAQ,2011-11-19 00:00:00,7500.0,10750.0,10500.0,132
Gujarat,Dahod,Dahod,Dry Chillies,Other,FAQ,2011-11-26 00:00:00,7500.0,10750.0,10500.0,132
Gujarat,Dahod,Dahod,Dry Chillies,Other,FAQ,2011-11-29 00:00:00,7500.0,10500.0,10000.0,132
Gujarat,Dahod,Dahod,Dry Chillies,Other,FAQ,2011-12-10 00:00:00,7500.0,11000.0,10500.0,132
Gujarat,Dahod,Dahod,Dry Chillies,Other,FAQ,2011-12-12 00:00:00,7500.0,11000.0,10000.0,132
Gujarat,Dahod,Dahod,Dry Chillies,Other,FAQ,2011-12-15 00:00:00,7500.0,11000.0,10250.0,132
Gujarat,Dahod,Dahod,Dry Chillies,Other,FAQ,2011-12-30 00:00:00,7500.0,11000.0,10500.0,132
Gujarat,Rajkot,Gondal,Dry Chillies,Desi,FAQ,2011-02-25 00:00:00,3255.0,18405.0,12055.0,132
Gujarat,Rajkot,Gondal,Dry Chillies,Desi,FAQ,2011-02-26 00:00:00,3005.0,18155.0,12305.0,132
Gujarat,Rajkot,Gondal,Dry Chillies,Desi,FAQ,2011-03-23 00:00:00,3255.0,17605.0,12655.0,132
Gujarat,Rajkot,Gondal,Dry Chillies,Desi,FAQ,2011-03-25 00:00:00,3255.0,17205.0,13455.0,132
Gujarat,Rajkot,Gondal,Dry Chillies,Desi,FAQ,2011-03-26 00:00:00,5355.0,22105.0,17000.0,132
Gujarat,Rajkot,Gondal,Dry Chillies,Desi,FAQ,2011-04-23 00:00:00,2000.0,10155.0,7905.0,132
Gujarat,Rajkot,Gondal,Dry Chillies,Desi,FAQ,2011-05-06 00:00:00,2005.0,12005.0,9455.0,132
Gujarat,Rajkot,Gondal,Dry Chillies,Desi,FAQ,2011-05-09 00:00:00,2005.0,10705.0,8755.0,132
Gujarat,Rajkot,Gondal,Dry Chillies,Desi,FAQ,2011-05-10 00:00:00,2005.0,12455.0,8885.0,132
Gujarat,Rajkot,Gondal,Dry Chillies,Desi,FAQ,2011-05-17 00:00:00,2005.0,11855.0,7905.0,132
Gujarat,Rajkot,Gondal,Dry Chillies,Desi,FAQ,2011-05-21 00:00:00,2005.0,11355.0,8855.0,132
Gujarat,Rajkot,Gondal,Dry Chillies,Desi,FAQ,2011-05-23 00:00:00,2005.0,10755.0,8755.0,132
Gujarat,Rajkot,Gondal,Dry Chillies,Desi,FAQ,2011-05-26 00:00:00,4155.0,12205.0,10705.0,132
Gujarat,Rajkot,Gondal,Dry Chillies,Desi,FAQ,2011-05-30 00:00:00,2205.0,11205.0,10905.0,132
Gujarat,Rajkot,Gondal,Dry Chillies,Desi,FAQ,2011-05-31 00:00:00,2455.0,14005.0,8955.0,132
Gujarat,Rajkot,Gondal,Dry Chillies,Desi,FAQ,2011-06-04 00:00:00,2955.0,9000.0,3955.0,132
Gujarat,Rajkot,Jasdan,Dry Chillies,Other,FAQ,2011-03-19 00:00:00,2500.0,8500.0,5000.0,132
Gujarat,Rajkot,Jasdan,Dry Chillies,Other,FAQ,2011-05-16 00:00:00,639.0,1706.0,1300.0,132
Gujarat,Rajkot,Jasdan,Dry Chillies,Other,FAQ,2011-05-18 00:00:00,600.0,1600.0,1000.0,132
Gujarat,Rajkot,Jasdan,Dry Chillies,Other,FAQ,2011-05-31 00:00:00,5000.0,7500.0,7000.0,132
Gujarat,Rajkot,Jasdan,Dry Chillies,Other,FAQ,2011-06-09 00:00:00,7000.0,7250.0,7125.0,132
Gujarat,Rajkot,Jasdan,Dry Chillies,Other,FAQ,2011-06-16 00:00:00,6980.0,6980.0,6980.0,132
Gujarat,Rajkot,Jasdan,Dry Chillies,Other,FAQ,2011-06-18 00:00:00,4725.0,4725.0,4725.0,132
Gujarat,Rajkot,Jasdan,Dry Chillies,Other,FAQ,2011-06-20 00:00:00,3500.0,3500.0,3500.0,132
Gujarat,Rajkot,Jasdan,Dry Chillies,Other,FAQ,2011-06-22 00:00:00,5000.0,5000.0,5000.0,132
Gujarat,Rajkot,Jetpur(Dist.Rajkot),Dry Chillies,Red,FAQ,2011-03-17 00:00:00,2255.0,15430.0,13875.0,132
Gujarat,Rajkot,Jetpur(Dist.Rajkot),Dry Chillies,Red,FAQ,2011-04-28 00:00:00,1105.0,12755.0,8605.0,132
Gujarat,Rajkot,Jetpur(Dist.Rajkot),Dry Chillies,Red,FAQ,2011-04-30 00:00:00,1980.0,11880.0,9105.0,132
Gujarat,Rajkot,Jetpur(Dist.Rajkot),Dry Chillies,Red,FAQ,2011-05-04 00:00:00,1005.0,12375.0,9255.0,132
Gujarat,Rajkot,Jetpur(Dist.Rajkot),Dry Chillies,Red,FAQ,2011-05-18 00:00:00,1500.0,8555.0,7605.0,132
Gujarat,Rajkot,Jetpur(Dist.Rajkot),Dry Chillies,Red,FAQ,2011-05-20 00:00:00,1180.0,8355.0,7755.0,132
Gujarat,Vadodara(Baroda),Vadodara,Dry Chillies,Other,FAQ,2011-01-03 00:00:00,3500.0,5500.0,5300.0,132
Gujarat,Vadodara(Baroda),Vadodara,Dry Chillies,Other,FAQ,2011-01-26 00:00:00,6500.0,8000.0,8000.0,132
Gujarat,Vadodara(Baroda),Vadodara,Dry Chillies,Other,FAQ,2011-02-01 00:00:00,6000.0,8000.0,8000.0,132
Gujarat,Vadodara(Baroda),Vadodara,Dry Chillies,Other,FAQ,2011-02-16 00:00:00,7000.0,12000.0,12000.0,132
Gujarat,Vadodara(Baroda),Vadodara,Dry Chillies,Other,FAQ,2011-02-25 00:00:00,9000.0,12000.0,12000.0,132
Gujarat,Vadodara(Baroda),Vadodara,Dry Chillies,Other,FAQ,2011-02-26 00:00:00,9000.0,12000.0,11000.0,132
Gujarat,Vadodara(Baroda),Vadodara,Dry Chillies,Other,FAQ,2011-02-28 00:00:00,9000.0,12000.0,11000.0,132
Gujarat,Vadodara(Baroda),Vadodara,Dry Chillies,Other,FAQ,2011-03-02 00:00:00,9000.0,12000.0,12000.0,132
Gujarat,Vadodara(Baroda),Vadodara,Dry Chillies,Other,FAQ,2011-03-11 00:00:00,9000.0,11000.0,10500.0,132
Gujarat,Vadodara(Baroda),Vadodara,Dry Chillies,Other,FAQ,2011-03-15 00:00:00,9000.0,11000.0,11000.0,132
Gujarat,Vadodara(Baroda),Vadodara,Dry Chillies,Other,FAQ,2011-03-19 00:00:00,9000.0,11000.0,11000.0,132
Gujarat,Vadodara(Baroda),Vadodara,Dry Chillies,Other,FAQ,2011-03-24 00:00:00,8000.0,10000.0,10000.0,132
Gujarat,Vadodara(Baroda),Vadodara,Dry Chillies,Other,FAQ,2011-03-25 00:00:00,8000.0,10000.0,9500.0,132
Gujarat,Vadodara(Baroda),Vadodara,Dry Chillies,Other,FAQ,2011-03-26 00:00:00,8000.0,10000.0,10000.0,132
Gujarat,Vadodara(Baroda),Vadodara,Dry Chillies,Other,FAQ,2011-03-29 00:00:00,8000.0,10000.0,10000.0,132
Gujarat,Vadodara(Baroda),Vadodara,Dry Chillies,Other,FAQ,2011-03-31 00:00:00,8000.0,10000.0,10000.0,132
Gujarat,Vadodara(Baroda),Vadodara,Dry Chillies,Other,FAQ,2011-04-06 00:00:00,6000.0,8000.0,8000.0,132
Gujarat,Vadodara(Baroda),Vadodara,Dry Chillies,Other,FAQ,2011-04-14 00:00:00,2500.0,5000.0,5000.0,132
Gujarat,Vadodara(Baroda),Vadodara,Dry Chillies,Other,FAQ,2011-04-25 00:00:00,10000.0,14000.0,13500.0,132
Gujarat,Vadodara(Baroda),Vadodara,Dry Chillies,Other,FAQ,2011-05-02 00:00:00,9000.0,12000.0,12000.0,132
Gujarat,Vadodara(Baroda),Vadodara,Dry Chillies,Other,FAQ,2011-05-12 00:00:00,9000.0,12000.0,12000.0,132
Gujarat,Vadodara(Baroda),Vadodara,Dry Chillies,Other,FAQ,2011-05-18 00:00:00,8000.0,12000.0,12000.0,132
Gujarat,Vadodara(Baroda),Vadodara,Dry Chillies,Other,FAQ,2011-05-19 00:00:00,8000.0,12000.0,12000.0,132
Gujarat,Vadodara(Baroda),Vadodara,Dry Chillies,Other,FAQ,2011-05-20 00:00:00,8000.0,12000.0,12000.0,132
Gujarat,Vadodara(Baroda),Vadodara,Dry Chillies,Other,FAQ,2011-05-25 00:00:00,8000.0,12000.0,12000.0,132
Gujarat,Vadodara(Baroda),Vadodara,Dry Chillies,Other,FAQ,2011-06-08 00:00:00,8000.0,9000.0,9000.0,132
Gujarat,Vadodara(Baroda),Vadodara,Dry Chillies,Other,FAQ,2011-06-15 00:00:00,8000.0,9000.0,8500.0,132
Gujarat,Vadodara(Baroda),Vadodara,Dry Chillies,Other,FAQ,2011-06-16 00:00:00,6000.0,9000.0,9000.0,132
Gujarat,Vadodara(Baroda),Vadodara,Dry Chillies,Other,FAQ,2011-06-18 00:00:00,6000.0,9000.0,9000.0,132
Gujarat,Vadodara(Baroda),Vadodara,Dry Chillies,Other,FAQ,2011-06-21 00:00:00,6000.0,9000.0,9000.0,132
Gujarat,Vadodara(Baroda),Vadodara,Dry Chillies,Other,FAQ,2011-06-29 00:00:00,6000.0,9000.0,9000.0,132
Gujarat,Vadodara(Baroda),Vadodara,Dry Chillies,Other,FAQ,2011-07-01 00:00:00,7000.0,11000.0,11000.0,132
Gujarat,Vadodara(Baroda),Vadodara,Dry Chillies,Other,FAQ,2011-07-05 00:00:00,7000.0,11000.0,11000.0,132
Gujarat,Vadodara(Baroda),Vadodara,Dry Chillies,Other,FAQ,2011-07-14 00:00:00,7000.0,11000.0,9500.0,132
Gujarat,Vadodara(Baroda),Vadodara,Dry Chillies,Other,FAQ,2011-07-26 00:00:00,9500.0,12000.0,12000.0,132
Gujarat,Vadodara(Baroda),Vadodara,Dry Chillies,Other,FAQ,2011-08-02 00:00:00,6000.0,9000.0,9000.0,132
Gujarat,Vadodara(Baroda),Vadodara,Dry Chillies,Other,FAQ,2011-08-10 00:00:00,6000.0,9000.0,9000.0,132
Gujarat,Vadodara(Baroda),Vadodara,Dry Chillies,Other,FAQ,2011-08-18 00:00:00,8000.0,10000.0,10000.0,132
Gujarat,Vadodara(Baroda),Vadodara,Dry Chillies,Other,FAQ,2011-08-27 00:00:00,8000.0,10000.0,10000.0,132
Gujarat,Vadodara(Baroda),Vadodara,Dry Chillies,Other,FAQ,2011-09-03 00:00:00,7500.0,9000.0,9000.0,132
Gujarat,Vadodara(Baroda),Vadodara,Dry Chillies,Other,FAQ,2011-09-05 00:00:00,7500.0,9000.0,9000.0,132
Gujarat,Vadodara(Baroda),Vadodara,Dry Chillies,Other,FAQ,2011-09-08 00:00:00,7500.0,9000.0,9000.0,132
Gujarat,Vadodara(Baroda),Vadodara,Dry Chillies,Other,FAQ,2011-09-20 00:00:00,9000.0,12000.0,12000.0,132
Gujarat,Vadodara(Baroda),Vadodara,Dry Chillies,Other,FAQ,2011-10-05 00:00:00,9000.0,10000.0,10000.0,132
Gujarat,Vadodara(Baroda),Vadodara,Dry Chillies,Other,FAQ,2011-10-07 00:00:00,9000.0,10000.0,10000.0,132
Gujarat,Vadodara(Baroda),Vadodara,Dry Chillies,Other,FAQ,2011-10-11 00:00:00,8000.0,10000.0,10000.0,132
Gujarat,Vadodara(Baroda),Vadodara,Dry Chillies,Other,FAQ,2011-10-14 00:00:00,8000.0,10000.0,10000.0,132
Gujarat,Vadodara(Baroda),Vadodara,Dry Chillies,Other,FAQ,2011-10-19 00:00:00,9000.0,10000.0,10000.0,132
Gujarat,Vadodara(Baroda),Vadodara,Dry Chillies,Other,FAQ,2011-10-21 00:00:00,9000.0,10000.0,9800.0,132
Gujarat,Vadodara(Baroda),Vadodara,Dry Chillies,Other,FAQ,2011-11-05 00:00:00,9000.0,10000.0,10000.0,132
Gujarat,Vadodara(Baroda),Vadodara,Dry Chillies,Other,FAQ,2011-11-17 00:00:00,9000.0,9500.0,9500.0,132
Gujarat,Vadodara(Baroda),Vadodara,Dry Chillies,Other,FAQ,2011-11-21 00:00:00,9000.0,9500.0,9500.0,132
Gujarat,Vadodara(Baroda),Vadodara,Dry Chillies,Other,FAQ,2011-12-07 00:00:00,7000.0,9000.0,9000.0,132
Gujarat,Vadodara(Baroda),Vadodara,Dry Chillies,Other,FAQ,2011-12-21 00:00:00,6000.0,7500.0,7500.0,132
Gujarat,Dahod,Dahod,Dry Chillies,Other,FAQ,2008-01-01 00:00:00,4000.0,6750.0,6250.0,132
Gujarat,Dahod,Dahod,Dry Chillies,Other,FAQ,2008-01-05 00:00:00,4000.0,6750.0,6375.0,132
Gujarat,Dahod,Dahod,Dry Chillies,Other,FAQ,2008-02-11 00:00:00,3750.0,6300.0,5000.0,132
Gujarat,Dahod,Dahod,Dry Chillies,Other,FAQ,2008-02-28 00:00:00,4250.0,6000.0,5250.0,132
Gujarat,Dahod,Dahod,Dry Chillies,Other,FAQ,2008-03-01 00:00:00,4250.0,6000.0,5250.0,132
Gujarat,Dahod,Dahod,Dry Chillies,Other,FAQ,2008-04-16 00:00:00,3750.0,6000.0,5400.0,132
Gujarat,Dahod,Dahod,Dry Chillies,Other,FAQ,2008-05-05 00:00:00,4000.0,7000.0,5500.0,132
Gujarat,Dahod,Dahod,Dry Chillies,Other,FAQ,2008-05-12 00:00:00,4000.0,7000.0,5500.0,132
Gujarat,Dahod,Dahod,Dry Chillies,Other,FAQ,2008-05-21 00:00:00,4000.0,7000.0,5500.0,132
Gujarat,Dahod,Dahod,Dry Chillies,Other,FAQ,2008-05-23 00:00:00,4000.0,7000.0,5500.0,132
Gujarat,Dahod,Dahod,Dry Chillies,Other,FAQ,2008-06-18 00:00:00,4000.0,8000.0,6500.0,132
Gujarat,Dahod,Dahod,Dry Chillies,Other,FAQ,2008-06-20 00:00:00,4000.0,8000.0,6750.0,132
Gujarat,Dahod,Dahod,Dry Chillies,Other,FAQ,2008-08-20 00:00:00,5000.0,8500.0,7250.0,132
Gujarat,Dahod,Dahod,Dry Chillies,Other,FAQ,2008-08-27 00:00:00,5000.0,8500.0,7250.0,132
Gujarat,Dahod,Dahod,Dry Chillies,Other,FAQ,2008-10-06 00:00:00,4000.0,8000.0,7375.0,132
Gujarat,Dahod,Dahod,Dry Chillies,Other,FAQ,2008-10-27 00:00:00,4000.0,8000.0,7000.0,132
Gujarat,Dahod,Dahod,Dry Chillies,Other,FAQ,2008-11-13 00:00:00,4500.0,8000.0,6500.0,132
Gujarat,Dahod,Dahod,Dry Chillies,Other,FAQ,2008-12-20 00:00:00,5000.0,8500.0,7000.0,132
Gujarat,Dahod,Dahod,Dry Chillies,Other,FAQ,2008-12-24 00:00:00,5000.0,8500.0,7000.0,132
Gujarat,Rajkot,Gondal,Dry Chillies,Bold 1,FAQ,2008-03-24 00:00:00,3255.0,8500.0,7505.0,132
Gujarat,Rajkot,Gondal,Dry Chillies,Bold 1,FAQ,2008-03-25 00:00:00,3500.0,8655.0,5055.0,132
Gujarat,Rajkot,Gondal,Dry Chillies,Bold 1,FAQ,2008-04-21 00:00:00,2405.0,7055.0,4655.0,132
Gujarat,Rajkot,Gondal,Dry Chillies,Bold 1,FAQ,2008-04-30 00:00:00,4355.0,6155.0,5955.0,132
Gujarat,Rajkot,Gondal,Dry Chillies,Bold 1,FAQ,2008-05-02 00:00:00,3555.0,5755.0,4555.0,132
Gujarat,Rajkot,Gondal,Dry Chillies,Single Patti,FAQ,2008-06-23 00:00:00,2500.0,3230.0,2805.0,132
Gujarat,Rajkot,Jasdan,Dry Chillies,Red,FAQ,2008-03-25 00:00:00,900.0,1450.0,1300.0,132
Gujarat,Rajkot,Jasdan,Dry Chillies,Red,FAQ,2008-04-12 00:00:00,2250.0,4000.0,3750.0,132
Gujarat,Rajkot,Jasdan,Dry Chillies,Red,FAQ,2008-04-16 00:00:00,2500.0,4500.0,3375.0,132
Gujarat,Rajkot,Jasdan,Dry Chillies,Red,FAQ,2008-04-17 00:00:00,2460.0,4960.0,4430.0,132
Gujarat,Rajkot,Jasdan,Dry Chillies,Red,FAQ,2008-05-02 00:00:00,1460.0,1930.0,1625.0,132
Gujarat,Rajkot,Jasdan,Dry Chillies,Red,FAQ,2008-05-05 00:00:00,1505.0,2755.0,2105.0,132
Gujarat,Rajkot,Jasdan,Dry Chillies,Red,FAQ,2008-05-06 00:00:00,3750.0,3990.0,3850.0,132
Gujarat,Rajkot,Jasdan,Dry Chillies,Red,FAQ,2008-05-09 00:00:00,1250.0,6425.0,2075.0,132
Gujarat,Rajkot,Jasdan,Dry Chillies,Red,FAQ,2008-05-15 00:00:00,1800.0,3275.0,2755.0,132
Gujarat,Rajkot,Jasdan,Dry Chillies,Red,FAQ,2008-05-17 00:00:00,1500.0,2600.0,2000.0,132
Gujarat,Rajkot,Jasdan,Dry Chillies,Red,FAQ,2008-05-21 00:00:00,3000.0,3000.0,3000.0,132
Gujarat,Rajkot,Jasdan,Dry Chillies,Red,FAQ,2008-05-24 00:00:00,2775.0,2775.0,2775.0,132
Gujarat,Rajkot,Jetpur(Dist.Rajkot),Dry Chillies,Other,FAQ,2008-03-10 00:00:00,1250.0,5750.0,4750.0,132
Gujarat,Rajkot,Jetpur(Dist.Rajkot),Dry Chillies,Other,FAQ,2008-03-12 00:00:00,1625.0,2500.0,2345.0,132
Gujarat,Rajkot,Jetpur(Dist.Rajkot),Dry Chillies,Other,FAQ,2008-03-14 00:00:00,1375.0,6150.0,4740.0,132
Gujarat,Rajkot,Jetpur(Dist.Rajkot),Dry Chillies,Other,FAQ,2008-04-08 00:00:00,3750.0,6630.0,5015.0,132
Gujarat,Rajkot,Jetpur(Dist.Rajkot),Dry Chillies,Other,FAQ,2008-04-16 00:00:00,3205.0,6500.0,4750.0,132
Gujarat,Rajkot,Jetpur(Dist.Rajkot),Dry Chillies,Other,FAQ,2008-04-22 00:00:00,1555.0,7005.0,5135.0,132
Gujarat,Rajkot,Jetpur(Dist.Rajkot),Dry Chillies,Other,FAQ,2008-04-30 00:00:00,1250.0,6255.0,5500.0,132
Gujarat,Rajkot,Jetpur(Dist.Rajkot),Dry Chillies,Other,FAQ,2008-05-19 00:00:00,1005.0,5405.0,4535.0,132
Gujarat,Rajkot,Jetpur(Dist.Rajkot),Dry Chillies,Other,FAQ,2008-05-26 00:00:00,2750.0,4025.0,3550.0,132
Gujarat,Rajkot,Jetpur(Dist.Rajkot),Dry Chillies,Other,FAQ,2008-05-27 00:00:00,2700.0,4005.0,3500.0,132
Gujarat,Vadodara(Baroda),Vadodara,Dry Chillies,Other,FAQ,2008-01-12 00:00:00,2500.0,4500.0,4000.0,132
Gujarat,Vadodara(Baroda),Vadodara,Dry Chillies,Other,FAQ,2008-01-19 00:00:00,2500.0,4500.0,4000.0,132
Gujarat,Vadodara(Baroda),Vadodara,Dry Chillies,Other,FAQ,2008-01-23 00:00:00,2500.0,4500.0,4200.0,132
Gujarat,Vadodara(Baroda),Vadodara,Dry Chillies,Other,FAQ,2008-01-24 00:00:00,2500.0,5000.0,4400.0,132
Gujarat,Vadodara(Baroda),Vadodara,Dry Chillies,Other,FAQ,2008-02-11 00:00:00,2200.0,3500.0,3000.0,132
Gujarat,Vadodara(Baroda),Vadodara,Dry Chillies,Other,FAQ,2008-02-12 00:00:00,2200.0,3500.0,3000.0,132
Gujarat,Vadodara(Baroda),Vadodara,Dry Chillies,Other,FAQ,2008-02-16 00:00:00,3000.0,4500.0,4200.0,132
Gujarat,Vadodara(Baroda),Vadodara,Dry Chillies,Other,FAQ,2008-02-18 00:00:00,3000.0,4500.0,4200.0,132
Gujarat,Vadodara(Baroda),Vadodara,Dry Chillies,Other,FAQ,2008-02-20 00:00:00,3000.0,4500.0,4000.0,132
Gujarat,Vadodara(Baroda),Vadodara,Dry Chillies,Other,FAQ,2008-02-26 00:00:00,2500.0,3500.0,3000.0,132
Gujarat,Vadodara(Baroda),Vadodara,Dry Chillies,Other,FAQ,2008-03-04 00:00:00,2500.0,4000.0,3600.0,132
Gujarat,Vadodara(Baroda),Vadodara,Dry Chillies,Other,FAQ,2008-03-05 00:00:00,2500.0,4000.0,3600.0,132
Gujarat,Vadodara(Baroda),Vadodara,Dry Chillies,Other,FAQ,2008-03-26 00:00:00,3000.0,3500.0,3200.0,132
Gujarat,Vadodara(Baroda),Vadodara,Dry Chillies,Other,FAQ,2008-04-04 00:00:00,3000.0,6000.0,5000.0,132
Gujarat,Vadodara(Baroda),Vadodara,Dry Chillies,Other,FAQ,2008-04-07 00:00:00,3000.0,6000.0,5200.0,132
Gujarat,Vadodara(Baroda),Vadodara,Dry Chillies,Other,FAQ,2008-04-29 00:00:00,3000.0,7000.0,6000.0,132
Gujarat,Vadodara(Baroda),Vadodara,Dry Chillies,Other,FAQ,2008-05-03 00:00:00,3500.0,7000.0,6000.0,132
Gujarat,Vadodara(Baroda),Vadodara,Dry Chillies,Other,FAQ,2008-05-28 00:00:00,4500.0,8000.0,7000.0,132
Gujarat,Vadodara(Baroda),Vadodara,Dry Chillies,Other,FAQ,2008-05-30 00:00:00,4500.0,8000.0,7000.0,132
Gujarat,Vadodara(Baroda),Vadodara,Dry Chillies,Other,FAQ,2008-06-09 00:00:00,3500.0,6000.0,5200.0,132
Gujarat,Vadodara(Baroda),Vadodara,Dry Chillies,Other,FAQ,2008-06-24 00:00:00,3500.0,5800.0,4700.0,132
Gujarat,Vadodara(Baroda),Vadodara,Dry Chillies,Other,FAQ,2008-07-02 00:00:00,3500.0,5800.0,5500.0,132
Gujarat,Vadodara(Baroda),Vadodara,Dry Chillies,Other,FAQ,2008-07-12 00:00:00,3500.0,6000.0,5200.0,132
Gujarat,Vadodara(Baroda),Vadodara,Dry Chillies,Other,FAQ,2008-07-14 00:00:00,5000.0,6000.0,5500.0,132
Gujarat,Vadodara(Baroda),Vadodara,Dry Chillies,Other,FAQ,2008-08-23 00:00:00,3500.0,5000.0,4000.0,132
Gujarat,Vadodara(Baroda),Vadodara,Dry Chillies,Other,FAQ,2008-08-28 00:00:00,3500.0,5000.0,4500.0,132
Gujarat,Vadodara(Baroda),Vadodara,Dry Chillies,Other,FAQ,2008-09-01 00:00:00,2500.0,3800.0,3500.0,132
Gujarat,Vadodara(Baroda),Vadodara,Dry Chillies,Other,FAQ,2008-09-09 00:00:00,3500.0,5000.0,4800.0,132
Gujarat,Vadodara(Baroda),Vadodara,Dry Chillies,Other,FAQ,2008-09-12 00:00:00,3500.0,5500.0,5000.0,132
Gujarat,Vadodara(Baroda),Vadodara,Dry Chillies,Other,FAQ,2008-09-27 00:00:00,3500.0,5500.0,4500.0,132
Gujarat,Vadodara(Baroda),Vadodara,Dry Chillies,Other,FAQ,2008-10-01 00:00:00,3500.0,5500.0,5100.0,132
Gujarat,Vadodara(Baroda),Vadodara,Dry Chillies,Other,FAQ,2008-10-07 00:00:00,5200.0,6000.0,5800.0,132
Gujarat,Vadodara(Baroda),Vadodara,Dry Chillies,Other,FAQ,2008-10-10 00:00:00,5200.0,6000.0,5500.0,132
Gujarat,Vadodara(Baroda),Vadodara,Dry Chillies,Other,FAQ,2008-10-20 00:00:00,5200.0,6000.0,5800.0,132
Gujarat,Vadodara(Baroda),Vadodara,Dry Chillies,Other,FAQ,2008-11-11 00:00:00,4000.0,5500.0,4500.0,132
Gujarat,Vadodara(Baroda),Vadodara,Dry Chillies,Other,FAQ,2008-11-27 00:00:00,4500.0,5500.0,5200.0,132
Gujarat,Vadodara(Baroda),Vadodara,Dry Chillies,Other,FAQ,2008-11-28 00:00:00,4500.0,5500.0,5400.0,132
Gujarat,Vadodara(Baroda),Vadodara,Dry Chillies,Other,FAQ,2008-12-06 00:00:00,4500.0,5500.0,5000.0,132
Gujarat,Vadodara(Baroda),Vadodara,Dry Chillies,Other,FAQ,2008-12-23 00:00:00,5000.0,6000.0,6000.0,132
Gujarat,Vadodara(Baroda),Vadodara,Dry Chillies,Other,FAQ,2008-12-24 00:00:00,5000.0,6000.0,5800.0,132
Gujarat,Vadodara(Baroda),Vadodara,Dry Chillies,Other,FAQ,2008-12-27 00:00:00,5000.0,6000.0,5800.0,132
Gujarat,Vadodara(Baroda),Vadodara,Dry Chillies,Other,FAQ,2008-12-31 00:00:00,3000.0,5000.0,5000.0,132
Gujarat,Dahod,Dahod,Dry Chillies,Other,FAQ,2006-04-25 00:00:00,3500.0,5000.0,4250.0,132
Gujarat,Dahod,Dahod,Dry Chillies,Other,FAQ,2006-05-01 00:00:00,3500.0,5250.0,4750.0,132
Gujarat,Dahod,Dahod,Dry Chillies,Other,FAQ,2006-12-12 00:00:00,5500.0,8500.0,7000.0,132
Gujarat,Jamnagar,Jamnagar,Dry Chillies,Other,FAQ,2006-04-24 00:00:00,3250.0,6000.0,4575.0,132
Gujarat,Rajkot,Gondal,Dry Chillies,Local,FAQ,2006-03-11 00:00:00,1355.0,6205.0,5605.0,132
Gujarat,Rajkot,Gondal,Dry Chillies,Local,FAQ,2006-04-12 00:00:00,1355.0,7005.0,5505.0,132
Gujarat,Rajkot,Gondal,Dry Chillies,Local,FAQ,2006-04-19 00:00:00,1250.0,6580.0,4655.0,132
Gujarat,Rajkot,Gondal,Dry Chillies,Local,FAQ,2006-04-24 00:00:00,1005.0,5630.0,4755.0,132
Gujarat,Rajkot,Gondal,Dry Chillies,Local,FAQ,2006-04-25 00:00:00,1255.0,5555.0,4755.0,132
Gujarat,Rajkot,Gondal,Dry Chillies,Local,FAQ,2006-04-28 00:00:00,1005.0,5905.0,5005.0,132
Gujarat,Rajkot,Gondal,Dry Chillies,Local,FAQ,2006-05-01 00:00:00,1005.0,5730.0,4905.0,132
Gujarat,Rajkot,Gondal,Dry Chillies,Local,FAQ,2006-05-15 00:00:00,1380.0,6905.0,5880.0,132
Gujarat,Rajkot,Gondal,Dry Chillies,Local,FAQ,2006-05-18 00:00:00,1205.0,6155.0,5005.0,132
Gujarat,Rajkot,Gondal,Dry Chillies,Local,FAQ,2006-05-22 00:00:00,1180.0,6055.0,4680.0,132
Gujarat,Rajkot,Jetpur(Dist.Rajkot),Dry Chillies,Other,FAQ,2006-03-11 00:00:00,3850.0,6250.0,5510.0,132
Gujarat,Rajkot,Jetpur(Dist.Rajkot),Dry Chillies,Other,FAQ,2006-04-08 00:00:00,1250.0,1800.0,1600.0,132
Gujarat,Rajkot,Jetpur(Dist.Rajkot),Dry Chillies,Other,FAQ,2006-04-19 00:00:00,1250.0,6100.0,5510.0,132
Gujarat,Rajkot,Jetpur(Dist.Rajkot),Dry Chillies,Other,FAQ,2006-04-20 00:00:00,1250.0,6300.0,5500.0,132
Gujarat,Rajkot,Jetpur(Dist.Rajkot),Dry Chillies,Other,FAQ,2006-04-21 00:00:00,1250.0,6500.0,5510.0,132
Gujarat,Rajkot,Jetpur(Dist.Rajkot),Dry Chillies,Other,FAQ,2006-04-27 00:00:00,1000.0,5605.0,4500.0,132
Gujarat,Rajkot,Jetpur(Dist.Rajkot),Dry Chillies,Other,FAQ,2006-05-06 00:00:00,1050.0,5250.0,3980.0,132
Gujarat,Rajkot,Jetpur(Dist.Rajkot),Dry Chillies,Other,FAQ,2006-05-09 00:00:00,1000.0,5450.0,4255.0,132
Gujarat,Rajkot,Rajkot,Dry Chillies,Dry Chillies,FAQ,2006-02-27 00:00:00,3500.0,5500.0,4650.0,132
Gujarat,Rajkot,Rajkot,Dry Chillies,Dry Chillies,FAQ,2006-03-04 00:00:00,4000.0,5900.0,5250.0,132
Gujarat,Rajkot,Rajkot,Dry Chillies,Dry Chillies,FAQ,2006-03-08 00:00:00,4000.0,6000.0,5000.0,132
Gujarat,Rajkot,Rajkot,Dry Chillies,Dry Chillies,FAQ,2006-04-07 00:00:00,4000.0,5750.0,5300.0,132
Gujarat,Rajkot,Rajkot,Dry Chillies,Dry Chillies,FAQ,2006-04-12 00:00:00,2625.0,5600.0,4850.0,132
Gujarat,Rajkot,Rajkot,Dry Chillies,Dry Chillies,FAQ,2006-04-21 00:00:00,2875.0,5625.0,4850.0,132
Gujarat,Rajkot,Rajkot,Dry Chillies,Dry Chillies,FAQ,2006-04-26 00:00:00,2825.0,5750.0,4750.0,132
Gujarat,Rajkot,Rajkot,Dry Chillies,Dry Chillies,FAQ,2006-05-30 00:00:00,3250.0,5250.0,4500.0,132
Gujarat,Vadodara(Baroda),Vadodara,Dry Chillies,Other,FAQ,2006-04-22 00:00:00,4000.0,4000.0,4000.0,132
Gujarat,Vadodara(Baroda),Vadodara,Dry Chillies,Other,FAQ,2006-05-20 00:00:00,5000.0,5000.0,5000.0,132
Gujarat,Vadodara(Baroda),Vadodara,Dry Chillies,Other,FAQ,2006-08-23 00:00:00,4000.0,5000.0,4500.0,132
Gujarat,Vadodara(Baroda),Vadodara,Dry Chillies,Other,FAQ,2006-10-11 00:00:00,3000.0,5000.0,4000.0,132
Gujarat,Vadodara(Baroda),Vadodara,Dry Chillies,Other,FAQ,2006-11-08 00:00:00,2500.0,5000.0,3750.0,132
Gujarat,Vadodara(Baroda),Vadodara,Dry Chillies,Other,FAQ,2006-11-11 00:00:00,2500.0,5000.0,3750.0,132
Gujarat,Vadodara(Baroda),Vadodara,Dry Chillies,Other,FAQ,2006-11-17 00:00:00,5000.0,6500.0,5750.0,132
Gujarat,Vadodara(Baroda),Vadodara,Dry Chillies,Other,FAQ,2006-11-23 00:00:00,4500.0,5500.0,5000.0,132
Gujarat,Vadodara(Baroda),Vadodara,Dry Chillies,Other,FAQ,2006-12-05 00:00:00,4000.0,4625.0,4300.0,132
Gujarat,Vadodara(Baroda),Vadodara,Dry Chillies,Other,FAQ,2006-12-07 00:00:00,7000.0,7000.0,7000.0,132
Gujarat,Vadodara(Baroda),Vadodara,Dry Chillies,Other,FAQ,2006-12-27 00:00:00,4000.0,6000.0,5000.0,132
Gujarat,Dahod,Dahod,Dry Chillies,Other,FAQ,2001-12-18 00:00:00,2625.0,3900.0,3275.0,132
Gujarat,Dahod,Dahod,Dry Chillies,Other,FAQ,2002-01-28 00:00:00,2500.0,3250.0,3125.0,132
Gujarat,Dahod,Dahod,Dry Chillies,Other,FAQ,2002-02-09 00:00:00,2250.0,3375.0,2875.0,132
Gujarat,Dahod,Dahod,Dry Chillies,Other,FAQ,2002-02-27 00:00:00,2250.0,3300.0,2875.0,132
Gujarat,Dahod,Dahod,Dry Chillies,Other,FAQ,2002-03-09 00:00:00,2250.0,3200.0,3125.0,132
Gujarat,Dahod,Dahod,Dry Chillies,Other,FAQ,2002-03-16 00:00:00,3000.0,3200.0,3100.0,132
Gujarat,Dahod,Dahod,Dry Chillies,Other,FAQ,2002-03-20 00:00:00,2500.0,3000.0,2750.0,132
Gujarat,Dahod,Dahod,Dry Chillies,Other,FAQ,2002-04-18 00:00:00,2625.0,3400.0,3200.0,132
Gujarat,Dahod,Dahod,Dry Chillies,Other,FAQ,2002-04-24 00:00:00,2500.0,3400.0,3250.0,132
Gujarat,Dahod,Dahod,Dry Chillies,Other,FAQ,2002-05-01 00:00:00,2500.0,3400.0,3200.0,132
Gujarat,Dahod,Dahod,Dry Chillies,Other,FAQ,2002-07-23 00:00:00,2600.0,2875.0,2750.0,132
Gujarat,Dahod,Dahod,Dry Chillies,Other,FAQ,2002-07-29 00:00:00,2650.0,3625.0,3375.0,132
Gujarat,Dahod,Dahod,Dry Chillies,Other,FAQ,2002-08-06 00:00:00,2625.0,3625.0,3250.0,132
Gujarat,Dahod,Dahod,Dry Chillies,Other,FAQ,2002-09-17 00:00:00,2800.0,4150.0,3625.0,132
Gujarat,Dahod,Dahod,Dry Chillies,Other,FAQ,2002-10-08 00:00:00,3500.0,4250.0,3750.0,132
Gujarat,Dahod,Dahod,Dry Chillies,Other,FAQ,2002-10-18 00:00:00,3000.0,4250.0,4000.0,132
Gujarat,Dahod,Dahod,Dry Chillies,Other,FAQ,2002-11-29 00:00:00,3250.0,4250.0,3900.0,132
Gujarat,Dahod,Dahod,Dry Chillies,Other,FAQ,2002-12-24 00:00:00,3750.0,4400.0,4000.0,132
Gujarat,Dahod,Dahod,Dry Chillies,Other,FAQ,2002-12-27 00:00:00,3500.0,4400.0,4125.0,132
Gujarat,Rajkot,Gondal,Dry Chillies,Local,FAQ,2002-01-30 00:00:00,750.0,4355.0,3625.0,132
Gujarat,Rajkot,Rajkot,Dry Chillies,Local,FAQ,2002-05-03 00:00:00,1075.0,4050.0,3450.0,132
Gujarat,Rajkot,Rajkot,Dry Chillies,Local,FAQ,2002-05-06 00:00:00,1200.0,5125.0,4200.0,132
Gujarat,Rajkot,Rajkot,Dry Chillies,Local,FAQ,2002-05-18 00:00:00,1325.0,4300.0,3520.0,132
Gujarat,Rajkot,Rajkot,Dry Chillies,Local,FAQ,2002-05-22 00:00:00,1350.0,4400.0,3750.0,132
Gujarat,Rajkot,Rajkot,Dry Chillies,Local,FAQ,2002-05-24 00:00:00,1325.0,3875.0,3560.0,132
Gujarat,Rajkot,Rajkot,Dry Chillies,Local,FAQ,2002-05-28 00:00:00,1350.0,3925.0,3580.0,132
Gujarat,Vadodara(Baroda),Vadodara,Dry Chillies,Other,FAQ,2002-01-16 00:00:00,2500.0,3500.0,3000.0,132
Gujarat,Vadodara(Baroda),Vadodara,Dry Chillies,Other,FAQ,2002-02-18 00:00:00,2000.0,2500.0,2300.0,132
Gujarat,Vadodara(Baroda),Vadodara,Dry Chillies,Other,FAQ,2002-02-26 00:00:00,2300.0,3000.0,2300.0,132
Gujarat,Vadodara(Baroda),Vadodara,Dry Chillies,Other,FAQ,2002-04-12 00:00:00,3000.0,4000.0,3500.0,132
Gujarat,Dahod,Dahod,Dry Chillies,Dry Chillies,FAQ,2024-05-04 00:00:00,15000.0,24500.0,20000.0,132
Gujarat,Dahod,Dahod,Dry Chillies,Dry Chillies,FAQ,2024-05-13 00:00:00,16000.0,24500.0,22500.0,132
Gujarat,Dahod,Dahod,Dry Chillies,Dry Chillies,FAQ,2024-05-27 00:00:00,14500.0,24500.0,21500.0,132
Gujarat,Dahod,Dahod,Dry Chillies,Dry Chillies,FAQ,2024-05-31 00:00:00,14500.0,24500.0,21500.0,132
Gujarat,Rajkot,Rajkot,Dry Chillies,Red,FAQ,2024-05-01 00:00:00,4125.0,12000.0,9250.0,132
Gujarat,Rajkot,Rajkot,Dry Chillies,Red,FAQ,2024-05-10 00:00:00,3500.0,12500.0,8500.0,132
Gujarat,Rajkot,Rajkot,Dry Chillies,Red,FAQ,2024-05-16 00:00:00,4850.0,12500.0,8500.0,132
Gujarat,Rajkot,Rajkot,Dry Chillies,Red,FAQ,2024-05-17 00:00:00,5000.0,13250.0,9750.0,132
Gujarat,Rajkot,Rajkot,Dry Chillies,Red,FAQ,2024-05-20 00:00:00,9000.0,13250.0,10500.0,132
Gujarat,Rajkot,Rajkot,Dry Chillies,Red,FAQ,2024-05-24 00:00:00,5000.0,13000.0,10000.0,132
Gujarat,Dahod,Dahod,Dry Chillies,Dry Chillies,FAQ,2024-11-04 00:00:00,15000.0,24500.0,22000.0,132
Gujarat,Dahod,Dahod,Dry Chillies,Dry Chillies,FAQ,2024-11-19 00:00:00,15000.0,22500.0,20000.0,132
Gujarat,Rajkot,Gondal,Dry Chillies,Bold 1,FAQ,2024-11-26 00:00:00,2255.0,13005.0,9755.0,132
Gujarat,Rajkot,Gondal,Dry Chillies,Bold 1,FAQ,2024-11-27 00:00:00,2255.0,14005.0,11755.0,132
Gujarat,Rajkot,Rajkot,Dry Chillies,Red,FAQ,2024-11-11 00:00:00,5000.0,15000.0,10050.0,132
Gujarat,Rajkot,Rajkot,Dry Chillies,Red,FAQ,2024-11-12 00:00:00,10000.0,17500.0,14500.0,132
Gujarat,Rajkot,Rajkot,Dry Chillies,Red,FAQ,2024-11-18 00:00:00,10000.0,16000.0,11000.0,132
Gujarat,Dahod,Dahod,Dry Chillies,Dry Chillies,FAQ,2024-06-04 00:00:00,13000.0,24500.0,22500.0,132
Gujarat,Dahod,Dahod,Dry Chillies,Dry Chillies,FAQ,2024-06-25 00:00:00,13000.0,24500.0,22500.0,132
Gujarat,Rajkot,Gondal,Dry Chillies,Bold 1,FAQ,2024-06-05 00:00:00,3755.0,12505.0,9505.0,132
Gujarat,Rajkot,Gondal,Dry Chillies,Bold 1,FAQ,2024-06-08 00:00:00,3755.0,12005.0,9255.0,132
Gujarat,Rajkot,Gondal,Dry Chillies,Bold 1,FAQ,2024-06-11 00:00:00,4255.0,12005.0,9255.0,132
Gujarat,Rajkot,Rajkot,Dry Chillies,Red,FAQ,2024-06-05 00:00:00,5000.0,13250.0,11550.0,132
Gujarat,Rajkot,Rajkot,Dry Chillies,Red,FAQ,2024-06-12 00:00:00,5000.0,15000.0,12500.0,132
Gujarat,Rajkot,Rajkot,Dry Chillies,Red,FAQ,2024-06-18 00:00:00,4500.0,10250.0,6500.0,132
Gujarat,Dahod,Dahod,Dry Chillies,Dry Chillies,FAQ,2024-09-13 00:00:00,12500.0,24500.0,19000.0,132
Gujarat,Dahod,Dahod,Dry Chillies,Dry Chillies,FAQ,2025-01-27 00:00:00,12000.0,20000.0,17500.0,132
Gujarat,Dahod,Dahod,Dry Chillies,Dry Chillies,FAQ,2025-01-13 00:00:00,12000.0,20000.0,17500.0,132
Gujarat,Jamnagar,Jamnagar,Dry Chillies,1st Sort,FAQ,2025-01-21 00:00:00,2750.0,18025.0,11225.0,132
Gujarat,Jamnagar,Jamnagar,Dry Chillies,1st Sort,FAQ,2025-01-23 00:00:00,2750.0,18750.0,11225.0,132
Gujarat,Rajkot,Rajkot,Dry Chillies,Red,FAQ,2025-01-04 00:00:00,4650.0,12200.0,11250.0,132
Gujarat,Rajkot,Rajkot,Dry Chillies,Red,FAQ,2025-01-11 00:00:00,4500.0,12500.0,10500.0,132
Gujarat,Rajkot,Rajkot,Dry Chillies,Red,FAQ,2025-01-13 00:00:00,5000.0,12750.0,10500.0,132
Gujarat,Rajkot,Rajkot,Dry Chillies,Red,FAQ,2025-01-22 00:00:00,5750.0,12500.0,9750.0,132
Gujarat,Rajkot,Rajkot,Dry Chillies,Red,FAQ,2025-01-30 00:00:00,4500.0,11500.0,10000.0,132
Gujarat,Dahod,Dahod,Dry Chillies,Dry Chillies,FAQ,2025-02-01 00:00:00,12000.0,20000.0,18000.0,132
Gujarat,Dahod,Dahod,Dry Chillies,Dry Chillies,FAQ,2025-02-12 00:00:00,12500.0,20000.0,17500.0,132
Gujarat,Dahod,Dahod,Dry Chillies,Dry Chillies,FAQ,2025-02-13 00:00:00,12500.0,20000.0,15000.0,132
Gujarat,Dahod,Dahod,Dry Chillies,Dry Chillies,FAQ,2025-02-20 00:00:00,12500.0,20000.0,17500.0,132
Gujarat,Jamnagar,Jamnagar,Dry Chillies,1st Sort,FAQ,2025-02-03 00:00:00,1500.0,12625.0,8050.0,132
Gujarat,Jamnagar,Jamnagar,Dry Chillies,1st Sort,FAQ,2025-02-15 00:00:00,3000.0,12625.0,8550.0,132
Gujarat,Rajkot,Rajkot,Dry Chillies,Red,FAQ,2025-02-05 00:00:00,4000.0,11000.0,9250.0,132
Gujarat,Rajkot,Rajkot,Dry Chillies,Red,FAQ,2025-02-14 00:00:00,4500.0,11125.0,8750.0,132
Gujarat,Rajkot,Rajkot,Dry Chillies,Red,FAQ,2025-02-22 00:00:00,4250.0,11075.0,8625.0,132
Gujarat,Dahod,Dahod,Dry Chillies,Dry Chillies,FAQ,2022-01-01 00:00:00,10500.0,20000.0,17000.0,132
Gujarat,Dahod,Dahod,Dry Chillies,Dry Chillies,FAQ,2022-01-03 00:00:00,10500.0,20000.0,17000.0,132
Gujarat,Dahod,Dahod,Dry Chillies,Dry Chillies,FAQ,2022-01-11 00:00:00,11000.0,20000.0,17500.0,132
Gujarat,Dahod,Dahod,Dry Chillies,Dry Chillies,FAQ,2022-03-08 00:00:00,11000.0,20000.0,16250.0,132
Gujarat,Dahod,Dahod,Dry Chillies,Dry Chillies,FAQ,2022-03-10 00:00:00,11000.0,20000.0,16250.0,132
Gujarat,Dahod,Dahod,Dry Chillies,Dry Chillies,FAQ,2022-03-15 00:00:00,11000.0,20000.0,17500.0,132
Gujarat,Dahod,Dahod,Dry Chillies,Dry Chillies,FAQ,2022-04-11 00:00:00,12000.0,21000.0,17500.0,132
Gujarat,Dahod,Dahod,Dry Chillies,Dry Chillies,FAQ,2022-05-30 00:00:00,11000.0,22500.0,19000.0,132
Gujarat,Dahod,Dahod,Dry Chillies,Dry Chillies,FAQ,2022-10-10 00:00:00,13000.0,27500.0,25000.0,132
Gujarat,Dahod,Dahod,Dry Chillies,Dry Chillies,FAQ,2022-12-12 00:00:00,15000.0,26000.0,20500.0,132
Gujarat,Dahod,Dahod,Dry Chillies,Dry Chillies,FAQ,2022-12-16 00:00:00,15000.0,26000.0,20500.0,132
Gujarat,Dahod,Dahod,Dry Chillies,Dry Chillies,FAQ,2022-12-31 00:00:00,15000.0,26000.0,25000.0,132
Gujarat,Jamnagar,Jamnagar,Dry Chillies,1st Sort,FAQ,2022-01-29 00:00:00,5000.0,18275.0,11638.0,132
Gujarat,Jamnagar,Jamnagar,Dry Chillies,1st Sort,FAQ,2022-02-12 00:00:00,5000.0,17500.0,11000.0,132
Gujarat,Rajkot,Gondal,Dry Chillies,Bold 1,FAQ,2022-06-15 00:00:00,4255.0,10105.0,5255.0,132
Gujarat,Rajkot,Rajkot,Dry Chillies,Red,FAQ,2022-01-01 00:00:00,7400.0,15000.0,13500.0,132
Gujarat,Rajkot,Rajkot,Dry Chillies,Red,FAQ,2022-01-11 00:00:00,4500.0,15750.0,12750.0,132
Gujarat,Rajkot,Rajkot,Dry Chillies,Red,FAQ,2022-01-24 00:00:00,4500.0,15500.0,13000.0,132
Gujarat,Rajkot,Rajkot,Dry Chillies,Red,FAQ,2022-01-28 00:00:00,4700.0,15250.0,12750.0,132
Gujarat,Rajkot,Rajkot,Dry Chillies,Red,FAQ,2022-02-03 00:00:00,6000.0,17400.0,13375.0,132
Gujarat,Rajkot,Rajkot,Dry Chillies,Red,FAQ,2022-02-15 00:00:00,6000.0,15000.0,13250.0,132
Gujarat,Rajkot,Rajkot,Dry Chillies,Red,FAQ,2022-02-16 00:00:00,5750.0,15250.0,13125.0,132
Gujarat,Rajkot,Rajkot,Dry Chillies,Red,FAQ,2022-02-17 00:00:00,5500.0,15000.0,13000.0,132
Gujarat,Rajkot,Rajkot,Dry Chillies,Red,FAQ,2022-02-18 00:00:00,5500.0,15500.0,13000.0,132
Gujarat,Rajkot,Rajkot,Dry Chillies,Red,FAQ,2022-02-21 00:00:00,6000.0,15250.0,12750.0,132
Gujarat,Rajkot,Rajkot,Dry Chillies,Red,FAQ,2022-02-28 00:00:00,5000.0,13750.0,12000.0,132
Gujarat,Rajkot,Rajkot,Dry Chillies,Red,FAQ,2022-03-10 00:00:00,5000.0,14500.0,13000.0,132
Gujarat,Rajkot,Rajkot,Dry Chillies,Red,FAQ,2022-03-11 00:00:00,5500.0,14250.0,12500.0,132
Gujarat,Rajkot,Rajkot,Dry Chillies,Red,FAQ,2022-03-14 00:00:00,6000.0,15000.0,12500.0,132
Gujarat,Rajkot,Rajkot,Dry Chillies,Red,FAQ,2022-04-04 00:00:00,6000.0,16000.0,13250.0,132
Gujarat,Rajkot,Rajkot,Dry Chillies,Red,FAQ,2022-04-07 00:00:00,5000.0,15250.0,12500.0,132
Gujarat,Rajkot,Rajkot,Dry Chillies,Red,FAQ,2022-04-18 00:00:00,5500.0,15250.0,12750.0,132
Gujarat,Rajkot,Rajkot,Dry Chillies,Red,FAQ,2022-05-03 00:00:00,4500.0,10500.0,10000.0,132
Gujarat,Rajkot,Rajkot,Dry Chillies,Red,FAQ,2022-05-04 00:00:00,4500.0,14500.0,11250.0,132
Gujarat,Rajkot,Rajkot,Dry Chillies,Red,FAQ,2022-05-05 00:00:00,5000.0,13500.0,11250.0,132
Gujarat,Rajkot,Rajkot,Dry Chillies,Red,FAQ,2022-05-07 00:00:00,5000.0,14000.0,12000.0,132
Gujarat,Rajkot,Rajkot,Dry Chillies,Red,FAQ,2022-05-13 00:00:00,5000.0,16500.0,12500.0,132
Gujarat,Rajkot,Rajkot,Dry Chillies,Red,FAQ,2022-05-16 00:00:00,4500.0,14500.0,12000.0,132
Gujarat,Rajkot,Rajkot,Dry Chillies,Red,FAQ,2022-05-18 00:00:00,4500.0,14000.0,11000.0,132
Gujarat,Rajkot,Rajkot,Dry Chillies,Red,FAQ,2022-05-19 00:00:00,5000.0,14500.0,10000.0,132
Gujarat,Rajkot,Rajkot,Dry Chillies,Red,FAQ,2022-05-21 00:00:00,5950.0,14900.0,7950.0,132
Gujarat,Rajkot,Rajkot,Dry Chillies,Red,FAQ,2022-05-23 00:00:00,9000.0,12500.0,10500.0,132
Gujarat,Rajkot,Rajkot,Dry Chillies,Red,FAQ,2022-06-01 00:00:00,8500.0,16000.0,14000.0,132
Gujarat,Rajkot,Rajkot,Dry Chillies,Red,FAQ,2022-11-11 00:00:00,12500.0,32500.0,20000.0,132
Gujarat,Rajkot,Rajkot,Dry Chillies,Red,FAQ,2022-12-02 00:00:00,12500.0,26000.0,22500.0,132
Gujarat,Rajkot,Rajkot,Dry Chillies,Red,FAQ,2022-12-07 00:00:00,9000.0,21000.0,17500.0,132
Gujarat,Rajkot,Rajkot,Dry Chillies,Red,FAQ,2022-12-09 00:00:00,12500.0,22500.0,19750.0,132
Gujarat,Rajkot,Rajkot,Dry Chillies,Red,FAQ,2022-12-13 00:00:00,19000.0,22500.0,20250.0,132
Gujarat,Rajkot,Rajkot,Dry Chillies,Red,FAQ,2022-12-28 00:00:00,16000.0,21775.0,17750.0,132
Gujarat,Dahod,Dahod,Dry Chillies,Dry Chillies,FAQ,2023-01-02 00:00:00,15000.0,26000.0,20000.0,132
Gujarat,Dahod,Dahod,Dry Chillies,Dry Chillies,FAQ,2023-01-17 00:00:00,15000.0,26000.0,22500.0,132
Gujarat,Dahod,Dahod,Dry Chillies,Dry Chillies,FAQ,2023-02-04 00:00:00,14000.0,23000.0,20000.0,132
Gujarat,Dahod,Dahod,Dry Chillies,Dry Chillies,FAQ,2023-02-10 00:00:00,14000.0,23000.0,20000.0,132
Gujarat,Dahod,Dahod,Dry Chillies,Dry Chillies,FAQ,2023-02-14 00:00:00,14000.0,23000.0,17500.0,132
Gujarat,Dahod,Dahod,Dry Chillies,Dry Chillies,FAQ,2023-02-21 00:00:00,14000.0,23000.0,20000.0,132
Gujarat,Dahod,Dahod,Dry Chillies,Dry Chillies,FAQ,2023-03-04 00:00:00,14000.0,24000.0,20000.0,132
Gujarat,Dahod,Dahod,Dry Chillies,Dry Chillies,FAQ,2023-03-13 00:00:00,14000.0,24000.0,22500.0,132
Gujarat,Dahod,Dahod,Dry Chillies,Dry Chillies,FAQ,2023-03-16 00:00:00,14000.0,24000.0,20000.0,132
Gujarat,Dahod,Dahod,Dry Chillies,Dry Chillies,FAQ,2023-05-01 00:00:00,15000.0,27500.0,25750.0,132
Gujarat,Dahod,Dahod,Dry Chillies,Dry Chillies,FAQ,2023-05-03 00:00:00,15000.0,27500.0,22500.0,132
Gujarat,Dahod,Dahod,Dry Chillies,Dry Chillies,FAQ,2023-06-05 00:00:00,15000.0,27000.0,22500.0,132
Gujarat,Dahod,Dahod,Dry Chillies,Dry Chillies,FAQ,2023-06-19 00:00:00,15000.0,27000.0,22500.0,132
Gujarat,Dahod,Dahod,Dry Chillies,Dry Chillies,FAQ,2023-07-18 00:00:00,15000.0,28000.0,26000.0,132
Gujarat,Dahod,Dahod,Dry Chillies,Dry Chillies,FAQ,2023-07-26 00:00:00,15000.0,28000.0,26000.0,132
Gujarat,Dahod,Dahod,Dry Chillies,Dry Chillies,FAQ,2023-07-27 00:00:00,15000.0,28000.0,26500.0,132
Gujarat,Dahod,Dahod,Dry Chillies,Dry Chillies,FAQ,2023-08-17 00:00:00,15000.0,28000.0,20000.0,132
Gujarat,Dahod,Dahod,Dry Chillies,Dry Chillies,FAQ,2023-08-21 00:00:00,15000.0,28000.0,20000.0,132
Gujarat,Dahod,Dahod,Dry Chillies,Dry Chillies,FAQ,2023-08-31 00:00:00,15000.0,28000.0,26000.0,132
Gujarat,Dahod,Dahod,Dry Chillies,Dry Chillies,FAQ,2023-10-05 00:00:00,15000.0,28000.0,25000.0,132
Gujarat,Dahod,Dahod,Dry Chillies,Dry Chillies,FAQ,2023-10-23 00:00:00,15000.0,28000.0,27000.0,132
Gujarat,Dahod,Dahod,Dry Chillies,Dry Chillies,FAQ,2023-12-05 00:00:00,20000.0,27000.0,26000.0,132
Gujarat,Dahod,Dahod,Dry Chillies,Dry Chillies,FAQ,2023-12-11 00:00:00,20000.0,27000.0,26350.0,132
Gujarat,Jamnagar,Jamnagar,Dry Chillies,1st Sort,FAQ,2023-10-30 00:00:00,5000.0,19500.0,14350.0,132
Gujarat,Jamnagar,Jamnagar,Dry Chillies,1st Sort,FAQ,2023-11-01 00:00:00,6500.0,20150.0,14250.0,132
Gujarat,Jamnagar,Jamnagar,Dry Chillies,1st Sort,FAQ,2023-11-04 00:00:00,9500.0,21025.0,17225.0,132
Gujarat,Jamnagar,Jamnagar,Dry Chillies,1st Sort,FAQ,2023-11-30 00:00:00,12000.0,20500.0,17350.0,132
Gujarat,Jamnagar,Jamnagar,Dry Chillies,1st Sort,FAQ,2023-12-15 00:00:00,7550.0,19000.0,14250.0,132
Gujarat,Jamnagar,Jamnagar,Dry Chillies,1st Sort,FAQ,2023-12-19 00:00:00,7500.0,22000.0,15250.0,132
Gujarat,Jamnagar,Jamnagar,Dry Chillies,1st Sort,FAQ,2023-12-30 00:00:00,7500.0,18500.0,14250.0,132
Gujarat,Rajkot,Gondal,Dry Chillies,Bold 1,FAQ,2023-04-20 00:00:00,9005.0,25005.0,19505.0,132
Gujarat,Rajkot,Gondal,Dry Chillies,Bold 1,FAQ,2023-04-25 00:00:00,9005.0,22005.0,18505.0,132
Gujarat,Rajkot,Gondal,Dry Chillies,Bold 1,FAQ,2023-05-13 00:00:00,9505.0,21505.0,17505.0,132
Gujarat,Rajkot,Gondal,Dry Chillies,Bold 1,FAQ,2023-05-16 00:00:00,9505.0,20505.0,16505.0,132
Gujarat,Rajkot,Gondal,Dry Chillies,Bold 1,FAQ,2023-05-20 00:00:00,8005.0,19505.0,14505.0,132
Gujarat,Rajkot,Gondal,Dry Chillies,Bold 1,FAQ,2023-05-25 00:00:00,9505.0,23505.0,19505.0,132
Gujarat,Rajkot,Gondal,Dry Chillies,Bold 1,FAQ,2023-06-03 00:00:00,7505.0,19505.0,15505.0,132
Gujarat,Rajkot,Gondal,Dry Chillies,Bold 1,FAQ,2023-06-07 00:00:00,7005.0,19005.0,15505.0,132
Gujarat,Rajkot,Gondal,Dry Chillies,Bold 1,FAQ,2023-11-01 00:00:00,5005.0,22005.0,17505.0,132
Gujarat,Rajkot,Gondal,Dry Chillies,Bold 1,FAQ,2023-11-18 00:00:00,7505.0,24505.0,18505.0,132
Gujarat,Rajkot,Gondal,Dry Chillies,Bold 1,FAQ,2023-11-22 00:00:00,5505.0,23005.0,17505.0,132
Gujarat,Rajkot,Gondal,Dry Chillies,Bold 1,FAQ,2023-12-01 00:00:00,7005.0,23505.0,18005.0,132
Gujarat,Rajkot,Gondal,Dry Chillies,Bold 1,FAQ,2023-12-16 00:00:00,6505.0,24505.0,17505.0,132
Gujarat,Rajkot,Gondal,Dry Chillies,Bold 1,FAQ,2023-12-19 00:00:00,6005.0,22005.0,16505.0,132
Gujarat,Rajkot,Gondal,Dry Chillies,Bold 1,FAQ,2023-12-21 00:00:00,6505.0,22005.0,17005.0,132
Gujarat,Rajkot,Gondal,Dry Chillies,Bold 1,FAQ,2023-12-28 00:00:00,6005.0,23005.0,18005.0,132
Gujarat,Rajkot,Rajkot,Dry Chillies,Red,FAQ,2023-01-02 00:00:00,16000.0,22500.0,19625.0,132
Gujarat,Rajkot,Rajkot,Dry Chillies,Red,FAQ,2023-01-06 00:00:00,14000.0,22500.0,19500.0,132
Gujarat,Rajkot,Rajkot,Dry Chillies,Red,FAQ,2023-01-31 00:00:00,8500.0,17000.0,15750.0,132
Gujarat,Rajkot,Rajkot,Dry Chillies,Red,FAQ,2023-02-01 00:00:00,10000.0,17000.0,15500.0,132
Gujarat,Rajkot,Rajkot,Dry Chillies,Red,FAQ,2023-02-07 00:00:00,12500.0,21500.0,16500.0,132
Gujarat,Rajkot,Rajkot,Dry Chillies,Red,FAQ,2023-02-11 00:00:00,10500.0,20200.0,16400.0,132
Gujarat,Rajkot,Rajkot,Dry Chillies,Red,FAQ,2023-02-22 00:00:00,15500.0,20250.0,17750.0,132
Gujarat,Rajkot,Rajkot,Dry Chillies,Red,FAQ,2023-04-03 00:00:00,12500.0,30000.0,15000.0,132
Gujarat,Rajkot,Rajkot,Dry Chillies,Red,FAQ,2023-04-04 00:00:00,11500.0,29000.0,22500.0,132
Gujarat,Rajkot,Rajkot,Dry Chillies,Red,FAQ,2023-04-07 00:00:00,12000.0,30000.0,23500.0,132
Gujarat,Rajkot,Rajkot,Dry Chillies,Red,FAQ,2023-04-17 00:00:00,11000.0,23000.0,20750.0,132
Gujarat,Rajkot,Rajkot,Dry Chillies,Red,FAQ,2023-04-22 00:00:00,7500.0,22000.0,18000.0,132
Gujarat,Rajkot,Rajkot,Dry Chillies,Red,FAQ,2023-04-24 00:00:00,7500.0,21250.0,18000.0,132
Gujarat,Rajkot,Rajkot,Dry Chillies,Red,FAQ,2023-04-25 00:00:00,7000.0,21350.0,17000.0,132
Gujarat,Rajkot,Rajkot,Dry Chillies,Red,FAQ,2023-05-08 00:00:00,6500.0,21000.0,16500.0,132
Gujarat,Rajkot,Rajkot,Dry Chillies,Red,FAQ,2023-05-16 00:00:00,12500.0,21500.0,16500.0,132
Gujarat,Rajkot,Rajkot,Dry Chillies,Red,FAQ,2023-05-26 00:00:00,9000.0,20000.0,18500.0,132
Gujarat,Rajkot,Rajkot,Dry Chillies,Red,FAQ,2023-06-03 00:00:00,8500.0,17500.0,13500.0,132
Gujarat,Rajkot,Rajkot,Dry Chillies,Red,FAQ,2023-06-06 00:00:00,8500.0,18000.0,13500.0,132
Gujarat,Rajkot,Rajkot,Dry Chillies,Red,FAQ,2023-06-10 00:00:00,10000.0,23500.0,22500.0,132
Gujarat,Rajkot,Rajkot,Dry Chillies,Red,FAQ,2023-06-22 00:00:00,7500.0,21000.0,18500.0,132
Gujarat,Rajkot,Rajkot,Dry Chillies,Red,FAQ,2023-06-24 00:00:00,7500.0,22000.0,18500.0,132
Gujarat,Rajkot,Rajkot,Dry Chillies,Red,FAQ,2023-10-23 00:00:00,7500.0,19000.0,15000.0,132
Gujarat,Rajkot,Rajkot,Dry Chillies,Red,FAQ,2023-10-26 00:00:00,7500.0,22000.0,17500.0,132
Gujarat,Rajkot,Rajkot,Dry Chillies,Red,FAQ,2023-10-27 00:00:00,8000.0,23500.0,18500.0,132
Gujarat,Rajkot,Rajkot,Dry Chillies,Red,FAQ,2023-11-23 00:00:00,8500.0,19000.0,16250.0,132
Gujarat,Rajkot,Rajkot,Dry Chillies,Red,FAQ,2023-12-04 00:00:00,8250.0,20000.0,16500.0,132
Gujarat,Rajkot,Rajkot,Dry Chillies,Red,FAQ,2023-12-06 00:00:00,9000.0,20000.0,17000.0,132
Gujarat,Rajkot,Rajkot,Dry Chillies,Red,FAQ,2023-12-21 00:00:00,8000.0,19000.0,15000.0,132
Gujarat,Rajkot,Rajkot,Dry Chillies,Red,FAQ,2023-12-26 00:00:00,8000.0,18500.0,15500.0,132
Gujarat,Dahod,Dahod,Dry Chillies,Dry Chillies,FAQ,2020-01-02 00:00:00,17500.0,21500.0,20000.0,132
Gujarat,Dahod,Dahod,Dry Chillies,Dry Chillies,FAQ,2020-01-07 00:00:00,17500.0,22500.0,21000.0,132
Gujarat,Dahod,Dahod,Dry Chillies,Dry Chillies,FAQ,2020-01-09 00:00:00,17500.0,22500.0,20500.0,132
Gujarat,Dahod,Dahod,Dry Chillies,Dry Chillies,FAQ,2020-01-16 00:00:00,11500.0,22500.0,20500.0,132
Gujarat,Dahod,Dahod,Dry Chillies,Dry Chillies,FAQ,2020-01-17 00:00:00,11500.0,22500.0,20000.0,132
Gujarat,Dahod,Dahod,Dry Chillies,Dry Chillies,FAQ,2020-01-20 00:00:00,11500.0,22500.0,21000.0,132
Gujarat,Dahod,Dahod,Dry Chillies,Dry Chillies,FAQ,2020-01-21 00:00:00,11500.0,22500.0,20000.0,132
Gujarat,Dahod,Dahod,Dry Chillies,Dry Chillies,FAQ,2020-02-04 00:00:00,12000.0,24000.0,21500.0,132
Gujarat,Dahod,Dahod,Dry Chillies,Dry Chillies,FAQ,2020-02-05 00:00:00,12000.0,24000.0,20000.0,132
Gujarat,Dahod,Dahod,Dry Chillies,Dry Chillies,FAQ,2020-02-14 00:00:00,12000.0,23750.0,22500.0,132
Gujarat,Dahod,Dahod,Dry Chillies,Dry Chillies,FAQ,2020-02-22 00:00:00,12000.0,23750.0,20000.0,132
Gujarat,Dahod,Dahod,Dry Chillies,Dry Chillies,FAQ,2020-02-27 00:00:00,12000.0,23500.0,20000.0,132
Gujarat,Dahod,Dahod,Dry Chillies,Dry Chillies,FAQ,2020-03-02 00:00:00,12000.0,23500.0,20000.0,132
Gujarat,Dahod,Dahod,Dry Chillies,Dry Chillies,FAQ,2020-03-07 00:00:00,8000.0,19000.0,17000.0,132
Gujarat,Dahod,Dahod,Dry Chillies,Dry Chillies,FAQ,2020-05-02 00:00:00,13500.0,18500.0,16500.0,132
Gujarat,Dahod,Dahod,Dry Chillies,Dry Chillies,FAQ,2020-05-07 00:00:00,14000.0,19000.0,18000.0,132
Gujarat,Dahod,Dahod,Dry Chillies,Dry Chillies,FAQ,2020-05-11 00:00:00,15000.0,19250.0,17500.0,132
Gujarat,Dahod,Dahod,Dry Chillies,Dry Chillies,FAQ,2020-05-19 00:00:00,15000.0,19250.0,18000.0,132
Gujarat,Dahod,Dahod,Dry Chillies,Dry Chillies,FAQ,2020-05-27 00:00:00,15000.0,19000.0,17000.0,132
Gujarat,Dahod,Dahod,Dry Chillies,Dry Chillies,FAQ,2020-06-11 00:00:00,11750.0,19750.0,17250.0,132
Gujarat,Dahod,Dahod,Dry Chillies,Dry Chillies,FAQ,2020-10-03 00:00:00,15000.0,19500.0,18000.0,132
Gujarat,Dahod,Dahod,Dry Chillies,Dry Chillies,FAQ,2020-10-16 00:00:00,15000.0,19500.0,18000.0,132
Gujarat,Dahod,Dahod,Dry Chillies,Dry Chillies,FAQ,2020-10-21 00:00:00,15000.0,19500.0,18000.0,132
Gujarat,Dahod,Dahod,Dry Chillies,Dry Chillies,FAQ,2020-11-02 00:00:00,15000.0,19500.0,18000.0,132
Gujarat,Dahod,Dahod,Dry Chillies,Dry Chillies,FAQ,2020-11-06 00:00:00,15000.0,19500.0,18000.0,132
Gujarat,Dahod,Dahod,Dry Chillies,Dry Chillies,FAQ,2020-11-10 00:00:00,17000.0,21000.0,19000.0,132
Gujarat,Dahod,Dahod,Dry Chillies,Dry Chillies,FAQ,2020-11-11 00:00:00,15000.0,21000.0,19250.0,132
Gujarat,Dahod,Dahod,Dry Chillies,Dry Chillies,FAQ,2020-11-19 00:00:00,15000.0,22000.0,19500.0,132
Gujarat,Dahod,Dahod,Dry Chillies,Dry Chillies,FAQ,2020-12-12 00:00:00,15000.0,22500.0,20000.0,132
Gujarat,Dahod,Dahod,Dry Chillies,Dry Chillies,FAQ,2020-12-16 00:00:00,15000.0,22500.0,20000.0,132
Gujarat,Dahod,Dahod,Dry Chillies,Dry Chillies,FAQ,2020-12-24 00:00:00,15000.0,22500.0,20000.0,132
Gujarat,Dahod,Dahod,Dry Chillies,Dry Chillies,FAQ,2020-12-29 00:00:00,15000.0,22500.0,20000.0,132
Gujarat,Jamnagar,Jamnagar,Dry Chillies,1st Sort,FAQ,2020-01-06 00:00:00,4000.0,16550.0,10275.0,132
Gujarat,Jamnagar,Jamnagar,Dry Chillies,1st Sort,FAQ,2020-05-26 00:00:00,10000.0,10750.0,10375.0,132
Gujarat,Jamnagar,Jamnagar,Dry Chillies,1st Sort,FAQ,2020-06-20 00:00:00,6000.0,8000.0,7000.0,132
Gujarat,Rajkot,Gondal,Dry Chillies,Bold 1,FAQ,2020-01-01 00:00:00,3755.0,16255.0,12755.0,132
Gujarat,Rajkot,Gondal,Dry Chillies,Bold 1,FAQ,2020-01-07 00:00:00,4505.0,17130.0,14255.0,132
Gujarat,Rajkot,Gondal,Dry Chillies,Bold 1,FAQ,2020-01-16 00:00:00,3630.0,15255.0,12755.0,132
Gujarat,Rajkot,Gondal,Dry Chillies,Bold 1,FAQ,2020-01-20 00:00:00,3630.0,13505.0,10255.0,132
Gujarat,Rajkot,Gondal,Dry Chillies,Bold 1,FAQ,2020-01-30 00:00:00,2755.0,13005.0,10755.0,132
Gujarat,Rajkot,Gondal,Dry Chillies,Bold 1,FAQ,2020-01-31 00:00:00,3250.0,12755.0,10505.0,132
Gujarat,Rajkot,Gondal,Dry Chillies,Bold 1,FAQ,2020-02-14 00:00:00,2555.0,12630.0,10755.0,132
Gujarat,Rajkot,Gondal,Dry Chillies,Bold 1,FAQ,2020-02-15 00:00:00,4380.0,12505.0,10500.0,132
Gujarat,Rajkot,Gondal,Dry Chillies,Bold 1,FAQ,2020-02-26 00:00:00,2630.0,12505.0,10505.0,132
Gujarat,Rajkot,Gondal,Dry Chillies,Bold 1,FAQ,2020-03-03 00:00:00,2630.0,13130.0,10880.0,132
Gujarat,Rajkot,Gondal,Dry Chillies,Bold 1,FAQ,2020-04-23 00:00:00,2755.0,11005.0,9255.0,132
Gujarat,Rajkot,Gondal,Dry Chillies,Bold 1,FAQ,2020-05-08 00:00:00,2755.0,13505.0,10505.0,132
Gujarat,Rajkot,Gondal,Dry Chillies,Bold 1,FAQ,2020-05-20 00:00:00,5505.0,18255.0,13255.0,132
Gujarat,Rajkot,Rajkot,Dry Chillies,Red,FAQ,2020-01-10 00:00:00,2500.0,16000.0,9000.0,132
Gujarat,Rajkot,Rajkot,Dry Chillies,Red,FAQ,2020-01-15 00:00:00,4000.0,15000.0,10000.0,132
Gujarat,Rajkot,Rajkot,Dry Chillies,Red,FAQ,2020-01-21 00:00:00,4000.0,13225.0,9250.0,132
Gujarat,Rajkot,Rajkot,Dry Chillies,Red,FAQ,2020-01-25 00:00:00,5000.0,14000.0,10000.0,132
Gujarat,Rajkot,Rajkot,Dry Chillies,Red,FAQ,2020-02-03 00:00:00,4250.0,11500.0,9000.0,132
Gujarat,Rajkot,Rajkot,Dry Chillies,Red,FAQ,2020-02-04 00:00:00,4000.0,10500.0,9000.0,132
Gujarat,Rajkot,Rajkot,Dry Chillies,Red,FAQ,2020-02-08 00:00:00,5000.0,12000.0,7500.0,132
Gujarat,Rajkot,Rajkot,Dry Chillies,Red,FAQ,2020-03-04 00:00:00,5000.0,17000.0,9250.0,132
Gujarat,Rajkot,Rajkot,Dry Chillies,Red,FAQ,2020-03-06 00:00:00,5000.0,17500.0,8500.0,132
Gujarat,Rajkot,Rajkot,Dry Chillies,Red,FAQ,2020-03-09 00:00:00,9000.0,17525.0,12000.0,132
Gujarat,Rajkot,Rajkot,Dry Chillies,Red,FAQ,2020-05-08 00:00:00,9000.0,12500.0,11000.0,132
Gujarat,Rajkot,Rajkot,Dry Chillies,Red,FAQ,2020-05-16 00:00:00,5250.0,10000.0,8500.0,132
Gujarat,Rajkot,Rajkot,Dry Chillies,Red,FAQ,2020-05-29 00:00:00,14000.0,21000.0,17500.0,132
Gujarat,Rajkot,Rajkot,Dry Chillies,Red,FAQ,2020-12-10 00:00:00,7500.0,17500.0,11000.0,132
Gujarat,Rajkot,Rajkot,Dry Chillies,Red,FAQ,2020-12-21 00:00:00,7500.0,18255.0,13000.0,132
Gujarat,Rajkot,Rajkot,Dry Chillies,Red,FAQ,2020-12-22 00:00:00,10000.0,18300.0,14000.0,132
Gujarat,Dahod,Dahod,Dry Chillies,Dry Chillies,FAQ,2021-01-05 00:00:00,15000.0,22500.0,20000.0,132
Gujarat,Dahod,Dahod,Dry Chillies,Dry Chillies,FAQ,2021-01-25 00:00:00,15000.0,22500.0,20000.0,132
Gujarat,Dahod,Dahod,Dry Chillies,Dry Chillies,FAQ,2021-01-27 00:00:00,15000.0,22500.0,20000.0,132
Gujarat,Dahod,Dahod,Dry Chillies,Dry Chillies,FAQ,2021-02-09 00:00:00,15000.0,20000.0,19000.0,132
Gujarat,Dahod,Dahod,Dry Chillies,Dry Chillies,FAQ,2021-03-23 00:00:00,15000.0,19000.0,18750.0,132
Gujarat,Dahod,Dahod,Dry Chillies,Dry Chillies,FAQ,2021-03-30 00:00:00,15000.0,19000.0,18325.0,132
Gujarat,Dahod,Dahod,Dry Chillies,Dry Chillies,FAQ,2021-04-22 00:00:00,15000.0,19000.0,17000.0,132
Gujarat,Dahod,Dahod,Dry Chillies,Dry Chillies,FAQ,2021-05-29 00:00:00,13000.0,18500.0,17500.0,132
Gujarat,Dahod,Dahod,Dry Chillies,Dry Chillies,FAQ,2021-06-03 00:00:00,13000.0,18500.0,16500.0,132
Gujarat,Dahod,Dahod,Dry Chillies,Dry Chillies,FAQ,2021-06-19 00:00:00,13000.0,19000.0,16000.0,132
Gujarat,Dahod,Dahod,Dry Chillies,Dry Chillies,FAQ,2021-06-25 00:00:00,13000.0,18500.0,17000.0,132
Gujarat,Dahod,Dahod,Dry Chillies,Dry Chillies,FAQ,2021-06-29 00:00:00,14000.0,19000.0,17000.0,132
Gujarat,Dahod,Dahod,Dry Chillies,Dry Chillies,FAQ,2021-07-30 00:00:00,14000.0,18500.0,17500.0,132
Gujarat,Dahod,Dahod,Dry Chillies,Dry Chillies,FAQ,2021-09-09 00:00:00,14250.0,18500.0,17750.0,132
Gujarat,Dahod,Dahod,Dry Chillies,Dry Chillies,FAQ,2021-09-16 00:00:00,12000.0,18500.0,17250.0,132
Gujarat,Dahod,Dahod,Dry Chillies,Dry Chillies,FAQ,2021-09-22 00:00:00,12000.0,18500.0,17375.0,132
Gujarat,Dahod,Dahod,Dry Chillies,Dry Chillies,FAQ,2021-09-28 00:00:00,12000.0,18500.0,17325.0,132
Gujarat,Dahod,Dahod,Dry Chillies,Dry Chillies,FAQ,2021-10-20 00:00:00,12000.0,18500.0,16500.0,132
Gujarat,Dahod,Dahod,Dry Chillies,Dry Chillies,FAQ,2021-10-25 00:00:00,12000.0,18000.0,16500.0,132
Gujarat,Dahod,Dahod,Dry Chillies,Dry Chillies,FAQ,2021-11-01 00:00:00,12000.0,18000.0,16000.0,132
Gujarat,Dahod,Dahod,Dry Chillies,Dry Chillies,FAQ,2021-11-11 00:00:00,12000.0,18000.0,15000.0,132
Gujarat,Dahod,Dahod,Dry Chillies,Dry Chillies,FAQ,2021-11-13 00:00:00,12000.0,18000.0,17000.0,132
Gujarat,Dahod,Dahod,Dry Chillies,Dry Chillies,FAQ,2021-11-20 00:00:00,12000.0,18000.0,16500.0,132
Gujarat,Dahod,Dahod,Dry Chillies,Dry Chillies,FAQ,2021-12-11 00:00:00,10000.0,17500.0,16000.0,132
Gujarat,Dahod,Dahod,Dry Chillies,Dry Chillies,FAQ,2021-12-17 00:00:00,10500.0,17500.0,16000.0,132
Gujarat,Dahod,Dahod,Dry Chillies,Dry Chillies,FAQ,2021-12-22 00:00:00,10500.0,19000.0,17000.0,132
Gujarat,Jamnagar,Jamnagar,Dry Chillies,1st Sort,FAQ,2021-01-09 00:00:00,6500.0,16225.0,11363.0,132
Gujarat,Jamnagar,Jamnagar,Dry Chillies,1st Sort,FAQ,2021-02-15 00:00:00,7000.0,13000.0,10000.0,132
Gujarat,Jamnagar,Jamnagar,Dry Chillies,1st Sort,FAQ,2021-03-12 00:00:00,7500.0,14500.0,11000.0,132
Gujarat,Jamnagar,Jamnagar,Dry Chillies,1st Sort,FAQ,2021-03-20 00:00:00,8250.0,15525.0,11888.0,132
Gujarat,Jamnagar,Jamnagar,Dry Chillies,1st Sort,FAQ,2021-11-11 00:00:00,5625.0,11375.0,8500.0,132
Gujarat,Rajkot,Gondal,Dry Chillies,Bold 1,FAQ,2021-01-06 00:00:00,4005.0,17755.0,13755.0,132
Gujarat,Rajkot,Gondal,Dry Chillies,Bold 1,FAQ,2021-01-09 00:00:00,4005.0,18005.0,13755.0,132
Gujarat,Rajkot,Gondal,Dry Chillies,Bold 1,FAQ,2021-01-16 00:00:00,3755.0,16505.0,13255.0,132
Gujarat,Rajkot,Gondal,Dry Chillies,Bold 1,FAQ,2021-01-20 00:00:00,4255.0,16505.0,13505.0,132
Gujarat,Rajkot,Gondal,Dry Chillies,Bold 1,FAQ,2021-01-29 00:00:00,4755.0,16505.0,13505.0,132
Gujarat,Rajkot,Gondal,Dry Chillies,Bold 1,FAQ,2021-02-01 00:00:00,4755.0,16005.0,13005.0,132
Gujarat,Rajkot,Gondal,Dry Chillies,Bold 1,FAQ,2021-02-12 00:00:00,3755.0,14505.0,12255.0,132
Gujarat,Rajkot,Rajkot,Dry Chillies,Red,FAQ,2021-01-11 00:00:00,7250.0,16050.0,12500.0,132
Gujarat,Rajkot,Rajkot,Dry Chillies,Red,FAQ,2021-01-15 00:00:00,7000.0,15500.0,13000.0,132
Gujarat,Rajkot,Rajkot,Dry Chillies,Red,FAQ,2021-01-18 00:00:00,14000.0,16000.0,15000.0,132
Gujarat,Rajkot,Rajkot,Dry Chillies,Red,FAQ,2021-01-20 00:00:00,9000.0,16750.0,11500.0,132
Gujarat,Rajkot,Rajkot,Dry Chillies,Red,FAQ,2021-01-28 00:00:00,7500.0,16250.0,12000.0,132
Gujarat,Rajkot,Rajkot,Dry Chillies,Red,FAQ,2021-02-01 00:00:00,8500.0,16000.0,13250.0,132
Gujarat,Rajkot,Rajkot,Dry Chillies,Red,FAQ,2021-02-06 00:00:00,9600.0,16250.0,13700.0,132
Gujarat,Rajkot,Rajkot,Dry Chillies,Red,FAQ,2021-02-15 00:00:00,8500.0,15000.0,12750.0,132
Gujarat,Rajkot,Rajkot,Dry Chillies,Red,FAQ,2021-02-20 00:00:00,8500.0,13750.0,12000.0,132
Gujarat,Rajkot,Rajkot,Dry Chillies,Red,FAQ,2021-02-23 00:00:00,8000.0,13250.0,11500.0,132
Gujarat,Rajkot,Rajkot,Dry Chillies,Red,FAQ,2021-03-01 00:00:00,9000.0,14250.0,12000.0,132
Gujarat,Rajkot,Rajkot,Dry Chillies,Red,FAQ,2021-03-05 00:00:00,9000.0,14250.0,12000.0,132
Gujarat,Rajkot,Rajkot,Dry Chillies,Red,FAQ,2021-03-16 00:00:00,8500.0,14000.0,10750.0,132
Gujarat,Rajkot,Rajkot,Dry Chillies,Red,FAQ,2021-03-20 00:00:00,11000.0,15000.0,12750.0,132
Gujarat,Rajkot,Rajkot,Dry Chillies,Red,FAQ,2021-05-24 00:00:00,2000.0,11000.0,5250.0,132
Gujarat,Rajkot,Rajkot,Dry Chillies,Red,FAQ,2021-06-02 00:00:00,2500.0,7850.0,3575.0,132
Gujarat,Rajkot,Rajkot,Dry Chillies,Red,FAQ,2021-06-03 00:00:00,1750.0,9000.0,5250.0,132
Gujarat,Rajkot,Rajkot,Dry Chillies,Red,FAQ,2021-06-05 00:00:00,1500.0,9025.0,4500.0,132
Gujarat,Rajkot,Rajkot,Dry Chillies,Red,FAQ,2021-06-10 00:00:00,1500.0,7500.0,3000.0,132
Gujarat,Rajkot,Rajkot,Dry Chillies,Red,FAQ,2021-06-11 00:00:00,1500.0,10500.0,3500.0,132
Gujarat,Rajkot,Rajkot,Dry Chillies,Red,FAQ,2021-06-19 00:00:00,1000.0,5500.0,3500.0,132
Gujarat,Rajkot,Rajkot,Dry Chillies,Red,FAQ,2021-06-22 00:00:00,1500.0,5000.0,4000.0,132
Gujarat,Rajkot,Rajkot,Dry Chillies,Red,FAQ,2021-06-24 00:00:00,2250.0,3850.0,2500.0,132
Gujarat,Rajkot,Rajkot,Dry Chillies,Red,FAQ,2021-11-12 00:00:00,2000.0,8500.0,5250.0,132
Gujarat,Rajkot,Rajkot,Dry Chillies,Red,FAQ,2021-11-20 00:00:00,3000.0,12000.0,7500.0,132
Gujarat,Rajkot,Rajkot,Dry Chillies,Red,FAQ,2021-11-23 00:00:00,9000.0,12000.0,10250.0,132
Gujarat,Rajkot,Rajkot,Dry Chillies,Red,FAQ,2021-11-25 00:00:00,5000.0,12500.0,9000.0,132
Gujarat,Rajkot,Rajkot,Dry Chillies,Red,FAQ,2021-11-30 00:00:00,6000.0,12500.0,9000.0,132
Gujarat,Rajkot,Rajkot,Dry Chillies,Red,FAQ,2021-12-11 00:00:00,9000.0,15500.0,10000.0,132
Gujarat,Rajkot,Rajkot,Dry Chillies,Red,FAQ,2021-12-13 00:00:00,6000.0,15000.0,9000.0,132
Gujarat,Rajkot,Rajkot,Dry Chillies,Red,FAQ,2021-12-31 00:00:00,7500.0,16450.0,13500.0,132
Gujarat,Dahod,Dahod,Dry Chillies,Dry Chillies,FAQ,2025-03-01 00:00:00,12500.0,20000.0,17500.0,132
Gujarat,Dahod,Dahod,Dry Chillies,Dry Chillies,FAQ,2025-03-11 00:00:00,12500.0,20000.0,17500.0,132
Gujarat,Dahod,Dahod,Dry Chillies,Dry Chillies,FAQ,2025-03-17 00:00:00,12500.0,20000.0,17500.0,132
Gujarat,Dahod,Dahod,Dry Chillies,Dry Chillies,FAQ,2025-03-18 00:00:00,12500.0,20000.0,17500.0,132
Gujarat,Jamnagar,Jamnagar,Dry Chillies,1st Sort,FAQ,2025-03-01 00:00:00,1750.0,24375.0,13063.0,132
Gujarat,Jamnagar,Jamnagar,Dry Chillies,1st Sort,FAQ,2025-03-04 00:00:00,2000.0,14975.0,8950.0,132
Gujarat,Jamnagar,Jamnagar,Dry Chillies,1st Sort,FAQ,2025-03-08 00:00:00,1500.0,13450.0,7650.0,132
Gujarat,Rajkot,Rajkot,Dry Chillies,Red,FAQ,2025-03-10 00:00:00,4500.0,10000.0,7250.0,132
Gujarat,Rajkot,Rajkot,Dry Chillies,Red,FAQ,2025-03-17 00:00:00,4000.0,10000.0,8125.0,132
Gujarat,Dahod,Dahod,Dry Chillies,Dry Chillies,FAQ,2025-04-02 00:00:00,12500.0,17000.0,15625.0,132
Gujarat,Dahod,Dahod,Dry Chillies,Dry Chillies,FAQ,2025-04-14 00:00:00,12500.0,17500.0,15000.0,132
Gujarat,Dahod,Dahod,Dry Chillies,Dry Chillies,FAQ,2025-04-30 00:00:00,12000.0,17500.0,15750.0,132
Gujarat,Jamnagar,Jamnagar,Dry Chillies,1st Sort,FAQ,2025-04-03 00:00:00,1975.0,17950.0,10150.0,132
Gujarat,Jamnagar,Jamnagar,Dry Chillies,1st Sort,FAQ,2025-04-09 00:00:00,1250.0,11550.0,7025.0,132
Gujarat,Jamnagar,Jamnagar,Dry Chillies,1st Sort,FAQ,2025-04-11 00:00:00,1250.0,8975.0,5250.0,132
Gujarat,Jamnagar,Jamnagar,Dry Chillies,1st Sort,FAQ,2025-04-16 00:00:00,2500.0,10900.0,6550.0,132
Gujarat,Jamnagar,Jamnagar,Dry Chillies,1st Sort,FAQ,2025-04-17 00:00:00,3000.0,6900.0,5525.0,132
Gujarat,Rajkot,Rajkot,Dry Chillies,Red,FAQ,2025-04-07 00:00:00,4000.0,12000.0,9000.0,132
Gujarat,Rajkot,Rajkot,Dry Chillies,Red,FAQ,2025-04-11 00:00:00,3500.0,10000.0,8000.0,132
Gujarat,Rajkot,Rajkot,Dry Chillies,Red,FAQ,2025-04-17 00:00:00,4000.0,12000.0,7750.0,132
Gujarat,Rajkot,Rajkot,Dry Chillies,Red,FAQ,2025-04-18 00:00:00,4000.0,10500.0,6750.0,132
Gujarat,Rajkot,Rajkot,Dry Chillies,Red,FAQ,2025-04-30 00:00:00,5000.0,10100.0,6000.0,132
Gujarat,Dahod,Dahod,Dry Chillies,Dry Chillies,FAQ,2025-05-01 00:00:00,12000.0,17500.0,15850.0,132
Gujarat,Dahod,Dahod,Dry Chillies,Dry Chillies,FAQ,2025-05-08 00:00:00,12000.0,17500.0,15000.0,132
Gujarat,Dahod,Dahod,Dry Chillies,Dry Chillies,FAQ,2025-05-09 00:00:00,12000.0,17500.0,15000.0,132
Gujarat,Dahod,Dahod,Dry Chillies,Dry Chillies,FAQ,2025-05-23 00:00:00,10500.0,17500.0,15000.0,132
Gujarat,Jamnagar,Jamnagar,Dry Chillies,1st Sort,FAQ,2025-05-02 00:00:00,1650.0,7525.0,5150.0,132
Gujarat,Rajkot,Rajkot,Dry Chillies,Red,FAQ,2025-05-05 00:00:00,2755.0,8650.0,3750.0,132
Gujarat,Rajkot,Rajkot,Dry Chillies,Red,FAQ,2025-05-16 00:00:00,1000.0,7000.0,2250.0,132
Gujarat,Rajkot,Rajkot,Dry Chillies,Red,FAQ,2025-05-20 00:00:00,3700.0,7150.0,5500.0,132
Gujarat,Rajkot,Rajkot,Dry Chillies,Red,FAQ,2025-05-22 00:00:00,3750.0,10000.0,5250.0,132
Gujarat,Rajkot,Rajkot,Dry Chillies,Red,FAQ,2025-05-30 00:00:00,3250.0,7000.0,4500.0,132
Gujarat,Dahod,Dahod,Dry Chillies,Dry Chillies,FAQ,2025-08-11 00:00:00,11000.0,17500.0,15000.0,132
Gujarat,Dahod,Dahod,Dry Chillies,Dry Chillies,FAQ,2025-06-06 00:00:00,11000.0,17500.0,15000.0,132
Gujarat,Jamnagar,Jamnagar,Dry Chillies,1st Sort,FAQ,2025-06-13 00:00:00,2000.0,6500.0,4650.0,132
Gujarat,Rajkot,Rajkot,Dry Chillies,Red,FAQ,2025-06-02 00:00:00,2000.0,8000.0,5000.0,132
Gujarat,Rajkot,Rajkot,Dry Chillies,Red,FAQ,2025-06-12 00:00:00,2200.0,5000.0,3350.0,132
Gujarat,Dahod,Dahod,Dry Chillies,Dry Chillies,FAQ,2025-09-24 00:00:00,11500.0,17500.0,15500.0,132
Gujarat,Dahod,Dahod APMC,Dry Chillies,Dry Chillies,FAQ,2025-11-03 00:00:00,11500.0,18500.0,15000.0,132
Gujarat,Rajkot,Gondal APMC,Dry Chillies,Dry Chillies,FAQ,2025-11-24 00:00:00,3255.0,21755.0,17255.0,132
Gujarat,Jamnagar,Jamnagar APMC,Dry Chillies,Other,Local,2025-11-19 00:00:00,2000.0,14500.0,12325.0,132
Gujarat,Jamnagar,Jamnagar APMC,Dry Chillies,Other,Local,2025-11-20 00:00:00,7000.0,20000.0,14635.0,132
Gujarat,Jamnagar,Jamnagar APMC,Dry Chillies,Other,Local,2025-11-24 00:00:00,4500.0,13350.0,11725.0,132
Gujarat,Jamnagar,Jamnagar APMC,Dry Chillies,Other,Local,2025-11-27 00:00:00,8500.0,10500.0,10500.0,132
Gujarat,Jamnagar,Jamnagar APMC,Dry Chillies,Other,Local,2025-11-15 00:00:00,2000.0,5875.0,5875.0,132
Gujarat,Jamnagar,Jamnagar APMC,Dry Chillies,Other,Local,2025-11-17 00:00:00,3750.0,10700.0,8150.0,132
Gujarat,Rajkot,Rajkot APMC,Dry Chillies,Dry Chillies,FAQ,2025-11-10 00:00:00,6000.0,17500.0,10000.0,132
Gujarat,Rajkot,Rajkot APMC,Dry Chillies,Dry Chillies,FAQ,2025-11-28 00:00:00,5000.0,19000.0,10500.0,132
Gujarat,Rajkot,Rajkot APMC,Dry Chillies,Dry Chillies,FAQ,2025-11-29 00:00:00,5000.0,17425.0,13500.0,132
Gujarat,Rajkot,Gondal APMC,Dry Chillies,Dry Chillies,FAQ,2025-11-28 00:00:00,3255.0,20755.0,15005.0,132
Gujarat,Rajkot,Gondal APMC,Dry Chillies,Dry Chillies,FAQ,2025-12-02 00:00:00,3505.0,18755.0,14255.0,132
Gujarat,Rajkot,Rajkot APMC,Dry Chillies,Dry Chillies,FAQ,2025-12-04 00:00:00,6450.0,18000.0,6950.0,132
Gujarat,Rajkot,Rajkot APMC,Dry Chillies,Dry Chillies,FAQ,2025-12-06 00:00:00,7000.0,15500.0,11500.0,132
Gujarat,Rajkot,Rajkot APMC,Dry Chillies,Dry Chillies,FAQ,2025-12-08 00:00:00,6500.0,16500.0,12700.0,132
Gujarat,Rajkot,Gondal APMC,Dry Chillies,Dry Chillies,FAQ,2025-12-09 00:00:00,3505.0,17755.0,13055.0,132
Gujarat,Rajkot,Gondal APMC,Dry Chillies,Dry Chillies,FAQ,2025-12-10 00:00:00,3505.0,18755.0,14005.0,132
Gujarat,Dahod,Dahod APMC,Dry Chillies,Dry Chillies,FAQ,2025-12-13 00:00:00,12000.0,19000.0,16000.0,132
Gujarat,Rajkot,Rajkot APMC,Dry Chillies,Dry Chillies,FAQ,2025-12-23 00:00:00,11000.0,20000.0,17000.0,132
Gujarat,Rajkot,Rajkot APMC,Dry Chillies,Dry Chillies,FAQ,2025-12-24 00:00:00,10500.0,19625.0,16500.0,132
Gujarat,Rajkot,Gondal APMC,Dry Chillies,Dry Chillies,FAQ,2025-12-26 00:00:00,5505.0,23005.0,17755.0,132
Gujarat,Jamnagar,Jamnagar APMC,Dry Chillies,Other,Local,2025-12-06 00:00:00,4500.0,18750.0,13525.0,132
Gujarat,Jamnagar,Jamnagar APMC,Dry Chillies,Other,Local,2025-12-26 00:00:00,4750.0,20000.0,14625.0,132
Gujarat,Rajkot,Jetpur(Dist.Rajkot) APMC,Dry Chillies,Dry Chillies,FAQ,2026-01-01 00:00:00,5005.0,26000.0,18500.0,132
Gujarat,Rajkot,Rajkot APMC,Dry Chillies,Dry Chillies,FAQ,2026-01-09 00:00:00,7500.0,24000.0,20500.0,132
Gujarat,Rajkot,Rajkot APMC,Dry Chillies,Dry Chillies,FAQ,2026-01-08 00:00:00,8500.0,20650.0,17125.0,132
Gujarat,Rajkot,Gondal APMC,Dry Chillies,Dry Chillies,FAQ,2026-01-12 00:00:00,5755.0,26255.0,18755.0,132
Gujarat,Rajkot,Gondal APMC,Dry Chillies,Dry Chillies,FAQ,2026-01-13 00:00:00,7005.0,30005.0,19505.0,132
Gujarat,Rajkot,Jetpur(Dist.Rajkot) APMC,Dry Chillies,Dry Chillies,FAQ,2026-01-12 00:00:00,4250.0,19005.0,17500.0,132
Gujarat,Dahod,Dahod APMC,Dry Chillies,Dry Chillies,FAQ,2026-01-15 00:00:00,14500.0,17500.0,15500.0,132
Gujarat,Rajkot,Gondal APMC,Dry Chillies,Dry Chillies,FAQ,2026-01-15 00:00:00,6005.0,27005.0,18755.0,132
Gujarat,Dahod,Dahod APMC,Dry Chillies,Dry Chillies,FAQ,2026-01-19 00:00:00,14500.0,19500.0,17375.0,132
Gujarat,Dahod,Dahod APMC,Dry Chillies,Dry Chillies,FAQ,2026-01-22 00:00:00,14500.0,19500.0,17500.0,132
Gujarat,Rajkot,Jasdan APMC,Dry Chillies,Dry Chillies,FAQ,2026-01-23 00:00:00,10000.0,14000.0,13500.0,132
Gujarat,Rajkot,Jasdan APMC,Dry Chillies,Dry Chillies,FAQ,2026-01-28 00:00:00,13500.0,13500.0,13500.0,132
Gujarat,Rajkot,Jasdan APMC,Dry Chillies,Dry Chillies,FAQ,2026-01-27 00:00:00,10000.0,10000.0,10000.0,132
Gujarat,Rajkot,Gondal APMC,Dry Chillies,Dry Chillies,FAQ,2026-01-31 00:00:00,7255.0,37005.0,26255.0,132
Gujarat,Rajkot,Jasdan APMC,Dry Chillies,Dry Chillies,FAQ,2026-02-04 00:00:00,10000.0,17300.0,16000.0,132
Gujarat,Dahod,Dahod APMC,Dry Chillies,Dry Chillies,FAQ,2026-02-06 00:00:00,12000.0,22500.0,17500.0,132
Gujarat,Rajkot,Rajkot APMC,Dry Chillies,Dry Chillies,FAQ,2026-02-09 00:00:00,17500.0,30000.0,29000.0,132
Gujarat,Jamnagar,Jamnagar APMC,Dry Chillies,Other,Local,2026-01-02 00:00:00,5500.0,21025.0,15325.0,132
Gujarat,Jamnagar,Jamnagar APMC,Dry Chillies,Other,Local,2026-01-06 00:00:00,4000.0,10330.0,9625.0,132
Gujarat,Jamnagar,Jamnagar APMC,Dry Chillies,Other,Local,2026-01-12 00:00:00,7000.0,26800.0,18235.0,132
Gujarat,Jamnagar,Jamnagar APMC,Dry Chillies,Other,Local,2026-01-15 00:00:00,7500.0,21000.0,15825.0,132
Gujarat,Jamnagar,Jamnagar APMC,Dry Chillies,Other,Local,2026-01-29 00:00:00,6000.0,30025.0,19680.0,132
Gujarat,Jamnagar,Jamnagar APMC,Dry Chillies,Other,Local,2026-02-06 00:00:00,12000.0,32525.0,23225.0,132
Gujarat,Dahod,Dahod,Dry Chillies,Other,FAQ,2007-03-01 00:00:00,2500.0,6500.0,4500.0,132
Gujarat,Dahod,Dahod,Dry Chillies,Other,FAQ,2007-03-07 00:00:00,2500.0,6500.0,4500.0,132
Gujarat,Dahod,Dahod,Dry Chillies,Other,FAQ,2007-03-15 00:00:00,3000.0,6500.0,4750.0,132
Gujarat,Dahod,Dahod,Dry Chillies,Other,FAQ,2007-05-18 00:00:00,4500.0,6500.0,5750.0,132
Gujarat,Dahod,Dahod,Dry Chillies,Other,FAQ,2007-08-01 00:00:00,4250.0,7000.0,6250.0,132
Gujarat,Dahod,Dahod,Dry Chillies,Other,FAQ,2007-08-22 00:00:00,4250.0,6875.0,6000.0,132
Gujarat,Dahod,Dahod,Dry Chillies,Other,FAQ,2007-10-23 00:00:00,3850.0,7300.0,5150.0,132
Gujarat,Dahod,Dahod,Dry Chillies,Other,FAQ,2007-12-19 00:00:00,4500.0,7000.0,6250.0,132
Gujarat,Dahod,Dahod,Dry Chillies,Other,FAQ,2007-12-22 00:00:00,3700.0,6750.0,5550.0,132
Gujarat,Rajkot,Gondal,Dry Chillies,Bold 1,FAQ,2007-02-26 00:00:00,3830.0,8480.0,6255.0,132
Gujarat,Rajkot,Gondal,Dry Chillies,Bold 1,FAQ,2007-03-03 00:00:00,1500.0,7880.0,6980.0,132
Gujarat,Rajkot,Gondal,Dry Chillies,Bold 1,FAQ,2007-03-21 00:00:00,2380.0,8630.0,7380.0,132
Gujarat,Rajkot,Gondal,Dry Chillies,Bold 1,FAQ,2007-04-23 00:00:00,2455.0,6980.0,6480.0,132
Gujarat,Rajkot,Gondal,Dry Chillies,Bold 1,FAQ,2007-04-27 00:00:00,2205.0,7205.0,6230.0,132
Gujarat,Rajkot,Gondal,Dry Chillies,Bold 1,FAQ,2007-04-30 00:00:00,6030.0,6980.0,6230.0,132
Gujarat,Rajkot,Gondal,Dry Chillies,Single Patti,FAQ,2007-02-17 00:00:00,1000.0,5880.0,4750.0,132
Gujarat,Rajkot,Gondal,Dry Chillies,Single Patti,FAQ,2007-03-05 00:00:00,1500.0,7005.0,5905.0,132
Gujarat,Rajkot,Gondal,Dry Chillies,Single Patti,FAQ,2007-04-17 00:00:00,1500.0,7330.0,6555.0,132
Gujarat,Rajkot,Gondal,Dry Chillies,Single Patti,FAQ,2007-05-25 00:00:00,1985.0,7255.0,6505.0,132
Gujarat,Rajkot,Jetpur(Dist.Rajkot),Dry Chillies,Other,FAQ,2007-03-07 00:00:00,4155.0,6555.0,5125.0,132
Gujarat,Rajkot,Jetpur(Dist.Rajkot),Dry Chillies,Other,FAQ,2007-03-15 00:00:00,4055.0,7255.0,5750.0,132
Gujarat,Rajkot,Jetpur(Dist.Rajkot),Dry Chillies,Other,FAQ,2007-03-20 00:00:00,4450.0,7025.0,5825.0,132
Gujarat,Rajkot,Jetpur(Dist.Rajkot),Dry Chillies,Other,FAQ,2007-03-21 00:00:00,4125.0,6255.0,5760.0,132
Gujarat,Rajkot,Jetpur(Dist.Rajkot),Dry Chillies,Other,FAQ,2007-04-03 00:00:00,3505.0,6755.0,5950.0,132
Gujarat,Rajkot,Jetpur(Dist.Rajkot),Dry Chillies,Other,FAQ,2007-04-10 00:00:00,4125.0,6680.0,5930.0,132
Gujarat,Rajkot,Jetpur(Dist.Rajkot),Dry Chillies,Other,FAQ,2007-04-11 00:00:00,4250.0,6780.0,5950.0,132
Gujarat,Rajkot,Jetpur(Dist.Rajkot),Dry Chillies,Other,FAQ,2007-04-12 00:00:00,3350.0,6780.0,5950.0,132
Gujarat,Rajkot,Jetpur(Dist.Rajkot),Dry Chillies,Other,FAQ,2007-04-16 00:00:00,3250.0,7255.0,6050.0,132
Gujarat,Rajkot,Jetpur(Dist.Rajkot),Dry Chillies,Other,FAQ,2007-04-17 00:00:00,3755.0,7005.0,5800.0,132
Gujarat,Rajkot,Jetpur(Dist.Rajkot),Dry Chillies,Other,FAQ,2007-04-24 00:00:00,3125.0,6775.0,5580.0,132
Gujarat,Rajkot,Rajkot,Dry Chillies,Dry Chillies,FAQ,2007-02-03 00:00:00,4300.0,5000.0,4800.0,132
Gujarat,Rajkot,Rajkot,Dry Chillies,Dry Chillies,FAQ,2007-02-10 00:00:00,2625.0,5850.0,4500.0,132
Gujarat,Rajkot,Rajkot,Dry Chillies,Dry Chillies,FAQ,2007-02-24 00:00:00,4425.0,6610.0,5800.0,132
Gujarat,Rajkot,Rajkot,Dry Chillies,Dry Chillies,FAQ,2007-03-14 00:00:00,4000.0,6575.0,5550.0,132
Gujarat,Rajkot,Rajkot,Dry Chillies,Dry Chillies,FAQ,2007-03-15 00:00:00,3525.0,6000.0,4500.0,132
Gujarat,Rajkot,Rajkot,Dry Chillies,Dry Chillies,FAQ,2007-03-17 00:00:00,4450.0,6175.0,5500.0,132
Gujarat,Rajkot,Rajkot,Dry Chillies,Dry Chillies,FAQ,2007-03-24 00:00:00,5000.0,6350.0,6000.0,132
Gujarat,Rajkot,Rajkot,Dry Chillies,Dry Chillies,FAQ,2007-04-07 00:00:00,4500.0,6300.0,5500.0,132
Gujarat,Rajkot,Rajkot,Dry Chillies,Dry Chillies,FAQ,2007-04-11 00:00:00,4550.0,6175.0,5500.0,132
Gujarat,Rajkot,Rajkot,Dry Chillies,Dry Chillies,FAQ,2007-04-13 00:00:00,5750.0,7125.0,6500.0,132
Gujarat,Rajkot,Rajkot,Dry Chillies,Dry Chillies,FAQ,2007-04-19 00:00:00,5500.0,7000.0,6500.0,132
Gujarat,Rajkot,Rajkot,Dry Chillies,Dry Chillies,FAQ,2007-05-14 00:00:00,3950.0,5625.0,5200.0,132
Gujarat,Rajkot,Rajkot,Dry Chillies,Dry Chillies,FAQ,2007-05-17 00:00:00,3800.0,5625.0,5100.0,132
Gujarat,Rajkot,Rajkot,Dry Chillies,Dry Chillies,FAQ,2007-05-25 00:00:00,3850.0,5625.0,5100.0,132
Gujarat,Rajkot,Rajkot,Dry Chillies,Dry Chillies,FAQ,2007-05-29 00:00:00,4375.0,5825.0,5100.0,132
Gujarat,Rajkot,Rajkot,Dry Chillies,Dry Chillies,FAQ,2007-05-31 00:00:00,4275.0,5650.0,5100.0,132
Gujarat,Vadodara(Baroda),Vadodara,Dry Chillies,Other,FAQ,2007-01-16 00:00:00,2500.0,4500.0,3500.0,132
Gujarat,Vadodara(Baroda),Vadodara,Dry Chillies,Other,FAQ,2007-04-10 00:00:00,3500.0,4500.0,4000.0,132
Gujarat,Vadodara(Baroda),Vadodara,Dry Chillies,Other,FAQ,2007-04-18 00:00:00,3500.0,4500.0,4000.0,132
Gujarat,Vadodara(Baroda),Vadodara,Dry Chillies,Other,FAQ,2007-04-23 00:00:00,3500.0,4500.0,4000.0,132
Gujarat,Vadodara(Baroda),Vadodara,Dry Chillies,Other,FAQ,2007-04-24 00:00:00,3500.0,4500.0,4000.0,132
Gujarat,Vadodara(Baroda),Vadodara,Dry Chillies,Other,FAQ,2007-04-28 00:00:00,3000.0,4000.0,3500.0,132
Gujarat,Vadodara(Baroda),Vadodara,Dry Chillies,Other,FAQ,2007-05-12 00:00:00,2500.0,5000.0,3750.0,132
Gujarat,Vadodara(Baroda),Vadodara,Dry Chillies,Other,FAQ,2007-06-21 00:00:00,3000.0,5000.0,4000.0,132
Gujarat,Vadodara(Baroda),Vadodara,Dry Chillies,Other,FAQ,2007-07-03 00:00:00,3000.0,5000.0,4000.0,132
Gujarat,Vadodara(Baroda),Vadodara,Dry Chillies,Other,FAQ,2007-07-12 00:00:00,3000.0,4000.0,3500.0,132
Gujarat,Vadodara(Baroda),Vadodara,Dry Chillies,Other,FAQ,2007-07-20 00:00:00,2300.0,3500.0,2900.0,132
Gujarat,Vadodara(Baroda),Vadodara,Dry Chillies,Other,FAQ,2007-07-25 00:00:00,2300.0,3500.0,2900.0,132
Gujarat,Vadodara(Baroda),Vadodara,Dry Chillies,Other,FAQ,2007-08-06 00:00:00,2500.0,4000.0,3250.0,132
Gujarat,Vadodara(Baroda),Vadodara,Dry Chillies,Other,FAQ,2007-08-16 00:00:00,2500.0,4000.0,3250.0,132
Gujarat,Vadodara(Baroda),Vadodara,Dry Chillies,Other,FAQ,2007-08-31 00:00:00,2500.0,4000.0,3250.0,132
Gujarat,Vadodara(Baroda),Vadodara,Dry Chillies,Other,FAQ,2007-09-06 00:00:00,2500.0,4000.0,3250.0,132
Gujarat,Vadodara(Baroda),Vadodara,Dry Chillies,Other,FAQ,2007-09-12 00:00:00,2500.0,4000.0,3250.0,132
Gujarat,Vadodara(Baroda),Vadodara,Dry Chillies,Other,FAQ,2007-09-19 00:00:00,2500.0,4000.0,3250.0,132
Gujarat,Vadodara(Baroda),Vadodara,Dry Chillies,Other,FAQ,2007-10-05 00:00:00,5000.0,5000.0,5000.0,132
Gujarat,Vadodara(Baroda),Vadodara,Dry Chillies,Other,FAQ,2007-10-16 00:00:00,1500.0,3500.0,2500.0,132
Gujarat,Vadodara(Baroda),Vadodara,Dry Chillies,Other,FAQ,2007-11-26 00:00:00,2500.0,4000.0,3200.0,132
Gujarat,Vadodara(Baroda),Vadodara,Dry Chillies,Other,FAQ,2007-11-29 00:00:00,2000.0,4500.0,3400.0,132
Gujarat,Vadodara(Baroda),Vadodara,Dry Chillies,Other,FAQ,2007-12-01 00:00:00,2500.0,4500.0,3800.0,132
Gujarat,Vadodara(Baroda),Vadodara,Dry Chillies,Other,FAQ,2007-12-08 00:00:00,2500.0,4500.0,3600.0,132
Gujarat,Rajkot,Gondal,Dry Chillies,Desi,FAQ,2013-05-06 00:00:00,2000.0,13555.0,10055.0,132
Gujarat,Rajkot,Gondal,Dry Chillies,Desi,FAQ,2013-05-10 00:00:00,1500.0,14255.0,12155.0,132
Gujarat,Rajkot,Gondal,Dry Chillies,Desi,FAQ,2013-05-14 00:00:00,2505.0,13555.0,10405.0,132
Gujarat,Rajkot,Gondal,Dry Chillies,Desi,FAQ,2013-05-20 00:00:00,1605.0,13605.0,11305.0,132
Gujarat,Rajkot,Gondal,Dry Chillies,Desi,FAQ,2013-05-24 00:00:00,1505.0,14455.0,12405.0,132
Gujarat,Rajkot,Jasdan,Dry Chillies,Other,FAQ,2013-03-18 00:00:00,1325.0,7000.0,5000.0,132
Gujarat,Vadodara(Baroda),Vadodara,Dry Chillies,Other,FAQ,2013-01-01 00:00:00,3000.0,5000.0,5000.0,132
Gujarat,Vadodara(Baroda),Vadodara,Dry Chillies,Other,FAQ,2013-01-08 00:00:00,6000.0,6500.0,6500.0,132
Gujarat,Vadodara(Baroda),Vadodara,Dry Chillies,Other,FAQ,2013-01-18 00:00:00,4000.0,5500.0,5500.0,132
Gujarat,Vadodara(Baroda),Vadodara,Dry Chillies,Other,FAQ,2013-01-29 00:00:00,4000.0,5500.0,5500.0,132
Gujarat,Vadodara(Baroda),Vadodara,Dry Chillies,Other,FAQ,2013-01-31 00:00:00,4000.0,5500.0,5500.0,132
Gujarat,Vadodara(Baroda),Vadodara,Dry Chillies,Other,FAQ,2013-02-04 00:00:00,4000.0,5500.0,5500.0,132
Gujarat,Vadodara(Baroda),Vadodara,Dry Chillies,Other,FAQ,2013-02-16 00:00:00,6000.0,7000.0,7000.0,132
Gujarat,Vadodara(Baroda),Vadodara,Dry Chillies,Other,FAQ,2013-02-19 00:00:00,6000.0,7000.0,7000.0,132
Gujarat,Vadodara(Baroda),Vadodara,Dry Chillies,Other,FAQ,2013-03-04 00:00:00,6000.0,7000.0,7000.0,132
Gujarat,Vadodara(Baroda),Vadodara,Dry Chillies,Other,FAQ,2013-03-06 00:00:00,6000.0,7000.0,7000.0,132
Gujarat,Vadodara(Baroda),Vadodara,Dry Chillies,Other,FAQ,2013-03-18 00:00:00,6000.0,7000.0,7000.0,132
Gujarat,Vadodara(Baroda),Vadodara,Dry Chillies,Other,FAQ,2013-03-19 00:00:00,6000.0,7000.0,7000.0,132
Gujarat,Vadodara(Baroda),Vadodara,Dry Chillies,Other,FAQ,2013-03-20 00:00:00,6000.0,7000.0,7000.0,132
Gujarat,Vadodara(Baroda),Vadodara,Dry Chillies,Other,FAQ,2013-03-26 00:00:00,6000.0,7000.0,7000.0,132
Gujarat,Vadodara(Baroda),Vadodara,Dry Chillies,Other,FAQ,2013-04-24 00:00:00,5000.0,8000.0,8000.0,132
Gujarat,Vadodara(Baroda),Vadodara,Dry Chillies,Other,FAQ,2013-05-11 00:00:00,5000.0,8000.0,8000.0,132
Gujarat,Vadodara(Baroda),Vadodara,Dry Chillies,Other,FAQ,2013-05-28 00:00:00,6000.0,7000.0,7000.0,132
Gujarat,Vadodara(Baroda),Vadodara,Dry Chillies,Other,FAQ,2013-06-10 00:00:00,6000.0,7000.0,7000.0,132
Gujarat,Vadodara(Baroda),Vadodara,Dry Chillies,Other,FAQ,2013-06-12 00:00:00,6000.0,7000.0,7000.0,132
Gujarat,Vadodara(Baroda),Vadodara,Dry Chillies,Other,FAQ,2013-07-29 00:00:00,5000.0,6000.0,6000.0,132
Gujarat,Vadodara(Baroda),Vadodara,Dry Chillies,Other,FAQ,2013-08-08 00:00:00,6000.0,6500.0,6500.0,132
Gujarat,Vadodara(Baroda),Vadodara,Dry Chillies,Other,FAQ,2013-08-15 00:00:00,6000.0,6500.0,6500.0,132
Gujarat,Vadodara(Baroda),Vadodara,Dry Chillies,Other,FAQ,2013-08-30 00:00:00,6000.0,7000.0,7000.0,132
Gujarat,Vadodara(Baroda),Vadodara,Dry Chillies,Other,FAQ,2013-09-28 00:00:00,3800.0,7500.0,7500.0,132
Gujarat,Vadodara(Baroda),Vadodara,Dry Chillies,Other,FAQ,2013-10-14 00:00:00,6000.0,6500.0,6500.0,132
Gujarat,Vadodara(Baroda),Vadodara,Dry Chillies,Other,FAQ,2013-10-26 00:00:00,6000.0,6500.0,6500.0,132
Gujarat,Vadodara(Baroda),Vadodara,Dry Chillies,Other,FAQ,2013-11-14 00:00:00,6000.0,6500.0,6500.0,132
Gujarat,Vadodara(Baroda),Vadodara,Dry Chillies,Other,FAQ,2013-11-15 00:00:00,6000.0,6500.0,6500.0,132
Gujarat,Vadodara(Baroda),Vadodara,Dry Chillies,Other,FAQ,2013-11-22 00:00:00,6000.0,7000.0,7000.0,132
Gujarat,Vadodara(Baroda),Vadodara,Dry Chillies,Other,FAQ,2013-12-02 00:00:00,6000.0,7000.0,7000.0,132
Gujarat,Vadodara(Baroda),Vadodara,Dry Chillies,Other,FAQ,2013-12-06 00:00:00,6000.0,7000.0,7000.0,132
Gujarat,Dahod,Dahod,Dry Chillies,Other,FAQ,2013-01-01 00:00:00,6000.0,10250.0,9500.0,132
Gujarat,Dahod,Dahod,Dry Chillies,Other,FAQ,2013-01-07 00:00:00,6000.0,9500.0,8500.0,132
Gujarat,Dahod,Dahod,Dry Chillies,Other,FAQ,2013-02-02 00:00:00,5500.0,9500.0,9000.0,132
Gujarat,Dahod,Dahod,Dry Chillies,Other,FAQ,2013-02-13 00:00:00,6000.0,9500.0,9125.0,132
Gujarat,Dahod,Dahod,Dry Chillies,Other,FAQ,2013-02-14 00:00:00,6000.0,9500.0,9000.0,132
Gujarat,Dahod,Dahod,Dry Chillies,Other,FAQ,2013-02-16 00:00:00,6000.0,9500.0,9250.0,132
Gujarat,Dahod,Dahod,Dry Chillies,Other,FAQ,2013-02-22 00:00:00,6000.0,9500.0,8500.0,132
Gujarat,Dahod,Dahod,Dry Chillies,Other,FAQ,2013-03-04 00:00:00,6500.0,9250.0,8000.0,132
Gujarat,Dahod,Dahod,Dry Chillies,Other,FAQ,2013-03-05 00:00:00,6500.0,9250.0,8000.0,132
Gujarat,Dahod,Dahod,Dry Chillies,Other,FAQ,2013-03-21 00:00:00,6000.0,9000.0,8250.0,132
Gujarat,Dahod,Dahod,Dry Chillies,Other,FAQ,2013-03-22 00:00:00,6000.0,9250.0,8000.0,132
Gujarat,Dahod,Dahod,Dry Chillies,Other,FAQ,2013-03-29 00:00:00,6000.0,9250.0,8500.0,132
Gujarat,Dahod,Dahod,Dry Chillies,Other,FAQ,2013-04-03 00:00:00,6000.0,9250.0,8375.0,132
Gujarat,Dahod,Dahod,Dry Chillies,Other,FAQ,2013-04-05 00:00:00,6500.0,9625.0,8375.0,132
Gujarat,Dahod,Dahod,Dry Chillies,Other,FAQ,2013-04-06 00:00:00,6500.0,10000.0,8750.0,132
Gujarat,Dahod,Dahod,Dry Chillies,Other,FAQ,2013-04-08 00:00:00,6500.0,10000.0,8750.0,132
Gujarat,Dahod,Dahod,Dry Chillies,Other,FAQ,2013-04-09 00:00:00,6500.0,10000.0,9250.0,132
Gujarat,Dahod,Dahod,Dry Chillies,Other,FAQ,2013-04-13 00:00:00,6500.0,10000.0,9250.0,132
Gujarat,Dahod,Dahod,Dry Chillies,Other,FAQ,2013-04-17 00:00:00,6500.0,10000.0,10000.0,132
Gujarat,Dahod,Dahod,Dry Chillies,Other,FAQ,2013-04-20 00:00:00,6500.0,10000.0,8750.0,132
Gujarat,Dahod,Dahod,Dry Chillies,Other,FAQ,2013-04-26 00:00:00,6500.0,10000.0,9250.0,132
Gujarat,Dahod,Dahod,Dry Chillies,Other,FAQ,2013-05-16 00:00:00,6500.0,10000.0,9000.0,132
Gujarat,Dahod,Dahod,Dry Chillies,Other,FAQ,2013-06-20 00:00:00,7000.0,11000.0,10250.0,132
Gujarat,Dahod,Dahod,Dry Chillies,Other,FAQ,2013-06-25 00:00:00,7000.0,11000.0,10250.0,132
Gujarat,Dahod,Dahod,Dry Chillies,Other,FAQ,2013-06-28 00:00:00,7000.0,11000.0,10250.0,132
Gujarat,Dahod,Dahod,Dry Chillies,Other,FAQ,2013-07-09 00:00:00,7000.0,11000.0,10000.0,132
Gujarat,Dahod,Dahod,Dry Chillies,Other,FAQ,2013-07-16 00:00:00,7500.0,10500.0,9500.0,132
Gujarat,Dahod,Dahod,Dry Chillies,Other,FAQ,2013-08-02 00:00:00,7500.0,10500.0,10000.0,132
Gujarat,Dahod,Dahod,Dry Chillies,Other,FAQ,2013-09-24 00:00:00,7500.0,10500.0,9000.0,132
Gujarat,Dahod,Dahod,Dry Chillies,Other,FAQ,2013-09-27 00:00:00,7500.0,10500.0,9000.0,132
Gujarat,Dahod,Dahod,Dry Chillies,Other,FAQ,2013-10-01 00:00:00,8500.0,10750.0,9500.0,132
Gujarat,Dahod,Dahod,Dry Chillies,Other,FAQ,2013-10-18 00:00:00,7500.0,10500.0,9500.0,132
Gujarat,Dahod,Dahod,Dry Chillies,Other,FAQ,2013-10-25 00:00:00,7500.0,10500.0,9500.0,132
Gujarat,Dahod,Dahod,Dry Chillies,Other,FAQ,2013-11-22 00:00:00,5500.0,11000.0,8500.0,132
Gujarat,Dahod,Dahod,Dry Chillies,Other,FAQ,2013-12-03 00:00:00,6000.0,11500.0,10500.0,132
Gujarat,Dahod,Dahod,Dry Chillies,Other,FAQ,2013-12-05 00:00:00,7000.0,12000.0,11000.0,132
Gujarat,Dahod,Dahod,Dry Chillies,Other,FAQ,2013-12-10 00:00:00,7000.0,12000.0,10000.0,132
Gujarat,Rajkot,Gondal,Dry Chillies,Desi,FAQ,2013-02-20 00:00:00,2755.0,15005.0,12205.0,132
Gujarat,Rajkot,Gondal,Dry Chillies,Desi,FAQ,2013-02-21 00:00:00,2755.0,13455.0,11955.0,132
Gujarat,Rajkot,Gondal,Dry Chillies,Desi,FAQ,2013-02-25 00:00:00,2755.0,14005.0,11705.0,132
Gujarat,Rajkot,Gondal,Dry Chillies,Desi,FAQ,2013-02-28 00:00:00,2755.0,13405.0,12405.0,132
Gujarat,Rajkot,Gondal,Dry Chillies,Desi,FAQ,2013-03-01 00:00:00,2755.0,13455.0,12455.0,132
Gujarat,Rajkot,Gondal,Dry Chillies,Desi,FAQ,2013-03-07 00:00:00,2755.0,13805.0,11255.0,132
Gujarat,Rajkot,Gondal,Dry Chillies,Desi,FAQ,2013-03-08 00:00:00,2755.0,13955.0,12255.0,132
Gujarat,Rajkot,Gondal,Dry Chillies,Desi,FAQ,2013-03-20 00:00:00,2905.0,13655.0,11955.0,132
Gujarat,Rajkot,Gondal,Dry Chillies,Desi,FAQ,2013-03-22 00:00:00,2005.0,15005.0,12655.0,132
Gujarat,Rajkot,Gondal,Dry Chillies,Desi,FAQ,2013-04-01 00:00:00,2750.0,15005.0,12155.0,132
Gujarat,Rajkot,Gondal,Dry Chillies,Desi,FAQ,2013-04-04 00:00:00,2755.0,16105.0,13355.0,132
Gujarat,Rajkot,Gondal,Dry Chillies,Desi,FAQ,2013-04-26 00:00:00,2505.0,13905.0,10405.0,132
Gujarat,Rajkot,Gondal,Dry Chillies,Desi,FAQ,2013-05-01 00:00:00,2505.0,15455.0,12955.0,132
Gujarat,Dahod,Dahod,Dry Chillies,Other,FAQ,2011-01-25 00:00:00,4500.0,9250.0,8250.0,132
Gujarat,Dahod,Dahod,Dry Chillies,Other,FAQ,2011-01-28 00:00:00,4500.0,9250.0,8250.0,132
Gujarat,Dahod,Dahod,Dry Chillies,Other,FAQ,2011-01-31 00:00:00,4500.0,9250.0,8250.0,132
Gujarat,Dahod,Dahod,Dry Chillies,Other,FAQ,2011-02-16 00:00:00,5000.0,11000.0,7500.0,132
Gujarat,Dahod,Dahod,Dry Chillies,Other,FAQ,2011-02-18 00:00:00,5000.0,11000.0,7800.0,132
Gujarat,Dahod,Dahod,Dry Chillies,Other,FAQ,2011-03-07 00:00:00,6000.0,11300.0,9500.0,132
Gujarat,Dahod,Dahod,Dry Chillies,Other,FAQ,2011-03-08 00:00:00,6000.0,11300.0,10000.0,132
Gujarat,Dahod,Dahod,Dry Chillies,Other,FAQ,2011-03-16 00:00:00,6500.0,11300.0,8500.0,132
Gujarat,Dahod,Dahod,Dry Chillies,Other,FAQ,2011-03-30 00:00:00,6500.0,11000.0,9500.0,132
Gujarat,Dahod,Dahod,Dry Chillies,Other,FAQ,2011-04-13 00:00:00,6500.0,11000.0,10500.0,132
Gujarat,Dahod,Dahod,Dry Chillies,Other,FAQ,2011-04-28 00:00:00,7750.0,11100.0,8500.0,132
Gujarat,Dahod,Dahod,Dry Chillies,Other,FAQ,2011-04-29 00:00:00,7500.0,11100.0,8500.0,132
Gujarat,Dahod,Dahod,Dry Chillies,Other,FAQ,2011-06-21 00:00:00,8500.0,11000.0,10500.0,132
Gujarat,Dahod,Dahod,Dry Chillies,Other,FAQ,2011-07-08 00:00:00,8500.0,11250.0,10750.0,132
Gujarat,Dahod,Dahod,Dry Chillies,Other,FAQ,2011-07-21 00:00:00,8500.0,11250.0,10500.0,132
Gujarat,Dahod,Dahod,Dry Chillies,Other,FAQ,2011-07-25 00:00:00,8500.0,11250.0,10750.0,132
Gujarat,Dahod,Dahod,Dry Chillies,Other,FAQ,2011-08-01 00:00:00,8500.0,11250.0,9500.0,132
Gujarat,Dahod,Dahod,Dry Chillies,Other,FAQ,2011-09-29 00:00:00,8000.0,10500.0,10000.0,132
Gujarat,Dahod,Dahod,Dry Chillies,Other,FAQ,2011-10-04 00:00:00,8000.0,11000.0,10000.0,132
Gujarat,Dahod,Dahod,Dry Chillies,Other,FAQ,2011-10-13 00:00:00,7000.0,10500.0,8750.0,132
Gujarat,Dahod,Dahod,Dry Chillies,Other,FAQ,2011-10-19 00:00:00,7000.0,10500.0,9000.0,132
Gujarat,Dahod,Dahod,Dry Chillies,Other,FAQ,2011-10-20 00:00:00,7000.0,10750.0,8500.0,132
Gujarat,Dahod,Dahod,Dry Chillies,Other,FAQ,2011-11-01 00:00:00,7500.0,10500.0,9500.0,132
Gujarat,Dahod,Dahod,Dry Chillies,Other,FAQ,2011-11-08 00:00:00,7500.0,10500.0,10000.0,132
Gujarat,Dahod,Dahod,Dry Chillies,Other,FAQ,2011-11-10 00:00:00,7500.0,10500.0,10000.0,132
Gujarat,Dahod,Dahod,Dry Chillies,Other,FAQ,2011-11-12 00:00:00,7500.0,10750.0,9500.0,132
Gujarat,Dahod,Dahod,Dry Chillies,Other,FAQ,2011-11-21 00:00:00,7500.0,10750.0,10500.0,132
Gujarat,Dahod,Dahod,Dry Chillies,Other,FAQ,2011-11-23 00:00:00,7500.0,10750.0,9000.0,132
Gujarat,Dahod,Dahod,Dry Chillies,Other,FAQ,2011-11-28 00:00:00,7500.0,10500.0,10000.0,132
Gujarat,Dahod,Dahod,Dry Chillies,Other,FAQ,2011-12-28 00:00:00,7500.0,11000.0,9750.0,132
Gujarat,Dahod,Dahod,Dry Chillies,Other,FAQ,2011-12-29 00:00:00,7500.0,11000.0,10500.0,132
Gujarat,Rajkot,Gondal,Dry Chillies,Desi,FAQ,2011-02-18 00:00:00,3500.0,14005.0,12505.0,132
Gujarat,Rajkot,Gondal,Dry Chillies,Desi,FAQ,2011-02-21 00:00:00,3555.0,17155.0,12055.0,132
Gujarat,Rajkot,Gondal,Dry Chillies,Desi,FAQ,2011-02-22 00:00:00,3105.0,17955.0,12355.0,132
Gujarat,Rajkot,Gondal,Dry Chillies,Desi,FAQ,2011-02-23 00:00:00,3005.0,18005.0,12055.0,132
Gujarat,Rajkot,Gondal,Dry Chillies,Desi,FAQ,2011-03-03 00:00:00,3005.0,16705.0,12605.0,132
Gujarat,Rajkot,Gondal,Dry Chillies,Desi,FAQ,2011-03-22 00:00:00,3005.0,17055.0,13555.0,132
Gujarat,Rajkot,Gondal,Dry Chillies,Desi,FAQ,2011-04-19 00:00:00,2505.0,12255.0,9355.0,132
Gujarat,Rajkot,Gondal,Dry Chillies,Desi,FAQ,2011-04-27 00:00:00,2755.0,11405.0,7905.0,132
Gujarat,Rajkot,Gondal,Dry Chillies,Desi,FAQ,2011-04-29 00:00:00,2005.0,11955.0,8755.0,132
Gujarat,Rajkot,Gondal,Dry Chillies,Desi,FAQ,2011-05-07 00:00:00,2005.0,10605.0,8655.0,132
Gujarat,Rajkot,Gondal,Dry Chillies,Desi,FAQ,2011-05-11 00:00:00,2505.0,11055.0,9005.0,132
Gujarat,Rajkot,Gondal,Dry Chillies,Desi,FAQ,2011-05-13 00:00:00,2005.0,12355.0,9355.0,132
Gujarat,Rajkot,Gondal,Dry Chillies,Desi,FAQ,2011-05-24 00:00:00,2005.0,10705.0,9055.0,132
Gujarat,Rajkot,Jasdan,Dry Chillies,Other,FAQ,2011-03-10 00:00:00,7000.0,14500.0,10000.0,132
Gujarat,Rajkot,Jasdan,Dry Chillies,Other,FAQ,2011-03-11 00:00:00,3500.0,11300.0,7300.0,132
Gujarat,Rajkot,Jasdan,Dry Chillies,Other,FAQ,2011-03-17 00:00:00,5750.0,13400.0,8375.0,132
Gujarat,Rajkot,Jasdan,Dry Chillies,Other,FAQ,2011-03-21 00:00:00,4000.0,12500.0,6000.0,132
Gujarat,Rajkot,Jasdan,Dry Chillies,Other,FAQ,2011-03-23 00:00:00,6375.0,14930.0,14000.0,132
Gujarat,Rajkot,Jasdan,Dry Chillies,Other,FAQ,2011-04-23 00:00:00,4500.0,10100.0,7750.0,132
Gujarat,Rajkot,Jasdan,Dry Chillies,Other,FAQ,2011-05-19 00:00:00,616.0,1400.0,845.0,132
Gujarat,Rajkot,Jasdan,Dry Chillies,Other,FAQ,2011-05-20 00:00:00,1100.0,2200.0,1700.0,132
Gujarat,Rajkot,Jasdan,Dry Chillies,Other,FAQ,2011-05-24 00:00:00,3750.0,7500.0,6555.0,132
Gujarat,Rajkot,Jasdan,Dry Chillies,Other,FAQ,2011-05-28 00:00:00,4755.0,8505.0,6255.0,132
Gujarat,Rajkot,Jasdan,Dry Chillies,Other,FAQ,2011-06-01 00:00:00,2500.0,9000.0,6000.0,132
Gujarat,Rajkot,Jasdan,Dry Chillies,Other,FAQ,2011-06-04 00:00:00,9500.0,9500.0,9500.0,132
Gujarat,Rajkot,Jasdan,Dry Chillies,Other,FAQ,2011-06-08 00:00:00,6850.0,6850.0,6850.0,132
Gujarat,Rajkot,Jasdan,Dry Chillies,Other,FAQ,2011-06-30 00:00:00,2500.0,2500.0,2500.0,132
Gujarat,Rajkot,Jetpur(Dist.Rajkot),Dry Chillies,Red,FAQ,2011-03-18 00:00:00,2255.0,17005.0,13605.0,132
Gujarat,Rajkot,Jetpur(Dist.Rajkot),Dry Chillies,Red,FAQ,2011-04-11 00:00:00,2005.0,14930.0,12305.0,132
Gujarat,Rajkot,Jetpur(Dist.Rajkot),Dry Chillies,Red,FAQ,2011-04-21 00:00:00,1505.0,14230.0,9355.0,132
Gujarat,Rajkot,Jetpur(Dist.Rajkot),Dry Chillies,Red,FAQ,2011-04-25 00:00:00,1480.0,12930.0,8625.0,132
Gujarat,Rajkot,Jetpur(Dist.Rajkot),Dry Chillies,Red,FAQ,2011-05-10 00:00:00,1480.0,11130.0,8755.0,132
Gujarat,Rajkot,Jetpur(Dist.Rajkot),Dry Chillies,Red,FAQ,2011-05-11 00:00:00,1180.0,12005.0,8855.0,132
Gujarat,Rajkot,Jetpur(Dist.Rajkot),Dry Chillies,Red,FAQ,2011-05-13 00:00:00,1000.0,10355.0,8250.0,132
Gujarat,Rajkot,Jetpur(Dist.Rajkot),Dry Chillies,Red,FAQ,2011-05-16 00:00:00,1105.0,11680.0,8605.0,132
Gujarat,Vadodara(Baroda),Vadodara,Dry Chillies,Other,FAQ,2011-01-08 00:00:00,8000.0,10000.0,10000.0,132
Gujarat,Vadodara(Baroda),Vadodara,Dry Chillies,Other,FAQ,2011-01-10 00:00:00,8000.0,10000.0,10000.0,132
Gujarat,Vadodara(Baroda),Vadodara,Dry Chillies,Other,FAQ,2011-01-11 00:00:00,8000.0,10000.0,10000.0,132
Gujarat,Vadodara(Baroda),Vadodara,Dry Chillies,Other,FAQ,2011-01-22 00:00:00,6500.0,8000.0,8000.0,132
Gujarat,Vadodara(Baroda),Vadodara,Dry Chillies,Other,FAQ,2011-02-12 00:00:00,7000.0,12000.0,12000.0,132
Gujarat,Vadodara(Baroda),Vadodara,Dry Chillies,Other,FAQ,2011-02-14 00:00:00,7000.0,12000.0,12000.0,132
Gujarat,Vadodara(Baroda),Vadodara,Dry Chillies,Other,FAQ,2011-02-17 00:00:00,7000.0,12000.0,10000.0,132
Gujarat,Vadodara(Baroda),Vadodara,Dry Chillies,Other,FAQ,2011-03-01 00:00:00,9000.0,12000.0,12000.0,132
Gujarat,Vadodara(Baroda),Vadodara,Dry Chillies,Other,FAQ,2011-03-14 00:00:00,9000.0,11000.0,11000.0,132
Gujarat,Vadodara(Baroda),Vadodara,Dry Chillies,Other,FAQ,2011-03-18 00:00:00,9000.0,11000.0,11000.0,132
Gujarat,Vadodara(Baroda),Vadodara,Dry Chillies,Other,FAQ,2011-04-02 00:00:00,6000.0,8000.0,8000.0,132
Gujarat,Vadodara(Baroda),Vadodara,Dry Chillies,Other,FAQ,2011-04-05 00:00:00,6000.0,8000.0,8000.0,132
Gujarat,Vadodara(Baroda),Vadodara,Dry Chillies,Other,FAQ,2011-04-09 00:00:00,6000.0,8000.0,8000.0,132
Gujarat,Vadodara(Baroda),Vadodara,Dry Chillies,Other,FAQ,2011-04-11 00:00:00,8000.0,10000.0,10000.0,132
Gujarat,Vadodara(Baroda),Vadodara,Dry Chillies,Other,FAQ,2011-04-15 00:00:00,8000.0,10000.0,10000.0,132
Gujarat,Vadodara(Baroda),Vadodara,Dry Chillies,Other,FAQ,2011-04-16 00:00:00,8000.0,10000.0,10000.0,132
Gujarat,Vadodara(Baroda),Vadodara,Dry Chillies,Other,FAQ,2011-04-22 00:00:00,10000.0,14000.0,14000.0,132
Gujarat,Vadodara(Baroda),Vadodara,Dry Chillies,Other,FAQ,2011-04-29 00:00:00,10000.0,14000.0,14000.0,132
Gujarat,Vadodara(Baroda),Vadodara,Dry Chillies,Other,FAQ,2011-05-03 00:00:00,9000.0,12000.0,12000.0,132
Gujarat,Vadodara(Baroda),Vadodara,Dry Chillies,Other,FAQ,2011-05-05 00:00:00,9000.0,12000.0,12000.0,132
Gujarat,Vadodara(Baroda),Vadodara,Dry Chillies,Other,FAQ,2011-05-11 00:00:00,9000.0,12000.0,12000.0,132
Gujarat,Vadodara(Baroda),Vadodara,Dry Chillies,Other,FAQ,2011-05-13 00:00:00,9000.0,12000.0,11000.0,132
Gujarat,Vadodara(Baroda),Vadodara,Dry Chillies,Other,FAQ,2011-05-14 00:00:00,4000.0,6000.0,6000.0,132
Gujarat,Vadodara(Baroda),Vadodara,Dry Chillies,Other,FAQ,2011-05-17 00:00:00,8000.0,12000.0,12000.0,132
Gujarat,Vadodara(Baroda),Vadodara,Dry Chillies,Other,FAQ,2011-05-26 00:00:00,8000.0,12000.0,12000.0,132
Gujarat,Vadodara(Baroda),Vadodara,Dry Chillies,Other,FAQ,2011-06-09 00:00:00,8000.0,9000.0,9000.0,132
Gujarat,Vadodara(Baroda),Vadodara,Dry Chillies,Other,FAQ,2011-06-10 00:00:00,8000.0,9000.0,8600.0,132
Gujarat,Vadodara(Baroda),Vadodara,Dry Chillies,Other,FAQ,2011-06-13 00:00:00,8000.0,9000.0,8800.0,132
Gujarat,Vadodara(Baroda),Vadodara,Dry Chillies,Other,FAQ,2011-07-04 00:00:00,7000.0,11000.0,9500.0,132
Gujarat,Vadodara(Baroda),Vadodara,Dry Chillies,Other,FAQ,2011-07-27 00:00:00,9500.0,12000.0,12000.0,132
Gujarat,Vadodara(Baroda),Vadodara,Dry Chillies,Other,FAQ,2011-07-30 00:00:00,6000.0,9000.0,9000.0,132
Gujarat,Vadodara(Baroda),Vadodara,Dry Chillies,Other,FAQ,2011-08-12 00:00:00,8000.0,10000.0,10000.0,132
Gujarat,Vadodara(Baroda),Vadodara,Dry Chillies,Other,FAQ,2011-08-16 00:00:00,8000.0,10000.0,10000.0,132
Gujarat,Vadodara(Baroda),Vadodara,Dry Chillies,Other,FAQ,2011-08-17 00:00:00,8000.0,10000.0,10000.0,132
Gujarat,Vadodara(Baroda),Vadodara,Dry Chillies,Other,FAQ,2011-08-23 00:00:00,8000.0,10000.0,10000.0,132
Gujarat,Vadodara(Baroda),Vadodara,Dry Chillies,Other,FAQ,2011-08-30 00:00:00,8000.0,10000.0,10000.0,132
Gujarat,Vadodara(Baroda),Vadodara,Dry Chillies,Other,FAQ,2011-09-07 00:00:00,7500.0,9000.0,9000.0,132
Gujarat,Vadodara(Baroda),Vadodara,Dry Chillies,Other,FAQ,2011-09-13 00:00:00,7500.0,9000.0,9000.0,132
Gujarat,Vadodara(Baroda),Vadodara,Dry Chillies,Other,FAQ,2011-09-14 00:00:00,7500.0,9000.0,9000.0,132
Gujarat,Vadodara(Baroda),Vadodara,Dry Chillies,Other,FAQ,2011-09-23 00:00:00,9000.0,12000.0,12000.0,132
Gujarat,Vadodara(Baroda),Vadodara,Dry Chillies,Other,FAQ,2011-09-26 00:00:00,9000.0,12000.0,12000.0,132
Gujarat,Vadodara(Baroda),Vadodara,Dry Chillies,Other,FAQ,2011-09-27 00:00:00,9000.0,12000.0,12000.0,132
Gujarat,Vadodara(Baroda),Vadodara,Dry Chillies,Other,FAQ,2011-10-01 00:00:00,9000.0,10000.0,10000.0,132
Gujarat,Vadodara(Baroda),Vadodara,Dry Chillies,Other,FAQ,2011-10-22 00:00:00,9000.0,10000.0,10000.0,132
Gujarat,Vadodara(Baroda),Vadodara,Dry Chillies,Other,FAQ,2011-10-25 00:00:00,9000.0,10000.0,10000.0,132
Gujarat,Vadodara(Baroda),Vadodara,Dry Chillies,Other,FAQ,2011-11-01 00:00:00,9000.0,10000.0,10000.0,132
Gujarat,Vadodara(Baroda),Vadodara,Dry Chillies,Other,FAQ,2011-11-04 00:00:00,9000.0,10000.0,10000.0,132
Gujarat,Vadodara(Baroda),Vadodara,Dry Chillies,Other,FAQ,2011-11-11 00:00:00,9000.0,10000.0,9500.0,132
Gujarat,Vadodara(Baroda),Vadodara,Dry Chillies,Other,FAQ,2011-11-14 00:00:00,9000.0,9500.0,9500.0,132
Gujarat,Vadodara(Baroda),Vadodara,Dry Chillies,Other,FAQ,2011-11-26 00:00:00,7000.0,9000.0,9000.0,132
Gujarat,Vadodara(Baroda),Vadodara,Dry Chillies,Other,FAQ,2011-12-27 00:00:00,6000.0,7500.0,7500.0,132
Gujarat,Rajkot,Rajkot,Dry Chillies,Local,FAQ,2004-03-04 00:00:00,1725.0,6000.0,4800.0,132
Gujarat,Rajkot,Rajkot,Dry Chillies,Local,FAQ,2004-03-18 00:00:00,2375.0,6000.0,4850.0,132
Gujarat,Rajkot,Rajkot,Dry Chillies,Local,FAQ,2004-03-24 00:00:00,2500.0,6275.0,5050.0,132
Gujarat,Rajkot,Rajkot,Dry Chillies,Local,FAQ,2004-04-08 00:00:00,2725.0,6525.0,5500.0,132
Gujarat,Rajkot,Rajkot,Dry Chillies,Local,FAQ,2004-04-14 00:00:00,1950.0,5650.0,4900.0,132
Gujarat,Rajkot,Rajkot,Dry Chillies,Local,FAQ,2004-04-15 00:00:00,2000.0,5250.0,4500.0,132
Gujarat,Rajkot,Rajkot,Dry Chillies,Local,FAQ,2004-04-22 00:00:00,1425.0,4375.0,3800.0,132
Gujarat,Rajkot,Rajkot,Dry Chillies,Local,FAQ,2004-04-24 00:00:00,1550.0,5500.0,4800.0,132
Gujarat,Rajkot,Rajkot,Dry Chillies,Local,FAQ,2004-05-01 00:00:00,2175.0,5125.0,4200.0,132
Gujarat,Rajkot,Rajkot,Dry Chillies,Local,FAQ,2004-05-05 00:00:00,2000.0,5200.0,4200.0,132
Gujarat,Rajkot,Rajkot,Dry Chillies,Local,FAQ,2004-05-13 00:00:00,1900.0,3600.0,3000.0,132
Gujarat,Rajkot,Rajkot,Dry Chillies,Local,FAQ,2004-05-25 00:00:00,1075.0,3600.0,3200.0,132
Gujarat,Rajkot,Rajkot,Dry Chillies,Local,FAQ,2004-05-29 00:00:00,1425.0,3100.0,2500.0,132
Gujarat,Dahod,Dahod,Dry Chillies,Other,FAQ,2004-01-05 00:00:00,3200.0,5200.0,4375.0,132
Gujarat,Dahod,Dahod,Dry Chillies,Other,FAQ,2004-01-15 00:00:00,3625.0,5000.0,4250.0,132
Gujarat,Dahod,Dahod,Dry Chillies,Other,FAQ,2004-03-24 00:00:00,2700.0,4000.0,3750.0,132
Gujarat,Dahod,Dahod,Dry Chillies,Other,FAQ,2004-04-07 00:00:00,2750.0,3750.0,3500.0,132
Gujarat,Dahod,Dahod,Dry Chillies,Other,FAQ,2004-04-08 00:00:00,2750.0,3750.0,3500.0,132
Gujarat,Dahod,Dahod,Dry Chillies,Other,FAQ,2004-05-03 00:00:00,2500.0,3500.0,3000.0,132
Gujarat,Dahod,Dahod,Dry Chillies,Other,FAQ,2004-05-31 00:00:00,2500.0,3600.0,3050.0,132
Gujarat,Dahod,Dahod,Dry Chillies,Other,FAQ,2004-06-18 00:00:00,2500.0,3625.0,3050.0,132
Gujarat,Dahod,Dahod,Dry Chillies,Other,FAQ,2004-06-26 00:00:00,2400.0,3850.0,2850.0,132
Gujarat,Dahod,Dahod,Dry Chillies,Other,FAQ,2004-07-20 00:00:00,2000.0,3650.0,2950.0,132
Gujarat,Dahod,Dahod,Dry Chillies,Other,FAQ,2004-08-09 00:00:00,2250.0,3500.0,2900.0,132
Gujarat,Dahod,Dahod,Dry Chillies,Other,FAQ,2004-08-21 00:00:00,2250.0,3500.0,2975.0,132
Gujarat,Dahod,Dahod,Dry Chillies,Other,FAQ,2004-09-03 00:00:00,2500.0,3750.0,3375.0,132
Gujarat,Dahod,Dahod,Dry Chillies,Other,FAQ,2004-09-04 00:00:00,2500.0,3750.0,3125.0,132
Gujarat,Dahod,Dahod,Dry Chillies,Other,FAQ,2004-09-15 00:00:00,2750.0,3750.0,3250.0,132
Gujarat,Dahod,Dahod,Dry Chillies,Other,FAQ,2004-10-06 00:00:00,2750.0,3500.0,3250.0,132
Gujarat,Dahod,Dahod,Dry Chillies,Other,FAQ,2004-10-15 00:00:00,2750.0,3650.0,3375.0,132
Gujarat,Dahod,Dahod,Dry Chillies,Other,FAQ,2004-10-19 00:00:00,2750.0,3625.0,3375.0,132
Gujarat,Dahod,Dahod,Dry Chillies,Other,FAQ,2004-10-20 00:00:00,2750.0,3625.0,3375.0,132
Gujarat,Dahod,Dahod,Dry Chillies,Other,FAQ,2004-11-19 00:00:00,2625.0,3750.0,3500.0,132
Gujarat,Dahod,Dahod,Dry Chillies,Other,FAQ,2004-12-20 00:00:00,2750.0,3650.0,3500.0,132
Gujarat,Jamnagar,Jamnagar,Dry Chillies,Other,FAQ,2004-02-07 00:00:00,2350.0,4625.0,3437.5,132
Gujarat,Jamnagar,Jamnagar,Dry Chillies,Other,FAQ,2004-02-10 00:00:00,1750.0,4625.0,3137.5,132
Gujarat,Jamnagar,Jamnagar,Dry Chillies,Other,FAQ,2004-03-03 00:00:00,1500.0,5350.0,3500.0,132
Gujarat,Jamnagar,Jamnagar,Dry Chillies,Other,FAQ,2004-03-09 00:00:00,1500.0,5400.0,3550.0,132
Gujarat,Jamnagar,Jamnagar,Dry Chillies,Other,FAQ,2004-03-10 00:00:00,1500.0,5075.0,3350.0,132
Gujarat,Jamnagar,Jamnagar,Dry Chillies,Other,FAQ,2004-03-15 00:00:00,1550.0,5350.0,3525.0,132
Gujarat,Jamnagar,Jamnagar,Dry Chillies,Other,FAQ,2004-03-22 00:00:00,1575.0,4950.0,3280.0,132
Gujarat,Jamnagar,Jamnagar,Dry Chillies,Other,FAQ,2004-04-06 00:00:00,1750.0,5000.0,3350.0,132
Gujarat,Jamnagar,Jamnagar,Dry Chillies,Other,FAQ,2004-04-07 00:00:00,1750.0,5025.0,3375.0,132
Gujarat,Jamnagar,Jamnagar,Dry Chillies,Other,FAQ,2004-04-10 00:00:00,1750.0,4750.0,3250.0,132
Gujarat,Jamnagar,Jamnagar,Dry Chillies,Other,FAQ,2004-04-21 00:00:00,1750.0,4900.0,3350.0,132
Gujarat,Jamnagar,Jamnagar,Dry Chillies,Other,FAQ,2004-05-07 00:00:00,1000.0,4400.0,2700.0,132
Gujarat,Jamnagar,Jamnagar,Dry Chillies,Other,FAQ,2004-06-02 00:00:00,1750.0,3625.0,2675.0,132
Gujarat,Jamnagar,Jamnagar,Dry Chillies,Other,FAQ,2004-06-12 00:00:00,750.0,2550.0,1650.0,132
Gujarat,Rajkot,Rajkot,Dry Chillies,Local,FAQ,2004-02-09 00:00:00,2000.0,5050.0,3850.0,132
Gujarat,Rajkot,Rajkot,Dry Chillies,Local,FAQ,2004-02-10 00:00:00,1975.0,5000.0,3850.0,132
Gujarat,Rajkot,Rajkot,Dry Chillies,Local,FAQ,2004-02-16 00:00:00,2350.0,5875.0,4100.0,132
Gujarat,Rajkot,Rajkot,Dry Chillies,Local,FAQ,2004-02-23 00:00:00,2925.0,6300.0,4500.0,132
Gujarat,Rajkot,Rajkot,Dry Chillies,Local,FAQ,2004-02-27 00:00:00,2250.0,5850.0,4250.0,132
Gujarat,Dahod,Dahod,Dry Chillies,Dry Chillies,FAQ,2020-01-10 00:00:00,11000.0,23300.0,21500.0,132
Gujarat,Dahod,Dahod,Dry Chillies,Dry Chillies,FAQ,2020-01-29 00:00:00,12000.0,24000.0,21000.0,132
Gujarat,Dahod,Dahod,Dry Chillies,Dry Chillies,FAQ,2020-02-11 00:00:00,12000.0,24000.0,20000.0,132
Gujarat,Dahod,Dahod,Dry Chillies,Dry Chillies,FAQ,2020-02-12 00:00:00,12000.0,23750.0,22625.0,132
Gujarat,Dahod,Dahod,Dry Chillies,Dry Chillies,FAQ,2020-02-24 00:00:00,12000.0,23750.0,22500.0,132
Gujarat,Dahod,Dahod,Dry Chillies,Dry Chillies,FAQ,2020-02-25 00:00:00,12000.0,23750.0,22000.0,132
Gujarat,Dahod,Dahod,Dry Chillies,Dry Chillies,FAQ,2020-02-29 00:00:00,12000.0,23500.0,20000.0,132
Gujarat,Dahod,Dahod,Dry Chillies,Dry Chillies,FAQ,2020-03-13 00:00:00,8000.0,18000.0,15000.0,132
Gujarat,Dahod,Dahod,Dry Chillies,Dry Chillies,FAQ,2020-03-14 00:00:00,8000.0,18000.0,15000.0,132
Gujarat,Dahod,Dahod,Dry Chillies,Dry Chillies,FAQ,2020-03-16 00:00:00,8000.0,18000.0,16500.0,132
Gujarat,Dahod,Dahod,Dry Chillies,Dry Chillies,FAQ,2020-04-22 00:00:00,13500.0,18500.0,17500.0,132
Gujarat,Dahod,Dahod,Dry Chillies,Dry Chillies,FAQ,2020-04-24 00:00:00,13500.0,18500.0,17500.0,132
Gujarat,Dahod,Dahod,Dry Chillies,Dry Chillies,FAQ,2020-05-01 00:00:00,13500.0,18500.0,17500.0,132
Gujarat,Dahod,Dahod,Dry Chillies,Dry Chillies,FAQ,2020-06-05 00:00:00,11750.0,19500.0,17750.0,132
Gujarat,Dahod,Dahod,Dry Chillies,Dry Chillies,FAQ,2020-06-06 00:00:00,11500.0,19000.0,17500.0,132
Gujarat,Dahod,Dahod,Dry Chillies,Dry Chillies,FAQ,2020-06-08 00:00:00,11500.0,19500.0,17000.0,132
Gujarat,Dahod,Dahod,Dry Chillies,Dry Chillies,FAQ,2020-06-10 00:00:00,11500.0,19500.0,17000.0,132
Gujarat,Dahod,Dahod,Dry Chillies,Dry Chillies,FAQ,2020-06-27 00:00:00,10000.0,17500.0,16000.0,132
Gujarat,Dahod,Dahod,Dry Chillies,Dry Chillies,FAQ,2020-08-31 00:00:00,10000.0,17500.0,15000.0,132
Gujarat,Dahod,Dahod,Dry Chillies,Dry Chillies,FAQ,2020-09-07 00:00:00,10000.0,17500.0,15750.0,132
Gujarat,Dahod,Dahod,Dry Chillies,Dry Chillies,FAQ,2020-09-15 00:00:00,10000.0,17250.0,16500.0,132
Gujarat,Dahod,Dahod,Dry Chillies,Dry Chillies,FAQ,2020-10-01 00:00:00,15000.0,19500.0,18000.0,132
Gujarat,Dahod,Dahod,Dry Chillies,Dry Chillies,FAQ,2020-10-06 00:00:00,15000.0,19500.0,18000.0,132
Gujarat,Dahod,Dahod,Dry Chillies,Dry Chillies,FAQ,2020-10-08 00:00:00,15000.0,19500.0,18000.0,132
Gujarat,Dahod,Dahod,Dry Chillies,Dry Chillies,FAQ,2020-10-13 00:00:00,15000.0,19500.0,17500.0,132
Gujarat,Dahod,Dahod,Dry Chillies,Dry Chillies,FAQ,2020-10-17 00:00:00,15000.0,19500.0,17500.0,132
Gujarat,Dahod,Dahod,Dry Chillies,Dry Chillies,FAQ,2020-11-04 00:00:00,15000.0,19500.0,18000.0,132
Gujarat,Dahod,Dahod,Dry Chillies,Dry Chillies,FAQ,2020-11-09 00:00:00,15000.0,21000.0,19000.0,132
Gujarat,Dahod,Dahod,Dry Chillies,Dry Chillies,FAQ,2020-11-20 00:00:00,15000.0,22000.0,19500.0,132
Gujarat,Dahod,Dahod,Dry Chillies,Dry Chillies,FAQ,2020-11-26 00:00:00,15000.0,22000.0,20000.0,132
Gujarat,Dahod,Dahod,Dry Chillies,Dry Chillies,FAQ,2020-12-03 00:00:00,15000.0,22500.0,20250.0,132
Gujarat,Dahod,Dahod,Dry Chillies,Dry Chillies,FAQ,2020-12-07 00:00:00,15000.0,22500.0,20000.0,132
Gujarat,Jamnagar,Jamnagar,Dry Chillies,1st Sort,FAQ,2020-01-02 00:00:00,4250.0,14625.0,9438.0,132
Gujarat,Jamnagar,Jamnagar,Dry Chillies,1st Sort,FAQ,2020-01-18 00:00:00,3250.0,14600.0,8925.0,132
Gujarat,Jamnagar,Jamnagar,Dry Chillies,1st Sort,FAQ,2020-05-27 00:00:00,6725.0,10025.0,8375.0,132
Gujarat,Jamnagar,Jamnagar,Dry Chillies,1st Sort,FAQ,2020-06-08 00:00:00,3000.0,5500.0,4250.0,132
Gujarat,Rajkot,Gondal,Dry Chillies,Bold 1,FAQ,2020-01-04 00:00:00,2755.0,15505.0,11755.0,132
Gujarat,Rajkot,Gondal,Dry Chillies,Bold 1,FAQ,2020-01-09 00:00:00,6255.0,17505.0,15255.0,132
Gujarat,Rajkot,Gondal,Dry Chillies,Bold 1,FAQ,2020-01-18 00:00:00,3505.0,15255.0,11005.0,132
Gujarat,Rajkot,Gondal,Dry Chillies,Bold 1,FAQ,2020-01-21 00:00:00,2755.0,14255.0,11255.0,132
Gujarat,Rajkot,Gondal,Dry Chillies,Bold 1,FAQ,2020-01-24 00:00:00,3380.0,15005.0,11755.0,132
Gujarat,Rajkot,Gondal,Dry Chillies,Bold 1,FAQ,2020-02-01 00:00:00,2880.0,12505.0,10255.0,132
Gujarat,Rajkot,Gondal,Dry Chillies,Bold 1,FAQ,2020-02-19 00:00:00,2505.0,12380.0,10500.0,132
Gujarat,Rajkot,Gondal,Dry Chillies,Bold 1,FAQ,2020-02-27 00:00:00,2630.0,12380.0,10500.0,132
Gujarat,Rajkot,Gondal,Dry Chillies,Bold 1,FAQ,2020-02-28 00:00:00,2630.0,12630.0,10755.0,132
Gujarat,Rajkot,Gondal,Dry Chillies,Bold 1,FAQ,2020-03-02 00:00:00,3005.0,13005.0,10505.0,132
Gujarat,Rajkot,Gondal,Dry Chillies,Bold 1,FAQ,2020-03-04 00:00:00,2630.0,13005.0,11000.0,132
Gujarat,Rajkot,Gondal,Dry Chillies,Bold 1,FAQ,2020-03-14 00:00:00,4505.0,12630.0,10755.0,132
Gujarat,Rajkot,Gondal,Dry Chillies,Bold 1,FAQ,2020-04-29 00:00:00,4505.0,11505.0,9755.0,132
Gujarat,Rajkot,Gondal,Dry Chillies,Bold 1,FAQ,2020-05-02 00:00:00,4005.0,12255.0,9755.0,132
Gujarat,Rajkot,Gondal,Dry Chillies,Bold 1,FAQ,2020-05-04 00:00:00,4005.0,12755.0,10005.0,132
Gujarat,Rajkot,Gondal,Dry Chillies,Bold 1,FAQ,2020-05-05 00:00:00,4005.0,12755.0,10005.0,132
Gujarat,Rajkot,Gondal,Dry Chillies,Bold 1,FAQ,2020-05-06 00:00:00,4005.0,13005.0,10005.0,132
Gujarat,Rajkot,Gondal,Dry Chillies,Bold 1,FAQ,2020-05-12 00:00:00,4005.0,14005.0,11255.0,132
Gujarat,Rajkot,Gondal,Dry Chillies,Bold 1,FAQ,2020-06-06 00:00:00,4755.0,13255.0,8755.0,132
Gujarat,Rajkot,Gondal,Dry Chillies,Bold 1,FAQ,2020-06-10 00:00:00,4005.0,13005.0,9005.0,132
Gujarat,Rajkot,Rajkot,Dry Chillies,Red,FAQ,2020-01-01 00:00:00,4000.0,15625.0,7500.0,132
Gujarat,Rajkot,Rajkot,Dry Chillies,Red,FAQ,2020-01-04 00:00:00,4500.0,15000.0,9000.0,132
Gujarat,Rajkot,Rajkot,Dry Chillies,Red,FAQ,2020-01-18 00:00:00,4125.0,15000.0,9000.0,132
Gujarat,Rajkot,Rajkot,Dry Chillies,Red,FAQ,2020-01-27 00:00:00,4000.0,13000.0,9000.0,132
Gujarat,Rajkot,Rajkot,Dry Chillies,Red,FAQ,2020-02-01 00:00:00,3500.0,11500.0,9000.0,132
Gujarat,Rajkot,Rajkot,Dry Chillies,Red,FAQ,2020-02-12 00:00:00,4000.0,11000.0,9000.0,132
Gujarat,Rajkot,Rajkot,Dry Chillies,Red,FAQ,2020-02-14 00:00:00,4000.0,11500.0,9000.0,132
Gujarat,Rajkot,Rajkot,Dry Chillies,Red,FAQ,2020-02-27 00:00:00,6000.0,14425.0,10000.0,132
Gujarat,Rajkot,Rajkot,Dry Chillies,Red,FAQ,2020-02-28 00:00:00,5000.0,17500.0,12500.0,132
Gujarat,Rajkot,Rajkot,Dry Chillies,Red,FAQ,2020-03-12 00:00:00,10000.0,20000.0,13000.0,132
Gujarat,Rajkot,Rajkot,Dry Chillies,Red,FAQ,2020-03-17 00:00:00,10000.0,19000.0,11000.0,132
Gujarat,Rajkot,Rajkot,Dry Chillies,Red,FAQ,2020-03-18 00:00:00,7500.0,18000.0,10500.0,132
Gujarat,Rajkot,Rajkot,Dry Chillies,Red,FAQ,2020-05-06 00:00:00,7900.0,10525.0,9475.0,132
Gujarat,Rajkot,Rajkot,Dry Chillies,Red,FAQ,2020-05-13 00:00:00,7500.0,11000.0,8750.0,132
Gujarat,Rajkot,Rajkot,Dry Chillies,Red,FAQ,2020-05-18 00:00:00,5250.0,16000.0,10500.0,132
Gujarat,Rajkot,Rajkot,Dry Chillies,Red,FAQ,2020-05-30 00:00:00,12500.0,21000.0,17500.0,132
Gujarat,Rajkot,Rajkot,Dry Chillies,Red,FAQ,2020-12-14 00:00:00,10000.0,18000.0,12500.0,132
Gujarat,Rajkot,Rajkot,Dry Chillies,Red,FAQ,2020-12-15 00:00:00,9000.0,18255.0,13000.0,132
Gujarat,Rajkot,Rajkot,Dry Chillies,Red,FAQ,2020-12-16 00:00:00,8000.0,17755.0,11000.0,132
Gujarat,Rajkot,Rajkot,Dry Chillies,Red,FAQ,2020-12-25 00:00:00,8000.0,18000.0,14000.0,132
Gujarat,Rajkot,Rajkot,Dry Chillies,Red,FAQ,2020-12-30 00:00:00,7500.0,17325.0,11000.0,132
Gujarat,Dahod,Dahod,Dry Chillies,Dry Chillies,FAQ,2021-01-06 00:00:00,15000.0,22500.0,20000.0,132
Gujarat,Dahod,Dahod,Dry Chillies,Dry Chillies,FAQ,2021-01-12 00:00:00,15000.0,22500.0,20000.0,132
Gujarat,Dahod,Dahod,Dry Chillies,Dry Chillies,FAQ,2021-01-18 00:00:00,15000.0,22500.0,20000.0,132
Gujarat,Dahod,Dahod,Dry Chillies,Dry Chillies,FAQ,2021-02-06 00:00:00,15000.0,20000.0,18250.0,132
Gujarat,Dahod,Dahod,Dry Chillies,Dry Chillies,FAQ,2021-02-15 00:00:00,15000.0,20000.0,18000.0,132
Gujarat,Dahod,Dahod,Dry Chillies,Dry Chillies,FAQ,2021-02-22 00:00:00,15000.0,20000.0,18500.0,132
Gujarat,Dahod,Dahod,Dry Chillies,Dry Chillies,FAQ,2021-03-02 00:00:00,15000.0,19750.0,19125.0,132
Gujarat,Dahod,Dahod,Dry Chillies,Dry Chillies,FAQ,2021-03-06 00:00:00,15000.0,19750.0,19250.0,132
Gujarat,Dahod,Dahod,Dry Chillies,Dry Chillies,FAQ,2021-03-12 00:00:00,15000.0,19500.0,19000.0,132
Gujarat,Dahod,Dahod,Dry Chillies,Dry Chillies,FAQ,2021-04-05 00:00:00,15000.0,19000.0,17500.0,132
Gujarat,Dahod,Dahod,Dry Chillies,Dry Chillies,FAQ,2021-04-19 00:00:00,15000.0,19000.0,17000.0,132
Gujarat,Dahod,Dahod,Dry Chillies,Dry Chillies,FAQ,2021-04-20 00:00:00,15000.0,19000.0,17500.0,132
Gujarat,Dahod,Dahod,Dry Chillies,Dry Chillies,FAQ,2021-06-22 00:00:00,13000.0,18500.0,15000.0,132
Gujarat,Dahod,Dahod,Dry Chillies,Dry Chillies,FAQ,2021-08-21 00:00:00,14000.0,18500.0,16000.0,132
Gujarat,Dahod,Dahod,Dry Chillies,Dry Chillies,FAQ,2021-08-26 00:00:00,14000.0,18500.0,16500.0,132
Gujarat,Dahod,Dahod,Dry Chillies,Dry Chillies,FAQ,2021-09-13 00:00:00,14000.0,18500.0,17250.0,132
Gujarat,Dahod,Dahod,Dry Chillies,Dry Chillies,FAQ,2021-09-18 00:00:00,12000.0,18500.0,17375.0,132
Gujarat,Dahod,Dahod,Dry Chillies,Dry Chillies,FAQ,2021-09-27 00:00:00,12000.0,18500.0,17350.0,132
Gujarat,Dahod,Dahod,Dry Chillies,Dry Chillies,FAQ,2021-10-27 00:00:00,12000.0,18000.0,16500.0,132
Gujarat,Dahod,Dahod,Dry Chillies,Dry Chillies,FAQ,2021-10-28 00:00:00,12000.0,18000.0,16000.0,132
Gujarat,Dahod,Dahod,Dry Chillies,Dry Chillies,FAQ,2021-12-27 00:00:00,10500.0,19000.0,17000.0,132
Gujarat,Jamnagar,Jamnagar,Dry Chillies,1st Sort,FAQ,2021-01-06 00:00:00,5000.0,14625.0,9813.0,132
Gujarat,Jamnagar,Jamnagar,Dry Chillies,1st Sort,FAQ,2021-01-19 00:00:00,5500.0,16075.0,10788.0,132
Gujarat,Jamnagar,Jamnagar,Dry Chillies,1st Sort,FAQ,2021-01-22 00:00:00,7375.0,16000.0,11688.0,132
Gujarat,Jamnagar,Jamnagar,Dry Chillies,1st Sort,FAQ,2021-01-29 00:00:00,7330.0,15775.0,11553.0,132
Gujarat,Jamnagar,Jamnagar,Dry Chillies,1st Sort,FAQ,2021-02-02 00:00:00,7800.0,15200.0,11500.0,132
Gujarat,Jamnagar,Jamnagar,Dry Chillies,1st Sort,FAQ,2021-02-08 00:00:00,6700.0,14775.0,10738.0,132
Gujarat,Jamnagar,Jamnagar,Dry Chillies,1st Sort,FAQ,2021-02-11 00:00:00,7500.0,15725.0,11613.0,132
Gujarat,Jamnagar,Jamnagar,Dry Chillies,1st Sort,FAQ,2021-02-13 00:00:00,7500.0,14525.0,11013.0,132
Gujarat,Jamnagar,Jamnagar,Dry Chillies,1st Sort,FAQ,2021-02-16 00:00:00,7500.0,12000.0,9750.0,132
Gujarat,Jamnagar,Jamnagar,Dry Chillies,1st Sort,FAQ,2021-02-24 00:00:00,6000.0,13225.0,9613.0,132
Gujarat,Jamnagar,Jamnagar,Dry Chillies,1st Sort,FAQ,2021-03-19 00:00:00,5000.0,22100.0,13050.0,132
Gujarat,Jamnagar,Jamnagar,Dry Chillies,1st Sort,FAQ,2021-11-10 00:00:00,4325.0,12075.0,8200.0,132
Gujarat,Jamnagar,Jamnagar,Dry Chillies,1st Sort,FAQ,2021-11-13 00:00:00,3500.0,9000.0,6250.0,132
Gujarat,Rajkot,Gondal,Dry Chillies,Bold 1,FAQ,2021-01-13 00:00:00,4255.0,17505.0,13525.0,132
Gujarat,Rajkot,Gondal,Dry Chillies,Bold 1,FAQ,2021-01-15 00:00:00,4005.0,17255.0,13505.0,132
Gujarat,Rajkot,Gondal,Dry Chillies,Bold 1,FAQ,2021-01-19 00:00:00,3505.0,16005.0,13255.0,132
Gujarat,Rajkot,Gondal,Dry Chillies,Bold 1,FAQ,2021-01-22 00:00:00,4505.0,16255.0,13255.0,132
Gujarat,Rajkot,Gondal,Dry Chillies,Bold 1,FAQ,2021-01-28 00:00:00,5000.0,16255.0,13755.0,132
Gujarat,Rajkot,Gondal,Dry Chillies,Bold 1,FAQ,2021-02-02 00:00:00,5000.0,15755.0,12755.0,132
Gujarat,Rajkot,Gondal,Dry Chillies,Bold 1,FAQ,2021-02-04 00:00:00,4005.0,15255.0,12505.0,132
Gujarat,Rajkot,Gondal,Dry Chillies,Bold 1,FAQ,2021-02-05 00:00:00,4255.0,15005.0,12755.0,132
Gujarat,Rajkot,Gondal,Dry Chillies,Bold 1,FAQ,2021-02-08 00:00:00,3755.0,14755.0,12255.0,132
Gujarat,Rajkot,Gondal,Dry Chillies,Bold 1,FAQ,2021-02-09 00:00:00,3505.0,14505.0,12255.0,132
Gujarat,Rajkot,Gondal,Dry Chillies,Bold 1,FAQ,2021-02-16 00:00:00,3505.0,14005.0,11755.0,132
Gujarat,Rajkot,Gondal,Dry Chillies,Bold 1,FAQ,2021-02-17 00:00:00,4505.0,14255.0,12005.0,132
Gujarat,Rajkot,Gondal,Dry Chillies,Bold 1,FAQ,2021-02-19 00:00:00,4505.0,14505.0,11755.0,132
Gujarat,Rajkot,Rajkot,Dry Chillies,Red,FAQ,2021-01-01 00:00:00,6500.0,16650.0,13000.0,132
Gujarat,Rajkot,Rajkot,Dry Chillies,Red,FAQ,2021-01-19 00:00:00,7500.0,16250.0,11000.0,132
Gujarat,Rajkot,Rajkot,Dry Chillies,Red,FAQ,2021-01-22 00:00:00,7610.0,16000.0,12500.0,132
Gujarat,Rajkot,Rajkot,Dry Chillies,Red,FAQ,2021-01-23 00:00:00,7500.0,16250.0,11000.0,132
Gujarat,Rajkot,Rajkot,Dry Chillies,Red,FAQ,2021-02-02 00:00:00,9000.0,16000.0,13250.0,132
Gujarat,Rajkot,Rajkot,Dry Chillies,Red,FAQ,2021-02-04 00:00:00,8500.0,15750.0,13000.0,132
Gujarat,Rajkot,Rajkot,Dry Chillies,Red,FAQ,2021-02-17 00:00:00,8000.0,14500.0,12000.0,132
Gujarat,Rajkot,Rajkot,Dry Chillies,Red,FAQ,2021-02-25 00:00:00,8500.0,13750.0,12000.0,132
Gujarat,Rajkot,Rajkot,Dry Chillies,Red,FAQ,2021-03-18 00:00:00,11250.0,15075.0,11750.0,132
Gujarat,Rajkot,Rajkot,Dry Chillies,Red,FAQ,2021-03-19 00:00:00,8500.0,14250.0,11500.0,132
Gujarat,Rajkot,Rajkot,Dry Chillies,Red,FAQ,2021-04-02 00:00:00,8500.0,13750.0,11500.0,132
Gujarat,Rajkot,Rajkot,Dry Chillies,Red,FAQ,2021-04-03 00:00:00,8500.0,13500.0,11000.0,132
Gujarat,Rajkot,Rajkot,Dry Chillies,Red,FAQ,2021-04-05 00:00:00,9000.0,13750.0,11500.0,132
Gujarat,Rajkot,Rajkot,Dry Chillies,Red,FAQ,2021-04-07 00:00:00,8500.0,13500.0,11000.0,132
Gujarat,Rajkot,Rajkot,Dry Chillies,Red,FAQ,2021-05-28 00:00:00,1500.0,8750.0,5000.0,132
Gujarat,Rajkot,Rajkot,Dry Chillies,Red,FAQ,2021-06-08 00:00:00,1500.0,5500.0,4250.0,132
Gujarat,Rajkot,Rajkot,Dry Chillies,Red,FAQ,2021-06-25 00:00:00,3500.0,8500.0,4500.0,132
Gujarat,Rajkot,Rajkot,Dry Chillies,Red,FAQ,2021-11-15 00:00:00,3000.0,9000.0,6000.0,132
Gujarat,Rajkot,Rajkot,Dry Chillies,Red,FAQ,2021-11-19 00:00:00,3000.0,10000.0,6500.0,132
Gujarat,Rajkot,Rajkot,Dry Chillies,Red,FAQ,2021-11-27 00:00:00,7000.0,13000.0,10000.0,132
Gujarat,Rajkot,Rajkot,Dry Chillies,Red,FAQ,2021-11-29 00:00:00,9000.0,12500.0,11000.0,132
Gujarat,Rajkot,Rajkot,Dry Chillies,Red,FAQ,2021-12-04 00:00:00,7500.0,14000.0,11000.0,132
Gujarat,Rajkot,Rajkot,Dry Chillies,Red,FAQ,2021-12-09 00:00:00,6000.0,13000.0,9000.0,132
Gujarat,Rajkot,Rajkot,Dry Chillies,Red,FAQ,2021-12-14 00:00:00,7000.0,17500.0,10500.0,132
Gujarat,Rajkot,Rajkot,Dry Chillies,Red,FAQ,2021-12-20 00:00:00,6000.0,17500.0,9000.0,132
Gujarat,Rajkot,Rajkot,Dry Chillies,Red,FAQ,2021-12-27 00:00:00,7250.0,14750.0,11000.0,132
Gujarat,Rajkot,Rajkot,Dry Chillies,Red,FAQ,2021-12-30 00:00:00,7500.0,16700.0,13125.0,132
Gujarat,Dahod,Dahod,Dry Chillies,Dry Chillies,FAQ,2016-02-23 00:00:00,11000.0,14000.0,12500.0,132
Gujarat,Dahod,Dahod,Dry Chillies,Dry Chillies,FAQ,2016-03-14 00:00:00,12000.0,16000.0,14500.0,132
Gujarat,Dahod,Dahod,Dry Chillies,Dry Chillies,FAQ,2016-03-22 00:00:00,12000.0,16000.0,14000.0,132
Gujarat,Dahod,Dahod,Dry Chillies,Dry Chillies,FAQ,2016-04-11 00:00:00,12000.0,15500.0,15000.0,132
Gujarat,Dahod,Dahod,Dry Chillies,Dry Chillies,FAQ,2016-04-12 00:00:00,12000.0,15500.0,14750.0,132
Gujarat,Dahod,Dahod,Dry Chillies,Dry Chillies,FAQ,2016-04-13 00:00:00,12000.0,15500.0,15000.0,132
Gujarat,Dahod,Dahod,Dry Chillies,Dry Chillies,FAQ,2016-04-18 00:00:00,12000.0,15500.0,14500.0,132
Gujarat,Dahod,Dahod,Dry Chillies,Dry Chillies,FAQ,2016-04-22 00:00:00,9000.0,11000.0,10000.0,132
Gujarat,Dahod,Dahod,Dry Chillies,Dry Chillies,FAQ,2016-05-04 00:00:00,12000.0,15500.0,13500.0,132
Gujarat,Dahod,Dahod,Dry Chillies,Dry Chillies,FAQ,2016-05-09 00:00:00,10500.0,15000.0,12500.0,132
Gujarat,Dahod,Dahod,Dry Chillies,Dry Chillies,FAQ,2016-05-11 00:00:00,10500.0,15500.0,14000.0,132
Gujarat,Dahod,Dahod,Dry Chillies,Dry Chillies,FAQ,2016-05-16 00:00:00,10500.0,15500.0,14500.0,132
Gujarat,Dahod,Dahod,Dry Chillies,Dry Chillies,FAQ,2016-06-18 00:00:00,10000.0,16000.0,14000.0,132
Gujarat,Dahod,Dahod,Dry Chillies,Dry Chillies,FAQ,2016-06-24 00:00:00,10000.0,16000.0,14000.0,132
Gujarat,Dahod,Dahod,Dry Chillies,Dry Chillies,FAQ,2016-07-04 00:00:00,10000.0,15000.0,13500.0,132
Gujarat,Dahod,Dahod,Dry Chillies,Dry Chillies,FAQ,2016-07-12 00:00:00,10000.0,15000.0,12500.0,132
Gujarat,Dahod,Dahod,Dry Chillies,Dry Chillies,FAQ,2016-07-14 00:00:00,10000.0,15000.0,13000.0,132
Gujarat,Dahod,Dahod,Dry Chillies,Dry Chillies,FAQ,2016-07-19 00:00:00,10000.0,15000.0,13000.0,132
Gujarat,Dahod,Dahod,Dry Chillies,Dry Chillies,FAQ,2016-07-25 00:00:00,10000.0,16000.0,14000.0,132
Gujarat,Dahod,Dahod,Dry Chillies,Dry Chillies,FAQ,2016-07-27 00:00:00,10000.0,16000.0,13000.0,132
Gujarat,Dahod,Dahod,Dry Chillies,Dry Chillies,FAQ,2016-07-29 00:00:00,10000.0,16000.0,14000.0,132
Gujarat,Dahod,Dahod,Dry Chillies,Dry Chillies,FAQ,2016-08-08 00:00:00,10000.0,16000.0,14000.0,132
Gujarat,Dahod,Dahod,Dry Chillies,Dry Chillies,FAQ,2016-08-17 00:00:00,10000.0,16000.0,14000.0,132
Gujarat,Dahod,Dahod,Dry Chillies,Dry Chillies,FAQ,2016-08-23 00:00:00,10000.0,16000.0,14300.0,132
Gujarat,Dahod,Dahod,Dry Chillies,Dry Chillies,FAQ,2016-08-31 00:00:00,10000.0,16000.0,14000.0,132
Gujarat,Dahod,Dahod,Dry Chillies,Dry Chillies,FAQ,2016-09-10 00:00:00,10000.0,16000.0,14250.0,132
Gujarat,Dahod,Dahod,Dry Chillies,Dry Chillies,FAQ,2016-09-12 00:00:00,10000.0,16000.0,14250.0,132
Gujarat,Dahod,Dahod,Dry Chillies,Dry Chillies,FAQ,2016-09-13 00:00:00,10000.0,16000.0,14000.0,132
Gujarat,Dahod,Dahod,Dry Chillies,Dry Chillies,FAQ,2016-09-17 00:00:00,10000.0,15500.0,14000.0,132
Gujarat,Dahod,Dahod,Dry Chillies,Dry Chillies,FAQ,2016-10-13 00:00:00,12000.0,15500.0,13500.0,132
Gujarat,Dahod,Dahod,Dry Chillies,Dry Chillies,FAQ,2016-10-28 00:00:00,10000.0,15000.0,13000.0,132
Gujarat,Dahod,Dahod,Dry Chillies,Dry Chillies,FAQ,2016-11-07 00:00:00,10000.0,15000.0,11250.0,132
Gujarat,Dahod,Dahod,Dry Chillies,Dry Chillies,FAQ,2016-11-09 00:00:00,10000.0,15000.0,13000.0,132
Gujarat,Dahod,Dahod,Dry Chillies,Dry Chillies,FAQ,2016-12-15 00:00:00,10000.0,14500.0,13500.0,132
Gujarat,Dahod,Dahod,Dry Chillies,Dry Chillies,FAQ,2016-12-17 00:00:00,8500.0,14500.0,12875.0,132
Gujarat,Rajkot,Gondal,Dry Chillies,Bold 1,FAQ,2016-02-22 00:00:00,7505.0,13755.0,12755.0,132
Gujarat,Rajkot,Gondal,Dry Chillies,Bold 1,FAQ,2016-02-24 00:00:00,7500.0,16205.0,13005.0,132
Gujarat,Rajkot,Gondal,Dry Chillies,Bold 1,FAQ,2016-02-27 00:00:00,9005.0,15900.0,12805.0,132
Gujarat,Rajkot,Gondal,Dry Chillies,Bold 1,FAQ,2016-03-02 00:00:00,7505.0,16405.0,13405.0,132
Gujarat,Rajkot,Gondal,Dry Chillies,Bold 1,FAQ,2016-03-03 00:00:00,5005.0,15905.0,12405.0,132
Gujarat,Rajkot,Gondal,Dry Chillies,Bold 1,FAQ,2016-03-10 00:00:00,5000.0,14405.0,12500.0,132
Gujarat,Rajkot,Gondal,Dry Chillies,Bold 1,FAQ,2016-03-14 00:00:00,5505.0,14605.0,11505.0,132
Gujarat,Rajkot,Gondal,Dry Chillies,Bold 1,FAQ,2016-03-15 00:00:00,5505.0,14705.0,12705.0,132
Gujarat,Rajkot,Gondal,Dry Chillies,Bold 1,FAQ,2016-03-16 00:00:00,5505.0,15905.0,12255.0,132
Gujarat,Rajkot,Gondal,Dry Chillies,Bold 1,FAQ,2016-04-07 00:00:00,5505.0,17505.0,13205.0,132
Gujarat,Rajkot,Gondal,Dry Chillies,Bold 1,FAQ,2016-04-16 00:00:00,5505.0,18505.0,13705.0,132
Gujarat,Rajkot,Gondal,Dry Chillies,Bold 1,FAQ,2016-04-26 00:00:00,5505.0,18505.0,15705.0,132
Gujarat,Rajkot,Gondal,Dry Chillies,Bold 1,FAQ,2016-04-29 00:00:00,5005.0,18255.0,11755.0,132
Gujarat,Rajkot,Gondal,Dry Chillies,Bold 1,FAQ,2016-05-04 00:00:00,2755.0,15755.0,13755.0,132
Gujarat,Rajkot,Gondal,Dry Chillies,Bold 1,FAQ,2016-05-10 00:00:00,5505.0,16755.0,16005.0,132
Gujarat,Rajkot,Gondal,Dry Chillies,Bold 1,FAQ,2016-05-11 00:00:00,4505.0,19755.0,17005.0,132
Gujarat,Rajkot,Gondal,Dry Chillies,Bold 1,FAQ,2016-12-01 00:00:00,3505.0,8405.0,7905.0,132
Gujarat,Rajkot,Gondal,Dry Chillies,Bold 1,FAQ,2016-12-09 00:00:00,3605.0,9605.0,9205.0,132
Gujarat,Rajkot,Gondal,Dry Chillies,Bold 1,FAQ,2016-12-15 00:00:00,3605.0,9905.0,8405.0,132
Gujarat,Vadodara(Baroda),Vadodara,Dry Chillies,Other,FAQ,2016-01-07 00:00:00,11000.0,14000.0,14000.0,132
Gujarat,Vadodara(Baroda),Vadodara,Dry Chillies,Other,FAQ,2016-01-13 00:00:00,11000.0,14000.0,14000.0,132
Gujarat,Vadodara(Baroda),Vadodara,Dry Chillies,Other,FAQ,2016-01-23 00:00:00,10000.0,13000.0,13000.0,132
Gujarat,Vadodara(Baroda),Vadodara,Dry Chillies,Other,FAQ,2016-02-05 00:00:00,10000.0,11000.0,11000.0,132
Gujarat,Vadodara(Baroda),Vadodara,Dry Chillies,Other,FAQ,2016-02-15 00:00:00,13000.0,14000.0,14000.0,132
Gujarat,Vadodara(Baroda),Vadodara,Dry Chillies,Other,FAQ,2016-03-08 00:00:00,12000.0,15000.0,15000.0,132
Gujarat,Vadodara(Baroda),Vadodara,Dry Chillies,Other,FAQ,2016-03-19 00:00:00,12000.0,13000.0,13000.0,132
Gujarat,Vadodara(Baroda),Vadodara,Dry Chillies,Other,FAQ,2016-04-06 00:00:00,12000.0,14000.0,14000.0,132
Gujarat,Vadodara(Baroda),Vadodara,Dry Chillies,Other,FAQ,2016-04-07 00:00:00,12000.0,14000.0,14000.0,132
Gujarat,Vadodara(Baroda),Vadodara,Dry Chillies,Other,FAQ,2016-04-12 00:00:00,12000.0,14000.0,14000.0,132
Gujarat,Vadodara(Baroda),Vadodara,Dry Chillies,Other,FAQ,2016-05-19 00:00:00,13000.0,15000.0,15000.0,132
Gujarat,Vadodara(Baroda),Vadodara,Dry Chillies,Other,FAQ,2016-06-23 00:00:00,12000.0,13000.0,13000.0,132
Gujarat,Vadodara(Baroda),Vadodara,Dry Chillies,Other,FAQ,2016-07-13 00:00:00,14000.0,15000.0,15000.0,132
Gujarat,Vadodara(Baroda),Vadodara,Dry Chillies,Other,FAQ,2016-11-07 00:00:00,12500.0,13500.0,13500.0,132
Gujarat,Vadodara(Baroda),Vadodara,Dry Chillies,Other,FAQ,2016-12-02 00:00:00,8500.0,10000.0,10000.0,132
Gujarat,Vadodara(Baroda),Vadodara,Dry Chillies,Other,FAQ,2016-12-09 00:00:00,8500.0,10000.0,10000.0,132
Gujarat,Vadodara(Baroda),Vadodara,Dry Chillies,Other,FAQ,2016-12-10 00:00:00,8500.0,10000.0,10000.0,132
Gujarat,Vadodara(Baroda),Vadodara,Dry Chillies,Other,FAQ,2016-12-12 00:00:00,8500.0,10000.0,10000.0,132
Gujarat,Vadodara(Baroda),Vadodara,Dry Chillies,Other,FAQ,2016-12-17 00:00:00,10000.0,12000.0,12000.0,132
Gujarat,Vadodara(Baroda),Vadodara,Dry Chillies,Other,FAQ,2016-12-23 00:00:00,10000.0,12000.0,12000.0,132
Gujarat,Dahod,Dahod,Dry Chillies,Dry Chillies,FAQ,2015-01-05 00:00:00,8500.0,11500.0,11000.0,132
Gujarat,Dahod,Dahod,Dry Chillies,Dry Chillies,FAQ,2015-01-09 00:00:00,8500.0,11250.0,10500.0,132
Gujarat,Dahod,Dahod,Dry Chillies,Dry Chillies,FAQ,2015-01-17 00:00:00,8500.0,11000.0,10500.0,132
Gujarat,Dahod,Dahod,Dry Chillies,Dry Chillies,FAQ,2015-02-09 00:00:00,8500.0,11000.0,10750.0,132
Gujarat,Dahod,Dahod,Dry Chillies,Dry Chillies,FAQ,2015-02-16 00:00:00,8500.0,11000.0,10750.0,132
Gujarat,Dahod,Dahod,Dry Chillies,Dry Chillies,FAQ,2015-02-25 00:00:00,8500.0,11000.0,10750.0,132
Gujarat,Dahod,Dahod,Dry Chillies,Dry Chillies,FAQ,2015-03-13 00:00:00,8500.0,9500.0,9250.0,132
Gujarat,Dahod,Dahod,Dry Chillies,Dry Chillies,FAQ,2015-03-19 00:00:00,8500.0,9500.0,9250.0,132
Gujarat,Dahod,Dahod,Dry Chillies,Dry Chillies,FAQ,2015-04-10 00:00:00,9000.0,13000.0,12500.0,132
Gujarat,Dahod,Dahod,Dry Chillies,Dry Chillies,FAQ,2015-04-18 00:00:00,9000.0,13000.0,12000.0,132
Gujarat,Dahod,Dahod,Dry Chillies,Dry Chillies,FAQ,2015-04-23 00:00:00,9000.0,13000.0,11000.0,132
Gujarat,Dahod,Dahod,Dry Chillies,Dry Chillies,FAQ,2015-05-01 00:00:00,9000.0,13000.0,12250.0,132
Gujarat,Dahod,Dahod,Dry Chillies,Dry Chillies,FAQ,2015-05-08 00:00:00,8500.0,11000.0,10000.0,132
Gujarat,Dahod,Dahod,Dry Chillies,Dry Chillies,FAQ,2015-05-11 00:00:00,8500.0,11000.0,10000.0,132
Gujarat,Dahod,Dahod,Dry Chillies,Dry Chillies,FAQ,2015-05-14 00:00:00,8500.0,11000.0,10000.0,132
Gujarat,Dahod,Dahod,Dry Chillies,Dry Chillies,FAQ,2015-05-25 00:00:00,8500.0,11500.0,10000.0,132
Gujarat,Dahod,Dahod,Dry Chillies,Dry Chillies,FAQ,2015-05-26 00:00:00,8500.0,11500.0,11000.0,132
Gujarat,Dahod,Dahod,Dry Chillies,Dry Chillies,FAQ,2015-06-19 00:00:00,8500.0,12000.0,11750.0,132
Gujarat,Dahod,Dahod,Dry Chillies,Dry Chillies,FAQ,2015-06-23 00:00:00,8500.0,12000.0,11250.0,132
Gujarat,Dahod,Dahod,Dry Chillies,Dry Chillies,FAQ,2015-07-01 00:00:00,8500.0,12000.0,11750.0,132
Gujarat,Dahod,Dahod,Dry Chillies,Dry Chillies,FAQ,2015-07-15 00:00:00,8500.0,12000.0,11750.0,132
Gujarat,Dahod,Dahod,Dry Chillies,Dry Chillies,FAQ,2015-07-27 00:00:00,8500.0,12000.0,11500.0,132
Gujarat,Dahod,Dahod,Dry Chillies,Dry Chillies,FAQ,2015-08-21 00:00:00,9000.0,12000.0,10500.0,132
Gujarat,Dahod,Dahod,Dry Chillies,Dry Chillies,FAQ,2015-08-24 00:00:00,9000.0,12000.0,10000.0,132
Gujarat,Dahod,Dahod,Dry Chillies,Dry Chillies,FAQ,2015-08-25 00:00:00,9000.0,12000.0,11000.0,132
Gujarat,Dahod,Dahod,Dry Chillies,Dry Chillies,FAQ,2015-08-27 00:00:00,9000.0,12000.0,11500.0,132
Gujarat,Dahod,Dahod,Dry Chillies,Dry Chillies,FAQ,2015-08-31 00:00:00,9000.0,12000.0,10000.0,132
Gujarat,Dahod,Dahod,Dry Chillies,Dry Chillies,FAQ,2015-09-18 00:00:00,9500.0,13000.0,12000.0,132
Gujarat,Dahod,Dahod,Dry Chillies,Dry Chillies,FAQ,2015-09-23 00:00:00,9500.0,13000.0,12000.0,132
Gujarat,Dahod,Dahod,Dry Chillies,Dry Chillies,FAQ,2015-09-26 00:00:00,9500.0,13000.0,12000.0,132
Gujarat,Dahod,Dahod,Dry Chillies,Dry Chillies,FAQ,2015-10-26 00:00:00,9500.0,13000.0,12000.0,132
Gujarat,Dahod,Dahod,Dry Chillies,Dry Chillies,FAQ,2015-10-27 00:00:00,9500.0,13000.0,12000.0,132
Gujarat,Dahod,Dahod,Dry Chillies,Dry Chillies,FAQ,2015-11-04 00:00:00,9500.0,13500.0,12000.0,132
Gujarat,Dahod,Dahod,Dry Chillies,Dry Chillies,FAQ,2015-11-14 00:00:00,9500.0,13000.0,11500.0,132
Gujarat,Dahod,Dahod,Dry Chillies,Dry Chillies,FAQ,2015-11-18 00:00:00,10000.0,13500.0,12500.0,132
Gujarat,Dahod,Dahod,Dry Chillies,Dry Chillies,FAQ,2015-11-23 00:00:00,10000.0,13500.0,12500.0,132
Gujarat,Dahod,Dahod,Dry Chillies,Dry Chillies,FAQ,2015-12-18 00:00:00,9500.0,13500.0,12500.0,132
Gujarat,Dahod,Dahod,Dry Chillies,Dry Chillies,FAQ,2015-12-31 00:00:00,10000.0,14000.0,13000.0,132
Gujarat,Rajkot,Gondal,Dry Chillies,Bold 1,FAQ,2015-02-20 00:00:00,3505.0,17955.0,14305.0,132
Gujarat,Rajkot,Gondal,Dry Chillies,Bold 1,FAQ,2015-02-26 00:00:00,5005.0,15955.0,13755.0,132
Gujarat,Rajkot,Gondal,Dry Chillies,Bold 1,FAQ,2015-02-28 00:00:00,3505.0,15305.0,12805.0,132
Gujarat,Rajkot,Gondal,Dry Chillies,Bold 1,FAQ,2015-03-04 00:00:00,3505.0,15005.0,13255.0,132
Gujarat,Rajkot,Gondal,Dry Chillies,Bold 1,FAQ,2015-03-07 00:00:00,5005.0,15105.0,13255.0,132
Gujarat,Rajkot,Gondal,Dry Chillies,Bold 1,FAQ,2015-03-15 00:00:00,5105.0,14555.0,12555.0,132
Gujarat,Rajkot,Gondal,Dry Chillies,Bold 1,FAQ,2015-04-07 00:00:00,5055.0,17455.0,14455.0,132
Gujarat,Rajkot,Gondal,Dry Chillies,Bold 1,FAQ,2015-04-15 00:00:00,5005.0,16455.0,13455.0,132
Gujarat,Rajkot,Gondal,Dry Chillies,Bold 1,FAQ,2015-04-23 00:00:00,5505.0,15005.0,12255.0,132
Gujarat,Rajkot,Gondal,Dry Chillies,Bold 1,FAQ,2015-04-29 00:00:00,6005.0,14505.0,12355.0,132
Gujarat,Rajkot,Gondal,Dry Chillies,Bold 1,FAQ,2015-05-01 00:00:00,5505.0,16505.0,12655.0,132
Gujarat,Rajkot,Gondal,Dry Chillies,Bold 1,FAQ,2015-05-04 00:00:00,6005.0,15105.0,11755.0,132
Gujarat,Rajkot,Gondal,Dry Chillies,Bold 1,FAQ,2015-05-08 00:00:00,5505.0,15705.0,12955.0,132
Gujarat,Rajkot,Gondal,Dry Chillies,Bold 1,FAQ,2015-05-12 00:00:00,4005.0,15705.0,12505.0,132
Gujarat,Vadodara(Baroda),Vadodara,Dry Chillies,Other,FAQ,2015-01-09 00:00:00,8000.0,9000.0,9000.0,132
Gujarat,Vadodara(Baroda),Vadodara,Dry Chillies,Other,FAQ,2015-01-10 00:00:00,8000.0,9000.0,9000.0,132
Gujarat,Vadodara(Baroda),Vadodara,Dry Chillies,Other,FAQ,2015-01-12 00:00:00,8000.0,9000.0,9000.0,132
Gujarat,Vadodara(Baroda),Vadodara,Dry Chillies,Other,FAQ,2015-01-19 00:00:00,8000.0,8500.0,8500.0,132
Gujarat,Vadodara(Baroda),Vadodara,Dry Chillies,Other,FAQ,2015-02-11 00:00:00,8000.0,10000.0,10000.0,132
Gujarat,Vadodara(Baroda),Vadodara,Dry Chillies,Other,FAQ,2015-05-22 00:00:00,8000.0,12000.0,12000.0,132
Gujarat,Vadodara(Baroda),Vadodara,Dry Chillies,Other,FAQ,2015-06-08 00:00:00,7000.0,9000.0,9000.0,132
Gujarat,Vadodara(Baroda),Vadodara,Dry Chillies,Other,FAQ,2015-07-13 00:00:00,9000.0,10000.0,10000.0,132
Gujarat,Vadodara(Baroda),Vadodara,Dry Chillies,Other,FAQ,2015-07-22 00:00:00,9000.0,10000.0,10000.0,132
Gujarat,Vadodara(Baroda),Vadodara,Dry Chillies,Other,FAQ,2015-09-14 00:00:00,12000.0,13000.0,13000.0,132
Gujarat,Vadodara(Baroda),Vadodara,Dry Chillies,Other,FAQ,2015-09-28 00:00:00,11000.0,13000.0,13000.0,132
Gujarat,Vadodara(Baroda),Vadodara,Dry Chillies,Other,FAQ,2015-10-19 00:00:00,11000.0,12000.0,12000.0,132
Gujarat,Vadodara(Baroda),Vadodara,Dry Chillies,Other,FAQ,2015-11-02 00:00:00,11000.0,12500.0,12500.0,132
Gujarat,Vadodara(Baroda),Vadodara,Dry Chillies,Other,FAQ,2015-11-03 00:00:00,11000.0,12500.0,12500.0,132
Gujarat,Vadodara(Baroda),Vadodara,Dry Chillies,Other,FAQ,2015-11-24 00:00:00,12000.0,13000.0,13000.0,132
Gujarat,Vadodara(Baroda),Vadodara,Dry Chillies,Other,FAQ,2015-11-26 00:00:00,12000.0,13000.0,13000.0,132
Gujarat,Vadodara(Baroda),Vadodara,Dry Chillies,Other,FAQ,2015-12-22 00:00:00,10000.0,15000.0,15000.0,132
Gujarat,Dahod,Dahod,Dry Chillies,Dry Chillies,FAQ,2023-01-04 00:00:00,15000.0,26000.0,20000.0,132
Gujarat,Dahod,Dahod,Dry Chillies,Dry Chillies,FAQ,2023-01-12 00:00:00,15000.0,26000.0,20000.0,132
Gujarat,Dahod,Dahod,Dry Chillies,Dry Chillies,FAQ,2023-01-31 00:00:00,14000.0,23000.0,22500.0,132
Gujarat,Dahod,Dahod,Dry Chillies,Dry Chillies,FAQ,2023-02-06 00:00:00,14000.0,23000.0,22000.0,132
Gujarat,Dahod,Dahod,Dry Chillies,Dry Chillies,FAQ,2023-02-09 00:00:00,14000.0,23000.0,17500.0,132
Gujarat,Dahod,Dahod,Dry Chillies,Dry Chillies,FAQ,2023-02-20 00:00:00,14000.0,23000.0,17500.0,132
Gujarat,Dahod,Dahod,Dry Chillies,Dry Chillies,FAQ,2023-02-28 00:00:00,14000.0,23500.0,17500.0,132
Gujarat,Dahod,Dahod,Dry Chillies,Dry Chillies,FAQ,2023-03-02 00:00:00,14000.0,23500.0,21500.0,132
Gujarat,Dahod,Dahod,Dry Chillies,Dry Chillies,FAQ,2023-03-11 00:00:00,14000.0,24000.0,20000.0,132
Gujarat,Dahod,Dahod,Dry Chillies,Dry Chillies,FAQ,2023-03-20 00:00:00,14000.0,24000.0,20000.0,132
Gujarat,Dahod,Dahod,Dry Chillies,Dry Chillies,FAQ,2023-03-24 00:00:00,14000.0,24500.0,22500.0,132
Gujarat,Dahod,Dahod,Dry Chillies,Dry Chillies,FAQ,2023-03-28 00:00:00,14000.0,24500.0,22500.0,132
Gujarat,Dahod,Dahod,Dry Chillies,Dry Chillies,FAQ,2023-05-23 00:00:00,15000.0,27000.0,20000.0,132
Gujarat,Dahod,Dahod,Dry Chillies,Dry Chillies,FAQ,2023-06-16 00:00:00,15000.0,27000.0,22500.0,132
Gujarat,Dahod,Dahod,Dry Chillies,Dry Chillies,FAQ,2023-06-22 00:00:00,15000.0,27000.0,22500.0,132
Gujarat,Dahod,Dahod,Dry Chillies,Dry Chillies,FAQ,2023-07-01 00:00:00,15000.0,28000.0,22500.0,132
Gujarat,Dahod,Dahod,Dry Chillies,Dry Chillies,FAQ,2023-08-05 00:00:00,15000.0,28000.0,20000.0,132
Gujarat,Dahod,Dahod,Dry Chillies,Dry Chillies,FAQ,2023-08-07 00:00:00,15000.0,28000.0,20000.0,132
Gujarat,Dahod,Dahod,Dry Chillies,Dry Chillies,FAQ,2023-09-04 00:00:00,18000.0,28000.0,26500.0,132
Gujarat,Dahod,Dahod,Dry Chillies,Dry Chillies,FAQ,2023-09-25 00:00:00,18000.0,28200.0,25000.0,132
Gujarat,Dahod,Dahod,Dry Chillies,Dry Chillies,FAQ,2023-10-03 00:00:00,15000.0,27000.0,25000.0,132
Gujarat,Dahod,Dahod,Dry Chillies,Dry Chillies,FAQ,2023-10-30 00:00:00,20000.0,28000.0,25000.0,132
Gujarat,Dahod,Dahod,Dry Chillies,Dry Chillies,FAQ,2023-11-16 00:00:00,20000.0,28000.0,25000.0,132
Gujarat,Dahod,Dahod,Dry Chillies,Dry Chillies,FAQ,2023-11-18 00:00:00,20000.0,28000.0,25000.0,132
Gujarat,Dahod,Dahod,Dry Chillies,Dry Chillies,FAQ,2023-11-29 00:00:00,20000.0,27000.0,25000.0,132
Gujarat,Dahod,Dahod,Dry Chillies,Dry Chillies,FAQ,2023-12-02 00:00:00,20000.0,27000.0,25750.0,132
Gujarat,Dahod,Dahod,Dry Chillies,Dry Chillies,FAQ,2023-12-20 00:00:00,20000.0,27500.0,26625.0,132
Gujarat,Dahod,Dahod,Dry Chillies,Dry Chillies,FAQ,2023-12-21 00:00:00,20000.0,27500.0,26750.0,132
Gujarat,Jamnagar,Jamnagar,Dry Chillies,1st Sort,FAQ,2023-11-03 00:00:00,9000.0,21225.0,16250.0,132
Gujarat,Jamnagar,Jamnagar,Dry Chillies,1st Sort,FAQ,2023-12-02 00:00:00,9000.0,19250.0,15250.0,132
Gujarat,Jamnagar,Jamnagar,Dry Chillies,1st Sort,FAQ,2023-12-07 00:00:00,8650.0,18725.0,14250.0,132
Gujarat,Jamnagar,Jamnagar,Dry Chillies,1st Sort,FAQ,2023-12-08 00:00:00,9000.0,22000.0,16350.0,132
Gujarat,Jamnagar,Jamnagar,Dry Chillies,1st Sort,FAQ,2023-12-11 00:00:00,8000.0,21150.0,15150.0,132
Gujarat,Jamnagar,Jamnagar,Dry Chillies,1st Sort,FAQ,2023-12-29 00:00:00,7500.0,14275.0,11225.0,132
Gujarat,Rajkot,Gondal,Dry Chillies,Bold 1,FAQ,2023-04-07 00:00:00,9505.0,32505.0,23505.0,132
Gujarat,Rajkot,Gondal,Dry Chillies,Bold 1,FAQ,2023-04-08 00:00:00,10005.0,28005.0,24005.0,132
Gujarat,Rajkot,Gondal,Dry Chillies,Bold 1,FAQ,2023-04-17 00:00:00,9505.0,27005.0,23005.0,132
Gujarat,Rajkot,Gondal,Dry Chillies,Bold 1,FAQ,2023-04-19 00:00:00,9505.0,26505.0,19005.0,132
Gujarat,Rajkot,Gondal,Dry Chillies,Bold 1,FAQ,2023-04-21 00:00:00,9005.0,27505.0,20005.0,132
Gujarat,Rajkot,Gondal,Dry Chillies,Bold 1,FAQ,2023-04-24 00:00:00,9505.0,25005.0,19005.0,132
Gujarat,Rajkot,Gondal,Dry Chillies,Bold 1,FAQ,2023-04-26 00:00:00,8505.0,22505.0,18505.0,132
Gujarat,Rajkot,Gondal,Dry Chillies,Bold 1,FAQ,2023-05-03 00:00:00,6005.0,17505.0,14505.0,132
Gujarat,Rajkot,Gondal,Dry Chillies,Bold 1,FAQ,2023-05-04 00:00:00,8505.0,20005.0,14505.0,132
Gujarat,Rajkot,Gondal,Dry Chillies,Bold 1,FAQ,2023-05-06 00:00:00,7505.0,16505.0,13005.0,132
Gujarat,Rajkot,Gondal,Dry Chillies,Bold 1,FAQ,2023-05-08 00:00:00,8505.0,17005.0,14505.0,132
Gujarat,Rajkot,Gondal,Dry Chillies,Bold 1,FAQ,2023-05-09 00:00:00,9005.0,16005.0,13505.0,132
Gujarat,Rajkot,Gondal,Dry Chillies,Bold 1,FAQ,2023-05-24 00:00:00,9005.0,21005.0,18005.0,132
Gujarat,Rajkot,Gondal,Dry Chillies,Bold 1,FAQ,2023-06-05 00:00:00,6005.0,21505.0,17005.0,132
Gujarat,Rajkot,Gondal,Dry Chillies,Bold 1,FAQ,2023-06-06 00:00:00,7505.0,20505.0,17005.0,132
Gujarat,Rajkot,Gondal,Dry Chillies,Bold 1,FAQ,2023-06-19 00:00:00,9005.0,18005.0,12505.0,132
Gujarat,Rajkot,Gondal,Dry Chillies,Bold 1,FAQ,2023-06-24 00:00:00,7005.0,18005.0,10505.0,132
Gujarat,Rajkot,Gondal,Dry Chillies,Bold 1,FAQ,2023-10-26 00:00:00,3505.0,24005.0,18505.0,132
Gujarat,Rajkot,Gondal,Dry Chillies,Bold 1,FAQ,2023-10-28 00:00:00,4005.0,21505.0,18005.0,132
Gujarat,Rajkot,Gondal,Dry Chillies,Bold 1,FAQ,2023-10-31 00:00:00,5005.0,23005.0,18005.0,132
Gujarat,Rajkot,Gondal,Dry Chillies,Bold 1,FAQ,2023-11-02 00:00:00,4505.0,23505.0,18505.0,132
Gujarat,Rajkot,Gondal,Dry Chillies,Bold 1,FAQ,2023-11-20 00:00:00,6505.0,23505.0,18005.0,132
Gujarat,Rajkot,Gondal,Dry Chillies,Bold 1,FAQ,2023-11-23 00:00:00,7005.0,22505.0,17505.0,132
Gujarat,Rajkot,Gondal,Dry Chillies,Bold 1,FAQ,2023-11-25 00:00:00,8505.0,24005.0,19005.0,132
Gujarat,Rajkot,Gondal,Dry Chillies,Bold 1,FAQ,2023-11-27 00:00:00,5505.0,21005.0,17505.0,132
Gujarat,Rajkot,Gondal,Dry Chillies,Bold 1,FAQ,2023-12-05 00:00:00,7005.0,25005.0,19505.0,132
Gujarat,Rajkot,Gondal,Dry Chillies,Bold 1,FAQ,2023-12-13 00:00:00,6505.0,25005.0,18005.0,132
Gujarat,Rajkot,Gondal,Dry Chillies,Bold 1,FAQ,2023-12-22 00:00:00,6505.0,21505.0,17005.0,132
Gujarat,Rajkot,Gondal,Dry Chillies,Bold 1,FAQ,2023-12-27 00:00:00,5755.0,21255.0,16755.0,132
Gujarat,Rajkot,Rajkot,Dry Chillies,Red,FAQ,2023-01-20 00:00:00,10000.0,21000.0,19250.0,132
Gujarat,Rajkot,Rajkot,Dry Chillies,Red,FAQ,2023-01-27 00:00:00,9000.0,18000.0,15750.0,132
Gujarat,Rajkot,Rajkot,Dry Chillies,Red,FAQ,2023-01-30 00:00:00,10000.0,18250.0,16000.0,132
Gujarat,Rajkot,Rajkot,Dry Chillies,Red,FAQ,2023-02-06 00:00:00,10000.0,25000.0,13750.0,132
Gujarat,Rajkot,Rajkot,Dry Chillies,Red,FAQ,2023-02-09 00:00:00,12500.0,19350.0,16150.0,132
Gujarat,Rajkot,Rajkot,Dry Chillies,Red,FAQ,2023-02-16 00:00:00,15500.0,19500.0,17000.0,132
Gujarat,Rajkot,Rajkot,Dry Chillies,Red,FAQ,2023-02-20 00:00:00,15500.0,20000.0,17250.0,132
Gujarat,Rajkot,Rajkot,Dry Chillies,Red,FAQ,2023-03-11 00:00:00,16500.0,27500.0,22500.0,132
Gujarat,Rajkot,Rajkot,Dry Chillies,Red,FAQ,2023-03-13 00:00:00,16500.0,24000.0,21500.0,132
Gujarat,Rajkot,Rajkot,Dry Chillies,Red,FAQ,2023-03-15 00:00:00,17500.0,30000.0,23000.0,132
Gujarat,Rajkot,Rajkot,Dry Chillies,Red,FAQ,2023-03-16 00:00:00,17500.0,28000.0,23000.0,132
Gujarat,Rajkot,Rajkot,Dry Chillies,Red,FAQ,2023-04-14 00:00:00,10500.0,27000.0,20000.0,132
Gujarat,Rajkot,Rajkot,Dry Chillies,Red,FAQ,2023-04-19 00:00:00,9000.0,22500.0,18500.0,132
Gujarat,Rajkot,Rajkot,Dry Chillies,Red,FAQ,2023-04-26 00:00:00,6000.0,20000.0,16000.0,132
Gujarat,Rajkot,Rajkot,Dry Chillies,Red,FAQ,2023-05-04 00:00:00,6000.0,18000.0,13500.0,132
Gujarat,Rajkot,Rajkot,Dry Chillies,Red,FAQ,2023-05-13 00:00:00,10000.0,20000.0,16500.0,132
Gujarat,Rajkot,Rajkot,Dry Chillies,Red,FAQ,2023-05-18 00:00:00,12500.0,20000.0,15500.0,132
Gujarat,Rajkot,Rajkot,Dry Chillies,Red,FAQ,2023-05-19 00:00:00,7500.0,19000.0,15000.0,132
Gujarat,Rajkot,Rajkot,Dry Chillies,Red,FAQ,2023-05-22 00:00:00,7500.0,21000.0,19000.0,132
Gujarat,Rajkot,Rajkot,Dry Chillies,Red,FAQ,2023-05-23 00:00:00,8500.0,20000.0,18000.0,132
Gujarat,Rajkot,Rajkot,Dry Chillies,Red,FAQ,2023-05-25 00:00:00,7250.0,17500.0,14000.0,132
Gujarat,Rajkot,Rajkot,Dry Chillies,Red,FAQ,2023-06-01 00:00:00,11000.0,16000.0,14500.0,132
Gujarat,Rajkot,Rajkot,Dry Chillies,Red,FAQ,2023-06-09 00:00:00,9000.0,22500.0,20000.0,132
Gujarat,Rajkot,Rajkot,Dry Chillies,Red,FAQ,2023-06-23 00:00:00,7500.0,22500.0,19000.0,132
Gujarat,Rajkot,Rajkot,Dry Chillies,Red,FAQ,2023-10-19 00:00:00,7000.0,20000.0,15000.0,132
Gujarat,Rajkot,Rajkot,Dry Chillies,Red,FAQ,2023-10-30 00:00:00,8000.0,21500.0,16500.0,132
Gujarat,Rajkot,Rajkot,Dry Chillies,Red,FAQ,2023-11-02 00:00:00,8000.0,21000.0,18000.0,132
Gujarat,Rajkot,Rajkot,Dry Chillies,Red,FAQ,2023-11-04 00:00:00,8000.0,22000.0,18000.0,132
Gujarat,Rajkot,Rajkot,Dry Chillies,Red,FAQ,2023-11-09 00:00:00,7500.0,20000.0,16500.0,132
Gujarat,Rajkot,Rajkot,Dry Chillies,Red,FAQ,2023-11-18 00:00:00,7500.0,19000.0,16500.0,132
Gujarat,Rajkot,Rajkot,Dry Chillies,Red,FAQ,2023-11-20 00:00:00,12500.0,20000.0,17500.0,132
Gujarat,Rajkot,Rajkot,Dry Chillies,Red,FAQ,2023-11-24 00:00:00,8750.0,19500.0,16250.0,132
Gujarat,Rajkot,Rajkot,Dry Chillies,Red,FAQ,2023-12-05 00:00:00,8500.0,19500.0,17000.0,132
Gujarat,Rajkot,Rajkot,Dry Chillies,Red,FAQ,2023-12-08 00:00:00,8500.0,19500.0,16500.0,132
Gujarat,Rajkot,Rajkot,Dry Chillies,Red,FAQ,2023-12-14 00:00:00,9000.0,20000.0,17000.0,132
Gujarat,Rajkot,Rajkot,Dry Chillies,Red,FAQ,2023-12-23 00:00:00,8750.0,19000.0,15500.0,132
Gujarat,Rajkot,Rajkot,Dry Chillies,Red,FAQ,2023-12-28 00:00:00,7000.0,18250.0,14000.0,132
Gujarat,Dahod,Dahod,Dry Chillies,Other,FAQ,2012-01-03 00:00:00,7500.0,11000.0,10000.0,132
Gujarat,Dahod,Dahod,Dry Chillies,Other,FAQ,2012-01-07 00:00:00,7000.0,10000.0,8750.0,132
Gujarat,Dahod,Dahod,Dry Chillies,Other,FAQ,2012-02-14 00:00:00,4500.0,8500.0,7500.0,132
Gujarat,Dahod,Dahod,Dry Chillies,Other,FAQ,2012-03-02 00:00:00,4500.0,8000.0,7250.0,132
Gujarat,Dahod,Dahod,Dry Chillies,Other,FAQ,2012-03-05 00:00:00,4500.0,8000.0,7625.0,132
Gujarat,Dahod,Dahod,Dry Chillies,Other,FAQ,2012-03-10 00:00:00,4500.0,8000.0,7750.0,132
Gujarat,Dahod,Dahod,Dry Chillies,Other,FAQ,2012-03-28 00:00:00,4000.0,7750.0,7500.0,132
Gujarat,Dahod,Dahod,Dry Chillies,Other,FAQ,2012-04-20 00:00:00,4000.0,7750.0,6500.0,132
Gujarat,Dahod,Dahod,Dry Chillies,Other,FAQ,2012-04-21 00:00:00,4000.0,7750.0,6500.0,132
Gujarat,Dahod,Dahod,Dry Chillies,Other,FAQ,2012-05-16 00:00:00,4000.0,7750.0,7375.0,132
Gujarat,Dahod,Dahod,Dry Chillies,Other,FAQ,2012-06-04 00:00:00,6000.0,8000.0,7500.0,132
Gujarat,Dahod,Dahod,Dry Chillies,Other,FAQ,2012-06-11 00:00:00,6000.0,8000.0,7500.0,132
Gujarat,Dahod,Dahod,Dry Chillies,Other,FAQ,2012-07-05 00:00:00,6000.0,8500.0,7750.0,132
Gujarat,Dahod,Dahod,Dry Chillies,Other,FAQ,2012-08-09 00:00:00,6500.0,9000.0,8375.0,132
Gujarat,Dahod,Dahod,Dry Chillies,Other,FAQ,2012-08-28 00:00:00,6500.0,9000.0,8500.0,132
Gujarat,Dahod,Dahod,Dry Chillies,Other,FAQ,2012-09-11 00:00:00,6000.0,9500.0,9000.0,132
Gujarat,Dahod,Dahod,Dry Chillies,Other,FAQ,2012-09-13 00:00:00,6000.0,9500.0,9250.0,132
Gujarat,Dahod,Dahod,Dry Chillies,Other,FAQ,2012-09-24 00:00:00,6000.0,9250.0,9000.0,132
Gujarat,Dahod,Dahod,Dry Chillies,Other,FAQ,2012-09-25 00:00:00,6000.0,9250.0,8375.0,132
Gujarat,Dahod,Dahod,Dry Chillies,Other,FAQ,2012-10-03 00:00:00,5500.0,8750.0,8000.0,132
Gujarat,Dahod,Dahod,Dry Chillies,Other,FAQ,2012-10-17 00:00:00,5500.0,9000.0,8500.0,132
Gujarat,Dahod,Dahod,Dry Chillies,Other,FAQ,2012-10-25 00:00:00,5500.0,9000.0,8500.0,132
Gujarat,Dahod,Dahod,Dry Chillies,Other,FAQ,2012-11-01 00:00:00,5500.0,9000.0,8000.0,132
Gujarat,Dahod,Dahod,Dry Chillies,Other,FAQ,2012-11-03 00:00:00,5500.0,9000.0,8500.0,132
Gujarat,Dahod,Dahod,Dry Chillies,Other,FAQ,2012-11-07 00:00:00,5500.0,9000.0,8250.0,132
Gujarat,Dahod,Dahod,Dry Chillies,Other,FAQ,2012-11-10 00:00:00,5500.0,9250.0,7750.0,132
Gujarat,Dahod,Dahod,Dry Chillies,Other,FAQ,2012-12-11 00:00:00,6000.0,10250.0,9500.0,132
Gujarat,Dahod,Dahod,Dry Chillies,Other,FAQ,2012-12-21 00:00:00,6000.0,10250.0,9500.0,132
Gujarat,Dahod,Dahod,Dry Chillies,Other,FAQ,2012-12-22 00:00:00,6000.0,10125.0,9500.0,132
Gujarat,Dahod,Dahod,Dry Chillies,Other,FAQ,2012-12-28 00:00:00,6000.0,10250.0,9500.0,132
Gujarat,Rajkot,Gondal,Dry Chillies,Desi,FAQ,2012-02-08 00:00:00,2155.0,11500.0,8805.0,132
Gujarat,Rajkot,Gondal,Dry Chillies,Desi,FAQ,2012-02-15 00:00:00,2005.0,13455.0,9105.0,132
Gujarat,Rajkot,Gondal,Dry Chillies,Desi,FAQ,2012-02-17 00:00:00,2005.0,13505.0,8905.0,132
Gujarat,Rajkot,Gondal,Dry Chillies,Desi,FAQ,2012-02-22 00:00:00,1505.0,12955.0,9805.0,132
Gujarat,Rajkot,Gondal,Dry Chillies,Desi,FAQ,2012-03-07 00:00:00,1505.0,13805.0,9305.0,132
Gujarat,Rajkot,Gondal,Dry Chillies,Desi,FAQ,2012-03-10 00:00:00,2005.0,11955.0,9255.0,132
Gujarat,Rajkot,Gondal,Dry Chillies,Desi,FAQ,2012-04-03 00:00:00,1005.0,9205.0,7905.0,132
Gujarat,Rajkot,Gondal,Dry Chillies,Desi,FAQ,2012-04-13 00:00:00,1005.0,9755.0,7855.0,132
Gujarat,Rajkot,Gondal,Dry Chillies,Desi,FAQ,2012-04-30 00:00:00,1005.0,7405.0,6055.0,132
Gujarat,Rajkot,Jasdan,Dry Chillies,Other,FAQ,2012-04-25 00:00:00,5075.0,5075.0,5075.0,132
Gujarat,Rajkot,Jasdan,Dry Chillies,Other,FAQ,2012-05-01 00:00:00,4000.0,8100.0,7500.0,132
Gujarat,Rajkot,Jasdan,Dry Chillies,Other,FAQ,2012-05-31 00:00:00,2500.0,2500.0,2500.0,132
Gujarat,Rajkot,Jasdan,Dry Chillies,Other,FAQ,2012-06-05 00:00:00,4350.0,7650.0,6000.0,132
Gujarat,Rajkot,Jasdan,Dry Chillies,Other,FAQ,2012-06-09 00:00:00,4960.0,4960.0,4960.0,132
Gujarat,Rajkot,Jasdan,Dry Chillies,Other,FAQ,2012-06-15 00:00:00,3775.0,3775.0,3775.0,132
Gujarat,Vadodara(Baroda),Vadodara,Dry Chillies,Other,FAQ,2012-01-05 00:00:00,6000.0,8000.0,8000.0,132
Gujarat,Vadodara(Baroda),Vadodara,Dry Chillies,Other,FAQ,2012-01-27 00:00:00,5000.0,6000.0,6000.0,132
Gujarat,Vadodara(Baroda),Vadodara,Dry Chillies,Other,FAQ,2012-01-28 00:00:00,5000.0,6000.0,6000.0,132
Gujarat,Vadodara(Baroda),Vadodara,Dry Chillies,Other,FAQ,2012-02-08 00:00:00,4000.0,6000.0,6000.0,132
Gujarat,Vadodara(Baroda),Vadodara,Dry Chillies,Other,FAQ,2012-02-14 00:00:00,4000.0,6000.0,6000.0,132
Gujarat,Vadodara(Baroda),Vadodara,Dry Chillies,Other,FAQ,2012-02-18 00:00:00,6000.0,8000.0,8000.0,132
Gujarat,Vadodara(Baroda),Vadodara,Dry Chillies,Other,FAQ,2012-02-22 00:00:00,6000.0,8000.0,8000.0,132
Gujarat,Vadodara(Baroda),Vadodara,Dry Chillies,Other,FAQ,2012-03-01 00:00:00,5000.0,6000.0,6000.0,132
Gujarat,Vadodara(Baroda),Vadodara,Dry Chillies,Other,FAQ,2012-03-05 00:00:00,5000.0,6000.0,6000.0,132
Gujarat,Vadodara(Baroda),Vadodara,Dry Chillies,Other,FAQ,2012-03-27 00:00:00,5000.0,6000.0,6000.0,132
Gujarat,Vadodara(Baroda),Vadodara,Dry Chillies,Other,FAQ,2012-03-29 00:00:00,5000.0,6000.0,6000.0,132
Gujarat,Vadodara(Baroda),Vadodara,Dry Chillies,Other,FAQ,2012-04-03 00:00:00,5000.0,6000.0,6000.0,132
Gujarat,Vadodara(Baroda),Vadodara,Dry Chillies,Other,FAQ,2012-04-04 00:00:00,5000.0,6000.0,6000.0,132
Gujarat,Vadodara(Baroda),Vadodara,Dry Chillies,Other,FAQ,2012-04-05 00:00:00,5000.0,6000.0,6000.0,132
Gujarat,Vadodara(Baroda),Vadodara,Dry Chillies,Other,FAQ,2012-04-06 00:00:00,5000.0,6000.0,6000.0,132
Gujarat,Vadodara(Baroda),Vadodara,Dry Chillies,Other,FAQ,2012-04-07 00:00:00,5000.0,6000.0,6000.0,132
Gujarat,Vadodara(Baroda),Vadodara,Dry Chillies,Other,FAQ,2012-04-12 00:00:00,4000.0,5000.0,5000.0,132
Gujarat,Vadodara(Baroda),Vadodara,Dry Chillies,Other,FAQ,2012-04-13 00:00:00,4000.0,5000.0,5000.0,132
Gujarat,Vadodara(Baroda),Vadodara,Dry Chillies,Other,FAQ,2012-04-24 00:00:00,4000.0,5000.0,5000.0,132
Gujarat,Vadodara(Baroda),Vadodara,Dry Chillies,Other,FAQ,2012-04-25 00:00:00,4000.0,5000.0,5000.0,132
Gujarat,Vadodara(Baroda),Vadodara,Dry Chillies,Other,FAQ,2012-04-27 00:00:00,4000.0,5000.0,5000.0,132
Gujarat,Vadodara(Baroda),Vadodara,Dry Chillies,Other,FAQ,2012-05-04 00:00:00,6000.0,9000.0,9000.0,132
Gujarat,Vadodara(Baroda),Vadodara,Dry Chillies,Other,FAQ,2012-05-07 00:00:00,4000.0,5000.0,5000.0,132
Gujarat,Vadodara(Baroda),Vadodara,Dry Chillies,Other,FAQ,2012-05-16 00:00:00,4000.0,4500.0,4500.0,132
Gujarat,Vadodara(Baroda),Vadodara,Dry Chillies,Other,FAQ,2012-05-22 00:00:00,4000.0,4500.0,4500.0,132
Gujarat,Vadodara(Baroda),Vadodara,Dry Chillies,Other,FAQ,2012-05-23 00:00:00,4000.0,4500.0,4500.0,132
Gujarat,Vadodara(Baroda),Vadodara,Dry Chillies,Other,FAQ,2012-05-25 00:00:00,4000.0,4500.0,4500.0,132
Gujarat,Vadodara(Baroda),Vadodara,Dry Chillies,Other,FAQ,2012-06-15 00:00:00,4000.0,5500.0,5500.0,132
Gujarat,Vadodara(Baroda),Vadodara,Dry Chillies,Other,FAQ,2012-06-22 00:00:00,5000.0,6000.0,6000.0,132
Gujarat,Vadodara(Baroda),Vadodara,Dry Chillies,Other,FAQ,2012-06-25 00:00:00,5000.0,6000.0,6000.0,132
Gujarat,Vadodara(Baroda),Vadodara,Dry Chillies,Other,FAQ,2012-06-29 00:00:00,3000.0,5000.0,5000.0,132
Gujarat,Vadodara(Baroda),Vadodara,Dry Chillies,Other,FAQ,2012-07-06 00:00:00,3000.0,5000.0,5000.0,132
Gujarat,Vadodara(Baroda),Vadodara,Dry Chillies,Other,FAQ,2012-07-11 00:00:00,3000.0,5000.0,5000.0,132
Gujarat,Vadodara(Baroda),Vadodara,Dry Chillies,Other,FAQ,2012-07-14 00:00:00,5000.0,6000.0,6000.0,132
Gujarat,Vadodara(Baroda),Vadodara,Dry Chillies,Other,FAQ,2012-07-28 00:00:00,5000.0,6000.0,6000.0,132
Gujarat,Vadodara(Baroda),Vadodara,Dry Chillies,Other,FAQ,2012-08-03 00:00:00,3100.0,5200.0,5200.0,132
Gujarat,Vadodara(Baroda),Vadodara,Dry Chillies,Other,FAQ,2012-08-06 00:00:00,3100.0,5200.0,5200.0,132
Gujarat,Vadodara(Baroda),Vadodara,Dry Chillies,Other,FAQ,2012-08-21 00:00:00,5000.0,6000.0,6000.0,132
Gujarat,Vadodara(Baroda),Vadodara,Dry Chillies,Other,FAQ,2012-09-10 00:00:00,6000.0,6500.0,6500.0,132
Gujarat,Vadodara(Baroda),Vadodara,Dry Chillies,Other,FAQ,2012-09-20 00:00:00,6000.0,6500.0,6500.0,132
Gujarat,Vadodara(Baroda),Vadodara,Dry Chillies,Other,FAQ,2012-10-05 00:00:00,4500.0,6500.0,6500.0,132
Gujarat,Vadodara(Baroda),Vadodara,Dry Chillies,Other,FAQ,2012-10-11 00:00:00,5000.0,6000.0,6000.0,132
Gujarat,Vadodara(Baroda),Vadodara,Dry Chillies,Other,FAQ,2012-10-27 00:00:00,5000.0,6500.0,6500.0,132
Gujarat,Vadodara(Baroda),Vadodara,Dry Chillies,Other,FAQ,2012-12-04 00:00:00,5000.0,5500.0,5500.0,132
Gujarat,Vadodara(Baroda),Vadodara,Dry Chillies,Other,FAQ,2012-12-15 00:00:00,4000.0,5000.0,5000.0,132
Gujarat,Dahod,Dahod,Dry Chillies,Other,FAQ,2005-01-29 00:00:00,2250.0,3450.0,3250.0,132
Gujarat,Dahod,Dahod,Dry Chillies,Other,FAQ,2005-02-05 00:00:00,2425.0,3400.0,2900.0,132
Gujarat,Dahod,Dahod,Dry Chillies,Other,FAQ,2005-02-09 00:00:00,2300.0,3200.0,2750.0,132
Gujarat,Dahod,Dahod,Dry Chillies,Other,FAQ,2005-02-10 00:00:00,2300.0,3300.0,2800.0,132
Gujarat,Dahod,Dahod,Dry Chillies,Other,FAQ,2005-03-03 00:00:00,2000.0,3575.0,3350.0,132
Gujarat,Dahod,Dahod,Dry Chillies,Other,FAQ,2005-03-07 00:00:00,2000.0,3575.0,3250.0,132
Gujarat,Dahod,Dahod,Dry Chillies,Other,FAQ,2005-05-03 00:00:00,2250.0,3350.0,3200.0,132
Gujarat,Dahod,Dahod,Dry Chillies,Other,FAQ,2005-05-05 00:00:00,2000.0,3100.0,2575.0,132
Gujarat,Dahod,Dahod,Dry Chillies,Other,FAQ,2005-05-16 00:00:00,2000.0,3100.0,2875.0,132
Gujarat,Dahod,Dahod,Dry Chillies,Other,FAQ,2005-05-27 00:00:00,2000.0,3000.0,2750.0,132
Gujarat,Dahod,Dahod,Dry Chillies,Other,FAQ,2005-06-09 00:00:00,2500.0,3000.0,2750.0,132
Gujarat,Dahod,Dahod,Dry Chillies,Other,FAQ,2005-06-16 00:00:00,2200.0,2900.0,2850.0,132
Gujarat,Dahod,Dahod,Dry Chillies,Other,FAQ,2005-06-17 00:00:00,2200.0,2900.0,2800.0,132
Gujarat,Dahod,Dahod,Dry Chillies,Other,FAQ,2005-06-18 00:00:00,2200.0,2900.0,2800.0,132
Gujarat,Dahod,Dahod,Dry Chillies,Other,FAQ,2005-08-11 00:00:00,2000.0,2900.0,2500.0,132
Gujarat,Dahod,Dahod,Dry Chillies,Other,FAQ,2005-08-26 00:00:00,2000.0,2800.0,2500.0,132
Gujarat,Dahod,Dahod,Dry Chillies,Other,FAQ,2005-09-22 00:00:00,1750.0,3000.0,2500.0,132
Gujarat,Dahod,Dahod,Dry Chillies,Other,FAQ,2005-10-17 00:00:00,2000.0,2875.0,2700.0,132
Gujarat,Dahod,Dahod,Dry Chillies,Other,FAQ,2005-11-30 00:00:00,2750.0,4000.0,3375.0,132
Gujarat,Jamnagar,Jamnagar,Dry Chillies,Other,FAQ,2005-05-27 00:00:00,1700.0,2025.0,1855.0,132
Gujarat,Jamnagar,Jamnagar,Dry Chillies,Other,FAQ,2005-06-10 00:00:00,1400.0,1900.0,1650.0,132
Gujarat,Rajkot,Jetpur(Dist.Rajkot),Dry Chillies,Other,FAQ,2005-04-16 00:00:00,1300.0,5505.0,5400.0,132
Gujarat,Rajkot,Jetpur(Dist.Rajkot),Dry Chillies,Other,FAQ,2005-04-23 00:00:00,1000.0,5250.0,4975.0,132
Gujarat,Rajkot,Rajkot,Dry Chillies,Local,FAQ,2005-01-07 00:00:00,1250.0,2250.0,1650.0,132
Gujarat,Rajkot,Rajkot,Dry Chillies,Local,FAQ,2005-01-21 00:00:00,1375.0,3300.0,2550.0,132
Gujarat,Rajkot,Rajkot,Dry Chillies,Local,FAQ,2005-02-22 00:00:00,1025.0,5600.0,4000.0,132
Gujarat,Rajkot,Rajkot,Dry Chillies,Local,FAQ,2005-03-04 00:00:00,1000.0,5625.0,4000.0,132
Gujarat,Rajkot,Rajkot,Dry Chillies,Local,FAQ,2005-03-11 00:00:00,1000.0,6000.0,4500.0,132
Gujarat,Rajkot,Rajkot,Dry Chillies,Local,FAQ,2005-03-22 00:00:00,1000.0,5875.0,4250.0,132
Gujarat,Rajkot,Rajkot,Dry Chillies,Dry Chillies,FAQ,2006-04-20 00:00:00,2425.0,5825.0,5050.0,132
Gujarat,Rajkot,Rajkot,Dry Chillies,Dry Chillies,FAQ,2006-04-22 00:00:00,2925.0,5775.0,4850.0,132
Gujarat,Rajkot,Rajkot,Dry Chillies,Dry Chillies,FAQ,2006-05-12 00:00:00,3000.0,3750.0,3450.0,132
Gujarat,Rajkot,Rajkot,Dry Chillies,Dry Chillies,FAQ,2006-05-22 00:00:00,3750.0,6025.0,5050.0,132
Gujarat,Rajkot,Rajkot,Dry Chillies,Dry Chillies,FAQ,2006-05-23 00:00:00,3750.0,6000.0,4850.0,132
Gujarat,Surendranagar,Chotila,Dry Chillies,Other,FAQ,2006-05-20 00:00:00,2000.0,2100.0,2050.0,132
Gujarat,Vadodara(Baroda),Vadodara,Dry Chillies,Other,FAQ,2006-04-20 00:00:00,4000.0,4000.0,4000.0,132
Gujarat,Vadodara(Baroda),Vadodara,Dry Chillies,Other,FAQ,2006-07-20 00:00:00,5000.0,5000.0,5000.0,132
Gujarat,Vadodara(Baroda),Vadodara,Dry Chillies,Other,FAQ,2006-07-26 00:00:00,5000.0,5000.0,5000.0,132
Gujarat,Vadodara(Baroda),Vadodara,Dry Chillies,Other,FAQ,2006-08-02 00:00:00,4000.0,4500.0,4300.0,132
Gujarat,Vadodara(Baroda),Vadodara,Dry Chillies,Other,FAQ,2006-09-13 00:00:00,3000.0,3000.0,3000.0,132
Gujarat,Vadodara(Baroda),Vadodara,Dry Chillies,Other,FAQ,2006-10-14 00:00:00,3000.0,5000.0,4000.0,132
Gujarat,Vadodara(Baroda),Vadodara,Dry Chillies,Other,FAQ,2006-10-18 00:00:00,3000.0,5000.0,4000.0,132
Gujarat,Vadodara(Baroda),Vadodara,Dry Chillies,Other,FAQ,2006-11-01 00:00:00,4000.0,5000.0,4500.0,132
Gujarat,Vadodara(Baroda),Vadodara,Dry Chillies,Other,FAQ,2006-11-13 00:00:00,5000.0,6500.0,5750.0,132
Gujarat,Dahod,Dahod,Dry Chillies,Other,FAQ,2006-04-13 00:00:00,3500.0,5000.0,4250.0,132
Gujarat,Dahod,Dahod,Dry Chillies,Other,FAQ,2006-04-20 00:00:00,3500.0,5000.0,4250.0,132
Gujarat,Dahod,Dahod,Dry Chillies,Other,FAQ,2006-06-30 00:00:00,5000.0,6000.0,5500.0,132
Gujarat,Dahod,Dahod,Dry Chillies,Other,FAQ,2006-09-23 00:00:00,4100.0,7220.0,6625.0,132
Gujarat,Dahod,Dahod,Dry Chillies,Other,FAQ,2006-10-04 00:00:00,4750.0,7500.0,6500.0,132
Gujarat,Dahod,Dahod,Dry Chillies,Other,FAQ,2006-10-18 00:00:00,4750.0,8000.0,7000.0,132
Gujarat,Rajkot,Gondal,Dry Chillies,Local,FAQ,2006-03-08 00:00:00,1330.0,6480.0,5505.0,132
Gujarat,Rajkot,Gondal,Dry Chillies,Local,FAQ,2006-03-13 00:00:00,1255.0,6605.0,5355.0,132
Gujarat,Rajkot,Gondal,Dry Chillies,Local,FAQ,2006-03-22 00:00:00,1255.0,6805.0,5655.0,132
Gujarat,Rajkot,Gondal,Dry Chillies,Local,FAQ,2006-04-10 00:00:00,1255.0,6105.0,5255.0,132
Gujarat,Rajkot,Gondal,Dry Chillies,Local,FAQ,2006-04-13 00:00:00,1155.0,6405.0,5405.0,132
Gujarat,Rajkot,Gondal,Dry Chillies,Local,FAQ,2006-04-15 00:00:00,1355.0,6755.0,5355.0,132
Gujarat,Rajkot,Gondal,Dry Chillies,Local,FAQ,2006-04-26 00:00:00,1155.0,6030.0,5280.0,132
Gujarat,Rajkot,Gondal,Dry Chillies,Local,FAQ,2006-05-12 00:00:00,1330.0,6730.0,5130.0,132
Gujarat,Rajkot,Gondal,Dry Chillies,Local,FAQ,2006-05-23 00:00:00,1355.0,6130.0,4980.0,132
Gujarat,Rajkot,Jetpur(Dist.Rajkot),Dry Chillies,Other,FAQ,2006-03-08 00:00:00,1000.0,5650.0,4500.0,132
Gujarat,Rajkot,Jetpur(Dist.Rajkot),Dry Chillies,Other,FAQ,2006-03-14 00:00:00,1250.0,6505.0,5510.0,132
Gujarat,Rajkot,Jetpur(Dist.Rajkot),Dry Chillies,Other,FAQ,2006-03-16 00:00:00,1250.0,6350.0,5510.0,132
Gujarat,Rajkot,Jetpur(Dist.Rajkot),Dry Chillies,Other,FAQ,2006-03-17 00:00:00,1105.0,6125.0,5510.0,132
Gujarat,Rajkot,Jetpur(Dist.Rajkot),Dry Chillies,Other,FAQ,2006-03-22 00:00:00,1250.0,6280.0,5530.0,132
Gujarat,Rajkot,Jetpur(Dist.Rajkot),Dry Chillies,Other,FAQ,2006-03-23 00:00:00,1250.0,6125.0,5530.0,132
Gujarat,Rajkot,Jetpur(Dist.Rajkot),Dry Chillies,Other,FAQ,2006-03-24 00:00:00,1250.0,6100.0,5530.0,132
Gujarat,Rajkot,Jetpur(Dist.Rajkot),Dry Chillies,Other,FAQ,2006-04-24 00:00:00,1250.0,5900.0,5550.0,132
Gujarat,Rajkot,Jetpur(Dist.Rajkot),Dry Chillies,Other,FAQ,2006-04-25 00:00:00,1000.0,5925.0,5550.0,132
Gujarat,Rajkot,Jetpur(Dist.Rajkot),Dry Chillies,Other,FAQ,2006-04-29 00:00:00,1000.0,5400.0,4525.0,132
Gujarat,Rajkot,Jetpur(Dist.Rajkot),Dry Chillies,Other,FAQ,2006-05-02 00:00:00,1000.0,5400.0,4525.0,132
Gujarat,Rajkot,Rajkot,Dry Chillies,Dry Chillies,FAQ,2006-02-22 00:00:00,2250.0,4500.0,4000.0,132
Gujarat,Rajkot,Rajkot,Dry Chillies,Dry Chillies,FAQ,2006-02-24 00:00:00,4250.0,5325.0,4850.0,132
Gujarat,Rajkot,Rajkot,Dry Chillies,Dry Chillies,FAQ,2006-03-02 00:00:00,4025.0,5775.0,5250.0,132
Gujarat,Rajkot,Rajkot,Dry Chillies,Dry Chillies,FAQ,2006-03-11 00:00:00,2950.0,6300.0,5000.0,132
Gujarat,Rajkot,Rajkot,Dry Chillies,Dry Chillies,FAQ,2006-04-14 00:00:00,2500.0,5650.0,4850.0,132
Gujarat,Rajkot,Rajkot,Dry Chillies,Dry Chillies,FAQ,2006-04-17 00:00:00,4500.0,5900.0,5500.0,132
Gujarat,Rajkot,Rajkot,Dry Chillies,Dry Chillies,FAQ,2006-04-18 00:00:00,2250.0,5800.0,5000.0,132
Gujarat,Dahod,Dahod,Dry Chillies,Other,FAQ,2002-01-07 00:00:00,3000.0,3605.0,3125.0,132
Gujarat,Dahod,Dahod,Dry Chillies,Other,FAQ,2002-03-21 00:00:00,3200.0,3200.0,3200.0,132
Gujarat,Dahod,Dahod,Dry Chillies,Other,FAQ,2002-03-22 00:00:00,3100.0,3300.0,3200.0,132
Gujarat,Dahod,Dahod,Dry Chillies,Other,FAQ,2002-03-27 00:00:00,2500.0,3300.0,3000.0,132
Gujarat,Dahod,Dahod,Dry Chillies,Other,FAQ,2002-04-08 00:00:00,2500.0,3300.0,3200.0,132
Gujarat,Dahod,Dahod,Dry Chillies,Other,FAQ,2002-04-10 00:00:00,2750.0,3400.0,3200.0,132
Gujarat,Dahod,Dahod,Dry Chillies,Other,FAQ,2002-04-17 00:00:00,2500.0,3400.0,3200.0,132
Gujarat,Dahod,Dahod,Dry Chillies,Other,FAQ,2002-04-20 00:00:00,2500.0,3400.0,3200.0,132
Gujarat,Dahod,Dahod,Dry Chillies,Other,FAQ,2002-04-30 00:00:00,2500.0,3400.0,3200.0,132
Gujarat,Dahod,Dahod,Dry Chillies,Other,FAQ,2002-05-03 00:00:00,2500.0,3400.0,3200.0,132
Gujarat,Dahod,Dahod,Dry Chillies,Other,FAQ,2002-05-09 00:00:00,2500.0,3400.0,3200.0,132
Gujarat,Dahod,Dahod,Dry Chillies,Other,FAQ,2002-05-16 00:00:00,2750.0,3875.0,3500.0,132
Gujarat,Dahod,Dahod,Dry Chillies,Other,FAQ,2002-05-23 00:00:00,2600.0,3900.0,3300.0,132
Gujarat,Dahod,Dahod,Dry Chillies,Other,FAQ,2002-07-20 00:00:00,2750.0,3625.0,3400.0,132
Gujarat,Dahod,Dahod,Dry Chillies,Other,FAQ,2002-09-02 00:00:00,2650.0,3650.0,3350.0,132
Gujarat,Dahod,Dahod,Dry Chillies,Other,FAQ,2002-09-11 00:00:00,2625.0,3650.0,3400.0,132
Gujarat,Dahod,Dahod,Dry Chillies,Other,FAQ,2002-09-14 00:00:00,2650.0,3600.0,3400.0,132
Gujarat,Dahod,Dahod,Dry Chillies,Other,FAQ,2002-11-13 00:00:00,3250.0,4250.0,3500.0,132
Gujarat,Dahod,Dahod,Dry Chillies,Other,FAQ,2002-11-14 00:00:00,3250.0,4250.0,3625.0,132
Gujarat,Dahod,Dahod,Dry Chillies,Other,FAQ,2002-11-16 00:00:00,3250.0,4250.0,3900.0,132
Gujarat,Rajkot,Gondal,Dry Chillies,Local,FAQ,2002-02-27 00:00:00,1000.0,5555.0,4705.0,132
Gujarat,Rajkot,Rajkot,Dry Chillies,Local,FAQ,2002-05-01 00:00:00,1300.0,3750.0,3200.0,132
Gujarat,Rajkot,Rajkot,Dry Chillies,Local,FAQ,2002-05-08 00:00:00,1275.0,4225.0,3850.0,132
Gujarat,Rajkot,Rajkot,Dry Chillies,Local,FAQ,2002-05-10 00:00:00,1200.0,4125.0,3800.0,132
Gujarat,Rajkot,Rajkot,Dry Chillies,Local,FAQ,2002-05-11 00:00:00,1300.0,3750.0,3550.0,132
Gujarat,Rajkot,Rajkot,Dry Chillies,Local,FAQ,2002-05-13 00:00:00,1350.0,4525.0,3850.0,132
Gujarat,Rajkot,Rajkot,Dry Chillies,Local,FAQ,2002-05-21 00:00:00,1325.0,4375.0,3650.0,132
Gujarat,Rajkot,Rajkot,Dry Chillies,Local,FAQ,2002-05-27 00:00:00,1400.0,3875.0,3550.0,132
Gujarat,Vadodara(Baroda),Vadodara,Dry Chillies,Other,FAQ,2002-01-04 00:00:00,4000.0,6000.0,6000.0,132
Gujarat,Vadodara(Baroda),Vadodara,Dry Chillies,Other,FAQ,2002-02-06 00:00:00,4000.0,6000.0,5000.0,132
Gujarat,Vadodara(Baroda),Vadodara,Dry Chillies,Other,FAQ,2002-02-20 00:00:00,5000.0,7000.0,6000.0,132
Gujarat,Vadodara(Baroda),Vadodara,Dry Chillies,Other,FAQ,2002-02-23 00:00:00,2400.0,3000.0,2600.0,132
Gujarat,Dahod,Dahod,Dry Chillies,Other,FAQ,2003-01-13 00:00:00,3125.0,4400.0,3625.0,132
Gujarat,Dahod,Dahod,Dry Chillies,Other,FAQ,2003-01-17 00:00:00,3000.0,4400.0,3900.0,132
Gujarat,Dahod,Dahod,Dry Chillies,Other,FAQ,2003-01-30 00:00:00,3000.0,4400.0,3900.0,132
Gujarat,Dahod,Dahod,Dry Chillies,Other,FAQ,2003-02-10 00:00:00,2650.0,4200.0,3900.0,132
Gujarat,Dahod,Dahod,Dry Chillies,Other,FAQ,2003-02-27 00:00:00,2750.0,4450.0,3600.0,132
Gujarat,Dahod,Dahod,Dry Chillies,Other,FAQ,2003-03-20 00:00:00,2500.0,4650.0,4125.0,132
Gujarat,Dahod,Dahod,Dry Chillies,Other,FAQ,2003-03-31 00:00:00,2500.0,4625.0,4500.0,132
Gujarat,Dahod,Dahod,Dry Chillies,Other,FAQ,2003-04-26 00:00:00,2500.0,4725.0,4375.0,132
Gujarat,Dahod,Dahod,Dry Chillies,Other,FAQ,2003-05-24 00:00:00,2500.0,4750.0,4125.0,132
Gujarat,Dahod,Dahod,Dry Chillies,Other,FAQ,2003-07-07 00:00:00,4000.0,5055.0,4550.0,132
Gujarat,Dahod,Dahod,Dry Chillies,Other,FAQ,2003-07-26 00:00:00,4000.0,5000.0,4500.0,132
Gujarat,Dahod,Dahod,Dry Chillies,Other,FAQ,2003-08-30 00:00:00,3575.0,4625.0,4250.0,132
Gujarat,Dahod,Dahod,Dry Chillies,Other,FAQ,2003-09-19 00:00:00,3500.0,4500.0,4000.0,132
Gujarat,Dahod,Dahod,Dry Chillies,Other,FAQ,2003-10-17 00:00:00,3000.0,4200.0,3700.0,132
Gujarat,Dahod,Dahod,Dry Chillies,Other,FAQ,2003-10-22 00:00:00,3500.0,4650.0,4000.0,132
Gujarat,Dahod,Dahod,Dry Chillies,Other,FAQ,2003-11-05 00:00:00,3750.0,4500.0,4000.0,132
Gujarat,Dahod,Dahod,Dry Chillies,Other,FAQ,2003-11-10 00:00:00,3500.0,4500.0,4000.0,132
Gujarat,Dahod,Dahod,Dry Chillies,Other,FAQ,2003-11-17 00:00:00,3250.0,4500.0,3875.0,132
Gujarat,Dahod,Dahod,Dry Chillies,Other,FAQ,2003-11-18 00:00:00,2500.0,4600.0,3900.0,132
Gujarat,Dahod,Dahod,Dry Chillies,Other,FAQ,2003-11-19 00:00:00,3250.0,4500.0,3875.0,132
Gujarat,Dahod,Dahod,Dry Chillies,Other,FAQ,2003-12-05 00:00:00,3000.0,4750.0,4500.0,132
Gujarat,Dahod,Dahod,Dry Chillies,Other,FAQ,2003-12-11 00:00:00,3600.0,4650.0,4500.0,132
Gujarat,Dahod,Dahod,Dry Chillies,Other,FAQ,2003-12-27 00:00:00,3125.0,4625.0,4500.0,132
Gujarat,Jamnagar,Jamnagar,Dry Chillies,Kaddi,FAQ,2003-05-14 00:00:00,625.0,2350.0,1487.5,132
Gujarat,Jamnagar,Jamnagar,Dry Chillies,Other,FAQ,2003-04-09 00:00:00,705.0,945.0,825.0,132
Gujarat,Jamnagar,Jamnagar,Dry Chillies,Other,FAQ,2003-05-21 00:00:00,1800.0,4500.0,2650.0,132
Gujarat,Jamnagar,Jamnagar,Dry Chillies,Other,FAQ,2003-05-29 00:00:00,2500.0,4550.0,3525.0,132
Gujarat,Jamnagar,Jamnagar,Dry Chillies,Other,FAQ,2003-05-30 00:00:00,1000.0,3850.0,2425.0,132
Gujarat,Jamnagar,Jamnagar,Dry Chillies,Other,FAQ,2003-06-06 00:00:00,2250.0,5000.0,3625.0,132
Gujarat,Jamnagar,Jamnagar,Dry Chillies,Other,FAQ,2003-06-12 00:00:00,3500.0,5000.0,4250.0,132
Gujarat,Jamnagar,Jamnagar,Dry Chillies,Other,FAQ,2003-06-13 00:00:00,2200.0,4275.0,3237.5,132
Gujarat,Jamnagar,Jamnagar,Dry Chillies,Other,FAQ,2003-06-14 00:00:00,2750.0,4500.0,3625.0,132
Gujarat,Jamnagar,Jamnagar,Dry Chillies,Other,FAQ,2003-06-18 00:00:00,2000.0,4500.0,3250.0,132
Gujarat,Jamnagar,Jamnagar,Dry Chillies,Other,FAQ,2003-06-25 00:00:00,1950.0,3975.0,2962.5,132
Gujarat,Rajkot,Rajkot,Dry Chillies,Local,FAQ,2003-02-24 00:00:00,1500.0,4700.0,3900.0,132
Gujarat,Rajkot,Rajkot,Dry Chillies,Local,FAQ,2003-02-25 00:00:00,2150.0,5025.0,4200.0,132
Gujarat,Rajkot,Rajkot,Dry Chillies,Red,FAQ,2003-04-03 00:00:00,2375.0,6500.0,5000.0,132
Gujarat,Rajkot,Rajkot,Dry Chillies,Red,FAQ,2003-04-07 00:00:00,2400.0,6125.0,4800.0,132
Gujarat,Rajkot,Rajkot,Dry Chillies,Red,FAQ,2003-04-12 00:00:00,2400.0,5500.0,4580.0,132
Gujarat,Rajkot,Rajkot,Dry Chillies,Red,FAQ,2003-04-17 00:00:00,2050.0,5625.0,4550.0,132
Gujarat,Rajkot,Rajkot,Dry Chillies,Red,FAQ,2003-04-29 00:00:00,2075.0,5250.0,4500.0,132
Gujarat,Rajkot,Rajkot,Dry Chillies,Red,FAQ,2003-04-30 00:00:00,2425.0,5125.0,4500.0,132
Gujarat,Rajkot,Rajkot,Dry Chillies,Red,FAQ,2003-05-22 00:00:00,2125.0,5500.0,4200.0,132
Gujarat,Rajkot,Rajkot,Dry Chillies,Red,FAQ,2003-05-26 00:00:00,3175.0,5075.0,4250.0,132
Gujarat,Rajkot,Rajkot,Dry Chillies,Red,FAQ,2003-05-28 00:00:00,4000.0,4605.0,4350.0,132
Gujarat,Rajkot,Rajkot,Dry Chillies,Red,FAQ,2003-06-12 00:00:00,4000.0,4500.0,4350.0,132
Gujarat,Dahod,Dahod,Dry Chillies,Dry Chillies,FAQ,2017-01-04 00:00:00,8500.0,14500.0,13250.0,132
Gujarat,Dahod,Dahod,Dry Chillies,Dry Chillies,FAQ,2017-01-13 00:00:00,8500.0,14500.0,13000.0,132
Gujarat,Dahod,Dahod,Dry Chillies,Dry Chillies,FAQ,2017-03-16 00:00:00,8500.0,12000.0,11000.0,132
Gujarat,Dahod,Dahod,Dry Chillies,Dry Chillies,FAQ,2017-03-28 00:00:00,8500.0,12000.0,10000.0,132
Gujarat,Dahod,Dahod,Dry Chillies,Dry Chillies,FAQ,2017-04-29 00:00:00,8000.0,11500.0,11000.0,132
Gujarat,Dahod,Dahod,Dry Chillies,Dry Chillies,FAQ,2017-05-08 00:00:00,8000.0,11500.0,10000.0,132
Gujarat,Dahod,Dahod,Dry Chillies,Dry Chillies,FAQ,2017-10-23 00:00:00,7500.0,10000.0,9000.0,132
Gujarat,Jamnagar,Jamnagar,Dry Chillies,1st Sort,FAQ,2017-01-27 00:00:00,7500.0,8475.0,7988.0,132
Gujarat,Jamnagar,Jamnagar,Dry Chillies,1st Sort,FAQ,2017-02-08 00:00:00,3600.0,7375.0,5488.0,132
Gujarat,Jamnagar,Jamnagar,Dry Chillies,1st Sort,FAQ,2017-02-20 00:00:00,2625.0,7250.0,4937.0,132
Gujarat,Jamnagar,Jamnagar,Dry Chillies,1st Sort,FAQ,2017-03-01 00:00:00,2975.0,6525.0,4750.0,132
Gujarat,Jamnagar,Jamnagar,Dry Chillies,1st Sort,FAQ,2017-03-09 00:00:00,2500.0,6400.0,4450.0,132
Gujarat,Jamnagar,Jamnagar,Dry Chillies,1st Sort,FAQ,2017-04-07 00:00:00,2000.0,6000.0,4000.0,132
Gujarat,Jamnagar,Jamnagar,Dry Chillies,1st Sort,FAQ,2017-05-01 00:00:00,750.0,4500.0,2625.0,132
Gujarat,Jamnagar,Jamnagar,Dry Chillies,1st Sort,FAQ,2017-05-06 00:00:00,800.0,1650.0,1225.0,132
Gujarat,Jamnagar,Jamnagar,Dry Chillies,1st Sort,FAQ,2017-05-12 00:00:00,1500.0,2650.0,2075.0,132
Gujarat,Jamnagar,Jamnagar,Dry Chillies,1st Sort,FAQ,2017-05-15 00:00:00,2500.0,3125.0,2812.0,132
Gujarat,Rajkot,Gondal,Dry Chillies,Bold 1,FAQ,2017-01-02 00:00:00,3505.0,10105.0,8905.0,132
Gujarat,Rajkot,Gondal,Dry Chillies,Bold 1,FAQ,2017-01-06 00:00:00,3505.0,10505.0,9405.0,132
Gujarat,Rajkot,Gondal,Dry Chillies,Bold 1,FAQ,2017-01-10 00:00:00,3605.0,10305.0,8405.0,132
Gujarat,Rajkot,Gondal,Dry Chillies,Bold 1,FAQ,2017-01-25 00:00:00,4005.0,9905.0,8905.0,132
Gujarat,Rajkot,Gondal,Dry Chillies,Bold 1,FAQ,2017-02-02 00:00:00,4005.0,9105.0,8105.0,132
Gujarat,Rajkot,Gondal,Dry Chillies,Bold 1,FAQ,2017-02-04 00:00:00,3505.0,8405.0,6905.0,132
Gujarat,Rajkot,Gondal,Dry Chillies,Bold 1,FAQ,2017-02-18 00:00:00,3505.0,7505.0,6705.0,132
Gujarat,Rajkot,Gondal,Dry Chillies,Bold 1,FAQ,2017-03-14 00:00:00,2505.0,8505.0,6705.0,132
Gujarat,Rajkot,Gondal,Dry Chillies,Bold 1,FAQ,2017-03-16 00:00:00,2505.0,7805.0,6505.0,132
Gujarat,Rajkot,Gondal,Dry Chillies,Bold 1,FAQ,2017-03-17 00:00:00,2505.0,8005.0,6705.0,132
Gujarat,Rajkot,Gondal,Dry Chillies,Bold 1,FAQ,2017-03-18 00:00:00,2505.0,8405.0,6605.0,132
Gujarat,Rajkot,Gondal,Dry Chillies,Bold 1,FAQ,2017-03-25 00:00:00,2505.0,7905.0,6405.0,132
Gujarat,Rajkot,Gondal,Dry Chillies,Bold 1,FAQ,2017-06-07 00:00:00,255.0,3405.0,1805.0,132
Gujarat,Rajkot,Gondal,Dry Chillies,Bold 1,FAQ,2017-12-16 00:00:00,2755.0,11005.0,8880.0,132
Gujarat,Rajkot,Gondal,Dry Chillies,Bold 1,FAQ,2017-12-21 00:00:00,3755.0,10880.0,8380.0,132
Gujarat,Rajkot,Gondal,Dry Chillies,Bold 1,FAQ,2017-12-29 00:00:00,3755.0,11505.0,9380.0,132
Gujarat,Vadodara(Baroda),Vadodara,Dry Chillies,Other,FAQ,2017-01-30 00:00:00,8000.0,9000.0,9000.0,132
Gujarat,Vadodara(Baroda),Vadodara,Dry Chillies,Other,FAQ,2017-03-14 00:00:00,8000.0,10000.0,10000.0,132
Gujarat,Vadodara(Baroda),Vadodara,Dry Chillies,Other,FAQ,2017-03-20 00:00:00,8000.0,10000.0,10000.0,132
Gujarat,Vadodara(Baroda),Vadodara,Dry Chillies,Other,FAQ,2017-03-30 00:00:00,8000.0,10000.0,10000.0,132
Gujarat,Vadodara(Baroda),Vadodara,Dry Chillies,Other,FAQ,2017-04-10 00:00:00,3000.0,5000.0,5000.0,132
Gujarat,Vadodara(Baroda),Vadodara,Dry Chillies,Other,FAQ,2017-05-19 00:00:00,5000.0,8000.0,8000.0,132
Gujarat,Vadodara(Baroda),Vadodara,Dry Chillies,Other,FAQ,2017-07-13 00:00:00,5000.0,7000.0,7000.0,132
Gujarat,Vadodara(Baroda),Vadodara,Dry Chillies,Other,FAQ,2017-07-26 00:00:00,4500.0,4800.0,4800.0,132
Gujarat,Vadodara(Baroda),Vadodara,Dry Chillies,Other,FAQ,2017-07-29 00:00:00,4500.0,4800.0,4800.0,132
Gujarat,Vadodara(Baroda),Vadodara,Dry Chillies,Other,FAQ,2017-08-24 00:00:00,4000.0,6000.0,6000.0,132
Gujarat,Vadodara(Baroda),Vadodara,Dry Chillies,Other,FAQ,2017-10-02 00:00:00,5000.0,7000.0,7000.0,132
Gujarat,Dahod,Dahod,Dry Chillies,Dry Chillies,FAQ,2018-01-08 00:00:00,8000.0,11200.0,10250.0,132
Gujarat,Dahod,Dahod,Dry Chillies,Dry Chillies,FAQ,2018-05-19 00:00:00,8500.0,11000.0,9500.0,132
Gujarat,Dahod,Dahod,Dry Chillies,Dry Chillies,FAQ,2018-05-23 00:00:00,8500.0,11000.0,9500.0,132
Gujarat,Dahod,Dahod,Dry Chillies,Dry Chillies,FAQ,2018-05-25 00:00:00,8500.0,12000.0,10000.0,132
Gujarat,Dahod,Dahod,Dry Chillies,Dry Chillies,FAQ,2018-05-28 00:00:00,9500.0,12300.0,11500.0,132
Gujarat,Dahod,Dahod,Dry Chillies,Dry Chillies,FAQ,2018-06-02 00:00:00,9000.0,12000.0,10500.0,132
Gujarat,Dahod,Dahod,Dry Chillies,Dry Chillies,FAQ,2018-06-04 00:00:00,9000.0,12000.0,11000.0,132
Gujarat,Dahod,Dahod,Dry Chillies,Dry Chillies,FAQ,2018-06-19 00:00:00,8500.0,12250.0,10500.0,132
Gujarat,Dahod,Dahod,Dry Chillies,Dry Chillies,FAQ,2018-06-21 00:00:00,8500.0,12250.0,10500.0,132
Gujarat,Dahod,Dahod,Dry Chillies,Dry Chillies,FAQ,2018-06-23 00:00:00,8500.0,12250.0,11250.0,132
Gujarat,Dahod,Dahod,Dry Chillies,Dry Chillies,FAQ,2018-06-28 00:00:00,8500.0,12250.0,11000.0,132
Gujarat,Dahod,Dahod,Dry Chillies,Dry Chillies,FAQ,2018-07-06 00:00:00,8500.0,12000.0,10000.0,132
Gujarat,Dahod,Dahod,Dry Chillies,Dry Chillies,FAQ,2018-07-11 00:00:00,8500.0,12000.0,10000.0,132
Gujarat,Dahod,Dahod,Dry Chillies,Dry Chillies,FAQ,2018-07-24 00:00:00,8500.0,12000.0,10000.0,132
Gujarat,Dahod,Dahod,Dry Chillies,Dry Chillies,FAQ,2018-07-27 00:00:00,8500.0,12000.0,10000.0,132
Gujarat,Dahod,Dahod,Dry Chillies,Dry Chillies,FAQ,2018-08-01 00:00:00,8500.0,12250.0,10000.0,132
Gujarat,Dahod,Dahod,Dry Chillies,Dry Chillies,FAQ,2018-08-02 00:00:00,8500.0,11500.0,10500.0,132
Gujarat,Dahod,Dahod,Dry Chillies,Dry Chillies,FAQ,2018-08-08 00:00:00,8500.0,12250.0,11000.0,132
Gujarat,Dahod,Dahod,Dry Chillies,Dry Chillies,FAQ,2018-08-29 00:00:00,9000.0,12800.0,11000.0,132
Gujarat,Dahod,Dahod,Dry Chillies,Dry Chillies,FAQ,2018-09-12 00:00:00,9500.0,12500.0,10000.0,132
Gujarat,Dahod,Dahod,Dry Chillies,Dry Chillies,FAQ,2018-09-13 00:00:00,9500.0,12500.0,11000.0,132
Gujarat,Dahod,Dahod,Dry Chillies,Dry Chillies,FAQ,2018-10-15 00:00:00,9500.0,12500.0,11500.0,132
Gujarat,Dahod,Dahod,Dry Chillies,Dry Chillies,FAQ,2018-11-13 00:00:00,9500.0,13500.0,12500.0,132
Gujarat,Dahod,Dahod,Dry Chillies,Dry Chillies,FAQ,2018-11-22 00:00:00,9500.0,13500.0,12500.0,132
Gujarat,Dahod,Dahod,Dry Chillies,Dry Chillies,FAQ,2018-11-23 00:00:00,9500.0,13000.0,12000.0,132
Gujarat,Dahod,Dahod,Dry Chillies,Dry Chillies,FAQ,2018-12-01 00:00:00,9500.0,13500.0,11000.0,132
Gujarat,Dahod,Dahod,Dry Chillies,Dry Chillies,FAQ,2018-12-08 00:00:00,9500.0,13500.0,12000.0,132
Gujarat,Dahod,Dahod,Dry Chillies,Dry Chillies,FAQ,2018-12-12 00:00:00,9500.0,13500.0,12000.0,132
Gujarat,Dahod,Dahod,Dry Chillies,Dry Chillies,FAQ,2018-12-15 00:00:00,9500.0,13500.0,12000.0,132
Gujarat,Dahod,Dahod,Dry Chillies,Dry Chillies,FAQ,2018-12-18 00:00:00,9500.0,13500.0,12000.0,132
Gujarat,Dahod,Dahod,Dry Chillies,Dry Chillies,FAQ,2018-12-20 00:00:00,9500.0,13500.0,12500.0,132
Gujarat,Jamnagar,Jamnagar,Dry Chillies,1st Sort,FAQ,2018-03-03 00:00:00,7500.0,8500.0,8000.0,132
Gujarat,Jamnagar,Jamnagar,Dry Chillies,1st Sort,FAQ,2018-03-05 00:00:00,5500.0,8475.0,6988.0,132
Gujarat,Jamnagar,Jamnagar,Dry Chillies,1st Sort,FAQ,2018-03-20 00:00:00,1800.0,9775.0,5788.0,132
Gujarat,Jamnagar,Jamnagar,Dry Chillies,1st Sort,FAQ,2018-04-14 00:00:00,1500.0,8000.0,4750.0,132
Gujarat,Jamnagar,Jamnagar,Dry Chillies,1st Sort,FAQ,2018-12-03 00:00:00,4750.0,9250.0,7000.0,132
Gujarat,Jamnagar,Jamnagar,Dry Chillies,1st Sort,FAQ,2018-12-14 00:00:00,4450.0,7925.0,6188.0,132
Gujarat,Jamnagar,Jamnagar,Dry Chillies,1st Sort,FAQ,2018-12-18 00:00:00,4500.0,9000.0,6750.0,132
Gujarat,Jamnagar,Jamnagar,Dry Chillies,1st Sort,FAQ,2018-12-21 00:00:00,4000.0,9675.0,6838.0,132
Gujarat,Rajkot,Gondal,Dry Chillies,Bold 1,FAQ,2018-01-05 00:00:00,3505.0,11005.0,8880.0,132
Gujarat,Rajkot,Gondal,Dry Chillies,Bold 1,FAQ,2018-01-08 00:00:00,3505.0,11880.0,9380.0,132
Gujarat,Rajkot,Gondal,Dry Chillies,Bold 1,FAQ,2018-01-09 00:00:00,3505.0,11880.0,9380.0,132
Gujarat,Rajkot,Gondal,Dry Chillies,Bold 1,FAQ,2018-01-10 00:00:00,3505.0,10880.0,9130.0,132
Gujarat,Rajkot,Gondal,Dry Chillies,Bold 1,FAQ,2018-01-20 00:00:00,3505.0,12380.0,9880.0,132
Gujarat,Rajkot,Gondal,Dry Chillies,Bold 1,FAQ,2018-02-20 00:00:00,5505.0,14255.0,10255.0,132
Gujarat,Rajkot,Gondal,Dry Chillies,Bold 1,FAQ,2018-02-21 00:00:00,5505.0,14755.0,10080.0,132
Gujarat,Rajkot,Gondal,Dry Chillies,Bold 1,FAQ,2018-02-22 00:00:00,5505.0,13255.0,9130.0,132
Gujarat,Rajkot,Gondal,Dry Chillies,Bold 1,FAQ,2018-02-24 00:00:00,5505.0,14005.0,9380.0,132
Gujarat,Rajkot,Gondal,Dry Chillies,Bold 1,FAQ,2018-04-03 00:00:00,3505.0,16005.0,13005.0,132
Gujarat,Rajkot,Gondal,Dry Chillies,Bold 1,FAQ,2018-04-11 00:00:00,3505.0,16255.0,11255.0,132
Gujarat,Rajkot,Gondal,Dry Chillies,Bold 1,FAQ,2018-04-14 00:00:00,3505.0,14005.0,13255.0,132
Gujarat,Rajkot,Gondal,Dry Chillies,Bold 1,FAQ,2018-04-16 00:00:00,3630.0,14505.0,11505.0,132
Gujarat,Rajkot,Gondal,Dry Chillies,Bold 1,FAQ,2018-05-02 00:00:00,2255.0,12505.0,8755.0,132
Gujarat,Rajkot,Gondal,Dry Chillies,Bold 1,FAQ,2018-05-05 00:00:00,2005.0,13755.0,7255.0,132
Gujarat,Rajkot,Gondal,Dry Chillies,Bold 1,FAQ,2018-11-16 00:00:00,5505.0,9130.0,7880.0,132
Gujarat,Rajkot,Gondal,Dry Chillies,Bold 1,FAQ,2018-11-20 00:00:00,5005.0,8750.0,7380.0,132
Gujarat,Rajkot,Gondal,Dry Chillies,Bold 1,FAQ,2018-12-04 00:00:00,5005.0,8880.0,7380.0,132
Gujarat,Rajkot,Gondal,Dry Chillies,Bold 1,FAQ,2018-12-06 00:00:00,5005.0,8405.0,7130.0,132
Gujarat,Rajkot,Gondal,Dry Chillies,Bold 1,FAQ,2018-12-11 00:00:00,4755.0,8880.0,7380.0,132
Gujarat,Rajkot,Gondal,Dry Chillies,Bold 1,FAQ,2018-12-22 00:00:00,5005.0,9255.0,7255.0,132
Gujarat,Rajkot,Rajkot,Dry Chillies,Red,FAQ,2018-11-19 00:00:00,3000.0,8000.0,6300.0,132
Gujarat,Rajkot,Rajkot,Dry Chillies,Red,FAQ,2018-11-24 00:00:00,6000.0,8000.0,7000.0,132
Gujarat,Rajkot,Rajkot,Dry Chillies,Red,FAQ,2018-11-26 00:00:00,5500.0,7200.0,6250.0,132
Gujarat,Rajkot,Rajkot,Dry Chillies,Red,FAQ,2018-12-06 00:00:00,6000.0,7500.0,7000.0,132
Gujarat,Rajkot,Rajkot,Dry Chillies,Red,FAQ,2018-12-07 00:00:00,6000.0,7250.0,6750.0,132
Gujarat,Rajkot,Rajkot,Dry Chillies,Red,FAQ,2018-12-13 00:00:00,6000.0,7250.0,6500.0,132
Gujarat,Rajkot,Rajkot,Dry Chillies,Red,FAQ,2018-12-14 00:00:00,6000.0,7700.0,7000.0,132
Gujarat,Rajkot,Rajkot,Dry Chillies,Red,FAQ,2018-12-18 00:00:00,6500.0,9000.0,7500.0,132
Gujarat,Rajkot,Rajkot,Dry Chillies,Red,FAQ,2018-12-26 00:00:00,4000.0,7500.0,6000.0,132
Gujarat,Vadodara(Baroda),Vadodara,Dry Chillies,Other,FAQ,2018-02-01 00:00:00,6000.0,8000.0,8000.0,132
Gujarat,Vadodara(Baroda),Vadodara,Dry Chillies,Other,FAQ,2018-02-03 00:00:00,6000.0,8000.0,8000.0,132
Gujarat,Vadodara(Baroda),Vadodara,Dry Chillies,Other,FAQ,2018-02-26 00:00:00,7000.0,9000.0,9000.0,132
Gujarat,Vadodara(Baroda),Vadodara,Dry Chillies,Other,FAQ,2018-03-14 00:00:00,6500.0,10000.0,10000.0,132
Gujarat,Vadodara(Baroda),Vadodara,Dry Chillies,Other,FAQ,2018-03-31 00:00:00,8000.0,12000.0,12000.0,132
Gujarat,Vadodara(Baroda),Vadodara,Dry Chillies,Other,FAQ,2018-04-02 00:00:00,8000.0,12000.0,12000.0,132
Gujarat,Vadodara(Baroda),Vadodara,Dry Chillies,Other,FAQ,2018-04-07 00:00:00,8000.0,11000.0,11000.0,132
Gujarat,Vadodara(Baroda),Vadodara,Dry Chillies,Other,FAQ,2018-04-09 00:00:00,8000.0,11000.0,11000.0,132
Gujarat,Vadodara(Baroda),Vadodara,Dry Chillies,Other,FAQ,2018-04-16 00:00:00,8000.0,11000.0,11000.0,132
Gujarat,Vadodara(Baroda),Vadodara,Dry Chillies,Other,FAQ,2018-05-04 00:00:00,8000.0,10000.0,10000.0,132
Gujarat,Vadodara(Baroda),Vadodara,Dry Chillies,Other,FAQ,2018-05-17 00:00:00,8000.0,10000.0,10000.0,132
Gujarat,Vadodara(Baroda),Vadodara,Dry Chillies,Other,FAQ,2018-05-25 00:00:00,8000.0,10000.0,10000.0,132
Gujarat,Vadodara(Baroda),Vadodara,Dry Chillies,Other,FAQ,2018-06-12 00:00:00,8000.0,10000.0,10000.0,132
Gujarat,Vadodara(Baroda),Vadodara,Dry Chillies,Other,FAQ,2018-06-19 00:00:00,8000.0,10000.0,10000.0,132
Gujarat,Vadodara(Baroda),Vadodara,Dry Chillies,Other,FAQ,2018-07-07 00:00:00,8000.0,9000.0,9000.0,132
Gujarat,Vadodara(Baroda),Vadodara,Dry Chillies,Other,FAQ,2018-08-03 00:00:00,8000.0,10000.0,10000.0,132
Gujarat,Vadodara(Baroda),Vadodara,Dry Chillies,Other,FAQ,2018-08-07 00:00:00,8000.0,10000.0,10000.0,132
Gujarat,Vadodara(Baroda),Vadodara,Dry Chillies,Other,FAQ,2018-08-29 00:00:00,8000.0,10000.0,10000.0,132
Gujarat,Vadodara(Baroda),Vadodara,Dry Chillies,Other,FAQ,2018-08-30 00:00:00,8000.0,10000.0,10000.0,132
Gujarat,Vadodara(Baroda),Vadodara,Dry Chillies,Other,FAQ,2018-09-20 00:00:00,7000.0,9000.0,9000.0,132
Gujarat,Vadodara(Baroda),Vadodara,Dry Chillies,Other,FAQ,2018-10-08 00:00:00,8000.0,10000.0,10000.0,132
Gujarat,Vadodara(Baroda),Vadodara,Dry Chillies,Other,FAQ,2018-10-10 00:00:00,8000.0,10000.0,10000.0,132
Gujarat,Vadodara(Baroda),Vadodara,Dry Chillies,Other,FAQ,2018-12-06 00:00:00,8000.0,9000.0,9000.0,132
Gujarat,Dahod,Dahod,Dry Chillies,Dry Chillies,FAQ,2022-01-05 00:00:00,10500.0,20000.0,15000.0,132
Gujarat,Dahod,Dahod,Dry Chillies,Dry Chillies,FAQ,2022-01-15 00:00:00,11000.0,20000.0,17500.0,132
Gujarat,Dahod,Dahod,Dry Chillies,Dry Chillies,FAQ,2022-01-18 00:00:00,11000.0,20000.0,17500.0,132
Gujarat,Dahod,Dahod,Dry Chillies,Dry Chillies,FAQ,2022-02-16 00:00:00,11000.0,20000.0,19000.0,132
Gujarat,Dahod,Dahod,Dry Chillies,Dry Chillies,FAQ,2022-03-16 00:00:00,11000.0,20000.0,15000.0,132
Gujarat,Dahod,Dahod,Dry Chillies,Dry Chillies,FAQ,2022-04-29 00:00:00,12000.0,21500.0,20000.0,132
Gujarat,Dahod,Dahod,Dry Chillies,Dry Chillies,FAQ,2022-04-30 00:00:00,12000.0,21500.0,20000.0,132
Gujarat,Dahod,Dahod,Dry Chillies,Dry Chillies,FAQ,2022-05-02 00:00:00,12000.0,21500.0,20250.0,132
Gujarat,Dahod,Dahod,Dry Chillies,Dry Chillies,FAQ,2022-05-06 00:00:00,12000.0,21500.0,20000.0,132
Gujarat,Dahod,Dahod,Dry Chillies,Dry Chillies,FAQ,2022-05-23 00:00:00,12000.0,21500.0,20000.0,132
Gujarat,Dahod,Dahod,Dry Chillies,Dry Chillies,FAQ,2022-06-10 00:00:00,11000.0,22500.0,19000.0,132
Gujarat,Dahod,Dahod,Dry Chillies,Dry Chillies,FAQ,2022-06-22 00:00:00,12000.0,23500.0,20500.0,132
Gujarat,Dahod,Dahod,Dry Chillies,Dry Chillies,FAQ,2022-07-04 00:00:00,12000.0,23500.0,22875.0,132
Gujarat,Dahod,Dahod,Dry Chillies,Dry Chillies,FAQ,2022-07-08 00:00:00,12000.0,23500.0,19000.0,132
Gujarat,Dahod,Dahod,Dry Chillies,Dry Chillies,FAQ,2022-07-18 00:00:00,12000.0,24500.0,19500.0,132
Gujarat,Dahod,Dahod,Dry Chillies,Dry Chillies,FAQ,2022-08-16 00:00:00,13000.0,27500.0,22500.0,132
Gujarat,Dahod,Dahod,Dry Chillies,Dry Chillies,FAQ,2022-09-19 00:00:00,13000.0,27500.0,22500.0,132
Gujarat,Dahod,Dahod,Dry Chillies,Dry Chillies,FAQ,2022-10-12 00:00:00,13000.0,27500.0,25000.0,132
Gujarat,Dahod,Dahod,Dry Chillies,Dry Chillies,FAQ,2022-11-18 00:00:00,15000.0,26000.0,20000.0,132
Gujarat,Dahod,Dahod,Dry Chillies,Dry Chillies,FAQ,2022-12-06 00:00:00,15000.0,26000.0,22500.0,132
Gujarat,Dahod,Dahod,Dry Chillies,Dry Chillies,FAQ,2022-12-20 00:00:00,15000.0,26000.0,25000.0,132
Gujarat,Jamnagar,Jamnagar,Dry Chillies,1st Sort,FAQ,2022-02-15 00:00:00,3850.0,18300.0,11575.0,132
Gujarat,Rajkot,Gondal,Dry Chillies,Bold 1,FAQ,2022-06-03 00:00:00,4255.0,21255.0,16255.0,132
Gujarat,Rajkot,Gondal,Dry Chillies,Bold 1,FAQ,2022-06-13 00:00:00,4255.0,19005.0,8255.0,132
Gujarat,Rajkot,Rajkot,Dry Chillies,Red,FAQ,2022-01-27 00:00:00,4500.0,15500.0,13000.0,132
Gujarat,Rajkot,Rajkot,Dry Chillies,Red,FAQ,2022-01-29 00:00:00,5000.0,16750.0,13250.0,132
Gujarat,Rajkot,Rajkot,Dry Chillies,Red,FAQ,2022-02-07 00:00:00,6500.0,15525.0,13700.0,132
Gujarat,Rajkot,Rajkot,Dry Chillies,Red,FAQ,2022-02-23 00:00:00,5500.0,14650.0,12250.0,132
Gujarat,Rajkot,Rajkot,Dry Chillies,Red,FAQ,2022-02-24 00:00:00,5000.0,14700.0,12500.0,132
Gujarat,Rajkot,Rajkot,Dry Chillies,Red,FAQ,2022-03-09 00:00:00,5000.0,14750.0,12500.0,132
Gujarat,Rajkot,Rajkot,Dry Chillies,Red,FAQ,2022-03-22 00:00:00,5750.0,14500.0,12750.0,132
Gujarat,Rajkot,Rajkot,Dry Chillies,Red,FAQ,2022-04-08 00:00:00,4500.0,14500.0,12000.0,132
Gujarat,Rajkot,Rajkot,Dry Chillies,Red,FAQ,2022-04-14 00:00:00,4750.0,14250.0,11750.0,132
Gujarat,Rajkot,Rajkot,Dry Chillies,Red,FAQ,2022-04-19 00:00:00,4500.0,14500.0,12000.0,132
Gujarat,Rajkot,Rajkot,Dry Chillies,Red,FAQ,2022-04-22 00:00:00,4500.0,14750.0,11750.0,132
Gujarat,Rajkot,Rajkot,Dry Chillies,Red,FAQ,2022-04-26 00:00:00,5000.0,15150.0,13400.0,132
Gujarat,Rajkot,Rajkot,Dry Chillies,Red,FAQ,2022-04-29 00:00:00,4600.0,14500.0,12725.0,132
Gujarat,Rajkot,Rajkot,Dry Chillies,Red,FAQ,2022-04-30 00:00:00,4500.0,13500.0,11250.0,132
Gujarat,Rajkot,Rajkot,Dry Chillies,Red,FAQ,2022-05-12 00:00:00,5650.0,14250.0,11000.0,132
Gujarat,Rajkot,Rajkot,Dry Chillies,Red,FAQ,2022-05-17 00:00:00,4500.0,14250.0,11500.0,132
Gujarat,Rajkot,Rajkot,Dry Chillies,Red,FAQ,2022-06-06 00:00:00,9000.0,16000.0,12500.0,132
Gujarat,Rajkot,Rajkot,Dry Chillies,Red,FAQ,2022-06-08 00:00:00,9000.0,16000.0,14500.0,132
Gujarat,Rajkot,Rajkot,Dry Chillies,Red,FAQ,2022-11-09 00:00:00,12500.0,32500.0,22500.0,132
Gujarat,Rajkot,Rajkot,Dry Chillies,Red,FAQ,2022-11-14 00:00:00,12500.0,32000.0,25000.0,132
Gujarat,Rajkot,Rajkot,Dry Chillies,Red,FAQ,2022-11-17 00:00:00,12500.0,30000.0,27500.0,132
Gujarat,Rajkot,Rajkot,Dry Chillies,Red,FAQ,2022-11-24 00:00:00,9000.0,25000.0,15000.0,132
Gujarat,Rajkot,Rajkot,Dry Chillies,Red,FAQ,2022-11-28 00:00:00,16000.0,29000.0,26500.0,132
Gujarat,Rajkot,Rajkot,Dry Chillies,Red,FAQ,2022-11-30 00:00:00,15000.0,27500.0,25000.0,132
Gujarat,Rajkot,Rajkot,Dry Chillies,Red,FAQ,2022-12-03 00:00:00,12750.0,26000.0,22500.0,132
Gujarat,Rajkot,Rajkot,Dry Chillies,Red,FAQ,2022-12-08 00:00:00,9500.0,22400.0,18000.0,132
Gujarat,Rajkot,Rajkot,Dry Chillies,Red,FAQ,2022-12-15 00:00:00,12500.0,22500.0,18000.0,132
Gujarat,Dahod,Dahod,Dry Chillies,Other,FAQ,2014-01-04 00:00:00,6500.0,12250.0,11000.0,132
Gujarat,Dahod,Dahod,Dry Chillies,Other,FAQ,2014-01-06 00:00:00,7000.0,12500.0,10000.0,132
Gujarat,Dahod,Dahod,Dry Chillies,Other,FAQ,2014-01-10 00:00:00,6500.0,12250.0,11125.0,132
Gujarat,Dahod,Dahod,Dry Chillies,Other,FAQ,2014-01-11 00:00:00,6500.0,12250.0,11000.0,132
Gujarat,Dahod,Dahod,Dry Chillies,Other,FAQ,2014-01-31 00:00:00,6500.0,12000.0,11000.0,132
Gujarat,Dahod,Dahod,Dry Chillies,Other,FAQ,2014-02-12 00:00:00,7000.0,12250.0,11750.0,132
Gujarat,Dahod,Dahod,Dry Chillies,Other,FAQ,2014-02-14 00:00:00,7000.0,12250.0,11750.0,132
Gujarat,Dahod,Dahod,Dry Chillies,Other,FAQ,2014-02-17 00:00:00,7000.0,12250.0,11500.0,132
Gujarat,Dahod,Dahod,Dry Chillies,Other,FAQ,2014-02-20 00:00:00,7000.0,11500.0,11000.0,132
Gujarat,Dahod,Dahod,Dry Chillies,Other,FAQ,2014-03-08 00:00:00,7000.0,11500.0,10500.0,132
Gujarat,Dahod,Dahod,Dry Chillies,Other,FAQ,2014-03-25 00:00:00,7000.0,11500.0,10500.0,132
Gujarat,Dahod,Dahod,Dry Chillies,Other,FAQ,2014-04-07 00:00:00,7000.0,11500.0,10500.0,132
Gujarat,Dahod,Dahod,Dry Chillies,Other,FAQ,2014-04-14 00:00:00,7000.0,11500.0,10500.0,132
Gujarat,Dahod,Dahod,Dry Chillies,Other,FAQ,2014-04-16 00:00:00,7000.0,11500.0,10500.0,132
Gujarat,Dahod,Dahod,Dry Chillies,Other,FAQ,2014-05-28 00:00:00,7000.0,11000.0,10000.0,132
Gujarat,Dahod,Dahod,Dry Chillies,Other,FAQ,2014-06-10 00:00:00,7000.0,11000.0,10250.0,132
Gujarat,Rajkot,Gondal,Dry Chillies,Local,FAQ,2014-02-03 00:00:00,1500.0,9505.0,6500.0,132
Gujarat,Rajkot,Gondal,Dry Chillies,Local,FAQ,2014-02-08 00:00:00,2205.0,14705.0,11755.0,132
Gujarat,Rajkot,Gondal,Dry Chillies,Local,FAQ,2014-02-13 00:00:00,2355.0,14755.0,11255.0,132
Gujarat,Rajkot,Gondal,Dry Chillies,Local,FAQ,2014-03-12 00:00:00,2505.0,15455.0,13005.0,132
Gujarat,Rajkot,Gondal,Dry Chillies,Local,FAQ,2014-03-19 00:00:00,2505.0,13755.0,11955.0,132
Gujarat,Rajkot,Gondal,Dry Chillies,Local,FAQ,2014-05-20 00:00:00,1155.0,8005.0,5505.0,132
Gujarat,Rajkot,Gondal,Dry Chillies,Local,FAQ,2014-05-29 00:00:00,555.0,9305.0,6305.0,132
Gujarat,Rajkot,Gondal,Dry Chillies,Local,FAQ,2014-05-31 00:00:00,1155.0,7705.0,5955.0,132
Gujarat,Vadodara(Baroda),Vadodara,Dry Chillies,Other,FAQ,2014-01-16 00:00:00,6000.0,8000.0,8000.0,132
Gujarat,Vadodara(Baroda),Vadodara,Dry Chillies,Other,FAQ,2014-01-17 00:00:00,6000.0,8000.0,8000.0,132
Gujarat,Vadodara(Baroda),Vadodara,Dry Chillies,Other,FAQ,2014-01-27 00:00:00,6000.0,7000.0,7000.0,132
Gujarat,Vadodara(Baroda),Vadodara,Dry Chillies,Other,FAQ,2014-02-03 00:00:00,6000.0,7000.0,7000.0,132
Gujarat,Vadodara(Baroda),Vadodara,Dry Chillies,Other,FAQ,2014-02-05 00:00:00,6000.0,7000.0,7000.0,132
Gujarat,Vadodara(Baroda),Vadodara,Dry Chillies,Other,FAQ,2014-02-22 00:00:00,7500.0,9000.0,9000.0,132
Gujarat,Vadodara(Baroda),Vadodara,Dry Chillies,Other,FAQ,2014-03-07 00:00:00,7500.0,9000.0,9000.0,132
Gujarat,Vadodara(Baroda),Vadodara,Dry Chillies,Other,FAQ,2014-03-08 00:00:00,7500.0,9000.0,9000.0,132
Gujarat,Vadodara(Baroda),Vadodara,Dry Chillies,Other,FAQ,2014-03-13 00:00:00,7500.0,9000.0,9000.0,132
Gujarat,Vadodara(Baroda),Vadodara,Dry Chillies,Other,FAQ,2014-03-21 00:00:00,7000.0,8000.0,8000.0,132
Gujarat,Vadodara(Baroda),Vadodara,Dry Chillies,Other,FAQ,2014-04-08 00:00:00,7000.0,9000.0,9000.0,132
Gujarat,Vadodara(Baroda),Vadodara,Dry Chillies,Other,FAQ,2014-04-10 00:00:00,7000.0,9000.0,9000.0,132
Gujarat,Vadodara(Baroda),Vadodara,Dry Chillies,Other,FAQ,2014-04-11 00:00:00,7000.0,9000.0,9000.0,132
Gujarat,Vadodara(Baroda),Vadodara,Dry Chillies,Other,FAQ,2014-04-14 00:00:00,7000.0,9000.0,9000.0,132
Gujarat,Vadodara(Baroda),Vadodara,Dry Chillies,Other,FAQ,2014-04-15 00:00:00,7000.0,9000.0,9000.0,132
Gujarat,Vadodara(Baroda),Vadodara,Dry Chillies,Other,FAQ,2014-04-16 00:00:00,7000.0,9000.0,9000.0,132
Gujarat,Vadodara(Baroda),Vadodara,Dry Chillies,Other,FAQ,2014-05-08 00:00:00,6000.0,7000.0,7000.0,132
Gujarat,Vadodara(Baroda),Vadodara,Dry Chillies,Other,FAQ,2014-05-15 00:00:00,6000.0,7000.0,7000.0,132
Gujarat,Vadodara(Baroda),Vadodara,Dry Chillies,Other,FAQ,2014-05-24 00:00:00,6000.0,7500.0,7500.0,132
Gujarat,Vadodara(Baroda),Vadodara,Dry Chillies,Other,FAQ,2014-06-06 00:00:00,6000.0,7000.0,7000.0,132
Gujarat,Vadodara(Baroda),Vadodara,Dry Chillies,Other,FAQ,2014-06-27 00:00:00,6000.0,7000.0,7000.0,132
Gujarat,Vadodara(Baroda),Vadodara,Dry Chillies,Other,FAQ,2014-07-10 00:00:00,7000.0,8000.0,8000.0,132
Gujarat,Vadodara(Baroda),Vadodara,Dry Chillies,Other,FAQ,2014-07-19 00:00:00,7000.0,8000.0,8000.0,132
Gujarat,Vadodara(Baroda),Vadodara,Dry Chillies,Other,FAQ,2014-07-28 00:00:00,5500.0,7000.0,7000.0,132
Gujarat,Vadodara(Baroda),Vadodara,Dry Chillies,Other,FAQ,2014-08-07 00:00:00,5500.0,7000.0,7000.0,132
Gujarat,Vadodara(Baroda),Vadodara,Dry Chillies,Other,FAQ,2014-09-02 00:00:00,6500.0,7000.0,7000.0,132
Gujarat,Vadodara(Baroda),Vadodara,Dry Chillies,Other,FAQ,2014-09-17 00:00:00,6400.0,7000.0,7000.0,132
Gujarat,Vadodara(Baroda),Vadodara,Dry Chillies,Other,FAQ,2014-09-22 00:00:00,6400.0,7000.0,7000.0,132
Gujarat,Vadodara(Baroda),Vadodara,Dry Chillies,Other,FAQ,2014-10-09 00:00:00,7000.0,9000.0,9000.0,132
Gujarat,Vadodara(Baroda),Vadodara,Dry Chillies,Other,FAQ,2014-10-17 00:00:00,7000.0,9000.0,9000.0,132
Gujarat,Vadodara(Baroda),Vadodara,Dry Chillies,Other,FAQ,2014-11-01 00:00:00,4500.0,7000.0,7000.0,132
Gujarat,Vadodara(Baroda),Vadodara,Dry Chillies,Other,FAQ,2014-11-17 00:00:00,8000.0,9000.0,9000.0,132
Gujarat,Vadodara(Baroda),Vadodara,Dry Chillies,Other,FAQ,2014-11-19 00:00:00,8000.0,9000.0,9000.0,132
Gujarat,Vadodara(Baroda),Vadodara,Dry Chillies,Other,FAQ,2014-11-21 00:00:00,8000.0,9000.0,9000.0,132
Gujarat,Vadodara(Baroda),Vadodara,Dry Chillies,Other,FAQ,2014-12-25 00:00:00,8000.0,9000.0,9000.0,132
Gujarat,Dahod,Dahod,Dry Chillies,Other,FAQ,2010-01-06 00:00:00,5000.0,8000.0,7000.0,132
Gujarat,Dahod,Dahod,Dry Chillies,Other,FAQ,2010-01-27 00:00:00,5000.0,7750.0,6500.0,132
Gujarat,Dahod,Dahod,Dry Chillies,Other,FAQ,2010-02-02 00:00:00,5000.0,7750.0,7000.0,132
Gujarat,Dahod,Dahod,Dry Chillies,Other,FAQ,2010-02-24 00:00:00,4000.0,7875.0,5000.0,132
Gujarat,Dahod,Dahod,Dry Chillies,Other,FAQ,2010-03-05 00:00:00,4000.0,7500.0,6500.0,132
Gujarat,Dahod,Dahod,Dry Chillies,Other,FAQ,2010-04-30 00:00:00,4000.0,7000.0,6500.0,132
Gujarat,Dahod,Dahod,Dry Chillies,Other,FAQ,2010-05-05 00:00:00,4000.0,7000.0,6500.0,132
Gujarat,Dahod,Dahod,Dry Chillies,Other,FAQ,2010-07-01 00:00:00,4000.0,7500.0,7250.0,132
Gujarat,Dahod,Dahod,Dry Chillies,Other,FAQ,2010-07-12 00:00:00,4000.0,7500.0,6500.0,132
Gujarat,Dahod,Dahod,Dry Chillies,Other,FAQ,2010-07-29 00:00:00,4000.0,7500.0,7125.0,132
Gujarat,Dahod,Dahod,Dry Chillies,Other,FAQ,2010-08-25 00:00:00,4000.0,7500.0,7000.0,132
Gujarat,Dahod,Dahod,Dry Chillies,Other,FAQ,2010-08-30 00:00:00,4000.0,7500.0,7000.0,132
Gujarat,Dahod,Dahod,Dry Chillies,Other,FAQ,2010-10-15 00:00:00,4500.0,8000.0,6875.0,132
Gujarat,Dahod,Dahod,Dry Chillies,Other,FAQ,2010-10-26 00:00:00,4500.0,8000.0,7000.0,132
Gujarat,Dahod,Dahod,Dry Chillies,Other,FAQ,2010-11-02 00:00:00,4500.0,8000.0,7000.0,132
Gujarat,Dahod,Dahod,Dry Chillies,Other,FAQ,2010-11-04 00:00:00,4500.0,8000.0,7000.0,132
Gujarat,Dahod,Dahod,Dry Chillies,Other,FAQ,2010-11-16 00:00:00,4500.0,8000.0,7000.0,132
Gujarat,Dahod,Dahod,Dry Chillies,Other,FAQ,2010-11-26 00:00:00,4500.0,8000.0,7000.0,132
Gujarat,Dahod,Dahod,Dry Chillies,Other,FAQ,2010-12-03 00:00:00,4500.0,8250.0,7000.0,132
Gujarat,Dahod,Dahod,Dry Chillies,Other,FAQ,2010-12-07 00:00:00,4500.0,8250.0,7000.0,132
Gujarat,Dahod,Dahod,Dry Chillies,Other,FAQ,2010-12-13 00:00:00,4500.0,8250.0,7000.0,132
Gujarat,Dahod,Dahod,Dry Chillies,Other,FAQ,2010-12-20 00:00:00,4500.0,6750.0,6000.0,132
Gujarat,Dahod,Dahod,Dry Chillies,Other,FAQ,2010-12-24 00:00:00,4500.0,8250.0,7000.0,132
Gujarat,Dahod,Dahod,Dry Chillies,Other,FAQ,2010-12-25 00:00:00,4500.0,8250.0,7000.0,132
Gujarat,Dahod,Dahod,Dry Chillies,Other,FAQ,2010-12-27 00:00:00,4500.0,8250.0,7000.0,132
Gujarat,Dahod,Dahod,Dry Chillies,Other,FAQ,2010-12-30 00:00:00,4500.0,8250.0,7000.0,132
Gujarat,Rajkot,Gondal,Dry Chillies,Desi,FAQ,2010-01-20 00:00:00,1655.0,4705.0,4105.0,132
Gujarat,Rajkot,Gondal,Dry Chillies,Desi,FAQ,2010-01-22 00:00:00,1505.0,7505.0,6355.0,132
Gujarat,Rajkot,Gondal,Dry Chillies,Desi,FAQ,2010-01-27 00:00:00,1000.0,8305.0,6255.0,132
Gujarat,Rajkot,Gondal,Dry Chillies,Desi,FAQ,2010-02-10 00:00:00,1000.0,8705.0,7155.0,132
Gujarat,Rajkot,Gondal,Dry Chillies,Desi,FAQ,2010-03-04 00:00:00,1505.0,11355.0,8755.0,132
Gujarat,Rajkot,Gondal,Dry Chillies,Desi,FAQ,2010-03-05 00:00:00,1505.0,11455.0,9005.0,132
Gujarat,Rajkot,Gondal,Dry Chillies,Desi,FAQ,2010-03-09 00:00:00,1505.0,12455.0,8655.0,132
Gujarat,Rajkot,Gondal,Dry Chillies,Desi,FAQ,2010-03-10 00:00:00,1505.0,11355.0,9205.0,132
Gujarat,Rajkot,Gondal,Dry Chillies,Desi,FAQ,2010-03-11 00:00:00,1505.0,12405.0,8655.0,132
Gujarat,Rajkot,Gondal,Dry Chillies,Desi,FAQ,2010-03-20 00:00:00,1005.0,9155.0,7855.0,132
Gujarat,Rajkot,Gondal,Dry Chillies,Desi,FAQ,2010-03-22 00:00:00,1505.0,10605.0,9405.0,132
Gujarat,Rajkot,Gondal,Dry Chillies,Desi,FAQ,2010-03-23 00:00:00,1005.0,10805.0,8505.0,132
Gujarat,Rajkot,Gondal,Dry Chillies,Desi,FAQ,2010-04-05 00:00:00,1005.0,7955.0,5955.0,132
Gujarat,Rajkot,Gondal,Dry Chillies,Desi,FAQ,2010-04-08 00:00:00,1005.0,8155.0,6255.0,132
Gujarat,Rajkot,Gondal,Dry Chillies,Desi,FAQ,2010-04-09 00:00:00,1005.0,7305.0,5655.0,132
Gujarat,Rajkot,Gondal,Dry Chillies,Desi,FAQ,2010-04-13 00:00:00,1005.0,7155.0,5905.0,132
Gujarat,Rajkot,Gondal,Dry Chillies,Desi,FAQ,2010-04-15 00:00:00,1005.0,7855.0,6105.0,132
Gujarat,Rajkot,Gondal,Dry Chillies,Desi,FAQ,2010-04-17 00:00:00,1005.0,6955.0,5905.0,132
Gujarat,Rajkot,Gondal,Dry Chillies,Desi,FAQ,2010-04-28 00:00:00,1005.0,7505.0,5255.0,132
Gujarat,Rajkot,Gondal,Dry Chillies,Desi,FAQ,2010-05-06 00:00:00,1005.0,7255.0,5855.0,132
Gujarat,Rajkot,Gondal,Dry Chillies,Desi,FAQ,2010-05-08 00:00:00,1005.0,7555.0,5505.0,132
Gujarat,Rajkot,Gondal,Dry Chillies,Desi,FAQ,2010-05-14 00:00:00,1000.0,6755.0,5555.0,132
Gujarat,Rajkot,Gondal,Dry Chillies,Desi,FAQ,2010-05-22 00:00:00,755.0,5355.0,4000.0,132
Gujarat,Rajkot,Gondal,Dry Chillies,Desi,FAQ,2010-05-28 00:00:00,3255.0,5555.0,5305.0,132
Gujarat,Rajkot,Jasdan,Dry Chillies,Other,FAQ,2010-03-04 00:00:00,5625.0,6750.0,6000.0,132
Gujarat,Rajkot,Jasdan,Dry Chillies,Other,FAQ,2010-03-08 00:00:00,5460.0,7900.0,6580.0,132
Gujarat,Rajkot,Jasdan,Dry Chillies,Other,FAQ,2010-03-16 00:00:00,4250.0,11860.0,7500.0,132
Gujarat,Rajkot,Jasdan,Dry Chillies,Other,FAQ,2010-04-05 00:00:00,3500.0,6500.0,5000.0,132
Gujarat,Rajkot,Jasdan,Dry Chillies,Other,FAQ,2010-04-08 00:00:00,4025.0,7500.0,6250.0,132
Gujarat,Rajkot,Jasdan,Dry Chillies,Other,FAQ,2010-05-03 00:00:00,2000.0,4500.0,3500.0,132
Gujarat,Rajkot,Jasdan,Dry Chillies,Other,FAQ,2010-05-05 00:00:00,2000.0,3500.0,3000.0,132
Gujarat,Rajkot,Jasdan,Dry Chillies,Other,FAQ,2010-06-17 00:00:00,2750.0,2750.0,2750.0,132
Gujarat,Rajkot,Jetpur(Dist.Rajkot),Dry Chillies,Dry Chillies,FAQ,2010-04-08 00:00:00,1505.0,8880.0,6655.0,132
Gujarat,Rajkot,Jetpur(Dist.Rajkot),Dry Chillies,Dry Chillies,FAQ,2010-04-10 00:00:00,1500.0,7555.0,6105.0,132
Gujarat,Rajkot,Jetpur(Dist.Rajkot),Dry Chillies,Dry Chillies,FAQ,2010-04-17 00:00:00,1225.0,7750.0,5800.0,132
Gujarat,Rajkot,Jetpur(Dist.Rajkot),Dry Chillies,Dry Chillies,FAQ,2010-04-21 00:00:00,1255.0,5755.0,5105.0,132
Gujarat,Rajkot,Jetpur(Dist.Rajkot),Dry Chillies,Red,FAQ,2010-02-26 00:00:00,4605.0,8730.0,7255.0,132
Gujarat,Rajkot,Jetpur(Dist.Rajkot),Dry Chillies,Red,FAQ,2010-03-02 00:00:00,2605.0,8655.0,7605.0,132
Gujarat,Rajkot,Jetpur(Dist.Rajkot),Dry Chillies,Red,FAQ,2010-03-05 00:00:00,2005.0,9530.0,7355.0,132
Gujarat,Vadodara(Baroda),Vadodara,Dry Chillies,Other,FAQ,2010-01-09 00:00:00,3000.0,5000.0,4500.0,132
Gujarat,Vadodara(Baroda),Vadodara,Dry Chillies,Other,FAQ,2010-01-16 00:00:00,3000.0,5000.0,4500.0,132
Gujarat,Vadodara(Baroda),Vadodara,Dry Chillies,Other,FAQ,2010-01-18 00:00:00,3000.0,5000.0,4500.0,132
Gujarat,Vadodara(Baroda),Vadodara,Dry Chillies,Other,FAQ,2010-01-22 00:00:00,3500.0,4500.0,4000.0,132
Gujarat,Vadodara(Baroda),Vadodara,Dry Chillies,Other,FAQ,2010-02-05 00:00:00,3500.0,5000.0,4500.0,132
Gujarat,Vadodara(Baroda),Vadodara,Dry Chillies,Other,FAQ,2010-02-09 00:00:00,3500.0,5000.0,4500.0,132
Gujarat,Vadodara(Baroda),Vadodara,Dry Chillies,Other,FAQ,2010-02-12 00:00:00,3500.0,5000.0,4500.0,132
Gujarat,Vadodara(Baroda),Vadodara,Dry Chillies,Other,FAQ,2010-02-16 00:00:00,2500.0,4500.0,4100.0,132
Gujarat,Vadodara(Baroda),Vadodara,Dry Chillies,Other,FAQ,2010-02-17 00:00:00,2500.0,4500.0,4000.0,132
Gujarat,Vadodara(Baroda),Vadodara,Dry Chillies,Other,FAQ,2010-03-03 00:00:00,3000.0,5000.0,4500.0,132
Gujarat,Vadodara(Baroda),Vadodara,Dry Chillies,Other,FAQ,2010-03-11 00:00:00,3000.0,5000.0,4500.0,132
Gujarat,Vadodara(Baroda),Vadodara,Dry Chillies,Other,FAQ,2010-03-24 00:00:00,3500.0,5000.0,4500.0,132
Gujarat,Vadodara(Baroda),Vadodara,Dry Chillies,Other,FAQ,2010-03-25 00:00:00,3500.0,5000.0,4500.0,132
Gujarat,Vadodara(Baroda),Vadodara,Dry Chillies,Other,FAQ,2010-04-01 00:00:00,3500.0,5000.0,4500.0,132
Gujarat,Vadodara(Baroda),Vadodara,Dry Chillies,Other,FAQ,2010-04-12 00:00:00,3500.0,5000.0,4500.0,132
Gujarat,Vadodara(Baroda),Vadodara,Dry Chillies,Other,FAQ,2010-04-20 00:00:00,3500.0,5000.0,5000.0,132
Gujarat,Vadodara(Baroda),Vadodara,Dry Chillies,Other,FAQ,2010-04-27 00:00:00,6000.0,10000.0,8000.0,132
Gujarat,Vadodara(Baroda),Vadodara,Dry Chillies,Other,FAQ,2010-04-30 00:00:00,6000.0,10000.0,8500.0,132
Gujarat,Vadodara(Baroda),Vadodara,Dry Chillies,Other,FAQ,2010-05-11 00:00:00,3000.0,6000.0,5000.0,132
Gujarat,Vadodara(Baroda),Vadodara,Dry Chillies,Other,FAQ,2010-05-31 00:00:00,2500.0,4500.0,4200.0,132
Gujarat,Vadodara(Baroda),Vadodara,Dry Chillies,Other,FAQ,2010-06-03 00:00:00,2500.0,4500.0,4200.0,132
Gujarat,Vadodara(Baroda),Vadodara,Dry Chillies,Other,FAQ,2010-06-08 00:00:00,2200.0,4500.0,4500.0,132
Gujarat,Vadodara(Baroda),Vadodara,Dry Chillies,Other,FAQ,2010-07-27 00:00:00,5000.0,6500.0,6000.0,132
Gujarat,Vadodara(Baroda),Vadodara,Dry Chillies,Other,FAQ,2010-08-12 00:00:00,5000.0,7000.0,6000.0,132
Gujarat,Vadodara(Baroda),Vadodara,Dry Chillies,Other,FAQ,2010-08-27 00:00:00,5000.0,6000.0,5500.0,132
Gujarat,Vadodara(Baroda),Vadodara,Dry Chillies,Other,FAQ,2010-09-06 00:00:00,5000.0,6000.0,5500.0,132
Gujarat,Vadodara(Baroda),Vadodara,Dry Chillies,Other,FAQ,2010-09-10 00:00:00,5000.0,6000.0,5500.0,132
Gujarat,Vadodara(Baroda),Vadodara,Dry Chillies,Other,FAQ,2010-09-20 00:00:00,5000.0,7000.0,6000.0,132
Gujarat,Vadodara(Baroda),Vadodara,Dry Chillies,Other,FAQ,2010-09-24 00:00:00,5000.0,7000.0,6000.0,132
Gujarat,Vadodara(Baroda),Vadodara,Dry Chillies,Other,FAQ,2010-10-08 00:00:00,5000.0,7000.0,6800.0,132
Gujarat,Vadodara(Baroda),Vadodara,Dry Chillies,Other,FAQ,2010-10-20 00:00:00,5000.0,7000.0,6500.0,132
Gujarat,Vadodara(Baroda),Vadodara,Dry Chillies,Other,FAQ,2010-10-21 00:00:00,5000.0,7000.0,6500.0,132
Gujarat,Vadodara(Baroda),Vadodara,Dry Chillies,Other,FAQ,2010-10-23 00:00:00,6000.0,6500.0,6300.0,132
Gujarat,Vadodara(Baroda),Vadodara,Dry Chillies,Other,FAQ,2010-10-29 00:00:00,6000.0,6500.0,6300.0,132
Gujarat,Vadodara(Baroda),Vadodara,Dry Chillies,Other,FAQ,2010-10-30 00:00:00,6000.0,6500.0,6200.0,132
Gujarat,Vadodara(Baroda),Vadodara,Dry Chillies,Other,FAQ,2010-11-20 00:00:00,5000.0,5500.0,5500.0,132
Gujarat,Vadodara(Baroda),Vadodara,Dry Chillies,Other,FAQ,2010-11-26 00:00:00,5000.0,5500.0,5300.0,132
Gujarat,Vadodara(Baroda),Vadodara,Dry Chillies,Other,FAQ,2010-11-29 00:00:00,5000.0,5500.0,5300.0,132
Gujarat,Vadodara(Baroda),Vadodara,Dry Chillies,Other,FAQ,2010-12-23 00:00:00,5000.0,6500.0,6300.0,132
Gujarat,Rajkot,Gondal,Dry Chillies,Single Patti,FAQ,2009-05-05 00:00:00,1255.0,9255.0,7255.0,132
Gujarat,Rajkot,Gondal,Dry Chillies,Single Patti,FAQ,2009-05-06 00:00:00,1405.0,11005.0,8655.0,132
Gujarat,Rajkot,Gondal,Dry Chillies,Single Patti,FAQ,2009-05-07 00:00:00,1805.0,9555.0,7855.0,132
Gujarat,Rajkot,Gondal,Dry Chillies,Single Patti,FAQ,2009-05-13 00:00:00,1755.0,12005.0,9755.0,132
Gujarat,Rajkot,Jasdan,Dry Chillies,Other,FAQ,2009-02-12 00:00:00,1348.0,1348.0,1348.0,132
Gujarat,Rajkot,Jasdan,Dry Chillies,Other,FAQ,2009-03-18 00:00:00,1364.0,1364.0,1364.0,132
Gujarat,Rajkot,Jasdan,Dry Chillies,Other,FAQ,2009-04-02 00:00:00,881.0,1450.0,1201.0,132
Gujarat,Rajkot,Jasdan,Dry Chillies,Other,FAQ,2009-04-28 00:00:00,1250.0,1250.0,1250.0,132
Gujarat,Rajkot,Jetpur(Dist.Rajkot),Dry Chillies,Dry Chillies,FAQ,2009-03-03 00:00:00,1405.0,6255.0,5005.0,132
Gujarat,Rajkot,Jetpur(Dist.Rajkot),Dry Chillies,Dry Chillies,FAQ,2009-03-05 00:00:00,2005.0,6130.0,5280.0,132
Gujarat,Rajkot,Jetpur(Dist.Rajkot),Dry Chillies,Dry Chillies,FAQ,2009-03-10 00:00:00,1680.0,5875.0,5000.0,132
Gujarat,Rajkot,Jetpur(Dist.Rajkot),Dry Chillies,Dry Chillies,FAQ,2009-04-06 00:00:00,1755.0,8655.0,5500.0,132
Gujarat,Rajkot,Jetpur(Dist.Rajkot),Dry Chillies,Dry Chillies,FAQ,2009-04-17 00:00:00,2005.0,10930.0,7230.0,132
Gujarat,Vadodara(Baroda),Vadodara,Dry Chillies,Other,FAQ,2009-01-09 00:00:00,3000.0,6000.0,5000.0,132
Gujarat,Vadodara(Baroda),Vadodara,Dry Chillies,Other,FAQ,2009-01-19 00:00:00,4000.0,5000.0,5000.0,132
Gujarat,Vadodara(Baroda),Vadodara,Dry Chillies,Other,FAQ,2009-01-23 00:00:00,4000.0,5000.0,4800.0,132
Gujarat,Vadodara(Baroda),Vadodara,Dry Chillies,Other,FAQ,2009-02-04 00:00:00,4000.0,5000.0,5000.0,132
Gujarat,Vadodara(Baroda),Vadodara,Dry Chillies,Other,FAQ,2009-02-20 00:00:00,4000.0,5000.0,4500.0,132
Gujarat,Vadodara(Baroda),Vadodara,Dry Chillies,Other,FAQ,2009-02-24 00:00:00,4000.0,5000.0,4500.0,132
Gujarat,Vadodara(Baroda),Vadodara,Dry Chillies,Other,FAQ,2009-03-05 00:00:00,4000.0,5000.0,4500.0,132
Gujarat,Vadodara(Baroda),Vadodara,Dry Chillies,Other,FAQ,2009-03-07 00:00:00,4500.0,5000.0,4800.0,132
Gujarat,Vadodara(Baroda),Vadodara,Dry Chillies,Other,FAQ,2009-03-25 00:00:00,4500.0,5000.0,4800.0,132
Gujarat,Vadodara(Baroda),Vadodara,Dry Chillies,Other,FAQ,2009-04-04 00:00:00,5000.0,11000.0,9000.0,132
Gujarat,Vadodara(Baroda),Vadodara,Dry Chillies,Other,FAQ,2009-04-10 00:00:00,5000.0,11000.0,9000.0,132
Gujarat,Vadodara(Baroda),Vadodara,Dry Chillies,Other,FAQ,2009-04-13 00:00:00,5000.0,11000.0,9000.0,132
Gujarat,Vadodara(Baroda),Vadodara,Dry Chillies,Other,FAQ,2009-04-21 00:00:00,5000.0,9000.0,8000.0,132
Gujarat,Vadodara(Baroda),Vadodara,Dry Chillies,Other,FAQ,2009-05-01 00:00:00,5000.0,8000.0,7500.0,132
Gujarat,Vadodara(Baroda),Vadodara,Dry Chillies,Other,FAQ,2009-05-11 00:00:00,4000.0,7000.0,6500.0,132
Gujarat,Vadodara(Baroda),Vadodara,Dry Chillies,Other,FAQ,2009-05-18 00:00:00,4000.0,7000.0,6500.0,132
Gujarat,Vadodara(Baroda),Vadodara,Dry Chillies,Other,FAQ,2009-05-21 00:00:00,4000.0,7000.0,6500.0,132
Gujarat,Vadodara(Baroda),Vadodara,Dry Chillies,Other,FAQ,2009-05-23 00:00:00,4000.0,7000.0,6500.0,132
Gujarat,Vadodara(Baroda),Vadodara,Dry Chillies,Other,FAQ,2009-05-28 00:00:00,4000.0,7000.0,6500.0,132
Gujarat,Vadodara(Baroda),Vadodara,Dry Chillies,Other,FAQ,2009-06-04 00:00:00,4000.0,7000.0,6500.0,132
Gujarat,Vadodara(Baroda),Vadodara,Dry Chillies,Other,FAQ,2009-06-15 00:00:00,4500.0,7000.0,6500.0,132
Gujarat,Vadodara(Baroda),Vadodara,Dry Chillies,Other,FAQ,2009-07-06 00:00:00,5000.0,6000.0,5800.0,132
Gujarat,Vadodara(Baroda),Vadodara,Dry Chillies,Other,FAQ,2009-07-08 00:00:00,5000.0,6000.0,5800.0,132
Gujarat,Vadodara(Baroda),Vadodara,Dry Chillies,Other,FAQ,2009-07-09 00:00:00,5000.0,6000.0,5800.0,132
Gujarat,Vadodara(Baroda),Vadodara,Dry Chillies,Other,FAQ,2009-07-10 00:00:00,5000.0,6000.0,5800.0,132
Gujarat,Vadodara(Baroda),Vadodara,Dry Chillies,Other,FAQ,2009-07-11 00:00:00,5000.0,5200.0,5200.0,132
Gujarat,Vadodara(Baroda),Vadodara,Dry Chillies,Other,FAQ,2009-07-13 00:00:00,5000.0,6000.0,5800.0,132
Gujarat,Vadodara(Baroda),Vadodara,Dry Chillies,Other,FAQ,2009-07-29 00:00:00,5000.0,6000.0,5800.0,132
Gujarat,Vadodara(Baroda),Vadodara,Dry Chillies,Other,FAQ,2009-08-12 00:00:00,5500.0,6000.0,5800.0,132
Gujarat,Vadodara(Baroda),Vadodara,Dry Chillies,Other,FAQ,2009-09-05 00:00:00,5500.0,6500.0,6000.0,132
Gujarat,Vadodara(Baroda),Vadodara,Dry Chillies,Other,FAQ,2009-09-15 00:00:00,5500.0,6500.0,6000.0,132
Gujarat,Vadodara(Baroda),Vadodara,Dry Chillies,Other,FAQ,2009-09-16 00:00:00,5500.0,6500.0,6000.0,132
Gujarat,Vadodara(Baroda),Vadodara,Dry Chillies,Other,FAQ,2009-09-17 00:00:00,5500.0,6500.0,6000.0,132
Gujarat,Vadodara(Baroda),Vadodara,Dry Chillies,Other,FAQ,2009-09-21 00:00:00,5500.0,6500.0,6000.0,132
Gujarat,Vadodara(Baroda),Vadodara,Dry Chillies,Other,FAQ,2009-09-23 00:00:00,5500.0,6500.0,6000.0,132
Gujarat,Vadodara(Baroda),Vadodara,Dry Chillies,Other,FAQ,2009-09-26 00:00:00,5500.0,6500.0,6000.0,132
Gujarat,Vadodara(Baroda),Vadodara,Dry Chillies,Other,FAQ,2009-10-22 00:00:00,5000.0,7000.0,6000.0,132
Gujarat,Vadodara(Baroda),Vadodara,Dry Chillies,Other,FAQ,2009-10-27 00:00:00,5000.0,7000.0,6500.0,132
Gujarat,Vadodara(Baroda),Vadodara,Dry Chillies,Other,FAQ,2009-10-30 00:00:00,5000.0,7000.0,6700.0,132
Gujarat,Vadodara(Baroda),Vadodara,Dry Chillies,Other,FAQ,2009-11-03 00:00:00,5000.0,7000.0,6500.0,132
Gujarat,Vadodara(Baroda),Vadodara,Dry Chillies,Other,FAQ,2009-11-10 00:00:00,5500.0,6000.0,5800.0,132
Gujarat,Vadodara(Baroda),Vadodara,Dry Chillies,Other,FAQ,2009-12-28 00:00:00,4000.0,5500.0,5000.0,132
Gujarat,Dahod,Dahod,Dry Chillies,Other,FAQ,2009-01-10 00:00:00,5000,8500,7000.0,132
Gujarat,Dahod,Dahod,Dry Chillies,Other,FAQ,2009-02-18 00:00:00,4500,7000,5500.0,132
Gujarat,Dahod,Dahod,Dry Chillies,Other,FAQ,2009-02-19 00:00:00,4000,6500,5750.0,132
Gujarat,Dahod,Dahod,Dry Chillies,Other,FAQ,2009-03-07 00:00:00,4500,6500,6375.0,132
Gujarat,Dahod,Dahod,Dry Chillies,Other,FAQ,2009-03-27 00:00:00,4000,6500,6000.0,132
Gujarat,Dahod,Dahod,Dry Chillies,Other,FAQ,2009-04-01 00:00:00,4500,7000,6750.0,132
Gujarat,Dahod,Dahod,Dry Chillies,Other,FAQ,2009-05-18 00:00:00,4500,7250,6500.0,132
Gujarat,Dahod,Dahod,Dry Chillies,Other,FAQ,2009-05-23 00:00:00,4500,7250,6500.0,132
Gujarat,Dahod,Dahod,Dry Chillies,Other,FAQ,2009-05-27 00:00:00,4500,7250,6500.0,132
Gujarat,Dahod,Dahod,Dry Chillies,Other,FAQ,2009-06-09 00:00:00,4500,7250,6500.0,132
Gujarat,Dahod,Dahod,Dry Chillies,Other,FAQ,2009-10-22 00:00:00,5000,8000,6500.0,132
Gujarat,Dahod,Dahod,Dry Chillies,Other,FAQ,2009-10-24 00:00:00,5000,8000,6500.0,132
Gujarat,Dahod,Dahod,Dry Chillies,Other,FAQ,2009-11-06 00:00:00,5000,8000,6500.0,132
Gujarat,Dahod,Dahod,Dry Chillies,Other,FAQ,2009-11-10 00:00:00,5500,8000,6500.0,132
Gujarat,Dahod,Dahod,Dry Chillies,Other,FAQ,2009-11-23 00:00:00,5000,8000,7750.0,132
Gujarat,Dahod,Dahod,Dry Chillies,Other,FAQ,2009-11-27 00:00:00,5000,8000,6500.0,132
Gujarat,Dahod,Dahod,Dry Chillies,Other,FAQ,2009-12-22 00:00:00,5000,8000,6500.0,132
Gujarat,Dahod,Dahod,Dry Chillies,Other,FAQ,2009-12-24 00:00:00,5000,8000,6500.0,132
Gujarat,Dahod,Dahod,Dry Chillies,Other,FAQ,2009-12-31 00:00:00,5000,8000,7000.0,132
Gujarat,Rajkot,Gondal,Dry Chillies,Bold 1,FAQ,2009-02-25 00:00:00,2555,8705,6905.0,132
Gujarat,Rajkot,Gondal,Dry Chillies,Bold 1,FAQ,2009-03-19 00:00:00,2005,11505,8955.0,132
Gujarat,Rajkot,Gondal,Dry Chillies,Bold 1,FAQ,2009-03-23 00:00:00,2005,10305,9105.0,132
Gujarat,Rajkot,Gondal,Dry Chillies,Bold 1,FAQ,2009-03-24 00:00:00,2500,12505,10505.0,132
Gujarat,Rajkot,Gondal,Dry Chillies,Bold 1,FAQ,2009-04-04 00:00:00,2255,12905,9000.0,132
Gujarat,Rajkot,Gondal,Dry Chillies,Bold 1,FAQ,2009-04-08 00:00:00,2005,12455,10255.0,132
Gujarat,Rajkot,Gondal,Dry Chillies,Bold 1,FAQ,2009-04-10 00:00:00,2005,9805,7705.0,132
Gujarat,Rajkot,Gondal,Dry Chillies,Bold 1,FAQ,2009-04-15 00:00:00,2505,10955,7955.0,132
Gujarat,Rajkot,Gondal,Dry Chillies,Bold 1,FAQ,2009-04-17 00:00:00,2005,9505,9155.0,132
Gujarat,Rajkot,Gondal,Dry Chillies,Single Patti,FAQ,2009-04-09 00:00:00,1505,11555,7805.0,132
