State,District,Market,Commodity,Variety,Grade,Arrival_Date,Min_Price,Max_Price,Modal_Price,Commodity_Code
Gujarat,Banaskanth,Deesa(Deesa Veg Yard),Gram Raw(Chholia),Other,FAQ,2021-03-08,4000.0,4600.0,4300.0,359
Gujarat,Banaskanth,Deesa(Deesa Veg Yard),Gram Raw(Chholia),Other,FAQ,2021-03-09,4000.0,4500.0,4250.0,359
Gujarat,Banaskanth,Deesa(Deesa Veg Yard),Gram Raw(Chholia),Other,FAQ,2021-03-22,4000.0,4850.0,4425.0,359
Gujarat,Banaskanth,Deesa(Deesa Veg Yard),Gram Raw(Chholia),Other,FAQ,2021-04-23,4000.0,4700.0,4350.0,359
Gujarat,Banaskanth,Deesa(Deesa Veg Yard),Gram Raw(Chholia),Other,FAQ,2021-06-03,3500.0,4800.0,4150.0,359
Gujarat,Banaskanth,Deesa(Deesa Veg Yard),Gram Raw(Chholia),Other,FAQ,2021-06-08,4500.0,5250.0,4875.0,359
Gujarat,Banaskanth,Deesa(Deesa Veg Yard),Gram Raw(Chholia),Other,FAQ,2021-06-09,4500.0,5300.0,4900.0,359
Gujarat,Banaskanth,Deesa(Deesa Veg Yard),Gram Raw(Chholia),Other,FAQ,2021-06-10,4500.0,5250.0,4875.0,359
Gujarat,Banaskanth,Deesa(Deesa Veg Yard),Gram Raw(Chholia),Other,FAQ,2021-07-23,4000.0,4850.0,4425.0,359
Gujarat,Banaskanth,Deesa(Deesa Veg Yard),Gram Raw(Chholia),Other,FAQ,2021-08-04,2000.0,3800.0,2900.0,359
Gujarat,Banaskanth,Deesa(Deesa Veg Yard),Gram Raw(Chholia),Other,FAQ,2021-09-15,3500.0,4000.0,3750.0,359
Gujarat,Banaskanth,Deesa(Deesa Veg Yard),Gram Raw(Chholia),Other,FAQ,2021-09-16,3500.0,4100.0,3800.0,359
Gujarat,Banaskanth,Deesa(Deesa Veg Yard),Gram Raw(Chholia),Other,FAQ,2021-09-28,4000.0,5250.0,4625.0,359
Gujarat,Banaskanth,Deesa(Deesa Veg Yard),Gram Raw(Chholia),Other,FAQ,2021-10-13,3500.0,4300.0,3900.0,359
Gujarat,Banaskanth,Deesa(Deesa Veg Yard),Gram Raw(Chholia),Other,FAQ,2021-10-16,4000.0,6200.0,5100.0,359
Gujarat,Banaskanth,Deesa(Deesa Veg Yard),Gram Raw(Chholia),Other,FAQ,2021-12-04,1500.0,2750.0,2125.0,359
Gujarat,Surat,Vyra,Gram Raw(Chholia),Other,FAQ,2021-07-10,2000.0,3000.0,2750.0,359
Gujarat,Vadodara(Baroda),Vadodara(Sayajipura),Gram Raw(Chholia),Other,FAQ,2021-01-01,2500.0,3500.0,3050.0,359
Gujarat,Vadodara(Baroda),Vadodara(Sayajipura),Gram Raw(Chholia),Other,FAQ,2021-01-26,2500.0,3000.0,2800.0,359
Gujarat,Vadodara(Baroda),Vadodara(Sayajipura),Gram Raw(Chholia),Other,FAQ,2021-01-27,1800.0,2500.0,2200.0,359
Gujarat,Vadodara(Baroda),Vadodara(Sayajipura),Gram Raw(Chholia),Other,FAQ,2021-01-30,2000.0,2500.0,2300.0,359
Gujarat,Vadodara(Baroda),Vadodara(Sayajipura),Gram Raw(Chholia),Other,FAQ,2021-02-27,2500.0,3000.0,2800.0,359
Gujarat,Vadodara(Baroda),Vadodara(Sayajipura),Gram Raw(Chholia),Other,FAQ,2021-03-01,2500.0,3000.0,2800.0,359
Gujarat,Vadodara(Baroda),Vadodara(Sayajipura),Gram Raw(Chholia),Other,FAQ,2021-03-07,2500.0,3000.0,2800.0,359
Gujarat,Vadodara(Baroda),Vadodara(Sayajipura),Gram Raw(Chholia),Other,FAQ,2021-03-20,2000.0,2500.0,2300.0,359
Gujarat,Vadodara(Baroda),Vadodara(Sayajipura),Gram Raw(Chholia),Other,FAQ,2021-04-07,3500.0,4000.0,3800.0,359
Gujarat,Vadodara(Baroda),Vadodara(Sayajipura),Gram Raw(Chholia),Other,FAQ,2021-04-11,2500.0,3000.0,2800.0,359
Gujarat,Vadodara(Baroda),Vadodara(Sayajipura),Gram Raw(Chholia),Other,FAQ,2021-05-10,1000.0,1600.0,1350.0,359
Gujarat,Vadodara(Baroda),Vadodara(Sayajipura),Gram Raw(Chholia),Other,FAQ,2021-05-13,1000.0,1500.0,1300.0,359
Gujarat,Vadodara(Baroda),Vadodara(Sayajipura),Gram Raw(Chholia),Other,FAQ,2021-05-21,1000.0,1600.0,1350.0,359
Gujarat,Vadodara(Baroda),Vadodara(Sayajipura),Gram Raw(Chholia),Other,FAQ,2021-05-25,2000.0,2500.0,2300.0,359
Gujarat,Vadodara(Baroda),Vadodara(Sayajipura),Gram Raw(Chholia),Other,FAQ,2021-05-27,2000.0,2500.0,2300.0,359
Gujarat,Vadodara(Baroda),Vadodara(Sayajipura),Gram Raw(Chholia),Other,FAQ,2021-06-01,1500.0,2000.0,1800.0,359
Gujarat,Vadodara(Baroda),Vadodara(Sayajipura),Gram Raw(Chholia),Other,FAQ,2021-06-07,1500.0,2000.0,1800.0,359
Gujarat,Vadodara(Baroda),Vadodara(Sayajipura),Gram Raw(Chholia),Other,FAQ,2021-06-29,3500.0,4000.0,3800.0,359
Gujarat,Vadodara(Baroda),Vadodara(Sayajipura),Gram Raw(Chholia),Other,FAQ,2021-07-01,3000.0,3500.0,3300.0,359
Gujarat,Vadodara(Baroda),Vadodara(Sayajipura),Gram Raw(Chholia),Other,FAQ,2021-07-05,2500.0,3000.0,2800.0,359
Gujarat,Vadodara(Baroda),Vadodara(Sayajipura),Gram Raw(Chholia),Other,FAQ,2021-07-06,2250.0,2750.0,2550.0,359
Gujarat,Vadodara(Baroda),Vadodara(Sayajipura),Gram Raw(Chholia),Other,FAQ,2021-07-11,2000.0,3000.0,2550.0,359
Gujarat,Vadodara(Baroda),Vadodara(Sayajipura),Gram Raw(Chholia),Other,FAQ,2021-07-12,1500.0,2000.0,1800.0,359
Gujarat,Vadodara(Baroda),Vadodara(Sayajipura),Gram Raw(Chholia),Other,FAQ,2021-07-15,2000.0,2500.0,2300.0,359
Gujarat,Vadodara(Baroda),Vadodara(Sayajipura),Gram Raw(Chholia),Other,FAQ,2021-07-23,2500.0,3000.0,2800.0,359
Gujarat,Vadodara(Baroda),Vadodara(Sayajipura),Gram Raw(Chholia),Other,FAQ,2021-07-27,3000.0,3500.0,3300.0,359
Gujarat,Vadodara(Baroda),Vadodara(Sayajipura),Gram Raw(Chholia),Other,FAQ,2021-07-30,2800.0,3000.0,2950.0,359
Gujarat,Vadodara(Baroda),Vadodara(Sayajipura),Gram Raw(Chholia),Other,FAQ,2021-08-09,3000.0,3500.0,3400.0,359
Gujarat,Vadodara(Baroda),Vadodara(Sayajipura),Gram Raw(Chholia),Other,FAQ,2021-08-17,1300.0,1500.0,1450.0,359
Gujarat,Vadodara(Baroda),Vadodara(Sayajipura),Gram Raw(Chholia),Other,FAQ,2021-09-08,2000.0,3000.0,2550.0,359
Gujarat,Vadodara(Baroda),Vadodara(Sayajipura),Gram Raw(Chholia),Other,FAQ,2021-09-11,2000.0,3000.0,2550.0,359
Gujarat,Vadodara(Baroda),Vadodara(Sayajipura),Gram Raw(Chholia),Other,FAQ,2021-09-14,2500.0,3000.0,2800.0,359
Gujarat,Vadodara(Baroda),Vadodara(Sayajipura),Gram Raw(Chholia),Other,FAQ,2021-09-18,3000.0,3500.0,3300.0,359
Gujarat,Vadodara(Baroda),Vadodara(Sayajipura),Gram Raw(Chholia),Other,FAQ,2021-09-25,4500.0,5000.0,4800.0,359
Gujarat,Vadodara(Baroda),Vadodara(Sayajipura),Gram Raw(Chholia),Other,FAQ,2021-10-29,6000.0,6500.0,6300.0,359
Gujarat,Vadodara(Baroda),Vadodara(Sayajipura),Gram Raw(Chholia),Other,FAQ,2021-11-01,5000.0,7000.0,6050.0,359
Gujarat,Vadodara(Baroda),Vadodara(Sayajipura),Gram Raw(Chholia),Other,FAQ,2021-11-19,3500.0,5000.0,4300.0,359
Gujarat,Vadodara(Baroda),Vadodara(Sayajipura),Gram Raw(Chholia),Other,FAQ,2021-11-20,4000.0,6000.0,5050.0,359
Gujarat,Vadodara(Baroda),Vadodara(Sayajipura),Gram Raw(Chholia),Other,FAQ,2021-11-24,2500.0,3500.0,3050.0,359
Gujarat,Vadodara(Baroda),Vadodara(Sayajipura),Gram Raw(Chholia),Other,FAQ,2021-11-30,4000.0,5000.0,4550.0,359
Gujarat,Vadodara(Baroda),Vadodara(Sayajipura),Gram Raw(Chholia),Other,FAQ,2021-12-10,3000.0,3500.0,3300.0,359
Gujarat,Vadodara(Baroda),Vadodara(Sayajipura),Gram Raw(Chholia),Other,FAQ,2021-12-12,3000.0,3500.0,3300.0,359
Gujarat,Vadodara(Baroda),Vadodara(Sayajipura),Gram Raw(Chholia),Other,FAQ,2021-12-13,5000.0,6000.0,5500.0,359
Gujarat,Vadodara(Baroda),Vadodara(Sayajipura),Gram Raw(Chholia),Other,FAQ,2021-12-15,4000.0,5000.0,4550.0,359
Gujarat,Vadodara(Baroda),Vadodara(Sayajipura),Gram Raw(Chholia),Other,FAQ,2021-12-17,3500.0,4500.0,4050.0,359
Gujarat,Vadodara(Baroda),Vadodara(Sayajipura),Gram Raw(Chholia),Other,FAQ,2021-12-27,4500.0,5000.0,4800.0,359
Gujarat,Banaskanth,Deesa(Deesa Veg Yard),Gram Raw(Chholia),Other,FAQ,2020-06-09 00:00:00,4000.0,5000.0,4500.0,359
Gujarat,Banaskanth,Deesa(Deesa Veg Yard),Gram Raw(Chholia),Other,FAQ,2020-06-10 00:00:00,4000.0,5000.0,4500.0,359
Gujarat,Banaskanth,Deesa(Deesa Veg Yard),Gram Raw(Chholia),Other,FAQ,2020-06-12 00:00:00,4000.0,5000.0,4500.0,359
Gujarat,Banaskanth,Deesa(Deesa Veg Yard),Gram Raw(Chholia),Other,FAQ,2020-06-20 00:00:00,4500.0,5000.0,4750.0,359
Gujarat,Banaskanth,Deesa(Deesa Veg Yard),Gram Raw(Chholia),Other,FAQ,2020-06-23 00:00:00,4500.0,5250.0,4875.0,359
Gujarat,Banaskanth,Deesa(Deesa Veg Yard),Gram Raw(Chholia),Other,FAQ,2020-07-06 00:00:00,3500.0,4000.0,3750.0,359
Gujarat,Banaskanth,Deesa(Deesa Veg Yard),Gram Raw(Chholia),Other,FAQ,2020-07-10 00:00:00,3500.0,4250.0,3875.0,359
Gujarat,Banaskanth,Deesa(Deesa Veg Yard),Gram Raw(Chholia),Other,FAQ,2020-07-21 00:00:00,3800.0,4350.0,4075.0,359
Gujarat,Banaskanth,Deesa(Deesa Veg Yard),Gram Raw(Chholia),Other,FAQ,2020-07-27 00:00:00,2600.0,3550.0,3075.0,359
Gujarat,Banaskanth,Deesa(Deesa Veg Yard),Gram Raw(Chholia),Other,FAQ,2020-11-10 00:00:00,5000.0,6000.0,5500.0,359
Gujarat,Banaskanth,Deesa(Deesa Veg Yard),Gram Raw(Chholia),Other,FAQ,2020-11-11 00:00:00,5000.0,5500.0,5250.0,359
Gujarat,Gandhinagar,Mansa(Manas Veg Yard),Gram Raw(Chholia),Other,FAQ,2020-06-23 00:00:00,1500.0,2000.0,1750.0,359
Gujarat,Gandhinagar,Mansa(Manas Veg Yard),Gram Raw(Chholia),Other,FAQ,2020-07-17 00:00:00,3000.0,4000.0,3500.0,359
Gujarat,Gandhinagar,Mansa(Manas Veg Yard),Gram Raw(Chholia),Other,FAQ,2020-07-23 00:00:00,3500.0,4000.0,3750.0,359
Gujarat,Gandhinagar,Mansa(Manas Veg Yard),Gram Raw(Chholia),Other,FAQ,2020-07-24 00:00:00,3000.0,4000.0,3500.0,359
Gujarat,Gandhinagar,Mansa(Manas Veg Yard),Gram Raw(Chholia),Other,FAQ,2020-08-14 00:00:00,4000.0,4500.0,4250.0,359
Gujarat,Gandhinagar,Mansa(Manas Veg Yard),Gram Raw(Chholia),Other,FAQ,2020-11-12 00:00:00,4000.0,5000.0,4500.0,359
Gujarat,Gandhinagar,Mansa(Manas Veg Yard),Gram Raw(Chholia),Other,FAQ,2020-11-13 00:00:00,5000.0,6000.0,5500.0,359
Gujarat,Gandhinagar,Mansa(Manas Veg Yard),Gram Raw(Chholia),Other,FAQ,2020-11-19 00:00:00,2000.0,2500.0,2250.0,359
Gujarat,Gandhinagar,Mansa(Manas Veg Yard),Gram Raw(Chholia),Other,FAQ,2020-11-27 00:00:00,2500.0,3000.0,3000.0,359
Gujarat,Surat,Vyra,Gram Raw(Chholia),Other,FAQ,2020-01-17 00:00:00,1500.0,2000.0,1750.0,359
Gujarat,Surat,Vyra,Gram Raw(Chholia),Other,FAQ,2020-01-25 00:00:00,1250.0,1750.0,1500.0,359
Gujarat,Surat,Vyra,Gram Raw(Chholia),Other,FAQ,2020-01-27 00:00:00,1500.0,2000.0,1750.0,359
Gujarat,Surat,Vyra,Gram Raw(Chholia),Other,FAQ,2020-01-30 00:00:00,1000.0,2000.0,1500.0,359
Gujarat,Surat,Vyra,Gram Raw(Chholia),Other,FAQ,2020-02-25 00:00:00,2250.0,2500.0,2375.0,359
Gujarat,Surat,Vyra,Gram Raw(Chholia),Other,FAQ,2020-03-31 00:00:00,1500.0,2250.0,1875.0,359
Gujarat,Surat,Vyra,Gram Raw(Chholia),Other,FAQ,2020-05-06 00:00:00,1500.0,2500.0,2000.0,359
Gujarat,Surat,Vyra,Gram Raw(Chholia),Other,FAQ,2020-05-12 00:00:00,1000.0,1500.0,1250.0,359
Gujarat,Surat,Vyra,Gram Raw(Chholia),Other,FAQ,2020-05-19 00:00:00,2000.0,2500.0,2250.0,359
Gujarat,Surat,Vyra,Gram Raw(Chholia),Other,FAQ,2020-05-21 00:00:00,1000.0,2750.0,1875.0,359
Gujarat,Surat,Vyra,Gram Raw(Chholia),Other,FAQ,2020-05-26 00:00:00,2250.0,2750.0,2500.0,359
Gujarat,Surat,Vyra,Gram Raw(Chholia),Other,FAQ,2020-05-30 00:00:00,1750.0,3000.0,2375.0,359
Gujarat,Surat,Vyra,Gram Raw(Chholia),Other,FAQ,2020-06-11 00:00:00,3000.0,4000.0,3500.0,359
Gujarat,Surat,Vyra,Gram Raw(Chholia),Other,FAQ,2020-06-17 00:00:00,2000.0,2750.0,2375.0,359
Gujarat,Surat,Vyra,Gram Raw(Chholia),Other,FAQ,2020-06-19 00:00:00,1500.0,2500.0,2000.0,359
Gujarat,Surat,Vyra,Gram Raw(Chholia),Other,FAQ,2020-06-29 00:00:00,1250.0,1750.0,1500.0,359
Gujarat,Vadodara(Baroda),Vadodara(Sayajipura),Gram Raw(Chholia),Other,FAQ,2020-01-01 00:00:00,2000.0,2750.0,2400.0,359
Gujarat,Vadodara(Baroda),Vadodara(Sayajipura),Gram Raw(Chholia),Other,FAQ,2020-01-05 00:00:00,2500.0,3500.0,3050.0,359
Gujarat,Vadodara(Baroda),Vadodara(Sayajipura),Gram Raw(Chholia),Other,FAQ,2020-01-09 00:00:00,2000.0,2500.0,2300.0,359
Gujarat,Vadodara(Baroda),Vadodara(Sayajipura),Gram Raw(Chholia),Other,FAQ,2020-01-21 00:00:00,2000.0,3000.0,2550.0,359
Gujarat,Vadodara(Baroda),Vadodara(Sayajipura),Gram Raw(Chholia),Other,FAQ,2020-02-17 00:00:00,2600.0,3100.0,2900.0,359
Gujarat,Vadodara(Baroda),Vadodara(Sayajipura),Gram Raw(Chholia),Other,FAQ,2020-02-25 00:00:00,2500.0,2800.0,2600.0,359
Gujarat,Vadodara(Baroda),Vadodara(Sayajipura),Gram Raw(Chholia),Other,FAQ,2020-02-28 00:00:00,1500.0,2000.0,1800.0,359
Gujarat,Vadodara(Baroda),Vadodara(Sayajipura),Gram Raw(Chholia),Other,FAQ,2020-03-11 00:00:00,2000.0,2500.0,2300.0,359
Gujarat,Vadodara(Baroda),Vadodara(Sayajipura),Gram Raw(Chholia),Other,FAQ,2020-03-14 00:00:00,2000.0,2500.0,2300.0,359
Gujarat,Vadodara(Baroda),Vadodara(Sayajipura),Gram Raw(Chholia),Other,FAQ,2020-03-15 00:00:00,2000.0,2500.0,2300.0,359
Gujarat,Vadodara(Baroda),Vadodara(Sayajipura),Gram Raw(Chholia),Other,FAQ,2020-03-18 00:00:00,2500.0,3000.0,2800.0,359
Gujarat,Vadodara(Baroda),Vadodara(Sayajipura),Gram Raw(Chholia),Other,FAQ,2020-04-28 00:00:00,3000.0,3500.0,3300.0,359
Gujarat,Vadodara(Baroda),Vadodara(Sayajipura),Gram Raw(Chholia),Other,FAQ,2020-04-30 00:00:00,2800.0,3200.0,3100.0,359
Gujarat,Vadodara(Baroda),Vadodara(Sayajipura),Gram Raw(Chholia),Other,FAQ,2020-05-03 00:00:00,2800.0,3000.0,2950.0,359
Gujarat,Vadodara(Baroda),Vadodara(Sayajipura),Gram Raw(Chholia),Other,FAQ,2020-05-19 00:00:00,1700.0,2200.0,2050.0,359
Gujarat,Vadodara(Baroda),Vadodara(Sayajipura),Gram Raw(Chholia),Other,FAQ,2020-06-10 00:00:00,1500.0,2000.0,1800.0,359
Gujarat,Vadodara(Baroda),Vadodara(Sayajipura),Gram Raw(Chholia),Other,FAQ,2020-06-13 00:00:00,3000.0,3500.0,3300.0,359
Gujarat,Vadodara(Baroda),Vadodara(Sayajipura),Gram Raw(Chholia),Other,FAQ,2020-06-23 00:00:00,1200.0,1700.0,1600.0,359
Gujarat,Vadodara(Baroda),Vadodara(Sayajipura),Gram Raw(Chholia),Other,FAQ,2020-07-06 00:00:00,1600.0,2600.0,2150.0,359
Gujarat,Vadodara(Baroda),Vadodara(Sayajipura),Gram Raw(Chholia),Other,FAQ,2020-07-12 00:00:00,1600.0,2500.0,2100.0,359
Gujarat,Vadodara(Baroda),Vadodara(Sayajipura),Gram Raw(Chholia),Other,FAQ,2020-07-13 00:00:00,1700.0,2600.0,2200.0,359
Gujarat,Vadodara(Baroda),Vadodara(Sayajipura),Gram Raw(Chholia),Other,FAQ,2020-07-25 00:00:00,1600.0,2600.0,2200.0,359
Gujarat,Vadodara(Baroda),Vadodara(Sayajipura),Gram Raw(Chholia),Other,FAQ,2020-12-11 00:00:00,500.0,900.0,800.0,359
Gujarat,Vadodara(Baroda),Vadodara(Sayajipura),Gram Raw(Chholia),Other,FAQ,2020-12-18 00:00:00,2000.0,3000.0,2550.0,359
Gujarat,Vadodara(Baroda),Vadodara(Sayajipura),Gram Raw(Chholia),Other,FAQ,2020-12-21 00:00:00,1400.0,1800.0,1650.0,359
Gujarat,Ahmedabad,Dholka,Gram Raw(Chholia),Other,FAQ,2011-04-28 00:00:00,1000.0,2000.0,1500.0,359
Gujarat,Ahmedabad,Dholka,Gram Raw(Chholia),Other,FAQ,2011-06-11 00:00:00,2500.0,3600.0,3000.0,359
Gujarat,Ahmedabad,Dholka,Gram Raw(Chholia),Other,FAQ,2011-06-13 00:00:00,2500.0,3750.0,3000.0,359
Gujarat,Ahmedabad,Dholka,Gram Raw(Chholia),Other,FAQ,2011-07-04 00:00:00,1000.0,1500.0,1250.0,359
Gujarat,Ahmedabad,Dholka,Gram Raw(Chholia),Other,FAQ,2011-07-19 00:00:00,750.0,2000.0,1400.0,359
Gujarat,Ahmedabad,Dholka,Gram Raw(Chholia),Other,FAQ,2011-07-22 00:00:00,1000.0,2000.0,1500.0,359
Gujarat,Ahmedabad,Dholka,Gram Raw(Chholia),Other,FAQ,2011-07-27 00:00:00,2000.0,2500.0,2200.0,359
Gujarat,Ahmedabad,Dholka,Gram Raw(Chholia),Other,FAQ,2011-08-11 00:00:00,1500.0,2000.0,1700.0,359
Gujarat,Ahmedabad,Dholka,Gram Raw(Chholia),Other,FAQ,2011-08-30 00:00:00,750.0,2500.0,2000.0,359
Gujarat,Ahmedabad,Dholka,Gram Raw(Chholia),Other,FAQ,2011-09-06 00:00:00,500.0,2000.0,1500.0,359
Gujarat,Ahmedabad,Dholka,Gram Raw(Chholia),Other,FAQ,2011-09-30 00:00:00,1000.0,1500.0,1250.0,359
Gujarat,Botad,Botad,Gram Raw(Chholia),Other,FAQ,2011-04-06 00:00:00,1500.0,2500.0,2000.0,359
Gujarat,Botad,Botad,Gram Raw(Chholia),Other,FAQ,2011-04-13 00:00:00,1500.0,2500.0,2000.0,359
Gujarat,Botad,Botad,Gram Raw(Chholia),Other,FAQ,2011-05-11 00:00:00,1500.0,3000.0,2250.0,359
Gujarat,Botad,Botad,Gram Raw(Chholia),Other,FAQ,2011-06-05 00:00:00,1350.0,2500.0,1925.0,359
Gujarat,Botad,Botad,Gram Raw(Chholia),Other,FAQ,2011-06-14 00:00:00,900.0,2050.0,1475.0,359
Gujarat,Botad,Botad,Gram Raw(Chholia),Other,FAQ,2011-06-15 00:00:00,1000.0,3000.0,2000.0,359
Gujarat,Botad,Botad,Gram Raw(Chholia),Other,FAQ,2011-06-24 00:00:00,1250.0,3200.0,2225.0,359
Gujarat,Botad,Botad,Gram Raw(Chholia),Other,FAQ,2011-07-02 00:00:00,1000.0,3000.0,2000.0,359
Gujarat,Botad,Botad,Gram Raw(Chholia),Other,FAQ,2011-07-09 00:00:00,1000.0,2750.0,1875.0,359
Gujarat,Botad,Botad,Gram Raw(Chholia),Other,FAQ,2011-07-17 00:00:00,1000.0,2100.0,1550.0,359
Gujarat,Botad,Botad,Gram Raw(Chholia),Other,FAQ,2011-07-18 00:00:00,1100.0,2300.0,1700.0,359
Gujarat,Botad,Botad,Gram Raw(Chholia),Other,FAQ,2011-07-21 00:00:00,1300.0,3250.0,2275.0,359
Gujarat,Botad,Botad,Gram Raw(Chholia),Other,FAQ,2011-07-22 00:00:00,1300.0,3000.0,2150.0,359
Gujarat,Botad,Botad,Gram Raw(Chholia),Other,FAQ,2011-08-03 00:00:00,1250.0,3000.0,2125.0,359
Gujarat,Botad,Botad,Gram Raw(Chholia),Other,FAQ,2011-08-04 00:00:00,1000.0,3000.0,2000.0,359
Gujarat,Botad,Botad,Gram Raw(Chholia),Other,FAQ,2011-08-12 00:00:00,750.0,2050.0,1400.0,359
Gujarat,Botad,Botad,Gram Raw(Chholia),Other,FAQ,2011-08-18 00:00:00,750.0,2000.0,1375.0,359
Gujarat,Botad,Botad,Gram Raw(Chholia),Other,FAQ,2011-08-25 00:00:00,1000.0,2500.0,1750.0,359
Gujarat,Botad,Botad,Gram Raw(Chholia),Other,FAQ,2011-08-27 00:00:00,800.0,2300.0,1550.0,359
Gujarat,Botad,Botad,Gram Raw(Chholia),Other,FAQ,2011-09-08 00:00:00,900.0,2400.0,1650.0,359
Gujarat,Botad,Botad,Gram Raw(Chholia),Other,FAQ,2011-09-09 00:00:00,750.0,2500.0,1625.0,359
Gujarat,Botad,Botad,Gram Raw(Chholia),Other,FAQ,2011-09-13 00:00:00,900.0,2000.0,1450.0,359
Gujarat,Botad,Botad,Gram Raw(Chholia),Other,FAQ,2011-09-20 00:00:00,1000.0,2800.0,1900.0,359
Gujarat,Gandhinagar,Mansa(Manas Veg Yard),Gram Raw(Chholia),Other,FAQ,2011-04-11 00:00:00,6000.0,6000.0,6000.0,359
Gujarat,Gandhinagar,Mansa(Manas Veg Yard),Gram Raw(Chholia),Other,FAQ,2011-04-13 00:00:00,5005.0,5005.0,5005.0,359
Gujarat,Gandhinagar,Mansa(Manas Veg Yard),Gram Raw(Chholia),Other,FAQ,2011-04-14 00:00:00,5000.0,5000.0,5000.0,359
Gujarat,Gandhinagar,Mansa(Manas Veg Yard),Gram Raw(Chholia),Other,FAQ,2011-04-18 00:00:00,3500.0,3500.0,3500.0,359
Gujarat,Gandhinagar,Mansa(Manas Veg Yard),Gram Raw(Chholia),Other,FAQ,2011-04-30 00:00:00,3000.0,3000.0,3000.0,359
Gujarat,Gandhinagar,Mansa(Manas Veg Yard),Gram Raw(Chholia),Other,FAQ,2011-05-04 00:00:00,2500.0,2500.0,2500.0,359
Gujarat,Gandhinagar,Mansa(Manas Veg Yard),Gram Raw(Chholia),Other,FAQ,2011-05-21 00:00:00,1750.0,2000.0,1750.0,359
Gujarat,Gandhinagar,Mansa(Manas Veg Yard),Gram Raw(Chholia),Other,FAQ,2011-05-26 00:00:00,1500.0,2250.0,2000.0,359
Gujarat,Gandhinagar,Mansa(Manas Veg Yard),Gram Raw(Chholia),Other,FAQ,2011-05-28 00:00:00,1500.0,2500.0,2000.0,359
Gujarat,Gandhinagar,Mansa(Manas Veg Yard),Gram Raw(Chholia),Other,FAQ,2011-08-09 00:00:00,2000.0,2000.0,2000.0,359
Gujarat,Gandhinagar,Mansa(Manas Veg Yard),Gram Raw(Chholia),Other,FAQ,2011-08-12 00:00:00,3000.0,3500.0,3500.0,359
Gujarat,Gandhinagar,Mansa(Manas Veg Yard),Gram Raw(Chholia),Other,FAQ,2011-08-29 00:00:00,3750.0,4000.0,3750.0,359
Gujarat,Gandhinagar,Mansa(Manas Veg Yard),Gram Raw(Chholia),Other,FAQ,2011-09-07 00:00:00,2000.0,2500.0,2250.0,359
Gujarat,Gandhinagar,Mansa(Manas Veg Yard),Gram Raw(Chholia),Other,FAQ,2011-09-14 00:00:00,2000.0,3000.0,2500.0,359
Gujarat,Gandhinagar,Mansa(Manas Veg Yard),Gram Raw(Chholia),Other,FAQ,2011-09-19 00:00:00,2000.0,3000.0,2750.0,359
Gujarat,Gandhinagar,Mansa(Manas Veg Yard),Gram Raw(Chholia),Other,FAQ,2011-09-24 00:00:00,2000.0,2500.0,2250.0,359
Gujarat,Vadodara(Baroda),Vadodara(Sayajipura),Gram Raw(Chholia),Other,FAQ,2011-01-07 00:00:00,900.0,1500.0,1200.0,359
Gujarat,Vadodara(Baroda),Vadodara(Sayajipura),Gram Raw(Chholia),Other,FAQ,2011-01-11 00:00:00,1100.0,1700.0,1425.0,359
Gujarat,Vadodara(Baroda),Vadodara(Sayajipura),Gram Raw(Chholia),Other,FAQ,2011-01-17 00:00:00,750.0,1500.0,1125.0,359
Gujarat,Vadodara(Baroda),Vadodara(Sayajipura),Gram Raw(Chholia),Other,FAQ,2011-01-19 00:00:00,1000.0,1500.0,1250.0,359
Gujarat,Vadodara(Baroda),Vadodara(Sayajipura),Gram Raw(Chholia),Other,FAQ,2011-02-01 00:00:00,750.0,900.0,825.0,359
Gujarat,Vadodara(Baroda),Vadodara(Sayajipura),Gram Raw(Chholia),Other,FAQ,2011-02-08 00:00:00,1250.0,1600.0,1425.0,359
Gujarat,Vadodara(Baroda),Vadodara(Sayajipura),Gram Raw(Chholia),Other,FAQ,2011-02-10 00:00:00,1000.0,1200.0,1100.0,359
Gujarat,Vadodara(Baroda),Vadodara(Sayajipura),Gram Raw(Chholia),Other,FAQ,2011-03-09 00:00:00,1200.0,1600.0,1400.0,359
Gujarat,Vadodara(Baroda),Vadodara(Sayajipura),Gram Raw(Chholia),Other,FAQ,2011-03-13 00:00:00,1100.0,1300.0,1200.0,359
Gujarat,Vadodara(Baroda),Vadodara(Sayajipura),Gram Raw(Chholia),Other,FAQ,2011-03-16 00:00:00,1200.0,1750.0,1450.0,359
Gujarat,Vadodara(Baroda),Vadodara(Sayajipura),Gram Raw(Chholia),Other,FAQ,2011-03-23 00:00:00,1600.0,2100.0,1900.0,359
Gujarat,Vadodara(Baroda),Vadodara(Sayajipura),Gram Raw(Chholia),Other,FAQ,2011-03-27 00:00:00,2000.0,2250.0,2125.0,359
Gujarat,Vadodara(Baroda),Vadodara(Sayajipura),Gram Raw(Chholia),Other,FAQ,2011-03-31 00:00:00,1250.0,1750.0,1500.0,359
Gujarat,Vadodara(Baroda),Vadodara(Sayajipura),Gram Raw(Chholia),Other,FAQ,2011-04-07 00:00:00,1200.0,1800.0,1500.0,359
Gujarat,Vadodara(Baroda),Vadodara(Sayajipura),Gram Raw(Chholia),Other,FAQ,2011-04-21 00:00:00,1250.0,1500.0,1375.0,359
Gujarat,Vadodara(Baroda),Vadodara(Sayajipura),Gram Raw(Chholia),Other,FAQ,2011-04-26 00:00:00,1100.0,1700.0,1400.0,359
Gujarat,Vadodara(Baroda),Vadodara(Sayajipura),Gram Raw(Chholia),Other,FAQ,2011-04-29 00:00:00,1150.0,1400.0,1275.0,359
Gujarat,Vadodara(Baroda),Vadodara(Sayajipura),Gram Raw(Chholia),Other,FAQ,2011-05-04 00:00:00,1000.0,1500.0,1300.0,359
Gujarat,Vadodara(Baroda),Vadodara(Sayajipura),Gram Raw(Chholia),Other,FAQ,2011-05-08 00:00:00,800.0,1200.0,1000.0,359
Gujarat,Vadodara(Baroda),Vadodara(Sayajipura),Gram Raw(Chholia),Other,FAQ,2011-05-14 00:00:00,700.0,1200.0,950.0,359
Gujarat,Vadodara(Baroda),Vadodara(Sayajipura),Gram Raw(Chholia),Other,FAQ,2011-06-02 00:00:00,750.0,1400.0,1075.0,359
Gujarat,Vadodara(Baroda),Vadodara(Sayajipura),Gram Raw(Chholia),Other,FAQ,2011-06-04 00:00:00,800.0,1700.0,1250.0,359
Gujarat,Vadodara(Baroda),Vadodara(Sayajipura),Gram Raw(Chholia),Other,FAQ,2011-06-11 00:00:00,1400.0,2100.0,1750.0,359
Gujarat,Vadodara(Baroda),Vadodara(Sayajipura),Gram Raw(Chholia),Other,FAQ,2011-06-14 00:00:00,1500.0,2000.0,1750.0,359
Gujarat,Vadodara(Baroda),Vadodara(Sayajipura),Gram Raw(Chholia),Other,FAQ,2011-06-24 00:00:00,1000.0,2000.0,1500.0,359
Gujarat,Vadodara(Baroda),Vadodara(Sayajipura),Gram Raw(Chholia),Other,FAQ,2011-06-27 00:00:00,1000.0,2250.0,1625.0,359
Gujarat,Vadodara(Baroda),Vadodara(Sayajipura),Gram Raw(Chholia),Other,FAQ,2011-06-30 00:00:00,1250.0,2350.0,1800.0,359
Gujarat,Vadodara(Baroda),Vadodara(Sayajipura),Gram Raw(Chholia),Other,FAQ,2011-07-08 00:00:00,1100.0,1700.0,1400.0,359
Gujarat,Vadodara(Baroda),Vadodara(Sayajipura),Gram Raw(Chholia),Other,FAQ,2011-07-17 00:00:00,1150.0,2100.0,1625.0,359
Gujarat,Vadodara(Baroda),Vadodara(Sayajipura),Gram Raw(Chholia),Other,FAQ,2011-07-22 00:00:00,1250.0,2250.0,1750.0,359
Gujarat,Vadodara(Baroda),Vadodara(Sayajipura),Gram Raw(Chholia),Other,FAQ,2011-08-05 00:00:00,1250.0,2000.0,1625.0,359
Gujarat,Vadodara(Baroda),Vadodara(Sayajipura),Gram Raw(Chholia),Other,FAQ,2011-08-18 00:00:00,1750.0,2250.0,2100.0,359
Gujarat,Vadodara(Baroda),Vadodara(Sayajipura),Gram Raw(Chholia),Other,FAQ,2011-08-21 00:00:00,1500.0,3000.0,2500.0,359
Gujarat,Vadodara(Baroda),Vadodara(Sayajipura),Gram Raw(Chholia),Other,FAQ,2011-09-25 00:00:00,1000.0,2000.0,1600.0,359
Gujarat,Vadodara(Baroda),Vadodara(Sayajipura),Gram Raw(Chholia),Other,FAQ,2011-09-30 00:00:00,1000.0,1500.0,1300.0,359
Gujarat,Vadodara(Baroda),Vadodara(Sayajipura),Gram Raw(Chholia),Other,FAQ,2011-10-03 00:00:00,800.0,1000.0,900.0,359
Gujarat,Vadodara(Baroda),Vadodara(Sayajipura),Gram Raw(Chholia),Other,FAQ,2011-10-05 00:00:00,1000.0,1500.0,1300.0,359
Gujarat,Vadodara(Baroda),Vadodara(Sayajipura),Gram Raw(Chholia),Other,FAQ,2011-10-08 00:00:00,800.0,1500.0,1250.0,359
Gujarat,Vadodara(Baroda),Vadodara(Sayajipura),Gram Raw(Chholia),Other,FAQ,2011-10-12 00:00:00,1000.0,1600.0,1350.0,359
Gujarat,Vadodara(Baroda),Vadodara(Sayajipura),Gram Raw(Chholia),Other,FAQ,2011-11-03 00:00:00,1200.0,2000.0,1650.0,359
Gujarat,Vadodara(Baroda),Vadodara(Sayajipura),Gram Raw(Chholia),Other,FAQ,2011-11-09 00:00:00,2000.0,2500.0,2300.0,359
Gujarat,Vadodara(Baroda),Vadodara(Sayajipura),Gram Raw(Chholia),Other,FAQ,2011-11-14 00:00:00,1300.0,2250.0,1800.0,359
Gujarat,Vadodara(Baroda),Vadodara(Sayajipura),Gram Raw(Chholia),Other,FAQ,2011-12-02 00:00:00,1000.0,1500.0,1250.0,359
Gujarat,Vadodara(Baroda),Vadodara(Sayajipura),Gram Raw(Chholia),Other,FAQ,2011-12-23 00:00:00,1000.0,1300.0,1200.0,359
Gujarat,Vadodara(Baroda),Vadodara(Sayajipura),Gram Raw(Chholia),Other,FAQ,2011-12-30 00:00:00,1000.0,1300.0,1200.0,359
Gujarat,Ahmedabad,Dholka,Gram Raw(Chholia),Other,FAQ,2012-05-05 00:00:00,600.0,1200.0,900.0,359
Gujarat,Ahmedabad,Dholka,Gram Raw(Chholia),Other,FAQ,2012-05-07 00:00:00,1750.0,2000.0,1800.0,359
Gujarat,Ahmedabad,Dholka,Gram Raw(Chholia),Other,FAQ,2012-05-23 00:00:00,1200.0,2500.0,2000.0,359
Gujarat,Ahmedabad,Dholka,Gram Raw(Chholia),Other,FAQ,2012-05-29 00:00:00,750.0,1000.0,850.0,359
Gujarat,Ahmedabad,Dholka,Gram Raw(Chholia),Other,FAQ,2012-06-15 00:00:00,650.0,1150.0,800.0,359
Gujarat,Ahmedabad,Dholka,Gram Raw(Chholia),Other,FAQ,2012-07-04 00:00:00,1000.0,1500.0,1300.0,359
Gujarat,Ahmedabad,Dholka,Gram Raw(Chholia),Other,FAQ,2012-08-06 00:00:00,1600.0,2000.0,1800.0,359
Gujarat,Ahmedabad,Dholka,Gram Raw(Chholia),Other,FAQ,2012-08-27 00:00:00,750.0,2000.0,1500.0,359
Gujarat,Ahmedabad,Dholka,Gram Raw(Chholia),Other,FAQ,2012-09-03 00:00:00,800.0,1500.0,1250.0,359
Gujarat,Ahmedabad,Dholka,Gram Raw(Chholia),Other,FAQ,2012-09-12 00:00:00,1000.0,2250.0,1500.0,359
Gujarat,Ahmedabad,Dholka,Gram Raw(Chholia),Other,FAQ,2012-10-23 00:00:00,2000.0,2500.0,2300.0,359
Gujarat,Ahmedabad,Dholka,Gram Raw(Chholia),Other,FAQ,2012-11-02 00:00:00,500.0,2000.0,1400.0,359
Gujarat,Ahmedabad,Dholka,Gram Raw(Chholia),Other,FAQ,2012-11-09 00:00:00,1750.0,2000.0,1800.0,359
Gujarat,Ahmedabad,Dholka,Gram Raw(Chholia),Other,FAQ,2012-11-22 00:00:00,1500.0,1700.0,1600.0,359
Gujarat,Ahmedabad,Dholka,Gram Raw(Chholia),Other,FAQ,2012-11-26 00:00:00,1000.0,1100.0,1050.0,359
Gujarat,Botad,Botad,Gram Raw(Chholia),Other,FAQ,2012-06-03 00:00:00,3500.0,8500.0,6000.0,359
Gujarat,Botad,Botad,Gram Raw(Chholia),Other,FAQ,2012-06-04 00:00:00,3250.0,8750.0,6000.0,359
Gujarat,Botad,Botad,Gram Raw(Chholia),Other,FAQ,2012-06-12 00:00:00,2500.0,9000.0,5750.0,359
Gujarat,Botad,Botad,Gram Raw(Chholia),Other,FAQ,2012-06-30 00:00:00,700.0,1500.0,1100.0,359
Gujarat,Botad,Botad,Gram Raw(Chholia),Other,FAQ,2012-08-03 00:00:00,500.0,1400.0,950.0,359
Gujarat,Botad,Botad,Gram Raw(Chholia),Other,FAQ,2012-08-06 00:00:00,600.0,1300.0,950.0,359
Gujarat,Botad,Botad,Gram Raw(Chholia),Other,FAQ,2012-08-07 00:00:00,750.0,1500.0,1125.0,359
Gujarat,Botad,Botad,Gram Raw(Chholia),Other,FAQ,2012-08-12 00:00:00,800.0,1300.0,1050.0,359
Gujarat,Botad,Botad,Gram Raw(Chholia),Other,FAQ,2012-08-18 00:00:00,750.0,1750.0,1250.0,359
Gujarat,Botad,Botad,Gram Raw(Chholia),Other,FAQ,2012-08-20 00:00:00,750.0,1850.0,1300.0,359
Gujarat,Surendranagar,Vadhvan,Gram Raw(Chholia),Gram Raw(Chholia),FAQ,2012-10-13 00:00:00,500.0,800.0,650.0,359
Gujarat,Vadodara(Baroda),Vadodara(Sayajipura),Gram Raw(Chholia),Other,FAQ,2012-01-09 00:00:00,1500.0,1750.0,1650.0,359
Gujarat,Vadodara(Baroda),Vadodara(Sayajipura),Gram Raw(Chholia),Other,FAQ,2012-01-22 00:00:00,1750.0,2250.0,2050.0,359
Gujarat,Vadodara(Baroda),Vadodara(Sayajipura),Gram Raw(Chholia),Other,FAQ,2012-01-25 00:00:00,1500.0,2500.0,2050.0,359
Gujarat,Vadodara(Baroda),Vadodara(Sayajipura),Gram Raw(Chholia),Other,FAQ,2012-02-06 00:00:00,2000.0,2250.0,2150.0,359
Gujarat,Vadodara(Baroda),Vadodara(Sayajipura),Gram Raw(Chholia),Other,FAQ,2012-02-10 00:00:00,2000.0,2500.0,2350.0,359
Gujarat,Vadodara(Baroda),Vadodara(Sayajipura),Gram Raw(Chholia),Other,FAQ,2012-02-17 00:00:00,2000.0,2500.0,2250.0,359
Gujarat,Vadodara(Baroda),Vadodara(Sayajipura),Gram Raw(Chholia),Other,FAQ,2012-02-20 00:00:00,2250.0,2500.0,2375.0,359
Gujarat,Vadodara(Baroda),Vadodara(Sayajipura),Gram Raw(Chholia),Other,FAQ,2012-02-23 00:00:00,2250.0,2750.0,2575.0,359
Gujarat,Vadodara(Baroda),Vadodara(Sayajipura),Gram Raw(Chholia),Other,FAQ,2012-02-25 00:00:00,2250.0,2750.0,2575.0,359
Gujarat,Vadodara(Baroda),Vadodara(Sayajipura),Gram Raw(Chholia),Other,FAQ,2012-02-27 00:00:00,2250.0,2750.0,2575.0,359
Gujarat,Vadodara(Baroda),Vadodara(Sayajipura),Gram Raw(Chholia),Other,FAQ,2012-03-04 00:00:00,2250.0,2750.0,2575.0,359
Gujarat,Vadodara(Baroda),Vadodara(Sayajipura),Gram Raw(Chholia),Other,FAQ,2012-04-05 00:00:00,1200.0,2000.0,1625.0,359
Gujarat,Vadodara(Baroda),Vadodara(Sayajipura),Gram Raw(Chholia),Other,FAQ,2012-04-06 00:00:00,1000.0,2250.0,1650.0,359
Gujarat,Vadodara(Baroda),Vadodara(Sayajipura),Gram Raw(Chholia),Other,FAQ,2012-04-10 00:00:00,1750.0,2500.0,2150.0,359
Gujarat,Vadodara(Baroda),Vadodara(Sayajipura),Gram Raw(Chholia),Other,FAQ,2012-04-11 00:00:00,1750.0,2500.0,2150.0,359
Gujarat,Vadodara(Baroda),Vadodara(Sayajipura),Gram Raw(Chholia),Other,FAQ,2012-04-13 00:00:00,1750.0,2750.0,2300.0,359
Gujarat,Vadodara(Baroda),Vadodara(Sayajipura),Gram Raw(Chholia),Other,FAQ,2012-04-29 00:00:00,1500.0,3000.0,2300.0,359
Gujarat,Vadodara(Baroda),Vadodara(Sayajipura),Gram Raw(Chholia),Other,FAQ,2012-05-04 00:00:00,1500.0,2250.0,1900.0,359
Gujarat,Vadodara(Baroda),Vadodara(Sayajipura),Gram Raw(Chholia),Other,FAQ,2012-05-10 00:00:00,1250.0,2000.0,1650.0,359
Gujarat,Vadodara(Baroda),Vadodara(Sayajipura),Gram Raw(Chholia),Other,FAQ,2012-05-30 00:00:00,900.0,1300.0,1125.0,359
Gujarat,Vadodara(Baroda),Vadodara(Sayajipura),Gram Raw(Chholia),Other,FAQ,2012-06-07 00:00:00,900.0,1300.0,1125.0,359
Gujarat,Vadodara(Baroda),Vadodara(Sayajipura),Gram Raw(Chholia),Other,FAQ,2012-06-23 00:00:00,1000.0,1600.0,1350.0,359
Gujarat,Vadodara(Baroda),Vadodara(Sayajipura),Gram Raw(Chholia),Other,FAQ,2012-07-07 00:00:00,1000.0,1200.0,1150.0,359
Gujarat,Vadodara(Baroda),Vadodara(Sayajipura),Gram Raw(Chholia),Other,FAQ,2012-07-21 00:00:00,1200.0,1600.0,1450.0,359
Gujarat,Vadodara(Baroda),Vadodara(Sayajipura),Gram Raw(Chholia),Other,FAQ,2012-07-22 00:00:00,1200.0,1600.0,1425.0,359
Gujarat,Vadodara(Baroda),Vadodara(Sayajipura),Gram Raw(Chholia),Other,FAQ,2012-07-25 00:00:00,700.0,1200.0,950.0,359
Gujarat,Vadodara(Baroda),Vadodara(Sayajipura),Gram Raw(Chholia),Other,FAQ,2012-07-29 00:00:00,800.0,1000.0,900.0,359
Gujarat,Vadodara(Baroda),Vadodara(Sayajipura),Gram Raw(Chholia),Other,FAQ,2012-07-31 00:00:00,800.0,1200.0,1000.0,359
Gujarat,Vadodara(Baroda),Vadodara(Sayajipura),Gram Raw(Chholia),Other,FAQ,2012-08-19 00:00:00,2000.0,2300.0,2150.0,359
Gujarat,Vadodara(Baroda),Vadodara(Sayajipura),Gram Raw(Chholia),Other,FAQ,2012-08-21 00:00:00,1500.0,2000.0,1800.0,359
Gujarat,Vadodara(Baroda),Vadodara(Sayajipura),Gram Raw(Chholia),Other,FAQ,2012-08-26 00:00:00,1400.0,1600.0,1550.0,359
Gujarat,Vadodara(Baroda),Vadodara(Sayajipura),Gram Raw(Chholia),Other,FAQ,2012-08-31 00:00:00,1000.0,1600.0,1350.0,359
Gujarat,Vadodara(Baroda),Vadodara(Sayajipura),Gram Raw(Chholia),Other,FAQ,2012-09-01 00:00:00,1200.0,1500.0,1400.0,359
Gujarat,Vadodara(Baroda),Vadodara(Sayajipura),Gram Raw(Chholia),Other,FAQ,2012-09-04 00:00:00,800.0,1500.0,1200.0,359
Gujarat,Vadodara(Baroda),Vadodara(Sayajipura),Gram Raw(Chholia),Other,FAQ,2012-09-07 00:00:00,600.0,1200.0,900.0,359
Gujarat,Vadodara(Baroda),Vadodara(Sayajipura),Gram Raw(Chholia),Other,FAQ,2012-09-12 00:00:00,1000.0,1300.0,1200.0,359
Gujarat,Vadodara(Baroda),Vadodara(Sayajipura),Gram Raw(Chholia),Other,FAQ,2012-09-14 00:00:00,1500.0,2000.0,1750.0,359
Gujarat,Vadodara(Baroda),Vadodara(Sayajipura),Gram Raw(Chholia),Other,FAQ,2012-09-20 00:00:00,2000.0,2500.0,2250.0,359
Gujarat,Vadodara(Baroda),Vadodara(Sayajipura),Gram Raw(Chholia),Other,FAQ,2012-09-23 00:00:00,2000.0,2500.0,2250.0,359
Gujarat,Vadodara(Baroda),Vadodara(Sayajipura),Gram Raw(Chholia),Other,FAQ,2012-10-04 00:00:00,1500.0,3000.0,2375.0,359
Gujarat,Vadodara(Baroda),Vadodara(Sayajipura),Gram Raw(Chholia),Other,FAQ,2012-10-07 00:00:00,1500.0,2000.0,1750.0,359
Gujarat,Vadodara(Baroda),Vadodara(Sayajipura),Gram Raw(Chholia),Other,FAQ,2012-10-11 00:00:00,1500.0,2000.0,1800.0,359
Gujarat,Vadodara(Baroda),Vadodara(Sayajipura),Gram Raw(Chholia),Other,FAQ,2012-10-12 00:00:00,1000.0,2000.0,1625.0,359
Gujarat,Vadodara(Baroda),Vadodara(Sayajipura),Gram Raw(Chholia),Other,FAQ,2012-10-16 00:00:00,1500.0,2500.0,2050.0,359
Gujarat,Vadodara(Baroda),Vadodara(Sayajipura),Gram Raw(Chholia),Other,FAQ,2012-10-31 00:00:00,2000.0,2500.0,2300.0,359
Gujarat,Vadodara(Baroda),Vadodara(Sayajipura),Gram Raw(Chholia),Other,FAQ,2012-11-17 00:00:00,900.0,1300.0,1150.0,359
Gujarat,Vadodara(Baroda),Vadodara(Sayajipura),Gram Raw(Chholia),Other,FAQ,2012-11-20 00:00:00,2000.0,2500.0,2250.0,359
Gujarat,Vadodara(Baroda),Vadodara(Sayajipura),Gram Raw(Chholia),Other,FAQ,2012-11-29 00:00:00,1000.0,2000.0,1625.0,359
Gujarat,Vadodara(Baroda),Vadodara(Sayajipura),Gram Raw(Chholia),Other,FAQ,2012-12-01 00:00:00,1000.0,1500.0,1300.0,359
Gujarat,Vadodara(Baroda),Vadodara(Sayajipura),Gram Raw(Chholia),Other,FAQ,2012-12-15 00:00:00,900.0,1300.0,1150.0,359
Gujarat,Vadodara(Baroda),Vadodara(Sayajipura),Gram Raw(Chholia),Other,FAQ,2012-12-24 00:00:00,800.0,1500.0,1200.0,359
Gujarat,Banaskanth,Deesa(Deesa Veg Yard),Gram Raw(Chholia),Other,FAQ,2024-03-19 00:00:00,10000.0,12250.0,11125.0,359
Gujarat,Banaskanth,Deesa(Deesa Veg Yard),Gram Raw(Chholia),Other,FAQ,2024-03-26 00:00:00,10000.0,12250.0,11125.0,359
Gujarat,Banaskanth,Deesa(Deesa Veg Yard),Gram Raw(Chholia),Other,FAQ,2024-04-02 00:00:00,10000.0,12150.0,11075.0,359
Gujarat,Banaskanth,Deesa(Deesa Veg Yard),Gram Raw(Chholia),Other,FAQ,2024-04-18 00:00:00,8500.0,9150.0,8825.0,359
Gujarat,Banaskanth,Deesa(Deesa Veg Yard),Gram Raw(Chholia),Other,FAQ,2024-04-19 00:00:00,8500.0,9200.0,8850.0,359
Gujarat,Banaskanth,Deesa(Deesa Veg Yard),Gram Raw(Chholia),Other,FAQ,2024-04-20 00:00:00,8500.0,9250.0,8875.0,359
Gujarat,Banaskanth,Deesa(Deesa Veg Yard),Gram Raw(Chholia),Other,FAQ,2024-04-24 00:00:00,8500.0,9100.0,8800.0,359
Gujarat,Banaskanth,Deesa(Deesa Veg Yard),Gram Raw(Chholia),Other,FAQ,2024-04-30 00:00:00,4000.0,5150.0,4575.0,359
Gujarat,Surat,Vyra,Gram Raw(Chholia),Other,FAQ,2024-01-06 00:00:00,5750.0,6250.0,6000.0,359
Gujarat,Surat,Vyra,Gram Raw(Chholia),Other,FAQ,2024-01-11 00:00:00,6000.0,6500.0,6250.0,359
Gujarat,Surat,Vyra,Gram Raw(Chholia),Other,FAQ,2024-03-22 00:00:00,5500.0,7000.0,6250.0,359
Gujarat,Surat,Vyra,Gram Raw(Chholia),Other,FAQ,2024-03-29 00:00:00,5500.0,7000.0,6250.0,359
Gujarat,Surat,Vyra,Gram Raw(Chholia),Other,FAQ,2024-04-16 00:00:00,7000.0,7500.0,7250.0,359
Gujarat,Surat,Vyra,Gram Raw(Chholia),Other,FAQ,2024-04-19 00:00:00,5000.0,7000.0,6000.0,359
Gujarat,Vadodara(Baroda),Vadodara(Sayajipura),Gram Raw(Chholia),Other,FAQ,2024-01-02 00:00:00,4000.0,5000.0,4550.0,359
Gujarat,Vadodara(Baroda),Vadodara(Sayajipura),Gram Raw(Chholia),Other,FAQ,2024-01-08 00:00:00,3000.0,3300.0,3200.0,359
Gujarat,Vadodara(Baroda),Vadodara(Sayajipura),Gram Raw(Chholia),Other,FAQ,2024-01-18 00:00:00,3000.0,4000.0,3550.0,359
Gujarat,Vadodara(Baroda),Vadodara(Sayajipura),Gram Raw(Chholia),Other,FAQ,2024-01-23 00:00:00,3000.0,4500.0,3800.0,359
Gujarat,Vadodara(Baroda),Vadodara(Sayajipura),Gram Raw(Chholia),Other,FAQ,2024-01-26 00:00:00,4000.0,5500.0,4800.0,359
Gujarat,Vadodara(Baroda),Vadodara(Sayajipura),Gram Raw(Chholia),Other,FAQ,2024-01-28 00:00:00,4000.0,5500.0,4800.0,359
Gujarat,Vadodara(Baroda),Vadodara(Sayajipura),Gram Raw(Chholia),Other,FAQ,2024-02-11 00:00:00,4000.0,5000.0,4550.0,359
Gujarat,Vadodara(Baroda),Vadodara(Sayajipura),Gram Raw(Chholia),Other,FAQ,2024-02-28 00:00:00,5000.0,6000.0,5550.0,359
Gujarat,Vadodara(Baroda),Vadodara(Sayajipura),Gram Raw(Chholia),Other,FAQ,2024-03-05 00:00:00,5000.0,5500.0,5300.0,359
Gujarat,Vadodara(Baroda),Vadodara(Sayajipura),Gram Raw(Chholia),Other,FAQ,2024-03-08 00:00:00,5000.0,6000.0,5550.0,359
Gujarat,Vadodara(Baroda),Vadodara(Sayajipura),Gram Raw(Chholia),Other,FAQ,2024-04-19 00:00:00,4000.0,6000.0,5050.0,359
Gujarat,Vadodara(Baroda),Vadodara(Sayajipura),Gram Raw(Chholia),Other,FAQ,2024-04-22 00:00:00,2500.0,3500.0,3050.0,359
Gujarat,Vadodara(Baroda),Vadodara(Sayajipura),Gram Raw(Chholia),Other,FAQ,2024-04-23 00:00:00,2500.0,3000.0,2800.0,359
Gujarat,Vadodara(Baroda),Vadodara(Sayajipura),Gram Raw(Chholia),Other,FAQ,2024-04-26 00:00:00,2500.0,3000.0,2800.0,359
Gujarat,Vadodara(Baroda),Vadodara(Sayajipura),Gram Raw(Chholia),Other,FAQ,2024-04-30 00:00:00,3000.0,4000.0,3500.0,359
Gujarat,Banaskanth,Deesa(Deesa Veg Yard),Gram Raw(Chholia),Other,FAQ,2024-05-01 00:00:00,4000.0,5100.0,4550.0,359
Gujarat,Banaskanth,Deesa(Deesa Veg Yard),Gram Raw(Chholia),Other,FAQ,2024-05-11 00:00:00,4000.0,5000.0,4500.0,359
Gujarat,Banaskanth,Deesa(Deesa Veg Yard),Gram Raw(Chholia),Other,FAQ,2024-05-14 00:00:00,4000.0,5000.0,4500.0,359
Gujarat,Banaskanth,Deesa(Deesa Veg Yard),Gram Raw(Chholia),Other,FAQ,2024-05-25 00:00:00,2000.0,2800.0,2400.0,359
Gujarat,Banaskanth,Deesa(Deesa Veg Yard),Gram Raw(Chholia),Other,FAQ,2024-05-27 00:00:00,2000.0,2850.0,2425.0,359
Gujarat,Banaskanth,Deesa(Deesa Veg Yard),Gram Raw(Chholia),Other,FAQ,2024-05-30 00:00:00,2000.0,2800.0,2400.0,359
Gujarat,Vadodara(Baroda),Vadodara(Sayajipura),Gram Raw(Chholia),Other,FAQ,2024-05-03 00:00:00,4000.0,4500.0,4300.0,359
Gujarat,Vadodara(Baroda),Vadodara(Sayajipura),Gram Raw(Chholia),Other,FAQ,2024-05-11 00:00:00,2500.0,3000.0,2800.0,359
Gujarat,Banaskanth,Deesa(Deesa Veg Yard),Gram Raw(Chholia),Other,FAQ,2024-06-01 00:00:00,5000.0,6200.0,5600.0,359
Gujarat,Banaskanth,Deesa(Deesa Veg Yard),Gram Raw(Chholia),Other,FAQ,2024-06-11 00:00:00,5000.0,6250.0,5625.0,359
Gujarat,Banaskanth,Deesa(Deesa Veg Yard),Gram Raw(Chholia),Other,FAQ,2024-06-17 00:00:00,7000.0,8150.0,7575.0,359
Gujarat,Banaskanth,Deesa(Deesa Veg Yard),Gram Raw(Chholia),Other,FAQ,2024-06-27 00:00:00,7500.0,8350.0,7925.0,359
Gujarat,Banaskanth,Deesa(Deesa Veg Yard),Gram Raw(Chholia),Other,FAQ,2024-06-28 00:00:00,7500.0,8400.0,7950.0,359
Gujarat,Vadodara(Baroda),Vadodara(Sayajipura),Gram Raw(Chholia),Other,FAQ,2024-06-07 00:00:00,5000.0,6000.0,5550.0,359
Gujarat,Vadodara(Baroda),Vadodara(Sayajipura),Gram Raw(Chholia),Other,FAQ,2024-06-10 00:00:00,7000.0,8000.0,7550.0,359
Gujarat,Vadodara(Baroda),Vadodara(Sayajipura),Gram Raw(Chholia),Other,FAQ,2024-06-17 00:00:00,7000.0,10000.0,8500.0,359
Gujarat,Vadodara(Baroda),Vadodara(Sayajipura),Gram Raw(Chholia),Other,FAQ,2024-06-22 00:00:00,5500.0,10000.0,8000.0,359
Gujarat,Vadodara(Baroda),Vadodara(Sayajipura),Gram Raw(Chholia),Other,FAQ,2024-06-27 00:00:00,5000.0,9000.0,7050.0,359
Gujarat,Ahmedabad,Dholka(Koth),Gram Raw(Chholia),Other,FAQ,2015-10-13 00:00:00,1000.0,2500.0,2000.0,359
Gujarat,Banaskanth,Deesa(Deesa Veg Yard),Gram Raw(Chholia),Other,FAQ,2015-04-20 00:00:00,3000.0,4000.0,3500.0,359
Gujarat,Banaskanth,Deesa(Deesa Veg Yard),Gram Raw(Chholia),Other,FAQ,2015-04-23 00:00:00,3000.0,4000.0,3500.0,359
Gujarat,Banaskanth,Deesa(Deesa Veg Yard),Gram Raw(Chholia),Other,FAQ,2015-04-29 00:00:00,4000.0,5000.0,4500.0,359
Gujarat,Banaskanth,Deesa(Deesa Veg Yard),Gram Raw(Chholia),Other,FAQ,2015-04-30 00:00:00,4000.0,5000.0,4500.0,359
Gujarat,Banaskanth,Deesa(Deesa Veg Yard),Gram Raw(Chholia),Other,FAQ,2015-05-02 00:00:00,4000.0,5000.0,4500.0,359
Gujarat,Banaskanth,Deesa(Deesa Veg Yard),Gram Raw(Chholia),Other,FAQ,2015-05-04 00:00:00,2000.0,3000.0,2500.0,359
Gujarat,Banaskanth,Deesa(Deesa Veg Yard),Gram Raw(Chholia),Other,FAQ,2015-05-07 00:00:00,2500.0,3500.0,3000.0,359
Gujarat,Banaskanth,Deesa(Deesa Veg Yard),Gram Raw(Chholia),Other,FAQ,2015-05-08 00:00:00,2500.0,3500.0,3000.0,359
Gujarat,Banaskanth,Deesa(Deesa Veg Yard),Gram Raw(Chholia),Other,FAQ,2015-05-09 00:00:00,2500.0,3000.0,2750.0,359
Gujarat,Banaskanth,Deesa(Deesa Veg Yard),Gram Raw(Chholia),Other,FAQ,2015-05-11 00:00:00,2500.0,2700.0,2600.0,359
Gujarat,Banaskanth,Deesa(Deesa Veg Yard),Gram Raw(Chholia),Other,FAQ,2015-05-23 00:00:00,500.0,700.0,600.0,359
Gujarat,Banaskanth,Deesa(Deesa Veg Yard),Gram Raw(Chholia),Other,FAQ,2015-06-05 00:00:00,2000.0,3000.0,2500.0,359
Gujarat,Banaskanth,Deesa(Deesa Veg Yard),Gram Raw(Chholia),Other,FAQ,2015-06-10 00:00:00,2500.0,3500.0,3000.0,359
Gujarat,Banaskanth,Deesa(Deesa Veg Yard),Gram Raw(Chholia),Other,FAQ,2015-06-16 00:00:00,1000.0,2000.0,1500.0,359
Gujarat,Banaskanth,Deesa(Deesa Veg Yard),Gram Raw(Chholia),Other,FAQ,2015-06-19 00:00:00,1200.0,1900.0,1550.0,359
Gujarat,Banaskanth,Deesa(Deesa Veg Yard),Gram Raw(Chholia),Other,FAQ,2015-06-27 00:00:00,1050.0,2100.0,1575.0,359
Gujarat,Banaskanth,Deesa(Deesa Veg Yard),Gram Raw(Chholia),Other,FAQ,2015-07-01 00:00:00,500.0,2500.0,1500.0,359
Gujarat,Banaskanth,Deesa(Deesa Veg Yard),Gram Raw(Chholia),Other,FAQ,2015-07-03 00:00:00,500.0,2500.0,1500.0,359
Gujarat,Banaskanth,Deesa(Deesa Veg Yard),Gram Raw(Chholia),Other,FAQ,2015-07-14 00:00:00,1500.0,3000.0,2250.0,359
Gujarat,Banaskanth,Deesa(Deesa Veg Yard),Gram Raw(Chholia),Other,FAQ,2015-08-04 00:00:00,3500.0,4500.0,4000.0,359
Gujarat,Banaskanth,Deesa(Deesa Veg Yard),Gram Raw(Chholia),Other,FAQ,2015-08-07 00:00:00,5000.0,6700.0,5850.0,359
Gujarat,Banaskanth,Deesa(Deesa Veg Yard),Gram Raw(Chholia),Other,FAQ,2015-08-31 00:00:00,3500.0,4000.0,3750.0,359
Gujarat,Banaskanth,Deesa(Deesa Veg Yard),Gram Raw(Chholia),Other,FAQ,2015-09-09 00:00:00,2500.0,3500.0,3000.0,359
Gujarat,Banaskanth,Deesa(Deesa Veg Yard),Gram Raw(Chholia),Other,FAQ,2015-09-12 00:00:00,2500.0,3500.0,3000.0,359
Gujarat,Banaskanth,Deesa(Deesa Veg Yard),Gram Raw(Chholia),Other,FAQ,2015-09-28 00:00:00,1500.0,2000.0,1750.0,359
Gujarat,Banaskanth,Deesa(Deesa Veg Yard),Gram Raw(Chholia),Other,FAQ,2015-10-08 00:00:00,1700.0,2500.0,2100.0,359
Gujarat,Banaskanth,Deesa(Deesa Veg Yard),Gram Raw(Chholia),Other,FAQ,2015-10-13 00:00:00,2500.0,3200.0,2850.0,359
Gujarat,Surat,Vyra,Gram Raw(Chholia),Other,FAQ,2015-01-02 00:00:00,1750.0,2500.0,2125.0,359
Gujarat,Surat,Vyra,Gram Raw(Chholia),Other,FAQ,2015-02-02 00:00:00,1500.0,2000.0,1750.0,359
Gujarat,Surat,Vyra,Gram Raw(Chholia),Other,FAQ,2015-02-21 00:00:00,1000.0,1500.0,1250.0,359
Gujarat,Surat,Vyra,Gram Raw(Chholia),Other,FAQ,2015-03-18 00:00:00,2000.0,2500.0,2250.0,359
Gujarat,Surat,Vyra,Gram Raw(Chholia),Other,FAQ,2015-03-25 00:00:00,2000.0,2500.0,2250.0,359
Gujarat,Surat,Vyra,Gram Raw(Chholia),Other,FAQ,2015-04-04 00:00:00,3500.0,4000.0,3750.0,359
Gujarat,Surat,Vyra,Gram Raw(Chholia),Other,FAQ,2015-04-07 00:00:00,2000.0,3000.0,2750.0,359
Gujarat,Surat,Vyra,Gram Raw(Chholia),Other,FAQ,2015-04-24 00:00:00,1000.0,1500.0,1250.0,359
Gujarat,Surat,Vyra,Gram Raw(Chholia),Other,FAQ,2015-04-30 00:00:00,900.0,1500.0,1200.0,359
Gujarat,Surat,Vyra,Gram Raw(Chholia),Other,FAQ,2015-05-06 00:00:00,1100.0,1600.0,1350.0,359
Gujarat,Surat,Vyra,Gram Raw(Chholia),Other,FAQ,2015-05-08 00:00:00,1200.0,1900.0,1550.0,359
Gujarat,Surat,Vyra,Gram Raw(Chholia),Other,FAQ,2015-05-16 00:00:00,1100.0,1900.0,1500.0,359
Gujarat,Surat,Vyra,Gram Raw(Chholia),Other,FAQ,2015-05-27 00:00:00,1700.0,2500.0,2100.0,359
Gujarat,Surat,Vyra,Gram Raw(Chholia),Other,FAQ,2015-06-11 00:00:00,2750.0,3000.0,2875.0,359
Gujarat,Surat,Vyra,Gram Raw(Chholia),Other,FAQ,2015-06-16 00:00:00,2000.0,3000.0,2500.0,359
Gujarat,Surat,Vyra,Gram Raw(Chholia),Other,FAQ,2015-07-07 00:00:00,2000.0,2500.0,2250.0,359
Gujarat,Surat,Vyra,Gram Raw(Chholia),Other,FAQ,2015-07-10 00:00:00,2000.0,2750.0,2375.0,359
Gujarat,Surat,Vyra,Gram Raw(Chholia),Other,FAQ,2015-07-11 00:00:00,2250.0,2750.0,2500.0,359
Gujarat,Surat,Vyra,Gram Raw(Chholia),Other,FAQ,2015-08-01 00:00:00,2000.0,3250.0,2625.0,359
Gujarat,Surat,Vyra,Gram Raw(Chholia),Other,FAQ,2015-08-04 00:00:00,1750.0,3500.0,2625.0,359
Gujarat,Surat,Vyra,Gram Raw(Chholia),Other,FAQ,2015-08-20 00:00:00,1500.0,2000.0,1750.0,359
Gujarat,Surat,Vyra,Gram Raw(Chholia),Other,FAQ,2015-08-21 00:00:00,2000.0,3000.0,2500.0,359
Gujarat,Surat,Vyra,Gram Raw(Chholia),Other,FAQ,2015-08-22 00:00:00,2000.0,3000.0,2500.0,359
Gujarat,Surat,Vyra,Gram Raw(Chholia),Other,FAQ,2015-08-27 00:00:00,800.0,1500.0,1150.0,359
Gujarat,Surat,Vyra,Gram Raw(Chholia),Other,FAQ,2015-08-28 00:00:00,1000.0,1750.0,1375.0,359
Gujarat,Surat,Vyra,Gram Raw(Chholia),Other,FAQ,2015-09-01 00:00:00,750.0,1500.0,1125.0,359
Gujarat,Surat,Vyra,Gram Raw(Chholia),Other,FAQ,2015-09-17 00:00:00,1500.0,2250.0,1875.0,359
Gujarat,Surat,Vyra,Gram Raw(Chholia),Other,FAQ,2015-09-19 00:00:00,2250.0,3500.0,2875.0,359
Gujarat,Surat,Vyra,Gram Raw(Chholia),Other,FAQ,2015-09-21 00:00:00,1500.0,2500.0,2000.0,359
Gujarat,Surat,Vyra,Gram Raw(Chholia),Other,FAQ,2015-09-29 00:00:00,5000.0,6000.0,5500.0,359
Gujarat,Surat,Vyra,Gram Raw(Chholia),Other,FAQ,2015-10-02 00:00:00,3500.0,4000.0,3750.0,359
Gujarat,Surat,Vyra,Gram Raw(Chholia),Other,FAQ,2015-10-05 00:00:00,3000.0,3500.0,3250.0,359
Gujarat,Surat,Vyra,Gram Raw(Chholia),Other,FAQ,2015-10-17 00:00:00,3000.0,3500.0,3250.0,359
Gujarat,Surat,Vyra,Gram Raw(Chholia),Other,FAQ,2015-10-21 00:00:00,3500.0,4000.0,3750.0,359
Gujarat,Surat,Vyra,Gram Raw(Chholia),Other,FAQ,2015-10-24 00:00:00,3000.0,3500.0,3250.0,359
Gujarat,Surat,Vyra,Gram Raw(Chholia),Other,FAQ,2015-11-06 00:00:00,300.0,4000.0,3500.0,359
Gujarat,Surat,Vyra,Gram Raw(Chholia),Other,FAQ,2015-11-07 00:00:00,2500.0,3000.0,2750.0,359
Gujarat,Surat,Vyra,Gram Raw(Chholia),Other,FAQ,2015-11-11 00:00:00,2000.0,3000.0,2500.0,359
Gujarat,Surat,Vyra,Gram Raw(Chholia),Other,FAQ,2015-11-17 00:00:00,1500.0,2000.0,1750.0,359
Gujarat,Surat,Vyra,Gram Raw(Chholia),Other,FAQ,2015-11-19 00:00:00,1500.0,2000.0,1750.0,359
Gujarat,Surat,Vyra,Gram Raw(Chholia),Other,FAQ,2015-11-28 00:00:00,1750.0,2250.0,2000.0,359
Gujarat,Surat,Vyra,Gram Raw(Chholia),Other,FAQ,2015-12-05 00:00:00,1500.0,2250.0,1875.0,359
Gujarat,Surat,Vyra,Gram Raw(Chholia),Other,FAQ,2015-12-17 00:00:00,1750.0,2500.0,2125.0,359
Gujarat,Surat,Vyra,Gram Raw(Chholia),Other,FAQ,2015-12-25 00:00:00,2500.0,3000.0,2750.0,359
Gujarat,Surat,Vyra,Gram Raw(Chholia),Other,FAQ,2015-12-30 00:00:00,2350.0,2700.0,2525.0,359
Gujarat,Vadodara(Baroda),Vadodara(Sayajipura),Gram Raw(Chholia),Other,FAQ,2015-01-05 00:00:00,2000.0,2500.0,2300.0,359
Gujarat,Vadodara(Baroda),Vadodara(Sayajipura),Gram Raw(Chholia),Other,FAQ,2015-01-12 00:00:00,1500.0,2000.0,1800.0,359
Gujarat,Vadodara(Baroda),Vadodara(Sayajipura),Gram Raw(Chholia),Other,FAQ,2015-01-18 00:00:00,1500.0,2000.0,1800.0,359
Gujarat,Vadodara(Baroda),Vadodara(Sayajipura),Gram Raw(Chholia),Other,FAQ,2015-01-26 00:00:00,1250.0,1750.0,1550.0,359
Gujarat,Vadodara(Baroda),Vadodara(Sayajipura),Gram Raw(Chholia),Other,FAQ,2015-01-30 00:00:00,1000.0,1500.0,1300.0,359
Gujarat,Vadodara(Baroda),Vadodara(Sayajipura),Gram Raw(Chholia),Other,FAQ,2015-02-01 00:00:00,1750.0,2000.0,1900.0,359
Gujarat,Vadodara(Baroda),Vadodara(Sayajipura),Gram Raw(Chholia),Other,FAQ,2015-02-05 00:00:00,1500.0,1750.0,1700.0,359
Gujarat,Vadodara(Baroda),Vadodara(Sayajipura),Gram Raw(Chholia),Other,FAQ,2015-02-15 00:00:00,1000.0,1400.0,1250.0,359
Gujarat,Vadodara(Baroda),Vadodara(Sayajipura),Gram Raw(Chholia),Other,FAQ,2015-06-15 00:00:00,800.0,1000.0,950.0,359
Gujarat,Vadodara(Baroda),Vadodara(Sayajipura),Gram Raw(Chholia),Other,FAQ,2015-06-20 00:00:00,1000.0,1200.0,1150.0,359
Gujarat,Vadodara(Baroda),Vadodara(Sayajipura),Gram Raw(Chholia),Other,FAQ,2015-07-09 00:00:00,1000.0,1250.0,1175.0,359
Gujarat,Vadodara(Baroda),Vadodara(Sayajipura),Gram Raw(Chholia),Other,FAQ,2015-07-15 00:00:00,1000.0,1750.0,1400.0,359
Gujarat,Vadodara(Baroda),Vadodara(Sayajipura),Gram Raw(Chholia),Other,FAQ,2015-07-27 00:00:00,1750.0,2000.0,1925.0,359
Gujarat,Vadodara(Baroda),Vadodara(Sayajipura),Gram Raw(Chholia),Other,FAQ,2015-07-28 00:00:00,2000.0,2500.0,2300.0,359
Gujarat,Vadodara(Baroda),Vadodara(Sayajipura),Gram Raw(Chholia),Other,FAQ,2015-07-29 00:00:00,2500.0,3000.0,2825.0,359
Gujarat,Vadodara(Baroda),Vadodara(Sayajipura),Gram Raw(Chholia),Other,FAQ,2015-08-02 00:00:00,2500.0,3000.0,2800.0,359
Gujarat,Vadodara(Baroda),Vadodara(Sayajipura),Gram Raw(Chholia),Other,FAQ,2015-08-08 00:00:00,2000.0,2500.0,2300.0,359
Gujarat,Vadodara(Baroda),Vadodara(Sayajipura),Gram Raw(Chholia),Other,FAQ,2015-08-16 00:00:00,2000.0,2500.0,2300.0,359
Gujarat,Vadodara(Baroda),Vadodara(Sayajipura),Gram Raw(Chholia),Other,FAQ,2015-08-21 00:00:00,1400.0,2000.0,1750.0,359
Gujarat,Vadodara(Baroda),Vadodara(Sayajipura),Gram Raw(Chholia),Other,FAQ,2015-09-01 00:00:00,1000.0,1500.0,1300.0,359
Gujarat,Vadodara(Baroda),Vadodara(Sayajipura),Gram Raw(Chholia),Other,FAQ,2015-09-09 00:00:00,1000.0,1500.0,1300.0,359
Gujarat,Vadodara(Baroda),Vadodara(Sayajipura),Gram Raw(Chholia),Other,FAQ,2015-09-15 00:00:00,1500.0,2000.0,1800.0,359
Gujarat,Vadodara(Baroda),Vadodara(Sayajipura),Gram Raw(Chholia),Other,FAQ,2015-09-19 00:00:00,2000.0,2500.0,2300.0,359
Gujarat,Vadodara(Baroda),Vadodara(Sayajipura),Gram Raw(Chholia),Other,FAQ,2015-09-21 00:00:00,1500.0,2500.0,2050.0,359
Gujarat,Vadodara(Baroda),Vadodara(Sayajipura),Gram Raw(Chholia),Other,FAQ,2015-10-20 00:00:00,3000.0,4000.0,3500.0,359
Gujarat,Vadodara(Baroda),Vadodara(Sayajipura),Gram Raw(Chholia),Other,FAQ,2015-10-28 00:00:00,2000.0,2250.0,2175.0,359
Gujarat,Vadodara(Baroda),Vadodara(Sayajipura),Gram Raw(Chholia),Other,FAQ,2015-11-02 00:00:00,2000.0,2500.0,2300.0,359
Gujarat,Vadodara(Baroda),Vadodara(Sayajipura),Gram Raw(Chholia),Other,FAQ,2015-11-04 00:00:00,2000.0,2500.0,2300.0,359
Gujarat,Vadodara(Baroda),Vadodara(Sayajipura),Gram Raw(Chholia),Other,FAQ,2015-11-07 00:00:00,2000.0,2500.0,2300.0,359
Gujarat,Vadodara(Baroda),Vadodara(Sayajipura),Gram Raw(Chholia),Other,FAQ,2015-11-08 00:00:00,2000.0,2500.0,2300.0,359
Gujarat,Vadodara(Baroda),Vadodara(Sayajipura),Gram Raw(Chholia),Other,FAQ,2015-11-11 00:00:00,2500.0,3000.0,2800.0,359
Gujarat,Vadodara(Baroda),Vadodara(Sayajipura),Gram Raw(Chholia),Other,FAQ,2015-11-15 00:00:00,1500.0,2000.0,1800.0,359
Gujarat,Vadodara(Baroda),Vadodara(Sayajipura),Gram Raw(Chholia),Other,FAQ,2015-12-03 00:00:00,2000.0,2500.0,2300.0,359
Gujarat,Vadodara(Baroda),Vadodara(Sayajipura),Gram Raw(Chholia),Other,FAQ,2015-12-09 00:00:00,2500.0,3000.0,2800.0,359
Gujarat,Ahmedabad,Dholka,Gram Raw(Chholia),Other,FAQ,2013-04-30 00:00:00,2100.0,2100.0,2100.0,359
Gujarat,Ahmedabad,Dholka,Gram Raw(Chholia),Other,FAQ,2013-05-15 00:00:00,2500.0,3000.0,2700.0,359
Gujarat,Ahmedabad,Dholka,Gram Raw(Chholia),Other,FAQ,2013-05-20 00:00:00,1200.0,1700.0,1500.0,359
Gujarat,Ahmedabad,Dholka,Gram Raw(Chholia),Other,FAQ,2013-06-04 00:00:00,2000.0,2100.0,2050.0,359
Gujarat,Ahmedabad,Dholka,Gram Raw(Chholia),Other,FAQ,2013-06-26 00:00:00,2500.0,2500.0,2500.0,359
Gujarat,Ahmedabad,Dholka,Gram Raw(Chholia),Other,FAQ,2013-07-26 00:00:00,1700.0,2000.0,1900.0,359
Gujarat,Ahmedabad,Dholka,Gram Raw(Chholia),Other,FAQ,2013-08-22 00:00:00,1500.0,2000.0,1850.0,359
Gujarat,Ahmedabad,Dholka,Gram Raw(Chholia),Other,FAQ,2013-08-23 00:00:00,1500.0,2000.0,1800.0,359
Gujarat,Ahmedabad,Dholka(Market Yard Veg),Gram Raw(Chholia),Other,FAQ,2013-09-07 00:00:00,1250.0,1500.0,1350.0,359
Gujarat,Ahmedabad,Dholka(Market Yard Veg),Gram Raw(Chholia),Other,FAQ,2013-09-16 00:00:00,1000.0,1250.0,1100.0,359
Gujarat,Ahmedabad,Dholka(Market Yard Veg),Gram Raw(Chholia),Other,FAQ,2013-09-18 00:00:00,1000.0,1500.0,1250.0,359
Gujarat,Ahmedabad,Dholka(Market Yard Veg),Gram Raw(Chholia),Other,FAQ,2013-10-11 00:00:00,4500.0,5000.0,4850.0,359
Gujarat,Ahmedabad,Dholka(Market Yard Veg),Gram Raw(Chholia),Other,FAQ,2013-10-26 00:00:00,3500.0,4000.0,3750.0,359
Gujarat,Ahmedabad,Dholka(Market Yard Veg),Gram Raw(Chholia),Other,FAQ,2013-11-06 00:00:00,2500.0,3000.0,2800.0,359
Gujarat,Banaskanth,Deesa(Deesa Veg Yard),Gram Raw(Chholia),Other,FAQ,2013-06-13 00:00:00,3000.0,3500.0,3250.0,359
Gujarat,Banaskanth,Deesa(Deesa Veg Yard),Gram Raw(Chholia),Other,FAQ,2013-06-25 00:00:00,3500.0,4500.0,4000.0,359
Gujarat,Banaskanth,Deesa(Deesa Veg Yard),Gram Raw(Chholia),Other,FAQ,2013-06-29 00:00:00,2000.0,3000.0,2500.0,359
Gujarat,Banaskanth,Deesa(Deesa Veg Yard),Gram Raw(Chholia),Other,FAQ,2013-07-02 00:00:00,2000.0,3000.0,2500.0,359
Gujarat,Banaskanth,Deesa(Deesa Veg Yard),Gram Raw(Chholia),Other,FAQ,2013-07-09 00:00:00,2000.0,3000.0,2500.0,359
Gujarat,Banaskanth,Deesa(Deesa Veg Yard),Gram Raw(Chholia),Other,FAQ,2013-07-24 00:00:00,1500.0,2500.0,2000.0,359
Gujarat,Banaskanth,Deesa(Deesa Veg Yard),Gram Raw(Chholia),Other,FAQ,2013-07-30 00:00:00,1700.0,2200.0,1950.0,359
Gujarat,Banaskanth,Deesa(Deesa Veg Yard),Gram Raw(Chholia),Other,FAQ,2013-08-06 00:00:00,3000.0,3500.0,3250.0,359
Gujarat,Banaskanth,Deesa(Deesa Veg Yard),Gram Raw(Chholia),Other,FAQ,2013-08-24 00:00:00,2000.0,2500.0,2250.0,359
Gujarat,Banaskanth,Deesa(Deesa Veg Yard),Gram Raw(Chholia),Other,FAQ,2013-08-30 00:00:00,1000.0,1500.0,1250.0,359
Gujarat,Banaskanth,Deesa(Deesa Veg Yard),Gram Raw(Chholia),Other,FAQ,2013-08-31 00:00:00,1000.0,1500.0,1250.0,359
Gujarat,Banaskanth,Deesa(Deesa Veg Yard),Gram Raw(Chholia),Other,FAQ,2013-09-17 00:00:00,800.0,1000.0,900.0,359
Gujarat,Banaskanth,Deesa(Deesa Veg Yard),Gram Raw(Chholia),Other,FAQ,2013-09-21 00:00:00,800.0,1200.0,1000.0,359
Gujarat,Banaskanth,Deesa(Deesa Veg Yard),Gram Raw(Chholia),Other,FAQ,2013-10-01 00:00:00,2000.0,2500.0,2250.0,359
Gujarat,Banaskanth,Deesa(Deesa Veg Yard),Gram Raw(Chholia),Other,FAQ,2013-10-08 00:00:00,3000.0,4000.0,3500.0,359
Gujarat,Banaskanth,Deesa(Deesa Veg Yard),Gram Raw(Chholia),Other,FAQ,2013-10-21 00:00:00,2000.0,2500.0,2250.0,359
Gujarat,Banaskanth,Deesa(Deesa Veg Yard),Gram Raw(Chholia),Other,FAQ,2013-11-06 00:00:00,2000.0,2500.0,2250.0,359
Gujarat,Banaskanth,Deesa(Deesa Veg Yard),Gram Raw(Chholia),Other,FAQ,2013-11-07 00:00:00,2400.0,2600.0,2500.0,359
Gujarat,Banaskanth,Deesa(Deesa Veg Yard),Gram Raw(Chholia),Other,FAQ,2013-12-04 00:00:00,480.0,500.0,490.0,359
Gujarat,Banaskanth,Deesa(Deesa Veg Yard),Gram Raw(Chholia),Other,FAQ,2013-12-06 00:00:00,500.0,600.0,550.0,359
Gujarat,Banaskanth,Deesa(Deesa Veg Yard),Gram Raw(Chholia),Other,FAQ,2013-12-09 00:00:00,400.0,500.0,450.0,359
Gujarat,Banaskanth,Deesa(Deesa Veg Yard),Gram Raw(Chholia),Other,FAQ,2013-12-11 00:00:00,400.0,600.0,500.0,359
Gujarat,Banaskanth,Deesa(Deesa Veg Yard),Gram Raw(Chholia),Other,FAQ,2013-12-12 00:00:00,650.0,700.0,675.0,359
Gujarat,Banaskanth,Deesa(Deesa Veg Yard),Gram Raw(Chholia),Other,FAQ,2013-12-21 00:00:00,500.0,600.0,550.0,359
Gujarat,Botad,Botad,Gram Raw(Chholia),Other,FAQ,2013-07-01 00:00:00,1650.0,2800.0,2225.0,359
Gujarat,Botad,Botad,Gram Raw(Chholia),Other,FAQ,2013-07-08 00:00:00,1100.0,3000.0,2050.0,359
Gujarat,Botad,Botad,Gram Raw(Chholia),Other,FAQ,2013-07-11 00:00:00,1650.0,3000.0,2325.0,359
Gujarat,Botad,Botad,Gram Raw(Chholia),Other,FAQ,2013-07-17 00:00:00,2000.0,4000.0,3000.0,359
Gujarat,Surat,Vyra,Gram Raw(Chholia),Other,FAQ,2013-10-14 00:00:00,6500.0,8500.0,7500.0,359
Gujarat,Surat,Vyra,Gram Raw(Chholia),Other,FAQ,2013-10-15 00:00:00,6000.0,7000.0,6500.0,359
Gujarat,Surat,Vyra,Gram Raw(Chholia),Other,FAQ,2013-10-16 00:00:00,7000.0,8500.0,7750.0,359
Gujarat,Surat,Vyra,Gram Raw(Chholia),Other,FAQ,2013-10-21 00:00:00,5000.0,6000.0,5500.0,359
Gujarat,Surat,Vyra,Gram Raw(Chholia),Other,FAQ,2013-10-23 00:00:00,5000.0,6500.0,5750.0,359
Gujarat,Surat,Vyra,Gram Raw(Chholia),Other,FAQ,2013-10-24 00:00:00,5000.0,6000.0,5500.0,359
Gujarat,Surat,Vyra,Gram Raw(Chholia),Other,FAQ,2013-10-25 00:00:00,5000.0,5500.0,5250.0,359
Gujarat,Surat,Vyra,Gram Raw(Chholia),Other,FAQ,2013-10-26 00:00:00,5000.0,6000.0,5500.0,359
Gujarat,Surat,Vyra,Gram Raw(Chholia),Other,FAQ,2013-10-28 00:00:00,4500.0,5000.0,4750.0,359
Gujarat,Surat,Vyra,Gram Raw(Chholia),Other,FAQ,2013-11-13 00:00:00,2500.0,4000.0,3250.0,359
Gujarat,Surat,Vyra,Gram Raw(Chholia),Other,FAQ,2013-11-28 00:00:00,2000.0,2500.0,2250.0,359
Gujarat,Surat,Vyra,Gram Raw(Chholia),Other,FAQ,2013-12-03 00:00:00,1600.0,2500.0,2050.0,359
Gujarat,Surat,Vyra,Gram Raw(Chholia),Other,FAQ,2013-12-05 00:00:00,1750.0,2250.0,2000.0,359
Gujarat,Surat,Vyra,Gram Raw(Chholia),Other,FAQ,2013-12-10 00:00:00,1500.0,2000.0,1750.0,359
Gujarat,Surat,Vyra,Gram Raw(Chholia),Other,FAQ,2013-12-14 00:00:00,2000.0,3300.0,2650.0,359
Gujarat,Surat,Vyra,Gram Raw(Chholia),Other,FAQ,2013-12-24 00:00:00,1200.0,2200.0,1700.0,359
Gujarat,Surat,Vyra,Gram Raw(Chholia),Other,FAQ,2013-12-28 00:00:00,1000.0,1500.0,1250.0,359
Gujarat,Surat,Vyra,Gram Raw(Chholia),Other,FAQ,2013-12-30 00:00:00,1500.0,2500.0,2000.0,359
Gujarat,Vadodara(Baroda),Vadodara(Sayajipura),Gram Raw(Chholia),Other,FAQ,2013-01-03 00:00:00,1500.0,2000.0,1800.0,359
Gujarat,Vadodara(Baroda),Vadodara(Sayajipura),Gram Raw(Chholia),Other,FAQ,2013-01-07 00:00:00,1500.0,2200.0,1875.0,359
Gujarat,Vadodara(Baroda),Vadodara(Sayajipura),Gram Raw(Chholia),Other,FAQ,2013-01-20 00:00:00,1250.0,1750.0,1550.0,359
Gujarat,Vadodara(Baroda),Vadodara(Sayajipura),Gram Raw(Chholia),Other,FAQ,2013-01-30 00:00:00,2000.0,2750.0,2500.0,359
Gujarat,Vadodara(Baroda),Vadodara(Sayajipura),Gram Raw(Chholia),Other,FAQ,2013-02-07 00:00:00,1750.0,2500.0,2150.0,359
Gujarat,Vadodara(Baroda),Vadodara(Sayajipura),Gram Raw(Chholia),Other,FAQ,2013-02-17 00:00:00,2000.0,2500.0,2300.0,359
Gujarat,Vadodara(Baroda),Vadodara(Sayajipura),Gram Raw(Chholia),Other,FAQ,2013-02-20 00:00:00,1500.0,2500.0,2075.0,359
Gujarat,Vadodara(Baroda),Vadodara(Sayajipura),Gram Raw(Chholia),Other,FAQ,2013-03-08 00:00:00,2000.0,2250.0,2150.0,359
Gujarat,Vadodara(Baroda),Vadodara(Sayajipura),Gram Raw(Chholia),Other,FAQ,2013-03-18 00:00:00,2000.0,2750.0,2400.0,359
Gujarat,Vadodara(Baroda),Vadodara(Sayajipura),Gram Raw(Chholia),Other,FAQ,2013-03-29 00:00:00,1500.0,2250.0,2000.0,359
Gujarat,Vadodara(Baroda),Vadodara(Sayajipura),Gram Raw(Chholia),Other,FAQ,2013-04-03 00:00:00,2000.0,2500.0,2250.0,359
Gujarat,Vadodara(Baroda),Vadodara(Sayajipura),Gram Raw(Chholia),Other,FAQ,2013-04-08 00:00:00,2000.0,2750.0,2500.0,359
Gujarat,Vadodara(Baroda),Vadodara(Sayajipura),Gram Raw(Chholia),Other,FAQ,2013-04-09 00:00:00,2000.0,3000.0,2625.0,359
Gujarat,Vadodara(Baroda),Vadodara(Sayajipura),Gram Raw(Chholia),Other,FAQ,2013-04-15 00:00:00,2000.0,2500.0,2300.0,359
Gujarat,Vadodara(Baroda),Vadodara(Sayajipura),Gram Raw(Chholia),Other,FAQ,2013-04-25 00:00:00,1500.0,2250.0,1900.0,359
Gujarat,Vadodara(Baroda),Vadodara(Sayajipura),Gram Raw(Chholia),Other,FAQ,2013-05-01 00:00:00,2000.0,3000.0,2550.0,359
Gujarat,Vadodara(Baroda),Vadodara(Sayajipura),Gram Raw(Chholia),Other,FAQ,2013-05-03 00:00:00,2000.0,2500.0,2300.0,359
Gujarat,Vadodara(Baroda),Vadodara(Sayajipura),Gram Raw(Chholia),Other,FAQ,2013-05-05 00:00:00,2000.0,3000.0,2550.0,359
Gujarat,Vadodara(Baroda),Vadodara(Sayajipura),Gram Raw(Chholia),Other,FAQ,2013-05-21 00:00:00,1400.0,1800.0,1675.0,359
Gujarat,Vadodara(Baroda),Vadodara(Sayajipura),Gram Raw(Chholia),Other,FAQ,2013-05-23 00:00:00,1500.0,2250.0,2000.0,359
Gujarat,Vadodara(Baroda),Vadodara(Sayajipura),Gram Raw(Chholia),Other,FAQ,2013-05-24 00:00:00,1500.0,2500.0,2125.0,359
Gujarat,Vadodara(Baroda),Vadodara(Sayajipura),Gram Raw(Chholia),Other,FAQ,2013-05-29 00:00:00,2000.0,2500.0,2325.0,359
Gujarat,Vadodara(Baroda),Vadodara(Sayajipura),Gram Raw(Chholia),Other,FAQ,2013-06-05 00:00:00,1750.0,2500.0,2150.0,359
Gujarat,Vadodara(Baroda),Vadodara(Sayajipura),Gram Raw(Chholia),Other,FAQ,2013-06-07 00:00:00,2000.0,2300.0,2200.0,359
Gujarat,Vadodara(Baroda),Vadodara(Sayajipura),Gram Raw(Chholia),Other,FAQ,2013-06-12 00:00:00,1500.0,2500.0,2125.0,359
Gujarat,Vadodara(Baroda),Vadodara(Sayajipura),Gram Raw(Chholia),Other,FAQ,2013-06-16 00:00:00,2000.0,3000.0,2550.0,359
Gujarat,Vadodara(Baroda),Vadodara(Sayajipura),Gram Raw(Chholia),Other,FAQ,2013-06-19 00:00:00,2500.0,3000.0,2825.0,359
Gujarat,Vadodara(Baroda),Vadodara(Sayajipura),Gram Raw(Chholia),Other,FAQ,2013-06-20 00:00:00,2000.0,3000.0,2625.0,359
Gujarat,Vadodara(Baroda),Vadodara(Sayajipura),Gram Raw(Chholia),Other,FAQ,2013-06-23 00:00:00,2000.0,3000.0,2550.0,359
Gujarat,Vadodara(Baroda),Vadodara(Sayajipura),Gram Raw(Chholia),Other,FAQ,2013-07-11 00:00:00,2500.0,3000.0,2800.0,359
Gujarat,Vadodara(Baroda),Vadodara(Sayajipura),Gram Raw(Chholia),Other,FAQ,2013-07-16 00:00:00,2000.0,3000.0,2575.0,359
Gujarat,Vadodara(Baroda),Vadodara(Sayajipura),Gram Raw(Chholia),Other,FAQ,2013-07-23 00:00:00,2500.0,3000.0,2775.0,359
Gujarat,Vadodara(Baroda),Vadodara(Sayajipura),Gram Raw(Chholia),Other,FAQ,2013-08-07 00:00:00,2500.0,4000.0,3325.0,359
Gujarat,Vadodara(Baroda),Vadodara(Sayajipura),Gram Raw(Chholia),Other,FAQ,2013-08-18 00:00:00,2500.0,3250.0,2925.0,359
Gujarat,Vadodara(Baroda),Vadodara(Sayajipura),Gram Raw(Chholia),Other,FAQ,2013-08-19 00:00:00,2500.0,3250.0,2925.0,359
Gujarat,Vadodara(Baroda),Vadodara(Sayajipura),Gram Raw(Chholia),Other,FAQ,2013-08-23 00:00:00,2250.0,3000.0,2650.0,359
Gujarat,Vadodara(Baroda),Vadodara(Sayajipura),Gram Raw(Chholia),Other,FAQ,2013-09-08 00:00:00,1000.0,1500.0,1300.0,359
Gujarat,Vadodara(Baroda),Vadodara(Sayajipura),Gram Raw(Chholia),Other,FAQ,2013-09-20 00:00:00,1500.0,2000.0,1825.0,359
Gujarat,Vadodara(Baroda),Vadodara(Sayajipura),Gram Raw(Chholia),Other,FAQ,2013-09-24 00:00:00,1500.0,2000.0,1825.0,359
Gujarat,Vadodara(Baroda),Vadodara(Sayajipura),Gram Raw(Chholia),Other,FAQ,2013-10-03 00:00:00,3000.0,4000.0,3550.0,359
Gujarat,Vadodara(Baroda),Vadodara(Sayajipura),Gram Raw(Chholia),Other,FAQ,2013-10-14 00:00:00,5000.0,6000.0,5625.0,359
Gujarat,Vadodara(Baroda),Vadodara(Sayajipura),Gram Raw(Chholia),Other,FAQ,2013-10-20 00:00:00,3000.0,4000.0,3550.0,359
Gujarat,Vadodara(Baroda),Vadodara(Sayajipura),Gram Raw(Chholia),Other,FAQ,2013-10-28 00:00:00,2500.0,3000.0,2775.0,359
Gujarat,Vadodara(Baroda),Vadodara(Sayajipura),Gram Raw(Chholia),Other,FAQ,2013-11-02 00:00:00,2500.0,3250.0,3000.0,359
Gujarat,Vadodara(Baroda),Vadodara(Sayajipura),Gram Raw(Chholia),Other,FAQ,2013-11-07 00:00:00,2000.0,2250.0,2150.0,359
Gujarat,Vadodara(Baroda),Vadodara(Sayajipura),Gram Raw(Chholia),Other,FAQ,2013-11-10 00:00:00,2000.0,2500.0,2275.0,359
Gujarat,Vadodara(Baroda),Vadodara(Sayajipura),Gram Raw(Chholia),Other,FAQ,2013-11-11 00:00:00,1500.0,2000.0,1800.0,359
Gujarat,Vadodara(Baroda),Vadodara(Sayajipura),Gram Raw(Chholia),Other,FAQ,2013-11-14 00:00:00,1750.0,2250.0,2050.0,359
Gujarat,Vadodara(Baroda),Vadodara(Sayajipura),Gram Raw(Chholia),Other,FAQ,2013-11-18 00:00:00,1500.0,2250.0,2000.0,359
Gujarat,Vadodara(Baroda),Vadodara(Sayajipura),Gram Raw(Chholia),Other,FAQ,2013-11-19 00:00:00,1500.0,2000.0,1800.0,359
Gujarat,Vadodara(Baroda),Vadodara(Sayajipura),Gram Raw(Chholia),Other,FAQ,2013-11-22 00:00:00,2250.0,2500.0,2400.0,359
Gujarat,Vadodara(Baroda),Vadodara(Sayajipura),Gram Raw(Chholia),Other,FAQ,2013-11-26 00:00:00,2000.0,2500.0,2275.0,359
Gujarat,Vadodara(Baroda),Vadodara(Sayajipura),Gram Raw(Chholia),Other,FAQ,2013-12-01 00:00:00,1500.0,1750.0,1675.0,359
Gujarat,Vadodara(Baroda),Vadodara(Sayajipura),Gram Raw(Chholia),Other,FAQ,2013-12-09 00:00:00,1500.0,1750.0,1650.0,359
Gujarat,Vadodara(Baroda),Vadodara(Sayajipura),Gram Raw(Chholia),Other,FAQ,2013-12-10 00:00:00,1500.0,1800.0,1700.0,359
Gujarat,Vadodara(Baroda),Vadodara(Sayajipura),Gram Raw(Chholia),Other,FAQ,2013-12-11 00:00:00,1500.0,1800.0,1700.0,359
Gujarat,Vadodara(Baroda),Vadodara(Sayajipura),Gram Raw(Chholia),Other,FAQ,2013-12-12 00:00:00,1750.0,2000.0,1900.0,359
Gujarat,Vadodara(Baroda),Vadodara(Sayajipura),Gram Raw(Chholia),Other,FAQ,2013-12-13 00:00:00,1700.0,2000.0,1875.0,359
Gujarat,Vadodara(Baroda),Vadodara(Sayajipura),Gram Raw(Chholia),Other,FAQ,2013-12-20 00:00:00,1500.0,2000.0,1800.0,359
Gujarat,Ahmedabad,Dholka,Gram Raw(Chholia),Other,FAQ,2010-06-11 00:00:00,2200.0,3000.0,2600.0,359
Gujarat,Ahmedabad,Dholka,Gram Raw(Chholia),Other,FAQ,2010-06-29 00:00:00,1500.0,2750.0,2000.0,359
Gujarat,Ahmedabad,Dholka,Gram Raw(Chholia),Other,FAQ,2010-07-22 00:00:00,750.0,1100.0,1000.0,359
Gujarat,Ahmedabad,Dholka,Gram Raw(Chholia),Other,FAQ,2010-08-04 00:00:00,1000.0,1750.0,1200.0,359
Gujarat,Ahmedabad,Dholka,Gram Raw(Chholia),Other,FAQ,2010-08-09 00:00:00,1400.0,1800.0,1650.0,359
Gujarat,Ahmedabad,Dholka,Gram Raw(Chholia),Other,FAQ,2010-08-14 00:00:00,1200.0,2750.0,2150.0,359
Gujarat,Ahmedabad,Dholka,Gram Raw(Chholia),Other,FAQ,2010-08-21 00:00:00,700.0,1100.0,950.0,359
Gujarat,Ahmedabad,Dholka,Gram Raw(Chholia),Other,FAQ,2010-09-14 00:00:00,2000.0,2250.0,2100.0,359
Gujarat,Ahmedabad,Dholka,Gram Raw(Chholia),Other,FAQ,2010-09-18 00:00:00,1200.0,1700.0,1500.0,359
Gujarat,Ahmedabad,Dholka,Gram Raw(Chholia),Other,FAQ,2010-10-06 00:00:00,750.0,1250.0,1000.0,359
Gujarat,Ahmedabad,Dholka,Gram Raw(Chholia),Other,FAQ,2010-10-07 00:00:00,600.0,1100.0,1000.0,359
Gujarat,Ahmedabad,Dholka,Gram Raw(Chholia),Other,FAQ,2010-10-18 00:00:00,750.0,1000.0,900.0,359
Gujarat,Ahmedabad,Dholka,Gram Raw(Chholia),Other,FAQ,2010-10-25 00:00:00,1500.0,1750.0,1600.0,359
Gujarat,Ahmedabad,Dholka,Gram Raw(Chholia),Other,FAQ,2010-10-26 00:00:00,1500.0,1750.0,1600.0,359
Gujarat,Ahmedabad,Dholka,Gram Raw(Chholia),Other,FAQ,2010-11-02 00:00:00,1500.0,2250.0,1800.0,359
Gujarat,Ahmedabad,Dholka,Gram Raw(Chholia),Other,FAQ,2010-11-03 00:00:00,2000.0,2250.0,2225.0,359
Gujarat,Ahmedabad,Dholka,Gram Raw(Chholia),Other,FAQ,2010-11-15 00:00:00,500.0,1000.0,750.0,359
Gujarat,Ahmedabad,Dholka,Gram Raw(Chholia),Other,FAQ,2010-11-22 00:00:00,900.0,1100.0,1000.0,359
Gujarat,Botad,Botad,Gram Raw(Chholia),Other,FAQ,2010-03-21 00:00:00,1300.0,2000.0,1650.0,359
Gujarat,Botad,Botad,Gram Raw(Chholia),Other,FAQ,2010-05-25 00:00:00,1300.0,2000.0,1650.0,359
Gujarat,Botad,Botad,Gram Raw(Chholia),Other,FAQ,2010-06-07 00:00:00,1000.0,3000.0,2000.0,359
Gujarat,Botad,Botad,Gram Raw(Chholia),Other,FAQ,2010-06-16 00:00:00,750.0,1500.0,1125.0,359
Gujarat,Botad,Botad,Gram Raw(Chholia),Other,FAQ,2010-06-23 00:00:00,1500.0,3000.0,2250.0,359
Gujarat,Botad,Botad,Gram Raw(Chholia),Other,FAQ,2010-07-06 00:00:00,1000.0,2500.0,1750.0,359
Gujarat,Botad,Botad,Gram Raw(Chholia),Other,FAQ,2010-07-15 00:00:00,1350.0,2000.0,1675.0,359
Gujarat,Botad,Botad,Gram Raw(Chholia),Other,FAQ,2010-07-20 00:00:00,850.0,2300.0,1575.0,359
Gujarat,Botad,Botad,Gram Raw(Chholia),Other,FAQ,2010-07-27 00:00:00,750.0,2000.0,1375.0,359
Gujarat,Botad,Botad,Gram Raw(Chholia),Other,FAQ,2010-08-06 00:00:00,750.0,2100.0,1425.0,359
Gujarat,Botad,Botad,Gram Raw(Chholia),Other,FAQ,2010-08-07 00:00:00,700.0,2000.0,1350.0,359
Gujarat,Botad,Botad,Gram Raw(Chholia),Other,FAQ,2010-08-15 00:00:00,350.0,1750.0,1050.0,359
Gujarat,Botad,Botad,Gram Raw(Chholia),Other,FAQ,2010-08-19 00:00:00,200.0,800.0,500.0,359
Gujarat,Botad,Botad,Gram Raw(Chholia),Other,FAQ,2010-08-22 00:00:00,250.0,850.0,550.0,359
Gujarat,Botad,Botad,Gram Raw(Chholia),Other,FAQ,2010-08-23 00:00:00,300.0,950.0,625.0,359
Gujarat,Botad,Botad,Gram Raw(Chholia),Other,FAQ,2010-08-26 00:00:00,250.0,1000.0,625.0,359
Gujarat,Botad,Botad,Gram Raw(Chholia),Other,FAQ,2010-09-05 00:00:00,300.0,750.0,525.0,359
Gujarat,Botad,Botad,Gram Raw(Chholia),Other,FAQ,2010-09-06 00:00:00,350.0,1000.0,675.0,359
Gujarat,Botad,Botad,Gram Raw(Chholia),Other,FAQ,2010-09-07 00:00:00,300.0,750.0,525.0,359
Gujarat,Botad,Botad,Gram Raw(Chholia),Other,FAQ,2010-09-11 00:00:00,250.0,1000.0,625.0,359
Gujarat,Botad,Botad,Gram Raw(Chholia),Other,FAQ,2010-09-14 00:00:00,500.0,1100.0,800.0,359
Gujarat,Botad,Botad,Gram Raw(Chholia),Other,FAQ,2010-09-19 00:00:00,750.0,2000.0,1375.0,359
Gujarat,Botad,Botad,Gram Raw(Chholia),Other,FAQ,2010-09-26 00:00:00,600.0,2250.0,1425.0,359
Gujarat,Botad,Botad,Gram Raw(Chholia),Other,FAQ,2010-09-28 00:00:00,1000.0,2000.0,1500.0,359
Gujarat,Botad,Botad,Gram Raw(Chholia),Other,FAQ,2010-10-02 00:00:00,1000.0,2000.0,1500.0,359
Gujarat,Botad,Botad,Gram Raw(Chholia),Other,FAQ,2010-10-24 00:00:00,750.0,2000.0,1375.0,359
Gujarat,Botad,Botad,Gram Raw(Chholia),Other,FAQ,2010-11-09 00:00:00,750.0,1500.0,1125.0,359
Gujarat,Botad,Botad,Gram Raw(Chholia),Other,FAQ,2010-11-22 00:00:00,750.0,2350.0,1550.0,359
Gujarat,Botad,Botad,Gram Raw(Chholia),Other,FAQ,2010-11-28 00:00:00,750.0,1750.0,1250.0,359
Gujarat,Botad,Botad,Gram Raw(Chholia),Other,FAQ,2010-11-29 00:00:00,800.0,1900.0,1350.0,359
Gujarat,Botad,Botad,Gram Raw(Chholia),Other,FAQ,2010-11-30 00:00:00,750.0,2000.0,1375.0,359
Gujarat,Vadodara(Baroda),Vadodara(Sayajipura),Gram Raw(Chholia),Other,FAQ,2010-01-02 00:00:00,300.0,750.0,600.0,359
Gujarat,Vadodara(Baroda),Vadodara(Sayajipura),Gram Raw(Chholia),Other,FAQ,2010-01-07 00:00:00,400.0,700.0,600.0,359
Gujarat,Vadodara(Baroda),Vadodara(Sayajipura),Gram Raw(Chholia),Other,FAQ,2010-01-11 00:00:00,450.0,600.0,525.0,359
Gujarat,Vadodara(Baroda),Vadodara(Sayajipura),Gram Raw(Chholia),Other,FAQ,2010-01-12 00:00:00,500.0,600.0,550.0,359
Gujarat,Vadodara(Baroda),Vadodara(Sayajipura),Gram Raw(Chholia),Other,FAQ,2010-01-13 00:00:00,300.0,500.0,400.0,359
Gujarat,Vadodara(Baroda),Vadodara(Sayajipura),Gram Raw(Chholia),Other,FAQ,2010-01-22 00:00:00,750.0,1000.0,850.0,359
Gujarat,Vadodara(Baroda),Vadodara(Sayajipura),Gram Raw(Chholia),Other,FAQ,2010-01-24 00:00:00,800.0,1250.0,1000.0,359
Gujarat,Vadodara(Baroda),Vadodara(Sayajipura),Gram Raw(Chholia),Other,FAQ,2010-01-26 00:00:00,1000.0,1200.0,1075.0,359
Gujarat,Vadodara(Baroda),Vadodara(Sayajipura),Gram Raw(Chholia),Other,FAQ,2010-01-29 00:00:00,800.0,1000.0,900.0,359
Gujarat,Vadodara(Baroda),Vadodara(Sayajipura),Gram Raw(Chholia),Other,FAQ,2010-02-09 00:00:00,700.0,1000.0,850.0,359
Gujarat,Vadodara(Baroda),Vadodara(Sayajipura),Gram Raw(Chholia),Other,FAQ,2010-02-10 00:00:00,650.0,900.0,750.0,359
Gujarat,Vadodara(Baroda),Vadodara(Sayajipura),Gram Raw(Chholia),Other,FAQ,2010-02-11 00:00:00,500.0,900.0,700.0,359
Gujarat,Vadodara(Baroda),Vadodara(Sayajipura),Gram Raw(Chholia),Other,FAQ,2010-02-20 00:00:00,700.0,1500.0,1100.0,359
Gujarat,Vadodara(Baroda),Vadodara(Sayajipura),Gram Raw(Chholia),Other,FAQ,2010-02-22 00:00:00,700.0,1400.0,1050.0,359
Gujarat,Vadodara(Baroda),Vadodara(Sayajipura),Gram Raw(Chholia),Other,FAQ,2010-02-23 00:00:00,800.0,1500.0,1150.0,359
Gujarat,Vadodara(Baroda),Vadodara(Sayajipura),Gram Raw(Chholia),Other,FAQ,2010-02-27 00:00:00,500.0,1000.0,750.0,359
Gujarat,Vadodara(Baroda),Vadodara(Sayajipura),Gram Raw(Chholia),Other,FAQ,2010-03-22 00:00:00,700.0,1000.0,875.0,359
Gujarat,Vadodara(Baroda),Vadodara(Sayajipura),Gram Raw(Chholia),Other,FAQ,2010-03-24 00:00:00,600.0,900.0,750.0,359
Gujarat,Vadodara(Baroda),Vadodara(Sayajipura),Gram Raw(Chholia),Other,FAQ,2010-03-27 00:00:00,400.0,600.0,500.0,359
Gujarat,Vadodara(Baroda),Vadodara(Sayajipura),Gram Raw(Chholia),Other,FAQ,2010-03-29 00:00:00,500.0,1200.0,900.0,359
Gujarat,Vadodara(Baroda),Vadodara(Sayajipura),Gram Raw(Chholia),Other,FAQ,2010-04-05 00:00:00,700.0,1250.0,975.0,359
Gujarat,Vadodara(Baroda),Vadodara(Sayajipura),Gram Raw(Chholia),Other,FAQ,2010-04-10 00:00:00,800.0,1200.0,1000.0,359
Gujarat,Vadodara(Baroda),Vadodara(Sayajipura),Gram Raw(Chholia),Other,FAQ,2010-04-12 00:00:00,900.0,1500.0,1225.0,359
Gujarat,Vadodara(Baroda),Vadodara(Sayajipura),Gram Raw(Chholia),Other,FAQ,2010-04-17 00:00:00,600.0,800.0,700.0,359
Gujarat,Vadodara(Baroda),Vadodara(Sayajipura),Gram Raw(Chholia),Other,FAQ,2010-05-01 00:00:00,1000.0,1600.0,1300.0,359
Gujarat,Vadodara(Baroda),Vadodara(Sayajipura),Gram Raw(Chholia),Other,FAQ,2010-05-02 00:00:00,1000.0,1750.0,1375.0,359
Gujarat,Vadodara(Baroda),Vadodara(Sayajipura),Gram Raw(Chholia),Other,FAQ,2010-05-04 00:00:00,750.0,2000.0,1400.0,359
Gujarat,Vadodara(Baroda),Vadodara(Sayajipura),Gram Raw(Chholia),Other,FAQ,2010-05-09 00:00:00,500.0,1600.0,1050.0,359
Gujarat,Vadodara(Baroda),Vadodara(Sayajipura),Gram Raw(Chholia),Other,FAQ,2010-05-10 00:00:00,800.0,1500.0,1150.0,359
Gujarat,Vadodara(Baroda),Vadodara(Sayajipura),Gram Raw(Chholia),Other,FAQ,2010-05-16 00:00:00,500.0,1300.0,1100.0,359
Gujarat,Vadodara(Baroda),Vadodara(Sayajipura),Gram Raw(Chholia),Other,FAQ,2010-05-18 00:00:00,700.0,1200.0,1000.0,359
Gujarat,Vadodara(Baroda),Vadodara(Sayajipura),Gram Raw(Chholia),Other,FAQ,2010-05-24 00:00:00,1000.0,1500.0,1250.0,359
Gujarat,Vadodara(Baroda),Vadodara(Sayajipura),Gram Raw(Chholia),Other,FAQ,2010-06-06 00:00:00,800.0,2750.0,1775.0,359
Gujarat,Vadodara(Baroda),Vadodara(Sayajipura),Gram Raw(Chholia),Other,FAQ,2010-06-16 00:00:00,900.0,2200.0,2050.0,359
Gujarat,Vadodara(Baroda),Vadodara(Sayajipura),Gram Raw(Chholia),Other,FAQ,2010-07-05 00:00:00,700.0,2500.0,1600.0,359
Gujarat,Vadodara(Baroda),Vadodara(Sayajipura),Gram Raw(Chholia),Other,FAQ,2010-07-12 00:00:00,1000.0,2500.0,1750.0,359
Gujarat,Vadodara(Baroda),Vadodara(Sayajipura),Gram Raw(Chholia),Other,FAQ,2010-07-16 00:00:00,400.0,1500.0,950.0,359
Gujarat,Vadodara(Baroda),Vadodara(Sayajipura),Gram Raw(Chholia),Other,FAQ,2010-07-17 00:00:00,250.0,1500.0,875.0,359
Gujarat,Vadodara(Baroda),Vadodara(Sayajipura),Gram Raw(Chholia),Other,FAQ,2010-12-04 00:00:00,1000.0,1750.0,1375.0,359
Gujarat,Vadodara(Baroda),Vadodara(Sayajipura),Gram Raw(Chholia),Other,FAQ,2010-12-13 00:00:00,1000.0,2000.0,1550.0,359
Gujarat,Vadodara(Baroda),Vadodara(Sayajipura),Gram Raw(Chholia),Other,FAQ,2010-12-14 00:00:00,1500.0,2150.0,1825.0,359
Gujarat,Vadodara(Baroda),Vadodara(Sayajipura),Gram Raw(Chholia),Other,FAQ,2010-12-18 00:00:00,1600.0,2400.0,2000.0,359
Gujarat,Vadodara(Baroda),Vadodara(Sayajipura),Gram Raw(Chholia),Other,FAQ,2010-12-19 00:00:00,1500.0,2100.0,1800.0,359
Gujarat,Vadodara(Baroda),Vadodara(Sayajipura),Gram Raw(Chholia),Other,FAQ,2010-12-20 00:00:00,1600.0,2500.0,2100.0,359
Gujarat,Surat,Vyra,Gram Raw(Chholia),Other,FAQ,2014-09-29 00:00:00,1250.0,3000.0,2125.0,359
Gujarat,Surat,Vyra,Gram Raw(Chholia),Other,FAQ,2014-10-02 00:00:00,3500.0,4000.0,3750.0,359
Gujarat,Surat,Vyra,Gram Raw(Chholia),Other,FAQ,2014-10-07 00:00:00,2000.0,2500.0,2250.0,359
Gujarat,Surat,Vyra,Gram Raw(Chholia),Other,FAQ,2014-10-17 00:00:00,3000.0,4000.0,3500.0,359
Gujarat,Surat,Vyra,Gram Raw(Chholia),Other,FAQ,2014-10-29 00:00:00,2500.0,4500.0,3500.0,359
Gujarat,Surat,Vyra,Gram Raw(Chholia),Other,FAQ,2014-11-06 00:00:00,3125.0,4250.0,3685.0,359
Gujarat,Surat,Vyra,Gram Raw(Chholia),Other,FAQ,2014-11-12 00:00:00,3100.0,4000.0,3550.0,359
Gujarat,Surat,Vyra,Gram Raw(Chholia),Other,FAQ,2014-11-20 00:00:00,2500.0,2750.0,2625.0,359
Gujarat,Surat,Vyra,Gram Raw(Chholia),Other,FAQ,2014-11-22 00:00:00,2250.0,3000.0,2625.0,359
Gujarat,Surat,Vyra,Gram Raw(Chholia),Other,FAQ,2014-12-01 00:00:00,2500.0,3250.0,2875.0,359
Gujarat,Surat,Vyra,Gram Raw(Chholia),Other,FAQ,2014-12-04 00:00:00,2750.0,3500.0,3125.0,359
Gujarat,Surat,Vyra,Gram Raw(Chholia),Other,FAQ,2014-12-08 00:00:00,3500.0,4000.0,3750.0,359
Gujarat,Surat,Vyra,Gram Raw(Chholia),Other,FAQ,2014-12-12 00:00:00,3500.0,4000.0,3750.0,359
Gujarat,Vadodara(Baroda),Vadodara(Sayajipura),Gram Raw(Chholia),Other,FAQ,2014-01-02 00:00:00,1500.0,2000.0,1800.0,359
Gujarat,Vadodara(Baroda),Vadodara(Sayajipura),Gram Raw(Chholia),Other,FAQ,2014-01-03 00:00:00,1500.0,2250.0,1900.0,359
Gujarat,Vadodara(Baroda),Vadodara(Sayajipura),Gram Raw(Chholia),Other,FAQ,2014-01-06 00:00:00,2000.0,2250.0,2150.0,359
Gujarat,Vadodara(Baroda),Vadodara(Sayajipura),Gram Raw(Chholia),Other,FAQ,2014-01-13 00:00:00,1500.0,2000.0,1800.0,359
Gujarat,Vadodara(Baroda),Vadodara(Sayajipura),Gram Raw(Chholia),Other,FAQ,2014-02-03 00:00:00,1750.0,2000.0,1900.0,359
Gujarat,Vadodara(Baroda),Vadodara(Sayajipura),Gram Raw(Chholia),Other,FAQ,2014-02-07 00:00:00,2000.0,2250.0,2150.0,359
Gujarat,Vadodara(Baroda),Vadodara(Sayajipura),Gram Raw(Chholia),Other,FAQ,2014-02-09 00:00:00,2000.0,2250.0,2150.0,359
Gujarat,Vadodara(Baroda),Vadodara(Sayajipura),Gram Raw(Chholia),Other,FAQ,2014-02-10 00:00:00,2000.0,2250.0,2150.0,359
Gujarat,Vadodara(Baroda),Vadodara(Sayajipura),Gram Raw(Chholia),Other,FAQ,2014-02-11 00:00:00,2000.0,2500.0,2300.0,359
Gujarat,Vadodara(Baroda),Vadodara(Sayajipura),Gram Raw(Chholia),Other,FAQ,2014-02-22 00:00:00,2000.0,2500.0,2300.0,359
Gujarat,Vadodara(Baroda),Vadodara(Sayajipura),Gram Raw(Chholia),Other,FAQ,2014-03-07 00:00:00,2000.0,2500.0,2275.0,359
Gujarat,Vadodara(Baroda),Vadodara(Sayajipura),Gram Raw(Chholia),Other,FAQ,2014-03-08 00:00:00,2000.0,2500.0,2275.0,359
Gujarat,Vadodara(Baroda),Vadodara(Sayajipura),Gram Raw(Chholia),Other,FAQ,2014-03-19 00:00:00,1000.0,2000.0,1575.0,359
Gujarat,Vadodara(Baroda),Vadodara(Sayajipura),Gram Raw(Chholia),Other,FAQ,2014-03-21 00:00:00,1500.0,2000.0,1800.0,359
Gujarat,Vadodara(Baroda),Vadodara(Sayajipura),Gram Raw(Chholia),Other,FAQ,2014-03-22 00:00:00,1500.0,2000.0,1750.0,359
Gujarat,Vadodara(Baroda),Vadodara(Sayajipura),Gram Raw(Chholia),Other,FAQ,2014-03-24 00:00:00,1500.0,2500.0,2075.0,359
Gujarat,Vadodara(Baroda),Vadodara(Sayajipura),Gram Raw(Chholia),Other,FAQ,2014-03-25 00:00:00,1500.0,2500.0,2025.0,359
Gujarat,Vadodara(Baroda),Vadodara(Sayajipura),Gram Raw(Chholia),Other,FAQ,2014-04-04 00:00:00,2000.0,2500.0,2250.0,359
Gujarat,Vadodara(Baroda),Vadodara(Sayajipura),Gram Raw(Chholia),Other,FAQ,2014-04-06 00:00:00,2000.0,2500.0,2300.0,359
Gujarat,Vadodara(Baroda),Vadodara(Sayajipura),Gram Raw(Chholia),Other,FAQ,2014-04-12 00:00:00,2000.0,3000.0,2575.0,359
Gujarat,Vadodara(Baroda),Vadodara(Sayajipura),Gram Raw(Chholia),Other,FAQ,2014-04-13 00:00:00,2000.0,3000.0,2550.0,359
Gujarat,Vadodara(Baroda),Vadodara(Sayajipura),Gram Raw(Chholia),Other,FAQ,2014-04-14 00:00:00,2000.0,3000.0,2550.0,359
Gujarat,Vadodara(Baroda),Vadodara(Sayajipura),Gram Raw(Chholia),Other,FAQ,2014-04-17 00:00:00,2000.0,3000.0,2575.0,359
Gujarat,Vadodara(Baroda),Vadodara(Sayajipura),Gram Raw(Chholia),Other,FAQ,2014-04-28 00:00:00,1750.0,2000.0,1925.0,359
Gujarat,Vadodara(Baroda),Vadodara(Sayajipura),Gram Raw(Chholia),Other,FAQ,2014-05-03 00:00:00,1750.0,2250.0,2050.0,359
Gujarat,Vadodara(Baroda),Vadodara(Sayajipura),Gram Raw(Chholia),Other,FAQ,2014-05-06 00:00:00,1500.0,2000.0,1800.0,359
Gujarat,Vadodara(Baroda),Vadodara(Sayajipura),Gram Raw(Chholia),Other,FAQ,2014-05-13 00:00:00,1200.0,1500.0,1425.0,359
Gujarat,Vadodara(Baroda),Vadodara(Sayajipura),Gram Raw(Chholia),Other,FAQ,2014-05-17 00:00:00,1100.0,1700.0,1450.0,359
Gujarat,Vadodara(Baroda),Vadodara(Sayajipura),Gram Raw(Chholia),Other,FAQ,2014-05-20 00:00:00,1000.0,1300.0,1175.0,359
Gujarat,Vadodara(Baroda),Vadodara(Sayajipura),Gram Raw(Chholia),Other,FAQ,2014-05-23 00:00:00,900.0,1200.0,1100.0,359
Gujarat,Vadodara(Baroda),Vadodara(Sayajipura),Gram Raw(Chholia),Other,FAQ,2014-05-26 00:00:00,1000.0,1200.0,1150.0,359
Gujarat,Vadodara(Baroda),Vadodara(Sayajipura),Gram Raw(Chholia),Other,FAQ,2014-05-27 00:00:00,1000.0,1300.0,1200.0,359
Gujarat,Vadodara(Baroda),Vadodara(Sayajipura),Gram Raw(Chholia),Other,FAQ,2014-05-31 00:00:00,1000.0,1200.0,1150.0,359
Gujarat,Vadodara(Baroda),Vadodara(Sayajipura),Gram Raw(Chholia),Other,FAQ,2014-06-01 00:00:00,800.0,1250.0,1075.0,359
Gujarat,Vadodara(Baroda),Vadodara(Sayajipura),Gram Raw(Chholia),Other,FAQ,2014-06-02 00:00:00,800.0,1200.0,1075.0,359
Gujarat,Vadodara(Baroda),Vadodara(Sayajipura),Gram Raw(Chholia),Other,FAQ,2014-06-10 00:00:00,2000.0,2500.0,2275.0,359
Gujarat,Vadodara(Baroda),Vadodara(Sayajipura),Gram Raw(Chholia),Other,FAQ,2014-06-15 00:00:00,1500.0,2000.0,1800.0,359
Gujarat,Vadodara(Baroda),Vadodara(Sayajipura),Gram Raw(Chholia),Other,FAQ,2014-06-22 00:00:00,2000.0,2750.0,2425.0,359
Gujarat,Vadodara(Baroda),Vadodara(Sayajipura),Gram Raw(Chholia),Other,FAQ,2014-06-25 00:00:00,1250.0,1750.0,1575.0,359
Gujarat,Vadodara(Baroda),Vadodara(Sayajipura),Gram Raw(Chholia),Other,FAQ,2014-07-12 00:00:00,2000.0,3000.0,2525.0,359
Gujarat,Vadodara(Baroda),Vadodara(Sayajipura),Gram Raw(Chholia),Other,FAQ,2014-07-16 00:00:00,1500.0,1750.0,1675.0,359
Gujarat,Vadodara(Baroda),Vadodara(Sayajipura),Gram Raw(Chholia),Other,FAQ,2014-07-17 00:00:00,1500.0,2000.0,1800.0,359
Gujarat,Vadodara(Baroda),Vadodara(Sayajipura),Gram Raw(Chholia),Other,FAQ,2014-07-18 00:00:00,1500.0,2000.0,1825.0,359
Gujarat,Vadodara(Baroda),Vadodara(Sayajipura),Gram Raw(Chholia),Other,FAQ,2014-08-09 00:00:00,2500.0,3500.0,3075.0,359
Gujarat,Vadodara(Baroda),Vadodara(Sayajipura),Gram Raw(Chholia),Other,FAQ,2014-08-19 00:00:00,2000.0,2500.0,2325.0,359
Gujarat,Vadodara(Baroda),Vadodara(Sayajipura),Gram Raw(Chholia),Other,FAQ,2014-09-02 00:00:00,1000.0,1500.0,1300.0,359
Gujarat,Vadodara(Baroda),Vadodara(Sayajipura),Gram Raw(Chholia),Other,FAQ,2014-09-04 00:00:00,1000.0,1500.0,1300.0,359
Gujarat,Vadodara(Baroda),Vadodara(Sayajipura),Gram Raw(Chholia),Other,FAQ,2014-09-06 00:00:00,1000.0,1750.0,1450.0,359
Gujarat,Vadodara(Baroda),Vadodara(Sayajipura),Gram Raw(Chholia),Other,FAQ,2014-09-07 00:00:00,1000.0,1750.0,1450.0,359
Gujarat,Vadodara(Baroda),Vadodara(Sayajipura),Gram Raw(Chholia),Other,FAQ,2014-09-14 00:00:00,1500.0,2500.0,2025.0,359
Gujarat,Vadodara(Baroda),Vadodara(Sayajipura),Gram Raw(Chholia),Other,FAQ,2014-09-16 00:00:00,4000.0,5000.0,4550.0,359
Gujarat,Vadodara(Baroda),Vadodara(Sayajipura),Gram Raw(Chholia),Other,FAQ,2014-09-17 00:00:00,4000.0,5000.0,4575.0,359
Gujarat,Vadodara(Baroda),Vadodara(Sayajipura),Gram Raw(Chholia),Other,FAQ,2014-09-19 00:00:00,3500.0,4000.0,3775.0,359
Gujarat,Vadodara(Baroda),Vadodara(Sayajipura),Gram Raw(Chholia),Other,FAQ,2014-09-22 00:00:00,3000.0,3500.0,3300.0,359
Gujarat,Vadodara(Baroda),Vadodara(Sayajipura),Gram Raw(Chholia),Other,FAQ,2014-09-26 00:00:00,2500.0,3000.0,2775.0,359
Gujarat,Vadodara(Baroda),Vadodara(Sayajipura),Gram Raw(Chholia),Other,FAQ,2014-09-28 00:00:00,2500.0,3000.0,2800.0,359
Gujarat,Vadodara(Baroda),Vadodara(Sayajipura),Gram Raw(Chholia),Other,FAQ,2014-10-01 00:00:00,2000.0,2500.0,2300.0,359
Gujarat,Vadodara(Baroda),Vadodara(Sayajipura),Gram Raw(Chholia),Other,FAQ,2014-10-02 00:00:00,2000.0,2500.0,2300.0,359
Gujarat,Vadodara(Baroda),Vadodara(Sayajipura),Gram Raw(Chholia),Other,FAQ,2014-10-05 00:00:00,2000.0,2500.0,2300.0,359
Gujarat,Vadodara(Baroda),Vadodara(Sayajipura),Gram Raw(Chholia),Other,FAQ,2014-10-28 00:00:00,1000.0,2000.0,1600.0,359
Gujarat,Vadodara(Baroda),Vadodara(Sayajipura),Gram Raw(Chholia),Other,FAQ,2014-11-07 00:00:00,2000.0,2500.0,2300.0,359
Gujarat,Vadodara(Baroda),Vadodara(Sayajipura),Gram Raw(Chholia),Other,FAQ,2014-11-08 00:00:00,2000.0,2500.0,2300.0,359
Gujarat,Vadodara(Baroda),Vadodara(Sayajipura),Gram Raw(Chholia),Other,FAQ,2014-11-16 00:00:00,1000.0,1500.0,1275.0,359
Gujarat,Vadodara(Baroda),Vadodara(Sayajipura),Gram Raw(Chholia),Other,FAQ,2014-11-26 00:00:00,3500.0,4000.0,3800.0,359
Gujarat,Vadodara(Baroda),Vadodara(Sayajipura),Gram Raw(Chholia),Other,FAQ,2014-12-01 00:00:00,1500.0,2000.0,1800.0,359
Gujarat,Vadodara(Baroda),Vadodara(Sayajipura),Gram Raw(Chholia),Other,FAQ,2014-12-18 00:00:00,2000.0,2500.0,2300.0,359
Gujarat,Vadodara(Baroda),Vadodara(Sayajipura),Gram Raw(Chholia),Other,FAQ,2014-12-30 00:00:00,2500.0,3000.0,2800.0,359
Gujarat,Ahmedabad,Dholka(Market Yard Veg),Gram Raw(Chholia),Other,FAQ,2014-04-21 00:00:00,2250.0,2500.0,2300.0,359
Gujarat,Ahmedabad,Dholka(Market Yard Veg),Gram Raw(Chholia),Other,FAQ,2014-05-30 00:00:00,1500.0,2000.0,1800.0,359
Gujarat,Ahmedabad,Dholka(Market Yard Veg),Gram Raw(Chholia),Other,FAQ,2014-06-19 00:00:00,1000.0,2000.0,1750.0,359
Gujarat,Ahmedabad,Dholka(Market Yard Veg),Gram Raw(Chholia),Other,FAQ,2014-07-04 00:00:00,1500.0,2000.0,1750.0,359
Gujarat,Ahmedabad,Dholka(Market Yard Veg),Gram Raw(Chholia),Other,FAQ,2014-07-10 00:00:00,1500.0,2000.0,1800.0,359
Gujarat,Ahmedabad,Dholka(Market Yard Veg),Gram Raw(Chholia),Other,FAQ,2014-07-31 00:00:00,1500.0,2500.0,2100.0,359
Gujarat,Ahmedabad,Dholka(Market Yard Veg),Gram Raw(Chholia),Other,FAQ,2014-08-05 00:00:00,1500.0,2500.0,2100.0,359
Gujarat,Ahmedabad,Dholka(Market Yard Veg),Gram Raw(Chholia),Other,FAQ,2014-11-01 00:00:00,1500.0,2000.0,1800.0,359
Gujarat,Banaskanth,Deesa(Deesa Veg Yard),Gram Raw(Chholia),Other,FAQ,2014-01-02 00:00:00,600.0,700.0,650.0,359
Gujarat,Banaskanth,Deesa(Deesa Veg Yard),Gram Raw(Chholia),Other,FAQ,2014-01-07 00:00:00,500.0,600.0,550.0,359
Gujarat,Banaskanth,Deesa(Deesa Veg Yard),Gram Raw(Chholia),Other,FAQ,2014-02-04 00:00:00,2500.0,3000.0,2750.0,359
Gujarat,Banaskanth,Deesa(Deesa Veg Yard),Gram Raw(Chholia),Other,FAQ,2014-02-28 00:00:00,3000.0,4000.0,3500.0,359
Gujarat,Banaskanth,Deesa(Deesa Veg Yard),Gram Raw(Chholia),Other,FAQ,2014-03-12 00:00:00,2000.0,2500.0,2250.0,359
Gujarat,Banaskanth,Deesa(Deesa Veg Yard),Gram Raw(Chholia),Other,FAQ,2014-03-15 00:00:00,2000.0,2500.0,2250.0,359
Gujarat,Banaskanth,Deesa(Deesa Veg Yard),Gram Raw(Chholia),Other,FAQ,2014-03-24 00:00:00,2500.0,3000.0,2750.0,359
Gujarat,Banaskanth,Deesa(Deesa Veg Yard),Gram Raw(Chholia),Other,FAQ,2014-06-05 00:00:00,2500.0,3000.0,2750.0,359
Gujarat,Banaskanth,Deesa(Deesa Veg Yard),Gram Raw(Chholia),Other,FAQ,2014-07-05 00:00:00,3000.0,4000.0,3500.0,359
Gujarat,Banaskanth,Deesa(Deesa Veg Yard),Gram Raw(Chholia),Other,FAQ,2014-07-10 00:00:00,3000.0,4000.0,3500.0,359
Gujarat,Banaskanth,Deesa(Deesa Veg Yard),Gram Raw(Chholia),Other,FAQ,2014-07-21 00:00:00,2500.0,5000.0,3750.0,359
Gujarat,Banaskanth,Deesa(Deesa Veg Yard),Gram Raw(Chholia),Other,FAQ,2014-07-31 00:00:00,4000.0,4900.0,4450.0,359
Gujarat,Banaskanth,Deesa(Deesa Veg Yard),Gram Raw(Chholia),Other,FAQ,2014-08-04 00:00:00,3000.0,3500.0,3250.0,359
Gujarat,Banaskanth,Deesa(Deesa Veg Yard),Gram Raw(Chholia),Other,FAQ,2014-08-08 00:00:00,3000.0,4000.0,3500.0,359
Gujarat,Banaskanth,Deesa(Deesa Veg Yard),Gram Raw(Chholia),Other,FAQ,2014-08-11 00:00:00,3000.0,4000.0,3500.0,359
Gujarat,Banaskanth,Deesa(Deesa Veg Yard),Gram Raw(Chholia),Other,FAQ,2014-08-28 00:00:00,1000.0,1500.0,1250.0,359
Gujarat,Banaskanth,Deesa(Deesa Veg Yard),Gram Raw(Chholia),Other,FAQ,2014-09-04 00:00:00,1000.0,2000.0,1500.0,359
Gujarat,Banaskanth,Deesa(Deesa Veg Yard),Gram Raw(Chholia),Other,FAQ,2014-09-06 00:00:00,1000.0,1800.0,1400.0,359
Gujarat,Banaskanth,Deesa(Deesa Veg Yard),Gram Raw(Chholia),Other,FAQ,2014-09-11 00:00:00,1500.0,2200.0,1850.0,359
Gujarat,Banaskanth,Deesa(Deesa Veg Yard),Gram Raw(Chholia),Other,FAQ,2014-09-15 00:00:00,2000.0,2500.0,2250.0,359
Gujarat,Banaskanth,Deesa(Deesa Veg Yard),Gram Raw(Chholia),Other,FAQ,2014-09-16 00:00:00,2500.0,3000.0,2750.0,359
Gujarat,Banaskanth,Deesa(Deesa Veg Yard),Gram Raw(Chholia),Other,FAQ,2014-09-18 00:00:00,2500.0,3000.0,2750.0,359
Gujarat,Banaskanth,Deesa(Deesa Veg Yard),Gram Raw(Chholia),Other,FAQ,2014-09-24 00:00:00,2500.0,2900.0,2700.0,359
Gujarat,Gandhinagar,Mansa,Gram Raw(Chholia),Other,FAQ,2014-08-12 00:00:00,5000.0,6500.0,6000.0,359
Gujarat,Gandhinagar,Mansa,Gram Raw(Chholia),Other,FAQ,2014-08-14 00:00:00,5000.0,5000.0,5000.0,359
Gujarat,Gandhinagar,Mansa(Manas Veg Yard),Gram Raw(Chholia),Other,FAQ,2014-06-18 00:00:00,3000.0,4000.0,3500.0,359
Gujarat,Gandhinagar,Mansa(Manas Veg Yard),Gram Raw(Chholia),Other,FAQ,2014-06-20 00:00:00,3000.0,4605.0,4000.0,359
Gujarat,Gandhinagar,Mansa(Manas Veg Yard),Gram Raw(Chholia),Other,FAQ,2014-06-23 00:00:00,2500.0,3000.0,2750.0,359
Gujarat,Gandhinagar,Mansa(Manas Veg Yard),Gram Raw(Chholia),Other,FAQ,2014-06-28 00:00:00,3000.0,3500.0,3400.0,359
Gujarat,Gandhinagar,Mansa(Manas Veg Yard),Gram Raw(Chholia),Other,FAQ,2014-07-07 00:00:00,2000.0,2500.0,2500.0,359
Gujarat,Gandhinagar,Mansa(Manas Veg Yard),Gram Raw(Chholia),Other,FAQ,2014-07-09 00:00:00,1750.0,2000.0,2000.0,359
Gujarat,Gandhinagar,Mansa(Manas Veg Yard),Gram Raw(Chholia),Other,FAQ,2014-07-19 00:00:00,2500.0,3500.0,3000.0,359
Gujarat,Gandhinagar,Mansa(Manas Veg Yard),Gram Raw(Chholia),Other,FAQ,2014-07-21 00:00:00,3000.0,4000.0,3500.0,359
Gujarat,Gandhinagar,Mansa(Manas Veg Yard),Gram Raw(Chholia),Other,FAQ,2014-08-12 00:00:00,5000.0,6500.0,6000.0,359
Gujarat,Gandhinagar,Mansa(Manas Veg Yard),Gram Raw(Chholia),Other,FAQ,2014-08-20 00:00:00,2500.0,3000.0,2500.0,359
Gujarat,Gandhinagar,Mansa(Manas Veg Yard),Gram Raw(Chholia),Other,FAQ,2014-08-21 00:00:00,3000.0,3000.0,3000.0,359
Gujarat,Gandhinagar,Mansa(Manas Veg Yard),Gram Raw(Chholia),Other,FAQ,2014-08-23 00:00:00,2500.0,2500.0,2500.0,359
Gujarat,Gandhinagar,Mansa(Manas Veg Yard),Gram Raw(Chholia),Other,FAQ,2014-08-26 00:00:00,1000.0,1200.0,1000.0,359
Gujarat,Gandhinagar,Mansa(Manas Veg Yard),Gram Raw(Chholia),Other,FAQ,2014-09-05 00:00:00,1000.0,1400.0,1300.0,359
Gujarat,Gandhinagar,Mansa(Manas Veg Yard),Gram Raw(Chholia),Other,FAQ,2014-09-06 00:00:00,1500.0,1750.0,1500.0,359
Gujarat,Gandhinagar,Mansa(Manas Veg Yard),Gram Raw(Chholia),Other,FAQ,2014-09-08 00:00:00,2500.0,3000.0,2750.0,359
Gujarat,Gandhinagar,Mansa(Manas Veg Yard),Gram Raw(Chholia),Other,FAQ,2014-09-13 00:00:00,3500.0,3500.0,3500.0,359
Gujarat,Gandhinagar,Mansa(Manas Veg Yard),Gram Raw(Chholia),Other,FAQ,2014-09-16 00:00:00,4000.0,4500.0,4000.0,359
Gujarat,Gandhinagar,Mansa(Manas Veg Yard),Gram Raw(Chholia),Other,FAQ,2014-09-20 00:00:00,4000.0,4500.0,4000.0,359
Gujarat,Sabarkantha,Prantij,Gram Raw(Chholia),Other,FAQ,2014-05-13 00:00:00,1250.0,1500.0,1375.0,359
Gujarat,Sabarkantha,Prantij,Gram Raw(Chholia),Other,FAQ,2014-05-17 00:00:00,1000.0,1250.0,1125.0,359
Gujarat,Sabarkantha,Prantij,Gram Raw(Chholia),Other,FAQ,2014-06-03 00:00:00,1000.0,1500.0,1250.0,359
Gujarat,Sabarkantha,Prantij,Gram Raw(Chholia),Other,FAQ,2014-07-17 00:00:00,1000.0,1500.0,1250.0,359
Gujarat,Sabarkantha,Prantij,Gram Raw(Chholia),Other,FAQ,2014-08-05 00:00:00,2500.0,3000.0,2750.0,359
Gujarat,Sabarkantha,Prantij,Gram Raw(Chholia),Other,FAQ,2014-08-14 00:00:00,3500.0,4000.0,3750.0,359
Gujarat,Sabarkantha,Prantij,Gram Raw(Chholia),Other,FAQ,2014-08-23 00:00:00,1000.0,1500.0,1250.0,359
Gujarat,Sabarkantha,Prantij,Gram Raw(Chholia),Other,FAQ,2014-08-26 00:00:00,500.0,1000.0,750.0,359
Gujarat,Surat,Vyra,Gram Raw(Chholia),Other,FAQ,2014-01-01 00:00:00,1000.0,2500.0,1750.0,359
Gujarat,Surat,Vyra,Gram Raw(Chholia),Other,FAQ,2014-01-20 00:00:00,1500.0,2000.0,1750.0,359
Gujarat,Surat,Vyra,Gram Raw(Chholia),Other,FAQ,2014-01-21 00:00:00,1000.0,2000.0,1500.0,359
Gujarat,Surat,Vyra,Gram Raw(Chholia),Other,FAQ,2014-01-23 00:00:00,1000.0,1500.0,1250.0,359
Gujarat,Surat,Vyra,Gram Raw(Chholia),Other,FAQ,2014-01-27 00:00:00,700.0,2000.0,1350.0,359
Gujarat,Surat,Vyra,Gram Raw(Chholia),Other,FAQ,2014-01-30 00:00:00,2250.0,2750.0,2500.0,359
Gujarat,Surat,Vyra,Gram Raw(Chholia),Other,FAQ,2014-02-03 00:00:00,1750.0,2750.0,2250.0,359
Gujarat,Surat,Vyra,Gram Raw(Chholia),Other,FAQ,2014-02-12 00:00:00,1000.0,2000.0,1500.0,359
Gujarat,Surat,Vyra,Gram Raw(Chholia),Other,FAQ,2014-03-24 00:00:00,1500.0,1800.0,1650.0,359
Gujarat,Surat,Vyra,Gram Raw(Chholia),Other,FAQ,2014-04-02 00:00:00,1250.0,2000.0,1625.0,359
Gujarat,Surat,Vyra,Gram Raw(Chholia),Other,FAQ,2014-04-07 00:00:00,1500.0,2000.0,1750.0,359
Gujarat,Surat,Vyra,Gram Raw(Chholia),Other,FAQ,2014-04-11 00:00:00,1500.0,2000.0,1750.0,359
Gujarat,Surat,Vyra,Gram Raw(Chholia),Other,FAQ,2014-04-12 00:00:00,1200.0,2000.0,1600.0,359
Gujarat,Surat,Vyra,Gram Raw(Chholia),Other,FAQ,2014-04-15 00:00:00,1000.0,1500.0,1250.0,359
Gujarat,Surat,Vyra,Gram Raw(Chholia),Other,FAQ,2014-04-16 00:00:00,1000.0,1500.0,1250.0,359
Gujarat,Surat,Vyra,Gram Raw(Chholia),Other,FAQ,2014-04-17 00:00:00,1400.0,1600.0,1500.0,359
Gujarat,Surat,Vyra,Gram Raw(Chholia),Other,FAQ,2014-04-21 00:00:00,1000.0,1750.0,1375.0,359
Gujarat,Surat,Vyra,Gram Raw(Chholia),Other,FAQ,2014-04-22 00:00:00,1000.0,2000.0,1500.0,359
Gujarat,Surat,Vyra,Gram Raw(Chholia),Other,FAQ,2014-05-10 00:00:00,1500.0,2250.0,1875.0,359
Gujarat,Surat,Vyra,Gram Raw(Chholia),Other,FAQ,2014-05-20 00:00:00,1250.0,1600.0,1425.0,359
Gujarat,Surat,Vyra,Gram Raw(Chholia),Other,FAQ,2014-05-21 00:00:00,1000.0,1700.0,1350.0,359
Gujarat,Surat,Vyra,Gram Raw(Chholia),Other,FAQ,2014-05-22 00:00:00,1250.0,1750.0,1500.0,359
Gujarat,Surat,Vyra,Gram Raw(Chholia),Other,FAQ,2014-05-24 00:00:00,1000.0,1750.0,1375.0,359
Gujarat,Surat,Vyra,Gram Raw(Chholia),Other,FAQ,2014-05-30 00:00:00,1200.0,2000.0,1600.0,359
Gujarat,Surat,Vyra,Gram Raw(Chholia),Other,FAQ,2014-05-31 00:00:00,1300.0,2000.0,1650.0,359
Gujarat,Surat,Vyra,Gram Raw(Chholia),Other,FAQ,2014-06-03 00:00:00,1600.0,2500.0,2050.0,359
Gujarat,Surat,Vyra,Gram Raw(Chholia),Other,FAQ,2014-06-11 00:00:00,3500.0,4000.0,3750.0,359
Gujarat,Surat,Vyra,Gram Raw(Chholia),Other,FAQ,2014-06-19 00:00:00,2500.0,4000.0,3250.0,359
Gujarat,Surat,Vyra,Gram Raw(Chholia),Other,FAQ,2014-06-24 00:00:00,2500.0,4500.0,3500.0,359
Gujarat,Surat,Vyra,Gram Raw(Chholia),Other,FAQ,2014-07-11 00:00:00,1500.0,3000.0,2250.0,359
Gujarat,Surat,Vyra,Gram Raw(Chholia),Other,FAQ,2014-07-26 00:00:00,3500.0,4500.0,4000.0,359
Gujarat,Surat,Vyra,Gram Raw(Chholia),Other,FAQ,2014-07-30 00:00:00,3000.0,3500.0,3250.0,359
Gujarat,Surat,Vyra,Gram Raw(Chholia),Other,FAQ,2014-08-06 00:00:00,3500.0,4250.0,3875.0,359
Gujarat,Surat,Vyra,Gram Raw(Chholia),Other,FAQ,2014-08-30 00:00:00,1500.0,4000.0,2750.0,359
Gujarat,Surat,Vyra,Gram Raw(Chholia),Other,FAQ,2014-09-13 00:00:00,4000.0,4250.0,4125.0,359
Gujarat,Surat,Vyra,Gram Raw(Chholia),Other,FAQ,2014-09-16 00:00:00,1750.0,5000.0,3375.0,359
Gujarat,Surat,Vyra,Gram Raw(Chholia),Other,FAQ,2014-09-22 00:00:00,3500.0,3750.0,3625.0,359
Gujarat,Banaskanth,Deesa(Deesa Veg Yard),Gram Raw(Chholia),Other,FAQ,2017-04-15 00:00:00,2000.0,3000.0,2500.0,359
Gujarat,Banaskanth,Deesa(Deesa Veg Yard),Gram Raw(Chholia),Other,FAQ,2017-05-01 00:00:00,3500.0,4000.0,3750.0,359
Gujarat,Banaskanth,Deesa(Deesa Veg Yard),Gram Raw(Chholia),Other,FAQ,2017-05-19 00:00:00,2000.0,3500.0,2750.0,359
Gujarat,Banaskanth,Deesa(Deesa Veg Yard),Gram Raw(Chholia),Other,FAQ,2017-05-31 00:00:00,2000.0,2500.0,2250.0,359
Gujarat,Banaskanth,Deesa(Deesa Veg Yard),Gram Raw(Chholia),Other,FAQ,2017-06-01 00:00:00,2000.0,3000.0,2500.0,359
Gujarat,Banaskanth,Deesa(Deesa Veg Yard),Gram Raw(Chholia),Other,FAQ,2017-06-13 00:00:00,2200.0,2600.0,2400.0,359
Gujarat,Banaskanth,Deesa(Deesa Veg Yard),Gram Raw(Chholia),Other,FAQ,2017-06-30 00:00:00,900.0,1900.0,1400.0,359
Gujarat,Banaskanth,Deesa(Deesa Veg Yard),Gram Raw(Chholia),Other,FAQ,2017-07-04 00:00:00,3000.0,4000.0,3500.0,359
Gujarat,Banaskanth,Deesa(Deesa Veg Yard),Gram Raw(Chholia),Other,FAQ,2017-08-11 00:00:00,3000.0,4000.0,3500.0,359
Gujarat,Banaskanth,Deesa(Deesa Veg Yard),Gram Raw(Chholia),Other,FAQ,2017-09-01 00:00:00,4000.0,4500.0,4250.0,359
Gujarat,Banaskanth,Deesa(Deesa Veg Yard),Gram Raw(Chholia),Other,FAQ,2017-09-04 00:00:00,4000.0,4500.0,4250.0,359
Gujarat,Banaskanth,Deesa(Deesa Veg Yard),Gram Raw(Chholia),Other,FAQ,2017-09-09 00:00:00,2500.0,3500.0,3000.0,359
Gujarat,Banaskanth,Deesa(Deesa Veg Yard),Gram Raw(Chholia),Other,FAQ,2017-09-11 00:00:00,2500.0,3500.0,3000.0,359
Gujarat,Banaskanth,Deesa(Deesa Veg Yard),Gram Raw(Chholia),Other,FAQ,2017-10-12 00:00:00,3500.0,4000.0,3750.0,359
Gujarat,Banaskanth,Deesa(Deesa Veg Yard),Gram Raw(Chholia),Other,FAQ,2017-10-25 00:00:00,3000.0,4000.0,3500.0,359
Gujarat,Banaskanth,Deesa(Deesa Veg Yard),Gram Raw(Chholia),Other,FAQ,2017-11-14 00:00:00,2500.0,3000.0,2750.0,359
Gujarat,Banaskanth,Deesa(Deesa Veg Yard),Gram Raw(Chholia),Other,FAQ,2017-12-01 00:00:00,2000.0,2600.0,2300.0,359
Gujarat,Surat,Vyra,Gram Raw(Chholia),Other,FAQ,2017-01-04 00:00:00,1000.0,1500.0,1250.0,359
Gujarat,Surat,Vyra,Gram Raw(Chholia),Other,FAQ,2017-01-10 00:00:00,1000.0,1500.0,1250.0,359
Gujarat,Surat,Vyra,Gram Raw(Chholia),Other,FAQ,2017-01-11 00:00:00,500.0,1000.0,750.0,359
Gujarat,Surat,Vyra,Gram Raw(Chholia),Other,FAQ,2017-01-17 00:00:00,1000.0,1500.0,1250.0,359
Gujarat,Surat,Vyra,Gram Raw(Chholia),Other,FAQ,2017-01-20 00:00:00,1000.0,1500.0,1250.0,359
Gujarat,Surat,Vyra,Gram Raw(Chholia),Other,FAQ,2017-01-23 00:00:00,1000.0,1500.0,1250.0,359
Gujarat,Surat,Vyra,Gram Raw(Chholia),Other,FAQ,2017-02-01 00:00:00,1000.0,1500.0,1250.0,359
Gujarat,Surat,Vyra,Gram Raw(Chholia),Other,FAQ,2017-02-02 00:00:00,1000.0,1500.0,1250.0,359
Gujarat,Surat,Vyra,Gram Raw(Chholia),Other,FAQ,2017-02-04 00:00:00,1000.0,1250.0,1125.0,359
Gujarat,Surat,Vyra,Gram Raw(Chholia),Other,FAQ,2017-02-14 00:00:00,1000.0,1500.0,1250.0,359
Gujarat,Surat,Vyra,Gram Raw(Chholia),Other,FAQ,2017-02-23 00:00:00,1000.0,1500.0,1250.0,359
Gujarat,Surat,Vyra,Gram Raw(Chholia),Other,FAQ,2017-02-24 00:00:00,1000.0,1500.0,1250.0,359
Gujarat,Surat,Vyra,Gram Raw(Chholia),Other,FAQ,2017-03-01 00:00:00,1000.0,1750.0,1375.0,359
Gujarat,Surat,Vyra,Gram Raw(Chholia),Other,FAQ,2017-03-14 00:00:00,2000.0,2500.0,2250.0,359
Gujarat,Surat,Vyra,Gram Raw(Chholia),Other,FAQ,2017-03-17 00:00:00,2000.0,2500.0,2250.0,359
Gujarat,Surat,Vyra,Gram Raw(Chholia),Other,FAQ,2017-03-25 00:00:00,1000.0,1500.0,1250.0,359
Gujarat,Surat,Vyra,Gram Raw(Chholia),Other,FAQ,2017-03-27 00:00:00,1500.0,2000.0,1750.0,359
Gujarat,Surat,Vyra,Gram Raw(Chholia),Other,FAQ,2017-04-01 00:00:00,1000.0,2500.0,1750.0,359
Gujarat,Surat,Vyra,Gram Raw(Chholia),Other,FAQ,2017-04-04 00:00:00,2250.0,2750.0,2500.0,359
Gujarat,Surat,Vyra,Gram Raw(Chholia),Other,FAQ,2017-04-17 00:00:00,3000.0,3500.0,3250.0,359
Gujarat,Surat,Vyra,Gram Raw(Chholia),Other,FAQ,2017-04-19 00:00:00,2500.0,3000.0,2750.0,359
Gujarat,Surat,Vyra,Gram Raw(Chholia),Other,FAQ,2017-04-20 00:00:00,2500.0,2750.0,2625.0,359
Gujarat,Surat,Vyra,Gram Raw(Chholia),Other,FAQ,2017-04-26 00:00:00,2250.0,2750.0,2500.0,359
Gujarat,Surat,Vyra,Gram Raw(Chholia),Other,FAQ,2017-05-04 00:00:00,2250.0,2750.0,2500.0,359
Gujarat,Surat,Vyra,Gram Raw(Chholia),Other,FAQ,2017-05-11 00:00:00,750.0,1250.0,1000.0,359
Gujarat,Surat,Vyra,Gram Raw(Chholia),Other,FAQ,2017-05-20 00:00:00,1000.0,1500.0,1250.0,359
Gujarat,Surat,Vyra,Gram Raw(Chholia),Other,FAQ,2017-05-23 00:00:00,2250.0,2750.0,2500.0,359
Gujarat,Surat,Vyra,Gram Raw(Chholia),Other,FAQ,2017-05-27 00:00:00,2000.0,3000.0,2500.0,359
Gujarat,Surat,Vyra,Gram Raw(Chholia),Other,FAQ,2017-05-30 00:00:00,2500.0,3000.0,2750.0,359
Gujarat,Surat,Vyra,Gram Raw(Chholia),Other,FAQ,2017-06-24 00:00:00,2000.0,3000.0,2500.0,359
Gujarat,Surat,Vyra,Gram Raw(Chholia),Other,FAQ,2017-07-07 00:00:00,3000.0,3500.0,3250.0,359
Gujarat,Surat,Vyra,Gram Raw(Chholia),Other,FAQ,2017-07-11 00:00:00,4000.0,4500.0,4250.0,359
Gujarat,Surat,Vyra,Gram Raw(Chholia),Other,FAQ,2017-07-18 00:00:00,2000.0,2500.0,2250.0,359
Gujarat,Surat,Vyra,Gram Raw(Chholia),Other,FAQ,2017-07-20 00:00:00,4000.0,5000.0,4500.0,359
Gujarat,Surat,Vyra,Gram Raw(Chholia),Other,FAQ,2017-07-26 00:00:00,2500.0,3500.0,3000.0,359
Gujarat,Surat,Vyra,Gram Raw(Chholia),Other,FAQ,2017-07-29 00:00:00,2500.0,3500.0,3000.0,359
Gujarat,Surat,Vyra,Gram Raw(Chholia),Other,FAQ,2017-08-01 00:00:00,2500.0,3500.0,3000.0,359
Gujarat,Surat,Vyra,Gram Raw(Chholia),Other,FAQ,2017-08-03 00:00:00,3500.0,4500.0,4000.0,359
Gujarat,Surat,Vyra,Gram Raw(Chholia),Other,FAQ,2017-08-05 00:00:00,3500.0,4000.0,3750.0,359
Gujarat,Surat,Vyra,Gram Raw(Chholia),Other,FAQ,2017-08-17 00:00:00,3000.0,3500.0,3250.0,359
Gujarat,Surat,Vyra,Gram Raw(Chholia),Other,FAQ,2017-08-19 00:00:00,2500.0,3000.0,2750.0,359
Gujarat,Surat,Vyra,Gram Raw(Chholia),Other,FAQ,2017-08-24 00:00:00,2500.0,3000.0,2750.0,359
Gujarat,Surat,Vyra,Gram Raw(Chholia),Other,FAQ,2017-09-04 00:00:00,2250.0,4250.0,3250.0,359
Gujarat,Surat,Vyra,Gram Raw(Chholia),Other,FAQ,2017-09-13 00:00:00,3500.0,5000.0,4250.0,359
Gujarat,Surat,Vyra,Gram Raw(Chholia),Other,FAQ,2017-10-03 00:00:00,500.0,5500.0,3000.0,359
Gujarat,Surat,Vyra,Gram Raw(Chholia),Other,FAQ,2017-10-26 00:00:00,4500.0,5500.0,5000.0,359
Gujarat,Surat,Vyra,Gram Raw(Chholia),Other,FAQ,2017-10-27 00:00:00,3000.0,4000.0,3500.0,359
Gujarat,Surat,Vyra,Gram Raw(Chholia),Other,FAQ,2017-11-03 00:00:00,3000.0,3750.0,3375.0,359
Gujarat,Surat,Vyra,Gram Raw(Chholia),Other,FAQ,2017-11-08 00:00:00,3000.0,4000.0,3500.0,359
Gujarat,Surat,Vyra,Gram Raw(Chholia),Other,FAQ,2017-11-13 00:00:00,2500.0,3250.0,2875.0,359
Gujarat,Surat,Vyra,Gram Raw(Chholia),Other,FAQ,2017-11-14 00:00:00,2000.0,3500.0,2750.0,359
Gujarat,Surat,Vyra,Gram Raw(Chholia),Other,FAQ,2017-11-21 00:00:00,2500.0,3500.0,3000.0,359
Gujarat,Surat,Vyra,Gram Raw(Chholia),Other,FAQ,2017-12-01 00:00:00,2250.0,3250.0,2750.0,359
Gujarat,Surat,Vyra,Gram Raw(Chholia),Other,FAQ,2017-12-15 00:00:00,1750.0,2250.0,2000.0,359
Gujarat,Vadodara(Baroda),Vadodara(Sayajipura),Gram Raw(Chholia),Other,FAQ,2017-01-01 00:00:00,1500.0,1750.0,1675.0,359
Gujarat,Vadodara(Baroda),Vadodara(Sayajipura),Gram Raw(Chholia),Other,FAQ,2017-01-04 00:00:00,800.0,1200.0,1050.0,359
Gujarat,Vadodara(Baroda),Vadodara(Sayajipura),Gram Raw(Chholia),Other,FAQ,2017-01-08 00:00:00,900.0,1200.0,1150.0,359
Gujarat,Vadodara(Baroda),Vadodara(Sayajipura),Gram Raw(Chholia),Other,FAQ,2017-01-12 00:00:00,1000.0,1500.0,1300.0,359
Gujarat,Vadodara(Baroda),Vadodara(Sayajipura),Gram Raw(Chholia),Other,FAQ,2017-01-18 00:00:00,2000.0,2500.0,2300.0,359
Gujarat,Vadodara(Baroda),Vadodara(Sayajipura),Gram Raw(Chholia),Other,FAQ,2017-01-20 00:00:00,2000.0,2500.0,2300.0,359
Gujarat,Vadodara(Baroda),Vadodara(Sayajipura),Gram Raw(Chholia),Other,FAQ,2017-02-01 00:00:00,2000.0,2500.0,2300.0,359
Gujarat,Vadodara(Baroda),Vadodara(Sayajipura),Gram Raw(Chholia),Other,FAQ,2017-02-11 00:00:00,1600.0,2250.0,1975.0,359
Gujarat,Vadodara(Baroda),Vadodara(Sayajipura),Gram Raw(Chholia),Other,FAQ,2017-02-13 00:00:00,2000.0,3000.0,2550.0,359
Gujarat,Vadodara(Baroda),Vadodara(Sayajipura),Gram Raw(Chholia),Other,FAQ,2017-02-15 00:00:00,2000.0,2500.0,2300.0,359
Gujarat,Vadodara(Baroda),Vadodara(Sayajipura),Gram Raw(Chholia),Other,FAQ,2017-02-21 00:00:00,2500.0,3000.0,2800.0,359
Gujarat,Vadodara(Baroda),Vadodara(Sayajipura),Gram Raw(Chholia),Other,FAQ,2017-03-08 00:00:00,2000.0,2500.0,2300.0,359
Gujarat,Vadodara(Baroda),Vadodara(Sayajipura),Gram Raw(Chholia),Other,FAQ,2017-03-10 00:00:00,1500.0,2000.0,1800.0,359
Gujarat,Vadodara(Baroda),Vadodara(Sayajipura),Gram Raw(Chholia),Other,FAQ,2017-03-11 00:00:00,2500.0,3000.0,2800.0,359
Gujarat,Vadodara(Baroda),Vadodara(Sayajipura),Gram Raw(Chholia),Other,FAQ,2017-03-14 00:00:00,2500.0,3000.0,2800.0,359
Gujarat,Vadodara(Baroda),Vadodara(Sayajipura),Gram Raw(Chholia),Other,FAQ,2017-03-15 00:00:00,2000.0,3000.0,2550.0,359
Gujarat,Vadodara(Baroda),Vadodara(Sayajipura),Gram Raw(Chholia),Other,FAQ,2017-03-19 00:00:00,2000.0,3000.0,2550.0,359
Gujarat,Vadodara(Baroda),Vadodara(Sayajipura),Gram Raw(Chholia),Other,FAQ,2017-03-20 00:00:00,2000.0,3000.0,2550.0,359
Gujarat,Vadodara(Baroda),Vadodara(Sayajipura),Gram Raw(Chholia),Other,FAQ,2017-03-23 00:00:00,2000.0,3000.0,2550.0,359
Gujarat,Vadodara(Baroda),Vadodara(Sayajipura),Gram Raw(Chholia),Other,FAQ,2017-03-24 00:00:00,2500.0,3000.0,2800.0,359
Gujarat,Vadodara(Baroda),Vadodara(Sayajipura),Gram Raw(Chholia),Other,FAQ,2017-03-26 00:00:00,2500.0,3000.0,2800.0,359
Gujarat,Vadodara(Baroda),Vadodara(Sayajipura),Gram Raw(Chholia),Other,FAQ,2017-04-02 00:00:00,2000.0,3000.0,2550.0,359
Gujarat,Vadodara(Baroda),Vadodara(Sayajipura),Gram Raw(Chholia),Other,FAQ,2017-04-13 00:00:00,5000.0,6000.0,5550.0,359
Gujarat,Vadodara(Baroda),Vadodara(Sayajipura),Gram Raw(Chholia),Other,FAQ,2017-04-14 00:00:00,4000.0,5000.0,4550.0,359
Gujarat,Vadodara(Baroda),Vadodara(Sayajipura),Gram Raw(Chholia),Other,FAQ,2017-04-17 00:00:00,2500.0,5000.0,3800.0,359
Gujarat,Vadodara(Baroda),Vadodara(Sayajipura),Gram Raw(Chholia),Other,FAQ,2017-04-19 00:00:00,4000.0,5000.0,4550.0,359
Gujarat,Vadodara(Baroda),Vadodara(Sayajipura),Gram Raw(Chholia),Other,FAQ,2017-04-22 00:00:00,2500.0,3500.0,3050.0,359
Gujarat,Vadodara(Baroda),Vadodara(Sayajipura),Gram Raw(Chholia),Other,FAQ,2017-05-07 00:00:00,2500.0,3000.0,2800.0,359
Gujarat,Vadodara(Baroda),Vadodara(Sayajipura),Gram Raw(Chholia),Other,FAQ,2017-05-08 00:00:00,1000.0,2500.0,1800.0,359
Gujarat,Vadodara(Baroda),Vadodara(Sayajipura),Gram Raw(Chholia),Other,FAQ,2017-05-10 00:00:00,1000.0,2000.0,1550.0,359
Gujarat,Vadodara(Baroda),Vadodara(Sayajipura),Gram Raw(Chholia),Other,FAQ,2017-05-12 00:00:00,1500.0,2000.0,1800.0,359
Gujarat,Vadodara(Baroda),Vadodara(Sayajipura),Gram Raw(Chholia),Other,FAQ,2017-05-14 00:00:00,1500.0,2000.0,1800.0,359
Gujarat,Vadodara(Baroda),Vadodara(Sayajipura),Gram Raw(Chholia),Other,FAQ,2017-05-18 00:00:00,1500.0,2000.0,1775.0,359
Gujarat,Vadodara(Baroda),Vadodara(Sayajipura),Gram Raw(Chholia),Other,FAQ,2017-05-22 00:00:00,1500.0,2000.0,1800.0,359
Gujarat,Vadodara(Baroda),Vadodara(Sayajipura),Gram Raw(Chholia),Other,FAQ,2017-05-29 00:00:00,2000.0,3000.0,2550.0,359
Gujarat,Vadodara(Baroda),Vadodara(Sayajipura),Gram Raw(Chholia),Other,FAQ,2017-06-01 00:00:00,2000.0,2500.0,2300.0,359
Gujarat,Vadodara(Baroda),Vadodara(Sayajipura),Gram Raw(Chholia),Other,FAQ,2017-06-04 00:00:00,2000.0,3500.0,2800.0,359
Gujarat,Vadodara(Baroda),Vadodara(Sayajipura),Gram Raw(Chholia),Other,FAQ,2017-06-06 00:00:00,2500.0,4500.0,3550.0,359
Gujarat,Vadodara(Baroda),Vadodara(Sayajipura),Gram Raw(Chholia),Other,FAQ,2017-06-09 00:00:00,3500.0,4500.0,4025.0,359
Gujarat,Vadodara(Baroda),Vadodara(Sayajipura),Gram Raw(Chholia),Other,FAQ,2017-06-21 00:00:00,2500.0,3000.0,2800.0,359
Gujarat,Vadodara(Baroda),Vadodara(Sayajipura),Gram Raw(Chholia),Other,FAQ,2017-07-16 00:00:00,1500.0,2000.0,1800.0,359
Gujarat,Vadodara(Baroda),Vadodara(Sayajipura),Gram Raw(Chholia),Other,FAQ,2017-07-20 00:00:00,2500.0,3000.0,2800.0,359
Gujarat,Vadodara(Baroda),Vadodara(Sayajipura),Gram Raw(Chholia),Other,FAQ,2017-07-24 00:00:00,1500.0,2750.0,2175.0,359
Gujarat,Vadodara(Baroda),Vadodara(Sayajipura),Gram Raw(Chholia),Other,FAQ,2017-08-01 00:00:00,4500.0,5000.0,4550.0,359
Gujarat,Vadodara(Baroda),Vadodara(Sayajipura),Gram Raw(Chholia),Other,FAQ,2017-08-03 00:00:00,5000.0,6000.0,5550.0,359
Gujarat,Vadodara(Baroda),Vadodara(Sayajipura),Gram Raw(Chholia),Other,FAQ,2017-08-06 00:00:00,4000.0,6000.0,5050.0,359
Gujarat,Vadodara(Baroda),Vadodara(Sayajipura),Gram Raw(Chholia),Other,FAQ,2017-08-10 00:00:00,4000.0,5000.0,4550.0,359
Gujarat,Vadodara(Baroda),Vadodara(Sayajipura),Gram Raw(Chholia),Other,FAQ,2017-08-14 00:00:00,3000.0,4000.0,3550.0,359
Gujarat,Vadodara(Baroda),Vadodara(Sayajipura),Gram Raw(Chholia),Other,FAQ,2017-08-28 00:00:00,1500.0,2000.0,1775.0,359
Gujarat,Vadodara(Baroda),Vadodara(Sayajipura),Gram Raw(Chholia),Other,FAQ,2017-08-30 00:00:00,2000.0,2500.0,2300.0,359
Gujarat,Vadodara(Baroda),Vadodara(Sayajipura),Gram Raw(Chholia),Other,FAQ,2017-09-01 00:00:00,2500.0,3500.0,3025.0,359
Gujarat,Vadodara(Baroda),Vadodara(Sayajipura),Gram Raw(Chholia),Other,FAQ,2017-09-03 00:00:00,2500.0,3000.0,2775.0,359
Gujarat,Vadodara(Baroda),Vadodara(Sayajipura),Gram Raw(Chholia),Other,FAQ,2017-09-13 00:00:00,2500.0,3500.0,3025.0,359
Gujarat,Vadodara(Baroda),Vadodara(Sayajipura),Gram Raw(Chholia),Other,FAQ,2017-09-18 00:00:00,3000.0,5000.0,4000.0,359
Gujarat,Vadodara(Baroda),Vadodara(Sayajipura),Gram Raw(Chholia),Other,FAQ,2017-09-25 00:00:00,3000.0,5500.0,4250.0,359
Gujarat,Vadodara(Baroda),Vadodara(Sayajipura),Gram Raw(Chholia),Other,FAQ,2017-10-18 00:00:00,2000.0,2500.0,2250.0,359
Gujarat,Vadodara(Baroda),Vadodara(Sayajipura),Gram Raw(Chholia),Other,FAQ,2017-10-28 00:00:00,2100.0,2600.0,2350.0,359
Gujarat,Vadodara(Baroda),Vadodara(Sayajipura),Gram Raw(Chholia),Other,FAQ,2017-10-30 00:00:00,2000.0,2250.0,2175.0,359
Gujarat,Vadodara(Baroda),Vadodara(Sayajipura),Gram Raw(Chholia),Other,FAQ,2017-11-02 00:00:00,1500.0,2000.0,1750.0,359
Gujarat,Vadodara(Baroda),Vadodara(Sayajipura),Gram Raw(Chholia),Other,FAQ,2017-11-06 00:00:00,1500.0,2500.0,2025.0,359
Gujarat,Vadodara(Baroda),Vadodara(Sayajipura),Gram Raw(Chholia),Other,FAQ,2017-11-14 00:00:00,2500.0,3000.0,2750.0,359
Gujarat,Vadodara(Baroda),Vadodara(Sayajipura),Gram Raw(Chholia),Other,FAQ,2017-11-15 00:00:00,2500.0,2750.0,2675.0,359
Gujarat,Vadodara(Baroda),Vadodara(Sayajipura),Gram Raw(Chholia),Other,FAQ,2017-11-22 00:00:00,2000.0,3000.0,2500.0,359
Gujarat,Vadodara(Baroda),Vadodara(Sayajipura),Gram Raw(Chholia),Other,FAQ,2017-11-25 00:00:00,2000.0,2500.0,2250.0,359
Gujarat,Vadodara(Baroda),Vadodara(Sayajipura),Gram Raw(Chholia),Other,FAQ,2017-11-27 00:00:00,2000.0,2500.0,2250.0,359
Gujarat,Vadodara(Baroda),Vadodara(Sayajipura),Gram Raw(Chholia),Other,FAQ,2017-12-01 00:00:00,2000.0,2500.0,2250.0,359
Gujarat,Vadodara(Baroda),Vadodara(Sayajipura),Gram Raw(Chholia),Other,FAQ,2017-12-07 00:00:00,2000.0,2500.0,2250.0,359
Gujarat,Vadodara(Baroda),Vadodara(Sayajipura),Gram Raw(Chholia),Other,FAQ,2017-12-09 00:00:00,1750.0,2250.0,2025.0,359
Gujarat,Vadodara(Baroda),Vadodara(Sayajipura),Gram Raw(Chholia),Other,FAQ,2017-12-13 00:00:00,1500.0,2250.0,1900.0,359
Gujarat,Vadodara(Baroda),Vadodara(Sayajipura),Gram Raw(Chholia),Other,FAQ,2017-12-24 00:00:00,1500.0,3500.0,2525.0,359
Gujarat,Vadodara(Baroda),Vadodara(Sayajipura),Gram Raw(Chholia),Other,FAQ,2016-04-19 00:00:00,2500.0,4000.0,3300.0,359
Gujarat,Vadodara(Baroda),Vadodara(Sayajipura),Gram Raw(Chholia),Other,FAQ,2016-04-20 00:00:00,2500.0,4000.0,3300.0,359
Gujarat,Vadodara(Baroda),Vadodara(Sayajipura),Gram Raw(Chholia),Other,FAQ,2016-04-24 00:00:00,1500.0,2500.0,2050.0,359
Gujarat,Vadodara(Baroda),Vadodara(Sayajipura),Gram Raw(Chholia),Other,FAQ,2016-04-27 00:00:00,2000.0,3000.0,2550.0,359
Gujarat,Vadodara(Baroda),Vadodara(Sayajipura),Gram Raw(Chholia),Other,FAQ,2016-05-17 00:00:00,1500.0,2500.0,2050.0,359
Gujarat,Vadodara(Baroda),Vadodara(Sayajipura),Gram Raw(Chholia),Other,FAQ,2016-05-19 00:00:00,1500.0,2500.0,2050.0,359
Gujarat,Vadodara(Baroda),Vadodara(Sayajipura),Gram Raw(Chholia),Other,FAQ,2016-05-27 00:00:00,2500.0,3500.0,3050.0,359
Gujarat,Vadodara(Baroda),Vadodara(Sayajipura),Gram Raw(Chholia),Other,FAQ,2016-06-07 00:00:00,4000.0,4500.0,4300.0,359
Gujarat,Vadodara(Baroda),Vadodara(Sayajipura),Gram Raw(Chholia),Other,FAQ,2016-06-25 00:00:00,3000.0,4000.0,3550.0,359
Gujarat,Vadodara(Baroda),Vadodara(Sayajipura),Gram Raw(Chholia),Other,FAQ,2016-06-26 00:00:00,3500.0,4000.0,3800.0,359
Gujarat,Vadodara(Baroda),Vadodara(Sayajipura),Gram Raw(Chholia),Other,FAQ,2016-06-27 00:00:00,3500.0,5000.0,4050.0,359
Gujarat,Vadodara(Baroda),Vadodara(Sayajipura),Gram Raw(Chholia),Other,FAQ,2016-07-17 00:00:00,3000.0,4500.0,3800.0,359
Gujarat,Vadodara(Baroda),Vadodara(Sayajipura),Gram Raw(Chholia),Other,FAQ,2016-07-25 00:00:00,2500.0,4000.0,3300.0,359
Gujarat,Vadodara(Baroda),Vadodara(Sayajipura),Gram Raw(Chholia),Other,FAQ,2016-07-27 00:00:00,2000.0,2500.0,2300.0,359
Gujarat,Vadodara(Baroda),Vadodara(Sayajipura),Gram Raw(Chholia),Other,FAQ,2016-08-06 00:00:00,2000.0,3000.0,2550.0,359
Gujarat,Vadodara(Baroda),Vadodara(Sayajipura),Gram Raw(Chholia),Other,FAQ,2016-08-10 00:00:00,1500.0,3000.0,2300.0,359
Gujarat,Vadodara(Baroda),Vadodara(Sayajipura),Gram Raw(Chholia),Other,FAQ,2016-08-11 00:00:00,2500.0,3000.0,2800.0,359
Gujarat,Vadodara(Baroda),Vadodara(Sayajipura),Gram Raw(Chholia),Other,FAQ,2016-08-13 00:00:00,2500.0,3000.0,2800.0,359
Gujarat,Vadodara(Baroda),Vadodara(Sayajipura),Gram Raw(Chholia),Other,FAQ,2016-08-16 00:00:00,3500.0,4500.0,4050.0,359
Gujarat,Vadodara(Baroda),Vadodara(Sayajipura),Gram Raw(Chholia),Other,FAQ,2016-08-25 00:00:00,1250.0,1500.0,1425.0,359
Gujarat,Vadodara(Baroda),Vadodara(Sayajipura),Gram Raw(Chholia),Other,FAQ,2016-08-30 00:00:00,1000.0,2500.0,1800.0,359
Gujarat,Vadodara(Baroda),Vadodara(Sayajipura),Gram Raw(Chholia),Other,FAQ,2016-09-03 00:00:00,1000.0,1500.0,1300.0,359
Gujarat,Vadodara(Baroda),Vadodara(Sayajipura),Gram Raw(Chholia),Other,FAQ,2016-09-10 00:00:00,1000.0,1500.0,1300.0,359
Gujarat,Vadodara(Baroda),Vadodara(Sayajipura),Gram Raw(Chholia),Other,FAQ,2016-09-23 00:00:00,1000.0,2000.0,1550.0,359
Gujarat,Vadodara(Baroda),Vadodara(Sayajipura),Gram Raw(Chholia),Other,FAQ,2016-09-25 00:00:00,1000.0,1500.0,1300.0,359
Gujarat,Vadodara(Baroda),Vadodara(Sayajipura),Gram Raw(Chholia),Other,FAQ,2016-09-26 00:00:00,1500.0,2000.0,1800.0,359
Gujarat,Vadodara(Baroda),Vadodara(Sayajipura),Gram Raw(Chholia),Other,FAQ,2016-10-07 00:00:00,3000.0,4000.0,3550.0,359
Gujarat,Vadodara(Baroda),Vadodara(Sayajipura),Gram Raw(Chholia),Other,FAQ,2016-10-13 00:00:00,4000.0,5000.0,4550.0,359
Gujarat,Vadodara(Baroda),Vadodara(Sayajipura),Gram Raw(Chholia),Other,FAQ,2016-10-22 00:00:00,3000.0,5000.0,4050.0,359
Gujarat,Vadodara(Baroda),Vadodara(Sayajipura),Gram Raw(Chholia),Other,FAQ,2016-10-23 00:00:00,3000.0,5000.0,4050.0,359
Gujarat,Vadodara(Baroda),Vadodara(Sayajipura),Gram Raw(Chholia),Other,FAQ,2016-11-04 00:00:00,3500.0,4500.0,4050.0,359
Gujarat,Vadodara(Baroda),Vadodara(Sayajipura),Gram Raw(Chholia),Other,FAQ,2016-11-06 00:00:00,2500.0,3000.0,2800.0,359
Gujarat,Vadodara(Baroda),Vadodara(Sayajipura),Gram Raw(Chholia),Other,FAQ,2016-11-10 00:00:00,1500.0,2000.0,1800.0,359
Gujarat,Vadodara(Baroda),Vadodara(Sayajipura),Gram Raw(Chholia),Other,FAQ,2016-11-11 00:00:00,1500.0,2000.0,1800.0,359
Gujarat,Vadodara(Baroda),Vadodara(Sayajipura),Gram Raw(Chholia),Other,FAQ,2016-11-13 00:00:00,1500.0,2000.0,1800.0,359
Gujarat,Vadodara(Baroda),Vadodara(Sayajipura),Gram Raw(Chholia),Other,FAQ,2016-11-15 00:00:00,1200.0,2000.0,1650.0,359
Gujarat,Vadodara(Baroda),Vadodara(Sayajipura),Gram Raw(Chholia),Other,FAQ,2016-11-27 00:00:00,1000.0,1250.0,1175.0,359
Gujarat,Vadodara(Baroda),Vadodara(Sayajipura),Gram Raw(Chholia),Other,FAQ,2016-11-28 00:00:00,1000.0,1200.0,1150.0,359
Gujarat,Vadodara(Baroda),Vadodara(Sayajipura),Gram Raw(Chholia),Other,FAQ,2016-12-03 00:00:00,1000.0,1500.0,1300.0,359
Gujarat,Vadodara(Baroda),Vadodara(Sayajipura),Gram Raw(Chholia),Other,FAQ,2016-12-05 00:00:00,1000.0,1500.0,1300.0,359
Gujarat,Vadodara(Baroda),Vadodara(Sayajipura),Gram Raw(Chholia),Other,FAQ,2016-12-08 00:00:00,800.0,1500.0,1200.0,359
Gujarat,Vadodara(Baroda),Vadodara(Sayajipura),Gram Raw(Chholia),Other,FAQ,2016-12-17 00:00:00,1000.0,1250.0,1175.0,359
Gujarat,Vadodara(Baroda),Vadodara(Sayajipura),Gram Raw(Chholia),Other,FAQ,2016-12-31 00:00:00,1500.0,1750.0,1675.0,359
Gujarat,Ahmedabad,Dholka(Koth),Gram Raw(Chholia),Other,FAQ,2016-05-06 00:00:00,1300.0,1700.0,1450.0,359
Gujarat,Ahmedabad,Dholka(Koth),Gram Raw(Chholia),Other,FAQ,2016-05-16 00:00:00,1600.0,2100.0,1800.0,359
Gujarat,Ahmedabad,Dholka(Koth),Gram Raw(Chholia),Other,FAQ,2016-05-17 00:00:00,1550.0,1900.0,1800.0,359
Gujarat,Ahmedabad,Dholka(Koth),Gram Raw(Chholia),Other,FAQ,2016-05-27 00:00:00,1500.0,2200.0,1800.0,359
Gujarat,Ahmedabad,Dholka(Koth),Gram Raw(Chholia),Other,FAQ,2016-06-06 00:00:00,1600.0,2000.0,1850.0,359
Gujarat,Ahmedabad,Dholka(Koth),Gram Raw(Chholia),Other,FAQ,2016-06-10 00:00:00,1500.0,2300.0,2000.0,359
Gujarat,Ahmedabad,Dholka(Koth),Gram Raw(Chholia),Other,FAQ,2016-06-16 00:00:00,1600.0,2200.0,2000.0,359
Gujarat,Ahmedabad,Dholka(Koth),Gram Raw(Chholia),Other,FAQ,2016-06-23 00:00:00,1600.0,1950.0,1750.0,359
Gujarat,Ahmedabad,Dholka(Koth),Gram Raw(Chholia),Other,FAQ,2016-07-07 00:00:00,2000.0,2500.0,2300.0,359
Gujarat,Ahmedabad,Dholka(Koth),Gram Raw(Chholia),Other,FAQ,2016-07-21 00:00:00,1500.0,2100.0,1800.0,359
Gujarat,Ahmedabad,Dholka(Koth),Gram Raw(Chholia),Other,FAQ,2016-08-22 00:00:00,800.0,1200.0,1000.0,359
Gujarat,Ahmedabad,Dholka(Koth),Gram Raw(Chholia),Other,FAQ,2016-09-10 00:00:00,1700.0,2000.0,1800.0,359
Gujarat,Ahmedabad,Dholka(Koth),Gram Raw(Chholia),Other,FAQ,2016-09-20 00:00:00,700.0,1000.0,800.0,359
Gujarat,Ahmedabad,Dholka(Koth),Gram Raw(Chholia),Other,FAQ,2016-09-24 00:00:00,1000.0,1200.0,1100.0,359
Gujarat,Ahmedabad,Dholka(Koth),Gram Raw(Chholia),Other,FAQ,2016-09-27 00:00:00,800.0,1000.0,850.0,359
Gujarat,Banaskanth,Deesa(Deesa Veg Yard),Gram Raw(Chholia),Other,FAQ,2016-04-27 00:00:00,3500.0,4000.0,3750.0,359
Gujarat,Banaskanth,Deesa(Deesa Veg Yard),Gram Raw(Chholia),Other,FAQ,2016-04-28 00:00:00,3500.0,4000.0,3750.0,359
Gujarat,Banaskanth,Deesa(Deesa Veg Yard),Gram Raw(Chholia),Other,FAQ,2016-05-03 00:00:00,3500.0,4000.0,3750.0,359
Gujarat,Banaskanth,Deesa(Deesa Veg Yard),Gram Raw(Chholia),Other,FAQ,2016-05-05 00:00:00,3500.0,4000.0,3750.0,359
Gujarat,Banaskanth,Deesa(Deesa Veg Yard),Gram Raw(Chholia),Other,FAQ,2016-05-10 00:00:00,3500.0,4000.0,3750.0,359
Gujarat,Banaskanth,Deesa(Deesa Veg Yard),Gram Raw(Chholia),Other,FAQ,2016-05-18 00:00:00,2500.0,3000.0,2750.0,359
Gujarat,Banaskanth,Deesa(Deesa Veg Yard),Gram Raw(Chholia),Other,FAQ,2016-05-20 00:00:00,2500.0,3000.0,2750.0,359
Gujarat,Banaskanth,Deesa(Deesa Veg Yard),Gram Raw(Chholia),Other,FAQ,2016-05-31 00:00:00,4500.0,5000.0,4750.0,359
Gujarat,Banaskanth,Deesa(Deesa Veg Yard),Gram Raw(Chholia),Other,FAQ,2016-06-11 00:00:00,4500.0,5000.0,4750.0,359
Gujarat,Banaskanth,Deesa(Deesa Veg Yard),Gram Raw(Chholia),Other,FAQ,2016-07-01 00:00:00,3000.0,4000.0,3500.0,359
Gujarat,Banaskanth,Deesa(Deesa Veg Yard),Gram Raw(Chholia),Other,FAQ,2016-07-13 00:00:00,3000.0,4000.0,3500.0,359
Gujarat,Banaskanth,Deesa(Deesa Veg Yard),Gram Raw(Chholia),Other,FAQ,2016-07-16 00:00:00,3000.0,3400.0,3200.0,359
Gujarat,Banaskanth,Deesa(Deesa Veg Yard),Gram Raw(Chholia),Other,FAQ,2016-07-20 00:00:00,3000.0,3500.0,3250.0,359
Gujarat,Banaskanth,Deesa(Deesa Veg Yard),Gram Raw(Chholia),Other,FAQ,2016-07-26 00:00:00,3500.0,4000.0,3750.0,359
Gujarat,Banaskanth,Deesa(Deesa Veg Yard),Gram Raw(Chholia),Other,FAQ,2016-08-03 00:00:00,3500.0,3900.0,3700.0,359
Gujarat,Banaskanth,Deesa(Deesa Veg Yard),Gram Raw(Chholia),Other,FAQ,2016-08-26 00:00:00,5000.0,5500.0,5250.0,359
Gujarat,Banaskanth,Deesa(Deesa Veg Yard),Gram Raw(Chholia),Other,FAQ,2016-09-01 00:00:00,1400.0,1900.0,1650.0,359
Gujarat,Banaskanth,Deesa(Deesa Veg Yard),Gram Raw(Chholia),Other,FAQ,2016-09-10 00:00:00,1400.0,1600.0,1500.0,359
Gujarat,Banaskanth,Deesa(Deesa Veg Yard),Gram Raw(Chholia),Other,FAQ,2016-09-19 00:00:00,1500.0,2200.0,1850.0,359
Gujarat,Banaskanth,Deesa(Deesa Veg Yard),Gram Raw(Chholia),Other,FAQ,2016-09-20 00:00:00,1500.0,2500.0,2000.0,359
Gujarat,Banaskanth,Deesa(Deesa Veg Yard),Gram Raw(Chholia),Other,FAQ,2016-09-22 00:00:00,1500.0,2000.0,1750.0,359
Gujarat,Banaskanth,Deesa(Deesa Veg Yard),Gram Raw(Chholia),Other,FAQ,2016-09-23 00:00:00,1500.0,2000.0,1750.0,359
Gujarat,Banaskanth,Deesa(Deesa Veg Yard),Gram Raw(Chholia),Other,FAQ,2016-09-24 00:00:00,1500.0,2000.0,1750.0,359
Gujarat,Banaskanth,Deesa(Deesa Veg Yard),Gram Raw(Chholia),Other,FAQ,2016-10-18 00:00:00,3000.0,4000.0,3500.0,359
Gujarat,Banaskanth,Deesa(Deesa Veg Yard),Gram Raw(Chholia),Other,FAQ,2016-10-19 00:00:00,2900.0,3900.0,3400.0,359
Gujarat,Banaskanth,Deesa(Deesa Veg Yard),Gram Raw(Chholia),Other,FAQ,2016-12-20 00:00:00,1800.0,2300.0,2050.0,359
Gujarat,Surat,Vyra,Gram Raw(Chholia),Other,FAQ,2016-01-01 00:00:00,2000.0,2500.0,2250.0,359
Gujarat,Surat,Vyra,Gram Raw(Chholia),Other,FAQ,2016-01-02 00:00:00,2000.0,2500.0,2250.0,359
Gujarat,Surat,Vyra,Gram Raw(Chholia),Other,FAQ,2016-01-13 00:00:00,1500.0,2250.0,1875.0,359
Gujarat,Surat,Vyra,Gram Raw(Chholia),Other,FAQ,2016-02-05 00:00:00,2000.0,2500.0,2250.0,359
Gujarat,Surat,Vyra,Gram Raw(Chholia),Other,FAQ,2016-02-06 00:00:00,1500.0,2250.0,1875.0,359
Gujarat,Surat,Vyra,Gram Raw(Chholia),Other,FAQ,2016-02-27 00:00:00,2000.0,2750.0,2375.0,359
Gujarat,Surat,Vyra,Gram Raw(Chholia),Other,FAQ,2016-03-08 00:00:00,3000.0,3500.0,3250.0,359
Gujarat,Surat,Vyra,Gram Raw(Chholia),Other,FAQ,2016-03-10 00:00:00,1500.0,2000.0,1750.0,359
Gujarat,Surat,Vyra,Gram Raw(Chholia),Other,FAQ,2016-03-11 00:00:00,2000.0,3000.0,2500.0,359
Gujarat,Surat,Vyra,Gram Raw(Chholia),Other,FAQ,2016-03-22 00:00:00,2000.0,3000.0,2500.0,359
Gujarat,Surat,Vyra,Gram Raw(Chholia),Other,FAQ,2016-03-25 00:00:00,2000.0,3000.0,2500.0,359
Gujarat,Surat,Vyra,Gram Raw(Chholia),Other,FAQ,2016-04-11 00:00:00,2000.0,3000.0,2500.0,359
Gujarat,Surat,Vyra,Gram Raw(Chholia),Other,FAQ,2016-04-15 00:00:00,2500.0,3250.0,2875.0,359
Gujarat,Surat,Vyra,Gram Raw(Chholia),Other,FAQ,2016-04-19 00:00:00,2500.0,3250.0,2875.0,359
Gujarat,Surat,Vyra,Gram Raw(Chholia),Other,FAQ,2016-04-25 00:00:00,2000.0,2500.0,2250.0,359
Gujarat,Surat,Vyra,Gram Raw(Chholia),Other,FAQ,2016-06-13 00:00:00,3000.0,4500.0,3750.0,359
Gujarat,Surat,Vyra,Gram Raw(Chholia),Other,FAQ,2016-06-21 00:00:00,4500.0,5000.0,4750.0,359
Gujarat,Surat,Vyra,Gram Raw(Chholia),Other,FAQ,2016-06-24 00:00:00,4500.0,5500.0,4750.0,359
Gujarat,Surat,Vyra,Gram Raw(Chholia),Other,FAQ,2016-06-29 00:00:00,4000.0,5000.0,4500.0,359
Gujarat,Surat,Vyra,Gram Raw(Chholia),Other,FAQ,2016-07-05 00:00:00,3000.0,4000.0,3500.0,359
Gujarat,Surat,Vyra,Gram Raw(Chholia),Other,FAQ,2016-07-22 00:00:00,4500.0,5000.0,4750.0,359
Gujarat,Surat,Vyra,Gram Raw(Chholia),Other,FAQ,2016-08-06 00:00:00,3000.0,3500.0,3250.0,359
Gujarat,Surat,Vyra,Gram Raw(Chholia),Other,FAQ,2016-08-09 00:00:00,2500.0,3500.0,3000.0,359
Gujarat,Surat,Vyra,Gram Raw(Chholia),Other,FAQ,2016-08-16 00:00:00,3500.0,4000.0,3750.0,359
Gujarat,Surat,Vyra,Gram Raw(Chholia),Other,FAQ,2016-08-20 00:00:00,4500.0,5000.0,4750.0,359
Gujarat,Surat,Vyra,Gram Raw(Chholia),Other,FAQ,2016-09-03 00:00:00,1750.0,2250.0,2000.0,359
Gujarat,Surat,Vyra,Gram Raw(Chholia),Other,FAQ,2016-09-09 00:00:00,1000.0,1500.0,1250.0,359
Gujarat,Surat,Vyra,Gram Raw(Chholia),Other,FAQ,2016-09-26 00:00:00,1000.0,2000.0,1500.0,359
Gujarat,Surat,Vyra,Gram Raw(Chholia),Other,FAQ,2016-10-08 00:00:00,3000.0,4000.0,3500.0,359
Gujarat,Surat,Vyra,Gram Raw(Chholia),Other,FAQ,2016-10-19 00:00:00,2000.0,3000.0,2500.0,359
Gujarat,Surat,Vyra,Gram Raw(Chholia),Other,FAQ,2016-10-22 00:00:00,3500.0,5000.0,4250.0,359
Gujarat,Surat,Vyra,Gram Raw(Chholia),Other,FAQ,2016-10-28 00:00:00,2000.0,3000.0,2500.0,359
Gujarat,Surat,Vyra,Gram Raw(Chholia),Other,FAQ,2016-11-14 00:00:00,2000.0,2500.0,2250.0,359
Gujarat,Surat,Vyra,Gram Raw(Chholia),Other,FAQ,2016-11-15 00:00:00,1500.0,2000.0,1750.0,359
Gujarat,Surat,Vyra,Gram Raw(Chholia),Other,FAQ,2016-11-18 00:00:00,750.0,1250.0,1000.0,359
Gujarat,Surat,Vyra,Gram Raw(Chholia),Other,FAQ,2016-11-24 00:00:00,500.0,2000.0,1250.0,359
Gujarat,Surat,Vyra,Gram Raw(Chholia),Other,FAQ,2016-12-01 00:00:00,1000.0,1500.0,1250.0,359
Gujarat,Surat,Vyra,Gram Raw(Chholia),Other,FAQ,2016-12-06 00:00:00,800.0,1000.0,900.0,359
Gujarat,Surat,Vyra,Gram Raw(Chholia),Other,FAQ,2016-12-07 00:00:00,800.0,1000.0,900.0,359
Gujarat,Surat,Vyra,Gram Raw(Chholia),Other,FAQ,2016-12-13 00:00:00,800.0,1000.0,900.0,359
Gujarat,Surat,Vyra,Gram Raw(Chholia),Other,FAQ,2016-12-17 00:00:00,500.0,1000.0,750.0,359
Gujarat,Surat,Vyra,Gram Raw(Chholia),Other,FAQ,2016-12-22 00:00:00,800.0,1000.0,900.0,359
Gujarat,Vadodara(Baroda),Vadodara(Sayajipura),Gram Raw(Chholia),Other,FAQ,2016-01-24 00:00:00,1750.0,2250.0,2100.0,359
Gujarat,Vadodara(Baroda),Vadodara(Sayajipura),Gram Raw(Chholia),Other,FAQ,2016-02-12 00:00:00,2500.0,3000.0,2800.0,359
Gujarat,Vadodara(Baroda),Vadodara(Sayajipura),Gram Raw(Chholia),Other,FAQ,2016-02-17 00:00:00,3000.0,3500.0,3300.0,359
Gujarat,Vadodara(Baroda),Vadodara(Sayajipura),Gram Raw(Chholia),Other,FAQ,2016-02-18 00:00:00,1750.0,3000.0,2425.0,359
Gujarat,Vadodara(Baroda),Vadodara(Sayajipura),Gram Raw(Chholia),Other,FAQ,2016-02-19 00:00:00,2000.0,2500.0,2300.0,359
Gujarat,Vadodara(Baroda),Vadodara(Sayajipura),Gram Raw(Chholia),Other,FAQ,2016-02-21 00:00:00,2500.0,3000.0,2800.0,359
Gujarat,Vadodara(Baroda),Vadodara(Sayajipura),Gram Raw(Chholia),Other,FAQ,2016-03-26 00:00:00,2500.0,4000.0,3300.0,359
Gujarat,Vadodara(Baroda),Vadodara(Sayajipura),Gram Raw(Chholia),Other,FAQ,2016-03-29 00:00:00,2750.0,3000.0,2950.0,359
Gujarat,Vadodara(Baroda),Vadodara(Sayajipura),Gram Raw(Chholia),Other,FAQ,2016-03-30 00:00:00,2500.0,3500.0,3050.0,359
Gujarat,Vadodara(Baroda),Vadodara(Sayajipura),Gram Raw(Chholia),Other,FAQ,2016-04-01 00:00:00,3000.0,3500.0,3300.0,359
Gujarat,Vadodara(Baroda),Vadodara(Sayajipura),Gram Raw(Chholia),Other,FAQ,2016-04-09 00:00:00,2500.0,3500.0,3050.0,359
Gujarat,Vadodara(Baroda),Vadodara(Sayajipura),Gram Raw(Chholia),Other,FAQ,2016-04-11 00:00:00,2500.0,3500.0,3050.0,359
Gujarat,Vadodara(Baroda),Vadodara(Sayajipura),Gram Raw(Chholia),Other,FAQ,2016-04-15 00:00:00,2500.0,4000.0,3300.0,359
Gujarat,Ahmedabad,Dholka(Koth),Gram Raw(Chholia),Other,FAQ,2018-08-10 00:00:00,1000.0,1200.0,1100.0,359
Gujarat,Ahmedabad,Dholka(Koth),Gram Raw(Chholia),Other,FAQ,2018-08-24 00:00:00,1100.0,1500.0,1300.0,359
Gujarat,Ahmedabad,Dholka(Koth),Gram Raw(Chholia),Other,FAQ,2018-08-29 00:00:00,1200.0,1500.0,1400.0,359
Gujarat,Ahmedabad,Dholka(Koth),Gram Raw(Chholia),Other,FAQ,2018-09-15 00:00:00,1200.0,1700.0,1400.0,359
Gujarat,Ahmedabad,Dholka(Koth),Gram Raw(Chholia),Other,FAQ,2018-09-19 00:00:00,900.0,1300.0,1000.0,359
Gujarat,Ahmedabad,Dholka(Koth),Gram Raw(Chholia),Other,FAQ,2018-09-26 00:00:00,1000.0,1300.0,1200.0,359
Gujarat,Ahmedabad,Dholka(Koth),Gram Raw(Chholia),Other,FAQ,2018-09-28 00:00:00,1100.0,1400.0,1200.0,359
Gujarat,Ahmedabad,Dholka(Koth),Gram Raw(Chholia),Other,FAQ,2018-10-22 00:00:00,1200.0,1300.0,1250.0,359
Gujarat,Ahmedabad,Dholka(Koth),Gram Raw(Chholia),Other,FAQ,2018-10-25 00:00:00,1200.0,1400.0,1300.0,359
Gujarat,Ahmedabad,Dholka(Koth),Gram Raw(Chholia),Other,FAQ,2018-10-26 00:00:00,900.0,1300.0,1100.0,359
Gujarat,Ahmedabad,Dholka(Koth),Gram Raw(Chholia),Other,FAQ,2018-11-05 00:00:00,1100.0,1500.0,1200.0,359
Gujarat,Ahmedabad,Dholka(Koth),Gram Raw(Chholia),Other,FAQ,2018-11-20 00:00:00,1200.0,1600.0,1500.0,359
Gujarat,Ahmedabad,Dholka(Koth),Gram Raw(Chholia),Other,FAQ,2018-11-24 00:00:00,1300.0,1500.0,1400.0,359
Gujarat,Ahmedabad,Dholka(Koth),Gram Raw(Chholia),Other,FAQ,2018-11-29 00:00:00,1300.0,1550.0,1400.0,359
Gujarat,Ahmedabad,Dholka(Koth),Gram Raw(Chholia),Other,FAQ,2018-12-06 00:00:00,1000.0,1400.0,1200.0,359
Gujarat,Ahmedabad,Dholka(Koth),Gram Raw(Chholia),Other,FAQ,2018-12-13 00:00:00,1000.0,1400.0,1200.0,359
Gujarat,Ahmedabad,Dholka(Koth),Gram Raw(Chholia),Other,FAQ,2018-12-15 00:00:00,1200.0,1400.0,1300.0,359
Gujarat,Ahmedabad,Dholka(Koth),Gram Raw(Chholia),Other,FAQ,2018-12-21 00:00:00,1100.0,1400.0,1200.0,359
Gujarat,Ahmedabad,Dholka(Koth),Gram Raw(Chholia),Other,FAQ,2018-12-26 00:00:00,1200.0,1400.0,1300.0,359
Gujarat,Ahmedabad,Dholka(Koth),Gram Raw(Chholia),Other,FAQ,2018-12-31 00:00:00,1200.0,1400.0,1300.0,359
Gujarat,Banaskanth,Deesa(Deesa Veg Yard),Gram Raw(Chholia),Other,FAQ,2018-05-04 00:00:00,4000.0,5000.0,4500.0,359
Gujarat,Banaskanth,Deesa(Deesa Veg Yard),Gram Raw(Chholia),Other,FAQ,2018-05-15 00:00:00,1000.0,1900.0,1450.0,359
Gujarat,Banaskanth,Deesa(Deesa Veg Yard),Gram Raw(Chholia),Other,FAQ,2018-05-24 00:00:00,1500.0,2000.0,1750.0,359
Gujarat,Banaskanth,Deesa(Deesa Veg Yard),Gram Raw(Chholia),Other,FAQ,2018-05-28 00:00:00,2000.0,2500.0,2250.0,359
Gujarat,Banaskanth,Deesa(Deesa Veg Yard),Gram Raw(Chholia),Other,FAQ,2018-06-09 00:00:00,2000.0,2500.0,2250.0,359
Gujarat,Banaskanth,Deesa(Deesa Veg Yard),Gram Raw(Chholia),Other,FAQ,2018-06-13 00:00:00,1750.0,2500.0,2125.0,359
Gujarat,Banaskanth,Deesa(Deesa Veg Yard),Gram Raw(Chholia),Other,FAQ,2018-06-19 00:00:00,5000.0,5500.0,5250.0,359
Gujarat,Banaskanth,Deesa(Deesa Veg Yard),Gram Raw(Chholia),Other,FAQ,2018-08-24 00:00:00,2000.0,3000.0,2500.0,359
Gujarat,Banaskanth,Deesa(Deesa Veg Yard),Gram Raw(Chholia),Other,FAQ,2018-08-27 00:00:00,2000.0,2500.0,2250.0,359
Gujarat,Banaskanth,Deesa(Deesa Veg Yard),Gram Raw(Chholia),Other,FAQ,2018-09-15 00:00:00,1500.0,2000.0,1750.0,359
Gujarat,Banaskanth,Deesa(Deesa Veg Yard),Gram Raw(Chholia),Other,FAQ,2018-09-22 00:00:00,1000.0,2000.0,1500.0,359
Gujarat,Surat,Vyra,Gram Raw(Chholia),Other,FAQ,2018-01-20 00:00:00,2500.0,2750.0,2625.0,359
Gujarat,Surat,Vyra,Gram Raw(Chholia),Other,FAQ,2018-02-02 00:00:00,1750.0,2750.0,2250.0,359
Gujarat,Surat,Vyra,Gram Raw(Chholia),Other,FAQ,2018-02-12 00:00:00,2000.0,2750.0,2375.0,359
Gujarat,Surat,Vyra,Gram Raw(Chholia),Other,FAQ,2018-02-19 00:00:00,2250.0,2750.0,2500.0,359
Gujarat,Surat,Vyra,Gram Raw(Chholia),Other,FAQ,2018-03-20 00:00:00,2250.0,2750.0,2500.0,359
Gujarat,Surat,Vyra,Gram Raw(Chholia),Other,FAQ,2018-04-02 00:00:00,1750.0,2000.0,1875.0,359
Gujarat,Surat,Vyra,Gram Raw(Chholia),Other,FAQ,2018-04-09 00:00:00,2000.0,2500.0,2250.0,359
Gujarat,Surat,Vyra,Gram Raw(Chholia),Other,FAQ,2018-04-12 00:00:00,1600.0,2250.0,1925.0,359
Gujarat,Surat,Vyra,Gram Raw(Chholia),Other,FAQ,2018-04-13 00:00:00,1500.0,2000.0,1750.0,359
Gujarat,Surat,Vyra,Gram Raw(Chholia),Other,FAQ,2018-04-19 00:00:00,1250.0,2500.0,1800.0,359
Gujarat,Surat,Vyra,Gram Raw(Chholia),Other,FAQ,2018-05-02 00:00:00,1500.0,2250.0,1875.0,359
Gujarat,Surat,Vyra,Gram Raw(Chholia),Other,FAQ,2018-05-11 00:00:00,1500.0,2250.0,1875.0,359
Gujarat,Surat,Vyra,Gram Raw(Chholia),Other,FAQ,2018-05-12 00:00:00,1550.0,2500.0,2025.0,359
Gujarat,Surat,Vyra,Gram Raw(Chholia),Other,FAQ,2018-05-19 00:00:00,1500.0,2750.0,2125.0,359
Gujarat,Surat,Vyra,Gram Raw(Chholia),Other,FAQ,2018-05-25 00:00:00,1500.0,2500.0,2000.0,359
Gujarat,Surat,Vyra,Gram Raw(Chholia),Other,FAQ,2018-05-28 00:00:00,1750.0,2250.0,2000.0,359
Gujarat,Surat,Vyra,Gram Raw(Chholia),Other,FAQ,2018-05-31 00:00:00,2250.0,2500.0,2375.0,359
Gujarat,Surat,Vyra,Gram Raw(Chholia),Other,FAQ,2018-06-02 00:00:00,1500.0,2000.0,1750.0,359
Gujarat,Surat,Vyra,Gram Raw(Chholia),Other,FAQ,2018-06-05 00:00:00,2250.0,2750.0,2500.0,359
Gujarat,Surat,Vyra,Gram Raw(Chholia),Other,FAQ,2018-06-07 00:00:00,2500.0,3000.0,2750.0,359
Gujarat,Surat,Vyra,Gram Raw(Chholia),Other,FAQ,2018-06-11 00:00:00,2500.0,3750.0,3125.0,359
Gujarat,Surat,Vyra,Gram Raw(Chholia),Other,FAQ,2018-06-12 00:00:00,2250.0,3500.0,2875.0,359
Gujarat,Surat,Vyra,Gram Raw(Chholia),Other,FAQ,2018-06-16 00:00:00,2250.0,3750.0,3000.0,359
Gujarat,Surat,Vyra,Gram Raw(Chholia),Other,FAQ,2018-07-21 00:00:00,2000.0,3000.0,2500.0,359
Gujarat,Surat,Vyra,Gram Raw(Chholia),Other,FAQ,2018-07-23 00:00:00,3500.0,4000.0,3750.0,359
Gujarat,Surat,Vyra,Gram Raw(Chholia),Other,FAQ,2018-07-24 00:00:00,2250.0,2750.0,2500.0,359
Gujarat,Surat,Vyra,Gram Raw(Chholia),Other,FAQ,2018-07-26 00:00:00,3000.0,3500.0,3250.0,359
Gujarat,Surat,Vyra,Gram Raw(Chholia),Other,FAQ,2018-08-08 00:00:00,2000.0,2500.0,2250.0,359
Gujarat,Surat,Vyra,Gram Raw(Chholia),Other,FAQ,2018-08-09 00:00:00,2500.0,3000.0,2750.0,359
Gujarat,Surat,Vyra,Gram Raw(Chholia),Other,FAQ,2018-08-18 00:00:00,3000.0,3500.0,3250.0,359
Gujarat,Surat,Vyra,Gram Raw(Chholia),Other,FAQ,2018-08-28 00:00:00,2500.0,2750.0,2625.0,359
Gujarat,Surat,Vyra,Gram Raw(Chholia),Other,FAQ,2018-08-31 00:00:00,2500.0,3000.0,2750.0,359
Gujarat,Surat,Vyra,Gram Raw(Chholia),Other,FAQ,2018-09-03 00:00:00,2000.0,3000.0,2500.0,359
Gujarat,Surat,Vyra,Gram Raw(Chholia),Other,FAQ,2018-09-06 00:00:00,3000.0,3500.0,3250.0,359
Gujarat,Surat,Vyra,Gram Raw(Chholia),Other,FAQ,2018-09-11 00:00:00,2000.0,3500.0,2750.0,359
Gujarat,Surat,Vyra,Gram Raw(Chholia),Other,FAQ,2018-09-18 00:00:00,1250.0,2500.0,1875.0,359
Gujarat,Surat,Vyra,Gram Raw(Chholia),Other,FAQ,2018-09-20 00:00:00,2000.0,3000.0,2500.0,359
Gujarat,Surat,Vyra,Gram Raw(Chholia),Other,FAQ,2018-09-28 00:00:00,2250.0,2750.0,2500.0,359
Gujarat,Surat,Vyra,Gram Raw(Chholia),Other,FAQ,2018-10-20 00:00:00,3250.0,4750.0,4000.0,359
Gujarat,Surat,Vyra,Gram Raw(Chholia),Other,FAQ,2018-10-26 00:00:00,3500.0,6000.0,4750.0,359
Gujarat,Surat,Vyra,Gram Raw(Chholia),Other,FAQ,2018-11-17 00:00:00,2500.0,3000.0,2750.0,359
Gujarat,Surat,Vyra,Gram Raw(Chholia),Other,FAQ,2018-12-05 00:00:00,1500.0,2500.0,2000.0,359
Gujarat,Surat,Vyra,Gram Raw(Chholia),Other,FAQ,2018-12-06 00:00:00,1750.0,2250.0,2000.0,359
Gujarat,Surat,Vyra,Gram Raw(Chholia),Other,FAQ,2018-12-11 00:00:00,2000.0,2500.0,2250.0,359
Gujarat,Surat,Vyra,Gram Raw(Chholia),Other,FAQ,2018-12-22 00:00:00,2500.0,2750.0,2625.0,359
Gujarat,Surat,Vyra,Gram Raw(Chholia),Other,FAQ,2018-12-28 00:00:00,2000.0,2500.0,2250.0,359
Gujarat,Surat,Vyra,Gram Raw(Chholia),Other,FAQ,2018-12-31 00:00:00,1500.0,2000.0,1750.0,359
Gujarat,Vadodara(Baroda),Vadodara(Sayajipura),Gram Raw(Chholia),Other,FAQ,2018-01-04 00:00:00,2000.0,3000.0,2525.0,359
Gujarat,Vadodara(Baroda),Vadodara(Sayajipura),Gram Raw(Chholia),Other,FAQ,2018-01-05 00:00:00,2500.0,3000.0,2750.0,359
Gujarat,Vadodara(Baroda),Vadodara(Sayajipura),Gram Raw(Chholia),Other,FAQ,2018-01-11 00:00:00,2500.0,3000.0,2750.0,359
Gujarat,Vadodara(Baroda),Vadodara(Sayajipura),Gram Raw(Chholia),Other,FAQ,2018-01-19 00:00:00,2000.0,2500.0,2250.0,359
Gujarat,Vadodara(Baroda),Vadodara(Sayajipura),Gram Raw(Chholia),Other,FAQ,2018-01-21 00:00:00,1800.0,2000.0,1900.0,359
Gujarat,Vadodara(Baroda),Vadodara(Sayajipura),Gram Raw(Chholia),Other,FAQ,2018-02-25 00:00:00,2000.0,2500.0,2250.0,359
Gujarat,Vadodara(Baroda),Vadodara(Sayajipura),Gram Raw(Chholia),Other,FAQ,2018-03-03 00:00:00,1500.0,2000.0,1800.0,359
Gujarat,Vadodara(Baroda),Vadodara(Sayajipura),Gram Raw(Chholia),Other,FAQ,2018-03-04 00:00:00,1500.0,2000.0,1800.0,359
Gujarat,Vadodara(Baroda),Vadodara(Sayajipura),Gram Raw(Chholia),Other,FAQ,2018-03-10 00:00:00,2500.0,3500.0,3025.0,359
Gujarat,Vadodara(Baroda),Vadodara(Sayajipura),Gram Raw(Chholia),Other,FAQ,2018-03-11 00:00:00,2500.0,3500.0,3025.0,359
Gujarat,Vadodara(Baroda),Vadodara(Sayajipura),Gram Raw(Chholia),Other,FAQ,2018-03-14 00:00:00,2000.0,2500.0,2250.0,359
Gujarat,Vadodara(Baroda),Vadodara(Sayajipura),Gram Raw(Chholia),Other,FAQ,2018-04-01 00:00:00,2000.0,2500.0,2300.0,359
Gujarat,Vadodara(Baroda),Vadodara(Sayajipura),Gram Raw(Chholia),Other,FAQ,2018-04-06 00:00:00,2000.0,3000.0,2550.0,359
Gujarat,Vadodara(Baroda),Vadodara(Sayajipura),Gram Raw(Chholia),Other,FAQ,2018-04-24 00:00:00,2000.0,4000.0,3050.0,359
Gujarat,Vadodara(Baroda),Vadodara(Sayajipura),Gram Raw(Chholia),Other,FAQ,2018-05-04 00:00:00,1100.0,1900.0,1550.0,359
Gujarat,Vadodara(Baroda),Vadodara(Sayajipura),Gram Raw(Chholia),Other,FAQ,2018-05-24 00:00:00,1250.0,1500.0,1400.0,359
Gujarat,Vadodara(Baroda),Vadodara(Sayajipura),Gram Raw(Chholia),Other,FAQ,2018-05-26 00:00:00,1250.0,1500.0,1400.0,359
Gujarat,Vadodara(Baroda),Vadodara(Sayajipura),Gram Raw(Chholia),Other,FAQ,2018-06-29 00:00:00,3000.0,5000.0,4050.0,359
Gujarat,Vadodara(Baroda),Vadodara(Sayajipura),Gram Raw(Chholia),Other,FAQ,2018-07-02 00:00:00,3000.0,3500.0,3250.0,359
Gujarat,Vadodara(Baroda),Vadodara(Sayajipura),Gram Raw(Chholia),Other,FAQ,2018-07-03 00:00:00,2000.0,2500.0,2300.0,359
Gujarat,Vadodara(Baroda),Vadodara(Sayajipura),Gram Raw(Chholia),Other,FAQ,2018-07-27 00:00:00,4000.0,5000.0,4550.0,359
Gujarat,Vadodara(Baroda),Vadodara(Sayajipura),Gram Raw(Chholia),Other,FAQ,2018-07-28 00:00:00,4000.0,5000.0,4550.0,359
Gujarat,Vadodara(Baroda),Vadodara(Sayajipura),Gram Raw(Chholia),Other,FAQ,2018-08-06 00:00:00,3000.0,4000.0,3550.0,359
Gujarat,Vadodara(Baroda),Vadodara(Sayajipura),Gram Raw(Chholia),Other,FAQ,2018-08-07 00:00:00,3500.0,4500.0,4050.0,359
Gujarat,Vadodara(Baroda),Vadodara(Sayajipura),Gram Raw(Chholia),Other,FAQ,2018-08-20 00:00:00,1000.0,1500.0,1300.0,359
Gujarat,Vadodara(Baroda),Vadodara(Sayajipura),Gram Raw(Chholia),Other,FAQ,2018-08-23 00:00:00,1500.0,2000.0,1800.0,359
Gujarat,Vadodara(Baroda),Vadodara(Sayajipura),Gram Raw(Chholia),Other,FAQ,2018-09-03 00:00:00,1500.0,2000.0,1800.0,359
Gujarat,Vadodara(Baroda),Vadodara(Sayajipura),Gram Raw(Chholia),Other,FAQ,2018-09-12 00:00:00,2000.0,2500.0,2275.0,359
Gujarat,Vadodara(Baroda),Vadodara(Sayajipura),Gram Raw(Chholia),Other,FAQ,2018-09-15 00:00:00,1000.0,2000.0,1550.0,359
Gujarat,Vadodara(Baroda),Vadodara(Sayajipura),Gram Raw(Chholia),Other,FAQ,2018-09-27 00:00:00,2000.0,2500.0,2300.0,359
Gujarat,Vadodara(Baroda),Vadodara(Sayajipura),Gram Raw(Chholia),Other,FAQ,2018-10-03 00:00:00,2000.0,4000.0,3050.0,359
Gujarat,Vadodara(Baroda),Vadodara(Sayajipura),Gram Raw(Chholia),Other,FAQ,2018-10-07 00:00:00,2500.0,3500.0,3050.0,359
Gujarat,Vadodara(Baroda),Vadodara(Sayajipura),Gram Raw(Chholia),Other,FAQ,2018-10-16 00:00:00,4000.0,4500.0,4300.0,359
Gujarat,Vadodara(Baroda),Vadodara(Sayajipura),Gram Raw(Chholia),Other,FAQ,2018-10-30 00:00:00,3000.0,4000.0,3550.0,359
Gujarat,Vadodara(Baroda),Vadodara(Sayajipura),Gram Raw(Chholia),Other,FAQ,2018-11-13 00:00:00,1300.0,1500.0,1400.0,359
Gujarat,Vadodara(Baroda),Vadodara(Sayajipura),Gram Raw(Chholia),Other,FAQ,2018-11-23 00:00:00,1500.0,2000.0,1750.0,359
Gujarat,Vadodara(Baroda),Vadodara(Sayajipura),Gram Raw(Chholia),Other,FAQ,2018-11-29 00:00:00,2000.0,2500.0,2300.0,359
Gujarat,Vadodara(Baroda),Vadodara(Sayajipura),Gram Raw(Chholia),Other,FAQ,2018-12-08 00:00:00,1250.0,1500.0,1400.0,359
Gujarat,Vadodara(Baroda),Vadodara(Sayajipura),Gram Raw(Chholia),Other,FAQ,2018-12-20 00:00:00,2500.0,3000.0,2800.0,359
Gujarat,Vadodara(Baroda),Vadodara(Sayajipura),Gram Raw(Chholia),Other,FAQ,2018-12-22 00:00:00,2500.0,3000.0,2800.0,359
Gujarat,Vadodara(Baroda),Vadodara(Sayajipura),Gram Raw(Chholia),Other,FAQ,2018-12-24 00:00:00,2500.0,3000.0,2800.0,359
Gujarat,Ahmedabad,Dholka(Koth),Gram Raw(Chholia),Other,FAQ,2018-05-26 00:00:00,1000.0,1800.0,1600.0,359
Gujarat,Ahmedabad,Dholka(Koth),Gram Raw(Chholia),Other,FAQ,2018-05-29 00:00:00,1100.0,1700.0,1600.0,359
Gujarat,Ahmedabad,Dholka(Koth),Gram Raw(Chholia),Other,FAQ,2018-06-12 00:00:00,1000.0,1600.0,1400.0,359
Gujarat,Ahmedabad,Dholka(Koth),Gram Raw(Chholia),Other,FAQ,2018-07-19 00:00:00,1200.0,1700.0,1400.0,359
Gujarat,Ahmedabad,Dholka(Koth),Gram Raw(Chholia),Other,FAQ,2018-07-23 00:00:00,1300.0,1600.0,1500.0,359
Gujarat,Ahmedabad,Dholka(Koth),Gram Raw(Chholia),Other,FAQ,2018-08-02 00:00:00,1500.0,1650.0,1600.0,359
Gujarat,Ahmedabad,Dholka(Koth),Gram Raw(Chholia),Other,FAQ,2018-08-08 00:00:00,1200.0,1500.0,1350.0,359
Gujarat,Ahmedabad,Dholka(Koth),Gram Raw(Chholia),Other,FAQ,2019-01-05 00:00:00,1200.0,1400.0,1300.0,359
Gujarat,Ahmedabad,Dholka(Koth),Gram Raw(Chholia),Other,FAQ,2019-01-16 00:00:00,1300.0,1500.0,1400.0,359
Gujarat,Ahmedabad,Dholka(Koth),Gram Raw(Chholia),Other,FAQ,2019-01-19 00:00:00,1200.0,1400.0,1300.0,359
Gujarat,Surat,Vyra,Gram Raw(Chholia),Other,FAQ,2019-01-23 00:00:00,2000.0,2500.0,2250.0,359
Gujarat,Surat,Vyra,Gram Raw(Chholia),Other,FAQ,2019-02-11 00:00:00,2000.0,2500.0,2250.0,359
Gujarat,Surat,Vyra,Gram Raw(Chholia),Other,FAQ,2019-02-18 00:00:00,2000.0,2500.0,2250.0,359
Gujarat,Surat,Vyra,Gram Raw(Chholia),Other,FAQ,2019-02-21 00:00:00,2000.0,2500.0,2250.0,359
Gujarat,Surat,Vyra,Gram Raw(Chholia),Other,FAQ,2019-02-22 00:00:00,1750.0,2250.0,2000.0,359
Gujarat,Surat,Vyra,Gram Raw(Chholia),Other,FAQ,2019-02-27 00:00:00,2000.0,2500.0,2250.0,359
Gujarat,Surat,Vyra,Gram Raw(Chholia),Other,FAQ,2019-03-04 00:00:00,1750.0,2250.0,2000.0,359
Gujarat,Surat,Vyra,Gram Raw(Chholia),Other,FAQ,2019-03-12 00:00:00,1500.0,2000.0,1750.0,359
Gujarat,Surat,Vyra,Gram Raw(Chholia),Other,FAQ,2019-03-23 00:00:00,1750.0,2750.0,2250.0,359
Gujarat,Surat,Vyra,Gram Raw(Chholia),Other,FAQ,2019-03-25 00:00:00,2000.0,2500.0,2250.0,359
Gujarat,Surat,Vyra,Gram Raw(Chholia),Other,FAQ,2019-04-04 00:00:00,2500.0,3000.0,2700.0,359
Gujarat,Surat,Vyra,Gram Raw(Chholia),Other,FAQ,2019-04-13 00:00:00,3500.0,4250.0,3850.0,359
Gujarat,Surat,Vyra,Gram Raw(Chholia),Other,FAQ,2019-04-18 00:00:00,3500.0,4250.0,3650.0,359
Gujarat,Surat,Vyra,Gram Raw(Chholia),Other,FAQ,2019-04-26 00:00:00,2000.0,4500.0,3250.0,359
Gujarat,Surat,Vyra,Gram Raw(Chholia),Other,FAQ,2019-05-01 00:00:00,2250.0,2750.0,2500.0,359
Gujarat,Surat,Vyra,Gram Raw(Chholia),Other,FAQ,2019-05-07 00:00:00,1750.0,2750.0,2250.0,359
Gujarat,Surat,Vyra,Gram Raw(Chholia),Other,FAQ,2019-05-24 00:00:00,1000.0,1500.0,1250.0,359
Gujarat,Surat,Vyra,Gram Raw(Chholia),Other,FAQ,2019-06-04 00:00:00,1500.0,2000.0,1750.0,359
Gujarat,Surat,Vyra,Gram Raw(Chholia),Other,FAQ,2019-06-07 00:00:00,2000.0,3000.0,2500.0,359
Gujarat,Surat,Vyra,Gram Raw(Chholia),Other,FAQ,2019-06-19 00:00:00,4000.0,4500.0,4250.0,359
Gujarat,Surat,Vyra,Gram Raw(Chholia),Other,FAQ,2019-06-27 00:00:00,3000.0,3500.0,3250.0,359
Gujarat,Surat,Vyra,Gram Raw(Chholia),Other,FAQ,2019-07-15 00:00:00,3000.0,5000.0,4000.0,359
Gujarat,Surat,Vyra,Gram Raw(Chholia),Other,FAQ,2019-07-18 00:00:00,4500.0,5000.0,4750.0,359
Gujarat,Surat,Vyra,Gram Raw(Chholia),Other,FAQ,2019-07-20 00:00:00,3250.0,3500.0,3375.0,359
Gujarat,Surat,Vyra,Gram Raw(Chholia),Other,FAQ,2019-07-22 00:00:00,4500.0,6000.0,5250.0,359
Gujarat,Surat,Vyra,Gram Raw(Chholia),Other,FAQ,2019-07-26 00:00:00,2500.0,3000.0,2750.0,359
Gujarat,Surat,Vyra,Gram Raw(Chholia),Other,FAQ,2019-09-05 00:00:00,1500.0,3000.0,2250.0,359
Gujarat,Surat,Vyra,Gram Raw(Chholia),Other,FAQ,2019-09-13 00:00:00,1000.0,2500.0,1750.0,359
Gujarat,Surat,Vyra,Gram Raw(Chholia),Other,FAQ,2019-09-19 00:00:00,4500.0,5000.0,4750.0,359
Gujarat,Surat,Vyra,Gram Raw(Chholia),Other,FAQ,2019-09-21 00:00:00,5000.0,5500.0,5250.0,359
Gujarat,Surat,Vyra,Gram Raw(Chholia),Other,FAQ,2019-09-23 00:00:00,3500.0,5500.0,4500.0,359
Gujarat,Surat,Vyra,Gram Raw(Chholia),Other,FAQ,2019-09-26 00:00:00,5000.0,6500.0,5750.0,359
Gujarat,Surat,Vyra,Gram Raw(Chholia),Other,FAQ,2019-10-10 00:00:00,5000.0,6000.0,5500.0,359
Gujarat,Surat,Vyra,Gram Raw(Chholia),Other,FAQ,2019-10-19 00:00:00,5000.0,5500.0,5250.0,359
Gujarat,Surat,Vyra,Gram Raw(Chholia),Other,FAQ,2019-11-01 00:00:00,2500.0,4500.0,3500.0,359
Gujarat,Surat,Vyra,Gram Raw(Chholia),Other,FAQ,2019-11-04 00:00:00,3000.0,3500.0,3250.0,359
Gujarat,Surat,Vyra,Gram Raw(Chholia),Other,FAQ,2019-11-14 00:00:00,4500.0,5000.0,4750.0,359
Gujarat,Surat,Vyra,Gram Raw(Chholia),Other,FAQ,2019-11-18 00:00:00,4000.0,5000.0,4500.0,359
Gujarat,Surat,Vyra,Gram Raw(Chholia),Other,FAQ,2019-11-19 00:00:00,3500.0,4000.0,3750.0,359
Gujarat,Surat,Vyra,Gram Raw(Chholia),Other,FAQ,2019-11-23 00:00:00,3500.0,4500.0,4000.0,359
Gujarat,Surat,Vyra,Gram Raw(Chholia),Other,FAQ,2019-11-25 00:00:00,3750.0,4750.0,4250.0,359
Gujarat,Surat,Vyra,Gram Raw(Chholia),Other,FAQ,2019-11-26 00:00:00,2750.0,3250.0,3000.0,359
Gujarat,Surat,Vyra,Gram Raw(Chholia),Other,FAQ,2019-12-06 00:00:00,1250.0,2750.0,2000.0,359
Gujarat,Surat,Vyra,Gram Raw(Chholia),Other,FAQ,2019-12-10 00:00:00,2000.0,2500.0,2250.0,359
Gujarat,Surat,Vyra,Gram Raw(Chholia),Other,FAQ,2019-12-24 00:00:00,2500.0,2750.0,2625.0,359
Gujarat,Vadodara(Baroda),Vadodara(Sayajipura),Gram Raw(Chholia),Other,FAQ,2019-01-03 00:00:00,2000.0,3250.0,2650.0,359
Gujarat,Vadodara(Baroda),Vadodara(Sayajipura),Gram Raw(Chholia),Other,FAQ,2019-01-15 00:00:00,2000.0,2500.0,2300.0,359
Gujarat,Vadodara(Baroda),Vadodara(Sayajipura),Gram Raw(Chholia),Other,FAQ,2019-01-25 00:00:00,2000.0,3000.0,2550.0,359
Gujarat,Vadodara(Baroda),Vadodara(Sayajipura),Gram Raw(Chholia),Other,FAQ,2019-01-30 00:00:00,2500.0,3000.0,2800.0,359
Gujarat,Vadodara(Baroda),Vadodara(Sayajipura),Gram Raw(Chholia),Other,FAQ,2019-01-31 00:00:00,2500.0,3000.0,2800.0,359
Gujarat,Vadodara(Baroda),Vadodara(Sayajipura),Gram Raw(Chholia),Other,FAQ,2019-02-03 00:00:00,2500.0,3500.0,3050.0,359
Gujarat,Vadodara(Baroda),Vadodara(Sayajipura),Gram Raw(Chholia),Other,FAQ,2019-02-11 00:00:00,2000.0,3000.0,2550.0,359
Gujarat,Vadodara(Baroda),Vadodara(Sayajipura),Gram Raw(Chholia),Other,FAQ,2019-02-18 00:00:00,1500.0,2500.0,2050.0,359
Gujarat,Vadodara(Baroda),Vadodara(Sayajipura),Gram Raw(Chholia),Other,FAQ,2019-02-21 00:00:00,1500.0,2500.0,2050.0,359
Gujarat,Vadodara(Baroda),Vadodara(Sayajipura),Gram Raw(Chholia),Other,FAQ,2019-02-27 00:00:00,2000.0,3000.0,2525.0,359
Gujarat,Vadodara(Baroda),Vadodara(Sayajipura),Gram Raw(Chholia),Other,FAQ,2019-03-04 00:00:00,2000.0,2500.0,2250.0,359
Gujarat,Vadodara(Baroda),Vadodara(Sayajipura),Gram Raw(Chholia),Other,FAQ,2019-03-25 00:00:00,2500.0,3500.0,3050.0,359
Gujarat,Vadodara(Baroda),Vadodara(Sayajipura),Gram Raw(Chholia),Other,FAQ,2019-03-29 00:00:00,2000.0,3800.0,3500.0,359
Gujarat,Vadodara(Baroda),Vadodara(Sayajipura),Gram Raw(Chholia),Other,FAQ,2019-03-30 00:00:00,2000.0,3500.0,2800.0,359
Gujarat,Vadodara(Baroda),Vadodara(Sayajipura),Gram Raw(Chholia),Other,FAQ,2019-04-02 00:00:00,1500.0,2500.0,2050.0,359
Gujarat,Vadodara(Baroda),Vadodara(Sayajipura),Gram Raw(Chholia),Other,FAQ,2019-04-06 00:00:00,2000.0,2500.0,2300.0,359
Gujarat,Vadodara(Baroda),Vadodara(Sayajipura),Gram Raw(Chholia),Other,FAQ,2019-04-08 00:00:00,2500.0,3500.0,3025.0,359
Gujarat,Vadodara(Baroda),Vadodara(Sayajipura),Gram Raw(Chholia),Other,FAQ,2019-04-22 00:00:00,2500.0,4000.0,3300.0,359
Gujarat,Vadodara(Baroda),Vadodara(Sayajipura),Gram Raw(Chholia),Other,FAQ,2019-04-24 00:00:00,3000.0,5000.0,4025.0,359
Gujarat,Vadodara(Baroda),Vadodara(Sayajipura),Gram Raw(Chholia),Other,FAQ,2019-05-13 00:00:00,1500.0,2000.0,1800.0,359
Gujarat,Vadodara(Baroda),Vadodara(Sayajipura),Gram Raw(Chholia),Other,FAQ,2019-05-18 00:00:00,1500.0,2000.0,1800.0,359
Gujarat,Vadodara(Baroda),Vadodara(Sayajipura),Gram Raw(Chholia),Other,FAQ,2019-05-30 00:00:00,1500.0,2000.0,1800.0,359
Gujarat,Vadodara(Baroda),Vadodara(Sayajipura),Gram Raw(Chholia),Other,FAQ,2019-06-04 00:00:00,1500.0,2000.0,1800.0,359
Gujarat,Vadodara(Baroda),Vadodara(Sayajipura),Gram Raw(Chholia),Other,FAQ,2019-06-09 00:00:00,1500.0,2500.0,2050.0,359
Gujarat,Vadodara(Baroda),Vadodara(Sayajipura),Gram Raw(Chholia),Other,FAQ,2019-06-24 00:00:00,2000.0,2500.0,2300.0,359
Gujarat,Vadodara(Baroda),Vadodara(Sayajipura),Gram Raw(Chholia),Other,FAQ,2019-06-27 00:00:00,2000.0,2500.0,2300.0,359
Gujarat,Vadodara(Baroda),Vadodara(Sayajipura),Gram Raw(Chholia),Other,FAQ,2019-06-28 00:00:00,3000.0,3500.0,3300.0,359
Gujarat,Vadodara(Baroda),Vadodara(Sayajipura),Gram Raw(Chholia),Other,FAQ,2019-06-30 00:00:00,2000.0,2500.0,2300.0,359
Gujarat,Vadodara(Baroda),Vadodara(Sayajipura),Gram Raw(Chholia),Other,FAQ,2019-07-04 00:00:00,2000.0,2250.0,2150.0,359
Gujarat,Vadodara(Baroda),Vadodara(Sayajipura),Gram Raw(Chholia),Other,FAQ,2019-07-11 00:00:00,3000.0,4000.0,3550.0,359
Gujarat,Vadodara(Baroda),Vadodara(Sayajipura),Gram Raw(Chholia),Other,FAQ,2019-07-15 00:00:00,3000.0,4500.0,3800.0,359
Gujarat,Vadodara(Baroda),Vadodara(Sayajipura),Gram Raw(Chholia),Other,FAQ,2019-07-27 00:00:00,2500.0,3000.0,2800.0,359
Gujarat,Vadodara(Baroda),Vadodara(Sayajipura),Gram Raw(Chholia),Other,FAQ,2019-07-28 00:00:00,2500.0,3000.0,2800.0,359
Gujarat,Vadodara(Baroda),Vadodara(Sayajipura),Gram Raw(Chholia),Other,FAQ,2019-07-29 00:00:00,2500.0,4000.0,3275.0,359
Gujarat,Vadodara(Baroda),Vadodara(Sayajipura),Gram Raw(Chholia),Other,FAQ,2019-08-02 00:00:00,3500.0,4500.0,4050.0,359
Gujarat,Vadodara(Baroda),Vadodara(Sayajipura),Gram Raw(Chholia),Other,FAQ,2019-08-03 00:00:00,4500.0,5000.0,4550.0,359
Gujarat,Vadodara(Baroda),Vadodara(Sayajipura),Gram Raw(Chholia),Other,FAQ,2019-08-22 00:00:00,2500.0,4500.0,3550.0,359
Gujarat,Vadodara(Baroda),Vadodara(Sayajipura),Gram Raw(Chholia),Other,FAQ,2019-09-05 00:00:00,2000.0,5000.0,3550.0,359
Gujarat,Vadodara(Baroda),Vadodara(Sayajipura),Gram Raw(Chholia),Other,FAQ,2019-09-23 00:00:00,5000.0,6000.0,5550.0,359
Gujarat,Vadodara(Baroda),Vadodara(Sayajipura),Gram Raw(Chholia),Other,FAQ,2019-09-30 00:00:00,5000.0,5500.0,5300.0,359
Gujarat,Vadodara(Baroda),Vadodara(Sayajipura),Gram Raw(Chholia),Other,FAQ,2019-10-08 00:00:00,6000.0,8000.0,7080.0,359
Gujarat,Vadodara(Baroda),Vadodara(Sayajipura),Gram Raw(Chholia),Other,FAQ,2019-11-03 00:00:00,2250.0,3000.0,2650.0,359
Gujarat,Vadodara(Baroda),Vadodara(Sayajipura),Gram Raw(Chholia),Other,FAQ,2019-11-17 00:00:00,3500.0,4000.0,3800.0,359
Gujarat,Vadodara(Baroda),Vadodara(Sayajipura),Gram Raw(Chholia),Other,FAQ,2019-11-23 00:00:00,3500.0,4000.0,3800.0,359
Gujarat,Vadodara(Baroda),Vadodara(Sayajipura),Gram Raw(Chholia),Other,FAQ,2019-11-24 00:00:00,3500.0,4000.0,3800.0,359
Gujarat,Vadodara(Baroda),Vadodara(Sayajipura),Gram Raw(Chholia),Other,FAQ,2019-12-11 00:00:00,3000.0,3500.0,3200.0,359
Gujarat,Vadodara(Baroda),Vadodara(Sayajipura),Gram Raw(Chholia),Other,FAQ,2019-12-20 00:00:00,3500.0,4500.0,4050.0,359
Gujarat,Vadodara(Baroda),Vadodara(Sayajipura),Gram Raw(Chholia),Other,FAQ,2019-12-25 00:00:00,2500.0,3500.0,3050.0,359
Gujarat,Ahmedabad,Dholka,Gram Raw(Chholia),Gram Raw(Chholia),FAQ,2005-09-04 00:00:00,400.0,500.0,450.0,359
Gujarat,Ahmedabad,Dholka,Gram Raw(Chholia),Gram Raw(Chholia),FAQ,2005-09-19 00:00:00,500.0,750.0,625.0,359
Gujarat,Ahmedabad,Dholka,Gram Raw(Chholia),Gram Raw(Chholia),FAQ,2005-09-22 00:00:00,1000.0,1250.0,1125.0,359
Gujarat,Ahmedabad,Dholka,Gram Raw(Chholia),Gram Raw(Chholia),FAQ,2005-09-26 00:00:00,750.0,1250.0,1000.0,359
Gujarat,Ahmedabad,Dholka,Gram Raw(Chholia),Gram Raw(Chholia),FAQ,2005-10-01 00:00:00,1100.0,1400.0,1250.0,359
Gujarat,Ahmedabad,Dholka,Gram Raw(Chholia),Gram Raw(Chholia),FAQ,2005-10-02 00:00:00,1000.0,1300.0,1200.0,359
Gujarat,Ahmedabad,Dholka,Gram Raw(Chholia),Gram Raw(Chholia),FAQ,2005-10-10 00:00:00,700.0,1000.0,850.0,359
Gujarat,Ahmedabad,Dholka,Gram Raw(Chholia),Gram Raw(Chholia),FAQ,2005-10-14 00:00:00,450.0,1000.0,725.0,359
Gujarat,Ahmedabad,Dholka,Gram Raw(Chholia),Gram Raw(Chholia),FAQ,2005-10-20 00:00:00,200.0,500.0,350.0,359
Gujarat,Ahmedabad,Dholka,Gram Raw(Chholia),Gram Raw(Chholia),FAQ,2005-10-21 00:00:00,900.0,1000.0,950.0,359
Gujarat,Ahmedabad,Dholka,Gram Raw(Chholia),Gram Raw(Chholia),FAQ,2005-10-22 00:00:00,500.0,700.0,600.0,359
Gujarat,Ahmedabad,Dholka,Gram Raw(Chholia),Gram Raw(Chholia),FAQ,2005-10-26 00:00:00,350.0,500.0,425.0,359
Gujarat,Ahmedabad,Dholka,Gram Raw(Chholia),Gram Raw(Chholia),FAQ,2005-10-30 00:00:00,400.0,750.0,500.0,359
Gujarat,Ahmedabad,Dholka,Gram Raw(Chholia),Gram Raw(Chholia),FAQ,2005-11-06 00:00:00,450.0,750.0,500.0,359
Gujarat,Ahmedabad,Dholka,Gram Raw(Chholia),Gram Raw(Chholia),FAQ,2005-11-21 00:00:00,900.0,900.0,900.0,359
Gujarat,Ahmedabad,Dholka,Gram Raw(Chholia),Gram Raw(Chholia),FAQ,2005-11-22 00:00:00,450.0,700.0,575.0,359
Gujarat,Ahmedabad,Dholka,Gram Raw(Chholia),Gram Raw(Chholia),FAQ,2005-11-26 00:00:00,500.0,500.0,500.0,359
Gujarat,Botad,Botad,Gram Raw(Chholia),Other,FAQ,2005-10-08 00:00:00,800.0,1200.0,1000.0,359
Gujarat,Botad,Botad,Gram Raw(Chholia),Other,FAQ,2005-10-11 00:00:00,800.0,1100.0,950.0,359
Gujarat,Botad,Botad,Gram Raw(Chholia),Other,FAQ,2005-10-16 00:00:00,550.0,1120.0,800.0,359
Gujarat,Botad,Botad,Gram Raw(Chholia),Other,FAQ,2005-10-21 00:00:00,500.0,700.0,600.0,359
Gujarat,Botad,Botad,Gram Raw(Chholia),Other,FAQ,2005-10-26 00:00:00,300.0,600.0,450.0,359
Gujarat,Botad,Botad,Gram Raw(Chholia),Other,FAQ,2005-10-28 00:00:00,500.0,750.0,625.0,359
Gujarat,Botad,Botad,Gram Raw(Chholia),Other,FAQ,2005-10-31 00:00:00,500.0,950.0,725.0,359
Gujarat,Botad,Botad,Gram Raw(Chholia),Other,FAQ,2005-11-07 00:00:00,755.0,1080.0,900.0,359
Gujarat,Botad,Botad,Gram Raw(Chholia),Other,FAQ,2005-11-13 00:00:00,650.0,850.0,750.0,359
Gujarat,Botad,Botad,Gram Raw(Chholia),Other,FAQ,2005-11-15 00:00:00,500.0,750.0,625.0,359
Gujarat,Botad,Botad,Gram Raw(Chholia),Other,FAQ,2005-11-16 00:00:00,500.0,950.0,725.0,359
Gujarat,Botad,Botad,Gram Raw(Chholia),Other,FAQ,2005-11-26 00:00:00,500.0,835.0,650.0,359
Gujarat,Botad,Botad,Gram Raw(Chholia),Other,FAQ,2005-11-29 00:00:00,500.0,750.0,625.0,359
Gujarat,Botad,Botad,Gram Raw(Chholia),Other,FAQ,2005-11-30 00:00:00,505.0,700.0,600.0,359
Gujarat,Botad,Botad,Gram Raw(Chholia),Other,FAQ,2005-12-06 00:00:00,395.0,800.0,600.0,359
Gujarat,Botad,Botad,Gram Raw(Chholia),Other,FAQ,2005-12-13 00:00:00,665.0,900.0,775.0,359
Gujarat,Botad,Botad,Gram Raw(Chholia),Other,FAQ,2005-12-18 00:00:00,500.0,700.0,600.0,359
Gujarat,Botad,Botad,Gram Raw(Chholia),Other,FAQ,2005-12-23 00:00:00,500.0,850.0,675.0,359
Gujarat,Botad,Botad,Gram Raw(Chholia),Other,FAQ,2005-12-28 00:00:00,700.0,1050.0,875.0,359
Gujarat,Vadodara(Baroda),Vadodara,Gram Raw(Chholia),Gram Raw(Chholia),FAQ,2005-10-01 00:00:00,900.0,1300.0,1200.0,359
Gujarat,Vadodara(Baroda),Vadodara,Gram Raw(Chholia),Gram Raw(Chholia),FAQ,2005-10-03 00:00:00,500.0,1300.0,1200.0,359
Gujarat,Vadodara(Baroda),Vadodara,Gram Raw(Chholia),Gram Raw(Chholia),FAQ,2005-10-06 00:00:00,350.0,1200.0,1100.0,359
Gujarat,Vadodara(Baroda),Vadodara,Gram Raw(Chholia),Gram Raw(Chholia),FAQ,2005-10-24 00:00:00,300.0,600.0,450.0,359
Gujarat,Vadodara(Baroda),Vadodara,Gram Raw(Chholia),Gram Raw(Chholia),FAQ,2005-10-29 00:00:00,500.0,900.0,800.0,359
Gujarat,Vadodara(Baroda),Vadodara,Gram Raw(Chholia),Gram Raw(Chholia),FAQ,2005-10-30 00:00:00,400.0,800.0,650.0,359
Gujarat,Vadodara(Baroda),Vadodara,Gram Raw(Chholia),Other,FAQ,2005-11-17 00:00:00,400.0,750.0,600.0,359
Gujarat,Vadodara(Baroda),Vadodara,Gram Raw(Chholia),Other,FAQ,2005-11-22 00:00:00,300.0,650.0,400.0,359
Gujarat,Vadodara(Baroda),Vadodara,Gram Raw(Chholia),Other,FAQ,2005-11-26 00:00:00,500.0,800.0,600.0,359
Gujarat,Vadodara(Baroda),Vadodara,Gram Raw(Chholia),Other,FAQ,2005-11-27 00:00:00,500.0,800.0,650.0,359
Gujarat,Vadodara(Baroda),Vadodara,Gram Raw(Chholia),Other,FAQ,2005-11-29 00:00:00,500.0,800.0,700.0,359
Gujarat,Vadodara(Baroda),Vadodara,Gram Raw(Chholia),Other,FAQ,2005-12-20 00:00:00,400.0,700.0,600.0,359
Gujarat,Ahmedabad,Dholka,Gram Raw(Chholia),Gram Raw(Chholia),FAQ,2006-06-01 00:00:00,550.0,750.0,650.0,359
Gujarat,Ahmedabad,Dholka,Gram Raw(Chholia),Gram Raw(Chholia),FAQ,2006-06-09 00:00:00,600.0,750.0,700.0,359
Gujarat,Ahmedabad,Dholka,Gram Raw(Chholia),Gram Raw(Chholia),FAQ,2006-06-16 00:00:00,650.0,850.0,750.0,359
Gujarat,Ahmedabad,Dholka,Gram Raw(Chholia),Gram Raw(Chholia),FAQ,2006-06-21 00:00:00,400.0,500.0,450.0,359
Gujarat,Ahmedabad,Dholka,Gram Raw(Chholia),Gram Raw(Chholia),FAQ,2006-06-23 00:00:00,800.0,800.0,800.0,359
Gujarat,Ahmedabad,Dholka,Gram Raw(Chholia),Gram Raw(Chholia),FAQ,2006-07-21 00:00:00,500.0,550.0,525.0,359
Gujarat,Ahmedabad,Dholka,Gram Raw(Chholia),Gram Raw(Chholia),FAQ,2006-07-23 00:00:00,500.0,900.0,800.0,359
Gujarat,Ahmedabad,Dholka,Gram Raw(Chholia),Gram Raw(Chholia),FAQ,2006-08-07 00:00:00,1400.0,1600.0,1500.0,359
Gujarat,Botad,Botad,Gram Raw(Chholia),Other,FAQ,2006-01-13 00:00:00,800.0,1000.0,900.0,359
Gujarat,Botad,Botad,Gram Raw(Chholia),Other,FAQ,2006-01-29 00:00:00,350.0,900.0,600.0,359
Gujarat,Botad,Botad,Gram Raw(Chholia),Other,FAQ,2006-02-25 00:00:00,570.0,630.0,600.0,359
Gujarat,Botad,Botad,Gram Raw(Chholia),Other,FAQ,2006-03-08 00:00:00,1500.0,1750.0,1625.0,359
Gujarat,Botad,Botad,Gram Raw(Chholia),Other,FAQ,2006-03-17 00:00:00,1250.0,1750.0,1500.0,359
Gujarat,Botad,Botad,Gram Raw(Chholia),Other,FAQ,2006-04-01 00:00:00,595.0,1360.0,1000.0,359
Gujarat,Botad,Botad,Gram Raw(Chholia),Other,FAQ,2006-04-03 00:00:00,1000.0,1255.0,1125.0,359
Gujarat,Botad,Botad,Gram Raw(Chholia),Other,FAQ,2006-04-07 00:00:00,350.0,1445.0,900.0,359
Gujarat,Botad,Botad,Gram Raw(Chholia),Other,FAQ,2006-04-08 00:00:00,800.0,1000.0,900.0,359
Gujarat,Botad,Botad,Gram Raw(Chholia),Other,FAQ,2006-04-16 00:00:00,500.0,1100.0,800.0,359
Gujarat,Botad,Botad,Gram Raw(Chholia),Other,FAQ,2006-04-17 00:00:00,700.0,1300.0,1000.0,359
Gujarat,Botad,Botad,Gram Raw(Chholia),Other,FAQ,2006-04-18 00:00:00,600.0,1050.0,825.0,359
Gujarat,Botad,Botad,Gram Raw(Chholia),Other,FAQ,2006-04-20 00:00:00,800.0,1100.0,950.0,359
Gujarat,Botad,Botad,Gram Raw(Chholia),Other,FAQ,2006-04-25 00:00:00,300.0,950.0,625.0,359
Gujarat,Botad,Botad,Gram Raw(Chholia),Other,FAQ,2006-04-27 00:00:00,700.0,1000.0,850.0,359
Gujarat,Botad,Botad,Gram Raw(Chholia),Other,FAQ,2006-04-28 00:00:00,400.0,875.0,625.0,359
Gujarat,Botad,Botad,Gram Raw(Chholia),Other,FAQ,2006-05-02 00:00:00,500.0,825.0,675.0,359
Gujarat,Botad,Botad,Gram Raw(Chholia),Other,FAQ,2006-05-05 00:00:00,450.0,725.0,600.0,359
Gujarat,Botad,Botad,Gram Raw(Chholia),Other,FAQ,2006-05-22 00:00:00,550.0,1115.0,850.0,359
Gujarat,Botad,Botad,Gram Raw(Chholia),Other,FAQ,2006-05-30 00:00:00,450.0,880.0,675.0,359
Gujarat,Botad,Botad,Gram Raw(Chholia),Other,FAQ,2006-06-11 00:00:00,625.0,1300.0,975.0,359
Gujarat,Botad,Botad,Gram Raw(Chholia),Other,FAQ,2006-06-12 00:00:00,600.0,1000.0,800.0,359
Gujarat,Botad,Botad,Gram Raw(Chholia),Other,FAQ,2006-06-16 00:00:00,400.0,1250.0,825.0,359
Gujarat,Botad,Botad,Gram Raw(Chholia),Other,FAQ,2006-06-24 00:00:00,200.0,600.0,400.0,359
Gujarat,Botad,Botad,Gram Raw(Chholia),Other,FAQ,2006-06-29 00:00:00,750.0,1200.0,975.0,359
Gujarat,Botad,Botad,Gram Raw(Chholia),Other,FAQ,2006-07-09 00:00:00,580.0,1300.0,1000.0,359
Gujarat,Botad,Botad,Gram Raw(Chholia),Other,FAQ,2006-07-10 00:00:00,1000.0,1500.0,1250.0,359
Gujarat,Botad,Botad,Gram Raw(Chholia),Other,FAQ,2006-07-20 00:00:00,400.0,600.0,500.0,359
Gujarat,Botad,Botad,Gram Raw(Chholia),Other,FAQ,2006-07-26 00:00:00,500.0,975.0,750.0,359
Gujarat,Botad,Botad,Gram Raw(Chholia),Other,FAQ,2006-08-03 00:00:00,400.0,1275.0,850.0,359
Gujarat,Botad,Botad,Gram Raw(Chholia),Other,FAQ,2006-08-04 00:00:00,375.0,1200.0,800.0,359
Gujarat,Botad,Botad,Gram Raw(Chholia),Other,FAQ,2006-08-06 00:00:00,625.0,1515.0,1075.0,359
Gujarat,Botad,Botad,Gram Raw(Chholia),Other,FAQ,2006-08-17 00:00:00,600.0,1625.0,1125.0,359
Gujarat,Botad,Botad,Gram Raw(Chholia),Other,FAQ,2006-08-30 00:00:00,350.0,1375.0,875.0,359
Gujarat,Botad,Botad,Gram Raw(Chholia),Other,FAQ,2006-09-14 00:00:00,550.0,1000.0,775.0,359
Gujarat,Botad,Botad,Gram Raw(Chholia),Other,FAQ,2006-09-16 00:00:00,375.0,1000.0,700.0,359
Gujarat,Botad,Botad,Gram Raw(Chholia),Other,FAQ,2006-09-19 00:00:00,250.0,1250.0,750.0,359
Gujarat,Botad,Botad,Gram Raw(Chholia),Other,FAQ,2006-09-22 00:00:00,375.0,1375.0,875.0,359
Gujarat,Botad,Botad,Gram Raw(Chholia),Other,FAQ,2006-10-02 00:00:00,550.0,1550.0,1050.0,359
Gujarat,Botad,Botad,Gram Raw(Chholia),Other,FAQ,2006-10-03 00:00:00,750.0,1250.0,1000.0,359
Gujarat,Botad,Botad,Gram Raw(Chholia),Other,FAQ,2006-10-07 00:00:00,750.0,1750.0,1250.0,359
Gujarat,Botad,Botad,Gram Raw(Chholia),Other,FAQ,2006-10-22 00:00:00,1000.0,2250.0,1625.0,359
Gujarat,Botad,Botad,Gram Raw(Chholia),Other,FAQ,2006-10-30 00:00:00,500.0,1250.0,875.0,359
Gujarat,Botad,Botad,Gram Raw(Chholia),Other,FAQ,2006-11-04 00:00:00,700.0,1300.0,1000.0,359
Gujarat,Botad,Botad,Gram Raw(Chholia),Other,FAQ,2006-12-03 00:00:00,1250.0,1800.0,1525.0,359
Gujarat,Botad,Botad,Gram Raw(Chholia),Other,FAQ,2006-12-05 00:00:00,750.0,1400.0,1075.0,359
Gujarat,Botad,Botad,Gram Raw(Chholia),Other,FAQ,2006-12-06 00:00:00,900.0,1550.0,1225.0,359
Gujarat,Botad,Botad,Gram Raw(Chholia),Other,FAQ,2006-12-07 00:00:00,750.0,1650.0,1200.0,359
Gujarat,Botad,Botad,Gram Raw(Chholia),Other,FAQ,2006-12-09 00:00:00,750.0,1100.0,925.0,359
Gujarat,Botad,Botad,Gram Raw(Chholia),Other,FAQ,2006-12-16 00:00:00,650.0,1250.0,950.0,359
Gujarat,Botad,Botad,Gram Raw(Chholia),Other,FAQ,2006-12-20 00:00:00,800.0,1100.0,950.0,359
Gujarat,Botad,Botad,Gram Raw(Chholia),Other,FAQ,2006-12-21 00:00:00,1000.0,1250.0,1125.0,359
Gujarat,Botad,Botad,Gram Raw(Chholia),Other,FAQ,2006-12-26 00:00:00,1000.0,1300.0,1150.0,359
Gujarat,Botad,Botad,Gram Raw(Chholia),Other,FAQ,2006-12-27 00:00:00,1000.0,1350.0,1175.0,359
Gujarat,Vadodara(Baroda),Vadodara,Gram Raw(Chholia),Other,FAQ,2006-01-18 00:00:00,700.0,900.0,800.0,359
Gujarat,Vadodara(Baroda),Vadodara,Gram Raw(Chholia),Other,FAQ,2006-02-04 00:00:00,500.0,1000.0,750.0,359
Gujarat,Vadodara(Baroda),Vadodara,Gram Raw(Chholia),Other,FAQ,2006-02-24 00:00:00,700.0,1000.0,800.0,359
Gujarat,Vadodara(Baroda),Vadodara,Gram Raw(Chholia),Other,FAQ,2006-03-12 00:00:00,650.0,1250.0,1050.0,359
Gujarat,Vadodara(Baroda),Vadodara,Gram Raw(Chholia),Other,FAQ,2006-03-16 00:00:00,600.0,1250.0,1050.0,359
Gujarat,Vadodara(Baroda),Vadodara,Gram Raw(Chholia),Other,FAQ,2006-03-17 00:00:00,600.0,1500.0,1000.0,359
Gujarat,Vadodara(Baroda),Vadodara,Gram Raw(Chholia),Other,FAQ,2006-03-27 00:00:00,600.0,1250.0,1000.0,359
Gujarat,Vadodara(Baroda),Vadodara,Gram Raw(Chholia),Other,FAQ,2006-04-02 00:00:00,500.0,1000.0,750.0,359
Gujarat,Vadodara(Baroda),Vadodara,Gram Raw(Chholia),Other,FAQ,2006-04-06 00:00:00,500.0,800.0,700.0,359
Gujarat,Vadodara(Baroda),Vadodara,Gram Raw(Chholia),Other,FAQ,2006-04-12 00:00:00,350.0,650.0,475.0,359
Gujarat,Vadodara(Baroda),Vadodara,Gram Raw(Chholia),Other,FAQ,2006-04-20 00:00:00,500.0,600.0,500.0,359
Gujarat,Vadodara(Baroda),Vadodara,Gram Raw(Chholia),Other,FAQ,2006-04-21 00:00:00,350.0,700.0,500.0,359
Gujarat,Vadodara(Baroda),Vadodara,Gram Raw(Chholia),Other,FAQ,2006-04-24 00:00:00,300.0,750.0,600.0,359
Gujarat,Vadodara(Baroda),Vadodara,Gram Raw(Chholia),Other,FAQ,2006-04-28 00:00:00,300.0,550.0,400.0,359
Gujarat,Vadodara(Baroda),Vadodara,Gram Raw(Chholia),Other,FAQ,2006-05-03 00:00:00,300.0,550.0,450.0,359
Gujarat,Vadodara(Baroda),Vadodara,Gram Raw(Chholia),Other,FAQ,2006-05-04 00:00:00,250.0,500.0,375.0,359
Gujarat,Vadodara(Baroda),Vadodara,Gram Raw(Chholia),Other,FAQ,2006-05-06 00:00:00,250.0,450.0,300.0,359
Gujarat,Vadodara(Baroda),Vadodara,Gram Raw(Chholia),Other,FAQ,2006-05-18 00:00:00,250.0,600.0,450.0,359
Gujarat,Vadodara(Baroda),Vadodara,Gram Raw(Chholia),Other,FAQ,2006-05-28 00:00:00,300.0,800.0,500.0,359
Gujarat,Vadodara(Baroda),Vadodara,Gram Raw(Chholia),Other,FAQ,2006-05-30 00:00:00,400.0,800.0,550.0,359
Gujarat,Vadodara(Baroda),Vadodara,Gram Raw(Chholia),Other,FAQ,2006-06-03 00:00:00,400.0,1000.0,650.0,359
Gujarat,Vadodara(Baroda),Vadodara,Gram Raw(Chholia),Other,FAQ,2006-06-05 00:00:00,300.0,800.0,500.0,359
Gujarat,Vadodara(Baroda),Vadodara,Gram Raw(Chholia),Other,FAQ,2006-06-09 00:00:00,400.0,1200.0,750.0,359
Gujarat,Vadodara(Baroda),Vadodara,Gram Raw(Chholia),Other,FAQ,2006-06-10 00:00:00,400.0,1000.0,750.0,359
Gujarat,Vadodara(Baroda),Vadodara,Gram Raw(Chholia),Other,FAQ,2006-06-20 00:00:00,500.0,650.0,575.0,359
Gujarat,Vadodara(Baroda),Vadodara,Gram Raw(Chholia),Other,FAQ,2006-07-01 00:00:00,400.0,1000.0,650.0,359
Gujarat,Vadodara(Baroda),Vadodara,Gram Raw(Chholia),Other,FAQ,2006-07-04 00:00:00,400.0,1250.0,800.0,359
Gujarat,Vadodara(Baroda),Vadodara,Gram Raw(Chholia),Other,FAQ,2006-07-11 00:00:00,500.0,1450.0,950.0,359
Gujarat,Vadodara(Baroda),Vadodara,Gram Raw(Chholia),Other,FAQ,2006-07-29 00:00:00,300.0,700.0,500.0,359
Gujarat,Vadodara(Baroda),Vadodara,Gram Raw(Chholia),Other,FAQ,2006-07-31 00:00:00,400.0,1000.0,750.0,359
Gujarat,Vadodara(Baroda),Vadodara,Gram Raw(Chholia),Other,FAQ,2006-08-03 00:00:00,350.0,1100.0,700.0,359
Gujarat,Vadodara(Baroda),Vadodara,Gram Raw(Chholia),Other,FAQ,2006-08-05 00:00:00,500.0,2000.0,1250.0,359
Gujarat,Vadodara(Baroda),Vadodara,Gram Raw(Chholia),Other,FAQ,2006-08-07 00:00:00,600.0,1600.0,1000.0,359
Gujarat,Vadodara(Baroda),Vadodara,Gram Raw(Chholia),Other,FAQ,2006-08-13 00:00:00,750.0,1500.0,1200.0,359
Gujarat,Vadodara(Baroda),Vadodara,Gram Raw(Chholia),Other,FAQ,2006-08-14 00:00:00,500.0,1250.0,850.0,359
Gujarat,Vadodara(Baroda),Vadodara,Gram Raw(Chholia),Other,FAQ,2006-08-24 00:00:00,500.0,1400.0,1000.0,359
Gujarat,Vadodara(Baroda),Vadodara,Gram Raw(Chholia),Other,FAQ,2006-08-30 00:00:00,500.0,1500.0,900.0,359
Gujarat,Vadodara(Baroda),Vadodara,Gram Raw(Chholia),Other,FAQ,2006-09-03 00:00:00,500.0,1500.0,1000.0,359
Gujarat,Vadodara(Baroda),Vadodara,Gram Raw(Chholia),Other,FAQ,2006-09-05 00:00:00,500.0,1000.0,750.0,359
Gujarat,Vadodara(Baroda),Vadodara,Gram Raw(Chholia),Other,FAQ,2006-09-07 00:00:00,500.0,1000.0,700.0,359
Gujarat,Vadodara(Baroda),Vadodara,Gram Raw(Chholia),Other,FAQ,2006-09-11 00:00:00,400.0,800.0,600.0,359
Gujarat,Vadodara(Baroda),Vadodara,Gram Raw(Chholia),Other,FAQ,2006-09-13 00:00:00,400.0,900.0,650.0,359
Gujarat,Vadodara(Baroda),Vadodara,Gram Raw(Chholia),Other,FAQ,2006-09-15 00:00:00,400.0,800.0,500.0,359
Gujarat,Vadodara(Baroda),Vadodara,Gram Raw(Chholia),Other,FAQ,2006-09-16 00:00:00,300.0,800.0,400.0,359
Gujarat,Vadodara(Baroda),Vadodara,Gram Raw(Chholia),Other,FAQ,2006-09-26 00:00:00,500.0,1400.0,800.0,359
Gujarat,Vadodara(Baroda),Vadodara,Gram Raw(Chholia),Other,FAQ,2006-09-28 00:00:00,500.0,1750.0,1225.0,359
Gujarat,Vadodara(Baroda),Vadodara,Gram Raw(Chholia),Other,FAQ,2006-09-29 00:00:00,500.0,1750.0,1225.0,359
Gujarat,Vadodara(Baroda),Vadodara,Gram Raw(Chholia),Other,FAQ,2006-10-03 00:00:00,600.0,1600.0,1000.0,359
Gujarat,Vadodara(Baroda),Vadodara,Gram Raw(Chholia),Other,FAQ,2006-10-05 00:00:00,600.0,1500.0,1050.0,359
Gujarat,Vadodara(Baroda),Vadodara,Gram Raw(Chholia),Other,FAQ,2006-10-08 00:00:00,600.0,1600.0,1150.0,359
Gujarat,Vadodara(Baroda),Vadodara,Gram Raw(Chholia),Other,FAQ,2006-10-15 00:00:00,600.0,2000.0,1250.0,359
Gujarat,Vadodara(Baroda),Vadodara,Gram Raw(Chholia),Other,FAQ,2006-10-17 00:00:00,600.0,2000.0,1200.0,359
Gujarat,Vadodara(Baroda),Vadodara,Gram Raw(Chholia),Other,FAQ,2006-10-19 00:00:00,500.0,2000.0,1200.0,359
Gujarat,Vadodara(Baroda),Vadodara,Gram Raw(Chholia),Other,FAQ,2006-10-31 00:00:00,400.0,1000.0,650.0,359
Gujarat,Vadodara(Baroda),Vadodara,Gram Raw(Chholia),Other,FAQ,2006-11-06 00:00:00,400.0,1000.0,700.0,359
Gujarat,Vadodara(Baroda),Vadodara,Gram Raw(Chholia),Other,FAQ,2006-11-15 00:00:00,350.0,900.0,625.0,359
Gujarat,Vadodara(Baroda),Vadodara,Gram Raw(Chholia),Other,FAQ,2006-11-24 00:00:00,350.0,700.0,500.0,359
Gujarat,Vadodara(Baroda),Vadodara,Gram Raw(Chholia),Other,FAQ,2006-11-27 00:00:00,300.0,650.0,550.0,359
Gujarat,Vadodara(Baroda),Vadodara,Gram Raw(Chholia),Other,FAQ,2006-12-04 00:00:00,350.0,700.0,500.0,359
Gujarat,Vadodara(Baroda),Vadodara,Gram Raw(Chholia),Other,FAQ,2006-12-06 00:00:00,350.0,600.0,475.0,359
Gujarat,Vadodara(Baroda),Vadodara,Gram Raw(Chholia),Other,FAQ,2006-12-07 00:00:00,300.0,550.0,425.0,359
Gujarat,Vadodara(Baroda),Vadodara,Gram Raw(Chholia),Other,FAQ,2006-12-10 00:00:00,300.0,600.0,425.0,359
Gujarat,Vadodara(Baroda),Vadodara,Gram Raw(Chholia),Other,FAQ,2006-12-18 00:00:00,300.0,500.0,400.0,359
Gujarat,Vadodara(Baroda),Vadodara,Gram Raw(Chholia),Other,FAQ,2006-12-24 00:00:00,300.0,700.0,500.0,359
Gujarat,Vadodara(Baroda),Vadodara,Gram Raw(Chholia),Other,FAQ,2006-12-26 00:00:00,300.0,700.0,525.0,359
Gujarat,Vadodara(Baroda),Vadodara,Gram Raw(Chholia),Other,FAQ,2006-12-27 00:00:00,300.0,600.0,500.0,359
Gujarat,Vadodara(Baroda),Vadodara,Gram Raw(Chholia),Other,FAQ,2006-12-29 00:00:00,300.0,500.0,400.0,359
Gujarat,Ahmedabad,Dholka,Gram Raw(Chholia),Gram Raw(Chholia),FAQ,2007-10-08 00:00:00,550.0,1200.0,1000.0,359
Gujarat,Ahmedabad,Dholka,Gram Raw(Chholia),Gram Raw(Chholia),FAQ,2007-10-27 00:00:00,750.0,1400.0,1200.0,359
Gujarat,Amreli,Dhari,Gram Raw(Chholia),Gram Raw(Chholia),FAQ,2007-03-15 00:00:00,1000.0,1250.0,1000.0,359
Gujarat,Amreli,Dhari,Gram Raw(Chholia),Gram Raw(Chholia),FAQ,2007-03-23 00:00:00,1125.0,1300.0,1250.0,359
Gujarat,Patan,"Patan(Veg,Yard Patan)",Gram Raw(Chholia),Other,FAQ,2007-08-03 00:00:00,1000.0,1500.0,1250.0,359
Gujarat,Patan,"Patan(Veg,Yard Patan)",Gram Raw(Chholia),Other,FAQ,2007-08-17 00:00:00,1000.0,1700.0,1350.0,359
Gujarat,Patan,"Patan(Veg,Yard Patan)",Gram Raw(Chholia),Other,FAQ,2007-08-20 00:00:00,600.0,900.0,750.0,359
Gujarat,Patan,"Patan(Veg,Yard Patan)",Gram Raw(Chholia),Other,FAQ,2007-08-21 00:00:00,500.0,900.0,700.0,359
Gujarat,Patan,"Patan(Veg,Yard Patan)",Gram Raw(Chholia),Other,FAQ,2007-08-28 00:00:00,600.0,1000.0,800.0,359
Gujarat,Patan,"Patan(Veg,Yard Patan)",Gram Raw(Chholia),Other,FAQ,2007-09-10 00:00:00,500.0,900.0,700.0,359
Gujarat,Patan,"Patan(Veg,Yard Patan)",Gram Raw(Chholia),Other,FAQ,2007-09-11 00:00:00,700.0,1200.0,950.0,359
Gujarat,Vadodara(Baroda),Vadodara,Gram Raw(Chholia),Other,FAQ,2007-01-01 00:00:00,250.0,600.0,400.0,359
Gujarat,Vadodara(Baroda),Vadodara,Gram Raw(Chholia),Other,FAQ,2007-01-03 00:00:00,300.0,500.0,425.0,359
Gujarat,Vadodara(Baroda),Vadodara,Gram Raw(Chholia),Other,FAQ,2007-01-28 00:00:00,600.0,1000.0,750.0,359
Gujarat,Vadodara(Baroda),Vadodara,Gram Raw(Chholia),Other,FAQ,2007-02-11 00:00:00,500.0,1000.0,750.0,359
Gujarat,Vadodara(Baroda),Vadodara,Gram Raw(Chholia),Other,FAQ,2007-02-13 00:00:00,400.0,800.0,600.0,359
Gujarat,Vadodara(Baroda),Vadodara,Gram Raw(Chholia),Other,FAQ,2007-02-17 00:00:00,400.0,750.0,600.0,359
Gujarat,Vadodara(Baroda),Vadodara,Gram Raw(Chholia),Other,FAQ,2007-02-19 00:00:00,300.0,700.0,550.0,359
Gujarat,Vadodara(Baroda),Vadodara,Gram Raw(Chholia),Other,FAQ,2007-02-28 00:00:00,500.0,900.0,700.0,359
Gujarat,Vadodara(Baroda),Vadodara,Gram Raw(Chholia),Other,FAQ,2007-03-11 00:00:00,500.0,900.0,700.0,359
Gujarat,Vadodara(Baroda),Vadodara,Gram Raw(Chholia),Other,FAQ,2007-03-15 00:00:00,600.0,1000.0,775.0,359
Gujarat,Vadodara(Baroda),Vadodara,Gram Raw(Chholia),Other,FAQ,2007-03-17 00:00:00,500.0,900.0,700.0,359
Gujarat,Vadodara(Baroda),Vadodara,Gram Raw(Chholia),Other,FAQ,2007-03-19 00:00:00,500.0,850.0,600.0,359
Gujarat,Vadodara(Baroda),Vadodara,Gram Raw(Chholia),Other,FAQ,2007-03-21 00:00:00,500.0,800.0,600.0,359
Gujarat,Vadodara(Baroda),Vadodara,Gram Raw(Chholia),Other,FAQ,2007-04-23 00:00:00,400.0,750.0,550.0,359
Gujarat,Vadodara(Baroda),Vadodara,Gram Raw(Chholia),Other,FAQ,2007-04-30 00:00:00,400.0,750.0,550.0,359
Gujarat,Vadodara(Baroda),Vadodara,Gram Raw(Chholia),Other,FAQ,2007-05-17 00:00:00,400.0,900.0,600.0,359
Gujarat,Vadodara(Baroda),Vadodara,Gram Raw(Chholia),Other,FAQ,2007-05-26 00:00:00,500.0,900.0,650.0,359
Gujarat,Vadodara(Baroda),Vadodara,Gram Raw(Chholia),Other,FAQ,2007-05-28 00:00:00,500.0,1000.0,725.0,359
Gujarat,Vadodara(Baroda),Vadodara,Gram Raw(Chholia),Other,FAQ,2007-06-07 00:00:00,400.0,900.0,650.0,359
Gujarat,Vadodara(Baroda),Vadodara,Gram Raw(Chholia),Other,FAQ,2007-06-08 00:00:00,400.0,800.0,600.0,359
Gujarat,Vadodara(Baroda),Vadodara,Gram Raw(Chholia),Other,FAQ,2007-06-09 00:00:00,400.0,800.0,550.0,359
Gujarat,Vadodara(Baroda),Vadodara,Gram Raw(Chholia),Other,FAQ,2007-06-10 00:00:00,400.0,800.0,550.0,359
Gujarat,Vadodara(Baroda),Vadodara,Gram Raw(Chholia),Other,FAQ,2007-06-11 00:00:00,400.0,800.0,550.0,359
Gujarat,Vadodara(Baroda),Vadodara,Gram Raw(Chholia),Other,FAQ,2007-06-15 00:00:00,350.0,800.0,550.0,359
Gujarat,Vadodara(Baroda),Vadodara,Gram Raw(Chholia),Other,FAQ,2007-06-16 00:00:00,350.0,1000.0,650.0,359
Gujarat,Vadodara(Baroda),Vadodara,Gram Raw(Chholia),Other,FAQ,2007-06-25 00:00:00,500.0,1500.0,1000.0,359
Gujarat,Vadodara(Baroda),Vadodara,Gram Raw(Chholia),Other,FAQ,2007-07-05 00:00:00,500.0,1000.0,750.0,359
Gujarat,Vadodara(Baroda),Vadodara,Gram Raw(Chholia),Other,FAQ,2007-07-08 00:00:00,500.0,1200.0,900.0,359
Gujarat,Vadodara(Baroda),Vadodara,Gram Raw(Chholia),Other,FAQ,2007-07-09 00:00:00,500.0,1100.0,800.0,359
Gujarat,Vadodara(Baroda),Vadodara,Gram Raw(Chholia),Other,FAQ,2007-07-11 00:00:00,500.0,1200.0,825.0,359
Gujarat,Vadodara(Baroda),Vadodara,Gram Raw(Chholia),Other,FAQ,2007-07-18 00:00:00,600.0,1800.0,1175.0,359
Gujarat,Vadodara(Baroda),Vadodara,Gram Raw(Chholia),Other,FAQ,2007-07-21 00:00:00,600.0,1500.0,1000.0,359
Gujarat,Vadodara(Baroda),Vadodara(Sayajipura),Gram Raw(Chholia),Other,FAQ,2007-07-25 00:00:00,500.0,1600.0,1000.0,359
Gujarat,Vadodara(Baroda),Vadodara(Sayajipura),Gram Raw(Chholia),Other,FAQ,2007-07-26 00:00:00,500.0,1300.0,750.0,359
Gujarat,Vadodara(Baroda),Vadodara(Sayajipura),Gram Raw(Chholia),Other,FAQ,2007-07-28 00:00:00,500.0,1000.0,700.0,359
Gujarat,Vadodara(Baroda),Vadodara(Sayajipura),Gram Raw(Chholia),Other,FAQ,2007-08-05 00:00:00,400.0,700.0,500.0,359
Gujarat,Vadodara(Baroda),Vadodara(Sayajipura),Gram Raw(Chholia),Other,FAQ,2007-08-09 00:00:00,400.0,800.0,500.0,359
Gujarat,Vadodara(Baroda),Vadodara(Sayajipura),Gram Raw(Chholia),Other,FAQ,2007-08-22 00:00:00,400.0,650.0,500.0,359
Gujarat,Vadodara(Baroda),Vadodara(Sayajipura),Gram Raw(Chholia),Other,FAQ,2007-08-23 00:00:00,400.0,600.0,500.0,359
Gujarat,Vadodara(Baroda),Vadodara(Sayajipura),Gram Raw(Chholia),Other,FAQ,2007-08-25 00:00:00,400.0,750.0,550.0,359
Gujarat,Vadodara(Baroda),Vadodara(Sayajipura),Gram Raw(Chholia),Other,FAQ,2007-09-03 00:00:00,200.0,400.0,400.0,359
Gujarat,Vadodara(Baroda),Vadodara(Sayajipura),Gram Raw(Chholia),Other,FAQ,2007-09-19 00:00:00,250.0,900.0,750.0,359
Gujarat,Vadodara(Baroda),Vadodara(Sayajipura),Gram Raw(Chholia),Other,FAQ,2007-09-20 00:00:00,500.0,1000.0,750.0,359
Gujarat,Vadodara(Baroda),Vadodara(Sayajipura),Gram Raw(Chholia),Other,FAQ,2007-09-22 00:00:00,500.0,900.0,700.0,359
Gujarat,Vadodara(Baroda),Vadodara(Sayajipura),Gram Raw(Chholia),Other,FAQ,2007-10-06 00:00:00,1250.0,1750.0,1450.0,359
Gujarat,Vadodara(Baroda),Vadodara(Sayajipura),Gram Raw(Chholia),Other,FAQ,2007-10-13 00:00:00,500.0,1400.0,1000.0,359
Gujarat,Vadodara(Baroda),Vadodara(Sayajipura),Gram Raw(Chholia),Other,FAQ,2007-10-14 00:00:00,500.0,1500.0,1000.0,359
Gujarat,Vadodara(Baroda),Vadodara(Sayajipura),Gram Raw(Chholia),Other,FAQ,2007-10-16 00:00:00,1000.0,1500.0,1375.0,359
Gujarat,Vadodara(Baroda),Vadodara(Sayajipura),Gram Raw(Chholia),Other,FAQ,2007-10-17 00:00:00,1000.0,1500.0,1250.0,359
Gujarat,Vadodara(Baroda),Vadodara(Sayajipura),Gram Raw(Chholia),Other,FAQ,2007-10-24 00:00:00,500.0,1200.0,900.0,359
Gujarat,Vadodara(Baroda),Vadodara(Sayajipura),Gram Raw(Chholia),Other,FAQ,2007-11-01 00:00:00,500.0,900.0,750.0,359
Gujarat,Vadodara(Baroda),Vadodara(Sayajipura),Gram Raw(Chholia),Other,FAQ,2007-11-02 00:00:00,400.0,800.0,700.0,359
Gujarat,Vadodara(Baroda),Vadodara(Sayajipura),Gram Raw(Chholia),Other,FAQ,2007-11-14 00:00:00,500.0,750.0,600.0,359
Gujarat,Vadodara(Baroda),Vadodara(Sayajipura),Gram Raw(Chholia),Other,FAQ,2007-11-17 00:00:00,500.0,900.0,750.0,359
Gujarat,Vadodara(Baroda),Vadodara(Sayajipura),Gram Raw(Chholia),Other,FAQ,2007-11-19 00:00:00,500.0,900.0,750.0,359
Gujarat,Vadodara(Baroda),Vadodara(Sayajipura),Gram Raw(Chholia),Other,FAQ,2007-11-21 00:00:00,500.0,1000.0,800.0,359
Gujarat,Vadodara(Baroda),Vadodara(Sayajipura),Gram Raw(Chholia),Other,FAQ,2007-11-24 00:00:00,500.0,1000.0,800.0,359
Gujarat,Vadodara(Baroda),Vadodara(Sayajipura),Gram Raw(Chholia),Other,FAQ,2007-11-26 00:00:00,600.0,1000.0,850.0,359
Gujarat,Vadodara(Baroda),Vadodara(Sayajipura),Gram Raw(Chholia),Other,FAQ,2007-11-27 00:00:00,500.0,1200.0,850.0,359
Gujarat,Vadodara(Baroda),Vadodara(Sayajipura),Gram Raw(Chholia),Other,FAQ,2007-12-05 00:00:00,500.0,1000.0,800.0,359
Gujarat,Vadodara(Baroda),Vadodara(Sayajipura),Gram Raw(Chholia),Other,FAQ,2007-12-12 00:00:00,500.0,1100.0,850.0,359
Gujarat,Vadodara(Baroda),Vadodara(Sayajipura),Gram Raw(Chholia),Other,FAQ,2007-12-18 00:00:00,600.0,1000.0,900.0,359
Gujarat,Vadodara(Baroda),Vadodara(Sayajipura),Gram Raw(Chholia),Other,FAQ,2007-12-19 00:00:00,500.0,1100.0,900.0,359
Gujarat,Vadodara(Baroda),Vadodara(Sayajipura),Gram Raw(Chholia),Other,FAQ,2007-12-22 00:00:00,600.0,1000.0,900.0,359
Gujarat,Vadodara(Baroda),Vadodara(Sayajipura),Gram Raw(Chholia),Other,FAQ,2007-12-27 00:00:00,500.0,800.0,650.0,359
Gujarat,Ahmedabad,Dholka,Gram Raw(Chholia),Other,FAQ,2008-05-27 00:00:00,800.0,1250.0,1150.0,359
Gujarat,Ahmedabad,Dholka,Gram Raw(Chholia),Other,FAQ,2008-06-17 00:00:00,575.0,1100.0,950.0,359
Gujarat,Ahmedabad,Dholka,Gram Raw(Chholia),Other,FAQ,2008-06-21 00:00:00,650.0,1250.0,950.0,359
Gujarat,Ahmedabad,Dholka,Gram Raw(Chholia),Other,FAQ,2008-07-02 00:00:00,600.0,1200.0,850.0,359
Gujarat,Ahmedabad,Dholka,Gram Raw(Chholia),Other,FAQ,2008-07-07 00:00:00,600.0,1050.0,850.0,359
Gujarat,Ahmedabad,Dholka,Gram Raw(Chholia),Other,FAQ,2008-07-21 00:00:00,700.0,1350.0,1125.0,359
Gujarat,Ahmedabad,Dholka,Gram Raw(Chholia),Other,FAQ,2008-07-22 00:00:00,720.0,1325.0,1120.0,359
Gujarat,Ahmedabad,Dholka,Gram Raw(Chholia),Other,FAQ,2008-08-26 00:00:00,500.0,750.0,680.0,359
Gujarat,Ahmedabad,Dholka,Gram Raw(Chholia),Other,FAQ,2008-09-13 00:00:00,600.0,800.0,750.0,359
Gujarat,Ahmedabad,Dholka,Gram Raw(Chholia),Other,FAQ,2008-10-04 00:00:00,500.0,750.0,650.0,359
Gujarat,Ahmedabad,Dholka,Gram Raw(Chholia),Other,FAQ,2008-10-10 00:00:00,1500.0,2125.0,1850.0,359
Gujarat,Ahmedabad,Dholka,Gram Raw(Chholia),Other,FAQ,2008-10-11 00:00:00,1000.0,1250.0,1050.0,359
Gujarat,Ahmedabad,Dholka,Gram Raw(Chholia),Other,FAQ,2008-10-14 00:00:00,850.0,950.0,900.0,359
Gujarat,Botad,Botad,Gram Raw(Chholia),Other,FAQ,2008-02-05 00:00:00,650.0,750.0,700.0,359
Gujarat,Botad,Botad,Gram Raw(Chholia),Other,FAQ,2008-02-11 00:00:00,625.0,875.0,750.0,359
Gujarat,Botad,Botad,Gram Raw(Chholia),Other,FAQ,2008-02-14 00:00:00,850.0,1150.0,1000.0,359
Gujarat,Botad,Botad,Gram Raw(Chholia),Other,FAQ,2008-03-10 00:00:00,800.0,1250.0,1025.0,359
Gujarat,Botad,Botad,Gram Raw(Chholia),Other,FAQ,2008-04-18 00:00:00,1000.0,1300.0,1150.0,359
Gujarat,Botad,Botad,Gram Raw(Chholia),Other,FAQ,2008-04-21 00:00:00,870.0,1220.0,1045.0,359
Gujarat,Botad,Botad,Gram Raw(Chholia),Other,FAQ,2008-05-06 00:00:00,1000.0,1750.0,1375.0,359
Gujarat,Botad,Botad,Gram Raw(Chholia),Other,FAQ,2008-05-12 00:00:00,800.0,1500.0,1150.0,359
Gujarat,Botad,Botad,Gram Raw(Chholia),Other,FAQ,2008-05-13 00:00:00,750.0,1500.0,1125.0,359
Gujarat,Botad,Botad,Gram Raw(Chholia),Other,FAQ,2008-05-15 00:00:00,700.0,1255.0,975.0,359
Gujarat,Botad,Botad,Gram Raw(Chholia),Other,FAQ,2008-05-17 00:00:00,700.0,1250.0,975.0,359
Gujarat,Botad,Botad,Gram Raw(Chholia),Other,FAQ,2008-05-19 00:00:00,500.0,1300.0,650.0,359
Gujarat,Botad,Botad,Gram Raw(Chholia),Other,FAQ,2008-05-22 00:00:00,750.0,1250.0,1000.0,359
Gujarat,Botad,Botad,Gram Raw(Chholia),Other,FAQ,2008-05-23 00:00:00,650.0,1200.0,925.0,359
Gujarat,Botad,Botad,Gram Raw(Chholia),Other,FAQ,2008-05-24 00:00:00,450.0,1200.0,825.0,359
Gujarat,Botad,Botad,Gram Raw(Chholia),Other,FAQ,2008-06-02 00:00:00,500.0,1250.0,875.0,359
Gujarat,Botad,Botad,Gram Raw(Chholia),Other,FAQ,2008-06-08 00:00:00,750.0,1300.0,1025.0,359
Gujarat,Botad,Botad,Gram Raw(Chholia),Other,FAQ,2008-06-10 00:00:00,600.0,1500.0,1050.0,359
Gujarat,Botad,Botad,Gram Raw(Chholia),Other,FAQ,2008-06-11 00:00:00,800.0,1500.0,1150.0,359
Gujarat,Botad,Botad,Gram Raw(Chholia),Other,FAQ,2008-06-21 00:00:00,800.0,1500.0,1150.0,359
Gujarat,Botad,Botad,Gram Raw(Chholia),Other,FAQ,2008-06-22 00:00:00,700.0,1500.0,1100.0,359
Gujarat,Botad,Botad,Gram Raw(Chholia),Other,FAQ,2008-06-27 00:00:00,400.0,1250.0,825.0,359
Gujarat,Botad,Botad,Gram Raw(Chholia),Other,FAQ,2008-06-30 00:00:00,400.0,1250.0,825.0,359
Gujarat,Botad,Botad,Gram Raw(Chholia),Other,FAQ,2008-07-01 00:00:00,250.0,1150.0,700.0,359
Gujarat,Botad,Botad,Gram Raw(Chholia),Other,FAQ,2008-07-03 00:00:00,200.0,300.0,250.0,359
Gujarat,Botad,Botad,Gram Raw(Chholia),Other,FAQ,2008-07-19 00:00:00,250.0,1000.0,625.0,359
Gujarat,Botad,Botad,Gram Raw(Chholia),Other,FAQ,2008-07-28 00:00:00,250.0,700.0,475.0,359
Gujarat,Botad,Botad,Gram Raw(Chholia),Other,FAQ,2008-07-31 00:00:00,500.0,950.0,725.0,359
Gujarat,Botad,Botad,Gram Raw(Chholia),Other,FAQ,2008-08-16 00:00:00,600.0,1350.0,975.0,359
Gujarat,Botad,Botad,Gram Raw(Chholia),Other,FAQ,2008-09-12 00:00:00,400.0,1250.0,825.0,359
Gujarat,Botad,Botad,Gram Raw(Chholia),Other,FAQ,2008-09-24 00:00:00,750.0,2250.0,1500.0,359
Gujarat,Botad,Botad,Gram Raw(Chholia),Other,FAQ,2008-09-26 00:00:00,1000.0,2250.0,1625.0,359
Gujarat,Botad,Botad,Gram Raw(Chholia),Other,FAQ,2008-10-02 00:00:00,750.0,2500.0,1625.0,359
Gujarat,Botad,Botad,Gram Raw(Chholia),Other,FAQ,2008-10-05 00:00:00,750.0,2150.0,1450.0,359
Gujarat,Botad,Botad,Gram Raw(Chholia),Other,FAQ,2008-10-09 00:00:00,750.0,2000.0,1375.0,359
Gujarat,Botad,Botad,Gram Raw(Chholia),Other,FAQ,2008-10-12 00:00:00,750.0,1850.0,960.0,359
Gujarat,Botad,Botad,Gram Raw(Chholia),Other,FAQ,2008-10-13 00:00:00,880.0,2000.0,1440.0,359
Gujarat,Botad,Botad,Gram Raw(Chholia),Other,FAQ,2008-10-14 00:00:00,750.0,2000.0,1375.0,359
Gujarat,Botad,Botad,Gram Raw(Chholia),Other,FAQ,2008-10-15 00:00:00,750.0,1880.0,1315.0,359
Gujarat,Botad,Botad,Gram Raw(Chholia),Other,FAQ,2008-10-16 00:00:00,750.0,1950.0,1350.0,359
Gujarat,Botad,Botad,Gram Raw(Chholia),Other,FAQ,2008-10-25 00:00:00,750.0,2000.0,1375.0,359
Gujarat,Botad,Botad,Gram Raw(Chholia),Other,FAQ,2008-11-02 00:00:00,500.0,1500.0,1000.0,359
Gujarat,Botad,Botad,Gram Raw(Chholia),Other,FAQ,2008-11-03 00:00:00,500.0,1250.0,875.0,359
Gujarat,Botad,Botad,Gram Raw(Chholia),Other,FAQ,2008-11-06 00:00:00,500.0,1200.0,850.0,359
Gujarat,Botad,Botad,Gram Raw(Chholia),Other,FAQ,2008-11-16 00:00:00,400.0,1000.0,700.0,359
Gujarat,Botad,Botad,Gram Raw(Chholia),Other,FAQ,2008-11-20 00:00:00,400.0,1050.0,725.0,359
Gujarat,Botad,Botad,Gram Raw(Chholia),Other,FAQ,2008-12-01 00:00:00,500.0,1050.0,775.0,359
Gujarat,Botad,Botad,Gram Raw(Chholia),Other,FAQ,2008-12-04 00:00:00,500.0,1000.0,750.0,359
Gujarat,Botad,Botad,Gram Raw(Chholia),Other,FAQ,2008-12-21 00:00:00,400.0,700.0,550.0,359
Gujarat,Botad,Botad,Gram Raw(Chholia),Other,FAQ,2008-12-22 00:00:00,500.0,800.0,650.0,359
Gujarat,Botad,Botad,Gram Raw(Chholia),Other,FAQ,2008-12-23 00:00:00,500.0,1000.0,750.0,359
Gujarat,Patan,"Patan(Veg,Yard Patan)",Gram Raw(Chholia),Other,FAQ,2008-05-27 00:00:00,700.0,1400.0,1050.0,359
Gujarat,Patan,"Patan(Veg,Yard Patan)",Gram Raw(Chholia),Other,FAQ,2008-06-03 00:00:00,1000.0,1400.0,1200.0,359
Gujarat,Patan,"Patan(Veg,Yard Patan)",Gram Raw(Chholia),Other,FAQ,2008-07-04 00:00:00,1000.0,1500.0,1250.0,359
Gujarat,Patan,"Patan(Veg,Yard Patan)",Gram Raw(Chholia),Other,FAQ,2008-07-06 00:00:00,500.0,900.0,700.0,359
Gujarat,Patan,"Patan(Veg,Yard Patan)",Gram Raw(Chholia),Other,FAQ,2008-07-09 00:00:00,1000.0,1700.0,1350.0,359
Gujarat,Patan,"Patan(Veg,Yard Patan)",Gram Raw(Chholia),Other,FAQ,2008-07-10 00:00:00,1000.0,1500.0,1250.0,359
Gujarat,Patan,"Patan(Veg,Yard Patan)",Gram Raw(Chholia),Other,FAQ,2008-07-16 00:00:00,1000.0,1500.0,1250.0,359
Gujarat,Patan,"Patan(Veg,Yard Patan)",Gram Raw(Chholia),Other,FAQ,2008-07-18 00:00:00,1000.0,1300.0,1150.0,359
Gujarat,Patan,"Patan(Veg,Yard Patan)",Gram Raw(Chholia),Other,FAQ,2008-07-25 00:00:00,500.0,1000.0,750.0,359
Gujarat,Patan,"Patan(Veg,Yard Patan)",Gram Raw(Chholia),Other,FAQ,2008-07-29 00:00:00,500.0,1000.0,750.0,359
Gujarat,Patan,"Patan(Veg,Yard Patan)",Gram Raw(Chholia),Other,FAQ,2008-07-31 00:00:00,750.0,1200.0,975.0,359
Gujarat,Patan,"Patan(Veg,Yard Patan)",Gram Raw(Chholia),Other,FAQ,2008-08-07 00:00:00,1000.0,1500.0,1250.0,359
Gujarat,Patan,"Patan(Veg,Yard Patan)",Gram Raw(Chholia),Other,FAQ,2008-08-20 00:00:00,1000.0,2000.0,1500.0,359
Gujarat,Patan,"Patan(Veg,Yard Patan)",Gram Raw(Chholia),Other,FAQ,2008-09-08 00:00:00,1000.0,1200.0,1100.0,359
Gujarat,Patan,"Patan(Veg,Yard Patan)",Gram Raw(Chholia),Other,FAQ,2008-09-09 00:00:00,500.0,700.0,600.0,359
Gujarat,Patan,"Patan(Veg,Yard Patan)",Gram Raw(Chholia),Other,FAQ,2008-09-14 00:00:00,800.0,1100.0,950.0,359
Gujarat,Rajkot,Gondal,Gram Raw(Chholia),Gram Raw(Chholia),FAQ,2008-04-24 00:00:00,30000.0,40000.0,40000.0,359
Gujarat,Rajkot,Gondal,Gram Raw(Chholia),Gram Raw(Chholia),FAQ,2008-04-25 00:00:00,30000.0,35000.0,32500.0,359
Gujarat,Rajkot,Gondal,Gram Raw(Chholia),Gram Raw(Chholia),FAQ,2008-04-30 00:00:00,1400.0,1750.0,1500.0,359
Gujarat,Vadodara(Baroda),Vadodara(Sayajipura),Gram Raw(Chholia),Other,FAQ,2008-01-02 00:00:00,700.0,1000.0,850.0,359
Gujarat,Vadodara(Baroda),Vadodara(Sayajipura),Gram Raw(Chholia),Other,FAQ,2008-01-10 00:00:00,500.0,800.0,700.0,359
Gujarat,Vadodara(Baroda),Vadodara(Sayajipura),Gram Raw(Chholia),Other,FAQ,2008-01-16 00:00:00,500.0,800.0,600.0,359
Gujarat,Vadodara(Baroda),Vadodara(Sayajipura),Gram Raw(Chholia),Other,FAQ,2008-01-18 00:00:00,400.0,700.0,600.0,359
Gujarat,Vadodara(Baroda),Vadodara(Sayajipura),Gram Raw(Chholia),Other,FAQ,2008-01-26 00:00:00,400.0,700.0,500.0,359
Gujarat,Vadodara(Baroda),Vadodara(Sayajipura),Gram Raw(Chholia),Other,FAQ,2008-02-03 00:00:00,500.0,700.0,650.0,359
Gujarat,Vadodara(Baroda),Vadodara(Sayajipura),Gram Raw(Chholia),Other,FAQ,2008-02-11 00:00:00,800.0,1000.0,950.0,359
Gujarat,Vadodara(Baroda),Vadodara(Sayajipura),Gram Raw(Chholia),Other,FAQ,2008-02-15 00:00:00,900.0,1200.0,1100.0,359
Gujarat,Vadodara(Baroda),Vadodara(Sayajipura),Gram Raw(Chholia),Other,FAQ,2008-02-28 00:00:00,700.0,1000.0,900.0,359
Gujarat,Vadodara(Baroda),Vadodara(Sayajipura),Gram Raw(Chholia),Other,FAQ,2008-03-10 00:00:00,1100.0,1300.0,1250.0,359
Gujarat,Vadodara(Baroda),Vadodara(Sayajipura),Gram Raw(Chholia),Other,FAQ,2008-03-11 00:00:00,900.0,1100.0,1000.0,359
Gujarat,Vadodara(Baroda),Vadodara(Sayajipura),Gram Raw(Chholia),Other,FAQ,2008-03-13 00:00:00,1000.0,1500.0,1300.0,359
Gujarat,Vadodara(Baroda),Vadodara(Sayajipura),Gram Raw(Chholia),Other,FAQ,2008-03-25 00:00:00,1000.0,1500.0,1250.0,359
Gujarat,Vadodara(Baroda),Vadodara(Sayajipura),Gram Raw(Chholia),Other,FAQ,2008-03-30 00:00:00,600.0,1200.0,900.0,359
Gujarat,Vadodara(Baroda),Vadodara(Sayajipura),Gram Raw(Chholia),Other,FAQ,2008-04-17 00:00:00,1000.0,1300.0,1150.0,359
Gujarat,Vadodara(Baroda),Vadodara(Sayajipura),Gram Raw(Chholia),Other,FAQ,2008-04-19 00:00:00,1000.0,1200.0,1150.0,359
Gujarat,Vadodara(Baroda),Vadodara(Sayajipura),Gram Raw(Chholia),Other,FAQ,2008-04-26 00:00:00,700.0,1000.0,900.0,359
Gujarat,Vadodara(Baroda),Vadodara(Sayajipura),Gram Raw(Chholia),Other,FAQ,2008-04-29 00:00:00,600.0,800.0,750.0,359
Gujarat,Vadodara(Baroda),Vadodara(Sayajipura),Gram Raw(Chholia),Other,FAQ,2008-05-03 00:00:00,500.0,700.0,600.0,359
Gujarat,Vadodara(Baroda),Vadodara(Sayajipura),Gram Raw(Chholia),Other,FAQ,2008-05-08 00:00:00,500.0,700.0,600.0,359
Gujarat,Vadodara(Baroda),Vadodara(Sayajipura),Gram Raw(Chholia),Other,FAQ,2008-05-10 00:00:00,500.0,700.0,600.0,359
Gujarat,Vadodara(Baroda),Vadodara(Sayajipura),Gram Raw(Chholia),Other,FAQ,2008-05-21 00:00:00,500.0,750.0,675.0,359
Gujarat,Vadodara(Baroda),Vadodara(Sayajipura),Gram Raw(Chholia),Other,FAQ,2008-06-08 00:00:00,500.0,700.0,650.0,359
Gujarat,Vadodara(Baroda),Vadodara(Sayajipura),Gram Raw(Chholia),Other,FAQ,2008-06-13 00:00:00,500.0,900.0,800.0,359
Gujarat,Vadodara(Baroda),Vadodara(Sayajipura),Gram Raw(Chholia),Other,FAQ,2008-06-18 00:00:00,700.0,1200.0,1050.0,359
Gujarat,Vadodara(Baroda),Vadodara(Sayajipura),Gram Raw(Chholia),Other,FAQ,2008-06-23 00:00:00,500.0,1000.0,750.0,359
Gujarat,Vadodara(Baroda),Vadodara(Sayajipura),Gram Raw(Chholia),Other,FAQ,2008-06-28 00:00:00,600.0,700.0,650.0,359
Gujarat,Vadodara(Baroda),Vadodara(Sayajipura),Gram Raw(Chholia),Other,FAQ,2008-07-07 00:00:00,1000.0,1250.0,1100.0,359
Gujarat,Vadodara(Baroda),Vadodara(Sayajipura),Gram Raw(Chholia),Other,FAQ,2008-07-10 00:00:00,800.0,1250.0,1000.0,359
Gujarat,Vadodara(Baroda),Vadodara(Sayajipura),Gram Raw(Chholia),Other,FAQ,2008-07-19 00:00:00,600.0,900.0,725.0,359
Gujarat,Vadodara(Baroda),Vadodara(Sayajipura),Gram Raw(Chholia),Other,FAQ,2008-07-20 00:00:00,350.0,700.0,475.0,359
Gujarat,Vadodara(Baroda),Vadodara(Sayajipura),Gram Raw(Chholia),Other,FAQ,2008-07-21 00:00:00,300.0,500.0,400.0,359
Gujarat,Vadodara(Baroda),Vadodara(Sayajipura),Gram Raw(Chholia),Other,FAQ,2008-08-04 00:00:00,300.0,700.0,525.0,359
Gujarat,Vadodara(Baroda),Vadodara(Sayajipura),Gram Raw(Chholia),Other,FAQ,2008-08-08 00:00:00,500.0,900.0,750.0,359
Gujarat,Vadodara(Baroda),Vadodara(Sayajipura),Gram Raw(Chholia),Other,FAQ,2008-08-09 00:00:00,500.0,900.0,725.0,359
Gujarat,Vadodara(Baroda),Vadodara(Sayajipura),Gram Raw(Chholia),Other,FAQ,2008-08-14 00:00:00,700.0,1000.0,875.0,359
Gujarat,Vadodara(Baroda),Vadodara(Sayajipura),Gram Raw(Chholia),Other,FAQ,2008-08-18 00:00:00,750.0,1500.0,1100.0,359
Gujarat,Vadodara(Baroda),Vadodara(Sayajipura),Gram Raw(Chholia),Other,FAQ,2008-08-21 00:00:00,1000.0,1500.0,1250.0,359
Gujarat,Vadodara(Baroda),Vadodara(Sayajipura),Gram Raw(Chholia),Other,FAQ,2008-09-04 00:00:00,500.0,900.0,750.0,359
Gujarat,Vadodara(Baroda),Vadodara(Sayajipura),Gram Raw(Chholia),Other,FAQ,2008-09-09 00:00:00,400.0,750.0,575.0,359
Gujarat,Vadodara(Baroda),Vadodara(Sayajipura),Gram Raw(Chholia),Other,FAQ,2008-09-21 00:00:00,800.0,1200.0,1000.0,359
Gujarat,Vadodara(Baroda),Vadodara(Sayajipura),Gram Raw(Chholia),Other,FAQ,2008-10-09 00:00:00,1250.0,1600.0,1450.0,359
Gujarat,Vadodara(Baroda),Vadodara(Sayajipura),Gram Raw(Chholia),Other,FAQ,2008-10-19 00:00:00,1300.0,1600.0,1450.0,359
Gujarat,Vadodara(Baroda),Vadodara(Sayajipura),Gram Raw(Chholia),Other,FAQ,2008-10-20 00:00:00,1200.0,1300.0,1250.0,359
Gujarat,Vadodara(Baroda),Vadodara(Sayajipura),Gram Raw(Chholia),Other,FAQ,2008-10-22 00:00:00,1000.0,1500.0,1300.0,359
Gujarat,Vadodara(Baroda),Vadodara(Sayajipura),Gram Raw(Chholia),Other,FAQ,2008-10-26 00:00:00,1100.0,1600.0,1375.0,359
Gujarat,Vadodara(Baroda),Vadodara(Sayajipura),Gram Raw(Chholia),Other,FAQ,2008-11-09 00:00:00,1100.0,1750.0,1375.0,359
Gujarat,Vadodara(Baroda),Vadodara(Sayajipura),Gram Raw(Chholia),Other,FAQ,2008-11-15 00:00:00,800.0,1250.0,1075.0,359
Gujarat,Vadodara(Baroda),Vadodara(Sayajipura),Gram Raw(Chholia),Other,FAQ,2008-11-17 00:00:00,800.0,1200.0,1050.0,359
Gujarat,Vadodara(Baroda),Vadodara(Sayajipura),Gram Raw(Chholia),Other,FAQ,2008-11-18 00:00:00,750.0,1100.0,950.0,359
Gujarat,Vadodara(Baroda),Vadodara(Sayajipura),Gram Raw(Chholia),Other,FAQ,2008-11-19 00:00:00,750.0,1000.0,900.0,359
Gujarat,Vadodara(Baroda),Vadodara(Sayajipura),Gram Raw(Chholia),Other,FAQ,2008-11-28 00:00:00,500.0,800.0,675.0,359
Gujarat,Vadodara(Baroda),Vadodara(Sayajipura),Gram Raw(Chholia),Other,FAQ,2008-11-29 00:00:00,500.0,800.0,700.0,359
Gujarat,Vadodara(Baroda),Vadodara(Sayajipura),Gram Raw(Chholia),Other,FAQ,2008-12-02 00:00:00,800.0,1000.0,925.0,359
Gujarat,Vadodara(Baroda),Vadodara(Sayajipura),Gram Raw(Chholia),Other,FAQ,2008-12-06 00:00:00,700.0,800.0,775.0,359
Gujarat,Vadodara(Baroda),Vadodara(Sayajipura),Gram Raw(Chholia),Other,FAQ,2008-12-09 00:00:00,700.0,900.0,825.0,359
Gujarat,Vadodara(Baroda),Vadodara(Sayajipura),Gram Raw(Chholia),Other,FAQ,2008-12-15 00:00:00,400.0,600.0,550.0,359
Gujarat,Vadodara(Baroda),Vadodara(Sayajipura),Gram Raw(Chholia),Other,FAQ,2008-12-24 00:00:00,800.0,1100.0,975.0,359
Gujarat,Vadodara(Baroda),Vadodara(Sayajipura),Gram Raw(Chholia),Other,FAQ,2008-12-27 00:00:00,500.0,1000.0,775.0,359
Gujarat,Vadodara(Baroda),Vadodara(Sayajipura),Gram Raw(Chholia),Other,FAQ,2008-12-29 00:00:00,500.0,1200.0,875.0,359
Gujarat,Botad,Botad,Gram Raw(Chholia),Other,FAQ,2009-09-12 00:00:00,500.0,1000.0,750.0,359
Gujarat,Botad,Botad,Gram Raw(Chholia),Other,FAQ,2009-09-30 00:00:00,250.0,550.0,400.0,359
Gujarat,Botad,Botad,Gram Raw(Chholia),Other,FAQ,2009-11-04 00:00:00,550.0,1350.0,950.0,359
Gujarat,Botad,Botad,Gram Raw(Chholia),Other,FAQ,2009-11-08 00:00:00,600.0,1300.0,950.0,359
Gujarat,Botad,Botad,Gram Raw(Chholia),Other,FAQ,2009-11-23 00:00:00,750.0,1500.0,1125.0,359
Gujarat,Botad,Botad,Gram Raw(Chholia),Other,FAQ,2009-11-24 00:00:00,600.0,1400.0,1000.0,359
Gujarat,Botad,Botad,Gram Raw(Chholia),Other,FAQ,2009-12-13 00:00:00,1000.0,1250.0,1125.0,359
Gujarat,Botad,Botad,Gram Raw(Chholia),Other,FAQ,2009-12-17 00:00:00,850.0,1350.0,1100.0,359
Gujarat,Vadodara(Baroda),Vadodara(Sayajipura),Gram Raw(Chholia),Other,FAQ,2009-01-07 00:00:00,1100.0,1500.0,1300.0,359
Gujarat,Vadodara(Baroda),Vadodara(Sayajipura),Gram Raw(Chholia),Other,FAQ,2009-01-09 00:00:00,1000.0,1500.0,1300.0,359
Gujarat,Vadodara(Baroda),Vadodara(Sayajipura),Gram Raw(Chholia),Other,FAQ,2009-01-12 00:00:00,1000.0,1500.0,1300.0,359
Gujarat,Vadodara(Baroda),Vadodara(Sayajipura),Gram Raw(Chholia),Other,FAQ,2009-01-19 00:00:00,500.0,1000.0,775.0,359
Gujarat,Vadodara(Baroda),Vadodara(Sayajipura),Gram Raw(Chholia),Other,FAQ,2009-02-07 00:00:00,800.0,1200.0,1025.0,359
Gujarat,Vadodara(Baroda),Vadodara(Sayajipura),Gram Raw(Chholia),Other,FAQ,2009-02-08 00:00:00,800.0,1000.0,950.0,359
Gujarat,Vadodara(Baroda),Vadodara(Sayajipura),Gram Raw(Chholia),Other,FAQ,2009-02-18 00:00:00,700.0,1100.0,900.0,359
Gujarat,Vadodara(Baroda),Vadodara(Sayajipura),Gram Raw(Chholia),Other,FAQ,2009-02-21 00:00:00,700.0,800.0,775.0,359
Gujarat,Vadodara(Baroda),Vadodara(Sayajipura),Gram Raw(Chholia),Other,FAQ,2009-02-26 00:00:00,400.0,800.0,625.0,359
Gujarat,Vadodara(Baroda),Vadodara(Sayajipura),Gram Raw(Chholia),Other,FAQ,2009-02-28 00:00:00,400.0,750.0,575.0,359
Gujarat,Vadodara(Baroda),Vadodara(Sayajipura),Gram Raw(Chholia),Other,FAQ,2009-03-05 00:00:00,600.0,800.0,700.0,359
Gujarat,Vadodara(Baroda),Vadodara(Sayajipura),Gram Raw(Chholia),Other,FAQ,2009-03-09 00:00:00,750.0,1000.0,850.0,359
Gujarat,Vadodara(Baroda),Vadodara(Sayajipura),Gram Raw(Chholia),Other,FAQ,2009-03-20 00:00:00,500.0,1000.0,900.0,359
Gujarat,Vadodara(Baroda),Vadodara(Sayajipura),Gram Raw(Chholia),Other,FAQ,2009-03-21 00:00:00,600.0,1200.0,900.0,359
Gujarat,Vadodara(Baroda),Vadodara(Sayajipura),Gram Raw(Chholia),Other,FAQ,2009-03-24 00:00:00,800.0,1100.0,975.0,359
Gujarat,Vadodara(Baroda),Vadodara(Sayajipura),Gram Raw(Chholia),Other,FAQ,2009-04-05 00:00:00,1000.0,1250.0,1150.0,359
Gujarat,Vadodara(Baroda),Vadodara(Sayajipura),Gram Raw(Chholia),Other,FAQ,2009-04-18 00:00:00,700.0,1000.0,875.0,359
Gujarat,Vadodara(Baroda),Vadodara(Sayajipura),Gram Raw(Chholia),Other,FAQ,2009-04-25 00:00:00,500.0,1250.0,900.0,359
Gujarat,Vadodara(Baroda),Vadodara(Sayajipura),Gram Raw(Chholia),Other,FAQ,2009-04-30 00:00:00,600.0,1400.0,1200.0,359
Gujarat,Vadodara(Baroda),Vadodara(Sayajipura),Gram Raw(Chholia),Other,FAQ,2009-05-16 00:00:00,500.0,1100.0,900.0,359
Gujarat,Vadodara(Baroda),Vadodara(Sayajipura),Gram Raw(Chholia),Other,FAQ,2009-05-25 00:00:00,500.0,1100.0,900.0,359
Gujarat,Vadodara(Baroda),Vadodara(Sayajipura),Gram Raw(Chholia),Other,FAQ,2009-06-06 00:00:00,1000.0,1500.0,1300.0,359
Gujarat,Vadodara(Baroda),Vadodara(Sayajipura),Gram Raw(Chholia),Other,FAQ,2009-06-11 00:00:00,1250.0,1400.0,1350.0,359
Gujarat,Vadodara(Baroda),Vadodara(Sayajipura),Gram Raw(Chholia),Other,FAQ,2009-06-12 00:00:00,1200.0,1400.0,1300.0,359
Gujarat,Vadodara(Baroda),Vadodara(Sayajipura),Gram Raw(Chholia),Other,FAQ,2009-06-14 00:00:00,1200.0,1500.0,1300.0,359
Gujarat,Vadodara(Baroda),Vadodara(Sayajipura),Gram Raw(Chholia),Other,FAQ,2009-06-19 00:00:00,1000.0,1600.0,1400.0,359
Gujarat,Vadodara(Baroda),Vadodara(Sayajipura),Gram Raw(Chholia),Other,FAQ,2009-07-01 00:00:00,1200.0,1500.0,1375.0,359
Gujarat,Vadodara(Baroda),Vadodara(Sayajipura),Gram Raw(Chholia),Other,FAQ,2009-07-02 00:00:00,1250.0,1750.0,1550.0,359
Gujarat,Vadodara(Baroda),Vadodara(Sayajipura),Gram Raw(Chholia),Other,FAQ,2009-07-13 00:00:00,1000.0,1625.0,1325.0,359
Gujarat,Vadodara(Baroda),Vadodara(Sayajipura),Gram Raw(Chholia),Other,FAQ,2009-07-15 00:00:00,1000.0,1750.0,1400.0,359
Gujarat,Vadodara(Baroda),Vadodara(Sayajipura),Gram Raw(Chholia),Other,FAQ,2009-07-18 00:00:00,800.0,1600.0,1300.0,359
Gujarat,Vadodara(Baroda),Vadodara(Sayajipura),Gram Raw(Chholia),Other,FAQ,2009-07-25 00:00:00,1250.0,2000.0,1650.0,359
Gujarat,Vadodara(Baroda),Vadodara(Sayajipura),Gram Raw(Chholia),Other,FAQ,2009-07-28 00:00:00,1500.0,2000.0,1775.0,359
Gujarat,Vadodara(Baroda),Vadodara(Sayajipura),Gram Raw(Chholia),Other,FAQ,2009-07-30 00:00:00,1500.0,2000.0,1775.0,359
Gujarat,Vadodara(Baroda),Vadodara(Sayajipura),Gram Raw(Chholia),Other,FAQ,2009-08-04 00:00:00,1000.0,1500.0,1275.0,359
Gujarat,Vadodara(Baroda),Vadodara(Sayajipura),Gram Raw(Chholia),Other,FAQ,2009-08-13 00:00:00,800.0,1000.0,925.0,359
Gujarat,Vadodara(Baroda),Vadodara(Sayajipura),Gram Raw(Chholia),Other,FAQ,2009-08-21 00:00:00,400.0,700.0,575.0,359
Gujarat,Vadodara(Baroda),Vadodara(Sayajipura),Gram Raw(Chholia),Other,FAQ,2009-08-22 00:00:00,500.0,600.0,575.0,359
Gujarat,Vadodara(Baroda),Vadodara(Sayajipura),Gram Raw(Chholia),Other,FAQ,2009-09-14 00:00:00,1000.0,1300.0,1150.0,359
Gujarat,Vadodara(Baroda),Vadodara(Sayajipura),Gram Raw(Chholia),Other,FAQ,2009-09-19 00:00:00,750.0,1300.0,1025.0,359
Gujarat,Vadodara(Baroda),Vadodara(Sayajipura),Gram Raw(Chholia),Other,FAQ,2009-10-11 00:00:00,1000.0,1600.0,1325.0,359
Gujarat,Vadodara(Baroda),Vadodara(Sayajipura),Gram Raw(Chholia),Other,FAQ,2009-10-12 00:00:00,500.0,1500.0,1025.0,359
Gujarat,Vadodara(Baroda),Vadodara(Sayajipura),Gram Raw(Chholia),Other,FAQ,2009-10-14 00:00:00,1000.0,1800.0,1400.0,359
Gujarat,Vadodara(Baroda),Vadodara(Sayajipura),Gram Raw(Chholia),Other,FAQ,2009-10-24 00:00:00,1100.0,1500.0,1300.0,359
Gujarat,Vadodara(Baroda),Vadodara(Sayajipura),Gram Raw(Chholia),Other,FAQ,2009-10-30 00:00:00,1100.0,1500.0,1300.0,359
Gujarat,Vadodara(Baroda),Vadodara(Sayajipura),Gram Raw(Chholia),Other,FAQ,2009-11-01 00:00:00,1100.0,1500.0,1300.0,359
Gujarat,Vadodara(Baroda),Vadodara(Sayajipura),Gram Raw(Chholia),Other,FAQ,2009-11-08 00:00:00,500.0,1200.0,875.0,359
Gujarat,Vadodara(Baroda),Vadodara(Sayajipura),Gram Raw(Chholia),Other,FAQ,2009-11-17 00:00:00,600.0,1000.0,800.0,359
Gujarat,Vadodara(Baroda),Vadodara(Sayajipura),Gram Raw(Chholia),Other,FAQ,2009-11-20 00:00:00,500.0,1125.0,810.0,359
Gujarat,Vadodara(Baroda),Vadodara(Sayajipura),Gram Raw(Chholia),Other,FAQ,2009-11-25 00:00:00,1000.0,1500.0,1250.0,359
Gujarat,Vadodara(Baroda),Vadodara(Sayajipura),Gram Raw(Chholia),Other,FAQ,2009-11-29 00:00:00,1000.0,1500.0,1275.0,359
Gujarat,Vadodara(Baroda),Vadodara(Sayajipura),Gram Raw(Chholia),Other,FAQ,2009-12-02 00:00:00,900.0,1300.0,1000.0,359
Gujarat,Vadodara(Baroda),Vadodara(Sayajipura),Gram Raw(Chholia),Other,FAQ,2009-12-09 00:00:00,900.0,1300.0,1200.0,359
Gujarat,Vadodara(Baroda),Vadodara(Sayajipura),Gram Raw(Chholia),Other,FAQ,2009-12-10 00:00:00,900.0,1300.0,1200.0,359
Gujarat,Vadodara(Baroda),Vadodara(Sayajipura),Gram Raw(Chholia),Other,FAQ,2009-12-17 00:00:00,300.0,650.0,600.0,359
Gujarat,Ahmedabad,Dholka,Gram Raw(Chholia),Other,FAQ,2009-06-05 00:00:00,1100.0,1450.0,1250.0,359
Gujarat,Ahmedabad,Dholka,Gram Raw(Chholia),Other,FAQ,2009-06-11 00:00:00,925.0,1425.0,1200.0,359
Gujarat,Ahmedabad,Dholka,Gram Raw(Chholia),Other,FAQ,2009-08-27 00:00:00,700.0,1100.0,950.0,359
Gujarat,Ahmedabad,Dholka,Gram Raw(Chholia),Other,FAQ,2009-09-17 00:00:00,1500.0,1600.0,1550.0,359
Gujarat,Banaskanth,Deesa,Gram Raw(Chholia),Other,FAQ,2009-07-10 00:00:00,800.0,1000.0,900.0,359
Gujarat,Banaskanth,Deesa,Gram Raw(Chholia),Other,FAQ,2009-07-11 00:00:00,800.0,1000.0,900.0,359
Gujarat,Banaskanth,Deesa(Deesa Veg Yard),Gram Raw(Chholia),Other,FAQ,2009-03-20 00:00:00,1800.0,2200.0,2000.0,359
Gujarat,Banaskanth,Deesa(Deesa Veg Yard),Gram Raw(Chholia),Other,FAQ,2009-04-04 00:00:00,2500.0,2800.0,2650.0,359
Gujarat,Banaskanth,Deesa(Deesa Veg Yard),Gram Raw(Chholia),Other,FAQ,2009-04-28 00:00:00,2000.0,2500.0,2250.0,359
Gujarat,Banaskanth,Deesa(Deesa Veg Yard),Gram Raw(Chholia),Other,FAQ,2009-04-29 00:00:00,2000.0,2500.0,2250.0,359
Gujarat,Banaskanth,Deesa(Deesa Veg Yard),Gram Raw(Chholia),Other,FAQ,2009-05-04 00:00:00,1000.0,1500.0,1250.0,359
Gujarat,Banaskanth,Deesa(Deesa Veg Yard),Gram Raw(Chholia),Other,FAQ,2009-05-06 00:00:00,600.0,700.0,650.0,359
Gujarat,Banaskanth,Deesa(Deesa Veg Yard),Gram Raw(Chholia),Other,FAQ,2009-05-08 00:00:00,600.0,800.0,700.0,359
Gujarat,Banaskanth,Deesa(Deesa Veg Yard),Gram Raw(Chholia),Other,FAQ,2009-05-19 00:00:00,600.0,700.0,650.0,359
Gujarat,Banaskanth,Deesa(Deesa Veg Yard),Gram Raw(Chholia),Other,FAQ,2009-05-21 00:00:00,500.0,600.0,550.0,359
Gujarat,Banaskanth,Deesa(Deesa Veg Yard),Gram Raw(Chholia),Other,FAQ,2009-05-25 00:00:00,500.0,600.0,550.0,359
Gujarat,Banaskanth,Deesa(Deesa Veg Yard),Gram Raw(Chholia),Other,FAQ,2009-06-05 00:00:00,1000.0,1300.0,1150.0,359
Gujarat,Banaskanth,Deesa(Deesa Veg Yard),Gram Raw(Chholia),Other,FAQ,2009-07-21 00:00:00,1200.0,1500.0,1350.0,359
Gujarat,Botad,Botad,Gram Raw(Chholia),Other,FAQ,2009-01-21 00:00:00,1050.0,1300.0,1175.0,359
Gujarat,Botad,Botad,Gram Raw(Chholia),Other,FAQ,2009-01-27 00:00:00,850.0,1200.0,1025.0,359
Gujarat,Botad,Botad,Gram Raw(Chholia),Other,FAQ,2009-02-22 00:00:00,500.0,850.0,675.0,359
Gujarat,Botad,Botad,Gram Raw(Chholia),Other,FAQ,2009-02-25 00:00:00,350.0,900.0,625.0,359
Gujarat,Botad,Botad,Gram Raw(Chholia),Other,FAQ,2009-03-03 00:00:00,800.0,1650.0,1225.0,359
Gujarat,Botad,Botad,Gram Raw(Chholia),Other,FAQ,2009-03-16 00:00:00,750.0,1700.0,1225.0,359
Gujarat,Botad,Botad,Gram Raw(Chholia),Other,FAQ,2009-03-17 00:00:00,850.0,1750.0,1300.0,359
Gujarat,Botad,Botad,Gram Raw(Chholia),Other,FAQ,2009-03-18 00:00:00,1000.0,1500.0,1250.0,359
Gujarat,Botad,Botad,Gram Raw(Chholia),Other,FAQ,2009-03-23 00:00:00,800.0,1500.0,1150.0,359
Gujarat,Botad,Botad,Gram Raw(Chholia),Other,FAQ,2009-03-26 00:00:00,1000.0,1900.0,1450.0,359
Gujarat,Botad,Botad,Gram Raw(Chholia),Other,FAQ,2009-03-27 00:00:00,1250.0,2000.0,1625.0,359
Gujarat,Botad,Botad,Gram Raw(Chholia),Other,FAQ,2009-05-01 00:00:00,500.0,1300.0,900.0,359
Gujarat,Botad,Botad,Gram Raw(Chholia),Other,FAQ,2009-05-05 00:00:00,650.0,1000.0,825.0,359
Gujarat,Botad,Botad,Gram Raw(Chholia),Other,FAQ,2009-05-19 00:00:00,350.0,1050.0,700.0,359
Gujarat,Botad,Botad,Gram Raw(Chholia),Other,FAQ,2009-06-01 00:00:00,750.0,1500.0,1125.0,359
Gujarat,Botad,Botad,Gram Raw(Chholia),Other,FAQ,2009-06-11 00:00:00,550.0,1500.0,1025.0,359
Gujarat,Botad,Botad,Gram Raw(Chholia),Other,FAQ,2009-06-13 00:00:00,600.0,1300.0,950.0,359
Gujarat,Botad,Botad,Gram Raw(Chholia),Other,FAQ,2009-06-21 00:00:00,875.0,1625.0,1250.0,359
Gujarat,Botad,Botad,Gram Raw(Chholia),Other,FAQ,2009-06-25 00:00:00,800.0,1650.0,1225.0,359
Gujarat,Botad,Botad,Gram Raw(Chholia),Other,FAQ,2009-06-30 00:00:00,900.0,1750.0,1325.0,359
Gujarat,Botad,Botad,Gram Raw(Chholia),Other,FAQ,2009-07-17 00:00:00,800.0,1600.0,1200.0,359
Gujarat,Botad,Botad,Gram Raw(Chholia),Other,FAQ,2009-07-20 00:00:00,800.0,1500.0,1150.0,359
Gujarat,Botad,Botad,Gram Raw(Chholia),Other,FAQ,2009-07-21 00:00:00,1000.0,1950.0,1475.0,359
Gujarat,Botad,Botad,Gram Raw(Chholia),Other,FAQ,2009-07-22 00:00:00,1100.0,2100.0,1600.0,359
Gujarat,Botad,Botad,Gram Raw(Chholia),Other,FAQ,2009-07-27 00:00:00,1000.0,2200.0,1600.0,359
Gujarat,Botad,Botad,Gram Raw(Chholia),Other,FAQ,2009-07-28 00:00:00,1100.0,2250.0,1675.0,359
Gujarat,Botad,Botad,Gram Raw(Chholia),Other,FAQ,2009-07-31 00:00:00,1000.0,1800.0,1400.0,359
Gujarat,Botad,Botad,Gram Raw(Chholia),Other,FAQ,2009-08-04 00:00:00,550.0,1200.0,875.0,359
Gujarat,Botad,Botad,Gram Raw(Chholia),Other,FAQ,2009-08-05 00:00:00,500.0,1400.0,950.0,359
Gujarat,Botad,Botad,Gram Raw(Chholia),Other,FAQ,2009-08-19 00:00:00,200.0,700.0,450.0,359
Gujarat,Botad,Botad,Gram Raw(Chholia),Other,FAQ,2009-08-20 00:00:00,200.0,750.0,475.0,359
Gujarat,Botad,Botad,Gram Raw(Chholia),Other,FAQ,2009-08-21 00:00:00,150.0,650.0,400.0,359
Gujarat,Botad,Botad,Gram Raw(Chholia),Other,FAQ,2009-08-23 00:00:00,150.0,500.0,325.0,359
Gujarat,Botad,Botad,Gram Raw(Chholia),Other,FAQ,2009-08-24 00:00:00,150.0,500.0,325.0,359
Gujarat,Botad,Botad,Gram Raw(Chholia),Other,FAQ,2009-08-28 00:00:00,200.0,600.0,400.0,359
Gujarat,Botad,Botad,Gram Raw(Chholia),Other,FAQ,2009-08-29 00:00:00,200.0,400.0,300.0,359
Gujarat,Botad,Botad,Gram Raw(Chholia),Other,FAQ,2009-08-30 00:00:00,200.0,500.0,350.0,359
Gujarat,Botad,Botad,Gram Raw(Chholia),Other,FAQ,2009-09-02 00:00:00,300.0,800.0,550.0,359
Gujarat,Vadodara(Baroda),Vadodara(Sayajipura),Gram Raw(Chholia),Other,FAQ,2025-01-25 00:00:00,2000.0,2200.0,2100.0,359
Gujarat,Vadodara(Baroda),Vadodara(Sayajipura),Gram Raw(Chholia),Other,FAQ,2025-01-30 00:00:00,1500.0,2000.0,1800.0,359
Gujarat,Vadodara(Baroda),Vadodara(Sayajipura),Gram Raw(Chholia),Other,FAQ,2025-01-31 00:00:00,1500.0,2000.0,1800.0,359
Gujarat,Banaskanth,Deesa(Deesa Veg Yard),Gram Raw(Chholia),Other,FAQ,2025-02-18 00:00:00,6000.0,6200.0,6100.0,359
Gujarat,Banaskanth,Deesa(Deesa Veg Yard),Gram Raw(Chholia),Other,FAQ,2025-02-20 00:00:00,6000.0,6300.0,6150.0,359
Gujarat,Surat,Vyra,Gram Raw(Chholia),Other,FAQ,2025-02-04 00:00:00,6000.0,9000.0,7500.0,359
Gujarat,Surat,Vyra,Gram Raw(Chholia),Other,FAQ,2025-02-10 00:00:00,6000.0,7000.0,6500.0,359
Gujarat,Surat,Vyra,Gram Raw(Chholia),Other,FAQ,2025-02-13 00:00:00,6000.0,6500.0,6250.0,359
Gujarat,Surat,Vyra,Gram Raw(Chholia),Other,FAQ,2025-02-15 00:00:00,6000.0,8500.0,7250.0,359
Gujarat,Vadodara(Baroda),Vadodara(Sayajipura),Gram Raw(Chholia),Other,FAQ,2025-02-15 00:00:00,2000.0,2500.0,2300.0,359
Gujarat,Vadodara(Baroda),Vadodara(Sayajipura),Gram Raw(Chholia),Other,FAQ,2025-02-16 00:00:00,2000.0,2500.0,2300.0,359
Gujarat,Banaskanth,Deesa(Deesa Veg Yard),Gram Raw(Chholia),Other,FAQ,2025-03-03 00:00:00,7000.0,8000.0,7500.0,359
Gujarat,Banaskanth,Deesa(Deesa Veg Yard),Gram Raw(Chholia),Other,FAQ,2025-03-07 00:00:00,7000.0,8300.0,7650.0,359
Gujarat,Banaskanth,Deesa(Deesa Veg Yard),Gram Raw(Chholia),Other,FAQ,2025-03-27 00:00:00,8000.0,8350.0,8175.0,359
Gujarat,Surat,Vyra,Gram Raw(Chholia),Other,FAQ,2025-03-07 00:00:00,6500.0,8000.0,7250.0,359
Gujarat,Surat,Vyra,Gram Raw(Chholia),Other,FAQ,2025-03-08 00:00:00,6500.0,8000.0,7250.0,359
Gujarat,Vadodara(Baroda),Vadodara(Sayajipura),Gram Raw(Chholia),Other,FAQ,2025-03-11 00:00:00,2000.0,2500.0,2300.0,359
Gujarat,Vadodara(Baroda),Vadodara(Sayajipura),Gram Raw(Chholia),Other,FAQ,2025-03-22 00:00:00,3000.0,3500.0,3300.0,359
Gujarat,Vadodara(Baroda),Vadodara(Sayajipura),Gram Raw(Chholia),Other,FAQ,2025-03-26 00:00:00,4000.0,5000.0,4500.0,359
Gujarat,Vadodara(Baroda),Vadodara(Sayajipura),Gram Raw(Chholia),Other,FAQ,2025-03-28 00:00:00,4000.0,5000.0,4500.0,359
Gujarat,Banaskanth,Deesa(Deesa Veg Yard),Gram Raw(Chholia),Other,FAQ,2025-06-09 00:00:00,3000.0,5250.0,4125.0,359
Gujarat,Banaskanth,Deesa(Deesa Veg Yard),Gram Raw(Chholia),Other,FAQ,2025-06-17 00:00:00,6000.0,8300.0,7150.0,359
Gujarat,Vadodara(Baroda),Vadodara(Sayajipura),Gram Raw(Chholia),Other,FAQ,2025-06-10 00:00:00,4000.0,5000.0,4500.0,359
Gujarat,Vadodara(Baroda),Vadodara(Sayajipura),Gram Raw(Chholia),Other,FAQ,2025-06-14 00:00:00,4000.0,5000.0,4500.0,359
Gujarat,Vadodara(Baroda),Vadodara(Sayajipura),Gram Raw(Chholia),Other,FAQ,2025-06-15 00:00:00,4000.0,5000.0,4500.0,359
Gujarat,Vadodara(Baroda),Vadodara(Sayajipura),Gram Raw(Chholia),Other,FAQ,2025-06-18 00:00:00,3000.0,5000.0,4050.0,359
Gujarat,Vadodara(Baroda),Vadodara(Sayajipura),Gram Raw(Chholia),Other,FAQ,2025-06-20 00:00:00,3000.0,5000.0,4050.0,359
Gujarat,Vadodara(Baroda),Vadodara(Sayajipura),Gram Raw(Chholia),Other,FAQ,2025-06-26 00:00:00,4500.0,5000.0,4800.0,359
Gujarat,Banaskanth,Deesa(Deesa Veg Yard),Gram Raw(Chholia),Other,FAQ,2025-07-08 00:00:00,7000.0,9300.0,8150.0,359
Gujarat,Banaskanth,Deesa(Deesa Veg Yard),Gram Raw(Chholia),Other,FAQ,2025-07-11 00:00:00,7000.0,9250.0,8125.0,359
Gujarat,Banaskanth,Deesa(Deesa Veg Yard),Gram Raw(Chholia),Other,FAQ,2025-07-18 00:00:00,6000.0,8100.0,7050.0,359
Gujarat,Banaskanth,Deesa(Deesa Veg Yard),Gram Raw(Chholia),Other,FAQ,2025-07-23 00:00:00,6000.0,8250.0,7125.0,359
Gujarat,Banaskanth,Deesa(Deesa Veg Yard),Gram Raw(Chholia),Other,FAQ,2025-07-26 00:00:00,6000.0,6500.0,6250.0,359
Gujarat,Vadodara(Baroda),Vadodara(Sayajipura),Gram Raw(Chholia),Other,FAQ,2025-07-11 00:00:00,5000.0,6000.0,5500.0,359
Gujarat,Vadodara(Baroda),Vadodara(Sayajipura),Gram Raw(Chholia),Other,FAQ,2025-07-12 00:00:00,5000.0,6000.0,5550.0,359
Gujarat,Vadodara(Baroda),Vadodara(Sayajipura),Gram Raw(Chholia),Other,FAQ,2025-07-18 00:00:00,5000.0,6000.0,5550.0,359
Gujarat,Vadodara(Baroda),Vadodara(Sayajipura),Gram Raw(Chholia),Other,FAQ,2025-07-23 00:00:00,2500.0,3500.0,3050.0,359
Gujarat,Vadodara(Baroda),Vadodara(Sayajipura),Gram Raw(Chholia),Other,FAQ,2025-07-27 00:00:00,2500.0,3500.0,3050.0,359
Gujarat,Vadodara(Baroda),Vadodara(Sayajipura),Gram Raw(Chholia),Other,FAQ,2025-07-30 00:00:00,5500.0,6000.0,5800.0,359
Gujarat,Vadodara(Baroda),Vadodara(Sayajipura),Gram Raw(Chholia),Other,FAQ,2025-07-31 00:00:00,4000.0,5000.0,4500.0,359
Gujarat,Banaskanth,Deesa(Deesa Veg Yard),Gram Raw(Chholia),Other,FAQ,2025-04-01 00:00:00,6000.0,7000.0,6500.0,359
Gujarat,Banaskanth,Deesa(Deesa Veg Yard),Gram Raw(Chholia),Other,FAQ,2025-04-02 00:00:00,7500.0,8000.0,7750.0,359
Gujarat,Banaskanth,Deesa(Deesa Veg Yard),Gram Raw(Chholia),Other,FAQ,2025-04-05 00:00:00,7500.0,8250.0,7875.0,359
Gujarat,Banaskanth,Deesa(Deesa Veg Yard),Gram Raw(Chholia),Other,FAQ,2025-04-07 00:00:00,7500.0,8300.0,7900.0,359
Gujarat,Banaskanth,Deesa(Deesa Veg Yard),Gram Raw(Chholia),Other,FAQ,2025-04-09 00:00:00,7500.0,8300.0,7900.0,359
Gujarat,Banaskanth,Deesa(Deesa Veg Yard),Gram Raw(Chholia),Other,FAQ,2025-04-18 00:00:00,7500.0,8150.0,7825.0,359
Gujarat,Vadodara(Baroda),Vadodara(Sayajipura),Gram Raw(Chholia),Other,FAQ,2025-04-07 00:00:00,3000.0,6000.0,4500.0,359
Gujarat,Vadodara(Baroda),Vadodara(Sayajipura),Gram Raw(Chholia),Other,FAQ,2025-04-11 00:00:00,6000.0,8000.0,7000.0,359
Gujarat,Vadodara(Baroda),Vadodara(Sayajipura),Gram Raw(Chholia),Other,FAQ,2025-04-12 00:00:00,6000.0,8000.0,7000.0,359
Gujarat,Vadodara(Baroda),Vadodara(Sayajipura),Gram Raw(Chholia),Other,FAQ,2025-04-15 00:00:00,6000.0,8000.0,7000.0,359
Gujarat,Vadodara(Baroda),Vadodara(Sayajipura),Gram Raw(Chholia),Other,FAQ,2025-04-20 00:00:00,6000.0,7000.0,6500.0,359
Gujarat,Vadodara(Baroda),Vadodara(Sayajipura),Gram Raw(Chholia),Other,FAQ,2025-04-24 00:00:00,6000.0,6500.0,6300.0,359
Gujarat,Vadodara(Baroda),Vadodara(Sayajipura),Gram Raw(Chholia),Other,FAQ,2025-04-26 00:00:00,6000.0,6500.0,6300.0,359
Gujarat,Banaskanth,Deesa(Deesa Veg Yard),Gram Raw(Chholia),Other,FAQ,2025-05-13 00:00:00,4500.0,5000.0,4750.0,359
Gujarat,Banaskanth,Deesa(Deesa Veg Yard),Gram Raw(Chholia),Other,FAQ,2025-05-20 00:00:00,1500.0,2000.0,1750.0,359
Gujarat,Vadodara(Baroda),Vadodara(Sayajipura),Gram Raw(Chholia),Other,FAQ,2025-05-09 00:00:00,3000.0,4000.0,3500.0,359
Gujarat,Vadodara(Baroda),Vadodara(Sayajipura),Gram Raw(Chholia),Other,FAQ,2025-05-13 00:00:00,3500.0,4000.0,3800.0,359
Gujarat,Vadodara(Baroda),Vadodara(Sayajipura),Gram Raw(Chholia),Other,FAQ,2025-05-16 00:00:00,4000.0,4500.0,4300.0,359
Gujarat,Vadodara(Baroda),Vadodara(Sayajipura),Gram Raw(Chholia),Other,FAQ,2025-05-18 00:00:00,4000.0,4500.0,4300.0,359
Gujarat,Banaskanth,Deesa(Deesa Veg Yard),Gram Raw(Chholia),Other,FAQ,2024-10-26 00:00:00,7500.0,8250.0,7875.0,359
Gujarat,Banaskanth,Deesa(Deesa Veg Yard),Gram Raw(Chholia),Other,FAQ,2024-10-01 00:00:00,4000.0,6250.0,5125.0,359
Gujarat,Vadodara(Baroda),Vadodara(Sayajipura),Gram Raw(Chholia),Other,FAQ,2024-10-08 00:00:00,8000.0,9000.0,8500.0,359
Gujarat,Banaskanth,Deesa(Deesa Veg Yard),Gram Raw(Chholia),Other,FAQ,2024-10-04 00:00:00,4000.0,6200.0,5100.0,359
Gujarat,Banaskanth,Deesa(Deesa Veg Yard),Gram Raw(Chholia),Other,FAQ,2024-10-18 00:00:00,7500.0,8300.0,7900.0,359
Gujarat,Banaskanth,Deesa(Deesa Veg Yard),Gram Raw(Chholia),Other,FAQ,2024-10-14 00:00:00,7500.0,8150.0,7825.0,359
Gujarat,Banaskanth,Deesa(Deesa Veg Yard),Gram Raw(Chholia),Other,FAQ,2024-12-09 00:00:00,4000.0,4800.0,4400.0,359
Gujarat,Surat,Vyra,Gram Raw(Chholia),Other,FAQ,2024-12-13 00:00:00,5000.0,6000.0,5500.0,359
Gujarat,Surat,Vyra,Gram Raw(Chholia),Other,FAQ,2024-12-19 00:00:00,4500.0,7000.0,5750.0,359
Gujarat,Surat,Vyra,Gram Raw(Chholia),Other,FAQ,2024-12-24 00:00:00,5000.0,9000.0,7000.0,359
Gujarat,Surat,Vyra,Gram Raw(Chholia),Other,FAQ,2024-12-28 00:00:00,6000.0,7000.0,6500.0,359
Gujarat,Vadodara(Baroda),Vadodara(Sayajipura),Gram Raw(Chholia),Other,FAQ,2024-12-02 00:00:00,3500.0,4000.0,3800.0,359
Gujarat,Vadodara(Baroda),Vadodara(Sayajipura),Gram Raw(Chholia),Other,FAQ,2024-12-09 00:00:00,2500.0,3000.0,2800.0,359
Gujarat,Banaskanth,Deesa(Deesa Veg Yard),Gram Raw(Chholia),Other,FAQ,2024-11-04 00:00:00,7500.0,8000.0,7750.0,359
Gujarat,Vadodara(Baroda),Vadodara(Sayajipura),Gram Raw(Chholia),Other,FAQ,2024-11-09 00:00:00,5000.0,6500.0,5800.0,359
Gujarat,Banaskanth,Deesa(Deesa Veg Yard),Gram Raw(Chholia),Other,FAQ,2024-09-12 00:00:00,5000.0,6200.0,5600.0,359
Gujarat,Banaskanth,Deesa(Deesa Veg Yard),Gram Raw(Chholia),Other,FAQ,2024-09-19 00:00:00,5000.0,6250.0,5625.0,359
Gujarat,Banaskanth,Deesa(Deesa Veg Yard),Gram Raw(Chholia),Other,FAQ,2024-09-21 00:00:00,5000.0,6200.0,5600.0,359
Gujarat,Banaskanth,Deesa(Deesa Veg Yard),Gram Raw(Chholia),Other,FAQ,2024-09-23 00:00:00,5000.0,6250.0,5625.0,359
Gujarat,Banaskanth,Deesa(Deesa Veg Yard),Gram Raw(Chholia),Other,FAQ,2024-09-24 00:00:00,5000.0,6300.0,5650.0,359
Gujarat,Banaskanth,Deesa(Deesa Veg Yard),Gram Raw(Chholia),Other,FAQ,2024-09-26 00:00:00,5000.0,6250.0,5625.0,359
Gujarat,Banaskanth,Deesa(Deesa Veg Yard),Gram Raw(Chholia),Other,FAQ,2024-09-28 00:00:00,4000.0,6000.0,5000.0,359
Gujarat,Vadodara(Baroda),Vadodara(Sayajipura),Gram Raw(Chholia),Other,FAQ,2024-09-04 00:00:00,6000.0,7000.0,6500.0,359
Gujarat,Vadodara(Baroda),Vadodara(Sayajipura),Gram Raw(Chholia),Other,FAQ,2024-09-11 00:00:00,7000.0,7500.0,7300.0,359
Gujarat,Vadodara(Baroda),Vadodara(Sayajipura),Gram Raw(Chholia),Other,FAQ,2024-09-18 00:00:00,2000.0,3000.0,2500.0,359
Gujarat,Banaskanth,Deesa(Deesa Veg Yard),Gram Raw(Chholia),Other,FAQ,2024-07-06 00:00:00,7500.0,8350.0,7925.0,359
Gujarat,Banaskanth,Deesa(Deesa Veg Yard),Gram Raw(Chholia),Other,FAQ,2024-07-10 00:00:00,9000.0,10000.0,9500.0,359
Gujarat,Banaskanth,Deesa(Deesa Veg Yard),Gram Raw(Chholia),Other,FAQ,2024-07-16 00:00:00,9000.0,10150.0,9575.0,359
Gujarat,Banaskanth,Deesa(Deesa Veg Yard),Gram Raw(Chholia),Other,FAQ,2024-07-18 00:00:00,4000.0,8000.0,6000.0,359
Gujarat,Banaskanth,Deesa(Deesa Veg Yard),Gram Raw(Chholia),Other,FAQ,2024-07-20 00:00:00,4000.0,8250.0,6125.0,359
Gujarat,Banaskanth,Deesa(Deesa Veg Yard),Gram Raw(Chholia),Other,FAQ,2024-07-25 00:00:00,4000.0,8250.0,6125.0,359
Gujarat,Vadodara(Baroda),Vadodara(Sayajipura),Gram Raw(Chholia),Other,FAQ,2024-07-02 00:00:00,9000.0,10000.0,9500.0,359
Gujarat,Vadodara(Baroda),Vadodara(Sayajipura),Gram Raw(Chholia),Other,FAQ,2024-07-04 00:00:00,8000.0,11000.0,9550.0,359
Gujarat,Vadodara(Baroda),Vadodara(Sayajipura),Gram Raw(Chholia),Other,FAQ,2024-07-07 00:00:00,8000.0,11000.0,9500.0,359
Gujarat,Vadodara(Baroda),Vadodara(Sayajipura),Gram Raw(Chholia),Other,FAQ,2024-07-09 00:00:00,6000.0,10000.0,8050.0,359
Gujarat,Vadodara(Baroda),Vadodara(Sayajipura),Gram Raw(Chholia),Other,FAQ,2024-07-18 00:00:00,6000.0,7000.0,6550.0,359
Gujarat,Banaskanth,Deesa(Deesa Veg Yard),Gram Raw(Chholia),Other,FAQ,2024-08-10 00:00:00,8000.0,10000.0,9000.0,359
Gujarat,Banaskanth,Deesa(Deesa Veg Yard),Gram Raw(Chholia),Other,FAQ,2024-08-20 00:00:00,5000.0,7200.0,6100.0,359
Gujarat,Banaskanth,Deesa(Deesa Veg Yard),Gram Raw(Chholia),Other,FAQ,2024-08-21 00:00:00,5000.0,7250.0,6125.0,359
Gujarat,Banaskanth,Deesa(Deesa Veg Yard),Gram Raw(Chholia),Other,FAQ,2024-08-23 00:00:00,5000.0,7250.0,6125.0,359
Gujarat,Banaskanth,Deesa(Deesa Veg Yard),Gram Raw(Chholia),Other,FAQ,2024-08-24 00:00:00,5000.0,7300.0,6150.0,359
Gujarat,Vadodara(Baroda),Vadodara(Sayajipura),Gram Raw(Chholia),Other,FAQ,2024-08-03 00:00:00,5500.0,6000.0,5800.0,359
Gujarat,Vadodara(Baroda),Vadodara(Sayajipura),Gram Raw(Chholia),Other,FAQ,2024-08-10 00:00:00,5000.0,7000.0,6050.0,359
Gujarat,Vadodara(Baroda),Vadodara(Sayajipura),Gram Raw(Chholia),Other,FAQ,2024-08-11 00:00:00,5000.0,7000.0,6050.0,359
Gujarat,Vadodara(Baroda),Vadodara(Sayajipura),Gram Raw(Chholia),Other,FAQ,2024-08-15 00:00:00,5000.0,6000.0,5550.0,359
Gujarat,Vadodara(Baroda),Vadodara(Sayajipura),Gram Raw(Chholia),Other,FAQ,2024-08-22 00:00:00,1500.0,2000.0,1800.0,359
Gujarat,Banaskanth,Deesa(Deesa Veg Yard),Gram Raw(Chholia),Other,FAQ,2022-01-08 00:00:00,2000.0,2750.0,2375.0,359
Gujarat,Banaskanth,Deesa(Deesa Veg Yard),Gram Raw(Chholia),Other,FAQ,2022-03-30 00:00:00,6000.0,9200.0,7600.0,359
Gujarat,Banaskanth,Deesa(Deesa Veg Yard),Gram Raw(Chholia),Other,FAQ,2022-05-07 00:00:00,1500.0,3000.0,2250.0,359
Gujarat,Banaskanth,Deesa(Deesa Veg Yard),Gram Raw(Chholia),Other,FAQ,2022-05-20 00:00:00,1000.0,3000.0,2000.0,359
Gujarat,Banaskanth,Deesa(Deesa Veg Yard),Gram Raw(Chholia),Other,FAQ,2022-05-23 00:00:00,1000.0,2800.0,1900.0,359
Gujarat,Banaskanth,Deesa(Deesa Veg Yard),Gram Raw(Chholia),Other,FAQ,2022-06-06 00:00:00,4000.0,5000.0,4500.0,359
Gujarat,Banaskanth,Deesa(Deesa Veg Yard),Gram Raw(Chholia),Other,FAQ,2022-06-10 00:00:00,4000.0,5300.0,4650.0,359
Gujarat,Banaskanth,Deesa(Deesa Veg Yard),Gram Raw(Chholia),Other,FAQ,2022-06-16 00:00:00,4000.0,5100.0,4550.0,359
Gujarat,Banaskanth,Deesa(Deesa Veg Yard),Gram Raw(Chholia),Other,FAQ,2022-07-14 00:00:00,6000.0,7250.0,6625.0,359
Gujarat,Banaskanth,Deesa(Deesa Veg Yard),Gram Raw(Chholia),Other,FAQ,2022-07-20 00:00:00,5000.0,6000.0,5500.0,359
Gujarat,Banaskanth,Deesa(Deesa Veg Yard),Gram Raw(Chholia),Other,FAQ,2022-07-27 00:00:00,5000.0,6350.0,5675.0,359
Gujarat,Banaskanth,Deesa(Deesa Veg Yard),Gram Raw(Chholia),Other,FAQ,2022-07-28 00:00:00,5000.0,6400.0,5700.0,359
Gujarat,Banaskanth,Deesa(Deesa Veg Yard),Gram Raw(Chholia),Other,FAQ,2022-08-06 00:00:00,8000.0,9250.0,8625.0,359
Gujarat,Banaskanth,Deesa(Deesa Veg Yard),Gram Raw(Chholia),Other,FAQ,2022-08-23 00:00:00,5500.0,6700.0,6100.0,359
Gujarat,Banaskanth,Deesa(Deesa Veg Yard),Gram Raw(Chholia),Other,FAQ,2022-09-05 00:00:00,6000.0,6500.0,6250.0,359
Gujarat,Banaskanth,Deesa(Deesa Veg Yard),Gram Raw(Chholia),Other,FAQ,2022-09-06 00:00:00,6000.0,6700.0,6350.0,359
Gujarat,Banaskanth,Deesa(Deesa Veg Yard),Gram Raw(Chholia),Other,FAQ,2022-09-19 00:00:00,6000.0,6550.0,6275.0,359
Gujarat,Banaskanth,Deesa(Deesa Veg Yard),Gram Raw(Chholia),Other,FAQ,2022-09-21 00:00:00,6000.0,6500.0,6250.0,359
Gujarat,Banaskanth,Deesa(Deesa Veg Yard),Gram Raw(Chholia),Other,FAQ,2022-09-28 00:00:00,7000.0,7500.0,7250.0,359
Gujarat,Banaskanth,Deesa(Deesa Veg Yard),Gram Raw(Chholia),Other,FAQ,2022-11-02 00:00:00,3000.0,4250.0,3625.0,359
Gujarat,Banaskanth,Deesa(Deesa Veg Yard),Gram Raw(Chholia),Other,FAQ,2022-11-07 00:00:00,3000.0,4350.0,3675.0,359
Gujarat,Banaskanth,Deesa(Deesa Veg Yard),Gram Raw(Chholia),Other,FAQ,2022-11-10 00:00:00,3000.0,3350.0,3175.0,359
Gujarat,Banaskanth,Deesa(Deesa Veg Yard),Gram Raw(Chholia),Other,FAQ,2022-11-17 00:00:00,3500.0,4150.0,3825.0,359
Gujarat,Banaskanth,Deesa(Deesa Veg Yard),Gram Raw(Chholia),Other,FAQ,2022-11-21 00:00:00,3500.0,4250.0,3875.0,359
Gujarat,Banaskanth,Deesa(Deesa Veg Yard),Gram Raw(Chholia),Other,FAQ,2022-12-01 00:00:00,4500.0,5000.0,4750.0,359
Gujarat,Banaskanth,Deesa(Deesa Veg Yard),Gram Raw(Chholia),Other,FAQ,2022-12-21 00:00:00,3500.0,4250.0,3875.0,359
Gujarat,Banaskanth,Deesa(Deesa Veg Yard),Gram Raw(Chholia),Other,FAQ,2022-12-23 00:00:00,3500.0,4250.0,3875.0,359
Gujarat,Vadodara(Baroda),Vadodara(Sayajipura),Gram Raw(Chholia),Other,FAQ,2022-01-10 00:00:00,4000.0,4500.0,4300.0,359
Gujarat,Vadodara(Baroda),Vadodara(Sayajipura),Gram Raw(Chholia),Other,FAQ,2022-01-11 00:00:00,5000.0,5500.0,5300.0,359
Gujarat,Vadodara(Baroda),Vadodara(Sayajipura),Gram Raw(Chholia),Other,FAQ,2022-01-21 00:00:00,2800.0,4000.0,3450.0,359
Gujarat,Vadodara(Baroda),Vadodara(Sayajipura),Gram Raw(Chholia),Other,FAQ,2022-01-26 00:00:00,3000.0,4000.0,3550.0,359
Gujarat,Vadodara(Baroda),Vadodara(Sayajipura),Gram Raw(Chholia),Other,FAQ,2022-02-05 00:00:00,4000.0,4500.0,4300.0,359
Gujarat,Vadodara(Baroda),Vadodara(Sayajipura),Gram Raw(Chholia),Other,FAQ,2022-02-10 00:00:00,4000.0,5000.0,4550.0,359
Gujarat,Vadodara(Baroda),Vadodara(Sayajipura),Gram Raw(Chholia),Other,FAQ,2022-02-15 00:00:00,3500.0,4000.0,3800.0,359
Gujarat,Vadodara(Baroda),Vadodara(Sayajipura),Gram Raw(Chholia),Other,FAQ,2022-02-27 00:00:00,3500.0,4000.0,3800.0,359
Gujarat,Vadodara(Baroda),Vadodara(Sayajipura),Gram Raw(Chholia),Other,FAQ,2022-03-03 00:00:00,3000.0,4000.0,3500.0,359
Gujarat,Vadodara(Baroda),Vadodara(Sayajipura),Gram Raw(Chholia),Other,FAQ,2022-03-07 00:00:00,3000.0,3500.0,3300.0,359
Gujarat,Vadodara(Baroda),Vadodara(Sayajipura),Gram Raw(Chholia),Other,FAQ,2022-03-15 00:00:00,3000.0,4000.0,3550.0,359
Gujarat,Vadodara(Baroda),Vadodara(Sayajipura),Gram Raw(Chholia),Other,FAQ,2022-03-24 00:00:00,4000.0,4500.0,4300.0,359
Gujarat,Vadodara(Baroda),Vadodara(Sayajipura),Gram Raw(Chholia),Other,FAQ,2022-04-06 00:00:00,4000.0,4500.0,4300.0,359
Gujarat,Vadodara(Baroda),Vadodara(Sayajipura),Gram Raw(Chholia),Other,FAQ,2022-04-10 00:00:00,3500.0,4000.0,3800.0,359
Gujarat,Vadodara(Baroda),Vadodara(Sayajipura),Gram Raw(Chholia),Other,FAQ,2022-04-16 00:00:00,3500.0,4000.0,3800.0,359
Gujarat,Vadodara(Baroda),Vadodara(Sayajipura),Gram Raw(Chholia),Other,FAQ,2022-05-02 00:00:00,4000.0,5000.0,4550.0,359
Gujarat,Vadodara(Baroda),Vadodara(Sayajipura),Gram Raw(Chholia),Other,FAQ,2022-05-06 00:00:00,2000.0,2500.0,2300.0,359
Gujarat,Vadodara(Baroda),Vadodara(Sayajipura),Gram Raw(Chholia),Other,FAQ,2022-05-07 00:00:00,2000.0,2500.0,2300.0,359
Gujarat,Vadodara(Baroda),Vadodara(Sayajipura),Gram Raw(Chholia),Other,FAQ,2022-05-09 00:00:00,2000.0,2500.0,2300.0,359
Gujarat,Vadodara(Baroda),Vadodara(Sayajipura),Gram Raw(Chholia),Other,FAQ,2022-05-17 00:00:00,2000.0,2500.0,2300.0,359
Gujarat,Vadodara(Baroda),Vadodara(Sayajipura),Gram Raw(Chholia),Other,FAQ,2022-06-01 00:00:00,3000.0,3500.0,3300.0,359
Gujarat,Vadodara(Baroda),Vadodara(Sayajipura),Gram Raw(Chholia),Other,FAQ,2022-06-04 00:00:00,3000.0,4000.0,3550.0,359
Gujarat,Vadodara(Baroda),Vadodara(Sayajipura),Gram Raw(Chholia),Other,FAQ,2022-06-05 00:00:00,3000.0,4000.0,3550.0,359
Gujarat,Vadodara(Baroda),Vadodara(Sayajipura),Gram Raw(Chholia),Other,FAQ,2022-06-08 00:00:00,3500.0,4000.0,3800.0,359
Gujarat,Vadodara(Baroda),Vadodara(Sayajipura),Gram Raw(Chholia),Other,FAQ,2022-06-10 00:00:00,3000.0,4000.0,3550.0,359
Gujarat,Vadodara(Baroda),Vadodara(Sayajipura),Gram Raw(Chholia),Other,FAQ,2022-06-11 00:00:00,3000.0,4000.0,3550.0,359
Gujarat,Vadodara(Baroda),Vadodara(Sayajipura),Gram Raw(Chholia),Other,FAQ,2022-06-14 00:00:00,3500.0,4500.0,4050.0,359
Gujarat,Vadodara(Baroda),Vadodara(Sayajipura),Gram Raw(Chholia),Other,FAQ,2022-06-22 00:00:00,4000.0,5000.0,4550.0,359
Gujarat,Vadodara(Baroda),Vadodara(Sayajipura),Gram Raw(Chholia),Other,FAQ,2022-06-23 00:00:00,4000.0,5000.0,4550.0,359
Gujarat,Vadodara(Baroda),Vadodara(Sayajipura),Gram Raw(Chholia),Other,FAQ,2022-07-02 00:00:00,5000.0,5500.0,5300.0,359
Gujarat,Vadodara(Baroda),Vadodara(Sayajipura),Gram Raw(Chholia),Other,FAQ,2022-07-10 00:00:00,3000.0,4500.0,3800.0,359
Gujarat,Vadodara(Baroda),Vadodara(Sayajipura),Gram Raw(Chholia),Other,FAQ,2022-07-16 00:00:00,5000.0,6500.0,5800.0,359
Gujarat,Vadodara(Baroda),Vadodara(Sayajipura),Gram Raw(Chholia),Other,FAQ,2022-07-19 00:00:00,7000.0,7500.0,7300.0,359
Gujarat,Vadodara(Baroda),Vadodara(Sayajipura),Gram Raw(Chholia),Other,FAQ,2022-07-25 00:00:00,5000.0,6000.0,5550.0,359
Gujarat,Vadodara(Baroda),Vadodara(Sayajipura),Gram Raw(Chholia),Other,FAQ,2022-08-22 00:00:00,5000.0,6000.0,5550.0,359
Gujarat,Vadodara(Baroda),Vadodara(Sayajipura),Gram Raw(Chholia),Other,FAQ,2022-08-26 00:00:00,4000.0,5000.0,4550.0,359
Gujarat,Vadodara(Baroda),Vadodara(Sayajipura),Gram Raw(Chholia),Other,FAQ,2022-08-28 00:00:00,2000.0,2500.0,2300.0,359
Gujarat,Vadodara(Baroda),Vadodara(Sayajipura),Gram Raw(Chholia),Other,FAQ,2022-08-29 00:00:00,3500.0,4000.0,3800.0,359
Gujarat,Vadodara(Baroda),Vadodara(Sayajipura),Gram Raw(Chholia),Other,FAQ,2022-08-31 00:00:00,4000.0,5000.0,4550.0,359
Gujarat,Vadodara(Baroda),Vadodara(Sayajipura),Gram Raw(Chholia),Other,FAQ,2022-09-02 00:00:00,4500.0,5000.0,4800.0,359
Gujarat,Vadodara(Baroda),Vadodara(Sayajipura),Gram Raw(Chholia),Other,FAQ,2022-09-13 00:00:00,2500.0,3000.0,2800.0,359
Gujarat,Vadodara(Baroda),Vadodara(Sayajipura),Gram Raw(Chholia),Other,FAQ,2022-09-14 00:00:00,3000.0,3800.0,3450.0,359
Gujarat,Vadodara(Baroda),Vadodara(Sayajipura),Gram Raw(Chholia),Other,FAQ,2022-09-23 00:00:00,3000.0,4500.0,3800.0,359
Gujarat,Vadodara(Baroda),Vadodara(Sayajipura),Gram Raw(Chholia),Other,FAQ,2022-10-03 00:00:00,2500.0,5000.0,3800.0,359
Gujarat,Vadodara(Baroda),Vadodara(Sayajipura),Gram Raw(Chholia),Other,FAQ,2022-10-18 00:00:00,4000.0,5000.0,4550.0,359
Gujarat,Vadodara(Baroda),Vadodara(Sayajipura),Gram Raw(Chholia),Other,FAQ,2022-10-19 00:00:00,4000.0,5000.0,4550.0,359
Gujarat,Vadodara(Baroda),Vadodara(Sayajipura),Gram Raw(Chholia),Other,FAQ,2022-11-17 00:00:00,2500.0,3000.0,2800.0,359
Gujarat,Vadodara(Baroda),Vadodara(Sayajipura),Gram Raw(Chholia),Other,FAQ,2022-11-19 00:00:00,2800.0,3500.0,3200.0,359
Gujarat,Vadodara(Baroda),Vadodara(Sayajipura),Gram Raw(Chholia),Other,FAQ,2022-11-25 00:00:00,2000.0,2500.0,2300.0,359
Gujarat,Vadodara(Baroda),Vadodara(Sayajipura),Gram Raw(Chholia),Other,FAQ,2022-12-03 00:00:00,2000.0,2500.0,2300.0,359
Gujarat,Vadodara(Baroda),Vadodara(Sayajipura),Gram Raw(Chholia),Other,FAQ,2022-12-04 00:00:00,2000.0,2500.0,2300.0,359
Gujarat,Vadodara(Baroda),Vadodara(Sayajipura),Gram Raw(Chholia),Other,FAQ,2022-12-15 00:00:00,1500.0,2000.0,1800.0,359
Gujarat,Vadodara(Baroda),Vadodara(Sayajipura),Gram Raw(Chholia),Other,FAQ,2022-12-16 00:00:00,1500.0,2000.0,1800.0,359
Gujarat,Vadodara(Baroda),Vadodara(Sayajipura),Gram Raw(Chholia),Other,FAQ,2022-12-30 00:00:00,1200.0,1500.0,1400.0,359
Gujarat,Banaskanth,Deesa(Deesa Veg Yard),Gram Raw(Chholia),Other,FAQ,2023-04-13 00:00:00,6000.0,7000.0,6500.0,359
Gujarat,Banaskanth,Deesa(Deesa Veg Yard),Gram Raw(Chholia),Other,FAQ,2023-04-15 00:00:00,6000.0,7200.0,6600.0,359
Gujarat,Banaskanth,Deesa(Deesa Veg Yard),Gram Raw(Chholia),Other,FAQ,2023-04-17 00:00:00,6000.0,7250.0,6625.0,359
Gujarat,Banaskanth,Deesa(Deesa Veg Yard),Gram Raw(Chholia),Other,FAQ,2023-04-20 00:00:00,6000.0,7350.0,6675.0,359
Gujarat,Banaskanth,Deesa(Deesa Veg Yard),Gram Raw(Chholia),Other,FAQ,2023-04-27 00:00:00,3500.0,5000.0,4250.0,359
Gujarat,Banaskanth,Deesa(Deesa Veg Yard),Gram Raw(Chholia),Other,FAQ,2023-05-26 00:00:00,2500.0,3150.0,2825.0,359
Gujarat,Banaskanth,Deesa(Deesa Veg Yard),Gram Raw(Chholia),Other,FAQ,2023-05-27 00:00:00,2500.0,3200.0,2850.0,359
Gujarat,Banaskanth,Deesa(Deesa Veg Yard),Gram Raw(Chholia),Other,FAQ,2023-06-02 00:00:00,2500.0,3500.0,3000.0,359
Gujarat,Banaskanth,Deesa(Deesa Veg Yard),Gram Raw(Chholia),Other,FAQ,2023-06-06 00:00:00,2500.0,3750.0,3125.0,359
Gujarat,Banaskanth,Deesa(Deesa Veg Yard),Gram Raw(Chholia),Other,FAQ,2023-06-09 00:00:00,2500.0,3800.0,3150.0,359
Gujarat,Banaskanth,Deesa(Deesa Veg Yard),Gram Raw(Chholia),Other,FAQ,2023-06-16 00:00:00,2500.0,3850.0,3175.0,359
Gujarat,Banaskanth,Deesa(Deesa Veg Yard),Gram Raw(Chholia),Other,FAQ,2023-06-26 00:00:00,2500.0,3850.0,3175.0,359
Gujarat,Banaskanth,Deesa(Deesa Veg Yard),Gram Raw(Chholia),Other,FAQ,2023-06-27 00:00:00,2500.0,3650.0,3075.0,359
Gujarat,Banaskanth,Deesa(Deesa Veg Yard),Gram Raw(Chholia),Other,FAQ,2023-07-20 00:00:00,8500.0,9000.0,8750.0,359
Gujarat,Banaskanth,Deesa(Deesa Veg Yard),Gram Raw(Chholia),Other,FAQ,2023-07-26 00:00:00,8000.0,9000.0,8500.0,359
Gujarat,Banaskanth,Deesa(Deesa Veg Yard),Gram Raw(Chholia),Other,FAQ,2023-07-29 00:00:00,8000.0,9100.0,8550.0,359
Gujarat,Banaskanth,Deesa(Deesa Veg Yard),Gram Raw(Chholia),Other,FAQ,2023-08-02 00:00:00,8000.0,9000.0,8500.0,359
Gujarat,Banaskanth,Deesa(Deesa Veg Yard),Gram Raw(Chholia),Other,FAQ,2023-08-03 00:00:00,8000.0,9100.0,8550.0,359
Gujarat,Banaskanth,Deesa(Deesa Veg Yard),Gram Raw(Chholia),Other,FAQ,2023-08-04 00:00:00,8000.0,9000.0,8500.0,359
Gujarat,Banaskanth,Deesa(Deesa Veg Yard),Gram Raw(Chholia),Other,FAQ,2023-08-08 00:00:00,8000.0,9250.0,8625.0,359
Gujarat,Banaskanth,Deesa(Deesa Veg Yard),Gram Raw(Chholia),Other,FAQ,2023-08-14 00:00:00,7000.0,8000.0,7500.0,359
Gujarat,Banaskanth,Deesa(Deesa Veg Yard),Gram Raw(Chholia),Other,FAQ,2023-08-28 00:00:00,2500.0,3000.0,2750.0,359
Gujarat,Banaskanth,Deesa(Deesa Veg Yard),Gram Raw(Chholia),Other,FAQ,2023-09-01 00:00:00,2500.0,3150.0,2825.0,359
Gujarat,Banaskanth,Deesa(Deesa Veg Yard),Gram Raw(Chholia),Other,FAQ,2023-09-04 00:00:00,2500.0,3250.0,2875.0,359
Gujarat,Banaskanth,Deesa(Deesa Veg Yard),Gram Raw(Chholia),Other,FAQ,2023-09-05 00:00:00,2500.0,3350.0,2925.0,359
Gujarat,Banaskanth,Deesa(Deesa Veg Yard),Gram Raw(Chholia),Other,FAQ,2023-09-20 00:00:00,2500.0,3400.0,2950.0,359
Gujarat,Banaskanth,Deesa(Deesa Veg Yard),Gram Raw(Chholia),Other,FAQ,2023-09-26 00:00:00,2500.0,3300.0,2900.0,359
Gujarat,Banaskanth,Deesa(Deesa Veg Yard),Gram Raw(Chholia),Other,FAQ,2023-10-25 00:00:00,4000.0,4600.0,4300.0,359
Gujarat,Banaskanth,Deesa(Deesa Veg Yard),Gram Raw(Chholia),Other,FAQ,2023-10-26 00:00:00,2000.0,3000.0,2500.0,359
Gujarat,Banaskanth,Deesa(Deesa Veg Yard),Gram Raw(Chholia),Other,FAQ,2023-11-08 00:00:00,2600.0,3300.0,2950.0,359
Gujarat,Banaskanth,Deesa(Deesa Veg Yard),Gram Raw(Chholia),Other,FAQ,2023-11-20 00:00:00,3500.0,4150.0,3825.0,359
Gujarat,Banaskanth,Deesa(Deesa Veg Yard),Gram Raw(Chholia),Other,FAQ,2023-11-25 00:00:00,3500.0,4150.0,3825.0,359
Gujarat,Banaskanth,Deesa(Deesa Veg Yard),Gram Raw(Chholia),Other,FAQ,2023-11-29 00:00:00,6000.0,6500.0,6250.0,359
Gujarat,Banaskanth,Deesa(Deesa Veg Yard),Gram Raw(Chholia),Other,FAQ,2023-12-02 00:00:00,6000.0,6500.0,6250.0,359
Gujarat,Banaskanth,Deesa(Deesa Veg Yard),Gram Raw(Chholia),Other,FAQ,2023-12-04 00:00:00,6000.0,6650.0,6325.0,359
Gujarat,Surat,Vyra,Gram Raw(Chholia),Other,FAQ,2023-11-30 00:00:00,5000.0,6500.0,6000.0,359
Gujarat,Surat,Vyra,Gram Raw(Chholia),Other,FAQ,2023-12-07 00:00:00,6250.0,7250.0,6750.0,359
Gujarat,Surat,Vyra,Gram Raw(Chholia),Other,FAQ,2023-12-11 00:00:00,5750.0,6750.0,6250.0,359
Gujarat,Surat,Vyra,Gram Raw(Chholia),Other,FAQ,2023-12-21 00:00:00,5700.0,6300.0,6000.0,359
Gujarat,Vadodara(Baroda),Vadodara(Sayajipura),Gram Raw(Chholia),Other,FAQ,2023-01-04 00:00:00,1500.0,2000.0,1800.0,359
Gujarat,Vadodara(Baroda),Vadodara(Sayajipura),Gram Raw(Chholia),Other,FAQ,2023-01-05 00:00:00,1500.0,2000.0,1800.0,359
Gujarat,Vadodara(Baroda),Vadodara(Sayajipura),Gram Raw(Chholia),Other,FAQ,2023-01-07 00:00:00,1500.0,2500.0,2050.0,359
Gujarat,Vadodara(Baroda),Vadodara(Sayajipura),Gram Raw(Chholia),Other,FAQ,2023-01-09 00:00:00,1500.0,2500.0,2050.0,359
Gujarat,Vadodara(Baroda),Vadodara(Sayajipura),Gram Raw(Chholia),Other,FAQ,2023-01-10 00:00:00,2500.0,3000.0,2800.0,359
Gujarat,Vadodara(Baroda),Vadodara(Sayajipura),Gram Raw(Chholia),Other,FAQ,2023-01-25 00:00:00,2500.0,3500.0,3050.0,359
Gujarat,Vadodara(Baroda),Vadodara(Sayajipura),Gram Raw(Chholia),Other,FAQ,2023-02-12 00:00:00,3000.0,5000.0,4050.0,359
Gujarat,Vadodara(Baroda),Vadodara(Sayajipura),Gram Raw(Chholia),Other,FAQ,2023-02-21 00:00:00,3000.0,4000.0,3550.0,359
Gujarat,Vadodara(Baroda),Vadodara(Sayajipura),Gram Raw(Chholia),Other,FAQ,2023-03-03 00:00:00,3500.0,4000.0,3800.0,359
Gujarat,Vadodara(Baroda),Vadodara(Sayajipura),Gram Raw(Chholia),Other,FAQ,2023-03-05 00:00:00,3000.0,4500.0,3800.0,359
Gujarat,Vadodara(Baroda),Vadodara(Sayajipura),Gram Raw(Chholia),Other,FAQ,2023-03-24 00:00:00,4500.0,5500.0,5050.0,359
Gujarat,Vadodara(Baroda),Vadodara(Sayajipura),Gram Raw(Chholia),Other,FAQ,2023-03-26 00:00:00,4500.0,5500.0,5050.0,359
Gujarat,Vadodara(Baroda),Vadodara(Sayajipura),Gram Raw(Chholia),Other,FAQ,2023-03-27 00:00:00,2500.0,3000.0,2800.0,359
Gujarat,Vadodara(Baroda),Vadodara(Sayajipura),Gram Raw(Chholia),Other,FAQ,2023-04-04 00:00:00,5000.0,7000.0,6050.0,359
Gujarat,Vadodara(Baroda),Vadodara(Sayajipura),Gram Raw(Chholia),Other,FAQ,2023-04-11 00:00:00,3500.0,4000.0,3800.0,359
Gujarat,Vadodara(Baroda),Vadodara(Sayajipura),Gram Raw(Chholia),Other,FAQ,2023-04-12 00:00:00,3500.0,4000.0,3800.0,359
Gujarat,Vadodara(Baroda),Vadodara(Sayajipura),Gram Raw(Chholia),Other,FAQ,2023-04-18 00:00:00,4500.0,5000.0,4800.0,359
Gujarat,Vadodara(Baroda),Vadodara(Sayajipura),Gram Raw(Chholia),Other,FAQ,2023-04-19 00:00:00,4500.0,5000.0,4800.0,359
Gujarat,Vadodara(Baroda),Vadodara(Sayajipura),Gram Raw(Chholia),Other,FAQ,2023-04-25 00:00:00,2000.0,4000.0,3050.0,359
Gujarat,Vadodara(Baroda),Vadodara(Sayajipura),Gram Raw(Chholia),Other,FAQ,2023-04-26 00:00:00,2000.0,4000.0,3050.0,359
Gujarat,Vadodara(Baroda),Vadodara(Sayajipura),Gram Raw(Chholia),Other,FAQ,2023-05-05 00:00:00,2000.0,3000.0,2550.0,359
Gujarat,Vadodara(Baroda),Vadodara(Sayajipura),Gram Raw(Chholia),Other,FAQ,2023-05-08 00:00:00,2000.0,3000.0,2500.0,359
Gujarat,Vadodara(Baroda),Vadodara(Sayajipura),Gram Raw(Chholia),Other,FAQ,2023-05-11 00:00:00,1000.0,1500.0,1300.0,359
Gujarat,Vadodara(Baroda),Vadodara(Sayajipura),Gram Raw(Chholia),Other,FAQ,2023-05-15 00:00:00,1200.0,2000.0,1800.0,359
Gujarat,Vadodara(Baroda),Vadodara(Sayajipura),Gram Raw(Chholia),Other,FAQ,2023-05-16 00:00:00,1200.0,1800.0,1550.0,359
Gujarat,Vadodara(Baroda),Vadodara(Sayajipura),Gram Raw(Chholia),Other,FAQ,2023-06-02 00:00:00,4000.0,5000.0,4550.0,359
Gujarat,Vadodara(Baroda),Vadodara(Sayajipura),Gram Raw(Chholia),Other,FAQ,2023-06-10 00:00:00,2500.0,3500.0,3000.0,359
Gujarat,Vadodara(Baroda),Vadodara(Sayajipura),Gram Raw(Chholia),Other,FAQ,2023-06-11 00:00:00,2500.0,3500.0,3000.0,359
Gujarat,Vadodara(Baroda),Vadodara(Sayajipura),Gram Raw(Chholia),Other,FAQ,2023-06-17 00:00:00,2500.0,4000.0,3300.0,359
Gujarat,Vadodara(Baroda),Vadodara(Sayajipura),Gram Raw(Chholia),Other,FAQ,2023-06-21 00:00:00,3500.0,4500.0,4050.0,359
Gujarat,Vadodara(Baroda),Vadodara(Sayajipura),Gram Raw(Chholia),Other,FAQ,2023-07-05 00:00:00,5000.0,5500.0,5300.0,359
Gujarat,Vadodara(Baroda),Vadodara(Sayajipura),Gram Raw(Chholia),Other,FAQ,2023-07-10 00:00:00,5000.0,6500.0,5800.0,359
Gujarat,Vadodara(Baroda),Vadodara(Sayajipura),Gram Raw(Chholia),Other,FAQ,2023-07-12 00:00:00,5500.0,7000.0,6000.0,359
Gujarat,Vadodara(Baroda),Vadodara(Sayajipura),Gram Raw(Chholia),Other,FAQ,2023-07-18 00:00:00,6000.0,7000.0,6550.0,359
Gujarat,Vadodara(Baroda),Vadodara(Sayajipura),Gram Raw(Chholia),Other,FAQ,2023-07-27 00:00:00,6000.0,7000.0,6550.0,359
Gujarat,Vadodara(Baroda),Vadodara(Sayajipura),Gram Raw(Chholia),Other,FAQ,2023-07-29 00:00:00,5000.0,7000.0,6050.0,359
Gujarat,Vadodara(Baroda),Vadodara(Sayajipura),Gram Raw(Chholia),Other,FAQ,2023-08-03 00:00:00,6000.0,7000.0,6550.0,359
Gujarat,Vadodara(Baroda),Vadodara(Sayajipura),Gram Raw(Chholia),Other,FAQ,2023-08-12 00:00:00,4000.0,5000.0,4550.0,359
Gujarat,Vadodara(Baroda),Vadodara(Sayajipura),Gram Raw(Chholia),Other,FAQ,2023-09-03 00:00:00,2500.0,3000.0,2800.0,359
Gujarat,Vadodara(Baroda),Vadodara(Sayajipura),Gram Raw(Chholia),Other,FAQ,2023-09-05 00:00:00,2500.0,3000.0,2800.0,359
Gujarat,Vadodara(Baroda),Vadodara(Sayajipura),Gram Raw(Chholia),Other,FAQ,2023-09-20 00:00:00,4500.0,5000.0,4800.0,359
Gujarat,Vadodara(Baroda),Vadodara(Sayajipura),Gram Raw(Chholia),Other,FAQ,2023-09-22 00:00:00,5000.0,6000.0,5500.0,359
Gujarat,Vadodara(Baroda),Vadodara(Sayajipura),Gram Raw(Chholia),Other,FAQ,2023-09-23 00:00:00,5000.0,6000.0,5550.0,359
Gujarat,Vadodara(Baroda),Vadodara(Sayajipura),Gram Raw(Chholia),Other,FAQ,2023-09-30 00:00:00,7000.0,7500.0,7300.0,359
Gujarat,Vadodara(Baroda),Vadodara(Sayajipura),Gram Raw(Chholia),Other,FAQ,2023-10-13 00:00:00,8500.0,10000.0,9300.0,359
Gujarat,Vadodara(Baroda),Vadodara(Sayajipura),Gram Raw(Chholia),Other,FAQ,2023-10-15 00:00:00,8500.0,10000.0,9300.0,359
Gujarat,Vadodara(Baroda),Vadodara(Sayajipura),Gram Raw(Chholia),Other,FAQ,2023-10-20 00:00:00,6000.0,6500.0,6300.0,359
Gujarat,Vadodara(Baroda),Vadodara(Sayajipura),Gram Raw(Chholia),Other,FAQ,2023-10-29 00:00:00,2500.0,3500.0,3050.0,359
Gujarat,Vadodara(Baroda),Vadodara(Sayajipura),Gram Raw(Chholia),Other,FAQ,2023-11-05 00:00:00,2500.0,3500.0,3050.0,359
Gujarat,Vadodara(Baroda),Vadodara(Sayajipura),Gram Raw(Chholia),Other,FAQ,2023-11-07 00:00:00,2000.0,3000.0,2550.0,359
Gujarat,Vadodara(Baroda),Vadodara(Sayajipura),Gram Raw(Chholia),Other,FAQ,2023-11-08 00:00:00,1500.0,2500.0,2050.0,359
Gujarat,Vadodara(Baroda),Vadodara(Sayajipura),Gram Raw(Chholia),Other,FAQ,2023-11-24 00:00:00,2000.0,3500.0,2800.0,359
Gujarat,Vadodara(Baroda),Vadodara(Sayajipura),Gram Raw(Chholia),Other,FAQ,2023-12-18 00:00:00,3500.0,4000.0,3800.0,359
Gujarat,Vadodara(Baroda),Vadodara(Sayajipura),Gram Raw(Chholia),Other,FAQ,2023-12-29 00:00:00,5000.0,6000.0,5550.0,359
Gujarat,Surendranagar,Vadhvan APMC,Gram Raw(Chholia),Gram Raw(Chholia),Local,2025-11-19 00:00:00,5000.0,6000.0,5500.0,359
Gujarat,Banaskanth,Deesa(Deesa Veg Yard) APMC,Gram Raw(Chholia),Other,FAQ,2025-11-11 00:00:00,5500.0,6150.0,5825.0,359
Gujarat,Gandhinagar,Mansa(Manas Veg Yard) APMC,Gram Raw(Chholia),Other,FAQ,2025-11-03 00:00:00,5000.0,6000.0,5000.0,359
Gujarat,Vadodara(Baroda),Vadodara(Sayajipura) APMC,Gram Raw(Chholia),Other,FAQ,2025-11-04 00:00:00,5000.0,6000.0,5500.0,359
Gujarat,Banaskanth,Deesa(Deesa Veg Yard) APMC,Gram Raw(Chholia),Other,FAQ,2025-11-28 00:00:00,9000.0,10150.0,9575.0,359
Gujarat,Banaskanth,Deesa(Deesa Veg Yard),Gram Raw(Chholia),Other,FAQ,2025-08-02 00:00:00,6000.0,6800.0,6400.0,359
Gujarat,Banaskanth,Deesa(Deesa Veg Yard),Gram Raw(Chholia),Other,FAQ,2025-08-08 00:00:00,4000.0,5100.0,4550.0,359
Gujarat,Banaskanth,Deesa(Deesa Veg Yard),Gram Raw(Chholia),Other,FAQ,2025-08-28 00:00:00,2500.0,3300.0,2900.0,359
Gujarat,Gandhinagar,Mansa(Manas Veg Yard),Gram Raw(Chholia),Other,FAQ,2025-08-22 00:00:00,3000.0,4000.0,3000.0,359
Gujarat,Gandhinagar,Mansa(Manas Veg Yard),Gram Raw(Chholia),Other,FAQ,2025-08-26 00:00:00,4000.0,5000.0,4000.0,359
Gujarat,Vadodara(Baroda),Vadodara(Sayajipura),Gram Raw(Chholia),Other,FAQ,2025-08-11 00:00:00,2000.0,2500.0,2300.0,359
Gujarat,Vadodara(Baroda),Vadodara(Sayajipura),Gram Raw(Chholia),Other,FAQ,2025-08-13 00:00:00,2000.0,3000.0,2500.0,359
Gujarat,Vadodara(Baroda),Vadodara(Sayajipura),Gram Raw(Chholia),Other,FAQ,2025-08-18 00:00:00,2000.0,2500.0,2300.0,359
Gujarat,Vadodara(Baroda),Vadodara(Sayajipura),Gram Raw(Chholia),Other,FAQ,2025-08-21 00:00:00,2000.0,2500.0,2300.0,359
Gujarat,Banaskanth,Deesa(Deesa Veg Yard),Gram Raw(Chholia),Other,FAQ,2025-10-10 00:00:00,1500.0,2150.0,1825.0,359
Gujarat,Banaskanth,Deesa(Deesa Veg Yard),Gram Raw(Chholia),Other,FAQ,2025-10-28 00:00:00,4500.0,5150.0,4825.0,359
Gujarat,Gandhinagar,Mansa(Manas Veg Yard),Gram Raw(Chholia),Other,FAQ,2025-11-03 00:00:00,5000.0,6000.0,5000.0,359
Gujarat,Gandhinagar,Mansa(Manas Veg Yard),Gram Raw(Chholia),Other,FAQ,2025-11-04 00:00:00,3000.0,5000.0,5000.0,359
Gujarat,Gandhinagar,Mansa(Manas Veg Yard),Gram Raw(Chholia),Other,FAQ,2025-10-07 00:00:00,2500.0,3000.0,3000.0,359
Gujarat,Gandhinagar,Mansa(Manas Veg Yard),Gram Raw(Chholia),Other,FAQ,2025-10-08 00:00:00,3000.0,4000.0,4000.0,359
Gujarat,Gandhinagar,Mansa(Manas Veg Yard),Gram Raw(Chholia),Other,FAQ,2025-10-10 00:00:00,4000.0,5000.0,4000.0,359
Gujarat,Vadodara(Baroda),Vadodara(Sayajipura),Gram Raw(Chholia),Other,FAQ,2025-11-01 00:00:00,5000.0,5500.0,5300.0,359
Gujarat,Vadodara(Baroda),Vadodara(Sayajipura),Gram Raw(Chholia),Other,FAQ,2025-10-04 00:00:00,2500.0,4000.0,3300.0,359
Gujarat,Vadodara(Baroda),Vadodara(Sayajipura),Gram Raw(Chholia),Other,FAQ,2025-10-05 00:00:00,2500.0,4000.0,3300.0,359
Gujarat,Vadodara(Baroda),Vadodara(Sayajipura),Gram Raw(Chholia),Other,FAQ,2025-10-08 00:00:00,3500.0,5000.0,4300.0,359
Gujarat,Vadodara(Baroda),Vadodara(Sayajipura),Gram Raw(Chholia),Other,FAQ,2025-10-10 00:00:00,5000.0,6000.0,5500.0,359
Gujarat,Vadodara(Baroda),Vadodara(Sayajipura),Gram Raw(Chholia),Other,FAQ,2025-10-16 00:00:00,5000.0,5500.0,5300.0,359
Gujarat,Vadodara(Baroda),Vadodara(Sayajipura),Gram Raw(Chholia),Other,FAQ,2025-10-17 00:00:00,5000.0,5500.0,5300.0,359
Gujarat,Vadodara(Baroda),Vadodara(Sayajipura),Gram Raw(Chholia),Other,FAQ,2025-10-28 00:00:00,5000.0,5500.0,5300.0,359
Gujarat,Banaskanth,Deesa(Deesa Veg Yard),Gram Raw(Chholia),Other,FAQ,2025-09-01 00:00:00,4000.0,5150.0,4575.0,359
Gujarat,Banaskanth,Deesa(Deesa Veg Yard),Gram Raw(Chholia),Other,FAQ,2025-09-02 00:00:00,4000.0,5100.0,4550.0,359
Gujarat,Banaskanth,Deesa(Deesa Veg Yard),Gram Raw(Chholia),Other,FAQ,2025-09-03 00:00:00,4000.0,5150.0,4575.0,359
Gujarat,Banaskanth,Deesa(Deesa Veg Yard),Gram Raw(Chholia),Other,FAQ,2025-09-04 00:00:00,4000.0,5100.0,4550.0,359
Gujarat,Banaskanth,Deesa(Deesa Veg Yard),Gram Raw(Chholia),Other,FAQ,2025-09-09 00:00:00,5000.0,6100.0,5550.0,359
Gujarat,Banaskanth,Deesa(Deesa Veg Yard),Gram Raw(Chholia),Other,FAQ,2025-09-10 00:00:00,5000.0,6200.0,5600.0,359
Gujarat,Banaskanth,Deesa(Deesa Veg Yard),Gram Raw(Chholia),Other,FAQ,2025-09-17 00:00:00,9000.0,10150.0,9575.0,359
Gujarat,Banaskanth,Deesa(Deesa Veg Yard),Gram Raw(Chholia),Other,FAQ,2025-09-27 00:00:00,5000.0,6000.0,5500.0,359
Gujarat,Gandhinagar,Mansa(Manas Veg Yard),Gram Raw(Chholia),Other,FAQ,2025-09-02 00:00:00,4500.0,6000.0,5000.0,359
Gujarat,Gandhinagar,Mansa(Manas Veg Yard),Gram Raw(Chholia),Other,FAQ,2025-09-05 00:00:00,5000.0,6000.0,6000.0,359
Gujarat,Gandhinagar,Mansa(Manas Veg Yard),Gram Raw(Chholia),Other,FAQ,2025-09-06 00:00:00,5000.0,6000.0,5000.0,359
Gujarat,Gandhinagar,Mansa(Manas Veg Yard),Gram Raw(Chholia),Other,FAQ,2025-09-26 00:00:00,4000.0,5000.0,4000.0,359
Gujarat,Vadodara(Baroda),Vadodara(Sayajipura),Gram Raw(Chholia),Other,FAQ,2025-09-08 00:00:00,4500.0,5000.0,4800.0,359
Gujarat,Vadodara(Baroda),Vadodara(Sayajipura),Gram Raw(Chholia),Other,FAQ,2025-09-14 00:00:00,7000.0,10000.0,8500.0,359
Gujarat,Vadodara(Baroda),Vadodara(Sayajipura),Gram Raw(Chholia),Other,FAQ,2025-09-22 00:00:00,3000.0,3500.0,3300.0,359
Gujarat,Vadodara(Baroda),Vadodara(Sayajipura),Gram Raw(Chholia),Other,FAQ,2025-09-26 00:00:00,3500.0,4000.0,3800.0,359
Gujarat,Vadodara(Baroda),Vadodara(Sayajipura),Gram Raw(Chholia),Other,FAQ,2025-09-27 00:00:00,3500.0,4000.0,3800.0,359
Gujarat,Vadodara(Baroda),Vadodara(Sayajipura),Gram Raw(Chholia),Other,FAQ,2025-09-28 00:00:00,3500.0,4000.0,3800.0,359
Gujarat,Vadodara(Baroda),Vadodara(Sayajipura),Gram Raw(Chholia),Other,FAQ,2025-09-30 00:00:00,3500.0,4000.0,3800.0,359
Gujarat,Gandhinagar,Mansa(Manas Veg Yard) APMC,Gram Raw(Chholia),Other,Local,2025-12-12 00:00:00,5000.0,5000.0,5000.0,359
Gujarat,Banaskanth,Deesa(Deesa Veg Yard) APMC,Gram Raw(Chholia),Other,FAQ,2025-12-13 00:00:00,7000.0,7850.0,7425.0,359
Gujarat,Vadodara(Baroda),Vadodara(Sayajipura) APMC,Gram Raw(Chholia),Other,FAQ,2025-12-15 00:00:00,3500.0,3500.0,3500.0,359
Gujarat,Vadodara(Baroda),Vadodara(Sayajipura) APMC,Gram Raw(Chholia),Other,FAQ,2025-12-18 00:00:00,3500.0,3500.0,3500.0,359
Gujarat,Vadodara(Baroda),Vadodara(Sayajipura) APMC,Gram Raw(Chholia),Other,FAQ,2025-12-23 00:00:00,3500.0,3500.0,3500.0,359
Gujarat,Gandhinagar,Mansa(Manas Veg Yard) APMC,Gram Raw(Chholia),Other,Local,2025-12-26 00:00:00,5000.0,5000.0,5000.0,359
Gujarat,Gandhinagar,Mansa(Manas Veg Yard) APMC,Gram Raw(Chholia),Other,Local,2025-12-29 00:00:00,5000.0,5000.0,5000.0,359
Gujarat,Vadodara(Baroda),Vadodara(Sayajipura) APMC,Gram Raw(Chholia),Other,FAQ,2025-12-31 00:00:00,2300.0,2300.0,2300.0,359
Gujarat,Gandhinagar,Mansa(Manas Veg Yard) APMC,Gram Raw(Chholia),Other,Local,2025-12-08 00:00:00,2000.0,2000.0,2000.0,359
Gujarat,Vadodara(Baroda),Vadodara(Sayajipura) APMC,Gram Raw(Chholia),Other,FAQ,2025-12-14 00:00:00,2900.0,2900.0,2900.0,359
Gujarat,Vadodara(Baroda),Vadodara(Sayajipura) APMC,Gram Raw(Chholia),Other,FAQ,2026-01-02 00:00:00,3900.0,3900.0,3900.0,359
Gujarat,Vadodara(Baroda),Vadodara(Sayajipura),Gram Raw(Chholia),Other,FAQ,2017-06-18 00:00:00,3000.0,4000.0,3550.0,359
Gujarat,Vadodara(Baroda),Vadodara(Sayajipura),Gram Raw(Chholia),Other,FAQ,2017-06-25 00:00:00,2500.0,3000.0,2800.0,359
Gujarat,Vadodara(Baroda),Vadodara(Sayajipura),Gram Raw(Chholia),Other,FAQ,2017-06-26 00:00:00,2500.0,3000.0,2800.0,359
Gujarat,Vadodara(Baroda),Vadodara(Sayajipura),Gram Raw(Chholia),Other,FAQ,2017-06-28 00:00:00,3000.0,3500.0,3300.0,359
Gujarat,Vadodara(Baroda),Vadodara(Sayajipura),Gram Raw(Chholia),Other,FAQ,2017-07-19 00:00:00,2500.0,3000.0,2800.0,359
Gujarat,Vadodara(Baroda),Vadodara(Sayajipura),Gram Raw(Chholia),Other,FAQ,2017-07-21 00:00:00,3000.0,3500.0,3300.0,359
Gujarat,Vadodara(Baroda),Vadodara(Sayajipura),Gram Raw(Chholia),Other,FAQ,2017-07-22 00:00:00,3000.0,3500.0,3300.0,359
Gujarat,Vadodara(Baroda),Vadodara(Sayajipura),Gram Raw(Chholia),Other,FAQ,2017-08-02 00:00:00,5000.0,6000.0,5550.0,359
Gujarat,Vadodara(Baroda),Vadodara(Sayajipura),Gram Raw(Chholia),Other,FAQ,2017-08-05 00:00:00,4000.0,6000.0,5050.0,359
Gujarat,Vadodara(Baroda),Vadodara(Sayajipura),Gram Raw(Chholia),Other,FAQ,2017-08-08 00:00:00,4500.0,5500.0,5050.0,359
Gujarat,Vadodara(Baroda),Vadodara(Sayajipura),Gram Raw(Chholia),Other,FAQ,2017-08-22 00:00:00,1500.0,2000.0,1750.0,359
Gujarat,Vadodara(Baroda),Vadodara(Sayajipura),Gram Raw(Chholia),Other,FAQ,2017-08-29 00:00:00,1500.0,2000.0,1775.0,359
Gujarat,Vadodara(Baroda),Vadodara(Sayajipura),Gram Raw(Chholia),Other,FAQ,2017-09-23 00:00:00,4000.0,5000.0,4525.0,359
Gujarat,Vadodara(Baroda),Vadodara(Sayajipura),Gram Raw(Chholia),Other,FAQ,2017-10-12 00:00:00,2500.0,3000.0,2750.0,359
Gujarat,Vadodara(Baroda),Vadodara(Sayajipura),Gram Raw(Chholia),Other,FAQ,2017-10-19 00:00:00,2000.0,2500.0,2250.0,359
Gujarat,Vadodara(Baroda),Vadodara(Sayajipura),Gram Raw(Chholia),Other,FAQ,2017-10-22 00:00:00,2000.0,2500.0,2250.0,359
Gujarat,Vadodara(Baroda),Vadodara(Sayajipura),Gram Raw(Chholia),Other,FAQ,2017-10-26 00:00:00,2500.0,3000.0,2750.0,359
Gujarat,Vadodara(Baroda),Vadodara(Sayajipura),Gram Raw(Chholia),Other,FAQ,2017-10-29 00:00:00,2000.0,2250.0,2175.0,359
Gujarat,Vadodara(Baroda),Vadodara(Sayajipura),Gram Raw(Chholia),Other,FAQ,2017-11-01 00:00:00,1500.0,2000.0,1750.0,359
Gujarat,Vadodara(Baroda),Vadodara(Sayajipura),Gram Raw(Chholia),Other,FAQ,2017-11-16 00:00:00,2000.0,2500.0,2250.0,359
Gujarat,Vadodara(Baroda),Vadodara(Sayajipura),Gram Raw(Chholia),Other,FAQ,2017-11-24 00:00:00,2000.0,2500.0,2250.0,359
Gujarat,Vadodara(Baroda),Vadodara(Sayajipura),Gram Raw(Chholia),Other,FAQ,2017-11-30 00:00:00,2000.0,2500.0,2250.0,359
Gujarat,Vadodara(Baroda),Vadodara(Sayajipura),Gram Raw(Chholia),Other,FAQ,2017-12-12 00:00:00,1800.0,2000.0,1900.0,359
Gujarat,Vadodara(Baroda),Vadodara(Sayajipura),Gram Raw(Chholia),Other,FAQ,2017-12-20 00:00:00,2000.0,3000.0,2525.0,359
Gujarat,Vadodara(Baroda),Vadodara(Sayajipura),Gram Raw(Chholia),Other,FAQ,2017-12-25 00:00:00,2500.0,3500.0,3025.0,359
Gujarat,Vadodara(Baroda),Vadodara(Sayajipura),Gram Raw(Chholia),Other,FAQ,2017-12-27 00:00:00,2500.0,3000.0,2750.0,359
Gujarat,Ahmedabad,Dholka(Koth),Gram Raw(Chholia),Other,FAQ,2016-05-10 00:00:00,1400.0,1900.0,1750.0,359
Gujarat,Ahmedabad,Dholka(Koth),Gram Raw(Chholia),Other,FAQ,2016-05-12 00:00:00,1650.0,1900.0,1800.0,359
Gujarat,Ahmedabad,Dholka(Koth),Gram Raw(Chholia),Other,FAQ,2016-05-14 00:00:00,1500.0,2100.0,1800.0,359
Gujarat,Ahmedabad,Dholka(Koth),Gram Raw(Chholia),Other,FAQ,2016-05-18 00:00:00,1500.0,2100.0,1800.0,359
Gujarat,Ahmedabad,Dholka(Koth),Gram Raw(Chholia),Other,FAQ,2016-05-19 00:00:00,1600.0,2000.0,1700.0,359
Gujarat,Ahmedabad,Dholka(Koth),Gram Raw(Chholia),Other,FAQ,2016-06-21 00:00:00,1800.0,2400.0,2200.0,359
Gujarat,Ahmedabad,Dholka(Koth),Gram Raw(Chholia),Other,FAQ,2016-06-22 00:00:00,1500.0,2100.0,1750.0,359
Gujarat,Ahmedabad,Dholka(Koth),Gram Raw(Chholia),Other,FAQ,2016-06-30 00:00:00,1500.0,2200.0,1900.0,359
Gujarat,Ahmedabad,Dholka(Koth),Gram Raw(Chholia),Other,FAQ,2016-07-01 00:00:00,1600.0,2500.0,2200.0,359
Gujarat,Ahmedabad,Dholka(Koth),Gram Raw(Chholia),Other,FAQ,2016-07-04 00:00:00,1600.0,2200.0,1800.0,359
Gujarat,Ahmedabad,Dholka(Koth),Gram Raw(Chholia),Other,FAQ,2016-07-13 00:00:00,1500.0,2100.0,1800.0,359
Gujarat,Ahmedabad,Dholka(Koth),Gram Raw(Chholia),Other,FAQ,2016-08-04 00:00:00,900.0,1600.0,1490.0,359
Gujarat,Ahmedabad,Dholka(Koth),Gram Raw(Chholia),Other,FAQ,2016-08-08 00:00:00,1500.0,2000.0,1700.0,359
Gujarat,Ahmedabad,Dholka(Koth),Gram Raw(Chholia),Other,FAQ,2016-08-11 00:00:00,1500.0,2200.0,2000.0,359
Gujarat,Ahmedabad,Dholka(Koth),Gram Raw(Chholia),Other,FAQ,2016-08-19 00:00:00,1000.0,1700.0,1500.0,359
Gujarat,Banaskanth,Deesa(Deesa Veg Yard),Gram Raw(Chholia),Other,FAQ,2016-05-04 00:00:00,3500.0,4000.0,3750.0,359
Gujarat,Banaskanth,Deesa(Deesa Veg Yard),Gram Raw(Chholia),Other,FAQ,2016-05-06 00:00:00,3500.0,4000.0,3750.0,359
Gujarat,Banaskanth,Deesa(Deesa Veg Yard),Gram Raw(Chholia),Other,FAQ,2016-05-07 00:00:00,3500.0,3700.0,3600.0,359
Gujarat,Banaskanth,Deesa(Deesa Veg Yard),Gram Raw(Chholia),Other,FAQ,2016-05-13 00:00:00,3000.0,3500.0,3250.0,359
Gujarat,Banaskanth,Deesa(Deesa Veg Yard),Gram Raw(Chholia),Other,FAQ,2016-05-25 00:00:00,3000.0,3500.0,3250.0,359
Gujarat,Banaskanth,Deesa(Deesa Veg Yard),Gram Raw(Chholia),Other,FAQ,2016-05-26 00:00:00,3500.0,4250.0,3875.0,359
Gujarat,Banaskanth,Deesa(Deesa Veg Yard),Gram Raw(Chholia),Other,FAQ,2016-05-28 00:00:00,4000.0,4500.0,4250.0,359
Gujarat,Banaskanth,Deesa(Deesa Veg Yard),Gram Raw(Chholia),Other,FAQ,2016-05-30 00:00:00,5000.0,5500.0,5250.0,359
Gujarat,Banaskanth,Deesa(Deesa Veg Yard),Gram Raw(Chholia),Other,FAQ,2016-06-01 00:00:00,4500.0,5000.0,4750.0,359
Gujarat,Banaskanth,Deesa(Deesa Veg Yard),Gram Raw(Chholia),Other,FAQ,2016-06-02 00:00:00,5000.0,5500.0,5250.0,359
Gujarat,Banaskanth,Deesa(Deesa Veg Yard),Gram Raw(Chholia),Other,FAQ,2016-06-15 00:00:00,4000.0,5000.0,4500.0,359
Gujarat,Banaskanth,Deesa(Deesa Veg Yard),Gram Raw(Chholia),Other,FAQ,2016-06-27 00:00:00,800.0,1000.0,900.0,359
Gujarat,Banaskanth,Deesa(Deesa Veg Yard),Gram Raw(Chholia),Other,FAQ,2016-06-28 00:00:00,4000.0,4700.0,4350.0,359
Gujarat,Banaskanth,Deesa(Deesa Veg Yard),Gram Raw(Chholia),Other,FAQ,2016-06-29 00:00:00,4000.0,4500.0,4250.0,359
Gujarat,Banaskanth,Deesa(Deesa Veg Yard),Gram Raw(Chholia),Other,FAQ,2016-07-09 00:00:00,3500.0,4000.0,3750.0,359
Gujarat,Banaskanth,Deesa(Deesa Veg Yard),Gram Raw(Chholia),Other,FAQ,2016-07-11 00:00:00,3500.0,4000.0,3750.0,359
Gujarat,Banaskanth,Deesa(Deesa Veg Yard),Gram Raw(Chholia),Other,FAQ,2016-07-21 00:00:00,2000.0,3000.0,2500.0,359
Gujarat,Banaskanth,Deesa(Deesa Veg Yard),Gram Raw(Chholia),Other,FAQ,2016-08-10 00:00:00,4900.0,5900.0,5400.0,359
Gujarat,Banaskanth,Deesa(Deesa Veg Yard),Gram Raw(Chholia),Other,FAQ,2016-08-31 00:00:00,1500.0,2000.0,1750.0,359
Gujarat,Banaskanth,Deesa(Deesa Veg Yard),Gram Raw(Chholia),Other,FAQ,2016-09-06 00:00:00,1400.0,1600.0,1500.0,359
Gujarat,Banaskanth,Deesa(Deesa Veg Yard),Gram Raw(Chholia),Other,FAQ,2016-09-14 00:00:00,500.0,800.0,650.0,359
Gujarat,Banaskanth,Deesa(Deesa Veg Yard),Gram Raw(Chholia),Other,FAQ,2016-09-28 00:00:00,1400.0,1800.0,1600.0,359
Gujarat,Banaskanth,Deesa(Deesa Veg Yard),Gram Raw(Chholia),Other,FAQ,2016-09-30 00:00:00,1000.0,1400.0,1200.0,359
Gujarat,Banaskanth,Deesa(Deesa Veg Yard),Gram Raw(Chholia),Other,FAQ,2016-10-05 00:00:00,1000.0,1400.0,1200.0,359
Gujarat,Banaskanth,Deesa(Deesa Veg Yard),Gram Raw(Chholia),Other,FAQ,2016-10-07 00:00:00,900.0,1400.0,1150.0,359
Gujarat,Banaskanth,Deesa(Deesa Veg Yard),Gram Raw(Chholia),Other,FAQ,2016-10-13 00:00:00,900.0,1300.0,1100.0,359
Gujarat,Banaskanth,Deesa(Deesa Veg Yard),Gram Raw(Chholia),Other,FAQ,2016-10-20 00:00:00,3000.0,3500.0,3250.0,359
Gujarat,Banaskanth,Deesa(Deesa Veg Yard),Gram Raw(Chholia),Other,FAQ,2016-11-08 00:00:00,3400.0,3800.0,3600.0,359
Gujarat,Banaskanth,Deesa(Deesa Veg Yard),Gram Raw(Chholia),Other,FAQ,2016-11-09 00:00:00,3500.0,3900.0,3700.0,359
Gujarat,Banaskanth,Deesa(Deesa Veg Yard),Gram Raw(Chholia),Other,FAQ,2016-11-23 00:00:00,1100.0,1500.0,1300.0,359
Gujarat,Banaskanth,Deesa(Deesa Veg Yard),Gram Raw(Chholia),Other,FAQ,2016-11-25 00:00:00,2300.0,2500.0,2400.0,359
Gujarat,Banaskanth,Deesa(Deesa Veg Yard),Gram Raw(Chholia),Other,FAQ,2016-12-03 00:00:00,600.0,800.0,700.0,359
Gujarat,Banaskanth,Deesa(Deesa Veg Yard),Gram Raw(Chholia),Other,FAQ,2016-12-05 00:00:00,2500.0,3000.0,2750.0,359
Gujarat,Banaskanth,Deesa(Deesa Veg Yard),Gram Raw(Chholia),Other,FAQ,2016-12-07 00:00:00,2300.0,2800.0,2550.0,359
Gujarat,Surat,Vyra,Gram Raw(Chholia),Other,FAQ,2016-01-07 00:00:00,1500.0,2500.0,2000.0,359
Gujarat,Surat,Vyra,Gram Raw(Chholia),Other,FAQ,2016-01-21 00:00:00,800.0,1800.0,1300.0,359
Gujarat,Surat,Vyra,Gram Raw(Chholia),Other,FAQ,2016-02-02 00:00:00,2000.0,3000.0,2500.0,359
Gujarat,Surat,Vyra,Gram Raw(Chholia),Other,FAQ,2016-02-03 00:00:00,2250.0,2750.0,2500.0,359
Gujarat,Surat,Vyra,Gram Raw(Chholia),Other,FAQ,2016-02-09 00:00:00,2000.0,2750.0,2375.0,359
Gujarat,Surat,Vyra,Gram Raw(Chholia),Other,FAQ,2016-02-10 00:00:00,1500.0,2250.0,1875.0,359
Gujarat,Surat,Vyra,Gram Raw(Chholia),Other,FAQ,2016-02-17 00:00:00,2250.0,2750.0,2500.0,359
Gujarat,Surat,Vyra,Gram Raw(Chholia),Other,FAQ,2016-02-23 00:00:00,2500.0,2700.0,2600.0,359
Gujarat,Surat,Vyra,Gram Raw(Chholia),Other,FAQ,2016-02-26 00:00:00,2000.0,3000.0,2500.0,359
Gujarat,Surat,Vyra,Gram Raw(Chholia),Other,FAQ,2016-02-29 00:00:00,2500.0,3000.0,2750.0,359
Gujarat,Surat,Vyra,Gram Raw(Chholia),Other,FAQ,2016-03-02 00:00:00,1500.0,3000.0,2250.0,359
Gujarat,Surat,Vyra,Gram Raw(Chholia),Other,FAQ,2016-03-07 00:00:00,1500.0,3000.0,2250.0,359
Gujarat,Surat,Vyra,Gram Raw(Chholia),Other,FAQ,2016-03-15 00:00:00,2000.0,3000.0,2500.0,359
Gujarat,Surat,Vyra,Gram Raw(Chholia),Other,FAQ,2016-03-16 00:00:00,3000.0,3500.0,3250.0,359
Gujarat,Surat,Vyra,Gram Raw(Chholia),Other,FAQ,2016-03-30 00:00:00,2000.0,3000.0,2500.0,359
Gujarat,Surat,Vyra,Gram Raw(Chholia),Other,FAQ,2016-05-07 00:00:00,2000.0,3000.0,2500.0,359
Gujarat,Surat,Vyra,Gram Raw(Chholia),Other,FAQ,2016-05-14 00:00:00,2000.0,3000.0,2500.0,359
Gujarat,Surat,Vyra,Gram Raw(Chholia),Other,FAQ,2016-05-16 00:00:00,2000.0,2500.0,2250.0,359
Gujarat,Surat,Vyra,Gram Raw(Chholia),Other,FAQ,2016-05-18 00:00:00,2000.0,3000.0,2500.0,359
Gujarat,Surat,Vyra,Gram Raw(Chholia),Other,FAQ,2016-05-23 00:00:00,2000.0,3000.0,2500.0,359
Gujarat,Surat,Vyra,Gram Raw(Chholia),Other,FAQ,2016-06-25 00:00:00,4000.0,5000.0,4500.0,359
Gujarat,Surat,Vyra,Gram Raw(Chholia),Other,FAQ,2016-07-18 00:00:00,6000.0,6500.0,6250.0,359
Gujarat,Surat,Vyra,Gram Raw(Chholia),Other,FAQ,2016-07-30 00:00:00,4000.0,4500.0,4250.0,359
Gujarat,Surat,Vyra,Gram Raw(Chholia),Other,FAQ,2016-08-03 00:00:00,3500.0,4000.0,3750.0,359
Gujarat,Surat,Vyra,Gram Raw(Chholia),Other,FAQ,2016-08-05 00:00:00,2500.0,3000.0,2750.0,359
Gujarat,Surat,Vyra,Gram Raw(Chholia),Other,FAQ,2016-08-22 00:00:00,1250.0,2500.0,1875.0,359
Gujarat,Surat,Vyra,Gram Raw(Chholia),Other,FAQ,2016-09-08 00:00:00,1000.0,1500.0,1250.0,359
Gujarat,Surat,Vyra,Gram Raw(Chholia),Other,FAQ,2016-09-12 00:00:00,1500.0,2500.0,1750.0,359
Gujarat,Surat,Vyra,Gram Raw(Chholia),Other,FAQ,2016-09-14 00:00:00,2750.0,3250.0,3000.0,359
Gujarat,Surat,Vyra,Gram Raw(Chholia),Other,FAQ,2016-09-16 00:00:00,750.0,1250.0,1000.0,359
Gujarat,Surat,Vyra,Gram Raw(Chholia),Other,FAQ,2016-09-22 00:00:00,500.0,1000.0,750.0,359
Gujarat,Surat,Vyra,Gram Raw(Chholia),Other,FAQ,2016-09-23 00:00:00,1000.0,1500.0,1250.0,359
Gujarat,Surat,Vyra,Gram Raw(Chholia),Other,FAQ,2016-10-03 00:00:00,2000.0,3000.0,2500.0,359
Gujarat,Surat,Vyra,Gram Raw(Chholia),Other,FAQ,2016-10-10 00:00:00,4000.0,4500.0,4250.0,359
Gujarat,Surat,Vyra,Gram Raw(Chholia),Other,FAQ,2016-10-12 00:00:00,2000.0,3000.0,2500.0,359
Gujarat,Surat,Vyra,Gram Raw(Chholia),Other,FAQ,2016-10-17 00:00:00,2000.0,3500.0,2750.0,359
Gujarat,Surat,Vyra,Gram Raw(Chholia),Other,FAQ,2016-10-26 00:00:00,2000.0,3000.0,2500.0,359
Gujarat,Surat,Vyra,Gram Raw(Chholia),Other,FAQ,2016-11-07 00:00:00,2500.0,3000.0,2750.0,359
Gujarat,Surat,Vyra,Gram Raw(Chholia),Other,FAQ,2016-11-09 00:00:00,3000.0,3500.0,3250.0,359
Gujarat,Surat,Vyra,Gram Raw(Chholia),Other,FAQ,2016-11-19 00:00:00,500.0,600.0,550.0,359
Gujarat,Surat,Vyra,Gram Raw(Chholia),Other,FAQ,2016-11-25 00:00:00,1750.0,2250.0,2000.0,359
Gujarat,Surat,Vyra,Gram Raw(Chholia),Other,FAQ,2016-12-02 00:00:00,800.0,1000.0,900.0,359
Gujarat,Surat,Vyra,Gram Raw(Chholia),Other,FAQ,2016-12-05 00:00:00,800.0,1300.0,1050.0,359
Gujarat,Vadodara(Baroda),Vadodara(Sayajipura),Gram Raw(Chholia),Other,FAQ,2016-01-04 00:00:00,2000.0,2500.0,2300.0,359
Gujarat,Vadodara(Baroda),Vadodara(Sayajipura),Gram Raw(Chholia),Other,FAQ,2016-01-12 00:00:00,2000.0,2250.0,2175.0,359
Gujarat,Vadodara(Baroda),Vadodara(Sayajipura),Gram Raw(Chholia),Other,FAQ,2016-01-13 00:00:00,1500.0,2000.0,1800.0,359
Gujarat,Vadodara(Baroda),Vadodara(Sayajipura),Gram Raw(Chholia),Other,FAQ,2016-02-03 00:00:00,2000.0,2500.0,2300.0,359
Gujarat,Vadodara(Baroda),Vadodara(Sayajipura),Gram Raw(Chholia),Other,FAQ,2016-02-06 00:00:00,2000.0,2500.0,2300.0,359
Gujarat,Vadodara(Baroda),Vadodara(Sayajipura),Gram Raw(Chholia),Other,FAQ,2016-03-01 00:00:00,2500.0,3000.0,2800.0,359
Gujarat,Vadodara(Baroda),Vadodara(Sayajipura),Gram Raw(Chholia),Other,FAQ,2016-03-03 00:00:00,2000.0,3000.0,2550.0,359
Gujarat,Vadodara(Baroda),Vadodara(Sayajipura),Gram Raw(Chholia),Other,FAQ,2016-03-04 00:00:00,2000.0,3000.0,2550.0,359
Gujarat,Vadodara(Baroda),Vadodara(Sayajipura),Gram Raw(Chholia),Other,FAQ,2016-03-15 00:00:00,2500.0,3000.0,2800.0,359
Gujarat,Vadodara(Baroda),Vadodara(Sayajipura),Gram Raw(Chholia),Other,FAQ,2016-03-20 00:00:00,2500.0,3000.0,2800.0,359
Gujarat,Vadodara(Baroda),Vadodara(Sayajipura),Gram Raw(Chholia),Other,FAQ,2016-03-21 00:00:00,2000.0,2500.0,2300.0,359
Gujarat,Vadodara(Baroda),Vadodara(Sayajipura),Gram Raw(Chholia),Other,FAQ,2016-04-16 00:00:00,3500.0,4000.0,3800.0,359
Gujarat,Banaskanth,Deesa(Deesa Veg Yard),Gram Raw(Chholia),Other,FAQ,2017-04-20 00:00:00,2000.0,2500.0,2250.0,359
Gujarat,Banaskanth,Deesa(Deesa Veg Yard),Gram Raw(Chholia),Other,FAQ,2017-05-30 00:00:00,1500.0,2500.0,2000.0,359
Gujarat,Banaskanth,Deesa(Deesa Veg Yard),Gram Raw(Chholia),Other,FAQ,2017-06-14 00:00:00,1500.0,2000.0,1750.0,359
Gujarat,Banaskanth,Deesa(Deesa Veg Yard),Gram Raw(Chholia),Other,FAQ,2017-07-03 00:00:00,3000.0,4000.0,3500.0,359
Gujarat,Banaskanth,Deesa(Deesa Veg Yard),Gram Raw(Chholia),Other,FAQ,2017-07-12 00:00:00,4000.0,5000.0,4500.0,359
Gujarat,Banaskanth,Deesa(Deesa Veg Yard),Gram Raw(Chholia),Other,FAQ,2017-07-15 00:00:00,2000.0,2500.0,2250.0,359
Gujarat,Banaskanth,Deesa(Deesa Veg Yard),Gram Raw(Chholia),Other,FAQ,2017-08-01 00:00:00,3500.0,4000.0,3750.0,359
Gujarat,Banaskanth,Deesa(Deesa Veg Yard),Gram Raw(Chholia),Other,FAQ,2017-08-10 00:00:00,4000.0,5000.0,4500.0,359
Gujarat,Banaskanth,Deesa(Deesa Veg Yard),Gram Raw(Chholia),Other,FAQ,2017-08-23 00:00:00,4000.0,5000.0,4500.0,359
Gujarat,Banaskanth,Deesa(Deesa Veg Yard),Gram Raw(Chholia),Other,FAQ,2017-08-29 00:00:00,4000.0,5000.0,4500.0,359
Gujarat,Banaskanth,Deesa(Deesa Veg Yard),Gram Raw(Chholia),Other,FAQ,2017-08-30 00:00:00,4000.0,5000.0,4500.0,359
Gujarat,Banaskanth,Deesa(Deesa Veg Yard),Gram Raw(Chholia),Other,FAQ,2017-09-14 00:00:00,2500.0,3500.0,3000.0,359
Gujarat,Banaskanth,Deesa(Deesa Veg Yard),Gram Raw(Chholia),Other,FAQ,2017-09-16 00:00:00,2750.0,3250.0,3000.0,359
Gujarat,Banaskanth,Deesa(Deesa Veg Yard),Gram Raw(Chholia),Other,FAQ,2017-10-10 00:00:00,3500.0,4000.0,3750.0,359
Gujarat,Banaskanth,Deesa(Deesa Veg Yard),Gram Raw(Chholia),Other,FAQ,2017-11-07 00:00:00,2750.0,3250.0,3000.0,359
Gujarat,Banaskanth,Deesa(Deesa Veg Yard),Gram Raw(Chholia),Other,FAQ,2017-11-10 00:00:00,2900.0,3350.0,3125.0,359
Gujarat,Banaskanth,Deesa(Deesa Veg Yard),Gram Raw(Chholia),Other,FAQ,2017-11-24 00:00:00,1750.0,3250.0,2500.0,359
Gujarat,Banaskanth,Deesa(Deesa Veg Yard),Gram Raw(Chholia),Other,FAQ,2017-12-05 00:00:00,1750.0,2250.0,2000.0,359
Gujarat,Surat,Vyra,Gram Raw(Chholia),Other,FAQ,2017-01-05 00:00:00,750.0,1000.0,875.0,359
Gujarat,Surat,Vyra,Gram Raw(Chholia),Other,FAQ,2017-01-13 00:00:00,1000.0,1500.0,1250.0,359
Gujarat,Surat,Vyra,Gram Raw(Chholia),Other,FAQ,2017-01-18 00:00:00,1000.0,1500.0,1250.0,359
Gujarat,Surat,Vyra,Gram Raw(Chholia),Other,FAQ,2017-01-19 00:00:00,1000.0,1500.0,1250.0,359
Gujarat,Surat,Vyra,Gram Raw(Chholia),Other,FAQ,2017-01-25 00:00:00,1000.0,1500.0,1250.0,359
Gujarat,Surat,Vyra,Gram Raw(Chholia),Other,FAQ,2017-02-20 00:00:00,2000.0,2500.0,2250.0,359
Gujarat,Surat,Vyra,Gram Raw(Chholia),Other,FAQ,2017-03-06 00:00:00,1000.0,2500.0,1750.0,359
Gujarat,Surat,Vyra,Gram Raw(Chholia),Other,FAQ,2017-03-10 00:00:00,2000.0,3000.0,2500.0,359
Gujarat,Surat,Vyra,Gram Raw(Chholia),Other,FAQ,2017-03-15 00:00:00,2500.0,3000.0,2750.0,359
Gujarat,Surat,Vyra,Gram Raw(Chholia),Other,FAQ,2017-03-21 00:00:00,2000.0,2500.0,2250.0,359
Gujarat,Surat,Vyra,Gram Raw(Chholia),Other,FAQ,2017-04-05 00:00:00,2250.0,2750.0,2500.0,359
Gujarat,Surat,Vyra,Gram Raw(Chholia),Other,FAQ,2017-04-06 00:00:00,1000.0,1500.0,1250.0,359
Gujarat,Surat,Vyra,Gram Raw(Chholia),Other,FAQ,2017-04-08 00:00:00,2250.0,2750.0,2500.0,359
Gujarat,Surat,Vyra,Gram Raw(Chholia),Other,FAQ,2017-04-11 00:00:00,2000.0,3000.0,2500.0,359
Gujarat,Surat,Vyra,Gram Raw(Chholia),Other,FAQ,2017-04-13 00:00:00,2000.0,3000.0,2500.0,359
Gujarat,Surat,Vyra,Gram Raw(Chholia),Other,FAQ,2017-04-14 00:00:00,2250.0,2750.0,2500.0,359
Gujarat,Surat,Vyra,Gram Raw(Chholia),Other,FAQ,2017-04-15 00:00:00,2000.0,3000.0,2500.0,359
Gujarat,Surat,Vyra,Gram Raw(Chholia),Other,FAQ,2017-05-02 00:00:00,2500.0,3000.0,2750.0,359
Gujarat,Surat,Vyra,Gram Raw(Chholia),Other,FAQ,2017-05-08 00:00:00,750.0,1250.0,1000.0,359
Gujarat,Surat,Vyra,Gram Raw(Chholia),Other,FAQ,2017-05-09 00:00:00,750.0,1250.0,1000.0,359
Gujarat,Surat,Vyra,Gram Raw(Chholia),Other,FAQ,2017-05-22 00:00:00,1000.0,2000.0,1500.0,359
Gujarat,Surat,Vyra,Gram Raw(Chholia),Other,FAQ,2017-05-24 00:00:00,2000.0,2500.0,2250.0,359
Gujarat,Surat,Vyra,Gram Raw(Chholia),Other,FAQ,2017-05-25 00:00:00,2000.0,2500.0,2250.0,359
Gujarat,Surat,Vyra,Gram Raw(Chholia),Other,FAQ,2017-05-29 00:00:00,2000.0,2500.0,2250.0,359
Gujarat,Surat,Vyra,Gram Raw(Chholia),Other,FAQ,2017-06-03 00:00:00,2500.0,3000.0,2750.0,359
Gujarat,Surat,Vyra,Gram Raw(Chholia),Other,FAQ,2017-06-05 00:00:00,3500.0,4000.0,3750.0,359
Gujarat,Surat,Vyra,Gram Raw(Chholia),Other,FAQ,2017-06-23 00:00:00,3500.0,4500.0,4000.0,359
Gujarat,Surat,Vyra,Gram Raw(Chholia),Other,FAQ,2017-07-05 00:00:00,2000.0,3000.0,2500.0,359
Gujarat,Surat,Vyra,Gram Raw(Chholia),Other,FAQ,2017-07-13 00:00:00,3000.0,4500.0,3750.0,359
Gujarat,Surat,Vyra,Gram Raw(Chholia),Other,FAQ,2017-07-21 00:00:00,4000.0,5000.0,4500.0,359
Gujarat,Surat,Vyra,Gram Raw(Chholia),Other,FAQ,2017-07-27 00:00:00,3500.0,4000.0,3750.0,359
Gujarat,Surat,Vyra,Gram Raw(Chholia),Other,FAQ,2017-08-02 00:00:00,4000.0,5000.0,4500.0,359
Gujarat,Surat,Vyra,Gram Raw(Chholia),Other,FAQ,2017-08-09 00:00:00,3000.0,4000.0,3500.0,359
Gujarat,Surat,Vyra,Gram Raw(Chholia),Other,FAQ,2017-08-29 00:00:00,2500.0,2750.0,2625.0,359
Gujarat,Surat,Vyra,Gram Raw(Chholia),Other,FAQ,2017-09-14 00:00:00,5000.0,5750.0,5375.0,359
Gujarat,Surat,Vyra,Gram Raw(Chholia),Other,FAQ,2017-09-18 00:00:00,4500.0,5500.0,5000.0,359
Gujarat,Surat,Vyra,Gram Raw(Chholia),Other,FAQ,2017-09-19 00:00:00,4500.0,5000.0,4750.0,359
Gujarat,Surat,Vyra,Gram Raw(Chholia),Other,FAQ,2017-09-25 00:00:00,4500.0,5500.0,5000.0,359
Gujarat,Surat,Vyra,Gram Raw(Chholia),Other,FAQ,2017-09-26 00:00:00,4500.0,5500.0,5000.0,359
Gujarat,Surat,Vyra,Gram Raw(Chholia),Other,FAQ,2017-09-27 00:00:00,4500.0,5500.0,5000.0,359
Gujarat,Surat,Vyra,Gram Raw(Chholia),Other,FAQ,2017-09-28 00:00:00,5000.0,5500.0,5250.0,359
Gujarat,Surat,Vyra,Gram Raw(Chholia),Other,FAQ,2017-09-29 00:00:00,4500.0,5500.0,5000.0,359
Gujarat,Surat,Vyra,Gram Raw(Chholia),Other,FAQ,2017-10-14 00:00:00,4500.0,5500.0,5000.0,359
Gujarat,Surat,Vyra,Gram Raw(Chholia),Other,FAQ,2017-10-30 00:00:00,4000.0,4500.0,4250.0,359
Gujarat,Surat,Vyra,Gram Raw(Chholia),Other,FAQ,2017-11-06 00:00:00,3000.0,5250.0,4125.0,359
Gujarat,Surat,Vyra,Gram Raw(Chholia),Other,FAQ,2017-11-16 00:00:00,2750.0,3250.0,3000.0,359
Gujarat,Surat,Vyra,Gram Raw(Chholia),Other,FAQ,2017-11-17 00:00:00,3500.0,4000.0,3750.0,359
Gujarat,Surat,Vyra,Gram Raw(Chholia),Other,FAQ,2017-11-24 00:00:00,1750.0,2500.0,2125.0,359
Gujarat,Surat,Vyra,Gram Raw(Chholia),Other,FAQ,2017-11-27 00:00:00,2000.0,3250.0,2625.0,359
Gujarat,Surat,Vyra,Gram Raw(Chholia),Other,FAQ,2017-12-14 00:00:00,1750.0,2250.0,2000.0,359
Gujarat,Surat,Vyra,Gram Raw(Chholia),Other,FAQ,2017-12-16 00:00:00,1750.0,2250.0,2000.0,359
Gujarat,Vadodara(Baroda),Vadodara(Sayajipura),Gram Raw(Chholia),Other,FAQ,2017-01-05 00:00:00,2000.0,2500.0,2300.0,359
Gujarat,Vadodara(Baroda),Vadodara(Sayajipura),Gram Raw(Chholia),Other,FAQ,2017-01-07 00:00:00,900.0,1200.0,1150.0,359
Gujarat,Vadodara(Baroda),Vadodara(Sayajipura),Gram Raw(Chholia),Other,FAQ,2017-01-13 00:00:00,1500.0,2000.0,1800.0,359
Gujarat,Vadodara(Baroda),Vadodara(Sayajipura),Gram Raw(Chholia),Other,FAQ,2017-01-17 00:00:00,2000.0,2500.0,2300.0,359
Gujarat,Vadodara(Baroda),Vadodara(Sayajipura),Gram Raw(Chholia),Other,FAQ,2017-02-09 00:00:00,2000.0,2500.0,2100.0,359
Gujarat,Vadodara(Baroda),Vadodara(Sayajipura),Gram Raw(Chholia),Other,FAQ,2017-02-18 00:00:00,2000.0,2500.0,2300.0,359
Gujarat,Vadodara(Baroda),Vadodara(Sayajipura),Gram Raw(Chholia),Other,FAQ,2017-02-19 00:00:00,2000.0,2500.0,2300.0,359
Gujarat,Vadodara(Baroda),Vadodara(Sayajipura),Gram Raw(Chholia),Other,FAQ,2017-03-02 00:00:00,2000.0,2500.0,2300.0,359
Gujarat,Vadodara(Baroda),Vadodara(Sayajipura),Gram Raw(Chholia),Other,FAQ,2017-03-04 00:00:00,1750.0,2000.0,1925.0,359
Gujarat,Vadodara(Baroda),Vadodara(Sayajipura),Gram Raw(Chholia),Other,FAQ,2017-03-05 00:00:00,1750.0,2000.0,1925.0,359
Gujarat,Vadodara(Baroda),Vadodara(Sayajipura),Gram Raw(Chholia),Other,FAQ,2017-03-16 00:00:00,2500.0,3000.0,2800.0,359
Gujarat,Vadodara(Baroda),Vadodara(Sayajipura),Gram Raw(Chholia),Other,FAQ,2017-03-21 00:00:00,2500.0,3000.0,2800.0,359
Gujarat,Vadodara(Baroda),Vadodara(Sayajipura),Gram Raw(Chholia),Other,FAQ,2017-03-30 00:00:00,2000.0,3000.0,2550.0,359
Gujarat,Vadodara(Baroda),Vadodara(Sayajipura),Gram Raw(Chholia),Other,FAQ,2017-04-06 00:00:00,2500.0,4000.0,3300.0,359
Gujarat,Vadodara(Baroda),Vadodara(Sayajipura),Gram Raw(Chholia),Other,FAQ,2017-04-07 00:00:00,2500.0,4000.0,3300.0,359
Gujarat,Vadodara(Baroda),Vadodara(Sayajipura),Gram Raw(Chholia),Other,FAQ,2017-04-23 00:00:00,2500.0,3500.0,3050.0,359
Gujarat,Vadodara(Baroda),Vadodara(Sayajipura),Gram Raw(Chholia),Other,FAQ,2017-05-06 00:00:00,2500.0,3000.0,2800.0,359
Gujarat,Vadodara(Baroda),Vadodara(Sayajipura),Gram Raw(Chholia),Other,FAQ,2017-05-24 00:00:00,2000.0,3000.0,2550.0,359
Gujarat,Vadodara(Baroda),Vadodara(Sayajipura),Gram Raw(Chholia),Other,FAQ,2017-05-27 00:00:00,1500.0,2550.0,2000.0,359
Gujarat,Vadodara(Baroda),Vadodara(Sayajipura),Gram Raw(Chholia),Other,FAQ,2017-06-05 00:00:00,3000.0,4000.0,3500.0,359
Gujarat,Vadodara(Baroda),Vadodara(Sayajipura),Gram Raw(Chholia),Other,FAQ,2017-06-07 00:00:00,3000.0,4000.0,3550.0,359
Gujarat,Vadodara(Baroda),Vadodara(Sayajipura),Gram Raw(Chholia),Other,FAQ,2017-06-10 00:00:00,3500.0,4500.0,4025.0,359
Gujarat,Vadodara(Baroda),Vadodara(Sayajipura),Gram Raw(Chholia),Other,FAQ,2017-06-15 00:00:00,3000.0,4000.0,3550.0,359
Gujarat,Ahmedabad,Dholka(Koth),Gram Raw(Chholia),Other,FAQ,2015-10-14 00:00:00,1000.0,2500.0,2000.0,359
Gujarat,Ahmedabad,Dholka(Koth),Gram Raw(Chholia),Other,FAQ,2015-10-20 00:00:00,1400.0,1950.0,1700.0,359
Gujarat,Ahmedabad,Dholka(Koth),Gram Raw(Chholia),Other,FAQ,2015-10-21 00:00:00,1400.0,2000.0,1700.0,359
Gujarat,Ahmedabad,Dholka(Koth),Gram Raw(Chholia),Other,FAQ,2015-10-26 00:00:00,1000.0,1900.0,1500.0,359
Gujarat,Ahmedabad,Dholka(Koth),Gram Raw(Chholia),Other,FAQ,2015-11-27 00:00:00,1500.0,2250.0,1700.0,359
Gujarat,Banaskanth,Deesa(Deesa Veg Yard),Gram Raw(Chholia),Other,FAQ,2015-04-28 00:00:00,3500.0,5000.0,4250.0,359
Gujarat,Banaskanth,Deesa(Deesa Veg Yard),Gram Raw(Chholia),Other,FAQ,2015-05-05 00:00:00,3500.0,4000.0,3750.0,359
Gujarat,Banaskanth,Deesa(Deesa Veg Yard),Gram Raw(Chholia),Other,FAQ,2015-05-15 00:00:00,1000.0,2000.0,1500.0,359
Gujarat,Banaskanth,Deesa(Deesa Veg Yard),Gram Raw(Chholia),Other,FAQ,2015-05-16 00:00:00,1000.0,2000.0,1500.0,359
Gujarat,Banaskanth,Deesa(Deesa Veg Yard),Gram Raw(Chholia),Other,FAQ,2015-05-18 00:00:00,500.0,1000.0,750.0,359
Gujarat,Banaskanth,Deesa(Deesa Veg Yard),Gram Raw(Chholia),Other,FAQ,2015-05-22 00:00:00,500.0,900.0,700.0,359
Gujarat,Banaskanth,Deesa(Deesa Veg Yard),Gram Raw(Chholia),Other,FAQ,2015-06-03 00:00:00,500.0,700.0,600.0,359
Gujarat,Banaskanth,Deesa(Deesa Veg Yard),Gram Raw(Chholia),Other,FAQ,2015-06-04 00:00:00,500.0,700.0,600.0,359
Gujarat,Banaskanth,Deesa(Deesa Veg Yard),Gram Raw(Chholia),Other,FAQ,2015-06-06 00:00:00,2500.0,3500.0,3000.0,359
Gujarat,Banaskanth,Deesa(Deesa Veg Yard),Gram Raw(Chholia),Other,FAQ,2015-06-23 00:00:00,1000.0,2000.0,1500.0,359
Gujarat,Banaskanth,Deesa(Deesa Veg Yard),Gram Raw(Chholia),Other,FAQ,2015-07-02 00:00:00,500.0,2500.0,1500.0,359
Gujarat,Banaskanth,Deesa(Deesa Veg Yard),Gram Raw(Chholia),Other,FAQ,2015-07-08 00:00:00,500.0,2000.0,1250.0,359
Gujarat,Banaskanth,Deesa(Deesa Veg Yard),Gram Raw(Chholia),Other,FAQ,2015-07-20 00:00:00,1500.0,3000.0,2250.0,359
Gujarat,Banaskanth,Deesa(Deesa Veg Yard),Gram Raw(Chholia),Other,FAQ,2015-07-25 00:00:00,1500.0,3000.0,2250.0,359
Gujarat,Banaskanth,Deesa(Deesa Veg Yard),Gram Raw(Chholia),Other,FAQ,2015-07-31 00:00:00,3500.0,4000.0,3750.0,359
Gujarat,Banaskanth,Deesa(Deesa Veg Yard),Gram Raw(Chholia),Other,FAQ,2015-08-01 00:00:00,3500.0,4000.0,3750.0,359
Gujarat,Banaskanth,Deesa(Deesa Veg Yard),Gram Raw(Chholia),Other,FAQ,2015-08-12 00:00:00,5000.0,6000.0,5500.0,359
Gujarat,Banaskanth,Deesa(Deesa Veg Yard),Gram Raw(Chholia),Other,FAQ,2015-08-18 00:00:00,5000.0,6000.0,5500.0,359
Gujarat,Banaskanth,Deesa(Deesa Veg Yard),Gram Raw(Chholia),Other,FAQ,2015-08-24 00:00:00,4000.0,4500.0,4250.0,359
Gujarat,Banaskanth,Deesa(Deesa Veg Yard),Gram Raw(Chholia),Other,FAQ,2015-09-08 00:00:00,2500.0,3500.0,3000.0,359
Gujarat,Banaskanth,Deesa(Deesa Veg Yard),Gram Raw(Chholia),Other,FAQ,2015-09-11 00:00:00,2500.0,3500.0,3000.0,359
Gujarat,Banaskanth,Deesa(Deesa Veg Yard),Gram Raw(Chholia),Other,FAQ,2015-10-06 00:00:00,1500.0,2000.0,1750.0,359
Gujarat,Banaskanth,Deesa(Deesa Veg Yard),Gram Raw(Chholia),Other,FAQ,2015-11-28 00:00:00,2500.0,3200.0,2850.0,359
Gujarat,Banaskanth,Deesa(Deesa Veg Yard),Gram Raw(Chholia),Other,FAQ,2015-12-08 00:00:00,2500.0,3200.0,2850.0,359
Gujarat,Banaskanth,Deesa(Deesa Veg Yard),Gram Raw(Chholia),Other,FAQ,2015-12-10 00:00:00,2700.0,3500.0,3100.0,359
Gujarat,Banaskanth,Deesa(Deesa Veg Yard),Gram Raw(Chholia),Other,FAQ,2015-12-14 00:00:00,3000.0,3500.0,3250.0,359
Gujarat,Banaskanth,Deesa(Deesa Veg Yard),Gram Raw(Chholia),Other,FAQ,2015-12-22 00:00:00,1000.0,1400.0,1200.0,359
Gujarat,Surat,Vyra,Gram Raw(Chholia),Other,FAQ,2015-01-09 00:00:00,2500.0,3000.0,2750.0,359
Gujarat,Surat,Vyra,Gram Raw(Chholia),Other,FAQ,2015-01-23 00:00:00,2000.0,2500.0,2250.0,359
Gujarat,Surat,Vyra,Gram Raw(Chholia),Other,FAQ,2015-03-12 00:00:00,2500.0,3000.0,2750.0,359
Gujarat,Surat,Vyra,Gram Raw(Chholia),Other,FAQ,2015-03-14 00:00:00,2000.0,2500.0,2250.0,359
Gujarat,Surat,Vyra,Gram Raw(Chholia),Other,FAQ,2015-03-21 00:00:00,4500.0,5000.0,4750.0,359
Gujarat,Surat,Vyra,Gram Raw(Chholia),Other,FAQ,2015-03-27 00:00:00,2000.0,2500.0,2250.0,359
Gujarat,Surat,Vyra,Gram Raw(Chholia),Other,FAQ,2015-03-30 00:00:00,1500.0,2000.0,1750.0,359
Gujarat,Surat,Vyra,Gram Raw(Chholia),Other,FAQ,2015-04-02 00:00:00,800.0,2500.0,1650.0,359
Gujarat,Surat,Vyra,Gram Raw(Chholia),Other,FAQ,2015-04-11 00:00:00,2500.0,3000.0,2750.0,359
Gujarat,Surat,Vyra,Gram Raw(Chholia),Other,FAQ,2015-04-18 00:00:00,1500.0,2500.0,2000.0,359
Gujarat,Surat,Vyra,Gram Raw(Chholia),Other,FAQ,2015-04-28 00:00:00,500.0,1250.0,875.0,359
Gujarat,Surat,Vyra,Gram Raw(Chholia),Other,FAQ,2015-05-11 00:00:00,1100.0,1900.0,1500.0,359
Gujarat,Surat,Vyra,Gram Raw(Chholia),Other,FAQ,2015-05-12 00:00:00,1100.0,2200.0,1650.0,359
Gujarat,Surat,Vyra,Gram Raw(Chholia),Other,FAQ,2015-05-18 00:00:00,600.0,1200.0,900.0,359
Gujarat,Surat,Vyra,Gram Raw(Chholia),Other,FAQ,2015-05-19 00:00:00,1100.0,1700.0,1400.0,359
Gujarat,Surat,Vyra,Gram Raw(Chholia),Other,FAQ,2015-05-21 00:00:00,1000.0,1800.0,1400.0,359
Gujarat,Surat,Vyra,Gram Raw(Chholia),Other,FAQ,2015-06-01 00:00:00,2000.0,3000.0,2500.0,359
Gujarat,Surat,Vyra,Gram Raw(Chholia),Other,FAQ,2015-06-02 00:00:00,3000.0,3500.0,3200.0,359
Gujarat,Surat,Vyra,Gram Raw(Chholia),Other,FAQ,2015-06-06 00:00:00,3000.0,4000.0,3500.0,359
Gujarat,Surat,Vyra,Gram Raw(Chholia),Other,FAQ,2015-06-08 00:00:00,2500.0,3500.0,3000.0,359
Gujarat,Surat,Vyra,Gram Raw(Chholia),Other,FAQ,2015-06-09 00:00:00,2500.0,3750.0,3125.0,359
Gujarat,Surat,Vyra,Gram Raw(Chholia),Other,FAQ,2015-06-13 00:00:00,1750.0,2750.0,2250.0,359
Gujarat,Surat,Vyra,Gram Raw(Chholia),Other,FAQ,2015-06-30 00:00:00,2000.0,2500.0,2250.0,359
Gujarat,Surat,Vyra,Gram Raw(Chholia),Other,FAQ,2015-07-15 00:00:00,2500.0,3000.0,2750.0,359
Gujarat,Surat,Vyra,Gram Raw(Chholia),Other,FAQ,2015-07-17 00:00:00,1500.0,2000.0,1750.0,359
Gujarat,Surat,Vyra,Gram Raw(Chholia),Other,FAQ,2015-08-06 00:00:00,1000.0,3500.0,2250.0,359
Gujarat,Surat,Vyra,Gram Raw(Chholia),Other,FAQ,2015-08-11 00:00:00,2000.0,4000.0,3000.0,359
Gujarat,Surat,Vyra,Gram Raw(Chholia),Other,FAQ,2015-08-19 00:00:00,2300.0,2750.0,2525.0,359
Gujarat,Surat,Vyra,Gram Raw(Chholia),Other,FAQ,2015-08-25 00:00:00,750.0,1250.0,1000.0,359
Gujarat,Surat,Vyra,Gram Raw(Chholia),Other,FAQ,2015-08-26 00:00:00,800.0,1750.0,1275.0,359
Gujarat,Surat,Vyra,Gram Raw(Chholia),Other,FAQ,2015-08-31 00:00:00,1000.0,1500.0,1250.0,359
Gujarat,Surat,Vyra,Gram Raw(Chholia),Other,FAQ,2015-09-04 00:00:00,1000.0,1750.0,1375.0,359
Gujarat,Surat,Vyra,Gram Raw(Chholia),Other,FAQ,2015-09-05 00:00:00,1500.0,2500.0,2000.0,359
Gujarat,Surat,Vyra,Gram Raw(Chholia),Other,FAQ,2015-09-08 00:00:00,1000.0,2250.0,1625.0,359
Gujarat,Surat,Vyra,Gram Raw(Chholia),Other,FAQ,2015-09-11 00:00:00,1500.0,2000.0,1750.0,359
Gujarat,Surat,Vyra,Gram Raw(Chholia),Other,FAQ,2015-10-01 00:00:00,4500.0,5500.0,5000.0,359
Gujarat,Surat,Vyra,Gram Raw(Chholia),Other,FAQ,2015-10-06 00:00:00,5000.0,6500.0,5750.0,359
Gujarat,Surat,Vyra,Gram Raw(Chholia),Other,FAQ,2015-10-07 00:00:00,4500.0,6500.0,5500.0,359
Gujarat,Surat,Vyra,Gram Raw(Chholia),Other,FAQ,2015-10-14 00:00:00,3000.0,4000.0,3500.0,359
Gujarat,Surat,Vyra,Gram Raw(Chholia),Other,FAQ,2015-10-31 00:00:00,2500.0,3000.0,2750.0,359
Gujarat,Surat,Vyra,Gram Raw(Chholia),Other,FAQ,2015-11-02 00:00:00,3000.0,3500.0,3250.0,359
Gujarat,Surat,Vyra,Gram Raw(Chholia),Other,FAQ,2015-11-04 00:00:00,2500.0,3000.0,2750.0,359
Gujarat,Surat,Vyra,Gram Raw(Chholia),Other,FAQ,2015-11-18 00:00:00,2000.0,3000.0,2500.0,359
Gujarat,Surat,Vyra,Gram Raw(Chholia),Other,FAQ,2015-11-21 00:00:00,2500.0,3500.0,3000.0,359
Gujarat,Surat,Vyra,Gram Raw(Chholia),Other,FAQ,2015-12-12 00:00:00,2000.0,2750.0,2375.0,359
Gujarat,Surat,Vyra,Gram Raw(Chholia),Other,FAQ,2015-12-15 00:00:00,2000.0,3000.0,2500.0,359
Gujarat,Surat,Vyra,Gram Raw(Chholia),Other,FAQ,2015-12-23 00:00:00,2000.0,2250.0,2125.0,359
Gujarat,Surat,Vyra,Gram Raw(Chholia),Other,FAQ,2015-12-28 00:00:00,2000.0,3000.0,2500.0,359
Gujarat,Vadodara(Baroda),Vadodara(Sayajipura),Gram Raw(Chholia),Other,FAQ,2015-01-03 00:00:00,2000.0,2500.0,2300.0,359
Gujarat,Vadodara(Baroda),Vadodara(Sayajipura),Gram Raw(Chholia),Other,FAQ,2015-01-22 00:00:00,1250.0,1500.0,1425.0,359
Gujarat,Vadodara(Baroda),Vadodara(Sayajipura),Gram Raw(Chholia),Other,FAQ,2015-01-24 00:00:00,1000.0,1500.0,1300.0,359
Gujarat,Vadodara(Baroda),Vadodara(Sayajipura),Gram Raw(Chholia),Other,FAQ,2015-02-02 00:00:00,1750.0,2000.0,1900.0,359
Gujarat,Vadodara(Baroda),Vadodara(Sayajipura),Gram Raw(Chholia),Other,FAQ,2015-02-03 00:00:00,1500.0,2000.0,1800.0,359
Gujarat,Vadodara(Baroda),Vadodara(Sayajipura),Gram Raw(Chholia),Other,FAQ,2015-02-04 00:00:00,1750.0,2000.0,1950.0,359
Gujarat,Vadodara(Baroda),Vadodara(Sayajipura),Gram Raw(Chholia),Other,FAQ,2015-02-07 00:00:00,1500.0,2000.0,1800.0,359
Gujarat,Vadodara(Baroda),Vadodara(Sayajipura),Gram Raw(Chholia),Other,FAQ,2015-02-09 00:00:00,1500.0,1750.0,1700.0,359
Gujarat,Vadodara(Baroda),Vadodara(Sayajipura),Gram Raw(Chholia),Other,FAQ,2015-02-10 00:00:00,1500.0,2000.0,1800.0,359
Gujarat,Vadodara(Baroda),Vadodara(Sayajipura),Gram Raw(Chholia),Other,FAQ,2015-02-12 00:00:00,1250.0,1500.0,1450.0,359
Gujarat,Vadodara(Baroda),Vadodara(Sayajipura),Gram Raw(Chholia),Other,FAQ,2015-02-13 00:00:00,1000.0,1250.0,1175.0,359
Gujarat,Vadodara(Baroda),Vadodara(Sayajipura),Gram Raw(Chholia),Other,FAQ,2015-06-01 00:00:00,1000.0,1300.0,1200.0,359
Gujarat,Vadodara(Baroda),Vadodara(Sayajipura),Gram Raw(Chholia),Other,FAQ,2015-06-14 00:00:00,1100.0,1300.0,1250.0,359
Gujarat,Vadodara(Baroda),Vadodara(Sayajipura),Gram Raw(Chholia),Other,FAQ,2015-06-17 00:00:00,1000.0,1500.0,1300.0,359
Gujarat,Vadodara(Baroda),Vadodara(Sayajipura),Gram Raw(Chholia),Other,FAQ,2015-06-23 00:00:00,1000.0,1100.0,1075.0,359
Gujarat,Vadodara(Baroda),Vadodara(Sayajipura),Gram Raw(Chholia),Other,FAQ,2015-06-28 00:00:00,1000.0,1300.0,1200.0,359
Gujarat,Vadodara(Baroda),Vadodara(Sayajipura),Gram Raw(Chholia),Other,FAQ,2015-07-02 00:00:00,1500.0,2000.0,1800.0,359
Gujarat,Vadodara(Baroda),Vadodara(Sayajipura),Gram Raw(Chholia),Other,FAQ,2015-07-08 00:00:00,800.0,1200.0,1050.0,359
Gujarat,Vadodara(Baroda),Vadodara(Sayajipura),Gram Raw(Chholia),Other,FAQ,2015-07-11 00:00:00,1000.0,1250.0,1175.0,359
Gujarat,Vadodara(Baroda),Vadodara(Sayajipura),Gram Raw(Chholia),Other,FAQ,2015-07-20 00:00:00,1250.0,1500.0,1425.0,359
Gujarat,Vadodara(Baroda),Vadodara(Sayajipura),Gram Raw(Chholia),Other,FAQ,2015-07-23 00:00:00,1000.0,1500.0,1300.0,359
Gujarat,Vadodara(Baroda),Vadodara(Sayajipura),Gram Raw(Chholia),Other,FAQ,2015-07-24 00:00:00,1500.0,2000.0,1825.0,359
Gujarat,Vadodara(Baroda),Vadodara(Sayajipura),Gram Raw(Chholia),Other,FAQ,2015-08-06 00:00:00,2500.0,3500.0,3050.0,359
Gujarat,Vadodara(Baroda),Vadodara(Sayajipura),Gram Raw(Chholia),Other,FAQ,2015-08-11 00:00:00,1500.0,2000.0,1800.0,359
Gujarat,Vadodara(Baroda),Vadodara(Sayajipura),Gram Raw(Chholia),Other,FAQ,2015-09-05 00:00:00,1000.0,1250.0,1175.0,359
Gujarat,Vadodara(Baroda),Vadodara(Sayajipura),Gram Raw(Chholia),Other,FAQ,2015-09-10 00:00:00,1000.0,2000.0,1550.0,359
Gujarat,Vadodara(Baroda),Vadodara(Sayajipura),Gram Raw(Chholia),Other,FAQ,2015-09-25 00:00:00,2000.0,3000.0,2550.0,359
Gujarat,Vadodara(Baroda),Vadodara(Sayajipura),Gram Raw(Chholia),Other,FAQ,2015-10-01 00:00:00,4000.0,5000.0,4550.0,359
Gujarat,Vadodara(Baroda),Vadodara(Sayajipura),Gram Raw(Chholia),Other,FAQ,2015-10-06 00:00:00,3500.0,4500.0,4050.0,359
Gujarat,Vadodara(Baroda),Vadodara(Sayajipura),Gram Raw(Chholia),Other,FAQ,2015-10-17 00:00:00,3000.0,4000.0,3550.0,359
Gujarat,Vadodara(Baroda),Vadodara(Sayajipura),Gram Raw(Chholia),Other,FAQ,2015-10-18 00:00:00,3000.0,4000.0,3550.0,359
Gujarat,Vadodara(Baroda),Vadodara(Sayajipura),Gram Raw(Chholia),Other,FAQ,2015-11-09 00:00:00,2000.0,2500.0,2300.0,359
Gujarat,Vadodara(Baroda),Vadodara(Sayajipura),Gram Raw(Chholia),Other,FAQ,2015-11-17 00:00:00,1500.0,2000.0,1800.0,359
Gujarat,Vadodara(Baroda),Vadodara(Sayajipura),Gram Raw(Chholia),Other,FAQ,2015-11-21 00:00:00,1500.0,2000.0,1800.0,359
Gujarat,Vadodara(Baroda),Vadodara(Sayajipura),Gram Raw(Chholia),Other,FAQ,2015-11-26 00:00:00,1500.0,1900.0,1750.0,359
Gujarat,Vadodara(Baroda),Vadodara(Sayajipura),Gram Raw(Chholia),Other,FAQ,2015-11-28 00:00:00,1500.0,2000.0,1800.0,359
Gujarat,Vadodara(Baroda),Vadodara(Sayajipura),Gram Raw(Chholia),Other,FAQ,2015-12-02 00:00:00,2000.0,3000.0,2550.0,359
Gujarat,Vadodara(Baroda),Vadodara(Sayajipura),Gram Raw(Chholia),Other,FAQ,2015-12-17 00:00:00,3000.0,3500.0,3300.0,359
Gujarat,Vadodara(Baroda),Vadodara(Sayajipura),Gram Raw(Chholia),Other,FAQ,2015-12-26 00:00:00,2250.0,2750.0,2600.0,359
Gujarat,Vadodara(Baroda),Vadodara(Sayajipura),Gram Raw(Chholia),Other,FAQ,2015-12-30 00:00:00,1750.0,2500.0,2175.0,359
Gujarat,Ahmedabad,Dholka,Gram Raw(Chholia),Gram Raw(Chholia),FAQ,2006-05-26 00:00:00,800.0,800.0,800.0,359
Gujarat,Ahmedabad,Dholka,Gram Raw(Chholia),Gram Raw(Chholia),FAQ,2006-05-29 00:00:00,500.0,800.0,650.0,359
Gujarat,Ahmedabad,Dholka,Gram Raw(Chholia),Gram Raw(Chholia),FAQ,2006-07-08 00:00:00,500.0,750.0,700.0,359
Gujarat,Ahmedabad,Dholka,Gram Raw(Chholia),Gram Raw(Chholia),FAQ,2006-07-12 00:00:00,1400.0,1500.0,1450.0,359
Gujarat,Ahmedabad,Dholka,Gram Raw(Chholia),Gram Raw(Chholia),FAQ,2006-07-26 00:00:00,675.0,850.0,800.0,359
Gujarat,Botad,Botad,Gram Raw(Chholia),Other,FAQ,2006-01-04 00:00:00,500.0,875.0,650.0,359
Gujarat,Botad,Botad,Gram Raw(Chholia),Other,FAQ,2006-01-08 00:00:00,550.0,700.0,625.0,359
Gujarat,Botad,Botad,Gram Raw(Chholia),Other,FAQ,2006-01-09 00:00:00,350.0,720.0,525.0,359
Gujarat,Botad,Botad,Gram Raw(Chholia),Other,FAQ,2006-01-26 00:00:00,500.0,655.0,575.0,359
Gujarat,Botad,Botad,Gram Raw(Chholia),Other,FAQ,2006-02-06 00:00:00,950.0,1100.0,1000.0,359
Gujarat,Botad,Botad,Gram Raw(Chholia),Other,FAQ,2006-03-13 00:00:00,1250.0,1875.0,1550.0,359
Gujarat,Botad,Botad,Gram Raw(Chholia),Other,FAQ,2006-03-16 00:00:00,1500.0,2000.0,1750.0,359
Gujarat,Botad,Botad,Gram Raw(Chholia),Other,FAQ,2006-04-10 00:00:00,515.0,1220.0,875.0,359
Gujarat,Botad,Botad,Gram Raw(Chholia),Other,FAQ,2006-04-22 00:00:00,350.0,1050.0,700.0,359
Gujarat,Botad,Botad,Gram Raw(Chholia),Other,FAQ,2006-05-01 00:00:00,500.0,830.0,675.0,359
Gujarat,Botad,Botad,Gram Raw(Chholia),Other,FAQ,2006-05-07 00:00:00,500.0,830.0,675.0,359
Gujarat,Botad,Botad,Gram Raw(Chholia),Other,FAQ,2006-05-12 00:00:00,500.0,835.0,675.0,359
Gujarat,Botad,Botad,Gram Raw(Chholia),Other,FAQ,2006-05-15 00:00:00,450.0,880.0,675.0,359
Gujarat,Botad,Botad,Gram Raw(Chholia),Other,FAQ,2006-05-17 00:00:00,800.0,1100.0,950.0,359
Gujarat,Botad,Botad,Gram Raw(Chholia),Other,FAQ,2006-05-19 00:00:00,565.0,1030.0,800.0,359
Gujarat,Botad,Botad,Gram Raw(Chholia),Other,FAQ,2006-05-24 00:00:00,900.0,1200.0,1050.0,359
Gujarat,Botad,Botad,Gram Raw(Chholia),Other,FAQ,2006-05-28 00:00:00,700.0,875.0,800.0,359
Gujarat,Botad,Botad,Gram Raw(Chholia),Other,FAQ,2006-06-04 00:00:00,560.0,1060.0,825.0,359
Gujarat,Botad,Botad,Gram Raw(Chholia),Other,FAQ,2006-06-05 00:00:00,575.0,1000.0,800.0,359
Gujarat,Botad,Botad,Gram Raw(Chholia),Other,FAQ,2006-06-08 00:00:00,750.0,1000.0,875.0,359
Gujarat,Botad,Botad,Gram Raw(Chholia),Other,FAQ,2006-06-14 00:00:00,750.0,1350.0,1050.0,359
Gujarat,Botad,Botad,Gram Raw(Chholia),Other,FAQ,2006-07-14 00:00:00,650.0,1300.0,975.0,359
Gujarat,Botad,Botad,Gram Raw(Chholia),Other,FAQ,2006-07-15 00:00:00,500.0,1450.0,975.0,359
Gujarat,Botad,Botad,Gram Raw(Chholia),Other,FAQ,2006-07-16 00:00:00,300.0,835.0,575.0,359
Gujarat,Botad,Botad,Gram Raw(Chholia),Other,FAQ,2006-07-21 00:00:00,200.0,525.0,375.0,359
Gujarat,Botad,Botad,Gram Raw(Chholia),Other,FAQ,2006-07-23 00:00:00,250.0,675.0,475.0,359
Gujarat,Botad,Botad,Gram Raw(Chholia),Other,FAQ,2006-07-24 00:00:00,300.0,700.0,500.0,359
Gujarat,Botad,Botad,Gram Raw(Chholia),Other,FAQ,2006-08-05 00:00:00,500.0,1400.0,950.0,359
Gujarat,Botad,Botad,Gram Raw(Chholia),Other,FAQ,2006-08-07 00:00:00,500.0,1350.0,925.0,359
Gujarat,Botad,Botad,Gram Raw(Chholia),Other,FAQ,2006-08-11 00:00:00,450.0,1800.0,1125.0,359
Gujarat,Botad,Botad,Gram Raw(Chholia),Other,FAQ,2006-08-18 00:00:00,950.0,1500.0,1225.0,359
Gujarat,Botad,Botad,Gram Raw(Chholia),Other,FAQ,2006-08-21 00:00:00,500.0,1400.0,950.0,359
Gujarat,Botad,Botad,Gram Raw(Chholia),Other,FAQ,2006-08-27 00:00:00,400.0,1150.0,775.0,359
Gujarat,Botad,Botad,Gram Raw(Chholia),Other,FAQ,2006-09-03 00:00:00,600.0,1100.0,850.0,359
Gujarat,Botad,Botad,Gram Raw(Chholia),Other,FAQ,2006-09-07 00:00:00,500.0,1000.0,750.0,359
Gujarat,Botad,Botad,Gram Raw(Chholia),Other,FAQ,2006-09-18 00:00:00,375.0,1050.0,725.0,359
Gujarat,Botad,Botad,Gram Raw(Chholia),Other,FAQ,2006-10-04 00:00:00,800.0,1500.0,1150.0,359
Gujarat,Botad,Botad,Gram Raw(Chholia),Other,FAQ,2006-10-08 00:00:00,1000.0,1600.0,1300.0,359
Gujarat,Botad,Botad,Gram Raw(Chholia),Other,FAQ,2006-10-09 00:00:00,800.0,1800.0,1300.0,359
Gujarat,Botad,Botad,Gram Raw(Chholia),Other,FAQ,2006-10-11 00:00:00,650.0,1800.0,1225.0,359
Gujarat,Botad,Botad,Gram Raw(Chholia),Other,FAQ,2006-10-17 00:00:00,750.0,2000.0,1375.0,359
Gujarat,Botad,Botad,Gram Raw(Chholia),Other,FAQ,2006-10-27 00:00:00,500.0,1500.0,1000.0,359
Gujarat,Botad,Botad,Gram Raw(Chholia),Other,FAQ,2006-11-02 00:00:00,800.0,1350.0,1075.0,359
Gujarat,Botad,Botad,Gram Raw(Chholia),Other,FAQ,2006-11-08 00:00:00,800.0,1300.0,1050.0,359
Gujarat,Botad,Botad,Gram Raw(Chholia),Other,FAQ,2006-11-09 00:00:00,500.0,1050.0,775.0,359
Gujarat,Botad,Botad,Gram Raw(Chholia),Other,FAQ,2006-11-11 00:00:00,700.0,1000.0,850.0,359
Gujarat,Botad,Botad,Gram Raw(Chholia),Other,FAQ,2006-11-12 00:00:00,800.0,1000.0,900.0,359
Gujarat,Botad,Botad,Gram Raw(Chholia),Other,FAQ,2006-11-16 00:00:00,750.0,1000.0,875.0,359
Gujarat,Botad,Botad,Gram Raw(Chholia),Other,FAQ,2006-12-01 00:00:00,375.0,1375.0,875.0,359
Gujarat,Botad,Botad,Gram Raw(Chholia),Other,FAQ,2006-12-19 00:00:00,800.0,1000.0,900.0,359
Gujarat,Vadodara(Baroda),Vadodara,Gram Raw(Chholia),Other,FAQ,2006-01-03 00:00:00,500.0,700.0,600.0,359
Gujarat,Vadodara(Baroda),Vadodara,Gram Raw(Chholia),Other,FAQ,2006-01-07 00:00:00,300.0,700.0,500.0,359
Gujarat,Vadodara(Baroda),Vadodara,Gram Raw(Chholia),Other,FAQ,2006-01-16 00:00:00,600.0,800.0,700.0,359
Gujarat,Vadodara(Baroda),Vadodara,Gram Raw(Chholia),Other,FAQ,2006-01-19 00:00:00,500.0,750.0,700.0,359
Gujarat,Vadodara(Baroda),Vadodara,Gram Raw(Chholia),Other,FAQ,2006-01-25 00:00:00,400.0,600.0,550.0,359
Gujarat,Vadodara(Baroda),Vadodara,Gram Raw(Chholia),Other,FAQ,2006-02-14 00:00:00,500.0,1000.0,900.0,359
Gujarat,Vadodara(Baroda),Vadodara,Gram Raw(Chholia),Other,FAQ,2006-02-17 00:00:00,500.0,900.0,700.0,359
Gujarat,Vadodara(Baroda),Vadodara,Gram Raw(Chholia),Other,FAQ,2006-02-19 00:00:00,600.0,1000.0,800.0,359
Gujarat,Vadodara(Baroda),Vadodara,Gram Raw(Chholia),Other,FAQ,2006-02-23 00:00:00,700.0,1000.0,900.0,359
Gujarat,Vadodara(Baroda),Vadodara,Gram Raw(Chholia),Other,FAQ,2006-02-28 00:00:00,600.0,1100.0,750.0,359
Gujarat,Vadodara(Baroda),Vadodara,Gram Raw(Chholia),Other,FAQ,2006-03-01 00:00:00,600.0,1100.0,1000.0,359
Gujarat,Vadodara(Baroda),Vadodara,Gram Raw(Chholia),Other,FAQ,2006-03-11 00:00:00,600.0,1300.0,1000.0,359
Gujarat,Vadodara(Baroda),Vadodara,Gram Raw(Chholia),Other,FAQ,2006-03-31 00:00:00,500.0,1100.0,750.0,359
Gujarat,Vadodara(Baroda),Vadodara,Gram Raw(Chholia),Other,FAQ,2006-04-11 00:00:00,350.0,700.0,600.0,359
Gujarat,Vadodara(Baroda),Vadodara,Gram Raw(Chholia),Other,FAQ,2006-04-14 00:00:00,350.0,700.0,600.0,359
Gujarat,Vadodara(Baroda),Vadodara,Gram Raw(Chholia),Other,FAQ,2006-04-22 00:00:00,300.0,600.0,500.0,359
Gujarat,Vadodara(Baroda),Vadodara,Gram Raw(Chholia),Other,FAQ,2006-04-23 00:00:00,300.0,700.0,500.0,359
Gujarat,Vadodara(Baroda),Vadodara,Gram Raw(Chholia),Other,FAQ,2006-04-25 00:00:00,300.0,650.0,350.0,359
Gujarat,Vadodara(Baroda),Vadodara,Gram Raw(Chholia),Other,FAQ,2006-04-29 00:00:00,250.0,600.0,400.0,359
Gujarat,Vadodara(Baroda),Vadodara,Gram Raw(Chholia),Other,FAQ,2006-04-30 00:00:00,300.0,600.0,500.0,359
Gujarat,Vadodara(Baroda),Vadodara,Gram Raw(Chholia),Other,FAQ,2006-05-01 00:00:00,300.0,550.0,500.0,359
Gujarat,Vadodara(Baroda),Vadodara,Gram Raw(Chholia),Other,FAQ,2006-05-09 00:00:00,250.0,400.0,300.0,359
Gujarat,Vadodara(Baroda),Vadodara,Gram Raw(Chholia),Other,FAQ,2006-05-20 00:00:00,250.0,650.0,400.0,359
Gujarat,Vadodara(Baroda),Vadodara,Gram Raw(Chholia),Other,FAQ,2006-05-22 00:00:00,300.0,800.0,600.0,359
Gujarat,Vadodara(Baroda),Vadodara,Gram Raw(Chholia),Other,FAQ,2006-05-31 00:00:00,400.0,800.0,650.0,359
Gujarat,Vadodara(Baroda),Vadodara,Gram Raw(Chholia),Other,FAQ,2006-06-02 00:00:00,300.0,900.0,625.0,359
Gujarat,Vadodara(Baroda),Vadodara,Gram Raw(Chholia),Other,FAQ,2006-06-06 00:00:00,300.0,800.0,500.0,359
Gujarat,Vadodara(Baroda),Vadodara,Gram Raw(Chholia),Other,FAQ,2006-06-08 00:00:00,400.0,800.0,625.0,359
Gujarat,Vadodara(Baroda),Vadodara,Gram Raw(Chholia),Other,FAQ,2006-06-18 00:00:00,400.0,800.0,475.0,359
Gujarat,Vadodara(Baroda),Vadodara,Gram Raw(Chholia),Other,FAQ,2006-07-09 00:00:00,500.0,1400.0,900.0,359
Gujarat,Vadodara(Baroda),Vadodara,Gram Raw(Chholia),Other,FAQ,2006-07-16 00:00:00,400.0,800.0,600.0,359
Gujarat,Vadodara(Baroda),Vadodara,Gram Raw(Chholia),Other,FAQ,2006-07-17 00:00:00,300.0,650.0,400.0,359
Gujarat,Vadodara(Baroda),Vadodara,Gram Raw(Chholia),Other,FAQ,2006-07-18 00:00:00,300.0,600.0,450.0,359
Gujarat,Vadodara(Baroda),Vadodara,Gram Raw(Chholia),Other,FAQ,2006-07-20 00:00:00,250.0,600.0,325.0,359
Gujarat,Vadodara(Baroda),Vadodara,Gram Raw(Chholia),Other,FAQ,2006-07-27 00:00:00,400.0,1000.0,550.0,359
Gujarat,Vadodara(Baroda),Vadodara,Gram Raw(Chholia),Other,FAQ,2006-07-30 00:00:00,300.0,750.0,625.0,359
Gujarat,Vadodara(Baroda),Vadodara,Gram Raw(Chholia),Other,FAQ,2006-08-02 00:00:00,400.0,1200.0,700.0,359
Gujarat,Vadodara(Baroda),Vadodara,Gram Raw(Chholia),Other,FAQ,2006-08-28 00:00:00,500.0,1500.0,925.0,359
Gujarat,Vadodara(Baroda),Vadodara,Gram Raw(Chholia),Other,FAQ,2006-09-04 00:00:00,500.0,1500.0,1000.0,359
Gujarat,Vadodara(Baroda),Vadodara,Gram Raw(Chholia),Other,FAQ,2006-09-08 00:00:00,400.0,800.0,500.0,359
Gujarat,Vadodara(Baroda),Vadodara,Gram Raw(Chholia),Other,FAQ,2006-09-09 00:00:00,400.0,900.0,650.0,359
Gujarat,Vadodara(Baroda),Vadodara,Gram Raw(Chholia),Other,FAQ,2006-09-18 00:00:00,350.0,900.0,600.0,359
Gujarat,Vadodara(Baroda),Vadodara,Gram Raw(Chholia),Other,FAQ,2006-09-24 00:00:00,500.0,1400.0,800.0,359
Gujarat,Vadodara(Baroda),Vadodara,Gram Raw(Chholia),Other,FAQ,2006-10-01 00:00:00,500.0,1300.0,780.0,359
Gujarat,Vadodara(Baroda),Vadodara,Gram Raw(Chholia),Other,FAQ,2006-10-02 00:00:00,600.0,1500.0,1000.0,359
Gujarat,Vadodara(Baroda),Vadodara,Gram Raw(Chholia),Other,FAQ,2006-10-04 00:00:00,600.0,1600.0,1100.0,359
Gujarat,Vadodara(Baroda),Vadodara,Gram Raw(Chholia),Other,FAQ,2006-10-21 00:00:00,500.0,1750.0,1050.0,359
Gujarat,Vadodara(Baroda),Vadodara,Gram Raw(Chholia),Other,FAQ,2006-11-02 00:00:00,400.0,900.0,650.0,359
Gujarat,Vadodara(Baroda),Vadodara,Gram Raw(Chholia),Other,FAQ,2006-11-10 00:00:00,350.0,800.0,550.0,359
Gujarat,Vadodara(Baroda),Vadodara,Gram Raw(Chholia),Other,FAQ,2006-12-01 00:00:00,300.0,700.0,550.0,359
Gujarat,Vadodara(Baroda),Vadodara,Gram Raw(Chholia),Other,FAQ,2006-12-08 00:00:00,300.0,500.0,400.0,359
Gujarat,Vadodara(Baroda),Vadodara,Gram Raw(Chholia),Other,FAQ,2006-12-14 00:00:00,300.0,600.0,400.0,359
Gujarat,Vadodara(Baroda),Vadodara,Gram Raw(Chholia),Other,FAQ,2006-12-16 00:00:00,300.0,500.0,425.0,359
Gujarat,Vadodara(Baroda),Vadodara,Gram Raw(Chholia),Other,FAQ,2006-12-22 00:00:00,300.0,600.0,400.0,359
Gujarat,Vadodara(Baroda),Vadodara,Gram Raw(Chholia),Other,FAQ,2006-12-23 00:00:00,300.0,600.0,400.0,359
Gujarat,Vadodara(Baroda),Vadodara,Gram Raw(Chholia),Other,FAQ,2006-12-30 00:00:00,250.0,500.0,350.0,359
Gujarat,Ahmedabad,Dholka(Koth),Gram Raw(Chholia),Other,FAQ,2018-05-31 00:00:00,800.0,1550.0,1400.0,359
Gujarat,Ahmedabad,Dholka(Koth),Gram Raw(Chholia),Other,FAQ,2018-06-04 00:00:00,1100.0,1600.0,1300.0,359
Gujarat,Ahmedabad,Dholka(Koth),Gram Raw(Chholia),Other,FAQ,2018-07-07 00:00:00,800.0,1400.0,1200.0,359
Gujarat,Ahmedabad,Dholka(Koth),Gram Raw(Chholia),Other,FAQ,2018-07-12 00:00:00,1000.0,1500.0,1200.0,359
Gujarat,Ahmedabad,Dholka(Koth),Gram Raw(Chholia),Other,FAQ,2018-08-01 00:00:00,1200.0,1500.0,1400.0,359
Gujarat,Ahmedabad,Dholka(Koth),Gram Raw(Chholia),Other,FAQ,2018-08-04 00:00:00,1000.0,1300.0,1250.0,359
Gujarat,Ahmedabad,Dholka(Koth),Gram Raw(Chholia),Other,FAQ,2018-08-09 00:00:00,900.0,1250.0,1100.0,359
Gujarat,Ahmedabad,Dholka(Koth),Gram Raw(Chholia),Other,FAQ,2018-08-14 00:00:00,1200.0,1550.0,1400.0,359
Gujarat,Ahmedabad,Dholka(Koth),Gram Raw(Chholia),Other,FAQ,2018-08-16 00:00:00,1200.0,1700.0,1500.0,359
Gujarat,Ahmedabad,Dholka(Koth),Gram Raw(Chholia),Other,FAQ,2018-08-31 00:00:00,1200.0,1400.0,1300.0,359
Gujarat,Ahmedabad,Dholka(Koth),Gram Raw(Chholia),Other,FAQ,2018-09-08 00:00:00,1200.0,1700.0,1400.0,359
Gujarat,Ahmedabad,Dholka(Koth),Gram Raw(Chholia),Other,FAQ,2018-09-12 00:00:00,1200.0,1350.0,1300.0,359
Gujarat,Ahmedabad,Dholka(Koth),Gram Raw(Chholia),Other,FAQ,2018-09-17 00:00:00,1200.0,1500.0,1400.0,359
Gujarat,Ahmedabad,Dholka(Koth),Gram Raw(Chholia),Other,FAQ,2018-10-09 00:00:00,1000.0,1300.0,1200.0,359
Gujarat,Ahmedabad,Dholka(Koth),Gram Raw(Chholia),Other,FAQ,2018-10-13 00:00:00,500.0,1200.0,1000.0,359
Gujarat,Ahmedabad,Dholka(Koth),Gram Raw(Chholia),Other,FAQ,2018-10-24 00:00:00,1000.0,1400.0,1200.0,359
Gujarat,Ahmedabad,Dholka(Koth),Gram Raw(Chholia),Other,FAQ,2018-11-26 00:00:00,1100.0,1300.0,1200.0,359
Gujarat,Ahmedabad,Dholka(Koth),Gram Raw(Chholia),Other,FAQ,2018-12-01 00:00:00,1100.0,1400.0,1200.0,359
Gujarat,Ahmedabad,Dholka(Koth),Gram Raw(Chholia),Other,FAQ,2018-12-03 00:00:00,1000.0,1300.0,1200.0,359
Gujarat,Banaskanth,Deesa(Deesa Veg Yard),Gram Raw(Chholia),Other,FAQ,2018-05-08 00:00:00,1500.0,2000.0,1750.0,359
Gujarat,Banaskanth,Deesa(Deesa Veg Yard),Gram Raw(Chholia),Other,FAQ,2018-05-09 00:00:00,1000.0,1500.0,1250.0,359
Gujarat,Banaskanth,Deesa(Deesa Veg Yard),Gram Raw(Chholia),Other,FAQ,2018-05-10 00:00:00,1500.0,2000.0,1750.0,359
Gujarat,Banaskanth,Deesa(Deesa Veg Yard),Gram Raw(Chholia),Other,FAQ,2018-05-17 00:00:00,1000.0,2000.0,1500.0,359
Gujarat,Banaskanth,Deesa(Deesa Veg Yard),Gram Raw(Chholia),Other,FAQ,2018-05-23 00:00:00,1900.0,2200.0,2050.0,359
Gujarat,Banaskanth,Deesa(Deesa Veg Yard),Gram Raw(Chholia),Other,FAQ,2018-05-29 00:00:00,2000.0,2400.0,2200.0,359
Gujarat,Banaskanth,Deesa(Deesa Veg Yard),Gram Raw(Chholia),Other,FAQ,2018-05-31 00:00:00,2000.0,2500.0,2250.0,359
Gujarat,Banaskanth,Deesa(Deesa Veg Yard),Gram Raw(Chholia),Other,FAQ,2018-06-05 00:00:00,1750.0,2500.0,2125.0,359
Gujarat,Banaskanth,Deesa(Deesa Veg Yard),Gram Raw(Chholia),Other,FAQ,2018-06-06 00:00:00,2000.0,2400.0,2200.0,359
Gujarat,Banaskanth,Deesa(Deesa Veg Yard),Gram Raw(Chholia),Other,FAQ,2018-07-13 00:00:00,2500.0,4000.0,3250.0,359
Gujarat,Banaskanth,Deesa(Deesa Veg Yard),Gram Raw(Chholia),Other,FAQ,2018-08-18 00:00:00,5000.0,7500.0,5250.0,359
Gujarat,Banaskanth,Deesa(Deesa Veg Yard),Gram Raw(Chholia),Other,FAQ,2018-08-28 00:00:00,2000.0,2500.0,2250.0,359
Gujarat,Banaskanth,Deesa(Deesa Veg Yard),Gram Raw(Chholia),Other,FAQ,2018-09-19 00:00:00,1250.0,2000.0,1625.0,359
Gujarat,Surat,Vyra,Gram Raw(Chholia),Other,FAQ,2018-01-10 00:00:00,2250.0,2750.0,2500.0,359
Gujarat,Surat,Vyra,Gram Raw(Chholia),Other,FAQ,2018-01-29 00:00:00,2500.0,3000.0,2750.0,359
Gujarat,Surat,Vyra,Gram Raw(Chholia),Other,FAQ,2018-01-31 00:00:00,1750.0,2250.0,2000.0,359
Gujarat,Surat,Vyra,Gram Raw(Chholia),Other,FAQ,2018-02-05 00:00:00,2500.0,3000.0,2750.0,359
Gujarat,Surat,Vyra,Gram Raw(Chholia),Other,FAQ,2018-02-10 00:00:00,2000.0,2750.0,2375.0,359
Gujarat,Surat,Vyra,Gram Raw(Chholia),Other,FAQ,2018-02-26 00:00:00,2000.0,2500.0,2250.0,359
Gujarat,Surat,Vyra,Gram Raw(Chholia),Other,FAQ,2018-03-05 00:00:00,2000.0,2300.0,2150.0,359
Gujarat,Surat,Vyra,Gram Raw(Chholia),Other,FAQ,2018-03-07 00:00:00,2000.0,3000.0,2500.0,359
Gujarat,Surat,Vyra,Gram Raw(Chholia),Other,FAQ,2018-03-08 00:00:00,2250.0,2900.0,2575.0,359
Gujarat,Surat,Vyra,Gram Raw(Chholia),Other,FAQ,2018-03-19 00:00:00,2000.0,3000.0,2500.0,359
Gujarat,Surat,Vyra,Gram Raw(Chholia),Other,FAQ,2018-03-21 00:00:00,2500.0,2750.0,2625.0,359
Gujarat,Surat,Vyra,Gram Raw(Chholia),Other,FAQ,2018-04-05 00:00:00,1750.0,2250.0,2000.0,359
Gujarat,Surat,Vyra,Gram Raw(Chholia),Other,FAQ,2018-04-11 00:00:00,1600.0,2750.0,2175.0,359
Gujarat,Surat,Vyra,Gram Raw(Chholia),Other,FAQ,2018-04-14 00:00:00,1600.0,2250.0,1925.0,359
Gujarat,Surat,Vyra,Gram Raw(Chholia),Other,FAQ,2018-04-16 00:00:00,1500.0,2500.0,2000.0,359
Gujarat,Surat,Vyra,Gram Raw(Chholia),Other,FAQ,2018-04-24 00:00:00,2000.0,2750.0,2375.0,359
Gujarat,Surat,Vyra,Gram Raw(Chholia),Other,FAQ,2018-05-08 00:00:00,1000.0,2500.0,1750.0,359
Gujarat,Surat,Vyra,Gram Raw(Chholia),Other,FAQ,2018-05-14 00:00:00,1250.0,2500.0,1875.0,359
Gujarat,Surat,Vyra,Gram Raw(Chholia),Other,FAQ,2018-05-16 00:00:00,2000.0,3000.0,2500.0,359
Gujarat,Surat,Vyra,Gram Raw(Chholia),Other,FAQ,2018-05-22 00:00:00,2000.0,2500.0,2250.0,359
Gujarat,Surat,Vyra,Gram Raw(Chholia),Other,FAQ,2018-05-30 00:00:00,2250.0,2500.0,2375.0,359
Gujarat,Surat,Vyra,Gram Raw(Chholia),Other,FAQ,2018-06-13 00:00:00,2250.0,3250.0,2750.0,359
Gujarat,Surat,Vyra,Gram Raw(Chholia),Other,FAQ,2018-06-21 00:00:00,3000.0,3500.0,3250.0,359
Gujarat,Surat,Vyra,Gram Raw(Chholia),Other,FAQ,2018-06-25 00:00:00,2000.0,3000.0,2500.0,359
Gujarat,Surat,Vyra,Gram Raw(Chholia),Other,FAQ,2018-06-27 00:00:00,2000.0,2500.0,2250.0,359
Gujarat,Surat,Vyra,Gram Raw(Chholia),Other,FAQ,2018-07-07 00:00:00,2500.0,3250.0,2875.0,359
Gujarat,Surat,Vyra,Gram Raw(Chholia),Other,FAQ,2018-07-14 00:00:00,3000.0,3500.0,3250.0,359
Gujarat,Surat,Vyra,Gram Raw(Chholia),Other,FAQ,2018-07-25 00:00:00,3500.0,4000.0,3750.0,359
Gujarat,Surat,Vyra,Gram Raw(Chholia),Other,FAQ,2018-07-27 00:00:00,2500.0,3000.0,2750.0,359
Gujarat,Surat,Vyra,Gram Raw(Chholia),Other,FAQ,2018-07-28 00:00:00,3000.0,3500.0,3250.0,359
Gujarat,Surat,Vyra,Gram Raw(Chholia),Other,FAQ,2018-08-17 00:00:00,3500.0,4000.0,3750.0,359
Gujarat,Surat,Vyra,Gram Raw(Chholia),Other,FAQ,2018-08-21 00:00:00,1500.0,2000.0,1750.0,359
Gujarat,Surat,Vyra,Gram Raw(Chholia),Other,FAQ,2018-08-22 00:00:00,2500.0,3000.0,2750.0,359
Gujarat,Surat,Vyra,Gram Raw(Chholia),Other,FAQ,2018-08-27 00:00:00,2500.0,3750.0,3100.0,359
Gujarat,Surat,Vyra,Gram Raw(Chholia),Other,FAQ,2018-08-29 00:00:00,2250.0,2750.0,2500.0,359
Gujarat,Surat,Vyra,Gram Raw(Chholia),Other,FAQ,2018-08-30 00:00:00,2000.0,2500.0,2250.0,359
Gujarat,Surat,Vyra,Gram Raw(Chholia),Other,FAQ,2018-09-15 00:00:00,2000.0,3500.0,2750.0,359
Gujarat,Surat,Vyra,Gram Raw(Chholia),Other,FAQ,2018-09-19 00:00:00,2500.0,3000.0,2750.0,359
Gujarat,Surat,Vyra,Gram Raw(Chholia),Other,FAQ,2018-09-21 00:00:00,1500.0,2250.0,1875.0,359
Gujarat,Surat,Vyra,Gram Raw(Chholia),Other,FAQ,2018-10-11 00:00:00,4000.0,5000.0,4500.0,359
Gujarat,Surat,Vyra,Gram Raw(Chholia),Other,FAQ,2018-10-12 00:00:00,3000.0,3750.0,3375.0,359
Gujarat,Surat,Vyra,Gram Raw(Chholia),Other,FAQ,2018-10-15 00:00:00,3500.0,4500.0,4000.0,359
Gujarat,Surat,Vyra,Gram Raw(Chholia),Other,FAQ,2018-10-18 00:00:00,3750.0,5000.0,4375.0,359
Gujarat,Surat,Vyra,Gram Raw(Chholia),Other,FAQ,2018-10-19 00:00:00,3500.0,4000.0,3750.0,359
Gujarat,Surat,Vyra,Gram Raw(Chholia),Other,FAQ,2018-10-27 00:00:00,3500.0,4000.0,3750.0,359
Gujarat,Surat,Vyra,Gram Raw(Chholia),Other,FAQ,2018-11-19 00:00:00,2000.0,3000.0,2500.0,359
Gujarat,Surat,Vyra,Gram Raw(Chholia),Other,FAQ,2018-11-21 00:00:00,2000.0,3000.0,2500.0,359
Gujarat,Surat,Vyra,Gram Raw(Chholia),Other,FAQ,2018-11-23 00:00:00,1300.0,1500.0,1400.0,359
Gujarat,Surat,Vyra,Gram Raw(Chholia),Other,FAQ,2018-11-27 00:00:00,1500.0,2000.0,1750.0,359
Gujarat,Surat,Vyra,Gram Raw(Chholia),Other,FAQ,2018-11-28 00:00:00,1750.0,3000.0,2375.0,359
Gujarat,Surat,Vyra,Gram Raw(Chholia),Other,FAQ,2018-12-10 00:00:00,2000.0,2250.0,2150.0,359
Gujarat,Surat,Vyra,Gram Raw(Chholia),Other,FAQ,2018-12-17 00:00:00,2000.0,3250.0,2625.0,359
Gujarat,Surat,Vyra,Gram Raw(Chholia),Other,FAQ,2018-12-24 00:00:00,3000.0,3500.0,3250.0,359
Gujarat,Surat,Vyra,Gram Raw(Chholia),Other,FAQ,2018-12-26 00:00:00,1500.0,2000.0,1750.0,359
Gujarat,Vadodara(Baroda),Vadodara(Sayajipura),Gram Raw(Chholia),Other,FAQ,2018-01-06 00:00:00,2000.0,3000.0,2525.0,359
Gujarat,Vadodara(Baroda),Vadodara(Sayajipura),Gram Raw(Chholia),Other,FAQ,2018-01-09 00:00:00,2500.0,3000.0,2750.0,359
Gujarat,Vadodara(Baroda),Vadodara(Sayajipura),Gram Raw(Chholia),Other,FAQ,2018-01-10 00:00:00,2500.0,3000.0,2750.0,359
Gujarat,Vadodara(Baroda),Vadodara(Sayajipura),Gram Raw(Chholia),Other,FAQ,2018-01-13 00:00:00,2000.0,2500.0,2250.0,359
Gujarat,Vadodara(Baroda),Vadodara(Sayajipura),Gram Raw(Chholia),Other,FAQ,2018-01-18 00:00:00,2000.0,2500.0,2250.0,359
Gujarat,Vadodara(Baroda),Vadodara(Sayajipura),Gram Raw(Chholia),Other,FAQ,2018-02-01 00:00:00,2000.0,2500.0,2300.0,359
Gujarat,Vadodara(Baroda),Vadodara(Sayajipura),Gram Raw(Chholia),Other,FAQ,2018-02-02 00:00:00,2500.0,4000.0,3250.0,359
Gujarat,Vadodara(Baroda),Vadodara(Sayajipura),Gram Raw(Chholia),Other,FAQ,2018-02-11 00:00:00,2500.0,3000.0,2750.0,359
Gujarat,Vadodara(Baroda),Vadodara(Sayajipura),Gram Raw(Chholia),Other,FAQ,2018-02-17 00:00:00,1250.0,3000.0,2100.0,359
Gujarat,Vadodara(Baroda),Vadodara(Sayajipura),Gram Raw(Chholia),Other,FAQ,2018-02-23 00:00:00,2000.0,2500.0,2250.0,359
Gujarat,Vadodara(Baroda),Vadodara(Sayajipura),Gram Raw(Chholia),Other,FAQ,2018-02-26 00:00:00,1500.0,2500.0,2050.0,359
Gujarat,Vadodara(Baroda),Vadodara(Sayajipura),Gram Raw(Chholia),Other,FAQ,2018-03-09 00:00:00,1500.0,2000.0,1800.0,359
Gujarat,Vadodara(Baroda),Vadodara(Sayajipura),Gram Raw(Chholia),Other,FAQ,2018-03-30 00:00:00,1500.0,2500.0,2050.0,359
Gujarat,Vadodara(Baroda),Vadodara(Sayajipura),Gram Raw(Chholia),Other,FAQ,2018-04-12 00:00:00,3200.0,3300.0,3250.0,359
Gujarat,Vadodara(Baroda),Vadodara(Sayajipura),Gram Raw(Chholia),Other,FAQ,2018-04-17 00:00:00,3000.0,3500.0,3275.0,359
Gujarat,Vadodara(Baroda),Vadodara(Sayajipura),Gram Raw(Chholia),Other,FAQ,2018-04-20 00:00:00,2000.0,2500.0,2300.0,359
Gujarat,Vadodara(Baroda),Vadodara(Sayajipura),Gram Raw(Chholia),Other,FAQ,2018-05-05 00:00:00,800.0,1000.0,900.0,359
Gujarat,Vadodara(Baroda),Vadodara(Sayajipura),Gram Raw(Chholia),Other,FAQ,2018-05-09 00:00:00,1000.0,1500.0,1300.0,359
Gujarat,Vadodara(Baroda),Vadodara(Sayajipura),Gram Raw(Chholia),Other,FAQ,2018-05-10 00:00:00,1000.0,1500.0,1300.0,359
Gujarat,Vadodara(Baroda),Vadodara(Sayajipura),Gram Raw(Chholia),Other,FAQ,2018-06-28 00:00:00,2500.0,3000.0,2800.0,359
Gujarat,Vadodara(Baroda),Vadodara(Sayajipura),Gram Raw(Chholia),Other,FAQ,2018-07-21 00:00:00,2000.0,5000.0,3550.0,359
Gujarat,Vadodara(Baroda),Vadodara(Sayajipura),Gram Raw(Chholia),Other,FAQ,2018-08-08 00:00:00,3500.0,4500.0,4050.0,359
Gujarat,Vadodara(Baroda),Vadodara(Sayajipura),Gram Raw(Chholia),Other,FAQ,2018-08-10 00:00:00,3000.0,4000.0,3550.0,359
Gujarat,Vadodara(Baroda),Vadodara(Sayajipura),Gram Raw(Chholia),Other,FAQ,2018-08-13 00:00:00,3000.0,4000.0,3550.0,359
Gujarat,Vadodara(Baroda),Vadodara(Sayajipura),Gram Raw(Chholia),Other,FAQ,2018-08-18 00:00:00,1000.0,2000.0,1550.0,359
Gujarat,Vadodara(Baroda),Vadodara(Sayajipura),Gram Raw(Chholia),Other,FAQ,2018-08-19 00:00:00,1000.0,2000.0,1550.0,359
Gujarat,Vadodara(Baroda),Vadodara(Sayajipura),Gram Raw(Chholia),Other,FAQ,2018-08-24 00:00:00,1500.0,2500.0,2050.0,359
Gujarat,Vadodara(Baroda),Vadodara(Sayajipura),Gram Raw(Chholia),Other,FAQ,2018-09-10 00:00:00,2000.0,2500.0,2275.0,359
Gujarat,Vadodara(Baroda),Vadodara(Sayajipura),Gram Raw(Chholia),Other,FAQ,2018-09-16 00:00:00,1000.0,2000.0,1550.0,359
Gujarat,Vadodara(Baroda),Vadodara(Sayajipura),Gram Raw(Chholia),Other,FAQ,2018-09-18 00:00:00,1500.0,2000.0,1800.0,359
Gujarat,Vadodara(Baroda),Vadodara(Sayajipura),Gram Raw(Chholia),Other,FAQ,2018-09-20 00:00:00,1500.0,2000.0,1800.0,359
Gujarat,Vadodara(Baroda),Vadodara(Sayajipura),Gram Raw(Chholia),Other,FAQ,2018-09-21 00:00:00,1500.0,2000.0,1800.0,359
Gujarat,Vadodara(Baroda),Vadodara(Sayajipura),Gram Raw(Chholia),Other,FAQ,2018-09-24 00:00:00,1500.0,2500.0,2050.0,359
Gujarat,Vadodara(Baroda),Vadodara(Sayajipura),Gram Raw(Chholia),Other,FAQ,2018-09-26 00:00:00,2000.0,2500.0,2300.0,359
Gujarat,Vadodara(Baroda),Vadodara(Sayajipura),Gram Raw(Chholia),Other,FAQ,2018-09-29 00:00:00,2000.0,3000.0,2550.0,359
Gujarat,Vadodara(Baroda),Vadodara(Sayajipura),Gram Raw(Chholia),Other,FAQ,2018-10-10 00:00:00,3000.0,4500.0,3800.0,359
Gujarat,Vadodara(Baroda),Vadodara(Sayajipura),Gram Raw(Chholia),Other,FAQ,2018-10-13 00:00:00,3000.0,4000.0,3550.0,359
Gujarat,Vadodara(Baroda),Vadodara(Sayajipura),Gram Raw(Chholia),Other,FAQ,2018-10-31 00:00:00,3000.0,3500.0,3300.0,359
Gujarat,Vadodara(Baroda),Vadodara(Sayajipura),Gram Raw(Chholia),Other,FAQ,2018-11-07 00:00:00,3000.0,3500.0,3300.0,359
Gujarat,Vadodara(Baroda),Vadodara(Sayajipura),Gram Raw(Chholia),Other,FAQ,2018-11-14 00:00:00,1500.0,2000.0,1800.0,359
Gujarat,Vadodara(Baroda),Vadodara(Sayajipura),Gram Raw(Chholia),Other,FAQ,2018-11-17 00:00:00,2000.0,2500.0,2300.0,359
Gujarat,Vadodara(Baroda),Vadodara(Sayajipura),Gram Raw(Chholia),Other,FAQ,2018-11-24 00:00:00,1500.0,2000.0,1750.0,359
Gujarat,Vadodara(Baroda),Vadodara(Sayajipura),Gram Raw(Chholia),Other,FAQ,2018-12-06 00:00:00,1250.0,1500.0,1400.0,359
Gujarat,Vadodara(Baroda),Vadodara(Sayajipura),Gram Raw(Chholia),Other,FAQ,2018-12-09 00:00:00,1500.0,2500.0,2050.0,359
Gujarat,Vadodara(Baroda),Vadodara(Sayajipura),Gram Raw(Chholia),Other,FAQ,2018-12-11 00:00:00,1250.0,1500.0,1400.0,359
Gujarat,Vadodara(Baroda),Vadodara(Sayajipura),Gram Raw(Chholia),Other,FAQ,2018-12-18 00:00:00,1500.0,2000.0,1800.0,359
Gujarat,Vadodara(Baroda),Vadodara(Sayajipura),Gram Raw(Chholia),Other,FAQ,2018-12-29 00:00:00,1500.0,2000.0,1800.0,359
Gujarat,Vadodara(Baroda),Vadodara(Sayajipura),Gram Raw(Chholia),Other,FAQ,2018-12-30 00:00:00,1500.0,2000.0,1800.0,359
Gujarat,Vadodara(Baroda),Vadodara(Sayajipura),Gram Raw(Chholia),Other,FAQ,2018-12-31 00:00:00,1500.0,2500.0,2050.0,359
Gujarat,Vadodara(Baroda),Vadodara(Sayajipura),Gram Raw(Chholia),Other,FAQ,2015-10-19 00:00:00,3000.0,4000.0,3500.0,359
Gujarat,Vadodara(Baroda),Vadodara(Sayajipura),Gram Raw(Chholia),Other,FAQ,2015-10-31 00:00:00,1500.0,2000.0,1800.0,359
Gujarat,Vadodara(Baroda),Vadodara(Sayajipura),Gram Raw(Chholia),Other,FAQ,2015-11-03 00:00:00,2500.0,2750.0,2675.0,359
Gujarat,Vadodara(Baroda),Vadodara(Sayajipura),Gram Raw(Chholia),Other,FAQ,2015-11-19 00:00:00,1750.0,2000.0,1925.0,359
Gujarat,Vadodara(Baroda),Vadodara(Sayajipura),Gram Raw(Chholia),Other,FAQ,2015-11-23 00:00:00,1500.0,2000.0,1800.0,359
Gujarat,Vadodara(Baroda),Vadodara(Sayajipura),Gram Raw(Chholia),Other,FAQ,2015-11-30 00:00:00,2000.0,2250.0,2175.0,359
Gujarat,Vadodara(Baroda),Vadodara(Sayajipura),Gram Raw(Chholia),Other,FAQ,2015-12-04 00:00:00,2000.0,2500.0,2300.0,359
Gujarat,Vadodara(Baroda),Vadodara(Sayajipura),Gram Raw(Chholia),Other,FAQ,2015-12-08 00:00:00,2500.0,2750.0,2675.0,359
Gujarat,Vadodara(Baroda),Vadodara(Sayajipura),Gram Raw(Chholia),Other,FAQ,2015-12-19 00:00:00,1500.0,2000.0,1800.0,359
Gujarat,Vadodara(Baroda),Vadodara(Sayajipura),Gram Raw(Chholia),Other,FAQ,2015-12-25 00:00:00,2500.0,3000.0,2800.0,359
Gujarat,Vadodara(Baroda),Vadodara(Sayajipura),Gram Raw(Chholia),Other,FAQ,2015-12-27 00:00:00,2250.0,2500.0,2425.0,359
Gujarat,Banaskanth,Deesa(Deesa Veg Yard),Gram Raw(Chholia),Other,FAQ,2024-07-09 00:00:00,9000.0,10150.0,9575.0,359
Gujarat,Banaskanth,Deesa(Deesa Veg Yard),Gram Raw(Chholia),Other,FAQ,2024-07-12 00:00:00,9000.0,10000.0,9500.0,359
Gujarat,Banaskanth,Deesa(Deesa Veg Yard),Gram Raw(Chholia),Other,FAQ,2024-07-15 00:00:00,9000.0,10000.0,9500.0,359
Gujarat,Banaskanth,Deesa(Deesa Veg Yard),Gram Raw(Chholia),Other,FAQ,2024-07-23 00:00:00,4000.0,8250.0,6125.0,359
Gujarat,Banaskanth,Deesa(Deesa Veg Yard),Gram Raw(Chholia),Other,FAQ,2024-07-24 00:00:00,4000.0,8300.0,6150.0,359
Gujarat,Vadodara(Baroda),Vadodara(Sayajipura),Gram Raw(Chholia),Other,FAQ,2024-07-03 00:00:00,8000.0,11000.0,9550.0,359
Gujarat,Vadodara(Baroda),Vadodara(Sayajipura),Gram Raw(Chholia),Other,FAQ,2024-07-08 00:00:00,6000.0,10000.0,8050.0,359
Gujarat,Vadodara(Baroda),Vadodara(Sayajipura),Gram Raw(Chholia),Other,FAQ,2024-07-14 00:00:00,4000.0,9000.0,6550.0,359
Gujarat,Vadodara(Baroda),Vadodara(Sayajipura),Gram Raw(Chholia),Other,FAQ,2024-07-19 00:00:00,6000.0,7000.0,6500.0,359
Gujarat,Banaskanth,Deesa(Deesa Veg Yard),Gram Raw(Chholia),Other,FAQ,2024-08-01 00:00:00,8000.0,10000.0,9000.0,359
Gujarat,Banaskanth,Deesa(Deesa Veg Yard),Gram Raw(Chholia),Other,FAQ,2024-08-06 00:00:00,8000.0,10000.0,9000.0,359
Gujarat,Banaskanth,Deesa(Deesa Veg Yard),Gram Raw(Chholia),Other,FAQ,2024-08-16 00:00:00,5000.0,7200.0,6100.0,359
Gujarat,Banaskanth,Deesa(Deesa Veg Yard),Gram Raw(Chholia),Other,FAQ,2024-08-17 00:00:00,5000.0,7250.0,6125.0,359
Gujarat,Banaskanth,Deesa(Deesa Veg Yard),Gram Raw(Chholia),Other,FAQ,2024-08-28 00:00:00,5000.0,7200.0,6100.0,359
Gujarat,Vadodara(Baroda),Vadodara(Sayajipura),Gram Raw(Chholia),Other,FAQ,2024-08-05 00:00:00,4000.0,8000.0,6050.0,359
Gujarat,Vadodara(Baroda),Vadodara(Sayajipura),Gram Raw(Chholia),Other,FAQ,2024-08-08 00:00:00,5000.0,8000.0,6500.0,359
Gujarat,Vadodara(Baroda),Vadodara(Sayajipura),Gram Raw(Chholia),Other,FAQ,2024-08-23 00:00:00,1500.0,2000.0,1800.0,359
Gujarat,Ahmedabad,Dholka,Gram Raw(Chholia),Other,FAQ,2013-05-09 00:00:00,2500.0,3000.0,2700.0,359
Gujarat,Ahmedabad,Dholka,Gram Raw(Chholia),Other,FAQ,2013-05-23 00:00:00,1800.0,1800.0,1800.0,359
Gujarat,Ahmedabad,Dholka,Gram Raw(Chholia),Other,FAQ,2013-05-31 00:00:00,2000.0,2000.0,2000.0,359
Gujarat,Ahmedabad,Dholka,Gram Raw(Chholia),Other,FAQ,2013-06-06 00:00:00,2100.0,2100.0,2100.0,359
Gujarat,Ahmedabad,Dholka,Gram Raw(Chholia),Other,FAQ,2013-06-25 00:00:00,2000.0,3800.0,3000.0,359
Gujarat,Ahmedabad,Dholka,Gram Raw(Chholia),Other,FAQ,2013-07-25 00:00:00,1500.0,1700.0,1600.0,359
Gujarat,Ahmedabad,Dholka,Gram Raw(Chholia),Other,FAQ,2013-08-06 00:00:00,2000.0,2500.0,2350.0,359
Gujarat,Ahmedabad,Dholka,Gram Raw(Chholia),Other,FAQ,2013-08-10 00:00:00,1000.0,1500.0,1350.0,359
Gujarat,Ahmedabad,Dholka,Gram Raw(Chholia),Other,FAQ,2013-08-19 00:00:00,1250.0,2000.0,1800.0,359
Gujarat,Ahmedabad,Dholka,Gram Raw(Chholia),Other,FAQ,2013-08-21 00:00:00,1500.0,2000.0,1750.0,359
Gujarat,Ahmedabad,Dholka,Gram Raw(Chholia),Other,FAQ,2013-08-24 00:00:00,1500.0,1750.0,1600.0,359
Gujarat,Ahmedabad,Dholka(Market Yard Veg),Gram Raw(Chholia),Other,FAQ,2013-10-07 00:00:00,3500.0,4000.0,3850.0,359
Gujarat,Ahmedabad,Dholka(Market Yard Veg),Gram Raw(Chholia),Other,FAQ,2013-10-23 00:00:00,3250.0,3750.0,3500.0,359
Gujarat,Ahmedabad,Dholka(Market Yard Veg),Gram Raw(Chholia),Other,FAQ,2013-10-31 00:00:00,2500.0,3000.0,2700.0,359
Gujarat,Ahmedabad,Dholka(Market Yard Veg),Gram Raw(Chholia),Other,FAQ,2013-11-13 00:00:00,1250.0,1500.0,1400.0,359
Gujarat,Banaskanth,Deesa(Deesa Veg Yard),Gram Raw(Chholia),Other,FAQ,2013-06-15 00:00:00,3000.0,4000.0,3500.0,359
Gujarat,Banaskanth,Deesa(Deesa Veg Yard),Gram Raw(Chholia),Other,FAQ,2013-06-17 00:00:00,4000.0,4500.0,4250.0,359
Gujarat,Banaskanth,Deesa(Deesa Veg Yard),Gram Raw(Chholia),Other,FAQ,2013-06-18 00:00:00,2500.0,4000.0,3250.0,359
Gujarat,Banaskanth,Deesa(Deesa Veg Yard),Gram Raw(Chholia),Other,FAQ,2013-06-26 00:00:00,3500.0,4500.0,4000.0,359
Gujarat,Banaskanth,Deesa(Deesa Veg Yard),Gram Raw(Chholia),Other,FAQ,2013-07-01 00:00:00,2000.0,3000.0,2500.0,359
Gujarat,Banaskanth,Deesa(Deesa Veg Yard),Gram Raw(Chholia),Other,FAQ,2013-07-23 00:00:00,3000.0,3500.0,3250.0,359
Gujarat,Banaskanth,Deesa(Deesa Veg Yard),Gram Raw(Chholia),Other,FAQ,2013-07-25 00:00:00,2500.0,3500.0,3000.0,359
Gujarat,Banaskanth,Deesa(Deesa Veg Yard),Gram Raw(Chholia),Other,FAQ,2013-07-27 00:00:00,1500.0,2000.0,1750.0,359
Gujarat,Banaskanth,Deesa(Deesa Veg Yard),Gram Raw(Chholia),Other,FAQ,2013-07-29 00:00:00,1500.0,2500.0,2000.0,359
Gujarat,Banaskanth,Deesa(Deesa Veg Yard),Gram Raw(Chholia),Other,FAQ,2013-08-05 00:00:00,2500.0,3000.0,2750.0,359
Gujarat,Banaskanth,Deesa(Deesa Veg Yard),Gram Raw(Chholia),Other,FAQ,2013-08-13 00:00:00,1500.0,2500.0,2000.0,359
Gujarat,Banaskanth,Deesa(Deesa Veg Yard),Gram Raw(Chholia),Other,FAQ,2013-08-14 00:00:00,1500.0,2000.0,1750.0,359
Gujarat,Banaskanth,Deesa(Deesa Veg Yard),Gram Raw(Chholia),Other,FAQ,2013-08-16 00:00:00,1500.0,2000.0,1750.0,359
Gujarat,Banaskanth,Deesa(Deesa Veg Yard),Gram Raw(Chholia),Other,FAQ,2013-08-23 00:00:00,2200.0,2500.0,2350.0,359
Gujarat,Banaskanth,Deesa(Deesa Veg Yard),Gram Raw(Chholia),Other,FAQ,2013-08-26 00:00:00,1000.0,1500.0,1250.0,359
Gujarat,Banaskanth,Deesa(Deesa Veg Yard),Gram Raw(Chholia),Other,FAQ,2013-09-07 00:00:00,800.0,1200.0,1000.0,359
Gujarat,Banaskanth,Deesa(Deesa Veg Yard),Gram Raw(Chholia),Other,FAQ,2013-09-13 00:00:00,1000.0,1400.0,1200.0,359
Gujarat,Banaskanth,Deesa(Deesa Veg Yard),Gram Raw(Chholia),Other,FAQ,2013-10-19 00:00:00,3000.0,3500.0,3250.0,359
Gujarat,Banaskanth,Deesa(Deesa Veg Yard),Gram Raw(Chholia),Other,FAQ,2013-11-09 00:00:00,2000.0,2500.0,2250.0,359
Gujarat,Banaskanth,Deesa(Deesa Veg Yard),Gram Raw(Chholia),Other,FAQ,2013-12-02 00:00:00,500.0,600.0,550.0,359
Gujarat,Banaskanth,Deesa(Deesa Veg Yard),Gram Raw(Chholia),Other,FAQ,2013-12-07 00:00:00,400.0,500.0,450.0,359
Gujarat,Banaskanth,Deesa(Deesa Veg Yard),Gram Raw(Chholia),Other,FAQ,2013-12-24 00:00:00,500.0,600.0,550.0,359
Gujarat,Ahmedabad,Dholka,Gram Raw(Chholia),Other,FAQ,2011-04-05 00:00:00,1000.0,1250.0,1100.0,359
Gujarat,Ahmedabad,Dholka,Gram Raw(Chholia),Other,FAQ,2011-04-25 00:00:00,900.0,1400.0,1200.0,359
Gujarat,Ahmedabad,Dholka,Gram Raw(Chholia),Other,FAQ,2011-06-14 00:00:00,2500.0,3500.0,3000.0,359
Gujarat,Ahmedabad,Dholka,Gram Raw(Chholia),Other,FAQ,2011-06-22 00:00:00,2000.0,2200.0,2100.0,359
Gujarat,Ahmedabad,Dholka,Gram Raw(Chholia),Other,FAQ,2011-07-20 00:00:00,500.0,1750.0,1100.0,359
Gujarat,Ahmedabad,Dholka,Gram Raw(Chholia),Other,FAQ,2011-08-08 00:00:00,1750.0,2000.0,1800.0,359
Gujarat,Ahmedabad,Dholka,Gram Raw(Chholia),Other,FAQ,2011-08-09 00:00:00,2000.0,2250.0,2100.0,359
Gujarat,Ahmedabad,Dholka,Gram Raw(Chholia),Other,FAQ,2011-08-18 00:00:00,2750.0,3500.0,3000.0,359
Gujarat,Ahmedabad,Dholka,Gram Raw(Chholia),Other,FAQ,2011-09-07 00:00:00,1500.0,2500.0,2000.0,359
Gujarat,Ahmedabad,Dholka,Gram Raw(Chholia),Other,FAQ,2011-09-08 00:00:00,1500.0,2000.0,1750.0,359
Gujarat,Ahmedabad,Dholka,Gram Raw(Chholia),Other,FAQ,2011-09-14 00:00:00,500.0,2500.0,1500.0,359
Gujarat,Ahmedabad,Dholka,Gram Raw(Chholia),Other,FAQ,2011-09-19 00:00:00,1600.0,3000.0,2300.0,359
Gujarat,Ahmedabad,Dholka,Gram Raw(Chholia),Other,FAQ,2011-09-21 00:00:00,3000.0,3500.0,3200.0,359
Gujarat,Ahmedabad,Dholka,Gram Raw(Chholia),Other,FAQ,2011-09-27 00:00:00,1000.0,2500.0,2000.0,359
Gujarat,Botad,Botad,Gram Raw(Chholia),Other,FAQ,2011-01-13 00:00:00,1300.0,2500.0,1900.0,359
Gujarat,Botad,Botad,Gram Raw(Chholia),Other,FAQ,2011-01-17 00:00:00,1300.0,2800.0,2050.0,359
Gujarat,Botad,Botad,Gram Raw(Chholia),Other,FAQ,2011-01-18 00:00:00,1000.0,2000.0,1500.0,359
Gujarat,Botad,Botad,Gram Raw(Chholia),Other,FAQ,2011-02-07 00:00:00,1000.0,1500.0,1250.0,359
Gujarat,Botad,Botad,Gram Raw(Chholia),Other,FAQ,2011-05-07 00:00:00,1500.0,2750.0,2125.0,359
Gujarat,Botad,Botad,Gram Raw(Chholia),Other,FAQ,2011-05-22 00:00:00,1025.0,1950.0,1485.0,359
Gujarat,Botad,Botad,Gram Raw(Chholia),Other,FAQ,2011-05-24 00:00:00,1000.0,2050.0,1525.0,359
Gujarat,Botad,Botad,Gram Raw(Chholia),Other,FAQ,2011-05-25 00:00:00,1000.0,2000.0,1500.0,359
Gujarat,Botad,Botad,Gram Raw(Chholia),Other,FAQ,2011-06-02 00:00:00,1250.0,2550.0,1900.0,359
Gujarat,Botad,Botad,Gram Raw(Chholia),Other,FAQ,2011-06-04 00:00:00,1300.0,2500.0,1900.0,359
Gujarat,Botad,Botad,Gram Raw(Chholia),Other,FAQ,2011-06-06 00:00:00,1300.0,2300.0,1800.0,359
Gujarat,Botad,Botad,Gram Raw(Chholia),Other,FAQ,2011-06-09 00:00:00,1250.0,2600.0,1925.0,359
Gujarat,Botad,Botad,Gram Raw(Chholia),Other,FAQ,2011-06-10 00:00:00,1150.0,2500.0,1825.0,359
Gujarat,Botad,Botad,Gram Raw(Chholia),Other,FAQ,2011-06-11 00:00:00,1000.0,2150.0,1650.0,359
Gujarat,Botad,Botad,Gram Raw(Chholia),Other,FAQ,2011-06-13 00:00:00,850.0,2000.0,1425.0,359
Gujarat,Botad,Botad,Gram Raw(Chholia),Other,FAQ,2011-06-18 00:00:00,1500.0,3000.0,2250.0,359
Gujarat,Botad,Botad,Gram Raw(Chholia),Other,FAQ,2011-06-29 00:00:00,1300.0,3000.0,2150.0,359
Gujarat,Botad,Botad,Gram Raw(Chholia),Other,FAQ,2011-07-01 00:00:00,1000.0,3000.0,2000.0,359
Gujarat,Botad,Botad,Gram Raw(Chholia),Other,FAQ,2011-07-05 00:00:00,1000.0,2750.0,1875.0,359
Gujarat,Botad,Botad,Gram Raw(Chholia),Other,FAQ,2011-07-07 00:00:00,750.0,2500.0,1625.0,359
Gujarat,Botad,Botad,Gram Raw(Chholia),Other,FAQ,2011-07-08 00:00:00,750.0,2500.0,1625.0,359
Gujarat,Botad,Botad,Gram Raw(Chholia),Other,FAQ,2011-07-10 00:00:00,800.0,2800.0,1800.0,359
Gujarat,Botad,Botad,Gram Raw(Chholia),Other,FAQ,2011-07-14 00:00:00,750.0,2250.0,1500.0,359
Gujarat,Botad,Botad,Gram Raw(Chholia),Other,FAQ,2011-07-25 00:00:00,1300.0,3250.0,2275.0,359
Gujarat,Botad,Botad,Gram Raw(Chholia),Other,FAQ,2011-07-27 00:00:00,900.0,2600.0,1750.0,359
Gujarat,Botad,Botad,Gram Raw(Chholia),Other,FAQ,2011-08-06 00:00:00,1000.0,2750.0,1875.0,359
Gujarat,Botad,Botad,Gram Raw(Chholia),Other,FAQ,2011-08-08 00:00:00,1000.0,2750.0,1875.0,359
Gujarat,Botad,Botad,Gram Raw(Chholia),Other,FAQ,2011-08-11 00:00:00,750.0,1850.0,1300.0,359
Gujarat,Botad,Botad,Gram Raw(Chholia),Other,FAQ,2011-08-26 00:00:00,1000.0,2250.0,1625.0,359
Gujarat,Botad,Botad,Gram Raw(Chholia),Other,FAQ,2011-08-30 00:00:00,1000.0,2500.0,1750.0,359
Gujarat,Botad,Botad,Gram Raw(Chholia),Other,FAQ,2011-09-04 00:00:00,800.0,2100.0,1450.0,359
Gujarat,Botad,Botad,Gram Raw(Chholia),Other,FAQ,2011-09-05 00:00:00,750.0,2000.0,1375.0,359
Gujarat,Botad,Botad,Gram Raw(Chholia),Other,FAQ,2011-09-06 00:00:00,800.0,2100.0,1450.0,359
Gujarat,Botad,Botad,Gram Raw(Chholia),Other,FAQ,2011-09-07 00:00:00,750.0,2250.0,1500.0,359
Gujarat,Botad,Botad,Gram Raw(Chholia),Other,FAQ,2011-09-10 00:00:00,800.0,2400.0,1600.0,359
Gujarat,Botad,Botad,Gram Raw(Chholia),Other,FAQ,2011-09-11 00:00:00,900.0,2600.0,1750.0,359
Gujarat,Botad,Botad,Gram Raw(Chholia),Other,FAQ,2011-09-17 00:00:00,1250.0,2500.0,1875.0,359
Gujarat,Gandhinagar,Mansa(Manas Veg Yard),Gram Raw(Chholia),Other,FAQ,2011-04-05 00:00:00,4000.0,4000.0,4000.0,359
Gujarat,Gandhinagar,Mansa(Manas Veg Yard),Gram Raw(Chholia),Other,FAQ,2011-04-21 00:00:00,4000.0,6000.0,4250.0,359
Gujarat,Gandhinagar,Mansa(Manas Veg Yard),Gram Raw(Chholia),Other,FAQ,2011-04-28 00:00:00,3000.0,3500.0,3500.0,359
Gujarat,Gandhinagar,Mansa(Manas Veg Yard),Gram Raw(Chholia),Other,FAQ,2011-05-02 00:00:00,2250.0,3000.0,2750.0,359
Gujarat,Gandhinagar,Mansa(Manas Veg Yard),Gram Raw(Chholia),Other,FAQ,2011-05-11 00:00:00,2000.0,2000.0,2000.0,359
Gujarat,Gandhinagar,Mansa(Manas Veg Yard),Gram Raw(Chholia),Other,FAQ,2011-05-20 00:00:00,1200.0,2750.0,2000.0,359
Gujarat,Gandhinagar,Mansa(Manas Veg Yard),Gram Raw(Chholia),Other,FAQ,2011-05-24 00:00:00,1500.0,2000.0,2000.0,359
Gujarat,Gandhinagar,Mansa(Manas Veg Yard),Gram Raw(Chholia),Other,FAQ,2011-08-08 00:00:00,2000.0,2500.0,2250.0,359
Gujarat,Gandhinagar,Mansa(Manas Veg Yard),Gram Raw(Chholia),Other,FAQ,2011-08-11 00:00:00,2250.0,2500.0,2500.0,359
Gujarat,Gandhinagar,Mansa(Manas Veg Yard),Gram Raw(Chholia),Other,FAQ,2011-08-19 00:00:00,2000.0,5000.0,4500.0,359
Gujarat,Gandhinagar,Mansa(Manas Veg Yard),Gram Raw(Chholia),Other,FAQ,2011-09-05 00:00:00,2250.0,2500.0,2250.0,359
Gujarat,Gandhinagar,Mansa(Manas Veg Yard),Gram Raw(Chholia),Other,FAQ,2011-09-13 00:00:00,2500.0,2900.0,2500.0,359
Gujarat,Gandhinagar,Mansa(Manas Veg Yard),Gram Raw(Chholia),Other,FAQ,2011-09-15 00:00:00,2000.0,3200.0,2000.0,359
Gujarat,Gandhinagar,Mansa(Manas Veg Yard),Gram Raw(Chholia),Other,FAQ,2011-09-20 00:00:00,2500.0,2500.0,2500.0,359
Gujarat,Gandhinagar,Mansa(Manas Veg Yard),Gram Raw(Chholia),Other,FAQ,2011-09-23 00:00:00,2750.0,2750.0,2750.0,359
Gujarat,Vadodara(Baroda),Vadodara(Sayajipura),Gram Raw(Chholia),Other,FAQ,2011-01-01 00:00:00,800.0,1250.0,1025.0,359
Gujarat,Vadodara(Baroda),Vadodara(Sayajipura),Gram Raw(Chholia),Other,FAQ,2011-01-02 00:00:00,800.0,1500.0,1150.0,359
Gujarat,Vadodara(Baroda),Vadodara(Sayajipura),Gram Raw(Chholia),Other,FAQ,2011-01-18 00:00:00,1250.0,1600.0,1450.0,359
Gujarat,Vadodara(Baroda),Vadodara(Sayajipura),Gram Raw(Chholia),Other,FAQ,2011-01-21 00:00:00,1000.0,1500.0,1250.0,359
Gujarat,Vadodara(Baroda),Vadodara(Sayajipura),Gram Raw(Chholia),Other,FAQ,2011-01-28 00:00:00,800.0,1100.0,950.0,359
Gujarat,Vadodara(Baroda),Vadodara(Sayajipura),Gram Raw(Chholia),Other,FAQ,2011-02-06 00:00:00,1250.0,1650.0,1450.0,359
Gujarat,Vadodara(Baroda),Vadodara(Sayajipura),Gram Raw(Chholia),Other,FAQ,2011-02-12 00:00:00,900.0,1250.0,1075.0,359
Gujarat,Vadodara(Baroda),Vadodara(Sayajipura),Gram Raw(Chholia),Other,FAQ,2011-02-21 00:00:00,800.0,1200.0,1000.0,359
Gujarat,Vadodara(Baroda),Vadodara(Sayajipura),Gram Raw(Chholia),Other,FAQ,2011-03-02 00:00:00,800.0,1200.0,1000.0,359
Gujarat,Vadodara(Baroda),Vadodara(Sayajipura),Gram Raw(Chholia),Other,FAQ,2011-03-22 00:00:00,1750.0,2000.0,1900.0,359
Gujarat,Vadodara(Baroda),Vadodara(Sayajipura),Gram Raw(Chholia),Other,FAQ,2011-03-28 00:00:00,2000.0,2200.0,2100.0,359
Gujarat,Vadodara(Baroda),Vadodara(Sayajipura),Gram Raw(Chholia),Other,FAQ,2011-03-30 00:00:00,1300.0,1700.0,1500.0,359
Gujarat,Vadodara(Baroda),Vadodara(Sayajipura),Gram Raw(Chholia),Other,FAQ,2011-04-02 00:00:00,1400.0,1750.0,1600.0,359
Gujarat,Vadodara(Baroda),Vadodara(Sayajipura),Gram Raw(Chholia),Other,FAQ,2011-04-04 00:00:00,1300.0,1600.0,1500.0,359
Gujarat,Vadodara(Baroda),Vadodara(Sayajipura),Gram Raw(Chholia),Other,FAQ,2011-04-10 00:00:00,1200.0,1750.0,1475.0,359
Gujarat,Vadodara(Baroda),Vadodara(Sayajipura),Gram Raw(Chholia),Other,FAQ,2011-04-15 00:00:00,1100.0,1700.0,1400.0,359
Gujarat,Vadodara(Baroda),Vadodara(Sayajipura),Gram Raw(Chholia),Other,FAQ,2011-04-16 00:00:00,1000.0,1500.0,1250.0,359
Gujarat,Vadodara(Baroda),Vadodara(Sayajipura),Gram Raw(Chholia),Other,FAQ,2011-04-19 00:00:00,1600.0,2100.0,1850.0,359
Gujarat,Vadodara(Baroda),Vadodara(Sayajipura),Gram Raw(Chholia),Other,FAQ,2011-04-20 00:00:00,1600.0,2250.0,1900.0,359
Gujarat,Vadodara(Baroda),Vadodara(Sayajipura),Gram Raw(Chholia),Other,FAQ,2011-04-23 00:00:00,1400.0,1600.0,1500.0,359
Gujarat,Vadodara(Baroda),Vadodara(Sayajipura),Gram Raw(Chholia),Other,FAQ,2011-04-24 00:00:00,1300.0,1600.0,1500.0,359
Gujarat,Vadodara(Baroda),Vadodara(Sayajipura),Gram Raw(Chholia),Other,FAQ,2011-05-13 00:00:00,600.0,1150.0,850.0,359
Gujarat,Vadodara(Baroda),Vadodara(Sayajipura),Gram Raw(Chholia),Other,FAQ,2011-05-16 00:00:00,700.0,1100.0,900.0,359
Gujarat,Vadodara(Baroda),Vadodara(Sayajipura),Gram Raw(Chholia),Other,FAQ,2011-05-19 00:00:00,500.0,1100.0,800.0,359
Gujarat,Vadodara(Baroda),Vadodara(Sayajipura),Gram Raw(Chholia),Other,FAQ,2011-05-25 00:00:00,700.0,1100.0,900.0,359
Gujarat,Vadodara(Baroda),Vadodara(Sayajipura),Gram Raw(Chholia),Other,FAQ,2011-05-28 00:00:00,700.0,1500.0,1100.0,359
Gujarat,Vadodara(Baroda),Vadodara(Sayajipura),Gram Raw(Chholia),Other,FAQ,2011-06-03 00:00:00,800.0,1500.0,1150.0,359
Gujarat,Vadodara(Baroda),Vadodara(Sayajipura),Gram Raw(Chholia),Other,FAQ,2011-06-07 00:00:00,1100.0,1700.0,1400.0,359
Gujarat,Vadodara(Baroda),Vadodara(Sayajipura),Gram Raw(Chholia),Other,FAQ,2011-06-08 00:00:00,1200.0,1800.0,1500.0,359
Gujarat,Vadodara(Baroda),Vadodara(Sayajipura),Gram Raw(Chholia),Other,FAQ,2011-06-10 00:00:00,1500.0,2250.0,1875.0,359
Gujarat,Vadodara(Baroda),Vadodara(Sayajipura),Gram Raw(Chholia),Other,FAQ,2011-06-17 00:00:00,1500.0,2250.0,1875.0,359
Gujarat,Vadodara(Baroda),Vadodara(Sayajipura),Gram Raw(Chholia),Other,FAQ,2011-06-18 00:00:00,1400.0,2000.0,1700.0,359
Gujarat,Vadodara(Baroda),Vadodara(Sayajipura),Gram Raw(Chholia),Other,FAQ,2011-06-21 00:00:00,1150.0,2000.0,1575.0,359
Gujarat,Vadodara(Baroda),Vadodara(Sayajipura),Gram Raw(Chholia),Other,FAQ,2011-06-23 00:00:00,1000.0,1600.0,1300.0,359
Gujarat,Vadodara(Baroda),Vadodara(Sayajipura),Gram Raw(Chholia),Other,FAQ,2011-06-28 00:00:00,1250.0,2250.0,1750.0,359
Gujarat,Vadodara(Baroda),Vadodara(Sayajipura),Gram Raw(Chholia),Other,FAQ,2011-06-29 00:00:00,1200.0,2300.0,1750.0,359
Gujarat,Vadodara(Baroda),Vadodara(Sayajipura),Gram Raw(Chholia),Other,FAQ,2011-07-12 00:00:00,900.0,1500.0,1200.0,359
Gujarat,Vadodara(Baroda),Vadodara(Sayajipura),Gram Raw(Chholia),Other,FAQ,2011-07-13 00:00:00,1000.0,1900.0,1450.0,359
Gujarat,Vadodara(Baroda),Vadodara(Sayajipura),Gram Raw(Chholia),Other,FAQ,2011-07-19 00:00:00,700.0,1700.0,1200.0,359
Gujarat,Vadodara(Baroda),Vadodara(Sayajipura),Gram Raw(Chholia),Other,FAQ,2011-07-23 00:00:00,1000.0,1800.0,1400.0,359
Gujarat,Vadodara(Baroda),Vadodara(Sayajipura),Gram Raw(Chholia),Other,FAQ,2011-07-28 00:00:00,1000.0,2000.0,1500.0,359
Gujarat,Vadodara(Baroda),Vadodara(Sayajipura),Gram Raw(Chholia),Other,FAQ,2011-07-31 00:00:00,1300.0,2000.0,1650.0,359
Gujarat,Vadodara(Baroda),Vadodara(Sayajipura),Gram Raw(Chholia),Other,FAQ,2011-08-03 00:00:00,1250.0,2400.0,1825.0,359
Gujarat,Vadodara(Baroda),Vadodara(Sayajipura),Gram Raw(Chholia),Other,FAQ,2011-08-04 00:00:00,1300.0,2250.0,1775.0,359
Gujarat,Vadodara(Baroda),Vadodara(Sayajipura),Gram Raw(Chholia),Other,FAQ,2011-08-11 00:00:00,1500.0,2250.0,1875.0,359
Gujarat,Vadodara(Baroda),Vadodara(Sayajipura),Gram Raw(Chholia),Other,FAQ,2011-08-13 00:00:00,1500.0,2300.0,1900.0,359
Gujarat,Vadodara(Baroda),Vadodara(Sayajipura),Gram Raw(Chholia),Other,FAQ,2011-08-22 00:00:00,1000.0,2250.0,1650.0,359
Gujarat,Vadodara(Baroda),Vadodara(Sayajipura),Gram Raw(Chholia),Other,FAQ,2011-09-13 00:00:00,1500.0,2500.0,2100.0,359
Gujarat,Vadodara(Baroda),Vadodara(Sayajipura),Gram Raw(Chholia),Other,FAQ,2011-09-14 00:00:00,1500.0,2500.0,2100.0,359
Gujarat,Vadodara(Baroda),Vadodara(Sayajipura),Gram Raw(Chholia),Other,FAQ,2011-09-15 00:00:00,1000.0,2000.0,1600.0,359
Gujarat,Vadodara(Baroda),Vadodara(Sayajipura),Gram Raw(Chholia),Other,FAQ,2011-09-22 00:00:00,2000.0,3000.0,2500.0,359
Gujarat,Vadodara(Baroda),Vadodara(Sayajipura),Gram Raw(Chholia),Other,FAQ,2011-09-27 00:00:00,1000.0,2000.0,1600.0,359
Gujarat,Vadodara(Baroda),Vadodara(Sayajipura),Gram Raw(Chholia),Other,FAQ,2011-10-09 00:00:00,1000.0,1700.0,1450.0,359
Gujarat,Vadodara(Baroda),Vadodara(Sayajipura),Gram Raw(Chholia),Other,FAQ,2011-10-10 00:00:00,1000.0,1750.0,1400.0,359
Gujarat,Vadodara(Baroda),Vadodara(Sayajipura),Gram Raw(Chholia),Other,FAQ,2011-10-14 00:00:00,1250.0,2000.0,1700.0,359
Gujarat,Vadodara(Baroda),Vadodara(Sayajipura),Gram Raw(Chholia),Other,FAQ,2011-10-15 00:00:00,1200.0,2000.0,1650.0,359
Gujarat,Vadodara(Baroda),Vadodara(Sayajipura),Gram Raw(Chholia),Other,FAQ,2011-10-17 00:00:00,1500.0,2500.0,2050.0,359
Gujarat,Vadodara(Baroda),Vadodara(Sayajipura),Gram Raw(Chholia),Other,FAQ,2011-10-19 00:00:00,1300.0,2500.0,1950.0,359
Gujarat,Vadodara(Baroda),Vadodara(Sayajipura),Gram Raw(Chholia),Other,FAQ,2011-10-20 00:00:00,1300.0,2000.0,1700.0,359
Gujarat,Vadodara(Baroda),Vadodara(Sayajipura),Gram Raw(Chholia),Other,FAQ,2011-10-22 00:00:00,2000.0,3000.0,2600.0,359
Gujarat,Vadodara(Baroda),Vadodara(Sayajipura),Gram Raw(Chholia),Other,FAQ,2011-10-24 00:00:00,2500.0,3500.0,3050.0,359
Gujarat,Vadodara(Baroda),Vadodara(Sayajipura),Gram Raw(Chholia),Other,FAQ,2011-11-10 00:00:00,1750.0,2750.0,2300.0,359
Gujarat,Vadodara(Baroda),Vadodara(Sayajipura),Gram Raw(Chholia),Other,FAQ,2011-11-13 00:00:00,1500.0,2000.0,1800.0,359
Gujarat,Vadodara(Baroda),Vadodara(Sayajipura),Gram Raw(Chholia),Other,FAQ,2011-11-19 00:00:00,1500.0,2000.0,1800.0,359
Gujarat,Vadodara(Baroda),Vadodara(Sayajipura),Gram Raw(Chholia),Other,FAQ,2011-11-20 00:00:00,1500.0,2000.0,1800.0,359
Gujarat,Vadodara(Baroda),Vadodara(Sayajipura),Gram Raw(Chholia),Other,FAQ,2011-11-24 00:00:00,1500.0,2000.0,1800.0,359
Gujarat,Vadodara(Baroda),Vadodara(Sayajipura),Gram Raw(Chholia),Other,FAQ,2011-12-04 00:00:00,1000.0,1500.0,1250.0,359
Gujarat,Vadodara(Baroda),Vadodara(Sayajipura),Gram Raw(Chholia),Other,FAQ,2011-12-05 00:00:00,1000.0,1500.0,1300.0,359
Gujarat,Vadodara(Baroda),Vadodara(Sayajipura),Gram Raw(Chholia),Other,FAQ,2011-12-07 00:00:00,600.0,1250.0,950.0,359
Gujarat,Vadodara(Baroda),Vadodara(Sayajipura),Gram Raw(Chholia),Other,FAQ,2011-12-10 00:00:00,1000.0,1250.0,1150.0,359
Gujarat,Vadodara(Baroda),Vadodara(Sayajipura),Gram Raw(Chholia),Other,FAQ,2011-12-16 00:00:00,1000.0,1200.0,1150.0,359
Gujarat,Vadodara(Baroda),Vadodara(Sayajipura),Gram Raw(Chholia),Other,FAQ,2011-12-19 00:00:00,1200.0,1500.0,1350.0,359
Gujarat,Vadodara(Baroda),Vadodara(Sayajipura),Gram Raw(Chholia),Other,FAQ,2011-12-21 00:00:00,1200.0,1600.0,1450.0,359
Gujarat,Vadodara(Baroda),Vadodara(Sayajipura),Gram Raw(Chholia),Other,FAQ,2011-12-25 00:00:00,1100.0,1500.0,1350.0,359
Gujarat,Ahmedabad,Dholka(Market Yard Veg),Gram Raw(Chholia),Other,FAQ,2014-04-09 00:00:00,3000.0,3000.0,3000.0,359
Gujarat,Ahmedabad,Dholka(Market Yard Veg),Gram Raw(Chholia),Other,FAQ,2014-04-17 00:00:00,3000.0,3000.0,3000.0,359
Gujarat,Ahmedabad,Dholka(Market Yard Veg),Gram Raw(Chholia),Other,FAQ,2014-05-01 00:00:00,2500.0,2500.0,2500.0,359
Gujarat,Ahmedabad,Dholka(Market Yard Veg),Gram Raw(Chholia),Other,FAQ,2014-06-02 00:00:00,1000.0,1500.0,1300.0,359
Gujarat,Ahmedabad,Dholka(Market Yard Veg),Gram Raw(Chholia),Other,FAQ,2014-06-11 00:00:00,1500.0,2000.0,1750.0,359
Gujarat,Ahmedabad,Dholka(Market Yard Veg),Gram Raw(Chholia),Other,FAQ,2014-06-28 00:00:00,1500.0,2000.0,1750.0,359
Gujarat,Ahmedabad,Dholka(Market Yard Veg),Gram Raw(Chholia),Other,FAQ,2014-06-30 00:00:00,1500.0,2250.0,1900.0,359
Gujarat,Ahmedabad,Dholka(Market Yard Veg),Gram Raw(Chholia),Other,FAQ,2014-07-01 00:00:00,1500.0,2000.0,1800.0,359
Gujarat,Ahmedabad,Dholka(Market Yard Veg),Gram Raw(Chholia),Other,FAQ,2014-07-07 00:00:00,1500.0,2000.0,1700.0,359
Gujarat,Ahmedabad,Dholka(Market Yard Veg),Gram Raw(Chholia),Other,FAQ,2014-07-22 00:00:00,2500.0,3500.0,2950.0,359
Gujarat,Ahmedabad,Dholka(Market Yard Veg),Gram Raw(Chholia),Other,FAQ,2014-07-26 00:00:00,1500.0,2500.0,2100.0,359
Gujarat,Ahmedabad,Dholka(Market Yard Veg),Gram Raw(Chholia),Other,FAQ,2014-08-01 00:00:00,2250.0,2750.0,2400.0,359
Gujarat,Ahmedabad,Dholka(Market Yard Veg),Gram Raw(Chholia),Other,FAQ,2014-11-08 00:00:00,2000.0,3000.0,2500.0,359
Gujarat,Banaskanth,Deesa(Deesa Veg Yard),Gram Raw(Chholia),Other,FAQ,2014-01-08 00:00:00,2500.0,3000.0,2750.0,359
Gujarat,Banaskanth,Deesa(Deesa Veg Yard),Gram Raw(Chholia),Other,FAQ,2014-02-03 00:00:00,2500.0,3000.0,2750.0,359
Gujarat,Banaskanth,Deesa(Deesa Veg Yard),Gram Raw(Chholia),Other,FAQ,2014-02-06 00:00:00,2500.0,3000.0,2750.0,359
Gujarat,Banaskanth,Deesa(Deesa Veg Yard),Gram Raw(Chholia),Other,FAQ,2014-03-13 00:00:00,2000.0,2500.0,2250.0,359
Gujarat,Banaskanth,Deesa(Deesa Veg Yard),Gram Raw(Chholia),Other,FAQ,2014-03-22 00:00:00,3000.0,3500.0,3250.0,359
Gujarat,Banaskanth,Deesa(Deesa Veg Yard),Gram Raw(Chholia),Other,FAQ,2014-03-26 00:00:00,2500.0,3000.0,2750.0,359
Gujarat,Banaskanth,Deesa(Deesa Veg Yard),Gram Raw(Chholia),Other,FAQ,2014-06-02 00:00:00,1000.0,1500.0,1250.0,359
Gujarat,Banaskanth,Deesa(Deesa Veg Yard),Gram Raw(Chholia),Other,FAQ,2014-06-04 00:00:00,2000.0,3000.0,2500.0,359
Gujarat,Banaskanth,Deesa(Deesa Veg Yard),Gram Raw(Chholia),Other,FAQ,2014-06-06 00:00:00,2500.0,3000.0,2750.0,359
Gujarat,Banaskanth,Deesa(Deesa Veg Yard),Gram Raw(Chholia),Other,FAQ,2014-06-16 00:00:00,2500.0,3000.0,2750.0,359
Gujarat,Banaskanth,Deesa(Deesa Veg Yard),Gram Raw(Chholia),Other,FAQ,2014-06-26 00:00:00,3000.0,4000.0,3500.0,359
Gujarat,Banaskanth,Deesa(Deesa Veg Yard),Gram Raw(Chholia),Other,FAQ,2014-06-27 00:00:00,3500.0,4500.0,4000.0,359
Gujarat,Banaskanth,Deesa(Deesa Veg Yard),Gram Raw(Chholia),Other,FAQ,2014-07-01 00:00:00,3000.0,4000.0,3500.0,359
Gujarat,Banaskanth,Deesa(Deesa Veg Yard),Gram Raw(Chholia),Other,FAQ,2014-07-16 00:00:00,1500.0,2500.0,2000.0,359
Gujarat,Banaskanth,Deesa(Deesa Veg Yard),Gram Raw(Chholia),Other,FAQ,2014-08-05 00:00:00,3000.0,4000.0,3500.0,359
Gujarat,Banaskanth,Deesa(Deesa Veg Yard),Gram Raw(Chholia),Other,FAQ,2014-08-12 00:00:00,3000.0,5000.0,4000.0,359
Gujarat,Banaskanth,Deesa(Deesa Veg Yard),Gram Raw(Chholia),Other,FAQ,2014-08-14 00:00:00,3000.0,5000.0,4000.0,359
Gujarat,Banaskanth,Deesa(Deesa Veg Yard),Gram Raw(Chholia),Other,FAQ,2014-08-20 00:00:00,2000.0,3000.0,2500.0,359
Gujarat,Banaskanth,Deesa(Deesa Veg Yard),Gram Raw(Chholia),Other,FAQ,2014-09-03 00:00:00,1000.0,2000.0,1500.0,359
Gujarat,Banaskanth,Deesa(Deesa Veg Yard),Gram Raw(Chholia),Other,FAQ,2014-09-10 00:00:00,1500.0,2500.0,2000.0,359
Gujarat,Banaskanth,Deesa(Deesa Veg Yard),Gram Raw(Chholia),Other,FAQ,2014-09-20 00:00:00,2500.0,3000.0,2750.0,359
Gujarat,Banaskanth,Deesa(Deesa Veg Yard),Gram Raw(Chholia),Other,FAQ,2014-09-22 00:00:00,2500.0,3000.0,2750.0,359
Gujarat,Gandhinagar,Mansa,Gram Raw(Chholia),Other,FAQ,2014-08-11 00:00:00,5000.0,6250.0,6000.0,359
Gujarat,Gandhinagar,Mansa(Manas Veg Yard),Gram Raw(Chholia),Other,FAQ,2014-07-01 00:00:00,2500.0,3000.0,3000.0,359
Gujarat,Gandhinagar,Mansa(Manas Veg Yard),Gram Raw(Chholia),Other,FAQ,2014-07-08 00:00:00,1500.0,2000.0,1500.0,359
Gujarat,Gandhinagar,Mansa(Manas Veg Yard),Gram Raw(Chholia),Other,FAQ,2014-07-11 00:00:00,2500.0,2500.0,2500.0,359
Gujarat,Gandhinagar,Mansa(Manas Veg Yard),Gram Raw(Chholia),Other,FAQ,2014-07-14 00:00:00,2000.0,2500.0,2500.0,359
Gujarat,Gandhinagar,Mansa(Manas Veg Yard),Gram Raw(Chholia),Other,FAQ,2014-07-18 00:00:00,250.0,3250.0,2500.0,359
Gujarat,Gandhinagar,Mansa(Manas Veg Yard),Gram Raw(Chholia),Other,FAQ,2014-07-23 00:00:00,5500.0,6000.0,5500.0,359
Gujarat,Gandhinagar,Mansa(Manas Veg Yard),Gram Raw(Chholia),Other,FAQ,2014-07-31 00:00:00,5000.0,5000.0,5000.0,359
Gujarat,Gandhinagar,Mansa(Manas Veg Yard),Gram Raw(Chholia),Other,FAQ,2014-08-06 00:00:00,3000.0,4000.0,3500.0,359
Gujarat,Gandhinagar,Mansa(Manas Veg Yard),Gram Raw(Chholia),Other,FAQ,2014-08-19 00:00:00,2500.0,3000.0,3000.0,359
Gujarat,Gandhinagar,Mansa(Manas Veg Yard),Gram Raw(Chholia),Other,FAQ,2014-08-22 00:00:00,2000.0,2500.0,2000.0,359
Gujarat,Gandhinagar,Mansa(Manas Veg Yard),Gram Raw(Chholia),Other,FAQ,2014-09-11 00:00:00,3000.0,3500.0,3000.0,359
Gujarat,Gandhinagar,Mansa(Manas Veg Yard),Gram Raw(Chholia),Other,FAQ,2014-09-15 00:00:00,4000.0,5000.0,5000.0,359
Gujarat,Sabarkantha,Prantij,Gram Raw(Chholia),Other,FAQ,2014-06-07 00:00:00,1500.0,2000.0,1750.0,359
Gujarat,Sabarkantha,Prantij,Gram Raw(Chholia),Other,FAQ,2014-07-19 00:00:00,1000.0,1750.0,1375.0,359
Gujarat,Sabarkantha,Prantij,Gram Raw(Chholia),Other,FAQ,2014-07-22 00:00:00,2000.0,3000.0,2500.0,359
Gujarat,Sabarkantha,Prantij,Gram Raw(Chholia),Other,FAQ,2014-07-25 00:00:00,2000.0,3000.0,2500.0,359
Gujarat,Sabarkantha,Prantij,Gram Raw(Chholia),Other,FAQ,2014-08-19 00:00:00,1500.0,2000.0,1750.0,359
Gujarat,Sabarkantha,Prantij,Gram Raw(Chholia),Other,FAQ,2014-09-04 00:00:00,1000.0,1100.0,1050.0,359
Gujarat,Sabarkantha,Prantij,Gram Raw(Chholia),Other,FAQ,2014-09-20 00:00:00,2000.0,2500.0,2250.0,359
Gujarat,Surat,Vyra,Gram Raw(Chholia),Other,FAQ,2014-01-02 00:00:00,1000.0,2500.0,1750.0,359
Gujarat,Surat,Vyra,Gram Raw(Chholia),Other,FAQ,2014-01-18 00:00:00,1000.0,2000.0,1500.0,359
Gujarat,Surat,Vyra,Gram Raw(Chholia),Other,FAQ,2014-01-22 00:00:00,750.0,1250.0,1000.0,359
Gujarat,Surat,Vyra,Gram Raw(Chholia),Other,FAQ,2014-01-24 00:00:00,800.0,2000.0,1400.0,359
Gujarat,Surat,Vyra,Gram Raw(Chholia),Other,FAQ,2014-01-31 00:00:00,1250.0,1600.0,1425.0,359
Gujarat,Surat,Vyra,Gram Raw(Chholia),Other,FAQ,2014-02-01 00:00:00,2000.0,2500.0,2250.0,359
Gujarat,Surat,Vyra,Gram Raw(Chholia),Other,FAQ,2014-02-04 00:00:00,1000.0,2500.0,1750.0,359
Gujarat,Surat,Vyra,Gram Raw(Chholia),Other,FAQ,2014-02-05 00:00:00,1250.0,2750.0,2000.0,359
Gujarat,Surat,Vyra,Gram Raw(Chholia),Other,FAQ,2014-02-07 00:00:00,1250.0,1600.0,1425.0,359
Gujarat,Surat,Vyra,Gram Raw(Chholia),Other,FAQ,2014-02-15 00:00:00,2000.0,2500.0,2250.0,359
Gujarat,Surat,Vyra,Gram Raw(Chholia),Other,FAQ,2014-02-18 00:00:00,1750.0,2250.0,2000.0,359
Gujarat,Surat,Vyra,Gram Raw(Chholia),Other,FAQ,2014-04-08 00:00:00,1250.0,1750.0,1500.0,359
Gujarat,Surat,Vyra,Gram Raw(Chholia),Other,FAQ,2014-04-19 00:00:00,1250.0,1750.0,1500.0,359
Gujarat,Surat,Vyra,Gram Raw(Chholia),Other,FAQ,2014-04-29 00:00:00,1600.0,2000.0,1800.0,359
Gujarat,Surat,Vyra,Gram Raw(Chholia),Other,FAQ,2014-05-02 00:00:00,1000.0,1500.0,1250.0,359
Gujarat,Surat,Vyra,Gram Raw(Chholia),Other,FAQ,2014-05-05 00:00:00,1250.0,1750.0,1500.0,359
Gujarat,Surat,Vyra,Gram Raw(Chholia),Other,FAQ,2014-05-08 00:00:00,5000.0,6000.0,5500.0,359
Gujarat,Surat,Vyra,Gram Raw(Chholia),Other,FAQ,2014-05-13 00:00:00,1600.0,2250.0,1625.0,359
Gujarat,Surat,Vyra,Gram Raw(Chholia),Other,FAQ,2014-05-14 00:00:00,1750.0,2250.0,2000.0,359
Gujarat,Surat,Vyra,Gram Raw(Chholia),Other,FAQ,2014-05-26 00:00:00,750.0,1800.0,1250.0,359
Gujarat,Surat,Vyra,Gram Raw(Chholia),Other,FAQ,2014-05-28 00:00:00,1250.0,1750.0,1500.0,359
Gujarat,Surat,Vyra,Gram Raw(Chholia),Other,FAQ,2014-06-02 00:00:00,1600.0,2250.0,1925.0,359
Gujarat,Surat,Vyra,Gram Raw(Chholia),Other,FAQ,2014-06-09 00:00:00,3000.0,3500.0,3250.0,359
Gujarat,Surat,Vyra,Gram Raw(Chholia),Other,FAQ,2014-06-10 00:00:00,3250.0,3750.0,3500.0,359
Gujarat,Surat,Vyra,Gram Raw(Chholia),Other,FAQ,2014-06-12 00:00:00,3500.0,4250.0,3875.0,359
Gujarat,Surat,Vyra,Gram Raw(Chholia),Other,FAQ,2014-06-23 00:00:00,2500.0,4500.0,3500.0,359
Gujarat,Surat,Vyra,Gram Raw(Chholia),Other,FAQ,2014-07-14 00:00:00,2000.0,3500.0,2750.0,359
Gujarat,Surat,Vyra,Gram Raw(Chholia),Other,FAQ,2014-07-16 00:00:00,3000.0,4250.0,3625.0,359
Gujarat,Surat,Vyra,Gram Raw(Chholia),Other,FAQ,2014-07-19 00:00:00,2250.0,3750.0,3000.0,359
Gujarat,Surat,Vyra,Gram Raw(Chholia),Other,FAQ,2014-07-22 00:00:00,3500.0,4000.0,3750.0,359
Gujarat,Surat,Vyra,Gram Raw(Chholia),Other,FAQ,2014-07-25 00:00:00,2000.0,3750.0,2875.0,359
Gujarat,Surat,Vyra,Gram Raw(Chholia),Other,FAQ,2014-09-04 00:00:00,2500.0,4000.0,3250.0,359
Gujarat,Surat,Vyra,Gram Raw(Chholia),Other,FAQ,2014-09-05 00:00:00,2250.0,3500.0,2875.0,359
Gujarat,Surat,Vyra,Gram Raw(Chholia),Other,FAQ,2014-09-06 00:00:00,3500.0,4000.0,3750.0,359
Gujarat,Surat,Vyra,Gram Raw(Chholia),Other,FAQ,2014-09-23 00:00:00,3500.0,4000.0,3750.0,359
Gujarat,Surat,Vyra,Gram Raw(Chholia),Other,FAQ,2014-10-06 00:00:00,3000.0,3250.0,3125.0,359
Gujarat,Surat,Vyra,Gram Raw(Chholia),Other,FAQ,2014-10-16 00:00:00,2250.0,3000.0,2625.0,359
Gujarat,Surat,Vyra,Gram Raw(Chholia),Other,FAQ,2014-10-18 00:00:00,2500.0,3400.0,2950.0,359
Gujarat,Surat,Vyra,Gram Raw(Chholia),Other,FAQ,2014-10-21 00:00:00,3000.0,4000.0,3500.0,359
Gujarat,Surat,Vyra,Gram Raw(Chholia),Other,FAQ,2014-10-28 00:00:00,4500.0,5500.0,5000.0,359
Gujarat,Surat,Vyra,Gram Raw(Chholia),Other,FAQ,2014-10-30 00:00:00,3250.0,4500.0,3875.0,359
Gujarat,Surat,Vyra,Gram Raw(Chholia),Other,FAQ,2014-11-04 00:00:00,3000.0,4000.0,3500.0,359
Gujarat,Surat,Vyra,Gram Raw(Chholia),Other,FAQ,2014-11-11 00:00:00,2500.0,4000.0,3250.0,359
Gujarat,Surat,Vyra,Gram Raw(Chholia),Other,FAQ,2014-11-21 00:00:00,2500.0,3000.0,2750.0,359
Gujarat,Surat,Vyra,Gram Raw(Chholia),Other,FAQ,2014-12-10 00:00:00,1250.0,2000.0,1625.0,359
Gujarat,Surat,Vyra,Gram Raw(Chholia),Other,FAQ,2014-12-16 00:00:00,2500.0,3000.0,2750.0,359
Gujarat,Surat,Vyra,Gram Raw(Chholia),Other,FAQ,2014-12-17 00:00:00,3250.0,3750.0,3500.0,359
Gujarat,Surat,Vyra,Gram Raw(Chholia),Other,FAQ,2014-12-24 00:00:00,3250.0,3750.0,3500.0,359
Gujarat,Surat,Vyra,Gram Raw(Chholia),Other,FAQ,2014-12-26 00:00:00,3500.0,4250.0,3875.0,359
Gujarat,Surat,Vyra,Gram Raw(Chholia),Other,FAQ,2014-12-30 00:00:00,2500.0,3250.0,2875.0,359
Gujarat,Vadodara(Baroda),Vadodara(Sayajipura),Gram Raw(Chholia),Other,FAQ,2014-01-05 00:00:00,1500.0,2250.0,1900.0,359
Gujarat,Vadodara(Baroda),Vadodara(Sayajipura),Gram Raw(Chholia),Other,FAQ,2014-01-07 00:00:00,1750.0,2250.0,2025.0,359
Gujarat,Vadodara(Baroda),Vadodara(Sayajipura),Gram Raw(Chholia),Other,FAQ,2014-01-08 00:00:00,1500.0,2000.0,1825.0,359
Gujarat,Vadodara(Baroda),Vadodara(Sayajipura),Gram Raw(Chholia),Other,FAQ,2014-01-10 00:00:00,1750.0,2000.0,1900.0,359
Gujarat,Vadodara(Baroda),Vadodara(Sayajipura),Gram Raw(Chholia),Other,FAQ,2014-01-16 00:00:00,1750.0,2250.0,2050.0,359
Gujarat,Vadodara(Baroda),Vadodara(Sayajipura),Gram Raw(Chholia),Other,FAQ,2014-02-01 00:00:00,1500.0,2000.0,1800.0,359
Gujarat,Vadodara(Baroda),Vadodara(Sayajipura),Gram Raw(Chholia),Other,FAQ,2014-02-06 00:00:00,1750.0,2250.0,2025.0,359
Gujarat,Vadodara(Baroda),Vadodara(Sayajipura),Gram Raw(Chholia),Other,FAQ,2014-02-12 00:00:00,2000.0,2500.0,2250.0,359
Gujarat,Vadodara(Baroda),Vadodara(Sayajipura),Gram Raw(Chholia),Other,FAQ,2014-02-14 00:00:00,2000.0,2500.0,2250.0,359
Gujarat,Vadodara(Baroda),Vadodara(Sayajipura),Gram Raw(Chholia),Other,FAQ,2014-02-21 00:00:00,2000.0,2500.0,2300.0,359
Gujarat,Vadodara(Baroda),Vadodara(Sayajipura),Gram Raw(Chholia),Other,FAQ,2014-03-04 00:00:00,1700.0,2000.0,1900.0,359
Gujarat,Vadodara(Baroda),Vadodara(Sayajipura),Gram Raw(Chholia),Other,FAQ,2014-03-06 00:00:00,1750.0,2000.0,1900.0,359
Gujarat,Vadodara(Baroda),Vadodara(Sayajipura),Gram Raw(Chholia),Other,FAQ,2014-03-18 00:00:00,1500.0,2000.0,1800.0,359
Gujarat,Vadodara(Baroda),Vadodara(Sayajipura),Gram Raw(Chholia),Other,FAQ,2014-03-23 00:00:00,1500.0,2000.0,1750.0,359
Gujarat,Vadodara(Baroda),Vadodara(Sayajipura),Gram Raw(Chholia),Other,FAQ,2014-03-26 00:00:00,1500.0,2500.0,2025.0,359
Gujarat,Vadodara(Baroda),Vadodara(Sayajipura),Gram Raw(Chholia),Other,FAQ,2014-03-27 00:00:00,2000.0,2500.0,2300.0,359
Gujarat,Vadodara(Baroda),Vadodara(Sayajipura),Gram Raw(Chholia),Other,FAQ,2014-03-31 00:00:00,2000.0,2500.0,2275.0,359
Gujarat,Vadodara(Baroda),Vadodara(Sayajipura),Gram Raw(Chholia),Other,FAQ,2014-04-03 00:00:00,2000.0,2500.0,2300.0,359
Gujarat,Vadodara(Baroda),Vadodara(Sayajipura),Gram Raw(Chholia),Other,FAQ,2014-04-15 00:00:00,2000.0,2500.0,2325.0,359
Gujarat,Vadodara(Baroda),Vadodara(Sayajipura),Gram Raw(Chholia),Other,FAQ,2014-04-19 00:00:00,2000.0,3000.0,2525.0,359
Gujarat,Vadodara(Baroda),Vadodara(Sayajipura),Gram Raw(Chholia),Other,FAQ,2014-04-21 00:00:00,2000.0,2500.0,2300.0,359
Gujarat,Vadodara(Baroda),Vadodara(Sayajipura),Gram Raw(Chholia),Other,FAQ,2014-04-24 00:00:00,1750.0,2500.0,2250.0,359
Gujarat,Vadodara(Baroda),Vadodara(Sayajipura),Gram Raw(Chholia),Other,FAQ,2014-04-26 00:00:00,1500.0,2500.0,2075.0,359
Gujarat,Vadodara(Baroda),Vadodara(Sayajipura),Gram Raw(Chholia),Other,FAQ,2014-05-05 00:00:00,1500.0,2250.0,1900.0,359
Gujarat,Vadodara(Baroda),Vadodara(Sayajipura),Gram Raw(Chholia),Other,FAQ,2014-05-07 00:00:00,1500.0,2000.0,1800.0,359
Gujarat,Vadodara(Baroda),Vadodara(Sayajipura),Gram Raw(Chholia),Other,FAQ,2014-05-09 00:00:00,1000.0,1750.0,1500.0,359
Gujarat,Vadodara(Baroda),Vadodara(Sayajipura),Gram Raw(Chholia),Other,FAQ,2014-05-10 00:00:00,1000.0,1600.0,1325.0,359
Gujarat,Vadodara(Baroda),Vadodara(Sayajipura),Gram Raw(Chholia),Other,FAQ,2014-05-11 00:00:00,1000.0,1200.0,1125.0,359
Gujarat,Vadodara(Baroda),Vadodara(Sayajipura),Gram Raw(Chholia),Other,FAQ,2014-05-12 00:00:00,1000.0,1500.0,1250.0,359
Gujarat,Vadodara(Baroda),Vadodara(Sayajipura),Gram Raw(Chholia),Other,FAQ,2014-06-03 00:00:00,1000.0,1200.0,1125.0,359
Gujarat,Vadodara(Baroda),Vadodara(Sayajipura),Gram Raw(Chholia),Other,FAQ,2014-06-06 00:00:00,1000.0,1500.0,1325.0,359
Gujarat,Vadodara(Baroda),Vadodara(Sayajipura),Gram Raw(Chholia),Other,FAQ,2014-06-09 00:00:00,2000.0,2500.0,2300.0,359
Gujarat,Vadodara(Baroda),Vadodara(Sayajipura),Gram Raw(Chholia),Other,FAQ,2014-06-11 00:00:00,1000.0,2000.0,1575.0,359
Gujarat,Vadodara(Baroda),Vadodara(Sayajipura),Gram Raw(Chholia),Other,FAQ,2014-06-16 00:00:00,1700.0,2000.0,1875.0,359
Gujarat,Vadodara(Baroda),Vadodara(Sayajipura),Gram Raw(Chholia),Other,FAQ,2014-06-19 00:00:00,2250.0,2750.0,2575.0,359
Gujarat,Vadodara(Baroda),Vadodara(Sayajipura),Gram Raw(Chholia),Other,FAQ,2014-06-21 00:00:00,2000.0,2750.0,2425.0,359
Gujarat,Vadodara(Baroda),Vadodara(Sayajipura),Gram Raw(Chholia),Other,FAQ,2014-06-26 00:00:00,1250.0,1750.0,1550.0,359
Gujarat,Vadodara(Baroda),Vadodara(Sayajipura),Gram Raw(Chholia),Other,FAQ,2014-07-04 00:00:00,1500.0,2000.0,1825.0,359
Gujarat,Vadodara(Baroda),Vadodara(Sayajipura),Gram Raw(Chholia),Other,FAQ,2014-07-05 00:00:00,1500.0,2000.0,1825.0,359
Gujarat,Vadodara(Baroda),Vadodara(Sayajipura),Gram Raw(Chholia),Other,FAQ,2014-07-11 00:00:00,2000.0,3000.0,2575.0,359
Gujarat,Vadodara(Baroda),Vadodara(Sayajipura),Gram Raw(Chholia),Other,FAQ,2014-08-08 00:00:00,2500.0,3500.0,3075.0,359
Gujarat,Vadodara(Baroda),Vadodara(Sayajipura),Gram Raw(Chholia),Other,FAQ,2014-08-13 00:00:00,4500.0,6000.0,5325.0,359
Gujarat,Vadodara(Baroda),Vadodara(Sayajipura),Gram Raw(Chholia),Other,FAQ,2014-08-16 00:00:00,2500.0,3500.0,3050.0,359
Gujarat,Vadodara(Baroda),Vadodara(Sayajipura),Gram Raw(Chholia),Other,FAQ,2014-09-12 00:00:00,1500.0,2500.0,2075.0,359
Gujarat,Vadodara(Baroda),Vadodara(Sayajipura),Gram Raw(Chholia),Other,FAQ,2014-09-21 00:00:00,2500.0,3000.0,2800.0,359
Gujarat,Vadodara(Baroda),Vadodara(Sayajipura),Gram Raw(Chholia),Other,FAQ,2014-09-29 00:00:00,2500.0,4000.0,3300.0,359
Gujarat,Vadodara(Baroda),Vadodara(Sayajipura),Gram Raw(Chholia),Other,FAQ,2014-10-03 00:00:00,2000.0,2500.0,2300.0,359
Gujarat,Vadodara(Baroda),Vadodara(Sayajipura),Gram Raw(Chholia),Other,FAQ,2014-10-04 00:00:00,2000.0,2500.0,2300.0,359
Gujarat,Vadodara(Baroda),Vadodara(Sayajipura),Gram Raw(Chholia),Other,FAQ,2014-10-06 00:00:00,1750.0,2250.0,2050.0,359
Gujarat,Vadodara(Baroda),Vadodara(Sayajipura),Gram Raw(Chholia),Other,FAQ,2014-10-26 00:00:00,1500.0,2000.0,1800.0,359
Gujarat,Vadodara(Baroda),Vadodara(Sayajipura),Gram Raw(Chholia),Other,FAQ,2014-10-31 00:00:00,2000.0,2250.0,2200.0,359
Gujarat,Vadodara(Baroda),Vadodara(Sayajipura),Gram Raw(Chholia),Other,FAQ,2014-11-03 00:00:00,2000.0,2250.0,2200.0,359
Gujarat,Vadodara(Baroda),Vadodara(Sayajipura),Gram Raw(Chholia),Other,FAQ,2014-11-06 00:00:00,2000.0,2250.0,2200.0,359
Gujarat,Vadodara(Baroda),Vadodara(Sayajipura),Gram Raw(Chholia),Other,FAQ,2014-11-09 00:00:00,2000.0,2500.0,2300.0,359
Gujarat,Vadodara(Baroda),Vadodara(Sayajipura),Gram Raw(Chholia),Other,FAQ,2014-11-17 00:00:00,1000.0,1500.0,1300.0,359
Gujarat,Vadodara(Baroda),Vadodara(Sayajipura),Gram Raw(Chholia),Other,FAQ,2014-11-18 00:00:00,1000.0,1500.0,1300.0,359
Gujarat,Vadodara(Baroda),Vadodara(Sayajipura),Gram Raw(Chholia),Other,FAQ,2014-12-06 00:00:00,2500.0,3000.0,2800.0,359
Gujarat,Vadodara(Baroda),Vadodara(Sayajipura),Gram Raw(Chholia),Other,FAQ,2014-12-12 00:00:00,1500.0,2000.0,1800.0,359
Gujarat,Vadodara(Baroda),Vadodara(Sayajipura),Gram Raw(Chholia),Other,FAQ,2014-12-23 00:00:00,1500.0,2000.0,1800.0,359
Gujarat,Vadodara(Baroda),Vadodara(Sayajipura),Gram Raw(Chholia),Other,FAQ,2014-12-28 00:00:00,1500.0,2000.0,1800.0,359
Gujarat,Vadodara(Baroda),Vadodara(Sayajipura),Gram Raw(Chholia),Other,FAQ,2014-12-31 00:00:00,2000.0,2500.0,2300.0,359
Gujarat,Ahmedabad,Dholka(Koth),Gram Raw(Chholia),Other,FAQ,2016-05-07 00:00:00,1500.0,2000.0,1750.0,359
Gujarat,Ahmedabad,Dholka(Koth),Gram Raw(Chholia),Other,FAQ,2016-05-21 00:00:00,1600.0,1950.0,1800.0,359
Gujarat,Ahmedabad,Dholka(Koth),Gram Raw(Chholia),Other,FAQ,2016-05-23 00:00:00,1500.0,2000.0,1850.0,359
Gujarat,Ahmedabad,Dholka(Koth),Gram Raw(Chholia),Other,FAQ,2016-05-28 00:00:00,1500.0,2100.0,1800.0,359
Gujarat,Ahmedabad,Dholka(Koth),Gram Raw(Chholia),Other,FAQ,2016-07-16 00:00:00,1500.0,1850.0,1600.0,359
Gujarat,Ahmedabad,Dholka(Koth),Gram Raw(Chholia),Other,FAQ,2016-07-26 00:00:00,1550.0,2000.0,1800.0,359
Gujarat,Ahmedabad,Dholka(Koth),Gram Raw(Chholia),Other,FAQ,2016-08-05 00:00:00,1000.0,1600.0,1500.0,359
Gujarat,Ahmedabad,Dholka(Koth),Gram Raw(Chholia),Other,FAQ,2016-08-09 00:00:00,1500.0,2000.0,1700.0,359
Gujarat,Ahmedabad,Dholka(Koth),Gram Raw(Chholia),Other,FAQ,2016-08-12 00:00:00,1500.0,2100.0,1800.0,359
Gujarat,Ahmedabad,Dholka(Koth),Gram Raw(Chholia),Other,FAQ,2016-09-19 00:00:00,800.0,1000.0,900.0,359
Gujarat,Banaskanth,Deesa(Deesa Veg Yard),Gram Raw(Chholia),Other,FAQ,2016-04-26 00:00:00,3500.0,4000.0,3750.0,359
Gujarat,Banaskanth,Deesa(Deesa Veg Yard),Gram Raw(Chholia),Other,FAQ,2016-05-19 00:00:00,2000.0,2700.0,2350.0,359
Gujarat,Banaskanth,Deesa(Deesa Veg Yard),Gram Raw(Chholia),Other,FAQ,2016-05-27 00:00:00,3500.0,4000.0,3750.0,359
Gujarat,Banaskanth,Deesa(Deesa Veg Yard),Gram Raw(Chholia),Other,FAQ,2016-06-13 00:00:00,4000.0,5000.0,4500.0,359
Gujarat,Banaskanth,Deesa(Deesa Veg Yard),Gram Raw(Chholia),Other,FAQ,2016-06-14 00:00:00,4000.0,5000.0,4500.0,359
Gujarat,Banaskanth,Deesa(Deesa Veg Yard),Gram Raw(Chholia),Other,FAQ,2016-06-20 00:00:00,4000.0,4950.0,4475.0,359
Gujarat,Banaskanth,Deesa(Deesa Veg Yard),Gram Raw(Chholia),Other,FAQ,2016-06-30 00:00:00,3000.0,4000.0,3500.0,359
Gujarat,Banaskanth,Deesa(Deesa Veg Yard),Gram Raw(Chholia),Other,FAQ,2016-07-14 00:00:00,3500.0,4000.0,3750.0,359
Gujarat,Banaskanth,Deesa(Deesa Veg Yard),Gram Raw(Chholia),Other,FAQ,2016-07-23 00:00:00,3200.0,4000.0,3600.0,359
Gujarat,Banaskanth,Deesa(Deesa Veg Yard),Gram Raw(Chholia),Other,FAQ,2016-08-01 00:00:00,3500.0,4000.0,3750.0,359
Gujarat,Banaskanth,Deesa(Deesa Veg Yard),Gram Raw(Chholia),Other,FAQ,2016-08-04 00:00:00,3500.0,4000.0,3750.0,359
Gujarat,Banaskanth,Deesa(Deesa Veg Yard),Gram Raw(Chholia),Other,FAQ,2016-08-11 00:00:00,5000.0,6000.0,5500.0,359
Gujarat,Banaskanth,Deesa(Deesa Veg Yard),Gram Raw(Chholia),Other,FAQ,2016-08-16 00:00:00,4900.0,5900.0,5400.0,359
Gujarat,Banaskanth,Deesa(Deesa Veg Yard),Gram Raw(Chholia),Other,FAQ,2016-08-17 00:00:00,5000.0,6000.0,5500.0,359
Gujarat,Banaskanth,Deesa(Deesa Veg Yard),Gram Raw(Chholia),Other,FAQ,2016-08-19 00:00:00,5000.0,6000.0,5500.0,359
Gujarat,Banaskanth,Deesa(Deesa Veg Yard),Gram Raw(Chholia),Other,FAQ,2016-08-20 00:00:00,4900.0,5900.0,5400.0,359
Gujarat,Banaskanth,Deesa(Deesa Veg Yard),Gram Raw(Chholia),Other,FAQ,2016-08-27 00:00:00,4500.0,5000.0,4750.0,359
Gujarat,Banaskanth,Deesa(Deesa Veg Yard),Gram Raw(Chholia),Other,FAQ,2016-09-09 00:00:00,1500.0,1700.0,1600.0,359
Gujarat,Banaskanth,Deesa(Deesa Veg Yard),Gram Raw(Chholia),Other,FAQ,2016-09-15 00:00:00,1500.0,2000.0,1750.0,359
Gujarat,Banaskanth,Deesa(Deesa Veg Yard),Gram Raw(Chholia),Other,FAQ,2016-09-21 00:00:00,1500.0,2150.0,1825.0,359
Gujarat,Banaskanth,Deesa(Deesa Veg Yard),Gram Raw(Chholia),Other,FAQ,2016-10-12 00:00:00,900.0,1200.0,1050.0,359
Gujarat,Banaskanth,Deesa(Deesa Veg Yard),Gram Raw(Chholia),Other,FAQ,2016-10-26 00:00:00,3000.0,3500.0,3250.0,359
Gujarat,Banaskanth,Deesa(Deesa Veg Yard),Gram Raw(Chholia),Other,FAQ,2016-11-05 00:00:00,3500.0,3900.0,3700.0,359
Gujarat,Banaskanth,Deesa(Deesa Veg Yard),Gram Raw(Chholia),Other,FAQ,2016-11-21 00:00:00,1200.0,1700.0,1450.0,359
Gujarat,Banaskanth,Deesa(Deesa Veg Yard),Gram Raw(Chholia),Other,FAQ,2016-11-24 00:00:00,2400.0,2600.0,2500.0,359
Gujarat,Banaskanth,Deesa(Deesa Veg Yard),Gram Raw(Chholia),Other,FAQ,2016-11-30 00:00:00,2000.0,2200.0,2100.0,359
Gujarat,Banaskanth,Deesa(Deesa Veg Yard),Gram Raw(Chholia),Other,FAQ,2016-12-14 00:00:00,1900.0,2400.0,2150.0,359
Gujarat,Surat,Vyra,Gram Raw(Chholia),Other,FAQ,2016-01-11 00:00:00,1500.0,2250.0,1875.0,359
Gujarat,Surat,Vyra,Gram Raw(Chholia),Other,FAQ,2016-01-12 00:00:00,1500.0,2250.0,1875.0,359
Gujarat,Surat,Vyra,Gram Raw(Chholia),Other,FAQ,2016-01-20 00:00:00,1500.0,2250.0,1875.0,359
Gujarat,Surat,Vyra,Gram Raw(Chholia),Other,FAQ,2016-02-04 00:00:00,200.0,2500.0,2250.0,359
Gujarat,Surat,Vyra,Gram Raw(Chholia),Other,FAQ,2016-02-08 00:00:00,1500.0,2250.0,1775.0,359
Gujarat,Surat,Vyra,Gram Raw(Chholia),Other,FAQ,2016-03-14 00:00:00,3000.0,3500.0,3250.0,359
Gujarat,Surat,Vyra,Gram Raw(Chholia),Other,FAQ,2016-03-17 00:00:00,3000.0,3750.0,3375.0,359
Gujarat,Surat,Vyra,Gram Raw(Chholia),Other,FAQ,2016-03-23 00:00:00,2000.0,3000.0,2500.0,359
Gujarat,Surat,Vyra,Gram Raw(Chholia),Other,FAQ,2016-03-28 00:00:00,2000.0,3000.0,2500.0,359
Gujarat,Surat,Vyra,Gram Raw(Chholia),Other,FAQ,2016-04-06 00:00:00,2500.0,3500.0,3000.0,359
Gujarat,Surat,Vyra,Gram Raw(Chholia),Other,FAQ,2016-04-08 00:00:00,2000.0,3000.0,2500.0,359
Gujarat,Surat,Vyra,Gram Raw(Chholia),Other,FAQ,2016-04-21 00:00:00,2000.0,3000.0,2500.0,359
Gujarat,Surat,Vyra,Gram Raw(Chholia),Other,FAQ,2016-05-03 00:00:00,1500.0,3000.0,2250.0,359
Gujarat,Surat,Vyra,Gram Raw(Chholia),Other,FAQ,2016-05-10 00:00:00,2000.0,3000.0,2500.0,359
Gujarat,Surat,Vyra,Gram Raw(Chholia),Other,FAQ,2016-05-11 00:00:00,1500.0,3000.0,2250.0,359
Gujarat,Surat,Vyra,Gram Raw(Chholia),Other,FAQ,2016-05-12 00:00:00,2000.0,3000.0,2500.0,359
Gujarat,Surat,Vyra,Gram Raw(Chholia),Other,FAQ,2016-05-19 00:00:00,2000.0,3000.0,2500.0,359
Gujarat,Surat,Vyra,Gram Raw(Chholia),Other,FAQ,2016-05-20 00:00:00,1500.0,3000.0,2250.0,359
Gujarat,Surat,Vyra,Gram Raw(Chholia),Other,FAQ,2016-05-21 00:00:00,2000.0,3000.0,2500.0,359
Gujarat,Surat,Vyra,Gram Raw(Chholia),Other,FAQ,2016-05-24 00:00:00,2250.0,2750.0,2500.0,359
Gujarat,Surat,Vyra,Gram Raw(Chholia),Other,FAQ,2016-05-25 00:00:00,2000.0,3500.0,2750.0,359
Gujarat,Surat,Vyra,Gram Raw(Chholia),Other,FAQ,2016-05-26 00:00:00,2500.0,3500.0,3000.0,359
Gujarat,Surat,Vyra,Gram Raw(Chholia),Other,FAQ,2016-06-08 00:00:00,3000.0,4500.0,3750.0,359
Gujarat,Surat,Vyra,Gram Raw(Chholia),Other,FAQ,2016-06-14 00:00:00,2500.0,4000.0,3250.0,359
Gujarat,Surat,Vyra,Gram Raw(Chholia),Other,FAQ,2016-06-20 00:00:00,4000.0,5500.0,4750.0,359
Gujarat,Surat,Vyra,Gram Raw(Chholia),Other,FAQ,2016-06-30 00:00:00,4500.0,5500.0,5000.0,359
Gujarat,Surat,Vyra,Gram Raw(Chholia),Other,FAQ,2016-07-06 00:00:00,4000.0,4500.0,4250.0,359
Gujarat,Surat,Vyra,Gram Raw(Chholia),Other,FAQ,2016-07-21 00:00:00,4500.0,5000.0,4750.0,359
Gujarat,Surat,Vyra,Gram Raw(Chholia),Other,FAQ,2016-07-23 00:00:00,4000.0,4500.0,4250.0,359
Gujarat,Surat,Vyra,Gram Raw(Chholia),Other,FAQ,2016-07-28 00:00:00,3500.0,4000.0,3750.0,359
Gujarat,Surat,Vyra,Gram Raw(Chholia),Other,FAQ,2016-08-01 00:00:00,3500.0,4000.0,3750.0,359
Gujarat,Surat,Vyra,Gram Raw(Chholia),Other,FAQ,2016-08-08 00:00:00,2500.0,3500.0,3000.0,359
Gujarat,Surat,Vyra,Gram Raw(Chholia),Other,FAQ,2016-08-13 00:00:00,3750.0,4000.0,3875.0,359
Gujarat,Surat,Vyra,Gram Raw(Chholia),Other,FAQ,2016-09-02 00:00:00,600.0,1200.0,900.0,359
Gujarat,Surat,Vyra,Gram Raw(Chholia),Other,FAQ,2016-09-05 00:00:00,1000.0,2500.0,1750.0,359
Gujarat,Surat,Vyra,Gram Raw(Chholia),Other,FAQ,2016-09-07 00:00:00,1000.0,2000.0,1500.0,359
Gujarat,Surat,Vyra,Gram Raw(Chholia),Other,FAQ,2016-09-15 00:00:00,1500.0,2500.0,2000.0,359
Gujarat,Surat,Vyra,Gram Raw(Chholia),Other,FAQ,2016-09-28 00:00:00,1500.0,2000.0,1750.0,359
Gujarat,Surat,Vyra,Gram Raw(Chholia),Other,FAQ,2016-10-05 00:00:00,2000.0,2500.0,2250.0,359
Gujarat,Surat,Vyra,Gram Raw(Chholia),Other,FAQ,2016-10-14 00:00:00,2000.0,2500.0,2250.0,359
Gujarat,Surat,Vyra,Gram Raw(Chholia),Other,FAQ,2016-10-15 00:00:00,2000.0,2500.0,2250.0,359
Gujarat,Surat,Vyra,Gram Raw(Chholia),Other,FAQ,2016-10-21 00:00:00,4000.0,4500.0,4250.0,359
Gujarat,Surat,Vyra,Gram Raw(Chholia),Other,FAQ,2016-10-25 00:00:00,3500.0,4000.0,3750.0,359
Gujarat,Surat,Vyra,Gram Raw(Chholia),Other,FAQ,2016-10-27 00:00:00,3000.0,3500.0,3250.0,359
Gujarat,Surat,Vyra,Gram Raw(Chholia),Other,FAQ,2016-10-29 00:00:00,2000.0,3000.0,2500.0,359
Gujarat,Surat,Vyra,Gram Raw(Chholia),Other,FAQ,2016-11-10 00:00:00,2000.0,2500.0,2250.0,359
Gujarat,Surat,Vyra,Gram Raw(Chholia),Other,FAQ,2016-11-12 00:00:00,2000.0,2500.0,2250.0,359
Gujarat,Surat,Vyra,Gram Raw(Chholia),Other,FAQ,2016-11-21 00:00:00,2100.0,2400.0,2250.0,359
Gujarat,Surat,Vyra,Gram Raw(Chholia),Other,FAQ,2016-11-28 00:00:00,1000.0,1500.0,1250.0,359
Gujarat,Surat,Vyra,Gram Raw(Chholia),Other,FAQ,2016-12-09 00:00:00,800.0,1000.0,900.0,359
Gujarat,Surat,Vyra,Gram Raw(Chholia),Other,FAQ,2016-12-14 00:00:00,1000.0,1500.0,1250.0,359
Gujarat,Surat,Vyra,Gram Raw(Chholia),Other,FAQ,2016-12-15 00:00:00,800.0,1000.0,900.0,359
Gujarat,Surat,Vyra,Gram Raw(Chholia),Other,FAQ,2016-12-29 00:00:00,1250.0,1750.0,1500.0,359
Gujarat,Vadodara(Baroda),Vadodara(Sayajipura),Gram Raw(Chholia),Other,FAQ,2016-02-04 00:00:00,2000.0,2500.0,2300.0,359
Gujarat,Vadodara(Baroda),Vadodara(Sayajipura),Gram Raw(Chholia),Other,FAQ,2016-02-07 00:00:00,2000.0,2500.0,2300.0,359
Gujarat,Vadodara(Baroda),Vadodara(Sayajipura),Gram Raw(Chholia),Other,FAQ,2016-02-09 00:00:00,2500.0,3000.0,2800.0,359
Gujarat,Vadodara(Baroda),Vadodara(Sayajipura),Gram Raw(Chholia),Other,FAQ,2016-02-10 00:00:00,2500.0,3000.0,2800.0,359
Gujarat,Vadodara(Baroda),Vadodara(Sayajipura),Gram Raw(Chholia),Other,FAQ,2016-02-13 00:00:00,2500.0,3000.0,2800.0,359
Gujarat,Vadodara(Baroda),Vadodara(Sayajipura),Gram Raw(Chholia),Other,FAQ,2016-02-14 00:00:00,2500.0,3000.0,2800.0,359
Gujarat,Vadodara(Baroda),Vadodara(Sayajipura),Gram Raw(Chholia),Other,FAQ,2016-02-29 00:00:00,2500.0,3000.0,2800.0,359
Gujarat,Vadodara(Baroda),Vadodara(Sayajipura),Gram Raw(Chholia),Other,FAQ,2016-03-05 00:00:00,2000.0,2500.0,2300.0,359
Gujarat,Vadodara(Baroda),Vadodara(Sayajipura),Gram Raw(Chholia),Other,FAQ,2016-03-19 00:00:00,2500.0,3000.0,2800.0,359
Gujarat,Vadodara(Baroda),Vadodara(Sayajipura),Gram Raw(Chholia),Other,FAQ,2016-03-22 00:00:00,2000.0,2500.0,2300.0,359
Gujarat,Vadodara(Baroda),Vadodara(Sayajipura),Gram Raw(Chholia),Other,FAQ,2016-03-25 00:00:00,2500.0,4000.0,3300.0,359
Gujarat,Vadodara(Baroda),Vadodara(Sayajipura),Gram Raw(Chholia),Other,FAQ,2016-03-27 00:00:00,3500.0,4000.0,3800.0,359
Gujarat,Vadodara(Baroda),Vadodara(Sayajipura),Gram Raw(Chholia),Other,FAQ,2016-04-02 00:00:00,3000.0,3500.0,3300.0,359
Gujarat,Vadodara(Baroda),Vadodara(Sayajipura),Gram Raw(Chholia),Other,FAQ,2016-04-03 00:00:00,3000.0,3300.0,3200.0,359
Gujarat,Vadodara(Baroda),Vadodara(Sayajipura),Gram Raw(Chholia),Other,FAQ,2016-04-05 00:00:00,3000.0,4000.0,3550.0,359
Gujarat,Vadodara(Baroda),Vadodara(Sayajipura),Gram Raw(Chholia),Other,FAQ,2016-12-22 00:00:00,1200.0,1500.0,1400.0,359
Gujarat,Vadodara(Baroda),Vadodara(Sayajipura),Gram Raw(Chholia),Other,FAQ,2016-12-23 00:00:00,1000.0,1100.0,1075.0,359
Gujarat,Vadodara(Baroda),Vadodara(Sayajipura),Gram Raw(Chholia),Other,FAQ,2016-12-26 00:00:00,1000.0,1500.0,1300.0,359
Gujarat,Ahmedabad,Dholka,Gram Raw(Chholia),Gram Raw(Chholia),FAQ,2005-09-03 00:00:00,400.0,550.0,475.0,359
Gujarat,Ahmedabad,Dholka,Gram Raw(Chholia),Gram Raw(Chholia),FAQ,2005-09-05 00:00:00,300.0,500.0,400.0,359
Gujarat,Ahmedabad,Dholka,Gram Raw(Chholia),Gram Raw(Chholia),FAQ,2005-09-06 00:00:00,150.0,500.0,325.0,359
Gujarat,Ahmedabad,Dholka,Gram Raw(Chholia),Gram Raw(Chholia),FAQ,2005-09-21 00:00:00,500.0,1000.0,750.0,359
Gujarat,Ahmedabad,Dholka,Gram Raw(Chholia),Gram Raw(Chholia),FAQ,2005-09-24 00:00:00,1000.0,1200.0,1100.0,359
Gujarat,Ahmedabad,Dholka,Gram Raw(Chholia),Gram Raw(Chholia),FAQ,2005-09-25 00:00:00,900.0,1200.0,1000.0,359
Gujarat,Ahmedabad,Dholka,Gram Raw(Chholia),Gram Raw(Chholia),FAQ,2005-10-16 00:00:00,400.0,800.0,600.0,359
Gujarat,Ahmedabad,Dholka,Gram Raw(Chholia),Gram Raw(Chholia),FAQ,2005-10-25 00:00:00,250.0,350.0,300.0,359
Gujarat,Ahmedabad,Dholka,Gram Raw(Chholia),Gram Raw(Chholia),FAQ,2005-10-27 00:00:00,400.0,500.0,450.0,359
Gujarat,Ahmedabad,Dholka,Gram Raw(Chholia),Gram Raw(Chholia),FAQ,2005-11-07 00:00:00,500.0,700.0,600.0,359
Gujarat,Ahmedabad,Dholka,Gram Raw(Chholia),Gram Raw(Chholia),FAQ,2005-11-25 00:00:00,500.0,500.0,500.0,359
Gujarat,Amreli,Babra,Gram Raw(Chholia),Other,FAQ,2005-12-09 00:00:00,1600.0,1650.0,1610.0,359
Gujarat,Amreli,Babra,Gram Raw(Chholia),Other,FAQ,2005-12-16 00:00:00,750.0,900.0,850.0,359
Gujarat,Botad,Botad,Gram Raw(Chholia),Other,FAQ,2005-09-21 00:00:00,900.0,1200.0,1050.0,359
Gujarat,Botad,Botad,Gram Raw(Chholia),Other,FAQ,2005-09-24 00:00:00,700.0,1050.0,875.0,359
Gujarat,Botad,Botad,Gram Raw(Chholia),Other,FAQ,2005-09-25 00:00:00,900.0,1350.0,1050.0,359
Gujarat,Botad,Botad,Gram Raw(Chholia),Other,FAQ,2005-09-28 00:00:00,900.0,1500.0,1250.0,359
Gujarat,Botad,Botad,Gram Raw(Chholia),Other,FAQ,2005-09-29 00:00:00,1000.0,1350.0,1175.0,359
Gujarat,Botad,Botad,Gram Raw(Chholia),Other,FAQ,2005-10-02 00:00:00,900.0,1250.0,1025.0,359
Gujarat,Botad,Botad,Gram Raw(Chholia),Other,FAQ,2005-10-03 00:00:00,900.0,1500.0,1225.0,359
Gujarat,Botad,Botad,Gram Raw(Chholia),Other,FAQ,2005-10-04 00:00:00,900.0,1500.0,1250.0,359
Gujarat,Botad,Botad,Gram Raw(Chholia),Other,FAQ,2005-10-07 00:00:00,900.0,1200.0,1000.0,359
Gujarat,Botad,Botad,Gram Raw(Chholia),Other,FAQ,2005-10-10 00:00:00,350.0,1000.0,675.0,359
Gujarat,Botad,Botad,Gram Raw(Chholia),Other,FAQ,2005-10-14 00:00:00,800.0,1000.0,900.0,359
Gujarat,Botad,Botad,Gram Raw(Chholia),Other,FAQ,2005-10-19 00:00:00,550.0,725.0,675.0,359
Gujarat,Botad,Botad,Gram Raw(Chholia),Other,FAQ,2005-10-23 00:00:00,445.0,720.0,550.0,359
Gujarat,Botad,Botad,Gram Raw(Chholia),Other,FAQ,2005-11-14 00:00:00,500.0,875.0,675.0,359
Gujarat,Botad,Botad,Gram Raw(Chholia),Other,FAQ,2005-11-24 00:00:00,800.0,875.0,850.0,359
Gujarat,Botad,Botad,Gram Raw(Chholia),Other,FAQ,2005-12-05 00:00:00,350.0,720.0,525.0,359
Gujarat,Botad,Botad,Gram Raw(Chholia),Other,FAQ,2005-12-16 00:00:00,700.0,950.0,875.0,359
Gujarat,Botad,Botad,Gram Raw(Chholia),Other,FAQ,2005-12-17 00:00:00,600.0,950.0,750.0,359
Gujarat,Botad,Botad,Gram Raw(Chholia),Other,FAQ,2005-12-20 00:00:00,500.0,800.0,650.0,359
Gujarat,Botad,Botad,Gram Raw(Chholia),Other,FAQ,2005-12-21 00:00:00,700.0,825.0,750.0,359
Gujarat,Botad,Botad,Gram Raw(Chholia),Other,FAQ,2005-12-22 00:00:00,500.0,675.0,600.0,359
Gujarat,Botad,Botad,Gram Raw(Chholia),Other,FAQ,2005-12-24 00:00:00,700.0,1000.0,800.0,359
Gujarat,Botad,Botad,Gram Raw(Chholia),Other,FAQ,2005-12-25 00:00:00,600.0,800.0,675.0,359
Gujarat,Botad,Botad,Gram Raw(Chholia),Other,FAQ,2005-12-30 00:00:00,750.0,1100.0,925.0,359
Gujarat,Vadodara(Baroda),Vadodara,Gram Raw(Chholia),Gram Raw(Chholia),FAQ,2005-10-07 00:00:00,300.0,1150.0,1125.0,359
Gujarat,Vadodara(Baroda),Vadodara,Gram Raw(Chholia),Gram Raw(Chholia),FAQ,2005-10-10 00:00:00,400.0,1000.0,950.0,359
Gujarat,Vadodara(Baroda),Vadodara,Gram Raw(Chholia),Gram Raw(Chholia),FAQ,2005-10-12 00:00:00,350.0,1000.0,750.0,359
Gujarat,Vadodara(Baroda),Vadodara,Gram Raw(Chholia),Gram Raw(Chholia),FAQ,2005-10-13 00:00:00,350.0,1000.0,700.0,359
Gujarat,Vadodara(Baroda),Vadodara,Gram Raw(Chholia),Gram Raw(Chholia),FAQ,2005-10-15 00:00:00,400.0,1150.0,1100.0,359
Gujarat,Vadodara(Baroda),Vadodara,Gram Raw(Chholia),Gram Raw(Chholia),FAQ,2005-10-28 00:00:00,300.0,700.0,600.0,359
Gujarat,Vadodara(Baroda),Vadodara,Gram Raw(Chholia),Other,FAQ,2005-11-12 00:00:00,300.0,600.0,450.0,359
Gujarat,Vadodara(Baroda),Vadodara,Gram Raw(Chholia),Other,FAQ,2005-11-20 00:00:00,300.0,750.0,620.0,359
Gujarat,Vadodara(Baroda),Vadodara,Gram Raw(Chholia),Other,FAQ,2005-12-01 00:00:00,500.0,700.0,600.0,359
Gujarat,Vadodara(Baroda),Vadodara,Gram Raw(Chholia),Other,FAQ,2005-12-23 00:00:00,500.0,700.0,600.0,359
Gujarat,Vadodara(Baroda),Vadodara,Gram Raw(Chholia),Other,FAQ,2005-12-26 00:00:00,500.0,700.0,625.0,359
Gujarat,Ahmedabad,Dholka,Gram Raw(Chholia),Other,FAQ,2010-06-07 00:00:00,3000.0,3500.0,3200.0,359
Gujarat,Ahmedabad,Dholka,Gram Raw(Chholia),Other,FAQ,2010-06-18 00:00:00,1600.0,2700.0,2100.0,359
Gujarat,Ahmedabad,Dholka,Gram Raw(Chholia),Other,FAQ,2010-06-23 00:00:00,1250.0,3000.0,2000.0,359
Gujarat,Ahmedabad,Dholka,Gram Raw(Chholia),Other,FAQ,2010-07-05 00:00:00,1000.0,2500.0,1700.0,359
Gujarat,Ahmedabad,Dholka,Gram Raw(Chholia),Other,FAQ,2010-07-20 00:00:00,700.0,1200.0,1000.0,359
Gujarat,Ahmedabad,Dholka,Gram Raw(Chholia),Other,FAQ,2010-07-24 00:00:00,800.0,1300.0,1100.0,359
Gujarat,Ahmedabad,Dholka,Gram Raw(Chholia),Other,FAQ,2010-08-23 00:00:00,900.0,1000.0,950.0,359
Gujarat,Ahmedabad,Dholka,Gram Raw(Chholia),Other,FAQ,2010-08-25 00:00:00,1000.0,1650.0,1300.0,359
Gujarat,Ahmedabad,Dholka,Gram Raw(Chholia),Other,FAQ,2010-08-28 00:00:00,900.0,1200.0,1100.0,359
Gujarat,Ahmedabad,Dholka,Gram Raw(Chholia),Other,FAQ,2010-08-30 00:00:00,500.0,1200.0,900.0,359
Gujarat,Ahmedabad,Dholka,Gram Raw(Chholia),Other,FAQ,2010-09-01 00:00:00,500.0,1000.0,750.0,359
Gujarat,Ahmedabad,Dholka,Gram Raw(Chholia),Other,FAQ,2010-09-03 00:00:00,400.0,950.0,700.0,359
Gujarat,Ahmedabad,Dholka,Gram Raw(Chholia),Other,FAQ,2010-09-08 00:00:00,1200.0,2000.0,1500.0,359
Gujarat,Ahmedabad,Dholka,Gram Raw(Chholia),Other,FAQ,2010-09-10 00:00:00,1000.0,1800.0,1400.0,359
Gujarat,Ahmedabad,Dholka,Gram Raw(Chholia),Other,FAQ,2010-09-13 00:00:00,1200.0,2000.0,1500.0,359
Gujarat,Ahmedabad,Dholka,Gram Raw(Chholia),Other,FAQ,2010-09-30 00:00:00,500.0,2000.0,1200.0,359
Gujarat,Ahmedabad,Dholka,Gram Raw(Chholia),Other,FAQ,2010-10-13 00:00:00,900.0,2500.0,1500.0,359
Gujarat,Ahmedabad,Dholka,Gram Raw(Chholia),Other,FAQ,2010-10-23 00:00:00,1100.0,1400.0,1200.0,359
Gujarat,Ahmedabad,Dholka,Gram Raw(Chholia),Other,FAQ,2010-11-08 00:00:00,1500.0,2200.0,2000.0,359
Gujarat,Botad,Botad,Gram Raw(Chholia),Other,FAQ,2010-03-22 00:00:00,1500.0,2250.0,1875.0,359
Gujarat,Botad,Botad,Gram Raw(Chholia),Other,FAQ,2010-05-07 00:00:00,500.0,1750.0,1125.0,359
Gujarat,Botad,Botad,Gram Raw(Chholia),Other,FAQ,2010-06-02 00:00:00,800.0,1800.0,1300.0,359
Gujarat,Botad,Botad,Gram Raw(Chholia),Other,FAQ,2010-06-06 00:00:00,750.0,2500.0,1625.0,359
Gujarat,Botad,Botad,Gram Raw(Chholia),Other,FAQ,2010-06-30 00:00:00,1500.0,3000.0,2250.0,359
Gujarat,Botad,Botad,Gram Raw(Chholia),Other,FAQ,2010-07-05 00:00:00,1250.0,2250.0,1750.0,359
Gujarat,Botad,Botad,Gram Raw(Chholia),Other,FAQ,2010-07-07 00:00:00,1000.0,3250.0,2125.0,359
Gujarat,Botad,Botad,Gram Raw(Chholia),Other,FAQ,2010-07-09 00:00:00,1500.0,3000.0,2250.0,359
Gujarat,Botad,Botad,Gram Raw(Chholia),Other,FAQ,2010-07-11 00:00:00,1000.0,3000.0,2000.0,359
Gujarat,Botad,Botad,Gram Raw(Chholia),Other,FAQ,2010-07-19 00:00:00,900.0,2250.0,1575.0,359
Gujarat,Botad,Botad,Gram Raw(Chholia),Other,FAQ,2010-07-23 00:00:00,800.0,2000.0,1400.0,359
Gujarat,Botad,Botad,Gram Raw(Chholia),Other,FAQ,2010-07-25 00:00:00,800.0,2500.0,1650.0,359
Gujarat,Botad,Botad,Gram Raw(Chholia),Other,FAQ,2010-08-02 00:00:00,750.0,2250.0,1500.0,359
Gujarat,Botad,Botad,Gram Raw(Chholia),Other,FAQ,2010-08-08 00:00:00,750.0,2050.0,1400.0,359
Gujarat,Botad,Botad,Gram Raw(Chholia),Other,FAQ,2010-08-13 00:00:00,500.0,2000.0,1250.0,359
Gujarat,Botad,Botad,Gram Raw(Chholia),Other,FAQ,2010-08-20 00:00:00,250.0,750.0,500.0,359
Gujarat,Botad,Botad,Gram Raw(Chholia),Other,FAQ,2010-08-21 00:00:00,300.0,800.0,550.0,359
Gujarat,Botad,Botad,Gram Raw(Chholia),Other,FAQ,2010-08-24 00:00:00,250.0,900.0,575.0,359
Gujarat,Botad,Botad,Gram Raw(Chholia),Other,FAQ,2010-08-29 00:00:00,150.0,350.0,250.0,359
Gujarat,Botad,Botad,Gram Raw(Chholia),Other,FAQ,2010-09-09 00:00:00,250.0,750.0,500.0,359
Gujarat,Botad,Botad,Gram Raw(Chholia),Other,FAQ,2010-09-18 00:00:00,750.0,2000.0,1375.0,359
Gujarat,Botad,Botad,Gram Raw(Chholia),Other,FAQ,2010-10-10 00:00:00,1300.0,2100.0,1700.0,359
Gujarat,Botad,Botad,Gram Raw(Chholia),Other,FAQ,2010-10-15 00:00:00,1500.0,2000.0,1750.0,359
Gujarat,Botad,Botad,Gram Raw(Chholia),Other,FAQ,2010-10-19 00:00:00,750.0,1750.0,1250.0,359
Gujarat,Botad,Botad,Gram Raw(Chholia),Other,FAQ,2010-10-26 00:00:00,750.0,1500.0,1125.0,359
Gujarat,Botad,Botad,Gram Raw(Chholia),Other,FAQ,2010-10-28 00:00:00,500.0,2200.0,1350.0,359
Gujarat,Botad,Botad,Gram Raw(Chholia),Other,FAQ,2010-11-03 00:00:00,1000.0,2500.0,1750.0,359
Gujarat,Botad,Botad,Gram Raw(Chholia),Other,FAQ,2010-11-04 00:00:00,1000.0,2500.0,1750.0,359
Gujarat,Botad,Botad,Gram Raw(Chholia),Other,FAQ,2010-11-19 00:00:00,750.0,2000.0,1375.0,359
Gujarat,Botad,Botad,Gram Raw(Chholia),Other,FAQ,2010-11-20 00:00:00,850.0,2100.0,1475.0,359
Gujarat,Botad,Botad,Gram Raw(Chholia),Other,FAQ,2010-11-23 00:00:00,500.0,2500.0,1500.0,359
Gujarat,Botad,Botad,Gram Raw(Chholia),Other,FAQ,2010-12-04 00:00:00,1000.0,2500.0,1750.0,359
Gujarat,Botad,Botad,Gram Raw(Chholia),Other,FAQ,2010-12-05 00:00:00,1000.0,2500.0,1750.0,359
Gujarat,Gandhinagar,Mansa(Manas Veg Yard),Gram Raw(Chholia),Other,FAQ,2010-12-28 00:00:00,2755.0,2755.0,2755.0,359
Gujarat,Vadodara(Baroda),Vadodara(Sayajipura),Gram Raw(Chholia),Other,FAQ,2010-01-08 00:00:00,400.0,600.0,500.0,359
Gujarat,Vadodara(Baroda),Vadodara(Sayajipura),Gram Raw(Chholia),Other,FAQ,2010-01-20 00:00:00,700.0,1000.0,875.0,359
Gujarat,Vadodara(Baroda),Vadodara(Sayajipura),Gram Raw(Chholia),Other,FAQ,2010-01-21 00:00:00,200.0,950.0,600.0,359
Gujarat,Vadodara(Baroda),Vadodara(Sayajipura),Gram Raw(Chholia),Other,FAQ,2010-02-03 00:00:00,600.0,1000.0,850.0,359
Gujarat,Vadodara(Baroda),Vadodara(Sayajipura),Gram Raw(Chholia),Other,FAQ,2010-02-04 00:00:00,600.0,1200.0,900.0,359
Gujarat,Vadodara(Baroda),Vadodara(Sayajipura),Gram Raw(Chholia),Other,FAQ,2010-02-06 00:00:00,300.0,500.0,400.0,359
Gujarat,Vadodara(Baroda),Vadodara(Sayajipura),Gram Raw(Chholia),Other,FAQ,2010-02-07 00:00:00,500.0,1000.0,725.0,359
Gujarat,Vadodara(Baroda),Vadodara(Sayajipura),Gram Raw(Chholia),Other,FAQ,2010-02-18 00:00:00,500.0,900.0,700.0,359
Gujarat,Vadodara(Baroda),Vadodara(Sayajipura),Gram Raw(Chholia),Other,FAQ,2010-03-05 00:00:00,900.0,1100.0,1000.0,359
Gujarat,Vadodara(Baroda),Vadodara(Sayajipura),Gram Raw(Chholia),Other,FAQ,2010-03-08 00:00:00,800.0,1100.0,1000.0,359
Gujarat,Vadodara(Baroda),Vadodara(Sayajipura),Gram Raw(Chholia),Other,FAQ,2010-03-13 00:00:00,700.0,1000.0,900.0,359
Gujarat,Vadodara(Baroda),Vadodara(Sayajipura),Gram Raw(Chholia),Other,FAQ,2010-03-18 00:00:00,500.0,1200.0,900.0,359
Gujarat,Vadodara(Baroda),Vadodara(Sayajipura),Gram Raw(Chholia),Other,FAQ,2010-03-20 00:00:00,400.0,900.0,650.0,359
Gujarat,Vadodara(Baroda),Vadodara(Sayajipura),Gram Raw(Chholia),Other,FAQ,2010-04-09 00:00:00,1000.0,1750.0,1375.0,359
Gujarat,Vadodara(Baroda),Vadodara(Sayajipura),Gram Raw(Chholia),Other,FAQ,2010-04-18 00:00:00,700.0,1250.0,975.0,359
Gujarat,Vadodara(Baroda),Vadodara(Sayajipura),Gram Raw(Chholia),Other,FAQ,2010-04-19 00:00:00,500.0,1500.0,1050.0,359
Gujarat,Vadodara(Baroda),Vadodara(Sayajipura),Gram Raw(Chholia),Other,FAQ,2010-04-22 00:00:00,500.0,1200.0,850.0,359
Gujarat,Vadodara(Baroda),Vadodara(Sayajipura),Gram Raw(Chholia),Other,FAQ,2010-04-27 00:00:00,750.0,1600.0,1200.0,359
Gujarat,Vadodara(Baroda),Vadodara(Sayajipura),Gram Raw(Chholia),Other,FAQ,2010-05-17 00:00:00,600.0,1400.0,1150.0,359
Gujarat,Vadodara(Baroda),Vadodara(Sayajipura),Gram Raw(Chholia),Other,FAQ,2010-05-19 00:00:00,600.0,1100.0,900.0,359
Gujarat,Vadodara(Baroda),Vadodara(Sayajipura),Gram Raw(Chholia),Other,FAQ,2010-05-21 00:00:00,800.0,1200.0,1000.0,359
Gujarat,Vadodara(Baroda),Vadodara(Sayajipura),Gram Raw(Chholia),Other,FAQ,2010-05-22 00:00:00,700.0,1200.0,975.0,359
Gujarat,Vadodara(Baroda),Vadodara(Sayajipura),Gram Raw(Chholia),Other,FAQ,2010-05-28 00:00:00,1000.0,1400.0,1250.0,359
Gujarat,Vadodara(Baroda),Vadodara(Sayajipura),Gram Raw(Chholia),Other,FAQ,2010-05-31 00:00:00,750.0,1600.0,1200.0,359
Gujarat,Vadodara(Baroda),Vadodara(Sayajipura),Gram Raw(Chholia),Other,FAQ,2010-06-08 00:00:00,500.0,2500.0,1500.0,359
Gujarat,Vadodara(Baroda),Vadodara(Sayajipura),Gram Raw(Chholia),Other,FAQ,2010-06-09 00:00:00,1000.0,2600.0,2000.0,359
Gujarat,Vadodara(Baroda),Vadodara(Sayajipura),Gram Raw(Chholia),Other,FAQ,2010-06-10 00:00:00,800.0,2250.0,1525.0,359
Gujarat,Vadodara(Baroda),Vadodara(Sayajipura),Gram Raw(Chholia),Other,FAQ,2010-06-13 00:00:00,900.0,2750.0,1825.0,359
Gujarat,Vadodara(Baroda),Vadodara(Sayajipura),Gram Raw(Chholia),Other,FAQ,2010-06-21 00:00:00,1000.0,3000.0,2000.0,359
Gujarat,Vadodara(Baroda),Vadodara(Sayajipura),Gram Raw(Chholia),Other,FAQ,2010-06-22 00:00:00,1200.0,2400.0,1900.0,359
Gujarat,Vadodara(Baroda),Vadodara(Sayajipura),Gram Raw(Chholia),Other,FAQ,2010-06-28 00:00:00,500.0,2000.0,1250.0,359
Gujarat,Vadodara(Baroda),Vadodara(Sayajipura),Gram Raw(Chholia),Other,FAQ,2010-07-02 00:00:00,750.0,2250.0,1550.0,359
Gujarat,Vadodara(Baroda),Vadodara(Sayajipura),Gram Raw(Chholia),Other,FAQ,2010-07-11 00:00:00,2000.0,2500.0,2250.0,359
Gujarat,Vadodara(Baroda),Vadodara(Sayajipura),Gram Raw(Chholia),Other,FAQ,2010-07-15 00:00:00,700.0,2500.0,1700.0,359
Gujarat,Vadodara(Baroda),Vadodara(Sayajipura),Gram Raw(Chholia),Other,FAQ,2010-12-06 00:00:00,1000.0,2000.0,1500.0,359
Gujarat,Vadodara(Baroda),Vadodara(Sayajipura),Gram Raw(Chholia),Other,FAQ,2010-12-11 00:00:00,1100.0,1500.0,1350.0,359
Gujarat,Vadodara(Baroda),Vadodara(Sayajipura),Gram Raw(Chholia),Other,FAQ,2010-12-21 00:00:00,1700.0,2600.0,2175.0,359
Gujarat,Vadodara(Baroda),Vadodara(Sayajipura),Gram Raw(Chholia),Other,FAQ,2010-12-23 00:00:00,1500.0,2250.0,1900.0,359
Gujarat,Vadodara(Baroda),Vadodara(Sayajipura),Gram Raw(Chholia),Other,FAQ,2010-12-25 00:00:00,1500.0,2500.0,2000.0,359
Gujarat,Vadodara(Baroda),Vadodara(Sayajipura),Gram Raw(Chholia),Other,FAQ,2009-05-24 00:00:00,500.0,1100.0,800.0,359
Gujarat,Vadodara(Baroda),Vadodara(Sayajipura),Gram Raw(Chholia),Other,FAQ,2009-05-29 00:00:00,700.0,1500.0,1200.0,359
Gujarat,Vadodara(Baroda),Vadodara(Sayajipura),Gram Raw(Chholia),Other,FAQ,2009-05-30 00:00:00,800.0,1400.0,1100.0,359
Gujarat,Vadodara(Baroda),Vadodara(Sayajipura),Gram Raw(Chholia),Other,FAQ,2009-06-03 00:00:00,1000.0,1400.0,1200.0,359
Gujarat,Vadodara(Baroda),Vadodara(Sayajipura),Gram Raw(Chholia),Other,FAQ,2009-06-15 00:00:00,1200.0,1300.0,1250.0,359
Gujarat,Vadodara(Baroda),Vadodara(Sayajipura),Gram Raw(Chholia),Other,FAQ,2009-06-16 00:00:00,1200.0,1400.0,1250.0,359
Gujarat,Vadodara(Baroda),Vadodara(Sayajipura),Gram Raw(Chholia),Other,FAQ,2009-06-20 00:00:00,1000.0,1500.0,1200.0,359
Gujarat,Vadodara(Baroda),Vadodara(Sayajipura),Gram Raw(Chholia),Other,FAQ,2009-06-23 00:00:00,1000.0,1500.0,1200.0,359
Gujarat,Vadodara(Baroda),Vadodara(Sayajipura),Gram Raw(Chholia),Other,FAQ,2009-06-26 00:00:00,1000.0,1500.0,1150.0,359
Gujarat,Vadodara(Baroda),Vadodara(Sayajipura),Gram Raw(Chholia),Other,FAQ,2009-06-28 00:00:00,1000.0,1500.0,1200.0,359
Gujarat,Vadodara(Baroda),Vadodara(Sayajipura),Gram Raw(Chholia),Other,FAQ,2009-07-08 00:00:00,1000.0,1400.0,1225.0,359
Gujarat,Vadodara(Baroda),Vadodara(Sayajipura),Gram Raw(Chholia),Other,FAQ,2009-07-12 00:00:00,1000.0,1400.0,1225.0,359
Gujarat,Vadodara(Baroda),Vadodara(Sayajipura),Gram Raw(Chholia),Other,FAQ,2009-07-14 00:00:00,1000.0,1625.0,1325.0,359
Gujarat,Vadodara(Baroda),Vadodara(Sayajipura),Gram Raw(Chholia),Other,FAQ,2009-07-16 00:00:00,1000.0,1750.0,1400.0,359
Gujarat,Vadodara(Baroda),Vadodara(Sayajipura),Gram Raw(Chholia),Other,FAQ,2009-07-19 00:00:00,1300.0,1600.0,1475.0,359
Gujarat,Vadodara(Baroda),Vadodara(Sayajipura),Gram Raw(Chholia),Other,FAQ,2009-08-08 00:00:00,1000.0,1300.0,1175.0,359
Gujarat,Vadodara(Baroda),Vadodara(Sayajipura),Gram Raw(Chholia),Other,FAQ,2009-08-14 00:00:00,800.0,1100.0,975.0,359
Gujarat,Vadodara(Baroda),Vadodara(Sayajipura),Gram Raw(Chholia),Other,FAQ,2009-09-10 00:00:00,800.0,1200.0,1000.0,359
Gujarat,Vadodara(Baroda),Vadodara(Sayajipura),Gram Raw(Chholia),Other,FAQ,2009-09-12 00:00:00,1000.0,1300.0,1125.0,359
Gujarat,Vadodara(Baroda),Vadodara(Sayajipura),Gram Raw(Chholia),Other,FAQ,2009-09-16 00:00:00,800.0,1400.0,1075.0,359
Gujarat,Vadodara(Baroda),Vadodara(Sayajipura),Gram Raw(Chholia),Other,FAQ,2009-09-20 00:00:00,700.0,1000.0,875.0,359
Gujarat,Vadodara(Baroda),Vadodara(Sayajipura),Gram Raw(Chholia),Other,FAQ,2009-09-27 00:00:00,400.0,650.0,500.0,359
Gujarat,Vadodara(Baroda),Vadodara(Sayajipura),Gram Raw(Chholia),Other,FAQ,2009-10-04 00:00:00,500.0,1000.0,750.0,359
Gujarat,Vadodara(Baroda),Vadodara(Sayajipura),Gram Raw(Chholia),Other,FAQ,2009-10-17 00:00:00,1250.0,1700.0,1475.0,359
Gujarat,Vadodara(Baroda),Vadodara(Sayajipura),Gram Raw(Chholia),Other,FAQ,2009-10-22 00:00:00,1000.0,1400.0,1200.0,359
Gujarat,Vadodara(Baroda),Vadodara(Sayajipura),Gram Raw(Chholia),Other,FAQ,2009-10-29 00:00:00,1200.0,1600.0,1400.0,359
Gujarat,Vadodara(Baroda),Vadodara(Sayajipura),Gram Raw(Chholia),Other,FAQ,2009-11-02 00:00:00,600.0,1100.0,850.0,359
Gujarat,Vadodara(Baroda),Vadodara(Sayajipura),Gram Raw(Chholia),Other,FAQ,2009-11-03 00:00:00,750.0,1300.0,1025.0,359
Gujarat,Vadodara(Baroda),Vadodara(Sayajipura),Gram Raw(Chholia),Other,FAQ,2009-11-21 00:00:00,500.0,600.0,550.0,359
Gujarat,Vadodara(Baroda),Vadodara(Sayajipura),Gram Raw(Chholia),Other,FAQ,2009-11-23 00:00:00,600.0,1000.0,800.0,359
Gujarat,Vadodara(Baroda),Vadodara(Sayajipura),Gram Raw(Chholia),Other,FAQ,2009-11-30 00:00:00,500.0,1000.0,725.0,359
Gujarat,Vadodara(Baroda),Vadodara(Sayajipura),Gram Raw(Chholia),Other,FAQ,2009-12-14 00:00:00,300.0,700.0,600.0,359
Gujarat,Vadodara(Baroda),Vadodara(Sayajipura),Gram Raw(Chholia),Other,FAQ,2009-12-18 00:00:00,300.0,650.0,600.0,359
Gujarat,Vadodara(Baroda),Vadodara(Sayajipura),Gram Raw(Chholia),Other,FAQ,2009-12-23 00:00:00,300.0,600.0,550.0,359
Gujarat,Vadodara(Baroda),Vadodara(Sayajipura),Gram Raw(Chholia),Other,FAQ,2009-12-27 00:00:00,400.0,800.0,600.0,359
Gujarat,Banaskanth,Deesa(Deesa Veg Yard),Gram Raw(Chholia),Other,FAQ,2024-06-06 00:00:00,5000.0,6200.0,5600.0,359
Gujarat,Banaskanth,Deesa(Deesa Veg Yard),Gram Raw(Chholia),Other,FAQ,2024-06-07 00:00:00,5000.0,6250.0,5625.0,359
Gujarat,Banaskanth,Deesa(Deesa Veg Yard),Gram Raw(Chholia),Other,FAQ,2024-06-10 00:00:00,5000.0,6200.0,5600.0,359
Gujarat,Banaskanth,Deesa(Deesa Veg Yard),Gram Raw(Chholia),Other,FAQ,2024-06-14 00:00:00,7000.0,8200.0,7600.0,359
Gujarat,Banaskanth,Deesa(Deesa Veg Yard),Gram Raw(Chholia),Other,FAQ,2024-06-22 00:00:00,7500.0,8150.0,7825.0,359
Gujarat,Banaskanth,Deesa(Deesa Veg Yard),Gram Raw(Chholia),Other,FAQ,2024-06-26 00:00:00,7500.0,8300.0,7900.0,359
Gujarat,Vadodara(Baroda),Vadodara(Sayajipura),Gram Raw(Chholia),Other,FAQ,2024-06-19 00:00:00,5000.0,10000.0,7500.0,359
Gujarat,Vadodara(Baroda),Vadodara(Sayajipura),Gram Raw(Chholia),Other,FAQ,2024-06-20 00:00:00,5000.0,10000.0,7550.0,359
Gujarat,Vadodara(Baroda),Vadodara(Sayajipura),Gram Raw(Chholia),Other,FAQ,2024-06-28 00:00:00,5000.0,9000.0,7050.0,359
Gujarat,Vadodara(Baroda),Vadodara(Sayajipura),Gram Raw(Chholia),Other,FAQ,2024-06-29 00:00:00,5000.0,8500.0,6800.0,359
Gujarat,Ahmedabad,Dholka(Koth),Gram Raw(Chholia),Other,FAQ,2019-01-18 00:00:00,1200.0,1400.0,1300.0,359
Gujarat,Ahmedabad,Dholka(Koth),Gram Raw(Chholia),Other,FAQ,2019-01-21 00:00:00,1200.0,1400.0,1300.0,359
Gujarat,Ahmedabad,Dholka(Koth),Gram Raw(Chholia),Other,FAQ,2019-02-06 00:00:00,1000.0,1250.0,1200.0,359
Gujarat,Surat,Vyra,Gram Raw(Chholia),Other,FAQ,2019-01-07 00:00:00,2000.0,2500.0,2250.0,359
Gujarat,Surat,Vyra,Gram Raw(Chholia),Other,FAQ,2019-01-09 00:00:00,1500.0,2500.0,2000.0,359
Gujarat,Surat,Vyra,Gram Raw(Chholia),Other,FAQ,2019-01-16 00:00:00,2000.0,2500.0,2250.0,359
Gujarat,Surat,Vyra,Gram Raw(Chholia),Other,FAQ,2019-01-19 00:00:00,2000.0,3000.0,2500.0,359
Gujarat,Surat,Vyra,Gram Raw(Chholia),Other,FAQ,2019-01-24 00:00:00,1750.0,2250.0,2000.0,359
Gujarat,Surat,Vyra,Gram Raw(Chholia),Other,FAQ,2019-01-29 00:00:00,2250.0,2900.0,2550.0,359
Gujarat,Surat,Vyra,Gram Raw(Chholia),Other,FAQ,2019-01-30 00:00:00,1750.0,2250.0,2000.0,359
Gujarat,Surat,Vyra,Gram Raw(Chholia),Other,FAQ,2019-01-31 00:00:00,1750.0,2250.0,2000.0,359
Gujarat,Surat,Vyra,Gram Raw(Chholia),Other,FAQ,2019-02-04 00:00:00,2500.0,3000.0,2750.0,359
Gujarat,Surat,Vyra,Gram Raw(Chholia),Other,FAQ,2019-02-08 00:00:00,1400.0,1600.0,1500.0,359
Gujarat,Surat,Vyra,Gram Raw(Chholia),Other,FAQ,2019-02-26 00:00:00,1500.0,2000.0,1750.0,359
Gujarat,Surat,Vyra,Gram Raw(Chholia),Other,FAQ,2019-03-19 00:00:00,2500.0,3000.0,2750.0,359
Gujarat,Surat,Vyra,Gram Raw(Chholia),Other,FAQ,2019-03-30 00:00:00,2500.0,3000.0,2750.0,359
Gujarat,Surat,Vyra,Gram Raw(Chholia),Other,FAQ,2019-04-05 00:00:00,2500.0,3000.0,2750.0,359
Gujarat,Surat,Vyra,Gram Raw(Chholia),Other,FAQ,2019-04-08 00:00:00,2500.0,3500.0,3000.0,359
Gujarat,Surat,Vyra,Gram Raw(Chholia),Other,FAQ,2019-04-16 00:00:00,3250.0,3750.0,3500.0,359
Gujarat,Surat,Vyra,Gram Raw(Chholia),Other,FAQ,2019-04-19 00:00:00,2750.0,3250.0,3000.0,359
Gujarat,Surat,Vyra,Gram Raw(Chholia),Other,FAQ,2019-04-24 00:00:00,4000.0,5000.0,4500.0,359
Gujarat,Surat,Vyra,Gram Raw(Chholia),Other,FAQ,2019-04-27 00:00:00,2000.0,2500.0,2250.0,359
Gujarat,Surat,Vyra,Gram Raw(Chholia),Other,FAQ,2019-04-29 00:00:00,1500.0,3250.0,2350.0,359
Gujarat,Surat,Vyra,Gram Raw(Chholia),Other,FAQ,2019-05-22 00:00:00,700.0,1300.0,1000.0,359
Gujarat,Surat,Vyra,Gram Raw(Chholia),Other,FAQ,2019-06-03 00:00:00,1500.0,1750.0,1625.0,359
Gujarat,Surat,Vyra,Gram Raw(Chholia),Other,FAQ,2019-06-05 00:00:00,1500.0,2500.0,2000.0,359
Gujarat,Surat,Vyra,Gram Raw(Chholia),Other,FAQ,2019-06-08 00:00:00,2000.0,3000.0,2500.0,359
Gujarat,Surat,Vyra,Gram Raw(Chholia),Other,FAQ,2019-06-17 00:00:00,3500.0,4500.0,4000.0,359
Gujarat,Surat,Vyra,Gram Raw(Chholia),Other,FAQ,2019-07-02 00:00:00,2750.0,3000.0,2875.0,359
Gujarat,Surat,Vyra,Gram Raw(Chholia),Other,FAQ,2019-07-05 00:00:00,1750.0,2500.0,2125.0,359
Gujarat,Surat,Vyra,Gram Raw(Chholia),Other,FAQ,2019-07-06 00:00:00,1000.0,2500.0,1750.0,359
Gujarat,Surat,Vyra,Gram Raw(Chholia),Other,FAQ,2019-07-08 00:00:00,2000.0,4000.0,3000.0,359
Gujarat,Surat,Vyra,Gram Raw(Chholia),Other,FAQ,2019-07-09 00:00:00,3500.0,5000.0,4250.0,359
Gujarat,Surat,Vyra,Gram Raw(Chholia),Other,FAQ,2019-07-11 00:00:00,4500.0,5000.0,4750.0,359
Gujarat,Surat,Vyra,Gram Raw(Chholia),Other,FAQ,2019-07-23 00:00:00,3500.0,4500.0,4000.0,359
Gujarat,Surat,Vyra,Gram Raw(Chholia),Other,FAQ,2019-07-24 00:00:00,2500.0,5000.0,3750.0,359
Gujarat,Surat,Vyra,Gram Raw(Chholia),Other,FAQ,2019-08-30 00:00:00,3500.0,4000.0,3750.0,359
Gujarat,Surat,Vyra,Gram Raw(Chholia),Other,FAQ,2019-09-07 00:00:00,1500.0,2750.0,2125.0,359
Gujarat,Surat,Vyra,Gram Raw(Chholia),Other,FAQ,2019-09-18 00:00:00,3000.0,3500.0,3250.0,359
Gujarat,Surat,Vyra,Gram Raw(Chholia),Other,FAQ,2019-09-25 00:00:00,5000.0,8000.0,6500.0,359
Gujarat,Surat,Vyra,Gram Raw(Chholia),Other,FAQ,2019-09-28 00:00:00,4500.0,5000.0,4750.0,359
Gujarat,Surat,Vyra,Gram Raw(Chholia),Other,FAQ,2019-09-30 00:00:00,4500.0,5000.0,4750.0,359
Gujarat,Surat,Vyra,Gram Raw(Chholia),Other,FAQ,2019-10-12 00:00:00,6500.0,7500.0,7000.0,359
Gujarat,Surat,Vyra,Gram Raw(Chholia),Other,FAQ,2019-10-15 00:00:00,5500.0,6500.0,6000.0,359
Gujarat,Surat,Vyra,Gram Raw(Chholia),Other,FAQ,2019-10-31 00:00:00,2250.0,4500.0,3375.0,359
Gujarat,Surat,Vyra,Gram Raw(Chholia),Other,FAQ,2019-11-02 00:00:00,2500.0,3500.0,3000.0,359
Gujarat,Surat,Vyra,Gram Raw(Chholia),Other,FAQ,2019-11-16 00:00:00,4000.0,4500.0,4250.0,359
Gujarat,Surat,Vyra,Gram Raw(Chholia),Other,FAQ,2019-12-07 00:00:00,2000.0,2500.0,2250.0,359
Gujarat,Surat,Vyra,Gram Raw(Chholia),Other,FAQ,2019-12-11 00:00:00,2000.0,2500.0,2250.0,359
Gujarat,Surat,Vyra,Gram Raw(Chholia),Other,FAQ,2019-12-13 00:00:00,2500.0,3000.0,2750.0,359
Gujarat,Surat,Vyra,Gram Raw(Chholia),Other,FAQ,2019-12-18 00:00:00,2500.0,3000.0,2750.0,359
Gujarat,Surat,Vyra,Gram Raw(Chholia),Other,FAQ,2019-12-20 00:00:00,2000.0,2500.0,2250.0,359
Gujarat,Vadodara(Baroda),Vadodara(Sayajipura),Gram Raw(Chholia),Other,FAQ,2019-01-09 00:00:00,1800.0,2000.0,1900.0,359
Gujarat,Vadodara(Baroda),Vadodara(Sayajipura),Gram Raw(Chholia),Other,FAQ,2019-01-10 00:00:00,2500.0,2750.0,2650.0,359
Gujarat,Vadodara(Baroda),Vadodara(Sayajipura),Gram Raw(Chholia),Other,FAQ,2019-01-18 00:00:00,1500.0,2000.0,1800.0,359
Gujarat,Vadodara(Baroda),Vadodara(Sayajipura),Gram Raw(Chholia),Other,FAQ,2019-02-06 00:00:00,3000.0,3500.0,3300.0,359
Gujarat,Vadodara(Baroda),Vadodara(Sayajipura),Gram Raw(Chholia),Other,FAQ,2019-02-07 00:00:00,2000.0,3000.0,2550.0,359
Gujarat,Vadodara(Baroda),Vadodara(Sayajipura),Gram Raw(Chholia),Other,FAQ,2019-02-09 00:00:00,2000.0,3000.0,2500.0,359
Gujarat,Vadodara(Baroda),Vadodara(Sayajipura),Gram Raw(Chholia),Other,FAQ,2019-02-12 00:00:00,2000.0,3000.0,2550.0,359
Gujarat,Vadodara(Baroda),Vadodara(Sayajipura),Gram Raw(Chholia),Other,FAQ,2019-02-20 00:00:00,1500.0,2500.0,2050.0,359
Gujarat,Vadodara(Baroda),Vadodara(Sayajipura),Gram Raw(Chholia),Other,FAQ,2019-02-22 00:00:00,2000.0,2500.0,2300.0,359
Gujarat,Vadodara(Baroda),Vadodara(Sayajipura),Gram Raw(Chholia),Other,FAQ,2019-02-24 00:00:00,2000.0,2500.0,2300.0,359
Gujarat,Vadodara(Baroda),Vadodara(Sayajipura),Gram Raw(Chholia),Other,FAQ,2019-02-25 00:00:00,2000.0,2500.0,2250.0,359
Gujarat,Vadodara(Baroda),Vadodara(Sayajipura),Gram Raw(Chholia),Other,FAQ,2019-03-02 00:00:00,2000.0,2500.0,2250.0,359
Gujarat,Vadodara(Baroda),Vadodara(Sayajipura),Gram Raw(Chholia),Other,FAQ,2019-03-07 00:00:00,2000.0,2250.0,2150.0,359
Gujarat,Vadodara(Baroda),Vadodara(Sayajipura),Gram Raw(Chholia),Other,FAQ,2019-03-28 00:00:00,2500.0,3000.0,2800.0,359
Gujarat,Vadodara(Baroda),Vadodara(Sayajipura),Gram Raw(Chholia),Other,FAQ,2019-04-15 00:00:00,3000.0,4000.0,3550.0,359
Gujarat,Vadodara(Baroda),Vadodara(Sayajipura),Gram Raw(Chholia),Other,FAQ,2019-04-19 00:00:00,2500.0,3500.0,3500.0,359
Gujarat,Vadodara(Baroda),Vadodara(Sayajipura),Gram Raw(Chholia),Other,FAQ,2019-05-14 00:00:00,1500.0,2000.0,1800.0,359
Gujarat,Vadodara(Baroda),Vadodara(Sayajipura),Gram Raw(Chholia),Other,FAQ,2019-05-15 00:00:00,1500.0,2000.0,1800.0,359
Gujarat,Vadodara(Baroda),Vadodara(Sayajipura),Gram Raw(Chholia),Other,FAQ,2019-05-16 00:00:00,1500.0,2000.0,1800.0,359
Gujarat,Vadodara(Baroda),Vadodara(Sayajipura),Gram Raw(Chholia),Other,FAQ,2019-05-17 00:00:00,1500.0,2000.0,1800.0,359
Gujarat,Vadodara(Baroda),Vadodara(Sayajipura),Gram Raw(Chholia),Other,FAQ,2019-05-19 00:00:00,1500.0,2000.0,1800.0,359
Gujarat,Vadodara(Baroda),Vadodara(Sayajipura),Gram Raw(Chholia),Other,FAQ,2019-05-29 00:00:00,1500.0,2000.0,1800.0,359
Gujarat,Vadodara(Baroda),Vadodara(Sayajipura),Gram Raw(Chholia),Other,FAQ,2019-06-08 00:00:00,1500.0,2500.0,2050.0,359
Gujarat,Vadodara(Baroda),Vadodara(Sayajipura),Gram Raw(Chholia),Other,FAQ,2019-06-12 00:00:00,2000.0,3000.0,2550.0,359
Gujarat,Vadodara(Baroda),Vadodara(Sayajipura),Gram Raw(Chholia),Other,FAQ,2019-07-03 00:00:00,2500.0,3000.0,2800.0,359
Gujarat,Vadodara(Baroda),Vadodara(Sayajipura),Gram Raw(Chholia),Other,FAQ,2019-08-04 00:00:00,4500.0,5000.0,4550.0,359
Gujarat,Vadodara(Baroda),Vadodara(Sayajipura),Gram Raw(Chholia),Other,FAQ,2019-08-12 00:00:00,5000.0,7000.0,6050.0,359
Gujarat,Vadodara(Baroda),Vadodara(Sayajipura),Gram Raw(Chholia),Other,FAQ,2019-09-08 00:00:00,1300.0,1500.0,1450.0,359
Gujarat,Vadodara(Baroda),Vadodara(Sayajipura),Gram Raw(Chholia),Other,FAQ,2019-09-14 00:00:00,2500.0,3000.0,2800.0,359
Gujarat,Vadodara(Baroda),Vadodara(Sayajipura),Gram Raw(Chholia),Other,FAQ,2019-09-25 00:00:00,5000.0,5500.0,5300.0,359
Gujarat,Vadodara(Baroda),Vadodara(Sayajipura),Gram Raw(Chholia),Other,FAQ,2019-10-18 00:00:00,5000.0,5500.0,5300.0,359
Gujarat,Vadodara(Baroda),Vadodara(Sayajipura),Gram Raw(Chholia),Other,FAQ,2019-11-11 00:00:00,3000.0,3500.0,3300.0,359
Gujarat,Vadodara(Baroda),Vadodara(Sayajipura),Gram Raw(Chholia),Other,FAQ,2019-11-22 00:00:00,3500.0,4000.0,3800.0,359
Gujarat,Vadodara(Baroda),Vadodara(Sayajipura),Gram Raw(Chholia),Other,FAQ,2019-11-27 00:00:00,3000.0,4000.0,3550.0,359
Gujarat,Vadodara(Baroda),Vadodara(Sayajipura),Gram Raw(Chholia),Other,FAQ,2019-12-19 00:00:00,3500.0,4000.0,3800.0,359
Gujarat,Banaskanth,Deesa(Deesa Veg Yard),Gram Raw(Chholia),Other,FAQ,2025-02-15 00:00:00,6000.0,6400.0,6200.0,359
Gujarat,Banaskanth,Deesa(Deesa Veg Yard),Gram Raw(Chholia),Other,FAQ,2025-02-17 00:00:00,6000.0,6300.0,6150.0,359
Gujarat,Surat,Vyra,Gram Raw(Chholia),Other,FAQ,2025-02-01 00:00:00,6000.0,6500.0,6250.0,359
Gujarat,Surat,Vyra,Gram Raw(Chholia),Other,FAQ,2025-02-06 00:00:00,6000.0,8250.0,7125.0,359
Gujarat,Vadodara(Baroda),Vadodara(Sayajipura),Gram Raw(Chholia),Other,FAQ,2025-02-02 00:00:00,1500.0,2000.0,1800.0,359
Gujarat,Vadodara(Baroda),Vadodara(Sayajipura),Gram Raw(Chholia),Other,FAQ,2025-02-14 00:00:00,2000.0,2500.0,2300.0,359
Gujarat,Vadodara(Baroda),Vadodara(Sayajipura),Gram Raw(Chholia),Other,FAQ,2025-02-17 00:00:00,2000.0,3000.0,2500.0,359
Gujarat,Ahmedabad,Dholka,Gram Raw(Chholia),Gram Raw(Chholia),FAQ,2007-08-24 00:00:00,650.0,1110.0,900.0,359
Gujarat,Ahmedabad,Dholka,Gram Raw(Chholia),Gram Raw(Chholia),FAQ,2007-09-21 00:00:00,600.0,1100.0,875.0,359
Gujarat,Ahmedabad,Dholka,Gram Raw(Chholia),Gram Raw(Chholia),FAQ,2007-10-03 00:00:00,900.0,1350.0,1150.0,359
Gujarat,Ahmedabad,Dholka,Gram Raw(Chholia),Gram Raw(Chholia),FAQ,2007-10-22 00:00:00,800.0,1500.0,1300.0,359
Gujarat,Amreli,Dhari,Gram Raw(Chholia),Gram Raw(Chholia),FAQ,2007-03-19 00:00:00,900.0,1250.0,1125.0,359
Gujarat,Botad,Botad,Gram Raw(Chholia),Other,FAQ,2007-01-04 00:00:00,800.0,1000.0,900.0,359
Gujarat,Botad,Botad,Gram Raw(Chholia),Other,FAQ,2007-01-07 00:00:00,800.0,1600.0,1200.0,359
Gujarat,Botad,Botad,Gram Raw(Chholia),Other,FAQ,2007-01-29 00:00:00,1250.0,1500.0,1375.0,359
Gujarat,Botad,Botad,Gram Raw(Chholia),Other,FAQ,2007-02-02 00:00:00,900.0,1600.0,1250.0,359
Gujarat,Patan,"Patan(Veg,Yard Patan)",Gram Raw(Chholia),Other,FAQ,2007-08-08 00:00:00,1100.0,1400.0,1250.0,359
Gujarat,Patan,"Patan(Veg,Yard Patan)",Gram Raw(Chholia),Other,FAQ,2007-08-10 00:00:00,1000.0,1200.0,1100.0,359
Gujarat,Patan,"Patan(Veg,Yard Patan)",Gram Raw(Chholia),Other,FAQ,2007-08-13 00:00:00,1500.0,2000.0,1750.0,359
Gujarat,Patan,"Patan(Veg,Yard Patan)",Gram Raw(Chholia),Other,FAQ,2007-08-26 00:00:00,500.0,800.0,650.0,359
Gujarat,Patan,"Patan(Veg,Yard Patan)",Gram Raw(Chholia),Other,FAQ,2007-09-21 00:00:00,1000.0,1400.0,1200.0,359
Gujarat,Vadodara(Baroda),Vadodara,Gram Raw(Chholia),Other,FAQ,2007-01-05 00:00:00,300.0,600.0,450.0,359
Gujarat,Vadodara(Baroda),Vadodara,Gram Raw(Chholia),Other,FAQ,2007-01-10 00:00:00,300.0,700.0,475.0,359
Gujarat,Vadodara(Baroda),Vadodara,Gram Raw(Chholia),Other,FAQ,2007-01-11 00:00:00,300.0,650.0,450.0,359
Gujarat,Vadodara(Baroda),Vadodara,Gram Raw(Chholia),Other,FAQ,2007-01-24 00:00:00,500.0,1000.0,700.0,359
Gujarat,Vadodara(Baroda),Vadodara,Gram Raw(Chholia),Other,FAQ,2007-01-26 00:00:00,500.0,1000.0,800.0,359
Gujarat,Vadodara(Baroda),Vadodara,Gram Raw(Chholia),Other,FAQ,2007-02-05 00:00:00,400.0,1000.0,650.0,359
Gujarat,Vadodara(Baroda),Vadodara,Gram Raw(Chholia),Other,FAQ,2007-02-06 00:00:00,500.0,900.0,675.0,359
Gujarat,Vadodara(Baroda),Vadodara,Gram Raw(Chholia),Other,FAQ,2007-02-14 00:00:00,350.0,675.0,550.0,359
Gujarat,Vadodara(Baroda),Vadodara,Gram Raw(Chholia),Other,FAQ,2007-02-15 00:00:00,350.0,700.0,500.0,359
Gujarat,Vadodara(Baroda),Vadodara,Gram Raw(Chholia),Other,FAQ,2007-02-18 00:00:00,400.0,800.0,600.0,359
Gujarat,Vadodara(Baroda),Vadodara,Gram Raw(Chholia),Other,FAQ,2007-02-20 00:00:00,400.0,750.0,575.0,359
Gujarat,Vadodara(Baroda),Vadodara,Gram Raw(Chholia),Other,FAQ,2007-02-21 00:00:00,400.0,650.0,500.0,359
Gujarat,Vadodara(Baroda),Vadodara,Gram Raw(Chholia),Other,FAQ,2007-02-22 00:00:00,500.0,800.0,650.0,359
Gujarat,Vadodara(Baroda),Vadodara,Gram Raw(Chholia),Other,FAQ,2007-02-24 00:00:00,500.0,800.0,625.0,359
Gujarat,Vadodara(Baroda),Vadodara,Gram Raw(Chholia),Other,FAQ,2007-03-05 00:00:00,500.0,800.0,625.0,359
Gujarat,Vadodara(Baroda),Vadodara,Gram Raw(Chholia),Other,FAQ,2007-03-12 00:00:00,500.0,1000.0,725.0,359
Gujarat,Vadodara(Baroda),Vadodara,Gram Raw(Chholia),Other,FAQ,2007-03-16 00:00:00,600.0,1000.0,750.0,359
Gujarat,Vadodara(Baroda),Vadodara,Gram Raw(Chholia),Other,FAQ,2007-03-24 00:00:00,500.0,900.0,650.0,359
Gujarat,Vadodara(Baroda),Vadodara,Gram Raw(Chholia),Other,FAQ,2007-03-29 00:00:00,500.0,1000.0,700.0,359
Gujarat,Vadodara(Baroda),Vadodara,Gram Raw(Chholia),Other,FAQ,2007-04-06 00:00:00,500.0,900.0,650.0,359
Gujarat,Vadodara(Baroda),Vadodara,Gram Raw(Chholia),Other,FAQ,2007-04-15 00:00:00,400.0,900.0,550.0,359
Gujarat,Vadodara(Baroda),Vadodara,Gram Raw(Chholia),Other,FAQ,2007-04-18 00:00:00,400.0,800.0,500.0,359
Gujarat,Vadodara(Baroda),Vadodara,Gram Raw(Chholia),Other,FAQ,2007-04-22 00:00:00,400.0,1000.0,700.0,359
Gujarat,Vadodara(Baroda),Vadodara,Gram Raw(Chholia),Other,FAQ,2007-04-27 00:00:00,400.0,900.0,650.0,359
Gujarat,Vadodara(Baroda),Vadodara,Gram Raw(Chholia),Other,FAQ,2007-05-03 00:00:00,500.0,900.0,600.0,359
Gujarat,Vadodara(Baroda),Vadodara,Gram Raw(Chholia),Other,FAQ,2007-05-13 00:00:00,500.0,1000.0,625.0,359
Gujarat,Vadodara(Baroda),Vadodara,Gram Raw(Chholia),Other,FAQ,2007-05-23 00:00:00,500.0,1000.0,750.0,359
Gujarat,Vadodara(Baroda),Vadodara,Gram Raw(Chholia),Other,FAQ,2007-05-25 00:00:00,500.0,1000.0,700.0,359
Gujarat,Vadodara(Baroda),Vadodara,Gram Raw(Chholia),Other,FAQ,2007-05-27 00:00:00,500.0,1000.0,725.0,359
Gujarat,Vadodara(Baroda),Vadodara,Gram Raw(Chholia),Other,FAQ,2007-05-29 00:00:00,500.0,1000.0,725.0,359
Gujarat,Vadodara(Baroda),Vadodara,Gram Raw(Chholia),Other,FAQ,2007-05-30 00:00:00,500.0,1100.0,750.0,359
Gujarat,Vadodara(Baroda),Vadodara,Gram Raw(Chholia),Other,FAQ,2007-06-03 00:00:00,500.0,1000.0,750.0,359
Gujarat,Vadodara(Baroda),Vadodara,Gram Raw(Chholia),Other,FAQ,2007-06-12 00:00:00,350.0,800.0,550.0,359
Gujarat,Vadodara(Baroda),Vadodara,Gram Raw(Chholia),Other,FAQ,2007-06-13 00:00:00,350.0,900.0,600.0,359
Gujarat,Vadodara(Baroda),Vadodara,Gram Raw(Chholia),Other,FAQ,2007-06-20 00:00:00,500.0,1250.0,800.0,359
Gujarat,Vadodara(Baroda),Vadodara,Gram Raw(Chholia),Other,FAQ,2007-06-26 00:00:00,500.0,1750.0,1100.0,359
Gujarat,Vadodara(Baroda),Vadodara,Gram Raw(Chholia),Other,FAQ,2007-06-28 00:00:00,500.0,1600.0,1000.0,359
Gujarat,Vadodara(Baroda),Vadodara,Gram Raw(Chholia),Other,FAQ,2007-06-29 00:00:00,500.0,1500.0,1000.0,359
Gujarat,Vadodara(Baroda),Vadodara,Gram Raw(Chholia),Other,FAQ,2007-07-01 00:00:00,500.0,1500.0,900.0,359
Gujarat,Vadodara(Baroda),Vadodara,Gram Raw(Chholia),Other,FAQ,2007-07-03 00:00:00,500.0,1100.0,750.0,359
Gujarat,Vadodara(Baroda),Vadodara,Gram Raw(Chholia),Other,FAQ,2007-07-12 00:00:00,500.0,1500.0,1000.0,359
Gujarat,Vadodara(Baroda),Vadodara,Gram Raw(Chholia),Other,FAQ,2007-07-14 00:00:00,500.0,1500.0,1000.0,359
Gujarat,Vadodara(Baroda),Vadodara,Gram Raw(Chholia),Other,FAQ,2007-07-15 00:00:00,700.0,1500.0,1050.0,359
Gujarat,Vadodara(Baroda),Vadodara,Gram Raw(Chholia),Other,FAQ,2007-07-20 00:00:00,600.0,1750.0,1100.0,359
Gujarat,Vadodara(Baroda),Vadodara(Sayajipura),Gram Raw(Chholia),Other,FAQ,2007-07-29 00:00:00,500.0,1100.0,725.0,359
Gujarat,Vadodara(Baroda),Vadodara(Sayajipura),Gram Raw(Chholia),Other,FAQ,2007-08-01 00:00:00,400.0,750.0,500.0,359
Gujarat,Vadodara(Baroda),Vadodara(Sayajipura),Gram Raw(Chholia),Other,FAQ,2007-08-12 00:00:00,500.0,1000.0,700.0,359
Gujarat,Vadodara(Baroda),Vadodara(Sayajipura),Gram Raw(Chholia),Other,FAQ,2007-08-20 00:00:00,400.0,750.0,550.0,359
Gujarat,Vadodara(Baroda),Vadodara(Sayajipura),Gram Raw(Chholia),Other,FAQ,2007-09-02 00:00:00,200.0,400.0,300.0,359
Gujarat,Vadodara(Baroda),Vadodara(Sayajipura),Gram Raw(Chholia),Other,FAQ,2007-09-11 00:00:00,400.0,1000.0,700.0,359
Gujarat,Vadodara(Baroda),Vadodara(Sayajipura),Gram Raw(Chholia),Other,FAQ,2007-09-18 00:00:00,500.0,1000.0,775.0,359
Gujarat,Vadodara(Baroda),Vadodara(Sayajipura),Gram Raw(Chholia),Other,FAQ,2007-09-26 00:00:00,500.0,1000.0,725.0,359
Gujarat,Vadodara(Baroda),Vadodara(Sayajipura),Gram Raw(Chholia),Other,FAQ,2007-10-04 00:00:00,500.0,1500.0,975.0,359
Gujarat,Vadodara(Baroda),Vadodara(Sayajipura),Gram Raw(Chholia),Other,FAQ,2007-10-07 00:00:00,1000.0,1500.0,1225.0,359
Gujarat,Vadodara(Baroda),Vadodara(Sayajipura),Gram Raw(Chholia),Other,FAQ,2007-10-08 00:00:00,1000.0,1300.0,1100.0,359
Gujarat,Vadodara(Baroda),Vadodara(Sayajipura),Gram Raw(Chholia),Other,FAQ,2007-10-20 00:00:00,1000.0,1500.0,1250.0,359
Gujarat,Vadodara(Baroda),Vadodara(Sayajipura),Gram Raw(Chholia),Other,FAQ,2007-10-21 00:00:00,1000.0,1500.0,1250.0,359
Gujarat,Vadodara(Baroda),Vadodara(Sayajipura),Gram Raw(Chholia),Other,FAQ,2007-11-12 00:00:00,500.0,1000.0,700.0,359
Gujarat,Vadodara(Baroda),Vadodara(Sayajipura),Gram Raw(Chholia),Other,FAQ,2007-11-13 00:00:00,500.0,700.0,625.0,359
Gujarat,Vadodara(Baroda),Vadodara(Sayajipura),Gram Raw(Chholia),Other,FAQ,2007-11-16 00:00:00,400.0,700.0,600.0,359
Gujarat,Vadodara(Baroda),Vadodara(Sayajipura),Gram Raw(Chholia),Other,FAQ,2007-11-18 00:00:00,500.0,800.0,650.0,359
Gujarat,Vadodara(Baroda),Vadodara(Sayajipura),Gram Raw(Chholia),Other,FAQ,2007-12-01 00:00:00,800.0,1000.0,900.0,359
Gujarat,Vadodara(Baroda),Vadodara(Sayajipura),Gram Raw(Chholia),Other,FAQ,2007-12-07 00:00:00,500.0,900.0,800.0,359
Gujarat,Vadodara(Baroda),Vadodara(Sayajipura),Gram Raw(Chholia),Other,FAQ,2007-12-21 00:00:00,400.0,800.0,650.0,359
Gujarat,Vadodara(Baroda),Vadodara(Sayajipura),Gram Raw(Chholia),Other,FAQ,2007-12-23 00:00:00,500.0,1000.0,800.0,359
Gujarat,Vadodara(Baroda),Vadodara(Sayajipura),Gram Raw(Chholia),Other,FAQ,2007-12-24 00:00:00,500.0,900.0,750.0,359
Gujarat,Vadodara(Baroda),Vadodara(Sayajipura),Gram Raw(Chholia),Other,FAQ,2007-12-26 00:00:00,500.0,800.0,650.0,359
Gujarat,Vadodara(Baroda),Vadodara(Sayajipura),Gram Raw(Chholia),Other,FAQ,2007-12-31 00:00:00,500.0,700.0,650.0,359
Gujarat,Ahmedabad,Dholka,Gram Raw(Chholia),Gram Raw(Chholia),FAQ,2007-10-01 00:00:00,700.0,1100.0,900.0,359
Gujarat,Ahmedabad,Dholka,Gram Raw(Chholia),Gram Raw(Chholia),FAQ,2007-10-12 00:00:00,900.0,1400.0,1200.0,359
Gujarat,Ahmedabad,Dholka,Gram Raw(Chholia),Gram Raw(Chholia),FAQ,2007-10-16 00:00:00,1100.0,1500.0,1300.0,359
Gujarat,Ahmedabad,Dholka,Gram Raw(Chholia),Gram Raw(Chholia),FAQ,2007-10-24 00:00:00,850.0,1250.0,1100.0,359
Gujarat,Amreli,Dhari,Gram Raw(Chholia),Gram Raw(Chholia),FAQ,2007-03-16 00:00:00,900.0,1200.0,1000.0,359
Gujarat,Amreli,Dhari,Gram Raw(Chholia),Gram Raw(Chholia),FAQ,2007-03-17 00:00:00,750.0,1200.0,925.0,359
Gujarat,Botad,Botad,Gram Raw(Chholia),Other,FAQ,2007-01-01 00:00:00,750.0,1250.0,1000.0,359
Gujarat,Botad,Botad,Gram Raw(Chholia),Other,FAQ,2007-01-28 00:00:00,1000.0,1500.0,1250.0,359
Gujarat,Botad,Botad,Gram Raw(Chholia),Other,FAQ,2007-01-30 00:00:00,950.0,1650.0,1300.0,359
Gujarat,Patan,"Patan(Veg,Yard Patan)",Gram Raw(Chholia),Other,FAQ,2007-08-02 00:00:00,1000.0,1500.0,1250.0,359
Gujarat,Patan,"Patan(Veg,Yard Patan)",Gram Raw(Chholia),Other,FAQ,2007-08-12 00:00:00,1000.0,1500.0,1250.0,359
Gujarat,Patan,"Patan(Veg,Yard Patan)",Gram Raw(Chholia),Other,FAQ,2007-08-24 00:00:00,500.0,700.0,600.0,359
Gujarat,Patan,"Patan(Veg,Yard Patan)",Gram Raw(Chholia),Other,FAQ,2007-08-31 00:00:00,500.0,700.0,600.0,359
Gujarat,Patan,"Patan(Veg,Yard Patan)",Gram Raw(Chholia),Other,FAQ,2007-09-04 00:00:00,500.0,700.0,600.0,359
Gujarat,Vadodara(Baroda),Vadodara,Gram Raw(Chholia),Other,FAQ,2007-01-02 00:00:00,300.0,500.0,375.0,359
Gujarat,Vadodara(Baroda),Vadodara,Gram Raw(Chholia),Other,FAQ,2007-01-08 00:00:00,300.0,700.0,475.0,359
Gujarat,Vadodara(Baroda),Vadodara,Gram Raw(Chholia),Other,FAQ,2007-01-12 00:00:00,300.0,700.0,500.0,359
Gujarat,Vadodara(Baroda),Vadodara,Gram Raw(Chholia),Other,FAQ,2007-01-17 00:00:00,350.0,750.0,550.0,359
Gujarat,Vadodara(Baroda),Vadodara,Gram Raw(Chholia),Other,FAQ,2007-01-19 00:00:00,350.0,800.0,575.0,359
Gujarat,Vadodara(Baroda),Vadodara,Gram Raw(Chholia),Other,FAQ,2007-01-20 00:00:00,400.0,900.0,650.0,359
Gujarat,Vadodara(Baroda),Vadodara,Gram Raw(Chholia),Other,FAQ,2007-01-22 00:00:00,500.0,1000.0,700.0,359
Gujarat,Vadodara(Baroda),Vadodara,Gram Raw(Chholia),Other,FAQ,2007-01-30 00:00:00,500.0,1000.0,700.0,359
Gujarat,Vadodara(Baroda),Vadodara,Gram Raw(Chholia),Other,FAQ,2007-01-31 00:00:00,600.0,900.0,825.0,359
Gujarat,Vadodara(Baroda),Vadodara,Gram Raw(Chholia),Other,FAQ,2007-02-02 00:00:00,500.0,850.0,750.0,359
Gujarat,Vadodara(Baroda),Vadodara,Gram Raw(Chholia),Other,FAQ,2007-02-08 00:00:00,400.0,700.0,650.0,359
Gujarat,Vadodara(Baroda),Vadodara,Gram Raw(Chholia),Other,FAQ,2007-02-09 00:00:00,400.0,750.0,575.0,359
Gujarat,Vadodara(Baroda),Vadodara,Gram Raw(Chholia),Other,FAQ,2007-02-12 00:00:00,500.0,950.0,700.0,359
Gujarat,Vadodara(Baroda),Vadodara,Gram Raw(Chholia),Other,FAQ,2007-02-23 00:00:00,500.0,800.0,650.0,359
Gujarat,Vadodara(Baroda),Vadodara,Gram Raw(Chholia),Other,FAQ,2007-02-25 00:00:00,500.0,1100.0,775.0,359
Gujarat,Vadodara(Baroda),Vadodara,Gram Raw(Chholia),Other,FAQ,2007-03-08 00:00:00,500.0,900.0,675.0,359
Gujarat,Vadodara(Baroda),Vadodara,Gram Raw(Chholia),Other,FAQ,2007-03-22 00:00:00,500.0,850.0,675.0,359
Gujarat,Vadodara(Baroda),Vadodara,Gram Raw(Chholia),Other,FAQ,2007-03-23 00:00:00,500.0,1000.0,725.0,359
Gujarat,Vadodara(Baroda),Vadodara,Gram Raw(Chholia),Other,FAQ,2007-03-25 00:00:00,500.0,1000.0,700.0,359
Gujarat,Vadodara(Baroda),Vadodara,Gram Raw(Chholia),Other,FAQ,2007-03-28 00:00:00,500.0,800.0,625.0,359
Gujarat,Vadodara(Baroda),Vadodara,Gram Raw(Chholia),Other,FAQ,2007-04-26 00:00:00,400.0,800.0,575.0,359
Gujarat,Vadodara(Baroda),Vadodara,Gram Raw(Chholia),Other,FAQ,2007-04-28 00:00:00,400.0,900.0,650.0,359
Gujarat,Vadodara(Baroda),Vadodara,Gram Raw(Chholia),Other,FAQ,2007-04-29 00:00:00,400.0,800.0,600.0,359
Gujarat,Vadodara(Baroda),Vadodara,Gram Raw(Chholia),Other,FAQ,2007-05-04 00:00:00,400.0,1000.0,650.0,359
Gujarat,Vadodara(Baroda),Vadodara,Gram Raw(Chholia),Other,FAQ,2007-05-12 00:00:00,500.0,1000.0,650.0,359
Gujarat,Vadodara(Baroda),Vadodara,Gram Raw(Chholia),Other,FAQ,2007-06-01 00:00:00,500.0,900.0,700.0,359
Gujarat,Vadodara(Baroda),Vadodara,Gram Raw(Chholia),Other,FAQ,2007-06-04 00:00:00,500.0,1000.0,700.0,359
Gujarat,Vadodara(Baroda),Vadodara,Gram Raw(Chholia),Other,FAQ,2007-06-05 00:00:00,500.0,1000.0,700.0,359
Gujarat,Vadodara(Baroda),Vadodara,Gram Raw(Chholia),Other,FAQ,2007-06-23 00:00:00,500.0,1500.0,800.0,359
Gujarat,Vadodara(Baroda),Vadodara,Gram Raw(Chholia),Other,FAQ,2007-06-24 00:00:00,500.0,1500.0,900.0,359
Gujarat,Vadodara(Baroda),Vadodara,Gram Raw(Chholia),Other,FAQ,2007-06-27 00:00:00,500.0,1650.0,1050.0,359
Gujarat,Vadodara(Baroda),Vadodara,Gram Raw(Chholia),Other,FAQ,2007-07-04 00:00:00,500.0,1100.0,750.0,359
Gujarat,Vadodara(Baroda),Vadodara,Gram Raw(Chholia),Other,FAQ,2007-07-06 00:00:00,500.0,1000.0,700.0,359
Gujarat,Vadodara(Baroda),Vadodara,Gram Raw(Chholia),Other,FAQ,2007-07-07 00:00:00,500.0,1150.0,750.0,359
Gujarat,Vadodara(Baroda),Vadodara,Gram Raw(Chholia),Other,FAQ,2007-07-16 00:00:00,650.0,1250.0,900.0,359
Gujarat,Vadodara(Baroda),Vadodara,Gram Raw(Chholia),Other,FAQ,2007-07-23 00:00:00,600.0,1400.0,925.0,359
Gujarat,Vadodara(Baroda),Vadodara(Sayajipura),Gram Raw(Chholia),Other,FAQ,2007-07-24 00:00:00,500.0,1300.0,875.0,359
Gujarat,Vadodara(Baroda),Vadodara(Sayajipura),Gram Raw(Chholia),Other,FAQ,2007-07-27 00:00:00,500.0,1250.0,750.0,359
Gujarat,Vadodara(Baroda),Vadodara(Sayajipura),Gram Raw(Chholia),Other,FAQ,2007-08-02 00:00:00,400.0,600.0,400.0,359
Gujarat,Vadodara(Baroda),Vadodara(Sayajipura),Gram Raw(Chholia),Other,FAQ,2007-08-13 00:00:00,500.0,1000.0,725.0,359
Gujarat,Vadodara(Baroda),Vadodara(Sayajipura),Gram Raw(Chholia),Other,FAQ,2007-08-18 00:00:00,500.0,1000.0,700.0,359
Gujarat,Vadodara(Baroda),Vadodara(Sayajipura),Gram Raw(Chholia),Other,FAQ,2007-08-19 00:00:00,400.0,700.0,500.0,359
Gujarat,Vadodara(Baroda),Vadodara(Sayajipura),Gram Raw(Chholia),Other,FAQ,2007-08-21 00:00:00,400.0,700.0,500.0,359
Gujarat,Vadodara(Baroda),Vadodara(Sayajipura),Gram Raw(Chholia),Other,FAQ,2007-08-26 00:00:00,400.0,800.0,625.0,359
Gujarat,Vadodara(Baroda),Vadodara(Sayajipura),Gram Raw(Chholia),Other,FAQ,2007-08-27 00:00:00,400.0,800.0,600.0,359
Gujarat,Vadodara(Baroda),Vadodara(Sayajipura),Gram Raw(Chholia),Other,FAQ,2007-08-29 00:00:00,400.0,700.0,550.0,359
Gujarat,Vadodara(Baroda),Vadodara(Sayajipura),Gram Raw(Chholia),Other,FAQ,2007-08-31 00:00:00,400.0,900.0,550.0,359
Gujarat,Vadodara(Baroda),Vadodara(Sayajipura),Gram Raw(Chholia),Other,FAQ,2007-09-04 00:00:00,250.0,600.0,500.0,359
Gujarat,Vadodara(Baroda),Vadodara(Sayajipura),Gram Raw(Chholia),Other,FAQ,2007-09-15 00:00:00,400.0,1000.0,750.0,359
Gujarat,Vadodara(Baroda),Vadodara(Sayajipura),Gram Raw(Chholia),Other,FAQ,2007-09-17 00:00:00,500.0,1000.0,625.0,359
Gujarat,Vadodara(Baroda),Vadodara(Sayajipura),Gram Raw(Chholia),Other,FAQ,2007-09-21 00:00:00,500.0,900.0,700.0,359
Gujarat,Vadodara(Baroda),Vadodara(Sayajipura),Gram Raw(Chholia),Other,FAQ,2007-09-24 00:00:00,500.0,900.0,650.0,359
Gujarat,Vadodara(Baroda),Vadodara(Sayajipura),Gram Raw(Chholia),Other,FAQ,2007-10-05 00:00:00,1250.0,1750.0,1450.0,359
Gujarat,Vadodara(Baroda),Vadodara(Sayajipura),Gram Raw(Chholia),Other,FAQ,2007-10-09 00:00:00,1000.0,1500.0,1250.0,359
Gujarat,Vadodara(Baroda),Vadodara(Sayajipura),Gram Raw(Chholia),Other,FAQ,2007-10-19 00:00:00,1250.0,1750.0,1300.0,359
Gujarat,Vadodara(Baroda),Vadodara(Sayajipura),Gram Raw(Chholia),Other,FAQ,2007-10-22 00:00:00,1000.0,1500.0,1250.0,359
Gujarat,Vadodara(Baroda),Vadodara(Sayajipura),Gram Raw(Chholia),Other,FAQ,2007-10-28 00:00:00,400.0,1000.0,750.0,359
Gujarat,Vadodara(Baroda),Vadodara(Sayajipura),Gram Raw(Chholia),Other,FAQ,2007-10-29 00:00:00,500.0,1000.0,850.0,359
Gujarat,Vadodara(Baroda),Vadodara(Sayajipura),Gram Raw(Chholia),Other,FAQ,2007-11-08 00:00:00,500.0,700.0,550.0,359
Gujarat,Vadodara(Baroda),Vadodara(Sayajipura),Gram Raw(Chholia),Other,FAQ,2007-11-15 00:00:00,400.0,700.0,650.0,359
Gujarat,Vadodara(Baroda),Vadodara(Sayajipura),Gram Raw(Chholia),Other,FAQ,2007-11-23 00:00:00,500.0,900.0,750.0,359
Gujarat,Vadodara(Baroda),Vadodara(Sayajipura),Gram Raw(Chholia),Other,FAQ,2007-11-29 00:00:00,800.0,1100.0,1000.0,359
Gujarat,Vadodara(Baroda),Vadodara(Sayajipura),Gram Raw(Chholia),Other,FAQ,2007-12-02 00:00:00,600.0,1000.0,850.0,359
Gujarat,Vadodara(Baroda),Vadodara(Sayajipura),Gram Raw(Chholia),Other,FAQ,2007-12-04 00:00:00,700.0,1050.0,850.0,359
Gujarat,Vadodara(Baroda),Vadodara(Sayajipura),Gram Raw(Chholia),Other,FAQ,2007-12-09 00:00:00,500.0,1000.0,800.0,359
Gujarat,Vadodara(Baroda),Vadodara(Sayajipura),Gram Raw(Chholia),Other,FAQ,2007-12-11 00:00:00,500.0,1000.0,800.0,359
Gujarat,Vadodara(Baroda),Vadodara(Sayajipura),Gram Raw(Chholia),Other,FAQ,2007-12-14 00:00:00,600.0,1000.0,850.0,359
Gujarat,Surat,Vyra,Gram Raw(Chholia),Other,FAQ,2025-01-23 00:00:00,4500.0,5500.0,5000.0,359
Gujarat,Surat,Vyra,Gram Raw(Chholia),Other,FAQ,2025-01-27 00:00:00,6000.0,6500.0,6250.0,359
Gujarat,Vadodara(Baroda),Vadodara(Sayajipura),Gram Raw(Chholia),Other,FAQ,2025-01-22 00:00:00,2000.0,2500.0,2300.0,359
Gujarat,Vadodara(Baroda),Vadodara(Sayajipura),Gram Raw(Chholia),Other,FAQ,2024-10-07 00:00:00,8000.0,10000.0,9050.0,359
Gujarat,Vadodara(Baroda),Vadodara(Sayajipura),Gram Raw(Chholia),Other,FAQ,2024-10-15 00:00:00,8000.0,8500.0,8300.0,359
Gujarat,Vadodara(Baroda),Vadodara(Sayajipura),Gram Raw(Chholia),Other,FAQ,2024-10-09 00:00:00,8000.0,10000.0,9050.0,359
Gujarat,Banaskanth,Deesa(Deesa Veg Yard),Gram Raw(Chholia),Other,FAQ,2024-10-05 00:00:00,4000.0,5650.0,4825.0,359
Gujarat,Banaskanth,Deesa(Deesa Veg Yard),Gram Raw(Chholia),Other,FAQ,2021-03-12 00:00:00,4000.0,4600.0,4300.0,359
Gujarat,Banaskanth,Deesa(Deesa Veg Yard),Gram Raw(Chholia),Other,FAQ,2021-05-03 00:00:00,5000.0,6000.0,5500.0,359
Gujarat,Banaskanth,Deesa(Deesa Veg Yard),Gram Raw(Chholia),Other,FAQ,2021-05-18 00:00:00,600.0,1000.0,800.0,359
Gujarat,Banaskanth,Deesa(Deesa Veg Yard),Gram Raw(Chholia),Other,FAQ,2021-05-21 00:00:00,500.0,1200.0,850.0,359
Gujarat,Banaskanth,Deesa(Deesa Veg Yard),Gram Raw(Chholia),Other,FAQ,2021-05-25 00:00:00,3500.0,4000.0,3750.0,359
Gujarat,Banaskanth,Deesa(Deesa Veg Yard),Gram Raw(Chholia),Other,FAQ,2021-05-31 00:00:00,3500.0,4500.0,4000.0,359
Gujarat,Banaskanth,Deesa(Deesa Veg Yard),Gram Raw(Chholia),Other,FAQ,2021-06-05 00:00:00,4500.0,5000.0,4750.0,359
Gujarat,Banaskanth,Deesa(Deesa Veg Yard),Gram Raw(Chholia),Other,FAQ,2021-06-15 00:00:00,3000.0,4600.0,3800.0,359
Gujarat,Banaskanth,Deesa(Deesa Veg Yard),Gram Raw(Chholia),Other,FAQ,2021-07-07 00:00:00,4000.0,4800.0,4400.0,359
Gujarat,Banaskanth,Deesa(Deesa Veg Yard),Gram Raw(Chholia),Other,FAQ,2021-08-10 00:00:00,2000.0,3700.0,2850.0,359
Gujarat,Banaskanth,Deesa(Deesa Veg Yard),Gram Raw(Chholia),Other,FAQ,2021-08-24 00:00:00,3000.0,4200.0,3600.0,359
Gujarat,Banaskanth,Deesa(Deesa Veg Yard),Gram Raw(Chholia),Other,FAQ,2021-09-17 00:00:00,3500.0,4200.0,3850.0,359
Gujarat,Banaskanth,Deesa(Deesa Veg Yard),Gram Raw(Chholia),Other,FAQ,2021-09-18 00:00:00,3500.0,4250.0,3875.0,359
Gujarat,Banaskanth,Deesa(Deesa Veg Yard),Gram Raw(Chholia),Other,FAQ,2021-10-06 00:00:00,3500.0,4300.0,3900.0,359
Gujarat,Banaskanth,Deesa(Deesa Veg Yard),Gram Raw(Chholia),Other,FAQ,2021-11-12 00:00:00,5000.0,6000.0,5500.0,359
Gujarat,Banaskanth,Deesa(Deesa Veg Yard),Gram Raw(Chholia),Other,FAQ,2021-11-18 00:00:00,1750.0,2200.0,1975.0,359
Gujarat,Banaskanth,Deesa(Deesa Veg Yard),Gram Raw(Chholia),Other,FAQ,2021-11-23 00:00:00,1500.0,2500.0,2000.0,359
Gujarat,Banaskanth,Deesa(Deesa Veg Yard),Gram Raw(Chholia),Other,FAQ,2021-12-13 00:00:00,1500.0,2750.0,2125.0,359
Gujarat,Surat,Vyra,Gram Raw(Chholia),Other,FAQ,2021-05-22 00:00:00,4750.0,6500.0,5625.0,359
Gujarat,Surat,Vyra,Gram Raw(Chholia),Other,FAQ,2021-05-27 00:00:00,4250.0,4650.0,4450.0,359
Gujarat,Surat,Vyra,Gram Raw(Chholia),Other,FAQ,2021-06-12 00:00:00,3500.0,5500.0,4500.0,359
Gujarat,Surat,Vyra,Gram Raw(Chholia),Other,FAQ,2021-06-15 00:00:00,3750.0,4350.0,4050.0,359
Gujarat,Surat,Vyra,Gram Raw(Chholia),Other,FAQ,2021-06-16 00:00:00,4000.0,4500.0,4250.0,359
Gujarat,Surat,Vyra,Gram Raw(Chholia),Other,FAQ,2021-06-28 00:00:00,3000.0,3250.0,3125.0,359
Gujarat,Surat,Vyra,Gram Raw(Chholia),Other,FAQ,2021-06-30 00:00:00,2500.0,3000.0,2750.0,359
Gujarat,Surat,Vyra,Gram Raw(Chholia),Other,FAQ,2021-07-02 00:00:00,7250.0,9750.0,8500.0,359
Gujarat,Vadodara(Baroda),Vadodara(Sayajipura),Gram Raw(Chholia),Other,FAQ,2021-01-05 00:00:00,2500.0,3000.0,2800.0,359
Gujarat,Vadodara(Baroda),Vadodara(Sayajipura),Gram Raw(Chholia),Other,FAQ,2021-01-06 00:00:00,2500.0,3000.0,2800.0,359
Gujarat,Vadodara(Baroda),Vadodara(Sayajipura),Gram Raw(Chholia),Other,FAQ,2021-01-07 00:00:00,2500.0,3000.0,2800.0,359
Gujarat,Vadodara(Baroda),Vadodara(Sayajipura),Gram Raw(Chholia),Other,FAQ,2021-01-08 00:00:00,2500.0,3000.0,2800.0,359
Gujarat,Vadodara(Baroda),Vadodara(Sayajipura),Gram Raw(Chholia),Other,FAQ,2021-01-17 00:00:00,1500.0,2500.0,2200.0,359
Gujarat,Vadodara(Baroda),Vadodara(Sayajipura),Gram Raw(Chholia),Other,FAQ,2021-01-22 00:00:00,1300.0,2300.0,1900.0,359
Gujarat,Vadodara(Baroda),Vadodara(Sayajipura),Gram Raw(Chholia),Other,FAQ,2021-02-08 00:00:00,2250.0,3000.0,2650.0,359
Gujarat,Vadodara(Baroda),Vadodara(Sayajipura),Gram Raw(Chholia),Other,FAQ,2021-02-16 00:00:00,2500.0,3500.0,3050.0,359
Gujarat,Vadodara(Baroda),Vadodara(Sayajipura),Gram Raw(Chholia),Other,FAQ,2021-02-17 00:00:00,2500.0,3500.0,3050.0,359
Gujarat,Vadodara(Baroda),Vadodara(Sayajipura),Gram Raw(Chholia),Other,FAQ,2021-02-18 00:00:00,2500.0,3500.0,3050.0,359
Gujarat,Vadodara(Baroda),Vadodara(Sayajipura),Gram Raw(Chholia),Other,FAQ,2021-02-24 00:00:00,2500.0,3000.0,2800.0,359
Gujarat,Vadodara(Baroda),Vadodara(Sayajipura),Gram Raw(Chholia),Other,FAQ,2021-03-05 00:00:00,2500.0,3000.0,2800.0,359
Gujarat,Vadodara(Baroda),Vadodara(Sayajipura),Gram Raw(Chholia),Other,FAQ,2021-03-08 00:00:00,2500.0,3000.0,2800.0,359
Gujarat,Vadodara(Baroda),Vadodara(Sayajipura),Gram Raw(Chholia),Other,FAQ,2021-03-12 00:00:00,2000.0,2500.0,2400.0,359
Gujarat,Vadodara(Baroda),Vadodara(Sayajipura),Gram Raw(Chholia),Other,FAQ,2021-03-17 00:00:00,2300.0,2500.0,2400.0,359
Gujarat,Vadodara(Baroda),Vadodara(Sayajipura),Gram Raw(Chholia),Other,FAQ,2021-03-24 00:00:00,2000.0,3000.0,2550.0,359
Gujarat,Vadodara(Baroda),Vadodara(Sayajipura),Gram Raw(Chholia),Other,FAQ,2021-03-25 00:00:00,2000.0,3000.0,2550.0,359
Gujarat,Vadodara(Baroda),Vadodara(Sayajipura),Gram Raw(Chholia),Other,FAQ,2021-04-02 00:00:00,3000.0,4000.0,3550.0,359
Gujarat,Vadodara(Baroda),Vadodara(Sayajipura),Gram Raw(Chholia),Other,FAQ,2021-04-15 00:00:00,3000.0,3500.0,3300.0,359
Gujarat,Vadodara(Baroda),Vadodara(Sayajipura),Gram Raw(Chholia),Other,FAQ,2021-05-08 00:00:00,1100.0,1500.0,1350.0,359
Gujarat,Vadodara(Baroda),Vadodara(Sayajipura),Gram Raw(Chholia),Other,FAQ,2021-05-12 00:00:00,1000.0,1500.0,1300.0,359
Gujarat,Vadodara(Baroda),Vadodara(Sayajipura),Gram Raw(Chholia),Other,FAQ,2021-05-14 00:00:00,1000.0,1500.0,1300.0,359
Gujarat,Vadodara(Baroda),Vadodara(Sayajipura),Gram Raw(Chholia),Other,FAQ,2021-05-24 00:00:00,2500.0,3000.0,2800.0,359
Gujarat,Vadodara(Baroda),Vadodara(Sayajipura),Gram Raw(Chholia),Other,FAQ,2021-05-28 00:00:00,2500.0,3500.0,3050.0,359
Gujarat,Vadodara(Baroda),Vadodara(Sayajipura),Gram Raw(Chholia),Other,FAQ,2021-05-29 00:00:00,2000.0,2500.0,2300.0,359
Gujarat,Vadodara(Baroda),Vadodara(Sayajipura),Gram Raw(Chholia),Other,FAQ,2021-06-04 00:00:00,1500.0,2000.0,1800.0,359
Gujarat,Vadodara(Baroda),Vadodara(Sayajipura),Gram Raw(Chholia),Other,FAQ,2021-06-06 00:00:00,1500.0,2000.0,1800.0,359
Gujarat,Vadodara(Baroda),Vadodara(Sayajipura),Gram Raw(Chholia),Other,FAQ,2021-06-08 00:00:00,1500.0,2000.0,1800.0,359
Gujarat,Vadodara(Baroda),Vadodara(Sayajipura),Gram Raw(Chholia),Other,FAQ,2021-06-09 00:00:00,2000.0,2500.0,2300.0,359
Gujarat,Vadodara(Baroda),Vadodara(Sayajipura),Gram Raw(Chholia),Other,FAQ,2021-06-16 00:00:00,3000.0,3500.0,3300.0,359
Gujarat,Vadodara(Baroda),Vadodara(Sayajipura),Gram Raw(Chholia),Other,FAQ,2021-06-17 00:00:00,2500.0,3500.0,3050.0,359
Gujarat,Vadodara(Baroda),Vadodara(Sayajipura),Gram Raw(Chholia),Other,FAQ,2021-06-21 00:00:00,3000.0,4000.0,3550.0,359
Gujarat,Vadodara(Baroda),Vadodara(Sayajipura),Gram Raw(Chholia),Other,FAQ,2021-06-22 00:00:00,3000.0,4000.0,3550.0,359
Gujarat,Vadodara(Baroda),Vadodara(Sayajipura),Gram Raw(Chholia),Other,FAQ,2021-07-02 00:00:00,2000.0,2500.0,2300.0,359
Gujarat,Vadodara(Baroda),Vadodara(Sayajipura),Gram Raw(Chholia),Other,FAQ,2021-07-16 00:00:00,1800.0,2000.0,1950.0,359
Gujarat,Vadodara(Baroda),Vadodara(Sayajipura),Gram Raw(Chholia),Other,FAQ,2021-07-22 00:00:00,2500.0,3000.0,2800.0,359
Gujarat,Vadodara(Baroda),Vadodara(Sayajipura),Gram Raw(Chholia),Other,FAQ,2021-08-03 00:00:00,3000.0,5000.0,4050.0,359
Gujarat,Vadodara(Baroda),Vadodara(Sayajipura),Gram Raw(Chholia),Other,FAQ,2021-08-12 00:00:00,1800.0,2000.0,1950.0,359
Gujarat,Vadodara(Baroda),Vadodara(Sayajipura),Gram Raw(Chholia),Other,FAQ,2021-08-24 00:00:00,2000.0,2500.0,2300.0,359
Gujarat,Vadodara(Baroda),Vadodara(Sayajipura),Gram Raw(Chholia),Other,FAQ,2021-09-30 00:00:00,6000.0,7500.0,6800.0,359
Gujarat,Vadodara(Baroda),Vadodara(Sayajipura),Gram Raw(Chholia),Other,FAQ,2021-10-10 00:00:00,5000.0,6500.0,5800.0,359
Gujarat,Vadodara(Baroda),Vadodara(Sayajipura),Gram Raw(Chholia),Other,FAQ,2021-10-11 00:00:00,5000.0,7000.0,6050.0,359
Gujarat,Vadodara(Baroda),Vadodara(Sayajipura),Gram Raw(Chholia),Other,FAQ,2021-10-14 00:00:00,6000.0,8000.0,7050.0,359
Gujarat,Vadodara(Baroda),Vadodara(Sayajipura),Gram Raw(Chholia),Other,FAQ,2021-10-20 00:00:00,5000.0,6000.0,5550.0,359
Gujarat,Vadodara(Baroda),Vadodara(Sayajipura),Gram Raw(Chholia),Other,FAQ,2021-11-22 00:00:00,2500.0,4000.0,3300.0,359
Gujarat,Vadodara(Baroda),Vadodara(Sayajipura),Gram Raw(Chholia),Other,FAQ,2021-11-25 00:00:00,2500.0,3500.0,3050.0,359
Gujarat,Vadodara(Baroda),Vadodara(Sayajipura),Gram Raw(Chholia),Other,FAQ,2021-12-07 00:00:00,4000.0,5000.0,4550.0,359
Gujarat,Vadodara(Baroda),Vadodara(Sayajipura),Gram Raw(Chholia),Other,FAQ,2021-12-14 00:00:00,4000.0,5000.0,4555.0,359
Gujarat,Vadodara(Baroda),Vadodara(Sayajipura),Gram Raw(Chholia),Other,FAQ,2021-12-16 00:00:00,3500.0,4000.0,3800.0,359
Gujarat,Vadodara(Baroda),Vadodara(Sayajipura),Gram Raw(Chholia),Other,FAQ,2021-12-19 00:00:00,4000.0,5000.0,4550.0,359
Gujarat,Vadodara(Baroda),Vadodara(Sayajipura),Gram Raw(Chholia),Other,FAQ,2021-12-21 00:00:00,5000.0,5500.0,5300.0,359
Gujarat,Vadodara(Baroda),Vadodara(Sayajipura),Gram Raw(Chholia),Other,FAQ,2021-12-22 00:00:00,5000.0,6000.0,5550.0,359
Gujarat,Vadodara(Baroda),Vadodara(Sayajipura),Gram Raw(Chholia),Other,FAQ,2021-12-23 00:00:00,4000.0,6500.0,5300.0,359
Gujarat,Banaskanth,Deesa(Deesa Veg Yard),Gram Raw(Chholia),Other,FAQ,2024-08-02 00:00:00,8000.0,10200.0,9100.0,359
Gujarat,Banaskanth,Deesa(Deesa Veg Yard),Gram Raw(Chholia),Other,FAQ,2024-08-27 00:00:00,5000.0,7250.0,6125.0,359
Gujarat,Banaskanth,Deesa(Deesa Veg Yard),Gram Raw(Chholia),Other,FAQ,2024-08-30 00:00:00,5000.0,6000.0,5500.0,359
Gujarat,Vadodara(Baroda),Vadodara(Sayajipura),Gram Raw(Chholia),Other,FAQ,2024-08-12 00:00:00,2500.0,4000.0,3300.0,359
Gujarat,Vadodara(Baroda),Vadodara(Sayajipura),Gram Raw(Chholia),Other,FAQ,2024-08-29 00:00:00,4000.0,5000.0,4550.0,359
Gujarat,Banaskanth,Deesa(Deesa Veg Yard),Gram Raw(Chholia),Other,FAQ,2024-08-08 00:00:00,8000.0,10000.0,9000.0,359
Gujarat,Vadodara(Baroda),Vadodara(Sayajipura),Gram Raw(Chholia),Other,FAQ,2024-08-13 00:00:00,5000.0,6000.0,5550.0,359
Gujarat,Vadodara(Baroda),Vadodara(Sayajipura),Gram Raw(Chholia),Other,FAQ,2024-08-30 00:00:00,4000.0,5000.0,4500.0,359
Gujarat,Surat,Vyra,Gram Raw(Chholia),Other,FAQ,2024-12-11 00:00:00,3500.0,4000.0,3750.0,359
Gujarat,Vadodara(Baroda),Vadodara(Sayajipura),Gram Raw(Chholia),Other,FAQ,2024-12-06 00:00:00,4000.0,5500.0,4800.0,359
Gujarat,Vadodara(Baroda),Vadodara(Sayajipura),Gram Raw(Chholia),Other,FAQ,2024-12-07 00:00:00,4000.0,5000.0,4800.0,359
Gujarat,Vadodara(Baroda),Vadodara(Sayajipura),Gram Raw(Chholia),Other,FAQ,2024-12-11 00:00:00,2500.0,3750.0,3150.0,359
Gujarat,Vadodara(Baroda),Vadodara(Sayajipura),Gram Raw(Chholia),Other,FAQ,2024-12-17 00:00:00,3000.0,4000.0,3500.0,359
Gujarat,Vadodara(Baroda),Vadodara(Sayajipura),Gram Raw(Chholia),Other,FAQ,2024-12-20 00:00:00,5000.0,7000.0,6500.0,359
Gujarat,Banaskanth,Deesa(Deesa Veg Yard),Gram Raw(Chholia),Other,FAQ,2024-11-08 00:00:00,6000.0,7000.0,6500.0,359
Gujarat,Banaskanth,Deesa(Deesa Veg Yard),Gram Raw(Chholia),Other,FAQ,2024-11-11 00:00:00,6000.0,7250.0,6625.0,359
Gujarat,Vadodara(Baroda),Vadodara(Sayajipura),Gram Raw(Chholia),Other,FAQ,2024-11-08 00:00:00,6000.0,7000.0,6500.0,359
Gujarat,Vadodara(Baroda),Vadodara(Sayajipura),Gram Raw(Chholia),Other,FAQ,2024-11-25 00:00:00,3000.0,4000.0,3500.0,359
Gujarat,Vadodara(Baroda),Vadodara(Sayajipura),Gram Raw(Chholia),Other,FAQ,2024-11-29 00:00:00,3500.0,4000.0,3800.0,359
Gujarat,Vadodara(Baroda),Vadodara(Sayajipura),Gram Raw(Chholia),Other,FAQ,2024-11-30 00:00:00,3500.0,4000.0,3800.0,359
Gujarat,Ahmedabad,Dholka,Gram Raw(Chholia),Other,FAQ,2009-06-15 00:00:00,850.0,1450.0,1250.0,359
Gujarat,Ahmedabad,Dholka,Gram Raw(Chholia),Other,FAQ,2009-06-25 00:00:00,900.0,1600.0,1500.0,359
Gujarat,Ahmedabad,Dholka,Gram Raw(Chholia),Other,FAQ,2009-06-26 00:00:00,725.0,1425.0,1250.0,359
Gujarat,Ahmedabad,Dholka,Gram Raw(Chholia),Other,FAQ,2009-06-29 00:00:00,700.0,1350.0,1100.0,359
Gujarat,Ahmedabad,Dholka,Gram Raw(Chholia),Other,FAQ,2009-07-08 00:00:00,800.0,1100.0,950.0,359
Gujarat,Ahmedabad,Dholka,Gram Raw(Chholia),Other,FAQ,2009-08-01 00:00:00,800.0,1350.0,1100.0,359
Gujarat,Ahmedabad,Dholka,Gram Raw(Chholia),Other,FAQ,2009-08-07 00:00:00,600.0,1800.0,1200.0,359
Gujarat,Ahmedabad,Dholka,Gram Raw(Chholia),Other,FAQ,2009-09-12 00:00:00,750.0,1100.0,900.0,359
Gujarat,Ahmedabad,Dholka,Gram Raw(Chholia),Other,FAQ,2009-09-22 00:00:00,700.0,1500.0,1250.0,359
Gujarat,Banaskanth,Deesa(Deesa Veg Yard),Gram Raw(Chholia),Other,FAQ,2009-04-25 00:00:00,2000.0,2500.0,2250.0,359
Gujarat,Banaskanth,Deesa(Deesa Veg Yard),Gram Raw(Chholia),Other,FAQ,2009-05-02 00:00:00,1400.0,1500.0,1450.0,359
Gujarat,Banaskanth,Deesa(Deesa Veg Yard),Gram Raw(Chholia),Other,FAQ,2009-05-05 00:00:00,500.0,600.0,550.0,359
Gujarat,Banaskanth,Deesa(Deesa Veg Yard),Gram Raw(Chholia),Other,FAQ,2009-05-07 00:00:00,500.0,600.0,550.0,359
Gujarat,Banaskanth,Deesa(Deesa Veg Yard),Gram Raw(Chholia),Other,FAQ,2009-05-11 00:00:00,600.0,800.0,700.0,359
Gujarat,Banaskanth,Deesa(Deesa Veg Yard),Gram Raw(Chholia),Other,FAQ,2009-05-14 00:00:00,500.0,800.0,650.0,359
Gujarat,Banaskanth,Deesa(Deesa Veg Yard),Gram Raw(Chholia),Other,FAQ,2009-05-16 00:00:00,700.0,800.0,750.0,359
Gujarat,Banaskanth,Deesa(Deesa Veg Yard),Gram Raw(Chholia),Other,FAQ,2009-05-23 00:00:00,500.0,700.0,600.0,359
Gujarat,Banaskanth,Deesa(Deesa Veg Yard),Gram Raw(Chholia),Other,FAQ,2009-05-30 00:00:00,600.0,700.0,650.0,359
Gujarat,Banaskanth,Deesa(Deesa Veg Yard),Gram Raw(Chholia),Other,FAQ,2009-06-04 00:00:00,1000.0,1200.0,1100.0,359
Gujarat,Banaskanth,Deesa(Deesa Veg Yard),Gram Raw(Chholia),Other,FAQ,2009-06-10 00:00:00,800.0,1000.0,900.0,359
Gujarat,Banaskanth,Deesa(Deesa Veg Yard),Gram Raw(Chholia),Other,FAQ,2009-07-13 00:00:00,1000.0,1200.0,1100.0,359
Gujarat,Banaskanth,Deesa(Deesa Veg Yard),Gram Raw(Chholia),Other,FAQ,2009-07-23 00:00:00,1200.0,1400.0,1300.0,359
Gujarat,Banaskanth,Deesa(Deesa Veg Yard),Gram Raw(Chholia),Other,FAQ,2009-07-30 00:00:00,1000.0,1300.0,1150.0,359
Gujarat,Botad,Botad,Gram Raw(Chholia),Other,FAQ,2009-01-23 00:00:00,980.0,1230.0,1105.0,359
Gujarat,Botad,Botad,Gram Raw(Chholia),Other,FAQ,2009-02-10 00:00:00,500.0,1000.0,750.0,359
Gujarat,Botad,Botad,Gram Raw(Chholia),Other,FAQ,2009-02-11 00:00:00,750.0,1500.0,1125.0,359
Gujarat,Botad,Botad,Gram Raw(Chholia),Other,FAQ,2009-03-13 00:00:00,900.0,1500.0,1200.0,359
Gujarat,Botad,Botad,Gram Raw(Chholia),Other,FAQ,2009-03-22 00:00:00,800.0,1500.0,1150.0,359
Gujarat,Botad,Botad,Gram Raw(Chholia),Other,FAQ,2009-03-25 00:00:00,1000.0,1900.0,1450.0,359
Gujarat,Botad,Botad,Gram Raw(Chholia),Other,FAQ,2009-05-03 00:00:00,650.0,1150.0,900.0,359
Gujarat,Botad,Botad,Gram Raw(Chholia),Other,FAQ,2009-05-07 00:00:00,750.0,1250.0,1000.0,359
Gujarat,Botad,Botad,Gram Raw(Chholia),Other,FAQ,2009-05-09 00:00:00,750.0,1000.0,875.0,359
Gujarat,Botad,Botad,Gram Raw(Chholia),Other,FAQ,2009-05-10 00:00:00,650.0,1150.0,900.0,359
Gujarat,Botad,Botad,Gram Raw(Chholia),Other,FAQ,2009-05-11 00:00:00,500.0,1000.0,750.0,359
Gujarat,Botad,Botad,Gram Raw(Chholia),Other,FAQ,2009-05-16 00:00:00,400.0,950.0,675.0,359
Gujarat,Botad,Botad,Gram Raw(Chholia),Other,FAQ,2009-05-18 00:00:00,400.0,950.0,675.0,359
Gujarat,Botad,Botad,Gram Raw(Chholia),Other,FAQ,2009-05-20 00:00:00,500.0,1050.0,775.0,359
Gujarat,Botad,Botad,Gram Raw(Chholia),Other,FAQ,2009-05-24 00:00:00,500.0,1100.0,800.0,359
Gujarat,Botad,Botad,Gram Raw(Chholia),Other,FAQ,2009-06-14 00:00:00,650.0,1450.0,1050.0,359
Gujarat,Botad,Botad,Gram Raw(Chholia),Other,FAQ,2009-06-16 00:00:00,800.0,1750.0,1275.0,359
Gujarat,Botad,Botad,Gram Raw(Chholia),Other,FAQ,2009-07-05 00:00:00,500.0,1300.0,900.0,359
Gujarat,Botad,Botad,Gram Raw(Chholia),Other,FAQ,2009-07-09 00:00:00,300.0,1000.0,650.0,359
Gujarat,Botad,Botad,Gram Raw(Chholia),Other,FAQ,2009-07-16 00:00:00,800.0,1500.0,1150.0,359
Gujarat,Botad,Botad,Gram Raw(Chholia),Other,FAQ,2009-08-10 00:00:00,300.0,1250.0,775.0,359
Gujarat,Botad,Botad,Gram Raw(Chholia),Other,FAQ,2009-08-18 00:00:00,150.0,750.0,450.0,359
Gujarat,Botad,Botad,Gram Raw(Chholia),Other,FAQ,2009-09-01 00:00:00,250.0,750.0,500.0,359
Gujarat,Botad,Botad,Gram Raw(Chholia),Other,FAQ,2009-09-04 00:00:00,300.0,850.0,575.0,359
Gujarat,Botad,Botad,Gram Raw(Chholia),Other,FAQ,2009-09-05 00:00:00,300.0,750.0,525.0,359
Gujarat,Botad,Botad,Gram Raw(Chholia),Other,FAQ,2009-09-06 00:00:00,350.0,850.0,600.0,359
Gujarat,Botad,Botad,Gram Raw(Chholia),Other,FAQ,2009-09-08 00:00:00,400.0,850.0,625.0,359
Gujarat,Botad,Botad,Gram Raw(Chholia),Other,FAQ,2009-09-13 00:00:00,500.0,1100.0,800.0,359
Gujarat,Botad,Botad,Gram Raw(Chholia),Other,FAQ,2009-09-16 00:00:00,500.0,1100.0,800.0,359
Gujarat,Botad,Botad,Gram Raw(Chholia),Other,FAQ,2009-09-17 00:00:00,500.0,1100.0,800.0,359
Gujarat,Botad,Botad,Gram Raw(Chholia),Other,FAQ,2009-09-21 00:00:00,350.0,850.0,600.0,359
Gujarat,Botad,Botad,Gram Raw(Chholia),Other,FAQ,2009-09-27 00:00:00,300.0,800.0,550.0,359
Gujarat,Botad,Botad,Gram Raw(Chholia),Other,FAQ,2009-11-01 00:00:00,500.0,1450.0,975.0,359
Gujarat,Botad,Botad,Gram Raw(Chholia),Other,FAQ,2009-11-02 00:00:00,750.0,1500.0,1125.0,359
Gujarat,Botad,Botad,Gram Raw(Chholia),Other,FAQ,2009-11-05 00:00:00,550.0,1350.0,950.0,359
Gujarat,Botad,Botad,Gram Raw(Chholia),Other,FAQ,2009-11-06 00:00:00,500.0,1500.0,1000.0,359
Gujarat,Botad,Botad,Gram Raw(Chholia),Other,FAQ,2009-11-07 00:00:00,500.0,1350.0,925.0,359
Gujarat,Botad,Botad,Gram Raw(Chholia),Other,FAQ,2009-11-11 00:00:00,350.0,1000.0,675.0,359
Gujarat,Botad,Botad,Gram Raw(Chholia),Other,FAQ,2009-11-15 00:00:00,850.0,1500.0,1175.0,359
Gujarat,Botad,Botad,Gram Raw(Chholia),Other,FAQ,2009-11-16 00:00:00,800.0,1500.0,1150.0,359
Gujarat,Botad,Botad,Gram Raw(Chholia),Other,FAQ,2009-11-22 00:00:00,600.0,1600.0,1100.0,359
Gujarat,Botad,Botad,Gram Raw(Chholia),Other,FAQ,2009-11-27 00:00:00,750.0,1500.0,1125.0,359
Gujarat,Botad,Botad,Gram Raw(Chholia),Other,FAQ,2009-12-01 00:00:00,800.0,1500.0,1150.0,359
Gujarat,Botad,Botad,Gram Raw(Chholia),Other,FAQ,2009-12-04 00:00:00,600.0,1500.0,1050.0,359
Gujarat,Botad,Botad,Gram Raw(Chholia),Other,FAQ,2009-12-05 00:00:00,600.0,1450.0,1025.0,359
Gujarat,Botad,Botad,Gram Raw(Chholia),Other,FAQ,2009-12-08 00:00:00,850.0,1500.0,1175.0,359
Gujarat,Botad,Botad,Gram Raw(Chholia),Other,FAQ,2009-12-14 00:00:00,750.0,1150.0,950.0,359
Gujarat,Botad,Botad,Gram Raw(Chholia),Other,FAQ,2009-12-15 00:00:00,750.0,1100.0,925.0,359
Gujarat,Botad,Botad,Gram Raw(Chholia),Other,FAQ,2009-12-19 00:00:00,800.0,1300.0,1050.0,359
Gujarat,Vadodara(Baroda),Vadodara(Sayajipura),Gram Raw(Chholia),Other,FAQ,2009-01-29 00:00:00,1000.0,1200.0,1125.0,359
Gujarat,Vadodara(Baroda),Vadodara(Sayajipura),Gram Raw(Chholia),Other,FAQ,2009-02-14 00:00:00,600.0,1200.0,925.0,359
Gujarat,Vadodara(Baroda),Vadodara(Sayajipura),Gram Raw(Chholia),Other,FAQ,2009-02-27 00:00:00,400.0,800.0,625.0,359
Gujarat,Vadodara(Baroda),Vadodara(Sayajipura),Gram Raw(Chholia),Other,FAQ,2009-03-13 00:00:00,700.0,1000.0,850.0,359
Gujarat,Vadodara(Baroda),Vadodara(Sayajipura),Gram Raw(Chholia),Other,FAQ,2009-03-18 00:00:00,500.0,1100.0,850.0,359
Gujarat,Vadodara(Baroda),Vadodara(Sayajipura),Gram Raw(Chholia),Other,FAQ,2009-04-12 00:00:00,800.0,1000.0,950.0,359
Gujarat,Vadodara(Baroda),Vadodara(Sayajipura),Gram Raw(Chholia),Other,FAQ,2009-04-23 00:00:00,600.0,1000.0,825.0,359
Gujarat,Vadodara(Baroda),Vadodara(Sayajipura),Gram Raw(Chholia),Other,FAQ,2009-04-28 00:00:00,500.0,1250.0,900.0,359
Gujarat,Vadodara(Baroda),Vadodara(Sayajipura),Gram Raw(Chholia),Other,FAQ,2009-04-29 00:00:00,600.0,1150.0,900.0,359
Gujarat,Vadodara(Baroda),Vadodara(Sayajipura),Gram Raw(Chholia),Other,FAQ,2009-05-01 00:00:00,600.0,1150.0,900.0,359
Gujarat,Vadodara(Baroda),Vadodara(Sayajipura),Gram Raw(Chholia),Other,FAQ,2009-05-06 00:00:00,500.0,1000.0,775.0,359
Gujarat,Vadodara(Baroda),Vadodara(Sayajipura),Gram Raw(Chholia),Other,FAQ,2009-05-07 00:00:00,500.0,1200.0,750.0,359
Gujarat,Vadodara(Baroda),Vadodara(Sayajipura),Gram Raw(Chholia),Other,FAQ,2009-05-11 00:00:00,400.0,750.0,600.0,359
Gujarat,Vadodara(Baroda),Vadodara(Sayajipura),Gram Raw(Chholia),Other,FAQ,2009-05-12 00:00:00,500.0,1300.0,1000.0,359
Gujarat,Vadodara(Baroda),Vadodara(Sayajipura),Gram Raw(Chholia),Other,FAQ,2009-05-19 00:00:00,500.0,1100.0,900.0,359
Gujarat,Vadodara(Baroda),Vadodara(Sayajipura),Gram Raw(Chholia),Other,FAQ,2009-05-22 00:00:00,500.0,1100.0,900.0,359
Gujarat,Vadodara(Baroda),Vadodara(Sayajipura),Gram Raw(Chholia),Other,FAQ,2009-05-26 00:00:00,900.0,1300.0,950.0,359
Gujarat,Vadodara(Baroda),Vadodara(Sayajipura),Gram Raw(Chholia),Other,FAQ,2009-06-09 00:00:00,1000.0,1400.0,1250.0,359
Gujarat,Vadodara(Baroda),Vadodara(Sayajipura),Gram Raw(Chholia),Other,FAQ,2009-06-13 00:00:00,1200.0,1400.0,1300.0,359
Gujarat,Vadodara(Baroda),Vadodara(Sayajipura),Gram Raw(Chholia),Other,FAQ,2009-06-18 00:00:00,1000.0,1300.0,1150.0,359
Gujarat,Vadodara(Baroda),Vadodara(Sayajipura),Gram Raw(Chholia),Other,FAQ,2009-06-24 00:00:00,1000.0,1250.0,1100.0,359
Gujarat,Vadodara(Baroda),Vadodara(Sayajipura),Gram Raw(Chholia),Other,FAQ,2009-06-30 00:00:00,1000.0,1700.0,1350.0,359
Gujarat,Vadodara(Baroda),Vadodara(Sayajipura),Gram Raw(Chholia),Other,FAQ,2009-07-06 00:00:00,1000.0,1400.0,1225.0,359
Gujarat,Vadodara(Baroda),Vadodara(Sayajipura),Gram Raw(Chholia),Other,FAQ,2009-07-09 00:00:00,900.0,1250.0,1100.0,359
Gujarat,Vadodara(Baroda),Vadodara(Sayajipura),Gram Raw(Chholia),Other,FAQ,2009-07-24 00:00:00,1000.0,1500.0,1300.0,359
Gujarat,Vadodara(Baroda),Vadodara(Sayajipura),Gram Raw(Chholia),Other,FAQ,2009-07-26 00:00:00,1000.0,1750.0,1400.0,359
Gujarat,Vadodara(Baroda),Vadodara(Sayajipura),Gram Raw(Chholia),Other,FAQ,2009-07-27 00:00:00,1000.0,1750.0,1400.0,359
Gujarat,Vadodara(Baroda),Vadodara(Sayajipura),Gram Raw(Chholia),Other,FAQ,2009-07-31 00:00:00,1400.0,1800.0,1600.0,359
Gujarat,Vadodara(Baroda),Vadodara(Sayajipura),Gram Raw(Chholia),Other,FAQ,2009-08-17 00:00:00,500.0,900.0,725.0,359
Gujarat,Vadodara(Baroda),Vadodara(Sayajipura),Gram Raw(Chholia),Other,FAQ,2009-08-23 00:00:00,400.0,600.0,525.0,359
Gujarat,Vadodara(Baroda),Vadodara(Sayajipura),Gram Raw(Chholia),Other,FAQ,2009-08-24 00:00:00,500.0,600.0,575.0,359
Gujarat,Vadodara(Baroda),Vadodara(Sayajipura),Gram Raw(Chholia),Other,FAQ,2009-08-26 00:00:00,400.0,500.0,475.0,359
Gujarat,Vadodara(Baroda),Vadodara(Sayajipura),Gram Raw(Chholia),Other,FAQ,2009-08-27 00:00:00,500.0,650.0,600.0,359
Gujarat,Vadodara(Baroda),Vadodara(Sayajipura),Gram Raw(Chholia),Other,FAQ,2009-08-30 00:00:00,500.0,700.0,625.0,359
Gujarat,Vadodara(Baroda),Vadodara(Sayajipura),Gram Raw(Chholia),Other,FAQ,2009-09-01 00:00:00,500.0,750.0,600.0,359
Gujarat,Vadodara(Baroda),Vadodara(Sayajipura),Gram Raw(Chholia),Other,FAQ,2009-09-13 00:00:00,800.0,1400.0,1100.0,359
Gujarat,Vadodara(Baroda),Vadodara(Sayajipura),Gram Raw(Chholia),Other,FAQ,2009-09-22 00:00:00,600.0,800.0,700.0,359
Gujarat,Vadodara(Baroda),Vadodara(Sayajipura),Gram Raw(Chholia),Other,FAQ,2009-09-24 00:00:00,400.0,600.0,500.0,359
Gujarat,Vadodara(Baroda),Vadodara(Sayajipura),Gram Raw(Chholia),Other,FAQ,2009-09-30 00:00:00,500.0,1000.0,575.0,359
Gujarat,Vadodara(Baroda),Vadodara(Sayajipura),Gram Raw(Chholia),Other,FAQ,2009-10-02 00:00:00,800.0,1000.0,900.0,359
Gujarat,Vadodara(Baroda),Vadodara(Sayajipura),Gram Raw(Chholia),Other,FAQ,2009-10-07 00:00:00,700.0,1100.0,850.0,359
Gujarat,Vadodara(Baroda),Vadodara(Sayajipura),Gram Raw(Chholia),Other,FAQ,2009-10-09 00:00:00,500.0,1100.0,800.0,359
Gujarat,Vadodara(Baroda),Vadodara(Sayajipura),Gram Raw(Chholia),Other,FAQ,2009-10-13 00:00:00,750.0,1500.0,1100.0,359
Gujarat,Vadodara(Baroda),Vadodara(Sayajipura),Gram Raw(Chholia),Other,FAQ,2009-10-15 00:00:00,1000.0,1800.0,1400.0,359
Gujarat,Vadodara(Baroda),Vadodara(Sayajipura),Gram Raw(Chholia),Other,FAQ,2009-10-16 00:00:00,1100.0,1500.0,1300.0,359
Gujarat,Vadodara(Baroda),Vadodara(Sayajipura),Gram Raw(Chholia),Other,FAQ,2009-10-23 00:00:00,1250.0,1600.0,1425.0,359
Gujarat,Vadodara(Baroda),Vadodara(Sayajipura),Gram Raw(Chholia),Other,FAQ,2009-10-26 00:00:00,1300.0,1700.0,1500.0,359
Gujarat,Vadodara(Baroda),Vadodara(Sayajipura),Gram Raw(Chholia),Other,FAQ,2009-10-28 00:00:00,1300.0,1600.0,1450.0,359
Gujarat,Vadodara(Baroda),Vadodara(Sayajipura),Gram Raw(Chholia),Other,FAQ,2009-11-05 00:00:00,800.0,1250.0,1025.0,359
Gujarat,Vadodara(Baroda),Vadodara(Sayajipura),Gram Raw(Chholia),Other,FAQ,2009-11-10 00:00:00,1000.0,1200.0,1100.0,359
Gujarat,Vadodara(Baroda),Vadodara(Sayajipura),Gram Raw(Chholia),Other,FAQ,2009-11-11 00:00:00,700.0,800.0,750.0,359
Gujarat,Vadodara(Baroda),Vadodara(Sayajipura),Gram Raw(Chholia),Other,FAQ,2009-11-18 00:00:00,600.0,900.0,750.0,359
Gujarat,Vadodara(Baroda),Vadodara(Sayajipura),Gram Raw(Chholia),Other,FAQ,2009-11-26 00:00:00,1000.0,1500.0,1225.0,359
Gujarat,Vadodara(Baroda),Vadodara(Sayajipura),Gram Raw(Chholia),Other,FAQ,2009-12-04 00:00:00,900.0,1300.0,1000.0,359
Gujarat,Vadodara(Baroda),Vadodara(Sayajipura),Gram Raw(Chholia),Other,FAQ,2009-12-11 00:00:00,900.0,1300.0,1100.0,359
Gujarat,Banaskanth,Deesa(Deesa Veg Yard),Gram Raw(Chholia),Other,FAQ,2021-03-03 00:00:00,4000.0,4550.0,4275.0,359
Gujarat,Banaskanth,Deesa(Deesa Veg Yard),Gram Raw(Chholia),Other,FAQ,2021-03-10 00:00:00,4000.0,4500.0,4250.0,359
Gujarat,Banaskanth,Deesa(Deesa Veg Yard),Gram Raw(Chholia),Other,FAQ,2021-03-16 00:00:00,4000.0,4700.0,4350.0,359
Gujarat,Banaskanth,Deesa(Deesa Veg Yard),Gram Raw(Chholia),Other,FAQ,2021-04-22 00:00:00,4000.0,4500.0,4250.0,359
Gujarat,Banaskanth,Deesa(Deesa Veg Yard),Gram Raw(Chholia),Other,FAQ,2021-04-24 00:00:00,4000.0,4750.0,4375.0,359
Gujarat,Banaskanth,Deesa(Deesa Veg Yard),Gram Raw(Chholia),Other,FAQ,2021-04-28 00:00:00,4000.0,4750.0,4375.0,359
Gujarat,Banaskanth,Deesa(Deesa Veg Yard),Gram Raw(Chholia),Other,FAQ,2021-05-04 00:00:00,5000.0,6200.0,5600.0,359
Gujarat,Banaskanth,Deesa(Deesa Veg Yard),Gram Raw(Chholia),Other,FAQ,2021-05-20 00:00:00,500.0,900.0,700.0,359
Gujarat,Banaskanth,Deesa(Deesa Veg Yard),Gram Raw(Chholia),Other,FAQ,2021-06-02 00:00:00,3500.0,4750.0,4125.0,359
Gujarat,Banaskanth,Deesa(Deesa Veg Yard),Gram Raw(Chholia),Other,FAQ,2021-06-07 00:00:00,4500.0,5300.0,4900.0,359
Gujarat,Banaskanth,Deesa(Deesa Veg Yard),Gram Raw(Chholia),Other,FAQ,2021-06-16 00:00:00,3000.0,4500.0,3750.0,359
Gujarat,Banaskanth,Deesa(Deesa Veg Yard),Gram Raw(Chholia),Other,FAQ,2021-06-17 00:00:00,3000.0,4600.0,3800.0,359
Gujarat,Banaskanth,Deesa(Deesa Veg Yard),Gram Raw(Chholia),Other,FAQ,2021-07-03 00:00:00,4000.0,4750.0,4375.0,359
Gujarat,Banaskanth,Deesa(Deesa Veg Yard),Gram Raw(Chholia),Other,FAQ,2021-07-14 00:00:00,4000.0,4750.0,4375.0,359
Gujarat,Banaskanth,Deesa(Deesa Veg Yard),Gram Raw(Chholia),Other,FAQ,2021-07-20 00:00:00,4000.0,4900.0,4450.0,359
Gujarat,Banaskanth,Deesa(Deesa Veg Yard),Gram Raw(Chholia),Other,FAQ,2021-08-11 00:00:00,2000.0,3750.0,2875.0,359
Gujarat,Banaskanth,Deesa(Deesa Veg Yard),Gram Raw(Chholia),Other,FAQ,2021-08-20 00:00:00,3000.0,4000.0,3500.0,359
Gujarat,Banaskanth,Deesa(Deesa Veg Yard),Gram Raw(Chholia),Other,FAQ,2021-10-07 00:00:00,3500.0,4250.0,3875.0,359
Gujarat,Banaskanth,Deesa(Deesa Veg Yard),Gram Raw(Chholia),Other,FAQ,2021-11-26 00:00:00,1500.0,2750.0,2125.0,359
Gujarat,Banaskanth,Deesa(Deesa Veg Yard),Gram Raw(Chholia),Other,FAQ,2021-11-27 00:00:00,1500.0,2800.0,2150.0,359
Gujarat,Banaskanth,Deesa(Deesa Veg Yard),Gram Raw(Chholia),Other,FAQ,2021-11-30 00:00:00,1500.0,2800.0,2150.0,359
Gujarat,Banaskanth,Deesa(Deesa Veg Yard),Gram Raw(Chholia),Other,FAQ,2021-12-09 00:00:00,1500.0,2700.0,2100.0,359
Gujarat,Gandhinagar,Mansa(Manas Veg Yard),Gram Raw(Chholia),Other,FAQ,2021-03-06 00:00:00,5000.0,5000.0,5000.0,359
Gujarat,Surat,Vyra,Gram Raw(Chholia),Other,FAQ,2021-05-21 00:00:00,4250.0,5000.0,4625.0,359
Gujarat,Surat,Vyra,Gram Raw(Chholia),Other,FAQ,2021-06-07 00:00:00,4250.0,4600.0,4425.0,359
Gujarat,Surat,Vyra,Gram Raw(Chholia),Other,FAQ,2021-06-08 00:00:00,4000.0,4500.0,4250.0,359
Gujarat,Surat,Vyra,Gram Raw(Chholia),Other,FAQ,2021-06-26 00:00:00,2500.0,3250.0,2875.0,359
Gujarat,Surat,Vyra,Gram Raw(Chholia),Other,FAQ,2021-07-03 00:00:00,2000.0,3000.0,2500.0,359
Gujarat,Vadodara(Baroda),Vadodara(Sayajipura),Gram Raw(Chholia),Other,FAQ,2021-01-03 00:00:00,2500.0,3500.0,3050.0,359
Gujarat,Vadodara(Baroda),Vadodara(Sayajipura),Gram Raw(Chholia),Other,FAQ,2021-01-09 00:00:00,2500.0,3500.0,3050.0,359
Gujarat,Vadodara(Baroda),Vadodara(Sayajipura),Gram Raw(Chholia),Other,FAQ,2021-01-10 00:00:00,2500.0,3000.0,2800.0,359
Gujarat,Vadodara(Baroda),Vadodara(Sayajipura),Gram Raw(Chholia),Other,FAQ,2021-01-29 00:00:00,2000.0,3000.0,2550.0,359
Gujarat,Vadodara(Baroda),Vadodara(Sayajipura),Gram Raw(Chholia),Other,FAQ,2021-02-02 00:00:00,2500.0,3000.0,2800.0,359
Gujarat,Vadodara(Baroda),Vadodara(Sayajipura),Gram Raw(Chholia),Other,FAQ,2021-02-05 00:00:00,2000.0,2500.0,2350.0,359
Gujarat,Vadodara(Baroda),Vadodara(Sayajipura),Gram Raw(Chholia),Other,FAQ,2021-02-13 00:00:00,2000.0,2600.0,2400.0,359
Gujarat,Vadodara(Baroda),Vadodara(Sayajipura),Gram Raw(Chholia),Other,FAQ,2021-02-22 00:00:00,2500.0,3000.0,2800.0,359
Gujarat,Vadodara(Baroda),Vadodara(Sayajipura),Gram Raw(Chholia),Other,FAQ,2021-02-25 00:00:00,2000.0,3000.0,2550.0,359
Gujarat,Vadodara(Baroda),Vadodara(Sayajipura),Gram Raw(Chholia),Other,FAQ,2021-02-26 00:00:00,2500.0,3000.0,2800.0,359
Gujarat,Vadodara(Baroda),Vadodara(Sayajipura),Gram Raw(Chholia),Other,FAQ,2021-03-04 00:00:00,2500.0,3250.0,2900.0,359
Gujarat,Vadodara(Baroda),Vadodara(Sayajipura),Gram Raw(Chholia),Other,FAQ,2021-03-06 00:00:00,2500.0,3000.0,2800.0,359
Gujarat,Vadodara(Baroda),Vadodara(Sayajipura),Gram Raw(Chholia),Other,FAQ,2021-04-01 00:00:00,3000.0,4000.0,3550.0,359
Gujarat,Vadodara(Baroda),Vadodara(Sayajipura),Gram Raw(Chholia),Other,FAQ,2021-04-27 00:00:00,2000.0,2500.0,2300.0,359
Gujarat,Vadodara(Baroda),Vadodara(Sayajipura),Gram Raw(Chholia),Other,FAQ,2021-04-30 00:00:00,2000.0,2500.0,2300.0,359
Gujarat,Vadodara(Baroda),Vadodara(Sayajipura),Gram Raw(Chholia),Other,FAQ,2021-05-04 00:00:00,1500.0,2000.0,1800.0,359
Gujarat,Vadodara(Baroda),Vadodara(Sayajipura),Gram Raw(Chholia),Other,FAQ,2021-05-16 00:00:00,1000.0,1500.0,1300.0,359
Gujarat,Vadodara(Baroda),Vadodara(Sayajipura),Gram Raw(Chholia),Other,FAQ,2021-05-23 00:00:00,2500.0,3000.0,2800.0,359
Gujarat,Vadodara(Baroda),Vadodara(Sayajipura),Gram Raw(Chholia),Other,FAQ,2021-05-31 00:00:00,1500.0,2000.0,1800.0,359
Gujarat,Vadodara(Baroda),Vadodara(Sayajipura),Gram Raw(Chholia),Other,FAQ,2021-06-14 00:00:00,1600.0,2200.0,1950.0,359
Gujarat,Vadodara(Baroda),Vadodara(Sayajipura),Gram Raw(Chholia),Other,FAQ,2021-06-18 00:00:00,2500.0,3500.0,3050.0,359
Gujarat,Vadodara(Baroda),Vadodara(Sayajipura),Gram Raw(Chholia),Other,FAQ,2021-06-24 00:00:00,3500.0,4500.0,4050.0,359
Gujarat,Vadodara(Baroda),Vadodara(Sayajipura),Gram Raw(Chholia),Other,FAQ,2021-06-26 00:00:00,3000.0,5000.0,4050.0,359
Gujarat,Vadodara(Baroda),Vadodara(Sayajipura),Gram Raw(Chholia),Other,FAQ,2021-06-28 00:00:00,4500.0,5000.0,4800.0,359
Gujarat,Vadodara(Baroda),Vadodara(Sayajipura),Gram Raw(Chholia),Other,FAQ,2021-07-07 00:00:00,2250.0,2750.0,2550.0,359
Gujarat,Vadodara(Baroda),Vadodara(Sayajipura),Gram Raw(Chholia),Other,FAQ,2021-07-08 00:00:00,2500.0,3000.0,2800.0,359
Gujarat,Vadodara(Baroda),Vadodara(Sayajipura),Gram Raw(Chholia),Other,FAQ,2021-07-20 00:00:00,2500.0,3000.0,2800.0,359
Gujarat,Vadodara(Baroda),Vadodara(Sayajipura),Gram Raw(Chholia),Other,FAQ,2021-07-24 00:00:00,2500.0,3000.0,2800.0,359
Gujarat,Vadodara(Baroda),Vadodara(Sayajipura),Gram Raw(Chholia),Other,FAQ,2021-07-26 00:00:00,3000.0,3500.0,3300.0,359
Gujarat,Vadodara(Baroda),Vadodara(Sayajipura),Gram Raw(Chholia),Other,FAQ,2021-08-01 00:00:00,3000.0,4000.0,3550.0,359
Gujarat,Vadodara(Baroda),Vadodara(Sayajipura),Gram Raw(Chholia),Other,FAQ,2021-08-02 00:00:00,3000.0,5000.0,4050.0,359
Gujarat,Vadodara(Baroda),Vadodara(Sayajipura),Gram Raw(Chholia),Other,FAQ,2021-08-10 00:00:00,2000.0,3000.0,2550.0,359
Gujarat,Vadodara(Baroda),Vadodara(Sayajipura),Gram Raw(Chholia),Other,FAQ,2021-08-11 00:00:00,1500.0,2000.0,1800.0,359
Gujarat,Vadodara(Baroda),Vadodara(Sayajipura),Gram Raw(Chholia),Other,FAQ,2021-08-15 00:00:00,1250.0,1500.0,1450.0,359
Gujarat,Vadodara(Baroda),Vadodara(Sayajipura),Gram Raw(Chholia),Other,FAQ,2021-08-23 00:00:00,2000.0,2500.0,2300.0,359
Gujarat,Vadodara(Baroda),Vadodara(Sayajipura),Gram Raw(Chholia),Other,FAQ,2021-08-26 00:00:00,2000.0,2250.0,2150.0,359
Gujarat,Vadodara(Baroda),Vadodara(Sayajipura),Gram Raw(Chholia),Other,FAQ,2021-09-03 00:00:00,2500.0,3000.0,2800.0,359
Gujarat,Vadodara(Baroda),Vadodara(Sayajipura),Gram Raw(Chholia),Other,FAQ,2021-09-07 00:00:00,2000.0,2500.0,2300.0,359
Gujarat,Vadodara(Baroda),Vadodara(Sayajipura),Gram Raw(Chholia),Other,FAQ,2021-09-13 00:00:00,2500.0,3000.0,2800.0,359
Gujarat,Vadodara(Baroda),Vadodara(Sayajipura),Gram Raw(Chholia),Other,FAQ,2021-09-22 00:00:00,4000.0,5000.0,4550.0,359
Gujarat,Vadodara(Baroda),Vadodara(Sayajipura),Gram Raw(Chholia),Other,FAQ,2021-09-24 00:00:00,4500.0,5000.0,4800.0,359
Gujarat,Vadodara(Baroda),Vadodara(Sayajipura),Gram Raw(Chholia),Other,FAQ,2021-09-28 00:00:00,6000.0,8000.0,7050.0,359
Gujarat,Vadodara(Baroda),Vadodara(Sayajipura),Gram Raw(Chholia),Other,FAQ,2021-10-02 00:00:00,6000.0,7000.0,6550.0,359
Gujarat,Vadodara(Baroda),Vadodara(Sayajipura),Gram Raw(Chholia),Other,FAQ,2021-10-18 00:00:00,5000.0,6500.0,5800.0,359
Gujarat,Vadodara(Baroda),Vadodara(Sayajipura),Gram Raw(Chholia),Other,FAQ,2021-10-21 00:00:00,5000.0,6000.0,5550.0,359
Gujarat,Vadodara(Baroda),Vadodara(Sayajipura),Gram Raw(Chholia),Other,FAQ,2021-10-24 00:00:00,6000.0,7000.0,6550.0,359
Gujarat,Vadodara(Baroda),Vadodara(Sayajipura),Gram Raw(Chholia),Other,FAQ,2021-10-27 00:00:00,6000.0,6500.0,6300.0,359
Gujarat,Vadodara(Baroda),Vadodara(Sayajipura),Gram Raw(Chholia),Other,FAQ,2021-11-10 00:00:00,5000.0,6500.0,5800.0,359
Gujarat,Vadodara(Baroda),Vadodara(Sayajipura),Gram Raw(Chholia),Other,FAQ,2021-11-16 00:00:00,5000.0,6000.0,5550.0,359
Gujarat,Vadodara(Baroda),Vadodara(Sayajipura),Gram Raw(Chholia),Other,FAQ,2021-11-27 00:00:00,3500.0,4500.0,4050.0,359
Gujarat,Vadodara(Baroda),Vadodara(Sayajipura),Gram Raw(Chholia),Other,FAQ,2021-11-29 00:00:00,3500.0,4500.0,4050.0,359
Gujarat,Vadodara(Baroda),Vadodara(Sayajipura),Gram Raw(Chholia),Other,FAQ,2021-12-02 00:00:00,4500.0,5500.0,5050.0,359
Gujarat,Vadodara(Baroda),Vadodara(Sayajipura),Gram Raw(Chholia),Other,FAQ,2021-12-18 00:00:00,4000.0,5000.0,4550.0,359
Gujarat,Vadodara(Baroda),Vadodara(Sayajipura),Gram Raw(Chholia),Other,FAQ,2021-12-25 00:00:00,4000.0,4500.0,4300.0,359
Gujarat,Vadodara(Baroda),Vadodara(Sayajipura),Gram Raw(Chholia),Other,FAQ,2021-12-28 00:00:00,4000.0,5000.0,4550.0,359
Gujarat,Vadodara(Baroda),Vadodara(Sayajipura),Gram Raw(Chholia),Other,FAQ,2021-12-29 00:00:00,4000.0,5000.0,4550.0,359
Gujarat,Surat,Vyra,Gram Raw(Chholia),Other,FAQ,2025-01-24 00:00:00,4500.0,6500.0,5500.0,359
Gujarat,Surat,Vyra,Gram Raw(Chholia),Other,FAQ,2025-01-30 00:00:00,6000.0,7000.0,6500.0,359
Gujarat,Surat,Vyra,Gram Raw(Chholia),Other,FAQ,2025-01-31 00:00:00,6000.0,7000.0,6500.0,359
Gujarat,Vadodara(Baroda),Vadodara(Sayajipura),Gram Raw(Chholia),Other,FAQ,2025-01-26 00:00:00,2000.0,2200.0,2100.0,359
Gujarat,Banaskanth,Deesa(Deesa Veg Yard),Gram Raw(Chholia),Other,FAQ,2020-05-15 00:00:00,2000.0,2500.0,2250.0,359
Gujarat,Banaskanth,Deesa(Deesa Veg Yard),Gram Raw(Chholia),Other,FAQ,2020-05-22 00:00:00,2000.0,4000.0,3000.0,359
Gujarat,Banaskanth,Deesa(Deesa Veg Yard),Gram Raw(Chholia),Other,FAQ,2020-05-25 00:00:00,3000.0,5000.0,4000.0,359
Gujarat,Banaskanth,Deesa(Deesa Veg Yard),Gram Raw(Chholia),Other,FAQ,2020-05-27 00:00:00,3000.0,5000.0,4000.0,359
Gujarat,Banaskanth,Deesa(Deesa Veg Yard),Gram Raw(Chholia),Other,FAQ,2020-05-31 00:00:00,3500.0,4000.0,3750.0,359
Gujarat,Banaskanth,Deesa(Deesa Veg Yard),Gram Raw(Chholia),Other,FAQ,2020-06-07 00:00:00,4000.0,5000.0,4500.0,359
Gujarat,Banaskanth,Deesa(Deesa Veg Yard),Gram Raw(Chholia),Other,FAQ,2020-07-07 00:00:00,3500.0,3900.0,3700.0,359
Gujarat,Banaskanth,Deesa(Deesa Veg Yard),Gram Raw(Chholia),Other,FAQ,2020-07-28 00:00:00,2700.0,3600.0,3150.0,359
Gujarat,Banaskanth,Deesa(Deesa Veg Yard),Gram Raw(Chholia),Other,FAQ,2020-08-07 00:00:00,2800.0,3500.0,3150.0,359
Gujarat,Banaskanth,Deesa(Deesa Veg Yard),Gram Raw(Chholia),Other,FAQ,2020-08-17 00:00:00,2800.0,3550.0,3175.0,359
Gujarat,Banaskanth,Deesa(Deesa Veg Yard),Gram Raw(Chholia),Other,FAQ,2020-11-07 00:00:00,5000.0,6200.0,5600.0,359
Gujarat,Banaskanth,Deesa(Deesa Veg Yard),Gram Raw(Chholia),Other,FAQ,2020-11-08 00:00:00,5000.0,6250.0,5625.0,359
Gujarat,Banaskanth,Deesa(Deesa Veg Yard),Gram Raw(Chholia),Other,FAQ,2020-11-09 00:00:00,5000.0,6300.0,5650.0,359
Gujarat,Banaskanth,Deesa(Deesa Veg Yard),Gram Raw(Chholia),Other,FAQ,2020-11-12 00:00:00,5000.0,5600.0,5300.0,359
Gujarat,Banaskanth,Deesa(Deesa Veg Yard),Gram Raw(Chholia),Other,FAQ,2020-11-17 00:00:00,4500.0,5500.0,5000.0,359
Gujarat,Banaskanth,Deesa(Deesa Veg Yard),Gram Raw(Chholia),Other,FAQ,2020-11-18 00:00:00,4500.0,5000.0,4750.0,359
Gujarat,Gandhinagar,Mansa(Manas Veg Yard),Gram Raw(Chholia),Other,FAQ,2020-06-15 00:00:00,2500.0,3500.0,3000.0,359
Gujarat,Gandhinagar,Mansa(Manas Veg Yard),Gram Raw(Chholia),Other,FAQ,2020-06-19 00:00:00,2500.0,3500.0,3000.0,359
Gujarat,Gandhinagar,Mansa(Manas Veg Yard),Gram Raw(Chholia),Other,FAQ,2020-06-20 00:00:00,2500.0,3500.0,3000.0,359
Gujarat,Gandhinagar,Mansa(Manas Veg Yard),Gram Raw(Chholia),Other,FAQ,2020-07-27 00:00:00,2000.0,4000.0,3000.0,359
Gujarat,Gandhinagar,Mansa(Manas Veg Yard),Gram Raw(Chholia),Other,FAQ,2020-11-26 00:00:00,2000.0,3000.0,2000.0,359
Gujarat,Gandhinagar,Mansa(Manas Veg Yard),Gram Raw(Chholia),Other,FAQ,2020-12-16 00:00:00,2500.0,2500.0,2500.0,359
Gujarat,Gandhinagar,Mansa(Manas Veg Yard),Gram Raw(Chholia),Other,FAQ,2020-12-28 00:00:00,3000.0,3000.0,3000.0,359
Gujarat,Surat,Vyra,Gram Raw(Chholia),Other,FAQ,2020-01-08 00:00:00,1750.0,2250.0,2000.0,359
Gujarat,Surat,Vyra,Gram Raw(Chholia),Other,FAQ,2020-01-15 00:00:00,2000.0,2500.0,2250.0,359
Gujarat,Surat,Vyra,Gram Raw(Chholia),Other,FAQ,2020-01-28 00:00:00,1000.0,2000.0,1500.0,359
Gujarat,Surat,Vyra,Gram Raw(Chholia),Other,FAQ,2020-02-22 00:00:00,1250.0,1600.0,1455.0,359
Gujarat,Surat,Vyra,Gram Raw(Chholia),Other,FAQ,2020-02-27 00:00:00,1500.0,1750.0,1625.0,359
Gujarat,Surat,Vyra,Gram Raw(Chholia),Other,FAQ,2020-03-04 00:00:00,1400.0,2250.0,1825.0,359
Gujarat,Surat,Vyra,Gram Raw(Chholia),Other,FAQ,2020-03-07 00:00:00,1000.0,2000.0,1500.0,359
Gujarat,Surat,Vyra,Gram Raw(Chholia),Other,FAQ,2020-03-12 00:00:00,1000.0,1500.0,1250.0,359
Gujarat,Surat,Vyra,Gram Raw(Chholia),Other,FAQ,2020-03-13 00:00:00,800.0,1500.0,1150.0,359
Gujarat,Surat,Vyra,Gram Raw(Chholia),Other,FAQ,2020-03-14 00:00:00,1000.0,2000.0,1500.0,359
Gujarat,Surat,Vyra,Gram Raw(Chholia),Other,FAQ,2020-03-16 00:00:00,1500.0,2000.0,1750.0,359
Gujarat,Surat,Vyra,Gram Raw(Chholia),Other,FAQ,2020-03-26 00:00:00,2750.0,3500.0,3125.0,359
Gujarat,Surat,Vyra,Gram Raw(Chholia),Other,FAQ,2020-04-28 00:00:00,1250.0,2500.0,1875.0,359
Gujarat,Surat,Vyra,Gram Raw(Chholia),Other,FAQ,2020-05-07 00:00:00,1750.0,2000.0,1875.0,359
Gujarat,Surat,Vyra,Gram Raw(Chholia),Other,FAQ,2020-05-08 00:00:00,1300.0,2000.0,1650.0,359
Gujarat,Surat,Vyra,Gram Raw(Chholia),Other,FAQ,2020-05-15 00:00:00,1250.0,1750.0,1500.0,359
Gujarat,Surat,Vyra,Gram Raw(Chholia),Other,FAQ,2020-05-20 00:00:00,2000.0,3000.0,2500.0,359
Gujarat,Surat,Vyra,Gram Raw(Chholia),Other,FAQ,2020-05-23 00:00:00,2000.0,3000.0,2500.0,359
Gujarat,Surat,Vyra,Gram Raw(Chholia),Other,FAQ,2020-05-27 00:00:00,2250.0,3000.0,2625.0,359
Gujarat,Surat,Vyra,Gram Raw(Chholia),Other,FAQ,2020-05-29 00:00:00,1750.0,2250.0,2000.0,359
Gujarat,Surat,Vyra,Gram Raw(Chholia),Other,FAQ,2020-06-09 00:00:00,2500.0,3500.0,3000.0,359
Gujarat,Surat,Vyra,Gram Raw(Chholia),Other,FAQ,2020-06-15 00:00:00,2250.0,2750.0,2500.0,359
Gujarat,Surat,Vyra,Gram Raw(Chholia),Other,FAQ,2020-06-25 00:00:00,2250.0,2500.0,2350.0,359
Gujarat,Surat,Vyra,Gram Raw(Chholia),Other,FAQ,2020-06-30 00:00:00,1750.0,3750.0,2750.0,359
Gujarat,Vadodara(Baroda),Vadodara(Sayajipura),Gram Raw(Chholia),Other,FAQ,2020-01-03 00:00:00,2000.0,3000.0,2550.0,359
Gujarat,Vadodara(Baroda),Vadodara(Sayajipura),Gram Raw(Chholia),Other,FAQ,2020-01-04 00:00:00,2500.0,3500.0,3050.0,359
Gujarat,Vadodara(Baroda),Vadodara(Sayajipura),Gram Raw(Chholia),Other,FAQ,2020-01-06 00:00:00,2000.0,2500.0,2300.0,359
Gujarat,Vadodara(Baroda),Vadodara(Sayajipura),Gram Raw(Chholia),Other,FAQ,2020-01-07 00:00:00,2000.0,2500.0,2300.0,359
Gujarat,Vadodara(Baroda),Vadodara(Sayajipura),Gram Raw(Chholia),Other,FAQ,2020-01-17 00:00:00,1500.0,2000.0,1800.0,359
Gujarat,Vadodara(Baroda),Vadodara(Sayajipura),Gram Raw(Chholia),Other,FAQ,2020-01-19 00:00:00,1800.0,2000.0,1900.0,359
Gujarat,Vadodara(Baroda),Vadodara(Sayajipura),Gram Raw(Chholia),Other,FAQ,2020-01-20 00:00:00,2500.0,3000.0,2800.0,359
Gujarat,Vadodara(Baroda),Vadodara(Sayajipura),Gram Raw(Chholia),Other,FAQ,2020-01-26 00:00:00,2000.0,2500.0,2300.0,359
Gujarat,Vadodara(Baroda),Vadodara(Sayajipura),Gram Raw(Chholia),Other,FAQ,2020-02-06 00:00:00,2000.0,2500.0,2300.0,359
Gujarat,Vadodara(Baroda),Vadodara(Sayajipura),Gram Raw(Chholia),Other,FAQ,2020-02-22 00:00:00,1500.0,2500.0,2050.0,359
Gujarat,Vadodara(Baroda),Vadodara(Sayajipura),Gram Raw(Chholia),Other,FAQ,2020-02-24 00:00:00,1500.0,2500.0,2050.0,359
Gujarat,Vadodara(Baroda),Vadodara(Sayajipura),Gram Raw(Chholia),Other,FAQ,2020-02-29 00:00:00,1500.0,2500.0,2050.0,359
Gujarat,Vadodara(Baroda),Vadodara(Sayajipura),Gram Raw(Chholia),Other,FAQ,2020-03-02 00:00:00,1500.0,2500.0,2050.0,359
Gujarat,Vadodara(Baroda),Vadodara(Sayajipura),Gram Raw(Chholia),Other,FAQ,2020-03-12 00:00:00,2000.0,2500.0,2300.0,359
Gujarat,Vadodara(Baroda),Vadodara(Sayajipura),Gram Raw(Chholia),Other,FAQ,2020-03-16 00:00:00,2000.0,3000.0,2450.0,359
Gujarat,Vadodara(Baroda),Vadodara(Sayajipura),Gram Raw(Chholia),Other,FAQ,2020-03-20 00:00:00,2500.0,3000.0,2800.0,359
Gujarat,Vadodara(Baroda),Vadodara(Sayajipura),Gram Raw(Chholia),Other,FAQ,2020-04-23 00:00:00,2500.0,3500.0,3050.0,359
Gujarat,Vadodara(Baroda),Vadodara(Sayajipura),Gram Raw(Chholia),Other,FAQ,2020-04-29 00:00:00,3000.0,3500.0,3300.0,359
Gujarat,Vadodara(Baroda),Vadodara(Sayajipura),Gram Raw(Chholia),Other,FAQ,2020-05-09 00:00:00,2000.0,2500.0,2300.0,359
Gujarat,Vadodara(Baroda),Vadodara(Sayajipura),Gram Raw(Chholia),Other,FAQ,2020-06-03 00:00:00,1300.0,1700.0,1600.0,359
Gujarat,Vadodara(Baroda),Vadodara(Sayajipura),Gram Raw(Chholia),Other,FAQ,2020-06-16 00:00:00,2600.0,3100.0,2900.0,359
Gujarat,Vadodara(Baroda),Vadodara(Sayajipura),Gram Raw(Chholia),Other,FAQ,2020-06-30 00:00:00,1000.0,1600.0,1400.0,359
Gujarat,Vadodara(Baroda),Vadodara(Sayajipura),Gram Raw(Chholia),Other,FAQ,2020-07-01 00:00:00,900.0,1500.0,1250.0,359
Gujarat,Vadodara(Baroda),Vadodara(Sayajipura),Gram Raw(Chholia),Other,FAQ,2020-07-04 00:00:00,1500.0,2500.0,2050.0,359
Gujarat,Vadodara(Baroda),Vadodara(Sayajipura),Gram Raw(Chholia),Other,FAQ,2020-07-23 00:00:00,2000.0,3000.0,2600.0,359
Gujarat,Vadodara(Baroda),Vadodara(Sayajipura),Gram Raw(Chholia),Other,FAQ,2020-07-27 00:00:00,1200.0,2000.0,1700.0,359
Gujarat,Vadodara(Baroda),Vadodara(Sayajipura),Gram Raw(Chholia),Other,FAQ,2020-08-07 00:00:00,700.0,1600.0,1200.0,359
Gujarat,Vadodara(Baroda),Vadodara(Sayajipura),Gram Raw(Chholia),Other,FAQ,2020-08-09 00:00:00,1000.0,2000.0,1550.0,359
Gujarat,Vadodara(Baroda),Vadodara(Sayajipura),Gram Raw(Chholia),Other,FAQ,2020-08-16 00:00:00,1500.0,2000.0,1800.0,359
Gujarat,Vadodara(Baroda),Vadodara(Sayajipura),Gram Raw(Chholia),Other,FAQ,2020-11-07 00:00:00,3000.0,5000.0,4050.0,359
Gujarat,Vadodara(Baroda),Vadodara(Sayajipura),Gram Raw(Chholia),Other,FAQ,2020-11-08 00:00:00,3000.0,5000.0,4050.0,359
Gujarat,Vadodara(Baroda),Vadodara(Sayajipura),Gram Raw(Chholia),Other,FAQ,2020-11-10 00:00:00,3500.0,5000.0,4400.0,359
Gujarat,Vadodara(Baroda),Vadodara(Sayajipura),Gram Raw(Chholia),Other,FAQ,2020-11-21 00:00:00,1500.0,2000.0,1800.0,359
Gujarat,Vadodara(Baroda),Vadodara(Sayajipura),Gram Raw(Chholia),Other,FAQ,2020-11-23 00:00:00,3500.0,4000.0,3800.0,359
Gujarat,Vadodara(Baroda),Vadodara(Sayajipura),Gram Raw(Chholia),Other,FAQ,2020-11-29 00:00:00,2000.0,3000.0,2600.0,359
Gujarat,Vadodara(Baroda),Vadodara(Sayajipura),Gram Raw(Chholia),Other,FAQ,2020-11-30 00:00:00,1500.0,2500.0,2100.0,359
Gujarat,Vadodara(Baroda),Vadodara(Sayajipura),Gram Raw(Chholia),Other,FAQ,2020-12-08 00:00:00,700.0,1100.0,1000.0,359
Gujarat,Ahmedabad,Dholka(Koth),Gram Raw(Chholia),Other,FAQ,2018-06-08 00:00:00,900.0,1500.0,1300.0,359
Gujarat,Ahmedabad,Dholka(Koth),Gram Raw(Chholia),Other,FAQ,2018-06-14 00:00:00,1200.0,1500.0,1400.0,359
Gujarat,Ahmedabad,Dholka(Koth),Gram Raw(Chholia),Other,FAQ,2018-07-10 00:00:00,1000.0,1500.0,1300.0,359
Gujarat,Ahmedabad,Dholka(Koth),Gram Raw(Chholia),Other,FAQ,2018-07-18 00:00:00,1500.0,2100.0,1900.0,359
Gujarat,Ahmedabad,Dholka(Koth),Gram Raw(Chholia),Other,FAQ,2018-07-24 00:00:00,1200.0,1600.0,1400.0,359
Gujarat,Ahmedabad,Dholka(Koth),Gram Raw(Chholia),Other,FAQ,2018-08-07 00:00:00,1000.0,1400.0,1300.0,359
Gujarat,Ahmedabad,Dholka(Koth),Gram Raw(Chholia),Other,FAQ,2018-08-18 00:00:00,1200.0,1600.0,1500.0,359
Gujarat,Ahmedabad,Dholka(Koth),Gram Raw(Chholia),Other,FAQ,2018-08-30 00:00:00,800.0,1200.0,1000.0,359
Gujarat,Ahmedabad,Dholka(Koth),Gram Raw(Chholia),Other,FAQ,2018-09-18 00:00:00,1000.0,1500.0,1300.0,359
Gujarat,Ahmedabad,Dholka(Koth),Gram Raw(Chholia),Other,FAQ,2018-09-20 00:00:00,1200.0,1300.0,1250.0,359
Gujarat,Ahmedabad,Dholka(Koth),Gram Raw(Chholia),Other,FAQ,2018-09-29 00:00:00,1000.0,1300.0,1200.0,359
Gujarat,Ahmedabad,Dholka(Koth),Gram Raw(Chholia),Other,FAQ,2018-10-06 00:00:00,1000.0,1400.0,1200.0,359
Gujarat,Ahmedabad,Dholka(Koth),Gram Raw(Chholia),Other,FAQ,2018-10-15 00:00:00,1000.0,1400.0,1200.0,359
Gujarat,Ahmedabad,Dholka(Koth),Gram Raw(Chholia),Other,FAQ,2018-10-29 00:00:00,1000.0,1400.0,1200.0,359
Gujarat,Ahmedabad,Dholka(Koth),Gram Raw(Chholia),Other,FAQ,2018-11-22 00:00:00,1400.0,1600.0,1500.0,359
Gujarat,Ahmedabad,Dholka(Koth),Gram Raw(Chholia),Other,FAQ,2018-12-04 00:00:00,1200.0,1400.0,1300.0,359
Gujarat,Ahmedabad,Dholka(Koth),Gram Raw(Chholia),Other,FAQ,2018-12-18 00:00:00,1200.0,1400.0,1300.0,359
Gujarat,Ahmedabad,Dholka(Koth),Gram Raw(Chholia),Other,FAQ,2018-12-24 00:00:00,1000.0,1300.0,1200.0,359
Gujarat,Ahmedabad,Dholka(Koth),Gram Raw(Chholia),Other,FAQ,2018-12-29 00:00:00,1100.0,1300.0,1200.0,359
Gujarat,Banaskanth,Deesa(Deesa Veg Yard),Gram Raw(Chholia),Other,FAQ,2018-05-05 00:00:00,2000.0,2500.0,2250.0,359
Gujarat,Banaskanth,Deesa(Deesa Veg Yard),Gram Raw(Chholia),Other,FAQ,2018-05-12 00:00:00,1000.0,1700.0,1350.0,359
Gujarat,Banaskanth,Deesa(Deesa Veg Yard),Gram Raw(Chholia),Other,FAQ,2018-05-19 00:00:00,1500.0,2250.0,1875.0,359
Gujarat,Banaskanth,Deesa(Deesa Veg Yard),Gram Raw(Chholia),Other,FAQ,2018-05-21 00:00:00,1500.0,2250.0,1875.0,359
Gujarat,Banaskanth,Deesa(Deesa Veg Yard),Gram Raw(Chholia),Other,FAQ,2018-05-22 00:00:00,1500.0,2000.0,1750.0,359
Gujarat,Banaskanth,Deesa(Deesa Veg Yard),Gram Raw(Chholia),Other,FAQ,2018-06-08 00:00:00,1750.0,2500.0,2125.0,359
Gujarat,Banaskanth,Deesa(Deesa Veg Yard),Gram Raw(Chholia),Other,FAQ,2018-06-12 00:00:00,2000.0,2200.0,2100.0,359
Gujarat,Banaskanth,Deesa(Deesa Veg Yard),Gram Raw(Chholia),Other,FAQ,2018-08-21 00:00:00,5000.0,5500.0,5250.0,359
Gujarat,Banaskanth,Deesa(Deesa Veg Yard),Gram Raw(Chholia),Other,FAQ,2018-08-25 00:00:00,2000.0,2500.0,2250.0,359
Gujarat,Banaskanth,Deesa(Deesa Veg Yard),Gram Raw(Chholia),Other,FAQ,2018-09-01 00:00:00,2000.0,2500.0,2250.0,359
Gujarat,Banaskanth,Deesa(Deesa Veg Yard),Gram Raw(Chholia),Other,FAQ,2018-09-08 00:00:00,2000.0,2500.0,2250.0,359
Gujarat,Banaskanth,Deesa(Deesa Veg Yard),Gram Raw(Chholia),Other,FAQ,2018-09-21 00:00:00,1000.0,2000.0,1500.0,359
Gujarat,Banaskanth,Deesa(Deesa Veg Yard),Gram Raw(Chholia),Other,FAQ,2018-09-24 00:00:00,1900.0,2000.0,1950.0,359
Gujarat,Surat,Vyra,Gram Raw(Chholia),Other,FAQ,2018-01-11 00:00:00,1750.0,2000.0,1875.0,359
Gujarat,Surat,Vyra,Gram Raw(Chholia),Other,FAQ,2018-01-15 00:00:00,2500.0,3000.0,2750.0,359
Gujarat,Surat,Vyra,Gram Raw(Chholia),Other,FAQ,2018-01-24 00:00:00,2000.0,2500.0,2250.0,359
Gujarat,Surat,Vyra,Gram Raw(Chholia),Other,FAQ,2018-02-03 00:00:00,2000.0,3000.0,2500.0,359
Gujarat,Surat,Vyra,Gram Raw(Chholia),Other,FAQ,2018-02-14 00:00:00,2000.0,2500.0,2250.0,359
Gujarat,Surat,Vyra,Gram Raw(Chholia),Other,FAQ,2018-02-23 00:00:00,2000.0,2250.0,2125.0,359
Gujarat,Surat,Vyra,Gram Raw(Chholia),Other,FAQ,2018-02-24 00:00:00,1750.0,2500.0,2125.0,359
Gujarat,Surat,Vyra,Gram Raw(Chholia),Other,FAQ,2018-03-12 00:00:00,2250.0,3000.0,2625.0,359
Gujarat,Surat,Vyra,Gram Raw(Chholia),Other,FAQ,2018-03-13 00:00:00,2250.0,2750.0,2500.0,359
Gujarat,Surat,Vyra,Gram Raw(Chholia),Other,FAQ,2018-03-22 00:00:00,2500.0,3000.0,2750.0,359
Gujarat,Surat,Vyra,Gram Raw(Chholia),Other,FAQ,2018-03-30 00:00:00,2500.0,3000.0,2750.0,359
Gujarat,Surat,Vyra,Gram Raw(Chholia),Other,FAQ,2018-03-31 00:00:00,2000.0,2500.0,2250.0,359
Gujarat,Surat,Vyra,Gram Raw(Chholia),Other,FAQ,2018-04-03 00:00:00,1500.0,1900.0,1700.0,359
Gujarat,Surat,Vyra,Gram Raw(Chholia),Other,FAQ,2018-04-20 00:00:00,1250.0,2750.0,2000.0,359
Gujarat,Surat,Vyra,Gram Raw(Chholia),Other,FAQ,2018-04-21 00:00:00,1250.0,2000.0,1600.0,359
Gujarat,Surat,Vyra,Gram Raw(Chholia),Other,FAQ,2018-04-26 00:00:00,1250.0,1750.0,1500.0,359
Gujarat,Surat,Vyra,Gram Raw(Chholia),Other,FAQ,2018-05-07 00:00:00,1750.0,2000.0,1875.0,359
Gujarat,Surat,Vyra,Gram Raw(Chholia),Other,FAQ,2018-05-10 00:00:00,1000.0,2250.0,1625.0,359
Gujarat,Surat,Vyra,Gram Raw(Chholia),Other,FAQ,2018-05-18 00:00:00,1000.0,2000.0,1500.0,359
Gujarat,Surat,Vyra,Gram Raw(Chholia),Other,FAQ,2018-05-23 00:00:00,1200.0,2750.0,1900.0,359
Gujarat,Surat,Vyra,Gram Raw(Chholia),Other,FAQ,2018-06-14 00:00:00,2000.0,3250.0,2625.0,359
Gujarat,Surat,Vyra,Gram Raw(Chholia),Other,FAQ,2018-06-18 00:00:00,2500.0,4000.0,3250.0,359
Gujarat,Surat,Vyra,Gram Raw(Chholia),Other,FAQ,2018-06-20 00:00:00,2750.0,3250.0,3000.0,359
Gujarat,Surat,Vyra,Gram Raw(Chholia),Other,FAQ,2018-08-10 00:00:00,2250.0,2500.0,2375.0,359
Gujarat,Surat,Vyra,Gram Raw(Chholia),Other,FAQ,2018-08-13 00:00:00,2250.0,2500.0,2400.0,359
Gujarat,Surat,Vyra,Gram Raw(Chholia),Other,FAQ,2018-09-07 00:00:00,2500.0,4000.0,3250.0,359
Gujarat,Surat,Vyra,Gram Raw(Chholia),Other,FAQ,2018-09-13 00:00:00,2500.0,3000.0,2750.0,359
Gujarat,Surat,Vyra,Gram Raw(Chholia),Other,FAQ,2018-09-27 00:00:00,1750.0,3000.0,2375.0,359
Gujarat,Surat,Vyra,Gram Raw(Chholia),Other,FAQ,2018-10-02 00:00:00,1500.0,1750.0,1625.0,359
Gujarat,Surat,Vyra,Gram Raw(Chholia),Other,FAQ,2018-10-13 00:00:00,4500.0,5000.0,4750.0,359
Gujarat,Surat,Vyra,Gram Raw(Chholia),Other,FAQ,2018-10-16 00:00:00,4000.0,4750.0,4375.0,359
Gujarat,Surat,Vyra,Gram Raw(Chholia),Other,FAQ,2018-10-17 00:00:00,4500.0,5250.0,4875.0,359
Gujarat,Surat,Vyra,Gram Raw(Chholia),Other,FAQ,2018-10-22 00:00:00,3000.0,5000.0,4000.0,359
Gujarat,Surat,Vyra,Gram Raw(Chholia),Other,FAQ,2018-10-23 00:00:00,3500.0,4000.0,3750.0,359
Gujarat,Surat,Vyra,Gram Raw(Chholia),Other,FAQ,2018-10-25 00:00:00,4500.0,5000.0,4750.0,359
Gujarat,Surat,Vyra,Gram Raw(Chholia),Other,FAQ,2018-10-29 00:00:00,3500.0,4000.0,3750.0,359
Gujarat,Surat,Vyra,Gram Raw(Chholia),Other,FAQ,2018-10-30 00:00:00,4000.0,5000.0,4500.0,359
Gujarat,Surat,Vyra,Gram Raw(Chholia),Other,FAQ,2018-10-31 00:00:00,3000.0,3500.0,3250.0,359
Gujarat,Surat,Vyra,Gram Raw(Chholia),Other,FAQ,2018-11-13 00:00:00,2250.0,2750.0,2500.0,359
Gujarat,Surat,Vyra,Gram Raw(Chholia),Other,FAQ,2018-11-16 00:00:00,2000.0,3500.0,2750.0,359
Gujarat,Surat,Vyra,Gram Raw(Chholia),Other,FAQ,2018-11-20 00:00:00,2500.0,3500.0,3000.0,359
Gujarat,Surat,Vyra,Gram Raw(Chholia),Other,FAQ,2018-11-24 00:00:00,2000.0,2750.0,2350.0,359
Gujarat,Surat,Vyra,Gram Raw(Chholia),Other,FAQ,2018-11-29 00:00:00,2000.0,3250.0,2625.0,359
Gujarat,Surat,Vyra,Gram Raw(Chholia),Other,FAQ,2018-12-27 00:00:00,2000.0,2500.0,2250.0,359
Gujarat,Surendranagar,Muli,Gram Raw(Chholia),Other,FAQ,2018-06-01 00:00:00,4400.0,4400.0,4400.0,359
Gujarat,Vadodara(Baroda),Vadodara(Sayajipura),Gram Raw(Chholia),Other,FAQ,2018-01-23 00:00:00,1500.0,3000.0,2250.0,359
Gujarat,Vadodara(Baroda),Vadodara(Sayajipura),Gram Raw(Chholia),Other,FAQ,2018-01-29 00:00:00,2000.0,2750.0,2400.0,359
Gujarat,Vadodara(Baroda),Vadodara(Sayajipura),Gram Raw(Chholia),Other,FAQ,2018-02-08 00:00:00,2000.0,3000.0,2550.0,359
Gujarat,Vadodara(Baroda),Vadodara(Sayajipura),Gram Raw(Chholia),Other,FAQ,2018-02-13 00:00:00,2500.0,3000.0,2750.0,359
Gujarat,Vadodara(Baroda),Vadodara(Sayajipura),Gram Raw(Chholia),Other,FAQ,2018-02-14 00:00:00,2500.0,3000.0,2750.0,359
Gujarat,Vadodara(Baroda),Vadodara(Sayajipura),Gram Raw(Chholia),Other,FAQ,2018-02-19 00:00:00,2000.0,3500.0,2800.0,359
Gujarat,Vadodara(Baroda),Vadodara(Sayajipura),Gram Raw(Chholia),Other,FAQ,2018-02-21 00:00:00,2000.0,3000.0,2500.0,359
Gujarat,Vadodara(Baroda),Vadodara(Sayajipura),Gram Raw(Chholia),Other,FAQ,2018-03-15 00:00:00,2500.0,3000.0,2750.0,359
Gujarat,Vadodara(Baroda),Vadodara(Sayajipura),Gram Raw(Chholia),Other,FAQ,2018-03-19 00:00:00,1500.0,2500.0,2050.0,359
Gujarat,Vadodara(Baroda),Vadodara(Sayajipura),Gram Raw(Chholia),Other,FAQ,2018-03-20 00:00:00,1500.0,2500.0,2050.0,359
Gujarat,Vadodara(Baroda),Vadodara(Sayajipura),Gram Raw(Chholia),Other,FAQ,2018-03-23 00:00:00,2000.0,3000.0,2550.0,359
Gujarat,Vadodara(Baroda),Vadodara(Sayajipura),Gram Raw(Chholia),Other,FAQ,2018-04-03 00:00:00,2000.0,2500.0,2250.0,359
Gujarat,Vadodara(Baroda),Vadodara(Sayajipura),Gram Raw(Chholia),Other,FAQ,2018-04-09 00:00:00,2500.0,4000.0,3250.0,359
Gujarat,Vadodara(Baroda),Vadodara(Sayajipura),Gram Raw(Chholia),Other,FAQ,2018-04-10 00:00:00,2000.0,3000.0,2550.0,359
Gujarat,Vadodara(Baroda),Vadodara(Sayajipura),Gram Raw(Chholia),Other,FAQ,2018-04-14 00:00:00,2500.0,4000.0,3250.0,359
Gujarat,Vadodara(Baroda),Vadodara(Sayajipura),Gram Raw(Chholia),Other,FAQ,2018-04-15 00:00:00,2500.0,4000.0,3250.0,359
Gujarat,Vadodara(Baroda),Vadodara(Sayajipura),Gram Raw(Chholia),Other,FAQ,2018-04-21 00:00:00,2000.0,3000.0,2550.0,359
Gujarat,Vadodara(Baroda),Vadodara(Sayajipura),Gram Raw(Chholia),Other,FAQ,2018-05-02 00:00:00,1000.0,2000.0,1550.0,359
Gujarat,Vadodara(Baroda),Vadodara(Sayajipura),Gram Raw(Chholia),Other,FAQ,2018-05-06 00:00:00,800.0,1000.0,900.0,359
Gujarat,Surat,Vyra,Gram Raw(Chholia),Other,FAQ,2020-05-11 00:00:00,1500.0,2500.0,2000.0,359
Gujarat,Surat,Vyra,Gram Raw(Chholia),Other,FAQ,2020-05-13 00:00:00,1250.0,1750.0,1500.0,359
Gujarat,Surat,Vyra,Gram Raw(Chholia),Other,FAQ,2020-05-22 00:00:00,1750.0,2600.0,2175.0,359
Gujarat,Surat,Vyra,Gram Raw(Chholia),Other,FAQ,2020-06-13 00:00:00,2250.0,3250.0,2750.0,359
Gujarat,Surat,Vyra,Gram Raw(Chholia),Other,FAQ,2020-06-24 00:00:00,1400.0,2000.0,1700.0,359
Gujarat,Vadodara(Baroda),Vadodara(Sayajipura),Gram Raw(Chholia),Other,FAQ,2020-01-08 00:00:00,2000.0,2500.0,2300.0,359
Gujarat,Vadodara(Baroda),Vadodara(Sayajipura),Gram Raw(Chholia),Other,FAQ,2020-01-16 00:00:00,2000.0,2500.0,2300.0,359
Gujarat,Vadodara(Baroda),Vadodara(Sayajipura),Gram Raw(Chholia),Other,FAQ,2020-01-22 00:00:00,2000.0,2500.0,2300.0,359
Gujarat,Vadodara(Baroda),Vadodara(Sayajipura),Gram Raw(Chholia),Other,FAQ,2020-01-29 00:00:00,1500.0,2500.0,2050.0,359
Gujarat,Vadodara(Baroda),Vadodara(Sayajipura),Gram Raw(Chholia),Other,FAQ,2020-03-05 00:00:00,2000.0,2500.0,2300.0,359
Gujarat,Vadodara(Baroda),Vadodara(Sayajipura),Gram Raw(Chholia),Other,FAQ,2020-03-06 00:00:00,2000.0,2500.0,2300.0,359
Gujarat,Vadodara(Baroda),Vadodara(Sayajipura),Gram Raw(Chholia),Other,FAQ,2020-03-17 00:00:00,2500.0,3000.0,2800.0,359
Gujarat,Vadodara(Baroda),Vadodara(Sayajipura),Gram Raw(Chholia),Other,FAQ,2020-03-19 00:00:00,2500.0,3000.0,2800.0,359
Gujarat,Vadodara(Baroda),Vadodara(Sayajipura),Gram Raw(Chholia),Other,FAQ,2020-04-24 00:00:00,2500.0,3500.0,3050.0,359
Gujarat,Vadodara(Baroda),Vadodara(Sayajipura),Gram Raw(Chholia),Other,FAQ,2020-05-02 00:00:00,2800.0,3000.0,2900.0,359
Gujarat,Vadodara(Baroda),Vadodara(Sayajipura),Gram Raw(Chholia),Other,FAQ,2020-05-13 00:00:00,2500.0,3000.0,2800.0,359
Gujarat,Vadodara(Baroda),Vadodara(Sayajipura),Gram Raw(Chholia),Other,FAQ,2020-06-02 00:00:00,1400.0,1800.0,1650.0,359
Gujarat,Vadodara(Baroda),Vadodara(Sayajipura),Gram Raw(Chholia),Other,FAQ,2020-06-06 00:00:00,1300.0,2000.0,1700.0,359
Gujarat,Vadodara(Baroda),Vadodara(Sayajipura),Gram Raw(Chholia),Other,FAQ,2020-06-20 00:00:00,1800.0,2600.0,2300.0,359
Gujarat,Vadodara(Baroda),Vadodara(Sayajipura),Gram Raw(Chholia),Other,FAQ,2020-06-22 00:00:00,1700.0,2200.0,2000.0,359
Gujarat,Vadodara(Baroda),Vadodara(Sayajipura),Gram Raw(Chholia),Other,FAQ,2020-06-27 00:00:00,900.0,1500.0,1300.0,359
Gujarat,Vadodara(Baroda),Vadodara(Sayajipura),Gram Raw(Chholia),Other,FAQ,2020-07-02 00:00:00,1000.0,1600.0,1350.0,359
Gujarat,Vadodara(Baroda),Vadodara(Sayajipura),Gram Raw(Chholia),Other,FAQ,2020-07-24 00:00:00,1800.0,2700.0,2300.0,359
Gujarat,Vadodara(Baroda),Vadodara(Sayajipura),Gram Raw(Chholia),Other,FAQ,2020-11-11 00:00:00,3500.0,5000.0,4400.0,359
Gujarat,Vadodara(Baroda),Vadodara(Sayajipura),Gram Raw(Chholia),Other,FAQ,2020-11-22 00:00:00,1500.0,2000.0,1800.0,359
Gujarat,Vadodara(Baroda),Vadodara(Sayajipura),Gram Raw(Chholia),Other,FAQ,2020-12-07 00:00:00,700.0,1100.0,1000.0,359
Gujarat,Vadodara(Baroda),Vadodara(Sayajipura),Gram Raw(Chholia),Other,FAQ,2020-12-12 00:00:00,500.0,900.0,800.0,359
Gujarat,Vadodara(Baroda),Vadodara(Sayajipura),Gram Raw(Chholia),Other,FAQ,2020-12-15 00:00:00,1800.0,2000.0,1950.0,359
Gujarat,Vadodara(Baroda),Vadodara(Sayajipura),Gram Raw(Chholia),Other,FAQ,2020-12-20 00:00:00,1500.0,2000.0,1800.0,359
Gujarat,Vadodara(Baroda),Vadodara(Sayajipura),Gram Raw(Chholia),Other,FAQ,2020-12-22 00:00:00,2500.0,3000.0,2800.0,359
Gujarat,Vadodara(Baroda),Vadodara(Sayajipura),Gram Raw(Chholia),Other,FAQ,2020-12-27 00:00:00,2500.0,3000.0,2800.0,359
Gujarat,Banaskanth,Deesa(Deesa Veg Yard),Gram Raw(Chholia),Other,FAQ,2020-05-11 00:00:00,1500.0,1600.0,1550.0,359
Gujarat,Banaskanth,Deesa(Deesa Veg Yard),Gram Raw(Chholia),Other,FAQ,2020-05-13 00:00:00,1500.0,1600.0,1550.0,359
Gujarat,Banaskanth,Deesa(Deesa Veg Yard),Gram Raw(Chholia),Other,FAQ,2020-05-17 00:00:00,2000.0,3000.0,2500.0,359
Gujarat,Banaskanth,Deesa(Deesa Veg Yard),Gram Raw(Chholia),Other,FAQ,2020-05-29 00:00:00,3000.0,5000.0,4000.0,359
Gujarat,Banaskanth,Deesa(Deesa Veg Yard),Gram Raw(Chholia),Other,FAQ,2020-06-05 00:00:00,3500.0,4100.0,3800.0,359
Gujarat,Banaskanth,Deesa(Deesa Veg Yard),Gram Raw(Chholia),Other,FAQ,2020-06-11 00:00:00,4000.0,5000.0,4500.0,359
Gujarat,Banaskanth,Deesa(Deesa Veg Yard),Gram Raw(Chholia),Other,FAQ,2020-07-02 00:00:00,2000.0,4050.0,3025.0,359
Gujarat,Banaskanth,Deesa(Deesa Veg Yard),Gram Raw(Chholia),Other,FAQ,2020-07-08 00:00:00,3500.0,4000.0,3750.0,359
Gujarat,Banaskanth,Deesa(Deesa Veg Yard),Gram Raw(Chholia),Other,FAQ,2020-07-11 00:00:00,3500.0,4400.0,3950.0,359
Gujarat,Banaskanth,Deesa(Deesa Veg Yard),Gram Raw(Chholia),Other,FAQ,2020-07-12 00:00:00,3500.0,4250.0,3875.0,359
Gujarat,Banaskanth,Deesa(Deesa Veg Yard),Gram Raw(Chholia),Other,FAQ,2020-07-22 00:00:00,4000.0,4500.0,4250.0,359
Gujarat,Banaskanth,Deesa(Deesa Veg Yard),Gram Raw(Chholia),Other,FAQ,2020-08-15 00:00:00,2800.0,3550.0,3175.0,359
Gujarat,Banaskanth,Deesa(Deesa Veg Yard),Gram Raw(Chholia),Other,FAQ,2020-08-16 00:00:00,2750.0,3500.0,3125.0,359
Gujarat,Banaskanth,Deesa(Deesa Veg Yard),Gram Raw(Chholia),Other,FAQ,2020-08-20 00:00:00,2600.0,3500.0,3050.0,359
Gujarat,Banaskanth,Deesa(Deesa Veg Yard),Gram Raw(Chholia),Other,FAQ,2020-11-21 00:00:00,4000.0,4500.0,4250.0,359
Gujarat,Gandhinagar,Mansa(Manas Veg Yard),Gram Raw(Chholia),Other,FAQ,2020-06-24 00:00:00,1500.0,2500.0,2000.0,359
Gujarat,Gandhinagar,Mansa(Manas Veg Yard),Gram Raw(Chholia),Other,FAQ,2020-06-26 00:00:00,2000.0,2500.0,2250.0,359
Gujarat,Gandhinagar,Mansa(Manas Veg Yard),Gram Raw(Chholia),Other,FAQ,2020-06-30 00:00:00,2500.0,3000.0,2750.0,359
Gujarat,Gandhinagar,Mansa(Manas Veg Yard),Gram Raw(Chholia),Other,FAQ,2020-07-20 00:00:00,3000.0,4000.0,3500.0,359
Gujarat,Gandhinagar,Mansa(Manas Veg Yard),Gram Raw(Chholia),Other,FAQ,2020-07-21 00:00:00,3500.0,4000.0,3750.0,359
Gujarat,Gandhinagar,Mansa(Manas Veg Yard),Gram Raw(Chholia),Other,FAQ,2020-07-22 00:00:00,3000.0,4000.0,3250.0,359
Gujarat,Gandhinagar,Mansa(Manas Veg Yard),Gram Raw(Chholia),Other,FAQ,2020-08-13 00:00:00,3000.0,4500.0,4000.0,359
Gujarat,Gandhinagar,Mansa(Manas Veg Yard),Gram Raw(Chholia),Other,FAQ,2020-11-25 00:00:00,2000.0,2500.0,2000.0,359
Gujarat,Gandhinagar,Mansa(Manas Veg Yard),Gram Raw(Chholia),Other,FAQ,2020-12-15 00:00:00,2000.0,2000.0,2000.0,359
Gujarat,Gandhinagar,Mansa(Manas Veg Yard),Gram Raw(Chholia),Other,FAQ,2020-12-23 00:00:00,2500.0,3000.0,2750.0,359
Gujarat,Surat,Vyra,Gram Raw(Chholia),Other,FAQ,2020-01-06 00:00:00,2250.0,2500.0,2375.0,359
Gujarat,Surat,Vyra,Gram Raw(Chholia),Other,FAQ,2020-01-21 00:00:00,2000.0,2500.0,2250.0,359
Gujarat,Surat,Vyra,Gram Raw(Chholia),Other,FAQ,2020-01-24 00:00:00,1500.0,2000.0,1750.0,359
Gujarat,Surat,Vyra,Gram Raw(Chholia),Other,FAQ,2020-01-29 00:00:00,1500.0,2500.0,2000.0,359
Gujarat,Surat,Vyra,Gram Raw(Chholia),Other,FAQ,2020-01-31 00:00:00,1100.0,1500.0,1350.0,359
Gujarat,Surat,Vyra,Gram Raw(Chholia),Other,FAQ,2020-03-05 00:00:00,400.0,1500.0,950.0,359
Gujarat,Surat,Vyra,Gram Raw(Chholia),Other,FAQ,2020-03-17 00:00:00,2000.0,2500.0,2250.0,359
Gujarat,Surat,Vyra,Gram Raw(Chholia),Other,FAQ,2020-03-18 00:00:00,2000.0,3250.0,2625.0,359
Gujarat,Surat,Vyra,Gram Raw(Chholia),Other,FAQ,2020-03-19 00:00:00,2000.0,2500.0,2250.0,359
Gujarat,Surat,Vyra,Gram Raw(Chholia),Other,FAQ,2020-03-23 00:00:00,1500.0,2500.0,2000.0,359
Gujarat,Surat,Vyra,Gram Raw(Chholia),Other,FAQ,2020-03-24 00:00:00,400.0,800.0,600.0,359
Gujarat,Surat,Vyra,Gram Raw(Chholia),Other,FAQ,2020-04-29 00:00:00,800.0,2250.0,1525.0,359
Gujarat,Surat,Vyra,Gram Raw(Chholia),Other,FAQ,2020-04-30 00:00:00,1000.0,1500.0,1250.0,359
Gujarat,Banaskanth,Deesa(Deesa Veg Yard),Gram Raw(Chholia),Other,FAQ,2024-03-18 00:00:00,10000.0,12250.0,11125.0,359
Gujarat,Banaskanth,Deesa(Deesa Veg Yard),Gram Raw(Chholia),Other,FAQ,2024-03-27 00:00:00,10000.0,12200.0,11100.0,359
Gujarat,Banaskanth,Deesa(Deesa Veg Yard),Gram Raw(Chholia),Other,FAQ,2024-03-29 00:00:00,10000.0,12200.0,11100.0,359
Gujarat,Surat,Vyra,Gram Raw(Chholia),Other,FAQ,2024-01-08 00:00:00,4700.0,5050.0,4875.0,359
Gujarat,Surat,Vyra,Gram Raw(Chholia),Other,FAQ,2024-02-08 00:00:00,5000.0,5500.0,5250.0,359
Gujarat,Surat,Vyra,Gram Raw(Chholia),Other,FAQ,2024-02-15 00:00:00,6000.0,6500.0,6250.0,359
Gujarat,Surat,Vyra,Gram Raw(Chholia),Other,FAQ,2024-02-19 00:00:00,4500.0,5000.0,4750.0,359
Gujarat,Surat,Vyra,Gram Raw(Chholia),Other,FAQ,2024-02-20 00:00:00,5000.0,5500.0,5250.0,359
Gujarat,Surat,Vyra,Gram Raw(Chholia),Other,FAQ,2024-02-21 00:00:00,5500.0,6000.0,5750.0,359
Gujarat,Surat,Vyra,Gram Raw(Chholia),Other,FAQ,2024-02-22 00:00:00,5000.0,8000.0,6500.0,359
Gujarat,Surat,Vyra,Gram Raw(Chholia),Other,FAQ,2024-02-28 00:00:00,6000.0,7000.0,6500.0,359
Gujarat,Surat,Vyra,Gram Raw(Chholia),Other,FAQ,2024-03-09 00:00:00,5500.0,6000.0,5750.0,359
Gujarat,Surat,Vyra,Gram Raw(Chholia),Other,FAQ,2024-03-15 00:00:00,5250.0,6250.0,5750.0,359
Gujarat,Surat,Vyra,Gram Raw(Chholia),Other,FAQ,2024-03-16 00:00:00,5000.0,6000.0,5500.0,359
Gujarat,Surat,Vyra,Gram Raw(Chholia),Other,FAQ,2024-03-18 00:00:00,5000.0,6500.0,5750.0,359
Gujarat,Surat,Vyra,Gram Raw(Chholia),Other,FAQ,2024-03-21 00:00:00,4750.0,6250.0,5500.0,359
Gujarat,Surat,Vyra,Gram Raw(Chholia),Other,FAQ,2024-04-17 00:00:00,7000.0,7500.0,7250.0,359
Gujarat,Surat,Vyra,Gram Raw(Chholia),Other,FAQ,2024-04-22 00:00:00,5500.0,7500.0,6500.0,359
Gujarat,Vadodara(Baroda),Vadodara(Sayajipura),Gram Raw(Chholia),Other,FAQ,2024-01-03 00:00:00,4000.0,5000.0,4550.0,359
Gujarat,Vadodara(Baroda),Vadodara(Sayajipura),Gram Raw(Chholia),Other,FAQ,2024-01-06 00:00:00,3500.0,4000.0,3800.0,359
Gujarat,Vadodara(Baroda),Vadodara(Sayajipura),Gram Raw(Chholia),Other,FAQ,2024-01-10 00:00:00,3500.0,4500.0,4050.0,359
Gujarat,Vadodara(Baroda),Vadodara(Sayajipura),Gram Raw(Chholia),Other,FAQ,2024-01-16 00:00:00,3500.0,4500.0,4050.0,359
Gujarat,Vadodara(Baroda),Vadodara(Sayajipura),Gram Raw(Chholia),Other,FAQ,2024-01-19 00:00:00,3000.0,4500.0,3800.0,359
Gujarat,Vadodara(Baroda),Vadodara(Sayajipura),Gram Raw(Chholia),Other,FAQ,2024-01-30 00:00:00,4500.0,5000.0,4800.0,359
Gujarat,Vadodara(Baroda),Vadodara(Sayajipura),Gram Raw(Chholia),Other,FAQ,2024-02-17 00:00:00,5000.0,5500.0,5300.0,359
Gujarat,Vadodara(Baroda),Vadodara(Sayajipura),Gram Raw(Chholia),Other,FAQ,2024-02-21 00:00:00,4500.0,5000.0,4800.0,359
Gujarat,Vadodara(Baroda),Vadodara(Sayajipura),Gram Raw(Chholia),Other,FAQ,2024-02-26 00:00:00,5000.0,5500.0,5300.0,359
Gujarat,Vadodara(Baroda),Vadodara(Sayajipura),Gram Raw(Chholia),Other,FAQ,2024-02-27 00:00:00,5000.0,5500.0,5300.0,359
Gujarat,Vadodara(Baroda),Vadodara(Sayajipura),Gram Raw(Chholia),Other,FAQ,2024-03-01 00:00:00,5000.0,5500.0,5300.0,359
Gujarat,Vadodara(Baroda),Vadodara(Sayajipura),Gram Raw(Chholia),Other,FAQ,2024-03-03 00:00:00,4500.0,5000.0,4800.0,359
Gujarat,Vadodara(Baroda),Vadodara(Sayajipura),Gram Raw(Chholia),Other,FAQ,2024-03-09 00:00:00,5000.0,6000.0,5550.0,359
Gujarat,Vadodara(Baroda),Vadodara(Sayajipura),Gram Raw(Chholia),Other,FAQ,2024-03-20 00:00:00,4000.0,6000.0,5050.0,359
Gujarat,Vadodara(Baroda),Vadodara(Sayajipura),Gram Raw(Chholia),Other,FAQ,2024-04-04 00:00:00,4000.0,5500.0,4800.0,359
Gujarat,Vadodara(Baroda),Vadodara(Sayajipura),Gram Raw(Chholia),Other,FAQ,2024-04-05 00:00:00,3500.0,4000.0,3800.0,359
Gujarat,Vadodara(Baroda),Vadodara(Sayajipura),Gram Raw(Chholia),Other,FAQ,2024-04-29 00:00:00,3000.0,4000.0,3550.0,359
Gujarat,Banaskanth,Deesa(Deesa Veg Yard),Gram Raw(Chholia),Other,FAQ,2024-07-01 00:00:00,7500.0,8200.0,7850.0,359
Gujarat,Banaskanth,Deesa(Deesa Veg Yard),Gram Raw(Chholia),Other,FAQ,2024-07-19 00:00:00,4000.0,8150.0,6075.0,359
Gujarat,Banaskanth,Deesa(Deesa Veg Yard),Gram Raw(Chholia),Other,FAQ,2024-07-22 00:00:00,4000.0,8150.0,6075.0,359
Gujarat,Banaskanth,Deesa(Deesa Veg Yard),Gram Raw(Chholia),Other,FAQ,2024-07-26 00:00:00,4000.0,8350.0,6175.0,359
Gujarat,Banaskanth,Deesa(Deesa Veg Yard),Gram Raw(Chholia),Other,FAQ,2024-07-29 00:00:00,4000.0,8250.0,6125.0,359
Gujarat,Vadodara(Baroda),Vadodara(Sayajipura),Gram Raw(Chholia),Other,FAQ,2024-07-10 00:00:00,4000.0,9000.0,6550.0,359
Gujarat,Vadodara(Baroda),Vadodara(Sayajipura),Gram Raw(Chholia),Other,FAQ,2024-07-11 00:00:00,4000.0,9000.0,6550.0,359
Gujarat,Vadodara(Baroda),Vadodara(Sayajipura),Gram Raw(Chholia),Other,FAQ,2024-07-13 00:00:00,4000.0,9000.0,6500.0,359
Gujarat,Vadodara(Baroda),Vadodara(Sayajipura),Gram Raw(Chholia),Other,FAQ,2024-07-22 00:00:00,5000.0,6000.0,5500.0,359
Gujarat,Vadodara(Baroda),Vadodara(Sayajipura),Gram Raw(Chholia),Other,FAQ,2024-07-24 00:00:00,5000.0,5500.0,5300.0,359
Gujarat,Banaskanth,Deesa(Deesa Veg Yard),Gram Raw(Chholia),Other,FAQ,2025-04-04 00:00:00,7500.0,8200.0,7850.0,359
Gujarat,Banaskanth,Deesa(Deesa Veg Yard),Gram Raw(Chholia),Other,FAQ,2025-04-16 00:00:00,7500.0,8300.0,7900.0,359
Gujarat,Banaskanth,Deesa(Deesa Veg Yard),Gram Raw(Chholia),Other,FAQ,2025-04-24 00:00:00,4500.0,5100.0,4800.0,359
Gujarat,Banaskanth,Deesa(Deesa Veg Yard),Gram Raw(Chholia),Other,FAQ,2025-04-25 00:00:00,4500.0,5000.0,4750.0,359
Gujarat,Banaskanth,Deesa(Deesa Veg Yard),Gram Raw(Chholia),Other,FAQ,2025-04-28 00:00:00,4500.0,5000.0,4750.0,359
Gujarat,Vadodara(Baroda),Vadodara(Sayajipura),Gram Raw(Chholia),Other,FAQ,2025-04-01 00:00:00,4500.0,5000.0,4800.0,359
Gujarat,Vadodara(Baroda),Vadodara(Sayajipura),Gram Raw(Chholia),Other,FAQ,2025-04-02 00:00:00,4500.0,5000.0,4800.0,359
Gujarat,Vadodara(Baroda),Vadodara(Sayajipura),Gram Raw(Chholia),Other,FAQ,2025-04-04 00:00:00,3000.0,6000.0,4500.0,359
Gujarat,Vadodara(Baroda),Vadodara(Sayajipura),Gram Raw(Chholia),Other,FAQ,2025-04-25 00:00:00,6000.0,6500.0,6300.0,359
Gujarat,Banaskanth,Deesa(Deesa Veg Yard),Gram Raw(Chholia),Other,FAQ,2024-11-18 00:00:00,6000.0,7200.0,6600.0,359
Gujarat,Vadodara(Baroda),Vadodara(Sayajipura),Gram Raw(Chholia),Other,FAQ,2024-11-26 00:00:00,3500.0,4000.0,3800.0,359
Gujarat,Vadodara(Baroda),Vadodara(Sayajipura),Gram Raw(Chholia),Other,FAQ,2024-11-27 00:00:00,3500.0,4000.0,3800.0,359
Gujarat,Vadodara(Baroda),Vadodara(Sayajipura),Gram Raw(Chholia),Other,FAQ,2024-11-28 00:00:00,3500.0,4000.0,3800.0,359
Gujarat,Banaskanth,Deesa(Deesa Veg Yard),Gram Raw(Chholia),Other,FAQ,2022-01-12 00:00:00,2000.0,2800.0,2400.0,359
Gujarat,Banaskanth,Deesa(Deesa Veg Yard),Gram Raw(Chholia),Other,FAQ,2022-03-22 00:00:00,9000.0,10000.0,9500.0,359
Gujarat,Banaskanth,Deesa(Deesa Veg Yard),Gram Raw(Chholia),Other,FAQ,2022-03-23 00:00:00,9000.0,10000.0,9500.0,359
Gujarat,Banaskanth,Deesa(Deesa Veg Yard),Gram Raw(Chholia),Other,FAQ,2022-04-05 00:00:00,5000.0,9200.0,7100.0,359
Gujarat,Banaskanth,Deesa(Deesa Veg Yard),Gram Raw(Chholia),Other,FAQ,2022-04-06 00:00:00,5000.0,9250.0,7125.0,359
Gujarat,Banaskanth,Deesa(Deesa Veg Yard),Gram Raw(Chholia),Other,FAQ,2022-04-11 00:00:00,5000.0,9300.0,7150.0,359
Gujarat,Banaskanth,Deesa(Deesa Veg Yard),Gram Raw(Chholia),Other,FAQ,2022-04-20 00:00:00,5000.0,9300.0,7150.0,359
Gujarat,Banaskanth,Deesa(Deesa Veg Yard),Gram Raw(Chholia),Other,FAQ,2022-04-21 00:00:00,6500.0,7000.0,6750.0,359
Gujarat,Banaskanth,Deesa(Deesa Veg Yard),Gram Raw(Chholia),Other,FAQ,2022-04-27 00:00:00,6500.0,7250.0,6875.0,359
Gujarat,Banaskanth,Deesa(Deesa Veg Yard),Gram Raw(Chholia),Other,FAQ,2022-05-09 00:00:00,1500.0,3000.0,2250.0,359
Gujarat,Banaskanth,Deesa(Deesa Veg Yard),Gram Raw(Chholia),Other,FAQ,2022-05-24 00:00:00,1000.0,2850.0,1925.0,359
Gujarat,Banaskanth,Deesa(Deesa Veg Yard),Gram Raw(Chholia),Other,FAQ,2022-07-12 00:00:00,6000.0,7000.0,6500.0,359
Gujarat,Banaskanth,Deesa(Deesa Veg Yard),Gram Raw(Chholia),Other,FAQ,2022-07-15 00:00:00,6000.0,7300.0,6650.0,359
Gujarat,Banaskanth,Deesa(Deesa Veg Yard),Gram Raw(Chholia),Other,FAQ,2022-07-16 00:00:00,5000.0,6000.0,5500.0,359
Gujarat,Banaskanth,Deesa(Deesa Veg Yard),Gram Raw(Chholia),Other,FAQ,2022-07-19 00:00:00,5500.0,6200.0,5850.0,359
Gujarat,Banaskanth,Deesa(Deesa Veg Yard),Gram Raw(Chholia),Other,FAQ,2022-08-02 00:00:00,7000.0,7700.0,7350.0,359
Gujarat,Banaskanth,Deesa(Deesa Veg Yard),Gram Raw(Chholia),Other,FAQ,2022-08-08 00:00:00,8000.0,9150.0,8575.0,359
Gujarat,Banaskanth,Deesa(Deesa Veg Yard),Gram Raw(Chholia),Other,FAQ,2022-09-07 00:00:00,6000.0,6750.0,6375.0,359
Gujarat,Banaskanth,Deesa(Deesa Veg Yard),Gram Raw(Chholia),Other,FAQ,2022-09-26 00:00:00,5000.0,6200.0,5600.0,359
Gujarat,Banaskanth,Deesa(Deesa Veg Yard),Gram Raw(Chholia),Other,FAQ,2022-10-10 00:00:00,7000.0,7700.0,7350.0,359
Gujarat,Banaskanth,Deesa(Deesa Veg Yard),Gram Raw(Chholia),Other,FAQ,2022-10-13 00:00:00,6000.0,6700.0,6350.0,359
Gujarat,Banaskanth,Deesa(Deesa Veg Yard),Gram Raw(Chholia),Other,FAQ,2022-10-17 00:00:00,6000.0,6600.0,6300.0,359
Gujarat,Banaskanth,Deesa(Deesa Veg Yard),Gram Raw(Chholia),Other,FAQ,2022-10-21 00:00:00,6000.0,6750.0,6375.0,359
Gujarat,Banaskanth,Deesa(Deesa Veg Yard),Gram Raw(Chholia),Other,FAQ,2022-11-09 00:00:00,3000.0,4400.0,3700.0,359
Gujarat,Banaskanth,Deesa(Deesa Veg Yard),Gram Raw(Chholia),Other,FAQ,2022-11-16 00:00:00,3500.0,4100.0,3800.0,359
Gujarat,Banaskanth,Deesa(Deesa Veg Yard),Gram Raw(Chholia),Other,FAQ,2022-11-22 00:00:00,3500.0,4300.0,3900.0,359
Gujarat,Banaskanth,Deesa(Deesa Veg Yard),Gram Raw(Chholia),Other,FAQ,2022-11-25 00:00:00,3500.0,4450.0,3975.0,359
Gujarat,Banaskanth,Deesa(Deesa Veg Yard),Gram Raw(Chholia),Other,FAQ,2022-11-28 00:00:00,3500.0,4200.0,3850.0,359
Gujarat,Banaskanth,Deesa(Deesa Veg Yard),Gram Raw(Chholia),Other,FAQ,2022-11-29 00:00:00,3500.0,4250.0,3875.0,359
Gujarat,Banaskanth,Deesa(Deesa Veg Yard),Gram Raw(Chholia),Other,FAQ,2022-12-13 00:00:00,3500.0,4000.0,3750.0,359
Gujarat,Banaskanth,Deesa(Deesa Veg Yard),Gram Raw(Chholia),Other,FAQ,2022-12-16 00:00:00,3500.0,4150.0,3825.0,359
Gujarat,Banaskanth,Deesa(Deesa Veg Yard),Gram Raw(Chholia),Other,FAQ,2022-12-19 00:00:00,3500.0,4000.0,3750.0,359
Gujarat,Vadodara(Baroda),Vadodara(Sayajipura),Gram Raw(Chholia),Other,FAQ,2022-01-04 00:00:00,4000.0,4500.0,4300.0,359
Gujarat,Vadodara(Baroda),Vadodara(Sayajipura),Gram Raw(Chholia),Other,FAQ,2022-01-07 00:00:00,4000.0,4500.0,4300.0,359
Gujarat,Vadodara(Baroda),Vadodara(Sayajipura),Gram Raw(Chholia),Other,FAQ,2022-01-18 00:00:00,3500.0,4000.0,3800.0,359
Gujarat,Vadodara(Baroda),Vadodara(Sayajipura),Gram Raw(Chholia),Other,FAQ,2022-01-20 00:00:00,4000.0,5000.0,4550.0,359
Gujarat,Vadodara(Baroda),Vadodara(Sayajipura),Gram Raw(Chholia),Other,FAQ,2022-01-23 00:00:00,2800.0,4000.0,3450.0,359
Gujarat,Vadodara(Baroda),Vadodara(Sayajipura),Gram Raw(Chholia),Other,FAQ,2022-02-03 00:00:00,4000.0,4500.0,4300.0,359
Gujarat,Vadodara(Baroda),Vadodara(Sayajipura),Gram Raw(Chholia),Other,FAQ,2022-02-06 00:00:00,4000.0,4500.0,4300.0,359
Gujarat,Vadodara(Baroda),Vadodara(Sayajipura),Gram Raw(Chholia),Other,FAQ,2022-02-08 00:00:00,4000.0,5000.0,4550.0,359
Gujarat,Vadodara(Baroda),Vadodara(Sayajipura),Gram Raw(Chholia),Other,FAQ,2022-02-11 00:00:00,4000.0,5000.0,4550.0,359
Gujarat,Vadodara(Baroda),Vadodara(Sayajipura),Gram Raw(Chholia),Other,FAQ,2022-02-16 00:00:00,3500.0,4000.0,3800.0,359
Gujarat,Vadodara(Baroda),Vadodara(Sayajipura),Gram Raw(Chholia),Other,FAQ,2022-02-19 00:00:00,3000.0,3500.0,3300.0,359
Gujarat,Vadodara(Baroda),Vadodara(Sayajipura),Gram Raw(Chholia),Other,FAQ,2022-02-24 00:00:00,3500.0,4000.0,3800.0,359
Gujarat,Vadodara(Baroda),Vadodara(Sayajipura),Gram Raw(Chholia),Other,FAQ,2022-03-04 00:00:00,3500.0,4000.0,3800.0,359
Gujarat,Vadodara(Baroda),Vadodara(Sayajipura),Gram Raw(Chholia),Other,FAQ,2022-03-11 00:00:00,3000.0,3500.0,3300.0,359
Gujarat,Vadodara(Baroda),Vadodara(Sayajipura),Gram Raw(Chholia),Other,FAQ,2022-03-19 00:00:00,3500.0,5000.0,4300.0,359
Gujarat,Vadodara(Baroda),Vadodara(Sayajipura),Gram Raw(Chholia),Other,FAQ,2022-03-21 00:00:00,3000.0,3500.0,3300.0,359
Gujarat,Vadodara(Baroda),Vadodara(Sayajipura),Gram Raw(Chholia),Other,FAQ,2022-03-22 00:00:00,3000.0,3500.0,3300.0,359
Gujarat,Vadodara(Baroda),Vadodara(Sayajipura),Gram Raw(Chholia),Other,FAQ,2022-03-27 00:00:00,4000.0,6500.0,5300.0,359
Gujarat,Vadodara(Baroda),Vadodara(Sayajipura),Gram Raw(Chholia),Other,FAQ,2022-04-05 00:00:00,4000.0,5000.0,4550.0,359
Gujarat,Vadodara(Baroda),Vadodara(Sayajipura),Gram Raw(Chholia),Other,FAQ,2022-04-07 00:00:00,4000.0,4500.0,4300.0,359
Gujarat,Vadodara(Baroda),Vadodara(Sayajipura),Gram Raw(Chholia),Other,FAQ,2022-04-08 00:00:00,3500.0,4000.0,3800.0,359
Gujarat,Vadodara(Baroda),Vadodara(Sayajipura),Gram Raw(Chholia),Other,FAQ,2022-04-13 00:00:00,4000.0,4500.0,4300.0,359
Gujarat,Vadodara(Baroda),Vadodara(Sayajipura),Gram Raw(Chholia),Other,FAQ,2022-04-17 00:00:00,3500.0,4000.0,3800.0,359
Gujarat,Vadodara(Baroda),Vadodara(Sayajipura),Gram Raw(Chholia),Other,FAQ,2022-05-03 00:00:00,4000.0,5000.0,4550.0,359
Gujarat,Vadodara(Baroda),Vadodara(Sayajipura),Gram Raw(Chholia),Other,FAQ,2022-05-13 00:00:00,2500.0,3000.0,2800.0,359
Gujarat,Vadodara(Baroda),Vadodara(Sayajipura),Gram Raw(Chholia),Other,FAQ,2022-05-16 00:00:00,2000.0,2250.0,2150.0,359
Gujarat,Vadodara(Baroda),Vadodara(Sayajipura),Gram Raw(Chholia),Other,FAQ,2022-05-29 00:00:00,2500.0,4000.0,3300.0,359
Gujarat,Vadodara(Baroda),Vadodara(Sayajipura),Gram Raw(Chholia),Other,FAQ,2022-05-31 00:00:00,3000.0,3500.0,3300.0,359
Gujarat,Vadodara(Baroda),Vadodara(Sayajipura),Gram Raw(Chholia),Other,FAQ,2022-06-17 00:00:00,3000.0,4500.0,3800.0,359
Gujarat,Vadodara(Baroda),Vadodara(Sayajipura),Gram Raw(Chholia),Other,FAQ,2022-07-04 00:00:00,4000.0,4500.0,4300.0,359
Gujarat,Vadodara(Baroda),Vadodara(Sayajipura),Gram Raw(Chholia),Other,FAQ,2022-07-07 00:00:00,3000.0,4000.0,3550.0,359
Gujarat,Vadodara(Baroda),Vadodara(Sayajipura),Gram Raw(Chholia),Other,FAQ,2022-07-13 00:00:00,5000.0,6000.0,5550.0,359
Gujarat,Vadodara(Baroda),Vadodara(Sayajipura),Gram Raw(Chholia),Other,FAQ,2022-08-21 00:00:00,4000.0,4500.0,4300.0,359
Gujarat,Vadodara(Baroda),Vadodara(Sayajipura),Gram Raw(Chholia),Other,FAQ,2022-08-23 00:00:00,5000.0,6000.0,5550.0,359
Gujarat,Vadodara(Baroda),Vadodara(Sayajipura),Gram Raw(Chholia),Other,FAQ,2022-08-25 00:00:00,4000.0,5000.0,4550.0,359
Gujarat,Vadodara(Baroda),Vadodara(Sayajipura),Gram Raw(Chholia),Other,FAQ,2022-09-03 00:00:00,4500.0,5000.0,4800.0,359
Gujarat,Vadodara(Baroda),Vadodara(Sayajipura),Gram Raw(Chholia),Other,FAQ,2022-09-04 00:00:00,4500.0,5000.0,4800.0,359
Gujarat,Vadodara(Baroda),Vadodara(Sayajipura),Gram Raw(Chholia),Other,FAQ,2022-09-16 00:00:00,3000.0,3800.0,3450.0,359
Gujarat,Vadodara(Baroda),Vadodara(Sayajipura),Gram Raw(Chholia),Other,FAQ,2022-09-18 00:00:00,2500.0,3500.0,3050.0,359
Gujarat,Vadodara(Baroda),Vadodara(Sayajipura),Gram Raw(Chholia),Other,FAQ,2022-09-26 00:00:00,3000.0,4500.0,3800.0,359
Gujarat,Vadodara(Baroda),Vadodara(Sayajipura),Gram Raw(Chholia),Other,FAQ,2022-09-30 00:00:00,4000.0,5000.0,4550.0,359
Gujarat,Vadodara(Baroda),Vadodara(Sayajipura),Gram Raw(Chholia),Other,FAQ,2022-10-11 00:00:00,4000.0,5000.0,4550.0,359
Gujarat,Vadodara(Baroda),Vadodara(Sayajipura),Gram Raw(Chholia),Other,FAQ,2022-10-15 00:00:00,4000.0,5000.0,4550.0,359
Gujarat,Vadodara(Baroda),Vadodara(Sayajipura),Gram Raw(Chholia),Other,FAQ,2022-10-20 00:00:00,4000.0,5000.0,4550.0,359
Gujarat,Vadodara(Baroda),Vadodara(Sayajipura),Gram Raw(Chholia),Other,FAQ,2022-10-21 00:00:00,3500.0,4500.0,4050.0,359
Gujarat,Vadodara(Baroda),Vadodara(Sayajipura),Gram Raw(Chholia),Other,FAQ,2022-10-29 00:00:00,3500.0,4500.0,4050.0,359
Gujarat,Vadodara(Baroda),Vadodara(Sayajipura),Gram Raw(Chholia),Other,FAQ,2022-10-31 00:00:00,3500.0,4500.0,4050.0,359
Gujarat,Vadodara(Baroda),Vadodara(Sayajipura),Gram Raw(Chholia),Other,FAQ,2022-11-26 00:00:00,2500.0,2700.0,2650.0,359
Gujarat,Vadodara(Baroda),Vadodara(Sayajipura),Gram Raw(Chholia),Other,FAQ,2022-12-07 00:00:00,1500.0,2000.0,1800.0,359
Gujarat,Vadodara(Baroda),Vadodara(Sayajipura),Gram Raw(Chholia),Other,FAQ,2022-12-12 00:00:00,800.0,1200.0,1050.0,359
Gujarat,Vadodara(Baroda),Vadodara(Sayajipura),Gram Raw(Chholia),Other,FAQ,2022-12-13 00:00:00,1500.0,2000.0,1800.0,359
Gujarat,Vadodara(Baroda),Vadodara(Sayajipura),Gram Raw(Chholia),Other,FAQ,2022-12-17 00:00:00,1500.0,2000.0,1800.0,359
Gujarat,Vadodara(Baroda),Vadodara(Sayajipura),Gram Raw(Chholia),Other,FAQ,2022-12-24 00:00:00,1200.0,1500.0,1400.0,359
Gujarat,Banaskanth,Deesa(Deesa Veg Yard),Gram Raw(Chholia),Other,FAQ,2025-06-07 00:00:00,3000.0,5100.0,4050.0,359
Gujarat,Banaskanth,Deesa(Deesa Veg Yard),Gram Raw(Chholia),Other,FAQ,2025-06-12 00:00:00,6000.0,8000.0,7000.0,359
Gujarat,Banaskanth,Deesa(Deesa Veg Yard),Gram Raw(Chholia),Other,FAQ,2025-04-15 00:00:00,7500.0,8250.0,7875.0,359
Gujarat,Vadodara(Baroda),Vadodara(Sayajipura),Gram Raw(Chholia),Other,FAQ,2025-04-13 00:00:00,6000.0,8000.0,7000.0,359
Gujarat,Vadodara(Baroda),Vadodara(Sayajipura),Gram Raw(Chholia),Other,FAQ,2025-04-22 00:00:00,5000.0,6000.0,5500.0,359
Gujarat,Banaskanth,Deesa(Deesa Veg Yard),Gram Raw(Chholia),Other,FAQ,2024-10-19 00:00:00,7500.0,8250.0,7875.0,359
Gujarat,Vadodara(Baroda),Vadodara(Sayajipura),Gram Raw(Chholia),Other,FAQ,2024-10-24 00:00:00,8000.0,8500.0,8300.0,359
Gujarat,Vadodara(Baroda),Vadodara(Sayajipura),Gram Raw(Chholia),Other,FAQ,2024-10-03 00:00:00,5000.0,8000.0,6500.0,359
Gujarat,Vadodara(Baroda),Vadodara(Sayajipura),Gram Raw(Chholia),Other,FAQ,2024-10-04 00:00:00,5000.0,8000.0,6500.0,359
Gujarat,Banaskanth,Deesa(Deesa Veg Yard),Gram Raw(Chholia),Other,FAQ,2024-10-09 00:00:00,7500.0,8000.0,7750.0,359
Gujarat,Vadodara(Baroda),Vadodara(Sayajipura),Gram Raw(Chholia),Other,FAQ,2024-10-12 00:00:00,8000.0,10000.0,9050.0,359
Gujarat,Vadodara(Baroda),Vadodara(Sayajipura),Gram Raw(Chholia),Other,FAQ,2024-10-27 00:00:00,8000.0,8500.0,8300.0,359
Gujarat,Vadodara(Baroda),Vadodara(Sayajipura),Gram Raw(Chholia),Other,FAQ,2024-10-25 00:00:00,8000.0,8500.0,8300.0,359
Gujarat,Banaskanth,Deesa(Deesa Veg Yard),Gram Raw(Chholia),Other,FAQ,2024-10-03 00:00:00,4000.0,6150.0,5075.0,359
Gujarat,Banaskanth,Deesa(Deesa Veg Yard),Gram Raw(Chholia),Other,FAQ,2025-06-10 00:00:00,3000.0,5200.0,4100.0,359
Gujarat,Banaskanth,Deesa(Deesa Veg Yard),Gram Raw(Chholia),Other,FAQ,2025-06-16 00:00:00,6000.0,8250.0,7125.0,359
Gujarat,Banaskanth,Deesa(Deesa Veg Yard),Gram Raw(Chholia),Other,FAQ,2025-06-25 00:00:00,5000.0,6100.0,5550.0,359
Gujarat,Vadodara(Baroda),Vadodara(Sayajipura),Gram Raw(Chholia),Other,FAQ,2025-06-13 00:00:00,4000.0,5000.0,4500.0,359
Gujarat,Vadodara(Baroda),Vadodara(Sayajipura),Gram Raw(Chholia),Other,FAQ,2025-06-16 00:00:00,4000.0,5000.0,4500.0,359
Gujarat,Vadodara(Baroda),Vadodara(Sayajipura),Gram Raw(Chholia),Other,FAQ,2025-06-21 00:00:00,3000.0,5000.0,4050.0,359
Gujarat,Vadodara(Baroda),Vadodara(Sayajipura),Gram Raw(Chholia),Other,FAQ,2025-06-27 00:00:00,4500.0,5000.0,4800.0,359
Gujarat,Vadodara(Baroda),Vadodara(Sayajipura),Gram Raw(Chholia),Other,FAQ,2025-06-28 00:00:00,4500.0,5000.0,4800.0,359
Gujarat,Vadodara(Baroda),Vadodara(Sayajipura),Gram Raw(Chholia),Other,FAQ,2025-06-29 00:00:00,4500.0,5000.0,4800.0,359
Gujarat,Banaskanth,Deesa(Deesa Veg Yard),Gram Raw(Chholia),Other,FAQ,2025-08-06 00:00:00,4000.0,5000.0,4500.0,359
Gujarat,Banaskanth,Deesa(Deesa Veg Yard),Gram Raw(Chholia),Other,FAQ,2025-08-11 00:00:00,4000.0,5150.0,4575.0,359
Gujarat,Banaskanth,Deesa(Deesa Veg Yard),Gram Raw(Chholia),Other,FAQ,2025-08-14 00:00:00,3000.0,3500.0,3250.0,359
Gujarat,Banaskanth,Deesa(Deesa Veg Yard),Gram Raw(Chholia),Other,FAQ,2025-08-23 00:00:00,2500.0,3000.0,2750.0,359
Gujarat,Gandhinagar,Mansa(Manas Veg Yard),Gram Raw(Chholia),Other,FAQ,2025-08-11 00:00:00,4000.0,6000.0,5000.0,359
Gujarat,Gandhinagar,Mansa(Manas Veg Yard),Gram Raw(Chholia),Other,FAQ,2025-08-12 00:00:00,2500.0,5000.0,4000.0,359
Gujarat,Gandhinagar,Mansa(Manas Veg Yard),Gram Raw(Chholia),Other,FAQ,2025-08-28 00:00:00,5000.0,5000.0,5000.0,359
Gujarat,Vadodara(Baroda),Vadodara(Sayajipura),Gram Raw(Chholia),Other,FAQ,2025-08-05 00:00:00,4000.0,5000.0,4500.0,359
Gujarat,Vadodara(Baroda),Vadodara(Sayajipura),Gram Raw(Chholia),Other,FAQ,2025-08-25 00:00:00,4000.0,5000.0,4500.0,359
Gujarat,Gandhinagar,Mansa(Manas Veg Yard),Gram Raw(Chholia),Other,FAQ,2025-09-10 00:00:00,6000.0,7000.0,6500.0,359
Gujarat,Gandhinagar,Mansa(Manas Veg Yard),Gram Raw(Chholia),Other,FAQ,2025-09-13 00:00:00,6000.0,8000.0,7000.0,359
Gujarat,Gandhinagar,Mansa(Manas Veg Yard),Gram Raw(Chholia),Other,FAQ,2025-09-24 00:00:00,3000.0,3500.0,3000.0,359
Gujarat,Gandhinagar,Mansa(Manas Veg Yard),Gram Raw(Chholia),Other,FAQ,2025-09-25 00:00:00,4000.0,4000.0,4000.0,359
Gujarat,Gandhinagar,Mansa(Manas Veg Yard),Gram Raw(Chholia),Other,FAQ,2025-09-27 00:00:00,4000.0,5000.0,5000.0,359
Gujarat,Gandhinagar,Mansa(Manas Veg Yard),Gram Raw(Chholia),Other,FAQ,2025-09-29 00:00:00,2500.0,3500.0,3500.0,359
Gujarat,Vadodara(Baroda),Vadodara(Sayajipura),Gram Raw(Chholia),Other,FAQ,2025-09-02 00:00:00,4000.0,5000.0,4500.0,359
Gujarat,Vadodara(Baroda),Vadodara(Sayajipura),Gram Raw(Chholia),Other,FAQ,2025-09-04 00:00:00,4500.0,5000.0,4500.0,359
Gujarat,Vadodara(Baroda),Vadodara(Sayajipura),Gram Raw(Chholia),Other,FAQ,2025-09-05 00:00:00,4500.0,5000.0,4500.0,359
Gujarat,Vadodara(Baroda),Vadodara(Sayajipura),Gram Raw(Chholia),Other,FAQ,2025-09-12 00:00:00,7000.0,10000.0,8550.0,359
Gujarat,Vadodara(Baroda),Vadodara(Sayajipura),Gram Raw(Chholia),Other,FAQ,2025-09-13 00:00:00,7000.0,10000.0,8500.0,359
Gujarat,Banaskanth,Deesa(Deesa Veg Yard),Gram Raw(Chholia),Other,FAQ,2025-11-01 00:00:00,3500.0,4250.0,3875.0,359
Gujarat,Banaskanth,Deesa(Deesa Veg Yard),Gram Raw(Chholia),Other,FAQ,2025-10-27 00:00:00,4500.0,5000.0,4750.0,359
Gujarat,Banaskanth,Deesa(Deesa Veg Yard),Gram Raw(Chholia),Other,FAQ,2025-10-30 00:00:00,3500.0,4200.0,3850.0,359
Gujarat,Gandhinagar,Mansa(Manas Veg Yard),Gram Raw(Chholia),Other,FAQ,2025-11-01 00:00:00,3000.0,4500.0,4000.0,359
Gujarat,Gandhinagar,Mansa(Manas Veg Yard),Gram Raw(Chholia),Other,FAQ,2025-10-13 00:00:00,5000.0,5000.0,5000.0,359
Gujarat,Gandhinagar,Mansa(Manas Veg Yard),Gram Raw(Chholia),Other,FAQ,2025-10-14 00:00:00,4000.0,7000.0,5000.0,359
Gujarat,Gandhinagar,Mansa(Manas Veg Yard),Gram Raw(Chholia),Other,FAQ,2025-10-28 00:00:00,3000.0,4000.0,3000.0,359
Gujarat,Vadodara(Baroda),Vadodara(Sayajipura),Gram Raw(Chholia),Other,FAQ,2025-10-02 00:00:00,2000.0,3000.0,2500.0,359
Gujarat,Vadodara(Baroda),Vadodara(Sayajipura),Gram Raw(Chholia),Other,FAQ,2025-10-13 00:00:00,5000.0,6000.0,5500.0,359
Gujarat,Banaskanth,Deesa(Deesa Veg Yard),Gram Raw(Chholia),Other,FAQ,2025-10-03 00:00:00,5000.0,6150.0,5575.0,359
Gujarat,Banaskanth,Deesa(Deesa Veg Yard),Gram Raw(Chholia),Other,FAQ,2025-10-14 00:00:00,1500.0,2350.0,1925.0,359
Gujarat,Banaskanth,Deesa(Deesa Veg Yard),Gram Raw(Chholia),Other,FAQ,2025-10-17 00:00:00,4500.0,5150.0,4825.0,359
Gujarat,Banaskanth,Deesa(Deesa Veg Yard),Gram Raw(Chholia),Other,FAQ,2025-10-29 00:00:00,3500.0,4000.0,3750.0,359
Gujarat,Gandhinagar,Mansa(Manas Veg Yard),Gram Raw(Chholia),Other,FAQ,2025-10-01 00:00:00,2000.0,2000.0,2000.0,359
Gujarat,Gandhinagar,Mansa(Manas Veg Yard),Gram Raw(Chholia),Other,FAQ,2025-10-03 00:00:00,1500.0,4000.0,1500.0,359
Gujarat,Gandhinagar,Mansa(Manas Veg Yard),Gram Raw(Chholia),Other,FAQ,2025-10-04 00:00:00,2000.0,3000.0,2500.0,359
Gujarat,Gandhinagar,Mansa(Manas Veg Yard),Gram Raw(Chholia),Other,FAQ,2025-10-06 00:00:00,1500.0,2500.0,2500.0,359
Gujarat,Gandhinagar,Mansa(Manas Veg Yard),Gram Raw(Chholia),Other,FAQ,2025-10-16 00:00:00,6000.0,7000.0,6000.0,359
Gujarat,Gandhinagar,Mansa(Manas Veg Yard),Gram Raw(Chholia),Other,FAQ,2025-10-29 00:00:00,2000.0,3500.0,3000.0,359
Gujarat,Vadodara(Baroda),Vadodara(Sayajipura),Gram Raw(Chholia),Other,FAQ,2025-10-03 00:00:00,2500.0,3000.0,2800.0,359
Gujarat,Vadodara(Baroda),Vadodara(Sayajipura),Gram Raw(Chholia),Other,FAQ,2025-10-12 00:00:00,5000.0,6000.0,5500.0,359
Gujarat,Vadodara(Baroda),Vadodara(Sayajipura),Gram Raw(Chholia),Other,FAQ,2025-10-14 00:00:00,5000.0,6000.0,5500.0,359
Gujarat,Vadodara(Baroda),Vadodara(Sayajipura),Gram Raw(Chholia),Other,FAQ,2025-10-15 00:00:00,4000.0,6000.0,5050.0,359
Gujarat,Gandhinagar,Mansa(Manas Veg Yard) APMC,Gram Raw(Chholia),Other,Local,2025-12-10 00:00:00,4000.0,5000.0,4000.0,359
Gujarat,Gandhinagar,Mansa(Manas Veg Yard) APMC,Gram Raw(Chholia),Other,Local,2025-12-15 00:00:00,2500.0,2500.0,2500.0,359
Gujarat,Vadodara(Baroda),Vadodara(Sayajipura) APMC,Gram Raw(Chholia),Other,Grade A,2025-12-04 00:00:00,3500.0,3500.0,3500.0,359
Gujarat,Gandhinagar,Mansa(Manas Veg Yard) APMC,Gram Raw(Chholia),Other,Local,2025-12-18 00:00:00,5000.0,5000.0,5000.0,359
Gujarat,Vadodara(Baroda),Vadodara(Sayajipura) APMC,Gram Raw(Chholia),Other,FAQ,2025-12-22 00:00:00,3500.0,3500.0,3500.0,359
Gujarat,Gandhinagar,Mansa(Manas Veg Yard) APMC,Gram Raw(Chholia),Other,Local,2025-12-20 00:00:00,4000.0,4000.0,4000.0,359
Gujarat,Gandhinagar,Mansa(Manas Veg Yard) APMC,Gram Raw(Chholia),Other,Local,2025-12-22 00:00:00,4000.0,4000.0,4000.0,359
Gujarat,Banaskanth,Deesa(Deesa Veg Yard) APMC,Gram Raw(Chholia),Other,FAQ,2025-12-25 00:00:00,8000.0,10150.0,9075.0,359
Gujarat,Vadodara(Baroda),Vadodara(Sayajipura) APMC,Gram Raw(Chholia),Other,FAQ,2025-12-30 00:00:00,2300.0,2300.0,2300.0,359
Gujarat,Vadodara(Baroda),Vadodara(Sayajipura) APMC,Gram Raw(Chholia),Other,FAQ,2026-01-01 00:00:00,2300.0,2300.0,2300.0,359
Gujarat,Gandhinagar,Mansa(Manas Veg Yard) APMC,Gram Raw(Chholia),Other,Local,2026-01-13 00:00:00,5000.0,5000.0,5000.0,359
Gujarat,Gandhinagar,Mansa(Manas Veg Yard) APMC,Gram Raw(Chholia),Other,Local,2026-01-10 00:00:00,3000.0,5000.0,5000.0,359
Gujarat,Ahmedabad,Dholka,Gram Raw(Chholia),Other,FAQ,2012-06-09 00:00:00,800.0,1200.0,1000.0,359
Gujarat,Ahmedabad,Dholka,Gram Raw(Chholia),Other,FAQ,2012-06-19 00:00:00,750.0,1000.0,850.0,359
Gujarat,Ahmedabad,Dholka,Gram Raw(Chholia),Other,FAQ,2012-06-23 00:00:00,900.0,1700.0,1200.0,359
Gujarat,Ahmedabad,Dholka,Gram Raw(Chholia),Other,FAQ,2012-07-11 00:00:00,1000.0,1500.0,1250.0,359
Gujarat,Ahmedabad,Dholka,Gram Raw(Chholia),Other,FAQ,2012-07-12 00:00:00,900.0,1400.0,1200.0,359
Gujarat,Ahmedabad,Dholka,Gram Raw(Chholia),Other,FAQ,2012-07-16 00:00:00,1500.0,2000.0,1750.0,359
Gujarat,Ahmedabad,Dholka,Gram Raw(Chholia),Other,FAQ,2012-07-17 00:00:00,1000.0,1750.0,1400.0,359
Gujarat,Ahmedabad,Dholka,Gram Raw(Chholia),Other,FAQ,2012-07-18 00:00:00,750.0,1500.0,1000.0,359
Gujarat,Ahmedabad,Dholka,Gram Raw(Chholia),Other,FAQ,2012-07-26 00:00:00,500.0,1000.0,750.0,359
Gujarat,Ahmedabad,Dholka,Gram Raw(Chholia),Other,FAQ,2012-08-22 00:00:00,1500.0,2000.0,1750.0,359
Gujarat,Ahmedabad,Dholka,Gram Raw(Chholia),Other,FAQ,2012-08-24 00:00:00,1500.0,2000.0,1800.0,359
Gujarat,Ahmedabad,Dholka,Gram Raw(Chholia),Other,FAQ,2012-08-30 00:00:00,1800.0,2000.0,1900.0,359
Gujarat,Ahmedabad,Dholka,Gram Raw(Chholia),Other,FAQ,2012-09-05 00:00:00,750.0,1750.0,1400.0,359
Gujarat,Ahmedabad,Dholka,Gram Raw(Chholia),Other,FAQ,2012-10-03 00:00:00,2000.0,2550.0,2300.0,359
Gujarat,Ahmedabad,Dholka,Gram Raw(Chholia),Other,FAQ,2012-10-05 00:00:00,2000.0,2250.0,2100.0,359
Gujarat,Ahmedabad,Dholka,Gram Raw(Chholia),Other,FAQ,2012-10-08 00:00:00,1000.0,1500.0,1300.0,359
Gujarat,Ahmedabad,Dholka,Gram Raw(Chholia),Other,FAQ,2012-10-15 00:00:00,1500.0,2000.0,1700.0,359
Gujarat,Ahmedabad,Dholka,Gram Raw(Chholia),Other,FAQ,2012-10-16 00:00:00,1500.0,2500.0,2000.0,359
Gujarat,Ahmedabad,Dholka,Gram Raw(Chholia),Other,FAQ,2012-11-03 00:00:00,1200.0,1900.0,1600.0,359
Gujarat,Ahmedabad,Dholka,Gram Raw(Chholia),Other,FAQ,2012-11-21 00:00:00,1000.0,1100.0,1050.0,359
Gujarat,Ahmedabad,Dholka,Gram Raw(Chholia),Other,FAQ,2012-12-05 00:00:00,1000.0,1100.0,1050.0,359
Gujarat,Botad,Botad,Gram Raw(Chholia),Other,FAQ,2012-06-01 00:00:00,5000.0,8750.0,6875.0,359
Gujarat,Botad,Botad,Gram Raw(Chholia),Other,FAQ,2012-06-14 00:00:00,2500.0,8000.0,5250.0,359
Gujarat,Botad,Botad,Gram Raw(Chholia),Other,FAQ,2012-06-16 00:00:00,2500.0,7500.0,5000.0,359
Gujarat,Botad,Botad,Gram Raw(Chholia),Other,FAQ,2012-06-18 00:00:00,2500.0,8000.0,5250.0,359
Gujarat,Botad,Botad,Gram Raw(Chholia),Other,FAQ,2012-06-22 00:00:00,750.0,1650.0,1200.0,359
Gujarat,Botad,Botad,Gram Raw(Chholia),Other,FAQ,2012-06-28 00:00:00,800.0,1600.0,1200.0,359
Gujarat,Botad,Botad,Gram Raw(Chholia),Other,FAQ,2012-08-14 00:00:00,900.0,1600.0,1250.0,359
Gujarat,Vadodara(Baroda),Vadodara(Sayajipura),Gram Raw(Chholia),Other,FAQ,2012-01-02 00:00:00,1250.0,1600.0,1450.0,359
Gujarat,Vadodara(Baroda),Vadodara(Sayajipura),Gram Raw(Chholia),Other,FAQ,2012-01-12 00:00:00,1400.0,1900.0,1700.0,359
Gujarat,Vadodara(Baroda),Vadodara(Sayajipura),Gram Raw(Chholia),Other,FAQ,2012-01-16 00:00:00,1600.0,2250.0,2000.0,359
Gujarat,Vadodara(Baroda),Vadodara(Sayajipura),Gram Raw(Chholia),Other,FAQ,2012-01-18 00:00:00,1750.0,2250.0,2050.0,359
Gujarat,Vadodara(Baroda),Vadodara(Sayajipura),Gram Raw(Chholia),Other,FAQ,2012-01-19 00:00:00,1500.0,2000.0,1850.0,359
Gujarat,Vadodara(Baroda),Vadodara(Sayajipura),Gram Raw(Chholia),Other,FAQ,2012-01-20 00:00:00,1500.0,2100.0,1800.0,359
Gujarat,Vadodara(Baroda),Vadodara(Sayajipura),Gram Raw(Chholia),Other,FAQ,2012-01-26 00:00:00,1500.0,2500.0,2050.0,359
Gujarat,Vadodara(Baroda),Vadodara(Sayajipura),Gram Raw(Chholia),Other,FAQ,2012-01-28 00:00:00,1500.0,2500.0,2050.0,359
Gujarat,Vadodara(Baroda),Vadodara(Sayajipura),Gram Raw(Chholia),Other,FAQ,2012-01-30 00:00:00,2000.0,2500.0,2300.0,359
Gujarat,Vadodara(Baroda),Vadodara(Sayajipura),Gram Raw(Chholia),Other,FAQ,2012-01-31 00:00:00,2000.0,2500.0,2300.0,359
Gujarat,Vadodara(Baroda),Vadodara(Sayajipura),Gram Raw(Chholia),Other,FAQ,2012-02-01 00:00:00,2000.0,2500.0,2300.0,359
Gujarat,Vadodara(Baroda),Vadodara(Sayajipura),Gram Raw(Chholia),Other,FAQ,2012-02-16 00:00:00,1500.0,2000.0,1800.0,359
Gujarat,Vadodara(Baroda),Vadodara(Sayajipura),Gram Raw(Chholia),Other,FAQ,2012-03-02 00:00:00,2250.0,2750.0,2575.0,359
Gujarat,Vadodara(Baroda),Vadodara(Sayajipura),Gram Raw(Chholia),Other,FAQ,2012-03-09 00:00:00,2000.0,2500.0,2350.0,359
Gujarat,Vadodara(Baroda),Vadodara(Sayajipura),Gram Raw(Chholia),Other,FAQ,2012-03-12 00:00:00,2250.0,2750.0,2550.0,359
Gujarat,Vadodara(Baroda),Vadodara(Sayajipura),Gram Raw(Chholia),Other,FAQ,2012-03-14 00:00:00,2250.0,2750.0,2550.0,359
Gujarat,Vadodara(Baroda),Vadodara(Sayajipura),Gram Raw(Chholia),Other,FAQ,2012-03-21 00:00:00,1500.0,2500.0,2050.0,359
Gujarat,Vadodara(Baroda),Vadodara(Sayajipura),Gram Raw(Chholia),Other,FAQ,2012-03-30 00:00:00,2000.0,2500.0,2300.0,359
Gujarat,Vadodara(Baroda),Vadodara(Sayajipura),Gram Raw(Chholia),Other,FAQ,2012-04-03 00:00:00,2000.0,2500.0,2300.0,359
Gujarat,Vadodara(Baroda),Vadodara(Sayajipura),Gram Raw(Chholia),Other,FAQ,2012-04-15 00:00:00,2000.0,3000.0,2500.0,359
Gujarat,Vadodara(Baroda),Vadodara(Sayajipura),Gram Raw(Chholia),Other,FAQ,2012-04-16 00:00:00,2000.0,3000.0,2550.0,359
Gujarat,Vadodara(Baroda),Vadodara(Sayajipura),Gram Raw(Chholia),Other,FAQ,2012-04-19 00:00:00,1750.0,2750.0,2300.0,359
Gujarat,Vadodara(Baroda),Vadodara(Sayajipura),Gram Raw(Chholia),Other,FAQ,2012-04-24 00:00:00,1500.0,2000.0,1800.0,359
Gujarat,Vadodara(Baroda),Vadodara(Sayajipura),Gram Raw(Chholia),Other,FAQ,2012-04-26 00:00:00,1300.0,2250.0,1875.0,359
Gujarat,Vadodara(Baroda),Vadodara(Sayajipura),Gram Raw(Chholia),Other,FAQ,2012-05-16 00:00:00,1000.0,1500.0,1300.0,359
Gujarat,Vadodara(Baroda),Vadodara(Sayajipura),Gram Raw(Chholia),Other,FAQ,2012-05-17 00:00:00,900.0,1500.0,1250.0,359
Gujarat,Vadodara(Baroda),Vadodara(Sayajipura),Gram Raw(Chholia),Other,FAQ,2012-05-29 00:00:00,900.0,1300.0,1125.0,359
Gujarat,Vadodara(Baroda),Vadodara(Sayajipura),Gram Raw(Chholia),Other,FAQ,2012-06-02 00:00:00,800.0,1300.0,1100.0,359
Gujarat,Vadodara(Baroda),Vadodara(Sayajipura),Gram Raw(Chholia),Other,FAQ,2012-06-04 00:00:00,900.0,1250.0,1125.0,359
Gujarat,Vadodara(Baroda),Vadodara(Sayajipura),Gram Raw(Chholia),Other,FAQ,2012-06-05 00:00:00,900.0,1200.0,1100.0,359
Gujarat,Vadodara(Baroda),Vadodara(Sayajipura),Gram Raw(Chholia),Other,FAQ,2012-06-08 00:00:00,900.0,1300.0,1125.0,359
Gujarat,Vadodara(Baroda),Vadodara(Sayajipura),Gram Raw(Chholia),Other,FAQ,2012-06-15 00:00:00,1000.0,1400.0,1225.0,359
Gujarat,Vadodara(Baroda),Vadodara(Sayajipura),Gram Raw(Chholia),Other,FAQ,2012-06-18 00:00:00,1000.0,1500.0,1300.0,359
Gujarat,Vadodara(Baroda),Vadodara(Sayajipura),Gram Raw(Chholia),Other,FAQ,2012-06-27 00:00:00,1100.0,1600.0,1375.0,359
Gujarat,Vadodara(Baroda),Vadodara(Sayajipura),Gram Raw(Chholia),Other,FAQ,2012-07-01 00:00:00,1000.0,1500.0,1300.0,359
Gujarat,Vadodara(Baroda),Vadodara(Sayajipura),Gram Raw(Chholia),Other,FAQ,2012-07-02 00:00:00,1000.0,1500.0,1300.0,359
Gujarat,Vadodara(Baroda),Vadodara(Sayajipura),Gram Raw(Chholia),Other,FAQ,2012-07-13 00:00:00,1300.0,1600.0,1500.0,359
Gujarat,Vadodara(Baroda),Vadodara(Sayajipura),Gram Raw(Chholia),Other,FAQ,2012-07-15 00:00:00,1000.0,1500.0,1275.0,359
Gujarat,Vadodara(Baroda),Vadodara(Sayajipura),Gram Raw(Chholia),Other,FAQ,2012-07-27 00:00:00,700.0,1000.0,850.0,359
Gujarat,Vadodara(Baroda),Vadodara(Sayajipura),Gram Raw(Chholia),Other,FAQ,2012-07-30 00:00:00,800.0,1000.0,900.0,359
Gujarat,Vadodara(Baroda),Vadodara(Sayajipura),Gram Raw(Chholia),Other,FAQ,2012-08-03 00:00:00,1200.0,1750.0,1500.0,359
Gujarat,Vadodara(Baroda),Vadodara(Sayajipura),Gram Raw(Chholia),Other,FAQ,2012-08-04 00:00:00,1200.0,1700.0,1475.0,359
Gujarat,Vadodara(Baroda),Vadodara(Sayajipura),Gram Raw(Chholia),Other,FAQ,2012-08-09 00:00:00,800.0,1600.0,1250.0,359
Gujarat,Vadodara(Baroda),Vadodara(Sayajipura),Gram Raw(Chholia),Other,FAQ,2012-08-18 00:00:00,2000.0,2300.0,2150.0,359
Gujarat,Vadodara(Baroda),Vadodara(Sayajipura),Gram Raw(Chholia),Other,FAQ,2012-08-24 00:00:00,1200.0,1500.0,1375.0,359
Gujarat,Vadodara(Baroda),Vadodara(Sayajipura),Gram Raw(Chholia),Other,FAQ,2012-08-25 00:00:00,1300.0,1700.0,1550.0,359
Gujarat,Vadodara(Baroda),Vadodara(Sayajipura),Gram Raw(Chholia),Other,FAQ,2012-09-08 00:00:00,800.0,1200.0,1050.0,359
Gujarat,Vadodara(Baroda),Vadodara(Sayajipura),Gram Raw(Chholia),Other,FAQ,2012-09-09 00:00:00,800.0,1200.0,1050.0,359
Gujarat,Vadodara(Baroda),Vadodara(Sayajipura),Gram Raw(Chholia),Other,FAQ,2012-09-22 00:00:00,2000.0,2500.0,2250.0,359
Gujarat,Vadodara(Baroda),Vadodara(Sayajipura),Gram Raw(Chholia),Other,FAQ,2012-09-25 00:00:00,2000.0,2500.0,2300.0,359
Gujarat,Vadodara(Baroda),Vadodara(Sayajipura),Gram Raw(Chholia),Other,FAQ,2012-09-26 00:00:00,1500.0,3000.0,2250.0,359
Gujarat,Vadodara(Baroda),Vadodara(Sayajipura),Gram Raw(Chholia),Other,FAQ,2012-09-27 00:00:00,1500.0,3000.0,2250.0,359
Gujarat,Vadodara(Baroda),Vadodara(Sayajipura),Gram Raw(Chholia),Other,FAQ,2012-09-28 00:00:00,2500.0,3000.0,2800.0,359
Gujarat,Vadodara(Baroda),Vadodara(Sayajipura),Gram Raw(Chholia),Other,FAQ,2012-10-02 00:00:00,2000.0,3000.0,2625.0,359
Gujarat,Vadodara(Baroda),Vadodara(Sayajipura),Gram Raw(Chholia),Other,FAQ,2012-10-03 00:00:00,1500.0,3000.0,2250.0,359
Gujarat,Vadodara(Baroda),Vadodara(Sayajipura),Gram Raw(Chholia),Other,FAQ,2012-10-06 00:00:00,1500.0,2000.0,1800.0,359
Gujarat,Vadodara(Baroda),Vadodara(Sayajipura),Gram Raw(Chholia),Other,FAQ,2012-10-09 00:00:00,1250.0,1750.0,1550.0,359
Gujarat,Vadodara(Baroda),Vadodara(Sayajipura),Gram Raw(Chholia),Other,FAQ,2012-10-27 00:00:00,1500.0,3000.0,2250.0,359
Gujarat,Vadodara(Baroda),Vadodara(Sayajipura),Gram Raw(Chholia),Other,FAQ,2012-10-30 00:00:00,2000.0,2500.0,2300.0,359
Gujarat,Vadodara(Baroda),Vadodara(Sayajipura),Gram Raw(Chholia),Other,FAQ,2012-11-01 00:00:00,2500.0,3000.0,2800.0,359
Gujarat,Vadodara(Baroda),Vadodara(Sayajipura),Gram Raw(Chholia),Other,FAQ,2012-11-04 00:00:00,2000.0,3000.0,2625.0,359
Gujarat,Vadodara(Baroda),Vadodara(Sayajipura),Gram Raw(Chholia),Other,FAQ,2012-11-06 00:00:00,2000.0,2500.0,2375.0,359
Gujarat,Vadodara(Baroda),Vadodara(Sayajipura),Gram Raw(Chholia),Other,FAQ,2012-11-07 00:00:00,2000.0,2750.0,2400.0,359
Gujarat,Vadodara(Baroda),Vadodara(Sayajipura),Gram Raw(Chholia),Other,FAQ,2012-11-12 00:00:00,2000.0,2500.0,2300.0,359
Gujarat,Vadodara(Baroda),Vadodara(Sayajipura),Gram Raw(Chholia),Other,FAQ,2012-11-13 00:00:00,2000.0,2500.0,2300.0,359
Gujarat,Vadodara(Baroda),Vadodara(Sayajipura),Gram Raw(Chholia),Other,FAQ,2012-11-16 00:00:00,1000.0,1500.0,1300.0,359
Gujarat,Vadodara(Baroda),Vadodara(Sayajipura),Gram Raw(Chholia),Other,FAQ,2012-11-18 00:00:00,900.0,1300.0,1150.0,359
Gujarat,Vadodara(Baroda),Vadodara(Sayajipura),Gram Raw(Chholia),Other,FAQ,2012-11-22 00:00:00,1750.0,2250.0,2050.0,359
Gujarat,Vadodara(Baroda),Vadodara(Sayajipura),Gram Raw(Chholia),Other,FAQ,2012-11-25 00:00:00,1000.0,1500.0,1300.0,359
Gujarat,Vadodara(Baroda),Vadodara(Sayajipura),Gram Raw(Chholia),Other,FAQ,2012-11-28 00:00:00,1000.0,2000.0,1625.0,359
Gujarat,Vadodara(Baroda),Vadodara(Sayajipura),Gram Raw(Chholia),Other,FAQ,2012-12-02 00:00:00,1000.0,1400.0,1250.0,359
Gujarat,Vadodara(Baroda),Vadodara(Sayajipura),Gram Raw(Chholia),Other,FAQ,2012-12-04 00:00:00,1500.0,1750.0,1650.0,359
Gujarat,Vadodara(Baroda),Vadodara(Sayajipura),Gram Raw(Chholia),Other,FAQ,2012-12-09 00:00:00,1000.0,1500.0,1300.0,359
Gujarat,Vadodara(Baroda),Vadodara(Sayajipura),Gram Raw(Chholia),Other,FAQ,2012-12-14 00:00:00,900.0,1200.0,1075.0,359
Gujarat,Vadodara(Baroda),Vadodara(Sayajipura),Gram Raw(Chholia),Other,FAQ,2012-12-21 00:00:00,800.0,1200.0,1050.0,359
Gujarat,Vadodara(Baroda),Vadodara(Sayajipura),Gram Raw(Chholia),Other,FAQ,2012-12-22 00:00:00,800.0,1200.0,1050.0,359
Gujarat,Vadodara(Baroda),Vadodara(Sayajipura),Gram Raw(Chholia),Other,FAQ,2012-12-25 00:00:00,800.0,1200.0,1050.0,359
Gujarat,Vadodara(Baroda),Vadodara(Sayajipura),Gram Raw(Chholia),Other,FAQ,2012-12-28 00:00:00,1000.0,1500.0,1300.0,359
Gujarat,Vadodara(Baroda),Vadodara(Sayajipura),Gram Raw(Chholia),Other,FAQ,2012-12-31 00:00:00,1250.0,2000.0,1675.0,359
Gujarat,Ahmedabad,Dholka(Market Yard Veg),Gram Raw(Chholia),Other,FAQ,2014-05-26 00:00:00,1000.0,1750.0,1600.0,359
Gujarat,Ahmedabad,Dholka(Market Yard Veg),Gram Raw(Chholia),Other,FAQ,2014-05-28 00:00:00,1000.0,1500.0,1400.0,359
Gujarat,Ahmedabad,Dholka(Market Yard Veg),Gram Raw(Chholia),Other,FAQ,2014-06-03 00:00:00,1500.0,2000.0,1800.0,359
Gujarat,Ahmedabad,Dholka(Market Yard Veg),Gram Raw(Chholia),Other,FAQ,2014-06-12 00:00:00,1500.0,2000.0,1650.0,359
Gujarat,Ahmedabad,Dholka(Market Yard Veg),Gram Raw(Chholia),Other,FAQ,2014-06-17 00:00:00,1500.0,2500.0,1600.0,359
Gujarat,Ahmedabad,Dholka(Market Yard Veg),Gram Raw(Chholia),Other,FAQ,2014-06-20 00:00:00,2000.0,2750.0,2100.0,359
Gujarat,Ahmedabad,Dholka(Market Yard Veg),Gram Raw(Chholia),Other,FAQ,2014-06-27 00:00:00,1000.0,1500.0,1300.0,359
Gujarat,Ahmedabad,Dholka(Market Yard Veg),Gram Raw(Chholia),Other,FAQ,2014-07-16 00:00:00,1500.0,2000.0,1800.0,359
Gujarat,Ahmedabad,Dholka(Market Yard Veg),Gram Raw(Chholia),Other,FAQ,2014-07-19 00:00:00,1500.0,2000.0,1750.0,359
Gujarat,Ahmedabad,Dholka(Market Yard Veg),Gram Raw(Chholia),Other,FAQ,2014-07-24 00:00:00,3000.0,3500.0,3300.0,359
Gujarat,Ahmedabad,Dholka(Market Yard Veg),Gram Raw(Chholia),Other,FAQ,2014-11-03 00:00:00,1500.0,2000.0,1800.0,359
Gujarat,Banaskanth,Deesa(Deesa Veg Yard),Gram Raw(Chholia),Other,FAQ,2014-01-06 00:00:00,500.0,600.0,550.0,359
Gujarat,Banaskanth,Deesa(Deesa Veg Yard),Gram Raw(Chholia),Other,FAQ,2014-01-10 00:00:00,2500.0,3000.0,2750.0,359
Gujarat,Banaskanth,Deesa(Deesa Veg Yard),Gram Raw(Chholia),Other,FAQ,2014-01-21 00:00:00,3000.0,3500.0,3250.0,359
Gujarat,Banaskanth,Deesa(Deesa Veg Yard),Gram Raw(Chholia),Other,FAQ,2014-03-03 00:00:00,3000.0,3500.0,3250.0,359
Gujarat,Banaskanth,Deesa(Deesa Veg Yard),Gram Raw(Chholia),Other,FAQ,2014-03-14 00:00:00,2000.0,2500.0,2250.0,359
Gujarat,Banaskanth,Deesa(Deesa Veg Yard),Gram Raw(Chholia),Other,FAQ,2014-03-18 00:00:00,3500.0,4000.0,3750.0,359
Gujarat,Banaskanth,Deesa(Deesa Veg Yard),Gram Raw(Chholia),Other,FAQ,2014-06-13 00:00:00,2500.0,2750.0,2625.0,359
Gujarat,Banaskanth,Deesa(Deesa Veg Yard),Gram Raw(Chholia),Other,FAQ,2014-06-18 00:00:00,2500.0,2800.0,2650.0,359
Gujarat,Banaskanth,Deesa(Deesa Veg Yard),Gram Raw(Chholia),Other,FAQ,2014-06-20 00:00:00,3500.0,4000.0,3750.0,359
Gujarat,Banaskanth,Deesa(Deesa Veg Yard),Gram Raw(Chholia),Other,FAQ,2014-06-24 00:00:00,3000.0,3500.0,3250.0,359
Gujarat,Banaskanth,Deesa(Deesa Veg Yard),Gram Raw(Chholia),Other,FAQ,2014-07-02 00:00:00,3000.0,4500.0,3750.0,359
Gujarat,Banaskanth,Deesa(Deesa Veg Yard),Gram Raw(Chholia),Other,FAQ,2014-07-08 00:00:00,1000.0,2000.0,1500.0,359
Gujarat,Banaskanth,Deesa(Deesa Veg Yard),Gram Raw(Chholia),Other,FAQ,2014-07-11 00:00:00,2500.0,3000.0,2750.0,359
Gujarat,Banaskanth,Deesa(Deesa Veg Yard),Gram Raw(Chholia),Other,FAQ,2014-07-15 00:00:00,1500.0,2400.0,1950.0,359
Gujarat,Banaskanth,Deesa(Deesa Veg Yard),Gram Raw(Chholia),Other,FAQ,2014-07-17 00:00:00,1500.0,2500.0,2000.0,359
Gujarat,Banaskanth,Deesa(Deesa Veg Yard),Gram Raw(Chholia),Other,FAQ,2014-07-28 00:00:00,4000.0,4500.0,4250.0,359
Gujarat,Banaskanth,Deesa(Deesa Veg Yard),Gram Raw(Chholia),Other,FAQ,2014-08-06 00:00:00,3000.0,4000.0,3500.0,359
Gujarat,Banaskanth,Deesa(Deesa Veg Yard),Gram Raw(Chholia),Other,FAQ,2014-08-07 00:00:00,3000.0,4000.0,3500.0,359
Gujarat,Banaskanth,Deesa(Deesa Veg Yard),Gram Raw(Chholia),Other,FAQ,2014-08-09 00:00:00,3000.0,4000.0,3500.0,359
Gujarat,Banaskanth,Deesa(Deesa Veg Yard),Gram Raw(Chholia),Other,FAQ,2014-08-13 00:00:00,3000.0,5000.0,4000.0,359
Gujarat,Banaskanth,Deesa(Deesa Veg Yard),Gram Raw(Chholia),Other,FAQ,2014-09-12 00:00:00,2000.0,2500.0,2250.0,359
Gujarat,Gandhinagar,Mansa(Manas Veg Yard),Gram Raw(Chholia),Other,FAQ,2014-06-30 00:00:00,3000.0,3250.0,3000.0,359
Gujarat,Gandhinagar,Mansa(Manas Veg Yard),Gram Raw(Chholia),Other,FAQ,2014-07-04 00:00:00,2500.0,3000.0,2500.0,359
Gujarat,Gandhinagar,Mansa(Manas Veg Yard),Gram Raw(Chholia),Other,FAQ,2014-07-17 00:00:00,2500.0,2500.0,2500.0,359
Gujarat,Gandhinagar,Mansa(Manas Veg Yard),Gram Raw(Chholia),Other,FAQ,2014-07-24 00:00:00,4000.0,5000.0,5000.0,359
Gujarat,Gandhinagar,Mansa(Manas Veg Yard),Gram Raw(Chholia),Other,FAQ,2014-07-25 00:00:00,400.0,5000.0,4500.0,359
Gujarat,Gandhinagar,Mansa(Manas Veg Yard),Gram Raw(Chholia),Other,FAQ,2014-08-07 00:00:00,4500.0,5000.0,5000.0,359
Gujarat,Gandhinagar,Mansa(Manas Veg Yard),Gram Raw(Chholia),Other,FAQ,2014-08-08 00:00:00,4500.0,5000.0,5000.0,359
Gujarat,Gandhinagar,Mansa(Manas Veg Yard),Gram Raw(Chholia),Other,FAQ,2014-08-11 00:00:00,5000.0,6250.0,6000.0,359
Gujarat,Gandhinagar,Mansa(Manas Veg Yard),Gram Raw(Chholia),Other,FAQ,2014-09-02 00:00:00,1250.0,1750.0,1500.0,359
Gujarat,Sabarkantha,Prantij,Gram Raw(Chholia),Other,FAQ,2014-05-15 00:00:00,1000.0,1600.0,1300.0,359
Gujarat,Sabarkantha,Prantij,Gram Raw(Chholia),Other,FAQ,2014-05-16 00:00:00,1000.0,1250.0,1125.0,359
Gujarat,Sabarkantha,Prantij,Gram Raw(Chholia),Other,FAQ,2014-05-31 00:00:00,1000.0,1500.0,1250.0,359
Gujarat,Sabarkantha,Prantij,Gram Raw(Chholia),Other,FAQ,2014-06-06 00:00:00,1250.0,1750.0,1500.0,359
Gujarat,Sabarkantha,Prantij,Gram Raw(Chholia),Other,FAQ,2014-06-14 00:00:00,1500.0,2750.0,2125.0,359
Gujarat,Sabarkantha,Prantij,Gram Raw(Chholia),Other,FAQ,2014-06-20 00:00:00,2000.0,2500.0,2250.0,359
Gujarat,Sabarkantha,Prantij,Gram Raw(Chholia),Other,FAQ,2014-06-21 00:00:00,2500.0,2750.0,2625.0,359
Gujarat,Sabarkantha,Prantij,Gram Raw(Chholia),Other,FAQ,2014-07-15 00:00:00,1000.0,1500.0,1250.0,359
Gujarat,Sabarkantha,Prantij,Gram Raw(Chholia),Other,FAQ,2014-07-16 00:00:00,1000.0,1500.0,1250.0,359
Gujarat,Sabarkantha,Prantij,Gram Raw(Chholia),Other,FAQ,2014-07-18 00:00:00,1000.0,1750.0,1375.0,359
Gujarat,Sabarkantha,Prantij,Gram Raw(Chholia),Other,FAQ,2014-08-06 00:00:00,2500.0,3500.0,3000.0,359
Gujarat,Sabarkantha,Prantij,Gram Raw(Chholia),Other,FAQ,2014-08-20 00:00:00,1500.0,2000.0,1750.0,359
Gujarat,Sabarkantha,Prantij,Gram Raw(Chholia),Other,FAQ,2014-08-21 00:00:00,1500.0,2250.0,1875.0,359
Gujarat,Sabarkantha,Prantij,Gram Raw(Chholia),Other,FAQ,2014-09-17 00:00:00,2500.0,3000.0,2750.0,359
Gujarat,Sabarkantha,Prantij,Gram Raw(Chholia),Other,FAQ,2014-09-18 00:00:00,2000.0,2250.0,2125.0,359
Gujarat,Sabarkantha,Prantij,Gram Raw(Chholia),Other,FAQ,2014-09-19 00:00:00,2000.0,2500.0,2250.0,359
Gujarat,Surat,Vyra,Gram Raw(Chholia),Other,FAQ,2014-01-07 00:00:00,1250.0,1750.0,1500.0,359
Gujarat,Surat,Vyra,Gram Raw(Chholia),Other,FAQ,2014-01-09 00:00:00,1000.0,2000.0,1500.0,359
Gujarat,Vadodara(Baroda),Vadodara(Sayajipura),Gram Raw(Chholia),Other,FAQ,2013-10-06 00:00:00,3000.0,3500.0,3300.0,359
Gujarat,Vadodara(Baroda),Vadodara(Sayajipura),Gram Raw(Chholia),Other,FAQ,2013-10-10 00:00:00,3000.0,4500.0,3825.0,359
Gujarat,Vadodara(Baroda),Vadodara(Sayajipura),Gram Raw(Chholia),Other,FAQ,2013-10-13 00:00:00,4000.0,5000.0,4550.0,359
Gujarat,Vadodara(Baroda),Vadodara(Sayajipura),Gram Raw(Chholia),Other,FAQ,2013-10-22 00:00:00,3000.0,4000.0,3550.0,359
Gujarat,Vadodara(Baroda),Vadodara(Sayajipura),Gram Raw(Chholia),Other,FAQ,2013-10-23 00:00:00,3500.0,4000.0,3750.0,359
Gujarat,Vadodara(Baroda),Vadodara(Sayajipura),Gram Raw(Chholia),Other,FAQ,2013-10-30 00:00:00,2500.0,3500.0,3050.0,359
Gujarat,Vadodara(Baroda),Vadodara(Sayajipura),Gram Raw(Chholia),Other,FAQ,2013-10-31 00:00:00,2500.0,3500.0,3050.0,359
Gujarat,Vadodara(Baroda),Vadodara(Sayajipura),Gram Raw(Chholia),Other,FAQ,2013-11-06 00:00:00,2000.0,2500.0,2300.0,359
Gujarat,Vadodara(Baroda),Vadodara(Sayajipura),Gram Raw(Chholia),Other,FAQ,2013-11-23 00:00:00,2000.0,2500.0,2300.0,359
Gujarat,Vadodara(Baroda),Vadodara(Sayajipura),Gram Raw(Chholia),Other,FAQ,2013-11-24 00:00:00,2000.0,2500.0,2300.0,359
Gujarat,Vadodara(Baroda),Vadodara(Sayajipura),Gram Raw(Chholia),Other,FAQ,2013-12-14 00:00:00,1700.0,2000.0,1875.0,359
Gujarat,Vadodara(Baroda),Vadodara(Sayajipura),Gram Raw(Chholia),Other,FAQ,2013-12-19 00:00:00,1500.0,2000.0,1750.0,359
Gujarat,Vadodara(Baroda),Vadodara(Sayajipura),Gram Raw(Chholia),Other,FAQ,2013-12-25 00:00:00,1750.0,2000.0,1900.0,359
Gujarat,Vadodara(Baroda),Vadodara(Sayajipura),Gram Raw(Chholia),Other,FAQ,2013-12-30 00:00:00,1750.0,2250.0,2050.0,359
Gujarat,Ahmedabad,Dholka,Gram Raw(Chholia),Other,FAQ,2012-05-31 00:00:00,600.0,1200.0,1000.0,359
Gujarat,Ahmedabad,Dholka,Gram Raw(Chholia),Other,FAQ,2012-06-12 00:00:00,600.0,1150.0,925.0,359
Gujarat,Ahmedabad,Dholka,Gram Raw(Chholia),Other,FAQ,2012-07-19 00:00:00,750.0,2000.0,1400.0,359
Gujarat,Ahmedabad,Dholka,Gram Raw(Chholia),Other,FAQ,2012-07-20 00:00:00,1000.0,2000.0,1600.0,359
Gujarat,Ahmedabad,Dholka,Gram Raw(Chholia),Other,FAQ,2012-07-25 00:00:00,500.0,750.0,600.0,359
Gujarat,Ahmedabad,Dholka,Gram Raw(Chholia),Other,FAQ,2012-08-03 00:00:00,750.0,1250.0,1000.0,359
Gujarat,Ahmedabad,Dholka,Gram Raw(Chholia),Other,FAQ,2012-08-08 00:00:00,800.0,1000.0,900.0,359
Gujarat,Ahmedabad,Dholka,Gram Raw(Chholia),Other,FAQ,2012-08-17 00:00:00,1000.0,1800.0,1400.0,359
Gujarat,Ahmedabad,Dholka,Gram Raw(Chholia),Other,FAQ,2012-09-06 00:00:00,600.0,1500.0,1100.0,359
Gujarat,Ahmedabad,Dholka,Gram Raw(Chholia),Other,FAQ,2012-09-14 00:00:00,3000.0,3500.0,3250.0,359
Gujarat,Ahmedabad,Dholka,Gram Raw(Chholia),Other,FAQ,2012-09-17 00:00:00,1000.0,3500.0,2300.0,359
Gujarat,Ahmedabad,Dholka,Gram Raw(Chholia),Other,FAQ,2012-09-25 00:00:00,2500.0,3500.0,2800.0,359
Gujarat,Ahmedabad,Dholka,Gram Raw(Chholia),Other,FAQ,2012-09-27 00:00:00,2500.0,3500.0,3000.0,359
Gujarat,Ahmedabad,Dholka,Gram Raw(Chholia),Other,FAQ,2012-10-06 00:00:00,750.0,1200.0,1000.0,359
Gujarat,Ahmedabad,Dholka,Gram Raw(Chholia),Other,FAQ,2012-10-09 00:00:00,1250.0,1500.0,1350.0,359
Gujarat,Ahmedabad,Dholka,Gram Raw(Chholia),Other,FAQ,2012-10-10 00:00:00,1000.0,1750.0,1500.0,359
Gujarat,Ahmedabad,Dholka,Gram Raw(Chholia),Other,FAQ,2012-11-01 00:00:00,500.0,2125.0,1600.0,359
Gujarat,Ahmedabad,Dholka,Gram Raw(Chholia),Other,FAQ,2012-11-16 00:00:00,1250.0,2000.0,1500.0,359
Gujarat,Ahmedabad,Dholka,Gram Raw(Chholia),Other,FAQ,2012-11-17 00:00:00,1000.0,1800.0,1400.0,359
Gujarat,Ahmedabad,Dholka,Gram Raw(Chholia),Other,FAQ,2012-11-19 00:00:00,1600.0,2200.0,2000.0,359
Gujarat,Ahmedabad,Dholka,Gram Raw(Chholia),Other,FAQ,2012-11-27 00:00:00,900.0,1300.0,1100.0,359
Gujarat,Ahmedabad,Dholka,Gram Raw(Chholia),Other,FAQ,2012-12-08 00:00:00,800.0,1200.0,1000.0,359
Gujarat,Botad,Botad,Gram Raw(Chholia),Other,FAQ,2012-06-05 00:00:00,3750.0,8000.0,5875.0,359
Gujarat,Botad,Botad,Gram Raw(Chholia),Other,FAQ,2012-06-10 00:00:00,2500.0,10000.0,6250.0,359
Gujarat,Botad,Botad,Gram Raw(Chholia),Other,FAQ,2012-06-11 00:00:00,3000.0,9500.0,6250.0,359
Gujarat,Botad,Botad,Gram Raw(Chholia),Other,FAQ,2012-06-15 00:00:00,2500.0,8250.0,5375.0,359
Gujarat,Botad,Botad,Gram Raw(Chholia),Other,FAQ,2012-06-17 00:00:00,2000.0,7000.0,4500.0,359
Gujarat,Botad,Botad,Gram Raw(Chholia),Other,FAQ,2012-06-19 00:00:00,3000.0,7500.0,5250.0,359
Gujarat,Botad,Botad,Gram Raw(Chholia),Other,FAQ,2012-08-05 00:00:00,700.0,1500.0,1100.0,359
Gujarat,Botad,Botad,Gram Raw(Chholia),Other,FAQ,2012-08-15 00:00:00,850.0,1750.0,1300.0,359
Gujarat,Botad,Botad,Gram Raw(Chholia),Other,FAQ,2012-08-16 00:00:00,900.0,1500.0,1200.0,359
Gujarat,Vadodara(Baroda),Vadodara(Sayajipura),Gram Raw(Chholia),Other,FAQ,2012-01-03 00:00:00,1250.0,2000.0,1750.0,359
Gujarat,Vadodara(Baroda),Vadodara(Sayajipura),Gram Raw(Chholia),Other,FAQ,2012-01-04 00:00:00,1250.0,2000.0,1750.0,359
Gujarat,Vadodara(Baroda),Vadodara(Sayajipura),Gram Raw(Chholia),Other,FAQ,2012-01-05 00:00:00,1500.0,2250.0,1950.0,359
Gujarat,Vadodara(Baroda),Vadodara(Sayajipura),Gram Raw(Chholia),Other,FAQ,2012-01-10 00:00:00,1500.0,1700.0,1600.0,359
Gujarat,Vadodara(Baroda),Vadodara(Sayajipura),Gram Raw(Chholia),Other,FAQ,2012-01-11 00:00:00,1400.0,1600.0,1550.0,359
Gujarat,Vadodara(Baroda),Vadodara(Sayajipura),Gram Raw(Chholia),Other,FAQ,2012-01-17 00:00:00,1600.0,2250.0,2000.0,359
Gujarat,Vadodara(Baroda),Vadodara(Sayajipura),Gram Raw(Chholia),Other,FAQ,2012-01-27 00:00:00,1500.0,2500.0,2050.0,359
Gujarat,Vadodara(Baroda),Vadodara(Sayajipura),Gram Raw(Chholia),Other,FAQ,2012-02-05 00:00:00,2000.0,2250.0,2150.0,359
Gujarat,Vadodara(Baroda),Vadodara(Sayajipura),Gram Raw(Chholia),Other,FAQ,2012-02-07 00:00:00,2000.0,2250.0,2150.0,359
Gujarat,Vadodara(Baroda),Vadodara(Sayajipura),Gram Raw(Chholia),Other,FAQ,2012-02-24 00:00:00,2250.0,2750.0,2575.0,359
Gujarat,Vadodara(Baroda),Vadodara(Sayajipura),Gram Raw(Chholia),Other,FAQ,2012-02-29 00:00:00,2250.0,2750.0,2575.0,359
Gujarat,Vadodara(Baroda),Vadodara(Sayajipura),Gram Raw(Chholia),Other,FAQ,2012-03-03 00:00:00,2250.0,2750.0,2575.0,359
Gujarat,Vadodara(Baroda),Vadodara(Sayajipura),Gram Raw(Chholia),Other,FAQ,2012-03-10 00:00:00,2250.0,2750.0,2550.0,359
Gujarat,Vadodara(Baroda),Vadodara(Sayajipura),Gram Raw(Chholia),Other,FAQ,2012-03-13 00:00:00,2250.0,2750.0,2550.0,359
Gujarat,Vadodara(Baroda),Vadodara(Sayajipura),Gram Raw(Chholia),Other,FAQ,2012-03-17 00:00:00,2000.0,2500.0,2350.0,359
Gujarat,Vadodara(Baroda),Vadodara(Sayajipura),Gram Raw(Chholia),Other,FAQ,2012-03-19 00:00:00,1500.0,2250.0,1900.0,359
Gujarat,Vadodara(Baroda),Vadodara(Sayajipura),Gram Raw(Chholia),Other,FAQ,2012-03-20 00:00:00,1500.0,2500.0,2050.0,359
Gujarat,Vadodara(Baroda),Vadodara(Sayajipura),Gram Raw(Chholia),Other,FAQ,2012-03-26 00:00:00,1500.0,2250.0,1900.0,359
Gujarat,Vadodara(Baroda),Vadodara(Sayajipura),Gram Raw(Chholia),Other,FAQ,2012-03-27 00:00:00,1500.0,2250.0,1900.0,359
Gujarat,Vadodara(Baroda),Vadodara(Sayajipura),Gram Raw(Chholia),Other,FAQ,2012-04-01 00:00:00,2000.0,2500.0,2300.0,359
Gujarat,Vadodara(Baroda),Vadodara(Sayajipura),Gram Raw(Chholia),Other,FAQ,2012-04-04 00:00:00,2000.0,2500.0,2300.0,359
Gujarat,Vadodara(Baroda),Vadodara(Sayajipura),Gram Raw(Chholia),Other,FAQ,2012-04-08 00:00:00,1400.0,2500.0,2000.0,359
Gujarat,Vadodara(Baroda),Vadodara(Sayajipura),Gram Raw(Chholia),Other,FAQ,2012-04-17 00:00:00,2000.0,3000.0,2550.0,359
Gujarat,Vadodara(Baroda),Vadodara(Sayajipura),Gram Raw(Chholia),Other,FAQ,2012-04-20 00:00:00,1750.0,2500.0,2150.0,359
Gujarat,Vadodara(Baroda),Vadodara(Sayajipura),Gram Raw(Chholia),Other,FAQ,2012-04-28 00:00:00,1500.0,3000.0,2300.0,359
Gujarat,Vadodara(Baroda),Vadodara(Sayajipura),Gram Raw(Chholia),Other,FAQ,2012-04-30 00:00:00,1250.0,2750.0,2075.0,359
Gujarat,Vadodara(Baroda),Vadodara(Sayajipura),Gram Raw(Chholia),Other,FAQ,2012-05-02 00:00:00,1500.0,2500.0,2075.0,359
Gujarat,Vadodara(Baroda),Vadodara(Sayajipura),Gram Raw(Chholia),Other,FAQ,2012-05-09 00:00:00,1500.0,2000.0,1800.0,359
Gujarat,Vadodara(Baroda),Vadodara(Sayajipura),Gram Raw(Chholia),Other,FAQ,2012-05-12 00:00:00,1250.0,1750.0,1550.0,359
Gujarat,Vadodara(Baroda),Vadodara(Sayajipura),Gram Raw(Chholia),Other,FAQ,2012-05-14 00:00:00,1000.0,1650.0,1350.0,359
Gujarat,Vadodara(Baroda),Vadodara(Sayajipura),Gram Raw(Chholia),Other,FAQ,2012-05-22 00:00:00,900.0,1250.0,1125.0,359
Gujarat,Vadodara(Baroda),Vadodara(Sayajipura),Gram Raw(Chholia),Other,FAQ,2012-05-24 00:00:00,900.0,1250.0,1125.0,359
Gujarat,Vadodara(Baroda),Vadodara(Sayajipura),Gram Raw(Chholia),Other,FAQ,2012-05-25 00:00:00,900.0,1300.0,1125.0,359
Gujarat,Vadodara(Baroda),Vadodara(Sayajipura),Gram Raw(Chholia),Other,FAQ,2012-05-28 00:00:00,900.0,1300.0,1125.0,359
Gujarat,Vadodara(Baroda),Vadodara(Sayajipura),Gram Raw(Chholia),Other,FAQ,2012-06-09 00:00:00,900.0,1300.0,1125.0,359
Gujarat,Vadodara(Baroda),Vadodara(Sayajipura),Gram Raw(Chholia),Other,FAQ,2012-06-12 00:00:00,1000.0,1300.0,1175.0,359
Gujarat,Vadodara(Baroda),Vadodara(Sayajipura),Gram Raw(Chholia),Other,FAQ,2012-06-16 00:00:00,1000.0,1400.0,1250.0,359
Gujarat,Vadodara(Baroda),Vadodara(Sayajipura),Gram Raw(Chholia),Other,FAQ,2012-06-28 00:00:00,1100.0,1600.0,1375.0,359
Gujarat,Vadodara(Baroda),Vadodara(Sayajipura),Gram Raw(Chholia),Other,FAQ,2012-06-29 00:00:00,1100.0,1600.0,1375.0,359
Gujarat,Vadodara(Baroda),Vadodara(Sayajipura),Gram Raw(Chholia),Other,FAQ,2012-07-03 00:00:00,1000.0,1500.0,1300.0,359
Gujarat,Vadodara(Baroda),Vadodara(Sayajipura),Gram Raw(Chholia),Other,FAQ,2012-07-08 00:00:00,1000.0,1300.0,1200.0,359
Gujarat,Vadodara(Baroda),Vadodara(Sayajipura),Gram Raw(Chholia),Other,FAQ,2012-07-09 00:00:00,1000.0,1300.0,1200.0,359
Gujarat,Vadodara(Baroda),Vadodara(Sayajipura),Gram Raw(Chholia),Other,FAQ,2012-07-10 00:00:00,2000.0,2300.0,2150.0,359
Gujarat,Vadodara(Baroda),Vadodara(Sayajipura),Gram Raw(Chholia),Other,FAQ,2012-07-12 00:00:00,1300.0,1600.0,1500.0,359
Gujarat,Vadodara(Baroda),Vadodara(Sayajipura),Gram Raw(Chholia),Other,FAQ,2012-07-14 00:00:00,1000.0,1600.0,1375.0,359
Gujarat,Vadodara(Baroda),Vadodara(Sayajipura),Gram Raw(Chholia),Other,FAQ,2012-07-16 00:00:00,1000.0,1500.0,1275.0,359
Gujarat,Vadodara(Baroda),Vadodara(Sayajipura),Gram Raw(Chholia),Other,FAQ,2012-07-23 00:00:00,1200.0,1600.0,1425.0,359
Gujarat,Vadodara(Baroda),Vadodara(Sayajipura),Gram Raw(Chholia),Other,FAQ,2012-07-28 00:00:00,700.0,1000.0,850.0,359
Gujarat,Vadodara(Baroda),Vadodara(Sayajipura),Gram Raw(Chholia),Other,FAQ,2012-08-08 00:00:00,1200.0,1600.0,1400.0,359
Gujarat,Vadodara(Baroda),Vadodara(Sayajipura),Gram Raw(Chholia),Other,FAQ,2012-08-10 00:00:00,800.0,1600.0,1250.0,359
Gujarat,Vadodara(Baroda),Vadodara(Sayajipura),Gram Raw(Chholia),Other,FAQ,2012-08-15 00:00:00,1000.0,1500.0,1300.0,359
Gujarat,Vadodara(Baroda),Vadodara(Sayajipura),Gram Raw(Chholia),Other,FAQ,2012-08-23 00:00:00,1000.0,1700.0,1400.0,359
Gujarat,Vadodara(Baroda),Vadodara(Sayajipura),Gram Raw(Chholia),Other,FAQ,2012-08-27 00:00:00,1300.0,1700.0,1550.0,359
Gujarat,Vadodara(Baroda),Vadodara(Sayajipura),Gram Raw(Chholia),Other,FAQ,2012-08-28 00:00:00,1300.0,1900.0,1625.0,359
Gujarat,Vadodara(Baroda),Vadodara(Sayajipura),Gram Raw(Chholia),Other,FAQ,2012-09-06 00:00:00,1000.0,2000.0,1550.0,359
Gujarat,Vadodara(Baroda),Vadodara(Sayajipura),Gram Raw(Chholia),Other,FAQ,2012-09-13 00:00:00,1100.0,1700.0,1450.0,359
Gujarat,Vadodara(Baroda),Vadodara(Sayajipura),Gram Raw(Chholia),Other,FAQ,2012-09-17 00:00:00,1500.0,2250.0,1900.0,359
Gujarat,Vadodara(Baroda),Vadodara(Sayajipura),Gram Raw(Chholia),Other,FAQ,2012-09-21 00:00:00,2000.0,2500.0,2250.0,359
Gujarat,Vadodara(Baroda),Vadodara(Sayajipura),Gram Raw(Chholia),Other,FAQ,2012-10-10 00:00:00,1500.0,2000.0,1800.0,359
Gujarat,Vadodara(Baroda),Vadodara(Sayajipura),Gram Raw(Chholia),Other,FAQ,2012-10-21 00:00:00,1500.0,2000.0,1800.0,359
Gujarat,Vadodara(Baroda),Vadodara(Sayajipura),Gram Raw(Chholia),Other,FAQ,2012-10-28 00:00:00,1500.0,3000.0,2250.0,359
Gujarat,Vadodara(Baroda),Vadodara(Sayajipura),Gram Raw(Chholia),Other,FAQ,2012-11-10 00:00:00,2000.0,2500.0,2300.0,359
Gujarat,Vadodara(Baroda),Vadodara(Sayajipura),Gram Raw(Chholia),Other,FAQ,2012-11-23 00:00:00,1000.0,2000.0,1625.0,359
Gujarat,Vadodara(Baroda),Vadodara(Sayajipura),Gram Raw(Chholia),Other,FAQ,2012-11-27 00:00:00,1000.0,2000.0,1625.0,359
Gujarat,Vadodara(Baroda),Vadodara(Sayajipura),Gram Raw(Chholia),Other,FAQ,2012-12-06 00:00:00,1500.0,2000.0,1800.0,359
Gujarat,Vadodara(Baroda),Vadodara(Sayajipura),Gram Raw(Chholia),Other,FAQ,2012-12-16 00:00:00,900.0,1200.0,1100.0,359
Gujarat,Vadodara(Baroda),Vadodara(Sayajipura),Gram Raw(Chholia),Other,FAQ,2012-12-26 00:00:00,1000.0,1500.0,1300.0,359
Gujarat,Vadodara(Baroda),Vadodara(Sayajipura),Gram Raw(Chholia),Other,FAQ,2012-12-27 00:00:00,1000.0,1500.0,1375.0,359
Gujarat,Vadodara(Baroda),Vadodara(Sayajipura),Gram Raw(Chholia),Other,FAQ,2012-12-29 00:00:00,1500.0,2000.0,1800.0,359
Gujarat,Vadodara(Baroda),Vadodara(Sayajipura),Gram Raw(Chholia),Other,FAQ,2012-12-30 00:00:00,1500.0,2150.0,1850.0,359
Gujarat,Ahmedabad,Dholka(Koth),Gram Raw(Chholia),Other,FAQ,2015-11-28 00:00:00,1400.0,2300.0,2000.0,359
Gujarat,Banaskanth,Deesa(Deesa Veg Yard),Gram Raw(Chholia),Other,FAQ,2015-05-14 00:00:00,1000.0,2000.0,1500.0,359
Gujarat,Banaskanth,Deesa(Deesa Veg Yard),Gram Raw(Chholia),Other,FAQ,2015-05-20 00:00:00,500.0,900.0,700.0,359
Gujarat,Banaskanth,Deesa(Deesa Veg Yard),Gram Raw(Chholia),Other,FAQ,2015-05-28 00:00:00,500.0,1000.0,750.0,359
Gujarat,Banaskanth,Deesa(Deesa Veg Yard),Gram Raw(Chholia),Other,FAQ,2015-05-30 00:00:00,500.0,700.0,600.0,359
Gujarat,Banaskanth,Deesa(Deesa Veg Yard),Gram Raw(Chholia),Other,FAQ,2015-06-15 00:00:00,2000.0,3000.0,2500.0,359
Gujarat,Banaskanth,Deesa(Deesa Veg Yard),Gram Raw(Chholia),Other,FAQ,2015-06-30 00:00:00,1000.0,2000.0,1500.0,359
Gujarat,Banaskanth,Deesa(Deesa Veg Yard),Gram Raw(Chholia),Other,FAQ,2015-07-04 00:00:00,2000.0,2500.0,2250.0,359
Gujarat,Banaskanth,Deesa(Deesa Veg Yard),Gram Raw(Chholia),Other,FAQ,2015-08-11 00:00:00,5000.0,6000.0,5500.0,359
Gujarat,Banaskanth,Deesa(Deesa Veg Yard),Gram Raw(Chholia),Other,FAQ,2015-08-20 00:00:00,3000.0,3500.0,3250.0,359
Gujarat,Banaskanth,Deesa(Deesa Veg Yard),Gram Raw(Chholia),Other,FAQ,2015-09-01 00:00:00,3500.0,4000.0,3750.0,359
Gujarat,Banaskanth,Deesa(Deesa Veg Yard),Gram Raw(Chholia),Other,FAQ,2015-09-25 00:00:00,1500.0,2000.0,1750.0,359
Gujarat,Banaskanth,Deesa(Deesa Veg Yard),Gram Raw(Chholia),Other,FAQ,2015-10-12 00:00:00,2500.0,3000.0,2750.0,359
Gujarat,Banaskanth,Deesa(Deesa Veg Yard),Gram Raw(Chholia),Other,FAQ,2015-10-14 00:00:00,2500.0,3500.0,3000.0,359
Gujarat,Banaskanth,Deesa(Deesa Veg Yard),Gram Raw(Chholia),Other,FAQ,2015-10-23 00:00:00,2500.0,3500.0,3000.0,359
Gujarat,Banaskanth,Deesa(Deesa Veg Yard),Gram Raw(Chholia),Other,FAQ,2015-11-21 00:00:00,2500.0,3500.0,3000.0,359
Gujarat,Surat,Vyra,Gram Raw(Chholia),Other,FAQ,2015-01-01 00:00:00,2250.0,3000.0,2775.0,359
Gujarat,Surat,Vyra,Gram Raw(Chholia),Other,FAQ,2015-01-03 00:00:00,1500.0,2000.0,1750.0,359
Gujarat,Surat,Vyra,Gram Raw(Chholia),Other,FAQ,2015-01-16 00:00:00,2500.0,3000.0,2750.0,359
Gujarat,Surat,Vyra,Gram Raw(Chholia),Other,FAQ,2015-03-19 00:00:00,2500.0,3500.0,3000.0,359
Gujarat,Surat,Vyra,Gram Raw(Chholia),Other,FAQ,2015-03-20 00:00:00,2500.0,3000.0,2750.0,359
Gujarat,Surat,Vyra,Gram Raw(Chholia),Other,FAQ,2015-03-24 00:00:00,2500.0,3500.0,3000.0,359
Gujarat,Surat,Vyra,Gram Raw(Chholia),Other,FAQ,2015-03-28 00:00:00,2250.0,3000.0,2625.0,359
Gujarat,Surat,Vyra,Gram Raw(Chholia),Other,FAQ,2015-04-13 00:00:00,2000.0,2500.0,2250.0,359
Gujarat,Surat,Vyra,Gram Raw(Chholia),Other,FAQ,2015-04-14 00:00:00,2000.0,2500.0,2250.0,359
Gujarat,Surat,Vyra,Gram Raw(Chholia),Other,FAQ,2015-04-17 00:00:00,1750.0,2350.0,2050.0,359
Gujarat,Surat,Vyra,Gram Raw(Chholia),Other,FAQ,2015-04-22 00:00:00,1000.0,1750.0,1375.0,359
Gujarat,Surat,Vyra,Gram Raw(Chholia),Other,FAQ,2015-05-04 00:00:00,600.0,1200.0,900.0,359
Gujarat,Surat,Vyra,Gram Raw(Chholia),Other,FAQ,2015-05-05 00:00:00,1000.0,1900.0,1450.0,359
Gujarat,Surat,Vyra,Gram Raw(Chholia),Other,FAQ,2015-05-15 00:00:00,1000.0,1900.0,1450.0,359
Gujarat,Surat,Vyra,Gram Raw(Chholia),Other,FAQ,2015-05-26 00:00:00,2000.0,2250.0,2125.0,359
Gujarat,Surat,Vyra,Gram Raw(Chholia),Other,FAQ,2015-06-03 00:00:00,3000.0,3500.0,3250.0,359
Gujarat,Surat,Vyra,Gram Raw(Chholia),Other,FAQ,2015-06-04 00:00:00,3000.0,4000.0,3500.0,359
Gujarat,Surat,Vyra,Gram Raw(Chholia),Other,FAQ,2015-06-18 00:00:00,2000.0,2500.0,2250.0,359
Gujarat,Surat,Vyra,Gram Raw(Chholia),Other,FAQ,2015-06-20 00:00:00,2000.0,2500.0,2250.0,359
Gujarat,Surat,Vyra,Gram Raw(Chholia),Other,FAQ,2015-07-03 00:00:00,3000.0,3500.0,3250.0,359
Gujarat,Surat,Vyra,Gram Raw(Chholia),Other,FAQ,2015-07-06 00:00:00,2000.0,2500.0,2250.0,359
Gujarat,Surat,Vyra,Gram Raw(Chholia),Other,FAQ,2015-07-14 00:00:00,1750.0,2250.0,2000.0,359
Gujarat,Surat,Vyra,Gram Raw(Chholia),Other,FAQ,2015-07-24 00:00:00,900.0,2000.0,1450.0,359
Gujarat,Surat,Vyra,Gram Raw(Chholia),Other,FAQ,2015-07-25 00:00:00,1000.0,2000.0,1500.0,359
Gujarat,Surat,Vyra,Gram Raw(Chholia),Other,FAQ,2015-09-09 00:00:00,1500.0,2250.0,1875.0,359
Gujarat,Surat,Vyra,Gram Raw(Chholia),Other,FAQ,2015-09-14 00:00:00,900.0,1500.0,1200.0,359
Gujarat,Surat,Vyra,Gram Raw(Chholia),Other,FAQ,2015-09-15 00:00:00,1500.0,2000.0,1750.0,359
Gujarat,Surat,Vyra,Gram Raw(Chholia),Other,FAQ,2015-09-18 00:00:00,2000.0,2750.0,2375.0,359
Gujarat,Surat,Vyra,Gram Raw(Chholia),Other,FAQ,2015-09-26 00:00:00,2000.0,2500.0,2250.0,359
Gujarat,Surat,Vyra,Gram Raw(Chholia),Other,FAQ,2015-09-30 00:00:00,5000.0,6000.0,5500.0,359
Gujarat,Surat,Vyra,Gram Raw(Chholia),Other,FAQ,2015-11-03 00:00:00,2500.0,3000.0,2750.0,359
Gujarat,Surat,Vyra,Gram Raw(Chholia),Other,FAQ,2015-11-24 00:00:00,1500.0,2500.0,2000.0,359
Gujarat,Surat,Vyra,Gram Raw(Chholia),Other,FAQ,2015-11-25 00:00:00,1500.0,2500.0,2000.0,359
Gujarat,Surat,Vyra,Gram Raw(Chholia),Other,FAQ,2015-11-27 00:00:00,1400.0,1600.0,1500.0,359
Gujarat,Surat,Vyra,Gram Raw(Chholia),Other,FAQ,2015-12-21 00:00:00,1750.0,2750.0,2250.0,359
Gujarat,Surat,Vyra,Gram Raw(Chholia),Other,FAQ,2015-12-29 00:00:00,1500.0,2250.0,1875.0,359
Gujarat,Vadodara(Baroda),Vadodara(Sayajipura),Gram Raw(Chholia),Other,FAQ,2015-01-01 00:00:00,2000.0,2500.0,2300.0,359
Gujarat,Vadodara(Baroda),Vadodara(Sayajipura),Gram Raw(Chholia),Other,FAQ,2015-01-07 00:00:00,2000.0,2500.0,2300.0,359
Gujarat,Vadodara(Baroda),Vadodara(Sayajipura),Gram Raw(Chholia),Other,FAQ,2015-01-13 00:00:00,1500.0,2000.0,1800.0,359
Gujarat,Vadodara(Baroda),Vadodara(Sayajipura),Gram Raw(Chholia),Other,FAQ,2015-01-16 00:00:00,2000.0,2500.0,2300.0,359
Gujarat,Vadodara(Baroda),Vadodara(Sayajipura),Gram Raw(Chholia),Other,FAQ,2015-06-25 00:00:00,800.0,1000.0,950.0,359
Gujarat,Vadodara(Baroda),Vadodara(Sayajipura),Gram Raw(Chholia),Other,FAQ,2015-06-27 00:00:00,1000.0,1200.0,1150.0,359
Gujarat,Vadodara(Baroda),Vadodara(Sayajipura),Gram Raw(Chholia),Other,FAQ,2015-07-10 00:00:00,1000.0,1250.0,1175.0,359
Gujarat,Vadodara(Baroda),Vadodara(Sayajipura),Gram Raw(Chholia),Other,FAQ,2015-07-13 00:00:00,1000.0,1600.0,1350.0,359
Gujarat,Vadodara(Baroda),Vadodara(Sayajipura),Gram Raw(Chholia),Other,FAQ,2015-07-17 00:00:00,1000.0,1500.0,1300.0,359
Gujarat,Vadodara(Baroda),Vadodara(Sayajipura),Gram Raw(Chholia),Other,FAQ,2015-07-25 00:00:00,1500.0,2000.0,1825.0,359
Gujarat,Vadodara(Baroda),Vadodara(Sayajipura),Gram Raw(Chholia),Other,FAQ,2015-08-01 00:00:00,2500.0,3000.0,2800.0,359
Gujarat,Vadodara(Baroda),Vadodara(Sayajipura),Gram Raw(Chholia),Other,FAQ,2015-08-04 00:00:00,3000.0,4000.0,3550.0,359
Gujarat,Vadodara(Baroda),Vadodara(Sayajipura),Gram Raw(Chholia),Other,FAQ,2015-08-07 00:00:00,2000.0,2500.0,2300.0,359
Gujarat,Vadodara(Baroda),Vadodara(Sayajipura),Gram Raw(Chholia),Other,FAQ,2015-08-12 00:00:00,1500.0,2000.0,1800.0,359
Gujarat,Vadodara(Baroda),Vadodara(Sayajipura),Gram Raw(Chholia),Other,FAQ,2015-08-15 00:00:00,2000.0,2500.0,2300.0,359
Gujarat,Vadodara(Baroda),Vadodara(Sayajipura),Gram Raw(Chholia),Other,FAQ,2015-08-17 00:00:00,1500.0,2000.0,1800.0,359
Gujarat,Vadodara(Baroda),Vadodara(Sayajipura),Gram Raw(Chholia),Other,FAQ,2015-08-18 00:00:00,1500.0,2000.0,1800.0,359
Gujarat,Vadodara(Baroda),Vadodara(Sayajipura),Gram Raw(Chholia),Other,FAQ,2015-08-23 00:00:00,1400.0,2000.0,1750.0,359
Gujarat,Vadodara(Baroda),Vadodara(Sayajipura),Gram Raw(Chholia),Other,FAQ,2015-08-30 00:00:00,500.0,1000.0,800.0,359
Gujarat,Vadodara(Baroda),Vadodara(Sayajipura),Gram Raw(Chholia),Other,FAQ,2015-08-31 00:00:00,500.0,800.0,700.0,359
Gujarat,Vadodara(Baroda),Vadodara(Sayajipura),Gram Raw(Chholia),Other,FAQ,2015-09-02 00:00:00,1000.0,1200.0,1150.0,359
Gujarat,Vadodara(Baroda),Vadodara(Sayajipura),Gram Raw(Chholia),Other,FAQ,2015-09-11 00:00:00,1000.0,1500.0,1300.0,359
Gujarat,Vadodara(Baroda),Vadodara(Sayajipura),Gram Raw(Chholia),Other,FAQ,2015-09-14 00:00:00,1000.0,1250.0,1175.0,359
Gujarat,Vadodara(Baroda),Vadodara(Sayajipura),Gram Raw(Chholia),Other,FAQ,2015-09-23 00:00:00,2000.0,2500.0,2300.0,359
Gujarat,Vadodara(Baroda),Vadodara(Sayajipura),Gram Raw(Chholia),Other,FAQ,2015-09-29 00:00:00,2500.0,3000.0,2800.0,359
Gujarat,Vadodara(Baroda),Vadodara(Sayajipura),Gram Raw(Chholia),Other,FAQ,2015-10-03 00:00:00,3500.0,5000.0,4300.0,359
Gujarat,Vadodara(Baroda),Vadodara(Sayajipura),Gram Raw(Chholia),Other,FAQ,2015-10-13 00:00:00,3500.0,4000.0,3750.0,359
Gujarat,Vadodara(Baroda),Vadodara(Sayajipura),Gram Raw(Chholia),Other,FAQ,2016-04-18 00:00:00,3000,4000,3550.0,359
Gujarat,Vadodara(Baroda),Vadodara(Sayajipura),Gram Raw(Chholia),Other,FAQ,2016-04-26 00:00:00,2500,3500,3050.0,359
Gujarat,Vadodara(Baroda),Vadodara(Sayajipura),Gram Raw(Chholia),Other,FAQ,2016-04-30 00:00:00,2000,3000,2550.0,359
Gujarat,Vadodara(Baroda),Vadodara(Sayajipura),Gram Raw(Chholia),Other,FAQ,2016-05-01 00:00:00,2000,3000,2550.0,359
Gujarat,Vadodara(Baroda),Vadodara(Sayajipura),Gram Raw(Chholia),Other,FAQ,2016-05-14 00:00:00,1500,2500,2050.0,359
Gujarat,Vadodara(Baroda),Vadodara(Sayajipura),Gram Raw(Chholia),Other,FAQ,2016-05-21 00:00:00,2000,3000,2550.0,359
Gujarat,Vadodara(Baroda),Vadodara(Sayajipura),Gram Raw(Chholia),Other,FAQ,2016-05-25 00:00:00,2000,3000,2550.0,359
Gujarat,Vadodara(Baroda),Vadodara(Sayajipura),Gram Raw(Chholia),Other,FAQ,2016-05-28 00:00:00,3000,4500,3800.0,359
Gujarat,Vadodara(Baroda),Vadodara(Sayajipura),Gram Raw(Chholia),Other,FAQ,2016-06-09 00:00:00,3500,4000,3800.0,359
Gujarat,Vadodara(Baroda),Vadodara(Sayajipura),Gram Raw(Chholia),Other,FAQ,2016-07-08 00:00:00,3000,3500,3300.0,359
Gujarat,Vadodara(Baroda),Vadodara(Sayajipura),Gram Raw(Chholia),Other,FAQ,2016-07-15 00:00:00,3000,4000,3550.0,359
Gujarat,Vadodara(Baroda),Vadodara(Sayajipura),Gram Raw(Chholia),Other,FAQ,2016-07-18 00:00:00,3500,4000,3800.0,359
Gujarat,Vadodara(Baroda),Vadodara(Sayajipura),Gram Raw(Chholia),Other,FAQ,2016-07-19 00:00:00,3500,4500,4050.0,359
Gujarat,Vadodara(Baroda),Vadodara(Sayajipura),Gram Raw(Chholia),Other,FAQ,2016-07-26 00:00:00,2000,3000,2550.0,359
Gujarat,Vadodara(Baroda),Vadodara(Sayajipura),Gram Raw(Chholia),Other,FAQ,2016-07-29 00:00:00,1500,2500,2050.0,359
Gujarat,Vadodara(Baroda),Vadodara(Sayajipura),Gram Raw(Chholia),Other,FAQ,2016-08-01 00:00:00,3000,3500,3300.0,359
Gujarat,Vadodara(Baroda),Vadodara(Sayajipura),Gram Raw(Chholia),Other,FAQ,2016-10-04 00:00:00,2000,2500,2300.0,359
Gujarat,Vadodara(Baroda),Vadodara(Sayajipura),Gram Raw(Chholia),Other,FAQ,2016-10-05 00:00:00,3500,4000,3800.0,359
Gujarat,Vadodara(Baroda),Vadodara(Sayajipura),Gram Raw(Chholia),Other,FAQ,2016-10-11 00:00:00,3500,4000,3800.0,359
Gujarat,Vadodara(Baroda),Vadodara(Sayajipura),Gram Raw(Chholia),Other,FAQ,2016-10-16 00:00:00,4500,5000,4800.0,359
Gujarat,Vadodara(Baroda),Vadodara(Sayajipura),Gram Raw(Chholia),Other,FAQ,2016-10-18 00:00:00,4000,5000,4550.0,359
Gujarat,Vadodara(Baroda),Vadodara(Sayajipura),Gram Raw(Chholia),Other,FAQ,2016-11-08 00:00:00,2000,2500,2300.0,359
Gujarat,Vadodara(Baroda),Vadodara(Sayajipura),Gram Raw(Chholia),Other,FAQ,2016-11-14 00:00:00,1500,2000,1800.0,359
Gujarat,Vadodara(Baroda),Vadodara(Sayajipura),Gram Raw(Chholia),Other,FAQ,2016-11-21 00:00:00,1000,1250,1175.0,359
Gujarat,Vadodara(Baroda),Vadodara(Sayajipura),Gram Raw(Chholia),Other,FAQ,2016-11-25 00:00:00,1000,1250,1175.0,359
Gujarat,Vadodara(Baroda),Vadodara(Sayajipura),Gram Raw(Chholia),Other,FAQ,2016-12-01 00:00:00,1000,1200,1150.0,359
Gujarat,Vadodara(Baroda),Vadodara(Sayajipura),Gram Raw(Chholia),Other,FAQ,2016-12-10 00:00:00,800,1000,950.0,359
Gujarat,Vadodara(Baroda),Vadodara(Sayajipura),Gram Raw(Chholia),Other,FAQ,2016-12-11 00:00:00,800,1000,950.0,359
Gujarat,Vadodara(Baroda),Vadodara(Sayajipura),Gram Raw(Chholia),Other,FAQ,2016-12-13 00:00:00,800,1000,950.0,359
Gujarat,Vadodara(Baroda),Vadodara(Sayajipura),Gram Raw(Chholia),Other,FAQ,2016-12-16 00:00:00,1000,1250,1175.0,359
Gujarat,Vadodara(Baroda),Vadodara(Sayajipura),Gram Raw(Chholia),Other,FAQ,2016-12-22 00:00:00,1200,1500,1400.0,359
Gujarat,Vadodara(Baroda),Vadodara(Sayajipura),Gram Raw(Chholia),Other,FAQ,2016-12-23 00:00:00,1000,1100,1075.0,359
Gujarat,Vadodara(Baroda),Vadodara(Sayajipura),Gram Raw(Chholia),Other,FAQ,2016-12-26 00:00:00,1000,1500,1300.0,359
