State,District,Market,Commodity,Variety,Grade,Arrival_Date,Min_Price,Max_Price,Modal_Price,Commodity_Code
Gujarat,Kheda,Nadiad,Green Peas,Other,FAQ,2006-02-04,700.0,800.0,750.0,50
Gujarat,Kheda,Nadiad,Green Peas,Other,FAQ,2006-02-14,600.0,700.0,650.0,50
Gujarat,Kheda,Nadiad,Green Peas,Other,FAQ,2006-02-17,600.0,700.0,650.0,50
Gujarat,Kheda,Nadiad,Green Peas,Other,FAQ,2006-02-22,650.0,750.0,700.0,50
Gujarat,Kheda,Nadiad,Green Peas,Other,FAQ,2006-03-06,825.0,900.0,865.0,50
Gujarat,Kheda,Nadiad,Green Peas,Other,FAQ,2006-03-09,1200.0,1300.0,1250.0,50
Gujarat,Kheda,Nadiad,Green Peas,Other,FAQ,2006-03-21,900.0,1050.0,975.0,50
Gujarat,Kheda,Nadiad,Green Peas,Other,FAQ,2006-03-23,1750.0,2250.0,2000.0,50
Gujarat,Kheda,Nadiad,Green Peas,Other,FAQ,2006-03-25,1000.0,1500.0,1250.0,50
Gujarat,Kheda,Nadiad,Green Peas,Other,FAQ,2006-04-15,1250.0,1600.0,1425.0,50
Gujarat,Kheda,Nadiad,Green Peas,Other,FAQ,2006-05-15,2250.0,2750.0,2500.0,50
Gujarat,Kheda,Nadiad,Green Peas,Other,FAQ,2006-05-17,400.0,450.0,425.0,50
Gujarat,Navsari,Bilimora,Green Peas,Other,FAQ,2006-08-05,3000.0,3250.0,3200.0,50
Gujarat,Navsari,Bilimora,Green Peas,Other,FAQ,2006-08-09,3500.0,3700.0,3600.0,50
Gujarat,Navsari,Bilimora,Green Peas,Other,FAQ,2006-08-11,3000.0,3500.0,3200.0,50
Gujarat,Navsari,Bilimora,Green Peas,Other,FAQ,2006-08-23,2500.0,2800.0,2700.0,50
Gujarat,Navsari,Bilimora,Green Peas,Other,FAQ,2006-09-14,4000.0,4500.0,4250.0,50
Gujarat,Navsari,Bilimora,Green Peas,Other,FAQ,2006-09-16,4000.0,4500.0,4250.0,50
Gujarat,Navsari,Bilimora,Green Peas,Other,FAQ,2006-09-18,4500.0,5000.0,4750.0,50
Gujarat,Navsari,Bilimora,Green Peas,Other,FAQ,2006-11-02,3000.0,3500.0,3250.0,50
Gujarat,Navsari,Bilimora,Green Peas,Other,FAQ,2006-11-12,3000.0,3250.0,3200.0,50
Gujarat,Navsari,Bilimora,Green Peas,Other,FAQ,2006-11-18,1500.0,2000.0,1750.0,50
Gujarat,Navsari,Bilimora,Green Peas,Other,FAQ,2006-12-07,1000.0,1200.0,1100.0,50
Gujarat,Navsari,Bilimora,Green Peas,Other,FAQ,2006-12-08,1000.0,1200.0,1100.0,50
Gujarat,Navsari,Bilimora,Green Peas,Other,FAQ,2006-12-10,1000.0,1200.0,1100.0,50
Gujarat,Navsari,Bilimora,Green Peas,Other,FAQ,2006-12-11,1000.0,1200.0,1100.0,50
Gujarat,Navsari,Bilimora,Green Peas,Other,FAQ,2006-12-16,900.0,1000.0,950.0,50
Gujarat,Navsari,Bilimora,Green Peas,Other,FAQ,2006-12-19,900.0,1200.0,1100.0,50
Gujarat,Navsari,Bilimora,Green Peas,Other,FAQ,2006-12-31,900.0,1100.0,1000.0,50
Gujarat,Dahod,Dahod,Green Peas,Other,FAQ,2006-03-20 00:00:00,960.0,1300.0,1130.0,50
Gujarat,Dahod,Dahod,Green Peas,Other,FAQ,2006-03-24 00:00:00,1000.0,1421.0,1220.0,50
Gujarat,Dahod,Dahod,Green Peas,Other,FAQ,2006-04-13 00:00:00,1225.0,1430.0,1325.0,50
Gujarat,Dahod,Dahod,Green Peas,Other,FAQ,2006-05-06 00:00:00,1175.0,1350.0,1250.0,50
Gujarat,Dahod,Dahod,Green Peas,Other,FAQ,2006-05-26 00:00:00,1250.0,1400.0,1400.0,50
Gujarat,Dahod,Dahod,Green Peas,Other,FAQ,2006-06-15 00:00:00,1200.0,1400.0,1350.0,50
Gujarat,Dahod,Dahod,Green Peas,Other,FAQ,2006-06-22 00:00:00,1200.0,1400.0,1300.0,50
Gujarat,Dahod,Dahod,Green Peas,Other,FAQ,2006-07-17 00:00:00,1200.0,1400.0,1350.0,50
Gujarat,Dahod,Dahod,Green Peas,Other,FAQ,2006-11-24 00:00:00,1300.0,1400.0,1350.0,50
Gujarat,Dahod,Dahod,Green Peas,Other,FAQ,2006-11-28 00:00:00,1300.0,1400.0,1350.0,50
Gujarat,Dahod,Dahod,Green Peas,Other,FAQ,2006-12-04 00:00:00,1300.0,1400.0,1350.0,50
Gujarat,Dahod,Dahod,Green Peas,Other,FAQ,2006-12-15 00:00:00,1300.0,1400.0,1350.0,50
Gujarat,Dahod,Dahod,Green Peas,Other,FAQ,2007-01-11 00:00:00,1200.0,1400.0,1300.0,50
Gujarat,Dahod,Dahod,Green Peas,Other,FAQ,2007-01-31 00:00:00,1300.0,1550.0,1400.0,50
Gujarat,Dahod,Dahod,Green Peas,Other,FAQ,2007-02-03 00:00:00,1200.0,1400.0,1300.0,50
Gujarat,Dahod,Dahod,Green Peas,Other,FAQ,2007-02-12 00:00:00,1300.0,1500.0,1400.0,50
Gujarat,Dahod,Dahod,Green Peas,Other,FAQ,2007-02-15 00:00:00,1300.0,1500.0,1400.0,50
Gujarat,Dahod,Dahod,Green Peas,Other,FAQ,2007-02-23 00:00:00,1480.0,1640.0,1560.0,50
Gujarat,Dahod,Dahod,Green Peas,Other,FAQ,2007-02-24 00:00:00,1451.0,1663.0,1560.0,50
Gujarat,Dahod,Dahod,Green Peas,Other,FAQ,2007-02-27 00:00:00,1441.0,1640.0,1550.0,50
Gujarat,Dahod,Dahod,Green Peas,Other,FAQ,2007-03-12 00:00:00,1425.0,1625.0,1525.0,50
Gujarat,Dahod,Dahod,Green Peas,Other,FAQ,2007-03-17 00:00:00,1425.0,1650.0,1600.0,50
Gujarat,Dahod,Dahod,Green Peas,Other,FAQ,2007-03-19 00:00:00,1475.0,1625.0,1550.0,50
Gujarat,Dahod,Dahod,Green Peas,Other,FAQ,2007-03-21 00:00:00,1575.0,1650.0,1575.0,50
Gujarat,Dahod,Dahod,Green Peas,Other,FAQ,2007-03-26 00:00:00,1675.0,1700.0,1675.0,50
Gujarat,Dahod,Dahod,Green Peas,Other,FAQ,2007-04-10 00:00:00,1635.0,1685.0,1660.0,50
Gujarat,Dahod,Dahod,Green Peas,Other,FAQ,2007-04-16 00:00:00,1625.0,1875.0,1700.0,50
Gujarat,Dahod,Dahod,Green Peas,Other,FAQ,2007-04-17 00:00:00,1650.0,1881.0,1775.0,50
Gujarat,Dahod,Dahod,Green Peas,Other,FAQ,2007-04-26 00:00:00,1625.0,1825.0,1725.0,50
Gujarat,Dahod,Dahod,Green Peas,Other,FAQ,2007-04-27 00:00:00,1625.0,1825.0,1750.0,50
Gujarat,Dahod,Dahod,Green Peas,Other,FAQ,2007-05-02 00:00:00,1600.0,1800.0,1700.0,50
Gujarat,Dahod,Dahod,Green Peas,Other,FAQ,2007-05-30 00:00:00,1575.0,1775.0,1675.0,50
Gujarat,Dahod,Dahod,Green Peas,Other,FAQ,2007-05-31 00:00:00,1550.0,1750.0,1640.0,50
Gujarat,Dahod,Dahod,Green Peas,Other,FAQ,2007-06-02 00:00:00,1550.0,1700.0,1630.0,50
Gujarat,Dahod,Dahod,Green Peas,Other,FAQ,2007-06-05 00:00:00,1450.0,1700.0,1600.0,50
Gujarat,Dahod,Dahod,Green Peas,Other,FAQ,2007-06-12 00:00:00,1450.0,1700.0,1600.0,50
Gujarat,Dahod,Dahod,Green Peas,Other,FAQ,2007-06-29 00:00:00,1500.0,1800.0,1650.0,50
Gujarat,Dahod,Dahod,Green Peas,Other,FAQ,2007-07-05 00:00:00,1550.0,1800.0,1675.0,50
Gujarat,Dahod,Dahod,Green Peas,Other,FAQ,2007-07-07 00:00:00,1550.0,1800.0,1675.0,50
Gujarat,Dahod,Dahod,Green Peas,Other,FAQ,2007-07-16 00:00:00,1500.0,1800.0,1725.0,50
Gujarat,Dahod,Dahod,Green Peas,Other,FAQ,2007-07-19 00:00:00,1550.0,1800.0,1750.0,50
Gujarat,Dahod,Dahod,Green Peas,Other,FAQ,2007-08-18 00:00:00,1550.0,1800.0,1700.0,50
Gujarat,Dahod,Dahod,Green Peas,Other,FAQ,2007-08-21 00:00:00,1550.0,1750.0,1700.0,50
Gujarat,Dahod,Dahod,Green Peas,Other,FAQ,2007-08-29 00:00:00,1500.0,1700.0,1650.0,50
Gujarat,Dahod,Dahod,Green Peas,Other,FAQ,2007-10-11 00:00:00,1500.0,1700.0,1600.0,50
Gujarat,Dahod,Dahod,Green Peas,Other,FAQ,2007-10-15 00:00:00,1500.0,1700.0,1600.0,50
Gujarat,Dahod,Dahod,Green Peas,Other,FAQ,2007-12-01 00:00:00,1700.0,1900.0,1850.0,50
Gujarat,Dahod,Dahod,Green Peas,Other,FAQ,2007-12-11 00:00:00,1700.0,1800.0,1750.0,50
Gujarat,Dahod,Dahod,Green Peas,Other,FAQ,2007-12-24 00:00:00,1650.0,1800.0,1700.0,50
Gujarat,Dahod,Dahod,Green Peas,Other,FAQ,2007-12-28 00:00:00,1600.0,1750.0,1700.0,50
Gujarat,Dahod,Dahod,Green Peas,Other,FAQ,2007-12-31 00:00:00,1550.0,1700.0,1600.0,50
Gujarat,Kheda,Nadiad,Green Peas,Green Peas,FAQ,2007-01-04 00:00:00,900.0,1000.0,950.0,50
Gujarat,Kheda,Nadiad,Green Peas,Green Peas,FAQ,2007-01-20 00:00:00,900.0,1000.0,950.0,50
Gujarat,Kheda,Nadiad,Green Peas,Green Peas,FAQ,2007-01-22 00:00:00,800.0,900.0,850.0,50
Gujarat,Navsari,Bilimora,Green Peas,Other,FAQ,2007-01-01 00:00:00,800.0,1000.0,900.0,50
Gujarat,Navsari,Bilimora,Green Peas,Other,FAQ,2007-01-02 00:00:00,800.0,1000.0,900.0,50
Gujarat,Navsari,Bilimora,Green Peas,Other,FAQ,2007-01-09 00:00:00,800.0,1000.0,900.0,50
Gujarat,Navsari,Bilimora,Green Peas,Other,FAQ,2007-01-10 00:00:00,800.0,1000.0,900.0,50
Gujarat,Navsari,Bilimora,Green Peas,Other,FAQ,2007-01-28 00:00:00,700.0,900.0,800.0,50
Gujarat,Navsari,Bilimora,Green Peas,Other,FAQ,2007-01-31 00:00:00,500.0,700.0,600.0,50
Gujarat,Navsari,Bilimora,Green Peas,Other,FAQ,2007-02-02 00:00:00,600.0,800.0,700.0,50
Gujarat,Navsari,Bilimora,Green Peas,Other,FAQ,2007-02-03 00:00:00,600.0,800.0,700.0,50
Gujarat,Navsari,Bilimora,Green Peas,Other,FAQ,2007-02-04 00:00:00,600.0,700.0,650.0,50
Gujarat,Navsari,Bilimora,Green Peas,Other,FAQ,2007-02-05 00:00:00,600.0,700.0,650.0,50
Gujarat,Navsari,Bilimora,Green Peas,Other,FAQ,2007-02-06 00:00:00,600.0,700.0,650.0,50
Gujarat,Navsari,Bilimora,Green Peas,Other,FAQ,2007-02-10 00:00:00,600.0,800.0,700.0,50
Gujarat,Navsari,Bilimora,Green Peas,Other,FAQ,2007-02-16 00:00:00,900.0,1200.0,1000.0,50
Gujarat,Navsari,Bilimora,Green Peas,Other,FAQ,2007-02-19 00:00:00,1100.0,1300.0,1200.0,50
Gujarat,Navsari,Bilimora,Green Peas,Other,FAQ,2007-02-23 00:00:00,1000.0,1300.0,1200.0,50
Gujarat,Navsari,Bilimora,Green Peas,Other,FAQ,2007-02-26 00:00:00,1000.0,1300.0,1200.0,50
Gujarat,Navsari,Bilimora,Green Peas,Other,FAQ,2007-03-09 00:00:00,1000.0,1200.0,1100.0,50
Gujarat,Navsari,Bilimora,Green Peas,Other,FAQ,2007-03-12 00:00:00,1000.0,1200.0,1100.0,50
Gujarat,Navsari,Bilimora,Green Peas,Other,FAQ,2007-03-14 00:00:00,1100.0,1400.0,1300.0,50
Gujarat,Navsari,Bilimora,Green Peas,Other,FAQ,2007-03-16 00:00:00,1000.0,1200.0,1100.0,50
Gujarat,Navsari,Bilimora,Green Peas,Other,FAQ,2007-03-18 00:00:00,1000.0,1250.0,1200.0,50
Gujarat,Navsari,Bilimora,Green Peas,Other,FAQ,2007-03-21 00:00:00,1300.0,1600.0,1500.0,50
Gujarat,Navsari,Bilimora,Green Peas,Other,FAQ,2007-03-23 00:00:00,1400.0,1800.0,1600.0,50
Gujarat,Navsari,Bilimora,Green Peas,Other,FAQ,2007-04-05 00:00:00,1400.0,1750.0,1600.0,50
Gujarat,Navsari,Bilimora,Green Peas,Other,FAQ,2007-04-13 00:00:00,2200.0,2400.0,2300.0,50
Gujarat,Navsari,Bilimora,Green Peas,Other,FAQ,2007-04-20 00:00:00,1500.0,2000.0,1900.0,50
Gujarat,Navsari,Bilimora,Green Peas,Other,FAQ,2007-04-21 00:00:00,1500.0,2000.0,1750.0,50
Gujarat,Navsari,Bilimora,Green Peas,Other,FAQ,2007-05-02 00:00:00,2750.0,3000.0,2800.0,50
Gujarat,Navsari,Bilimora,Green Peas,Other,FAQ,2007-05-05 00:00:00,2500.0,3000.0,2750.0,50
Gujarat,Navsari,Bilimora,Green Peas,Other,FAQ,2007-05-09 00:00:00,3000.0,3500.0,3250.0,50
Gujarat,Navsari,Bilimora,Green Peas,Other,FAQ,2007-05-14 00:00:00,3250.0,3700.0,3500.0,50
Gujarat,Vadodara(Baroda),Vadodara,Green Peas,Other,FAQ,2007-01-29 00:00:00,1400.0,1650.0,1525.0,50
Gujarat,Vadodara(Baroda),Vadodara,Green Peas,Other,FAQ,2007-01-31 00:00:00,1400.0,1650.0,1525.0,50
Gujarat,Vadodara(Baroda),Vadodara,Green Peas,Other,FAQ,2007-02-01 00:00:00,1400.0,1650.0,1525.0,50
Gujarat,Vadodara(Baroda),Vadodara,Green Peas,Other,FAQ,2007-02-05 00:00:00,1400.0,1650.0,1525.0,50
Gujarat,Vadodara(Baroda),Vadodara,Green Peas,Other,FAQ,2007-02-06 00:00:00,1400.0,1650.0,1525.0,50
Gujarat,Vadodara(Baroda),Vadodara,Green Peas,Other,FAQ,2007-03-14 00:00:00,1400.0,1650.0,1525.0,50
Gujarat,Vadodara(Baroda),Vadodara,Green Peas,Other,FAQ,2007-03-15 00:00:00,1400.0,1650.0,1525.0,50
Gujarat,Dahod,Dahod,Green Peas,Other,FAQ,2019-01-02 00:00:00,3000.0,3200.0,3100.0,50
Gujarat,Dahod,Dahod,Green Peas,Other,FAQ,2019-01-04 00:00:00,3000.0,3200.0,3100.0,50
Gujarat,Dahod,Dahod,Green Peas,Other,FAQ,2019-01-07 00:00:00,3000.0,3200.0,3100.0,50
Gujarat,Dahod,Dahod,Green Peas,Other,FAQ,2019-01-12 00:00:00,3000.0,3200.0,3100.0,50
Gujarat,Dahod,Dahod,Green Peas,Other,FAQ,2019-02-06 00:00:00,3000.0,3300.0,3200.0,50
Gujarat,Dahod,Dahod,Green Peas,Other,FAQ,2019-02-08 00:00:00,3000.0,3300.0,3200.0,50
Gujarat,Dahod,Dahod,Green Peas,Other,FAQ,2019-02-12 00:00:00,3000.0,3300.0,3200.0,50
Gujarat,Dahod,Dahod,Green Peas,Other,FAQ,2019-03-07 00:00:00,3300.0,3500.0,3400.0,50
Gujarat,Dahod,Dahod,Green Peas,Other,FAQ,2019-03-13 00:00:00,3000.0,3300.0,3200.0,50
Gujarat,Dahod,Dahod,Green Peas,Other,FAQ,2019-03-18 00:00:00,3000.0,3300.0,3200.0,50
Gujarat,Dahod,Dahod,Green Peas,Other,FAQ,2019-04-18 00:00:00,3100.0,3500.0,3300.0,50
Gujarat,Dahod,Dahod,Green Peas,Other,FAQ,2019-05-01 00:00:00,3200.0,3700.0,3500.0,50
Gujarat,Dahod,Dahod,Green Peas,Other,FAQ,2019-05-02 00:00:00,3200.0,3700.0,3500.0,50
Gujarat,Dahod,Dahod,Green Peas,Other,FAQ,2019-05-03 00:00:00,3200.0,3700.0,3600.0,50
Gujarat,Dahod,Dahod,Green Peas,Other,FAQ,2019-05-21 00:00:00,3200.0,3700.0,3500.0,50
Gujarat,Dahod,Dahod,Green Peas,Other,FAQ,2019-05-22 00:00:00,3200.0,3700.0,3500.0,50
Gujarat,Dahod,Dahod,Green Peas,Other,FAQ,2019-05-29 00:00:00,3200.0,3700.0,3600.0,50
Gujarat,Dahod,Dahod,Green Peas,Other,FAQ,2019-06-06 00:00:00,3500.0,3700.0,3600.0,50
Gujarat,Dahod,Dahod,Green Peas,Other,FAQ,2019-07-09 00:00:00,3500.0,3800.0,3600.0,50
Gujarat,Dahod,Dahod,Green Peas,Other,FAQ,2019-07-16 00:00:00,3400.0,3700.0,3600.0,50
Gujarat,Dahod,Dahod,Green Peas,Other,FAQ,2019-08-20 00:00:00,3000.0,3400.0,3200.0,50
Gujarat,Dahod,Dahod,Green Peas,Other,FAQ,2019-09-18 00:00:00,3200.0,3700.0,3500.0,50
Gujarat,Dahod,Dahod,Green Peas,Other,FAQ,2019-09-26 00:00:00,3200.0,3700.0,3400.0,50
Gujarat,Dahod,Dahod,Green Peas,Other,FAQ,2019-10-05 00:00:00,3200.0,3700.0,3500.0,50
Gujarat,Dahod,Dahod,Green Peas,Other,FAQ,2019-10-14 00:00:00,3400.0,3700.0,3600.0,50
Gujarat,Dahod,Dahod,Green Peas,Other,FAQ,2019-11-04 00:00:00,3500.0,4000.0,3750.0,50
Gujarat,Dahod,Dahod,Green Peas,Other,FAQ,2019-11-13 00:00:00,3500.0,4000.0,3800.0,50
Gujarat,Dahod,Dahod,Green Peas,Other,FAQ,2019-11-21 00:00:00,3500.0,4100.0,3850.0,50
Gujarat,Dahod,Dahod,Green Peas,Other,FAQ,2019-11-26 00:00:00,3500.0,4200.0,3800.0,50
Gujarat,Dahod,Dahod,Green Peas,Other,FAQ,2019-12-04 00:00:00,3600.0,4000.0,3900.0,50
Gujarat,Dahod,Dahod,Green Peas,Other,FAQ,2019-12-14 00:00:00,3500.0,3800.0,3600.0,50
Gujarat,Dahod,Dahod,Green Peas,Other,FAQ,2019-12-26 00:00:00,3500.0,3800.0,3700.0,50
Gujarat,Patan,Sami,Green Peas,Gemin Peas Dal,FAQ,2019-04-11 00:00:00,3900.0,4255.0,4205.0,50
Gujarat,Patan,Sami,Green Peas,Gemin Peas Dal,FAQ,2019-04-25 00:00:00,3750.0,4000.0,3850.0,50
Gujarat,Patan,Sami,Green Peas,Gemin Peas Dal,FAQ,2019-05-24 00:00:00,3750.0,4075.0,4055.0,50
Gujarat,Patan,Sami,Green Peas,Gemin Peas Dal,FAQ,2019-07-20 00:00:00,3250.0,3625.0,3500.0,50
Gujarat,Dahod,Dahod,Green Peas,Other,FAQ,2021-01-18 00:00:00,3200.0,3600.0,3400.0,50
Gujarat,Dahod,Dahod,Green Peas,Other,FAQ,2021-01-21 00:00:00,3200.0,3700.0,3500.0,50
Gujarat,Dahod,Dahod,Green Peas,Other,FAQ,2021-01-25 00:00:00,3200.0,3700.0,3500.0,50
Gujarat,Dahod,Dahod,Green Peas,Other,FAQ,2021-02-18 00:00:00,3200.0,3700.0,3500.0,50
Gujarat,Dahod,Dahod,Green Peas,Other,FAQ,2021-02-27 00:00:00,3200.0,3700.0,3400.0,50
Gujarat,Dahod,Dahod,Green Peas,Other,FAQ,2021-03-05 00:00:00,3200.0,3800.0,3700.0,50
Gujarat,Dahod,Dahod,Green Peas,Other,FAQ,2021-03-10 00:00:00,3500.0,3950.0,3825.0,50
Gujarat,Dahod,Dahod,Green Peas,Other,FAQ,2021-03-12 00:00:00,3500.0,3900.0,3750.0,50
Gujarat,Dahod,Dahod,Green Peas,Other,FAQ,2021-03-25 00:00:00,3500.0,3900.0,3715.0,50
Gujarat,Dahod,Dahod,Green Peas,Other,FAQ,2021-03-27 00:00:00,3500.0,3900.0,3725.0,50
Gujarat,Dahod,Dahod,Green Peas,Other,FAQ,2021-07-02 00:00:00,3400.0,3700.0,3500.0,50
Gujarat,Dahod,Dahod,Green Peas,Other,FAQ,2021-07-03 00:00:00,3400.0,3700.0,3500.0,50
Gujarat,Dahod,Dahod,Green Peas,Other,FAQ,2021-10-14 00:00:00,3100.0,3600.0,3400.0,50
Gujarat,Dahod,Dahod,Green Peas,Other,FAQ,2021-11-16 00:00:00,3200.0,3600.0,3400.0,50
Gujarat,Dahod,Dahod,Green Peas,Other,FAQ,2021-12-01 00:00:00,3100.0,3800.0,3400.0,50
Gujarat,Dahod,Dahod,Green Peas,Other,FAQ,2020-01-27 00:00:00,3500.0,3800.0,3600.0,50
Gujarat,Dahod,Dahod,Green Peas,Other,FAQ,2020-02-25 00:00:00,3400.0,3800.0,3650.0,50
Gujarat,Dahod,Dahod,Green Peas,Other,FAQ,2020-03-21 00:00:00,3000.0,3250.0,3150.0,50
Gujarat,Dahod,Dahod,Green Peas,Other,FAQ,2020-04-30 00:00:00,2800.0,3200.0,3000.0,50
Gujarat,Dahod,Dahod,Green Peas,Other,FAQ,2020-05-21 00:00:00,3000.0,3500.0,3200.0,50
Gujarat,Dahod,Dahod,Green Peas,Other,FAQ,2020-05-28 00:00:00,3000.0,3500.0,3400.0,50
Gujarat,Dahod,Dahod,Green Peas,Other,FAQ,2020-06-17 00:00:00,3000.0,3500.0,3300.0,50
Gujarat,Dahod,Dahod,Green Peas,Other,FAQ,2020-06-24 00:00:00,3000.0,3400.0,3250.0,50
Gujarat,Dahod,Dahod,Green Peas,Other,FAQ,2020-07-04 00:00:00,3000.0,3400.0,3200.0,50
Gujarat,Dahod,Dahod,Green Peas,Other,FAQ,2020-07-06 00:00:00,3000.0,3400.0,3200.0,50
Gujarat,Dahod,Dahod,Green Peas,Other,FAQ,2020-07-14 00:00:00,3000.0,3400.0,3200.0,50
Gujarat,Dahod,Dahod,Green Peas,Other,FAQ,2020-07-20 00:00:00,3000.0,3400.0,3200.0,50
Gujarat,Dahod,Dahod,Green Peas,Other,FAQ,2020-08-21 00:00:00,3000.0,3300.0,3200.0,50
Gujarat,Dahod,Dahod,Green Peas,Other,FAQ,2020-08-24 00:00:00,3000.0,3300.0,3200.0,50
Gujarat,Dahod,Dahod,Green Peas,Other,FAQ,2020-09-02 00:00:00,3000.0,3300.0,3250.0,50
Gujarat,Dahod,Dahod,Green Peas,Other,FAQ,2020-09-03 00:00:00,3300.0,3600.0,3450.0,50
Gujarat,Dahod,Dahod,Green Peas,Other,FAQ,2020-09-11 00:00:00,3300.0,3600.0,3450.0,50
Gujarat,Dahod,Dahod,Green Peas,Other,FAQ,2020-10-03 00:00:00,3500.0,4000.0,3700.0,50
Gujarat,Dahod,Dahod,Green Peas,Other,FAQ,2020-10-16 00:00:00,3500.0,4000.0,3800.0,50
Gujarat,Dahod,Dahod,Green Peas,Other,FAQ,2020-10-21 00:00:00,4000.0,4500.0,4200.0,50
Gujarat,Dahod,Dahod,Green Peas,Other,FAQ,2020-11-03 00:00:00,4000.0,4500.0,4300.0,50
Gujarat,Dahod,Dahod,Green Peas,Other,FAQ,2020-11-05 00:00:00,4000.0,4500.0,4200.0,50
Gujarat,Dahod,Dahod,Green Peas,Other,FAQ,2020-11-19 00:00:00,3200.0,3700.0,3500.0,50
Gujarat,Dahod,Dahod,Green Peas,Other,FAQ,2020-11-20 00:00:00,3200.0,3700.0,3500.0,50
Gujarat,Dahod,Dahod,Green Peas,Other,FAQ,2020-11-25 00:00:00,3000.0,3700.0,3500.0,50
Gujarat,Dahod,Dahod,Green Peas,Other,FAQ,2020-11-30 00:00:00,3000.0,3700.0,3500.0,50
Gujarat,Dahod,Dahod,Green Peas,Other,FAQ,2020-12-07 00:00:00,3000.0,3600.0,3400.0,50
Gujarat,Dahod,Dahod,Green Peas,Other,FAQ,2020-12-09 00:00:00,3000.0,3400.0,3200.0,50
Gujarat,Dahod,Dahod,Green Peas,Other,FAQ,2020-12-15 00:00:00,3000.0,3400.0,3300.0,50
Gujarat,Dahod,Dahod,Green Peas,Other,FAQ,2020-12-26 00:00:00,3000.0,3500.0,3200.0,50
Gujarat,Dahod,Dahod,Green Peas,Other,FAQ,2020-12-28 00:00:00,3000.0,3500.0,3400.0,50
Gujarat,Dahod,Dahod,Green Peas,Other,FAQ,2020-12-31 00:00:00,3000.0,3700.0,3600.0,50
Gujarat,Dahod,Dahod,Green Peas,Green Peas,FAQ,2012-01-23 00:00:00,1550.0,1750.0,1675.0,50
Gujarat,Dahod,Dahod,Green Peas,Green Peas,FAQ,2012-02-14 00:00:00,1550.0,1750.0,1650.0,50
Gujarat,Dahod,Dahod,Green Peas,Green Peas,FAQ,2012-02-28 00:00:00,1550.0,1700.0,1650.0,50
Gujarat,Dahod,Dahod,Green Peas,Green Peas,FAQ,2012-03-05 00:00:00,1550.0,1700.0,1650.0,50
Gujarat,Dahod,Dahod,Green Peas,Green Peas,FAQ,2012-03-10 00:00:00,1550.0,1700.0,1675.0,50
Gujarat,Dahod,Dahod,Green Peas,Green Peas,FAQ,2012-04-02 00:00:00,1550.0,1750.0,1650.0,50
Gujarat,Dahod,Dahod,Green Peas,Green Peas,FAQ,2012-04-10 00:00:00,1550.0,1750.0,1650.0,50
Gujarat,Dahod,Dahod,Green Peas,Green Peas,FAQ,2012-04-11 00:00:00,1550.0,1750.0,1650.0,50
Gujarat,Dahod,Dahod,Green Peas,Green Peas,FAQ,2012-04-19 00:00:00,1650.0,1750.0,1700.0,50
Gujarat,Dahod,Dahod,Green Peas,Green Peas,FAQ,2012-04-20 00:00:00,1700.0,1850.0,1800.0,50
Gujarat,Dahod,Dahod,Green Peas,Green Peas,FAQ,2012-04-28 00:00:00,1700.0,1850.0,1800.0,50
Gujarat,Dahod,Dahod,Green Peas,Green Peas,FAQ,2012-05-02 00:00:00,1700.0,1850.0,1800.0,50
Gujarat,Dahod,Dahod,Green Peas,Green Peas,FAQ,2012-05-17 00:00:00,1700.0,2000.0,1850.0,50
Gujarat,Dahod,Dahod,Green Peas,Green Peas,FAQ,2012-06-02 00:00:00,1700.0,2000.0,2000.0,50
Gujarat,Dahod,Dahod,Green Peas,Green Peas,FAQ,2012-06-04 00:00:00,1700.0,2000.0,1950.0,50
Gujarat,Dahod,Dahod,Green Peas,Green Peas,FAQ,2012-06-05 00:00:00,1700.0,2000.0,1950.0,50
Gujarat,Dahod,Dahod,Green Peas,Green Peas,FAQ,2012-06-09 00:00:00,1700.0,2000.0,1950.0,50
Gujarat,Dahod,Dahod,Green Peas,Green Peas,FAQ,2012-06-19 00:00:00,1700.0,2000.0,1920.0,50
Gujarat,Dahod,Dahod,Green Peas,Green Peas,FAQ,2012-06-22 00:00:00,1700.0,2000.0,1800.0,50
Gujarat,Dahod,Dahod,Green Peas,Green Peas,FAQ,2012-06-30 00:00:00,1700.0,2000.0,1900.0,50
Gujarat,Dahod,Dahod,Green Peas,Green Peas,FAQ,2012-07-16 00:00:00,1800.0,2000.0,1900.0,50
Gujarat,Dahod,Dahod,Green Peas,Green Peas,FAQ,2012-07-18 00:00:00,1800.0,2000.0,1900.0,50
Gujarat,Dahod,Dahod,Green Peas,Green Peas,FAQ,2012-07-24 00:00:00,2200.0,2500.0,2300.0,50
Gujarat,Dahod,Dahod,Green Peas,Green Peas,FAQ,2012-07-31 00:00:00,2200.0,2500.0,2300.0,50
Gujarat,Dahod,Dahod,Green Peas,Green Peas,FAQ,2012-08-07 00:00:00,2200.0,2500.0,2300.0,50
Gujarat,Dahod,Dahod,Green Peas,Green Peas,FAQ,2012-08-08 00:00:00,2200.0,2400.0,2300.0,50
Gujarat,Dahod,Dahod,Green Peas,Green Peas,FAQ,2012-08-21 00:00:00,2200.0,2400.0,2300.0,50
Gujarat,Dahod,Dahod,Green Peas,Green Peas,FAQ,2012-08-24 00:00:00,2200.0,2400.0,2300.0,50
Gujarat,Dahod,Dahod,Green Peas,Green Peas,FAQ,2012-08-27 00:00:00,2200.0,2400.0,2300.0,50
Gujarat,Dahod,Dahod,Green Peas,Green Peas,FAQ,2012-09-10 00:00:00,2100.0,2300.0,2200.0,50
Gujarat,Dahod,Dahod,Green Peas,Green Peas,FAQ,2012-09-11 00:00:00,2100.0,2300.0,2200.0,50
Gujarat,Dahod,Dahod,Green Peas,Green Peas,FAQ,2012-09-14 00:00:00,2100.0,2300.0,2275.0,50
Gujarat,Dahod,Dahod,Green Peas,Green Peas,FAQ,2012-09-26 00:00:00,2100.0,2300.0,2200.0,50
Gujarat,Dahod,Dahod,Green Peas,Green Peas,FAQ,2012-10-03 00:00:00,2100.0,2400.0,2300.0,50
Gujarat,Dahod,Dahod,Green Peas,Green Peas,FAQ,2012-10-17 00:00:00,2100.0,2400.0,2300.0,50
Gujarat,Dahod,Dahod,Green Peas,Green Peas,FAQ,2012-10-18 00:00:00,2100.0,2400.0,2300.0,50
Gujarat,Dahod,Dahod,Green Peas,Green Peas,FAQ,2012-10-23 00:00:00,2100.0,2400.0,2300.0,50
Gujarat,Dahod,Dahod,Green Peas,Green Peas,FAQ,2012-10-27 00:00:00,2100.0,2200.0,2150.0,50
Gujarat,Dahod,Dahod,Green Peas,Green Peas,FAQ,2012-10-29 00:00:00,2100.0,2200.0,2150.0,50
Gujarat,Dahod,Dahod,Green Peas,Green Peas,FAQ,2012-10-30 00:00:00,2100.0,2250.0,2200.0,50
Gujarat,Dahod,Dahod,Green Peas,Green Peas,FAQ,2012-11-05 00:00:00,2100.0,2250.0,2200.0,50
Gujarat,Dahod,Dahod,Green Peas,Green Peas,FAQ,2012-11-27 00:00:00,2100.0,2250.0,2200.0,50
Gujarat,Dahod,Dahod,Green Peas,Green Peas,FAQ,2012-11-29 00:00:00,2100.0,2250.0,2150.0,50
Gujarat,Dahod,Dahod,Green Peas,Green Peas,FAQ,2012-12-04 00:00:00,2100.0,2225.0,2200.0,50
Gujarat,Dahod,Dahod,Green Peas,Green Peas,FAQ,2012-12-14 00:00:00,2100.0,2200.0,2175.0,50
Gujarat,Dahod,Dahod,Green Peas,Green Peas,FAQ,2011-07-25 00:00:00,1600.0,2000.0,1800.0,50
Gujarat,Dahod,Dahod,Green Peas,Green Peas,FAQ,2011-07-27 00:00:00,1600.0,2000.0,1800.0,50
Gujarat,Dahod,Dahod,Green Peas,Green Peas,FAQ,2011-09-10 00:00:00,1600.0,2000.0,1900.0,50
Gujarat,Dahod,Dahod,Green Peas,Green Peas,FAQ,2011-09-23 00:00:00,1600.0,1900.0,1800.0,50
Gujarat,Dahod,Dahod,Green Peas,Green Peas,FAQ,2011-09-29 00:00:00,1500.0,1800.0,1750.0,50
Gujarat,Dahod,Dahod,Green Peas,Green Peas,FAQ,2011-10-03 00:00:00,1500.0,1800.0,1700.0,50
Gujarat,Dahod,Dahod,Green Peas,Green Peas,FAQ,2011-10-17 00:00:00,1600.0,1800.0,1700.0,50
Gujarat,Dahod,Dahod,Green Peas,Green Peas,FAQ,2011-10-18 00:00:00,1600.0,1800.0,1700.0,50
Gujarat,Dahod,Dahod,Green Peas,Green Peas,FAQ,2011-10-20 00:00:00,1600.0,1800.0,1700.0,50
Gujarat,Dahod,Dahod,Green Peas,Green Peas,FAQ,2011-11-07 00:00:00,1600.0,1800.0,1700.0,50
Gujarat,Dahod,Dahod,Green Peas,Green Peas,FAQ,2011-11-23 00:00:00,1600.0,1800.0,1700.0,50
Gujarat,Dahod,Dahod,Green Peas,Green Peas,FAQ,2011-11-29 00:00:00,1600.0,1800.0,1700.0,50
Gujarat,Dahod,Dahod,Green Peas,Green Peas,FAQ,2011-12-09 00:00:00,1600.0,1800.0,1700.0,50
Gujarat,Dahod,Dahod,Green Peas,Green Peas,FAQ,2011-12-15 00:00:00,1600.0,1800.0,1700.0,50
Gujarat,Dahod,Dahod,Green Peas,Green Peas,FAQ,2011-12-21 00:00:00,1600.0,1800.0,1700.0,50
Gujarat,Dahod,Dahod,Green Peas,Green Peas,FAQ,2011-12-29 00:00:00,1600.0,1800.0,1700.0,50
Gujarat,Dahod,Dahod,Green Peas,Other,FAQ,2011-01-13 00:00:00,1800.0,2300.0,2200.0,50
Gujarat,Dahod,Dahod,Green Peas,Other,FAQ,2011-02-15 00:00:00,2950.0,3300.0,3200.0,50
Gujarat,Dahod,Dahod,Green Peas,Other,FAQ,2011-03-10 00:00:00,1900.0,1925.0,1920.0,50
Gujarat,Dahod,Dahod,Green Peas,Other,FAQ,2011-03-30 00:00:00,1900.0,1900.0,1900.0,50
Gujarat,Dahod,Dahod,Green Peas,Other,FAQ,2011-04-04 00:00:00,1900.0,1900.0,1900.0,50
Gujarat,Dahod,Dahod,Green Peas,Other,FAQ,2011-04-05 00:00:00,1900.0,1900.0,1900.0,50
Gujarat,Dahod,Dahod,Green Peas,Other,FAQ,2011-04-18 00:00:00,1900.0,1900.0,1900.0,50
Gujarat,Dahod,Dahod,Green Peas,Other,FAQ,2011-04-19 00:00:00,1900.0,1900.0,1900.0,50
Gujarat,Dahod,Dahod,Green Peas,Other,FAQ,2011-04-28 00:00:00,1900.0,1915.0,1905.0,50
Gujarat,Dahod,Dahod,Green Peas,Other,FAQ,2011-05-07 00:00:00,1900.0,1920.0,1910.0,50
Gujarat,Dahod,Dahod,Green Peas,Other,FAQ,2011-05-18 00:00:00,1600.0,1900.0,1850.0,50
Gujarat,Dahod,Dahod,Green Peas,Other,FAQ,2011-05-24 00:00:00,1600.0,1900.0,1800.0,50
Gujarat,Dahod,Dahod,Green Peas,Other,FAQ,2011-06-16 00:00:00,1600.0,1900.0,1800.0,50
Gujarat,Dahod,Dahod,Green Peas,Other,FAQ,2011-06-25 00:00:00,1600.0,1900.0,1850.0,50
Gujarat,Dahod,Dahod,Green Peas,Other,FAQ,2024-02-26 00:00:00,3400.0,4000.0,3800.0,50
Gujarat,Dahod,Dahod,Green Peas,Other,FAQ,2024-04-13 00:00:00,3400.0,4000.0,3800.0,50
Gujarat,Dahod,Dahod,Green Peas,Other,FAQ,2024-05-16 00:00:00,3400.0,4000.0,3600.0,50
Gujarat,Dahod,Dahod,Green Peas,Other,FAQ,2024-06-01 00:00:00,3500.0,4500.0,4000.0,50
Gujarat,Dahod,Dahod,Green Peas,Other,FAQ,2024-06-07 00:00:00,3500.0,4500.0,4000.0,50
Gujarat,Dahod,Dahod,Green Peas,Other,FAQ,2002-01-09 00:00:00,1100.0,1250.0,1200.0,50
Gujarat,Dahod,Dahod,Green Peas,Other,FAQ,2002-02-04 00:00:00,1230.0,1330.0,1280.0,50
Gujarat,Dahod,Dahod,Green Peas,Other,FAQ,2002-02-05 00:00:00,1200.0,1250.0,1230.0,50
Gujarat,Dahod,Dahod,Green Peas,Other,FAQ,2002-04-02 00:00:00,1050.0,1250.0,1200.0,50
Gujarat,Dahod,Dahod,Green Peas,Other,FAQ,2002-04-06 00:00:00,1050.0,1250.0,1150.0,50
Gujarat,Dahod,Dahod,Green Peas,Other,FAQ,2002-04-22 00:00:00,1100.0,1300.0,1200.0,50
Gujarat,Dahod,Dahod,Green Peas,Other,FAQ,2002-04-26 00:00:00,1100.0,1300.0,1175.0,50
Gujarat,Dahod,Dahod,Green Peas,Other,FAQ,2002-06-14 00:00:00,1250.0,1350.0,1325.0,50
Gujarat,Dahod,Dahod,Green Peas,Other,FAQ,2002-07-29 00:00:00,1250.0,1370.0,1325.0,50
Gujarat,Dahod,Dahod,Green Peas,Other,FAQ,2002-10-01 00:00:00,1250.0,1350.0,1300.0,50
Gujarat,Dahod,Dahod,Green Peas,Other,FAQ,2002-11-11 00:00:00,1325.0,1511.0,1400.0,50
Gujarat,Dahod,Dahod,Green Peas,Other,FAQ,2003-01-11 00:00:00,1350.0,1450.0,1380.0,50
Gujarat,Dahod,Dahod,Green Peas,Other,FAQ,2003-03-07 00:00:00,1250.0,1350.0,1300.0,50
Gujarat,Dahod,Dahod,Green Peas,Other,FAQ,2003-03-29 00:00:00,1200.0,1300.0,1250.0,50
Gujarat,Dahod,Dahod,Green Peas,Other,FAQ,2003-05-07 00:00:00,1200.0,1250.0,1225.0,50
Gujarat,Dahod,Dahod,Green Peas,Other,FAQ,2003-05-26 00:00:00,1100.0,1200.0,1150.0,50
Gujarat,Dahod,Dahod,Green Peas,Other,FAQ,2003-10-03 00:00:00,1150.0,1250.0,1200.0,50
Gujarat,Dahod,Dahod,Green Peas,Other,FAQ,2003-11-04 00:00:00,1200.0,1350.0,1250.0,50
Gujarat,Dahod,Dahod,Green Peas,Other,FAQ,2003-11-07 00:00:00,1200.0,1350.0,1275.0,50
Gujarat,Dahod,Dahod,Green Peas,Other,FAQ,2003-11-10 00:00:00,1200.0,1350.0,1250.0,50
Gujarat,Dahod,Dahod,Green Peas,Other,FAQ,2004-03-20 00:00:00,1100.0,1150.0,1125.0,50
Gujarat,Dahod,Dahod,Green Peas,Other,FAQ,2004-03-29 00:00:00,1075.0,1125.0,1100.0,50
Gujarat,Dahod,Dahod,Green Peas,Other,FAQ,2004-03-31 00:00:00,1075.0,1120.0,1090.0,50
Gujarat,Dahod,Dahod,Green Peas,Other,FAQ,2004-04-06 00:00:00,1125.0,1125.0,1125.0,50
Gujarat,Dahod,Dahod,Green Peas,Other,FAQ,2004-04-07 00:00:00,1141.0,1141.0,1141.0,50
Gujarat,Dahod,Dahod,Green Peas,Other,FAQ,2004-04-13 00:00:00,1141.0,1141.0,1141.0,50
Gujarat,Dahod,Dahod,Green Peas,Other,FAQ,2004-04-15 00:00:00,1131.0,1131.0,1131.0,50
Gujarat,Dahod,Dahod,Green Peas,Other,FAQ,2004-04-23 00:00:00,1100.0,1121.0,1115.0,50
Gujarat,Dahod,Dahod,Green Peas,Other,FAQ,2004-04-29 00:00:00,1100.0,1120.0,1110.0,50
Gujarat,Dahod,Dahod,Green Peas,Other,FAQ,2004-05-11 00:00:00,1100.0,1120.0,1110.0,50
Gujarat,Dahod,Dahod,Green Peas,Other,FAQ,2004-05-17 00:00:00,1100.0,1120.0,1110.0,50
Gujarat,Dahod,Dahod,Green Peas,Other,FAQ,2004-06-02 00:00:00,1050.0,1100.0,1075.0,50
Gujarat,Dahod,Dahod,Green Peas,Other,FAQ,2004-06-08 00:00:00,1050.0,1150.0,1100.0,50
Gujarat,Dahod,Dahod,Green Peas,Other,FAQ,2004-06-17 00:00:00,1050.0,1100.0,1080.0,50
Gujarat,Dahod,Dahod,Green Peas,Other,FAQ,2004-06-19 00:00:00,1050.0,1125.0,1100.0,50
Gujarat,Dahod,Dahod,Green Peas,Other,FAQ,2004-06-21 00:00:00,1050.0,1125.0,1075.0,50
Gujarat,Dahod,Dahod,Green Peas,Other,FAQ,2004-06-24 00:00:00,1050.0,1125.0,1100.0,50
Gujarat,Dahod,Dahod,Green Peas,Other,FAQ,2004-07-24 00:00:00,1050.0,1200.0,1125.0,50
Gujarat,Dahod,Dahod,Green Peas,Other,FAQ,2004-09-13 00:00:00,1050.0,1200.0,1100.0,50
Gujarat,Dahod,Dahod,Green Peas,Other,FAQ,2004-09-15 00:00:00,1050.0,1200.0,1100.0,50
Gujarat,Dahod,Dahod,Green Peas,Other,FAQ,2004-09-20 00:00:00,1050.0,1200.0,1100.0,50
Gujarat,Dahod,Dahod,Green Peas,Other,FAQ,2004-10-12 00:00:00,1250.0,1450.0,1300.0,50
Gujarat,Dahod,Dahod,Green Peas,Other,FAQ,2004-10-13 00:00:00,1300.0,1500.0,1425.0,50
Gujarat,Dahod,Dahod,Green Peas,Other,FAQ,2004-12-01 00:00:00,1200.0,1400.0,1360.0,50
Gujarat,Dahod,Dahod,Green Peas,Other,FAQ,2004-12-06 00:00:00,1200.0,1400.0,1300.0,50
Gujarat,Dahod,Dahod,Green Peas,Other,FAQ,2004-12-16 00:00:00,1200.0,1300.0,1250.0,50
Gujarat,Dahod,Dahod,Green Peas,Other,FAQ,2004-12-18 00:00:00,1200.0,1300.0,1250.0,50
Gujarat,Dahod,Dahod,Green Peas,Other,FAQ,2004-12-21 00:00:00,1200.0,1300.0,1250.0,50
Gujarat,Dahod,Dahod,Green Peas,Other,FAQ,2004-12-22 00:00:00,1200.0,1300.0,1250.0,50
Gujarat,Dahod,Dahod,Green Peas,Other,FAQ,2004-12-31 00:00:00,1200.0,1300.0,1250.0,50
Gujarat,Dahod,Dahod,Green Peas,Green Peas,FAQ,2013-01-04 00:00:00,2100.0,2200.0,2150.0,50
Gujarat,Dahod,Dahod,Green Peas,Green Peas,FAQ,2013-01-08 00:00:00,2100.0,2200.0,2150.0,50
Gujarat,Dahod,Dahod,Green Peas,Green Peas,FAQ,2013-01-24 00:00:00,1700.0,1900.0,1800.0,50
Gujarat,Dahod,Dahod,Green Peas,Green Peas,FAQ,2013-02-02 00:00:00,1700.0,1900.0,1825.0,50
Gujarat,Dahod,Dahod,Green Peas,Green Peas,FAQ,2013-02-08 00:00:00,2100.0,2500.0,2400.0,50
Gujarat,Dahod,Dahod,Green Peas,Green Peas,FAQ,2013-02-21 00:00:00,2200.0,2400.0,2350.0,50
Gujarat,Dahod,Dahod,Green Peas,Green Peas,FAQ,2013-03-02 00:00:00,2200.0,2400.0,2325.0,50
Gujarat,Dahod,Dahod,Green Peas,Green Peas,FAQ,2013-03-07 00:00:00,2200.0,2300.0,2275.0,50
Gujarat,Dahod,Dahod,Green Peas,Green Peas,FAQ,2013-03-18 00:00:00,2200.0,2300.0,2250.0,50
Gujarat,Dahod,Dahod,Green Peas,Green Peas,FAQ,2013-03-19 00:00:00,2200.0,2300.0,2250.0,50
Gujarat,Dahod,Dahod,Green Peas,Green Peas,FAQ,2013-03-20 00:00:00,2200.0,2300.0,2250.0,50
Gujarat,Dahod,Dahod,Green Peas,Green Peas,FAQ,2013-04-01 00:00:00,2200.0,2300.0,2250.0,50
Gujarat,Dahod,Dahod,Green Peas,Green Peas,FAQ,2013-04-25 00:00:00,2000.0,2400.0,2280.0,50
Gujarat,Dahod,Dahod,Green Peas,Green Peas,FAQ,2013-04-26 00:00:00,2000.0,2400.0,2275.0,50
Gujarat,Dahod,Dahod,Green Peas,Green Peas,FAQ,2013-04-29 00:00:00,2000.0,2400.0,2250.0,50
Gujarat,Dahod,Dahod,Green Peas,Green Peas,FAQ,2013-05-01 00:00:00,2000.0,2400.0,2300.0,50
Gujarat,Dahod,Dahod,Green Peas,Green Peas,FAQ,2013-05-08 00:00:00,2000.0,2400.0,2300.0,50
Gujarat,Dahod,Dahod,Green Peas,Green Peas,FAQ,2013-05-09 00:00:00,2000.0,2400.0,2200.0,50
Gujarat,Dahod,Dahod,Green Peas,Green Peas,FAQ,2013-05-10 00:00:00,2000.0,2400.0,2100.0,50
Gujarat,Dahod,Dahod,Green Peas,Green Peas,FAQ,2013-09-30 00:00:00,2200.0,2400.0,2300.0,50
Gujarat,Dahod,Dahod,Green Peas,Green Peas,FAQ,2013-10-03 00:00:00,2200.0,2400.0,2300.0,50
Gujarat,Dahod,Dahod,Green Peas,Green Peas,FAQ,2013-10-14 00:00:00,2100.0,2300.0,2250.0,50
Gujarat,Dahod,Dahod,Green Peas,Green Peas,FAQ,2013-10-15 00:00:00,2100.0,2300.0,2200.0,50
Gujarat,Dahod,Dahod,Green Peas,Green Peas,FAQ,2013-10-21 00:00:00,2100.0,2300.0,2200.0,50
Gujarat,Dahod,Dahod,Green Peas,Green Peas,FAQ,2013-10-24 00:00:00,2100.0,2300.0,2200.0,50
Gujarat,Dahod,Dahod,Green Peas,Green Peas,FAQ,2013-11-06 00:00:00,2100.0,2300.0,2200.0,50
Gujarat,Dahod,Dahod,Green Peas,Green Peas,FAQ,2013-11-11 00:00:00,2100.0,2300.0,2200.0,50
Gujarat,Dahod,Dahod,Green Peas,Green Peas,FAQ,2013-11-12 00:00:00,2100.0,2300.0,2200.0,50
Gujarat,Dahod,Dahod,Green Peas,Green Peas,FAQ,2013-11-15 00:00:00,2100.0,2300.0,2200.0,50
Gujarat,Dahod,Dahod,Green Peas,Green Peas,FAQ,2013-11-22 00:00:00,2100.0,2300.0,2200.0,50
Gujarat,Dahod,Dahod,Green Peas,Green Peas,FAQ,2013-11-29 00:00:00,2100.0,2300.0,2200.0,50
Gujarat,Dahod,Dahod,Green Peas,Green Peas,FAQ,2013-12-05 00:00:00,2600.0,2800.0,2700.0,50
Gujarat,Dahod,Dahod,Green Peas,Green Peas,FAQ,2013-12-11 00:00:00,2600.0,2800.0,2725.0,50
Gujarat,Dahod,Dahod,Green Peas,Green Peas,FAQ,2013-12-18 00:00:00,2600.0,2800.0,2750.0,50
Gujarat,Dahod,Dahod,Green Peas,Green Peas,FAQ,2013-12-19 00:00:00,2600.0,2800.0,2725.0,50
Gujarat,Dahod,Dahod,Green Peas,Green Peas,FAQ,2013-12-26 00:00:00,2600.0,2800.0,2725.0,50
Gujarat,Dahod,Dahod,Green Peas,Other,FAQ,2013-05-28 00:00:00,2000.0,2400.0,2200.0,50
Gujarat,Dahod,Dahod,Green Peas,Other,FAQ,2013-05-29 00:00:00,2000.0,2400.0,2200.0,50
Gujarat,Dahod,Dahod,Green Peas,Other,FAQ,2013-05-31 00:00:00,2000.0,2400.0,2100.0,50
Gujarat,Dahod,Dahod,Green Peas,Other,FAQ,2013-06-20 00:00:00,2100.0,2400.0,2250.0,50
Gujarat,Dahod,Dahod,Green Peas,Other,FAQ,2013-06-29 00:00:00,2100.0,2400.0,2275.0,50
Gujarat,Dahod,Dahod,Green Peas,Other,FAQ,2013-07-02 00:00:00,2100.0,2400.0,2300.0,50
Gujarat,Dahod,Dahod,Green Peas,Other,FAQ,2013-07-06 00:00:00,2200.0,2400.0,2200.0,50
Gujarat,Dahod,Dahod,Green Peas,Other,FAQ,2013-07-15 00:00:00,2200.0,2400.0,2300.0,50
Gujarat,Dahod,Dahod,Green Peas,Other,FAQ,2013-07-18 00:00:00,2200.0,2400.0,2300.0,50
Gujarat,Dahod,Dahod,Green Peas,Other,FAQ,2013-07-20 00:00:00,2200.0,2400.0,2300.0,50
Gujarat,Dahod,Dahod,Green Peas,Other,FAQ,2013-07-30 00:00:00,2200.0,2300.0,2250.0,50
Gujarat,Dahod,Dahod,Green Peas,Other,FAQ,2013-08-01 00:00:00,2200.0,2300.0,2300.0,50
Gujarat,Dahod,Dahod,Green Peas,Other,FAQ,2013-08-03 00:00:00,2200.0,2300.0,2300.0,50
Gujarat,Dahod,Dahod,Green Peas,Other,FAQ,2013-08-05 00:00:00,2200.0,2300.0,2300.0,50
Gujarat,Dahod,Dahod,Green Peas,Other,FAQ,2013-08-08 00:00:00,2200.0,2300.0,2300.0,50
Gujarat,Dahod,Dahod,Green Peas,Other,FAQ,2013-08-14 00:00:00,2200.0,2300.0,2300.0,50
Gujarat,Dahod,Dahod,Green Peas,Other,FAQ,2013-08-31 00:00:00,2300.0,2400.0,2400.0,50
Gujarat,Dahod,Dahod,Green Peas,Other,FAQ,2013-09-05 00:00:00,2200.0,2400.0,2300.0,50
Gujarat,Dahod,Dahod,Green Peas,Other,FAQ,2013-09-07 00:00:00,2200.0,2400.0,2300.0,50
Gujarat,Dahod,Dahod,Green Peas,Other,FAQ,2013-09-27 00:00:00,2200.0,2400.0,2300.0,50
Gujarat,Dahod,Dahod,Green Peas,Green Peas,FAQ,2014-01-09 00:00:00,2500.0,2800.0,2650.0,50
Gujarat,Dahod,Dahod,Green Peas,Green Peas,FAQ,2014-01-17 00:00:00,2500.0,2800.0,2600.0,50
Gujarat,Dahod,Dahod,Green Peas,Green Peas,FAQ,2014-01-20 00:00:00,2400.0,2700.0,2600.0,50
Gujarat,Dahod,Dahod,Green Peas,Green Peas,FAQ,2014-02-05 00:00:00,2200.0,2550.0,2500.0,50
Gujarat,Dahod,Dahod,Green Peas,Green Peas,FAQ,2014-02-06 00:00:00,2200.0,2550.0,2475.0,50
Gujarat,Dahod,Dahod,Green Peas,Green Peas,FAQ,2014-02-08 00:00:00,2200.0,2550.0,2450.0,50
Gujarat,Dahod,Dahod,Green Peas,Green Peas,FAQ,2014-02-10 00:00:00,2200.0,2550.0,2300.0,50
Gujarat,Dahod,Dahod,Green Peas,Green Peas,FAQ,2014-02-15 00:00:00,2200.0,2600.0,2450.0,50
Gujarat,Dahod,Dahod,Green Peas,Green Peas,FAQ,2014-02-17 00:00:00,2200.0,2650.0,2600.0,50
Gujarat,Dahod,Dahod,Green Peas,Green Peas,FAQ,2014-02-19 00:00:00,2000.0,2500.0,2350.0,50
Gujarat,Dahod,Dahod,Green Peas,Green Peas,FAQ,2014-02-21 00:00:00,2000.0,2600.0,2450.0,50
Gujarat,Dahod,Dahod,Green Peas,Green Peas,FAQ,2014-02-22 00:00:00,2000.0,2650.0,2475.0,50
Gujarat,Dahod,Dahod,Green Peas,Green Peas,FAQ,2014-03-03 00:00:00,2000.0,2650.0,2450.0,50
Gujarat,Dahod,Dahod,Green Peas,Green Peas,FAQ,2014-03-10 00:00:00,2100.0,2800.0,2550.0,50
Gujarat,Dahod,Dahod,Green Peas,Green Peas,FAQ,2014-03-19 00:00:00,2100.0,2800.0,2550.0,50
Gujarat,Dahod,Dahod,Green Peas,Green Peas,FAQ,2014-03-24 00:00:00,2100.0,2850.0,2550.0,50
Gujarat,Dahod,Dahod,Green Peas,Green Peas,FAQ,2014-04-15 00:00:00,2100.0,2850.0,2550.0,50
Gujarat,Dahod,Dahod,Green Peas,Green Peas,FAQ,2014-04-29 00:00:00,2100.0,2850.0,2550.0,50
Gujarat,Dahod,Dahod,Green Peas,Green Peas,FAQ,2014-05-14 00:00:00,2200.0,2700.0,2450.0,50
Gujarat,Dahod,Dahod,Green Peas,Green Peas,FAQ,2014-05-19 00:00:00,2200.0,2750.0,2600.0,50
Gujarat,Dahod,Dahod,Green Peas,Green Peas,FAQ,2014-05-20 00:00:00,2200.0,2750.0,2400.0,50
Gujarat,Dahod,Dahod,Green Peas,Green Peas,FAQ,2014-05-22 00:00:00,2200.0,2700.0,2550.0,50
Gujarat,Dahod,Dahod,Green Peas,Green Peas,FAQ,2014-05-26 00:00:00,2200.0,2700.0,2400.0,50
Gujarat,Dahod,Dahod,Green Peas,Green Peas,FAQ,2014-06-05 00:00:00,2200.0,2700.0,2425.0,50
Gujarat,Dahod,Dahod,Green Peas,Green Peas,FAQ,2014-06-09 00:00:00,2200.0,2600.0,2550.0,50
Gujarat,Dahod,Dahod,Green Peas,Green Peas,FAQ,2014-06-27 00:00:00,2200.0,2700.0,2575.0,50
Gujarat,Dahod,Dahod,Green Peas,Other,FAQ,2016-01-01 00:00:00,3300.0,3800.0,3500.0,50
Gujarat,Dahod,Dahod,Green Peas,Other,FAQ,2016-01-23 00:00:00,2000.0,3200.0,2300.0,50
Gujarat,Dahod,Dahod,Green Peas,Other,FAQ,2016-02-04 00:00:00,2000.0,3200.0,2700.0,50
Gujarat,Dahod,Dahod,Green Peas,Other,FAQ,2016-03-28 00:00:00,2400.0,3300.0,2800.0,50
Gujarat,Dahod,Dahod,Green Peas,Other,FAQ,2016-04-05 00:00:00,2500.0,3300.0,3200.0,50
Gujarat,Dahod,Dahod,Green Peas,Other,FAQ,2016-06-01 00:00:00,2500.0,3800.0,3400.0,50
Gujarat,Dahod,Dahod,Green Peas,Other,FAQ,2016-06-07 00:00:00,2500.0,3800.0,3450.0,50
Gujarat,Dahod,Dahod,Green Peas,Other,FAQ,2016-06-29 00:00:00,3300.0,4000.0,3600.0,50
Gujarat,Dahod,Dahod,Green Peas,Other,FAQ,2016-07-12 00:00:00,3200.0,4000.0,3600.0,50
Gujarat,Dahod,Dahod,Green Peas,Other,FAQ,2016-07-28 00:00:00,3200.0,4000.0,3500.0,50
Gujarat,Dahod,Dahod,Green Peas,Other,FAQ,2016-08-10 00:00:00,3200.0,4000.0,3600.0,50
Gujarat,Dahod,Dahod,Green Peas,Other,FAQ,2016-08-19 00:00:00,3200.0,4000.0,3500.0,50
Gujarat,Dahod,Dahod,Green Peas,Other,FAQ,2016-09-09 00:00:00,2500.0,3500.0,2900.0,50
Gujarat,Dahod,Dahod,Green Peas,Other,FAQ,2016-09-12 00:00:00,2500.0,3500.0,3000.0,50
Gujarat,Dahod,Dahod,Green Peas,Other,FAQ,2016-10-06 00:00:00,2500.0,3500.0,3000.0,50
Gujarat,Dahod,Dahod,Green Peas,Other,FAQ,2016-10-21 00:00:00,4000.0,5500.0,5000.0,50
Gujarat,Dahod,Dahod,Green Peas,Other,FAQ,2016-10-25 00:00:00,4000.0,5500.0,5100.0,50
Gujarat,Dahod,Dahod,Green Peas,Other,FAQ,2016-10-28 00:00:00,4000.0,5700.0,5000.0,50
Gujarat,Dahod,Dahod,Green Peas,Other,FAQ,2016-11-02 00:00:00,4000.0,5700.0,5300.0,50
Gujarat,Dahod,Dahod,Green Peas,Other,FAQ,2016-11-04 00:00:00,4000.0,5700.0,5300.0,50
Gujarat,Dahod,Dahod,Green Peas,Other,FAQ,2016-11-07 00:00:00,4000.0,5700.0,5300.0,50
Gujarat,Dahod,Dahod,Green Peas,Other,FAQ,2016-11-08 00:00:00,4000.0,5700.0,5000.0,50
Gujarat,Dahod,Dahod,Green Peas,Other,FAQ,2016-11-09 00:00:00,4000.0,5700.0,5000.0,50
Gujarat,Dahod,Dahod,Green Peas,Other,FAQ,2016-11-10 00:00:00,4000.0,5700.0,5000.0,50
Gujarat,Dahod,Dahod,Green Peas,Other,FAQ,2016-11-17 00:00:00,4000.0,5700.0,5000.0,50
Gujarat,Dahod,Dahod,Green Peas,Other,FAQ,2016-11-24 00:00:00,4000.0,5700.0,5000.0,50
Gujarat,Dahod,Dahod,Green Peas,Other,FAQ,2016-11-29 00:00:00,4000.0,5700.0,5000.0,50
Gujarat,Dahod,Dahod,Green Peas,Other,FAQ,2016-11-30 00:00:00,4000.0,5700.0,5000.0,50
Gujarat,Dahod,Dahod,Green Peas,Other,FAQ,2016-12-05 00:00:00,4000.0,5700.0,5200.0,50
Gujarat,Dahod,Dahod,Green Peas,Other,FAQ,2016-12-14 00:00:00,4500.0,5500.0,5300.0,50
Gujarat,Dahod,Dahod,Green Peas,Other,FAQ,2016-12-17 00:00:00,4500.0,5500.0,4725.0,50
Gujarat,Dahod,Dahod,Green Peas,Other,FAQ,2016-12-22 00:00:00,4500.0,5500.0,4950.0,50
Gujarat,Dahod,Dahod,Green Peas,Other,FAQ,2018-01-11 00:00:00,1800.0,2600.0,2200.0,50
Gujarat,Dahod,Dahod,Green Peas,Other,FAQ,2018-01-20 00:00:00,1800.0,2600.0,2350.0,50
Gujarat,Dahod,Dahod,Green Peas,Other,FAQ,2018-01-22 00:00:00,1800.0,2600.0,2400.0,50
Gujarat,Dahod,Dahod,Green Peas,Other,FAQ,2018-01-27 00:00:00,1800.0,2600.0,2200.0,50
Gujarat,Dahod,Dahod,Green Peas,Other,FAQ,2018-01-29 00:00:00,1800.0,2500.0,2000.0,50
Gujarat,Dahod,Dahod,Green Peas,Other,FAQ,2018-01-30 00:00:00,1800.0,2600.0,2200.0,50
Gujarat,Dahod,Dahod,Green Peas,Other,FAQ,2018-01-31 00:00:00,1800.0,2400.0,2000.0,50
Gujarat,Dahod,Dahod,Green Peas,Other,FAQ,2018-02-03 00:00:00,1800.0,2400.0,2000.0,50
Gujarat,Dahod,Dahod,Green Peas,Other,FAQ,2018-02-17 00:00:00,1800.0,2200.0,2000.0,50
Gujarat,Dahod,Dahod,Green Peas,Other,FAQ,2018-02-21 00:00:00,1800.0,2200.0,2000.0,50
Gujarat,Dahod,Dahod,Green Peas,Other,FAQ,2018-02-22 00:00:00,1800.0,2200.0,2000.0,50
Gujarat,Dahod,Dahod,Green Peas,Other,FAQ,2018-02-23 00:00:00,1800.0,2200.0,2000.0,50
Gujarat,Dahod,Dahod,Green Peas,Other,FAQ,2018-02-27 00:00:00,1800.0,2200.0,2000.0,50
Gujarat,Dahod,Dahod,Green Peas,Other,FAQ,2018-03-05 00:00:00,1800.0,2200.0,2000.0,50
Gujarat,Dahod,Dahod,Green Peas,Other,FAQ,2018-03-08 00:00:00,1800.0,2200.0,2000.0,50
Gujarat,Dahod,Dahod,Green Peas,Other,FAQ,2018-03-10 00:00:00,1800.0,2200.0,2000.0,50
Gujarat,Dahod,Dahod,Green Peas,Other,FAQ,2018-03-20 00:00:00,1800.0,2200.0,2000.0,50
Gujarat,Dahod,Dahod,Green Peas,Other,FAQ,2018-03-26 00:00:00,1800.0,2200.0,2000.0,50
Gujarat,Dahod,Dahod,Green Peas,Other,FAQ,2018-03-31 00:00:00,1800.0,2200.0,2000.0,50
Gujarat,Dahod,Dahod,Green Peas,Other,FAQ,2018-04-13 00:00:00,1900.0,2250.0,2000.0,50
Gujarat,Dahod,Dahod,Green Peas,Other,FAQ,2018-04-26 00:00:00,1700.0,2000.0,1900.0,50
Gujarat,Dahod,Dahod,Green Peas,Other,FAQ,2018-04-27 00:00:00,1700.0,2000.0,1900.0,50
Gujarat,Dahod,Dahod,Green Peas,Other,FAQ,2018-05-08 00:00:00,1700.0,2000.0,1800.0,50
Gujarat,Dahod,Dahod,Green Peas,Other,FAQ,2018-05-16 00:00:00,1700.0,2000.0,1800.0,50
Gujarat,Dahod,Dahod,Green Peas,Other,FAQ,2018-05-21 00:00:00,1700.0,2000.0,1800.0,50
Gujarat,Dahod,Dahod,Green Peas,Other,FAQ,2018-05-28 00:00:00,1700.0,2000.0,1800.0,50
Gujarat,Dahod,Dahod,Green Peas,Other,FAQ,2018-05-30 00:00:00,1700.0,2000.0,1800.0,50
Gujarat,Dahod,Dahod,Green Peas,Other,FAQ,2018-06-02 00:00:00,1700.0,2000.0,1900.0,50
Gujarat,Dahod,Dahod,Green Peas,Other,FAQ,2018-06-11 00:00:00,1800.0,2200.0,2100.0,50
Gujarat,Dahod,Dahod,Green Peas,Other,FAQ,2018-06-13 00:00:00,1700.0,2200.0,1900.0,50
Gujarat,Dahod,Dahod,Green Peas,Other,FAQ,2018-06-18 00:00:00,1700.0,2200.0,2000.0,50
Gujarat,Dahod,Dahod,Green Peas,Other,FAQ,2018-06-27 00:00:00,1700.0,2200.0,2000.0,50
Gujarat,Dahod,Dahod,Green Peas,Other,FAQ,2018-06-28 00:00:00,1800.0,2200.0,2000.0,50
Gujarat,Dahod,Dahod,Green Peas,Other,FAQ,2018-07-03 00:00:00,1700.0,2200.0,2000.0,50
Gujarat,Dahod,Dahod,Green Peas,Other,FAQ,2018-07-07 00:00:00,1700.0,2200.0,2000.0,50
Gujarat,Dahod,Dahod,Green Peas,Other,FAQ,2018-07-10 00:00:00,1700.0,2200.0,2000.0,50
Gujarat,Dahod,Dahod,Green Peas,Other,FAQ,2018-07-23 00:00:00,1700.0,2400.0,2200.0,50
Gujarat,Dahod,Dahod,Green Peas,Other,FAQ,2018-08-10 00:00:00,1700.0,2400.0,2000.0,50
Gujarat,Dahod,Dahod,Green Peas,Other,FAQ,2018-08-14 00:00:00,1725.0,2450.0,2150.0,50
Gujarat,Dahod,Dahod,Green Peas,Other,FAQ,2018-08-21 00:00:00,1800.0,2400.0,2200.0,50
Gujarat,Dahod,Dahod,Green Peas,Other,FAQ,2018-09-06 00:00:00,2000.0,2600.0,2400.0,50
Gujarat,Dahod,Dahod,Green Peas,Other,FAQ,2018-09-07 00:00:00,2000.0,2600.0,2400.0,50
Gujarat,Dahod,Dahod,Green Peas,Other,FAQ,2018-09-11 00:00:00,2000.0,2500.0,2200.0,50
Gujarat,Dahod,Dahod,Green Peas,Other,FAQ,2018-09-19 00:00:00,2000.0,2600.0,2400.0,50
Gujarat,Dahod,Dahod,Green Peas,Other,FAQ,2018-09-21 00:00:00,2000.0,2600.0,2400.0,50
Gujarat,Dahod,Dahod,Green Peas,Other,FAQ,2018-10-30 00:00:00,2200.0,2800.0,2500.0,50
Gujarat,Dahod,Dahod,Green Peas,Other,FAQ,2018-11-15 00:00:00,2200.0,2800.0,2500.0,50
Gujarat,Dahod,Dahod,Green Peas,Other,FAQ,2018-11-20 00:00:00,2200.0,2850.0,2500.0,50
Gujarat,Dahod,Dahod,Green Peas,Other,FAQ,2018-11-23 00:00:00,2200.0,2800.0,2600.0,50
Gujarat,Dahod,Dahod,Green Peas,Other,FAQ,2018-12-22 00:00:00,3200.0,3600.0,3400.0,50
Gujarat,Patan,Sami,Green Peas,Gemin Peas Dal,FAQ,2018-02-08 00:00:00,3500.0,3825.0,3800.0,50
Gujarat,Patan,Sami,Green Peas,Gemin Peas Dal,FAQ,2018-02-12 00:00:00,3500.0,3675.0,3650.0,50
Gujarat,Patan,Sami,Green Peas,Gemin Peas Dal,FAQ,2018-02-20 00:00:00,3725.0,3815.0,3790.0,50
Gujarat,Patan,Sami,Green Peas,Gemin Peas Dal,FAQ,2018-02-21 00:00:00,3725.0,3800.0,3775.0,50
Gujarat,Patan,Sami,Green Peas,Gemin Peas Dal,FAQ,2018-02-23 00:00:00,3750.0,3850.0,3810.0,50
Gujarat,Patan,Sami,Green Peas,Gemin Peas Dal,FAQ,2018-02-27 00:00:00,3500.0,3575.0,3560.0,50
Gujarat,Patan,Sami,Green Peas,Gemin Peas Dal,FAQ,2018-02-28 00:00:00,3500.0,3665.0,3550.0,50
Gujarat,Patan,Sami,Green Peas,Gemin Peas Dal,FAQ,2018-03-06 00:00:00,3450.0,3555.0,3525.0,50
Gujarat,Patan,Sami,Green Peas,Gemin Peas Dal,FAQ,2018-03-08 00:00:00,3500.0,3600.0,3586.0,50
Gujarat,Patan,Sami,Green Peas,Gemin Peas Dal,FAQ,2018-03-22 00:00:00,3400.0,3515.0,3500.0,50
Gujarat,Patan,Sami,Green Peas,Gemin Peas Dal,FAQ,2018-04-14 00:00:00,3350.0,3435.0,3415.0,50
Gujarat,Patan,Sami,Green Peas,Gemin Peas Dal,FAQ,2018-04-17 00:00:00,3250.0,3425.0,3400.0,50
Gujarat,Patan,Sami,Green Peas,Gemin Peas Dal,FAQ,2018-04-20 00:00:00,3375.0,3435.0,3400.0,50
Gujarat,Patan,Sami,Green Peas,Gemin Peas Dal,FAQ,2018-04-26 00:00:00,3250.0,3400.0,3350.0,50
Gujarat,Patan,Sami,Green Peas,Gemin Peas Dal,FAQ,2018-04-28 00:00:00,3250.0,3355.0,3325.0,50
Gujarat,Patan,Sami,Green Peas,Gemin Peas Dal,FAQ,2018-05-05 00:00:00,3200.0,3300.0,3250.0,50
Gujarat,Patan,Sami,Green Peas,Gemin Peas Dal,FAQ,2018-05-09 00:00:00,3200.0,3325.0,3300.0,50
Gujarat,Patan,Sami,Green Peas,Gemin Peas Dal,FAQ,2018-05-15 00:00:00,3250.0,3400.0,3325.0,50
Gujarat,Patan,Sami,Green Peas,Gemin Peas Dal,FAQ,2018-05-23 00:00:00,3250.0,3555.0,3400.0,50
Gujarat,Patan,Sami,Green Peas,Gemin Peas Dal,FAQ,2018-05-25 00:00:00,3300.0,3575.0,3425.0,50
Gujarat,Patan,Sami,Green Peas,Gemin Peas Dal,FAQ,2018-06-12 00:00:00,3125.0,3375.0,3300.0,50
Gujarat,Patan,Sami,Green Peas,Gemin Peas Dal,FAQ,2018-06-19 00:00:00,3200.0,3425.0,3375.0,50
Gujarat,Patan,Sami,Green Peas,Gemin Peas Dal,FAQ,2018-06-21 00:00:00,3250.0,3555.0,3500.0,50
Gujarat,Patan,Sami,Green Peas,Gemin Peas Dal,FAQ,2018-07-05 00:00:00,3100.0,3225.0,3150.0,50
Gujarat,Patan,Sami,Green Peas,Gemin Peas Dal,FAQ,2018-07-21 00:00:00,3750.0,4055.0,4000.0,50
Gujarat,Dahod,Dahod,Green Peas,Other,FAQ,2017-01-12 00:00:00,4500.0,5500.0,5200.0,50
Gujarat,Dahod,Dahod,Green Peas,Other,FAQ,2017-01-17 00:00:00,4500.0,5500.0,5200.0,50
Gujarat,Dahod,Dahod,Green Peas,Other,FAQ,2017-01-18 00:00:00,4500.0,5500.0,5200.0,50
Gujarat,Dahod,Dahod,Green Peas,Other,FAQ,2017-01-21 00:00:00,4500.0,5500.0,5200.0,50
Gujarat,Dahod,Dahod,Green Peas,Other,FAQ,2017-01-23 00:00:00,4500.0,5500.0,5200.0,50
Gujarat,Dahod,Dahod,Green Peas,Other,FAQ,2017-02-11 00:00:00,2500.0,3000.0,2800.0,50
Gujarat,Dahod,Dahod,Green Peas,Other,FAQ,2017-02-15 00:00:00,2500.0,3000.0,2900.0,50
Gujarat,Dahod,Dahod,Green Peas,Other,FAQ,2017-02-22 00:00:00,2500.0,3000.0,2900.0,50
Gujarat,Dahod,Dahod,Green Peas,Other,FAQ,2017-02-28 00:00:00,2500.0,3000.0,2900.0,50
Gujarat,Dahod,Dahod,Green Peas,Other,FAQ,2017-03-02 00:00:00,2500.0,3000.0,2900.0,50
Gujarat,Dahod,Dahod,Green Peas,Other,FAQ,2017-03-03 00:00:00,2500.0,3000.0,2600.0,50
Gujarat,Dahod,Dahod,Green Peas,Other,FAQ,2017-03-16 00:00:00,2500.0,3000.0,2900.0,50
Gujarat,Dahod,Dahod,Green Peas,Other,FAQ,2017-04-13 00:00:00,2500.0,3000.0,2700.0,50
Gujarat,Dahod,Dahod,Green Peas,Other,FAQ,2017-04-24 00:00:00,2500.0,3000.0,2800.0,50
Gujarat,Dahod,Dahod,Green Peas,Other,FAQ,2017-04-28 00:00:00,2500.0,3000.0,2700.0,50
Gujarat,Dahod,Dahod,Green Peas,Other,FAQ,2017-05-30 00:00:00,2000.0,2500.0,2300.0,50
Gujarat,Dahod,Dahod,Green Peas,Other,FAQ,2017-05-31 00:00:00,2000.0,2500.0,2300.0,50
Gujarat,Dahod,Dahod,Green Peas,Other,FAQ,2017-06-05 00:00:00,2000.0,2500.0,2400.0,50
Gujarat,Dahod,Dahod,Green Peas,Other,FAQ,2017-06-08 00:00:00,2000.0,2500.0,2300.0,50
Gujarat,Dahod,Dahod,Green Peas,Other,FAQ,2017-06-12 00:00:00,2000.0,2500.0,2400.0,50
Gujarat,Dahod,Dahod,Green Peas,Other,FAQ,2017-06-16 00:00:00,2000.0,2500.0,2300.0,50
Gujarat,Dahod,Dahod,Green Peas,Other,FAQ,2017-06-22 00:00:00,2000.0,2500.0,2350.0,50
Gujarat,Dahod,Dahod,Green Peas,Other,FAQ,2017-07-05 00:00:00,2000.0,2600.0,2400.0,50
Gujarat,Dahod,Dahod,Green Peas,Other,FAQ,2017-07-17 00:00:00,2000.0,2600.0,2400.0,50
Gujarat,Dahod,Dahod,Green Peas,Other,FAQ,2017-07-26 00:00:00,2000.0,2600.0,2400.0,50
Gujarat,Dahod,Dahod,Green Peas,Other,FAQ,2017-08-10 00:00:00,2000.0,2600.0,2400.0,50
Gujarat,Dahod,Dahod,Green Peas,Other,FAQ,2017-08-14 00:00:00,2000.0,2600.0,2300.0,50
Gujarat,Dahod,Dahod,Green Peas,Other,FAQ,2017-08-21 00:00:00,2000.0,2800.0,2400.0,50
Gujarat,Dahod,Dahod,Green Peas,Other,FAQ,2017-08-29 00:00:00,2200.0,2600.0,2450.0,50
Gujarat,Dahod,Dahod,Green Peas,Other,FAQ,2017-09-28 00:00:00,2000.0,2700.0,2500.0,50
Gujarat,Dahod,Dahod,Green Peas,Other,FAQ,2017-09-29 00:00:00,2000.0,2700.0,2500.0,50
Gujarat,Dahod,Dahod,Green Peas,Other,FAQ,2017-10-06 00:00:00,2000.0,2700.0,2500.0,50
Gujarat,Dahod,Dahod,Green Peas,Other,FAQ,2017-10-11 00:00:00,2000.0,2700.0,2500.0,50
Gujarat,Dahod,Dahod,Green Peas,Other,FAQ,2017-10-16 00:00:00,2000.0,2700.0,2500.0,50
Gujarat,Dahod,Dahod,Green Peas,Other,FAQ,2017-10-17 00:00:00,2000.0,2700.0,2500.0,50
Gujarat,Dahod,Dahod,Green Peas,Other,FAQ,2017-10-28 00:00:00,2000.0,2700.0,2500.0,50
Gujarat,Dahod,Dahod,Green Peas,Other,FAQ,2017-11-14 00:00:00,2000.0,2600.0,2400.0,50
Gujarat,Dahod,Dahod,Green Peas,Other,FAQ,2017-11-17 00:00:00,2000.0,2600.0,2400.0,50
Gujarat,Dahod,Dahod,Green Peas,Other,FAQ,2017-11-21 00:00:00,2000.0,2600.0,2400.0,50
Gujarat,Dahod,Dahod,Green Peas,Other,FAQ,2017-11-30 00:00:00,2000.0,2600.0,2400.0,50
Gujarat,Dahod,Dahod,Green Peas,Other,FAQ,2017-12-07 00:00:00,2000.0,2600.0,2400.0,50
Gujarat,Dahod,Dahod,Green Peas,Other,FAQ,2017-12-11 00:00:00,2000.0,2600.0,2400.0,50
Gujarat,Dahod,Dahod,Green Peas,Other,FAQ,2017-12-12 00:00:00,2000.0,2600.0,2400.0,50
Gujarat,Dahod,Dahod,Green Peas,Other,FAQ,2017-12-15 00:00:00,2000.0,2600.0,2400.0,50
Gujarat,Dahod,Dahod,Green Peas,Other,FAQ,2017-12-21 00:00:00,1800.0,2500.0,2200.0,50
Gujarat,Patan,Sami,Green Peas,Gemin Peas Dal,FAQ,2017-03-14 00:00:00,4750.0,4850.0,4810.0,50
Gujarat,Patan,Sami,Green Peas,Gemin Peas Dal,FAQ,2017-04-14 00:00:00,5500.0,5750.0,5625.0,50
Gujarat,Patan,Sami,Green Peas,Gemin Peas Dal,FAQ,2017-04-27 00:00:00,5200.0,5375.0,5300.0,50
Gujarat,Patan,Sami,Green Peas,Gemin Peas Dal,FAQ,2017-05-03 00:00:00,5200.0,5455.0,5425.0,50
Gujarat,Patan,Sami,Green Peas,Gemin Peas Dal,FAQ,2017-05-19 00:00:00,5350.0,5525.0,5500.0,50
Gujarat,Patan,Sami,Green Peas,Gemin Peas Dal,FAQ,2017-05-20 00:00:00,5350.0,5475.0,5450.0,50
Gujarat,Patan,Sami,Green Peas,Gemin Peas Dal,FAQ,2017-05-22 00:00:00,5150.0,5325.0,5275.0,50
Gujarat,Patan,Sami,Green Peas,Gemin Peas Dal,FAQ,2017-05-24 00:00:00,5250.0,5400.0,5350.0,50
Gujarat,Patan,Sami,Green Peas,Gemin Peas Dal,FAQ,2017-05-27 00:00:00,5125.0,5200.0,5150.0,50
Gujarat,Patan,Sami,Green Peas,Green Peas,FAQ,2017-02-14 00:00:00,4450.0,4700.0,4625.0,50
Gujarat,Dahod,Dahod,Green Peas,Other,FAQ,2009-01-01 00:00:00,1700.0,1800.0,1740.0,50
Gujarat,Dahod,Dahod,Green Peas,Other,FAQ,2009-01-16 00:00:00,1700.0,1800.0,1740.0,50
Gujarat,Dahod,Dahod,Green Peas,Other,FAQ,2009-01-17 00:00:00,1600.0,1700.0,1675.0,50
Gujarat,Dahod,Dahod,Green Peas,Other,FAQ,2009-02-21 00:00:00,1500.0,1800.0,1700.0,50
Gujarat,Dahod,Dahod,Green Peas,Other,FAQ,2009-02-26 00:00:00,1500.0,1800.0,1700.0,50
Gujarat,Dahod,Dahod,Green Peas,Other,FAQ,2009-02-28 00:00:00,1500.0,1850.0,1700.0,50
Gujarat,Dahod,Dahod,Green Peas,Other,FAQ,2009-03-02 00:00:00,1500.0,1850.0,1700.0,50
Gujarat,Dahod,Dahod,Green Peas,Other,FAQ,2009-03-05 00:00:00,1600.0,1800.0,1700.0,50
Gujarat,Dahod,Dahod,Green Peas,Other,FAQ,2009-03-06 00:00:00,1600.0,1800.0,1700.0,50
Gujarat,Dahod,Dahod,Green Peas,Other,FAQ,2009-03-09 00:00:00,1600.0,1800.0,1725.0,50
Gujarat,Dahod,Dahod,Green Peas,Other,FAQ,2009-03-19 00:00:00,1600.0,1800.0,1725.0,50
Gujarat,Dahod,Dahod,Green Peas,Other,FAQ,2009-04-01 00:00:00,1250.0,1700.0,1250.0,50
Gujarat,Dahod,Dahod,Green Peas,Other,FAQ,2009-04-18 00:00:00,1300.0,1800.0,1450.0,50
Gujarat,Dahod,Dahod,Green Peas,Other,FAQ,2009-05-06 00:00:00,1225.0,1800.0,1450.0,50
Gujarat,Dahod,Dahod,Green Peas,Other,FAQ,2009-05-14 00:00:00,1250.0,1800.0,1475.0,50
Gujarat,Dahod,Dahod,Green Peas,Other,FAQ,2009-05-23 00:00:00,1350.0,1800.0,1500.0,50
Gujarat,Dahod,Dahod,Green Peas,Other,FAQ,2009-06-26 00:00:00,1300.0,1800.0,1500.0,50
Gujarat,Dahod,Dahod,Green Peas,Other,FAQ,2009-07-09 00:00:00,1350.0,2000.0,1675.0,50
Gujarat,Dahod,Dahod,Green Peas,Other,FAQ,2009-07-28 00:00:00,1400.0,2100.0,1700.0,50
Gujarat,Dahod,Dahod,Green Peas,Other,FAQ,2009-07-29 00:00:00,1400.0,2100.0,1700.0,50
Gujarat,Dahod,Dahod,Green Peas,Other,FAQ,2009-08-11 00:00:00,1500.0,2100.0,1700.0,50
Gujarat,Dahod,Dahod,Green Peas,Other,FAQ,2009-08-17 00:00:00,1500.0,2100.0,1825.0,50
Gujarat,Dahod,Dahod,Green Peas,Other,FAQ,2009-09-22 00:00:00,1400.0,2000.0,1600.0,50
Gujarat,Dahod,Dahod,Green Peas,Other,FAQ,2009-10-23 00:00:00,1400.0,2400.0,1800.0,50
Gujarat,Dahod,Dahod,Green Peas,Other,FAQ,2009-11-04 00:00:00,1600.0,2500.0,2000.0,50
Gujarat,Dahod,Dahod,Green Peas,Other,FAQ,2009-11-10 00:00:00,1600.0,2500.0,2000.0,50
Gujarat,Dahod,Dahod,Green Peas,Other,FAQ,2009-11-11 00:00:00,1600.0,2500.0,2000.0,50
Gujarat,Dahod,Dahod,Green Peas,Other,FAQ,2009-11-14 00:00:00,1600.0,2500.0,2100.0,50
Gujarat,Dahod,Dahod,Green Peas,Other,FAQ,2009-11-20 00:00:00,1600.0,2500.0,2100.0,50
Gujarat,Dahod,Dahod,Green Peas,Other,FAQ,2009-12-02 00:00:00,1600.0,2500.0,2100.0,50
Gujarat,Dahod,Dahod,Green Peas,Other,FAQ,2009-12-05 00:00:00,1550.0,2450.0,2100.0,50
Gujarat,Dahod,Dahod,Green Peas,Other,FAQ,2009-12-17 00:00:00,1600.0,2500.0,2100.0,50
Gujarat,Dahod,Dahod,Green Peas,Other,FAQ,2009-12-29 00:00:00,1600.0,2500.0,2100.0,50
Gujarat,Dahod,Dahod,Green Peas,Other,FAQ,2010-01-18 00:00:00,1400.0,2300.0,2100.0,50
Gujarat,Dahod,Dahod,Green Peas,Other,FAQ,2010-02-15 00:00:00,2350.0,2350.0,2350.0,50
Gujarat,Dahod,Dahod,Green Peas,Other,FAQ,2010-02-18 00:00:00,1250.0,2331.0,2331.0,50
Gujarat,Dahod,Dahod,Green Peas,Other,FAQ,2010-02-23 00:00:00,1250.0,2350.0,2350.0,50
Gujarat,Dahod,Dahod,Green Peas,Other,FAQ,2010-02-24 00:00:00,1250.0,2350.0,2350.0,50
Gujarat,Dahod,Dahod,Green Peas,Other,FAQ,2010-03-04 00:00:00,2175.0,2175.0,2175.0,50
Gujarat,Dahod,Dahod,Green Peas,Other,FAQ,2010-03-08 00:00:00,2150.0,2200.0,2200.0,50
Gujarat,Dahod,Dahod,Green Peas,Other,FAQ,2010-03-19 00:00:00,2200.0,2200.0,2200.0,50
Gujarat,Dahod,Dahod,Green Peas,Other,FAQ,2010-04-06 00:00:00,2175.0,2200.0,2200.0,50
Gujarat,Dahod,Dahod,Green Peas,Other,FAQ,2010-04-13 00:00:00,2175.0,2200.0,2200.0,50
Gujarat,Dahod,Dahod,Green Peas,Other,FAQ,2010-04-15 00:00:00,2175.0,2200.0,2200.0,50
Gujarat,Dahod,Dahod,Green Peas,Other,FAQ,2010-04-26 00:00:00,2175.0,2200.0,2200.0,50
Gujarat,Dahod,Dahod,Green Peas,Other,FAQ,2010-04-28 00:00:00,2175.0,2200.0,2200.0,50
Gujarat,Dahod,Dahod,Green Peas,Other,FAQ,2010-04-29 00:00:00,2175.0,2200.0,2200.0,50
Gujarat,Dahod,Dahod,Green Peas,Other,FAQ,2010-05-17 00:00:00,1950.0,2000.0,2000.0,50
Gujarat,Dahod,Dahod,Green Peas,Other,FAQ,2010-05-20 00:00:00,1950.0,2000.0,2000.0,50
Gujarat,Dahod,Dahod,Green Peas,Other,FAQ,2010-05-25 00:00:00,1950.0,2000.0,2000.0,50
Gujarat,Dahod,Dahod,Green Peas,Other,FAQ,2010-06-09 00:00:00,1500.0,2100.0,1900.0,50
Gujarat,Dahod,Dahod,Green Peas,Other,FAQ,2010-06-15 00:00:00,1500.0,2100.0,1900.0,50
Gujarat,Dahod,Dahod,Green Peas,Other,FAQ,2010-07-06 00:00:00,1500.0,2100.0,1800.0,50
Gujarat,Dahod,Dahod,Green Peas,Other,FAQ,2010-07-14 00:00:00,1500.0,2100.0,1900.0,50
Gujarat,Dahod,Dahod,Green Peas,Other,FAQ,2010-07-19 00:00:00,1500.0,2100.0,1950.0,50
Gujarat,Dahod,Dahod,Green Peas,Other,FAQ,2010-08-04 00:00:00,1500.0,2100.0,1900.0,50
Gujarat,Dahod,Dahod,Green Peas,Other,FAQ,2010-08-10 00:00:00,1500.0,2100.0,1950.0,50
Gujarat,Dahod,Dahod,Green Peas,Other,FAQ,2010-09-17 00:00:00,1500.0,2100.0,1800.0,50
Gujarat,Dahod,Dahod,Green Peas,Other,FAQ,2010-10-07 00:00:00,1750.0,1950.0,1850.0,50
Gujarat,Dahod,Dahod,Green Peas,Other,FAQ,2010-10-25 00:00:00,1750.0,1950.0,1850.0,50
Gujarat,Dahod,Dahod,Green Peas,Other,FAQ,2010-10-30 00:00:00,1750.0,1950.0,1850.0,50
Gujarat,Dahod,Dahod,Green Peas,Other,FAQ,2010-11-02 00:00:00,1750.0,1950.0,1850.0,50
Gujarat,Dahod,Dahod,Green Peas,Other,FAQ,2010-11-18 00:00:00,1750.0,1950.0,1800.0,50
Gujarat,Dahod,Dahod,Green Peas,Other,FAQ,2010-12-03 00:00:00,2800.0,3300.0,3000.0,50
Gujarat,Dahod,Dahod,Green Peas,Other,FAQ,2010-12-18 00:00:00,1800.0,2500.0,2000.0,50
Gujarat,Dahod,Dahod,Green Peas,Other,FAQ,2005-01-29 00:00:00,1200.0,1300.0,1250.0,50
Gujarat,Dahod,Dahod,Green Peas,Other,FAQ,2005-02-02 00:00:00,1200.0,1300.0,1250.0,50
Gujarat,Dahod,Dahod,Green Peas,Other,FAQ,2005-02-22 00:00:00,1075.0,1145.0,1100.0,50
Gujarat,Dahod,Dahod,Green Peas,Other,FAQ,2005-02-25 00:00:00,1000.0,1141.0,1020.0,50
Gujarat,Dahod,Dahod,Green Peas,Other,FAQ,2005-04-01 00:00:00,1000.0,1125.0,1075.0,50
Gujarat,Dahod,Dahod,Green Peas,Other,FAQ,2005-04-02 00:00:00,1000.0,1125.0,1100.0,50
Gujarat,Dahod,Dahod,Green Peas,Other,FAQ,2005-04-13 00:00:00,1050.0,1125.0,1090.0,50
Gujarat,Dahod,Dahod,Green Peas,Other,FAQ,2005-04-15 00:00:00,1050.0,1140.0,1140.0,50
Gujarat,Dahod,Dahod,Green Peas,Other,FAQ,2005-04-21 00:00:00,1050.0,1125.0,1100.0,50
Gujarat,Dahod,Dahod,Green Peas,Other,FAQ,2005-05-04 00:00:00,1050.0,1125.0,1085.0,50
Gujarat,Dahod,Dahod,Green Peas,Other,FAQ,2005-05-06 00:00:00,1050.0,1100.0,1075.0,50
Gujarat,Dahod,Dahod,Green Peas,Other,FAQ,2005-05-21 00:00:00,1050.0,1170.0,1115.0,50
Gujarat,Dahod,Dahod,Green Peas,Other,FAQ,2005-06-02 00:00:00,1040.0,1140.0,1100.0,50
Gujarat,Dahod,Dahod,Green Peas,Other,FAQ,2005-06-09 00:00:00,1040.0,1140.0,1100.0,50
Gujarat,Dahod,Dahod,Green Peas,Other,FAQ,2005-12-01 00:00:00,1000.0,1100.0,1050.0,50
Gujarat,Kheda,Nadiad,Green Peas,Other,FAQ,2005-11-23 00:00:00,2500.0,3000.0,2750.0,50
Gujarat,Kheda,Nadiad,Green Peas,Other,FAQ,2005-11-24 00:00:00,2400.0,2800.0,2600.0,50
Gujarat,Kheda,Nadiad,Green Peas,Other,FAQ,2005-12-13 00:00:00,900.0,1100.0,1000.0,50
Gujarat,Kheda,Nadiad,Green Peas,Other,FAQ,2005-12-15 00:00:00,1000.0,1250.0,1125.0,50
Gujarat,Kheda,Nadiad,Green Peas,Other,FAQ,2005-12-17 00:00:00,900.0,1000.0,950.0,50
Gujarat,Kheda,Nadiad,Green Peas,Other,FAQ,2005-12-21 00:00:00,1050.0,1100.0,1075.0,50
Gujarat,Kheda,Nadiad,Green Peas,Other,FAQ,2005-12-24 00:00:00,1000.0,1200.0,1100.0,50
Gujarat,Vadodara(Baroda),Vadodara,Green Peas,Other,FAQ,2005-08-11 00:00:00,1300.0,1350.0,1340.0,50
Gujarat,Dahod,Dahod,Green Peas,Other,FAQ,2015-01-06 00:00:00,2200.0,2500.0,2400.0,50
Gujarat,Dahod,Dahod,Green Peas,Other,FAQ,2015-01-10 00:00:00,2200.0,2400.0,2300.0,50
Gujarat,Dahod,Dahod,Green Peas,Other,FAQ,2015-01-17 00:00:00,2200.0,2500.0,2300.0,50
Gujarat,Dahod,Dahod,Green Peas,Other,FAQ,2015-01-31 00:00:00,2200.0,2500.0,2300.0,50
Gujarat,Dahod,Dahod,Green Peas,Other,FAQ,2015-02-03 00:00:00,2200.0,2500.0,2300.0,50
Gujarat,Dahod,Dahod,Green Peas,Other,FAQ,2015-02-27 00:00:00,2200.0,2500.0,2400.0,50
Gujarat,Dahod,Dahod,Green Peas,Other,FAQ,2015-02-28 00:00:00,2200.0,2500.0,2400.0,50
Gujarat,Dahod,Dahod,Green Peas,Other,FAQ,2015-03-24 00:00:00,2000.0,2750.0,2500.0,50
Gujarat,Dahod,Dahod,Green Peas,Other,FAQ,2015-04-08 00:00:00,2200.0,2700.0,2600.0,50
Gujarat,Dahod,Dahod,Green Peas,Other,FAQ,2015-04-23 00:00:00,2150.0,2750.0,2400.0,50
Gujarat,Dahod,Dahod,Green Peas,Other,FAQ,2015-04-24 00:00:00,2000.0,3000.0,2500.0,50
Gujarat,Dahod,Dahod,Green Peas,Other,FAQ,2015-04-25 00:00:00,2000.0,3000.0,2050.0,50
Gujarat,Dahod,Dahod,Green Peas,Other,FAQ,2015-04-28 00:00:00,2000.0,3000.0,2500.0,50
Gujarat,Dahod,Dahod,Green Peas,Other,FAQ,2015-05-11 00:00:00,2200.0,3000.0,2400.0,50
Gujarat,Dahod,Dahod,Green Peas,Other,FAQ,2015-05-13 00:00:00,2200.0,3000.0,2600.0,50
Gujarat,Dahod,Dahod,Green Peas,Other,FAQ,2015-05-15 00:00:00,2200.0,3000.0,2600.0,50
Gujarat,Dahod,Dahod,Green Peas,Other,FAQ,2015-05-28 00:00:00,2400.0,3000.0,2600.0,50
Gujarat,Dahod,Dahod,Green Peas,Other,FAQ,2015-06-16 00:00:00,2200.0,3000.0,2400.0,50
Gujarat,Dahod,Dahod,Green Peas,Other,FAQ,2015-06-18 00:00:00,2200.0,3000.0,2600.0,50
Gujarat,Dahod,Dahod,Green Peas,Other,FAQ,2015-06-23 00:00:00,2200.0,3000.0,2500.0,50
Gujarat,Dahod,Dahod,Green Peas,Other,FAQ,2015-06-24 00:00:00,2200.0,3000.0,2500.0,50
Gujarat,Dahod,Dahod,Green Peas,Other,FAQ,2015-06-25 00:00:00,2200.0,3000.0,2500.0,50
Gujarat,Dahod,Dahod,Green Peas,Other,FAQ,2015-07-01 00:00:00,2200.0,3000.0,2800.0,50
Gujarat,Dahod,Dahod,Green Peas,Other,FAQ,2015-07-06 00:00:00,2200.0,3000.0,2800.0,50
Gujarat,Dahod,Dahod,Green Peas,Other,FAQ,2015-07-20 00:00:00,2200.0,3000.0,2800.0,50
Gujarat,Dahod,Dahod,Green Peas,Other,FAQ,2015-07-27 00:00:00,2200.0,3000.0,2800.0,50
Gujarat,Dahod,Dahod,Green Peas,Other,FAQ,2015-07-29 00:00:00,2200.0,3000.0,2800.0,50
Gujarat,Dahod,Dahod,Green Peas,Other,FAQ,2015-08-24 00:00:00,2300.0,3000.0,2600.0,50
Gujarat,Dahod,Dahod,Green Peas,Other,FAQ,2015-09-02 00:00:00,2300.0,3100.0,2700.0,50
Gujarat,Dahod,Dahod,Green Peas,Other,FAQ,2015-09-04 00:00:00,2300.0,3100.0,2700.0,50
Gujarat,Dahod,Dahod,Green Peas,Other,FAQ,2015-09-08 00:00:00,2300.0,3100.0,2700.0,50
Gujarat,Dahod,Dahod,Green Peas,Other,FAQ,2015-09-25 00:00:00,2500.0,3500.0,3000.0,50
Gujarat,Dahod,Dahod,Green Peas,Other,FAQ,2015-11-03 00:00:00,2500.0,3500.0,3100.0,50
Gujarat,Dahod,Dahod,Green Peas,Other,FAQ,2015-11-07 00:00:00,2500.0,3500.0,3350.0,50
Gujarat,Dahod,Dahod,Green Peas,Other,FAQ,2015-11-21 00:00:00,2600.0,3700.0,2800.0,50
Gujarat,Dahod,Dahod,Green Peas,Other,FAQ,2015-11-23 00:00:00,2500.0,3500.0,3200.0,50
Gujarat,Dahod,Dahod,Green Peas,Other,FAQ,2015-11-24 00:00:00,2800.0,3700.0,3500.0,50
Gujarat,Dahod,Dahod,Green Peas,Other,FAQ,2015-12-01 00:00:00,3300.0,3800.0,3500.0,50
Gujarat,Dahod,Dahod,Green Peas,Other,FAQ,2015-12-12 00:00:00,3000.0,3800.0,3500.0,50
Gujarat,Dahod,Dahod,Green Peas,Other,FAQ,2015-12-17 00:00:00,3000.0,3800.0,3500.0,50
Gujarat,Dahod,Dahod,Green Peas,Other,FAQ,2015-12-24 00:00:00,3000.0,3800.0,3500.0,50
Gujarat,Dahod,Dahod,Green Peas,Other,FAQ,2008-01-04 00:00:00,1550.0,1750.0,1700.0,50
Gujarat,Dahod,Dahod,Green Peas,Other,FAQ,2008-02-13 00:00:00,1550.0,1700.0,1650.0,50
Gujarat,Dahod,Dahod,Green Peas,Other,FAQ,2008-02-18 00:00:00,1850.0,1880.0,1870.0,50
Gujarat,Dahod,Dahod,Green Peas,Other,FAQ,2008-02-25 00:00:00,2075.0,2100.0,2090.0,50
Gujarat,Dahod,Dahod,Green Peas,Other,FAQ,2008-02-27 00:00:00,2165.0,2181.0,2175.0,50
Gujarat,Dahod,Dahod,Green Peas,Other,FAQ,2008-03-01 00:00:00,2175.0,2215.0,2215.0,50
Gujarat,Dahod,Dahod,Green Peas,Other,FAQ,2008-03-05 00:00:00,2200.0,2200.0,2200.0,50
Gujarat,Dahod,Dahod,Green Peas,Other,FAQ,2008-03-07 00:00:00,2191.0,2191.0,2191.0,50
Gujarat,Dahod,Dahod,Green Peas,Other,FAQ,2008-03-11 00:00:00,2132.0,2132.0,2132.0,50
Gujarat,Dahod,Dahod,Green Peas,Other,FAQ,2008-03-15 00:00:00,2121.0,2121.0,2121.0,50
Gujarat,Dahod,Dahod,Green Peas,Other,FAQ,2008-03-17 00:00:00,2111.0,2111.0,2111.0,50
Gujarat,Dahod,Dahod,Green Peas,Other,FAQ,2008-03-20 00:00:00,2094.0,2094.0,2094.0,50
Gujarat,Dahod,Dahod,Green Peas,Other,FAQ,2008-03-26 00:00:00,2100.0,2100.0,2100.0,50
Gujarat,Dahod,Dahod,Green Peas,Other,FAQ,2008-03-29 00:00:00,2050.0,2050.0,2050.0,50
Gujarat,Dahod,Dahod,Green Peas,Other,FAQ,2008-04-11 00:00:00,1851.0,1851.0,1851.0,50
Gujarat,Dahod,Dahod,Green Peas,Other,FAQ,2008-04-24 00:00:00,1851.0,1851.0,1851.0,50
Gujarat,Dahod,Dahod,Green Peas,Other,FAQ,2008-05-10 00:00:00,1851.0,1851.0,1851.0,50
Gujarat,Dahod,Dahod,Green Peas,Other,FAQ,2008-05-14 00:00:00,1850.0,1875.0,1865.0,50
Gujarat,Dahod,Dahod,Green Peas,Other,FAQ,2008-05-17 00:00:00,1840.0,1850.0,1840.0,50
Gujarat,Dahod,Dahod,Green Peas,Other,FAQ,2008-05-23 00:00:00,1850.0,1900.0,1885.0,50
Gujarat,Dahod,Dahod,Green Peas,Other,FAQ,2008-05-24 00:00:00,1850.0,1875.0,1860.0,50
Gujarat,Dahod,Dahod,Green Peas,Other,FAQ,2008-05-26 00:00:00,1825.0,1850.0,1840.0,50
Gujarat,Dahod,Dahod,Green Peas,Other,FAQ,2008-06-09 00:00:00,1800.0,1850.0,1830.0,50
Gujarat,Dahod,Dahod,Green Peas,Other,FAQ,2008-06-11 00:00:00,1800.0,1850.0,1830.0,50
Gujarat,Dahod,Dahod,Green Peas,Other,FAQ,2008-06-13 00:00:00,1800.0,1850.0,1835.0,50
Gujarat,Dahod,Dahod,Green Peas,Other,FAQ,2008-06-17 00:00:00,1800.0,1850.0,1825.0,50
Gujarat,Dahod,Dahod,Green Peas,Other,FAQ,2008-07-02 00:00:00,1825.0,1875.0,1850.0,50
Gujarat,Dahod,Dahod,Green Peas,Other,FAQ,2008-07-08 00:00:00,1825.0,1850.0,1840.0,50
Gujarat,Dahod,Dahod,Green Peas,Other,FAQ,2008-07-15 00:00:00,1825.0,1900.0,1850.0,50
Gujarat,Dahod,Dahod,Green Peas,Other,FAQ,2008-07-22 00:00:00,1800.0,1900.0,1850.0,50
Gujarat,Dahod,Dahod,Green Peas,Other,FAQ,2008-08-28 00:00:00,1900.0,1925.0,1900.0,50
Gujarat,Dahod,Dahod,Green Peas,Other,FAQ,2008-09-04 00:00:00,1770.0,1825.0,1800.0,50
Gujarat,Dahod,Dahod,Green Peas,Other,FAQ,2008-09-09 00:00:00,1775.0,1825.0,1800.0,50
Gujarat,Dahod,Dahod,Green Peas,Other,FAQ,2008-09-25 00:00:00,1700.0,1850.0,1800.0,50
Gujarat,Dahod,Dahod,Green Peas,Other,FAQ,2008-10-21 00:00:00,1750.0,1900.0,1825.0,50
Gujarat,Dahod,Dahod,Green Peas,Other,FAQ,2008-10-24 00:00:00,1750.0,1900.0,1800.0,50
Gujarat,Dahod,Dahod,Green Peas,Other,FAQ,2008-10-27 00:00:00,1750.0,1850.0,1800.0,50
Gujarat,Dahod,Dahod,Green Peas,Other,FAQ,2008-11-06 00:00:00,1850.0,1950.0,1900.0,50
Gujarat,Dahod,Dahod,Green Peas,Other,FAQ,2008-11-13 00:00:00,1750.0,1850.0,1800.0,50
Gujarat,Dahod,Dahod,Green Peas,Other,FAQ,2008-11-19 00:00:00,1700.0,1825.0,1800.0,50
Gujarat,Dahod,Dahod,Green Peas,Other,FAQ,2008-11-21 00:00:00,1700.0,1825.0,1800.0,50
Gujarat,Dahod,Dahod,Green Peas,Other,FAQ,2008-11-22 00:00:00,1700.0,1825.0,1800.0,50
Gujarat,Dahod,Dahod,Green Peas,Other,FAQ,2008-11-25 00:00:00,1700.0,1825.0,1800.0,50
Gujarat,Kheda,Nadiad,Green Peas,Other,FAQ,2008-01-23 00:00:00,700.0,800.0,750.0,50
Gujarat,Kheda,Nadiad,Green Peas,Other,FAQ,2008-01-31 00:00:00,700.0,1000.0,850.0,50
Gujarat,Kheda,Nadiad,Green Peas,Other,FAQ,2008-02-18 00:00:00,900.0,1000.0,950.0,50
Gujarat,Dahod,Dahod,Green Peas,Other,FAQ,2025-01-07 00:00:00,3400.0,5000.0,4300.0,50
Gujarat,Dahod,Dahod,Green Peas,Other,FAQ,2025-01-20 00:00:00,3000.0,4000.0,3400.0,50
Gujarat,Dahod,Dahod,Green Peas,Other,FAQ,2024-09-09 00:00:00,3000.0,5000.0,4300.0,50
Gujarat,Dahod,Dahod,Green Peas,Other,FAQ,2024-09-14 00:00:00,3000.0,5000.0,4000.0,50
Gujarat,Dahod,Dahod,Green Peas,Other,FAQ,2025-02-18 00:00:00,3000.0,4000.0,3500.0,50
Gujarat,Dahod,Dahod,Green Peas,Other,FAQ,2024-10-05 00:00:00,5000.0,5500.0,5200.0,50
Gujarat,Jamnagar,Kalawad,Green Peas,Other,FAQ,2025-03-08 00:00:00,8300.0,8300.0,8300.0,50
Gujarat,Dahod,Dahod,Green Peas,Other,FAQ,2024-12-17 00:00:00,3400.0,5000.0,4150.0,50
Gujarat,Dahod,Dahod,Green Peas,Other,FAQ,2024-07-04 00:00:00,3500.0,4300.0,3900.0,50
Gujarat,Dahod,Dahod,Green Peas,Other,FAQ,2022-01-03 00:00:00,3100.0,3400.0,3400.0,50
Gujarat,Dahod,Dahod,Green Peas,Other,FAQ,2022-02-19 00:00:00,3400.0,4000.0,3450.0,50
Gujarat,Dahod,Dahod,Green Peas,Other,FAQ,2022-02-25 00:00:00,3400.0,4000.0,3450.0,50
Gujarat,Dahod,Dahod,Green Peas,Other,FAQ,2022-03-05 00:00:00,3400.0,4000.0,3800.0,50
Gujarat,Dahod,Dahod,Green Peas,Other,FAQ,2022-03-08 00:00:00,3400.0,4000.0,3700.0,50
Gujarat,Dahod,Dahod,Green Peas,Other,FAQ,2022-03-21 00:00:00,3400.0,3400.0,3400.0,50
Gujarat,Dahod,Dahod,Green Peas,Other,FAQ,2022-03-24 00:00:00,3400.0,4000.0,3800.0,50
Gujarat,Dahod,Dahod,Green Peas,Other,FAQ,2022-04-16 00:00:00,3400.0,4000.0,3900.0,50
Gujarat,Dahod,Dahod,Green Peas,Other,FAQ,2022-05-30 00:00:00,3400.0,3900.0,3700.0,50
Gujarat,Dahod,Dahod,Green Peas,Other,FAQ,2022-06-07 00:00:00,3400.0,3900.0,3650.0,50
Gujarat,Dahod,Dahod,Green Peas,Other,FAQ,2022-06-21 00:00:00,3400.0,3900.0,3850.0,50
Gujarat,Dahod,Dahod,Green Peas,Other,FAQ,2022-07-16 00:00:00,3400.0,3900.0,3700.0,50
Gujarat,Dahod,Dahod,Green Peas,Other,FAQ,2022-07-29 00:00:00,3400.0,3900.0,3700.0,50
Gujarat,Dahod,Dahod,Green Peas,Other,FAQ,2022-09-06 00:00:00,3400.0,3900.0,3700.0,50
Gujarat,Dahod,Dahod,Green Peas,Other,FAQ,2022-09-07 00:00:00,3400.0,3900.0,3700.0,50
Gujarat,Dahod,Dahod,Green Peas,Other,FAQ,2022-10-17 00:00:00,3400.0,3900.0,3700.0,50
Gujarat,Dahod,Dahod,Green Peas,Other,FAQ,2022-11-18 00:00:00,3400.0,3800.0,3600.0,50
Gujarat,Dahod,Dahod,Green Peas,Other,FAQ,2022-11-21 00:00:00,3300.0,3600.0,3400.0,50
Gujarat,Dahod,Dahod,Green Peas,Other,FAQ,2022-11-26 00:00:00,3300.0,3600.0,3450.0,50
Gujarat,Dahod,Dahod,Green Peas,Other,FAQ,2022-12-01 00:00:00,3300.0,3600.0,3500.0,50
Gujarat,Dahod,Dahod,Green Peas,Other,FAQ,2022-12-02 00:00:00,3300.0,3600.0,3500.0,50
Gujarat,Dahod,Dahod,Green Peas,Other,FAQ,2022-12-09 00:00:00,3300.0,3600.0,3400.0,50
Gujarat,Dahod,Dahod,Green Peas,Other,FAQ,2022-12-12 00:00:00,3300.0,3600.0,3450.0,50
Gujarat,Dahod,Dahod,Green Peas,Other,FAQ,2022-12-21 00:00:00,3200.0,3600.0,3450.0,50
Gujarat,Dahod,Dahod,Green Peas,Other,FAQ,2022-12-28 00:00:00,3200.0,3500.0,3400.0,50
Gujarat,Dahod,Dahod,Green Peas,Other,FAQ,2022-12-29 00:00:00,3200.0,3500.0,3400.0,50
Gujarat,Dahod,Dahod,Green Peas,Other,FAQ,2023-01-16 00:00:00,3200.0,3600.0,3400.0,50
Gujarat,Dahod,Dahod,Green Peas,Other,FAQ,2023-01-24 00:00:00,3200.0,3600.0,3400.0,50
Gujarat,Dahod,Dahod,Green Peas,Other,FAQ,2023-01-30 00:00:00,3200.0,3600.0,3400.0,50
Gujarat,Dahod,Dahod,Green Peas,Other,FAQ,2023-01-31 00:00:00,3200.0,3600.0,3400.0,50
Gujarat,Dahod,Dahod,Green Peas,Other,FAQ,2023-02-13 00:00:00,3100.0,3600.0,3300.0,50
Gujarat,Dahod,Dahod,Green Peas,Other,FAQ,2023-02-22 00:00:00,3100.0,3600.0,3400.0,50
Gujarat,Dahod,Dahod,Green Peas,Other,FAQ,2023-02-27 00:00:00,3100.0,3600.0,3400.0,50
Gujarat,Dahod,Dahod,Green Peas,Other,FAQ,2023-03-21 00:00:00,3200.0,3600.0,3400.0,50
Gujarat,Dahod,Dahod,Green Peas,Other,FAQ,2023-03-23 00:00:00,3200.0,3600.0,3400.0,50
Gujarat,Dahod,Dahod,Green Peas,Other,FAQ,2023-03-25 00:00:00,3200.0,3600.0,3400.0,50
Gujarat,Dahod,Dahod,Green Peas,Other,FAQ,2023-03-29 00:00:00,3200.0,3600.0,3400.0,50
Gujarat,Dahod,Dahod,Green Peas,Other,FAQ,2023-04-10 00:00:00,3200.0,3600.0,3550.0,50
Gujarat,Dahod,Dahod,Green Peas,Other,FAQ,2023-04-21 00:00:00,3200.0,3600.0,3540.0,50
Gujarat,Dahod,Dahod,Green Peas,Other,FAQ,2023-05-04 00:00:00,3200.0,3600.0,3400.0,50
Gujarat,Dahod,Dahod,Green Peas,Other,FAQ,2023-05-16 00:00:00,3200.0,3600.0,3400.0,50
Gujarat,Dahod,Dahod,Green Peas,Other,FAQ,2023-05-25 00:00:00,3200.0,3600.0,3400.0,50
Gujarat,Dahod,Dahod,Green Peas,Other,FAQ,2023-06-01 00:00:00,3200.0,3600.0,3500.0,50
Gujarat,Dahod,Dahod,Green Peas,Other,FAQ,2023-06-12 00:00:00,3200.0,3600.0,3400.0,50
Gujarat,Dahod,Dahod,Green Peas,Other,FAQ,2023-06-28 00:00:00,3200.0,3600.0,3400.0,50
Gujarat,Dahod,Dahod,Green Peas,Other,FAQ,2023-07-05 00:00:00,3200.0,3600.0,3500.0,50
Gujarat,Dahod,Dahod,Green Peas,Other,FAQ,2023-07-12 00:00:00,3300.0,3600.0,3400.0,50
Gujarat,Dahod,Dahod,Green Peas,Other,FAQ,2023-07-15 00:00:00,3400.0,3600.0,3500.0,50
Gujarat,Dahod,Dahod,Green Peas,Other,FAQ,2023-07-25 00:00:00,3400.0,3600.0,3500.0,50
Gujarat,Dahod,Dahod,Green Peas,Other,FAQ,2023-08-21 00:00:00,3000.0,3600.0,3300.0,50
Gujarat,Dahod,Dahod,Green Peas,Other,FAQ,2023-08-26 00:00:00,3300.0,3900.0,3500.0,50
Gujarat,Dahod,Dahod,Green Peas,Other,FAQ,2023-09-02 00:00:00,3500.0,4000.0,3900.0,50
Gujarat,Dahod,Dahod,Green Peas,Other,FAQ,2023-10-09 00:00:00,3500.0,4000.0,3700.0,50
Gujarat,Dahod,Dahod,Green Peas,Other,FAQ,2023-10-17 00:00:00,3600.0,4300.0,4200.0,50
Gujarat,Dahod,Dahod,Green Peas,Other,FAQ,2023-11-09 00:00:00,3600.0,4300.0,4000.0,50
Gujarat,Dahod,Dahod,Green Peas,Other,FAQ,2023-12-18 00:00:00,3600.0,4300.0,4000.0,50
Gujarat,Dahod,Dahod,Green Peas,Other,FAQ,2023-12-26 00:00:00,3600.0,4300.0,4225.0,50
Gujarat,Dahod,Dahod,Green Peas,Other,FAQ,2023-12-28 00:00:00,3600.0,4300.0,4250.0,50
Gujarat,Dahod,Dahod APMC,Green Peas,Other,FAQ,2025-11-03 00:00:00,2500.0,3500.0,3000.0,50
Gujarat,Dahod,Dahod,Green Peas,Other,FAQ,2025-08-01 00:00:00,3000.0,3500.0,3340.0,50
Gujarat,Banaskanth,Amirgadh,Green Peas,Other,FAQ,2014-07-26 00:00:00,6500.0,6500.0,6500.0,50
Gujarat,Dahod,Dahod,Green Peas,Green Peas,FAQ,2014-01-01 00:00:00,2600.0,2800.0,2700.0,50
Gujarat,Dahod,Dahod,Green Peas,Green Peas,FAQ,2014-01-22 00:00:00,2500.0,2800.0,2600.0,50
Gujarat,Dahod,Dahod,Green Peas,Green Peas,FAQ,2014-01-29 00:00:00,2500.0,2800.0,2600.0,50
Gujarat,Dahod,Dahod,Green Peas,Green Peas,FAQ,2014-04-07 00:00:00,2100.0,2850.0,2550.0,50
Gujarat,Dahod,Dahod,Green Peas,Green Peas,FAQ,2014-04-11 00:00:00,2100.0,2850.0,2550.0,50
Gujarat,Dahod,Dahod,Green Peas,Green Peas,FAQ,2014-04-12 00:00:00,2100.0,2800.0,2600.0,50
Gujarat,Dahod,Dahod,Green Peas,Green Peas,FAQ,2014-04-24 00:00:00,2100.0,2850.0,2550.0,50
Gujarat,Dahod,Dahod,Green Peas,Green Peas,FAQ,2014-05-02 00:00:00,2200.0,2800.0,2400.0,50
Gujarat,Dahod,Dahod,Green Peas,Green Peas,FAQ,2014-05-03 00:00:00,3500.0,4200.0,4150.0,50
Gujarat,Dahod,Dahod,Green Peas,Green Peas,FAQ,2014-05-05 00:00:00,2400.0,2800.0,2600.0,50
Gujarat,Dahod,Dahod,Green Peas,Green Peas,FAQ,2014-05-07 00:00:00,2300.0,2850.0,2800.0,50
Gujarat,Dahod,Dahod,Green Peas,Green Peas,FAQ,2014-05-10 00:00:00,2300.0,2850.0,2700.0,50
Gujarat,Dahod,Dahod,Green Peas,Green Peas,FAQ,2014-05-13 00:00:00,2300.0,2850.0,2600.0,50
Gujarat,Dahod,Dahod,Green Peas,Green Peas,FAQ,2014-05-23 00:00:00,2200.0,2700.0,2400.0,50
Gujarat,Dahod,Dahod,Green Peas,Green Peas,FAQ,2014-05-28 00:00:00,2200.0,2700.0,2400.0,50
Gujarat,Dahod,Dahod,Green Peas,Green Peas,FAQ,2014-06-10 00:00:00,2200.0,2700.0,2600.0,50
Gujarat,Dahod,Dahod,Green Peas,Green Peas,FAQ,2014-06-17 00:00:00,2200.0,2700.0,2550.0,50
Gujarat,Dahod,Dahod,Green Peas,Green Peas,FAQ,2014-06-23 00:00:00,2200.0,2700.0,2500.0,50
Gujarat,Dahod,Dahod,Green Peas,Green Peas,FAQ,2014-07-01 00:00:00,2200.0,2700.0,2500.0,50
Gujarat,Dahod,Dahod,Green Peas,Green Peas,FAQ,2012-03-30 00:00:00,1550.0,1750.0,1700.0,50
Gujarat,Dahod,Dahod,Green Peas,Green Peas,FAQ,2012-05-09 00:00:00,1700.0,1900.0,1880.0,50
Gujarat,Dahod,Dahod,Green Peas,Green Peas,FAQ,2012-05-10 00:00:00,1700.0,1900.0,1850.0,50
Gujarat,Dahod,Dahod,Green Peas,Green Peas,FAQ,2012-05-22 00:00:00,1700.0,2000.0,1950.0,50
Gujarat,Dahod,Dahod,Green Peas,Green Peas,FAQ,2012-05-29 00:00:00,1900.0,2000.0,1950.0,50
Gujarat,Dahod,Dahod,Green Peas,Green Peas,FAQ,2012-06-08 00:00:00,1700.0,2000.0,1900.0,50
Gujarat,Dahod,Dahod,Green Peas,Green Peas,FAQ,2012-06-11 00:00:00,1700.0,2000.0,1900.0,50
Gujarat,Dahod,Dahod,Green Peas,Green Peas,FAQ,2012-07-05 00:00:00,1700.0,2000.0,1900.0,50
Gujarat,Dahod,Dahod,Green Peas,Green Peas,FAQ,2012-07-09 00:00:00,1800.0,2000.0,1900.0,50
Gujarat,Dahod,Dahod,Green Peas,Green Peas,FAQ,2012-07-17 00:00:00,1800.0,2000.0,2000.0,50
Gujarat,Dahod,Dahod,Green Peas,Green Peas,FAQ,2012-07-20 00:00:00,2000.0,2250.0,2200.0,50
Gujarat,Dahod,Dahod,Green Peas,Green Peas,FAQ,2012-07-23 00:00:00,2200.0,2500.0,2300.0,50
Gujarat,Dahod,Dahod,Green Peas,Green Peas,FAQ,2012-08-04 00:00:00,2200.0,2500.0,2300.0,50
Gujarat,Dahod,Dahod,Green Peas,Green Peas,FAQ,2012-08-06 00:00:00,2200.0,2500.0,2300.0,50
Gujarat,Dahod,Dahod,Green Peas,Green Peas,FAQ,2012-08-30 00:00:00,2200.0,2400.0,2300.0,50
Gujarat,Dahod,Dahod,Green Peas,Green Peas,FAQ,2012-08-31 00:00:00,2200.0,2400.0,2300.0,50
Gujarat,Dahod,Dahod,Green Peas,Green Peas,FAQ,2012-09-04 00:00:00,2200.0,2400.0,2300.0,50
Gujarat,Dahod,Dahod,Green Peas,Green Peas,FAQ,2012-09-13 00:00:00,2100.0,2300.0,2250.0,50
Gujarat,Dahod,Dahod,Green Peas,Green Peas,FAQ,2012-10-08 00:00:00,2100.0,2400.0,2300.0,50
Gujarat,Dahod,Dahod,Green Peas,Green Peas,FAQ,2012-10-13 00:00:00,2100.0,2400.0,2300.0,50
Gujarat,Dahod,Dahod,Green Peas,Green Peas,FAQ,2012-10-15 00:00:00,2100.0,2400.0,2300.0,50
Gujarat,Dahod,Dahod,Green Peas,Green Peas,FAQ,2012-10-16 00:00:00,2100.0,2400.0,2300.0,50
Gujarat,Dahod,Dahod,Green Peas,Green Peas,FAQ,2012-10-20 00:00:00,2100.0,2400.0,2300.0,50
Gujarat,Dahod,Dahod,Green Peas,Green Peas,FAQ,2012-11-03 00:00:00,2100.0,2250.0,2200.0,50
Gujarat,Dahod,Dahod,Green Peas,Green Peas,FAQ,2012-12-01 00:00:00,2100.0,2250.0,2200.0,50
Gujarat,Dahod,Dahod,Green Peas,Green Peas,FAQ,2012-12-13 00:00:00,2100.0,2200.0,2175.0,50
Gujarat,Dahod,Dahod,Green Peas,Green Peas,FAQ,2012-12-22 00:00:00,2100.0,2200.0,2100.0,50
Gujarat,Dahod,Dahod,Green Peas,Green Peas,FAQ,2012-12-31 00:00:00,2100.0,2200.0,2175.0,50
Gujarat,Dahod,Dahod,Green Peas,Other,FAQ,2018-01-02 00:00:00,1800.0,2600.0,2500.0,50
Gujarat,Dahod,Dahod,Green Peas,Other,FAQ,2018-01-03 00:00:00,1800.0,2600.0,2400.0,50
Gujarat,Dahod,Dahod,Green Peas,Other,FAQ,2018-01-04 00:00:00,1800.0,2600.0,2000.0,50
Gujarat,Dahod,Dahod,Green Peas,Other,FAQ,2018-01-10 00:00:00,1800.0,2600.0,2000.0,50
Gujarat,Dahod,Dahod,Green Peas,Other,FAQ,2018-01-23 00:00:00,1800.0,2600.0,2400.0,50
Gujarat,Dahod,Dahod,Green Peas,Other,FAQ,2018-02-09 00:00:00,1800.0,2200.0,2100.0,50
Gujarat,Dahod,Dahod,Green Peas,Other,FAQ,2018-02-14 00:00:00,1800.0,2200.0,2000.0,50
Gujarat,Dahod,Dahod,Green Peas,Other,FAQ,2018-02-24 00:00:00,1800.0,2200.0,2000.0,50
Gujarat,Dahod,Dahod,Green Peas,Other,FAQ,2018-03-03 00:00:00,1800.0,2200.0,2000.0,50
Gujarat,Dahod,Dahod,Green Peas,Other,FAQ,2018-03-12 00:00:00,1800.0,2200.0,2000.0,50
Gujarat,Dahod,Dahod,Green Peas,Other,FAQ,2018-03-14 00:00:00,1800.0,2200.0,2000.0,50
Gujarat,Dahod,Dahod,Green Peas,Other,FAQ,2018-03-21 00:00:00,1800.0,2200.0,2000.0,50
Gujarat,Dahod,Dahod,Green Peas,Other,FAQ,2018-04-02 00:00:00,1800.0,2200.0,2000.0,50
Gujarat,Dahod,Dahod,Green Peas,Other,FAQ,2018-04-19 00:00:00,1800.0,2200.0,2000.0,50
Gujarat,Dahod,Dahod,Green Peas,Other,FAQ,2018-04-30 00:00:00,1700.0,2000.0,1900.0,50
Gujarat,Dahod,Dahod,Green Peas,Other,FAQ,2018-05-01 00:00:00,1700.0,2000.0,1900.0,50
Gujarat,Dahod,Dahod,Green Peas,Other,FAQ,2018-05-09 00:00:00,1700.0,2100.0,1900.0,50
Gujarat,Dahod,Dahod,Green Peas,Other,FAQ,2018-05-10 00:00:00,1700.0,2100.0,1800.0,50
Gujarat,Dahod,Dahod,Green Peas,Other,FAQ,2018-05-18 00:00:00,1700.0,2000.0,1850.0,50
Gujarat,Dahod,Dahod,Green Peas,Other,FAQ,2018-05-19 00:00:00,1700.0,2000.0,1800.0,50
Gujarat,Dahod,Dahod,Green Peas,Other,FAQ,2018-05-25 00:00:00,1700.0,2000.0,1800.0,50
Gujarat,Dahod,Dahod,Green Peas,Other,FAQ,2018-05-29 00:00:00,1700.0,2000.0,1800.0,50
Gujarat,Dahod,Dahod,Green Peas,Other,FAQ,2018-06-15 00:00:00,1800.0,2100.0,2000.0,50
Gujarat,Dahod,Dahod,Green Peas,Other,FAQ,2018-06-26 00:00:00,1700.0,2200.0,2000.0,50
Gujarat,Dahod,Dahod,Green Peas,Other,FAQ,2018-07-13 00:00:00,1700.0,2200.0,2000.0,50
Gujarat,Dahod,Dahod,Green Peas,Other,FAQ,2018-07-17 00:00:00,1700.0,2200.0,2000.0,50
Gujarat,Dahod,Dahod,Green Peas,Other,FAQ,2018-07-20 00:00:00,1750.0,2400.0,2200.0,50
Gujarat,Dahod,Dahod,Green Peas,Other,FAQ,2018-07-21 00:00:00,1700.0,2200.0,2000.0,50
Gujarat,Dahod,Dahod,Green Peas,Other,FAQ,2018-07-24 00:00:00,1700.0,2400.0,2200.0,50
Gujarat,Dahod,Dahod,Green Peas,Other,FAQ,2018-08-04 00:00:00,1700.0,2400.0,2000.0,50
Gujarat,Dahod,Dahod,Green Peas,Other,FAQ,2018-08-06 00:00:00,1700.0,2400.0,2000.0,50
Gujarat,Dahod,Dahod,Green Peas,Other,FAQ,2018-09-15 00:00:00,2000.0,2600.0,2400.0,50
Gujarat,Dahod,Dahod,Green Peas,Other,FAQ,2018-10-25 00:00:00,2000.0,2800.0,2600.0,50
Gujarat,Dahod,Dahod,Green Peas,Other,FAQ,2018-10-27 00:00:00,2000.0,2800.0,2500.0,50
Gujarat,Dahod,Dahod,Green Peas,Other,FAQ,2018-11-05 00:00:00,2200.0,2800.0,2600.0,50
Gujarat,Dahod,Dahod,Green Peas,Other,FAQ,2018-11-17 00:00:00,2500.0,3300.0,2800.0,50
Gujarat,Dahod,Dahod,Green Peas,Other,FAQ,2018-11-22 00:00:00,2200.0,2850.0,2500.0,50
Gujarat,Dahod,Dahod,Green Peas,Other,FAQ,2018-11-24 00:00:00,2200.0,2850.0,2500.0,50
Gujarat,Dahod,Dahod,Green Peas,Other,FAQ,2018-11-27 00:00:00,2200.0,2800.0,2500.0,50
Gujarat,Dahod,Dahod,Green Peas,Other,FAQ,2018-12-11 00:00:00,3200.0,3600.0,3400.0,50
Gujarat,Dahod,Dahod,Green Peas,Other,FAQ,2018-12-17 00:00:00,3200.0,3600.0,3450.0,50
Gujarat,Dahod,Dahod,Green Peas,Other,FAQ,2018-12-28 00:00:00,3000.0,3200.0,3100.0,50
Gujarat,Dahod,Dahod,Green Peas,Other,FAQ,2018-12-31 00:00:00,3000.0,3200.0,3100.0,50
Gujarat,Patan,Sami,Green Peas,Gemin Peas Dal,FAQ,2018-02-24 00:00:00,3700.0,3785.0,3770.0,50
Gujarat,Patan,Sami,Green Peas,Gemin Peas Dal,FAQ,2018-03-05 00:00:00,3550.0,3650.0,3625.0,50
Gujarat,Patan,Sami,Green Peas,Gemin Peas Dal,FAQ,2018-03-15 00:00:00,3500.0,3585.0,3560.0,50
Gujarat,Patan,Sami,Green Peas,Gemin Peas Dal,FAQ,2018-03-17 00:00:00,3550.0,3625.0,3600.0,50
Gujarat,Patan,Sami,Green Peas,Gemin Peas Dal,FAQ,2018-04-03 00:00:00,3425.0,3555.0,3500.0,50
Gujarat,Patan,Sami,Green Peas,Gemin Peas Dal,FAQ,2018-04-06 00:00:00,3500.0,3575.0,3550.0,50
Gujarat,Patan,Sami,Green Peas,Gemin Peas Dal,FAQ,2018-04-11 00:00:00,3400.0,3525.0,3500.0,50
Gujarat,Patan,Sami,Green Peas,Gemin Peas Dal,FAQ,2018-04-19 00:00:00,3250.0,3400.0,3350.0,50
Gujarat,Patan,Sami,Green Peas,Gemin Peas Dal,FAQ,2018-04-24 00:00:00,3250.0,3325.0,3300.0,50
Gujarat,Patan,Sami,Green Peas,Gemin Peas Dal,FAQ,2018-04-30 00:00:00,3000.0,3255.0,3250.0,50
Gujarat,Patan,Sami,Green Peas,Gemin Peas Dal,FAQ,2018-05-03 00:00:00,3200.0,3375.0,3300.0,50
Gujarat,Patan,Sami,Green Peas,Gemin Peas Dal,FAQ,2018-05-04 00:00:00,3200.0,3350.0,3300.0,50
Gujarat,Patan,Sami,Green Peas,Gemin Peas Dal,FAQ,2018-05-11 00:00:00,3200.0,3350.0,3300.0,50
Gujarat,Patan,Sami,Green Peas,Gemin Peas Dal,FAQ,2018-05-14 00:00:00,3150.0,3355.0,3300.0,50
Gujarat,Patan,Sami,Green Peas,Gemin Peas Dal,FAQ,2018-05-16 00:00:00,3150.0,3300.0,3250.0,50
Gujarat,Patan,Sami,Green Peas,Gemin Peas Dal,FAQ,2018-06-09 00:00:00,3200.0,3500.0,3425.0,50
Gujarat,Patan,Sami,Green Peas,Gemin Peas Dal,FAQ,2018-06-13 00:00:00,3200.0,3500.0,3350.0,50
Gujarat,Patan,Sami,Green Peas,Gemin Peas Dal,FAQ,2018-06-25 00:00:00,3100.0,3300.0,3250.0,50
Gujarat,Patan,Sami,Green Peas,Gemin Peas Dal,FAQ,2018-07-04 00:00:00,3000.0,3225.0,3150.0,50
Gujarat,Patan,Sami,Green Peas,Gemin Peas Dal,FAQ,2018-07-06 00:00:00,3100.0,3325.0,3250.0,50
Gujarat,Patan,Sami,Green Peas,Gemin Peas Dal,FAQ,2018-07-12 00:00:00,3250.0,3525.0,3450.0,50
Gujarat,Patan,Sami,Green Peas,Gemin Peas Dal,FAQ,2018-07-20 00:00:00,3750.0,4005.0,4000.0,50
Gujarat,Dahod,Dahod,Green Peas,Other,FAQ,2016-02-02 00:00:00,2000.0,3200.0,2700.0,50
Gujarat,Dahod,Dahod,Green Peas,Other,FAQ,2016-02-03 00:00:00,2000.0,3200.0,3100.0,50
Gujarat,Dahod,Dahod,Green Peas,Other,FAQ,2016-02-09 00:00:00,2000.0,3200.0,2700.0,50
Gujarat,Dahod,Dahod,Green Peas,Other,FAQ,2016-02-13 00:00:00,2000.0,3200.0,2600.0,50
Gujarat,Dahod,Dahod,Green Peas,Other,FAQ,2016-02-29 00:00:00,2200.0,3200.0,2600.0,50
Gujarat,Dahod,Dahod,Green Peas,Other,FAQ,2016-04-18 00:00:00,2500.0,4000.0,3500.0,50
Gujarat,Dahod,Dahod,Green Peas,Other,FAQ,2016-04-23 00:00:00,2500.0,4000.0,3500.0,50
Gujarat,Dahod,Dahod,Green Peas,Other,FAQ,2016-04-27 00:00:00,2500.0,4000.0,3500.0,50
Gujarat,Dahod,Dahod,Green Peas,Other,FAQ,2016-05-03 00:00:00,2500.0,3800.0,3400.0,50
Gujarat,Dahod,Dahod,Green Peas,Other,FAQ,2016-05-04 00:00:00,2500.0,3800.0,3000.0,50
Gujarat,Dahod,Dahod,Green Peas,Other,FAQ,2016-05-13 00:00:00,2500.0,3800.0,3250.0,50
Gujarat,Dahod,Dahod,Green Peas,Other,FAQ,2016-05-23 00:00:00,2500.0,3800.0,3000.0,50
Gujarat,Dahod,Dahod,Green Peas,Other,FAQ,2016-05-26 00:00:00,2500.0,3800.0,3000.0,50
Gujarat,Dahod,Dahod,Green Peas,Other,FAQ,2016-06-15 00:00:00,3000.0,3800.0,3400.0,50
Gujarat,Dahod,Dahod,Green Peas,Other,FAQ,2016-07-07 00:00:00,3200.0,4000.0,3600.0,50
Gujarat,Dahod,Dahod,Green Peas,Other,FAQ,2016-07-09 00:00:00,3200.0,4000.0,3500.0,50
Gujarat,Dahod,Dahod,Green Peas,Other,FAQ,2016-07-13 00:00:00,3200.0,4000.0,3600.0,50
Gujarat,Dahod,Dahod,Green Peas,Other,FAQ,2016-07-14 00:00:00,3200.0,4000.0,3600.0,50
Gujarat,Dahod,Dahod,Green Peas,Other,FAQ,2016-07-19 00:00:00,3200.0,4000.0,3600.0,50
Gujarat,Dahod,Dahod,Green Peas,Other,FAQ,2016-07-22 00:00:00,3200.0,4000.0,3500.0,50
Gujarat,Dahod,Dahod,Green Peas,Other,FAQ,2016-07-30 00:00:00,3200.0,4000.0,3500.0,50
Gujarat,Dahod,Dahod,Green Peas,Other,FAQ,2016-08-02 00:00:00,3200.0,4000.0,3600.0,50
Gujarat,Dahod,Dahod,Green Peas,Other,FAQ,2016-08-04 00:00:00,3200.0,4000.0,3700.0,50
Gujarat,Dahod,Dahod,Green Peas,Other,FAQ,2016-08-16 00:00:00,3200.0,4000.0,3600.0,50
Gujarat,Dahod,Dahod,Green Peas,Other,FAQ,2016-09-17 00:00:00,2500.0,3500.0,3000.0,50
Gujarat,Dahod,Dahod,Green Peas,Other,FAQ,2016-09-19 00:00:00,2500.0,3500.0,3000.0,50
Gujarat,Dahod,Dahod,Green Peas,Other,FAQ,2016-09-23 00:00:00,2500.0,3500.0,3000.0,50
Gujarat,Dahod,Dahod,Green Peas,Other,FAQ,2016-10-11 00:00:00,2500.0,3500.0,3200.0,50
Gujarat,Dahod,Dahod,Green Peas,Other,FAQ,2016-10-14 00:00:00,2500.0,3500.0,3100.0,50
Gujarat,Dahod,Dahod,Green Peas,Other,FAQ,2016-10-18 00:00:00,4000.0,5200.0,4500.0,50
Gujarat,Dahod,Dahod,Green Peas,Other,FAQ,2016-10-19 00:00:00,4500.0,5200.0,4900.0,50
Gujarat,Dahod,Dahod,Green Peas,Other,FAQ,2016-10-22 00:00:00,4000.0,5500.0,5000.0,50
Gujarat,Dahod,Dahod,Green Peas,Other,FAQ,2016-10-27 00:00:00,4000.0,5500.0,5000.0,50
Gujarat,Dahod,Dahod,Green Peas,Other,FAQ,2016-11-14 00:00:00,4000.0,5700.0,5000.0,50
Gujarat,Dahod,Dahod,Green Peas,Other,FAQ,2016-11-16 00:00:00,4000.0,5700.0,4900.0,50
Gujarat,Dahod,Dahod,Green Peas,Other,FAQ,2016-11-19 00:00:00,4000.0,5700.0,5000.0,50
Gujarat,Dahod,Dahod,Green Peas,Other,FAQ,2016-11-22 00:00:00,4000.0,5700.0,5000.0,50
Gujarat,Dahod,Dahod,Green Peas,Other,FAQ,2016-11-25 00:00:00,4000.0,5700.0,5000.0,50
Gujarat,Dahod,Dahod,Green Peas,Other,FAQ,2016-12-02 00:00:00,4000.0,5700.0,5000.0,50
Gujarat,Dahod,Dahod,Green Peas,Other,FAQ,2016-12-15 00:00:00,4500.0,5500.0,4800.0,50
Gujarat,Gandhinagar,Mansa,Green Peas,Other,FAQ,2016-10-24 00:00:00,4625.0,4625.0,4625.0,50
Gujarat,Dahod,Dahod,Green Peas,Other,FAQ,2015-01-21 00:00:00,2200.0,2400.0,2300.0,50
Gujarat,Dahod,Dahod,Green Peas,Other,FAQ,2015-02-02 00:00:00,2200.0,2500.0,2400.0,50
Gujarat,Dahod,Dahod,Green Peas,Other,FAQ,2015-02-07 00:00:00,2200.0,2500.0,2375.0,50
Gujarat,Dahod,Dahod,Green Peas,Other,FAQ,2015-02-12 00:00:00,2200.0,2500.0,2400.0,50
Gujarat,Dahod,Dahod,Green Peas,Other,FAQ,2015-03-04 00:00:00,2200.0,2500.0,2400.0,50
Gujarat,Dahod,Dahod,Green Peas,Other,FAQ,2015-03-11 00:00:00,2000.0,2700.0,2500.0,50
Gujarat,Dahod,Dahod,Green Peas,Other,FAQ,2015-03-26 00:00:00,2000.0,2700.0,2500.0,50
Gujarat,Dahod,Dahod,Green Peas,Other,FAQ,2015-04-07 00:00:00,2000.0,2750.0,2500.0,50
Gujarat,Dahod,Dahod,Green Peas,Other,FAQ,2015-04-14 00:00:00,2200.0,2800.0,2550.0,50
Gujarat,Dahod,Dahod,Green Peas,Other,FAQ,2015-04-16 00:00:00,2200.0,3000.0,2700.0,50
Gujarat,Dahod,Dahod,Green Peas,Other,FAQ,2015-05-05 00:00:00,2000.0,3050.0,2700.0,50
Gujarat,Dahod,Dahod,Green Peas,Other,FAQ,2015-05-14 00:00:00,2200.0,3000.0,2400.0,50
Gujarat,Dahod,Dahod,Green Peas,Other,FAQ,2015-05-18 00:00:00,2200.0,2700.0,2600.0,50
Gujarat,Dahod,Dahod,Green Peas,Other,FAQ,2015-05-26 00:00:00,2300.0,3000.0,2600.0,50
Gujarat,Dahod,Dahod,Green Peas,Other,FAQ,2015-06-03 00:00:00,2000.0,3000.0,2500.0,50
Gujarat,Dahod,Dahod,Green Peas,Other,FAQ,2015-06-06 00:00:00,2200.0,3000.0,2600.0,50
Gujarat,Dahod,Dahod,Green Peas,Other,FAQ,2015-06-09 00:00:00,2200.0,3000.0,2500.0,50
Gujarat,Dahod,Dahod,Green Peas,Other,FAQ,2015-06-15 00:00:00,2200.0,3000.0,2800.0,50
Gujarat,Dahod,Dahod,Green Peas,Other,FAQ,2015-06-19 00:00:00,2200.0,3000.0,2600.0,50
Gujarat,Dahod,Dahod,Green Peas,Other,FAQ,2015-06-22 00:00:00,2200.0,3000.0,2600.0,50
Gujarat,Dahod,Dahod,Green Peas,Other,FAQ,2015-06-27 00:00:00,2200.0,3000.0,2800.0,50
Gujarat,Dahod,Dahod,Green Peas,Other,FAQ,2015-07-09 00:00:00,2200.0,3000.0,2800.0,50
Gujarat,Dahod,Dahod,Green Peas,Other,FAQ,2015-08-12 00:00:00,2300.0,3000.0,2700.0,50
Gujarat,Dahod,Dahod,Green Peas,Other,FAQ,2015-08-20 00:00:00,2300.0,3000.0,2600.0,50
Gujarat,Dahod,Dahod,Green Peas,Other,FAQ,2015-08-26 00:00:00,2100.0,3000.0,2700.0,50
Gujarat,Dahod,Dahod,Green Peas,Other,FAQ,2015-09-26 00:00:00,2500.0,3500.0,3000.0,50
Gujarat,Dahod,Dahod,Green Peas,Other,FAQ,2015-09-28 00:00:00,2500.0,3500.0,3000.0,50
Gujarat,Dahod,Dahod,Green Peas,Other,FAQ,2015-09-29 00:00:00,2500.0,3500.0,3000.0,50
Gujarat,Dahod,Dahod,Green Peas,Other,FAQ,2015-10-26 00:00:00,2500.0,3500.0,3000.0,50
Gujarat,Dahod,Dahod,Green Peas,Other,FAQ,2015-11-02 00:00:00,2500.0,3500.0,2900.0,50
Gujarat,Dahod,Dahod,Green Peas,Other,FAQ,2015-11-05 00:00:00,2500.0,3500.0,2900.0,50
Gujarat,Dahod,Dahod,Green Peas,Other,FAQ,2015-11-09 00:00:00,2500.0,3500.0,3100.0,50
Gujarat,Dahod,Dahod,Green Peas,Other,FAQ,2015-11-14 00:00:00,2500.0,3500.0,3000.0,50
Gujarat,Dahod,Dahod,Green Peas,Other,FAQ,2015-11-17 00:00:00,2500.0,3500.0,3200.0,50
Gujarat,Dahod,Dahod,Green Peas,Other,FAQ,2015-11-20 00:00:00,2700.0,3700.0,3400.0,50
Gujarat,Dahod,Dahod,Green Peas,Other,FAQ,2015-12-02 00:00:00,3000.0,3800.0,3500.0,50
Gujarat,Dahod,Dahod,Green Peas,Other,FAQ,2015-12-08 00:00:00,3000.0,3800.0,3500.0,50
Gujarat,Dahod,Dahod,Green Peas,Other,FAQ,2015-12-10 00:00:00,3000.0,3800.0,3500.0,50
Gujarat,Dahod,Dahod,Green Peas,Other,FAQ,2015-12-14 00:00:00,3000.0,3800.0,3500.0,50
Gujarat,Dahod,Dahod,Green Peas,Other,FAQ,2015-12-15 00:00:00,3000.0,3800.0,3500.0,50
Gujarat,Dahod,Dahod,Green Peas,Other,FAQ,2015-12-22 00:00:00,3000.0,3800.0,3500.0,50
Gujarat,Dahod,Dahod,Green Peas,Other,FAQ,2015-12-26 00:00:00,3000.0,3800.0,3500.0,50
Gujarat,Dahod,Dahod,Green Peas,Other,FAQ,2015-01-07 00:00:00,2200.0,2400.0,2300.0,50
Gujarat,Dahod,Dahod,Green Peas,Other,FAQ,2015-01-19 00:00:00,2200.0,2400.0,2300.0,50
Gujarat,Dahod,Dahod,Green Peas,Other,FAQ,2015-01-22 00:00:00,2200.0,2500.0,2300.0,50
Gujarat,Dahod,Dahod,Green Peas,Other,FAQ,2015-02-04 00:00:00,2200.0,2500.0,2300.0,50
Gujarat,Dahod,Dahod,Green Peas,Other,FAQ,2015-02-05 00:00:00,2200.0,2500.0,2300.0,50
Gujarat,Dahod,Dahod,Green Peas,Other,FAQ,2015-02-14 00:00:00,2200.0,2500.0,2350.0,50
Gujarat,Dahod,Dahod,Green Peas,Other,FAQ,2015-02-17 00:00:00,2200.0,2500.0,2425.0,50
Gujarat,Dahod,Dahod,Green Peas,Other,FAQ,2015-02-24 00:00:00,2200.0,2500.0,2425.0,50
Gujarat,Dahod,Dahod,Green Peas,Other,FAQ,2015-02-25 00:00:00,2200.0,2500.0,2400.0,50
Gujarat,Dahod,Dahod,Green Peas,Other,FAQ,2015-03-10 00:00:00,2000.0,2800.0,2400.0,50
Gujarat,Dahod,Dahod,Green Peas,Other,FAQ,2015-03-12 00:00:00,2000.0,2700.0,2500.0,50
Gujarat,Dahod,Dahod,Green Peas,Other,FAQ,2015-04-06 00:00:00,2000.0,2750.0,2500.0,50
Gujarat,Dahod,Dahod,Green Peas,Other,FAQ,2015-04-09 00:00:00,2100.0,2700.0,2500.0,50
Gujarat,Dahod,Dahod,Green Peas,Other,FAQ,2015-04-17 00:00:00,2200.0,3000.0,2700.0,50
Gujarat,Dahod,Dahod,Green Peas,Other,FAQ,2015-04-22 00:00:00,2200.0,2800.0,2400.0,50
Gujarat,Dahod,Dahod,Green Peas,Other,FAQ,2015-04-29 00:00:00,2000.0,3000.0,2500.0,50
Gujarat,Dahod,Dahod,Green Peas,Other,FAQ,2015-05-21 00:00:00,2200.0,2500.0,2400.0,50
Gujarat,Dahod,Dahod,Green Peas,Other,FAQ,2015-06-13 00:00:00,2200.0,3000.0,2400.0,50
Gujarat,Dahod,Dahod,Green Peas,Other,FAQ,2015-06-17 00:00:00,2200.0,3000.0,2800.0,50
Gujarat,Dahod,Dahod,Green Peas,Other,FAQ,2015-06-29 00:00:00,2200.0,3000.0,2800.0,50
Gujarat,Dahod,Dahod,Green Peas,Other,FAQ,2015-07-13 00:00:00,2200.0,3000.0,2800.0,50
Gujarat,Dahod,Dahod,Green Peas,Other,FAQ,2015-07-23 00:00:00,2200.0,3000.0,2800.0,50
Gujarat,Dahod,Dahod,Green Peas,Other,FAQ,2015-08-18 00:00:00,2300.0,3000.0,2600.0,50
Gujarat,Dahod,Dahod,Green Peas,Other,FAQ,2015-08-19 00:00:00,2300.0,3000.0,2600.0,50
Gujarat,Dahod,Dahod,Green Peas,Other,FAQ,2015-08-22 00:00:00,2500.0,3200.0,3000.0,50
Gujarat,Dahod,Dahod,Green Peas,Other,FAQ,2015-09-24 00:00:00,2500.0,3500.0,3000.0,50
Gujarat,Dahod,Dahod,Green Peas,Other,FAQ,2015-10-01 00:00:00,2500.0,3500.0,3000.0,50
Gujarat,Dahod,Dahod,Green Peas,Other,FAQ,2015-10-03 00:00:00,2500.0,3500.0,3000.0,50
Gujarat,Dahod,Dahod,Green Peas,Other,FAQ,2015-10-09 00:00:00,2500.0,3500.0,3200.0,50
Gujarat,Dahod,Dahod,Green Peas,Other,FAQ,2015-10-10 00:00:00,2500.0,3500.0,3000.0,50
Gujarat,Dahod,Dahod,Green Peas,Other,FAQ,2015-10-12 00:00:00,2500.0,3500.0,3000.0,50
Gujarat,Dahod,Dahod,Green Peas,Other,FAQ,2015-10-13 00:00:00,2500.0,3500.0,3000.0,50
Gujarat,Dahod,Dahod,Green Peas,Other,FAQ,2015-10-16 00:00:00,2500.0,3500.0,3000.0,50
Gujarat,Dahod,Dahod,Green Peas,Other,FAQ,2015-10-24 00:00:00,2500.0,3500.0,3000.0,50
Gujarat,Dahod,Dahod,Green Peas,Other,FAQ,2015-11-16 00:00:00,2500.0,3500.0,3200.0,50
Gujarat,Dahod,Dahod,Green Peas,Other,FAQ,2015-11-26 00:00:00,2800.0,3700.0,3300.0,50
Gujarat,Dahod,Dahod,Green Peas,Other,FAQ,2015-11-27 00:00:00,3000.0,3800.0,3500.0,50
Gujarat,Dahod,Dahod,Green Peas,Other,FAQ,2015-12-21 00:00:00,3000.0,3800.0,3500.0,50
Gujarat,Dahod,Dahod,Green Peas,Other,FAQ,2015-12-28 00:00:00,3000.0,3800.0,3500.0,50
Gujarat,Dahod,Dahod,Green Peas,Green Peas,FAQ,2012-01-05 00:00:00,1600.0,1800.0,1750.0,50
Gujarat,Dahod,Dahod,Green Peas,Green Peas,FAQ,2012-01-06 00:00:00,1600.0,1800.0,1750.0,50
Gujarat,Dahod,Dahod,Green Peas,Green Peas,FAQ,2012-02-07 00:00:00,1550.0,1750.0,1650.0,50
Gujarat,Dahod,Dahod,Green Peas,Green Peas,FAQ,2012-02-22 00:00:00,1450.0,1600.0,1500.0,50
Gujarat,Dahod,Dahod,Green Peas,Green Peas,FAQ,2012-02-29 00:00:00,1550.0,1700.0,1625.0,50
Gujarat,Dahod,Dahod,Green Peas,Green Peas,FAQ,2012-03-06 00:00:00,1500.0,1700.0,1650.0,50
Gujarat,Dahod,Dahod,Green Peas,Green Peas,FAQ,2012-03-13 00:00:00,1575.0,1750.0,1650.0,50
Gujarat,Dahod,Dahod,Green Peas,Green Peas,FAQ,2012-03-23 00:00:00,1550.0,1750.0,1700.0,50
Gujarat,Dahod,Dahod,Green Peas,Green Peas,FAQ,2012-04-05 00:00:00,1550.0,1750.0,1650.0,50
Gujarat,Dahod,Dahod,Green Peas,Green Peas,FAQ,2012-04-07 00:00:00,1550.0,1750.0,1700.0,50
Gujarat,Dahod,Dahod,Green Peas,Green Peas,FAQ,2012-04-12 00:00:00,1550.0,1750.0,1650.0,50
Gujarat,Dahod,Dahod,Green Peas,Green Peas,FAQ,2012-05-03 00:00:00,1700.0,1900.0,1850.0,50
Gujarat,Dahod,Dahod,Green Peas,Green Peas,FAQ,2012-05-11 00:00:00,1700.0,1900.0,1800.0,50
Gujarat,Dahod,Dahod,Green Peas,Green Peas,FAQ,2012-05-15 00:00:00,1700.0,2000.0,1850.0,50
Gujarat,Dahod,Dahod,Green Peas,Green Peas,FAQ,2012-05-19 00:00:00,1700.0,2000.0,1900.0,50
Gujarat,Dahod,Dahod,Green Peas,Green Peas,FAQ,2012-05-25 00:00:00,1700.0,2000.0,1850.0,50
Gujarat,Dahod,Dahod,Green Peas,Green Peas,FAQ,2012-05-28 00:00:00,1800.0,2000.0,2000.0,50
Gujarat,Dahod,Dahod,Green Peas,Green Peas,FAQ,2012-06-12 00:00:00,1700.0,2000.0,1800.0,50
Gujarat,Dahod,Dahod,Green Peas,Green Peas,FAQ,2012-06-16 00:00:00,1700.0,2000.0,1900.0,50
Gujarat,Dahod,Dahod,Green Peas,Green Peas,FAQ,2012-06-20 00:00:00,1700.0,2000.0,1900.0,50
Gujarat,Dahod,Dahod,Green Peas,Green Peas,FAQ,2012-07-04 00:00:00,1700.0,2000.0,1900.0,50
Gujarat,Dahod,Dahod,Green Peas,Green Peas,FAQ,2012-08-17 00:00:00,2200.0,2400.0,2300.0,50
Gujarat,Dahod,Dahod,Green Peas,Green Peas,FAQ,2012-08-22 00:00:00,2200.0,2400.0,2300.0,50
Gujarat,Dahod,Dahod,Green Peas,Green Peas,FAQ,2012-08-25 00:00:00,2200.0,2400.0,2300.0,50
Gujarat,Dahod,Dahod,Green Peas,Green Peas,FAQ,2012-08-28 00:00:00,2200.0,2400.0,2300.0,50
Gujarat,Dahod,Dahod,Green Peas,Green Peas,FAQ,2012-09-01 00:00:00,2200.0,2400.0,2300.0,50
Gujarat,Dahod,Dahod,Green Peas,Green Peas,FAQ,2012-09-05 00:00:00,2200.0,2400.0,2350.0,50
Gujarat,Dahod,Dahod,Green Peas,Green Peas,FAQ,2012-09-15 00:00:00,2100.0,2300.0,2200.0,50
Gujarat,Dahod,Dahod,Green Peas,Green Peas,FAQ,2012-09-18 00:00:00,2100.0,2300.0,2250.0,50
Gujarat,Dahod,Dahod,Green Peas,Green Peas,FAQ,2012-09-21 00:00:00,2100.0,2300.0,2200.0,50
Gujarat,Dahod,Dahod,Green Peas,Green Peas,FAQ,2012-09-22 00:00:00,2100.0,2300.0,2200.0,50
Gujarat,Dahod,Dahod,Green Peas,Green Peas,FAQ,2012-09-24 00:00:00,2100.0,2300.0,2200.0,50
Gujarat,Dahod,Dahod,Green Peas,Green Peas,FAQ,2012-09-27 00:00:00,2100.0,2300.0,2200.0,50
Gujarat,Dahod,Dahod,Green Peas,Green Peas,FAQ,2012-10-06 00:00:00,2100.0,2400.0,2200.0,50
Gujarat,Dahod,Dahod,Green Peas,Green Peas,FAQ,2012-10-19 00:00:00,2100.0,2400.0,2300.0,50
Gujarat,Dahod,Dahod,Green Peas,Green Peas,FAQ,2012-10-22 00:00:00,2100.0,2400.0,2200.0,50
Gujarat,Dahod,Dahod,Green Peas,Green Peas,FAQ,2012-11-07 00:00:00,2100.0,2250.0,2200.0,50
Gujarat,Dahod,Dahod,Green Peas,Green Peas,FAQ,2012-11-16 00:00:00,2100.0,2250.0,2150.0,50
Gujarat,Dahod,Dahod,Green Peas,Green Peas,FAQ,2012-11-28 00:00:00,2100.0,2250.0,2200.0,50
Gujarat,Dahod,Dahod,Green Peas,Green Peas,FAQ,2012-12-03 00:00:00,2100.0,2225.0,2200.0,50
Gujarat,Dahod,Dahod,Green Peas,Green Peas,FAQ,2012-12-05 00:00:00,2100.0,2225.0,2200.0,50
Gujarat,Dahod,Dahod,Green Peas,Green Peas,FAQ,2012-12-15 00:00:00,2100.0,2200.0,2150.0,50
Gujarat,Dahod,Dahod,Green Peas,Green Peas,FAQ,2012-12-18 00:00:00,2100.0,2200.0,2175.0,50
Gujarat,Dahod,Dahod,Green Peas,Green Peas,FAQ,2012-12-24 00:00:00,2100.0,2200.0,2175.0,50
Gujarat,Dahod,Dahod,Green Peas,Green Peas,FAQ,2012-12-29 00:00:00,2100.0,2200.0,2175.0,50
Gujarat,Dahod,Dahod,Green Peas,Other,FAQ,2024-07-22 00:00:00,3000.0,5000.0,4000.0,50
Gujarat,Dahod,Dahod,Green Peas,Green Peas,FAQ,2013-01-07 00:00:00,2100.0,2200.0,2125.0,50
Gujarat,Dahod,Dahod,Green Peas,Green Peas,FAQ,2013-01-30 00:00:00,1700.0,1900.0,1800.0,50
Gujarat,Dahod,Dahod,Green Peas,Green Peas,FAQ,2013-02-18 00:00:00,2200.0,2500.0,2350.0,50
Gujarat,Dahod,Dahod,Green Peas,Green Peas,FAQ,2013-02-27 00:00:00,2200.0,2400.0,2225.0,50
Gujarat,Dahod,Dahod,Green Peas,Green Peas,FAQ,2013-03-05 00:00:00,2200.0,2300.0,2275.0,50
Gujarat,Dahod,Dahod,Green Peas,Green Peas,FAQ,2013-03-12 00:00:00,2200.0,2300.0,2250.0,50
Gujarat,Dahod,Dahod,Green Peas,Green Peas,FAQ,2013-03-13 00:00:00,2200.0,2300.0,2250.0,50
Gujarat,Dahod,Dahod,Green Peas,Green Peas,FAQ,2013-03-21 00:00:00,2200.0,2300.0,2250.0,50
Gujarat,Dahod,Dahod,Green Peas,Green Peas,FAQ,2013-03-29 00:00:00,2200.0,2300.0,2250.0,50
Gujarat,Dahod,Dahod,Green Peas,Green Peas,FAQ,2013-04-02 00:00:00,2200.0,2300.0,2250.0,50
Gujarat,Dahod,Dahod,Green Peas,Green Peas,FAQ,2013-05-04 00:00:00,2000.0,2400.0,2250.0,50
Gujarat,Dahod,Dahod,Green Peas,Green Peas,FAQ,2013-05-06 00:00:00,2000.0,2400.0,2200.0,50
Gujarat,Dahod,Dahod,Green Peas,Green Peas,FAQ,2013-05-11 00:00:00,2000.0,2400.0,2300.0,50
Gujarat,Dahod,Dahod,Green Peas,Green Peas,FAQ,2013-09-28 00:00:00,2200.0,2400.0,2300.0,50
Gujarat,Dahod,Dahod,Green Peas,Green Peas,FAQ,2013-10-01 00:00:00,2200.0,2400.0,2300.0,50
Gujarat,Dahod,Dahod,Green Peas,Green Peas,FAQ,2013-10-07 00:00:00,2100.0,2300.0,2200.0,50
Gujarat,Dahod,Dahod,Green Peas,Green Peas,FAQ,2013-10-10 00:00:00,2100.0,2300.0,2200.0,50
Gujarat,Dahod,Dahod,Green Peas,Green Peas,FAQ,2013-10-23 00:00:00,2100.0,2300.0,2200.0,50
Gujarat,Dahod,Dahod,Green Peas,Green Peas,FAQ,2013-11-19 00:00:00,2100.0,2300.0,2200.0,50
Gujarat,Dahod,Dahod,Green Peas,Green Peas,FAQ,2013-12-13 00:00:00,2600.0,2800.0,2700.0,50
Gujarat,Dahod,Dahod,Green Peas,Other,FAQ,2013-05-22 00:00:00,2000.0,2400.0,2100.0,50
Gujarat,Dahod,Dahod,Green Peas,Other,FAQ,2013-05-24 00:00:00,2000.0,2400.0,2200.0,50
Gujarat,Dahod,Dahod,Green Peas,Other,FAQ,2013-06-01 00:00:00,2000.0,2400.0,2250.0,50
Gujarat,Dahod,Dahod,Green Peas,Other,FAQ,2013-06-05 00:00:00,2000.0,2400.0,2250.0,50
Gujarat,Dahod,Dahod,Green Peas,Other,FAQ,2013-06-08 00:00:00,2000.0,2400.0,2250.0,50
Gujarat,Dahod,Dahod,Green Peas,Other,FAQ,2013-06-10 00:00:00,2000.0,2400.0,2250.0,50
Gujarat,Dahod,Dahod,Green Peas,Other,FAQ,2013-06-14 00:00:00,2000.0,2400.0,2250.0,50
Gujarat,Dahod,Dahod,Green Peas,Other,FAQ,2013-06-22 00:00:00,2100.0,2400.0,2250.0,50
Gujarat,Dahod,Dahod,Green Peas,Other,FAQ,2013-06-25 00:00:00,2100.0,2400.0,2250.0,50
Gujarat,Dahod,Dahod,Green Peas,Other,FAQ,2013-06-26 00:00:00,2100.0,2400.0,2250.0,50
Gujarat,Dahod,Dahod,Green Peas,Other,FAQ,2013-06-28 00:00:00,2100.0,2400.0,2250.0,50
Gujarat,Dahod,Dahod,Green Peas,Other,FAQ,2013-07-01 00:00:00,2100.0,2400.0,2275.0,50
Gujarat,Dahod,Dahod,Green Peas,Other,FAQ,2013-07-05 00:00:00,2200.0,2400.0,2250.0,50
Gujarat,Dahod,Dahod,Green Peas,Other,FAQ,2013-07-25 00:00:00,2200.0,2400.0,2300.0,50
Gujarat,Dahod,Dahod,Green Peas,Other,FAQ,2013-07-31 00:00:00,2200.0,2300.0,2300.0,50
Gujarat,Dahod,Dahod,Green Peas,Other,FAQ,2013-08-17 00:00:00,2200.0,2300.0,2300.0,50
Gujarat,Dahod,Dahod,Green Peas,Other,FAQ,2013-08-22 00:00:00,2300.0,2400.0,2400.0,50
Gujarat,Dahod,Dahod,Green Peas,Other,FAQ,2013-09-02 00:00:00,4100.0,4400.0,4300.0,50
Gujarat,Dahod,Dahod,Green Peas,Other,FAQ,2013-09-12 00:00:00,2200.0,2400.0,2300.0,50
Gujarat,Dahod,Dahod,Green Peas,Other,FAQ,2013-09-18 00:00:00,2200.0,2400.0,2300.0,50
Gujarat,Dahod,Dahod,Green Peas,Other,FAQ,2013-09-19 00:00:00,2200.0,2400.0,2300.0,50
Gujarat,Dahod,Dahod,Green Peas,Other,FAQ,2007-01-08 00:00:00,1200.0,1400.0,1300.0,50
Gujarat,Dahod,Dahod,Green Peas,Other,FAQ,2007-02-06 00:00:00,1300.0,1500.0,1400.0,50
Gujarat,Dahod,Dahod,Green Peas,Other,FAQ,2007-02-10 00:00:00,1300.0,1500.0,1400.0,50
Gujarat,Dahod,Dahod,Green Peas,Other,FAQ,2007-02-26 00:00:00,1425.0,1640.0,1530.0,50
Gujarat,Dahod,Dahod,Green Peas,Other,FAQ,2007-03-16 00:00:00,1450.0,1625.0,1550.0,50
Gujarat,Dahod,Dahod,Green Peas,Other,FAQ,2007-04-04 00:00:00,1695.0,1856.0,1780.0,50
Gujarat,Dahod,Dahod,Green Peas,Other,FAQ,2007-04-24 00:00:00,1620.0,1840.0,1750.0,50
Gujarat,Dahod,Dahod,Green Peas,Other,FAQ,2007-05-07 00:00:00,1625.0,1800.0,1700.0,50
Gujarat,Dahod,Dahod,Green Peas,Other,FAQ,2007-05-08 00:00:00,1650.0,1800.0,1725.0,50
Gujarat,Dahod,Dahod,Green Peas,Other,FAQ,2007-05-17 00:00:00,1625.0,1800.0,1725.0,50
Gujarat,Dahod,Dahod,Green Peas,Other,FAQ,2007-05-19 00:00:00,1625.0,1800.0,1725.0,50
Gujarat,Dahod,Dahod,Green Peas,Other,FAQ,2007-05-26 00:00:00,1575.0,1775.0,1675.0,50
Gujarat,Dahod,Dahod,Green Peas,Other,FAQ,2007-06-01 00:00:00,1550.0,1750.0,1650.0,50
Gujarat,Dahod,Dahod,Green Peas,Other,FAQ,2007-06-09 00:00:00,1450.0,1700.0,1600.0,50
Gujarat,Dahod,Dahod,Green Peas,Other,FAQ,2007-06-11 00:00:00,1450.0,1700.0,1575.0,50
Gujarat,Dahod,Dahod,Green Peas,Other,FAQ,2007-06-26 00:00:00,1500.0,1800.0,1650.0,50
Gujarat,Dahod,Dahod,Green Peas,Other,FAQ,2007-07-17 00:00:00,1550.0,1800.0,1675.0,50
Gujarat,Dahod,Dahod,Green Peas,Other,FAQ,2007-07-26 00:00:00,1500.0,1800.0,1700.0,50
Gujarat,Dahod,Dahod,Green Peas,Other,FAQ,2007-08-04 00:00:00,1500.0,1800.0,1700.0,50
Gujarat,Dahod,Dahod,Green Peas,Other,FAQ,2007-08-07 00:00:00,1500.0,1750.0,1700.0,50
Gujarat,Dahod,Dahod,Green Peas,Other,FAQ,2007-09-03 00:00:00,1500.0,1700.0,1650.0,50
Gujarat,Dahod,Dahod,Green Peas,Other,FAQ,2007-10-09 00:00:00,1500.0,1700.0,1600.0,50
Gujarat,Dahod,Dahod,Green Peas,Other,FAQ,2007-10-22 00:00:00,1500.0,1700.0,1600.0,50
Gujarat,Dahod,Dahod,Green Peas,Other,FAQ,2007-11-03 00:00:00,1550.0,1750.0,1700.0,50
Gujarat,Dahod,Dahod,Green Peas,Other,FAQ,2007-11-05 00:00:00,1600.0,1800.0,1700.0,50
Gujarat,Dahod,Dahod,Green Peas,Other,FAQ,2007-11-29 00:00:00,1700.0,1900.0,1850.0,50
Gujarat,Dahod,Dahod,Green Peas,Other,FAQ,2007-11-30 00:00:00,1700.0,1900.0,1850.0,50
Gujarat,Dahod,Dahod,Green Peas,Other,FAQ,2007-12-08 00:00:00,1700.0,1800.0,1775.0,50
Gujarat,Dahod,Dahod,Green Peas,Other,FAQ,2007-12-12 00:00:00,1700.0,1800.0,1750.0,50
Gujarat,Dahod,Dahod,Green Peas,Other,FAQ,2007-12-14 00:00:00,1700.0,1800.0,1750.0,50
Gujarat,Dahod,Dahod,Green Peas,Other,FAQ,2007-12-17 00:00:00,1700.0,1800.0,1750.0,50
Gujarat,Dahod,Dahod,Green Peas,Other,FAQ,2007-12-18 00:00:00,1700.0,1800.0,1750.0,50
Gujarat,Dahod,Dahod,Green Peas,Other,FAQ,2007-12-20 00:00:00,1700.0,1800.0,1750.0,50
Gujarat,Kheda,Nadiad,Green Peas,Green Peas,FAQ,2007-01-03 00:00:00,900.0,1000.0,950.0,50
Gujarat,Kheda,Nadiad,Green Peas,Green Peas,FAQ,2007-01-11 00:00:00,800.0,900.0,850.0,50
Gujarat,Kheda,Nadiad,Green Peas,Green Peas,FAQ,2007-01-14 00:00:00,600.0,700.0,650.0,50
Gujarat,Kheda,Nadiad,Green Peas,Green Peas,FAQ,2007-01-18 00:00:00,1000.0,1050.0,1025.0,50
Gujarat,Kheda,Nadiad,Green Peas,Green Peas,FAQ,2007-02-14 00:00:00,700.0,800.0,750.0,50
Gujarat,Kheda,Nadiad,Green Peas,Green Peas,FAQ,2007-02-15 00:00:00,750.0,800.0,775.0,50
Gujarat,Kheda,Nadiad,Green Peas,Green Peas,FAQ,2007-02-19 00:00:00,700.0,800.0,750.0,50
Gujarat,Kheda,Nadiad,Green Peas,Green Peas,FAQ,2007-02-25 00:00:00,700.0,800.0,750.0,50
Gujarat,Kheda,Nadiad,Green Peas,Green Peas,FAQ,2007-02-26 00:00:00,750.0,800.0,775.0,50
Gujarat,Navsari,Bilimora,Green Peas,Other,FAQ,2007-01-07 00:00:00,800.0,1000.0,900.0,50
Gujarat,Navsari,Bilimora,Green Peas,Other,FAQ,2007-01-14 00:00:00,800.0,1000.0,900.0,50
Gujarat,Navsari,Bilimora,Green Peas,Other,FAQ,2007-01-17 00:00:00,1000.0,1200.0,1100.0,50
Gujarat,Navsari,Bilimora,Green Peas,Other,FAQ,2007-01-20 00:00:00,800.0,1000.0,900.0,50
Gujarat,Navsari,Bilimora,Green Peas,Other,FAQ,2007-01-22 00:00:00,800.0,900.0,850.0,50
Gujarat,Navsari,Bilimora,Green Peas,Other,FAQ,2007-01-24 00:00:00,700.0,900.0,800.0,50
Gujarat,Navsari,Bilimora,Green Peas,Other,FAQ,2007-02-14 00:00:00,900.0,1200.0,1100.0,50
Gujarat,Navsari,Bilimora,Green Peas,Other,FAQ,2007-02-22 00:00:00,1000.0,1300.0,1200.0,50
Gujarat,Navsari,Bilimora,Green Peas,Other,FAQ,2007-03-01 00:00:00,1200.0,1400.0,1300.0,50
Gujarat,Navsari,Bilimora,Green Peas,Other,FAQ,2007-03-04 00:00:00,1200.0,1400.0,1300.0,50
Gujarat,Navsari,Bilimora,Green Peas,Other,FAQ,2007-03-05 00:00:00,1200.0,1400.0,1300.0,50
Gujarat,Navsari,Bilimora,Green Peas,Other,FAQ,2007-03-08 00:00:00,1100.0,1300.0,1200.0,50
Gujarat,Navsari,Bilimora,Green Peas,Other,FAQ,2007-03-11 00:00:00,1000.0,1200.0,1100.0,50
Gujarat,Navsari,Bilimora,Green Peas,Other,FAQ,2007-04-07 00:00:00,1500.0,1700.0,1600.0,50
Gujarat,Navsari,Bilimora,Green Peas,Other,FAQ,2007-04-09 00:00:00,2000.0,2300.0,2200.0,50
Gujarat,Navsari,Bilimora,Green Peas,Other,FAQ,2007-04-16 00:00:00,2200.0,2400.0,2300.0,50
Gujarat,Navsari,Bilimora,Green Peas,Other,FAQ,2007-04-18 00:00:00,1800.0,2200.0,2000.0,50
Gujarat,Navsari,Bilimora,Green Peas,Other,FAQ,2007-04-22 00:00:00,2000.0,2200.0,2100.0,50
Gujarat,Navsari,Bilimora,Green Peas,Other,FAQ,2007-04-26 00:00:00,2000.0,2200.0,2100.0,50
Gujarat,Navsari,Bilimora,Green Peas,Other,FAQ,2007-04-28 00:00:00,2800.0,3000.0,2900.0,50
Gujarat,Navsari,Bilimora,Green Peas,Other,FAQ,2007-04-29 00:00:00,2500.0,3000.0,2750.0,50
Gujarat,Navsari,Bilimora,Green Peas,Other,FAQ,2007-05-07 00:00:00,2800.0,3000.0,2900.0,50
Gujarat,Vadodara(Baroda),Vadodara,Green Peas,Other,FAQ,2007-01-22 00:00:00,1400.0,1650.0,1525.0,50
Gujarat,Vadodara(Baroda),Vadodara,Green Peas,Other,FAQ,2007-01-26 00:00:00,1400.0,1650.0,1525.0,50
Gujarat,Vadodara(Baroda),Vadodara,Green Peas,Other,FAQ,2007-02-10 00:00:00,1400.0,1650.0,1525.0,50
Gujarat,Vadodara(Baroda),Vadodara,Green Peas,Other,FAQ,2007-03-07 00:00:00,1450.0,1650.0,1500.0,50
Gujarat,Vadodara(Baroda),Vadodara,Green Peas,Other,FAQ,2007-03-22 00:00:00,1400.0,1650.0,1500.0,50
Gujarat,Vadodara(Baroda),Vadodara,Green Peas,Other,FAQ,2007-03-26 00:00:00,1450.0,1650.0,1550.0,50
Gujarat,Dahod,Dahod,Green Peas,Other,FAQ,2016-02-06 00:00:00,2000.0,3200.0,2700.0,50
Gujarat,Dahod,Dahod,Green Peas,Other,FAQ,2016-02-22 00:00:00,2000.0,3200.0,2600.0,50
Gujarat,Dahod,Dahod,Green Peas,Other,FAQ,2016-02-23 00:00:00,2000.0,3200.0,2650.0,50
Gujarat,Dahod,Dahod,Green Peas,Other,FAQ,2016-03-05 00:00:00,2200.0,3200.0,2700.0,50
Gujarat,Dahod,Dahod,Green Peas,Other,FAQ,2016-03-11 00:00:00,2200.0,3200.0,2700.0,50
Gujarat,Dahod,Dahod,Green Peas,Other,FAQ,2016-03-17 00:00:00,2400.0,3000.0,2650.0,50
Gujarat,Dahod,Dahod,Green Peas,Other,FAQ,2016-03-21 00:00:00,2600.0,3400.0,3000.0,50
Gujarat,Dahod,Dahod,Green Peas,Other,FAQ,2016-04-06 00:00:00,2500.0,3300.0,3000.0,50
Gujarat,Dahod,Dahod,Green Peas,Other,FAQ,2016-04-09 00:00:00,2500.0,3300.0,3000.0,50
Gujarat,Dahod,Dahod,Green Peas,Other,FAQ,2016-05-20 00:00:00,2500.0,3800.0,3000.0,50
Gujarat,Dahod,Dahod,Green Peas,Other,FAQ,2016-05-27 00:00:00,2500.0,3800.0,3500.0,50
Gujarat,Dahod,Dahod,Green Peas,Other,FAQ,2016-06-08 00:00:00,3000.0,3800.0,3450.0,50
Gujarat,Dahod,Dahod,Green Peas,Other,FAQ,2016-06-24 00:00:00,3000.0,3900.0,3500.0,50
Gujarat,Dahod,Dahod,Green Peas,Other,FAQ,2016-06-25 00:00:00,3000.0,3800.0,3600.0,50
Gujarat,Dahod,Dahod,Green Peas,Other,FAQ,2016-06-30 00:00:00,3200.0,4000.0,3600.0,50
Gujarat,Dahod,Dahod,Green Peas,Other,FAQ,2016-07-18 00:00:00,3200.0,4000.0,3600.0,50
Gujarat,Dahod,Dahod,Green Peas,Other,FAQ,2016-07-23 00:00:00,3200.0,4000.0,3500.0,50
Gujarat,Dahod,Dahod,Green Peas,Other,FAQ,2016-07-26 00:00:00,3200.0,4000.0,3500.0,50
Gujarat,Dahod,Dahod,Green Peas,Other,FAQ,2016-08-08 00:00:00,3200.0,4000.0,3600.0,50
Gujarat,Dahod,Dahod,Green Peas,Other,FAQ,2016-08-09 00:00:00,3200.0,4000.0,3600.0,50
Gujarat,Dahod,Dahod,Green Peas,Other,FAQ,2016-08-12 00:00:00,3200.0,4000.0,3800.0,50
Gujarat,Dahod,Dahod,Green Peas,Other,FAQ,2016-09-07 00:00:00,2500.0,3500.0,3000.0,50
Gujarat,Dahod,Dahod,Green Peas,Other,FAQ,2016-09-13 00:00:00,2500.0,3500.0,3200.0,50
Gujarat,Dahod,Dahod,Green Peas,Other,FAQ,2016-09-14 00:00:00,2500.0,3500.0,3000.0,50
Gujarat,Dahod,Dahod,Green Peas,Other,FAQ,2016-09-16 00:00:00,2500.0,3500.0,3000.0,50
Gujarat,Dahod,Dahod,Green Peas,Other,FAQ,2016-09-27 00:00:00,2500.0,3500.0,3000.0,50
Gujarat,Dahod,Dahod,Green Peas,Other,FAQ,2016-09-29 00:00:00,2500.0,3500.0,3200.0,50
Gujarat,Dahod,Dahod,Green Peas,Other,FAQ,2016-10-04 00:00:00,2500.0,3500.0,3100.0,50
Gujarat,Dahod,Dahod,Green Peas,Other,FAQ,2016-10-15 00:00:00,2500.0,3500.0,3100.0,50
Gujarat,Dahod,Dahod,Green Peas,Other,FAQ,2016-10-20 00:00:00,4000.0,5500.0,4700.0,50
Gujarat,Dahod,Dahod,Green Peas,Other,FAQ,2016-11-03 00:00:00,4000.0,5700.0,5300.0,50
Gujarat,Dahod,Dahod,Green Peas,Other,FAQ,2016-11-15 00:00:00,4000.0,5700.0,5000.0,50
Gujarat,Dahod,Dahod,Green Peas,Other,FAQ,2016-12-06 00:00:00,4000.0,5700.0,5000.0,50
Gujarat,Dahod,Dahod,Green Peas,Other,FAQ,2016-12-07 00:00:00,4000.0,5700.0,5000.0,50
Gujarat,Dahod,Dahod,Green Peas,Other,FAQ,2016-12-09 00:00:00,4000.0,5700.0,5000.0,50
Gujarat,Dahod,Dahod,Green Peas,Other,FAQ,2016-12-10 00:00:00,4000.0,5700.0,5500.0,50
Gujarat,Dahod,Dahod,Green Peas,Other,FAQ,2016-12-12 00:00:00,4000.0,5700.0,5500.0,50
Gujarat,Dahod,Dahod,Green Peas,Other,FAQ,2016-12-13 00:00:00,4000.0,5700.0,5550.0,50
Gujarat,Dahod,Dahod,Green Peas,Other,FAQ,2016-12-16 00:00:00,4500.0,5500.0,4800.0,50
Gujarat,Dahod,Dahod,Green Peas,Other,FAQ,2016-12-28 00:00:00,4500.0,5500.0,5200.0,50
Gujarat,Dahod,Dahod,Green Peas,Other,FAQ,2016-12-31 00:00:00,4500.0,5500.0,5200.0,50
Gujarat,Dahod,Dahod,Green Peas,Green Peas,FAQ,2014-01-03 00:00:00,2500.0,2800.0,2650.0,50
Gujarat,Dahod,Dahod,Green Peas,Green Peas,FAQ,2014-01-07 00:00:00,2500.0,2800.0,2650.0,50
Gujarat,Dahod,Dahod,Green Peas,Green Peas,FAQ,2014-01-08 00:00:00,2500.0,2800.0,2650.0,50
Gujarat,Dahod,Dahod,Green Peas,Green Peas,FAQ,2014-01-28 00:00:00,2500.0,2800.0,2600.0,50
Gujarat,Dahod,Dahod,Green Peas,Green Peas,FAQ,2014-02-13 00:00:00,2200.0,2600.0,2475.0,50
Gujarat,Dahod,Dahod,Green Peas,Green Peas,FAQ,2014-02-14 00:00:00,2200.0,2600.0,2450.0,50
Gujarat,Dahod,Dahod,Green Peas,Green Peas,FAQ,2014-03-04 00:00:00,2000.0,2650.0,2450.0,50
Gujarat,Dahod,Dahod,Green Peas,Green Peas,FAQ,2014-03-06 00:00:00,2100.0,2800.0,2500.0,50
Gujarat,Dahod,Dahod,Green Peas,Green Peas,FAQ,2014-03-13 00:00:00,2100.0,2800.0,2550.0,50
Gujarat,Dahod,Dahod,Green Peas,Green Peas,FAQ,2014-03-18 00:00:00,2100.0,2800.0,2550.0,50
Gujarat,Dahod,Dahod,Green Peas,Green Peas,FAQ,2014-03-29 00:00:00,2100.0,2850.0,2550.0,50
Gujarat,Dahod,Dahod,Green Peas,Green Peas,FAQ,2014-04-02 00:00:00,3500.0,4300.0,3800.0,50
Gujarat,Dahod,Dahod,Green Peas,Green Peas,FAQ,2014-04-04 00:00:00,2100.0,2850.0,2600.0,50
Gujarat,Dahod,Dahod,Green Peas,Green Peas,FAQ,2014-04-05 00:00:00,2100.0,2850.0,2450.0,50
Gujarat,Dahod,Dahod,Green Peas,Green Peas,FAQ,2014-04-09 00:00:00,2100.0,2850.0,2550.0,50
Gujarat,Dahod,Dahod,Green Peas,Green Peas,FAQ,2014-04-10 00:00:00,2100.0,2850.0,2550.0,50
Gujarat,Dahod,Dahod,Green Peas,Green Peas,FAQ,2014-04-18 00:00:00,2100.0,2850.0,2550.0,50
Gujarat,Dahod,Dahod,Green Peas,Green Peas,FAQ,2014-04-22 00:00:00,2100.0,2850.0,2550.0,50
Gujarat,Dahod,Dahod,Green Peas,Green Peas,FAQ,2014-05-08 00:00:00,2300.0,2850.0,2800.0,50
Gujarat,Dahod,Dahod,Green Peas,Green Peas,FAQ,2014-05-12 00:00:00,2300.0,2850.0,2600.0,50
Gujarat,Dahod,Dahod,Green Peas,Green Peas,FAQ,2014-05-16 00:00:00,2200.0,2750.0,2650.0,50
Gujarat,Dahod,Dahod,Green Peas,Green Peas,FAQ,2014-05-24 00:00:00,2200.0,2700.0,2400.0,50
Gujarat,Dahod,Dahod,Green Peas,Green Peas,FAQ,2014-06-02 00:00:00,2200.0,2700.0,2425.0,50
Gujarat,Dahod,Dahod,Green Peas,Green Peas,FAQ,2014-06-03 00:00:00,2200.0,2700.0,2425.0,50
Gujarat,Dahod,Dahod,Green Peas,Green Peas,FAQ,2014-06-04 00:00:00,2200.0,2700.0,2425.0,50
Gujarat,Dahod,Dahod,Green Peas,Green Peas,FAQ,2014-06-13 00:00:00,2200.0,2700.0,2550.0,50
Gujarat,Dahod,Dahod,Green Peas,Green Peas,FAQ,2014-06-30 00:00:00,2200.0,2700.0,2550.0,50
Gujarat,Dahod,Dahod,Green Peas,Other,FAQ,2006-04-28 00:00:00,1175.0,1380.0,1380.0,50
Gujarat,Dahod,Dahod,Green Peas,Other,FAQ,2006-05-31 00:00:00,1250.0,1450.0,1375.0,50
Gujarat,Dahod,Dahod,Green Peas,Other,FAQ,2006-06-17 00:00:00,1200.0,1400.0,1300.0,50
Gujarat,Dahod,Dahod,Green Peas,Other,FAQ,2006-07-04 00:00:00,1200.0,1400.0,1350.0,50
Gujarat,Dahod,Dahod,Green Peas,Other,FAQ,2006-07-06 00:00:00,1200.0,1400.0,1350.0,50
Gujarat,Dahod,Dahod,Green Peas,Other,FAQ,2006-07-07 00:00:00,1200.0,1400.0,1350.0,50
Gujarat,Dahod,Dahod,Green Peas,Other,FAQ,2006-07-18 00:00:00,1200.0,1400.0,1350.0,50
Gujarat,Dahod,Dahod,Green Peas,Other,FAQ,2006-07-24 00:00:00,1200.0,1400.0,1350.0,50
Gujarat,Dahod,Dahod,Green Peas,Other,FAQ,2006-10-18 00:00:00,1300.0,1500.0,1400.0,50
Gujarat,Dahod,Dahod,Green Peas,Other,FAQ,2006-12-02 00:00:00,1300.0,1400.0,1350.0,50
Gujarat,Kheda,Nadiad,Green Peas,Other,FAQ,2006-01-09 00:00:00,800.0,1000.0,900.0,50
Gujarat,Kheda,Nadiad,Green Peas,Other,FAQ,2006-01-23 00:00:00,600.0,700.0,650.0,50
Gujarat,Kheda,Nadiad,Green Peas,Other,FAQ,2006-01-25 00:00:00,700.0,750.0,725.0,50
Gujarat,Kheda,Nadiad,Green Peas,Other,FAQ,2006-01-28 00:00:00,650.0,750.0,700.0,50
Gujarat,Kheda,Nadiad,Green Peas,Other,FAQ,2006-02-23 00:00:00,700.0,750.0,725.0,50
Gujarat,Kheda,Nadiad,Green Peas,Other,FAQ,2006-03-04 00:00:00,750.0,825.0,790.0,50
Gujarat,Kheda,Nadiad,Green Peas,Other,FAQ,2006-03-11 00:00:00,1000.0,1250.0,1225.0,50
Gujarat,Kheda,Nadiad,Green Peas,Other,FAQ,2006-03-13 00:00:00,1200.0,1250.0,1225.0,50
Gujarat,Kheda,Nadiad,Green Peas,Other,FAQ,2006-03-17 00:00:00,1000.0,1200.0,1100.0,50
Gujarat,Kheda,Nadiad,Green Peas,Other,FAQ,2006-03-27 00:00:00,1200.0,1500.0,1350.0,50
Gujarat,Navsari,Bilimora,Green Peas,Other,FAQ,2006-08-12 00:00:00,2750.0,3000.0,2800.0,50
Gujarat,Navsari,Bilimora,Green Peas,Other,FAQ,2006-08-14 00:00:00,2500.0,2750.0,2600.0,50
Gujarat,Navsari,Bilimora,Green Peas,Other,FAQ,2006-08-18 00:00:00,3500.0,3750.0,3600.0,50
Gujarat,Navsari,Bilimora,Green Peas,Other,FAQ,2006-08-27 00:00:00,3200.0,3500.0,3400.0,50
Gujarat,Navsari,Bilimora,Green Peas,Other,FAQ,2006-09-02 00:00:00,3500.0,4000.0,3700.0,50
Gujarat,Navsari,Bilimora,Green Peas,Other,FAQ,2006-09-09 00:00:00,3500.0,4000.0,3750.0,50
Gujarat,Navsari,Bilimora,Green Peas,Other,FAQ,2006-09-10 00:00:00,4000.0,5000.0,4500.0,50
Gujarat,Navsari,Bilimora,Green Peas,Other,FAQ,2006-09-13 00:00:00,4000.0,4500.0,4250.0,50
Gujarat,Navsari,Bilimora,Green Peas,Other,FAQ,2006-10-12 00:00:00,3500.0,4000.0,3750.0,50
Gujarat,Navsari,Bilimora,Green Peas,Other,FAQ,2006-11-01 00:00:00,3000.0,3500.0,3250.0,50
Gujarat,Navsari,Bilimora,Green Peas,Other,FAQ,2006-11-06 00:00:00,3000.0,3500.0,3250.0,50
Gujarat,Navsari,Bilimora,Green Peas,Other,FAQ,2006-11-09 00:00:00,3000.0,3500.0,3250.0,50
Gujarat,Navsari,Bilimora,Green Peas,Other,FAQ,2006-11-14 00:00:00,3000.0,3250.0,3200.0,50
Gujarat,Navsari,Bilimora,Green Peas,Other,FAQ,2006-11-19 00:00:00,1500.0,2000.0,1750.0,50
Gujarat,Navsari,Bilimora,Green Peas,Other,FAQ,2006-11-20 00:00:00,1500.0,2000.0,1750.0,50
Gujarat,Navsari,Bilimora,Green Peas,Other,FAQ,2006-11-22 00:00:00,1750.0,2250.0,2000.0,50
Gujarat,Navsari,Bilimora,Green Peas,Other,FAQ,2006-11-23 00:00:00,1800.0,2200.0,2000.0,50
Gujarat,Navsari,Bilimora,Green Peas,Other,FAQ,2006-11-24 00:00:00,1750.0,2250.0,2000.0,50
Gujarat,Navsari,Bilimora,Green Peas,Other,FAQ,2006-12-01 00:00:00,1400.0,1600.0,1500.0,50
Gujarat,Navsari,Bilimora,Green Peas,Other,FAQ,2006-12-12 00:00:00,1000.0,1200.0,1100.0,50
Gujarat,Navsari,Bilimora,Green Peas,Other,FAQ,2006-12-29 00:00:00,900.0,1000.0,950.0,50
Gujarat,Navsari,Bilimora,Green Peas,Other,FAQ,2006-12-30 00:00:00,900.0,1100.0,1000.0,50
Gujarat,Dahod,Dahod,Green Peas,Green Peas,FAQ,2011-07-15 00:00:00,1600.0,2000.0,1800.0,50
Gujarat,Dahod,Dahod,Green Peas,Green Peas,FAQ,2011-07-16 00:00:00,1600.0,2000.0,1800.0,50
Gujarat,Dahod,Dahod,Green Peas,Green Peas,FAQ,2011-08-25 00:00:00,1600.0,1900.0,1800.0,50
Gujarat,Dahod,Dahod,Green Peas,Green Peas,FAQ,2011-09-06 00:00:00,1600.0,2000.0,1900.0,50
Gujarat,Dahod,Dahod,Green Peas,Green Peas,FAQ,2011-09-07 00:00:00,1600.0,2000.0,1900.0,50
Gujarat,Dahod,Dahod,Green Peas,Green Peas,FAQ,2011-09-14 00:00:00,1600.0,2000.0,1900.0,50
Gujarat,Dahod,Dahod,Green Peas,Green Peas,FAQ,2011-09-22 00:00:00,1600.0,1900.0,1850.0,50
Gujarat,Dahod,Dahod,Green Peas,Green Peas,FAQ,2011-09-30 00:00:00,1500.0,1800.0,1750.0,50
Gujarat,Dahod,Dahod,Green Peas,Green Peas,FAQ,2011-10-11 00:00:00,1600.0,1800.0,1700.0,50
Gujarat,Dahod,Dahod,Green Peas,Green Peas,FAQ,2011-11-12 00:00:00,1600.0,1800.0,1650.0,50
Gujarat,Dahod,Dahod,Green Peas,Green Peas,FAQ,2011-11-17 00:00:00,1600.0,1800.0,1700.0,50
Gujarat,Dahod,Dahod,Green Peas,Green Peas,FAQ,2011-11-30 00:00:00,1600.0,1800.0,1700.0,50
Gujarat,Dahod,Dahod,Green Peas,Green Peas,FAQ,2011-12-02 00:00:00,1600.0,1800.0,1700.0,50
Gujarat,Dahod,Dahod,Green Peas,Green Peas,FAQ,2011-12-10 00:00:00,1600.0,1800.0,1730.0,50
Gujarat,Dahod,Dahod,Green Peas,Green Peas,FAQ,2011-12-13 00:00:00,1600.0,1800.0,1700.0,50
Gujarat,Dahod,Dahod,Green Peas,Green Peas,FAQ,2011-12-17 00:00:00,1600.0,1800.0,1725.0,50
Gujarat,Dahod,Dahod,Green Peas,Green Peas,FAQ,2011-12-19 00:00:00,1600.0,1800.0,1700.0,50
Gujarat,Dahod,Dahod,Green Peas,Green Peas,FAQ,2011-12-22 00:00:00,1600.0,1800.0,1700.0,50
Gujarat,Dahod,Dahod,Green Peas,Other,FAQ,2011-01-17 00:00:00,1800.0,2300.0,2200.0,50
Gujarat,Dahod,Dahod,Green Peas,Other,FAQ,2011-01-28 00:00:00,1800.0,2300.0,2200.0,50
Gujarat,Dahod,Dahod,Green Peas,Other,FAQ,2011-02-01 00:00:00,1800.0,2300.0,2200.0,50
Gujarat,Dahod,Dahod,Green Peas,Other,FAQ,2011-02-26 00:00:00,1500.0,2120.0,2100.0,50
Gujarat,Dahod,Dahod,Green Peas,Other,FAQ,2011-03-07 00:00:00,1950.0,1950.0,1950.0,50
Gujarat,Dahod,Dahod,Green Peas,Other,FAQ,2011-03-14 00:00:00,1925.0,1925.0,1925.0,50
Gujarat,Dahod,Dahod,Green Peas,Other,FAQ,2011-03-15 00:00:00,1900.0,1900.0,1900.0,50
Gujarat,Dahod,Dahod,Green Peas,Other,FAQ,2011-03-22 00:00:00,1900.0,1900.0,1900.0,50
Gujarat,Dahod,Dahod,Green Peas,Other,FAQ,2011-05-06 00:00:00,1900.0,1920.0,1910.0,50
Gujarat,Dahod,Dahod,Green Peas,Other,FAQ,2011-05-12 00:00:00,1600.0,1850.0,1850.0,50
Gujarat,Dahod,Dahod,Green Peas,Other,FAQ,2011-05-16 00:00:00,1600.0,1900.0,1800.0,50
Gujarat,Dahod,Dahod,Green Peas,Other,FAQ,2011-06-01 00:00:00,1600.0,1900.0,1800.0,50
Gujarat,Dahod,Dahod,Green Peas,Other,FAQ,2011-07-08 00:00:00,1600.0,2000.0,1800.0,50
Gujarat,Dahod,Dahod,Green Peas,Other,FAQ,2008-01-01 00:00:00,1550.0,1700.0,1600.0,50
Gujarat,Dahod,Dahod,Green Peas,Other,FAQ,2008-02-16 00:00:00,1550.0,1800.0,1675.0,50
Gujarat,Dahod,Dahod,Green Peas,Other,FAQ,2008-02-20 00:00:00,1880.0,1901.0,1891.0,50
Gujarat,Dahod,Dahod,Green Peas,Other,FAQ,2008-02-29 00:00:00,2130.0,2171.0,2150.0,50
Gujarat,Dahod,Dahod,Green Peas,Other,FAQ,2008-03-03 00:00:00,2220.0,2236.0,2235.0,50
Gujarat,Dahod,Dahod,Green Peas,Other,FAQ,2008-03-19 00:00:00,2095.0,2110.0,2100.0,50
Gujarat,Dahod,Dahod,Green Peas,Other,FAQ,2008-03-24 00:00:00,2114.0,2114.0,2114.0,50
Gujarat,Dahod,Dahod,Green Peas,Other,FAQ,2008-03-28 00:00:00,2075.0,2075.0,2075.0,50
Gujarat,Dahod,Dahod,Green Peas,Other,FAQ,2008-04-02 00:00:00,1965.0,1965.0,1965.0,50
Gujarat,Dahod,Dahod,Green Peas,Other,FAQ,2008-04-04 00:00:00,1950.0,1950.0,1950.0,50
Gujarat,Dahod,Dahod,Green Peas,Other,FAQ,2008-04-15 00:00:00,1851.0,1851.0,1851.0,50
Gujarat,Dahod,Dahod,Green Peas,Other,FAQ,2008-04-26 00:00:00,1851.0,1851.0,1851.0,50
Gujarat,Dahod,Dahod,Green Peas,Other,FAQ,2008-04-28 00:00:00,1861.0,1875.0,1870.0,50
Gujarat,Dahod,Dahod,Green Peas,Other,FAQ,2008-05-08 00:00:00,1851.0,1851.0,1851.0,50
Gujarat,Dahod,Dahod,Green Peas,Other,FAQ,2008-05-19 00:00:00,1840.0,1850.0,1850.0,50
Gujarat,Dahod,Dahod,Green Peas,Other,FAQ,2008-06-04 00:00:00,1800.0,1900.0,1860.0,50
Gujarat,Dahod,Dahod,Green Peas,Other,FAQ,2008-06-05 00:00:00,1800.0,1900.0,1855.0,50
Gujarat,Dahod,Dahod,Green Peas,Other,FAQ,2008-06-07 00:00:00,1800.0,1850.0,1825.0,50
Gujarat,Dahod,Dahod,Green Peas,Other,FAQ,2008-07-12 00:00:00,1825.0,1900.0,1850.0,50
Gujarat,Dahod,Dahod,Green Peas,Other,FAQ,2008-07-14 00:00:00,1850.0,1900.0,1870.0,50
Gujarat,Dahod,Dahod,Green Peas,Other,FAQ,2008-07-21 00:00:00,1850.0,1950.0,1925.0,50
Gujarat,Dahod,Dahod,Green Peas,Other,FAQ,2008-07-25 00:00:00,1850.0,1950.0,1900.0,50
Gujarat,Dahod,Dahod,Green Peas,Other,FAQ,2008-07-28 00:00:00,1875.0,1950.0,1925.0,50
Gujarat,Dahod,Dahod,Green Peas,Other,FAQ,2008-08-18 00:00:00,1900.0,1925.0,1915.0,50
Gujarat,Dahod,Dahod,Green Peas,Other,FAQ,2008-08-21 00:00:00,1900.0,1925.0,1900.0,50
Gujarat,Dahod,Dahod,Green Peas,Other,FAQ,2008-08-22 00:00:00,1900.0,1900.0,1900.0,50
Gujarat,Dahod,Dahod,Green Peas,Other,FAQ,2008-09-15 00:00:00,1750.0,1900.0,1850.0,50
Gujarat,Dahod,Dahod,Green Peas,Other,FAQ,2008-09-27 00:00:00,1750.0,1900.0,1850.0,50
Gujarat,Dahod,Dahod,Green Peas,Other,FAQ,2008-10-03 00:00:00,1750.0,1900.0,1825.0,50
Gujarat,Dahod,Dahod,Green Peas,Other,FAQ,2008-10-04 00:00:00,1750.0,1900.0,1800.0,50
Gujarat,Dahod,Dahod,Green Peas,Other,FAQ,2008-10-10 00:00:00,1750.0,1900.0,1850.0,50
Gujarat,Dahod,Dahod,Green Peas,Other,FAQ,2008-10-25 00:00:00,1800.0,1850.0,1850.0,50
Gujarat,Dahod,Dahod,Green Peas,Other,FAQ,2008-11-08 00:00:00,1850.0,1950.0,1900.0,50
Gujarat,Dahod,Dahod,Green Peas,Other,FAQ,2008-11-10 00:00:00,1750.0,1825.0,1800.0,50
Gujarat,Dahod,Dahod,Green Peas,Other,FAQ,2008-11-12 00:00:00,1750.0,1850.0,1815.0,50
Gujarat,Dahod,Dahod,Green Peas,Other,FAQ,2008-11-20 00:00:00,1700.0,1825.0,1800.0,50
Gujarat,Dahod,Dahod,Green Peas,Other,FAQ,2008-11-28 00:00:00,1700.0,1800.0,1750.0,50
Gujarat,Dahod,Dahod,Green Peas,Other,FAQ,2008-12-03 00:00:00,1700.0,1800.0,1750.0,50
Gujarat,Dahod,Dahod,Green Peas,Other,FAQ,2008-12-17 00:00:00,1700.0,1800.0,1760.0,50
Gujarat,Dahod,Dahod,Green Peas,Other,FAQ,2008-12-18 00:00:00,1700.0,1800.0,1750.0,50
Gujarat,Dahod,Dahod,Green Peas,Other,FAQ,2008-12-22 00:00:00,1700.0,1800.0,1750.0,50
Gujarat,Dahod,Dahod,Green Peas,Other,FAQ,2008-12-27 00:00:00,1700.0,1800.0,1740.0,50
Gujarat,Kheda,Nadiad,Green Peas,Other,FAQ,2008-03-03 00:00:00,1100.0,1150.0,1125.0,50
Gujarat,Dahod,Dahod,Green Peas,Other,FAQ,2008-01-03 00:00:00,1550.0,1750.0,1700.0,50
Gujarat,Dahod,Dahod,Green Peas,Other,FAQ,2008-01-08 00:00:00,1550.0,1800.0,1700.0,50
Gujarat,Dahod,Dahod,Green Peas,Other,FAQ,2008-01-15 00:00:00,1550.0,1800.0,1700.0,50
Gujarat,Dahod,Dahod,Green Peas,Other,FAQ,2008-01-22 00:00:00,1550.0,1750.0,1700.0,50
Gujarat,Dahod,Dahod,Green Peas,Other,FAQ,2008-02-23 00:00:00,1999.0,2021.0,2010.0,50
Gujarat,Dahod,Dahod,Green Peas,Other,FAQ,2008-02-26 00:00:00,2135.0,2145.0,2140.0,50
Gujarat,Dahod,Dahod,Green Peas,Other,FAQ,2008-02-28 00:00:00,2150.0,2171.0,2165.0,50
Gujarat,Dahod,Dahod,Green Peas,Other,FAQ,2008-03-08 00:00:00,2100.0,2100.0,2100.0,50
Gujarat,Dahod,Dahod,Green Peas,Other,FAQ,2008-03-12 00:00:00,2142.0,2142.0,2142.0,50
Gujarat,Dahod,Dahod,Green Peas,Other,FAQ,2008-03-25 00:00:00,2111.0,2111.0,2111.0,50
Gujarat,Dahod,Dahod,Green Peas,Other,FAQ,2008-04-01 00:00:00,1975.0,1975.0,1975.0,50
Gujarat,Dahod,Dahod,Green Peas,Other,FAQ,2008-04-23 00:00:00,1851.0,1851.0,1851.0,50
Gujarat,Dahod,Dahod,Green Peas,Other,FAQ,2008-05-01 00:00:00,1871.0,1875.0,1871.0,50
Gujarat,Dahod,Dahod,Green Peas,Other,FAQ,2008-05-03 00:00:00,1871.0,1871.0,1871.0,50
Gujarat,Dahod,Dahod,Green Peas,Other,FAQ,2008-05-05 00:00:00,1875.0,1900.0,1890.0,50
Gujarat,Dahod,Dahod,Green Peas,Other,FAQ,2008-05-09 00:00:00,1851.0,1851.0,1851.0,50
Gujarat,Dahod,Dahod,Green Peas,Other,FAQ,2008-05-20 00:00:00,1825.0,1850.0,1840.0,50
Gujarat,Dahod,Dahod,Green Peas,Other,FAQ,2008-05-21 00:00:00,1825.0,1850.0,1840.0,50
Gujarat,Dahod,Dahod,Green Peas,Other,FAQ,2008-05-30 00:00:00,1825.0,1850.0,1840.0,50
Gujarat,Dahod,Dahod,Green Peas,Other,FAQ,2008-06-14 00:00:00,1800.0,1850.0,1825.0,50
Gujarat,Dahod,Dahod,Green Peas,Other,FAQ,2008-06-18 00:00:00,1800.0,1850.0,1825.0,50
Gujarat,Dahod,Dahod,Green Peas,Other,FAQ,2008-06-27 00:00:00,1825.0,1875.0,1850.0,50
Gujarat,Dahod,Dahod,Green Peas,Other,FAQ,2008-07-10 00:00:00,1825.0,1850.0,1840.0,50
Gujarat,Dahod,Dahod,Green Peas,Other,FAQ,2008-07-11 00:00:00,1825.0,1900.0,1850.0,50
Gujarat,Dahod,Dahod,Green Peas,Other,FAQ,2008-07-19 00:00:00,1850.0,1950.0,1925.0,50
Gujarat,Dahod,Dahod,Green Peas,Other,FAQ,2008-07-31 00:00:00,1900.0,1950.0,1925.0,50
Gujarat,Dahod,Dahod,Green Peas,Other,FAQ,2008-08-14 00:00:00,1900.0,1950.0,1900.0,50
Gujarat,Dahod,Dahod,Green Peas,Other,FAQ,2008-09-22 00:00:00,1700.0,1850.0,1800.0,50
Gujarat,Dahod,Dahod,Green Peas,Other,FAQ,2008-10-18 00:00:00,1700.0,1850.0,1800.0,50
Gujarat,Dahod,Dahod,Green Peas,Other,FAQ,2008-11-01 00:00:00,1850.0,1950.0,1875.0,50
Gujarat,Dahod,Dahod,Green Peas,Other,FAQ,2008-11-03 00:00:00,1800.0,1950.0,1900.0,50
Gujarat,Dahod,Dahod,Green Peas,Other,FAQ,2008-11-05 00:00:00,1850.0,1950.0,1900.0,50
Gujarat,Dahod,Dahod,Green Peas,Other,FAQ,2008-11-14 00:00:00,1700.0,1825.0,1800.0,50
Gujarat,Dahod,Dahod,Green Peas,Other,FAQ,2008-11-18 00:00:00,1700.0,1825.0,1800.0,50
Gujarat,Dahod,Dahod,Green Peas,Other,FAQ,2008-11-24 00:00:00,1700.0,1825.0,1800.0,50
Gujarat,Dahod,Dahod,Green Peas,Other,FAQ,2008-11-26 00:00:00,1700.0,1800.0,1750.0,50
Gujarat,Dahod,Dahod,Green Peas,Other,FAQ,2008-12-10 00:00:00,1700.0,1800.0,1775.0,50
Gujarat,Dahod,Dahod,Green Peas,Other,FAQ,2008-12-24 00:00:00,1700.0,1800.0,1740.0,50
Gujarat,Dahod,Dahod,Green Peas,Other,FAQ,2008-12-30 00:00:00,1700.0,1800.0,1740.0,50
Gujarat,Kheda,Nadiad,Green Peas,Other,FAQ,2008-01-09 00:00:00,800.0,1000.0,900.0,50
Gujarat,Kheda,Nadiad,Green Peas,Other,FAQ,2008-01-17 00:00:00,750.0,950.0,850.0,50
Gujarat,Dahod,Dahod,Green Peas,Other,FAQ,2005-01-06 00:00:00,1200.0,1300.0,1250.0,50
Gujarat,Dahod,Dahod,Green Peas,Other,FAQ,2005-01-07 00:00:00,1200.0,1300.0,1250.0,50
Gujarat,Dahod,Dahod,Green Peas,Other,FAQ,2005-01-17 00:00:00,1200.0,1300.0,1250.0,50
Gujarat,Dahod,Dahod,Green Peas,Other,FAQ,2005-01-19 00:00:00,1200.0,1300.0,1250.0,50
Gujarat,Dahod,Dahod,Green Peas,Other,FAQ,2005-02-05 00:00:00,1100.0,1200.0,1150.0,50
Gujarat,Dahod,Dahod,Green Peas,Other,FAQ,2005-03-24 00:00:00,1000.0,1125.0,1125.0,50
Gujarat,Dahod,Dahod,Green Peas,Other,FAQ,2005-04-04 00:00:00,1035.0,1035.0,1035.0,50
Gujarat,Dahod,Dahod,Green Peas,Other,FAQ,2005-04-06 00:00:00,1050.0,1125.0,1100.0,50
Gujarat,Dahod,Dahod,Green Peas,Other,FAQ,2005-05-02 00:00:00,1050.0,1150.0,1100.0,50
Gujarat,Dahod,Dahod,Green Peas,Other,FAQ,2005-05-07 00:00:00,1050.0,1100.0,1075.0,50
Gujarat,Dahod,Dahod,Green Peas,Other,FAQ,2005-05-16 00:00:00,1040.0,1150.0,1095.0,50
Gujarat,Dahod,Dahod,Green Peas,Other,FAQ,2005-05-17 00:00:00,1040.0,1150.0,1095.0,50
Gujarat,Dahod,Dahod,Green Peas,Other,FAQ,2005-06-03 00:00:00,1040.0,1140.0,1100.0,50
Gujarat,Dahod,Dahod,Green Peas,Other,FAQ,2005-06-06 00:00:00,1040.0,1140.0,1100.0,50
Gujarat,Dahod,Dahod,Green Peas,Other,FAQ,2005-06-15 00:00:00,1075.0,1125.0,1100.0,50
Gujarat,Dahod,Dahod,Green Peas,Other,FAQ,2005-07-11 00:00:00,1050.0,1150.0,1100.0,50
Gujarat,Dahod,Dahod,Green Peas,Other,FAQ,2005-07-13 00:00:00,1050.0,1150.0,1100.0,50
Gujarat,Dahod,Dahod,Green Peas,Other,FAQ,2005-07-14 00:00:00,1050.0,1150.0,1100.0,50
Gujarat,Dahod,Dahod,Green Peas,Other,FAQ,2005-07-15 00:00:00,1050.0,1150.0,1100.0,50
Gujarat,Dahod,Dahod,Green Peas,Other,FAQ,2005-08-04 00:00:00,1150.0,1250.0,1150.0,50
Gujarat,Dahod,Dahod,Green Peas,Other,FAQ,2005-08-08 00:00:00,1150.0,1250.0,1200.0,50
Gujarat,Dahod,Dahod,Green Peas,Other,FAQ,2005-08-23 00:00:00,1050.0,1250.0,1150.0,50
Gujarat,Dahod,Dahod,Green Peas,Other,FAQ,2005-09-02 00:00:00,1050.0,1250.0,1150.0,50
Gujarat,Dahod,Dahod,Green Peas,Other,FAQ,2005-11-30 00:00:00,1200.0,1300.0,1250.0,50
Gujarat,Kheda,Nadiad,Green Peas,Other,FAQ,2005-11-28 00:00:00,1950.0,2050.0,2000.0,50
Gujarat,Kheda,Nadiad,Green Peas,Other,FAQ,2005-12-06 00:00:00,1000.0,1200.0,1100.0,50
Gujarat,Kheda,Nadiad,Green Peas,Other,FAQ,2005-12-07 00:00:00,1000.0,1200.0,1100.0,50
Gujarat,Kheda,Nadiad,Green Peas,Other,FAQ,2005-12-16 00:00:00,950.0,1200.0,1075.0,50
Gujarat,Kheda,Nadiad,Green Peas,Other,FAQ,2005-12-20 00:00:00,1000.0,1100.0,1050.0,50
Gujarat,Kheda,Nadiad,Green Peas,Other,FAQ,2005-12-23 00:00:00,900.0,1000.0,950.0,50
Gujarat,Dahod,Dahod,Green Peas,Other,FAQ,2002-01-02 00:00:00,1150.0,1250.0,1200.0,50
Gujarat,Dahod,Dahod,Green Peas,Other,FAQ,2002-01-15 00:00:00,1150.0,1250.0,1200.0,50
Gujarat,Dahod,Dahod,Green Peas,Other,FAQ,2002-02-06 00:00:00,1150.0,1250.0,1200.0,50
Gujarat,Dahod,Dahod,Green Peas,Other,FAQ,2002-03-11 00:00:00,1050.0,1200.0,1150.0,50
Gujarat,Dahod,Dahod,Green Peas,Other,FAQ,2002-03-14 00:00:00,1050.0,1300.0,1250.0,50
Gujarat,Dahod,Dahod,Green Peas,Other,FAQ,2002-03-18 00:00:00,1050.0,1300.0,1250.0,50
Gujarat,Dahod,Dahod,Green Peas,Other,FAQ,2002-04-12 00:00:00,1050.0,1250.0,1225.0,50
Gujarat,Dahod,Dahod,Green Peas,Other,FAQ,2002-05-09 00:00:00,1100.0,1300.0,1200.0,50
Gujarat,Dahod,Dahod,Green Peas,Other,FAQ,2002-06-22 00:00:00,1250.0,1350.0,1300.0,50
Gujarat,Dahod,Dahod,Green Peas,Other,FAQ,2002-07-06 00:00:00,1250.0,1375.0,1325.0,50
Gujarat,Dahod,Dahod,Green Peas,Other,FAQ,2002-07-08 00:00:00,1250.0,1375.0,1340.0,50
Gujarat,Dahod,Dahod,Green Peas,Other,FAQ,2002-08-16 00:00:00,1250.0,1375.0,1325.0,50
Gujarat,Dahod,Dahod,Green Peas,Other,FAQ,2002-09-12 00:00:00,1250.0,1350.0,1325.0,50
Gujarat,Dahod,Dahod,Green Peas,Other,FAQ,2002-10-05 00:00:00,1250.0,1350.0,1325.0,50
Gujarat,Dahod,Dahod,Green Peas,Other,FAQ,2002-10-26 00:00:00,1350.0,1450.0,1400.0,50
Gujarat,Dahod,Dahod,Green Peas,Other,FAQ,2002-11-08 00:00:00,1325.0,1511.0,1425.0,50
Gujarat,Dahod,Dahod,Green Peas,Other,FAQ,2002-11-26 00:00:00,1325.0,1525.0,1450.0,50
Gujarat,Dahod,Dahod,Green Peas,Other,FAQ,2010-06-07 00:00:00,1500.0,2100.0,1900.0,50
Gujarat,Dahod,Dahod,Green Peas,Other,FAQ,2010-06-17 00:00:00,1500.0,2100.0,1900.0,50
Gujarat,Dahod,Dahod,Green Peas,Other,FAQ,2010-06-29 00:00:00,1500.0,2100.0,1900.0,50
Gujarat,Dahod,Dahod,Green Peas,Other,FAQ,2010-07-02 00:00:00,1500.0,2100.0,2000.0,50
Gujarat,Dahod,Dahod,Green Peas,Other,FAQ,2010-07-08 00:00:00,1500.0,2100.0,1800.0,50
Gujarat,Dahod,Dahod,Green Peas,Other,FAQ,2010-07-09 00:00:00,1500.0,2100.0,1950.0,50
Gujarat,Dahod,Dahod,Green Peas,Other,FAQ,2010-07-20 00:00:00,1500.0,2100.0,1950.0,50
Gujarat,Dahod,Dahod,Green Peas,Other,FAQ,2010-07-23 00:00:00,1500.0,2100.0,1960.0,50
Gujarat,Dahod,Dahod,Green Peas,Other,FAQ,2010-07-28 00:00:00,1500.0,2100.0,1950.0,50
Gujarat,Dahod,Dahod,Green Peas,Other,FAQ,2010-08-25 00:00:00,1500.0,2100.0,1700.0,50
Gujarat,Dahod,Dahod,Green Peas,Other,FAQ,2010-09-06 00:00:00,1500.0,2100.0,1800.0,50
Gujarat,Dahod,Dahod,Green Peas,Other,FAQ,2010-09-08 00:00:00,1500.0,2100.0,1800.0,50
Gujarat,Dahod,Dahod,Green Peas,Other,FAQ,2010-09-14 00:00:00,1500.0,2100.0,1800.0,50
Gujarat,Dahod,Dahod,Green Peas,Other,FAQ,2010-09-16 00:00:00,1500.0,2100.0,1800.0,50
Gujarat,Dahod,Dahod,Green Peas,Other,FAQ,2010-09-18 00:00:00,1500.0,2100.0,1800.0,50
Gujarat,Dahod,Dahod,Green Peas,Other,FAQ,2010-09-22 00:00:00,1500.0,2100.0,1800.0,50
Gujarat,Dahod,Dahod,Green Peas,Other,FAQ,2010-09-30 00:00:00,1750.0,1950.0,1850.0,50
Gujarat,Dahod,Dahod,Green Peas,Other,FAQ,2010-10-05 00:00:00,1750.0,1950.0,1850.0,50
Gujarat,Dahod,Dahod,Green Peas,Other,FAQ,2010-10-15 00:00:00,1750.0,1950.0,1850.0,50
Gujarat,Dahod,Dahod,Green Peas,Other,FAQ,2010-10-19 00:00:00,1750.0,1950.0,1850.0,50
Gujarat,Dahod,Dahod,Green Peas,Other,FAQ,2010-10-22 00:00:00,1750.0,1950.0,1850.0,50
Gujarat,Dahod,Dahod,Green Peas,Other,FAQ,2010-11-26 00:00:00,1750.0,1950.0,1800.0,50
Gujarat,Dahod,Dahod,Green Peas,Other,FAQ,2010-11-30 00:00:00,1800.0,2500.0,2000.0,50
Gujarat,Dahod,Dahod,Green Peas,Other,FAQ,2010-12-06 00:00:00,1800.0,2500.0,2200.0,50
Gujarat,Dahod,Dahod,Green Peas,Other,FAQ,2010-12-09 00:00:00,1800.0,2500.0,2000.0,50
Gujarat,Dahod,Dahod,Green Peas,Other,FAQ,2010-12-30 00:00:00,1800.0,2500.0,2100.0,50
Gujarat,Dahod,Dahod,Green Peas,Green Peas,FAQ,2011-08-09 00:00:00,1600.0,2000.0,1800.0,50
Gujarat,Dahod,Dahod,Green Peas,Green Peas,FAQ,2011-10-24 00:00:00,1600.0,1800.0,1700.0,50
Gujarat,Dahod,Dahod,Green Peas,Green Peas,FAQ,2011-11-02 00:00:00,1600.0,1800.0,1650.0,50
Gujarat,Dahod,Dahod,Green Peas,Green Peas,FAQ,2011-11-11 00:00:00,1600.0,1800.0,1700.0,50
Gujarat,Dahod,Dahod,Green Peas,Green Peas,FAQ,2011-11-15 00:00:00,1600.0,1800.0,1700.0,50
Gujarat,Dahod,Dahod,Green Peas,Green Peas,FAQ,2011-11-28 00:00:00,1600.0,1800.0,1700.0,50
Gujarat,Dahod,Dahod,Green Peas,Green Peas,FAQ,2011-12-14 00:00:00,1600.0,1800.0,1650.0,50
Gujarat,Dahod,Dahod,Green Peas,Green Peas,FAQ,2011-12-20 00:00:00,1600.0,1800.0,1700.0,50
Gujarat,Dahod,Dahod,Green Peas,Green Peas,FAQ,2011-12-23 00:00:00,1600.0,1800.0,1700.0,50
Gujarat,Dahod,Dahod,Green Peas,Green Peas,FAQ,2011-12-24 00:00:00,1600.0,1800.0,1725.0,50
Gujarat,Dahod,Dahod,Green Peas,Green Peas,FAQ,2011-12-27 00:00:00,1600.0,1800.0,1700.0,50
Gujarat,Dahod,Dahod,Green Peas,Other,FAQ,2011-01-21 00:00:00,1800.0,2300.0,2200.0,50
Gujarat,Dahod,Dahod,Green Peas,Other,FAQ,2011-01-31 00:00:00,2900.0,3100.0,3050.0,50
Gujarat,Dahod,Dahod,Green Peas,Other,FAQ,2011-02-24 00:00:00,2050.0,2050.0,2050.0,50
Gujarat,Dahod,Dahod,Green Peas,Other,FAQ,2011-03-04 00:00:00,1800.0,1950.0,1900.0,50
Gujarat,Dahod,Dahod,Green Peas,Other,FAQ,2011-03-09 00:00:00,1925.0,1925.0,1925.0,50
Gujarat,Dahod,Dahod,Green Peas,Other,FAQ,2011-03-12 00:00:00,1921.0,1921.0,1921.0,50
Gujarat,Dahod,Dahod,Green Peas,Other,FAQ,2011-03-17 00:00:00,1900.0,1900.0,1900.0,50
Gujarat,Dahod,Dahod,Green Peas,Other,FAQ,2011-03-18 00:00:00,1900.0,1900.0,1900.0,50
Gujarat,Dahod,Dahod,Green Peas,Other,FAQ,2011-03-24 00:00:00,1900.0,1900.0,1900.0,50
Gujarat,Dahod,Dahod,Green Peas,Other,FAQ,2011-04-01 00:00:00,1900.0,1900.0,1900.0,50
Gujarat,Dahod,Dahod,Green Peas,Other,FAQ,2011-04-13 00:00:00,1900.0,1900.0,1900.0,50
Gujarat,Dahod,Dahod,Green Peas,Other,FAQ,2011-04-15 00:00:00,1900.0,1900.0,1900.0,50
Gujarat,Dahod,Dahod,Green Peas,Other,FAQ,2011-04-29 00:00:00,1900.0,1915.0,1905.0,50
Gujarat,Dahod,Dahod,Green Peas,Other,FAQ,2011-05-27 00:00:00,1600.0,1900.0,1800.0,50
Gujarat,Dahod,Dahod,Green Peas,Other,FAQ,2011-05-28 00:00:00,1600.0,1900.0,1800.0,50
Gujarat,Dahod,Dahod,Green Peas,Other,FAQ,2011-06-07 00:00:00,1600.0,1900.0,1850.0,50
Gujarat,Dahod,Dahod,Green Peas,Other,FAQ,2011-06-15 00:00:00,1600.0,1900.0,1800.0,50
Gujarat,Dahod,Dahod,Green Peas,Other,FAQ,2002-01-19 00:00:00,1150.0,1250.0,1200.0,50
Gujarat,Dahod,Dahod,Green Peas,Other,FAQ,2002-02-13 00:00:00,1150.0,1250.0,1200.0,50
Gujarat,Dahod,Dahod,Green Peas,Other,FAQ,2002-02-15 00:00:00,1150.0,1250.0,1200.0,50
Gujarat,Dahod,Dahod,Green Peas,Other,FAQ,2002-02-16 00:00:00,1150.0,1250.0,1200.0,50
Gujarat,Dahod,Dahod,Green Peas,Other,FAQ,2002-02-25 00:00:00,1150.0,1250.0,1200.0,50
Gujarat,Dahod,Dahod,Green Peas,Other,FAQ,2002-04-03 00:00:00,1050.0,1250.0,1200.0,50
Gujarat,Dahod,Dahod,Green Peas,Other,FAQ,2002-07-01 00:00:00,1250.0,1375.0,1300.0,50
Gujarat,Dahod,Dahod,Green Peas,Other,FAQ,2002-07-16 00:00:00,1250.0,1325.0,1300.0,50
Gujarat,Dahod,Dahod,Green Peas,Other,FAQ,2002-08-26 00:00:00,1250.0,1375.0,1325.0,50
Gujarat,Dahod,Dahod,Green Peas,Other,FAQ,2002-11-16 00:00:00,1325.0,1525.0,1480.0,50
Gujarat,Dahod,Dahod,Green Peas,Other,FAQ,2007-01-20 00:00:00,1200.0,1300.0,1250.0,50
Gujarat,Dahod,Dahod,Green Peas,Other,FAQ,2007-01-29 00:00:00,1250.0,1540.0,1400.0,50
Gujarat,Dahod,Dahod,Green Peas,Other,FAQ,2007-02-02 00:00:00,1200.0,1400.0,1300.0,50
Gujarat,Dahod,Dahod,Green Peas,Other,FAQ,2007-02-08 00:00:00,1300.0,1500.0,1400.0,50
Gujarat,Dahod,Dahod,Green Peas,Other,FAQ,2007-02-21 00:00:00,1400.0,1640.0,1550.0,50
Gujarat,Dahod,Dahod,Green Peas,Other,FAQ,2007-02-28 00:00:00,1425.0,1639.0,1530.0,50
Gujarat,Dahod,Dahod,Green Peas,Other,FAQ,2007-03-01 00:00:00,1425.0,1642.0,1550.0,50
Gujarat,Dahod,Dahod,Green Peas,Other,FAQ,2007-03-10 00:00:00,1425.0,1625.0,1600.0,50
Gujarat,Dahod,Dahod,Green Peas,Other,FAQ,2007-03-13 00:00:00,1421.0,1625.0,1550.0,50
Gujarat,Dahod,Dahod,Green Peas,Other,FAQ,2007-03-14 00:00:00,1425.0,1625.0,1550.0,50
Gujarat,Dahod,Dahod,Green Peas,Other,FAQ,2007-03-15 00:00:00,1425.0,1625.0,1600.0,50
Gujarat,Dahod,Dahod,Green Peas,Other,FAQ,2007-03-28 00:00:00,1691.0,1725.0,1691.0,50
Gujarat,Dahod,Dahod,Green Peas,Other,FAQ,2007-04-28 00:00:00,1625.0,1825.0,1750.0,50
Gujarat,Dahod,Dahod,Green Peas,Other,FAQ,2007-05-04 00:00:00,1650.0,1800.0,1750.0,50
Gujarat,Dahod,Dahod,Green Peas,Other,FAQ,2007-05-09 00:00:00,1649.0,1800.0,1725.0,50
Gujarat,Dahod,Dahod,Green Peas,Other,FAQ,2007-05-23 00:00:00,1575.0,1775.0,1675.0,50
Gujarat,Dahod,Dahod,Green Peas,Other,FAQ,2007-05-24 00:00:00,1575.0,1775.0,1680.0,50
Gujarat,Dahod,Dahod,Green Peas,Other,FAQ,2007-06-07 00:00:00,1450.0,1700.0,1575.0,50
Gujarat,Dahod,Dahod,Green Peas,Other,FAQ,2007-06-16 00:00:00,1500.0,1800.0,1700.0,50
Gujarat,Dahod,Dahod,Green Peas,Other,FAQ,2007-06-18 00:00:00,1500.0,1800.0,1675.0,50
Gujarat,Dahod,Dahod,Green Peas,Other,FAQ,2007-06-23 00:00:00,1500.0,1800.0,1650.0,50
Gujarat,Dahod,Dahod,Green Peas,Other,FAQ,2007-06-28 00:00:00,1500.0,1800.0,1650.0,50
Gujarat,Dahod,Dahod,Green Peas,Other,FAQ,2007-07-02 00:00:00,1550.0,1800.0,1650.0,50
Gujarat,Dahod,Dahod,Green Peas,Other,FAQ,2007-07-11 00:00:00,1550.0,1800.0,1675.0,50
Gujarat,Dahod,Dahod,Green Peas,Other,FAQ,2007-07-24 00:00:00,1500.0,1800.0,1700.0,50
Gujarat,Dahod,Dahod,Green Peas,Other,FAQ,2007-08-13 00:00:00,1550.0,1700.0,1650.0,50
Gujarat,Dahod,Dahod,Green Peas,Other,FAQ,2007-08-22 00:00:00,1550.0,1750.0,1700.0,50
Gujarat,Dahod,Dahod,Green Peas,Other,FAQ,2007-08-24 00:00:00,1500.0,1725.0,1650.0,50
Gujarat,Dahod,Dahod,Green Peas,Other,FAQ,2007-10-10 00:00:00,1500.0,1700.0,1600.0,50
Gujarat,Dahod,Dahod,Green Peas,Other,FAQ,2007-10-18 00:00:00,1500.0,1700.0,1600.0,50
Gujarat,Dahod,Dahod,Green Peas,Other,FAQ,2007-11-01 00:00:00,1500.0,1700.0,1600.0,50
Gujarat,Dahod,Dahod,Green Peas,Other,FAQ,2007-11-07 00:00:00,1600.0,1800.0,1700.0,50
Gujarat,Dahod,Dahod,Green Peas,Other,FAQ,2007-11-12 00:00:00,1600.0,1800.0,1700.0,50
Gujarat,Dahod,Dahod,Green Peas,Other,FAQ,2007-11-22 00:00:00,1600.0,1800.0,1800.0,50
Gujarat,Dahod,Dahod,Green Peas,Other,FAQ,2007-12-03 00:00:00,1700.0,1800.0,1750.0,50
Gujarat,Dahod,Dahod,Green Peas,Other,FAQ,2007-12-05 00:00:00,1700.0,1800.0,1750.0,50
Gujarat,Dahod,Dahod,Green Peas,Other,FAQ,2007-12-10 00:00:00,1700.0,1800.0,1750.0,50
Gujarat,Dahod,Dahod,Green Peas,Other,FAQ,2007-12-29 00:00:00,1550.0,1750.0,1700.0,50
Gujarat,Kheda,Nadiad,Green Peas,Green Peas,FAQ,2007-01-17 00:00:00,900.0,1000.0,950.0,50
Gujarat,Kheda,Nadiad,Green Peas,Green Peas,FAQ,2007-02-17 00:00:00,700.0,800.0,750.0,50
Gujarat,Kheda,Nadiad,Green Peas,Green Peas,FAQ,2007-02-24 00:00:00,600.0,700.0,650.0,50
Gujarat,Kheda,Nadiad,Green Peas,Other,FAQ,2007-12-20 00:00:00,1225.0,1325.0,1275.0,50
Gujarat,Navsari,Bilimora,Green Peas,Other,FAQ,2007-01-04 00:00:00,800.0,1000.0,900.0,50
Gujarat,Navsari,Bilimora,Green Peas,Other,FAQ,2007-01-05 00:00:00,800.0,1000.0,900.0,50
Gujarat,Navsari,Bilimora,Green Peas,Other,FAQ,2007-01-06 00:00:00,800.0,1000.0,900.0,50
Gujarat,Navsari,Bilimora,Green Peas,Other,FAQ,2007-01-08 00:00:00,800.0,1000.0,900.0,50
Gujarat,Navsari,Bilimora,Green Peas,Other,FAQ,2007-01-11 00:00:00,800.0,1050.0,1000.0,50
Gujarat,Navsari,Bilimora,Green Peas,Other,FAQ,2007-01-18 00:00:00,700.0,800.0,750.0,50
Gujarat,Navsari,Bilimora,Green Peas,Other,FAQ,2007-01-21 00:00:00,800.0,900.0,850.0,50
Gujarat,Navsari,Bilimora,Green Peas,Other,FAQ,2007-01-23 00:00:00,700.0,800.0,750.0,50
Gujarat,Navsari,Bilimora,Green Peas,Other,FAQ,2007-01-27 00:00:00,700.0,900.0,800.0,50
Gujarat,Navsari,Bilimora,Green Peas,Other,FAQ,2007-01-30 00:00:00,600.0,800.0,700.0,50
Gujarat,Navsari,Bilimora,Green Peas,Other,FAQ,2007-02-12 00:00:00,800.0,1000.0,900.0,50
Gujarat,Navsari,Bilimora,Green Peas,Other,FAQ,2007-02-25 00:00:00,1000.0,1300.0,1200.0,50
Gujarat,Navsari,Bilimora,Green Peas,Other,FAQ,2007-03-02 00:00:00,1200.0,1400.0,1300.0,50
Gujarat,Navsari,Bilimora,Green Peas,Other,FAQ,2007-03-03 00:00:00,1200.0,1500.0,1400.0,50
Gujarat,Navsari,Bilimora,Green Peas,Other,FAQ,2007-03-13 00:00:00,1100.0,1400.0,1200.0,50
Gujarat,Navsari,Bilimora,Green Peas,Other,FAQ,2007-03-20 00:00:00,1200.0,1400.0,1300.0,50
Gujarat,Navsari,Bilimora,Green Peas,Other,FAQ,2007-03-24 00:00:00,1500.0,1800.0,1600.0,50
Gujarat,Navsari,Bilimora,Green Peas,Other,FAQ,2007-04-01 00:00:00,1500.0,1800.0,1600.0,50
Gujarat,Navsari,Bilimora,Green Peas,Other,FAQ,2007-04-10 00:00:00,2400.0,2600.0,2500.0,50
Gujarat,Navsari,Bilimora,Green Peas,Other,FAQ,2007-04-14 00:00:00,2200.0,2400.0,2300.0,50
Gujarat,Navsari,Bilimora,Green Peas,Other,FAQ,2007-04-25 00:00:00,1800.0,2000.0,1900.0,50
Gujarat,Navsari,Bilimora,Green Peas,Other,FAQ,2007-04-27 00:00:00,2000.0,2300.0,2200.0,50
Gujarat,Navsari,Bilimora,Green Peas,Other,FAQ,2007-05-01 00:00:00,2800.0,3000.0,2900.0,50
Gujarat,Navsari,Bilimora,Green Peas,Other,FAQ,2007-05-04 00:00:00,3000.0,3200.0,3100.0,50
Gujarat,Navsari,Bilimora,Green Peas,Other,FAQ,2007-05-06 00:00:00,2500.0,3000.0,2750.0,50
Gujarat,Navsari,Bilimora,Green Peas,Other,FAQ,2007-05-11 00:00:00,3300.0,3500.0,3400.0,50
Gujarat,Navsari,Bilimora,Green Peas,Other,FAQ,2007-05-12 00:00:00,3250.0,3500.0,3400.0,50
Gujarat,Vadodara(Baroda),Vadodara,Green Peas,Other,FAQ,2007-02-26 00:00:00,1400.0,1650.0,1525.0,50
Gujarat,Vadodara(Baroda),Vadodara,Green Peas,Other,FAQ,2007-03-30 00:00:00,1850.0,2000.0,1925.0,50
Gujarat,Dahod,Dahod,Green Peas,Other,FAQ,2024-01-05 00:00:00,3200.0,3800.0,3700.0,50
Gujarat,Dahod,Dahod,Green Peas,Other,FAQ,2024-02-01 00:00:00,3400.0,4000.0,3700.0,50
Gujarat,Dahod,Dahod,Green Peas,Other,FAQ,2024-02-02 00:00:00,3400.0,4000.0,3800.0,50
Gujarat,Dahod,Dahod,Green Peas,Other,FAQ,2024-02-10 00:00:00,3400.0,4000.0,3800.0,50
Gujarat,Dahod,Dahod,Green Peas,Other,FAQ,2024-02-13 00:00:00,3400.0,4000.0,3600.0,50
Gujarat,Dahod,Dahod,Green Peas,Other,FAQ,2024-02-28 00:00:00,3400.0,4000.0,3800.0,50
Gujarat,Dahod,Dahod,Green Peas,Other,FAQ,2025-01-22 00:00:00,3000.0,4000.0,3500.0,50
Gujarat,Dahod,Dahod,Green Peas,Other,FAQ,2024-11-21 00:00:00,3000.0,5000.0,4000.0,50
Gujarat,Dahod,Dahod,Green Peas,Other,FAQ,2009-01-27 00:00:00,1400.0,1700.0,1600.0,50
Gujarat,Dahod,Dahod,Green Peas,Other,FAQ,2009-01-28 00:00:00,1400.0,1700.0,1600.0,50
Gujarat,Dahod,Dahod,Green Peas,Other,FAQ,2009-02-11 00:00:00,1500.0,1850.0,1700.0,50
Gujarat,Dahod,Dahod,Green Peas,Other,FAQ,2009-02-17 00:00:00,1500.0,1850.0,1650.0,50
Gujarat,Dahod,Dahod,Green Peas,Other,FAQ,2009-02-19 00:00:00,1500.0,1850.0,1650.0,50
Gujarat,Dahod,Dahod,Green Peas,Other,FAQ,2009-03-16 00:00:00,1600.0,1800.0,1700.0,50
Gujarat,Dahod,Dahod,Green Peas,Other,FAQ,2009-03-30 00:00:00,1275.0,1700.0,1300.0,50
Gujarat,Dahod,Dahod,Green Peas,Other,FAQ,2009-04-06 00:00:00,1250.0,1700.0,1600.0,50
Gujarat,Dahod,Dahod,Green Peas,Other,FAQ,2009-04-11 00:00:00,1300.0,1800.0,1350.0,50
Gujarat,Dahod,Dahod,Green Peas,Other,FAQ,2009-04-15 00:00:00,1250.0,1800.0,1675.0,50
Gujarat,Dahod,Dahod,Green Peas,Other,FAQ,2009-04-16 00:00:00,1300.0,1800.0,1450.0,50
Gujarat,Dahod,Dahod,Green Peas,Other,FAQ,2009-05-16 00:00:00,1250.0,1800.0,1475.0,50
Gujarat,Dahod,Dahod,Green Peas,Other,FAQ,2009-05-19 00:00:00,1250.0,1800.0,1475.0,50
Gujarat,Dahod,Dahod,Green Peas,Other,FAQ,2009-05-21 00:00:00,1250.0,1800.0,1475.0,50
Gujarat,Dahod,Dahod,Green Peas,Other,FAQ,2009-05-29 00:00:00,1350.0,1800.0,1500.0,50
Gujarat,Dahod,Dahod,Green Peas,Other,FAQ,2009-06-06 00:00:00,1350.0,1800.0,1500.0,50
Gujarat,Dahod,Dahod,Green Peas,Other,FAQ,2009-07-07 00:00:00,1350.0,2000.0,1675.0,50
Gujarat,Dahod,Dahod,Green Peas,Other,FAQ,2009-07-24 00:00:00,1350.0,2000.0,1675.0,50
Gujarat,Dahod,Dahod,Green Peas,Other,FAQ,2009-08-10 00:00:00,1500.0,2100.0,1800.0,50
Gujarat,Dahod,Dahod,Green Peas,Other,FAQ,2009-08-21 00:00:00,1500.0,2100.0,1850.0,50
Gujarat,Dahod,Dahod,Green Peas,Other,FAQ,2009-08-24 00:00:00,1500.0,2100.0,1850.0,50
Gujarat,Dahod,Dahod,Green Peas,Other,FAQ,2009-09-12 00:00:00,1400.0,2000.0,1600.0,50
Gujarat,Dahod,Dahod,Green Peas,Other,FAQ,2009-10-13 00:00:00,1400.0,2100.0,1700.0,50
Gujarat,Dahod,Dahod,Green Peas,Other,FAQ,2009-11-17 00:00:00,1600.0,2500.0,2100.0,50
Gujarat,Dahod,Dahod,Green Peas,Other,FAQ,2009-11-18 00:00:00,1600.0,2500.0,2100.0,50
Gujarat,Dahod,Dahod,Green Peas,Other,FAQ,2009-11-21 00:00:00,1600.0,2500.0,2100.0,50
Gujarat,Dahod,Dahod,Green Peas,Other,FAQ,2009-12-01 00:00:00,1600.0,2500.0,2100.0,50
Gujarat,Dahod,Dahod,Green Peas,Other,FAQ,2009-12-10 00:00:00,1600.0,2500.0,2100.0,50
Gujarat,Dahod,Dahod,Green Peas,Other,FAQ,2009-12-16 00:00:00,1600.0,2500.0,2100.0,50
Gujarat,Dahod,Dahod,Green Peas,Other,FAQ,2020-01-01 00:00:00,3500.0,3800.0,3700.0,50
Gujarat,Dahod,Dahod,Green Peas,Other,FAQ,2020-01-06 00:00:00,3500.0,3800.0,3700.0,50
Gujarat,Dahod,Dahod,Green Peas,Other,FAQ,2020-01-07 00:00:00,3500.0,3800.0,3650.0,50
Gujarat,Dahod,Dahod,Green Peas,Other,FAQ,2020-01-24 00:00:00,3500.0,3800.0,3600.0,50
Gujarat,Dahod,Dahod,Green Peas,Other,FAQ,2020-02-27 00:00:00,3400.0,3800.0,3700.0,50
Gujarat,Dahod,Dahod,Green Peas,Other,FAQ,2020-03-12 00:00:00,3400.0,3800.0,3600.0,50
Gujarat,Dahod,Dahod,Green Peas,Other,FAQ,2020-03-19 00:00:00,3000.0,3200.0,3100.0,50
Gujarat,Dahod,Dahod,Green Peas,Other,FAQ,2020-03-20 00:00:00,3000.0,3200.0,3100.0,50
Gujarat,Dahod,Dahod,Green Peas,Other,FAQ,2020-04-22 00:00:00,2800.0,3300.0,3000.0,50
Gujarat,Dahod,Dahod,Green Peas,Other,FAQ,2020-04-24 00:00:00,2800.0,3200.0,3000.0,50
Gujarat,Dahod,Dahod,Green Peas,Other,FAQ,2020-04-25 00:00:00,2800.0,3200.0,3000.0,50
Gujarat,Dahod,Dahod,Green Peas,Other,FAQ,2020-05-08 00:00:00,3000.0,3200.0,3100.0,50
Gujarat,Dahod,Dahod,Green Peas,Other,FAQ,2020-05-18 00:00:00,3000.0,3500.0,3300.0,50
Gujarat,Dahod,Dahod,Green Peas,Other,FAQ,2020-05-22 00:00:00,3000.0,3500.0,3300.0,50
Gujarat,Dahod,Dahod,Green Peas,Other,FAQ,2020-06-26 00:00:00,3000.0,3400.0,3300.0,50
Gujarat,Dahod,Dahod,Green Peas,Other,FAQ,2020-09-07 00:00:00,3300.0,3600.0,3425.0,50
Gujarat,Dahod,Dahod,Green Peas,Other,FAQ,2020-09-28 00:00:00,3500.0,4000.0,3650.0,50
Gujarat,Dahod,Dahod,Green Peas,Other,FAQ,2020-10-28 00:00:00,4000.0,4500.0,4300.0,50
Gujarat,Dahod,Dahod,Green Peas,Other,FAQ,2024-01-18 00:00:00,3400.0,4000.0,3800.0,50
Gujarat,Dahod,Dahod,Green Peas,Other,FAQ,2024-02-20 00:00:00,3400.0,4000.0,3800.0,50
Gujarat,Dahod,Dahod,Green Peas,Other,FAQ,2024-02-21 00:00:00,3400.0,4000.0,3800.0,50
Gujarat,Dahod,Dahod,Green Peas,Other,FAQ,2024-03-23 00:00:00,3400.0,4000.0,3600.0,50
Gujarat,Dahod,Dahod,Green Peas,Other,FAQ,2024-03-30 00:00:00,3400.0,4000.0,3800.0,50
Gujarat,Dahod,Dahod,Green Peas,Other,FAQ,2024-04-04 00:00:00,3400.0,4000.0,3850.0,50
Gujarat,Dahod,Dahod,Green Peas,Other,FAQ,2024-04-18 00:00:00,3400.0,4000.0,3815.0,50
Gujarat,Dahod,Dahod,Green Peas,Other,FAQ,2024-04-22 00:00:00,3400.0,4000.0,3850.0,50
Gujarat,Dahod,Dahod,Green Peas,Other,FAQ,2024-05-02 00:00:00,3400.0,4000.0,3800.0,50
Gujarat,Dahod,Dahod,Green Peas,Other,FAQ,2024-05-14 00:00:00,3400.0,4000.0,3700.0,50
Gujarat,Dahod,Dahod,Green Peas,Other,FAQ,2024-05-27 00:00:00,3400.0,3600.0,3500.0,50
Gujarat,Dahod,Dahod,Green Peas,Other,FAQ,2024-07-01 00:00:00,3500.0,4300.0,4000.0,50
Gujarat,Dahod,Dahod,Green Peas,Other,FAQ,2024-12-12 00:00:00,3400.0,5000.0,4650.0,50
Gujarat,Dahod,Dahod,Green Peas,Other,FAQ,2023-01-09 00:00:00,3200.0,3600.0,3400.0,50
Gujarat,Dahod,Dahod,Green Peas,Other,FAQ,2023-02-20 00:00:00,3100.0,3600.0,3300.0,50
Gujarat,Dahod,Dahod,Green Peas,Other,FAQ,2023-02-21 00:00:00,3100.0,3600.0,3400.0,50
Gujarat,Dahod,Dahod,Green Peas,Other,FAQ,2023-02-24 00:00:00,3100.0,3600.0,3200.0,50
Gujarat,Dahod,Dahod,Green Peas,Other,FAQ,2023-03-01 00:00:00,3100.0,3600.0,3400.0,50
Gujarat,Dahod,Dahod,Green Peas,Other,FAQ,2023-03-04 00:00:00,3200.0,3600.0,3400.0,50
Gujarat,Dahod,Dahod,Green Peas,Other,FAQ,2023-03-13 00:00:00,3200.0,3600.0,3400.0,50
Gujarat,Dahod,Dahod,Green Peas,Other,FAQ,2023-03-20 00:00:00,3200.0,3600.0,3400.0,50
Gujarat,Dahod,Dahod,Green Peas,Other,FAQ,2023-03-28 00:00:00,3200.0,3600.0,3400.0,50
Gujarat,Dahod,Dahod,Green Peas,Other,FAQ,2023-04-08 00:00:00,3200.0,3600.0,3565.0,50
Gujarat,Dahod,Dahod,Green Peas,Other,FAQ,2023-05-03 00:00:00,3200.0,3600.0,3400.0,50
Gujarat,Dahod,Dahod,Green Peas,Other,FAQ,2023-05-10 00:00:00,3200.0,3600.0,3500.0,50
Gujarat,Dahod,Dahod,Green Peas,Other,FAQ,2023-05-13 00:00:00,3200.0,3600.0,3400.0,50
Gujarat,Dahod,Dahod,Green Peas,Other,FAQ,2023-05-20 00:00:00,3200.0,3600.0,3400.0,50
Gujarat,Dahod,Dahod,Green Peas,Other,FAQ,2023-05-31 00:00:00,3200.0,3600.0,3400.0,50
Gujarat,Dahod,Dahod,Green Peas,Other,FAQ,2023-06-15 00:00:00,3200.0,3600.0,3400.0,50
Gujarat,Dahod,Dahod,Green Peas,Other,FAQ,2023-06-22 00:00:00,3200.0,3600.0,3400.0,50
Gujarat,Dahod,Dahod,Green Peas,Other,FAQ,2023-06-30 00:00:00,3200.0,3600.0,3400.0,50
Gujarat,Dahod,Dahod,Green Peas,Other,FAQ,2023-07-18 00:00:00,3400.0,3600.0,3500.0,50
Gujarat,Dahod,Dahod,Green Peas,Other,FAQ,2023-08-01 00:00:00,3000.0,3500.0,3300.0,50
Gujarat,Dahod,Dahod,Green Peas,Other,FAQ,2023-08-07 00:00:00,3000.0,3600.0,3300.0,50
Gujarat,Dahod,Dahod,Green Peas,Other,FAQ,2023-10-05 00:00:00,3500.0,4000.0,3800.0,50
Gujarat,Dahod,Dahod,Green Peas,Other,FAQ,2023-11-02 00:00:00,3600.0,4300.0,4000.0,50
Gujarat,Dahod,Dahod,Green Peas,Other,FAQ,2023-11-03 00:00:00,3600.0,4300.0,4000.0,50
Gujarat,Dahod,Dahod,Green Peas,Other,FAQ,2023-11-20 00:00:00,3600.0,4300.0,4000.0,50
Gujarat,Dahod,Dahod,Green Peas,Other,FAQ,2023-11-24 00:00:00,3600.0,4300.0,4000.0,50
Gujarat,Dahod,Dahod,Green Peas,Other,FAQ,2023-12-02 00:00:00,3600.0,4300.0,4150.0,50
Gujarat,Dahod,Dahod,Green Peas,Other,FAQ,2023-12-05 00:00:00,3600.0,4300.0,4150.0,50
Gujarat,Dahod,Dahod,Green Peas,Other,FAQ,2023-12-07 00:00:00,3600.0,4300.0,4150.0,50
Gujarat,Dahod,Dahod,Green Peas,Other,FAQ,2025-07-10 00:00:00,3000.0,3500.0,3300.0,50
Gujarat,Dahod,Dahod,Green Peas,Other,FAQ,2017-01-04 00:00:00,4500.0,5500.0,5200.0,50
Gujarat,Dahod,Dahod,Green Peas,Other,FAQ,2017-01-09 00:00:00,4500.0,5500.0,5200.0,50
Gujarat,Dahod,Dahod,Green Peas,Other,FAQ,2017-01-16 00:00:00,4500.0,5500.0,5200.0,50
Gujarat,Dahod,Dahod,Green Peas,Other,FAQ,2017-02-03 00:00:00,3000.0,5500.0,4000.0,50
Gujarat,Dahod,Dahod,Green Peas,Other,FAQ,2017-02-09 00:00:00,2500.0,3000.0,2900.0,50
Gujarat,Dahod,Dahod,Green Peas,Other,FAQ,2017-02-23 00:00:00,2500.0,3000.0,2900.0,50
Gujarat,Dahod,Dahod,Green Peas,Other,FAQ,2017-03-08 00:00:00,2500.0,3000.0,2600.0,50
Gujarat,Dahod,Dahod,Green Peas,Other,FAQ,2017-03-15 00:00:00,2550.0,3050.0,2700.0,50
Gujarat,Dahod,Dahod,Green Peas,Other,FAQ,2017-03-22 00:00:00,2500.0,3000.0,2600.0,50
Gujarat,Dahod,Dahod,Green Peas,Other,FAQ,2017-03-28 00:00:00,2500.0,3000.0,2800.0,50
Gujarat,Dahod,Dahod,Green Peas,Other,FAQ,2017-03-30 00:00:00,2500.0,3000.0,2700.0,50
Gujarat,Dahod,Dahod,Green Peas,Other,FAQ,2017-03-31 00:00:00,2500.0,3000.0,2800.0,50
Gujarat,Dahod,Dahod,Green Peas,Other,FAQ,2017-04-01 00:00:00,2500.0,3000.0,2700.0,50
Gujarat,Dahod,Dahod,Green Peas,Other,FAQ,2017-04-03 00:00:00,2500.0,3000.0,2700.0,50
Gujarat,Dahod,Dahod,Green Peas,Other,FAQ,2017-04-12 00:00:00,2500.0,3000.0,2800.0,50
Gujarat,Dahod,Dahod,Green Peas,Other,FAQ,2017-04-15 00:00:00,2500.0,3000.0,2700.0,50
Gujarat,Dahod,Dahod,Green Peas,Other,FAQ,2017-04-21 00:00:00,2500.0,3000.0,2700.0,50
Gujarat,Dahod,Dahod,Green Peas,Other,FAQ,2017-04-26 00:00:00,2500.0,3000.0,2800.0,50
Gujarat,Dahod,Dahod,Green Peas,Other,FAQ,2017-05-06 00:00:00,2000.0,2500.0,2400.0,50
Gujarat,Dahod,Dahod,Green Peas,Other,FAQ,2017-05-10 00:00:00,2000.0,2500.0,2300.0,50
Gujarat,Dahod,Dahod,Green Peas,Other,FAQ,2017-05-11 00:00:00,2000.0,2500.0,2300.0,50
Gujarat,Dahod,Dahod,Green Peas,Other,FAQ,2017-05-20 00:00:00,2000.0,2500.0,2300.0,50
Gujarat,Dahod,Dahod,Green Peas,Other,FAQ,2017-05-22 00:00:00,2000.0,2500.0,2300.0,50
Gujarat,Dahod,Dahod,Green Peas,Other,FAQ,2017-05-23 00:00:00,2000.0,2500.0,2300.0,50
Gujarat,Dahod,Dahod,Green Peas,Other,FAQ,2017-06-06 00:00:00,2000.0,2500.0,2300.0,50
Gujarat,Dahod,Dahod,Green Peas,Other,FAQ,2017-06-07 00:00:00,2000.0,2500.0,2300.0,50
Gujarat,Dahod,Dahod,Green Peas,Other,FAQ,2017-06-17 00:00:00,2000.0,2500.0,2300.0,50
Gujarat,Dahod,Dahod,Green Peas,Other,FAQ,2017-06-21 00:00:00,2000.0,2500.0,2350.0,50
Gujarat,Dahod,Dahod,Green Peas,Other,FAQ,2017-07-11 00:00:00,2000.0,2600.0,2400.0,50
Gujarat,Dahod,Dahod,Green Peas,Other,FAQ,2017-07-13 00:00:00,2000.0,2600.0,2400.0,50
Gujarat,Dahod,Dahod,Green Peas,Other,FAQ,2017-07-15 00:00:00,2000.0,2600.0,2400.0,50
Gujarat,Dahod,Dahod,Green Peas,Other,FAQ,2017-07-19 00:00:00,2000.0,2600.0,2400.0,50
Gujarat,Dahod,Dahod,Green Peas,Other,FAQ,2017-07-24 00:00:00,2000.0,2600.0,2400.0,50
Gujarat,Dahod,Dahod,Green Peas,Other,FAQ,2017-08-09 00:00:00,2000.0,2600.0,2400.0,50
Gujarat,Dahod,Dahod,Green Peas,Other,FAQ,2017-08-11 00:00:00,2000.0,2600.0,2500.0,50
Gujarat,Dahod,Dahod,Green Peas,Other,FAQ,2017-08-17 00:00:00,2000.0,2600.0,2400.0,50
Gujarat,Dahod,Dahod,Green Peas,Other,FAQ,2017-08-18 00:00:00,2000.0,2600.0,2400.0,50
Gujarat,Dahod,Dahod,Green Peas,Other,FAQ,2017-09-01 00:00:00,1800.0,2150.0,2000.0,50
Gujarat,Dahod,Dahod,Green Peas,Other,FAQ,2017-09-06 00:00:00,2200.0,2600.0,2400.0,50
Gujarat,Dahod,Dahod,Green Peas,Other,FAQ,2017-09-16 00:00:00,2000.0,2700.0,2500.0,50
Gujarat,Dahod,Dahod,Green Peas,Other,FAQ,2017-09-19 00:00:00,2000.0,2700.0,2500.0,50
Gujarat,Dahod,Dahod,Green Peas,Other,FAQ,2017-09-22 00:00:00,2000.0,2700.0,2450.0,50
Gujarat,Dahod,Dahod,Green Peas,Other,FAQ,2017-09-23 00:00:00,2000.0,2700.0,2450.0,50
Gujarat,Dahod,Dahod,Green Peas,Other,FAQ,2017-10-24 00:00:00,2000.0,2700.0,2500.0,50
Gujarat,Dahod,Dahod,Green Peas,Other,FAQ,2017-10-25 00:00:00,2000.0,2700.0,2500.0,50
Gujarat,Dahod,Dahod,Green Peas,Other,FAQ,2017-10-26 00:00:00,2000.0,2700.0,2500.0,50
Gujarat,Dahod,Dahod,Green Peas,Other,FAQ,2017-10-27 00:00:00,2000.0,2700.0,2500.0,50
Gujarat,Dahod,Dahod,Green Peas,Other,FAQ,2017-10-31 00:00:00,2000.0,2700.0,2500.0,50
Gujarat,Dahod,Dahod,Green Peas,Other,FAQ,2017-11-01 00:00:00,2000.0,2600.0,2400.0,50
Gujarat,Dahod,Dahod,Green Peas,Other,FAQ,2017-11-04 00:00:00,2000.0,2600.0,2400.0,50
Gujarat,Dahod,Dahod,Green Peas,Other,FAQ,2017-11-07 00:00:00,2000.0,2600.0,2400.0,50
Gujarat,Dahod,Dahod,Green Peas,Other,FAQ,2017-11-08 00:00:00,2000.0,2600.0,2400.0,50
Gujarat,Dahod,Dahod,Green Peas,Other,FAQ,2017-11-20 00:00:00,2000.0,2600.0,2400.0,50
Gujarat,Dahod,Dahod,Green Peas,Other,FAQ,2017-11-22 00:00:00,2000.0,2600.0,2500.0,50
Gujarat,Dahod,Dahod,Green Peas,Other,FAQ,2017-11-23 00:00:00,2000.0,2600.0,2300.0,50
Gujarat,Dahod,Dahod,Green Peas,Other,FAQ,2017-11-28 00:00:00,2000.0,2600.0,2400.0,50
Gujarat,Dahod,Dahod,Green Peas,Other,FAQ,2017-12-04 00:00:00,2000.0,2600.0,2400.0,50
Gujarat,Dahod,Dahod,Green Peas,Other,FAQ,2017-12-18 00:00:00,1800.0,2500.0,2000.0,50
Gujarat,Dahod,Dahod,Green Peas,Other,FAQ,2017-12-19 00:00:00,1800.0,2500.0,2200.0,50
Gujarat,Dahod,Dahod,Green Peas,Other,FAQ,2017-12-26 00:00:00,1800.0,2600.0,2000.0,50
Gujarat,Dahod,Dahod,Green Peas,Other,FAQ,2017-12-27 00:00:00,1800.0,2500.0,2000.0,50
Gujarat,Dahod,Dahod,Green Peas,Other,FAQ,2017-12-30 00:00:00,1800.0,2600.0,2200.0,50
Gujarat,Patan,Sami,Green Peas,Gemin Peas Dal,FAQ,2017-03-03 00:00:00,4750.0,4955.0,4905.0,50
Gujarat,Patan,Sami,Green Peas,Gemin Peas Dal,FAQ,2017-03-04 00:00:00,4700.0,4875.0,4800.0,50
Gujarat,Patan,Sami,Green Peas,Gemin Peas Dal,FAQ,2017-03-07 00:00:00,4600.0,4810.0,4700.0,50
Gujarat,Patan,Sami,Green Peas,Gemin Peas Dal,FAQ,2017-03-09 00:00:00,4700.0,4900.0,4800.0,50
Gujarat,Patan,Sami,Green Peas,Gemin Peas Dal,FAQ,2017-03-15 00:00:00,4700.0,4925.0,4800.0,50
Gujarat,Patan,Sami,Green Peas,Gemin Peas Dal,FAQ,2017-03-16 00:00:00,4650.0,4825.0,4725.0,50
Gujarat,Patan,Sami,Green Peas,Gemin Peas Dal,FAQ,2017-03-22 00:00:00,4750.0,5555.0,5300.0,50
Gujarat,Patan,Sami,Green Peas,Gemin Peas Dal,FAQ,2017-04-06 00:00:00,5500.0,5750.0,5700.0,50
Gujarat,Patan,Sami,Green Peas,Gemin Peas Dal,FAQ,2017-04-20 00:00:00,5250.0,5625.0,5500.0,50
Gujarat,Patan,Sami,Green Peas,Gemin Peas Dal,FAQ,2017-04-21 00:00:00,5375.0,5675.0,5625.0,50
Gujarat,Patan,Sami,Green Peas,Gemin Peas Dal,FAQ,2017-04-26 00:00:00,5200.0,5450.0,5325.0,50
Gujarat,Patan,Sami,Green Peas,Gemin Peas Dal,FAQ,2017-05-16 00:00:00,5350.0,5555.0,5500.0,50
Gujarat,Patan,Sami,Green Peas,Gemin Peas Dal,FAQ,2017-05-18 00:00:00,5350.0,5515.0,5500.0,50
Gujarat,Patan,Sami,Green Peas,Gemin Peas Dal,FAQ,2017-06-02 00:00:00,4750.0,4975.0,4900.0,50
Gujarat,Patan,Sami,Green Peas,Gemin Peas Dal,FAQ,2017-06-05 00:00:00,4650.0,4800.0,4750.0,50
Gujarat,Patan,Sami,Green Peas,Green Peas,FAQ,2017-02-06 00:00:00,5000.0,5325.0,5290.0,50
Gujarat,Patan,Sami,Green Peas,Green Peas,FAQ,2017-02-15 00:00:00,4750.0,4865.0,4800.0,50
Gujarat,Dahod,Dahod,Green Peas,Other,FAQ,2017-01-13 00:00:00,4500.0,5500.0,5200.0,50
Gujarat,Dahod,Dahod,Green Peas,Other,FAQ,2017-01-19 00:00:00,4500.0,5500.0,5200.0,50
Gujarat,Dahod,Dahod,Green Peas,Other,FAQ,2017-01-20 00:00:00,4500.0,5500.0,5200.0,50
Gujarat,Dahod,Dahod,Green Peas,Other,FAQ,2017-02-06 00:00:00,2300.0,2650.0,2500.0,50
Gujarat,Dahod,Dahod,Green Peas,Other,FAQ,2017-02-14 00:00:00,2500.0,3000.0,2900.0,50
Gujarat,Dahod,Dahod,Green Peas,Other,FAQ,2017-02-17 00:00:00,2500.0,3000.0,2900.0,50
Gujarat,Dahod,Dahod,Green Peas,Other,FAQ,2017-02-21 00:00:00,2500.0,3000.0,2600.0,50
Gujarat,Dahod,Dahod,Green Peas,Other,FAQ,2017-02-27 00:00:00,2500.0,3000.0,2550.0,50
Gujarat,Dahod,Dahod,Green Peas,Other,FAQ,2017-03-14 00:00:00,2500.0,3000.0,2700.0,50
Gujarat,Dahod,Dahod,Green Peas,Other,FAQ,2017-03-17 00:00:00,2500.0,3000.0,2600.0,50
Gujarat,Dahod,Dahod,Green Peas,Other,FAQ,2017-03-18 00:00:00,2500.0,3000.0,2700.0,50
Gujarat,Dahod,Dahod,Green Peas,Other,FAQ,2017-03-24 00:00:00,2500.0,3000.0,2600.0,50
Gujarat,Dahod,Dahod,Green Peas,Other,FAQ,2017-03-25 00:00:00,2500.0,3000.0,2600.0,50
Gujarat,Dahod,Dahod,Green Peas,Other,FAQ,2017-03-29 00:00:00,2500.0,3000.0,2800.0,50
Gujarat,Dahod,Dahod,Green Peas,Other,FAQ,2017-04-07 00:00:00,2500.0,3000.0,2800.0,50
Gujarat,Dahod,Dahod,Green Peas,Other,FAQ,2017-04-08 00:00:00,2500.0,3000.0,2800.0,50
Gujarat,Dahod,Dahod,Green Peas,Other,FAQ,2017-04-14 00:00:00,2500.0,3000.0,2800.0,50
Gujarat,Dahod,Dahod,Green Peas,Other,FAQ,2017-04-19 00:00:00,2500.0,3000.0,2700.0,50
Gujarat,Dahod,Dahod,Green Peas,Other,FAQ,2017-04-20 00:00:00,2500.0,3000.0,2700.0,50
Gujarat,Dahod,Dahod,Green Peas,Other,FAQ,2017-04-22 00:00:00,2500.0,3000.0,2800.0,50
Gujarat,Dahod,Dahod,Green Peas,Other,FAQ,2017-05-03 00:00:00,2000.0,2500.0,2300.0,50
Gujarat,Dahod,Dahod,Green Peas,Other,FAQ,2017-05-05 00:00:00,2000.0,2500.0,2400.0,50
Gujarat,Dahod,Dahod,Green Peas,Other,FAQ,2017-05-09 00:00:00,2000.0,2500.0,2300.0,50
Gujarat,Dahod,Dahod,Green Peas,Other,FAQ,2017-05-15 00:00:00,2000.0,2500.0,2300.0,50
Gujarat,Dahod,Dahod,Green Peas,Other,FAQ,2017-05-16 00:00:00,2000.0,2500.0,2300.0,50
Gujarat,Dahod,Dahod,Green Peas,Other,FAQ,2017-05-17 00:00:00,2000.0,2500.0,2300.0,50
Gujarat,Dahod,Dahod,Green Peas,Other,FAQ,2017-05-26 00:00:00,2000.0,2500.0,2300.0,50
Gujarat,Dahod,Dahod,Green Peas,Other,FAQ,2017-06-23 00:00:00,2000.0,2500.0,2350.0,50
Gujarat,Dahod,Dahod,Green Peas,Other,FAQ,2017-06-24 00:00:00,2000.0,2500.0,2350.0,50
Gujarat,Dahod,Dahod,Green Peas,Other,FAQ,2017-06-29 00:00:00,2000.0,2600.0,2400.0,50
Gujarat,Dahod,Dahod,Green Peas,Other,FAQ,2017-07-01 00:00:00,2000.0,2600.0,2400.0,50
Gujarat,Dahod,Dahod,Green Peas,Other,FAQ,2017-07-08 00:00:00,2000.0,2600.0,2400.0,50
Gujarat,Dahod,Dahod,Green Peas,Other,FAQ,2017-07-14 00:00:00,2000.0,2600.0,2400.0,50
Gujarat,Dahod,Dahod,Green Peas,Other,FAQ,2017-07-28 00:00:00,2000.0,2600.0,2400.0,50
Gujarat,Dahod,Dahod,Green Peas,Other,FAQ,2017-08-01 00:00:00,2000.0,2600.0,2400.0,50
Gujarat,Dahod,Dahod,Green Peas,Other,FAQ,2017-08-02 00:00:00,2000.0,2600.0,2400.0,50
Gujarat,Dahod,Dahod,Green Peas,Other,FAQ,2017-08-23 00:00:00,2400.0,2800.0,2500.0,50
Gujarat,Dahod,Dahod,Green Peas,Other,FAQ,2017-08-28 00:00:00,2200.0,2600.0,2400.0,50
Gujarat,Dahod,Dahod,Green Peas,Other,FAQ,2017-08-31 00:00:00,2200.0,2600.0,2400.0,50
Gujarat,Dahod,Dahod,Green Peas,Other,FAQ,2017-09-08 00:00:00,2200.0,2600.0,2400.0,50
Gujarat,Dahod,Dahod,Green Peas,Other,FAQ,2017-09-12 00:00:00,2200.0,2600.0,2400.0,50
Gujarat,Dahod,Dahod,Green Peas,Other,FAQ,2017-09-13 00:00:00,2200.0,2600.0,2400.0,50
Gujarat,Dahod,Dahod,Green Peas,Other,FAQ,2017-09-15 00:00:00,2000.0,2700.0,2500.0,50
Gujarat,Dahod,Dahod,Green Peas,Other,FAQ,2017-09-26 00:00:00,2000.0,2700.0,2450.0,50
Gujarat,Dahod,Dahod,Green Peas,Other,FAQ,2017-10-02 00:00:00,2000.0,2700.0,2500.0,50
Gujarat,Dahod,Dahod,Green Peas,Other,FAQ,2017-10-03 00:00:00,2000.0,2700.0,2500.0,50
Gujarat,Dahod,Dahod,Green Peas,Other,FAQ,2017-10-07 00:00:00,2000.0,2700.0,2500.0,50
Gujarat,Dahod,Dahod,Green Peas,Other,FAQ,2017-10-09 00:00:00,2000.0,2700.0,2450.0,50
Gujarat,Dahod,Dahod,Green Peas,Other,FAQ,2017-10-10 00:00:00,2000.0,2700.0,2500.0,50
Gujarat,Dahod,Dahod,Green Peas,Other,FAQ,2017-10-14 00:00:00,2000.0,2700.0,2500.0,50
Gujarat,Dahod,Dahod,Green Peas,Other,FAQ,2017-11-02 00:00:00,2000.0,2600.0,2400.0,50
Gujarat,Dahod,Dahod,Green Peas,Other,FAQ,2017-11-03 00:00:00,2000.0,2600.0,2400.0,50
Gujarat,Dahod,Dahod,Green Peas,Other,FAQ,2017-11-10 00:00:00,2000.0,2600.0,2400.0,50
Gujarat,Dahod,Dahod,Green Peas,Other,FAQ,2017-11-11 00:00:00,2000.0,2600.0,2400.0,50
Gujarat,Dahod,Dahod,Green Peas,Other,FAQ,2017-11-13 00:00:00,2000.0,2600.0,2400.0,50
Gujarat,Dahod,Dahod,Green Peas,Other,FAQ,2017-11-27 00:00:00,2000.0,2600.0,2400.0,50
Gujarat,Dahod,Dahod,Green Peas,Other,FAQ,2017-12-01 00:00:00,2000.0,2700.0,2500.0,50
Gujarat,Dahod,Dahod,Green Peas,Other,FAQ,2017-12-06 00:00:00,2000.0,2600.0,2400.0,50
Gujarat,Dahod,Dahod,Green Peas,Other,FAQ,2017-12-16 00:00:00,1800.0,2600.0,2400.0,50
Gujarat,Dahod,Dahod,Green Peas,Other,FAQ,2017-12-25 00:00:00,1800.0,2600.0,2000.0,50
Gujarat,Dahod,Dahod,Green Peas,Other,FAQ,2017-12-29 00:00:00,1800.0,2600.0,2400.0,50
Gujarat,Patan,Sami,Green Peas,Gemin Peas Dal,FAQ,2017-03-02 00:00:00,4500.0,4670.0,4625.0,50
Gujarat,Patan,Sami,Green Peas,Gemin Peas Dal,FAQ,2017-03-11 00:00:00,4550.0,4925.0,4750.0,50
Gujarat,Patan,Sami,Green Peas,Gemin Peas Dal,FAQ,2017-03-18 00:00:00,4750.0,4975.0,4850.0,50
Gujarat,Patan,Sami,Green Peas,Gemin Peas Dal,FAQ,2017-03-21 00:00:00,4900.0,5125.0,5100.0,50
Gujarat,Patan,Sami,Green Peas,Gemin Peas Dal,FAQ,2017-03-23 00:00:00,5400.0,5625.0,5500.0,50
Gujarat,Patan,Sami,Green Peas,Gemin Peas Dal,FAQ,2017-03-24 00:00:00,5400.0,5655.0,5500.0,50
Gujarat,Patan,Sami,Green Peas,Gemin Peas Dal,FAQ,2017-04-10 00:00:00,5200.0,5500.0,5400.0,50
Gujarat,Patan,Sami,Green Peas,Gemin Peas Dal,FAQ,2017-04-25 00:00:00,5250.0,5625.0,5500.0,50
Gujarat,Patan,Sami,Green Peas,Gemin Peas Dal,FAQ,2017-05-02 00:00:00,5200.0,5500.0,5425.0,50
Gujarat,Patan,Sami,Green Peas,Gemin Peas Dal,FAQ,2017-05-04 00:00:00,5225.0,5375.0,5300.0,50
Gujarat,Patan,Sami,Green Peas,Gemin Peas Dal,FAQ,2017-05-06 00:00:00,5200.0,5450.0,5325.0,50
Gujarat,Patan,Sami,Green Peas,Gemin Peas Dal,FAQ,2017-05-09 00:00:00,5150.0,5325.0,5225.0,50
Gujarat,Patan,Sami,Green Peas,Gemin Peas Dal,FAQ,2017-05-25 00:00:00,5200.0,5350.0,5300.0,50
Gujarat,Patan,Sami,Green Peas,Gemin Peas Dal,FAQ,2017-05-30 00:00:00,4900.0,5075.0,5055.0,50
Gujarat,Patan,Sami,Green Peas,Green Peas,FAQ,2017-02-04 00:00:00,5400.0,5575.0,5555.0,50
Gujarat,Patan,Sami,Green Peas,Green Peas,FAQ,2017-02-09 00:00:00,4500.0,4650.0,4600.0,50
Gujarat,Patan,Sami,Green Peas,Green Peas,FAQ,2017-02-17 00:00:00,5050.0,5150.0,5110.0,50
Gujarat,Patan,Sami,Green Peas,Green Peas,FAQ,2017-02-18 00:00:00,4900.0,5075.0,5025.0,50
Gujarat,Dahod,Dahod,Green Peas,Other,FAQ,2024-08-14 00:00:00,3000.0,5000.0,4000.0,50
Gujarat,Dahod,Dahod,Green Peas,Other,FAQ,2003-01-21 00:00:00,1350.0,1450.0,1380.0,50
Gujarat,Dahod,Dahod,Green Peas,Other,FAQ,2003-02-06 00:00:00,1350.0,1450.0,1400.0,50
Gujarat,Dahod,Dahod,Green Peas,Other,FAQ,2003-11-13 00:00:00,1200.0,1350.0,1250.0,50
Gujarat,Dahod,Dahod,Green Peas,Other,FAQ,2003-12-18 00:00:00,1200.0,1400.0,1350.0,50
Gujarat,Junagarh,Junagadh,Green Peas,Other,FAQ,2003-10-14 00:00:00,1250.0,1575.0,1450.0,50
Gujarat,Dahod,Dahod,Green Peas,Other,FAQ,2009-01-13 00:00:00,1700.0,1800.0,1740.0,50
Gujarat,Dahod,Dahod,Green Peas,Other,FAQ,2009-01-21 00:00:00,1400.0,1700.0,1600.0,50
Gujarat,Dahod,Dahod,Green Peas,Other,FAQ,2009-02-10 00:00:00,1500.0,1850.0,1700.0,50
Gujarat,Dahod,Dahod,Green Peas,Other,FAQ,2009-02-12 00:00:00,1500.0,1850.0,1700.0,50
Gujarat,Dahod,Dahod,Green Peas,Other,FAQ,2009-02-13 00:00:00,1500.0,1850.0,1700.0,50
Gujarat,Dahod,Dahod,Green Peas,Other,FAQ,2009-02-20 00:00:00,1500.0,1850.0,1700.0,50
Gujarat,Dahod,Dahod,Green Peas,Other,FAQ,2009-02-25 00:00:00,1500.0,1800.0,1700.0,50
Gujarat,Dahod,Dahod,Green Peas,Other,FAQ,2009-03-03 00:00:00,1500.0,1850.0,1700.0,50
Gujarat,Dahod,Dahod,Green Peas,Other,FAQ,2009-03-14 00:00:00,1600.0,1800.0,1700.0,50
Gujarat,Dahod,Dahod,Green Peas,Other,FAQ,2009-03-20 00:00:00,1600.0,1800.0,1700.0,50
Gujarat,Dahod,Dahod,Green Peas,Other,FAQ,2009-03-21 00:00:00,1600.0,1800.0,1700.0,50
Gujarat,Dahod,Dahod,Green Peas,Other,FAQ,2009-03-27 00:00:00,1600.0,1800.0,1700.0,50
Gujarat,Dahod,Dahod,Green Peas,Other,FAQ,2009-04-08 00:00:00,1250.0,1800.0,1250.0,50
Gujarat,Dahod,Dahod,Green Peas,Other,FAQ,2009-04-13 00:00:00,1300.0,1800.0,1650.0,50
Gujarat,Dahod,Dahod,Green Peas,Other,FAQ,2009-04-25 00:00:00,1300.0,1800.0,1700.0,50
Gujarat,Dahod,Dahod,Green Peas,Other,FAQ,2009-05-04 00:00:00,1250.0,1800.0,1450.0,50
Gujarat,Dahod,Dahod,Green Peas,Other,FAQ,2009-05-08 00:00:00,1250.0,1800.0,1450.0,50
Gujarat,Dahod,Dahod,Green Peas,Other,FAQ,2009-05-12 00:00:00,1250.0,1800.0,1475.0,50
Gujarat,Dahod,Dahod,Green Peas,Other,FAQ,2009-05-18 00:00:00,1250.0,1800.0,1475.0,50
Gujarat,Dahod,Dahod,Green Peas,Other,FAQ,2009-05-30 00:00:00,1350.0,1800.0,1500.0,50
Gujarat,Dahod,Dahod,Green Peas,Other,FAQ,2009-06-02 00:00:00,1350.0,1800.0,1500.0,50
Gujarat,Dahod,Dahod,Green Peas,Other,FAQ,2009-06-03 00:00:00,1350.0,1800.0,1500.0,50
Gujarat,Dahod,Dahod,Green Peas,Other,FAQ,2009-06-18 00:00:00,1300.0,1800.0,1500.0,50
Gujarat,Dahod,Dahod,Green Peas,Other,FAQ,2009-08-25 00:00:00,1600.0,2200.0,1800.0,50
Gujarat,Dahod,Dahod,Green Peas,Other,FAQ,2009-09-02 00:00:00,1500.0,2100.0,1800.0,50
Gujarat,Dahod,Dahod,Green Peas,Other,FAQ,2009-10-03 00:00:00,1400.0,2100.0,1700.0,50
Gujarat,Dahod,Dahod,Green Peas,Other,FAQ,2009-10-28 00:00:00,1400.0,2400.0,1800.0,50
Gujarat,Dahod,Dahod,Green Peas,Other,FAQ,2009-11-16 00:00:00,1600.0,2500.0,2000.0,50
Gujarat,Dahod,Dahod,Green Peas,Other,FAQ,2009-11-19 00:00:00,1600.0,2500.0,2100.0,50
Gujarat,Dahod,Dahod,Green Peas,Other,FAQ,2009-11-24 00:00:00,1600.0,2500.0,2100.0,50
Gujarat,Dahod,Dahod,Green Peas,Other,FAQ,2009-12-15 00:00:00,1600.0,2500.0,2100.0,50
Gujarat,Dahod,Dahod,Green Peas,Other,FAQ,2009-12-30 00:00:00,1600.0,2500.0,2100.0,50
Gujarat,Dahod,Dahod,Green Peas,Other,FAQ,2019-01-03 00:00:00,3000.0,3200.0,3100.0,50
Gujarat,Dahod,Dahod,Green Peas,Other,FAQ,2019-01-24 00:00:00,3000.0,3200.0,3100.0,50
Gujarat,Dahod,Dahod,Green Peas,Other,FAQ,2019-02-02 00:00:00,3000.0,3300.0,3200.0,50
Gujarat,Dahod,Dahod,Green Peas,Other,FAQ,2019-02-05 00:00:00,3000.0,3300.0,3200.0,50
Gujarat,Dahod,Dahod,Green Peas,Other,FAQ,2019-02-07 00:00:00,3000.0,3300.0,3200.0,50
Gujarat,Dahod,Dahod,Green Peas,Other,FAQ,2019-02-11 00:00:00,3000.0,3300.0,3200.0,50
Gujarat,Dahod,Dahod,Green Peas,Other,FAQ,2019-02-20 00:00:00,3000.0,3300.0,3200.0,50
Gujarat,Dahod,Dahod,Green Peas,Other,FAQ,2019-02-27 00:00:00,3300.0,3600.0,3500.0,50
Gujarat,Dahod,Dahod,Green Peas,Other,FAQ,2019-02-28 00:00:00,3300.0,3600.0,3500.0,50
Gujarat,Dahod,Dahod,Green Peas,Other,FAQ,2019-03-05 00:00:00,3300.0,3600.0,3500.0,50
Gujarat,Dahod,Dahod,Green Peas,Other,FAQ,2019-03-29 00:00:00,3000.0,3350.0,3250.0,50
Gujarat,Dahod,Dahod,Green Peas,Other,FAQ,2019-04-03 00:00:00,3000.0,3400.0,3200.0,50
Gujarat,Dahod,Dahod,Green Peas,Other,FAQ,2019-04-11 00:00:00,3100.0,3400.0,3200.0,50
Gujarat,Dahod,Dahod,Green Peas,Other,FAQ,2019-05-10 00:00:00,3200.0,3700.0,3600.0,50
Gujarat,Dahod,Dahod,Green Peas,Other,FAQ,2019-05-16 00:00:00,3200.0,3700.0,3500.0,50
Gujarat,Dahod,Dahod,Green Peas,Other,FAQ,2019-06-08 00:00:00,3700.0,3900.0,3800.0,50
Gujarat,Dahod,Dahod,Green Peas,Other,FAQ,2019-06-14 00:00:00,3700.0,4000.0,3800.0,50
Gujarat,Dahod,Dahod,Green Peas,Other,FAQ,2019-06-22 00:00:00,3500.0,3800.0,3700.0,50
Gujarat,Dahod,Dahod,Green Peas,Other,FAQ,2019-07-02 00:00:00,3500.0,3800.0,3700.0,50
Gujarat,Dahod,Dahod,Green Peas,Other,FAQ,2019-07-03 00:00:00,3500.0,3800.0,3700.0,50
Gujarat,Dahod,Dahod,Green Peas,Other,FAQ,2019-08-21 00:00:00,3000.0,3700.0,3500.0,50
Gujarat,Dahod,Dahod,Green Peas,Other,FAQ,2019-11-01 00:00:00,3500.0,4000.0,3800.0,50
Gujarat,Dahod,Dahod,Green Peas,Green Peas,FAQ,2013-01-02 00:00:00,2100.0,2200.0,2150.0,50
Gujarat,Dahod,Dahod,Green Peas,Green Peas,FAQ,2013-02-04 00:00:00,2100.0,2600.0,2450.0,50
Gujarat,Dahod,Dahod,Green Peas,Green Peas,FAQ,2013-02-28 00:00:00,2200.0,2400.0,2225.0,50
Gujarat,Dahod,Dahod,Green Peas,Green Peas,FAQ,2013-03-09 00:00:00,2200.0,2300.0,2250.0,50
Gujarat,Dahod,Dahod,Green Peas,Green Peas,FAQ,2013-03-14 00:00:00,2200.0,2275.0,2250.0,50
Gujarat,Dahod,Dahod,Green Peas,Green Peas,FAQ,2013-03-15 00:00:00,2200.0,2275.0,2250.0,50
Gujarat,Dahod,Dahod,Green Peas,Green Peas,FAQ,2013-03-23 00:00:00,2200.0,2300.0,2250.0,50
Gujarat,Dahod,Dahod,Green Peas,Green Peas,FAQ,2013-03-30 00:00:00,2200.0,2300.0,2250.0,50
Gujarat,Dahod,Dahod,Green Peas,Green Peas,FAQ,2013-04-03 00:00:00,2200.0,2300.0,2270.0,50
Gujarat,Dahod,Dahod,Green Peas,Green Peas,FAQ,2013-04-17 00:00:00,2000.0,2300.0,2250.0,50
Gujarat,Dahod,Dahod,Green Peas,Green Peas,FAQ,2013-04-18 00:00:00,2000.0,2300.0,2250.0,50
Gujarat,Dahod,Dahod,Green Peas,Green Peas,FAQ,2013-04-27 00:00:00,2000.0,2400.0,2275.0,50
Gujarat,Dahod,Dahod,Green Peas,Green Peas,FAQ,2013-05-02 00:00:00,2000.0,2400.0,2300.0,50
Gujarat,Dahod,Dahod,Green Peas,Green Peas,FAQ,2013-10-17 00:00:00,2100.0,2300.0,2200.0,50
Gujarat,Dahod,Dahod,Green Peas,Green Peas,FAQ,2013-10-26 00:00:00,2100.0,2300.0,2200.0,50
Gujarat,Dahod,Dahod,Green Peas,Green Peas,FAQ,2013-11-01 00:00:00,2100.0,2300.0,2200.0,50
Gujarat,Dahod,Dahod,Green Peas,Green Peas,FAQ,2013-11-07 00:00:00,2100.0,2300.0,2200.0,50
Gujarat,Dahod,Dahod,Green Peas,Green Peas,FAQ,2013-11-18 00:00:00,2100.0,2300.0,2200.0,50
Gujarat,Dahod,Dahod,Green Peas,Green Peas,FAQ,2013-12-06 00:00:00,2600.0,2800.0,2750.0,50
Gujarat,Dahod,Dahod,Green Peas,Green Peas,FAQ,2013-12-09 00:00:00,2600.0,2800.0,2700.0,50
Gujarat,Dahod,Dahod,Green Peas,Green Peas,FAQ,2013-12-12 00:00:00,2600.0,2800.0,2725.0,50
Gujarat,Dahod,Dahod,Green Peas,Green Peas,FAQ,2013-12-20 00:00:00,2600.0,2800.0,2725.0,50
Gujarat,Dahod,Dahod,Green Peas,Green Peas,FAQ,2013-12-23 00:00:00,2600.0,2800.0,2700.0,50
Gujarat,Dahod,Dahod,Green Peas,Green Peas,FAQ,2013-12-24 00:00:00,2600.0,2800.0,2750.0,50
Gujarat,Dahod,Dahod,Green Peas,Green Peas,FAQ,2013-12-28 00:00:00,2600.0,2800.0,2725.0,50
Gujarat,Dahod,Dahod,Green Peas,Green Peas,FAQ,2013-12-31 00:00:00,2500.0,2800.0,2650.0,50
Gujarat,Dahod,Dahod,Green Peas,Other,FAQ,2013-05-27 00:00:00,2000.0,2400.0,2300.0,50
Gujarat,Dahod,Dahod,Green Peas,Other,FAQ,2013-06-11 00:00:00,2000.0,2400.0,2250.0,50
Gujarat,Dahod,Dahod,Green Peas,Other,FAQ,2013-06-15 00:00:00,2100.0,2350.0,2250.0,50
Gujarat,Dahod,Dahod,Green Peas,Other,FAQ,2013-06-27 00:00:00,2100.0,2400.0,2250.0,50
Gujarat,Dahod,Dahod,Green Peas,Other,FAQ,2013-07-04 00:00:00,2200.0,2400.0,2300.0,50
Gujarat,Dahod,Dahod,Green Peas,Other,FAQ,2013-07-08 00:00:00,2200.0,2400.0,2200.0,50
Gujarat,Dahod,Dahod,Green Peas,Other,FAQ,2013-07-22 00:00:00,2200.0,2400.0,2300.0,50
Gujarat,Dahod,Dahod,Green Peas,Other,FAQ,2013-07-23 00:00:00,2200.0,2400.0,2300.0,50
Gujarat,Dahod,Dahod,Green Peas,Other,FAQ,2013-07-24 00:00:00,2200.0,2400.0,2300.0,50
Gujarat,Dahod,Dahod,Green Peas,Other,FAQ,2013-08-06 00:00:00,2200.0,2300.0,2300.0,50
Gujarat,Dahod,Dahod,Green Peas,Other,FAQ,2013-08-12 00:00:00,2200.0,2300.0,2300.0,50
Gujarat,Dahod,Dahod,Green Peas,Other,FAQ,2013-08-13 00:00:00,2200.0,2300.0,2300.0,50
Gujarat,Dahod,Dahod,Green Peas,Other,FAQ,2013-08-16 00:00:00,2200.0,2300.0,2300.0,50
Gujarat,Dahod,Dahod,Green Peas,Other,FAQ,2013-08-19 00:00:00,2200.0,2300.0,2300.0,50
Gujarat,Dahod,Dahod,Green Peas,Other,FAQ,2013-09-10 00:00:00,2200.0,2400.0,2300.0,50
Gujarat,Dahod,Dahod,Green Peas,Other,FAQ,2013-09-16 00:00:00,2200.0,2400.0,2300.0,50
Gujarat,Dahod,Dahod,Green Peas,Other,FAQ,2013-09-26 00:00:00,2200.0,2400.0,2300.0,50
Gujarat,Dahod,Dahod,Green Peas,Other,FAQ,2010-01-16 00:00:00,1400.0,2300.0,2100.0,50
Gujarat,Dahod,Dahod,Green Peas,Other,FAQ,2010-01-22 00:00:00,1400.0,2300.0,2100.0,50
Gujarat,Dahod,Dahod,Green Peas,Other,FAQ,2010-01-27 00:00:00,1400.0,2300.0,2100.0,50
Gujarat,Dahod,Dahod,Green Peas,Other,FAQ,2010-02-05 00:00:00,1350.0,2321.0,1800.0,50
Gujarat,Dahod,Dahod,Green Peas,Other,FAQ,2010-02-11 00:00:00,1350.0,2325.0,2000.0,50
Gujarat,Dahod,Dahod,Green Peas,Other,FAQ,2010-02-25 00:00:00,1250.0,2350.0,2350.0,50
Gujarat,Dahod,Dahod,Green Peas,Other,FAQ,2010-03-10 00:00:00,2150.0,2200.0,2200.0,50
Gujarat,Dahod,Dahod,Green Peas,Other,FAQ,2010-03-20 00:00:00,2175.0,2200.0,2180.0,50
Gujarat,Dahod,Dahod,Green Peas,Other,FAQ,2010-03-26 00:00:00,2200.0,2200.0,2200.0,50
Gujarat,Dahod,Dahod,Green Peas,Other,FAQ,2010-04-17 00:00:00,2175.0,2200.0,2200.0,50
Gujarat,Dahod,Dahod,Green Peas,Other,FAQ,2010-04-20 00:00:00,2175.0,2200.0,2200.0,50
Gujarat,Dahod,Dahod,Green Peas,Other,FAQ,2010-05-04 00:00:00,2175.0,2200.0,2200.0,50
Gujarat,Dahod,Dahod,Green Peas,Other,FAQ,2010-05-19 00:00:00,1950.0,2000.0,2000.0,50
Gujarat,Dahod,Dahod,Green Peas,Other,FAQ,2010-05-31 00:00:00,1950.0,2000.0,2000.0,50
Gujarat,Dahod,Dahod,Green Peas,Other,FAQ,2010-06-02 00:00:00,1500.0,2000.0,1800.0,50
Gujarat,Dahod,Dahod,Green Peas,Other,FAQ,2010-06-05 00:00:00,1500.0,2100.0,1900.0,50
Gujarat,Dahod,Dahod,Green Peas,Other,FAQ,2010-06-14 00:00:00,1500.0,2100.0,1900.0,50
Gujarat,Dahod,Dahod,Green Peas,Other,FAQ,2010-06-16 00:00:00,1500.0,2100.0,1900.0,50
Gujarat,Dahod,Dahod,Green Peas,Other,FAQ,2010-06-18 00:00:00,1500.0,2100.0,1900.0,50
Gujarat,Dahod,Dahod,Green Peas,Other,FAQ,2010-06-24 00:00:00,1500.0,2100.0,1900.0,50
Gujarat,Dahod,Dahod,Green Peas,Other,FAQ,2010-07-10 00:00:00,1500.0,2100.0,1950.0,50
Gujarat,Dahod,Dahod,Green Peas,Other,FAQ,2010-07-16 00:00:00,1500.0,2100.0,1950.0,50
Gujarat,Dahod,Dahod,Green Peas,Other,FAQ,2010-07-17 00:00:00,1500.0,2100.0,1950.0,50
Gujarat,Dahod,Dahod,Green Peas,Other,FAQ,2010-07-31 00:00:00,1500.0,2100.0,1950.0,50
Gujarat,Dahod,Dahod,Green Peas,Other,FAQ,2010-08-02 00:00:00,1500.0,2100.0,1950.0,50
Gujarat,Dahod,Dahod,Green Peas,Other,FAQ,2010-08-06 00:00:00,1500.0,2100.0,2000.0,50
Gujarat,Dahod,Dahod,Green Peas,Other,FAQ,2010-08-16 00:00:00,1500.0,2100.0,1700.0,50
Gujarat,Dahod,Dahod,Green Peas,Other,FAQ,2010-08-17 00:00:00,1500.0,2100.0,1950.0,50
Gujarat,Dahod,Dahod,Green Peas,Other,FAQ,2010-08-23 00:00:00,1500.0,2100.0,1950.0,50
Gujarat,Dahod,Dahod,Green Peas,Other,FAQ,2010-09-21 00:00:00,1500.0,2100.0,1800.0,50
Gujarat,Dahod,Dahod,Green Peas,Other,FAQ,2010-09-29 00:00:00,1750.0,1950.0,1850.0,50
Gujarat,Dahod,Dahod,Green Peas,Other,FAQ,2010-10-04 00:00:00,1750.0,1950.0,1850.0,50
Gujarat,Dahod,Dahod,Green Peas,Other,FAQ,2010-10-06 00:00:00,1750.0,1950.0,1850.0,50
Gujarat,Dahod,Dahod,Green Peas,Other,FAQ,2010-10-12 00:00:00,1750.0,1950.0,1850.0,50
Gujarat,Dahod,Dahod,Green Peas,Other,FAQ,2010-10-28 00:00:00,1750.0,1950.0,1850.0,50
Gujarat,Dahod,Dahod,Green Peas,Other,FAQ,2010-11-22 00:00:00,1750.0,1950.0,1850.0,50
Gujarat,Dahod,Dahod,Green Peas,Other,FAQ,2010-11-25 00:00:00,1750.0,1950.0,1800.0,50
Gujarat,Dahod,Dahod,Green Peas,Other,FAQ,2010-12-08 00:00:00,1800.0,2500.0,2200.0,50
Gujarat,Dahod,Dahod,Green Peas,Other,FAQ,2005-01-03 00:00:00,1200.0,1300.0,1250.0,50
Gujarat,Dahod,Dahod,Green Peas,Other,FAQ,2005-01-18 00:00:00,1200.0,1300.0,1250.0,50
Gujarat,Dahod,Dahod,Green Peas,Other,FAQ,2005-02-09 00:00:00,1100.0,1200.0,1150.0,50
Gujarat,Dahod,Dahod,Green Peas,Other,FAQ,2005-02-17 00:00:00,1100.0,1200.0,1150.0,50
Gujarat,Dahod,Dahod,Green Peas,Other,FAQ,2005-02-19 00:00:00,1075.0,1115.0,1095.0,50
Gujarat,Dahod,Dahod,Green Peas,Other,FAQ,2005-02-23 00:00:00,1100.0,1143.0,1120.0,50
Gujarat,Dahod,Dahod,Green Peas,Other,FAQ,2005-03-02 00:00:00,1050.0,1121.0,1121.0,50
Gujarat,Dahod,Dahod,Green Peas,Other,FAQ,2005-03-10 00:00:00,1000.0,1121.0,1121.0,50
Gujarat,Dahod,Dahod,Green Peas,Other,FAQ,2005-03-14 00:00:00,1000.0,1120.0,1100.0,50
Gujarat,Dahod,Dahod,Green Peas,Other,FAQ,2005-05-05 00:00:00,1040.0,1140.0,1080.0,50
Gujarat,Dahod,Dahod,Green Peas,Other,FAQ,2005-05-12 00:00:00,1050.0,1150.0,1100.0,50
Gujarat,Dahod,Dahod,Green Peas,Other,FAQ,2005-05-24 00:00:00,1040.0,1170.0,1100.0,50
Gujarat,Dahod,Dahod,Green Peas,Other,FAQ,2005-05-26 00:00:00,1040.0,1170.0,1120.0,50
Gujarat,Dahod,Dahod,Green Peas,Other,FAQ,2005-05-27 00:00:00,1040.0,1140.0,1075.0,50
Gujarat,Dahod,Dahod,Green Peas,Other,FAQ,2005-06-01 00:00:00,1040.0,1140.0,1120.0,50
Gujarat,Dahod,Dahod,Green Peas,Other,FAQ,2005-07-04 00:00:00,1050.0,1150.0,1100.0,50
Gujarat,Dahod,Dahod,Green Peas,Other,FAQ,2005-09-10 00:00:00,1050.0,1250.0,1125.0,50
Gujarat,Kheda,Nadiad,Green Peas,Other,FAQ,2005-09-03 00:00:00,1500.0,2000.0,1750.0,50
Gujarat,Kheda,Nadiad,Green Peas,Other,FAQ,2005-12-02 00:00:00,1200.0,1250.0,1230.0,50
Gujarat,Kheda,Nadiad,Green Peas,Other,FAQ,2005-12-08 00:00:00,1000.0,1200.0,1100.0,50
Gujarat,Kheda,Nadiad,Green Peas,Other,FAQ,2005-12-27 00:00:00,850.0,950.0,900.0,50
Gujarat,Kheda,Nadiad,Green Peas,Other,FAQ,2005-12-29 00:00:00,1000.0,1150.0,1080.0,50
Gujarat,Kheda,Nadiad,Green Peas,Other,FAQ,2005-12-31 00:00:00,850.0,1000.0,930.0,50
Gujarat,Vadodara(Baroda),Vadodara,Green Peas,Other,FAQ,2005-08-08 00:00:00,1300.0,1350.0,1325.0,50
Gujarat,Dahod,Dahod,Green Peas,Other,FAQ,2021-01-29 00:00:00,3200.0,3700.0,3500.0,50
Gujarat,Dahod,Dahod,Green Peas,Other,FAQ,2021-02-09 00:00:00,3200.0,3700.0,3500.0,50
Gujarat,Dahod,Dahod,Green Peas,Other,FAQ,2021-02-11 00:00:00,3200.0,3700.0,3500.0,50
Gujarat,Dahod,Dahod,Green Peas,Other,FAQ,2021-02-25 00:00:00,3200.0,3700.0,3400.0,50
Gujarat,Dahod,Dahod,Green Peas,Other,FAQ,2021-03-06 00:00:00,3400.0,4000.0,3750.0,50
Gujarat,Dahod,Dahod,Green Peas,Other,FAQ,2021-03-08 00:00:00,3500.0,4000.0,3750.0,50
Gujarat,Dahod,Dahod,Green Peas,Other,FAQ,2021-03-13 00:00:00,3500.0,3900.0,3700.0,50
Gujarat,Dahod,Dahod,Green Peas,Other,FAQ,2021-03-17 00:00:00,3500.0,3900.0,3700.0,50
Gujarat,Dahod,Dahod,Green Peas,Other,FAQ,2021-03-19 00:00:00,3500.0,3900.0,3700.0,50
Gujarat,Dahod,Dahod,Green Peas,Other,FAQ,2021-03-23 00:00:00,3500.0,3900.0,3725.0,50
Gujarat,Dahod,Dahod,Green Peas,Other,FAQ,2021-04-07 00:00:00,3500.0,3800.0,3700.0,50
Gujarat,Dahod,Dahod,Green Peas,Other,FAQ,2021-04-15 00:00:00,3500.0,3800.0,3700.0,50
Gujarat,Dahod,Dahod,Green Peas,Other,FAQ,2021-05-31 00:00:00,3400.0,3700.0,3550.0,50
Gujarat,Dahod,Dahod,Green Peas,Other,FAQ,2021-08-07 00:00:00,3400.0,3600.0,3500.0,50
Gujarat,Dahod,Dahod,Green Peas,Other,FAQ,2021-08-12 00:00:00,3400.0,3600.0,3500.0,50
Gujarat,Dahod,Dahod,Green Peas,Other,FAQ,2021-09-11 00:00:00,3700.0,4000.0,3825.0,50
Gujarat,Dahod,Dahod,Green Peas,Other,FAQ,2021-09-25 00:00:00,3700.0,4000.0,3800.0,50
Gujarat,Dahod,Dahod,Green Peas,Other,FAQ,2021-11-26 00:00:00,3100.0,3800.0,3500.0,50
Gujarat,Dahod,Dahod,Green Peas,Other,FAQ,2021-12-22 00:00:00,3100.0,3400.0,3400.0,50
Gujarat,Dahod,Dahod,Green Peas,Other,FAQ,2021-12-30 00:00:00,3100.0,3400.0,3400.0,50
Gujarat,Dahod,Dahod,Green Peas,Other,FAQ,2023-01-03 00:00:00,3200,3600,3400.0,50
Gujarat,Dahod,Dahod,Green Peas,Other,FAQ,2023-01-17 00:00:00,3200,3600,3400.0,50
Gujarat,Dahod,Dahod,Green Peas,Other,FAQ,2023-02-01 00:00:00,3200,3600,3400.0,50
Gujarat,Dahod,Dahod,Green Peas,Other,FAQ,2023-02-06 00:00:00,3200,3600,3400.0,50
Gujarat,Dahod,Dahod,Green Peas,Other,FAQ,2023-02-07 00:00:00,3100,3600,3450.0,50
Gujarat,Dahod,Dahod,Green Peas,Other,FAQ,2023-03-06 00:00:00,3200,3600,3400.0,50
Gujarat,Dahod,Dahod,Green Peas,Other,FAQ,2023-03-27 00:00:00,3200,3600,3400.0,50
Gujarat,Dahod,Dahod,Green Peas,Other,FAQ,2023-04-11 00:00:00,3200,3600,3550.0,50
Gujarat,Dahod,Dahod,Green Peas,Other,FAQ,2023-04-17 00:00:00,3200,3600,3525.0,50
Gujarat,Dahod,Dahod,Green Peas,Other,FAQ,2023-04-24 00:00:00,3200,3600,3550.0,50
Gujarat,Dahod,Dahod,Green Peas,Other,FAQ,2023-04-26 00:00:00,3200,3600,3525.0,50
Gujarat,Dahod,Dahod,Green Peas,Other,FAQ,2023-05-05 00:00:00,3200,3600,3400.0,50
Gujarat,Dahod,Dahod,Green Peas,Other,FAQ,2023-05-23 00:00:00,3200,3600,3400.0,50
Gujarat,Dahod,Dahod,Green Peas,Other,FAQ,2023-05-26 00:00:00,3200,3600,3400.0,50
Gujarat,Dahod,Dahod,Green Peas,Other,FAQ,2023-05-29 00:00:00,3200,3600,3400.0,50
Gujarat,Dahod,Dahod,Green Peas,Other,FAQ,2023-06-06 00:00:00,3200,3600,3400.0,50
Gujarat,Dahod,Dahod,Green Peas,Other,FAQ,2023-06-19 00:00:00,3200,3600,3400.0,50
Gujarat,Dahod,Dahod,Green Peas,Other,FAQ,2023-07-11 00:00:00,3200,3600,3500.0,50
Gujarat,Dahod,Dahod,Green Peas,Other,FAQ,2023-07-19 00:00:00,3400,3600,3500.0,50
Gujarat,Dahod,Dahod,Green Peas,Other,FAQ,2023-08-08 00:00:00,3000,3600,3400.0,50
Gujarat,Dahod,Dahod,Green Peas,Other,FAQ,2023-09-05 00:00:00,3500,4000,3800.0,50
Gujarat,Dahod,Dahod,Green Peas,Other,FAQ,2023-09-06 00:00:00,3500,4000,3800.0,50
Gujarat,Dahod,Dahod,Green Peas,Other,FAQ,2023-09-25 00:00:00,3500,4000,3800.0,50
Gujarat,Dahod,Dahod,Green Peas,Other,FAQ,2023-11-11 00:00:00,3600,4300,4000.0,50
Gujarat,Dahod,Dahod,Green Peas,Other,FAQ,2023-12-15 00:00:00,3600,4300,4150.0,50
