State,District,Market,Commodity,Variety,Grade,Arrival_Date,Min_Price,Max_Price,Modal_Price,Commodity_Code
Gujarat,Bharuch,Ankleshwar,Groundnut pods (raw),Other,FAQ,2007-07-13,16150,17500,16600.0,312
Gujarat,Vadodara(Baroda),Vadodara,Groundnut pods (raw),Other,FAQ,2007-05-25,1000,1500,1200.0,312
Gujarat,Vadodara(Baroda),Vadodara,Groundnut pods (raw),Other,FAQ,2007-05-31,1000,1600,1275.0,312
Gujarat,Vadodara(Baroda),Vadodara,Groundnut pods (raw),Other,FAQ,2007-06-01,1000,1500,1250.0,312
Gujarat,Vadodara(Baroda),Vadodara,Groundnut pods (raw),Other,FAQ,2007-06-05,1000,1400,1200.0,312
Gujarat,Vadodara(Baroda),Vadodara,Groundnut pods (raw),Other,FAQ,2007-06-15,750,1500,1100.0,312
Gujarat,Vadodara(Baroda),Vadodara,Groundnut pods (raw),Other,FAQ,2007-06-19,750,1500,1100.0,312
Gujarat,Vadodara(Baroda),Vadodara,Groundnut pods (raw),Other,FAQ,2007-06-22,750,1600,1200.0,312
Gujarat,Vadodara(Baroda),Vadodara(Sayajipura),Groundnut pods (raw),Other,FAQ,2007-07-28,750,1750,1300.0,312
Gujarat,Vadodara(Baroda),Vadodara(Sayajipura),Groundnut pods (raw),Other,FAQ,2007-07-29,700,1750,1300.0,312
Gujarat,Vadodara(Baroda),Vadodara(Sayajipura),Groundnut pods (raw),Other,FAQ,2007-08-04,700,1750,1300.0,312
Gujarat,Vadodara(Baroda),Vadodara(Sayajipura),Groundnut pods (raw),Other,FAQ,2007-08-05,700,1750,1300.0,312
Gujarat,Vadodara(Baroda),Vadodara(Sayajipura),Groundnut pods (raw),Other,FAQ,2007-09-18,750,1800,1275.0,312
Gujarat,Vadodara(Baroda),Vadodara(Sayajipura),Groundnut pods (raw),Other,FAQ,2007-09-20,750,1400,1250.0,312
Gujarat,Vadodara(Baroda),Vadodara(Sayajipura),Groundnut pods (raw),Other,FAQ,2007-09-23,750,1400,1250.0,312
Gujarat,Vadodara(Baroda),Vadodara(Sayajipura),Groundnut pods (raw),Other,FAQ,2007-10-04,1500,1800,1625.0,312
Gujarat,Vadodara(Baroda),Vadodara(Sayajipura),Groundnut pods (raw),Other,FAQ,2007-10-08,1500,1800,1600.0,312
Gujarat,Vadodara(Baroda),Vadodara(Sayajipura),Groundnut pods (raw),Other,FAQ,2007-10-11,1500,1800,1600.0,312
Gujarat,Vadodara(Baroda),Vadodara(Sayajipura),Groundnut pods (raw),Other,FAQ,2007-10-13,1500,1750,1600.0,312
Gujarat,Vadodara(Baroda),Vadodara(Sayajipura),Groundnut pods (raw),Other,FAQ,2007-10-14,1500,1750,1600.0,312
Gujarat,Vadodara(Baroda),Vadodara(Sayajipura),Groundnut pods (raw),Other,FAQ,2007-10-16,1500,1800,1700.0,312
Gujarat,Vadodara(Baroda),Vadodara(Sayajipura),Groundnut pods (raw),Other,FAQ,2007-10-19,1250,1500,1450.0,312
Gujarat,Surat,Surat,Groundnut pods (raw),Other,FAQ,2020-05-07 00:00:00,2750,3750,3250.0,312
Gujarat,Surat,Surat,Groundnut pods (raw),Other,FAQ,2020-05-15 00:00:00,2750,4000,3375.0,312
Gujarat,Surat,Surat,Groundnut pods (raw),Other,FAQ,2020-05-16 00:00:00,2000,4000,3000.0,312
Gujarat,Surat,Surat,Groundnut pods (raw),Other,FAQ,2020-05-20 00:00:00,2750,4200,3475.0,312
Gujarat,Surat,Surat,Groundnut pods (raw),Other,FAQ,2020-05-23 00:00:00,2750,4000,3375.0,312
Gujarat,Surat,Surat,Groundnut pods (raw),Other,FAQ,2020-05-30 00:00:00,2000,3250,2625.0,312
Gujarat,Surat,Surat,Groundnut pods (raw),Other,FAQ,2020-06-04 00:00:00,2250,3500,2875.0,312
Gujarat,Surat,Surat,Groundnut pods (raw),Other,FAQ,2020-06-16 00:00:00,2000,3250,2625.0,312
Gujarat,Surat,Surat,Groundnut pods (raw),Other,FAQ,2020-06-20 00:00:00,2500,3500,3000.0,312
Gujarat,Surat,Surat,Groundnut pods (raw),Other,FAQ,2020-06-24 00:00:00,2500,3250,2875.0,312
Gujarat,Surat,Surat,Groundnut pods (raw),Other,FAQ,2020-06-26 00:00:00,2500,3250,2875.0,312
Gujarat,Surat,Surat,Groundnut pods (raw),Other,FAQ,2020-07-23 00:00:00,3250,4250,3750.0,312
Gujarat,Surat,Surat,Groundnut pods (raw),Other,FAQ,2020-07-27 00:00:00,3000,4500,3750.0,312
Gujarat,Surat,Surat,Groundnut pods (raw),Other,FAQ,2020-07-30 00:00:00,3500,4250,3875.0,312
Gujarat,Surat,Surat,Groundnut pods (raw),Other,FAQ,2020-08-09 00:00:00,3500,4750,4125.0,312
Gujarat,Surat,Surat,Groundnut pods (raw),Other,FAQ,2020-08-14 00:00:00,2750,5000,3875.0,312
Gujarat,Surat,Surat,Groundnut pods (raw),Other,FAQ,2020-08-19 00:00:00,3500,5000,4250.0,312
Gujarat,Surat,Surat,Groundnut pods (raw),Other,FAQ,2020-08-27 00:00:00,2500,3500,3000.0,312
Gujarat,Surat,Surat,Groundnut pods (raw),Other,FAQ,2020-08-29 00:00:00,2500,3750,3125.0,312
Gujarat,Surat,Surat,Groundnut pods (raw),Other,FAQ,2020-08-31 00:00:00,2000,3000,2500.0,312
Gujarat,Vadodara(Baroda),Vadodara(Sayajipura),Groundnut pods (raw),Other,FAQ,2020-05-13 00:00:00,4600,5000,4800.0,312
Gujarat,Vadodara(Baroda),Vadodara(Sayajipura),Groundnut pods (raw),Other,FAQ,2020-05-14 00:00:00,4600,5000,4800.0,312
Gujarat,Vadodara(Baroda),Vadodara(Sayajipura),Groundnut pods (raw),Other,FAQ,2020-06-17 00:00:00,2100,2700,2500.0,312
Gujarat,Vadodara(Baroda),Vadodara(Sayajipura),Groundnut pods (raw),Other,FAQ,2020-06-20 00:00:00,2000,2500,2300.0,312
Gujarat,Vadodara(Baroda),Vadodara(Sayajipura),Groundnut pods (raw),Other,FAQ,2020-06-22 00:00:00,2500,3500,3100.0,312
Gujarat,Vadodara(Baroda),Vadodara(Sayajipura),Groundnut pods (raw),Other,FAQ,2020-06-26 00:00:00,2200,3000,2700.0,312
Gujarat,Vadodara(Baroda),Vadodara(Sayajipura),Groundnut pods (raw),Other,FAQ,2020-07-04 00:00:00,4000,5000,4550.0,312
Gujarat,Vadodara(Baroda),Vadodara(Sayajipura),Groundnut pods (raw),Other,FAQ,2020-07-19 00:00:00,2500,3000,2800.0,312
Gujarat,Vadodara(Baroda),Vadodara(Sayajipura),Groundnut pods (raw),Other,FAQ,2020-07-21 00:00:00,3000,3500,3300.0,312
Gujarat,Vadodara(Baroda),Vadodara(Sayajipura),Groundnut pods (raw),Other,FAQ,2020-07-26 00:00:00,3500,4000,3800.0,312
Gujarat,Vadodara(Baroda),Vadodara(Sayajipura),Groundnut pods (raw),Other,FAQ,2020-07-28 00:00:00,3500,4000,3800.0,312
Gujarat,Vadodara(Baroda),Vadodara(Sayajipura),Groundnut pods (raw),Other,FAQ,2020-08-09 00:00:00,4500,5500,5200.0,312
Gujarat,Vadodara(Baroda),Vadodara(Sayajipura),Groundnut pods (raw),Other,FAQ,2020-08-14 00:00:00,4500,5500,5200.0,312
Gujarat,Vadodara(Baroda),Vadodara(Sayajipura),Groundnut pods (raw),Other,FAQ,2020-08-16 00:00:00,4500,5500,5200.0,312
Gujarat,Ahmedabad,Ahmedabad,Groundnut pods (raw),Other,FAQ,2021-06-15 00:00:00,2500,4500,3600.0,312
Gujarat,Ahmedabad,Ahmedabad,Groundnut pods (raw),Other,FAQ,2021-06-22 00:00:00,3500,4500,4250.0,312
Gujarat,Ahmedabad,Ahmedabad,Groundnut pods (raw),Other,FAQ,2021-07-03 00:00:00,4000,4500,4350.0,312
Gujarat,Ahmedabad,Ahmedabad,Groundnut pods (raw),Other,FAQ,2021-07-07 00:00:00,4000,4500,4300.0,312
Gujarat,Ahmedabad,Ahmedabad,Groundnut pods (raw),Other,FAQ,2021-10-25 00:00:00,3500,4000,3850.0,312
Gujarat,Surat,Surat,Groundnut pods (raw),Other,FAQ,2021-04-28 00:00:00,2000,3000,2500.0,312
Gujarat,Surat,Surat,Groundnut pods (raw),Other,FAQ,2021-05-17 00:00:00,2750,3750,3250.0,312
Gujarat,Surat,Surat,Groundnut pods (raw),Other,FAQ,2021-05-22 00:00:00,3000,4000,3500.0,312
Gujarat,Surat,Surat,Groundnut pods (raw),Other,FAQ,2021-05-26 00:00:00,2750,3250,3000.0,312
Gujarat,Surat,Surat,Groundnut pods (raw),Other,FAQ,2021-06-08 00:00:00,2000,3500,2750.0,312
Gujarat,Surat,Surat,Groundnut pods (raw),Other,FAQ,2021-06-16 00:00:00,2250,3500,2875.0,312
Gujarat,Surat,Surat,Groundnut pods (raw),Other,FAQ,2021-07-21 00:00:00,3250,4750,4000.0,312
Gujarat,Surat,Surat,Groundnut pods (raw),Other,FAQ,2021-07-30 00:00:00,3000,5500,4250.0,312
Gujarat,Surat,Surat,Groundnut pods (raw),Other,FAQ,2021-08-09 00:00:00,3000,3750,3375.0,312
Gujarat,Surat,Surat,Groundnut pods (raw),Other,FAQ,2021-08-12 00:00:00,3000,3750,3375.0,312
Gujarat,Surat,Surat,Groundnut pods (raw),Other,FAQ,2021-09-13 00:00:00,2750,3500,3125.0,312
Gujarat,Surat,Surat,Groundnut pods (raw),Other,FAQ,2021-09-17 00:00:00,2500,3500,3000.0,312
Gujarat,Surat,Surat,Groundnut pods (raw),Other,FAQ,2021-09-21 00:00:00,2000,3250,2625.0,312
Gujarat,Surat,Surat,Groundnut pods (raw),Other,FAQ,2021-09-24 00:00:00,2000,2750,2375.0,312
Gujarat,Surat,Surat,Groundnut pods (raw),Other,FAQ,2021-09-27 00:00:00,2500,3000,2750.0,312
Gujarat,Surat,Surat,Groundnut pods (raw),Other,FAQ,2021-09-29 00:00:00,2500,3500,3000.0,312
Gujarat,Surat,Surat,Groundnut pods (raw),Other,FAQ,2021-10-18 00:00:00,3000,4250,3625.0,312
Gujarat,Surat,Surat,Groundnut pods (raw),Other,FAQ,2021-10-23 00:00:00,3000,4500,3750.0,312
Gujarat,Surat,Surat,Groundnut pods (raw),Other,FAQ,2021-10-25 00:00:00,3500,4250,3875.0,312
Gujarat,Vadodara(Baroda),Vadodara(Sayajipura),Groundnut pods (raw),Other,FAQ,2021-05-10 00:00:00,3000,4000,3500.0,312
Gujarat,Vadodara(Baroda),Vadodara(Sayajipura),Groundnut pods (raw),Other,FAQ,2021-06-03 00:00:00,2500,3000,2800.0,312
Gujarat,Vadodara(Baroda),Vadodara(Sayajipura),Groundnut pods (raw),Other,FAQ,2021-06-07 00:00:00,3000,3500,3300.0,312
Gujarat,Vadodara(Baroda),Vadodara(Sayajipura),Groundnut pods (raw),Other,FAQ,2021-06-21 00:00:00,2500,3000,2800.0,312
Gujarat,Vadodara(Baroda),Vadodara(Sayajipura),Groundnut pods (raw),Other,FAQ,2021-06-29 00:00:00,2000,2500,2300.0,312
Gujarat,Vadodara(Baroda),Vadodara(Sayajipura),Groundnut pods (raw),Other,FAQ,2021-07-02 00:00:00,2000,2500,2300.0,312
Gujarat,Vadodara(Baroda),Vadodara(Sayajipura),Groundnut pods (raw),Other,FAQ,2021-08-02 00:00:00,2500,3000,2800.0,312
Gujarat,Vadodara(Baroda),Vadodara(Sayajipura),Groundnut pods (raw),Other,FAQ,2021-08-05 00:00:00,2500,3000,2800.0,312
Gujarat,Vadodara(Baroda),Vadodara(Sayajipura),Groundnut pods (raw),Other,FAQ,2021-08-17 00:00:00,2250,3000,2650.0,312
Gujarat,Vadodara(Baroda),Vadodara(Sayajipura),Groundnut pods (raw),Other,FAQ,2021-08-23 00:00:00,2500,3000,2800.0,312
Gujarat,Vadodara(Baroda),Vadodara(Sayajipura),Groundnut pods (raw),Other,FAQ,2021-09-07 00:00:00,2500,3000,2800.0,312
Gujarat,Vadodara(Baroda),Vadodara(Sayajipura),Groundnut pods (raw),Other,FAQ,2021-09-11 00:00:00,2500,3000,2800.0,312
Gujarat,Vadodara(Baroda),Vadodara(Sayajipura),Groundnut pods (raw),Other,FAQ,2021-09-18 00:00:00,3000,3500,3300.0,312
Gujarat,Vadodara(Baroda),Vadodara(Sayajipura),Groundnut pods (raw),Other,FAQ,2021-09-30 00:00:00,2000,2500,2300.0,312
Gujarat,Vadodara(Baroda),Vadodara(Sayajipura),Groundnut pods (raw),Other,FAQ,2021-10-02 00:00:00,2000,2500,2300.0,312
Gujarat,Vadodara(Baroda),Vadodara(Sayajipura),Groundnut pods (raw),Other,FAQ,2021-10-03 00:00:00,2000,2500,2300.0,312
Gujarat,Vadodara(Baroda),Vadodara(Sayajipura),Groundnut pods (raw),Other,FAQ,2021-10-05 00:00:00,2000,2500,2300.0,312
Gujarat,Vadodara(Baroda),Vadodara(Sayajipura),Groundnut pods (raw),Other,FAQ,2021-10-09 00:00:00,2000,2500,2300.0,312
Gujarat,Vadodara(Baroda),Vadodara(Sayajipura),Groundnut pods (raw),Other,FAQ,2021-10-14 00:00:00,2500,3000,2800.0,312
Gujarat,Vadodara(Baroda),Vadodara(Sayajipura),Groundnut pods (raw),Other,FAQ,2012-05-28 00:00:00,2500,3000,2800.0,312
Gujarat,Vadodara(Baroda),Vadodara(Sayajipura),Groundnut pods (raw),Other,FAQ,2012-05-29 00:00:00,2500,3000,2800.0,312
Gujarat,Vadodara(Baroda),Vadodara(Sayajipura),Groundnut pods (raw),Other,FAQ,2012-06-10 00:00:00,2000,3000,2550.0,312
Gujarat,Vadodara(Baroda),Vadodara(Sayajipura),Groundnut pods (raw),Other,FAQ,2012-06-20 00:00:00,2000,3000,2550.0,312
Gujarat,Vadodara(Baroda),Vadodara(Sayajipura),Groundnut pods (raw),Other,FAQ,2012-06-22 00:00:00,2000,3000,2550.0,312
Gujarat,Vadodara(Baroda),Vadodara(Sayajipura),Groundnut pods (raw),Other,FAQ,2012-07-01 00:00:00,2250,2750,2550.0,312
Gujarat,Vadodara(Baroda),Vadodara(Sayajipura),Groundnut pods (raw),Other,FAQ,2012-07-07 00:00:00,2000,2500,2300.0,312
Gujarat,Vadodara(Baroda),Vadodara(Sayajipura),Groundnut pods (raw),Other,FAQ,2012-07-10 00:00:00,2000,2500,2250.0,312
Gujarat,Vadodara(Baroda),Vadodara(Sayajipura),Groundnut pods (raw),Other,FAQ,2012-07-13 00:00:00,2000,2750,2375.0,312
Gujarat,Vadodara(Baroda),Vadodara(Sayajipura),Groundnut pods (raw),Other,FAQ,2012-07-22 00:00:00,2000,2500,2275.0,312
Gujarat,Vadodara(Baroda),Vadodara(Sayajipura),Groundnut pods (raw),Other,FAQ,2012-07-29 00:00:00,2000,2500,2250.0,312
Gujarat,Vadodara(Baroda),Vadodara(Sayajipura),Groundnut pods (raw),Other,FAQ,2012-07-30 00:00:00,2000,2500,2250.0,312
Gujarat,Vadodara(Baroda),Vadodara(Sayajipura),Groundnut pods (raw),Other,FAQ,2012-08-08 00:00:00,2000,3000,2500.0,312
Gujarat,Vadodara(Baroda),Vadodara(Sayajipura),Groundnut pods (raw),Other,FAQ,2012-08-22 00:00:00,2000,2500,2300.0,312
Gujarat,Vadodara(Baroda),Vadodara(Sayajipura),Groundnut pods (raw),Other,FAQ,2012-08-31 00:00:00,2000,3000,2550.0,312
Gujarat,Vadodara(Baroda),Vadodara(Sayajipura),Groundnut pods (raw),Other,FAQ,2012-09-13 00:00:00,2000,2500,2250.0,312
Gujarat,Vadodara(Baroda),Vadodara(Sayajipura),Groundnut pods (raw),Other,FAQ,2012-09-24 00:00:00,2000,3000,2550.0,312
Gujarat,Vadodara(Baroda),Vadodara(Sayajipura),Groundnut pods (raw),Other,FAQ,2012-10-01 00:00:00,2000,3000,2550.0,312
Gujarat,Vadodara(Baroda),Vadodara(Sayajipura),Groundnut pods (raw),Other,FAQ,2012-10-08 00:00:00,1500,2000,1800.0,312
Gujarat,Vadodara(Baroda),Vadodara(Sayajipura),Groundnut pods (raw),Other,FAQ,2012-10-13 00:00:00,2500,3000,2775.0,312
Gujarat,Vadodara(Baroda),Vadodara(Sayajipura),Groundnut pods (raw),Other,FAQ,2012-10-14 00:00:00,2500,3000,2775.0,312
Gujarat,Vadodara(Baroda),Vadodara(Sayajipura),Groundnut pods (raw),Other,FAQ,2012-10-21 00:00:00,2000,3000,2550.0,312
Gujarat,Vadodara(Baroda),Vadodara(Sayajipura),Groundnut pods (raw),Other,FAQ,2012-10-27 00:00:00,3000,4000,3625.0,312
Gujarat,Ahmedabad,Ahmedabad,Groundnut pods (raw),Other,FAQ,2022-06-22 00:00:00,4000,5500,4750.0,312
Gujarat,Ahmedabad,Ahmedabad,Groundnut pods (raw),Other,FAQ,2022-06-24 00:00:00,4000,5000,4500.0,312
Gujarat,Ahmedabad,Ahmedabad,Groundnut pods (raw),Other,FAQ,2022-08-26 00:00:00,3000,4000,3750.0,312
Gujarat,Ahmedabad,Ahmedabad,Groundnut pods (raw),Other,FAQ,2022-08-30 00:00:00,3000,4000,3750.0,312
Gujarat,Ahmedabad,Ahmedabad,Groundnut pods (raw),Other,FAQ,2022-09-01 00:00:00,3000,4200,4000.0,312
Gujarat,Ahmedabad,Ahmedabad,Groundnut pods (raw),Other,FAQ,2022-09-09 00:00:00,3000,4000,3650.0,312
Gujarat,Ahmedabad,Ahmedabad,Groundnut pods (raw),Other,FAQ,2022-09-13 00:00:00,3500,4000,3800.0,312
Gujarat,Ahmedabad,Ahmedabad,Groundnut pods (raw),Other,FAQ,2022-09-14 00:00:00,3500,4000,3750.0,312
Gujarat,Ahmedabad,Ahmedabad,Groundnut pods (raw),Other,FAQ,2022-09-20 00:00:00,3000,3600,3400.0,312
Gujarat,Ahmedabad,Ahmedabad,Groundnut pods (raw),Other,FAQ,2022-09-21 00:00:00,3000,4000,3500.0,312
Gujarat,Ahmedabad,Ahmedabad,Groundnut pods (raw),Other,FAQ,2022-09-23 00:00:00,3000,4000,3250.0,312
Gujarat,Surat,Surat,Groundnut pods (raw),Other,FAQ,2022-05-10 00:00:00,3500,4500,4000.0,312
Gujarat,Surat,Surat,Groundnut pods (raw),Other,FAQ,2022-05-17 00:00:00,3000,4000,3500.0,312
Gujarat,Surat,Surat,Groundnut pods (raw),Other,FAQ,2022-05-18 00:00:00,3000,3750,3375.0,312
Gujarat,Surat,Surat,Groundnut pods (raw),Other,FAQ,2022-05-20 00:00:00,3000,3750,3375.0,312
Gujarat,Surat,Surat,Groundnut pods (raw),Other,FAQ,2022-06-01 00:00:00,2500,3750,3125.0,312
Gujarat,Surat,Surat,Groundnut pods (raw),Other,FAQ,2022-06-09 00:00:00,2750,4000,3375.0,312
Gujarat,Surat,Surat,Groundnut pods (raw),Other,FAQ,2022-06-13 00:00:00,2500,4000,3250.0,312
Gujarat,Surat,Surat,Groundnut pods (raw),Other,FAQ,2022-06-14 00:00:00,3000,4000,3500.0,312
Gujarat,Surat,Surat,Groundnut pods (raw),Other,FAQ,2022-06-18 00:00:00,3000,4250,3625.0,312
Gujarat,Surat,Surat,Groundnut pods (raw),Other,FAQ,2022-07-06 00:00:00,3000,5000,4000.0,312
Gujarat,Surat,Surat,Groundnut pods (raw),Other,FAQ,2022-07-12 00:00:00,4000,7000,5500.0,312
Gujarat,Surat,Surat,Groundnut pods (raw),Other,FAQ,2022-07-26 00:00:00,3000,6000,4500.0,312
Gujarat,Surat,Surat,Groundnut pods (raw),Other,FAQ,2022-08-03 00:00:00,3500,7000,5250.0,312
Gujarat,Surat,Surat,Groundnut pods (raw),Other,FAQ,2022-08-10 00:00:00,3000,5500,4250.0,312
Gujarat,Surat,Surat,Groundnut pods (raw),Other,FAQ,2022-08-24 00:00:00,3000,6000,4500.0,312
Gujarat,Surat,Surat,Groundnut pods (raw),Other,FAQ,2022-08-29 00:00:00,2750,4250,3500.0,312
Gujarat,Surat,Surat,Groundnut pods (raw),Other,FAQ,2022-09-19 00:00:00,2500,3500,3000.0,312
Gujarat,Surat,Surat,Groundnut pods (raw),Other,FAQ,2022-09-27 00:00:00,3000,4250,3625.0,312
Gujarat,Surat,Surat,Groundnut pods (raw),Other,FAQ,2022-09-30 00:00:00,2800,3750,3275.0,312
Gujarat,Vadodara(Baroda),Vadodara(Sayajipura),Groundnut pods (raw),Other,FAQ,2022-06-05 00:00:00,3500,4000,3800.0,312
Gujarat,Vadodara(Baroda),Vadodara(Sayajipura),Groundnut pods (raw),Other,FAQ,2022-06-08 00:00:00,3800,4000,3900.0,312
Gujarat,Vadodara(Baroda),Vadodara(Sayajipura),Groundnut pods (raw),Other,FAQ,2022-06-21 00:00:00,3000,3500,3300.0,312
Gujarat,Vadodara(Baroda),Vadodara(Sayajipura),Groundnut pods (raw),Other,FAQ,2022-06-22 00:00:00,3000,3500,3300.0,312
Gujarat,Vadodara(Baroda),Vadodara(Sayajipura),Groundnut pods (raw),Other,FAQ,2022-06-23 00:00:00,3000,3500,3300.0,312
Gujarat,Vadodara(Baroda),Vadodara(Sayajipura),Groundnut pods (raw),Other,FAQ,2022-07-11 00:00:00,2500,3000,2800.0,312
Gujarat,Vadodara(Baroda),Vadodara(Sayajipura),Groundnut pods (raw),Other,FAQ,2022-07-12 00:00:00,2500,3000,2800.0,312
Gujarat,Vadodara(Baroda),Vadodara(Sayajipura),Groundnut pods (raw),Other,FAQ,2022-08-29 00:00:00,4500,5000,4800.0,312
Gujarat,Vadodara(Baroda),Vadodara(Sayajipura),Groundnut pods (raw),Other,FAQ,2022-08-31 00:00:00,4500,5000,4800.0,312
Gujarat,Vadodara(Baroda),Vadodara(Sayajipura),Groundnut pods (raw),Other,FAQ,2022-09-01 00:00:00,4500,4800,4500.0,312
Gujarat,Vadodara(Baroda),Vadodara(Sayajipura),Groundnut pods (raw),Other,FAQ,2022-09-03 00:00:00,4500,5000,4800.0,312
Gujarat,Vadodara(Baroda),Vadodara(Sayajipura),Groundnut pods (raw),Other,FAQ,2022-09-14 00:00:00,3000,3500,3300.0,312
Gujarat,Vadodara(Baroda),Vadodara(Sayajipura),Groundnut pods (raw),Other,FAQ,2022-09-28 00:00:00,3000,3500,3300.0,312
Gujarat,Ahmedabad,Ahmedabad,Groundnut pods (raw),Other,FAQ,2024-06-12 00:00:00,5500,6000,5800.0,312
Gujarat,Ahmedabad,Ahmedabad,Groundnut pods (raw),Other,FAQ,2024-06-19 00:00:00,5000,5500,5300.0,312
Gujarat,Ahmedabad,Ahmedabad,Groundnut pods (raw),Other,FAQ,2024-06-25 00:00:00,5000,6000,5650.0,312
Gujarat,Ahmedabad,Ahmedabad,Groundnut pods (raw),Other,FAQ,2024-06-26 00:00:00,5000,6000,5750.0,312
Gujarat,Ahmedabad,Ahmedabad,Groundnut pods (raw),Other,FAQ,2024-06-27 00:00:00,5000,6500,6000.0,312
Gujarat,Ahmedabad,Ahmedabad,Groundnut pods (raw),Other,FAQ,2024-06-28 00:00:00,5500,6500,6000.0,312
Gujarat,Surat,Surat,Groundnut pods (raw),Other,FAQ,2024-06-08 00:00:00,3000,5300,4150.0,312
Gujarat,Surat,Surat,Groundnut pods (raw),Other,FAQ,2024-06-14 00:00:00,3000,5000,4000.0,312
Gujarat,Surat,Surat,Groundnut pods (raw),Other,FAQ,2024-06-28 00:00:00,4000,5500,4750.0,312
Gujarat,Surat,Surat,Groundnut pods (raw),Other,FAQ,2024-06-29 00:00:00,4000,5500,4750.0,312
Gujarat,Vadodara(Baroda),Vadodara(Sayajipura),Groundnut pods (raw),Other,FAQ,2024-06-12 00:00:00,4000,4500,4300.0,312
Gujarat,Vadodara(Baroda),Vadodara(Sayajipura),Groundnut pods (raw),Other,FAQ,2024-06-17 00:00:00,4000,4500,4300.0,312
Gujarat,Vadodara(Baroda),Vadodara(Sayajipura),Groundnut pods (raw),Other,FAQ,2024-06-23 00:00:00,5000,5500,5300.0,312
Gujarat,Vadodara(Baroda),Vadodara(Sayajipura),Groundnut pods (raw),Other,FAQ,2024-06-29 00:00:00,1500,4000,2800.0,312
Gujarat,Ahmedabad,Ahmedabad,Groundnut pods (raw),Other,FAQ,2015-06-16 00:00:00,2400,3000,2800.0,312
Gujarat,Ahmedabad,Ahmedabad,Groundnut pods (raw),Other,FAQ,2015-06-18 00:00:00,2500,3200,3000.0,312
Gujarat,Ahmedabad,Ahmedabad,Groundnut pods (raw),Other,FAQ,2015-06-24 00:00:00,3000,3500,3300.0,312
Gujarat,Ahmedabad,Ahmedabad,Groundnut pods (raw),Other,FAQ,2015-07-09 00:00:00,3500,4000,3750.0,312
Gujarat,Ahmedabad,Ahmedabad,Groundnut pods (raw),Other,FAQ,2015-07-11 00:00:00,3000,3800,3500.0,312
Gujarat,Ahmedabad,Ahmedabad,Groundnut pods (raw),Other,FAQ,2015-07-23 00:00:00,2000,3500,3000.0,312
Gujarat,Ahmedabad,Ahmedabad,Groundnut pods (raw),Other,FAQ,2015-07-27 00:00:00,2000,4500,3500.0,312
Gujarat,Ahmedabad,Ahmedabad,Groundnut pods (raw),Other,FAQ,2015-07-30 00:00:00,3000,4000,3600.0,312
Gujarat,Ahmedabad,Ahmedabad,Groundnut pods (raw),Other,FAQ,2015-08-06 00:00:00,5000,5500,5300.0,312
Gujarat,Ahmedabad,Ahmedabad,Groundnut pods (raw),Other,FAQ,2015-08-07 00:00:00,5000,5500,5300.0,312
Gujarat,Ahmedabad,Ahmedabad,Groundnut pods (raw),Other,FAQ,2015-08-20 00:00:00,3500,5000,4500.0,312
Gujarat,Ahmedabad,Ahmedabad,Groundnut pods (raw),Other,FAQ,2015-08-31 00:00:00,3500,4000,3800.0,312
Gujarat,Ahmedabad,Ahmedabad,Groundnut pods (raw),Other,FAQ,2015-09-04 00:00:00,2000,4000,3500.0,312
Gujarat,Ahmedabad,Ahmedabad,Groundnut pods (raw),Other,FAQ,2015-09-08 00:00:00,2000,3500,3000.0,312
Gujarat,Ahmedabad,Ahmedabad,Groundnut pods (raw),Other,FAQ,2015-09-12 00:00:00,2500,4000,3500.0,312
Gujarat,Ahmedabad,Ahmedabad,Groundnut pods (raw),Other,FAQ,2015-09-14 00:00:00,2500,3500,3200.0,312
Gujarat,Ahmedabad,Ahmedabad,Groundnut pods (raw),Other,FAQ,2015-09-16 00:00:00,2500,3500,3200.0,312
Gujarat,Ahmedabad,Ahmedabad,Groundnut pods (raw),Other,FAQ,2015-09-17 00:00:00,2500,3500,3200.0,312
Gujarat,Ahmedabad,Ahmedabad,Groundnut pods (raw),Other,FAQ,2015-09-22 00:00:00,3500,4000,3800.0,312
Gujarat,Ahmedabad,Ahmedabad,Groundnut pods (raw),Other,FAQ,2015-09-28 00:00:00,2200,3500,3000.0,312
Gujarat,Ahmedabad,Ahmedabad,Groundnut pods (raw),Other,FAQ,2015-10-14 00:00:00,3000,3500,3300.0,312
Gujarat,Ahmedabad,Ahmedabad,Groundnut pods (raw),Other,FAQ,2015-10-19 00:00:00,2000,3000,2600.0,312
Gujarat,Bharuch,Ankleshwar,Groundnut pods (raw),Other,FAQ,2015-06-03 00:00:00,1800,2500,2250.0,312
Gujarat,Bharuch,Ankleshwar,Groundnut pods (raw),Other,FAQ,2015-06-15 00:00:00,1800,2500,2250.0,312
Gujarat,Bharuch,Ankleshwar,Groundnut pods (raw),Other,FAQ,2015-06-24 00:00:00,2250,3150,2950.0,312
Gujarat,Bharuch,Ankleshwar,Groundnut pods (raw),Other,FAQ,2015-06-25 00:00:00,2650,3550,2950.0,312
Gujarat,Bharuch,Ankleshwar,Groundnut pods (raw),Other,FAQ,2015-06-29 00:00:00,2500,2950,2800.0,312
Gujarat,Bharuch,Ankleshwar,Groundnut pods (raw),Other,FAQ,2015-07-12 00:00:00,2500,3400,3000.0,312
Gujarat,Bharuch,Ankleshwar,Groundnut pods (raw),Other,FAQ,2015-07-14 00:00:00,2200,2650,2500.0,312
Gujarat,Bharuch,Ankleshwar,Groundnut pods (raw),Other,FAQ,2015-08-09 00:00:00,2950,3550,3400.0,312
Gujarat,Bharuch,Ankleshwar,Groundnut pods (raw),Other,FAQ,2015-09-19 00:00:00,3150,4050,3550.0,312
Gujarat,Bharuch,Ankleshwar,Groundnut pods (raw),Other,FAQ,2015-09-20 00:00:00,3400,4300,4000.0,312
Gujarat,Surat,Surat,Groundnut pods (raw),Other,FAQ,2015-06-06 00:00:00,2250,2750,2500.0,312
Gujarat,Surat,Surat,Groundnut pods (raw),Other,FAQ,2015-06-15 00:00:00,2750,3000,2875.0,312
Gujarat,Surat,Surat,Groundnut pods (raw),Other,FAQ,2015-07-08 00:00:00,3000,3500,3250.0,312
Gujarat,Surat,Surat,Groundnut pods (raw),Other,FAQ,2015-07-29 00:00:00,3000,3500,3250.0,312
Gujarat,Surat,Surat,Groundnut pods (raw),Other,FAQ,2015-08-04 00:00:00,3500,4000,3750.0,312
Gujarat,Surat,Surat,Groundnut pods (raw),Other,FAQ,2015-08-05 00:00:00,4000,4250,4125.0,312
Gujarat,Surat,Surat,Groundnut pods (raw),Other,FAQ,2015-09-09 00:00:00,2500,3500,3000.0,312
Gujarat,Surat,Surat,Groundnut pods (raw),Other,FAQ,2015-09-28 00:00:00,2500,3000,2750.0,312
Gujarat,Surat,Surat,Groundnut pods (raw),Other,FAQ,2015-09-29 00:00:00,2500,3000,2750.0,312
Gujarat,Surat,Surat,Groundnut pods (raw),Other,FAQ,2015-10-27 00:00:00,3000,3500,3250.0,312
Gujarat,Vadodara(Baroda),Vadodara(Sayajipura),Groundnut pods (raw),Other,FAQ,2015-07-15 00:00:00,3000,3500,3300.0,312
Gujarat,Vadodara(Baroda),Vadodara(Sayajipura),Groundnut pods (raw),Other,FAQ,2015-07-20 00:00:00,2500,3000,2800.0,312
Gujarat,Vadodara(Baroda),Vadodara(Sayajipura),Groundnut pods (raw),Other,FAQ,2015-08-04 00:00:00,2000,3000,2550.0,312
Gujarat,Vadodara(Baroda),Vadodara(Sayajipura),Groundnut pods (raw),Other,FAQ,2015-08-12 00:00:00,3000,3500,3300.0,312
Gujarat,Vadodara(Baroda),Vadodara(Sayajipura),Groundnut pods (raw),Other,FAQ,2015-09-08 00:00:00,4500,6000,5300.0,312
Gujarat,Vadodara(Baroda),Vadodara(Sayajipura),Groundnut pods (raw),Other,FAQ,2015-09-10 00:00:00,4000,5000,4550.0,312
Gujarat,Vadodara(Baroda),Vadodara(Sayajipura),Groundnut pods (raw),Other,FAQ,2015-09-12 00:00:00,3500,4500,4100.0,312
Gujarat,Vadodara(Baroda),Vadodara(Sayajipura),Groundnut pods (raw),Other,FAQ,2015-09-19 00:00:00,2000,3000,2550.0,312
Gujarat,Vadodara(Baroda),Vadodara(Sayajipura),Groundnut pods (raw),Other,FAQ,2015-09-22 00:00:00,2500,3000,2800.0,312
Gujarat,Vadodara(Baroda),Vadodara(Sayajipura),Groundnut pods (raw),Other,FAQ,2015-09-26 00:00:00,2000,3000,2550.0,312
Gujarat,Vadodara(Baroda),Vadodara(Sayajipura),Groundnut pods (raw),Other,FAQ,2015-10-03 00:00:00,2500,3000,2800.0,312
Gujarat,Vadodara(Baroda),Vadodara(Sayajipura),Groundnut pods (raw),Other,FAQ,2015-10-15 00:00:00,3000,3500,3300.0,312
Gujarat,Vadodara(Baroda),Vadodara(Sayajipura),Groundnut pods (raw),Other,FAQ,2015-10-16 00:00:00,2500,3000,2825.0,312
Gujarat,Vadodara(Baroda),Vadodara(Sayajipura),Groundnut pods (raw),Other,FAQ,2015-10-21 00:00:00,2000,2500,2300.0,312
Gujarat,Vadodara(Baroda),Vadodara(Sayajipura),Groundnut pods (raw),Other,FAQ,2015-10-22 00:00:00,2000,2500,2300.0,312
Gujarat,Vadodara(Baroda),Vadodara(Sayajipura),Groundnut pods (raw),Other,FAQ,2015-11-02 00:00:00,2500,3000,2800.0,312
Gujarat,Vadodara(Baroda),Vadodara(Sayajipura),Groundnut pods (raw),Other,FAQ,2015-11-17 00:00:00,2500,3000,2800.0,312
Gujarat,Surendranagar,Vadhvan,Groundnut pods (raw),Other,FAQ,2004-08-11 00:00:00,15000,16000,15500.0,312
Gujarat,Surendranagar,Vadhvan,Groundnut pods (raw),Other,FAQ,2004-08-22 00:00:00,10000,11000,10500.0,312
Gujarat,Surendranagar,Vadhvan,Groundnut pods (raw),Other,FAQ,2004-08-27 00:00:00,900,1000,950.0,312
Gujarat,Surendranagar,Vadhvan,Groundnut pods (raw),Other,FAQ,2004-09-04 00:00:00,750,1000,875.0,312
Gujarat,Surendranagar,Vadhvan,Groundnut pods (raw),Other,FAQ,2004-09-23 00:00:00,1000,1125,1063.0,312
Gujarat,Surendranagar,Vadhvan,Groundnut pods (raw),Other,FAQ,2004-09-25 00:00:00,900,1000,950.0,312
Gujarat,Surendranagar,Vadhvan,Groundnut pods (raw),Other,FAQ,2004-10-02 00:00:00,1000,1250,1125.0,312
Gujarat,Surendranagar,Vadhvan,Groundnut pods (raw),Other,FAQ,2004-10-04 00:00:00,1000,1250,1125.0,312
Gujarat,Surendranagar,Vadhvan,Groundnut pods (raw),Other,FAQ,2004-10-07 00:00:00,1250,1300,1275.0,312
Gujarat,Surendranagar,Vadhvan,Groundnut pods (raw),Other,FAQ,2004-10-14 00:00:00,1000,1250,1125.0,312
Gujarat,Surendranagar,Vadhvan,Groundnut pods (raw),Other,FAQ,2003-08-02 00:00:00,14000,15000,14500.0,312
Gujarat,Surendranagar,Vadhvan,Groundnut pods (raw),Other,FAQ,2003-09-05 00:00:00,10000,11000,10500.0,312
Gujarat,Surendranagar,Vadhvan,Groundnut pods (raw),Other,FAQ,2003-09-09 00:00:00,7000,9000,8000.0,312
Gujarat,Surendranagar,Vadhvan,Groundnut pods (raw),Other,FAQ,2003-09-13 00:00:00,7500,10000,8750.0,312
Gujarat,Surendranagar,Vadhvan,Groundnut pods (raw),Other,FAQ,2003-09-26 00:00:00,10000,10500,10250.0,312
Gujarat,Surendranagar,Vadhvan,Groundnut pods (raw),Other,FAQ,2003-09-29 00:00:00,9000,10000,9500.0,312
Gujarat,Surendranagar,Vadhvan,Groundnut pods (raw),Other,FAQ,2003-10-09 00:00:00,10000,11000,10500.0,312
Gujarat,Surendranagar,Vadhvan,Groundnut pods (raw),Other,FAQ,2003-10-12 00:00:00,8500,10000,9250.0,312
Gujarat,Vadodara(Baroda),Vadodara(Sayajipura),Groundnut pods (raw),Other,FAQ,2013-06-12 00:00:00,3000,4000,3500.0,312
Gujarat,Vadodara(Baroda),Vadodara(Sayajipura),Groundnut pods (raw),Other,FAQ,2013-06-14 00:00:00,3000,4000,3600.0,312
Gujarat,Vadodara(Baroda),Vadodara(Sayajipura),Groundnut pods (raw),Other,FAQ,2013-06-17 00:00:00,3000,3500,3300.0,312
Gujarat,Vadodara(Baroda),Vadodara(Sayajipura),Groundnut pods (raw),Other,FAQ,2013-06-19 00:00:00,3000,3500,3300.0,312
Gujarat,Vadodara(Baroda),Vadodara(Sayajipura),Groundnut pods (raw),Other,FAQ,2013-06-22 00:00:00,3000,3500,3325.0,312
Gujarat,Vadodara(Baroda),Vadodara(Sayajipura),Groundnut pods (raw),Other,FAQ,2013-07-06 00:00:00,3500,4000,3800.0,312
Gujarat,Vadodara(Baroda),Vadodara(Sayajipura),Groundnut pods (raw),Other,FAQ,2013-07-11 00:00:00,3500,4000,3825.0,312
Gujarat,Vadodara(Baroda),Vadodara(Sayajipura),Groundnut pods (raw),Other,FAQ,2013-07-12 00:00:00,3500,4000,3825.0,312
Gujarat,Vadodara(Baroda),Vadodara(Sayajipura),Groundnut pods (raw),Other,FAQ,2013-07-19 00:00:00,3500,4000,3775.0,312
Gujarat,Vadodara(Baroda),Vadodara(Sayajipura),Groundnut pods (raw),Other,FAQ,2013-07-23 00:00:00,3500,4000,3825.0,312
Gujarat,Vadodara(Baroda),Vadodara(Sayajipura),Groundnut pods (raw),Other,FAQ,2013-07-31 00:00:00,3500,4000,3775.0,312
Gujarat,Vadodara(Baroda),Vadodara(Sayajipura),Groundnut pods (raw),Other,FAQ,2013-08-07 00:00:00,3500,4000,3775.0,312
Gujarat,Vadodara(Baroda),Vadodara(Sayajipura),Groundnut pods (raw),Other,FAQ,2013-08-14 00:00:00,3500,4000,3775.0,312
Gujarat,Vadodara(Baroda),Vadodara(Sayajipura),Groundnut pods (raw),Other,FAQ,2013-08-22 00:00:00,3500,4000,3775.0,312
Gujarat,Vadodara(Baroda),Vadodara(Sayajipura),Groundnut pods (raw),Other,FAQ,2013-09-02 00:00:00,3000,4000,3600.0,312
Gujarat,Vadodara(Baroda),Vadodara(Sayajipura),Groundnut pods (raw),Other,FAQ,2013-09-10 00:00:00,3000,3500,3275.0,312
Gujarat,Vadodara(Baroda),Vadodara(Sayajipura),Groundnut pods (raw),Other,FAQ,2013-09-22 00:00:00,2500,4000,3375.0,312
Gujarat,Vadodara(Baroda),Vadodara(Sayajipura),Groundnut pods (raw),Other,FAQ,2013-09-28 00:00:00,3000,4000,3550.0,312
Gujarat,Vadodara(Baroda),Vadodara(Sayajipura),Groundnut pods (raw),Other,FAQ,2013-10-01 00:00:00,3000,4000,3550.0,312
Gujarat,Vadodara(Baroda),Vadodara(Sayajipura),Groundnut pods (raw),Other,FAQ,2013-10-03 00:00:00,2500,3000,2775.0,312
Gujarat,Vadodara(Baroda),Vadodara(Sayajipura),Groundnut pods (raw),Other,FAQ,2013-10-10 00:00:00,2000,3000,2550.0,312
Gujarat,Vadodara(Baroda),Vadodara(Sayajipura),Groundnut pods (raw),Other,FAQ,2013-10-13 00:00:00,2500,3000,2775.0,312
Gujarat,Vadodara(Baroda),Vadodara(Sayajipura),Groundnut pods (raw),Other,FAQ,2013-10-25 00:00:00,3000,4000,3600.0,312
Gujarat,Vadodara(Baroda),Vadodara(Sayajipura),Groundnut pods (raw),Other,FAQ,2013-12-14 00:00:00,3000,4000,3575.0,312
Gujarat,Vadodara(Baroda),Vadodara(Sayajipura),Groundnut pods (raw),Other,FAQ,2010-05-10 00:00:00,2250,2500,2400.0,312
Gujarat,Vadodara(Baroda),Vadodara(Sayajipura),Groundnut pods (raw),Other,FAQ,2010-05-19 00:00:00,1900,2900,2450.0,312
Gujarat,Vadodara(Baroda),Vadodara(Sayajipura),Groundnut pods (raw),Other,FAQ,2010-05-25 00:00:00,2000,2750,2350.0,312
Gujarat,Vadodara(Baroda),Vadodara(Sayajipura),Groundnut pods (raw),Other,FAQ,2010-05-30 00:00:00,2000,2900,2450.0,312
Gujarat,Vadodara(Baroda),Vadodara(Sayajipura),Groundnut pods (raw),Other,FAQ,2010-06-07 00:00:00,1500,2750,2100.0,312
Gujarat,Vadodara(Baroda),Vadodara(Sayajipura),Groundnut pods (raw),Other,FAQ,2010-06-12 00:00:00,1750,2500,2125.0,312
Gujarat,Vadodara(Baroda),Vadodara(Sayajipura),Groundnut pods (raw),Other,FAQ,2010-06-13 00:00:00,1750,2500,2125.0,312
Gujarat,Vadodara(Baroda),Vadodara(Sayajipura),Groundnut pods (raw),Other,FAQ,2010-06-14 00:00:00,1700,2300,2000.0,312
Gujarat,Vadodara(Baroda),Vadodara(Sayajipura),Groundnut pods (raw),Other,FAQ,2010-06-15 00:00:00,1600,2200,2000.0,312
Gujarat,Vadodara(Baroda),Vadodara(Sayajipura),Groundnut pods (raw),Other,FAQ,2010-06-18 00:00:00,1500,2500,2000.0,312
Gujarat,Vadodara(Baroda),Vadodara(Sayajipura),Groundnut pods (raw),Other,FAQ,2010-06-19 00:00:00,1500,2000,1750.0,312
Gujarat,Vadodara(Baroda),Vadodara(Sayajipura),Groundnut pods (raw),Other,FAQ,2010-06-25 00:00:00,1500,2150,1825.0,312
Gujarat,Vadodara(Baroda),Vadodara(Sayajipura),Groundnut pods (raw),Other,FAQ,2010-06-26 00:00:00,1500,1750,1625.0,312
Gujarat,Vadodara(Baroda),Vadodara(Sayajipura),Groundnut pods (raw),Other,FAQ,2010-07-01 00:00:00,1800,2300,2100.0,312
Gujarat,Vadodara(Baroda),Vadodara(Sayajipura),Groundnut pods (raw),Other,FAQ,2010-07-02 00:00:00,2000,2400,2200.0,312
Gujarat,Vadodara(Baroda),Vadodara(Sayajipura),Groundnut pods (raw),Other,FAQ,2010-07-07 00:00:00,2400,2800,2600.0,312
Gujarat,Vadodara(Baroda),Vadodara(Sayajipura),Groundnut pods (raw),Other,FAQ,2010-07-18 00:00:00,2500,3000,2750.0,312
Gujarat,Rajkot,Gondal,Groundnut pods (raw),Other,FAQ,2009-05-16 00:00:00,2000,2250,2125.0,312
Gujarat,Rajkot,Gondal,Groundnut pods (raw),Other,FAQ,2009-07-01 00:00:00,2000,2500,2250.0,312
Gujarat,Rajkot,Gondal,Groundnut pods (raw),Other,FAQ,2009-07-03 00:00:00,1250,1350,1300.0,312
Gujarat,Rajkot,Gondal,Groundnut pods (raw),Other,FAQ,2009-07-13 00:00:00,2000,2500,2250.0,312
Gujarat,Rajkot,Gondal,Groundnut pods (raw),Other,FAQ,2009-08-01 00:00:00,2000,2500,2250.0,312
Gujarat,Rajkot,Gondal,Groundnut pods (raw),Other,FAQ,2009-08-04 00:00:00,1500,1750,1625.0,312
Gujarat,Rajkot,Gondal,Groundnut pods (raw),Other,FAQ,2009-08-05 00:00:00,1300,1500,1400.0,312
Gujarat,Rajkot,Gondal,Groundnut pods (raw),Other,FAQ,2009-08-08 00:00:00,1500,2000,1750.0,312
Gujarat,Rajkot,Gondal,Groundnut pods (raw),Other,FAQ,2009-08-18 00:00:00,1000,1500,1250.0,312
Gujarat,Rajkot,Gondal,Groundnut pods (raw),Other,FAQ,2009-08-21 00:00:00,1500,2000,1750.0,312
Gujarat,Rajkot,Gondal,Groundnut pods (raw),Other,FAQ,2009-08-23 00:00:00,1500,2250,1900.0,312
Gujarat,Rajkot,Gondal,Groundnut pods (raw),Other,FAQ,2009-08-26 00:00:00,1500,2000,1750.0,312
Gujarat,Rajkot,Gondal,Groundnut pods (raw),Other,FAQ,2009-08-27 00:00:00,1500,2000,1750.0,312
Gujarat,Rajkot,Gondal,Groundnut pods (raw),Other,FAQ,2009-09-06 00:00:00,1500,2000,1750.0,312
Gujarat,Rajkot,Gondal,Groundnut pods (raw),Other,FAQ,2009-10-02 00:00:00,750,1000,850.0,312
Gujarat,Vadodara(Baroda),Vadodara(Sayajipura),Groundnut pods (raw),Other,FAQ,2009-05-16 00:00:00,1500,2000,1750.0,312
Gujarat,Vadodara(Baroda),Vadodara(Sayajipura),Groundnut pods (raw),Other,FAQ,2009-05-28 00:00:00,1400,1600,1500.0,312
Gujarat,Vadodara(Baroda),Vadodara(Sayajipura),Groundnut pods (raw),Other,FAQ,2009-06-18 00:00:00,1200,1500,1350.0,312
Gujarat,Vadodara(Baroda),Vadodara(Sayajipura),Groundnut pods (raw),Other,FAQ,2009-06-19 00:00:00,1200,1500,1350.0,312
Gujarat,Vadodara(Baroda),Vadodara(Sayajipura),Groundnut pods (raw),Other,FAQ,2009-06-20 00:00:00,1200,1500,1350.0,312
Gujarat,Vadodara(Baroda),Vadodara(Sayajipura),Groundnut pods (raw),Other,FAQ,2009-07-07 00:00:00,2000,2500,2275.0,312
Gujarat,Vadodara(Baroda),Vadodara(Sayajipura),Groundnut pods (raw),Other,FAQ,2009-07-10 00:00:00,1500,2000,1750.0,312
Gujarat,Vadodara(Baroda),Vadodara(Sayajipura),Groundnut pods (raw),Other,FAQ,2009-07-14 00:00:00,2000,2700,2375.0,312
Gujarat,Vadodara(Baroda),Vadodara(Sayajipura),Groundnut pods (raw),Other,FAQ,2009-07-15 00:00:00,2000,2500,2275.0,312
Gujarat,Vadodara(Baroda),Vadodara(Sayajipura),Groundnut pods (raw),Other,FAQ,2009-07-24 00:00:00,1400,1800,1600.0,312
Gujarat,Vadodara(Baroda),Vadodara(Sayajipura),Groundnut pods (raw),Other,FAQ,2009-07-25 00:00:00,1000,2000,1525.0,312
Gujarat,Vadodara(Baroda),Vadodara(Sayajipura),Groundnut pods (raw),Other,FAQ,2009-07-27 00:00:00,1400,2000,1725.0,312
Gujarat,Vadodara(Baroda),Vadodara(Sayajipura),Groundnut pods (raw),Other,FAQ,2009-07-30 00:00:00,1500,2500,2025.0,312
Gujarat,Vadodara(Baroda),Vadodara(Sayajipura),Groundnut pods (raw),Other,FAQ,2009-08-03 00:00:00,1300,2000,1675.0,312
Gujarat,Vadodara(Baroda),Vadodara(Sayajipura),Groundnut pods (raw),Other,FAQ,2009-08-04 00:00:00,1000,1600,1325.0,312
Gujarat,Vadodara(Baroda),Vadodara(Sayajipura),Groundnut pods (raw),Other,FAQ,2009-08-08 00:00:00,1500,2000,1775.0,312
Gujarat,Vadodara(Baroda),Vadodara(Sayajipura),Groundnut pods (raw),Other,FAQ,2009-08-12 00:00:00,2000,2500,2275.0,312
Gujarat,Vadodara(Baroda),Vadodara(Sayajipura),Groundnut pods (raw),Other,FAQ,2009-08-14 00:00:00,2000,2500,2275.0,312
Gujarat,Vadodara(Baroda),Vadodara(Sayajipura),Groundnut pods (raw),Other,FAQ,2009-08-16 00:00:00,2000,2750,2400.0,312
Gujarat,Vadodara(Baroda),Vadodara(Sayajipura),Groundnut pods (raw),Other,FAQ,2009-08-21 00:00:00,1700,2250,1875.0,312
Gujarat,Vadodara(Baroda),Vadodara(Sayajipura),Groundnut pods (raw),Other,FAQ,2009-09-24 00:00:00,2000,2300,2150.0,312
Gujarat,Vadodara(Baroda),Vadodara(Sayajipura),Groundnut pods (raw),Other,FAQ,2009-09-30 00:00:00,1500,2000,1700.0,312
Gujarat,Bharuch,Ankleshwar,Groundnut pods (raw),Other,FAQ,2014-05-29 00:00:00,1350,1800,1600.0,312
Gujarat,Bharuch,Ankleshwar,Groundnut pods (raw),Other,FAQ,2014-06-06 00:00:00,1500,1800,1725.0,312
Gujarat,Bharuch,Ankleshwar,Groundnut pods (raw),Other,FAQ,2014-06-09 00:00:00,1600,1800,1675.0,312
Gujarat,Bharuch,Ankleshwar,Groundnut pods (raw),Other,FAQ,2014-06-10 00:00:00,1600,1800,1700.0,312
Gujarat,Bharuch,Ankleshwar,Groundnut pods (raw),Other,FAQ,2014-06-22 00:00:00,2200,2650,2500.0,312
Gujarat,Bharuch,Ankleshwar,Groundnut pods (raw),Other,FAQ,2014-06-24 00:00:00,1600,1800,1750.0,312
Gujarat,Bharuch,Ankleshwar,Groundnut pods (raw),Other,FAQ,2014-06-28 00:00:00,2200,2650,2500.0,312
Gujarat,Bharuch,Ankleshwar,Groundnut pods (raw),Other,FAQ,2014-07-30 00:00:00,2500,3000,2800.0,312
Gujarat,Bharuch,Ankleshwar,Groundnut pods (raw),Other,FAQ,2014-08-16 00:00:00,2700,3600,3100.0,312
Gujarat,Kheda,Nadiad,Groundnut pods (raw),Other,FAQ,2014-10-04 00:00:00,3000,3100,3050.0,312
Gujarat,Surat,Surat,Groundnut pods (raw),Other,FAQ,2014-09-22 00:00:00,3000,3500,3250.0,312
Gujarat,Vadodara(Baroda),Vadodara(Sayajipura),Groundnut pods (raw),Other,FAQ,2014-05-27 00:00:00,2000,3000,2575.0,312
Gujarat,Vadodara(Baroda),Vadodara(Sayajipura),Groundnut pods (raw),Other,FAQ,2014-06-03 00:00:00,1500,2500,2075.0,312
Gujarat,Vadodara(Baroda),Vadodara(Sayajipura),Groundnut pods (raw),Other,FAQ,2014-06-07 00:00:00,2000,2500,2300.0,312
Gujarat,Vadodara(Baroda),Vadodara(Sayajipura),Groundnut pods (raw),Other,FAQ,2014-06-09 00:00:00,2000,2500,2300.0,312
Gujarat,Vadodara(Baroda),Vadodara(Sayajipura),Groundnut pods (raw),Other,FAQ,2014-06-10 00:00:00,2000,2500,2275.0,312
Gujarat,Vadodara(Baroda),Vadodara(Sayajipura),Groundnut pods (raw),Other,FAQ,2014-06-11 00:00:00,1500,2500,2025.0,312
Gujarat,Vadodara(Baroda),Vadodara(Sayajipura),Groundnut pods (raw),Other,FAQ,2014-07-05 00:00:00,2250,2750,2575.0,312
Gujarat,Vadodara(Baroda),Vadodara(Sayajipura),Groundnut pods (raw),Other,FAQ,2014-07-08 00:00:00,2000,2500,2250.0,312
Gujarat,Vadodara(Baroda),Vadodara(Sayajipura),Groundnut pods (raw),Other,FAQ,2014-07-09 00:00:00,2200,2500,2400.0,312
Gujarat,Vadodara(Baroda),Vadodara(Sayajipura),Groundnut pods (raw),Other,FAQ,2014-07-12 00:00:00,2000,2500,2275.0,312
Gujarat,Vadodara(Baroda),Vadodara(Sayajipura),Groundnut pods (raw),Other,FAQ,2014-07-22 00:00:00,2500,2800,2700.0,312
Gujarat,Vadodara(Baroda),Vadodara(Sayajipura),Groundnut pods (raw),Other,FAQ,2014-07-24 00:00:00,2500,2800,2650.0,312
Gujarat,Vadodara(Baroda),Vadodara(Sayajipura),Groundnut pods (raw),Other,FAQ,2014-08-03 00:00:00,2500,3000,2825.0,312
Gujarat,Vadodara(Baroda),Vadodara(Sayajipura),Groundnut pods (raw),Other,FAQ,2014-08-15 00:00:00,3000,3500,3275.0,312
Gujarat,Vadodara(Baroda),Vadodara(Sayajipura),Groundnut pods (raw),Other,FAQ,2014-08-17 00:00:00,2500,3500,3050.0,312
Gujarat,Vadodara(Baroda),Vadodara(Sayajipura),Groundnut pods (raw),Other,FAQ,2014-09-06 00:00:00,3000,4000,3550.0,312
Gujarat,Vadodara(Baroda),Vadodara(Sayajipura),Groundnut pods (raw),Other,FAQ,2014-09-11 00:00:00,3500,4000,3775.0,312
Gujarat,Vadodara(Baroda),Vadodara(Sayajipura),Groundnut pods (raw),Other,FAQ,2014-09-19 00:00:00,2500,3500,3075.0,312
Gujarat,Vadodara(Baroda),Vadodara(Sayajipura),Groundnut pods (raw),Other,FAQ,2014-09-27 00:00:00,2500,3500,3025.0,312
Gujarat,Vadodara(Baroda),Vadodara(Sayajipura),Groundnut pods (raw),Other,FAQ,2014-09-30 00:00:00,2000,4000,3075.0,312
Gujarat,Vadodara(Baroda),Vadodara(Sayajipura),Groundnut pods (raw),Other,FAQ,2014-10-03 00:00:00,4500,5000,4800.0,312
Gujarat,Vadodara(Baroda),Vadodara(Sayajipura),Groundnut pods (raw),Other,FAQ,2014-10-20 00:00:00,4000,4500,4300.0,312
Gujarat,Vadodara(Baroda),Vadodara(Sayajipura),Groundnut pods (raw),Other,FAQ,2014-10-22 00:00:00,4000,4500,4300.0,312
Gujarat,Vadodara(Baroda),Vadodara(Sayajipura),Groundnut pods (raw),Other,FAQ,2014-11-09 00:00:00,3500,4000,3800.0,312
Gujarat,Vadodara(Baroda),Vadodara(Sayajipura),Groundnut pods (raw),Other,FAQ,2014-11-10 00:00:00,3500,4000,3800.0,312
Gujarat,Ahmedabad,Ahmedabad,Groundnut pods (raw),Other,FAQ,2016-08-04 00:00:00,5000,6000,5800.0,312
Gujarat,Ahmedabad,Ahmedabad,Groundnut pods (raw),Other,FAQ,2016-09-08 00:00:00,2500,4000,3300.0,312
Gujarat,Ahmedabad,Ahmedabad,Groundnut pods (raw),Other,FAQ,2016-09-14 00:00:00,3000,3200,3100.0,312
Gujarat,Ahmedabad,Ahmedabad,Groundnut pods (raw),Other,FAQ,2016-09-23 00:00:00,2400,4500,3500.0,312
Gujarat,Ahmedabad,Ahmedabad,Groundnut pods (raw),Other,FAQ,2016-09-26 00:00:00,2300,3500,2950.0,312
Gujarat,Ahmedabad,Ahmedabad,Groundnut pods (raw),Other,FAQ,2016-10-01 00:00:00,2300,3000,2700.0,312
Gujarat,Ahmedabad,Ahmedabad,Groundnut pods (raw),Other,FAQ,2016-10-08 00:00:00,2500,3200,2900.0,312
Gujarat,Ahmedabad,Ahmedabad,Groundnut pods (raw),Other,FAQ,2016-10-14 00:00:00,1000,3000,2200.0,312
Gujarat,Ahmedabad,Ahmedabad,Groundnut pods (raw),Other,FAQ,2016-10-24 00:00:00,3000,3500,3300.0,312
Gujarat,Ahmedabad,Ahmedabad,Groundnut pods (raw),Other,FAQ,2016-11-07 00:00:00,3200,3500,3400.0,312
Gujarat,Ahmedabad,Ahmedabad,Groundnut pods (raw),Other,FAQ,2016-11-10 00:00:00,2500,2800,2700.0,312
Gujarat,Bharuch,Ankleshwar,Groundnut pods (raw),Groundnut pods (raw),FAQ,2016-10-24 00:00:00,2700,3400,3100.0,312
Gujarat,Bharuch,Ankleshwar,Groundnut pods (raw),Other,FAQ,2016-05-27 00:00:00,2500,2900,2750.0,312
Gujarat,Bharuch,Ankleshwar,Groundnut pods (raw),Other,FAQ,2016-05-28 00:00:00,2250,2950,2500.0,312
Gujarat,Bharuch,Ankleshwar,Groundnut pods (raw),Other,FAQ,2016-05-29 00:00:00,2250,2700,2500.0,312
Gujarat,Bharuch,Ankleshwar,Groundnut pods (raw),Other,FAQ,2016-06-01 00:00:00,2400,3100,2650.0,312
Gujarat,Bharuch,Ankleshwar,Groundnut pods (raw),Other,FAQ,2016-06-12 00:00:00,2500,3400,2900.0,312
Gujarat,Bharuch,Ankleshwar,Groundnut pods (raw),Other,FAQ,2016-06-13 00:00:00,2500,3400,2900.0,312
Gujarat,Bharuch,Ankleshwar,Groundnut pods (raw),Other,FAQ,2016-06-17 00:00:00,3100,3550,3325.0,312
Gujarat,Bharuch,Ankleshwar,Groundnut pods (raw),Other,FAQ,2016-06-20 00:00:00,2450,3350,2900.0,312
Gujarat,Bharuch,Ankleshwar,Groundnut pods (raw),Other,FAQ,2016-06-22 00:00:00,2750,3425,2975.0,312
Gujarat,Bharuch,Ankleshwar,Groundnut pods (raw),Other,FAQ,2016-06-24 00:00:00,3050,3950,3500.0,312
Gujarat,Bharuch,Ankleshwar,Groundnut pods (raw),Other,FAQ,2016-06-28 00:00:00,2650,3325,3100.0,312
Gujarat,Bharuch,Ankleshwar,Groundnut pods (raw),Other,FAQ,2016-07-08 00:00:00,3100,3550,3325.0,312
Gujarat,Bharuch,Ankleshwar,Groundnut pods (raw),Other,FAQ,2016-07-11 00:00:00,2725,3400,2950.0,312
Gujarat,Bharuch,Ankleshwar,Groundnut pods (raw),Other,FAQ,2016-07-14 00:00:00,2800,3250,3025.0,312
Gujarat,Bharuch,Ankleshwar,Groundnut pods (raw),Other,FAQ,2016-07-22 00:00:00,2700,3600,3150.0,312
Gujarat,Bharuch,Ankleshwar,Groundnut pods (raw),Other,FAQ,2016-08-04 00:00:00,2700,3500,3150.0,312
Gujarat,Surat,Surat,Groundnut pods (raw),Other,FAQ,2016-07-09 00:00:00,5000,5500,5250.0,312
Gujarat,Surat,Surat,Groundnut pods (raw),Other,FAQ,2016-07-18 00:00:00,4000,5000,4500.0,312
Gujarat,Surat,Surat,Groundnut pods (raw),Other,FAQ,2016-07-20 00:00:00,3500,4000,3750.0,312
Gujarat,Surat,Surat,Groundnut pods (raw),Other,FAQ,2016-08-13 00:00:00,4500,5000,4750.0,312
Gujarat,Surat,Surat,Groundnut pods (raw),Other,FAQ,2016-08-23 00:00:00,3500,5000,4250.0,312
Gujarat,Surat,Surat,Groundnut pods (raw),Other,FAQ,2016-09-07 00:00:00,3000,4000,3500.0,312
Gujarat,Surat,Surat,Groundnut pods (raw),Other,FAQ,2016-09-19 00:00:00,3000,4000,3500.0,312
Gujarat,Surat,Surat,Groundnut pods (raw),Other,FAQ,2016-09-28 00:00:00,2500,4000,3250.0,312
Gujarat,Surat,Surat,Groundnut pods (raw),Other,FAQ,2016-09-29 00:00:00,3000,3750,3375.0,312
Gujarat,Surat,Surat,Groundnut pods (raw),Other,FAQ,2016-10-08 00:00:00,2500,3250,2875.0,312
Gujarat,Surat,Surat,Groundnut pods (raw),Other,FAQ,2016-10-12 00:00:00,2500,3000,2750.0,312
Gujarat,Surat,Surat,Groundnut pods (raw),Other,FAQ,2016-10-17 00:00:00,2750,3500,3125.0,312
Gujarat,Surat,Surat,Groundnut pods (raw),Other,FAQ,2016-10-24 00:00:00,3000,3500,3250.0,312
Gujarat,Vadodara(Baroda),Vadodara(Sayajipura),Groundnut pods (raw),Other,FAQ,2016-05-11 00:00:00,3000,4500,3800.0,312
Gujarat,Vadodara(Baroda),Vadodara(Sayajipura),Groundnut pods (raw),Other,FAQ,2016-05-13 00:00:00,3500,4500,4050.0,312
Gujarat,Vadodara(Baroda),Vadodara(Sayajipura),Groundnut pods (raw),Other,FAQ,2016-05-17 00:00:00,3000,3500,3300.0,312
Gujarat,Vadodara(Baroda),Vadodara(Sayajipura),Groundnut pods (raw),Other,FAQ,2016-05-18 00:00:00,3000,3500,3300.0,312
Gujarat,Vadodara(Baroda),Vadodara(Sayajipura),Groundnut pods (raw),Other,FAQ,2016-05-20 00:00:00,3000,3500,3300.0,312
Gujarat,Vadodara(Baroda),Vadodara(Sayajipura),Groundnut pods (raw),Other,FAQ,2016-05-26 00:00:00,3000,3500,3300.0,312
Gujarat,Vadodara(Baroda),Vadodara(Sayajipura),Groundnut pods (raw),Other,FAQ,2016-06-01 00:00:00,3000,3500,3300.0,312
Gujarat,Vadodara(Baroda),Vadodara(Sayajipura),Groundnut pods (raw),Other,FAQ,2016-06-02 00:00:00,3000,3500,3300.0,312
Gujarat,Vadodara(Baroda),Vadodara(Sayajipura),Groundnut pods (raw),Other,FAQ,2016-06-13 00:00:00,3000,3500,3300.0,312
Gujarat,Vadodara(Baroda),Vadodara(Sayajipura),Groundnut pods (raw),Other,FAQ,2016-06-22 00:00:00,3500,4000,3800.0,312
Gujarat,Vadodara(Baroda),Vadodara(Sayajipura),Groundnut pods (raw),Other,FAQ,2016-06-27 00:00:00,3500,4500,4050.0,312
Gujarat,Vadodara(Baroda),Vadodara(Sayajipura),Groundnut pods (raw),Other,FAQ,2016-07-16 00:00:00,3500,4000,3800.0,312
Gujarat,Vadodara(Baroda),Vadodara(Sayajipura),Groundnut pods (raw),Other,FAQ,2016-07-17 00:00:00,3500,4000,3800.0,312
Gujarat,Vadodara(Baroda),Vadodara(Sayajipura),Groundnut pods (raw),Other,FAQ,2016-07-24 00:00:00,4000,4500,4300.0,312
Gujarat,Vadodara(Baroda),Vadodara(Sayajipura),Groundnut pods (raw),Other,FAQ,2016-08-01 00:00:00,3500,4000,3800.0,312
Gujarat,Vadodara(Baroda),Vadodara(Sayajipura),Groundnut pods (raw),Other,FAQ,2016-08-12 00:00:00,3500,4000,3800.0,312
Gujarat,Vadodara(Baroda),Vadodara(Sayajipura),Groundnut pods (raw),Other,FAQ,2016-09-14 00:00:00,4000,4500,4300.0,312
Gujarat,Vadodara(Baroda),Vadodara(Sayajipura),Groundnut pods (raw),Other,FAQ,2016-09-28 00:00:00,2000,2500,2300.0,312
Gujarat,Vadodara(Baroda),Vadodara(Sayajipura),Groundnut pods (raw),Other,FAQ,2016-10-02 00:00:00,2500,3000,2800.0,312
Gujarat,Vadodara(Baroda),Vadodara(Sayajipura),Groundnut pods (raw),Other,FAQ,2016-10-08 00:00:00,2500,3000,2800.0,312
Gujarat,Vadodara(Baroda),Vadodara(Sayajipura),Groundnut pods (raw),Other,FAQ,2016-10-10 00:00:00,2500,4000,3300.0,312
Gujarat,Vadodara(Baroda),Vadodara(Sayajipura),Groundnut pods (raw),Other,FAQ,2016-10-17 00:00:00,2500,3500,3050.0,312
Gujarat,Vadodara(Baroda),Vadodara(Sayajipura),Groundnut pods (raw),Other,FAQ,2016-10-18 00:00:00,2500,4000,3300.0,312
Gujarat,Vadodara(Baroda),Vadodara(Sayajipura),Groundnut pods (raw),Other,FAQ,2016-10-20 00:00:00,3000,4000,3550.0,312
Gujarat,Vadodara(Baroda),Vadodara(Sayajipura),Groundnut pods (raw),Other,FAQ,2016-10-26 00:00:00,2500,4000,3300.0,312
Gujarat,Vadodara(Baroda),Vadodara(Sayajipura),Groundnut pods (raw),Other,FAQ,2016-11-27 00:00:00,4500,5000,4800.0,312
Gujarat,Vadodara(Baroda),Vadodara(Sayajipura),Groundnut pods (raw),Other,FAQ,2016-12-09 00:00:00,4500,5000,4800.0,312
Gujarat,Ahmedabad,Ahmedabad,Groundnut pods (raw),Other,FAQ,2017-06-22 00:00:00,2200,4000,3200.0,312
Gujarat,Ahmedabad,Ahmedabad,Groundnut pods (raw),Other,FAQ,2017-06-23 00:00:00,2000,4000,3100.0,312
Gujarat,Ahmedabad,Ahmedabad,Groundnut pods (raw),Other,FAQ,2017-07-05 00:00:00,4000,5000,4600.0,312
Gujarat,Ahmedabad,Ahmedabad,Groundnut pods (raw),Other,FAQ,2017-07-06 00:00:00,3500,5500,4600.0,312
Gujarat,Ahmedabad,Ahmedabad,Groundnut pods (raw),Other,FAQ,2017-07-12 00:00:00,3500,4500,4100.0,312
Gujarat,Ahmedabad,Ahmedabad,Groundnut pods (raw),Other,FAQ,2017-07-15 00:00:00,4000,5000,4600.0,312
Gujarat,Ahmedabad,Ahmedabad,Groundnut pods (raw),Other,FAQ,2017-07-17 00:00:00,3000,5000,4100.0,312
Gujarat,Ahmedabad,Ahmedabad,Groundnut pods (raw),Other,FAQ,2017-07-19 00:00:00,4500,5200,4900.0,312
Gujarat,Ahmedabad,Ahmedabad,Groundnut pods (raw),Other,FAQ,2017-07-26 00:00:00,5000,6000,5600.0,312
Gujarat,Ahmedabad,Ahmedabad,Groundnut pods (raw),Other,FAQ,2017-07-31 00:00:00,4000,5000,4600.0,312
Gujarat,Ahmedabad,Ahmedabad,Groundnut pods (raw),Other,FAQ,2017-08-03 00:00:00,4000,5000,4600.0,312
Gujarat,Ahmedabad,Ahmedabad,Groundnut pods (raw),Other,FAQ,2017-08-10 00:00:00,3000,4600,3850.0,312
Gujarat,Ahmedabad,Ahmedabad,Groundnut pods (raw),Other,FAQ,2017-08-19 00:00:00,2500,5000,3800.0,312
Gujarat,Ahmedabad,Ahmedabad,Groundnut pods (raw),Other,FAQ,2017-08-22 00:00:00,3000,3500,3300.0,312
Gujarat,Ahmedabad,Ahmedabad,Groundnut pods (raw),Other,FAQ,2017-08-26 00:00:00,2500,4000,3300.0,312
Gujarat,Ahmedabad,Ahmedabad,Groundnut pods (raw),Other,FAQ,2017-08-28 00:00:00,2200,3100,2700.0,312
Gujarat,Ahmedabad,Ahmedabad,Groundnut pods (raw),Other,FAQ,2017-08-29 00:00:00,1500,3000,2300.0,312
Gujarat,Ahmedabad,Ahmedabad,Groundnut pods (raw),Other,FAQ,2017-09-15 00:00:00,2000,2800,2500.0,312
Gujarat,Ahmedabad,Ahmedabad,Groundnut pods (raw),Other,FAQ,2017-09-18 00:00:00,2000,3500,2800.0,312
Gujarat,Ahmedabad,Ahmedabad,Groundnut pods (raw),Other,FAQ,2017-09-23 00:00:00,2200,2500,2400.0,312
Gujarat,Ahmedabad,Ahmedabad,Groundnut pods (raw),Other,FAQ,2017-09-25 00:00:00,1500,3000,2300.0,312
Gujarat,Ahmedabad,Ahmedabad,Groundnut pods (raw),Other,FAQ,2017-10-06 00:00:00,2600,2800,2750.0,312
Gujarat,Ahmedabad,Ahmedabad,Groundnut pods (raw),Other,FAQ,2017-10-07 00:00:00,2800,3200,3050.0,312
Gujarat,Ahmedabad,Ahmedabad,Groundnut pods (raw),Other,FAQ,2017-10-09 00:00:00,2400,2800,2650.0,312
Gujarat,Ahmedabad,Ahmedabad,Groundnut pods (raw),Other,FAQ,2017-10-11 00:00:00,2200,2800,2550.0,312
Gujarat,Ahmedabad,Ahmedabad,Groundnut pods (raw),Other,FAQ,2017-10-16 00:00:00,3200,3300,3250.0,312
Gujarat,Ahmedabad,Ahmedabad,Groundnut pods (raw),Other,FAQ,2017-10-30 00:00:00,3500,4000,3800.0,312
Gujarat,Surat,Surat,Groundnut pods (raw),Other,FAQ,2017-04-22 00:00:00,2500,3500,3000.0,312
Gujarat,Surat,Surat,Groundnut pods (raw),Other,FAQ,2017-05-11 00:00:00,2250,2750,2500.0,312
Gujarat,Surat,Surat,Groundnut pods (raw),Other,FAQ,2017-05-18 00:00:00,2000,2750,2375.0,312
Gujarat,Surat,Surat,Groundnut pods (raw),Other,FAQ,2017-05-19 00:00:00,2000,2750,2375.0,312
Gujarat,Surat,Surat,Groundnut pods (raw),Other,FAQ,2017-05-22 00:00:00,2500,3000,2750.0,312
Gujarat,Surat,Surat,Groundnut pods (raw),Other,FAQ,2017-05-23 00:00:00,2500,3000,2750.0,312
Gujarat,Surat,Surat,Groundnut pods (raw),Other,FAQ,2017-05-30 00:00:00,2000,3000,2500.0,312
Gujarat,Surat,Surat,Groundnut pods (raw),Other,FAQ,2017-05-31 00:00:00,2000,2750,2375.0,312
Gujarat,Surat,Surat,Groundnut pods (raw),Other,FAQ,2017-06-02 00:00:00,2000,3500,2750.0,312
Gujarat,Surat,Surat,Groundnut pods (raw),Other,FAQ,2017-06-08 00:00:00,2500,3250,2875.0,312
Gujarat,Surat,Surat,Groundnut pods (raw),Other,FAQ,2017-06-18 00:00:00,2000,3500,2500.0,312
Gujarat,Surat,Surat,Groundnut pods (raw),Other,FAQ,2017-06-21 00:00:00,2250,3000,2625.0,312
Gujarat,Surat,Surat,Groundnut pods (raw),Other,FAQ,2017-06-25 00:00:00,2250,2750,2500.0,312
Gujarat,Surat,Surat,Groundnut pods (raw),Other,FAQ,2017-07-01 00:00:00,2500,3750,3125.0,312
Gujarat,Surat,Surat,Groundnut pods (raw),Other,FAQ,2017-07-04 00:00:00,2500,3500,3000.0,312
Gujarat,Surat,Surat,Groundnut pods (raw),Other,FAQ,2017-07-09 00:00:00,3000,3500,3250.0,312
Gujarat,Surat,Surat,Groundnut pods (raw),Other,FAQ,2017-07-18 00:00:00,3250,4000,3625.0,312
Gujarat,Surat,Surat,Groundnut pods (raw),Other,FAQ,2017-07-24 00:00:00,4000,5000,4500.0,312
Gujarat,Surat,Surat,Groundnut pods (raw),Other,FAQ,2017-08-03 00:00:00,2750,3250,3000.0,312
Gujarat,Surat,Surat,Groundnut pods (raw),Other,FAQ,2017-08-08 00:00:00,3000,4000,3500.0,312
Gujarat,Surat,Surat,Groundnut pods (raw),Other,FAQ,2017-08-15 00:00:00,3250,5000,4125.0,312
Gujarat,Surat,Surat,Groundnut pods (raw),Other,FAQ,2017-08-16 00:00:00,2500,5000,3750.0,312
Gujarat,Surat,Surat,Groundnut pods (raw),Other,FAQ,2017-08-18 00:00:00,2500,5000,3750.0,312
Gujarat,Surat,Surat,Groundnut pods (raw),Other,FAQ,2017-08-21 00:00:00,2750,5000,3875.0,312
Gujarat,Surat,Surat,Groundnut pods (raw),Other,FAQ,2017-08-25 00:00:00,2500,3500,3000.0,312
Gujarat,Surat,Surat,Groundnut pods (raw),Other,FAQ,2017-08-30 00:00:00,2500,3500,3000.0,312
Gujarat,Surat,Surat,Groundnut pods (raw),Other,FAQ,2017-09-06 00:00:00,2500,3000,2750.0,312
Gujarat,Surat,Surat,Groundnut pods (raw),Other,FAQ,2017-09-09 00:00:00,2000,2500,2250.0,312
Gujarat,Surat,Surat,Groundnut pods (raw),Other,FAQ,2017-09-15 00:00:00,2250,3000,2625.0,312
Gujarat,Surat,Surat,Groundnut pods (raw),Other,FAQ,2017-09-17 00:00:00,2250,3250,2750.0,312
Gujarat,Surat,Surat,Groundnut pods (raw),Other,FAQ,2017-09-28 00:00:00,2000,2500,2250.0,312
Gujarat,Surat,Surat,Groundnut pods (raw),Other,FAQ,2017-09-29 00:00:00,2000,2500,2250.0,312
Gujarat,Surat,Surat,Groundnut pods (raw),Other,FAQ,2017-10-11 00:00:00,2500,3000,2750.0,312
Gujarat,Surat,Surat,Groundnut pods (raw),Other,FAQ,2017-10-14 00:00:00,2500,2750,2625.0,312
Gujarat,Surat,Surat,Groundnut pods (raw),Other,FAQ,2017-10-23 00:00:00,3000,3500,3250.0,312
Gujarat,Surat,Surat,Groundnut pods (raw),Other,FAQ,2017-10-29 00:00:00,2500,3500,3000.0,312
Gujarat,Surat,Surat,Groundnut pods (raw),Other,FAQ,2017-10-30 00:00:00,3000,3500,3250.0,312
Gujarat,Surat,Surat,Groundnut pods (raw),Other,FAQ,2017-11-01 00:00:00,2500,3500,3000.0,312
Gujarat,Surat,Surat,Groundnut pods (raw),Other,FAQ,2017-11-06 00:00:00,2500,3750,3125.0,312
Gujarat,Vadodara(Baroda),Vadodara(Sayajipura),Groundnut pods (raw),Other,FAQ,2017-04-27 00:00:00,4500,5000,4800.0,312
Gujarat,Vadodara(Baroda),Vadodara(Sayajipura),Groundnut pods (raw),Other,FAQ,2017-04-29 00:00:00,4500,5000,4800.0,312
Gujarat,Vadodara(Baroda),Vadodara(Sayajipura),Groundnut pods (raw),Other,FAQ,2017-05-01 00:00:00,3000,3500,3300.0,312
Gujarat,Vadodara(Baroda),Vadodara(Sayajipura),Groundnut pods (raw),Other,FAQ,2017-05-08 00:00:00,2500,3000,2800.0,312
Gujarat,Vadodara(Baroda),Vadodara(Sayajipura),Groundnut pods (raw),Other,FAQ,2017-05-09 00:00:00,2500,3000,2800.0,312
Gujarat,Vadodara(Baroda),Vadodara(Sayajipura),Groundnut pods (raw),Other,FAQ,2017-05-13 00:00:00,2500,3000,2800.0,312
Gujarat,Vadodara(Baroda),Vadodara(Sayajipura),Groundnut pods (raw),Other,FAQ,2017-05-16 00:00:00,2500,3000,2800.0,312
Gujarat,Vadodara(Baroda),Vadodara(Sayajipura),Groundnut pods (raw),Other,FAQ,2017-05-29 00:00:00,2500,3000,2800.0,312
Gujarat,Vadodara(Baroda),Vadodara(Sayajipura),Groundnut pods (raw),Other,FAQ,2017-06-12 00:00:00,3000,3500,3300.0,312
Gujarat,Vadodara(Baroda),Vadodara(Sayajipura),Groundnut pods (raw),Other,FAQ,2017-06-13 00:00:00,4000,4500,4300.0,312
Gujarat,Vadodara(Baroda),Vadodara(Sayajipura),Groundnut pods (raw),Other,FAQ,2017-06-15 00:00:00,2500,3000,2800.0,312
Gujarat,Vadodara(Baroda),Vadodara(Sayajipura),Groundnut pods (raw),Other,FAQ,2017-06-20 00:00:00,2000,2500,2300.0,312
Gujarat,Vadodara(Baroda),Vadodara(Sayajipura),Groundnut pods (raw),Other,FAQ,2017-06-25 00:00:00,2500,3000,2800.0,312
Gujarat,Vadodara(Baroda),Vadodara(Sayajipura),Groundnut pods (raw),Other,FAQ,2017-07-27 00:00:00,3000,3500,3300.0,312
Gujarat,Vadodara(Baroda),Vadodara(Sayajipura),Groundnut pods (raw),Other,FAQ,2017-08-06 00:00:00,3500,4000,3800.0,312
Gujarat,Vadodara(Baroda),Vadodara(Sayajipura),Groundnut pods (raw),Other,FAQ,2017-08-09 00:00:00,3500,4000,3800.0,312
Gujarat,Vadodara(Baroda),Vadodara(Sayajipura),Groundnut pods (raw),Other,FAQ,2017-08-23 00:00:00,3000,3500,3250.0,312
Gujarat,Vadodara(Baroda),Vadodara(Sayajipura),Groundnut pods (raw),Other,FAQ,2017-08-25 00:00:00,3000,3500,3250.0,312
Gujarat,Vadodara(Baroda),Vadodara(Sayajipura),Groundnut pods (raw),Other,FAQ,2017-09-16 00:00:00,2000,2500,2250.0,312
Gujarat,Vadodara(Baroda),Vadodara(Sayajipura),Groundnut pods (raw),Other,FAQ,2017-10-10 00:00:00,2000,2500,2250.0,312
Gujarat,Vadodara(Baroda),Vadodara(Sayajipura),Groundnut pods (raw),Other,FAQ,2017-10-17 00:00:00,2000,2500,2250.0,312
Gujarat,Vadodara(Baroda),Vadodara(Sayajipura),Groundnut pods (raw),Other,FAQ,2017-10-28 00:00:00,2000,2500,2250.0,312
Gujarat,Ahmedabad,Ahmedabad,Groundnut pods (raw),Other,FAQ,2019-07-06 00:00:00,7000,8000,7600.0,312
Gujarat,Ahmedabad,Ahmedabad,Groundnut pods (raw),Other,FAQ,2019-08-13 00:00:00,6500,7500,7100.0,312
Gujarat,Ahmedabad,Ahmedabad,Groundnut pods (raw),Other,FAQ,2019-08-19 00:00:00,3500,4500,4100.0,312
Gujarat,Ahmedabad,Ahmedabad,Groundnut pods (raw),Other,FAQ,2019-08-21 00:00:00,6500,7500,7100.0,312
Gujarat,Ahmedabad,Ahmedabad,Groundnut pods (raw),Other,FAQ,2019-08-29 00:00:00,3000,4000,3600.0,312
Gujarat,Ahmedabad,Ahmedabad,Groundnut pods (raw),Other,FAQ,2019-09-06 00:00:00,3000,3500,3300.0,312
Gujarat,Ahmedabad,Ahmedabad,Groundnut pods (raw),Other,FAQ,2019-09-11 00:00:00,2000,3500,2850.0,312
Gujarat,Ahmedabad,Ahmedabad,Groundnut pods (raw),Other,FAQ,2019-09-13 00:00:00,3500,4000,3850.0,312
Gujarat,Ahmedabad,Ahmedabad,Groundnut pods (raw),Other,FAQ,2019-09-14 00:00:00,3500,4000,3800.0,312
Gujarat,Ahmedabad,Ahmedabad,Groundnut pods (raw),Other,FAQ,2019-09-20 00:00:00,2800,3500,3250.0,312
Gujarat,Ahmedabad,Ahmedabad,Groundnut pods (raw),Other,FAQ,2019-09-24 00:00:00,2800,3500,3250.0,312
Gujarat,Ahmedabad,Ahmedabad,Groundnut pods (raw),Other,FAQ,2019-10-09 00:00:00,2500,3000,2850.0,312
Gujarat,Ahmedabad,Ahmedabad,Groundnut pods (raw),Other,FAQ,2019-10-14 00:00:00,3500,4000,3850.0,312
Gujarat,Ahmedabad,Ahmedabad,Groundnut pods (raw),Other,FAQ,2019-10-17 00:00:00,3000,3500,3300.0,312
Gujarat,Ahmedabad,Ahmedabad,Groundnut pods (raw),Other,FAQ,2019-10-24 00:00:00,3000,3500,3300.0,312
Gujarat,Ahmedabad,Ahmedabad,Groundnut pods (raw),Other,FAQ,2019-10-26 00:00:00,3500,4000,3850.0,312
Gujarat,Bharuch,Ankleshwar,Groundnut pods (raw),Groundnut pods (raw),FAQ,2019-10-08 00:00:00,3125,3575,3350.0,312
Gujarat,Bharuch,Ankleshwar,Groundnut pods (raw),Groundnut pods (raw),FAQ,2019-10-26 00:00:00,2600,3500,3250.0,312
Gujarat,Surat,Surat,Groundnut pods (raw),Other,FAQ,2019-05-12 00:00:00,3000,3500,3250.0,312
Gujarat,Surat,Surat,Groundnut pods (raw),Other,FAQ,2019-05-14 00:00:00,2500,3500,3000.0,312
Gujarat,Surat,Surat,Groundnut pods (raw),Other,FAQ,2019-05-17 00:00:00,2750,3500,3125.0,312
Gujarat,Surat,Surat,Groundnut pods (raw),Other,FAQ,2019-05-21 00:00:00,2750,3500,3125.0,312
Gujarat,Surat,Surat,Groundnut pods (raw),Other,FAQ,2019-05-26 00:00:00,2750,3250,3000.0,312
Gujarat,Surat,Surat,Groundnut pods (raw),Other,FAQ,2019-05-30 00:00:00,3000,3500,3250.0,312
Gujarat,Surat,Surat,Groundnut pods (raw),Other,FAQ,2019-06-01 00:00:00,2750,3500,3125.0,312
Gujarat,Surat,Surat,Groundnut pods (raw),Other,FAQ,2019-06-04 00:00:00,2500,3500,3000.0,312
Gujarat,Surat,Surat,Groundnut pods (raw),Other,FAQ,2019-06-06 00:00:00,2500,3500,3000.0,312
Gujarat,Surat,Surat,Groundnut pods (raw),Other,FAQ,2019-06-07 00:00:00,2750,3500,3125.0,312
Gujarat,Surat,Surat,Groundnut pods (raw),Other,FAQ,2019-06-16 00:00:00,2500,3750,3125.0,312
Gujarat,Surat,Surat,Groundnut pods (raw),Other,FAQ,2019-06-17 00:00:00,2500,3750,3125.0,312
Gujarat,Surat,Surat,Groundnut pods (raw),Other,FAQ,2019-06-22 00:00:00,3500,4250,3875.0,312
Gujarat,Surat,Surat,Groundnut pods (raw),Other,FAQ,2019-06-23 00:00:00,3250,4000,3625.0,312
Gujarat,Surat,Surat,Groundnut pods (raw),Other,FAQ,2019-06-27 00:00:00,4000,5000,4500.0,312
Gujarat,Surat,Surat,Groundnut pods (raw),Other,FAQ,2019-07-03 00:00:00,4000,6000,5000.0,312
Gujarat,Surat,Surat,Groundnut pods (raw),Other,FAQ,2019-07-04 00:00:00,4000,5500,4750.0,312
Gujarat,Surat,Surat,Groundnut pods (raw),Other,FAQ,2019-07-08 00:00:00,3000,6500,4750.0,312
Gujarat,Surat,Surat,Groundnut pods (raw),Other,FAQ,2019-07-11 00:00:00,4000,6000,5000.0,312
Gujarat,Surat,Surat,Groundnut pods (raw),Other,FAQ,2019-07-14 00:00:00,5000,6500,5750.0,312
Gujarat,Surat,Surat,Groundnut pods (raw),Other,FAQ,2019-07-15 00:00:00,5000,6500,5750.0,312
Gujarat,Surat,Surat,Groundnut pods (raw),Other,FAQ,2019-07-22 00:00:00,3250,5000,4125.0,312
Gujarat,Surat,Surat,Groundnut pods (raw),Other,FAQ,2019-07-30 00:00:00,4500,6500,5500.0,312
Gujarat,Surat,Surat,Groundnut pods (raw),Other,FAQ,2019-08-01 00:00:00,4000,6000,5000.0,312
Gujarat,Surat,Surat,Groundnut pods (raw),Other,FAQ,2019-08-03 00:00:00,4500,7500,6000.0,312
Gujarat,Surat,Surat,Groundnut pods (raw),Other,FAQ,2019-08-04 00:00:00,4500,6500,5500.0,312
Gujarat,Surat,Surat,Groundnut pods (raw),Other,FAQ,2019-08-15 00:00:00,3500,5000,4250.0,312
Gujarat,Surat,Surat,Groundnut pods (raw),Other,FAQ,2019-08-20 00:00:00,4000,6250,5125.0,312
Gujarat,Surat,Surat,Groundnut pods (raw),Other,FAQ,2019-08-25 00:00:00,4000,6750,5375.0,312
Gujarat,Surat,Surat,Groundnut pods (raw),Other,FAQ,2019-08-30 00:00:00,2000,6500,4250.0,312
Gujarat,Surat,Surat,Groundnut pods (raw),Other,FAQ,2019-09-05 00:00:00,2500,3750,3125.0,312
Gujarat,Surat,Surat,Groundnut pods (raw),Other,FAQ,2019-09-06 00:00:00,3000,3750,3375.0,312
Gujarat,Surat,Surat,Groundnut pods (raw),Other,FAQ,2019-09-16 00:00:00,2500,3500,3000.0,312
Gujarat,Surat,Surat,Groundnut pods (raw),Other,FAQ,2019-09-25 00:00:00,2500,3500,3000.0,312
Gujarat,Surat,Surat,Groundnut pods (raw),Other,FAQ,2019-09-30 00:00:00,3250,4250,3750.0,312
Gujarat,Surat,Surat,Groundnut pods (raw),Other,FAQ,2019-10-12 00:00:00,2500,3250,2875.0,312
Gujarat,Surat,Surat,Groundnut pods (raw),Other,FAQ,2019-10-19 00:00:00,3000,3600,3300.0,312
Gujarat,Surat,Surat,Groundnut pods (raw),Other,FAQ,2019-10-26 00:00:00,3500,4000,3750.0,312
Gujarat,Surat,Surat,Groundnut pods (raw),Other,FAQ,2019-11-05 00:00:00,3000,4500,3750.0,312
Gujarat,Surat,Surat,Groundnut pods (raw),Other,FAQ,2019-11-11 00:00:00,2500,4000,3250.0,312
Gujarat,Surat,Surat,Groundnut pods (raw),Other,FAQ,2019-11-12 00:00:00,2500,3750,3125.0,312
Gujarat,Surat,Surat,Groundnut pods (raw),Other,FAQ,2019-11-18 00:00:00,2750,3500,3125.0,312
Gujarat,Surat,Surat,Groundnut pods (raw),Other,FAQ,2019-11-25 00:00:00,3000,3500,3250.0,312
Gujarat,Surat,Surat,Groundnut pods (raw),Other,FAQ,2019-11-27 00:00:00,3250,4000,3625.0,312
Gujarat,Surat,Surat,Groundnut pods (raw),Other,FAQ,2019-11-29 00:00:00,3000,3750,3375.0,312
Gujarat,Surat,Surat,Groundnut pods (raw),Other,FAQ,2019-12-14 00:00:00,3500,4000,3750.0,312
Gujarat,Surat,Surat,Groundnut pods (raw),Other,FAQ,2019-12-18 00:00:00,3500,4000,3750.0,312
Gujarat,Surat,Surat,Groundnut pods (raw),Other,FAQ,2019-12-19 00:00:00,3250,4000,3625.0,312
Gujarat,Vadodara(Baroda),Vadodara(Sayajipura),Groundnut pods (raw),Other,FAQ,2019-05-20 00:00:00,3800,4000,3900.0,312
Gujarat,Vadodara(Baroda),Vadodara(Sayajipura),Groundnut pods (raw),Other,FAQ,2019-06-05 00:00:00,3000,3500,3300.0,312
Gujarat,Vadodara(Baroda),Vadodara(Sayajipura),Groundnut pods (raw),Other,FAQ,2019-06-17 00:00:00,2800,3000,2950.0,312
Gujarat,Vadodara(Baroda),Vadodara(Sayajipura),Groundnut pods (raw),Other,FAQ,2019-06-22 00:00:00,3000,3500,3300.0,312
Gujarat,Vadodara(Baroda),Vadodara(Sayajipura),Groundnut pods (raw),Other,FAQ,2019-07-01 00:00:00,2800,3000,2950.0,312
Gujarat,Vadodara(Baroda),Vadodara(Sayajipura),Groundnut pods (raw),Other,FAQ,2019-07-07 00:00:00,4500,5000,4800.0,312
Gujarat,Vadodara(Baroda),Vadodara(Sayajipura),Groundnut pods (raw),Other,FAQ,2019-07-16 00:00:00,4000,5000,4550.0,312
Gujarat,Vadodara(Baroda),Vadodara(Sayajipura),Groundnut pods (raw),Other,FAQ,2019-07-21 00:00:00,4000,5000,4550.0,312
Gujarat,Vadodara(Baroda),Vadodara(Sayajipura),Groundnut pods (raw),Other,FAQ,2019-07-26 00:00:00,4500,5000,4800.0,312
Gujarat,Vadodara(Baroda),Vadodara(Sayajipura),Groundnut pods (raw),Other,FAQ,2019-08-21 00:00:00,3500,4000,3800.0,312
Gujarat,Vadodara(Baroda),Vadodara(Sayajipura),Groundnut pods (raw),Other,FAQ,2019-08-27 00:00:00,3000,3500,3300.0,312
Gujarat,Vadodara(Baroda),Vadodara(Sayajipura),Groundnut pods (raw),Other,FAQ,2019-08-28 00:00:00,3000,3500,3300.0,312
Gujarat,Vadodara(Baroda),Vadodara(Sayajipura),Groundnut pods (raw),Other,FAQ,2019-09-02 00:00:00,3000,3500,3300.0,312
Gujarat,Vadodara(Baroda),Vadodara(Sayajipura),Groundnut pods (raw),Other,FAQ,2019-09-09 00:00:00,2500,3000,2800.0,312
Gujarat,Vadodara(Baroda),Vadodara(Sayajipura),Groundnut pods (raw),Other,FAQ,2019-09-15 00:00:00,3000,3500,3300.0,312
Gujarat,Vadodara(Baroda),Vadodara(Sayajipura),Groundnut pods (raw),Other,FAQ,2019-09-24 00:00:00,2500,3000,2800.0,312
Gujarat,Vadodara(Baroda),Vadodara(Sayajipura),Groundnut pods (raw),Other,FAQ,2019-09-25 00:00:00,2500,3000,2800.0,312
Gujarat,Vadodara(Baroda),Vadodara(Sayajipura),Groundnut pods (raw),Other,FAQ,2019-10-07 00:00:00,2200,2300,2275.0,312
Gujarat,Vadodara(Baroda),Vadodara(Sayajipura),Groundnut pods (raw),Other,FAQ,2019-10-11 00:00:00,2500,2800,2650.0,312
Gujarat,Vadodara(Baroda),Vadodara(Sayajipura),Groundnut pods (raw),Other,FAQ,2019-10-20 00:00:00,2600,2700,2650.0,312
Gujarat,Vadodara(Baroda),Vadodara(Sayajipura),Groundnut pods (raw),Other,FAQ,2019-10-22 00:00:00,2500,3000,2800.0,312
Gujarat,Vadodara(Baroda),Vadodara(Sayajipura),Groundnut pods (raw),Other,FAQ,2019-11-02 00:00:00,2500,3000,2800.0,312
Gujarat,Vadodara(Baroda),Vadodara(Sayajipura),Groundnut pods (raw),Other,FAQ,2019-11-06 00:00:00,2500,3000,2800.0,312
Gujarat,Vadodara(Baroda),Vadodara(Sayajipura),Groundnut pods (raw),Other,FAQ,2019-11-20 00:00:00,2500,3500,3300.0,312
Gujarat,Ahmedabad,Ahmedabad,Groundnut pods (raw),Other,FAQ,2018-06-07 00:00:00,2500,3500,3100.0,312
Gujarat,Ahmedabad,Ahmedabad,Groundnut pods (raw),Other,FAQ,2018-06-08 00:00:00,2500,3200,2900.0,312
Gujarat,Ahmedabad,Ahmedabad,Groundnut pods (raw),Other,FAQ,2018-07-13 00:00:00,4500,5000,4850.0,312
Gujarat,Ahmedabad,Ahmedabad,Groundnut pods (raw),Other,FAQ,2018-07-17 00:00:00,4500,5200,5000.0,312
Gujarat,Ahmedabad,Ahmedabad,Groundnut pods (raw),Other,FAQ,2018-07-19 00:00:00,2000,5000,3750.0,312
Gujarat,Ahmedabad,Ahmedabad,Groundnut pods (raw),Other,FAQ,2018-07-21 00:00:00,4000,5000,4600.0,312
Gujarat,Ahmedabad,Ahmedabad,Groundnut pods (raw),Other,FAQ,2018-07-31 00:00:00,4500,5000,4800.0,312
Gujarat,Ahmedabad,Ahmedabad,Groundnut pods (raw),Other,FAQ,2018-08-08 00:00:00,3000,5000,4100.0,312
Gujarat,Ahmedabad,Ahmedabad,Groundnut pods (raw),Other,FAQ,2018-08-11 00:00:00,3500,5000,4500.0,312
Gujarat,Ahmedabad,Ahmedabad,Groundnut pods (raw),Other,FAQ,2018-09-12 00:00:00,2800,4200,3600.0,312
Gujarat,Ahmedabad,Ahmedabad,Groundnut pods (raw),Other,FAQ,2018-09-20 00:00:00,2500,3500,3100.0,312
Gujarat,Ahmedabad,Ahmedabad,Groundnut pods (raw),Other,FAQ,2018-10-03 00:00:00,2500,3000,2850.0,312
Gujarat,Ahmedabad,Ahmedabad,Groundnut pods (raw),Other,FAQ,2018-10-15 00:00:00,2400,3500,3000.0,312
Gujarat,Ahmedabad,Ahmedabad,Groundnut pods (raw),Other,FAQ,2018-10-17 00:00:00,2200,3500,2950.0,312
Gujarat,Ahmedabad,Ahmedabad,Groundnut pods (raw),Other,FAQ,2018-10-20 00:00:00,2500,3000,2800.0,312
Gujarat,Ahmedabad,Ahmedabad,Groundnut pods (raw),Other,FAQ,2018-10-25 00:00:00,3000,3200,3100.0,312
Gujarat,Ahmedabad,Ahmedabad,Groundnut pods (raw),Other,FAQ,2018-11-12 00:00:00,3000,3200,3150.0,312
Gujarat,Bharuch,Ankleshwar,Groundnut pods (raw),Groundnut pods (raw),FAQ,2018-06-22 00:00:00,2600,3500,3275.0,312
Gujarat,Bharuch,Ankleshwar,Groundnut pods (raw),Groundnut pods (raw),FAQ,2018-07-07 00:00:00,2750,3425,3150.0,312
Gujarat,Bharuch,Ankleshwar,Groundnut pods (raw),Groundnut pods (raw),FAQ,2018-07-09 00:00:00,2750,3225,3000.0,312
Gujarat,Bharuch,Ankleshwar,Groundnut pods (raw),Groundnut pods (raw),FAQ,2018-07-25 00:00:00,3250,3950,3725.0,312
Gujarat,Bharuch,Ankleshwar,Groundnut pods (raw),Groundnut pods (raw),FAQ,2018-07-27 00:00:00,3000,3700,3450.0,312
Gujarat,Surat,Surat,Groundnut pods (raw),Other,FAQ,2018-04-08 00:00:00,3250,3500,3375.0,312
Gujarat,Surat,Surat,Groundnut pods (raw),Other,FAQ,2018-04-10 00:00:00,2750,3000,2875.0,312
Gujarat,Surat,Surat,Groundnut pods (raw),Other,FAQ,2018-04-13 00:00:00,2500,3000,2750.0,312
Gujarat,Surat,Surat,Groundnut pods (raw),Other,FAQ,2018-04-15 00:00:00,2500,3000,2750.0,312
Gujarat,Surat,Surat,Groundnut pods (raw),Other,FAQ,2018-04-20 00:00:00,2000,2500,2250.0,312
Gujarat,Surat,Surat,Groundnut pods (raw),Other,FAQ,2018-04-25 00:00:00,2500,2750,2625.0,312
Gujarat,Surat,Surat,Groundnut pods (raw),Other,FAQ,2018-04-28 00:00:00,2250,3000,2625.0,312
Gujarat,Surat,Surat,Groundnut pods (raw),Other,FAQ,2018-05-06 00:00:00,2250,2750,2500.0,312
Gujarat,Surat,Surat,Groundnut pods (raw),Other,FAQ,2018-05-09 00:00:00,2500,3000,2750.0,312
Gujarat,Surat,Surat,Groundnut pods (raw),Other,FAQ,2018-05-18 00:00:00,2500,3250,2875.0,312
Gujarat,Surat,Surat,Groundnut pods (raw),Other,FAQ,2018-05-19 00:00:00,2500,3250,2875.0,312
Gujarat,Surat,Surat,Groundnut pods (raw),Other,FAQ,2018-05-26 00:00:00,2250,3000,2625.0,312
Gujarat,Surat,Surat,Groundnut pods (raw),Other,FAQ,2018-06-01 00:00:00,2500,3000,2750.0,312
Gujarat,Surat,Surat,Groundnut pods (raw),Other,FAQ,2018-06-05 00:00:00,2500,3500,3000.0,312
Gujarat,Surat,Surat,Groundnut pods (raw),Other,FAQ,2018-06-06 00:00:00,2250,3250,2750.0,312
Gujarat,Surat,Surat,Groundnut pods (raw),Other,FAQ,2018-06-14 00:00:00,2000,3000,2500.0,312
Gujarat,Surat,Surat,Groundnut pods (raw),Other,FAQ,2018-06-15 00:00:00,2000,3000,2500.0,312
Gujarat,Surat,Surat,Groundnut pods (raw),Other,FAQ,2018-06-30 00:00:00,2500,3500,3000.0,312
Gujarat,Surat,Surat,Groundnut pods (raw),Other,FAQ,2018-07-04 00:00:00,2500,3250,2875.0,312
Gujarat,Surat,Surat,Groundnut pods (raw),Other,FAQ,2018-07-06 00:00:00,2500,3250,2875.0,312
Gujarat,Surat,Surat,Groundnut pods (raw),Other,FAQ,2018-07-12 00:00:00,3500,4250,3875.0,312
Gujarat,Surat,Surat,Groundnut pods (raw),Other,FAQ,2018-07-14 00:00:00,3000,4250,3625.0,312
Gujarat,Surat,Surat,Groundnut pods (raw),Other,FAQ,2018-07-17 00:00:00,3500,4000,3750.0,312
Gujarat,Surat,Surat,Groundnut pods (raw),Other,FAQ,2018-07-23 00:00:00,3000,4250,3625.0,312
Gujarat,Surat,Surat,Groundnut pods (raw),Other,FAQ,2018-07-29 00:00:00,4000,5000,4500.0,312
Gujarat,Surat,Surat,Groundnut pods (raw),Other,FAQ,2018-08-08 00:00:00,3000,3750,3375.0,312
Gujarat,Surat,Surat,Groundnut pods (raw),Other,FAQ,2018-08-15 00:00:00,4000,5000,4500.0,312
Gujarat,Surat,Surat,Groundnut pods (raw),Other,FAQ,2018-08-22 00:00:00,3000,5000,4000.0,312
Gujarat,Surat,Surat,Groundnut pods (raw),Other,FAQ,2018-08-30 00:00:00,2500,4500,3500.0,312
Gujarat,Surat,Surat,Groundnut pods (raw),Other,FAQ,2018-09-09 00:00:00,2000,3000,2500.0,312
Gujarat,Surat,Surat,Groundnut pods (raw),Other,FAQ,2018-09-17 00:00:00,2500,3250,2875.0,312
Gujarat,Surat,Surat,Groundnut pods (raw),Other,FAQ,2018-09-21 00:00:00,2250,3000,2625.0,312
Gujarat,Surat,Surat,Groundnut pods (raw),Other,FAQ,2018-10-03 00:00:00,2000,2500,2250.0,312
Gujarat,Surat,Surat,Groundnut pods (raw),Other,FAQ,2018-10-11 00:00:00,2500,3000,2750.0,312
Gujarat,Surat,Surat,Groundnut pods (raw),Other,FAQ,2018-10-13 00:00:00,2500,3000,2750.0,312
Gujarat,Surat,Surat,Groundnut pods (raw),Other,FAQ,2018-10-20 00:00:00,2250,2500,2375.0,312
Gujarat,Surat,Surat,Groundnut pods (raw),Other,FAQ,2018-10-23 00:00:00,3000,3250,3125.0,312
Gujarat,Surat,Surat,Groundnut pods (raw),Other,FAQ,2018-10-31 00:00:00,2750,3250,3000.0,312
Gujarat,Surat,Surat,Groundnut pods (raw),Other,FAQ,2018-11-19 00:00:00,2750,3500,3125.0,312
Gujarat,Vadodara(Baroda),Vadodara(Sayajipura),Groundnut pods (raw),Other,FAQ,2018-05-09 00:00:00,4500,5000,4750.0,312
Gujarat,Vadodara(Baroda),Vadodara(Sayajipura),Groundnut pods (raw),Other,FAQ,2018-05-12 00:00:00,4500,6000,5300.0,312
Gujarat,Vadodara(Baroda),Vadodara(Sayajipura),Groundnut pods (raw),Other,FAQ,2018-05-21 00:00:00,2500,3000,2800.0,312
Gujarat,Vadodara(Baroda),Vadodara(Sayajipura),Groundnut pods (raw),Other,FAQ,2018-05-26 00:00:00,1800,2000,1900.0,312
Gujarat,Vadodara(Baroda),Vadodara(Sayajipura),Groundnut pods (raw),Other,FAQ,2018-05-28 00:00:00,1700,2200,2000.0,312
Gujarat,Vadodara(Baroda),Vadodara(Sayajipura),Groundnut pods (raw),Other,FAQ,2018-07-03 00:00:00,2000,2500,2300.0,312
Gujarat,Vadodara(Baroda),Vadodara(Sayajipura),Groundnut pods (raw),Other,FAQ,2018-07-06 00:00:00,2000,3000,2550.0,312
Gujarat,Vadodara(Baroda),Vadodara(Sayajipura),Groundnut pods (raw),Other,FAQ,2018-07-07 00:00:00,2000,2500,2300.0,312
Gujarat,Vadodara(Baroda),Vadodara(Sayajipura),Groundnut pods (raw),Other,FAQ,2018-07-14 00:00:00,3000,4000,3550.0,312
Gujarat,Vadodara(Baroda),Vadodara(Sayajipura),Groundnut pods (raw),Other,FAQ,2018-07-15 00:00:00,3000,4000,3550.0,312
Gujarat,Vadodara(Baroda),Vadodara(Sayajipura),Groundnut pods (raw),Other,FAQ,2018-07-18 00:00:00,3000,3500,3300.0,312
Gujarat,Vadodara(Baroda),Vadodara(Sayajipura),Groundnut pods (raw),Other,FAQ,2018-07-21 00:00:00,3000,3500,3300.0,312
Gujarat,Vadodara(Baroda),Vadodara(Sayajipura),Groundnut pods (raw),Other,FAQ,2018-07-23 00:00:00,3000,3500,3300.0,312
Gujarat,Vadodara(Baroda),Vadodara(Sayajipura),Groundnut pods (raw),Other,FAQ,2018-07-24 00:00:00,3000,3500,3300.0,312
Gujarat,Vadodara(Baroda),Vadodara(Sayajipura),Groundnut pods (raw),Other,FAQ,2018-07-28 00:00:00,3000,4000,3550.0,312
Gujarat,Vadodara(Baroda),Vadodara(Sayajipura),Groundnut pods (raw),Other,FAQ,2018-08-01 00:00:00,2500,3000,2800.0,312
Gujarat,Vadodara(Baroda),Vadodara(Sayajipura),Groundnut pods (raw),Other,FAQ,2018-08-04 00:00:00,2500,3000,2800.0,312
Gujarat,Vadodara(Baroda),Vadodara(Sayajipura),Groundnut pods (raw),Other,FAQ,2018-08-05 00:00:00,2500,3000,2800.0,312
Gujarat,Vadodara(Baroda),Vadodara(Sayajipura),Groundnut pods (raw),Other,FAQ,2018-08-12 00:00:00,2500,3500,3050.0,312
Gujarat,Vadodara(Baroda),Vadodara(Sayajipura),Groundnut pods (raw),Other,FAQ,2018-09-02 00:00:00,2500,3000,2800.0,312
Gujarat,Vadodara(Baroda),Vadodara(Sayajipura),Groundnut pods (raw),Other,FAQ,2018-09-03 00:00:00,2500,3000,2800.0,312
Gujarat,Vadodara(Baroda),Vadodara(Sayajipura),Groundnut pods (raw),Other,FAQ,2018-09-05 00:00:00,2500,3000,2800.0,312
Gujarat,Vadodara(Baroda),Vadodara(Sayajipura),Groundnut pods (raw),Other,FAQ,2018-09-21 00:00:00,2500,3000,2800.0,312
Gujarat,Vadodara(Baroda),Vadodara(Sayajipura),Groundnut pods (raw),Other,FAQ,2018-09-24 00:00:00,2500,3000,2800.0,312
Gujarat,Vadodara(Baroda),Vadodara(Sayajipura),Groundnut pods (raw),Other,FAQ,2018-09-29 00:00:00,2000,2500,2300.0,312
Gujarat,Vadodara(Baroda),Vadodara(Sayajipura),Groundnut pods (raw),Other,FAQ,2018-10-03 00:00:00,2500,3000,2800.0,312
Gujarat,Vadodara(Baroda),Vadodara(Sayajipura),Groundnut pods (raw),Other,FAQ,2018-10-15 00:00:00,1800,2000,1950.0,312
Gujarat,Vadodara(Baroda),Vadodara(Sayajipura),Groundnut pods (raw),Other,FAQ,2011-06-13 00:00:00,2000,2250,2125.0,312
Gujarat,Vadodara(Baroda),Vadodara(Sayajipura),Groundnut pods (raw),Other,FAQ,2011-06-17 00:00:00,1500,2000,1750.0,312
Gujarat,Vadodara(Baroda),Vadodara(Sayajipura),Groundnut pods (raw),Other,FAQ,2011-06-20 00:00:00,1700,2300,2000.0,312
Gujarat,Vadodara(Baroda),Vadodara(Sayajipura),Groundnut pods (raw),Other,FAQ,2011-06-21 00:00:00,1200,1600,1400.0,312
Gujarat,Vadodara(Baroda),Vadodara(Sayajipura),Groundnut pods (raw),Other,FAQ,2011-06-23 00:00:00,1800,2300,2050.0,312
Gujarat,Vadodara(Baroda),Vadodara(Sayajipura),Groundnut pods (raw),Other,FAQ,2011-06-25 00:00:00,1700,2100,1900.0,312
Gujarat,Vadodara(Baroda),Vadodara(Sayajipura),Groundnut pods (raw),Other,FAQ,2011-07-04 00:00:00,2000,3000,2500.0,312
Gujarat,Vadodara(Baroda),Vadodara(Sayajipura),Groundnut pods (raw),Other,FAQ,2011-07-05 00:00:00,2300,2800,2550.0,312
Gujarat,Vadodara(Baroda),Vadodara(Sayajipura),Groundnut pods (raw),Other,FAQ,2011-07-11 00:00:00,2000,2500,2250.0,312
Gujarat,Vadodara(Baroda),Vadodara(Sayajipura),Groundnut pods (raw),Other,FAQ,2011-07-15 00:00:00,1750,2250,2000.0,312
Gujarat,Vadodara(Baroda),Vadodara(Sayajipura),Groundnut pods (raw),Other,FAQ,2011-07-16 00:00:00,2000,3000,2500.0,312
Gujarat,Vadodara(Baroda),Vadodara(Sayajipura),Groundnut pods (raw),Other,FAQ,2011-07-17 00:00:00,2250,2750,2500.0,312
Gujarat,Vadodara(Baroda),Vadodara(Sayajipura),Groundnut pods (raw),Other,FAQ,2011-07-21 00:00:00,2000,2500,2250.0,312
Gujarat,Vadodara(Baroda),Vadodara(Sayajipura),Groundnut pods (raw),Other,FAQ,2011-08-06 00:00:00,2000,2500,2250.0,312
Gujarat,Vadodara(Baroda),Vadodara(Sayajipura),Groundnut pods (raw),Other,FAQ,2011-08-21 00:00:00,2000,3000,2750.0,312
Gujarat,Vadodara(Baroda),Vadodara(Sayajipura),Groundnut pods (raw),Other,FAQ,2011-09-11 00:00:00,2000,4000,3100.0,312
Gujarat,Vadodara(Baroda),Vadodara(Sayajipura),Groundnut pods (raw),Other,FAQ,2011-09-21 00:00:00,3250,3750,3500.0,312
Gujarat,Vadodara(Baroda),Vadodara(Sayajipura),Groundnut pods (raw),Other,FAQ,2011-09-25 00:00:00,2000,2500,2300.0,312
Gujarat,Vadodara(Baroda),Vadodara(Sayajipura),Groundnut pods (raw),Other,FAQ,2011-10-06 00:00:00,2000,2500,2350.0,312
Gujarat,Vadodara(Baroda),Vadodara(Sayajipura),Groundnut pods (raw),Other,FAQ,2011-10-10 00:00:00,2000,2500,2350.0,312
Gujarat,Vadodara(Baroda),Vadodara(Sayajipura),Groundnut pods (raw),Other,FAQ,2011-10-15 00:00:00,2000,2500,2300.0,312
Gujarat,Vadodara(Baroda),Vadodara(Sayajipura),Groundnut pods (raw),Other,FAQ,2011-10-30 00:00:00,2100,2400,2300.0,312
Gujarat,Vadodara(Baroda),Vadodara,Groundnut pods (raw),Other,FAQ,2006-07-09 00:00:00,700,1250,950.0,312
Gujarat,Vadodara(Baroda),Vadodara,Groundnut pods (raw),Other,FAQ,2006-07-13 00:00:00,600,1300,900.0,312
Gujarat,Vadodara(Baroda),Vadodara,Groundnut pods (raw),Other,FAQ,2006-07-15 00:00:00,750,1300,900.0,312
Gujarat,Vadodara(Baroda),Vadodara,Groundnut pods (raw),Other,FAQ,2006-07-21 00:00:00,800,1300,950.0,312
Gujarat,Vadodara(Baroda),Vadodara,Groundnut pods (raw),Other,FAQ,2006-07-28 00:00:00,1000,1500,1300.0,312
Gujarat,Vadodara(Baroda),Vadodara,Groundnut pods (raw),Other,FAQ,2006-08-27 00:00:00,1000,1600,1400.0,312
Gujarat,Vadodara(Baroda),Vadodara,Groundnut pods (raw),Other,FAQ,2006-09-09 00:00:00,700,1000,900.0,312
Gujarat,Vadodara(Baroda),Vadodara,Groundnut pods (raw),Other,FAQ,2006-09-29 00:00:00,500,900,825.0,312
Gujarat,Vadodara(Baroda),Vadodara,Groundnut pods (raw),Other,FAQ,2006-10-08 00:00:00,500,1100,850.0,312
Gujarat,Vadodara(Baroda),Vadodara,Groundnut pods (raw),Other,FAQ,2006-10-11 00:00:00,500,1100,825.0,312
Gujarat,Rajkot,Gondal,Groundnut pods (raw),Other,FAQ,2008-08-21 00:00:00,1500,2000,1800.0,312
Gujarat,Rajkot,Gondal,Groundnut pods (raw),Other,FAQ,2008-08-22 00:00:00,2000,2500,2150.0,312
Gujarat,Rajkot,Gondal,Groundnut pods (raw),Other,FAQ,2008-09-01 00:00:00,1500,1750,1600.0,312
Gujarat,Rajkot,Gondal,Groundnut pods (raw),Other,FAQ,2008-09-13 00:00:00,1000,1100,1050.0,312
Gujarat,Rajkot,Gondal,Groundnut pods (raw),Other,FAQ,2008-09-18 00:00:00,1250,1500,1300.0,312
Gujarat,Rajkot,Gondal,Groundnut pods (raw),Other,FAQ,2008-09-26 00:00:00,1000,1500,1250.0,312
Gujarat,Rajkot,Gondal,Groundnut pods (raw),Other,FAQ,2008-10-05 00:00:00,1200,1500,1350.0,312
Gujarat,Rajkot,Gondal,Groundnut pods (raw),Other,FAQ,2008-10-15 00:00:00,1500,2000,1750.0,312
Gujarat,Rajkot,Gondal,Groundnut pods (raw),Other,FAQ,2008-10-18 00:00:00,1500,2000,1750.0,312
Gujarat,Vadodara(Baroda),Vadodara(Sayajipura),Groundnut pods (raw),Other,FAQ,2008-05-22 00:00:00,1600,1800,1700.0,312
Gujarat,Vadodara(Baroda),Vadodara(Sayajipura),Groundnut pods (raw),Other,FAQ,2008-06-10 00:00:00,1500,1750,1650.0,312
Gujarat,Vadodara(Baroda),Vadodara(Sayajipura),Groundnut pods (raw),Other,FAQ,2008-06-11 00:00:00,1300,1600,1500.0,312
Gujarat,Vadodara(Baroda),Vadodara(Sayajipura),Groundnut pods (raw),Other,FAQ,2008-06-18 00:00:00,1500,1800,1725.0,312
Gujarat,Vadodara(Baroda),Vadodara(Sayajipura),Groundnut pods (raw),Other,FAQ,2008-06-20 00:00:00,1600,1800,1750.0,312
Gujarat,Vadodara(Baroda),Vadodara(Sayajipura),Groundnut pods (raw),Other,FAQ,2008-06-23 00:00:00,1400,1500,1450.0,312
Gujarat,Vadodara(Baroda),Vadodara(Sayajipura),Groundnut pods (raw),Other,FAQ,2008-06-27 00:00:00,1500,1700,1600.0,312
Gujarat,Vadodara(Baroda),Vadodara(Sayajipura),Groundnut pods (raw),Other,FAQ,2008-07-03 00:00:00,1250,1500,1475.0,312
Gujarat,Vadodara(Baroda),Vadodara(Sayajipura),Groundnut pods (raw),Other,FAQ,2008-07-11 00:00:00,1500,2000,1750.0,312
Gujarat,Vadodara(Baroda),Vadodara(Sayajipura),Groundnut pods (raw),Other,FAQ,2008-07-17 00:00:00,1500,1750,1625.0,312
Gujarat,Vadodara(Baroda),Vadodara(Sayajipura),Groundnut pods (raw),Other,FAQ,2008-07-20 00:00:00,1500,2000,1750.0,312
Gujarat,Vadodara(Baroda),Vadodara(Sayajipura),Groundnut pods (raw),Other,FAQ,2008-07-22 00:00:00,1500,2000,1750.0,312
Gujarat,Vadodara(Baroda),Vadodara(Sayajipura),Groundnut pods (raw),Other,FAQ,2008-07-30 00:00:00,1000,1500,1250.0,312
Gujarat,Vadodara(Baroda),Vadodara(Sayajipura),Groundnut pods (raw),Other,FAQ,2008-08-01 00:00:00,1000,1500,1250.0,312
Gujarat,Vadodara(Baroda),Vadodara(Sayajipura),Groundnut pods (raw),Other,FAQ,2008-08-08 00:00:00,1000,1500,1300.0,312
Gujarat,Vadodara(Baroda),Vadodara(Sayajipura),Groundnut pods (raw),Other,FAQ,2008-08-09 00:00:00,1000,2000,1500.0,312
Gujarat,Vadodara(Baroda),Vadodara(Sayajipura),Groundnut pods (raw),Other,FAQ,2008-08-17 00:00:00,1500,2250,1850.0,312
Gujarat,Vadodara(Baroda),Vadodara(Sayajipura),Groundnut pods (raw),Other,FAQ,2008-08-22 00:00:00,2000,2250,2100.0,312
Gujarat,Vadodara(Baroda),Vadodara(Sayajipura),Groundnut pods (raw),Other,FAQ,2008-08-23 00:00:00,1500,2250,1750.0,312
Gujarat,Vadodara(Baroda),Vadodara(Sayajipura),Groundnut pods (raw),Other,FAQ,2008-09-24 00:00:00,1200,1600,1400.0,312
Gujarat,Vadodara(Baroda),Vadodara(Sayajipura),Groundnut pods (raw),Other,FAQ,2008-09-25 00:00:00,1200,1700,1500.0,312
Gujarat,Vadodara(Baroda),Vadodara(Sayajipura),Groundnut pods (raw),Other,FAQ,2008-10-17 00:00:00,1300,1600,1450.0,312
Gujarat,Vadodara(Baroda),Vadodara(Sayajipura),Groundnut pods (raw),Other,FAQ,2008-10-18 00:00:00,1300,1600,1450.0,312
Gujarat,Vadodara(Baroda),Vadodara(Sayajipura),Groundnut pods (raw),Other,FAQ,2008-10-20 00:00:00,1300,1600,1500.0,312
Gujarat,Vadodara(Baroda),Vadodara(Sayajipura),Groundnut pods (raw),Other,FAQ,2008-10-21 00:00:00,1900,2000,1950.0,312
Gujarat,Vadodara(Baroda),Vadodara(Sayajipura),Groundnut pods (raw),Other,FAQ,2008-10-26 00:00:00,1250,2000,1650.0,312
Gujarat,Ahmedabad,Ahmedabad,Groundnut pods (raw),Other,FAQ,2024-09-04 00:00:00,3500,4200,4000.0,312
Gujarat,Ahmedabad,Ahmedabad,Groundnut pods (raw),Other,FAQ,2024-09-06 00:00:00,3000,4500,4150.0,312
Gujarat,Ahmedabad,Ahmedabad,Groundnut pods (raw),Other,FAQ,2024-09-17 00:00:00,3000,3600,3350.0,312
Gujarat,Ahmedabad,Ahmedabad,Groundnut pods (raw),Other,FAQ,2024-09-19 00:00:00,3000,3500,3300.0,312
Gujarat,Ahmedabad,Ahmedabad,Groundnut pods (raw),Other,FAQ,2024-09-20 00:00:00,3500,4000,3650.0,312
Gujarat,Surat,Surat,Groundnut pods (raw),Other,FAQ,2024-09-09 00:00:00,3000,4500,3750.0,312
Gujarat,Surat,Surat,Groundnut pods (raw),Other,FAQ,2024-09-13 00:00:00,3000,5000,4000.0,312
Gujarat,Surat,Surat,Groundnut pods (raw),Other,FAQ,2024-09-20 00:00:00,2800,3800,3300.0,312
Gujarat,Vadodara(Baroda),Vadodara(Sayajipura),Groundnut pods (raw),Other,FAQ,2024-09-03 00:00:00,3000,3500,3300.0,312
Gujarat,Vadodara(Baroda),Vadodara(Sayajipura),Groundnut pods (raw),Other,FAQ,2024-09-05 00:00:00,3500,4000,3800.0,312
Gujarat,Vadodara(Baroda),Vadodara(Sayajipura),Groundnut pods (raw),Other,FAQ,2024-09-16 00:00:00,3800,4000,3900.0,312
Gujarat,Vadodara(Baroda),Vadodara(Sayajipura),Groundnut pods (raw),Other,FAQ,2024-09-20 00:00:00,3800,4000,3900.0,312
Gujarat,Vadodara(Baroda),Vadodara(Sayajipura),Groundnut pods (raw),Other,FAQ,2024-09-24 00:00:00,3800,4000,3900.0,312
Gujarat,Ahmedabad,Ahmedabad,Groundnut pods (raw),Other,FAQ,2024-10-24 00:00:00,6000,6500,6350.0,312
Gujarat,Surat,Surat,Groundnut pods (raw),Other,FAQ,2024-10-23 00:00:00,3500,5500,4500.0,312
Gujarat,Vadodara(Baroda),Vadodara(Sayajipura),Groundnut pods (raw),Other,FAQ,2024-10-17 00:00:00,3500,4000,3800.0,312
Gujarat,Surat,Surat,Groundnut pods (raw),Other,FAQ,2024-10-07 00:00:00,2500,5000,3750.0,312
Gujarat,Ahmedabad,Ahmedabad,Groundnut pods (raw),Other,FAQ,2024-10-03 00:00:00,3500,4800,4650.0,312
Gujarat,Surat,Surat,Groundnut pods (raw),Other,FAQ,2024-10-14 00:00:00,3500,4500,4000.0,312
Gujarat,Surat,Surat,Groundnut pods (raw),Other,FAQ,2024-10-19 00:00:00,3000,4500,3750.0,312
Gujarat,Vadodara(Baroda),Vadodara(Sayajipura),Groundnut pods (raw),Other,FAQ,2024-10-27 00:00:00,3000,3500,3300.0,312
Gujarat,Vadodara(Baroda),Vadodara(Sayajipura),Groundnut pods (raw),Other,FAQ,2024-10-23 00:00:00,3000,3500,3300.0,312
Gujarat,Vadodara(Baroda),Vadodara(Sayajipura),Groundnut pods (raw),Other,FAQ,2024-10-29 00:00:00,3000,3500,3300.0,312
Gujarat,Ahmedabad,Ahmedabad,Groundnut pods (raw),Other,FAQ,2024-10-21 00:00:00,3500,4500,4000.0,312
Gujarat,Surat,Surat,Groundnut pods (raw),Other,FAQ,2024-10-21 00:00:00,3000,6000,4250.0,312
Gujarat,Vadodara(Baroda),Vadodara(Sayajipura),Groundnut pods (raw),Other,FAQ,2024-10-14 00:00:00,3500,4000,3800.0,312
Gujarat,Surat,Surat,Groundnut pods (raw),Other,FAQ,2024-10-30 00:00:00,3500,5500,4500.0,312
Gujarat,Vadodara(Baroda),Vadodara(Sayajipura),Groundnut pods (raw),Other,FAQ,2024-10-09 00:00:00,3500,4000,3800.0,312
Gujarat,Vadodara(Baroda),Vadodara(Sayajipura),Groundnut pods (raw),Other,FAQ,2024-10-25 00:00:00,3000,3500,3300.0,312
Gujarat,Ahmedabad,Ahmedabad,Groundnut pods (raw),Other,FAQ,2025-06-11 00:00:00,4500,5000,4900.0,312
Gujarat,Ahmedabad,Ahmedabad,Groundnut pods (raw),Other,FAQ,2025-06-13 00:00:00,4000,5000,4750.0,312
Gujarat,Ahmedabad,Ahmedabad,Groundnut pods (raw),Other,FAQ,2025-06-19 00:00:00,4500,7000,6250.0,312
Gujarat,Surat,Surat,Groundnut pods (raw),Other,FAQ,2025-06-12 00:00:00,2000,4000,3000.0,312
Gujarat,Surat,Surat,Groundnut pods (raw),Other,FAQ,2025-06-13 00:00:00,2000,4300,3150.0,312
Gujarat,Surat,Surat,Groundnut pods (raw),Other,FAQ,2025-06-30 00:00:00,3000,5800,4400.0,312
Gujarat,Vadodara(Baroda),Vadodara(Sayajipura),Groundnut pods (raw),Other,FAQ,2025-06-12 00:00:00,4800,5000,4900.0,312
Gujarat,Vadodara(Baroda),Vadodara(Sayajipura),Groundnut pods (raw),Other,FAQ,2025-06-13 00:00:00,4800,5000,4900.0,312
Gujarat,Vadodara(Baroda),Vadodara(Sayajipura),Groundnut pods (raw),Other,FAQ,2025-06-14 00:00:00,4800,5000,4900.0,312
Gujarat,Vadodara(Baroda),Vadodara(Sayajipura),Groundnut pods (raw),Other,FAQ,2025-06-15 00:00:00,4800,5000,4900.0,312
Gujarat,Ahmedabad,Ahmedabad,Groundnut pods (raw),Other,FAQ,2025-07-03 00:00:00,4000,6500,5750.0,312
Gujarat,Ahmedabad,Ahmedabad,Groundnut pods (raw),Other,FAQ,2025-07-11 00:00:00,6000,7000,6350.0,312
Gujarat,Ahmedabad,Ahmedabad,Groundnut pods (raw),Other,FAQ,2025-07-17 00:00:00,5000,6000,5750.0,312
Gujarat,Ahmedabad,Ahmedabad,Groundnut pods (raw),Other,FAQ,2025-07-18 00:00:00,5000,7000,6250.0,312
Gujarat,Surat,Surat,Groundnut pods (raw),Other,FAQ,2025-07-10 00:00:00,4000,5500,4750.0,312
Gujarat,Surat,Surat,Groundnut pods (raw),Other,FAQ,2025-07-13 00:00:00,4000,5500,4750.0,312
Gujarat,Surat,Surat,Groundnut pods (raw),Other,FAQ,2025-07-17 00:00:00,4000,7500,5750.0,312
Gujarat,Surat,Surat,Groundnut pods (raw),Other,FAQ,2025-07-30 00:00:00,4000,5500,4750.0,312
Gujarat,Vadodara(Baroda),Vadodara(Sayajipura),Groundnut pods (raw),Other,FAQ,2025-07-27 00:00:00,3000,4000,3500.0,312
Gujarat,Vadodara(Baroda),Vadodara(Sayajipura),Groundnut pods (raw),Other,FAQ,2025-07-31 00:00:00,2500,3000,2800.0,312
Gujarat,Surat,Surat,Groundnut pods (raw),Other,FAQ,2025-04-02 00:00:00,4500,5800,5150.0,312
Gujarat,Surat,Surat,Groundnut pods (raw),Other,FAQ,2025-04-03 00:00:00,4500,5800,5150.0,312
Gujarat,Surat,Surat,Groundnut pods (raw),Other,FAQ,2025-04-07 00:00:00,4500,5500,5000.0,312
Gujarat,Surat,Surat,Groundnut pods (raw),Other,FAQ,2025-04-18 00:00:00,6000,6500,6250.0,312
Gujarat,Surat,Surat,Groundnut pods (raw),Other,FAQ,2025-04-22 00:00:00,3500,5300,4400.0,312
Gujarat,Surat,Surat,Groundnut pods (raw),Other,FAQ,2025-04-24 00:00:00,3500,5300,4400.0,312
Gujarat,Ahmedabad,Ahmedabad,Groundnut pods (raw),Other,FAQ,2025-05-24 00:00:00,4200,4500,4450.0,312
Gujarat,Ahmedabad,Ahmedabad,Groundnut pods (raw),Other,FAQ,2025-05-30 00:00:00,3500,5000,3900.0,312
Gujarat,Surat,Surat,Groundnut pods (raw),Other,FAQ,2025-05-02 00:00:00,3000,4500,3750.0,312
Gujarat,Surat,Surat,Groundnut pods (raw),Other,FAQ,2025-05-14 00:00:00,3000,5000,4000.0,312
Gujarat,Surat,Surat,Groundnut pods (raw),Other,FAQ,2025-05-21 00:00:00,3000,4800,3900.0,312
Gujarat,Surat,Surat,Groundnut pods (raw),Other,FAQ,2025-05-27 00:00:00,3000,4500,3750.0,312
Gujarat,Vadodara(Baroda),Vadodara(Sayajipura),Groundnut pods (raw),Other,FAQ,2025-05-08 00:00:00,4000,5000,4500.0,312
Gujarat,Vadodara(Baroda),Vadodara(Sayajipura),Groundnut pods (raw),Other,FAQ,2025-05-16 00:00:00,4500,5000,4800.0,312
Gujarat,Vadodara(Baroda),Vadodara(Sayajipura),Groundnut pods (raw),Other,FAQ,2025-05-17 00:00:00,4500,5000,4800.0,312
Gujarat,Vadodara(Baroda),Vadodara(Sayajipura),Groundnut pods (raw),Other,FAQ,2025-05-20 00:00:00,4000,4500,4300.0,312
Gujarat,Surat,Surat,Groundnut pods (raw),Other,FAQ,2024-11-05 00:00:00,5000,6000,5500.0,312
Gujarat,Surat,Surat,Groundnut pods (raw),Other,FAQ,2024-11-07 00:00:00,5000,5500,5250.0,312
Gujarat,Surat,Surat,Groundnut pods (raw),Other,FAQ,2024-11-09 00:00:00,5000,5500,5250.0,312
Gujarat,Surat,Surat,Groundnut pods (raw),Other,FAQ,2024-11-23 00:00:00,5000,6000,5500.0,312
Gujarat,Ahmedabad,Ahmedabad,Groundnut pods (raw),Other,FAQ,2024-08-03 00:00:00,6000,8500,6700.0,312
Gujarat,Ahmedabad,Ahmedabad,Groundnut pods (raw),Other,FAQ,2024-08-12 00:00:00,4000,8000,4400.0,312
Gujarat,Ahmedabad,Ahmedabad,Groundnut pods (raw),Other,FAQ,2024-08-17 00:00:00,3500,8000,3750.0,312
Gujarat,Surat,Surat,Groundnut pods (raw),Other,FAQ,2024-08-04 00:00:00,5500,7500,6500.0,312
Gujarat,Surat,Surat,Groundnut pods (raw),Other,FAQ,2024-08-09 00:00:00,5500,6500,6000.0,312
Gujarat,Surat,Surat,Groundnut pods (raw),Other,FAQ,2024-08-10 00:00:00,5500,7000,6250.0,312
Gujarat,Surat,Surat,Groundnut pods (raw),Other,FAQ,2024-08-15 00:00:00,3500,6500,5000.0,312
Gujarat,Surat,Surat,Groundnut pods (raw),Other,FAQ,2024-08-29 00:00:00,2500,4000,3250.0,312
Gujarat,Surat,Surat,Groundnut pods (raw),Other,FAQ,2024-08-31 00:00:00,4000,5500,4750.0,312
Gujarat,Vadodara(Baroda),Vadodara(Sayajipura),Groundnut pods (raw),Other,FAQ,2024-08-01 00:00:00,4500,5000,4800.0,312
Gujarat,Vadodara(Baroda),Vadodara(Sayajipura),Groundnut pods (raw),Other,FAQ,2024-08-15 00:00:00,4500,5000,4800.0,312
Gujarat,Vadodara(Baroda),Vadodara(Sayajipura),Groundnut pods (raw),Other,FAQ,2024-08-16 00:00:00,4500,5000,4800.0,312
Gujarat,Vadodara(Baroda),Vadodara(Sayajipura),Groundnut pods (raw),Other,FAQ,2024-08-21 00:00:00,4500,5000,4800.0,312
Gujarat,Ahmedabad,Ahmedabad,Groundnut pods (raw),Other,FAQ,2024-07-05 00:00:00,6000,7500,7000.0,312
Gujarat,Ahmedabad,Ahmedabad,Groundnut pods (raw),Other,FAQ,2024-07-09 00:00:00,6000,7000,6650.0,312
Gujarat,Ahmedabad,Ahmedabad,Groundnut pods (raw),Other,FAQ,2024-07-29 00:00:00,6000,7000,6750.0,312
Gujarat,Surat,Surat,Groundnut pods (raw),Other,FAQ,2024-07-05 00:00:00,5000,7000,6000.0,312
Gujarat,Surat,Surat,Groundnut pods (raw),Other,FAQ,2024-07-11 00:00:00,4000,6000,5000.0,312
Gujarat,Surat,Surat,Groundnut pods (raw),Other,FAQ,2024-07-12 00:00:00,4000,6500,5250.0,312
Gujarat,Surat,Surat,Groundnut pods (raw),Other,FAQ,2024-07-16 00:00:00,5500,6000,5750.0,312
Gujarat,Vadodara(Baroda),Vadodara(Sayajipura),Groundnut pods (raw),Other,FAQ,2024-07-02 00:00:00,4000,5000,4500.0,312
Gujarat,Vadodara(Baroda),Vadodara(Sayajipura),Groundnut pods (raw),Other,FAQ,2024-07-04 00:00:00,4000,5000,4500.0,312
Gujarat,Vadodara(Baroda),Vadodara(Sayajipura),Groundnut pods (raw),Other,FAQ,2024-07-09 00:00:00,5000,6000,5500.0,312
Gujarat,Vadodara(Baroda),Vadodara(Sayajipura),Groundnut pods (raw),Other,FAQ,2024-07-13 00:00:00,5000,6000,5500.0,312
Gujarat,Ahmedabad,Ahmedabad,Groundnut pods (raw),Other,FAQ,2023-06-19 00:00:00,5000,6000,5750.0,312
Gujarat,Ahmedabad,Ahmedabad,Groundnut pods (raw),Other,FAQ,2023-06-26 00:00:00,5000,6000,5800.0,312
Gujarat,Ahmedabad,Ahmedabad,Groundnut pods (raw),Other,FAQ,2023-06-28 00:00:00,1000,1500,1300.0,312
Gujarat,Ahmedabad,Ahmedabad,Groundnut pods (raw),Other,FAQ,2023-07-03 00:00:00,6500,7500,7150.0,312
Gujarat,Ahmedabad,Ahmedabad,Groundnut pods (raw),Other,FAQ,2023-07-13 00:00:00,5000,7000,6500.0,312
Gujarat,Ahmedabad,Ahmedabad,Groundnut pods (raw),Other,FAQ,2023-07-27 00:00:00,6000,7500,7000.0,312
Gujarat,Ahmedabad,Ahmedabad,Groundnut pods (raw),Other,FAQ,2023-08-05 00:00:00,3000,4500,3450.0,312
Gujarat,Ahmedabad,Ahmedabad,Groundnut pods (raw),Other,FAQ,2023-08-12 00:00:00,3500,4000,3850.0,312
Gujarat,Ahmedabad,Ahmedabad,Groundnut pods (raw),Other,FAQ,2023-08-21 00:00:00,3500,4000,3850.0,312
Gujarat,Ahmedabad,Ahmedabad,Groundnut pods (raw),Other,FAQ,2023-08-23 00:00:00,3500,4200,4000.0,312
Gujarat,Ahmedabad,Ahmedabad,Groundnut pods (raw),Other,FAQ,2023-08-24 00:00:00,3500,4200,3850.0,312
Gujarat,Ahmedabad,Ahmedabad,Groundnut pods (raw),Other,FAQ,2023-09-05 00:00:00,3800,4300,4100.0,312
Gujarat,Ahmedabad,Ahmedabad,Groundnut pods (raw),Other,FAQ,2023-09-06 00:00:00,4000,5000,4650.0,312
Gujarat,Ahmedabad,Ahmedabad,Groundnut pods (raw),Other,FAQ,2023-09-14 00:00:00,3500,4500,4200.0,312
Gujarat,Ahmedabad,Ahmedabad,Groundnut pods (raw),Other,FAQ,2023-09-22 00:00:00,4000,5500,5000.0,312
Gujarat,Ahmedabad,Ahmedabad,Groundnut pods (raw),Other,FAQ,2023-09-25 00:00:00,3000,4000,3650.0,312
Gujarat,Ahmedabad,Ahmedabad,Groundnut pods (raw),Other,FAQ,2023-09-26 00:00:00,3000,4000,3650.0,312
Gujarat,Surat,Surat,Groundnut pods (raw),Other,FAQ,2023-05-25 00:00:00,2000,3200,2600.0,312
Gujarat,Surat,Surat,Groundnut pods (raw),Other,FAQ,2023-05-29 00:00:00,2500,3500,3000.0,312
Gujarat,Surat,Surat,Groundnut pods (raw),Other,FAQ,2023-06-03 00:00:00,2500,3900,3200.0,312
Gujarat,Surat,Surat,Groundnut pods (raw),Other,FAQ,2023-06-16 00:00:00,3000,4200,3600.0,312
Gujarat,Surat,Surat,Groundnut pods (raw),Other,FAQ,2023-06-19 00:00:00,3000,4600,3800.0,312
Gujarat,Surat,Surat,Groundnut pods (raw),Other,FAQ,2023-06-23 00:00:00,4000,5000,4500.0,312
Gujarat,Surat,Surat,Groundnut pods (raw),Other,FAQ,2023-07-12 00:00:00,3500,7000,5250.0,312
Gujarat,Surat,Surat,Groundnut pods (raw),Other,FAQ,2023-07-17 00:00:00,5000,7000,6000.0,312
Gujarat,Surat,Surat,Groundnut pods (raw),Other,FAQ,2023-07-19 00:00:00,5000,6500,5750.0,312
Gujarat,Surat,Surat,Groundnut pods (raw),Other,FAQ,2023-07-22 00:00:00,5000,6500,5750.0,312
Gujarat,Surat,Surat,Groundnut pods (raw),Other,FAQ,2023-07-25 00:00:00,5000,7500,6250.0,312
Gujarat,Surat,Surat,Groundnut pods (raw),Other,FAQ,2023-07-26 00:00:00,5000,7000,6000.0,312
Gujarat,Surat,Surat,Groundnut pods (raw),Other,FAQ,2023-08-04 00:00:00,4000,7000,5500.0,312
Gujarat,Surat,Surat,Groundnut pods (raw),Other,FAQ,2023-08-07 00:00:00,4000,6500,5250.0,312
Gujarat,Surat,Surat,Groundnut pods (raw),Other,FAQ,2023-08-08 00:00:00,3000,6000,4500.0,312
Gujarat,Surat,Surat,Groundnut pods (raw),Other,FAQ,2023-08-12 00:00:00,2000,4000,3000.0,312
Gujarat,Surat,Surat,Groundnut pods (raw),Other,FAQ,2023-08-25 00:00:00,3000,4300,3650.0,312
Gujarat,Surat,Surat,Groundnut pods (raw),Other,FAQ,2023-08-26 00:00:00,3000,4500,3750.0,312
Gujarat,Surat,Surat,Groundnut pods (raw),Other,FAQ,2023-09-02 00:00:00,3500,4500,4000.0,312
Gujarat,Surat,Surat,Groundnut pods (raw),Other,FAQ,2023-09-18 00:00:00,3500,4250,3875.0,312
Gujarat,Surat,Surat,Groundnut pods (raw),Other,FAQ,2023-09-19 00:00:00,3500,4300,3900.0,312
Gujarat,Surat,Surat,Groundnut pods (raw),Other,FAQ,2023-10-05 00:00:00,3500,4200,3850.0,312
Gujarat,Surat,Surat,Groundnut pods (raw),Other,FAQ,2023-10-17 00:00:00,4000,6500,5250.0,312
Gujarat,Surat,Surat,Groundnut pods (raw),Other,FAQ,2023-10-18 00:00:00,4000,6500,5250.0,312
Gujarat,Surat,Surat,Groundnut pods (raw),Other,FAQ,2023-10-23 00:00:00,4500,6500,5500.0,312
Gujarat,Surat,Surat,Groundnut pods (raw),Other,FAQ,2023-11-03 00:00:00,4500,6500,5500.0,312
Gujarat,Surat,Surat,Groundnut pods (raw),Other,FAQ,2023-11-06 00:00:00,5500,6500,6000.0,312
Gujarat,Surat,Surat,Groundnut pods (raw),Other,FAQ,2023-11-07 00:00:00,5500,6000,5750.0,312
Gujarat,Surat,Surat,Groundnut pods (raw),Other,FAQ,2023-11-29 00:00:00,5500,7000,6250.0,312
Gujarat,Surat,Surat,Groundnut pods (raw),Other,FAQ,2023-12-06 00:00:00,5500,7000,5750.0,312
Gujarat,Vadodara(Baroda),Vadodara(Sayajipura),Groundnut pods (raw),Other,FAQ,2023-06-27 00:00:00,3500,4000,3800.0,312
Gujarat,Vadodara(Baroda),Vadodara(Sayajipura),Groundnut pods (raw),Other,FAQ,2023-06-28 00:00:00,3500,4000,3800.0,312
Gujarat,Vadodara(Baroda),Vadodara(Sayajipura),Groundnut pods (raw),Other,FAQ,2023-07-01 00:00:00,4000,4500,4300.0,312
Gujarat,Vadodara(Baroda),Vadodara(Sayajipura),Groundnut pods (raw),Other,FAQ,2023-07-02 00:00:00,4000,4500,4300.0,312
Gujarat,Vadodara(Baroda),Vadodara(Sayajipura),Groundnut pods (raw),Other,FAQ,2023-07-14 00:00:00,4000,4500,4300.0,312
Gujarat,Vadodara(Baroda),Vadodara(Sayajipura),Groundnut pods (raw),Other,FAQ,2023-07-24 00:00:00,4000,4500,4300.0,312
Gujarat,Vadodara(Baroda),Vadodara(Sayajipura),Groundnut pods (raw),Other,FAQ,2023-08-11 00:00:00,3500,4000,3800.0,312
Gujarat,Vadodara(Baroda),Vadodara(Sayajipura),Groundnut pods (raw),Other,FAQ,2023-09-01 00:00:00,2500,3000,2800.0,312
Gujarat,Vadodara(Baroda),Vadodara(Sayajipura),Groundnut pods (raw),Other,FAQ,2023-09-07 00:00:00,3000,3200,3150.0,312
Gujarat,Vadodara(Baroda),Vadodara(Sayajipura),Groundnut pods (raw),Other,FAQ,2023-09-09 00:00:00,700,1500,1150.0,312
Gujarat,Vadodara(Baroda),Vadodara(Sayajipura),Groundnut pods (raw),Other,FAQ,2023-09-21 00:00:00,3000,4000,3550.0,312
Gujarat,Vadodara(Baroda),Vadodara(Sayajipura),Groundnut pods (raw),Other,FAQ,2023-09-25 00:00:00,3000,4000,3500.0,312
Gujarat,Vadodara(Baroda),Vadodara(Sayajipura),Groundnut pods (raw),Other,FAQ,2023-09-27 00:00:00,3000,3500,3300.0,312
Gujarat,Vadodara(Baroda),Vadodara(Sayajipura),Groundnut pods (raw),Other,FAQ,2023-09-29 00:00:00,3000,5000,4050.0,312
Gujarat,Vadodara(Baroda),Vadodara(Sayajipura),Groundnut pods (raw),Other,FAQ,2023-09-30 00:00:00,3500,4000,3800.0,312
Gujarat,Vadodara(Baroda),Vadodara(Sayajipura),Groundnut pods (raw),Other,FAQ,2023-10-05 00:00:00,3500,4000,3800.0,312
Gujarat,Vadodara(Baroda),Vadodara(Sayajipura),Groundnut pods (raw),Other,FAQ,2023-11-06 00:00:00,2500,3000,2800.0,312
Gujarat,Ahmedabad,Ahmedabad,Groundnut pods (raw),Other,FAQ,2025-08-01 00:00:00,3000,5000,4350.0,312
Gujarat,Ahmedabad,Ahmedabad,Groundnut pods (raw),Other,FAQ,2025-08-12 00:00:00,3500,8000,3850.0,312
Gujarat,Ahmedabad,Ahmedabad,Groundnut pods (raw),Other,FAQ,2025-08-25 00:00:00,4000,4800,4500.0,312
Gujarat,Surat,Surat,Groundnut pods (raw),Other,FAQ,2025-08-02 00:00:00,3000,4500,3750.0,312
Gujarat,Surat,Surat,Groundnut pods (raw),Other,FAQ,2025-08-04 00:00:00,3000,4400,3700.0,312
Gujarat,Surat,Surat,Groundnut pods (raw),Other,FAQ,2025-08-08 00:00:00,1500,4300,2900.0,312
Gujarat,Surat,Surat,Groundnut pods (raw),Other,FAQ,2025-08-12 00:00:00,2500,4300,3400.0,312
Gujarat,Surat,Surat,Groundnut pods (raw),Other,FAQ,2025-08-17 00:00:00,3000,4500,3750.0,312
Gujarat,Surat,Surat,Groundnut pods (raw),Other,FAQ,2025-08-19 00:00:00,3000,4000,3500.0,312
Gujarat,Surat,Surat,Groundnut pods (raw),Other,FAQ,2025-08-24 00:00:00,2000,4000,3000.0,312
Gujarat,Surat,Surat,Groundnut pods (raw),Other,FAQ,2025-08-29 00:00:00,2000,5300,3650.0,312
Gujarat,Surat,Surat,Groundnut pods (raw),Other,FAQ,2025-08-30 00:00:00,2000,4000,3000.0,312
Gujarat,Vadodara(Baroda),Vadodara(Sayajipura),Groundnut pods (raw),Other,FAQ,2025-08-02 00:00:00,2500,3000,2800.0,312
Gujarat,Vadodara(Baroda),Vadodara(Sayajipura),Groundnut pods (raw),Other,FAQ,2025-08-07 00:00:00,2500,3000,2800.0,312
Gujarat,Ahmedabad,Ahmedabad,Groundnut pods (raw),Other,FAQ,2025-09-01 00:00:00,3000,4000,3450.0,312
Gujarat,Ahmedabad,Ahmedabad,Groundnut pods (raw),Other,FAQ,2025-09-04 00:00:00,2500,3500,3000.0,312
Gujarat,Ahmedabad,Ahmedabad,Groundnut pods (raw),Other,FAQ,2025-09-08 00:00:00,3000,4000,3750.0,312
Gujarat,Ahmedabad,Ahmedabad,Groundnut pods (raw),Other,FAQ,2025-09-12 00:00:00,2800,4000,3750.0,312
Gujarat,Ahmedabad,Ahmedabad,Groundnut pods (raw),Other,FAQ,2025-09-13 00:00:00,3000,4000,3700.0,312
Gujarat,Ahmedabad,Ahmedabad,Groundnut pods (raw),Other,FAQ,2025-09-19 00:00:00,3000,4000,3800.0,312
Gujarat,Ahmedabad,Ahmedabad,Groundnut pods (raw),Other,FAQ,2025-09-23 00:00:00,3800,4500,4000.0,312
Gujarat,Surat,Surat,Groundnut pods (raw),Other,FAQ,2025-09-22 00:00:00,3500,4500,4000.0,312
Gujarat,Surat,Surat,Groundnut pods (raw),Other,FAQ,2025-09-24 00:00:00,3500,4500,4000.0,312
Gujarat,Surat,Surat,Groundnut pods (raw),Other,FAQ,2025-09-29 00:00:00,3000,4300,3650.0,312
Gujarat,Vadodara(Baroda),Vadodara(Sayajipura),Groundnut pods (raw),Other,FAQ,2025-09-01 00:00:00,2500,3000,2800.0,312
Gujarat,Vadodara(Baroda),Vadodara(Sayajipura),Groundnut pods (raw),Other,FAQ,2025-09-05 00:00:00,2500,3000,2800.0,312
Gujarat,Vadodara(Baroda),Vadodara(Sayajipura),Groundnut pods (raw),Other,FAQ,2025-09-08 00:00:00,2500,3000,2800.0,312
Gujarat,Vadodara(Baroda),Vadodara(Sayajipura),Groundnut pods (raw),Other,FAQ,2025-09-09 00:00:00,2500,3000,2800.0,312
Gujarat,Vadodara(Baroda),Vadodara(Sayajipura),Groundnut pods (raw),Other,FAQ,2025-09-10 00:00:00,3000,3500,3300.0,312
Gujarat,Vadodara(Baroda),Vadodara(Sayajipura),Groundnut pods (raw),Other,FAQ,2025-09-15 00:00:00,3000,3500,3300.0,312
Gujarat,Vadodara(Baroda),Vadodara(Sayajipura),Groundnut pods (raw),Other,FAQ,2025-09-17 00:00:00,3000,3500,3300.0,312
Gujarat,Vadodara(Baroda),Vadodara(Sayajipura),Groundnut pods (raw),Other,FAQ,2025-09-29 00:00:00,2500,3000,2800.0,312
Gujarat,Ahmedabad,Ahmedabad,Groundnut pods (raw),Other,FAQ,2025-10-10 00:00:00,3500,4300,4000.0,312
Gujarat,Surat,Surat,Groundnut pods (raw),Other,FAQ,2025-10-08 00:00:00,2000,4000,3000.0,312
Gujarat,Surat,Surat,Groundnut pods (raw),Other,FAQ,2025-10-10 00:00:00,2000,4300,3150.0,312
Gujarat,Surat,Surat,Groundnut pods (raw),Other,FAQ,2025-10-13 00:00:00,1500,4000,2750.0,312
Gujarat,Surat,Surat,Groundnut pods (raw),Other,FAQ,2025-10-15 00:00:00,1500,3500,2500.0,312
Gujarat,Surat,Surat,Groundnut pods (raw),Other,FAQ,2025-10-26 00:00:00,2000,4400,3100.0,312
Gujarat,Surat,Surat,Groundnut pods (raw),Other,FAQ,2025-10-29 00:00:00,4000,5000,4500.0,312
Gujarat,Surat,Surat,Groundnut pods (raw),Other,FAQ,2025-10-30 00:00:00,4000,5000,4500.0,312
Gujarat,Surat,Surat,Groundnut pods (raw),Other,FAQ,2025-10-31 00:00:00,4000,5000,4500.0,312
Gujarat,Vadodara(Baroda),Vadodara(Sayajipura),Groundnut pods (raw),Other,FAQ,2025-10-04 00:00:00,2000,2500,2300.0,312
Gujarat,Vadodara(Baroda),Vadodara(Sayajipura),Groundnut pods (raw),Other,FAQ,2025-10-08 00:00:00,2000,2500,2300.0,312
Gujarat,Vadodara(Baroda),Vadodara(Sayajipura),Groundnut pods (raw),Other,FAQ,2025-10-11 00:00:00,2000,3000,2500.0,312
Gujarat,Ahmedabad,Ahmedabad,Groundnut pods (raw),Other,FAQ,2017-07-04 00:00:00,3000,5000,4100.0,312
Gujarat,Ahmedabad,Ahmedabad,Groundnut pods (raw),Other,FAQ,2017-07-13 00:00:00,3000,4000,3600.0,312
Gujarat,Ahmedabad,Ahmedabad,Groundnut pods (raw),Other,FAQ,2017-07-14 00:00:00,4000,5000,4600.0,312
Gujarat,Ahmedabad,Ahmedabad,Groundnut pods (raw),Other,FAQ,2017-07-18 00:00:00,4000,4500,4300.0,312
Gujarat,Ahmedabad,Ahmedabad,Groundnut pods (raw),Other,FAQ,2017-07-27 00:00:00,5000,6000,5500.0,312
Gujarat,Ahmedabad,Ahmedabad,Groundnut pods (raw),Other,FAQ,2017-08-08 00:00:00,3000,5000,4100.0,312
Gujarat,Ahmedabad,Ahmedabad,Groundnut pods (raw),Other,FAQ,2017-08-09 00:00:00,4000,4500,4300.0,312
Gujarat,Ahmedabad,Ahmedabad,Groundnut pods (raw),Other,FAQ,2017-08-18 00:00:00,2200,5000,4000.0,312
Gujarat,Ahmedabad,Ahmedabad,Groundnut pods (raw),Other,FAQ,2017-08-31 00:00:00,1700,2500,2150.0,312
Gujarat,Ahmedabad,Ahmedabad,Groundnut pods (raw),Other,FAQ,2017-09-04 00:00:00,2000,3500,2800.0,312
Gujarat,Ahmedabad,Ahmedabad,Groundnut pods (raw),Other,FAQ,2017-09-06 00:00:00,1500,2500,2050.0,312
Gujarat,Ahmedabad,Ahmedabad,Groundnut pods (raw),Other,FAQ,2017-09-13 00:00:00,2000,2500,2300.0,312
Gujarat,Ahmedabad,Ahmedabad,Groundnut pods (raw),Other,FAQ,2017-09-14 00:00:00,1800,2800,2350.0,312
Gujarat,Ahmedabad,Ahmedabad,Groundnut pods (raw),Other,FAQ,2017-09-21 00:00:00,2000,3500,2800.0,312
Gujarat,Ahmedabad,Ahmedabad,Groundnut pods (raw),Other,FAQ,2017-09-27 00:00:00,1800,3000,2450.0,312
Gujarat,Ahmedabad,Ahmedabad,Groundnut pods (raw),Other,FAQ,2017-09-28 00:00:00,1800,2500,2200.0,312
Gujarat,Ahmedabad,Ahmedabad,Groundnut pods (raw),Other,FAQ,2017-09-29 00:00:00,1700,2500,2200.0,312
Gujarat,Ahmedabad,Ahmedabad,Groundnut pods (raw),Other,FAQ,2017-10-17 00:00:00,3000,3200,3150.0,312
Gujarat,Bharuch,Ankleshwar,Groundnut pods (raw),Groundnut pods (raw),FAQ,2017-06-15 00:00:00,2700,3100,2950.0,312
Gujarat,Bharuch,Ankleshwar,Groundnut pods (raw),Groundnut pods (raw),FAQ,2017-06-17 00:00:00,2500,3000,2750.0,312
Gujarat,Surat,Surat,Groundnut pods (raw),Other,FAQ,2017-04-20 00:00:00,2500,3500,3000.0,312
Gujarat,Surat,Surat,Groundnut pods (raw),Other,FAQ,2017-04-21 00:00:00,2500,3500,3000.0,312
Gujarat,Surat,Surat,Groundnut pods (raw),Other,FAQ,2017-04-29 00:00:00,2250,3000,2625.0,312
Gujarat,Surat,Surat,Groundnut pods (raw),Other,FAQ,2017-05-03 00:00:00,2250,3000,2625.0,312
Gujarat,Surat,Surat,Groundnut pods (raw),Other,FAQ,2017-05-05 00:00:00,2000,3000,2500.0,312
Gujarat,Surat,Surat,Groundnut pods (raw),Other,FAQ,2017-05-09 00:00:00,1750,3000,2375.0,312
Gujarat,Surat,Surat,Groundnut pods (raw),Other,FAQ,2017-05-24 00:00:00,2000,3000,2500.0,312
Gujarat,Surat,Surat,Groundnut pods (raw),Other,FAQ,2017-05-27 00:00:00,2000,3000,2500.0,312
Gujarat,Surat,Surat,Groundnut pods (raw),Other,FAQ,2017-06-07 00:00:00,2500,3500,3000.0,312
Gujarat,Surat,Surat,Groundnut pods (raw),Other,FAQ,2017-06-12 00:00:00,2750,3250,3000.0,312
Gujarat,Surat,Surat,Groundnut pods (raw),Other,FAQ,2017-06-15 00:00:00,2500,3250,2875.0,312
Gujarat,Surat,Surat,Groundnut pods (raw),Other,FAQ,2017-06-23 00:00:00,2000,2750,2375.0,312
Gujarat,Surat,Surat,Groundnut pods (raw),Other,FAQ,2017-06-24 00:00:00,2250,2750,2500.0,312
Gujarat,Surat,Surat,Groundnut pods (raw),Other,FAQ,2017-06-29 00:00:00,2500,3000,2750.0,312
Gujarat,Surat,Surat,Groundnut pods (raw),Other,FAQ,2017-06-30 00:00:00,2500,3500,3000.0,312
Gujarat,Surat,Surat,Groundnut pods (raw),Other,FAQ,2017-07-02 00:00:00,2750,3500,3125.0,312
Gujarat,Surat,Surat,Groundnut pods (raw),Other,FAQ,2017-07-08 00:00:00,2500,4000,3250.0,312
Gujarat,Surat,Surat,Groundnut pods (raw),Other,FAQ,2017-07-13 00:00:00,3000,3750,3375.0,312
Gujarat,Surat,Surat,Groundnut pods (raw),Other,FAQ,2017-07-22 00:00:00,3500,4250,3875.0,312
Gujarat,Surat,Surat,Groundnut pods (raw),Other,FAQ,2017-07-29 00:00:00,3000,3500,3250.0,312
Gujarat,Surat,Surat,Groundnut pods (raw),Other,FAQ,2017-07-31 00:00:00,3000,3500,3250.0,312
Gujarat,Surat,Surat,Groundnut pods (raw),Other,FAQ,2017-08-04 00:00:00,2750,3250,3000.0,312
Gujarat,Surat,Surat,Groundnut pods (raw),Other,FAQ,2017-08-05 00:00:00,3000,4000,3500.0,312
Gujarat,Surat,Surat,Groundnut pods (raw),Other,FAQ,2017-08-11 00:00:00,4250,5000,4625.0,312
Gujarat,Surat,Surat,Groundnut pods (raw),Other,FAQ,2017-08-12 00:00:00,3500,6000,4750.0,312
Gujarat,Surat,Surat,Groundnut pods (raw),Other,FAQ,2017-08-13 00:00:00,3000,5000,4000.0,312
Gujarat,Surat,Surat,Groundnut pods (raw),Other,FAQ,2017-08-14 00:00:00,3000,5000,4000.0,312
Gujarat,Surat,Surat,Groundnut pods (raw),Other,FAQ,2017-09-10 00:00:00,2000,2500,2250.0,312
Gujarat,Surat,Surat,Groundnut pods (raw),Other,FAQ,2017-09-12 00:00:00,2000,2750,2375.0,312
Gujarat,Surat,Surat,Groundnut pods (raw),Other,FAQ,2017-10-01 00:00:00,2000,2500,2250.0,312
Gujarat,Surat,Surat,Groundnut pods (raw),Other,FAQ,2017-10-02 00:00:00,2000,2500,2250.0,312
Gujarat,Surat,Surat,Groundnut pods (raw),Other,FAQ,2017-10-04 00:00:00,2500,3000,2750.0,312
Gujarat,Surat,Surat,Groundnut pods (raw),Other,FAQ,2017-10-05 00:00:00,2500,2750,2625.0,312
Gujarat,Surat,Surat,Groundnut pods (raw),Other,FAQ,2017-10-06 00:00:00,2500,3000,2750.0,312
Gujarat,Surat,Surat,Groundnut pods (raw),Other,FAQ,2017-10-08 00:00:00,2500,3000,2750.0,312
Gujarat,Surat,Surat,Groundnut pods (raw),Other,FAQ,2017-10-09 00:00:00,2500,2750,2625.0,312
Gujarat,Surat,Surat,Groundnut pods (raw),Other,FAQ,2017-10-13 00:00:00,2000,3000,2500.0,312
Gujarat,Surat,Surat,Groundnut pods (raw),Other,FAQ,2017-10-15 00:00:00,2000,2750,2375.0,312
Gujarat,Surat,Surat,Groundnut pods (raw),Other,FAQ,2017-10-17 00:00:00,2500,3000,2750.0,312
Gujarat,Surat,Surat,Groundnut pods (raw),Other,FAQ,2017-10-25 00:00:00,2000,4000,3000.0,312
Gujarat,Surat,Surat,Groundnut pods (raw),Other,FAQ,2017-11-03 00:00:00,2000,3500,2750.0,312
Gujarat,Surat,Surat,Groundnut pods (raw),Other,FAQ,2017-11-04 00:00:00,2000,3500,2750.0,312
Gujarat,Surat,Surat,Groundnut pods (raw),Other,FAQ,2017-11-05 00:00:00,2500,3500,3000.0,312
Gujarat,Vadodara(Baroda),Vadodara(Sayajipura),Groundnut pods (raw),Other,FAQ,2017-03-06 00:00:00,4000,5000,4550.0,312
Gujarat,Vadodara(Baroda),Vadodara(Sayajipura),Groundnut pods (raw),Other,FAQ,2017-05-03 00:00:00,3000,3500,3300.0,312
Gujarat,Vadodara(Baroda),Vadodara(Sayajipura),Groundnut pods (raw),Other,FAQ,2017-05-18 00:00:00,2800,3000,2925.0,312
Gujarat,Vadodara(Baroda),Vadodara(Sayajipura),Groundnut pods (raw),Other,FAQ,2017-06-11 00:00:00,3000,3500,3300.0,312
Gujarat,Vadodara(Baroda),Vadodara(Sayajipura),Groundnut pods (raw),Other,FAQ,2017-06-22 00:00:00,2500,3000,2800.0,312
Gujarat,Ahmedabad,Ahmedabad,Groundnut pods (raw),Other,FAQ,2015-06-10 00:00:00,3000,3500,3300.0,312
Gujarat,Ahmedabad,Ahmedabad,Groundnut pods (raw),Other,FAQ,2015-06-15 00:00:00,3000,3200,3100.0,312
Gujarat,Ahmedabad,Ahmedabad,Groundnut pods (raw),Other,FAQ,2015-06-17 00:00:00,2500,3000,2800.0,312
Gujarat,Ahmedabad,Ahmedabad,Groundnut pods (raw),Other,FAQ,2015-06-23 00:00:00,2500,3300,3000.0,312
Gujarat,Ahmedabad,Ahmedabad,Groundnut pods (raw),Other,FAQ,2015-06-29 00:00:00,3000,3200,3100.0,312
Gujarat,Ahmedabad,Ahmedabad,Groundnut pods (raw),Other,FAQ,2015-07-08 00:00:00,2000,4000,3200.0,312
Gujarat,Ahmedabad,Ahmedabad,Groundnut pods (raw),Other,FAQ,2015-07-10 00:00:00,2000,4000,3200.0,312
Gujarat,Ahmedabad,Ahmedabad,Groundnut pods (raw),Other,FAQ,2015-07-13 00:00:00,2000,4000,3200.0,312
Gujarat,Ahmedabad,Ahmedabad,Groundnut pods (raw),Other,FAQ,2015-07-14 00:00:00,2500,4000,3500.0,312
Gujarat,Ahmedabad,Ahmedabad,Groundnut pods (raw),Other,FAQ,2015-07-17 00:00:00,3500,4000,3750.0,312
Gujarat,Ahmedabad,Ahmedabad,Groundnut pods (raw),Other,FAQ,2015-07-28 00:00:00,4000,4500,4300.0,312
Gujarat,Ahmedabad,Ahmedabad,Groundnut pods (raw),Other,FAQ,2015-08-04 00:00:00,4000,5000,4600.0,312
Gujarat,Ahmedabad,Ahmedabad,Groundnut pods (raw),Other,FAQ,2015-08-05 00:00:00,4000,5000,4600.0,312
Gujarat,Ahmedabad,Ahmedabad,Groundnut pods (raw),Other,FAQ,2015-08-10 00:00:00,5000,5200,5100.0,312
Gujarat,Ahmedabad,Ahmedabad,Groundnut pods (raw),Other,FAQ,2015-08-11 00:00:00,4500,5500,5200.0,312
Gujarat,Ahmedabad,Ahmedabad,Groundnut pods (raw),Other,FAQ,2015-08-13 00:00:00,4000,4500,4300.0,312
Gujarat,Ahmedabad,Ahmedabad,Groundnut pods (raw),Other,FAQ,2015-08-26 00:00:00,2000,4000,3500.0,312
Gujarat,Ahmedabad,Ahmedabad,Groundnut pods (raw),Other,FAQ,2015-09-02 00:00:00,2000,2500,2300.0,312
Gujarat,Ahmedabad,Ahmedabad,Groundnut pods (raw),Other,FAQ,2015-09-05 00:00:00,4000,4500,4300.0,312
Gujarat,Ahmedabad,Ahmedabad,Groundnut pods (raw),Other,FAQ,2015-09-11 00:00:00,2000,3000,2600.0,312
Gujarat,Ahmedabad,Ahmedabad,Groundnut pods (raw),Other,FAQ,2015-09-19 00:00:00,2000,3500,2800.0,312
Gujarat,Ahmedabad,Ahmedabad,Groundnut pods (raw),Other,FAQ,2015-10-07 00:00:00,3500,3800,3700.0,312
Gujarat,Ahmedabad,Ahmedabad,Groundnut pods (raw),Other,FAQ,2015-10-10 00:00:00,3000,3500,3300.0,312
Gujarat,Bharuch,Ankleshwar,Groundnut pods (raw),Other,FAQ,2015-05-27 00:00:00,1800,2500,2250.0,312
Gujarat,Bharuch,Ankleshwar,Groundnut pods (raw),Other,FAQ,2015-05-29 00:00:00,1800,2500,2200.0,312
Gujarat,Bharuch,Ankleshwar,Groundnut pods (raw),Other,FAQ,2015-06-13 00:00:00,1800,2500,2200.0,312
Gujarat,Bharuch,Ankleshwar,Groundnut pods (raw),Other,FAQ,2015-06-19 00:00:00,2300,3200,2800.0,312
Gujarat,Bharuch,Ankleshwar,Groundnut pods (raw),Other,FAQ,2015-06-21 00:00:00,2200,3100,2500.0,312
Gujarat,Bharuch,Ankleshwar,Groundnut pods (raw),Other,FAQ,2015-06-22 00:00:00,2500,3400,3100.0,312
Gujarat,Bharuch,Ankleshwar,Groundnut pods (raw),Other,FAQ,2015-07-07 00:00:00,2250,3150,2650.0,312
Gujarat,Bharuch,Ankleshwar,Groundnut pods (raw),Other,FAQ,2015-08-02 00:00:00,3100,4000,3400.0,312
Gujarat,Bharuch,Ankleshwar,Groundnut pods (raw),Other,FAQ,2015-09-16 00:00:00,3600,4500,4000.0,312
Gujarat,Bharuch,Ankleshwar,Groundnut pods (raw),Other,FAQ,2015-09-24 00:00:00,3400,3850,3600.0,312
Gujarat,Bharuch,Ankleshwar,Groundnut pods (raw),Other,FAQ,2015-10-07 00:00:00,3100,4000,3600.0,312
Gujarat,Surat,Surat,Groundnut pods (raw),Other,FAQ,2015-05-23 00:00:00,2000,2500,2250.0,312
Gujarat,Surat,Surat,Groundnut pods (raw),Other,FAQ,2015-05-26 00:00:00,2250,2750,2500.0,312
Gujarat,Surat,Surat,Groundnut pods (raw),Other,FAQ,2015-05-29 00:00:00,2500,3000,2750.0,312
Gujarat,Surat,Surat,Groundnut pods (raw),Other,FAQ,2015-06-01 00:00:00,2500,3000,2750.0,312
Gujarat,Surat,Surat,Groundnut pods (raw),Other,FAQ,2015-06-17 00:00:00,2500,2750,2625.0,312
Gujarat,Surat,Surat,Groundnut pods (raw),Other,FAQ,2015-07-11 00:00:00,3000,3500,3250.0,312
Gujarat,Surat,Surat,Groundnut pods (raw),Other,FAQ,2015-07-14 00:00:00,3000,3500,3250.0,312
Gujarat,Surat,Surat,Groundnut pods (raw),Other,FAQ,2015-07-17 00:00:00,3000,3500,3250.0,312
Gujarat,Surat,Surat,Groundnut pods (raw),Other,FAQ,2015-08-12 00:00:00,4000,4500,4250.0,312
Gujarat,Surat,Surat,Groundnut pods (raw),Other,FAQ,2015-09-01 00:00:00,2500,4500,3500.0,312
Gujarat,Vadodara(Baroda),Vadodara(Sayajipura),Groundnut pods (raw),Other,FAQ,2015-07-08 00:00:00,3000,3500,3300.0,312
Gujarat,Vadodara(Baroda),Vadodara(Sayajipura),Groundnut pods (raw),Other,FAQ,2015-07-09 00:00:00,3500,4000,3800.0,312
Gujarat,Vadodara(Baroda),Vadodara(Sayajipura),Groundnut pods (raw),Other,FAQ,2015-07-18 00:00:00,3000,3500,3300.0,312
Gujarat,Vadodara(Baroda),Vadodara(Sayajipura),Groundnut pods (raw),Other,FAQ,2015-07-29 00:00:00,2750,3250,3050.0,312
Gujarat,Vadodara(Baroda),Vadodara(Sayajipura),Groundnut pods (raw),Other,FAQ,2015-08-05 00:00:00,2000,3000,2550.0,312
Gujarat,Vadodara(Baroda),Vadodara(Sayajipura),Groundnut pods (raw),Other,FAQ,2015-08-07 00:00:00,2000,3000,2550.0,312
Gujarat,Vadodara(Baroda),Vadodara(Sayajipura),Groundnut pods (raw),Other,FAQ,2015-08-09 00:00:00,2000,3000,2550.0,312
Gujarat,Vadodara(Baroda),Vadodara(Sayajipura),Groundnut pods (raw),Other,FAQ,2015-08-20 00:00:00,3000,3500,3300.0,312
Gujarat,Vadodara(Baroda),Vadodara(Sayajipura),Groundnut pods (raw),Other,FAQ,2015-08-23 00:00:00,3500,4000,3800.0,312
Gujarat,Vadodara(Baroda),Vadodara(Sayajipura),Groundnut pods (raw),Other,FAQ,2015-09-18 00:00:00,4000,4500,4300.0,312
Gujarat,Vadodara(Baroda),Vadodara(Sayajipura),Groundnut pods (raw),Other,FAQ,2015-09-23 00:00:00,3000,3500,3300.0,312
Gujarat,Vadodara(Baroda),Vadodara(Sayajipura),Groundnut pods (raw),Other,FAQ,2015-09-25 00:00:00,2000,3000,2550.0,312
Gujarat,Vadodara(Baroda),Vadodara(Sayajipura),Groundnut pods (raw),Other,FAQ,2015-09-29 00:00:00,2500,3000,2800.0,312
Gujarat,Vadodara(Baroda),Vadodara(Sayajipura),Groundnut pods (raw),Other,FAQ,2015-09-30 00:00:00,2500,3000,2800.0,312
Gujarat,Vadodara(Baroda),Vadodara(Sayajipura),Groundnut pods (raw),Other,FAQ,2015-10-02 00:00:00,2000,3000,2550.0,312
Gujarat,Vadodara(Baroda),Vadodara(Sayajipura),Groundnut pods (raw),Other,FAQ,2015-10-06 00:00:00,2000,3000,2550.0,312
Gujarat,Vadodara(Baroda),Vadodara(Sayajipura),Groundnut pods (raw),Other,FAQ,2015-10-14 00:00:00,3500,4000,3800.0,312
Gujarat,Vadodara(Baroda),Vadodara(Sayajipura),Groundnut pods (raw),Other,FAQ,2015-10-29 00:00:00,2500,3000,2800.0,312
Gujarat,Ahmedabad,Ahmedabad,Groundnut pods (raw),Other,FAQ,2015-06-20 00:00:00,2500,3000,2800.0,312
Gujarat,Ahmedabad,Ahmedabad,Groundnut pods (raw),Other,FAQ,2015-06-26 00:00:00,3000,3500,3300.0,312
Gujarat,Ahmedabad,Ahmedabad,Groundnut pods (raw),Other,FAQ,2015-07-01 00:00:00,2500,3500,3200.0,312
Gujarat,Ahmedabad,Ahmedabad,Groundnut pods (raw),Other,FAQ,2015-07-06 00:00:00,1500,3500,2500.0,312
Gujarat,Ahmedabad,Ahmedabad,Groundnut pods (raw),Other,FAQ,2015-07-07 00:00:00,2000,4000,3200.0,312
Gujarat,Ahmedabad,Ahmedabad,Groundnut pods (raw),Other,FAQ,2015-07-15 00:00:00,3000,3800,3500.0,312
Gujarat,Ahmedabad,Ahmedabad,Groundnut pods (raw),Other,FAQ,2015-07-20 00:00:00,3000,4000,3600.0,312
Gujarat,Ahmedabad,Ahmedabad,Groundnut pods (raw),Other,FAQ,2015-08-01 00:00:00,3000,4500,3800.0,312
Gujarat,Ahmedabad,Ahmedabad,Groundnut pods (raw),Other,FAQ,2015-08-12 00:00:00,4000,5500,5000.0,312
Gujarat,Ahmedabad,Ahmedabad,Groundnut pods (raw),Other,FAQ,2015-08-15 00:00:00,4000,6000,5500.0,312
Gujarat,Ahmedabad,Ahmedabad,Groundnut pods (raw),Other,FAQ,2015-08-17 00:00:00,4500,5500,5200.0,312
Gujarat,Ahmedabad,Ahmedabad,Groundnut pods (raw),Other,FAQ,2015-08-18 00:00:00,3800,4500,4200.0,312
Gujarat,Ahmedabad,Ahmedabad,Groundnut pods (raw),Other,FAQ,2015-08-21 00:00:00,3000,5000,4500.0,312
Gujarat,Ahmedabad,Ahmedabad,Groundnut pods (raw),Other,FAQ,2015-08-27 00:00:00,2000,3000,2800.0,312
Gujarat,Ahmedabad,Ahmedabad,Groundnut pods (raw),Other,FAQ,2015-08-28 00:00:00,2000,4500,3500.0,312
Gujarat,Ahmedabad,Ahmedabad,Groundnut pods (raw),Other,FAQ,2015-09-03 00:00:00,2000,3000,2600.0,312
Gujarat,Ahmedabad,Ahmedabad,Groundnut pods (raw),Other,FAQ,2015-09-07 00:00:00,1500,3500,3000.0,312
Gujarat,Ahmedabad,Ahmedabad,Groundnut pods (raw),Other,FAQ,2015-09-25 00:00:00,3000,3500,3300.0,312
Gujarat,Ahmedabad,Ahmedabad,Groundnut pods (raw),Other,FAQ,2015-09-26 00:00:00,2500,3500,3200.0,312
Gujarat,Ahmedabad,Ahmedabad,Groundnut pods (raw),Other,FAQ,2015-09-29 00:00:00,2500,3500,3200.0,312
Gujarat,Ahmedabad,Ahmedabad,Groundnut pods (raw),Other,FAQ,2015-10-05 00:00:00,2500,3000,2800.0,312
Gujarat,Ahmedabad,Ahmedabad,Groundnut pods (raw),Other,FAQ,2015-10-08 00:00:00,3600,3800,3700.0,312
Gujarat,Bharuch,Ankleshwar,Groundnut pods (raw),Other,FAQ,2015-06-05 00:00:00,1800,2500,2200.0,312
Gujarat,Bharuch,Ankleshwar,Groundnut pods (raw),Other,FAQ,2015-06-11 00:00:00,1800,2500,2200.0,312
Gujarat,Bharuch,Ankleshwar,Groundnut pods (raw),Other,FAQ,2015-06-17 00:00:00,1800,2500,2200.0,312
Gujarat,Bharuch,Ankleshwar,Groundnut pods (raw),Other,FAQ,2015-06-20 00:00:00,2500,3400,3100.0,312
Gujarat,Bharuch,Ankleshwar,Groundnut pods (raw),Other,FAQ,2015-06-23 00:00:00,2500,3400,2700.0,312
Gujarat,Bharuch,Ankleshwar,Groundnut pods (raw),Other,FAQ,2015-06-28 00:00:00,2500,3400,2700.0,312
Gujarat,Bharuch,Ankleshwar,Groundnut pods (raw),Other,FAQ,2015-07-01 00:00:00,2500,3850,3400.0,312
Gujarat,Bharuch,Ankleshwar,Groundnut pods (raw),Other,FAQ,2015-07-10 00:00:00,2200,3100,2700.0,312
Gujarat,Bharuch,Ankleshwar,Groundnut pods (raw),Other,FAQ,2015-07-19 00:00:00,2500,3400,2700.0,312
Gujarat,Bharuch,Ankleshwar,Groundnut pods (raw),Other,FAQ,2015-07-20 00:00:00,2250,2950,2650.0,312
Gujarat,Bharuch,Ankleshwar,Groundnut pods (raw),Other,FAQ,2015-07-23 00:00:00,2500,3400,3100.0,312
Gujarat,Bharuch,Ankleshwar,Groundnut pods (raw),Other,FAQ,2015-07-25 00:00:00,2700,3600,3100.0,312
Gujarat,Bharuch,Ankleshwar,Groundnut pods (raw),Other,FAQ,2015-07-27 00:00:00,2500,3400,2700.0,312
Gujarat,Bharuch,Ankleshwar,Groundnut pods (raw),Other,FAQ,2015-07-30 00:00:00,2700,3600,3100.0,312
Gujarat,Bharuch,Ankleshwar,Groundnut pods (raw),Other,FAQ,2015-07-31 00:00:00,2700,4000,3400.0,312
Gujarat,Bharuch,Ankleshwar,Groundnut pods (raw),Other,FAQ,2015-08-07 00:00:00,2900,3600,3400.0,312
Gujarat,Bharuch,Ankleshwar,Groundnut pods (raw),Other,FAQ,2015-09-08 00:00:00,3400,4300,4000.0,312
Gujarat,Bharuch,Ankleshwar,Groundnut pods (raw),Other,FAQ,2015-09-26 00:00:00,3400,3850,3600.0,312
Gujarat,Bharuch,Ankleshwar,Groundnut pods (raw),Other,FAQ,2015-10-02 00:00:00,3100,4450,3600.0,312
Gujarat,Bharuch,Ankleshwar,Groundnut pods (raw),Other,FAQ,2015-10-09 00:00:00,3600,4000,3850.0,312
Gujarat,Bharuch,Ankleshwar,Groundnut pods (raw),Other,FAQ,2015-10-17 00:00:00,3100,4000,3500.0,312
Gujarat,Surat,Surat,Groundnut pods (raw),Other,FAQ,2015-05-19 00:00:00,2250,2500,2375.0,312
Gujarat,Surat,Surat,Groundnut pods (raw),Other,FAQ,2015-05-21 00:00:00,2000,2500,2250.0,312
Gujarat,Surat,Surat,Groundnut pods (raw),Other,FAQ,2015-06-03 00:00:00,2500,2750,2625.0,312
Gujarat,Surat,Surat,Groundnut pods (raw),Other,FAQ,2015-06-04 00:00:00,2500,2750,2625.0,312
Gujarat,Surat,Surat,Groundnut pods (raw),Other,FAQ,2015-06-10 00:00:00,2750,3250,3000.0,312
Gujarat,Surat,Surat,Groundnut pods (raw),Other,FAQ,2015-06-16 00:00:00,2750,3000,2875.0,312
Gujarat,Surat,Surat,Groundnut pods (raw),Other,FAQ,2015-07-13 00:00:00,3000,3500,3250.0,312
Gujarat,Surat,Surat,Groundnut pods (raw),Other,FAQ,2015-07-18 00:00:00,3000,3500,3250.0,312
Gujarat,Surat,Surat,Groundnut pods (raw),Other,FAQ,2015-09-10 00:00:00,2500,3500,3000.0,312
Gujarat,Surat,Surat,Groundnut pods (raw),Other,FAQ,2015-10-12 00:00:00,4000,5000,4500.0,312
Gujarat,Surat,Surat,Groundnut pods (raw),Other,FAQ,2015-10-21 00:00:00,3000,3250,3125.0,312
Gujarat,Vadodara(Baroda),Vadodara(Sayajipura),Groundnut pods (raw),Other,FAQ,2015-07-11 00:00:00,3500,4000,3800.0,312
Gujarat,Vadodara(Baroda),Vadodara(Sayajipura),Groundnut pods (raw),Other,FAQ,2015-07-13 00:00:00,3500,4000,3800.0,312
Gujarat,Vadodara(Baroda),Vadodara(Sayajipura),Groundnut pods (raw),Other,FAQ,2015-07-25 00:00:00,3000,3500,3300.0,312
Gujarat,Vadodara(Baroda),Vadodara(Sayajipura),Groundnut pods (raw),Other,FAQ,2015-07-30 00:00:00,2500,3000,2825.0,312
Gujarat,Vadodara(Baroda),Vadodara(Sayajipura),Groundnut pods (raw),Other,FAQ,2015-08-03 00:00:00,2000,3000,2550.0,312
Gujarat,Vadodara(Baroda),Vadodara(Sayajipura),Groundnut pods (raw),Other,FAQ,2015-08-06 00:00:00,2000,3000,2550.0,312
Gujarat,Vadodara(Baroda),Vadodara(Sayajipura),Groundnut pods (raw),Other,FAQ,2015-08-13 00:00:00,3000,3500,3300.0,312
Gujarat,Vadodara(Baroda),Vadodara(Sayajipura),Groundnut pods (raw),Other,FAQ,2015-08-19 00:00:00,3000,3500,3300.0,312
Gujarat,Vadodara(Baroda),Vadodara(Sayajipura),Groundnut pods (raw),Other,FAQ,2015-09-02 00:00:00,2000,3600,2850.0,312
Gujarat,Vadodara(Baroda),Vadodara(Sayajipura),Groundnut pods (raw),Other,FAQ,2015-09-07 00:00:00,4500,6000,5300.0,312
Gujarat,Vadodara(Baroda),Vadodara(Sayajipura),Groundnut pods (raw),Other,FAQ,2015-09-24 00:00:00,3500,4000,3800.0,312
Gujarat,Vadodara(Baroda),Vadodara(Sayajipura),Groundnut pods (raw),Other,FAQ,2015-10-13 00:00:00,3500,4000,3800.0,312
Gujarat,Vadodara(Baroda),Vadodara(Sayajipura),Groundnut pods (raw),Other,FAQ,2015-10-17 00:00:00,2000,2500,2300.0,312
Gujarat,Vadodara(Baroda),Vadodara(Sayajipura),Groundnut pods (raw),Other,FAQ,2015-10-18 00:00:00,2000,2500,2300.0,312
Gujarat,Vadodara(Baroda),Vadodara(Sayajipura),Groundnut pods (raw),Other,FAQ,2015-10-19 00:00:00,2500,3000,2800.0,312
Gujarat,Vadodara(Baroda),Vadodara(Sayajipura),Groundnut pods (raw),Other,FAQ,2015-10-25 00:00:00,2000,2500,2300.0,312
Gujarat,Vadodara(Baroda),Vadodara(Sayajipura),Groundnut pods (raw),Other,FAQ,2015-10-31 00:00:00,2500,3000,2800.0,312
Gujarat,Vadodara(Baroda),Vadodara(Sayajipura),Groundnut pods (raw),Other,FAQ,2015-11-03 00:00:00,2500,3000,2800.0,312
Gujarat,Vadodara(Baroda),Vadodara,Groundnut pods (raw),Other,FAQ,2006-07-02 00:00:00,750,1200,900.0,312
Gujarat,Vadodara(Baroda),Vadodara,Groundnut pods (raw),Other,FAQ,2006-07-08 00:00:00,700,1300,1000.0,312
Gujarat,Vadodara(Baroda),Vadodara,Groundnut pods (raw),Other,FAQ,2006-07-10 00:00:00,700,1250,900.0,312
Gujarat,Vadodara(Baroda),Vadodara,Groundnut pods (raw),Other,FAQ,2006-07-14 00:00:00,750,1400,1000.0,312
Gujarat,Vadodara(Baroda),Vadodara,Groundnut pods (raw),Other,FAQ,2006-07-16 00:00:00,700,1300,925.0,312
Gujarat,Vadodara(Baroda),Vadodara,Groundnut pods (raw),Other,FAQ,2006-07-19 00:00:00,800,1500,1100.0,312
Gujarat,Vadodara(Baroda),Vadodara,Groundnut pods (raw),Other,FAQ,2006-07-23 00:00:00,750,1250,900.0,312
Gujarat,Vadodara(Baroda),Vadodara,Groundnut pods (raw),Other,FAQ,2006-07-27 00:00:00,750,1300,1150.0,312
Gujarat,Vadodara(Baroda),Vadodara,Groundnut pods (raw),Other,FAQ,2006-07-30 00:00:00,1000,1500,1350.0,312
Gujarat,Vadodara(Baroda),Vadodara,Groundnut pods (raw),Other,FAQ,2006-08-04 00:00:00,750,1600,1125.0,312
Gujarat,Vadodara(Baroda),Vadodara,Groundnut pods (raw),Other,FAQ,2006-08-07 00:00:00,750,1600,1125.0,312
Gujarat,Vadodara(Baroda),Vadodara,Groundnut pods (raw),Other,FAQ,2006-08-24 00:00:00,1250,1600,1400.0,312
Gujarat,Vadodara(Baroda),Vadodara,Groundnut pods (raw),Other,FAQ,2006-09-07 00:00:00,750,1200,800.0,312
Gujarat,Vadodara(Baroda),Vadodara,Groundnut pods (raw),Other,FAQ,2006-09-11 00:00:00,500,1000,600.0,312
Gujarat,Vadodara(Baroda),Vadodara,Groundnut pods (raw),Other,FAQ,2006-09-15 00:00:00,500,800,625.0,312
Gujarat,Vadodara(Baroda),Vadodara,Groundnut pods (raw),Other,FAQ,2006-09-23 00:00:00,500,800,630.0,312
Gujarat,Vadodara(Baroda),Vadodara,Groundnut pods (raw),Other,FAQ,2006-10-02 00:00:00,500,1000,700.0,312
Gujarat,Vadodara(Baroda),Vadodara,Groundnut pods (raw),Other,FAQ,2006-10-19 00:00:00,500,1000,675.0,312
Gujarat,Vadodara(Baroda),Vadodara,Groundnut pods (raw),Other,FAQ,2006-12-25 00:00:00,600,1250,1000.0,312
Gujarat,Surendranagar,Vadhvan,Groundnut pods (raw),Other,FAQ,2003-08-07 00:00:00,1250,1500,1375.0,312
Gujarat,Surendranagar,Vadhvan,Groundnut pods (raw),Other,FAQ,2003-08-13 00:00:00,15000,16500,15750.0,312
Gujarat,Surendranagar,Vadhvan,Groundnut pods (raw),Other,FAQ,2003-09-25 00:00:00,10000,11000,10500.0,312
Gujarat,Surendranagar,Vadhvan,Groundnut pods (raw),Other,FAQ,2003-09-27 00:00:00,9000,10000,9500.0,312
Gujarat,Surendranagar,Vadhvan,Groundnut pods (raw),Other,FAQ,2003-10-10 00:00:00,11000,12000,11500.0,312
Gujarat,Surendranagar,Vadhvan,Groundnut pods (raw),Other,FAQ,2003-10-11 00:00:00,10000,12500,11250.0,312
Gujarat,Vadodara(Baroda),Vadodara(Sayajipura),Groundnut pods (raw),Other,FAQ,2011-05-24 00:00:00,2000,3250,2650.0,312
Gujarat,Vadodara(Baroda),Vadodara(Sayajipura),Groundnut pods (raw),Other,FAQ,2011-05-26 00:00:00,2250,3500,2875.0,312
Gujarat,Vadodara(Baroda),Vadodara(Sayajipura),Groundnut pods (raw),Other,FAQ,2011-06-16 00:00:00,2000,2500,2250.0,312
Gujarat,Vadodara(Baroda),Vadodara(Sayajipura),Groundnut pods (raw),Other,FAQ,2011-06-18 00:00:00,1750,2000,1875.0,312
Gujarat,Vadodara(Baroda),Vadodara(Sayajipura),Groundnut pods (raw),Other,FAQ,2011-06-30 00:00:00,1700,2000,1850.0,312
Gujarat,Vadodara(Baroda),Vadodara(Sayajipura),Groundnut pods (raw),Other,FAQ,2011-07-07 00:00:00,2000,2500,2250.0,312
Gujarat,Vadodara(Baroda),Vadodara(Sayajipura),Groundnut pods (raw),Other,FAQ,2011-07-08 00:00:00,1700,2400,2050.0,312
Gujarat,Vadodara(Baroda),Vadodara(Sayajipura),Groundnut pods (raw),Other,FAQ,2011-07-19 00:00:00,1700,2900,2300.0,312
Gujarat,Vadodara(Baroda),Vadodara(Sayajipura),Groundnut pods (raw),Other,FAQ,2011-07-22 00:00:00,2000,2500,2250.0,312
Gujarat,Vadodara(Baroda),Vadodara(Sayajipura),Groundnut pods (raw),Other,FAQ,2011-07-24 00:00:00,2000,2500,2250.0,312
Gujarat,Vadodara(Baroda),Vadodara(Sayajipura),Groundnut pods (raw),Other,FAQ,2011-08-02 00:00:00,2250,3250,2750.0,312
Gujarat,Vadodara(Baroda),Vadodara(Sayajipura),Groundnut pods (raw),Other,FAQ,2011-08-08 00:00:00,2000,2500,2250.0,312
Gujarat,Vadodara(Baroda),Vadodara(Sayajipura),Groundnut pods (raw),Other,FAQ,2011-08-20 00:00:00,2000,3000,2750.0,312
Gujarat,Vadodara(Baroda),Vadodara(Sayajipura),Groundnut pods (raw),Other,FAQ,2011-08-22 00:00:00,2000,3000,2750.0,312
Gujarat,Vadodara(Baroda),Vadodara(Sayajipura),Groundnut pods (raw),Other,FAQ,2011-08-28 00:00:00,2500,4000,3250.0,312
Gujarat,Vadodara(Baroda),Vadodara(Sayajipura),Groundnut pods (raw),Other,FAQ,2011-09-08 00:00:00,2000,3000,2750.0,312
Gujarat,Vadodara(Baroda),Vadodara(Sayajipura),Groundnut pods (raw),Other,FAQ,2011-09-15 00:00:00,1500,2000,1750.0,312
Gujarat,Vadodara(Baroda),Vadodara(Sayajipura),Groundnut pods (raw),Other,FAQ,2011-09-18 00:00:00,1500,2500,2000.0,312
Gujarat,Vadodara(Baroda),Vadodara(Sayajipura),Groundnut pods (raw),Other,FAQ,2011-10-07 00:00:00,2000,2500,2350.0,312
Gujarat,Vadodara(Baroda),Vadodara(Sayajipura),Groundnut pods (raw),Other,FAQ,2012-06-01 00:00:00,3000,3500,3300.0,312
Gujarat,Vadodara(Baroda),Vadodara(Sayajipura),Groundnut pods (raw),Other,FAQ,2012-06-05 00:00:00,2500,3000,2800.0,312
Gujarat,Vadodara(Baroda),Vadodara(Sayajipura),Groundnut pods (raw),Other,FAQ,2012-06-13 00:00:00,2000,3000,2550.0,312
Gujarat,Vadodara(Baroda),Vadodara(Sayajipura),Groundnut pods (raw),Other,FAQ,2012-06-14 00:00:00,2000,3000,2550.0,312
Gujarat,Vadodara(Baroda),Vadodara(Sayajipura),Groundnut pods (raw),Other,FAQ,2012-06-21 00:00:00,2000,3000,2550.0,312
Gujarat,Vadodara(Baroda),Vadodara(Sayajipura),Groundnut pods (raw),Other,FAQ,2012-06-25 00:00:00,2000,3000,2600.0,312
Gujarat,Vadodara(Baroda),Vadodara(Sayajipura),Groundnut pods (raw),Other,FAQ,2012-06-27 00:00:00,2000,3000,2600.0,312
Gujarat,Vadodara(Baroda),Vadodara(Sayajipura),Groundnut pods (raw),Other,FAQ,2012-06-28 00:00:00,2000,3000,2600.0,312
Gujarat,Vadodara(Baroda),Vadodara(Sayajipura),Groundnut pods (raw),Other,FAQ,2012-06-29 00:00:00,2000,3000,2600.0,312
Gujarat,Vadodara(Baroda),Vadodara(Sayajipura),Groundnut pods (raw),Other,FAQ,2012-07-06 00:00:00,2000,2500,2300.0,312
Gujarat,Vadodara(Baroda),Vadodara(Sayajipura),Groundnut pods (raw),Other,FAQ,2012-07-08 00:00:00,2000,2500,2250.0,312
Gujarat,Vadodara(Baroda),Vadodara(Sayajipura),Groundnut pods (raw),Other,FAQ,2012-07-09 00:00:00,2000,2500,2250.0,312
Gujarat,Vadodara(Baroda),Vadodara(Sayajipura),Groundnut pods (raw),Other,FAQ,2012-07-12 00:00:00,2250,2750,2500.0,312
Gujarat,Vadodara(Baroda),Vadodara(Sayajipura),Groundnut pods (raw),Other,FAQ,2012-07-14 00:00:00,2000,2500,2300.0,312
Gujarat,Vadodara(Baroda),Vadodara(Sayajipura),Groundnut pods (raw),Other,FAQ,2012-07-21 00:00:00,2000,2750,2400.0,312
Gujarat,Vadodara(Baroda),Vadodara(Sayajipura),Groundnut pods (raw),Other,FAQ,2012-07-25 00:00:00,2000,2500,2250.0,312
Gujarat,Vadodara(Baroda),Vadodara(Sayajipura),Groundnut pods (raw),Other,FAQ,2012-07-27 00:00:00,2000,2500,2300.0,312
Gujarat,Vadodara(Baroda),Vadodara(Sayajipura),Groundnut pods (raw),Other,FAQ,2012-08-23 00:00:00,2000,2500,2250.0,312
Gujarat,Vadodara(Baroda),Vadodara(Sayajipura),Groundnut pods (raw),Other,FAQ,2012-08-24 00:00:00,2000,2500,2250.0,312
Gujarat,Vadodara(Baroda),Vadodara(Sayajipura),Groundnut pods (raw),Other,FAQ,2012-08-26 00:00:00,1900,2900,2450.0,312
Gujarat,Vadodara(Baroda),Vadodara(Sayajipura),Groundnut pods (raw),Other,FAQ,2012-09-11 00:00:00,2000,2750,2400.0,312
Gujarat,Vadodara(Baroda),Vadodara(Sayajipura),Groundnut pods (raw),Other,FAQ,2012-09-18 00:00:00,2000,3000,2500.0,312
Gujarat,Vadodara(Baroda),Vadodara(Sayajipura),Groundnut pods (raw),Other,FAQ,2012-09-25 00:00:00,2000,4000,3000.0,312
Gujarat,Vadodara(Baroda),Vadodara(Sayajipura),Groundnut pods (raw),Other,FAQ,2012-09-27 00:00:00,2000,4000,3000.0,312
Gujarat,Vadodara(Baroda),Vadodara(Sayajipura),Groundnut pods (raw),Other,FAQ,2012-09-28 00:00:00,2000,3000,2625.0,312
Gujarat,Vadodara(Baroda),Vadodara(Sayajipura),Groundnut pods (raw),Other,FAQ,2012-10-04 00:00:00,2000,2500,2250.0,312
Gujarat,Vadodara(Baroda),Vadodara(Sayajipura),Groundnut pods (raw),Other,FAQ,2012-10-06 00:00:00,1500,2000,1800.0,312
Gujarat,Vadodara(Baroda),Vadodara(Sayajipura),Groundnut pods (raw),Other,FAQ,2012-10-17 00:00:00,2250,3250,2750.0,312
Gujarat,Vadodara(Baroda),Vadodara(Sayajipura),Groundnut pods (raw),Other,FAQ,2012-10-24 00:00:00,3000,4000,3550.0,312
Gujarat,Vadodara(Baroda),Vadodara(Sayajipura),Groundnut pods (raw),Other,FAQ,2012-10-31 00:00:00,3000,4000,3625.0,312
Gujarat,Vadodara(Baroda),Vadodara(Sayajipura),Groundnut pods (raw),Other,FAQ,2012-11-25 00:00:00,3000,4000,3625.0,312
