State,District,Market,Commodity,Variety,Grade,Arrival_Date,Min_Price,Max_Price,Modal_Price,Commodity_Code
Gujarat,Vadodara(Baroda),Padra,Mint(Pudina),Mint(Pudina),FAQ,2006-03-23,1000.0,1250.0,1100.0,360
Gujarat,Vadodara(Baroda),Padra,Mint(Pudina),Other,FAQ,2006-09-18,1500.0,1750.0,1600.0,360
Gujarat,Vadodara(Baroda),Padra,Mint(Pudina),Other,FAQ,2006-09-29,1500.0,2000.0,1750.0,360
Gujarat,Vadodara(Baroda),Padra,Mint(Pudina),Other,FAQ,2006-10-03,1500.0,2000.0,1750.0,360
Gujarat,Vadodara(Baroda),Padra,Mint(Pudina),Other,FAQ,2006-10-05,1500.0,1750.0,1600.0,360
Gujarat,Vadodara(Baroda),Padra,Mint(Pudina),Other,FAQ,2006-10-28,1000.0,1500.0,1250.0,360
Gujarat,Vadodara(Baroda),Padra,Mint(Pudina),Other,FAQ,2006-11-14,1250.0,1500.0,1350.0,360
Gujarat,Vadodara(Baroda),Padra,Mint(Pudina),Other,FAQ,2006-11-15,1500.0,1750.0,1600.0,360
Gujarat,Vadodara(Baroda),Padra,Mint(Pudina),Other,FAQ,2006-11-20,1000.0,1500.0,1250.0,360
Gujarat,Vadodara(Baroda),Padra,Mint(Pudina),Other,FAQ,2006-11-23,1250.0,1500.0,1400.0,360
Gujarat,Vadodara(Baroda),Padra,Mint(Pudina),Other,FAQ,2006-11-24,1000.0,1500.0,1300.0,360
Gujarat,Vadodara(Baroda),Padra,Mint(Pudina),Other,FAQ,2006-11-27,1250.0,1500.0,1350.0,360
Gujarat,Vadodara(Baroda),Padra,Mint(Pudina),Other,FAQ,2006-12-14,1000.0,1500.0,1300.0,360
Gujarat,Vadodara(Baroda),Padra,Mint(Pudina),Other,FAQ,2006-12-22,1000.0,1500.0,1300.0,360
Gujarat,Vadodara(Baroda),Vadodara,Mint(Pudina),Other,FAQ,2006-01-03,700.0,900.0,800.0,360
Gujarat,Vadodara(Baroda),Vadodara,Mint(Pudina),Other,FAQ,2006-01-04,700.0,800.0,750.0,360
Gujarat,Vadodara(Baroda),Vadodara,Mint(Pudina),Other,FAQ,2006-01-06,500.0,750.0,650.0,360
Gujarat,Vadodara(Baroda),Vadodara,Mint(Pudina),Other,FAQ,2006-01-07,500.0,700.0,600.0,360
Gujarat,Vadodara(Baroda),Vadodara,Mint(Pudina),Other,FAQ,2006-01-16,500.0,700.0,600.0,360
Gujarat,Vadodara(Baroda),Vadodara,Mint(Pudina),Other,FAQ,2006-01-24,500.0,600.0,550.0,360
Gujarat,Vadodara(Baroda),Vadodara,Mint(Pudina),Other,FAQ,2006-01-27,500.0,750.0,650.0,360
Gujarat,Vadodara(Baroda),Vadodara,Mint(Pudina),Other,FAQ,2006-02-04,500.0,600.0,600.0,360
Gujarat,Vadodara(Baroda),Vadodara,Mint(Pudina),Other,FAQ,2006-02-12,500.0,700.0,600.0,360
Gujarat,Vadodara(Baroda),Vadodara,Mint(Pudina),Other,FAQ,2006-02-17,500.0,750.0,600.0,360
Gujarat,Vadodara(Baroda),Vadodara,Mint(Pudina),Other,FAQ,2006-02-19,500.0,650.0,600.0,360
Gujarat,Vadodara(Baroda),Vadodara,Mint(Pudina),Other,FAQ,2006-02-28,500.0,600.0,500.0,360
Gujarat,Vadodara(Baroda),Vadodara,Mint(Pudina),Other,FAQ,2006-03-08,500.0,600.0,550.0,360
Gujarat,Vadodara(Baroda),Vadodara,Mint(Pudina),Other,FAQ,2006-03-12,500.0,700.0,550.0,360
Gujarat,Vadodara(Baroda),Vadodara,Mint(Pudina),Other,FAQ,2006-08-01,500.0,800.0,625.0,360
Gujarat,Vadodara(Baroda),Vadodara,Mint(Pudina),Other,FAQ,2006-08-28,500.0,900.0,640.0,360
Gujarat,Vadodara(Baroda),Vadodara,Mint(Pudina),Other,FAQ,2006-09-02,500.0,900.0,700.0,360
Gujarat,Vadodara(Baroda),Vadodara,Mint(Pudina),Other,FAQ,2006-09-08,500.0,1000.0,700.0,360
Gujarat,Vadodara(Baroda),Vadodara,Mint(Pudina),Other,FAQ,2006-09-25,500.0,1000.0,750.0,360
Gujarat,Vadodara(Baroda),Vadodara,Mint(Pudina),Other,FAQ,2006-09-27,500.0,900.0,700.0,360
Gujarat,Vadodara(Baroda),Vadodara,Mint(Pudina),Other,FAQ,2006-09-28,500.0,900.0,850.0,360
Gujarat,Vadodara(Baroda),Vadodara,Mint(Pudina),Other,FAQ,2006-10-01,500.0,1000.0,650.0,360
Gujarat,Vadodara(Baroda),Vadodara,Mint(Pudina),Other,FAQ,2006-10-09,500.0,1000.0,700.0,360
Gujarat,Vadodara(Baroda),Vadodara,Mint(Pudina),Other,FAQ,2006-10-12,500.0,1050.0,750.0,360
Gujarat,Vadodara(Baroda),Vadodara,Mint(Pudina),Other,FAQ,2006-10-14,500.0,1000.0,750.0,360
Gujarat,Vadodara(Baroda),Vadodara,Mint(Pudina),Other,FAQ,2006-10-15,500.0,1000.0,700.0,360
Gujarat,Vadodara(Baroda),Vadodara,Mint(Pudina),Other,FAQ,2006-11-12,500.0,1000.0,700.0,360
Gujarat,Vadodara(Baroda),Vadodara,Mint(Pudina),Other,FAQ,2006-11-18,500.0,1000.0,800.0,360
Gujarat,Vadodara(Baroda),Vadodara,Mint(Pudina),Other,FAQ,2006-12-04,500.0,1100.0,750.0,360
Gujarat,Vadodara(Baroda),Vadodara,Mint(Pudina),Other,FAQ,2006-12-06,500.0,1000.0,700.0,360
Gujarat,Vadodara(Baroda),Vadodara,Mint(Pudina),Other,FAQ,2006-12-07,500.0,900.0,650.0,360
Gujarat,Vadodara(Baroda),Vadodara,Mint(Pudina),Other,FAQ,2006-12-08,500.0,900.0,700.0,360
Gujarat,Vadodara(Baroda),Vadodara,Mint(Pudina),Other,FAQ,2006-12-10,500.0,1000.0,800.0,360
Gujarat,Vadodara(Baroda),Vadodara,Mint(Pudina),Other,FAQ,2006-12-22,500.0,900.0,700.0,360
Gujarat,Vadodara(Baroda),Vadodara,Mint(Pudina),Other,FAQ,2006-12-24,500.0,800.0,600.0,360
Gujarat,Vadodara(Baroda),Vadodara,Mint(Pudina),Other,FAQ,2006-12-29,500.0,750.0,550.0,360
Gujarat,Ahmedabad,Ahmedabad(Rajnagar sub yard),Mint(Pudina),Other,FAQ,2021-01-06 00:00:00,1000.0,2000.0,1600.0,360
Gujarat,Ahmedabad,Ahmedabad(Rajnagar sub yard),Mint(Pudina),Other,FAQ,2021-01-15 00:00:00,1500.0,1800.0,1700.0,360
Gujarat,Ahmedabad,Ahmedabad(Rajnagar sub yard),Mint(Pudina),Other,FAQ,2021-01-16 00:00:00,1500.0,2250.0,1850.0,360
Gujarat,Ahmedabad,Ahmedabad(Rajnagar sub yard),Mint(Pudina),Other,FAQ,2021-01-19 00:00:00,1200.0,1800.0,1650.0,360
Gujarat,Ahmedabad,Ahmedabad(Rajnagar sub yard),Mint(Pudina),Other,FAQ,2021-01-25 00:00:00,1000.0,2000.0,1600.0,360
Gujarat,Ahmedabad,Ahmedabad(Rajnagar sub yard),Mint(Pudina),Other,FAQ,2021-02-08 00:00:00,1000.0,1500.0,1100.0,360
Gujarat,Ahmedabad,Ahmedabad(Rajnagar sub yard),Mint(Pudina),Other,FAQ,2021-02-11 00:00:00,800.0,1200.0,1100.0,360
Gujarat,Ahmedabad,Ahmedabad(Rajnagar sub yard),Mint(Pudina),Other,FAQ,2021-02-15 00:00:00,1000.0,1200.0,1150.0,360
Gujarat,Ahmedabad,Ahmedabad(Rajnagar sub yard),Mint(Pudina),Other,FAQ,2021-02-19 00:00:00,400.0,1500.0,900.0,360
Gujarat,Ahmedabad,Ahmedabad(Rajnagar sub yard),Mint(Pudina),Other,FAQ,2021-02-23 00:00:00,600.0,800.0,750.0,360
Gujarat,Ahmedabad,Ahmedabad(Rajnagar sub yard),Mint(Pudina),Other,FAQ,2021-02-25 00:00:00,600.0,1000.0,750.0,360
Gujarat,Ahmedabad,Ahmedabad(Rajnagar sub yard),Mint(Pudina),Other,FAQ,2021-03-05 00:00:00,800.0,1200.0,1000.0,360
Gujarat,Ahmedabad,Ahmedabad(Rajnagar sub yard),Mint(Pudina),Other,FAQ,2021-03-10 00:00:00,700.0,800.0,750.0,360
Gujarat,Ahmedabad,Ahmedabad(Rajnagar sub yard),Mint(Pudina),Other,FAQ,2021-03-24 00:00:00,600.0,1200.0,1000.0,360
Gujarat,Ahmedabad,Ahmedabad(Rajnagar sub yard),Mint(Pudina),Other,FAQ,2021-03-30 00:00:00,700.0,1000.0,850.0,360
Gujarat,Ahmedabad,Ahmedabad(Rajnagar sub yard),Mint(Pudina),Other,FAQ,2021-04-01 00:00:00,800.0,1000.0,950.0,360
Gujarat,Ahmedabad,Ahmedabad(Rajnagar sub yard),Mint(Pudina),Other,FAQ,2021-04-08 00:00:00,800.0,1000.0,950.0,360
Gujarat,Ahmedabad,Ahmedabad(Rajnagar sub yard),Mint(Pudina),Other,FAQ,2021-04-09 00:00:00,600.0,800.0,700.0,360
Gujarat,Ahmedabad,Ahmedabad(Rajnagar sub yard),Mint(Pudina),Other,FAQ,2021-04-10 00:00:00,1000.0,1200.0,1100.0,360
Gujarat,Ahmedabad,Ahmedabad(Rajnagar sub yard),Mint(Pudina),Other,FAQ,2021-04-19 00:00:00,1000.0,1200.0,1150.0,360
Gujarat,Ahmedabad,Ahmedabad(Rajnagar sub yard),Mint(Pudina),Other,FAQ,2021-05-10 00:00:00,700.0,1500.0,1200.0,360
Gujarat,Ahmedabad,Ahmedabad(Rajnagar sub yard),Mint(Pudina),Other,FAQ,2021-06-14 00:00:00,800.0,1200.0,1100.0,360
Gujarat,Ahmedabad,Ahmedabad(Rajnagar sub yard),Mint(Pudina),Other,FAQ,2021-06-17 00:00:00,700.0,1500.0,1200.0,360
Gujarat,Ahmedabad,Ahmedabad(Rajnagar sub yard),Mint(Pudina),Other,FAQ,2021-06-18 00:00:00,700.0,1500.0,1200.0,360
Gujarat,Ahmedabad,Ahmedabad(Rajnagar sub yard),Mint(Pudina),Other,FAQ,2021-06-29 00:00:00,800.0,1000.0,950.0,360
Gujarat,Ahmedabad,Ahmedabad(Rajnagar sub yard),Mint(Pudina),Other,FAQ,2021-07-02 00:00:00,1000.0,1500.0,1300.0,360
Gujarat,Ahmedabad,Ahmedabad(Rajnagar sub yard),Mint(Pudina),Other,FAQ,2021-07-03 00:00:00,800.0,1200.0,1100.0,360
Gujarat,Ahmedabad,Ahmedabad(Rajnagar sub yard),Mint(Pudina),Other,FAQ,2021-07-08 00:00:00,1000.0,1500.0,1350.0,360
Gujarat,Ahmedabad,Ahmedabad(Rajnagar sub yard),Mint(Pudina),Other,FAQ,2021-07-17 00:00:00,800.0,2000.0,1500.0,360
Gujarat,Ahmedabad,Ahmedabad(Rajnagar sub yard),Mint(Pudina),Other,FAQ,2021-09-29 00:00:00,1500.0,3000.0,2500.0,360
Gujarat,Ahmedabad,Ahmedabad(Rajnagar sub yard),Mint(Pudina),Other,FAQ,2021-11-13 00:00:00,1500.0,2000.0,1800.0,360
Gujarat,Ahmedabad,Ahmedabad(Rajnagar sub yard),Mint(Pudina),Other,FAQ,2021-11-26 00:00:00,800.0,1500.0,1250.0,360
Gujarat,Ahmedabad,Ahmedabad(Rajnagar sub yard),Mint(Pudina),Other,FAQ,2021-12-03 00:00:00,1000.0,2000.0,1250.0,360
Gujarat,Ahmedabad,Ahmedabad(Rajnagar sub yard),Mint(Pudina),Other,FAQ,2021-12-15 00:00:00,1000.0,1500.0,1350.0,360
Gujarat,Ahmedabad,Ahmedabad(Rajnagar sub yard),Mint(Pudina),Other,FAQ,2021-12-21 00:00:00,1500.0,2250.0,2000.0,360
Gujarat,Ahmedabad,Ahmedabad(Rajnagar sub yard),Mint(Pudina),Other,FAQ,2021-12-28 00:00:00,1500.0,2000.0,1800.0,360
Gujarat,Ahmedabad,Ahmedabad(Rajnagar sub yard),Mint(Pudina),Other,FAQ,2021-12-30 00:00:00,1200.0,2500.0,1900.0,360
Gujarat,Ahmedabad,Ahmedabad(Rajnagar sub yard),Mint(Pudina),Other,FAQ,2021-12-31 00:00:00,1500.0,2500.0,2100.0,360
Gujarat,Dahod,Dahod(Veg. Market),Mint(Pudina),Mint(Pudina),FAQ,2021-01-08 00:00:00,3000.0,5000.0,4000.0,360
Gujarat,Dahod,Dahod(Veg. Market),Mint(Pudina),Mint(Pudina),FAQ,2021-01-19 00:00:00,3000.0,5000.0,4000.0,360
Gujarat,Dahod,Dahod(Veg. Market),Mint(Pudina),Mint(Pudina),FAQ,2021-01-25 00:00:00,3000.0,4000.0,3500.0,360
Gujarat,Dahod,Dahod(Veg. Market),Mint(Pudina),Mint(Pudina),FAQ,2021-01-28 00:00:00,3000.0,5000.0,4000.0,360
Gujarat,Dahod,Dahod(Veg. Market),Mint(Pudina),Mint(Pudina),FAQ,2021-02-01 00:00:00,3000.0,4000.0,3500.0,360
Gujarat,Dahod,Dahod(Veg. Market),Mint(Pudina),Mint(Pudina),FAQ,2021-02-12 00:00:00,1000.0,3000.0,2000.0,360
Gujarat,Dahod,Dahod(Veg. Market),Mint(Pudina),Mint(Pudina),FAQ,2021-02-13 00:00:00,1500.0,3000.0,2500.0,360
Gujarat,Dahod,Dahod(Veg. Market),Mint(Pudina),Mint(Pudina),FAQ,2021-02-16 00:00:00,1500.0,3000.0,2500.0,360
Gujarat,Dahod,Dahod(Veg. Market),Mint(Pudina),Mint(Pudina),FAQ,2021-02-17 00:00:00,1500.0,3000.0,2200.0,360
Gujarat,Dahod,Dahod(Veg. Market),Mint(Pudina),Mint(Pudina),FAQ,2021-02-18 00:00:00,1500.0,3000.0,2500.0,360
Gujarat,Dahod,Dahod(Veg. Market),Mint(Pudina),Mint(Pudina),FAQ,2021-02-22 00:00:00,1500.0,3000.0,2500.0,360
Gujarat,Dahod,Dahod(Veg. Market),Mint(Pudina),Mint(Pudina),FAQ,2021-02-23 00:00:00,2000.0,3000.0,2500.0,360
Gujarat,Dahod,Dahod(Veg. Market),Mint(Pudina),Mint(Pudina),FAQ,2021-03-02 00:00:00,1500.0,3000.0,2200.0,360
Gujarat,Dahod,Dahod(Veg. Market),Mint(Pudina),Mint(Pudina),FAQ,2021-03-06 00:00:00,1500.0,3000.0,2500.0,360
Gujarat,Dahod,Dahod(Veg. Market),Mint(Pudina),Mint(Pudina),FAQ,2021-03-15 00:00:00,1500.0,3000.0,2500.0,360
Gujarat,Dahod,Dahod(Veg. Market),Mint(Pudina),Mint(Pudina),FAQ,2021-03-16 00:00:00,2000.0,3000.0,2500.0,360
Gujarat,Dahod,Dahod(Veg. Market),Mint(Pudina),Mint(Pudina),FAQ,2021-03-18 00:00:00,1500.0,3000.0,2200.0,360
Gujarat,Dahod,Dahod(Veg. Market),Mint(Pudina),Mint(Pudina),FAQ,2021-03-26 00:00:00,1500.0,3000.0,2500.0,360
Gujarat,Dahod,Dahod(Veg. Market),Mint(Pudina),Mint(Pudina),FAQ,2021-03-28 00:00:00,1800.0,2500.0,2200.0,360
Gujarat,Dahod,Dahod(Veg. Market),Mint(Pudina),Mint(Pudina),FAQ,2021-04-05 00:00:00,2000.0,3500.0,3000.0,360
Gujarat,Dahod,Dahod(Veg. Market),Mint(Pudina),Mint(Pudina),FAQ,2021-04-19 00:00:00,2000.0,3000.0,2500.0,360
Gujarat,Dahod,Dahod(Veg. Market),Mint(Pudina),Mint(Pudina),FAQ,2021-04-22 00:00:00,2500.0,4000.0,3000.0,360
Gujarat,Dahod,Dahod(Veg. Market),Mint(Pudina),Mint(Pudina),FAQ,2021-05-17 00:00:00,2000.0,3000.0,2500.0,360
Gujarat,Dahod,Dahod(Veg. Market),Mint(Pudina),Mint(Pudina),FAQ,2021-05-27 00:00:00,1000.0,2500.0,2000.0,360
Gujarat,Dahod,Dahod(Veg. Market),Mint(Pudina),Mint(Pudina),FAQ,2021-05-31 00:00:00,1000.0,2500.0,2000.0,360
Gujarat,Dahod,Dahod(Veg. Market),Mint(Pudina),Mint(Pudina),FAQ,2021-06-06 00:00:00,2000.0,3000.0,2500.0,360
Gujarat,Dahod,Dahod(Veg. Market),Mint(Pudina),Mint(Pudina),FAQ,2021-06-07 00:00:00,2000.0,3000.0,2500.0,360
Gujarat,Dahod,Dahod(Veg. Market),Mint(Pudina),Mint(Pudina),FAQ,2021-06-11 00:00:00,2000.0,3000.0,2500.0,360
Gujarat,Dahod,Dahod(Veg. Market),Mint(Pudina),Mint(Pudina),FAQ,2021-06-13 00:00:00,2000.0,3000.0,2500.0,360
Gujarat,Dahod,Dahod(Veg. Market),Mint(Pudina),Mint(Pudina),FAQ,2021-06-20 00:00:00,2000.0,3000.0,2500.0,360
Gujarat,Dahod,Dahod(Veg. Market),Mint(Pudina),Mint(Pudina),FAQ,2021-07-09 00:00:00,2000.0,3000.0,2500.0,360
Gujarat,Dahod,Dahod(Veg. Market),Mint(Pudina),Mint(Pudina),FAQ,2021-07-22 00:00:00,3500.0,6000.0,4500.0,360
Gujarat,Dahod,Dahod(Veg. Market),Mint(Pudina),Mint(Pudina),FAQ,2021-07-29 00:00:00,3000.0,5000.0,4000.0,360
Gujarat,Dahod,Dahod(Veg. Market),Mint(Pudina),Mint(Pudina),FAQ,2021-08-04 00:00:00,5000.0,8000.0,6000.0,360
Gujarat,Dahod,Dahod(Veg. Market),Mint(Pudina),Mint(Pudina),FAQ,2021-08-06 00:00:00,5000.0,8000.0,7000.0,360
Gujarat,Dahod,Dahod(Veg. Market),Mint(Pudina),Mint(Pudina),FAQ,2021-08-11 00:00:00,6000.0,10000.0,8000.0,360
Gujarat,Dahod,Dahod(Veg. Market),Mint(Pudina),Mint(Pudina),FAQ,2021-08-16 00:00:00,8000.0,10000.0,9000.0,360
Gujarat,Dahod,Dahod(Veg. Market),Mint(Pudina),Mint(Pudina),FAQ,2021-08-23 00:00:00,6000.0,10000.0,8000.0,360
Gujarat,Dahod,Dahod(Veg. Market),Mint(Pudina),Mint(Pudina),FAQ,2021-08-24 00:00:00,7000.0,10000.0,8000.0,360
Gujarat,Dahod,Dahod(Veg. Market),Mint(Pudina),Mint(Pudina),FAQ,2021-08-26 00:00:00,6000.0,9000.0,8000.0,360
Gujarat,Dahod,Dahod(Veg. Market),Mint(Pudina),Mint(Pudina),FAQ,2021-09-02 00:00:00,5000.0,8000.0,7000.0,360
Gujarat,Dahod,Dahod(Veg. Market),Mint(Pudina),Mint(Pudina),FAQ,2021-09-03 00:00:00,4000.0,7000.0,5500.0,360
Gujarat,Dahod,Dahod(Veg. Market),Mint(Pudina),Mint(Pudina),FAQ,2021-09-13 00:00:00,4000.0,6000.0,5500.0,360
Gujarat,Dahod,Dahod(Veg. Market),Mint(Pudina),Mint(Pudina),FAQ,2021-09-18 00:00:00,3000.0,5000.0,4000.0,360
Gujarat,Dahod,Dahod(Veg. Market),Mint(Pudina),Mint(Pudina),FAQ,2021-09-24 00:00:00,5000.0,6000.0,5500.0,360
Gujarat,Dahod,Dahod(Veg. Market),Mint(Pudina),Mint(Pudina),FAQ,2021-10-14 00:00:00,4000.0,6000.0,5000.0,360
Gujarat,Dahod,Dahod(Veg. Market),Mint(Pudina),Mint(Pudina),FAQ,2021-10-28 00:00:00,4000.0,6000.0,5000.0,360
Gujarat,Dahod,Dahod(Veg. Market),Mint(Pudina),Mint(Pudina),FAQ,2021-11-06 00:00:00,2500.0,6000.0,5500.0,360
Gujarat,Dahod,Dahod(Veg. Market),Mint(Pudina),Mint(Pudina),FAQ,2021-11-08 00:00:00,4000.0,7000.0,6000.0,360
Gujarat,Dahod,Dahod(Veg. Market),Mint(Pudina),Mint(Pudina),FAQ,2021-11-11 00:00:00,4000.0,6000.0,5000.0,360
Gujarat,Dahod,Dahod(Veg. Market),Mint(Pudina),Mint(Pudina),FAQ,2021-11-23 00:00:00,3000.0,5000.0,4000.0,360
Gujarat,Dahod,Dahod(Veg. Market),Mint(Pudina),Mint(Pudina),FAQ,2021-12-01 00:00:00,4000.0,6000.0,5000.0,360
Gujarat,Dahod,Dahod(Veg. Market),Mint(Pudina),Mint(Pudina),FAQ,2021-12-03 00:00:00,4500.0,6000.0,5500.0,360
Gujarat,Dahod,Dahod(Veg. Market),Mint(Pudina),Mint(Pudina),FAQ,2021-12-04 00:00:00,5000.0,6000.0,5500.0,360
Gujarat,Dahod,Dahod(Veg. Market),Mint(Pudina),Mint(Pudina),FAQ,2021-12-05 00:00:00,4000.0,6000.0,5500.0,360
Gujarat,Vadodara(Baroda),Vadodara(Sayajipura),Mint(Pudina),Other,FAQ,2021-01-10 00:00:00,1600.0,2000.0,1850.0,360
Gujarat,Vadodara(Baroda),Vadodara(Sayajipura),Mint(Pudina),Other,FAQ,2021-02-04 00:00:00,1800.0,2000.0,1950.0,360
Gujarat,Vadodara(Baroda),Vadodara(Sayajipura),Mint(Pudina),Other,FAQ,2021-02-19 00:00:00,1300.0,1500.0,1450.0,360
Gujarat,Vadodara(Baroda),Vadodara(Sayajipura),Mint(Pudina),Other,FAQ,2021-03-04 00:00:00,1300.0,1500.0,1450.0,360
Gujarat,Vadodara(Baroda),Vadodara(Sayajipura),Mint(Pudina),Other,FAQ,2021-03-14 00:00:00,1400.0,1700.0,1600.0,360
Gujarat,Vadodara(Baroda),Vadodara(Sayajipura),Mint(Pudina),Other,FAQ,2021-03-16 00:00:00,1300.0,1500.0,1450.0,360
Gujarat,Vadodara(Baroda),Vadodara(Sayajipura),Mint(Pudina),Other,FAQ,2021-03-20 00:00:00,1300.0,1500.0,1400.0,360
Gujarat,Vadodara(Baroda),Vadodara(Sayajipura),Mint(Pudina),Other,FAQ,2021-03-21 00:00:00,1300.0,1500.0,1400.0,360
Gujarat,Vadodara(Baroda),Vadodara(Sayajipura),Mint(Pudina),Other,FAQ,2021-04-23 00:00:00,1300.0,1800.0,1600.0,360
Gujarat,Vadodara(Baroda),Vadodara(Sayajipura),Mint(Pudina),Other,FAQ,2021-04-30 00:00:00,1500.0,2000.0,1800.0,360
Gujarat,Vadodara(Baroda),Vadodara(Sayajipura),Mint(Pudina),Other,FAQ,2021-05-12 00:00:00,1200.0,1600.0,1450.0,360
Gujarat,Vadodara(Baroda),Vadodara(Sayajipura),Mint(Pudina),Other,FAQ,2021-05-19 00:00:00,900.0,1300.0,1150.0,360
Gujarat,Vadodara(Baroda),Vadodara(Sayajipura),Mint(Pudina),Other,FAQ,2021-05-21 00:00:00,900.0,1400.0,1200.0,360
Gujarat,Vadodara(Baroda),Vadodara(Sayajipura),Mint(Pudina),Other,FAQ,2021-06-06 00:00:00,1200.0,1500.0,1400.0,360
Gujarat,Vadodara(Baroda),Vadodara(Sayajipura),Mint(Pudina),Other,FAQ,2021-06-19 00:00:00,1300.0,1500.0,1450.0,360
Gujarat,Vadodara(Baroda),Vadodara(Sayajipura),Mint(Pudina),Other,FAQ,2021-06-27 00:00:00,1500.0,1750.0,1650.0,360
Gujarat,Vadodara(Baroda),Vadodara(Sayajipura),Mint(Pudina),Other,FAQ,2021-06-28 00:00:00,1500.0,2000.0,1800.0,360
Gujarat,Vadodara(Baroda),Vadodara(Sayajipura),Mint(Pudina),Other,FAQ,2021-07-24 00:00:00,1300.0,1500.0,1450.0,360
Gujarat,Vadodara(Baroda),Vadodara(Sayajipura),Mint(Pudina),Other,FAQ,2021-07-27 00:00:00,1500.0,1800.0,1700.0,360
Gujarat,Vadodara(Baroda),Vadodara(Sayajipura),Mint(Pudina),Other,FAQ,2021-08-01 00:00:00,1750.0,2000.0,1900.0,360
Gujarat,Vadodara(Baroda),Vadodara(Sayajipura),Mint(Pudina),Other,FAQ,2021-08-03 00:00:00,1800.0,2000.0,1900.0,360
Gujarat,Vadodara(Baroda),Vadodara(Sayajipura),Mint(Pudina),Other,FAQ,2021-08-10 00:00:00,1800.0,2000.0,1950.0,360
Gujarat,Vadodara(Baroda),Vadodara(Sayajipura),Mint(Pudina),Other,FAQ,2021-08-12 00:00:00,2000.0,2500.0,2300.0,360
Gujarat,Vadodara(Baroda),Vadodara(Sayajipura),Mint(Pudina),Other,FAQ,2021-08-19 00:00:00,1300.0,1500.0,1450.0,360
Gujarat,Vadodara(Baroda),Vadodara(Sayajipura),Mint(Pudina),Other,FAQ,2021-08-20 00:00:00,1300.0,1500.0,1450.0,360
Gujarat,Vadodara(Baroda),Vadodara(Sayajipura),Mint(Pudina),Other,FAQ,2021-09-04 00:00:00,1300.0,1500.0,1450.0,360
Gujarat,Vadodara(Baroda),Vadodara(Sayajipura),Mint(Pudina),Other,FAQ,2021-09-17 00:00:00,2000.0,2500.0,2300.0,360
Gujarat,Vadodara(Baroda),Vadodara(Sayajipura),Mint(Pudina),Other,FAQ,2021-09-21 00:00:00,2500.0,3000.0,2800.0,360
Gujarat,Vadodara(Baroda),Vadodara(Sayajipura),Mint(Pudina),Other,FAQ,2021-09-23 00:00:00,2500.0,3000.0,2800.0,360
Gujarat,Vadodara(Baroda),Vadodara(Sayajipura),Mint(Pudina),Other,FAQ,2021-09-28 00:00:00,3000.0,3500.0,3300.0,360
Gujarat,Vadodara(Baroda),Vadodara(Sayajipura),Mint(Pudina),Other,FAQ,2021-10-03 00:00:00,2500.0,3000.0,2800.0,360
Gujarat,Vadodara(Baroda),Vadodara(Sayajipura),Mint(Pudina),Other,FAQ,2021-10-11 00:00:00,3000.0,3500.0,3300.0,360
Gujarat,Vadodara(Baroda),Vadodara(Sayajipura),Mint(Pudina),Other,FAQ,2021-10-21 00:00:00,3500.0,4000.0,3800.0,360
Gujarat,Vadodara(Baroda),Vadodara(Sayajipura),Mint(Pudina),Other,FAQ,2021-10-29 00:00:00,2500.0,3000.0,2800.0,360
Gujarat,Vadodara(Baroda),Vadodara(Sayajipura),Mint(Pudina),Other,FAQ,2021-11-16 00:00:00,1000.0,1500.0,1300.0,360
Gujarat,Vadodara(Baroda),Vadodara(Sayajipura),Mint(Pudina),Other,FAQ,2021-11-21 00:00:00,2000.0,2500.0,2300.0,360
Gujarat,Vadodara(Baroda),Vadodara(Sayajipura),Mint(Pudina),Other,FAQ,2021-11-29 00:00:00,1300.0,1500.0,1450.0,360
Gujarat,Vadodara(Baroda),Vadodara(Sayajipura),Mint(Pudina),Other,FAQ,2021-12-06 00:00:00,1800.0,2000.0,1950.0,360
Gujarat,Vadodara(Baroda),Vadodara(Sayajipura),Mint(Pudina),Other,FAQ,2021-12-07 00:00:00,2300.0,2500.0,2450.0,360
Gujarat,Vadodara(Baroda),Vadodara(Sayajipura),Mint(Pudina),Other,FAQ,2021-12-18 00:00:00,1800.0,2000.0,1900.0,360
Gujarat,Ahmedabad,Ahmedabad(Rajnagar sub yard),Mint(Pudina),Other,FAQ,2020-01-10 00:00:00,1200.0,2000.0,1700.0,360
Gujarat,Ahmedabad,Ahmedabad(Rajnagar sub yard),Mint(Pudina),Other,FAQ,2020-01-13 00:00:00,2000.0,2500.0,2350.0,360
Gujarat,Ahmedabad,Ahmedabad(Rajnagar sub yard),Mint(Pudina),Other,FAQ,2020-01-15 00:00:00,1500.0,2500.0,2100.0,360
Gujarat,Ahmedabad,Ahmedabad(Rajnagar sub yard),Mint(Pudina),Other,FAQ,2020-01-28 00:00:00,1000.0,1500.0,1300.0,360
Gujarat,Ahmedabad,Ahmedabad(Rajnagar sub yard),Mint(Pudina),Other,FAQ,2020-01-31 00:00:00,1000.0,1500.0,1300.0,360
Gujarat,Ahmedabad,Ahmedabad(Rajnagar sub yard),Mint(Pudina),Other,FAQ,2020-02-19 00:00:00,600.0,1200.0,1000.0,360
Gujarat,Ahmedabad,Ahmedabad(Rajnagar sub yard),Mint(Pudina),Other,FAQ,2020-02-22 00:00:00,500.0,1500.0,1100.0,360
Gujarat,Ahmedabad,Ahmedabad(Rajnagar sub yard),Mint(Pudina),Other,FAQ,2020-03-05 00:00:00,400.0,800.0,650.0,360
Gujarat,Ahmedabad,Ahmedabad(Rajnagar sub yard),Mint(Pudina),Other,FAQ,2020-03-14 00:00:00,600.0,1200.0,1000.0,360
Gujarat,Ahmedabad,Ahmedabad(Rajnagar sub yard),Mint(Pudina),Other,FAQ,2020-03-17 00:00:00,500.0,1000.0,800.0,360
Gujarat,Ahmedabad,Ahmedabad(Rajnagar sub yard),Mint(Pudina),Other,FAQ,2020-03-30 00:00:00,800.0,1000.0,950.0,360
Gujarat,Ahmedabad,Ahmedabad(Rajnagar sub yard),Mint(Pudina),Other,FAQ,2020-06-27 00:00:00,1500.0,2500.0,2100.0,360
Gujarat,Ahmedabad,Ahmedabad(Rajnagar sub yard),Mint(Pudina),Other,FAQ,2020-07-14 00:00:00,500.0,1000.0,850.0,360
Gujarat,Ahmedabad,Ahmedabad(Rajnagar sub yard),Mint(Pudina),Other,FAQ,2020-07-28 00:00:00,1500.0,2000.0,1800.0,360
Gujarat,Ahmedabad,Ahmedabad(Rajnagar sub yard),Mint(Pudina),Other,FAQ,2020-07-30 00:00:00,1500.0,2000.0,1800.0,360
Gujarat,Ahmedabad,Ahmedabad(Rajnagar sub yard),Mint(Pudina),Other,FAQ,2020-11-10 00:00:00,1500.0,2000.0,1800.0,360
Gujarat,Anand,"Petlad(Veg Yard, Petlad)",Mint(Pudina),Other,FAQ,2020-01-07 00:00:00,2500.0,3500.0,3000.0,360
Gujarat,Anand,"Petlad(Veg Yard, Petlad)",Mint(Pudina),Other,FAQ,2020-03-07 00:00:00,2000.0,3000.0,2500.0,360
Gujarat,Dahod,Dahod(Veg. Market),Mint(Pudina),Mint(Pudina),FAQ,2020-01-09 00:00:00,2000.0,3000.0,2500.0,360
Gujarat,Dahod,Dahod(Veg. Market),Mint(Pudina),Mint(Pudina),FAQ,2020-01-17 00:00:00,2000.0,3000.0,2500.0,360
Gujarat,Dahod,Dahod(Veg. Market),Mint(Pudina),Mint(Pudina),FAQ,2020-01-24 00:00:00,2000.0,3000.0,2500.0,360
Gujarat,Dahod,Dahod(Veg. Market),Mint(Pudina),Mint(Pudina),FAQ,2020-01-30 00:00:00,2000.0,3000.0,2500.0,360
Gujarat,Dahod,Dahod(Veg. Market),Mint(Pudina),Mint(Pudina),FAQ,2020-02-01 00:00:00,2000.0,3000.0,2500.0,360
Gujarat,Dahod,Dahod(Veg. Market),Mint(Pudina),Mint(Pudina),FAQ,2020-02-04 00:00:00,2000.0,3000.0,2500.0,360
Gujarat,Dahod,Dahod(Veg. Market),Mint(Pudina),Mint(Pudina),FAQ,2020-02-08 00:00:00,2000.0,3000.0,2500.0,360
Gujarat,Dahod,Dahod(Veg. Market),Mint(Pudina),Mint(Pudina),FAQ,2020-02-26 00:00:00,1000.0,3000.0,2000.0,360
Gujarat,Dahod,Dahod(Veg. Market),Mint(Pudina),Mint(Pudina),FAQ,2020-03-01 00:00:00,2000.0,3000.0,2800.0,360
Gujarat,Dahod,Dahod(Veg. Market),Mint(Pudina),Mint(Pudina),FAQ,2020-03-03 00:00:00,2000.0,3000.0,2500.0,360
Gujarat,Dahod,Dahod(Veg. Market),Mint(Pudina),Mint(Pudina),FAQ,2020-03-14 00:00:00,1500.0,3000.0,2500.0,360
Gujarat,Dahod,Dahod(Veg. Market),Mint(Pudina),Mint(Pudina),FAQ,2020-03-15 00:00:00,1500.0,2000.0,1700.0,360
Gujarat,Dahod,Dahod(Veg. Market),Mint(Pudina),Mint(Pudina),FAQ,2020-03-18 00:00:00,1500.0,3000.0,2000.0,360
Gujarat,Dahod,Dahod(Veg. Market),Mint(Pudina),Mint(Pudina),FAQ,2020-03-19 00:00:00,2000.0,3000.0,2800.0,360
Gujarat,Dahod,Dahod(Veg. Market),Mint(Pudina),Mint(Pudina),FAQ,2020-03-23 00:00:00,1500.0,3000.0,2500.0,360
Gujarat,Dahod,Dahod(Veg. Market),Mint(Pudina),Mint(Pudina),FAQ,2020-03-25 00:00:00,2000.0,3000.0,2500.0,360
Gujarat,Dahod,Dahod(Veg. Market),Mint(Pudina),Mint(Pudina),FAQ,2020-03-29 00:00:00,1500.0,3000.0,2500.0,360
Gujarat,Dahod,Dahod(Veg. Market),Mint(Pudina),Mint(Pudina),FAQ,2020-03-31 00:00:00,1500.0,3000.0,2500.0,360
Gujarat,Dahod,Dahod(Veg. Market),Mint(Pudina),Mint(Pudina),FAQ,2020-04-01 00:00:00,1500.0,3000.0,2500.0,360
Gujarat,Dahod,Dahod(Veg. Market),Mint(Pudina),Mint(Pudina),FAQ,2020-04-10 00:00:00,1000.0,2000.0,1500.0,360
Gujarat,Dahod,Dahod(Veg. Market),Mint(Pudina),Mint(Pudina),FAQ,2020-04-11 00:00:00,800.0,2000.0,1500.0,360
Gujarat,Dahod,Dahod(Veg. Market),Mint(Pudina),Mint(Pudina),FAQ,2020-04-22 00:00:00,1500.0,3000.0,2200.0,360
Gujarat,Dahod,Dahod(Veg. Market),Mint(Pudina),Mint(Pudina),FAQ,2020-04-27 00:00:00,1500.0,3000.0,2000.0,360
Gujarat,Dahod,Dahod(Veg. Market),Mint(Pudina),Mint(Pudina),FAQ,2020-04-28 00:00:00,1500.0,3000.0,2500.0,360
Gujarat,Dahod,Dahod(Veg. Market),Mint(Pudina),Mint(Pudina),FAQ,2020-05-03 00:00:00,1500.0,3000.0,2500.0,360
Gujarat,Dahod,Dahod(Veg. Market),Mint(Pudina),Mint(Pudina),FAQ,2020-05-13 00:00:00,1500.0,3000.0,2500.0,360
Gujarat,Dahod,Dahod(Veg. Market),Mint(Pudina),Mint(Pudina),FAQ,2020-05-17 00:00:00,1500.0,3000.0,2500.0,360
Gujarat,Dahod,Dahod(Veg. Market),Mint(Pudina),Mint(Pudina),FAQ,2020-06-02 00:00:00,1000.0,3000.0,2000.0,360
Gujarat,Dahod,Dahod(Veg. Market),Mint(Pudina),Mint(Pudina),FAQ,2020-06-06 00:00:00,2000.0,3000.0,2500.0,360
Gujarat,Dahod,Dahod(Veg. Market),Mint(Pudina),Mint(Pudina),FAQ,2020-06-09 00:00:00,1000.0,3000.0,2000.0,360
Gujarat,Dahod,Dahod(Veg. Market),Mint(Pudina),Mint(Pudina),FAQ,2020-06-15 00:00:00,1500.0,3000.0,2200.0,360
Gujarat,Dahod,Dahod(Veg. Market),Mint(Pudina),Mint(Pudina),FAQ,2020-06-18 00:00:00,1000.0,2000.0,1500.0,360
Gujarat,Dahod,Dahod(Veg. Market),Mint(Pudina),Mint(Pudina),FAQ,2020-06-22 00:00:00,2000.0,3000.0,2500.0,360
Gujarat,Dahod,Dahod(Veg. Market),Mint(Pudina),Mint(Pudina),FAQ,2020-06-25 00:00:00,1000.0,2000.0,1500.0,360
Gujarat,Dahod,Dahod(Veg. Market),Mint(Pudina),Mint(Pudina),FAQ,2020-06-27 00:00:00,1500.0,2000.0,1700.0,360
Gujarat,Dahod,Dahod(Veg. Market),Mint(Pudina),Mint(Pudina),FAQ,2020-06-30 00:00:00,1500.0,2500.0,2000.0,360
Gujarat,Dahod,Dahod(Veg. Market),Mint(Pudina),Mint(Pudina),FAQ,2020-07-02 00:00:00,1500.0,2000.0,1700.0,360
Gujarat,Dahod,Dahod(Veg. Market),Mint(Pudina),Mint(Pudina),FAQ,2020-07-11 00:00:00,1500.0,2000.0,1700.0,360
Gujarat,Dahod,Dahod(Veg. Market),Mint(Pudina),Mint(Pudina),FAQ,2020-07-20 00:00:00,1500.0,2000.0,1700.0,360
Gujarat,Dahod,Dahod(Veg. Market),Mint(Pudina),Mint(Pudina),FAQ,2020-07-22 00:00:00,1500.0,3000.0,2000.0,360
Gujarat,Dahod,Dahod(Veg. Market),Mint(Pudina),Mint(Pudina),FAQ,2020-07-23 00:00:00,2000.0,2500.0,2200.0,360
Gujarat,Dahod,Dahod(Veg. Market),Mint(Pudina),Mint(Pudina),FAQ,2020-07-24 00:00:00,2000.0,3000.0,2500.0,360
Gujarat,Dahod,Dahod(Veg. Market),Mint(Pudina),Mint(Pudina),FAQ,2020-07-27 00:00:00,3000.0,4000.0,3500.0,360
Gujarat,Dahod,Dahod(Veg. Market),Mint(Pudina),Mint(Pudina),FAQ,2020-07-30 00:00:00,3000.0,5000.0,4000.0,360
Gujarat,Dahod,Dahod(Veg. Market),Mint(Pudina),Mint(Pudina),FAQ,2020-08-01 00:00:00,6000.0,10000.0,9000.0,360
Gujarat,Dahod,Dahod(Veg. Market),Mint(Pudina),Mint(Pudina),FAQ,2020-08-07 00:00:00,6000.0,8000.0,7000.0,360
Gujarat,Dahod,Dahod(Veg. Market),Mint(Pudina),Mint(Pudina),FAQ,2020-08-14 00:00:00,5000.0,8000.0,7000.0,360
Gujarat,Dahod,Dahod(Veg. Market),Mint(Pudina),Mint(Pudina),FAQ,2020-08-25 00:00:00,11000.0,15000.0,13000.0,360
Gujarat,Dahod,Dahod(Veg. Market),Mint(Pudina),Mint(Pudina),FAQ,2020-08-26 00:00:00,12000.0,15000.0,14000.0,360
Gujarat,Dahod,Dahod(Veg. Market),Mint(Pudina),Mint(Pudina),FAQ,2020-08-28 00:00:00,9000.0,10000.0,9000.0,360
Gujarat,Dahod,Dahod(Veg. Market),Mint(Pudina),Mint(Pudina),FAQ,2020-09-15 00:00:00,8000.0,12000.0,10000.0,360
Gujarat,Dahod,Dahod(Veg. Market),Mint(Pudina),Mint(Pudina),FAQ,2020-09-24 00:00:00,5000.0,10000.0,9000.0,360
Gujarat,Dahod,Dahod(Veg. Market),Mint(Pudina),Mint(Pudina),FAQ,2020-10-08 00:00:00,5000.0,8000.0,7000.0,360
Gujarat,Dahod,Dahod(Veg. Market),Mint(Pudina),Mint(Pudina),FAQ,2020-10-10 00:00:00,8000.0,8000.0,8000.0,360
Gujarat,Dahod,Dahod(Veg. Market),Mint(Pudina),Mint(Pudina),FAQ,2020-10-14 00:00:00,5000.0,8000.0,6000.0,360
Gujarat,Dahod,Dahod(Veg. Market),Mint(Pudina),Mint(Pudina),FAQ,2020-10-17 00:00:00,5000.0,8000.0,6000.0,360
Gujarat,Dahod,Dahod(Veg. Market),Mint(Pudina),Mint(Pudina),FAQ,2020-10-23 00:00:00,4000.0,6000.0,5000.0,360
Gujarat,Dahod,Dahod(Veg. Market),Mint(Pudina),Mint(Pudina),FAQ,2020-11-07 00:00:00,4000.0,6000.0,5000.0,360
Gujarat,Dahod,Dahod(Veg. Market),Mint(Pudina),Mint(Pudina),FAQ,2020-11-21 00:00:00,2000.0,3000.0,2500.0,360
Gujarat,Dahod,Dahod(Veg. Market),Mint(Pudina),Mint(Pudina),FAQ,2020-11-23 00:00:00,3000.0,5000.0,4000.0,360
Gujarat,Dahod,Dahod(Veg. Market),Mint(Pudina),Mint(Pudina),FAQ,2020-11-26 00:00:00,3500.0,6000.0,5000.0,360
Gujarat,Dahod,Dahod(Veg. Market),Mint(Pudina),Mint(Pudina),FAQ,2020-12-05 00:00:00,3000.0,5000.0,4000.0,360
Gujarat,Dahod,Dahod(Veg. Market),Mint(Pudina),Mint(Pudina),FAQ,2020-12-07 00:00:00,4000.0,6000.0,5000.0,360
Gujarat,Dahod,Dahod(Veg. Market),Mint(Pudina),Mint(Pudina),FAQ,2020-12-08 00:00:00,4000.0,5500.0,5000.0,360
Gujarat,Dahod,Dahod(Veg. Market),Mint(Pudina),Mint(Pudina),FAQ,2020-12-14 00:00:00,4000.0,6000.0,4500.0,360
Gujarat,Dahod,Dahod(Veg. Market),Mint(Pudina),Mint(Pudina),FAQ,2020-12-15 00:00:00,4000.0,5000.0,4500.0,360
Gujarat,Vadodara(Baroda),Vadodara(Sayajipura),Mint(Pudina),Other,FAQ,2020-01-04 00:00:00,1300.0,1500.0,1400.0,360
Gujarat,Vadodara(Baroda),Vadodara(Sayajipura),Mint(Pudina),Other,FAQ,2020-01-08 00:00:00,1000.0,1200.0,1150.0,360
Gujarat,Vadodara(Baroda),Vadodara(Sayajipura),Mint(Pudina),Other,FAQ,2020-01-16 00:00:00,1300.0,1500.0,1400.0,360
Gujarat,Vadodara(Baroda),Vadodara(Sayajipura),Mint(Pudina),Other,FAQ,2020-01-28 00:00:00,1000.0,1500.0,1300.0,360
Gujarat,Vadodara(Baroda),Vadodara(Sayajipura),Mint(Pudina),Other,FAQ,2020-01-31 00:00:00,1300.0,1500.0,1400.0,360
Gujarat,Vadodara(Baroda),Vadodara(Sayajipura),Mint(Pudina),Other,FAQ,2020-02-25 00:00:00,1300.0,1500.0,1450.0,360
Gujarat,Vadodara(Baroda),Vadodara(Sayajipura),Mint(Pudina),Other,FAQ,2020-02-26 00:00:00,1300.0,1500.0,1450.0,360
Gujarat,Vadodara(Baroda),Vadodara(Sayajipura),Mint(Pudina),Other,FAQ,2020-03-02 00:00:00,1000.0,1200.0,1150.0,360
Gujarat,Vadodara(Baroda),Vadodara(Sayajipura),Mint(Pudina),Other,FAQ,2020-03-14 00:00:00,1200.0,1400.0,1350.0,360
Gujarat,Vadodara(Baroda),Vadodara(Sayajipura),Mint(Pudina),Other,FAQ,2020-04-30 00:00:00,1200.0,1500.0,1400.0,360
Gujarat,Vadodara(Baroda),Vadodara(Sayajipura),Mint(Pudina),Other,FAQ,2020-05-03 00:00:00,1200.0,1500.0,1400.0,360
Gujarat,Vadodara(Baroda),Vadodara(Sayajipura),Mint(Pudina),Other,FAQ,2020-05-16 00:00:00,1400.0,1800.0,1700.0,360
Gujarat,Vadodara(Baroda),Vadodara(Sayajipura),Mint(Pudina),Other,FAQ,2020-06-06 00:00:00,1200.0,1700.0,1500.0,360
Gujarat,Vadodara(Baroda),Vadodara(Sayajipura),Mint(Pudina),Other,FAQ,2020-06-10 00:00:00,800.0,1200.0,1100.0,360
Gujarat,Vadodara(Baroda),Vadodara(Sayajipura),Mint(Pudina),Other,FAQ,2020-06-16 00:00:00,1000.0,1500.0,1300.0,360
Gujarat,Vadodara(Baroda),Vadodara(Sayajipura),Mint(Pudina),Other,FAQ,2020-06-17 00:00:00,1100.0,1600.0,1400.0,360
Gujarat,Vadodara(Baroda),Vadodara(Sayajipura),Mint(Pudina),Other,FAQ,2020-06-20 00:00:00,1200.0,1600.0,1500.0,360
Gujarat,Vadodara(Baroda),Vadodara(Sayajipura),Mint(Pudina),Other,FAQ,2020-06-23 00:00:00,1100.0,1600.0,1400.0,360
Gujarat,Vadodara(Baroda),Vadodara(Sayajipura),Mint(Pudina),Other,FAQ,2020-07-02 00:00:00,800.0,1300.0,1100.0,360
Gujarat,Vadodara(Baroda),Vadodara(Sayajipura),Mint(Pudina),Other,FAQ,2020-07-05 00:00:00,1000.0,1400.0,1300.0,360
Gujarat,Vadodara(Baroda),Vadodara(Sayajipura),Mint(Pudina),Other,FAQ,2020-07-06 00:00:00,1000.0,1500.0,1300.0,360
Gujarat,Vadodara(Baroda),Vadodara(Sayajipura),Mint(Pudina),Other,FAQ,2020-07-24 00:00:00,1300.0,1900.0,1700.0,360
Gujarat,Vadodara(Baroda),Vadodara(Sayajipura),Mint(Pudina),Other,FAQ,2020-07-28 00:00:00,1200.0,1700.0,1500.0,360
Gujarat,Vadodara(Baroda),Vadodara(Sayajipura),Mint(Pudina),Other,FAQ,2020-08-14 00:00:00,2000.0,3000.0,2600.0,360
Gujarat,Vadodara(Baroda),Vadodara(Sayajipura),Mint(Pudina),Other,FAQ,2020-11-08 00:00:00,2500.0,3000.0,2800.0,360
Gujarat,Vadodara(Baroda),Vadodara(Sayajipura),Mint(Pudina),Other,FAQ,2020-11-10 00:00:00,2300.0,2800.0,2600.0,360
Gujarat,Vadodara(Baroda),Vadodara(Sayajipura),Mint(Pudina),Other,FAQ,2020-11-11 00:00:00,2300.0,2800.0,2600.0,360
Gujarat,Vadodara(Baroda),Vadodara(Sayajipura),Mint(Pudina),Other,FAQ,2020-12-15 00:00:00,1800.0,2000.0,1950.0,360
Gujarat,Vadodara(Baroda),Vadodara(Sayajipura),Mint(Pudina),Other,FAQ,2020-12-21 00:00:00,1200.0,1600.0,1450.0,360
Gujarat,Vadodara(Baroda),Vadodara(Sayajipura),Mint(Pudina),Other,FAQ,2020-12-22 00:00:00,1800.0,2000.0,1950.0,360
Gujarat,Vadodara(Baroda),Vadodara(Sayajipura),Mint(Pudina),Other,FAQ,2020-12-26 00:00:00,1200.0,2000.0,1700.0,360
Gujarat,Vadodara(Baroda),Vadodara(Sayajipura),Mint(Pudina),Other,FAQ,2011-07-10 00:00:00,750.0,900.0,825.0,360
Gujarat,Vadodara(Baroda),Vadodara(Sayajipura),Mint(Pudina),Other,FAQ,2011-07-16 00:00:00,800.0,1000.0,900.0,360
Gujarat,Vadodara(Baroda),Vadodara(Sayajipura),Mint(Pudina),Other,FAQ,2011-07-20 00:00:00,1000.0,1300.0,1150.0,360
Gujarat,Vadodara(Baroda),Vadodara(Sayajipura),Mint(Pudina),Other,FAQ,2011-07-23 00:00:00,400.0,700.0,550.0,360
Gujarat,Vadodara(Baroda),Vadodara(Sayajipura),Mint(Pudina),Other,FAQ,2011-07-26 00:00:00,900.0,1100.0,1000.0,360
Gujarat,Vadodara(Baroda),Vadodara(Sayajipura),Mint(Pudina),Other,FAQ,2011-08-04 00:00:00,800.0,1000.0,900.0,360
Gujarat,Vadodara(Baroda),Vadodara(Sayajipura),Mint(Pudina),Other,FAQ,2011-08-11 00:00:00,1500.0,2000.0,1750.0,360
Gujarat,Vadodara(Baroda),Vadodara(Sayajipura),Mint(Pudina),Other,FAQ,2011-08-16 00:00:00,1500.0,1800.0,1650.0,360
Gujarat,Vadodara(Baroda),Vadodara(Sayajipura),Mint(Pudina),Other,FAQ,2011-08-17 00:00:00,1500.0,1800.0,1650.0,360
Gujarat,Vadodara(Baroda),Vadodara(Sayajipura),Mint(Pudina),Other,FAQ,2011-09-01 00:00:00,1500.0,2100.0,1900.0,360
Gujarat,Vadodara(Baroda),Vadodara(Sayajipura),Mint(Pudina),Other,FAQ,2011-09-21 00:00:00,1500.0,1900.0,1750.0,360
Gujarat,Vadodara(Baroda),Vadodara(Sayajipura),Mint(Pudina),Other,FAQ,2011-10-02 00:00:00,1000.0,1500.0,1250.0,360
Gujarat,Vadodara(Baroda),Vadodara(Sayajipura),Mint(Pudina),Other,FAQ,2011-10-06 00:00:00,1000.0,1500.0,1300.0,360
Gujarat,Vadodara(Baroda),Vadodara(Sayajipura),Mint(Pudina),Other,FAQ,2011-10-08 00:00:00,800.0,1000.0,950.0,360
Gujarat,Vadodara(Baroda),Vadodara(Sayajipura),Mint(Pudina),Other,FAQ,2011-10-10 00:00:00,750.0,1000.0,900.0,360
Gujarat,Vadodara(Baroda),Vadodara(Sayajipura),Mint(Pudina),Other,FAQ,2011-10-18 00:00:00,750.0,1000.0,900.0,360
Gujarat,Vadodara(Baroda),Vadodara(Sayajipura),Mint(Pudina),Other,FAQ,2011-11-01 00:00:00,2000.0,2500.0,2250.0,360
Gujarat,Vadodara(Baroda),Vadodara(Sayajipura),Mint(Pudina),Other,FAQ,2011-11-02 00:00:00,1500.0,2000.0,1750.0,360
Gujarat,Vadodara(Baroda),Vadodara(Sayajipura),Mint(Pudina),Other,FAQ,2011-11-05 00:00:00,1500.0,2000.0,1750.0,360
Gujarat,Vadodara(Baroda),Vadodara(Sayajipura),Mint(Pudina),Other,FAQ,2011-11-16 00:00:00,1000.0,1500.0,1300.0,360
Gujarat,Vadodara(Baroda),Vadodara(Sayajipura),Mint(Pudina),Other,FAQ,2011-11-17 00:00:00,1000.0,1500.0,1300.0,360
Gujarat,Vadodara(Baroda),Vadodara(Sayajipura),Mint(Pudina),Other,FAQ,2011-11-26 00:00:00,1000.0,1200.0,1100.0,360
Gujarat,Vadodara(Baroda),Vadodara(Sayajipura),Mint(Pudina),Other,FAQ,2011-11-30 00:00:00,1000.0,1200.0,1150.0,360
Gujarat,Vadodara(Baroda),Vadodara(Sayajipura),Mint(Pudina),Other,FAQ,2011-12-04 00:00:00,800.0,1200.0,1000.0,360
Gujarat,Vadodara(Baroda),Vadodara(Sayajipura),Mint(Pudina),Other,FAQ,2011-12-09 00:00:00,1000.0,1500.0,1275.0,360
Gujarat,Vadodara(Baroda),Vadodara(Sayajipura),Mint(Pudina),Other,FAQ,2011-12-12 00:00:00,1000.0,1200.0,1100.0,360
Gujarat,Vadodara(Baroda),Vadodara(Sayajipura),Mint(Pudina),Other,FAQ,2011-12-22 00:00:00,750.0,1250.0,1025.0,360
Gujarat,Ahmedabad,Ahmedabad(Rajnagar sub yard),Mint(Pudina),Other,FAQ,2011-01-04 00:00:00,1000.0,1500.0,1300.0,360
Gujarat,Ahmedabad,Ahmedabad(Rajnagar sub yard),Mint(Pudina),Other,FAQ,2011-01-05 00:00:00,1000.0,1100.0,1050.0,360
Gujarat,Ahmedabad,Ahmedabad(Rajnagar sub yard),Mint(Pudina),Other,FAQ,2011-01-18 00:00:00,600.0,1000.0,800.0,360
Gujarat,Ahmedabad,Ahmedabad(Rajnagar sub yard),Mint(Pudina),Other,FAQ,2011-01-22 00:00:00,700.0,1100.0,1000.0,360
Gujarat,Ahmedabad,Ahmedabad(Rajnagar sub yard),Mint(Pudina),Other,FAQ,2011-02-04 00:00:00,350.0,500.0,450.0,360
Gujarat,Ahmedabad,Ahmedabad(Rajnagar sub yard),Mint(Pudina),Other,FAQ,2011-02-15 00:00:00,400.0,700.0,600.0,360
Gujarat,Ahmedabad,Ahmedabad(Rajnagar sub yard),Mint(Pudina),Other,FAQ,2011-02-18 00:00:00,300.0,700.0,600.0,360
Gujarat,Ahmedabad,Ahmedabad(Rajnagar sub yard),Mint(Pudina),Other,FAQ,2011-02-19 00:00:00,500.0,800.0,700.0,360
Gujarat,Ahmedabad,Ahmedabad(Rajnagar sub yard),Mint(Pudina),Other,FAQ,2011-02-23 00:00:00,200.0,600.0,500.0,360
Gujarat,Ahmedabad,Ahmedabad(Rajnagar sub yard),Mint(Pudina),Other,FAQ,2011-02-28 00:00:00,4000.0,8000.0,6000.0,360
Gujarat,Ahmedabad,Ahmedabad(Rajnagar sub yard),Mint(Pudina),Other,FAQ,2011-03-01 00:00:00,400.0,600.0,500.0,360
Gujarat,Ahmedabad,Ahmedabad(Rajnagar sub yard),Mint(Pudina),Other,FAQ,2011-03-10 00:00:00,300.0,700.0,600.0,360
Gujarat,Ahmedabad,Ahmedabad(Rajnagar sub yard),Mint(Pudina),Other,FAQ,2011-03-14 00:00:00,500.0,800.0,700.0,360
Gujarat,Ahmedabad,Ahmedabad(Rajnagar sub yard),Mint(Pudina),Other,FAQ,2011-03-29 00:00:00,500.0,800.0,700.0,360
Gujarat,Ahmedabad,Ahmedabad(Rajnagar sub yard),Mint(Pudina),Other,FAQ,2011-04-01 00:00:00,500.0,800.0,700.0,360
Gujarat,Ahmedabad,Ahmedabad(Rajnagar sub yard),Mint(Pudina),Other,FAQ,2011-04-07 00:00:00,500.0,700.0,600.0,360
Gujarat,Ahmedabad,Ahmedabad(Rajnagar sub yard),Mint(Pudina),Other,FAQ,2011-04-12 00:00:00,500.0,600.0,550.0,360
Gujarat,Ahmedabad,Ahmedabad(Rajnagar sub yard),Mint(Pudina),Other,FAQ,2011-04-14 00:00:00,400.0,600.0,500.0,360
Gujarat,Ahmedabad,Ahmedabad(Rajnagar sub yard),Mint(Pudina),Other,FAQ,2011-04-26 00:00:00,500.0,700.0,600.0,360
Gujarat,Ahmedabad,Ahmedabad(Rajnagar sub yard),Mint(Pudina),Other,FAQ,2011-05-03 00:00:00,600.0,800.0,700.0,360
Gujarat,Ahmedabad,Ahmedabad(Rajnagar sub yard),Mint(Pudina),Other,FAQ,2011-05-11 00:00:00,500.0,700.0,600.0,360
Gujarat,Ahmedabad,Ahmedabad(Rajnagar sub yard),Mint(Pudina),Other,FAQ,2011-05-12 00:00:00,500.0,700.0,600.0,360
Gujarat,Ahmedabad,Ahmedabad(Rajnagar sub yard),Mint(Pudina),Other,FAQ,2011-05-17 00:00:00,700.0,1500.0,1200.0,360
Gujarat,Ahmedabad,Ahmedabad(Rajnagar sub yard),Mint(Pudina),Other,FAQ,2011-05-19 00:00:00,400.0,800.0,600.0,360
Gujarat,Ahmedabad,Ahmedabad(Rajnagar sub yard),Mint(Pudina),Other,FAQ,2011-05-23 00:00:00,400.0,800.0,700.0,360
Gujarat,Ahmedabad,Ahmedabad(Rajnagar sub yard),Mint(Pudina),Other,FAQ,2011-05-24 00:00:00,500.0,1000.0,800.0,360
Gujarat,Ahmedabad,Ahmedabad(Rajnagar sub yard),Mint(Pudina),Other,FAQ,2011-05-25 00:00:00,400.0,600.0,500.0,360
Gujarat,Ahmedabad,Ahmedabad(Rajnagar sub yard),Mint(Pudina),Other,FAQ,2011-06-01 00:00:00,500.0,700.0,600.0,360
Gujarat,Ahmedabad,Ahmedabad(Rajnagar sub yard),Mint(Pudina),Other,FAQ,2011-06-02 00:00:00,400.0,600.0,500.0,360
Gujarat,Ahmedabad,Ahmedabad(Rajnagar sub yard),Mint(Pudina),Other,FAQ,2011-06-06 00:00:00,500.0,1000.0,800.0,360
Gujarat,Ahmedabad,Ahmedabad(Rajnagar sub yard),Mint(Pudina),Other,FAQ,2011-06-08 00:00:00,700.0,1000.0,900.0,360
Gujarat,Ahmedabad,Ahmedabad(Rajnagar sub yard),Mint(Pudina),Other,FAQ,2011-06-24 00:00:00,500.0,1000.0,800.0,360
Gujarat,Ahmedabad,Ahmedabad(Rajnagar sub yard),Mint(Pudina),Other,FAQ,2011-06-25 00:00:00,500.0,800.0,700.0,360
Gujarat,Ahmedabad,Ahmedabad(Rajnagar sub yard),Mint(Pudina),Other,FAQ,2011-06-29 00:00:00,500.0,1200.0,900.0,360
Gujarat,Ahmedabad,Ahmedabad(Rajnagar sub yard),Mint(Pudina),Other,FAQ,2011-06-30 00:00:00,500.0,1000.0,800.0,360
Gujarat,Ahmedabad,Ahmedabad(Rajnagar sub yard),Mint(Pudina),Other,FAQ,2011-07-12 00:00:00,500.0,1000.0,800.0,360
Gujarat,Ahmedabad,Ahmedabad(Rajnagar sub yard),Mint(Pudina),Other,FAQ,2011-07-16 00:00:00,800.0,1000.0,900.0,360
Gujarat,Ahmedabad,Ahmedabad(Rajnagar sub yard),Mint(Pudina),Other,FAQ,2011-07-19 00:00:00,400.0,500.0,450.0,360
Gujarat,Ahmedabad,Ahmedabad(Rajnagar sub yard),Mint(Pudina),Other,FAQ,2011-07-26 00:00:00,800.0,1000.0,900.0,360
Gujarat,Ahmedabad,Ahmedabad(Rajnagar sub yard),Mint(Pudina),Other,FAQ,2011-08-09 00:00:00,800.0,1000.0,900.0,360
Gujarat,Ahmedabad,Ahmedabad(Rajnagar sub yard),Mint(Pudina),Other,FAQ,2011-08-17 00:00:00,1000.0,1500.0,1300.0,360
Gujarat,Ahmedabad,Ahmedabad(Rajnagar sub yard),Mint(Pudina),Other,FAQ,2011-08-19 00:00:00,1000.0,1200.0,1100.0,360
Gujarat,Ahmedabad,Ahmedabad(Rajnagar sub yard),Mint(Pudina),Other,FAQ,2011-08-23 00:00:00,600.0,1500.0,1200.0,360
Gujarat,Ahmedabad,Ahmedabad(Rajnagar sub yard),Mint(Pudina),Other,FAQ,2011-08-30 00:00:00,600.0,1000.0,800.0,360
Gujarat,Ahmedabad,Ahmedabad(Rajnagar sub yard),Mint(Pudina),Other,FAQ,2011-09-01 00:00:00,500.0,900.0,700.0,360
Gujarat,Ahmedabad,Ahmedabad(Rajnagar sub yard),Mint(Pudina),Other,FAQ,2011-09-03 00:00:00,600.0,800.0,700.0,360
Gujarat,Ahmedabad,Ahmedabad(Rajnagar sub yard),Mint(Pudina),Other,FAQ,2011-09-13 00:00:00,1000.0,1750.0,1500.0,360
Gujarat,Ahmedabad,Ahmedabad(Rajnagar sub yard),Mint(Pudina),Other,FAQ,2011-09-14 00:00:00,1000.0,1500.0,1300.0,360
Gujarat,Ahmedabad,Ahmedabad(Rajnagar sub yard),Mint(Pudina),Other,FAQ,2011-09-19 00:00:00,1500.0,2000.0,1800.0,360
Gujarat,Ahmedabad,Ahmedabad(Rajnagar sub yard),Mint(Pudina),Other,FAQ,2011-09-24 00:00:00,1500.0,2500.0,2000.0,360
Gujarat,Ahmedabad,Ahmedabad(Rajnagar sub yard),Mint(Pudina),Other,FAQ,2011-10-04 00:00:00,500.0,1500.0,1200.0,360
Gujarat,Ahmedabad,Ahmedabad(Rajnagar sub yard),Mint(Pudina),Other,FAQ,2011-10-05 00:00:00,500.0,1000.0,800.0,360
Gujarat,Ahmedabad,Ahmedabad(Rajnagar sub yard),Mint(Pudina),Other,FAQ,2011-10-10 00:00:00,500.0,1500.0,1200.0,360
Gujarat,Ahmedabad,Ahmedabad(Rajnagar sub yard),Mint(Pudina),Other,FAQ,2011-10-12 00:00:00,400.0,600.0,500.0,360
Gujarat,Ahmedabad,Ahmedabad(Rajnagar sub yard),Mint(Pudina),Other,FAQ,2011-10-20 00:00:00,400.0,1500.0,1000.0,360
Gujarat,Ahmedabad,Ahmedabad(Rajnagar sub yard),Mint(Pudina),Other,FAQ,2011-10-24 00:00:00,500.0,1500.0,1200.0,360
Gujarat,Ahmedabad,Ahmedabad(Rajnagar sub yard),Mint(Pudina),Other,FAQ,2011-10-26 00:00:00,400.0,1500.0,1000.0,360
Gujarat,Ahmedabad,Ahmedabad(Rajnagar sub yard),Mint(Pudina),Other,FAQ,2011-11-02 00:00:00,500.0,1000.0,800.0,360
Gujarat,Ahmedabad,Ahmedabad(Rajnagar sub yard),Mint(Pudina),Other,FAQ,2011-11-08 00:00:00,500.0,1000.0,800.0,360
Gujarat,Ahmedabad,Ahmedabad(Rajnagar sub yard),Mint(Pudina),Other,FAQ,2011-11-09 00:00:00,800.0,1200.0,1000.0,360
Gujarat,Ahmedabad,Ahmedabad(Rajnagar sub yard),Mint(Pudina),Other,FAQ,2011-12-01 00:00:00,500.0,900.0,800.0,360
Gujarat,Ahmedabad,Ahmedabad(Rajnagar sub yard),Mint(Pudina),Other,FAQ,2011-12-13 00:00:00,500.0,800.0,700.0,360
Gujarat,Ahmedabad,Ahmedabad(Rajnagar sub yard),Mint(Pudina),Other,FAQ,2011-12-15 00:00:00,400.0,800.0,600.0,360
Gujarat,Ahmedabad,Ahmedabad(Rajnagar sub yard),Mint(Pudina),Other,FAQ,2011-12-16 00:00:00,500.0,800.0,700.0,360
Gujarat,Ahmedabad,Ahmedabad(Rajnagar sub yard),Mint(Pudina),Other,FAQ,2011-12-17 00:00:00,500.0,1000.0,800.0,360
Gujarat,Ahmedabad,Ahmedabad(Rajnagar sub yard),Mint(Pudina),Other,FAQ,2011-12-27 00:00:00,800.0,1000.0,900.0,360
Gujarat,Ahmedabad,Ahmedabad(Rajnagar sub yard),Mint(Pudina),Other,FAQ,2011-12-29 00:00:00,700.0,1000.0,900.0,360
Gujarat,Ahmedabad,Ahmedabad(Rajnagar sub yard),Mint(Pudina),Other,FAQ,2011-12-31 00:00:00,800.0,1000.0,900.0,360
Gujarat,Bharuch,Bharuch,Mint(Pudina),Other,FAQ,2011-03-10 00:00:00,500.0,750.0,625.0,360
Gujarat,Bharuch,Bharuch,Mint(Pudina),Other,FAQ,2011-04-20 00:00:00,1000.0,1500.0,1250.0,360
Gujarat,Bharuch,Bharuch,Mint(Pudina),Other,FAQ,2011-07-12 00:00:00,1500.0,2000.0,1750.0,360
Gujarat,Bharuch,Bharuch,Mint(Pudina),Other,FAQ,2011-08-10 00:00:00,1000.0,1500.0,1250.0,360
Gujarat,Dahod,Dahod(Veg. Market),Mint(Pudina),Mint(Pudina),FAQ,2011-07-09 00:00:00,800.0,1300.0,1100.0,360
Gujarat,Dahod,Dahod(Veg. Market),Mint(Pudina),Other,FAQ,2011-06-03 00:00:00,1100.0,1500.0,1200.0,360
Gujarat,Dahod,Dahod(Veg. Market),Mint(Pudina),Other,FAQ,2011-06-25 00:00:00,800.0,1300.0,900.0,360
Gujarat,Dahod,Dahod(Veg. Market),Mint(Pudina),Other,FAQ,2011-06-28 00:00:00,800.0,1300.0,1100.0,360
Gujarat,Dahod,Dahod(Veg. Market),Mint(Pudina),Other,FAQ,2011-08-12 00:00:00,800.0,1200.0,1000.0,360
Gujarat,Dahod,Dahod(Veg. Market),Mint(Pudina),Other,FAQ,2011-08-18 00:00:00,1500.0,2000.0,1800.0,360
Gujarat,Dahod,Dahod(Veg. Market),Mint(Pudina),Other,FAQ,2011-08-21 00:00:00,1500.0,2000.0,1800.0,360
Gujarat,Dahod,Dahod(Veg. Market),Mint(Pudina),Other,FAQ,2011-09-14 00:00:00,3200.0,4000.0,3500.0,360
Gujarat,Dahod,Dahod(Veg. Market),Mint(Pudina),Other,FAQ,2011-09-23 00:00:00,3600.0,4500.0,4000.0,360
Gujarat,Dahod,Dahod(Veg. Market),Mint(Pudina),Other,FAQ,2011-10-02 00:00:00,3000.0,4000.0,3500.0,360
Gujarat,Dahod,Dahod(Veg. Market),Mint(Pudina),Other,FAQ,2011-10-21 00:00:00,2000.0,3000.0,2500.0,360
Gujarat,Dahod,Dahod(Veg. Market),Mint(Pudina),Other,FAQ,2011-10-22 00:00:00,2000.0,3000.0,3000.0,360
Gujarat,Dahod,Dahod(Veg. Market),Mint(Pudina),Other,FAQ,2011-10-26 00:00:00,2000.0,3000.0,2000.0,360
Gujarat,Dahod,Dahod(Veg. Market),Mint(Pudina),Other,FAQ,2011-10-28 00:00:00,2000.0,2500.0,2000.0,360
Gujarat,Dahod,Dahod(Veg. Market),Mint(Pudina),Other,FAQ,2011-10-29 00:00:00,2500.0,4000.0,3500.0,360
Gujarat,Dahod,Dahod(Veg. Market),Mint(Pudina),Other,FAQ,2011-11-06 00:00:00,2500.0,3500.0,3200.0,360
Gujarat,Dahod,Dahod(Veg. Market),Mint(Pudina),Other,FAQ,2011-11-08 00:00:00,2500.0,3500.0,2800.0,360
Gujarat,Dahod,Dahod(Veg. Market),Mint(Pudina),Other,FAQ,2011-11-09 00:00:00,3000.0,4000.0,3500.0,360
Gujarat,Dahod,Dahod(Veg. Market),Mint(Pudina),Other,FAQ,2011-11-12 00:00:00,2000.0,3500.0,3000.0,360
Gujarat,Dahod,Dahod(Veg. Market),Mint(Pudina),Other,FAQ,2011-11-16 00:00:00,3500.0,4000.0,3700.0,360
Gujarat,Dahod,Dahod(Veg. Market),Mint(Pudina),Other,FAQ,2011-11-22 00:00:00,3000.0,4000.0,3500.0,360
Gujarat,Dahod,Dahod(Veg. Market),Mint(Pudina),Other,FAQ,2011-12-01 00:00:00,3000.0,4000.0,3500.0,360
Gujarat,Dahod,Dahod(Veg. Market),Mint(Pudina),Other,FAQ,2011-12-16 00:00:00,2000.0,2500.0,2500.0,360
Gujarat,Dahod,Dahod(Veg. Market),Mint(Pudina),Other,FAQ,2011-12-18 00:00:00,2000.0,3000.0,2500.0,360
Gujarat,Vadodara(Baroda),Vadodara(Sayajipura),Mint(Pudina),Other,FAQ,2011-01-01 00:00:00,1250.0,1750.0,1500.0,360
Gujarat,Vadodara(Baroda),Vadodara(Sayajipura),Mint(Pudina),Other,FAQ,2011-01-06 00:00:00,1000.0,1500.0,1250.0,360
Gujarat,Vadodara(Baroda),Vadodara(Sayajipura),Mint(Pudina),Other,FAQ,2011-01-07 00:00:00,1100.0,1500.0,1300.0,360
Gujarat,Vadodara(Baroda),Vadodara(Sayajipura),Mint(Pudina),Other,FAQ,2011-01-09 00:00:00,1000.0,1100.0,1050.0,360
Gujarat,Vadodara(Baroda),Vadodara(Sayajipura),Mint(Pudina),Other,FAQ,2011-01-12 00:00:00,1200.0,1500.0,1375.0,360
Gujarat,Vadodara(Baroda),Vadodara(Sayajipura),Mint(Pudina),Other,FAQ,2011-01-23 00:00:00,900.0,1200.0,1050.0,360
Gujarat,Vadodara(Baroda),Vadodara(Sayajipura),Mint(Pudina),Other,FAQ,2011-02-06 00:00:00,900.0,1200.0,1050.0,360
Gujarat,Vadodara(Baroda),Vadodara(Sayajipura),Mint(Pudina),Other,FAQ,2011-02-09 00:00:00,900.0,1200.0,1050.0,360
Gujarat,Vadodara(Baroda),Vadodara(Sayajipura),Mint(Pudina),Other,FAQ,2011-02-15 00:00:00,700.0,900.0,800.0,360
Gujarat,Vadodara(Baroda),Vadodara(Sayajipura),Mint(Pudina),Other,FAQ,2011-02-18 00:00:00,1000.0,1100.0,1050.0,360
Gujarat,Vadodara(Baroda),Vadodara(Sayajipura),Mint(Pudina),Other,FAQ,2011-02-22 00:00:00,1000.0,1100.0,1050.0,360
Gujarat,Vadodara(Baroda),Vadodara(Sayajipura),Mint(Pudina),Other,FAQ,2011-02-25 00:00:00,800.0,1000.0,900.0,360
Gujarat,Vadodara(Baroda),Vadodara(Sayajipura),Mint(Pudina),Other,FAQ,2011-02-28 00:00:00,1100.0,1500.0,1300.0,360
Gujarat,Vadodara(Baroda),Vadodara(Sayajipura),Mint(Pudina),Other,FAQ,2011-03-05 00:00:00,900.0,1000.0,950.0,360
Gujarat,Vadodara(Baroda),Vadodara(Sayajipura),Mint(Pudina),Other,FAQ,2011-03-06 00:00:00,800.0,1000.0,900.0,360
Gujarat,Vadodara(Baroda),Vadodara(Sayajipura),Mint(Pudina),Other,FAQ,2011-03-07 00:00:00,900.0,1100.0,1000.0,360
Gujarat,Vadodara(Baroda),Vadodara(Sayajipura),Mint(Pudina),Other,FAQ,2011-03-14 00:00:00,800.0,1000.0,900.0,360
Gujarat,Vadodara(Baroda),Vadodara(Sayajipura),Mint(Pudina),Other,FAQ,2011-03-17 00:00:00,800.0,1000.0,900.0,360
Gujarat,Vadodara(Baroda),Vadodara(Sayajipura),Mint(Pudina),Other,FAQ,2011-03-18 00:00:00,900.0,1100.0,1000.0,360
Gujarat,Vadodara(Baroda),Vadodara(Sayajipura),Mint(Pudina),Other,FAQ,2011-04-02 00:00:00,900.0,1000.0,950.0,360
Gujarat,Vadodara(Baroda),Vadodara(Sayajipura),Mint(Pudina),Other,FAQ,2011-05-09 00:00:00,1000.0,1500.0,1250.0,360
Gujarat,Vadodara(Baroda),Vadodara(Sayajipura),Mint(Pudina),Other,FAQ,2011-05-13 00:00:00,900.0,1000.0,950.0,360
Gujarat,Vadodara(Baroda),Vadodara(Sayajipura),Mint(Pudina),Other,FAQ,2011-05-25 00:00:00,1100.0,1400.0,1250.0,360
Gujarat,Vadodara(Baroda),Vadodara(Sayajipura),Mint(Pudina),Other,FAQ,2011-06-02 00:00:00,1000.0,1500.0,1250.0,360
Gujarat,Vadodara(Baroda),Vadodara(Sayajipura),Mint(Pudina),Other,FAQ,2011-06-08 00:00:00,900.0,1300.0,1100.0,360
Gujarat,Vadodara(Baroda),Vadodara(Sayajipura),Mint(Pudina),Other,FAQ,2011-06-09 00:00:00,800.0,1250.0,1025.0,360
Gujarat,Vadodara(Baroda),Vadodara(Sayajipura),Mint(Pudina),Other,FAQ,2011-06-17 00:00:00,900.0,1000.0,950.0,360
Gujarat,Vadodara(Baroda),Vadodara(Sayajipura),Mint(Pudina),Other,FAQ,2011-06-28 00:00:00,900.0,1100.0,1000.0,360
Gujarat,Vadodara(Baroda),Vadodara(Sayajipura),Mint(Pudina),Other,FAQ,2011-06-29 00:00:00,800.0,1100.0,950.0,360
Gujarat,Vadodara(Baroda),Vadodara(Sayajipura),Mint(Pudina),Other,FAQ,2011-07-03 00:00:00,900.0,1000.0,950.0,360
Gujarat,Vadodara(Baroda),Vadodara(Sayajipura),Mint(Pudina),Other,FAQ,2011-07-05 00:00:00,1000.0,1200.0,1100.0,360
Gujarat,Ahmedabad,Ahmedabad(Rajnagar sub yard),Mint(Pudina),Other,FAQ,2012-01-11 00:00:00,1000.0,1600.0,1400.0,360
Gujarat,Ahmedabad,Ahmedabad(Rajnagar sub yard),Mint(Pudina),Other,FAQ,2012-01-13 00:00:00,1000.0,1300.0,1200.0,360
Gujarat,Ahmedabad,Ahmedabad(Rajnagar sub yard),Mint(Pudina),Other,FAQ,2012-01-27 00:00:00,1000.0,1500.0,1300.0,360
Gujarat,Ahmedabad,Ahmedabad(Rajnagar sub yard),Mint(Pudina),Other,FAQ,2012-02-03 00:00:00,400.0,1000.0,800.0,360
Gujarat,Ahmedabad,Ahmedabad(Rajnagar sub yard),Mint(Pudina),Other,FAQ,2012-02-04 00:00:00,500.0,1000.0,800.0,360
Gujarat,Ahmedabad,Ahmedabad(Rajnagar sub yard),Mint(Pudina),Other,FAQ,2012-02-14 00:00:00,500.0,800.0,700.0,360
Gujarat,Ahmedabad,Ahmedabad(Rajnagar sub yard),Mint(Pudina),Other,FAQ,2012-03-03 00:00:00,400.0,600.0,500.0,360
Gujarat,Ahmedabad,Ahmedabad(Rajnagar sub yard),Mint(Pudina),Other,FAQ,2012-03-09 00:00:00,500.0,700.0,600.0,360
Gujarat,Ahmedabad,Ahmedabad(Rajnagar sub yard),Mint(Pudina),Other,FAQ,2012-03-10 00:00:00,400.0,700.0,600.0,360
Gujarat,Ahmedabad,Ahmedabad(Rajnagar sub yard),Mint(Pudina),Other,FAQ,2012-03-17 00:00:00,250.0,600.0,450.0,360
Gujarat,Ahmedabad,Ahmedabad(Rajnagar sub yard),Mint(Pudina),Other,FAQ,2012-03-23 00:00:00,250.0,500.0,400.0,360
Gujarat,Ahmedabad,Ahmedabad(Rajnagar sub yard),Mint(Pudina),Other,FAQ,2012-03-29 00:00:00,300.0,500.0,400.0,360
Gujarat,Ahmedabad,Ahmedabad(Rajnagar sub yard),Mint(Pudina),Other,FAQ,2012-03-30 00:00:00,300.0,400.0,350.0,360
Gujarat,Ahmedabad,Ahmedabad(Rajnagar sub yard),Mint(Pudina),Other,FAQ,2012-04-07 00:00:00,500.0,700.0,600.0,360
Gujarat,Ahmedabad,Ahmedabad(Rajnagar sub yard),Mint(Pudina),Other,FAQ,2012-04-12 00:00:00,600.0,1000.0,900.0,360
Gujarat,Ahmedabad,Ahmedabad(Rajnagar sub yard),Mint(Pudina),Other,FAQ,2012-04-23 00:00:00,300.0,700.0,600.0,360
Gujarat,Ahmedabad,Ahmedabad(Rajnagar sub yard),Mint(Pudina),Other,FAQ,2012-04-25 00:00:00,400.0,1500.0,1000.0,360
Gujarat,Ahmedabad,Ahmedabad(Rajnagar sub yard),Mint(Pudina),Other,FAQ,2012-04-30 00:00:00,600.0,900.0,800.0,360
Gujarat,Ahmedabad,Ahmedabad(Rajnagar sub yard),Mint(Pudina),Other,FAQ,2012-05-09 00:00:00,500.0,1000.0,800.0,360
Gujarat,Ahmedabad,Ahmedabad(Rajnagar sub yard),Mint(Pudina),Other,FAQ,2012-05-23 00:00:00,900.0,1500.0,1300.0,360
Gujarat,Ahmedabad,Ahmedabad(Rajnagar sub yard),Mint(Pudina),Other,FAQ,2012-05-25 00:00:00,500.0,1200.0,900.0,360
Gujarat,Ahmedabad,Ahmedabad(Rajnagar sub yard),Mint(Pudina),Other,FAQ,2012-05-26 00:00:00,600.0,1000.0,900.0,360
Gujarat,Ahmedabad,Ahmedabad(Rajnagar sub yard),Mint(Pudina),Other,FAQ,2012-05-28 00:00:00,600.0,1200.0,1000.0,360
Gujarat,Ahmedabad,Ahmedabad(Rajnagar sub yard),Mint(Pudina),Other,FAQ,2012-05-29 00:00:00,1000.0,1500.0,1300.0,360
Gujarat,Ahmedabad,Ahmedabad(Rajnagar sub yard),Mint(Pudina),Other,FAQ,2012-06-08 00:00:00,600.0,1000.0,800.0,360
Gujarat,Ahmedabad,Ahmedabad(Rajnagar sub yard),Mint(Pudina),Other,FAQ,2012-06-19 00:00:00,1000.0,1500.0,1300.0,360
Gujarat,Ahmedabad,Ahmedabad(Rajnagar sub yard),Mint(Pudina),Other,FAQ,2012-06-25 00:00:00,1000.0,1500.0,1300.0,360
Gujarat,Ahmedabad,Ahmedabad(Rajnagar sub yard),Mint(Pudina),Other,FAQ,2012-06-26 00:00:00,1000.0,1200.0,1100.0,360
Gujarat,Ahmedabad,Ahmedabad(Rajnagar sub yard),Mint(Pudina),Other,FAQ,2012-06-29 00:00:00,1000.0,2000.0,1500.0,360
Gujarat,Ahmedabad,Ahmedabad(Rajnagar sub yard),Mint(Pudina),Other,FAQ,2012-07-18 00:00:00,1500.0,2500.0,2000.0,360
Gujarat,Ahmedabad,Ahmedabad(Rajnagar sub yard),Mint(Pudina),Other,FAQ,2012-07-24 00:00:00,1500.0,2500.0,2200.0,360
Gujarat,Ahmedabad,Ahmedabad(Rajnagar sub yard),Mint(Pudina),Other,FAQ,2012-08-01 00:00:00,700.0,2000.0,1500.0,360
Gujarat,Ahmedabad,Ahmedabad(Rajnagar sub yard),Mint(Pudina),Other,FAQ,2012-08-06 00:00:00,1200.0,3000.0,2500.0,360
Gujarat,Ahmedabad,Ahmedabad(Rajnagar sub yard),Mint(Pudina),Other,FAQ,2012-08-09 00:00:00,800.0,2500.0,2000.0,360
Gujarat,Ahmedabad,Ahmedabad(Rajnagar sub yard),Mint(Pudina),Other,FAQ,2012-08-20 00:00:00,800.0,3000.0,2200.0,360
Gujarat,Ahmedabad,Ahmedabad(Rajnagar sub yard),Mint(Pudina),Other,FAQ,2012-08-27 00:00:00,800.0,3000.0,2000.0,360
Gujarat,Ahmedabad,Ahmedabad(Rajnagar sub yard),Mint(Pudina),Other,FAQ,2012-08-30 00:00:00,800.0,2500.0,1800.0,360
Gujarat,Ahmedabad,Ahmedabad(Rajnagar sub yard),Mint(Pudina),Other,FAQ,2012-09-05 00:00:00,800.0,3000.0,2000.0,360
Gujarat,Ahmedabad,Ahmedabad(Rajnagar sub yard),Mint(Pudina),Other,FAQ,2012-09-06 00:00:00,1500.0,3000.0,2500.0,360
Gujarat,Ahmedabad,Ahmedabad(Rajnagar sub yard),Mint(Pudina),Other,FAQ,2012-09-13 00:00:00,2500.0,3000.0,2800.0,360
Gujarat,Ahmedabad,Ahmedabad(Rajnagar sub yard),Mint(Pudina),Other,FAQ,2012-09-19 00:00:00,2000.0,2500.0,2300.0,360
Gujarat,Ahmedabad,Ahmedabad(Rajnagar sub yard),Mint(Pudina),Other,FAQ,2012-09-26 00:00:00,1500.0,2500.0,2000.0,360
Gujarat,Ahmedabad,Ahmedabad(Rajnagar sub yard),Mint(Pudina),Other,FAQ,2012-09-27 00:00:00,1500.0,3000.0,2500.0,360
Gujarat,Ahmedabad,Ahmedabad(Rajnagar sub yard),Mint(Pudina),Other,FAQ,2012-10-01 00:00:00,1250.0,2500.0,2000.0,360
Gujarat,Ahmedabad,Ahmedabad(Rajnagar sub yard),Mint(Pudina),Other,FAQ,2012-10-22 00:00:00,800.0,2000.0,1500.0,360
Gujarat,Ahmedabad,Ahmedabad(Rajnagar sub yard),Mint(Pudina),Other,FAQ,2012-11-02 00:00:00,2000.0,2500.0,2300.0,360
Gujarat,Ahmedabad,Ahmedabad(Rajnagar sub yard),Mint(Pudina),Other,FAQ,2012-11-28 00:00:00,1000.0,1500.0,1300.0,360
Gujarat,Ahmedabad,Ahmedabad(Rajnagar sub yard),Mint(Pudina),Other,FAQ,2012-12-18 00:00:00,600.0,1500.0,1200.0,360
Gujarat,Ahmedabad,Ahmedabad(Rajnagar sub yard),Mint(Pudina),Other,FAQ,2012-12-19 00:00:00,700.0,1000.0,900.0,360
Gujarat,Ahmedabad,Ahmedabad(Rajnagar sub yard),Mint(Pudina),Other,FAQ,2012-12-21 00:00:00,500.0,800.0,700.0,360
Gujarat,Ahmedabad,Ahmedabad(Rajnagar sub yard),Mint(Pudina),Other,FAQ,2012-12-22 00:00:00,600.0,1000.0,900.0,360
Gujarat,Ahmedabad,Ahmedabad(Rajnagar sub yard),Mint(Pudina),Other,FAQ,2012-12-28 00:00:00,600.0,1200.0,1000.0,360
Gujarat,Bharuch,Bharuch,Mint(Pudina),Other,FAQ,2012-04-21 00:00:00,1000.0,1500.0,1250.0,360
Gujarat,Bharuch,Bharuch,Mint(Pudina),Other,FAQ,2012-06-16 00:00:00,1400.0,1500.0,1450.0,360
Gujarat,Dahod,Dahod(Veg. Market),Mint(Pudina),Other,FAQ,2012-01-11 00:00:00,2000.0,2850.0,2500.0,360
Gujarat,Dahod,Dahod(Veg. Market),Mint(Pudina),Other,FAQ,2012-01-21 00:00:00,2500.0,3000.0,2500.0,360
Gujarat,Dahod,Dahod(Veg. Market),Mint(Pudina),Other,FAQ,2012-01-23 00:00:00,2500.0,3000.0,2800.0,360
Gujarat,Dahod,Dahod(Veg. Market),Mint(Pudina),Other,FAQ,2012-02-02 00:00:00,2500.0,3000.0,3000.0,360
Gujarat,Dahod,Dahod(Veg. Market),Mint(Pudina),Other,FAQ,2012-02-09 00:00:00,2500.0,3500.0,3000.0,360
Gujarat,Dahod,Dahod(Veg. Market),Mint(Pudina),Other,FAQ,2012-02-11 00:00:00,2500.0,3000.0,2800.0,360
Gujarat,Dahod,Dahod(Veg. Market),Mint(Pudina),Other,FAQ,2012-02-17 00:00:00,2000.0,2500.0,2400.0,360
Gujarat,Dahod,Dahod(Veg. Market),Mint(Pudina),Other,FAQ,2012-02-19 00:00:00,2000.0,3000.0,2500.0,360
Gujarat,Dahod,Dahod(Veg. Market),Mint(Pudina),Other,FAQ,2012-02-21 00:00:00,2000.0,3000.0,2500.0,360
Gujarat,Dahod,Dahod(Veg. Market),Mint(Pudina),Other,FAQ,2012-02-25 00:00:00,2000.0,3000.0,2500.0,360
Gujarat,Dahod,Dahod(Veg. Market),Mint(Pudina),Other,FAQ,2012-02-26 00:00:00,2000.0,3000.0,2500.0,360
Gujarat,Dahod,Dahod(Veg. Market),Mint(Pudina),Other,FAQ,2012-03-02 00:00:00,2000.0,3000.0,2500.0,360
Gujarat,Dahod,Dahod(Veg. Market),Mint(Pudina),Other,FAQ,2012-03-09 00:00:00,1500.0,2500.0,2000.0,360
Gujarat,Dahod,Dahod(Veg. Market),Mint(Pudina),Other,FAQ,2012-03-22 00:00:00,1500.0,2500.0,2000.0,360
Gujarat,Dahod,Dahod(Veg. Market),Mint(Pudina),Other,FAQ,2012-03-23 00:00:00,1500.0,2500.0,2000.0,360
Gujarat,Dahod,Dahod(Veg. Market),Mint(Pudina),Other,FAQ,2012-03-31 00:00:00,1800.0,2300.0,2000.0,360
Gujarat,Dahod,Dahod(Veg. Market),Mint(Pudina),Other,FAQ,2012-04-04 00:00:00,1500.0,2500.0,2000.0,360
Gujarat,Dahod,Dahod(Veg. Market),Mint(Pudina),Other,FAQ,2012-04-12 00:00:00,1500.0,2000.0,1750.0,360
Gujarat,Dahod,Dahod(Veg. Market),Mint(Pudina),Other,FAQ,2012-04-14 00:00:00,1500.0,2000.0,2000.0,360
Gujarat,Dahod,Dahod(Veg. Market),Mint(Pudina),Other,FAQ,2012-04-27 00:00:00,1500.0,2000.0,2000.0,360
Gujarat,Dahod,Dahod(Veg. Market),Mint(Pudina),Other,FAQ,2012-04-28 00:00:00,1500.0,2000.0,2000.0,360
Gujarat,Dahod,Dahod(Veg. Market),Mint(Pudina),Other,FAQ,2012-05-02 00:00:00,1500.0,2000.0,1800.0,360
Gujarat,Dahod,Dahod(Veg. Market),Mint(Pudina),Other,FAQ,2012-05-03 00:00:00,1000.0,1800.0,1700.0,360
Gujarat,Dahod,Dahod(Veg. Market),Mint(Pudina),Other,FAQ,2012-05-10 00:00:00,1000.0,1500.0,1300.0,360
Gujarat,Dahod,Dahod(Veg. Market),Mint(Pudina),Other,FAQ,2012-05-13 00:00:00,1000.0,1500.0,1500.0,360
Gujarat,Dahod,Dahod(Veg. Market),Mint(Pudina),Other,FAQ,2012-05-14 00:00:00,1000.0,1500.0,1500.0,360
Gujarat,Dahod,Dahod(Veg. Market),Mint(Pudina),Other,FAQ,2012-05-20 00:00:00,1000.0,1500.0,1500.0,360
Gujarat,Dahod,Dahod(Veg. Market),Mint(Pudina),Other,FAQ,2012-07-07 00:00:00,2000.0,3000.0,2500.0,360
Gujarat,Dahod,Dahod(Veg. Market),Mint(Pudina),Other,FAQ,2012-07-17 00:00:00,1500.0,3000.0,2000.0,360
Gujarat,Dahod,Dahod(Veg. Market),Mint(Pudina),Other,FAQ,2012-07-19 00:00:00,3000.0,4000.0,3500.0,360
Gujarat,Dahod,Dahod(Veg. Market),Mint(Pudina),Other,FAQ,2012-07-20 00:00:00,3200.0,4000.0,3500.0,360
Gujarat,Dahod,Dahod(Veg. Market),Mint(Pudina),Other,FAQ,2012-07-23 00:00:00,3000.0,7000.0,4000.0,360
Gujarat,Dahod,Dahod(Veg. Market),Mint(Pudina),Other,FAQ,2012-07-24 00:00:00,3500.0,4000.0,3750.0,360
Gujarat,Dahod,Dahod(Veg. Market),Mint(Pudina),Other,FAQ,2012-07-26 00:00:00,3000.0,4000.0,3500.0,360
Gujarat,Dahod,Dahod(Veg. Market),Mint(Pudina),Other,FAQ,2012-07-31 00:00:00,3000.0,4500.0,4000.0,360
Gujarat,Dahod,Dahod(Veg. Market),Mint(Pudina),Other,FAQ,2012-08-05 00:00:00,5000.0,6500.0,6000.0,360
Gujarat,Dahod,Dahod(Veg. Market),Mint(Pudina),Other,FAQ,2012-08-18 00:00:00,7000.0,15000.0,13000.0,360
Gujarat,Dahod,Dahod(Veg. Market),Mint(Pudina),Other,FAQ,2012-08-28 00:00:00,9500.0,17000.0,13000.0,360
Gujarat,Dahod,Dahod(Veg. Market),Mint(Pudina),Other,FAQ,2012-09-04 00:00:00,8000.0,9000.0,8000.0,360
Gujarat,Dahod,Dahod(Veg. Market),Mint(Pudina),Other,FAQ,2012-09-08 00:00:00,4500.0,8500.0,8000.0,360
Gujarat,Dahod,Dahod(Veg. Market),Mint(Pudina),Other,FAQ,2012-09-13 00:00:00,4000.0,6000.0,6000.0,360
Gujarat,Dahod,Dahod(Veg. Market),Mint(Pudina),Other,FAQ,2012-09-18 00:00:00,5000.0,6000.0,6000.0,360
Gujarat,Dahod,Dahod(Veg. Market),Mint(Pudina),Other,FAQ,2012-09-24 00:00:00,5000.0,8000.0,7000.0,360
Gujarat,Dahod,Dahod(Veg. Market),Mint(Pudina),Other,FAQ,2012-10-11 00:00:00,6000.0,8000.0,7000.0,360
Gujarat,Dahod,Dahod(Veg. Market),Mint(Pudina),Other,FAQ,2012-10-21 00:00:00,4000.0,5000.0,4700.0,360
Gujarat,Dahod,Dahod(Veg. Market),Mint(Pudina),Other,FAQ,2012-10-22 00:00:00,4500.0,6000.0,5000.0,360
Gujarat,Dahod,Dahod(Veg. Market),Mint(Pudina),Other,FAQ,2012-10-28 00:00:00,6500.0,7000.0,7000.0,360
Gujarat,Dahod,Dahod(Veg. Market),Mint(Pudina),Other,FAQ,2012-10-30 00:00:00,7000.0,8000.0,8000.0,360
Gujarat,Dahod,Dahod(Veg. Market),Mint(Pudina),Other,FAQ,2012-11-08 00:00:00,4000.0,6000.0,5000.0,360
Gujarat,Dahod,Dahod(Veg. Market),Mint(Pudina),Other,FAQ,2012-11-09 00:00:00,4000.0,5000.0,4500.0,360
Gujarat,Dahod,Dahod(Veg. Market),Mint(Pudina),Other,FAQ,2012-11-12 00:00:00,5000.0,7000.0,7000.0,360
Gujarat,Dahod,Dahod(Veg. Market),Mint(Pudina),Other,FAQ,2012-12-02 00:00:00,3000.0,6000.0,5000.0,360
Gujarat,Dahod,Dahod(Veg. Market),Mint(Pudina),Other,FAQ,2012-12-16 00:00:00,1500.0,4000.0,3500.0,360
Gujarat,Dahod,Dahod(Veg. Market),Mint(Pudina),Other,FAQ,2012-12-26 00:00:00,1500.0,3000.0,2500.0,360
Gujarat,Vadodara(Baroda),Vadodara(Sayajipura),Mint(Pudina),Other,FAQ,2012-01-18 00:00:00,1000.0,1300.0,1200.0,360
Gujarat,Vadodara(Baroda),Vadodara(Sayajipura),Mint(Pudina),Other,FAQ,2012-01-20 00:00:00,900.0,1200.0,1050.0,360
Gujarat,Vadodara(Baroda),Vadodara(Sayajipura),Mint(Pudina),Other,FAQ,2012-01-21 00:00:00,900.0,1200.0,1050.0,360
Gujarat,Vadodara(Baroda),Vadodara(Sayajipura),Mint(Pudina),Other,FAQ,2012-01-22 00:00:00,1500.0,2000.0,1800.0,360
Gujarat,Vadodara(Baroda),Vadodara(Sayajipura),Mint(Pudina),Other,FAQ,2012-01-24 00:00:00,1500.0,2000.0,1800.0,360
Gujarat,Vadodara(Baroda),Vadodara(Sayajipura),Mint(Pudina),Other,FAQ,2012-02-04 00:00:00,1000.0,1500.0,1300.0,360
Gujarat,Vadodara(Baroda),Vadodara(Sayajipura),Mint(Pudina),Other,FAQ,2012-02-07 00:00:00,1000.0,1500.0,1300.0,360
Gujarat,Vadodara(Baroda),Vadodara(Sayajipura),Mint(Pudina),Other,FAQ,2012-02-11 00:00:00,1000.0,1500.0,1300.0,360
Gujarat,Vadodara(Baroda),Vadodara(Sayajipura),Mint(Pudina),Other,FAQ,2012-02-15 00:00:00,1500.0,2000.0,1800.0,360
Gujarat,Vadodara(Baroda),Vadodara(Sayajipura),Mint(Pudina),Other,FAQ,2012-02-19 00:00:00,1500.0,2000.0,1800.0,360
Gujarat,Vadodara(Baroda),Vadodara(Sayajipura),Mint(Pudina),Other,FAQ,2012-02-21 00:00:00,1500.0,2000.0,1825.0,360
Gujarat,Vadodara(Baroda),Vadodara(Sayajipura),Mint(Pudina),Other,FAQ,2012-02-28 00:00:00,1000.0,1500.0,1275.0,360
Gujarat,Vadodara(Baroda),Vadodara(Sayajipura),Mint(Pudina),Other,FAQ,2012-03-01 00:00:00,1250.0,1750.0,1550.0,360
Gujarat,Vadodara(Baroda),Vadodara(Sayajipura),Mint(Pudina),Other,FAQ,2012-03-16 00:00:00,1000.0,1500.0,1350.0,360
Gujarat,Vadodara(Baroda),Vadodara(Sayajipura),Mint(Pudina),Other,FAQ,2012-03-20 00:00:00,1000.0,1200.0,1150.0,360
Gujarat,Vadodara(Baroda),Vadodara(Sayajipura),Mint(Pudina),Other,FAQ,2012-03-28 00:00:00,1000.0,1500.0,1300.0,360
Gujarat,Vadodara(Baroda),Vadodara(Sayajipura),Mint(Pudina),Other,FAQ,2012-03-29 00:00:00,1000.0,1500.0,1300.0,360
Gujarat,Vadodara(Baroda),Vadodara(Sayajipura),Mint(Pudina),Other,FAQ,2012-04-02 00:00:00,1000.0,1500.0,1300.0,360
Gujarat,Vadodara(Baroda),Vadodara(Sayajipura),Mint(Pudina),Other,FAQ,2012-04-03 00:00:00,1000.0,1500.0,1300.0,360
Gujarat,Vadodara(Baroda),Vadodara(Sayajipura),Mint(Pudina),Other,FAQ,2012-04-07 00:00:00,1000.0,1250.0,1125.0,360
Gujarat,Vadodara(Baroda),Vadodara(Sayajipura),Mint(Pudina),Other,FAQ,2012-04-16 00:00:00,1000.0,1400.0,1200.0,360
Gujarat,Vadodara(Baroda),Vadodara(Sayajipura),Mint(Pudina),Other,FAQ,2012-04-28 00:00:00,1000.0,1750.0,1400.0,360
Gujarat,Vadodara(Baroda),Vadodara(Sayajipura),Mint(Pudina),Other,FAQ,2012-05-02 00:00:00,1000.0,1300.0,1200.0,360
Gujarat,Vadodara(Baroda),Vadodara(Sayajipura),Mint(Pudina),Other,FAQ,2012-05-04 00:00:00,500.0,800.0,700.0,360
Gujarat,Vadodara(Baroda),Vadodara(Sayajipura),Mint(Pudina),Other,FAQ,2012-05-06 00:00:00,900.0,1100.0,1025.0,360
Gujarat,Vadodara(Baroda),Vadodara(Sayajipura),Mint(Pudina),Other,FAQ,2012-05-07 00:00:00,900.0,1100.0,1025.0,360
Gujarat,Vadodara(Baroda),Vadodara(Sayajipura),Mint(Pudina),Other,FAQ,2012-05-08 00:00:00,900.0,1100.0,1025.0,360
Gujarat,Vadodara(Baroda),Vadodara(Sayajipura),Mint(Pudina),Other,FAQ,2012-05-10 00:00:00,900.0,1100.0,1025.0,360
Gujarat,Vadodara(Baroda),Vadodara(Sayajipura),Mint(Pudina),Other,FAQ,2012-05-21 00:00:00,1000.0,1300.0,1200.0,360
Gujarat,Vadodara(Baroda),Vadodara(Sayajipura),Mint(Pudina),Other,FAQ,2012-05-25 00:00:00,1000.0,1300.0,1200.0,360
Gujarat,Vadodara(Baroda),Vadodara(Sayajipura),Mint(Pudina),Other,FAQ,2012-05-30 00:00:00,1000.0,1300.0,1200.0,360
Gujarat,Vadodara(Baroda),Vadodara(Sayajipura),Mint(Pudina),Other,FAQ,2012-06-01 00:00:00,1000.0,1250.0,1125.0,360
Gujarat,Vadodara(Baroda),Vadodara(Sayajipura),Mint(Pudina),Other,FAQ,2012-06-02 00:00:00,1000.0,1200.0,1125.0,360
Gujarat,Vadodara(Baroda),Vadodara(Sayajipura),Mint(Pudina),Other,FAQ,2012-06-07 00:00:00,1000.0,1250.0,1150.0,360
Gujarat,Vadodara(Baroda),Vadodara(Sayajipura),Mint(Pudina),Other,FAQ,2012-06-09 00:00:00,1000.0,1250.0,1150.0,360
Gujarat,Vadodara(Baroda),Vadodara(Sayajipura),Mint(Pudina),Other,FAQ,2012-06-17 00:00:00,1000.0,1500.0,1300.0,360
Gujarat,Vadodara(Baroda),Vadodara(Sayajipura),Mint(Pudina),Other,FAQ,2012-06-21 00:00:00,1000.0,1500.0,1300.0,360
Gujarat,Vadodara(Baroda),Vadodara(Sayajipura),Mint(Pudina),Other,FAQ,2012-06-23 00:00:00,1000.0,1500.0,1300.0,360
Gujarat,Vadodara(Baroda),Vadodara(Sayajipura),Mint(Pudina),Other,FAQ,2012-06-26 00:00:00,1100.0,1500.0,1375.0,360
Gujarat,Vadodara(Baroda),Vadodara(Sayajipura),Mint(Pudina),Other,FAQ,2012-06-27 00:00:00,1100.0,1500.0,1375.0,360
Gujarat,Vadodara(Baroda),Vadodara(Sayajipura),Mint(Pudina),Other,FAQ,2012-06-29 00:00:00,1100.0,1500.0,1375.0,360
Gujarat,Vadodara(Baroda),Vadodara(Sayajipura),Mint(Pudina),Other,FAQ,2012-07-06 00:00:00,1500.0,2000.0,1800.0,360
Gujarat,Vadodara(Baroda),Vadodara(Sayajipura),Mint(Pudina),Other,FAQ,2012-07-09 00:00:00,1500.0,2000.0,1800.0,360
Gujarat,Vadodara(Baroda),Vadodara(Sayajipura),Mint(Pudina),Other,FAQ,2012-07-16 00:00:00,1000.0,1500.0,1275.0,360
Gujarat,Vadodara(Baroda),Vadodara(Sayajipura),Mint(Pudina),Other,FAQ,2012-07-22 00:00:00,1500.0,1750.0,1650.0,360
Gujarat,Vadodara(Baroda),Vadodara(Sayajipura),Mint(Pudina),Other,FAQ,2012-07-23 00:00:00,1500.0,1700.0,1600.0,360
Gujarat,Vadodara(Baroda),Vadodara(Sayajipura),Mint(Pudina),Other,FAQ,2012-07-29 00:00:00,1000.0,2000.0,1550.0,360
Gujarat,Vadodara(Baroda),Vadodara(Sayajipura),Mint(Pudina),Other,FAQ,2012-07-30 00:00:00,1000.0,2000.0,1550.0,360
Gujarat,Vadodara(Baroda),Vadodara(Sayajipura),Mint(Pudina),Other,FAQ,2012-08-12 00:00:00,1500.0,2000.0,1750.0,360
Gujarat,Vadodara(Baroda),Vadodara(Sayajipura),Mint(Pudina),Other,FAQ,2012-08-14 00:00:00,1500.0,2000.0,1750.0,360
Gujarat,Vadodara(Baroda),Vadodara(Sayajipura),Mint(Pudina),Other,FAQ,2012-08-18 00:00:00,1250.0,1750.0,1550.0,360
Gujarat,Vadodara(Baroda),Vadodara(Sayajipura),Mint(Pudina),Other,FAQ,2012-08-27 00:00:00,2000.0,3000.0,2550.0,360
Gujarat,Vadodara(Baroda),Vadodara(Sayajipura),Mint(Pudina),Other,FAQ,2012-09-01 00:00:00,2000.0,2500.0,2250.0,360
Gujarat,Vadodara(Baroda),Vadodara(Sayajipura),Mint(Pudina),Other,FAQ,2012-09-04 00:00:00,1500.0,2000.0,1800.0,360
Gujarat,Vadodara(Baroda),Vadodara(Sayajipura),Mint(Pudina),Other,FAQ,2012-09-21 00:00:00,1500.0,2000.0,1800.0,360
Gujarat,Vadodara(Baroda),Vadodara(Sayajipura),Mint(Pudina),Other,FAQ,2012-10-08 00:00:00,1500.0,2000.0,1800.0,360
Gujarat,Vadodara(Baroda),Vadodara(Sayajipura),Mint(Pudina),Other,FAQ,2012-10-13 00:00:00,1500.0,2000.0,1800.0,360
Gujarat,Vadodara(Baroda),Vadodara(Sayajipura),Mint(Pudina),Other,FAQ,2012-10-16 00:00:00,1500.0,2000.0,1800.0,360
Gujarat,Vadodara(Baroda),Vadodara(Sayajipura),Mint(Pudina),Other,FAQ,2012-10-23 00:00:00,2000.0,2500.0,2250.0,360
Gujarat,Vadodara(Baroda),Vadodara(Sayajipura),Mint(Pudina),Other,FAQ,2012-10-24 00:00:00,2000.0,2500.0,2300.0,360
Gujarat,Vadodara(Baroda),Vadodara(Sayajipura),Mint(Pudina),Other,FAQ,2012-11-01 00:00:00,2000.0,3000.0,2500.0,360
Gujarat,Vadodara(Baroda),Vadodara(Sayajipura),Mint(Pudina),Other,FAQ,2012-11-02 00:00:00,2000.0,2500.0,2250.0,360
Gujarat,Vadodara(Baroda),Vadodara(Sayajipura),Mint(Pudina),Other,FAQ,2012-11-06 00:00:00,1500.0,2500.0,2125.0,360
Gujarat,Vadodara(Baroda),Vadodara(Sayajipura),Mint(Pudina),Other,FAQ,2012-11-09 00:00:00,1000.0,2000.0,1750.0,360
Gujarat,Vadodara(Baroda),Vadodara(Sayajipura),Mint(Pudina),Other,FAQ,2012-11-16 00:00:00,1000.0,1500.0,1300.0,360
Gujarat,Vadodara(Baroda),Vadodara(Sayajipura),Mint(Pudina),Other,FAQ,2012-11-19 00:00:00,1000.0,1500.0,1300.0,360
Gujarat,Vadodara(Baroda),Vadodara(Sayajipura),Mint(Pudina),Other,FAQ,2012-11-22 00:00:00,1000.0,1500.0,1300.0,360
Gujarat,Vadodara(Baroda),Vadodara(Sayajipura),Mint(Pudina),Other,FAQ,2012-11-26 00:00:00,1000.0,1500.0,1300.0,360
Gujarat,Vadodara(Baroda),Vadodara(Sayajipura),Mint(Pudina),Other,FAQ,2012-12-02 00:00:00,1500.0,2000.0,1750.0,360
Gujarat,Vadodara(Baroda),Vadodara(Sayajipura),Mint(Pudina),Other,FAQ,2012-12-12 00:00:00,1500.0,2000.0,1800.0,360
Gujarat,Vadodara(Baroda),Vadodara(Sayajipura),Mint(Pudina),Other,FAQ,2012-12-28 00:00:00,1500.0,2000.0,1800.0,360
Gujarat,Ahmedabad,Ahmedabad(Rajnagar sub yard),Mint(Pudina),Other,FAQ,2024-01-05 00:00:00,1500.0,2500.0,2000.0,360
Gujarat,Ahmedabad,Ahmedabad(Rajnagar sub yard),Mint(Pudina),Other,FAQ,2024-01-09 00:00:00,1000.0,2500.0,1950.0,360
Gujarat,Ahmedabad,Ahmedabad(Rajnagar sub yard),Mint(Pudina),Other,FAQ,2024-02-02 00:00:00,1000.0,2000.0,1650.0,360
Gujarat,Ahmedabad,Ahmedabad(Rajnagar sub yard),Mint(Pudina),Other,FAQ,2024-02-03 00:00:00,1000.0,2000.0,1650.0,360
Gujarat,Ahmedabad,Ahmedabad(Rajnagar sub yard),Mint(Pudina),Other,FAQ,2024-02-19 00:00:00,1200.0,1800.0,1600.0,360
Gujarat,Ahmedabad,Ahmedabad(Rajnagar sub yard),Mint(Pudina),Other,FAQ,2024-02-21 00:00:00,1000.0,1750.0,1400.0,360
Gujarat,Ahmedabad,Ahmedabad(Rajnagar sub yard),Mint(Pudina),Other,FAQ,2024-02-22 00:00:00,1000.0,1750.0,1450.0,360
Gujarat,Ahmedabad,Ahmedabad(Rajnagar sub yard),Mint(Pudina),Other,FAQ,2024-02-28 00:00:00,1200.0,2000.0,1750.0,360
Gujarat,Ahmedabad,Ahmedabad(Rajnagar sub yard),Mint(Pudina),Other,FAQ,2024-03-04 00:00:00,1200.0,2000.0,1750.0,360
Gujarat,Ahmedabad,Ahmedabad(Rajnagar sub yard),Mint(Pudina),Other,FAQ,2024-03-09 00:00:00,1000.0,2000.0,1350.0,360
Gujarat,Ahmedabad,Ahmedabad(Rajnagar sub yard),Mint(Pudina),Other,FAQ,2024-03-14 00:00:00,1200.0,2500.0,2150.0,360
Gujarat,Ahmedabad,Ahmedabad(Rajnagar sub yard),Mint(Pudina),Other,FAQ,2024-03-16 00:00:00,1000.0,2000.0,1500.0,360
Gujarat,Ahmedabad,Ahmedabad(Rajnagar sub yard),Mint(Pudina),Other,FAQ,2024-03-19 00:00:00,1200.0,2000.0,1600.0,360
Gujarat,Ahmedabad,Ahmedabad(Rajnagar sub yard),Mint(Pudina),Other,FAQ,2024-03-20 00:00:00,1000.0,1500.0,1350.0,360
Gujarat,Ahmedabad,Ahmedabad(Rajnagar sub yard),Mint(Pudina),Other,FAQ,2024-04-06 00:00:00,1000.0,1500.0,1150.0,360
Gujarat,Dahod,Dahod(Veg. Market),Mint(Pudina),Mint(Pudina),FAQ,2024-01-06 00:00:00,3000.0,4000.0,3500.0,360
Gujarat,Dahod,Dahod(Veg. Market),Mint(Pudina),Mint(Pudina),FAQ,2024-01-23 00:00:00,1500.0,3000.0,2500.0,360
Gujarat,Dahod,Dahod(Veg. Market),Mint(Pudina),Mint(Pudina),FAQ,2024-01-25 00:00:00,2000.0,3000.0,2500.0,360
Gujarat,Dahod,Dahod(Veg. Market),Mint(Pudina),Mint(Pudina),FAQ,2024-01-26 00:00:00,2500.0,3000.0,2800.0,360
Gujarat,Dahod,Dahod(Veg. Market),Mint(Pudina),Mint(Pudina),FAQ,2024-01-31 00:00:00,2000.0,3000.0,2500.0,360
Gujarat,Dahod,Dahod(Veg. Market),Mint(Pudina),Mint(Pudina),FAQ,2024-02-03 00:00:00,2000.0,3000.0,2500.0,360
Gujarat,Dahod,Dahod(Veg. Market),Mint(Pudina),Mint(Pudina),FAQ,2024-02-26 00:00:00,2000.0,3000.0,2500.0,360
Gujarat,Dahod,Dahod(Veg. Market),Mint(Pudina),Mint(Pudina),FAQ,2024-03-14 00:00:00,1500.0,2500.0,2000.0,360
Gujarat,Dahod,Dahod(Veg. Market),Mint(Pudina),Mint(Pudina),FAQ,2024-03-27 00:00:00,1000.0,2500.0,2000.0,360
Gujarat,Dahod,Dahod(Veg. Market),Mint(Pudina),Mint(Pudina),FAQ,2024-03-28 00:00:00,1200.0,2500.0,2300.0,360
Gujarat,Dahod,Dahod(Veg. Market),Mint(Pudina),Mint(Pudina),FAQ,2024-04-03 00:00:00,2000.0,2500.0,2200.0,360
Gujarat,Dahod,Dahod(Veg. Market),Mint(Pudina),Mint(Pudina),FAQ,2024-04-07 00:00:00,2000.0,3500.0,2200.0,360
Gujarat,Dahod,Dahod(Veg. Market),Mint(Pudina),Mint(Pudina),FAQ,2024-04-14 00:00:00,2000.0,3000.0,2500.0,360
Gujarat,Dahod,Dahod(Veg. Market),Mint(Pudina),Mint(Pudina),FAQ,2024-04-22 00:00:00,2000.0,2500.0,2250.0,360
Gujarat,Dahod,Dahod(Veg. Market),Mint(Pudina),Mint(Pudina),FAQ,2024-04-30 00:00:00,2000.0,3000.0,2500.0,360
Gujarat,Vadodara(Baroda),Vadodara(Sayajipura),Mint(Pudina),Other,FAQ,2024-01-05 00:00:00,1800.0,2000.0,1900.0,360
Gujarat,Vadodara(Baroda),Vadodara(Sayajipura),Mint(Pudina),Other,FAQ,2024-01-06 00:00:00,1800.0,2000.0,1900.0,360
Gujarat,Vadodara(Baroda),Vadodara(Sayajipura),Mint(Pudina),Other,FAQ,2024-01-08 00:00:00,1800.0,2000.0,1900.0,360
Gujarat,Vadodara(Baroda),Vadodara(Sayajipura),Mint(Pudina),Other,FAQ,2024-01-09 00:00:00,1800.0,2000.0,1900.0,360
Gujarat,Vadodara(Baroda),Vadodara(Sayajipura),Mint(Pudina),Other,FAQ,2024-02-21 00:00:00,1800.0,2000.0,1900.0,360
Gujarat,Vadodara(Baroda),Vadodara(Sayajipura),Mint(Pudina),Other,FAQ,2024-03-01 00:00:00,1800.0,2000.0,1900.0,360
Gujarat,Vadodara(Baroda),Vadodara(Sayajipura),Mint(Pudina),Other,FAQ,2024-03-05 00:00:00,1800.0,2000.0,1900.0,360
Gujarat,Vadodara(Baroda),Vadodara(Sayajipura),Mint(Pudina),Other,FAQ,2024-03-30 00:00:00,2000.0,3000.0,2500.0,360
Gujarat,Vadodara(Baroda),Vadodara(Sayajipura),Mint(Pudina),Other,FAQ,2024-04-07 00:00:00,2300.0,2500.0,2400.0,360
Gujarat,Vadodara(Baroda),Vadodara(Sayajipura),Mint(Pudina),Other,FAQ,2024-04-15 00:00:00,2300.0,2500.0,2450.0,360
Gujarat,Vadodara(Baroda),Vadodara(Sayajipura),Mint(Pudina),Other,FAQ,2024-04-20 00:00:00,2300.0,2500.0,2450.0,360
Gujarat,Vadodara(Baroda),Vadodara(Sayajipura),Mint(Pudina),Other,FAQ,2024-04-21 00:00:00,2300.0,2500.0,2400.0,360
Gujarat,Ahmedabad,Ahmedabad(Rajnagar sub yard),Mint(Pudina),Other,FAQ,2024-05-09 00:00:00,1000.0,2000.0,1650.0,360
Gujarat,Ahmedabad,Ahmedabad(Rajnagar sub yard),Mint(Pudina),Other,FAQ,2024-05-11 00:00:00,1000.0,2000.0,1650.0,360
Gujarat,Ahmedabad,Ahmedabad(Rajnagar sub yard),Mint(Pudina),Other,FAQ,2024-05-25 00:00:00,1500.0,3500.0,2650.0,360
Gujarat,Dahod,Dahod(Veg. Market),Mint(Pudina),Mint(Pudina),FAQ,2024-05-01 00:00:00,2000.0,3000.0,2500.0,360
Gujarat,Dahod,Dahod(Veg. Market),Mint(Pudina),Mint(Pudina),FAQ,2024-05-05 00:00:00,2000.0,2500.0,2200.0,360
Gujarat,Dahod,Dahod(Veg. Market),Mint(Pudina),Mint(Pudina),FAQ,2024-05-14 00:00:00,2000.0,2000.0,2000.0,360
Gujarat,Dahod,Dahod(Veg. Market),Mint(Pudina),Mint(Pudina),FAQ,2024-05-16 00:00:00,2000.0,2500.0,2300.0,360
Gujarat,Dahod,Dahod(Veg. Market),Mint(Pudina),Mint(Pudina),FAQ,2024-05-19 00:00:00,2000.0,3000.0,2500.0,360
Gujarat,Dahod,Dahod(Veg. Market),Mint(Pudina),Mint(Pudina),FAQ,2024-05-23 00:00:00,1500.0,2000.0,1800.0,360
Gujarat,Dahod,Dahod(Veg. Market),Mint(Pudina),Mint(Pudina),FAQ,2024-05-30 00:00:00,1000.0,3000.0,2000.0,360
Gujarat,Vadodara(Baroda),Vadodara(Sayajipura),Mint(Pudina),Other,FAQ,2024-05-12 00:00:00,2300.0,2500.0,2400.0,360
Gujarat,Vadodara(Baroda),Vadodara(Sayajipura),Mint(Pudina),Other,FAQ,2024-05-21 00:00:00,2000.0,3000.0,2550.0,360
Gujarat,Dahod,Dahod(Veg. Market),Mint(Pudina),Mint(Pudina),FAQ,2024-06-03 00:00:00,2500.0,3000.0,2700.0,360
Gujarat,Dahod,Dahod(Veg. Market),Mint(Pudina),Mint(Pudina),FAQ,2024-06-10 00:00:00,1000.0,3000.0,2500.0,360
Gujarat,Dahod,Dahod(Veg. Market),Mint(Pudina),Mint(Pudina),FAQ,2024-06-26 00:00:00,2000.0,3000.0,2500.0,360
Gujarat,Dahod,Dahod(Veg. Market),Mint(Pudina),Mint(Pudina),FAQ,2024-06-29 00:00:00,3000.0,4000.0,3200.0,360
Gujarat,Vadodara(Baroda),Vadodara(Sayajipura),Mint(Pudina),Other,FAQ,2024-06-26 00:00:00,3800.0,4000.0,3900.0,360
Gujarat,Vadodara(Baroda),Vadodara(Sayajipura),Mint(Pudina),Other,FAQ,2024-06-29 00:00:00,3800.0,4000.0,3900.0,360
Gujarat,Vadodara(Baroda),Vadodara(Sayajipura),Mint(Pudina),Other,FAQ,2022-01-20 00:00:00,1500.0,2000.0,1800.0,360
Gujarat,Vadodara(Baroda),Vadodara(Sayajipura),Mint(Pudina),Other,FAQ,2022-01-25 00:00:00,1300.0,1500.0,1400.0,360
Gujarat,Vadodara(Baroda),Vadodara(Sayajipura),Mint(Pudina),Other,FAQ,2022-02-06 00:00:00,1300.0,1500.0,1400.0,360
Gujarat,Vadodara(Baroda),Vadodara(Sayajipura),Mint(Pudina),Other,FAQ,2022-02-08 00:00:00,1300.0,1500.0,1400.0,360
Gujarat,Vadodara(Baroda),Vadodara(Sayajipura),Mint(Pudina),Other,FAQ,2022-02-13 00:00:00,1300.0,1500.0,1450.0,360
Gujarat,Vadodara(Baroda),Vadodara(Sayajipura),Mint(Pudina),Other,FAQ,2022-02-16 00:00:00,1300.0,1500.0,1450.0,360
Gujarat,Vadodara(Baroda),Vadodara(Sayajipura),Mint(Pudina),Other,FAQ,2022-02-27 00:00:00,1300.0,1500.0,1450.0,360
Gujarat,Vadodara(Baroda),Vadodara(Sayajipura),Mint(Pudina),Other,FAQ,2022-03-03 00:00:00,1200.0,1500.0,1400.0,360
Gujarat,Vadodara(Baroda),Vadodara(Sayajipura),Mint(Pudina),Other,FAQ,2022-03-04 00:00:00,1300.0,1500.0,1450.0,360
Gujarat,Vadodara(Baroda),Vadodara(Sayajipura),Mint(Pudina),Other,FAQ,2022-03-08 00:00:00,1300.0,1500.0,1450.0,360
Gujarat,Vadodara(Baroda),Vadodara(Sayajipura),Mint(Pudina),Other,FAQ,2022-03-27 00:00:00,1300.0,1500.0,1450.0,360
Gujarat,Vadodara(Baroda),Vadodara(Sayajipura),Mint(Pudina),Other,FAQ,2022-04-05 00:00:00,1500.0,1700.0,1650.0,360
Gujarat,Vadodara(Baroda),Vadodara(Sayajipura),Mint(Pudina),Other,FAQ,2022-04-07 00:00:00,1800.0,2000.0,1900.0,360
Gujarat,Vadodara(Baroda),Vadodara(Sayajipura),Mint(Pudina),Other,FAQ,2022-04-10 00:00:00,1800.0,2000.0,1900.0,360
Gujarat,Vadodara(Baroda),Vadodara(Sayajipura),Mint(Pudina),Other,FAQ,2022-04-13 00:00:00,1800.0,2000.0,1950.0,360
Gujarat,Vadodara(Baroda),Vadodara(Sayajipura),Mint(Pudina),Other,FAQ,2022-04-15 00:00:00,1800.0,2000.0,1950.0,360
Gujarat,Vadodara(Baroda),Vadodara(Sayajipura),Mint(Pudina),Other,FAQ,2022-05-07 00:00:00,2000.0,2300.0,2200.0,360
Gujarat,Vadodara(Baroda),Vadodara(Sayajipura),Mint(Pudina),Other,FAQ,2022-05-09 00:00:00,2000.0,2300.0,2200.0,360
Gujarat,Vadodara(Baroda),Vadodara(Sayajipura),Mint(Pudina),Other,FAQ,2022-05-21 00:00:00,2000.0,2300.0,2200.0,360
Gujarat,Vadodara(Baroda),Vadodara(Sayajipura),Mint(Pudina),Other,FAQ,2022-05-29 00:00:00,2000.0,2300.0,2200.0,360
Gujarat,Vadodara(Baroda),Vadodara(Sayajipura),Mint(Pudina),Other,FAQ,2022-05-30 00:00:00,2000.0,2300.0,2200.0,360
Gujarat,Vadodara(Baroda),Vadodara(Sayajipura),Mint(Pudina),Other,FAQ,2022-06-02 00:00:00,1200.0,1500.0,1450.0,360
Gujarat,Vadodara(Baroda),Vadodara(Sayajipura),Mint(Pudina),Other,FAQ,2022-06-05 00:00:00,1800.0,2000.0,1950.0,360
Gujarat,Vadodara(Baroda),Vadodara(Sayajipura),Mint(Pudina),Other,FAQ,2022-06-10 00:00:00,2300.0,2500.0,2450.0,360
Gujarat,Vadodara(Baroda),Vadodara(Sayajipura),Mint(Pudina),Other,FAQ,2022-06-16 00:00:00,2500.0,3000.0,2800.0,360
Gujarat,Vadodara(Baroda),Vadodara(Sayajipura),Mint(Pudina),Other,FAQ,2022-06-17 00:00:00,1800.0,2000.0,1950.0,360
Gujarat,Vadodara(Baroda),Vadodara(Sayajipura),Mint(Pudina),Other,FAQ,2022-06-20 00:00:00,2300.0,2500.0,2450.0,360
Gujarat,Vadodara(Baroda),Vadodara(Sayajipura),Mint(Pudina),Other,FAQ,2022-07-04 00:00:00,2300.0,2500.0,2450.0,360
Gujarat,Vadodara(Baroda),Vadodara(Sayajipura),Mint(Pudina),Other,FAQ,2022-07-05 00:00:00,2300.0,2500.0,2450.0,360
Gujarat,Vadodara(Baroda),Vadodara(Sayajipura),Mint(Pudina),Other,FAQ,2022-07-11 00:00:00,2300.0,2500.0,2450.0,360
Gujarat,Vadodara(Baroda),Vadodara(Sayajipura),Mint(Pudina),Other,FAQ,2022-07-18 00:00:00,2300.0,2500.0,2450.0,360
Gujarat,Vadodara(Baroda),Vadodara(Sayajipura),Mint(Pudina),Other,FAQ,2022-07-22 00:00:00,5500.0,6000.0,5800.0,360
Gujarat,Vadodara(Baroda),Vadodara(Sayajipura),Mint(Pudina),Other,FAQ,2022-07-25 00:00:00,3500.0,4000.0,3800.0,360
Gujarat,Vadodara(Baroda),Vadodara(Sayajipura),Mint(Pudina),Other,FAQ,2022-09-04 00:00:00,3000.0,3500.0,3300.0,360
Gujarat,Vadodara(Baroda),Vadodara(Sayajipura),Mint(Pudina),Other,FAQ,2022-09-17 00:00:00,3500.0,4000.0,3800.0,360
Gujarat,Vadodara(Baroda),Vadodara(Sayajipura),Mint(Pudina),Other,FAQ,2022-10-15 00:00:00,2800.0,3000.0,2900.0,360
Gujarat,Vadodara(Baroda),Vadodara(Sayajipura),Mint(Pudina),Other,FAQ,2022-10-31 00:00:00,2800.0,3000.0,2950.0,360
Gujarat,Vadodara(Baroda),Vadodara(Sayajipura),Mint(Pudina),Other,FAQ,2022-11-17 00:00:00,1800.0,2000.0,1950.0,360
Gujarat,Vadodara(Baroda),Vadodara(Sayajipura),Mint(Pudina),Other,FAQ,2022-11-22 00:00:00,2300.0,2500.0,2450.0,360
Gujarat,Vadodara(Baroda),Vadodara(Sayajipura),Mint(Pudina),Other,FAQ,2022-12-07 00:00:00,1800.0,2000.0,1900.0,360
Gujarat,Vadodara(Baroda),Vadodara(Sayajipura),Mint(Pudina),Other,FAQ,2022-12-08 00:00:00,1800.0,2000.0,1900.0,360
Gujarat,Vadodara(Baroda),Vadodara(Sayajipura),Mint(Pudina),Other,FAQ,2022-12-13 00:00:00,1800.0,2000.0,1950.0,360
Gujarat,Ahmedabad,Ahmedabad(Rajnagar sub yard),Mint(Pudina),Other,FAQ,2022-01-04 00:00:00,1000.0,2000.0,1600.0,360
Gujarat,Ahmedabad,Ahmedabad(Rajnagar sub yard),Mint(Pudina),Other,FAQ,2022-01-10 00:00:00,1500.0,2000.0,1850.0,360
Gujarat,Ahmedabad,Ahmedabad(Rajnagar sub yard),Mint(Pudina),Other,FAQ,2022-01-18 00:00:00,1200.0,2500.0,1900.0,360
Gujarat,Ahmedabad,Ahmedabad(Rajnagar sub yard),Mint(Pudina),Other,FAQ,2022-01-21 00:00:00,1500.0,2000.0,1850.0,360
Gujarat,Ahmedabad,Ahmedabad(Rajnagar sub yard),Mint(Pudina),Other,FAQ,2022-01-24 00:00:00,1500.0,1700.0,1700.0,360
Gujarat,Ahmedabad,Ahmedabad(Rajnagar sub yard),Mint(Pudina),Other,FAQ,2022-01-27 00:00:00,1000.0,1500.0,1350.0,360
Gujarat,Ahmedabad,Ahmedabad(Rajnagar sub yard),Mint(Pudina),Other,FAQ,2022-01-28 00:00:00,800.0,1750.0,1300.0,360
Gujarat,Ahmedabad,Ahmedabad(Rajnagar sub yard),Mint(Pudina),Other,FAQ,2022-01-31 00:00:00,1500.0,2500.0,2000.0,360
Gujarat,Ahmedabad,Ahmedabad(Rajnagar sub yard),Mint(Pudina),Other,FAQ,2022-02-17 00:00:00,800.0,1200.0,1100.0,360
Gujarat,Ahmedabad,Ahmedabad(Rajnagar sub yard),Mint(Pudina),Other,FAQ,2022-02-19 00:00:00,800.0,1000.0,900.0,360
Gujarat,Ahmedabad,Ahmedabad(Rajnagar sub yard),Mint(Pudina),Other,FAQ,2022-03-11 00:00:00,800.0,1000.0,900.0,360
Gujarat,Ahmedabad,Ahmedabad(Rajnagar sub yard),Mint(Pudina),Other,FAQ,2022-03-15 00:00:00,1000.0,1200.0,1100.0,360
Gujarat,Ahmedabad,Ahmedabad(Rajnagar sub yard),Mint(Pudina),Other,FAQ,2022-03-25 00:00:00,800.0,1300.0,1150.0,360
Gujarat,Ahmedabad,Ahmedabad(Rajnagar sub yard),Mint(Pudina),Other,FAQ,2022-03-29 00:00:00,800.0,1300.0,1150.0,360
Gujarat,Ahmedabad,Ahmedabad(Rajnagar sub yard),Mint(Pudina),Other,FAQ,2022-03-31 00:00:00,800.0,1300.0,1150.0,360
Gujarat,Ahmedabad,Ahmedabad(Rajnagar sub yard),Mint(Pudina),Other,FAQ,2022-04-19 00:00:00,1000.0,2000.0,1600.0,360
Gujarat,Ahmedabad,Ahmedabad(Rajnagar sub yard),Mint(Pudina),Other,FAQ,2022-04-20 00:00:00,1000.0,1750.0,1500.0,360
Gujarat,Ahmedabad,Ahmedabad(Rajnagar sub yard),Mint(Pudina),Other,FAQ,2022-05-14 00:00:00,1000.0,2500.0,1850.0,360
Gujarat,Ahmedabad,Ahmedabad(Rajnagar sub yard),Mint(Pudina),Other,FAQ,2022-05-18 00:00:00,1000.0,2500.0,1850.0,360
Gujarat,Ahmedabad,Ahmedabad(Rajnagar sub yard),Mint(Pudina),Other,FAQ,2022-06-01 00:00:00,1000.0,2500.0,2250.0,360
Gujarat,Ahmedabad,Ahmedabad(Rajnagar sub yard),Mint(Pudina),Other,FAQ,2022-06-03 00:00:00,1500.0,2500.0,2250.0,360
Gujarat,Ahmedabad,Ahmedabad(Rajnagar sub yard),Mint(Pudina),Other,FAQ,2022-06-04 00:00:00,1500.0,3000.0,2250.0,360
Gujarat,Ahmedabad,Ahmedabad(Rajnagar sub yard),Mint(Pudina),Other,FAQ,2022-06-08 00:00:00,2000.0,3000.0,2500.0,360
Gujarat,Ahmedabad,Ahmedabad(Rajnagar sub yard),Mint(Pudina),Other,FAQ,2022-06-14 00:00:00,1000.0,2500.0,2000.0,360
Gujarat,Ahmedabad,Ahmedabad(Rajnagar sub yard),Mint(Pudina),Other,FAQ,2022-06-22 00:00:00,1200.0,2000.0,1700.0,360
Gujarat,Ahmedabad,Ahmedabad(Rajnagar sub yard),Mint(Pudina),Other,FAQ,2022-06-24 00:00:00,1000.0,2000.0,1750.0,360
Gujarat,Ahmedabad,Ahmedabad(Rajnagar sub yard),Mint(Pudina),Other,FAQ,2022-06-27 00:00:00,1500.0,2000.0,1850.0,360
Gujarat,Ahmedabad,Ahmedabad(Rajnagar sub yard),Mint(Pudina),Other,FAQ,2022-06-29 00:00:00,1500.0,2500.0,2250.0,360
Gujarat,Ahmedabad,Ahmedabad(Rajnagar sub yard),Mint(Pudina),Other,FAQ,2022-07-04 00:00:00,2000.0,3000.0,2300.0,360
Gujarat,Ahmedabad,Ahmedabad(Rajnagar sub yard),Mint(Pudina),Other,FAQ,2022-07-16 00:00:00,1000.0,2500.0,2250.0,360
Gujarat,Ahmedabad,Ahmedabad(Rajnagar sub yard),Mint(Pudina),Other,FAQ,2022-07-21 00:00:00,1000.0,2500.0,1850.0,360
Gujarat,Ahmedabad,Ahmedabad(Rajnagar sub yard),Mint(Pudina),Other,FAQ,2022-07-25 00:00:00,1500.0,3000.0,2750.0,360
Gujarat,Dahod,Dahod(Veg. Market),Mint(Pudina),Mint(Pudina),FAQ,2022-01-03 00:00:00,3000.0,5000.0,4000.0,360
Gujarat,Dahod,Dahod(Veg. Market),Mint(Pudina),Mint(Pudina),FAQ,2022-01-08 00:00:00,3000.0,4500.0,3500.0,360
Gujarat,Dahod,Dahod(Veg. Market),Mint(Pudina),Mint(Pudina),FAQ,2022-01-13 00:00:00,2500.0,4000.0,3500.0,360
Gujarat,Dahod,Dahod(Veg. Market),Mint(Pudina),Mint(Pudina),FAQ,2022-01-20 00:00:00,2500.0,4000.0,3500.0,360
Gujarat,Dahod,Dahod(Veg. Market),Mint(Pudina),Mint(Pudina),FAQ,2022-01-23 00:00:00,2500.0,4000.0,3500.0,360
Gujarat,Dahod,Dahod(Veg. Market),Mint(Pudina),Mint(Pudina),FAQ,2022-01-25 00:00:00,2000.0,4000.0,3500.0,360
Gujarat,Dahod,Dahod(Veg. Market),Mint(Pudina),Mint(Pudina),FAQ,2022-02-04 00:00:00,3000.0,4000.0,3500.0,360
Gujarat,Dahod,Dahod(Veg. Market),Mint(Pudina),Mint(Pudina),FAQ,2022-02-14 00:00:00,4000.0,5000.0,4500.0,360
Gujarat,Dahod,Dahod(Veg. Market),Mint(Pudina),Mint(Pudina),FAQ,2022-02-25 00:00:00,1500.0,3000.0,2500.0,360
Gujarat,Dahod,Dahod(Veg. Market),Mint(Pudina),Mint(Pudina),FAQ,2022-03-08 00:00:00,2000.0,3000.0,2500.0,360
Gujarat,Dahod,Dahod(Veg. Market),Mint(Pudina),Mint(Pudina),FAQ,2022-03-11 00:00:00,1500.0,3000.0,2500.0,360
Gujarat,Dahod,Dahod(Veg. Market),Mint(Pudina),Mint(Pudina),FAQ,2022-03-13 00:00:00,1500.0,3000.0,2500.0,360
Gujarat,Dahod,Dahod(Veg. Market),Mint(Pudina),Mint(Pudina),FAQ,2022-03-14 00:00:00,1500.0,3000.0,2000.0,360
Gujarat,Dahod,Dahod(Veg. Market),Mint(Pudina),Mint(Pudina),FAQ,2022-03-21 00:00:00,2000.0,3000.0,2500.0,360
Gujarat,Dahod,Dahod(Veg. Market),Mint(Pudina),Mint(Pudina),FAQ,2022-03-24 00:00:00,2000.0,3000.0,2500.0,360
Gujarat,Dahod,Dahod(Veg. Market),Mint(Pudina),Mint(Pudina),FAQ,2022-03-29 00:00:00,2000.0,3000.0,2500.0,360
Gujarat,Dahod,Dahod(Veg. Market),Mint(Pudina),Mint(Pudina),FAQ,2022-04-06 00:00:00,2000.0,3000.0,2500.0,360
Gujarat,Dahod,Dahod(Veg. Market),Mint(Pudina),Mint(Pudina),FAQ,2022-04-07 00:00:00,2000.0,3000.0,2500.0,360
Gujarat,Dahod,Dahod(Veg. Market),Mint(Pudina),Mint(Pudina),FAQ,2022-04-17 00:00:00,2000.0,2500.0,2200.0,360
Gujarat,Dahod,Dahod(Veg. Market),Mint(Pudina),Mint(Pudina),FAQ,2022-04-19 00:00:00,2000.0,2500.0,2250.0,360
Gujarat,Dahod,Dahod(Veg. Market),Mint(Pudina),Mint(Pudina),FAQ,2022-04-21 00:00:00,1500.0,3000.0,2500.0,360
Gujarat,Dahod,Dahod(Veg. Market),Mint(Pudina),Mint(Pudina),FAQ,2022-04-29 00:00:00,2000.0,3000.0,2500.0,360
Gujarat,Dahod,Dahod(Veg. Market),Mint(Pudina),Mint(Pudina),FAQ,2022-05-07 00:00:00,2000.0,3000.0,2500.0,360
Gujarat,Dahod,Dahod(Veg. Market),Mint(Pudina),Mint(Pudina),FAQ,2022-05-09 00:00:00,2000.0,3000.0,2500.0,360
Gujarat,Dahod,Dahod(Veg. Market),Mint(Pudina),Mint(Pudina),FAQ,2022-05-21 00:00:00,2000.0,3000.0,2500.0,360
Gujarat,Dahod,Dahod(Veg. Market),Mint(Pudina),Mint(Pudina),FAQ,2022-05-31 00:00:00,2000.0,3000.0,2500.0,360
Gujarat,Dahod,Dahod(Veg. Market),Mint(Pudina),Mint(Pudina),FAQ,2022-06-06 00:00:00,2000.0,3000.0,2500.0,360
Gujarat,Dahod,Dahod(Veg. Market),Mint(Pudina),Mint(Pudina),FAQ,2022-06-21 00:00:00,4000.0,5000.0,4500.0,360
Gujarat,Dahod,Dahod(Veg. Market),Mint(Pudina),Mint(Pudina),FAQ,2022-06-29 00:00:00,3000.0,5000.0,4000.0,360
Gujarat,Dahod,Dahod(Veg. Market),Mint(Pudina),Mint(Pudina),FAQ,2022-07-03 00:00:00,3000.0,5000.0,3500.0,360
Gujarat,Dahod,Dahod(Veg. Market),Mint(Pudina),Mint(Pudina),FAQ,2022-07-08 00:00:00,3000.0,5000.0,4500.0,360
Gujarat,Dahod,Dahod(Veg. Market),Mint(Pudina),Mint(Pudina),FAQ,2022-07-11 00:00:00,3000.0,5000.0,4000.0,360
Gujarat,Dahod,Dahod(Veg. Market),Mint(Pudina),Mint(Pudina),FAQ,2022-07-20 00:00:00,3000.0,4000.0,3500.0,360
Gujarat,Dahod,Dahod(Veg. Market),Mint(Pudina),Mint(Pudina),FAQ,2022-07-24 00:00:00,3500.0,5500.0,5000.0,360
Gujarat,Dahod,Dahod(Veg. Market),Mint(Pudina),Mint(Pudina),FAQ,2022-07-26 00:00:00,3500.0,6000.0,5000.0,360
Gujarat,Dahod,Dahod(Veg. Market),Mint(Pudina),Mint(Pudina),FAQ,2022-08-01 00:00:00,4000.0,8000.0,5500.0,360
Gujarat,Dahod,Dahod(Veg. Market),Mint(Pudina),Mint(Pudina),FAQ,2022-08-07 00:00:00,6000.0,10000.0,8000.0,360
Gujarat,Dahod,Dahod(Veg. Market),Mint(Pudina),Mint(Pudina),FAQ,2022-08-10 00:00:00,6000.0,10000.0,7000.0,360
Gujarat,Dahod,Dahod(Veg. Market),Mint(Pudina),Mint(Pudina),FAQ,2022-08-18 00:00:00,10000.0,12000.0,11000.0,360
Gujarat,Dahod,Dahod(Veg. Market),Mint(Pudina),Mint(Pudina),FAQ,2022-08-21 00:00:00,7000.0,10000.0,9000.0,360
Gujarat,Dahod,Dahod(Veg. Market),Mint(Pudina),Mint(Pudina),FAQ,2022-08-25 00:00:00,10000.0,12000.0,11000.0,360
Gujarat,Dahod,Dahod(Veg. Market),Mint(Pudina),Mint(Pudina),FAQ,2022-09-03 00:00:00,9000.0,10000.0,9500.0,360
Gujarat,Dahod,Dahod(Veg. Market),Mint(Pudina),Mint(Pudina),FAQ,2022-09-15 00:00:00,6000.0,10000.0,8000.0,360
Gujarat,Dahod,Dahod(Veg. Market),Mint(Pudina),Mint(Pudina),FAQ,2022-10-01 00:00:00,4000.0,8000.0,6000.0,360
Gujarat,Dahod,Dahod(Veg. Market),Mint(Pudina),Mint(Pudina),FAQ,2022-10-02 00:00:00,4000.0,5000.0,4700.0,360
Gujarat,Dahod,Dahod(Veg. Market),Mint(Pudina),Mint(Pudina),FAQ,2022-10-07 00:00:00,3000.0,6000.0,5000.0,360
Gujarat,Dahod,Dahod(Veg. Market),Mint(Pudina),Mint(Pudina),FAQ,2022-10-14 00:00:00,4000.0,7000.0,5000.0,360
Gujarat,Dahod,Dahod(Veg. Market),Mint(Pudina),Mint(Pudina),FAQ,2022-10-15 00:00:00,4000.0,7000.0,6000.0,360
Gujarat,Dahod,Dahod(Veg. Market),Mint(Pudina),Mint(Pudina),FAQ,2022-10-19 00:00:00,6000.0,8000.0,7000.0,360
Gujarat,Dahod,Dahod(Veg. Market),Mint(Pudina),Mint(Pudina),FAQ,2022-10-29 00:00:00,6000.0,8000.0,7000.0,360
Gujarat,Dahod,Dahod(Veg. Market),Mint(Pudina),Mint(Pudina),FAQ,2022-11-08 00:00:00,7000.0,10000.0,8000.0,360
Gujarat,Dahod,Dahod(Veg. Market),Mint(Pudina),Mint(Pudina),FAQ,2022-11-20 00:00:00,5000.0,8000.0,6000.0,360
Gujarat,Dahod,Dahod(Veg. Market),Mint(Pudina),Mint(Pudina),FAQ,2022-11-25 00:00:00,5000.0,8000.0,6000.0,360
Gujarat,Dahod,Dahod(Veg. Market),Mint(Pudina),Mint(Pudina),FAQ,2022-11-28 00:00:00,5000.0,8000.0,6000.0,360
Gujarat,Dahod,Dahod(Veg. Market),Mint(Pudina),Mint(Pudina),FAQ,2022-11-29 00:00:00,5000.0,8000.0,6000.0,360
Gujarat,Dahod,Dahod(Veg. Market),Mint(Pudina),Mint(Pudina),FAQ,2022-12-03 00:00:00,5000.0,6500.0,5500.0,360
Gujarat,Dahod,Dahod(Veg. Market),Mint(Pudina),Mint(Pudina),FAQ,2022-12-12 00:00:00,5000.0,6000.0,5500.0,360
Gujarat,Dahod,Dahod(Veg. Market),Mint(Pudina),Mint(Pudina),FAQ,2022-12-17 00:00:00,4000.0,6000.0,5000.0,360
Gujarat,Dahod,Dahod(Veg. Market),Mint(Pudina),Mint(Pudina),FAQ,2022-12-20 00:00:00,3000.0,5000.0,4000.0,360
Gujarat,Dahod,Dahod(Veg. Market),Mint(Pudina),Mint(Pudina),FAQ,2022-12-22 00:00:00,3000.0,5000.0,4000.0,360
Gujarat,Dahod,Dahod(Veg. Market),Mint(Pudina),Mint(Pudina),FAQ,2022-12-24 00:00:00,3000.0,5000.0,4000.0,360
Gujarat,Dahod,Dahod(Veg. Market),Mint(Pudina),Mint(Pudina),FAQ,2015-03-01 00:00:00,2500.0,4500.0,3500.0,360
Gujarat,Dahod,Dahod(Veg. Market),Mint(Pudina),Mint(Pudina),FAQ,2015-03-15 00:00:00,2000.0,3000.0,2500.0,360
Gujarat,Dahod,Dahod(Veg. Market),Mint(Pudina),Mint(Pudina),FAQ,2015-03-16 00:00:00,2000.0,3500.0,3000.0,360
Gujarat,Dahod,Dahod(Veg. Market),Mint(Pudina),Mint(Pudina),FAQ,2015-03-30 00:00:00,1800.0,3000.0,2000.0,360
Gujarat,Dahod,Dahod(Veg. Market),Mint(Pudina),Mint(Pudina),FAQ,2015-04-07 00:00:00,1500.0,2500.0,2300.0,360
Gujarat,Dahod,Dahod(Veg. Market),Mint(Pudina),Mint(Pudina),FAQ,2015-04-21 00:00:00,1500.0,3000.0,2500.0,360
Gujarat,Dahod,Dahod(Veg. Market),Mint(Pudina),Mint(Pudina),FAQ,2015-04-23 00:00:00,1500.0,2000.0,2000.0,360
Gujarat,Dahod,Dahod(Veg. Market),Mint(Pudina),Mint(Pudina),FAQ,2015-05-06 00:00:00,2000.0,3000.0,2500.0,360
Gujarat,Dahod,Dahod(Veg. Market),Mint(Pudina),Mint(Pudina),FAQ,2015-05-22 00:00:00,2000.0,4000.0,3000.0,360
Gujarat,Dahod,Dahod(Veg. Market),Mint(Pudina),Mint(Pudina),FAQ,2015-05-28 00:00:00,2000.0,4000.0,3500.0,360
Gujarat,Dahod,Dahod(Veg. Market),Mint(Pudina),Mint(Pudina),FAQ,2015-06-04 00:00:00,2000.0,4000.0,3000.0,360
Gujarat,Dahod,Dahod(Veg. Market),Mint(Pudina),Mint(Pudina),FAQ,2015-06-07 00:00:00,2500.0,5000.0,3000.0,360
Gujarat,Dahod,Dahod(Veg. Market),Mint(Pudina),Mint(Pudina),FAQ,2015-06-15 00:00:00,2000.0,3000.0,2500.0,360
Gujarat,Dahod,Dahod(Veg. Market),Mint(Pudina),Mint(Pudina),FAQ,2015-06-17 00:00:00,2500.0,4000.0,3000.0,360
Gujarat,Dahod,Dahod(Veg. Market),Mint(Pudina),Mint(Pudina),FAQ,2015-06-19 00:00:00,2500.0,4000.0,3000.0,360
Gujarat,Dahod,Dahod(Veg. Market),Mint(Pudina),Mint(Pudina),FAQ,2015-06-24 00:00:00,2500.0,4000.0,3000.0,360
Gujarat,Dahod,Dahod(Veg. Market),Mint(Pudina),Mint(Pudina),FAQ,2015-06-29 00:00:00,1500.0,3000.0,2500.0,360
Gujarat,Dahod,Dahod(Veg. Market),Mint(Pudina),Mint(Pudina),FAQ,2015-07-22 00:00:00,4000.0,5000.0,4500.0,360
Gujarat,Dahod,Dahod(Veg. Market),Mint(Pudina),Mint(Pudina),FAQ,2015-07-30 00:00:00,3000.0,5000.0,4000.0,360
Gujarat,Dahod,Dahod(Veg. Market),Mint(Pudina),Mint(Pudina),FAQ,2015-08-01 00:00:00,3000.0,5000.0,4000.0,360
Gujarat,Dahod,Dahod(Veg. Market),Mint(Pudina),Mint(Pudina),FAQ,2015-08-11 00:00:00,4000.0,5500.0,5000.0,360
Gujarat,Dahod,Dahod(Veg. Market),Mint(Pudina),Mint(Pudina),FAQ,2015-08-13 00:00:00,5000.0,6000.0,5500.0,360
Gujarat,Dahod,Dahod(Veg. Market),Mint(Pudina),Mint(Pudina),FAQ,2015-08-17 00:00:00,5000.0,7000.0,6000.0,360
Gujarat,Dahod,Dahod(Veg. Market),Mint(Pudina),Mint(Pudina),FAQ,2015-08-31 00:00:00,3000.0,6000.0,5000.0,360
Gujarat,Dahod,Dahod(Veg. Market),Mint(Pudina),Mint(Pudina),FAQ,2015-09-07 00:00:00,2000.0,4000.0,4000.0,360
Gujarat,Dahod,Dahod(Veg. Market),Mint(Pudina),Mint(Pudina),FAQ,2015-09-08 00:00:00,2000.0,3000.0,2500.0,360
Gujarat,Dahod,Dahod(Veg. Market),Mint(Pudina),Mint(Pudina),FAQ,2015-09-21 00:00:00,2000.0,4000.0,3000.0,360
Gujarat,Dahod,Dahod(Veg. Market),Mint(Pudina),Mint(Pudina),FAQ,2015-09-29 00:00:00,3000.0,4500.0,3500.0,360
Gujarat,Dahod,Dahod(Veg. Market),Mint(Pudina),Mint(Pudina),FAQ,2015-10-01 00:00:00,2000.0,6000.0,4000.0,360
Gujarat,Dahod,Dahod(Veg. Market),Mint(Pudina),Mint(Pudina),FAQ,2015-10-05 00:00:00,2500.0,3000.0,2800.0,360
Gujarat,Dahod,Dahod(Veg. Market),Mint(Pudina),Mint(Pudina),FAQ,2015-10-10 00:00:00,3000.0,4000.0,3500.0,360
Gujarat,Dahod,Dahod(Veg. Market),Mint(Pudina),Mint(Pudina),FAQ,2015-10-19 00:00:00,3000.0,4000.0,3500.0,360
Gujarat,Dahod,Dahod(Veg. Market),Mint(Pudina),Mint(Pudina),FAQ,2015-10-23 00:00:00,2500.0,4000.0,3000.0,360
Gujarat,Dahod,Dahod(Veg. Market),Mint(Pudina),Mint(Pudina),FAQ,2015-10-26 00:00:00,3000.0,4000.0,3500.0,360
Gujarat,Dahod,Dahod(Veg. Market),Mint(Pudina),Mint(Pudina),FAQ,2015-10-28 00:00:00,3000.0,4000.0,3500.0,360
Gujarat,Dahod,Dahod(Veg. Market),Mint(Pudina),Mint(Pudina),FAQ,2015-11-01 00:00:00,2500.0,3000.0,3000.0,360
Gujarat,Dahod,Dahod(Veg. Market),Mint(Pudina),Mint(Pudina),FAQ,2015-11-08 00:00:00,2500.0,3000.0,3000.0,360
Gujarat,Dahod,Dahod(Veg. Market),Mint(Pudina),Mint(Pudina),FAQ,2015-11-17 00:00:00,2000.0,3000.0,3000.0,360
Gujarat,Dahod,Dahod(Veg. Market),Mint(Pudina),Mint(Pudina),FAQ,2015-11-18 00:00:00,2000.0,3000.0,2500.0,360
Gujarat,Dahod,Dahod(Veg. Market),Mint(Pudina),Mint(Pudina),FAQ,2015-11-29 00:00:00,2500.0,3000.0,3000.0,360
Gujarat,Dahod,Dahod(Veg. Market),Mint(Pudina),Mint(Pudina),FAQ,2015-12-02 00:00:00,2000.0,3000.0,2500.0,360
Gujarat,Dahod,Dahod(Veg. Market),Mint(Pudina),Mint(Pudina),FAQ,2015-12-05 00:00:00,2500.0,3000.0,3000.0,360
Gujarat,Dahod,Dahod(Veg. Market),Mint(Pudina),Mint(Pudina),FAQ,2015-12-12 00:00:00,2000.0,3000.0,2500.0,360
Gujarat,Dahod,Dahod(Veg. Market),Mint(Pudina),Mint(Pudina),FAQ,2015-12-16 00:00:00,2500.0,3000.0,3000.0,360
Gujarat,Dahod,Dahod(Veg. Market),Mint(Pudina),Mint(Pudina),FAQ,2015-12-21 00:00:00,2000.0,3000.0,2500.0,360
Gujarat,Dahod,Dahod(Veg. Market),Mint(Pudina),Mint(Pudina),FAQ,2015-12-22 00:00:00,2000.0,3000.0,2500.0,360
Gujarat,Dahod,Dahod(Veg. Market),Mint(Pudina),Mint(Pudina),FAQ,2015-12-23 00:00:00,2000.0,3000.0,2500.0,360
Gujarat,Dahod,Dahod(Veg. Market),Mint(Pudina),Mint(Pudina),FAQ,2015-12-27 00:00:00,2500.0,3000.0,2700.0,360
Gujarat,Dahod,Dahod(Veg. Market),Mint(Pudina),Mint(Pudina),FAQ,2015-12-29 00:00:00,3000.0,4000.0,3500.0,360
Gujarat,Dahod,Dahod(Veg. Market),Mint(Pudina),Mint(Pudina),FAQ,2015-12-31 00:00:00,2000.0,3500.0,2500.0,360
Gujarat,Vadodara(Baroda),Padra,Mint(Pudina),Other,FAQ,2015-02-06 00:00:00,1400.0,1600.0,1500.0,360
Gujarat,Vadodara(Baroda),Padra,Mint(Pudina),Other,FAQ,2015-02-16 00:00:00,1400.0,1600.0,1525.0,360
Gujarat,Vadodara(Baroda),Padra,Mint(Pudina),Other,FAQ,2015-02-18 00:00:00,1250.0,1300.0,1280.0,360
Gujarat,Vadodara(Baroda),Padra,Mint(Pudina),Other,FAQ,2015-02-19 00:00:00,1400.0,1500.0,1450.0,360
Gujarat,Vadodara(Baroda),Padra,Mint(Pudina),Other,FAQ,2015-02-27 00:00:00,1400.0,1600.0,1500.0,360
Gujarat,Vadodara(Baroda),Padra,Mint(Pudina),Other,FAQ,2015-03-02 00:00:00,1600.0,1800.0,1750.0,360
Gujarat,Vadodara(Baroda),Padra,Mint(Pudina),Other,FAQ,2015-03-04 00:00:00,1400.0,1500.0,1450.0,360
Gujarat,Vadodara(Baroda),Padra,Mint(Pudina),Other,FAQ,2015-03-16 00:00:00,1400.0,1600.0,1500.0,360
Gujarat,Vadodara(Baroda),Padra,Mint(Pudina),Other,FAQ,2015-04-03 00:00:00,1400.0,1500.0,1450.0,360
Gujarat,Vadodara(Baroda),Padra,Mint(Pudina),Other,FAQ,2015-04-16 00:00:00,1400.0,1600.0,1500.0,360
Gujarat,Vadodara(Baroda),Padra,Mint(Pudina),Other,FAQ,2015-04-17 00:00:00,1500.0,1750.0,1650.0,360
Gujarat,Vadodara(Baroda),Padra,Mint(Pudina),Other,FAQ,2015-04-22 00:00:00,1400.0,1600.0,1525.0,360
Gujarat,Vadodara(Baroda),Vadodara(Sayajipura),Mint(Pudina),Other,FAQ,2015-01-03 00:00:00,2000.0,3000.0,2550.0,360
Gujarat,Vadodara(Baroda),Vadodara(Sayajipura),Mint(Pudina),Other,FAQ,2015-01-04 00:00:00,1750.0,2250.0,2050.0,360
Gujarat,Vadodara(Baroda),Vadodara(Sayajipura),Mint(Pudina),Other,FAQ,2015-01-07 00:00:00,2000.0,3000.0,2550.0,360
Gujarat,Vadodara(Baroda),Vadodara(Sayajipura),Mint(Pudina),Other,FAQ,2015-01-10 00:00:00,1500.0,2000.0,1775.0,360
Gujarat,Vadodara(Baroda),Vadodara(Sayajipura),Mint(Pudina),Other,FAQ,2015-01-11 00:00:00,2000.0,2500.0,2275.0,360
Gujarat,Vadodara(Baroda),Vadodara(Sayajipura),Mint(Pudina),Other,FAQ,2015-01-18 00:00:00,2000.0,2500.0,2300.0,360
Gujarat,Vadodara(Baroda),Vadodara(Sayajipura),Mint(Pudina),Other,FAQ,2015-01-25 00:00:00,1500.0,2000.0,1800.0,360
Gujarat,Vadodara(Baroda),Vadodara(Sayajipura),Mint(Pudina),Other,FAQ,2015-02-01 00:00:00,2000.0,2500.0,2300.0,360
Gujarat,Vadodara(Baroda),Vadodara(Sayajipura),Mint(Pudina),Other,FAQ,2015-02-04 00:00:00,2000.0,2500.0,2300.0,360
Gujarat,Vadodara(Baroda),Vadodara(Sayajipura),Mint(Pudina),Other,FAQ,2015-02-06 00:00:00,1000.0,1250.0,1175.0,360
Gujarat,Vadodara(Baroda),Vadodara(Sayajipura),Mint(Pudina),Other,FAQ,2015-02-07 00:00:00,1500.0,2000.0,1800.0,360
Gujarat,Vadodara(Baroda),Vadodara(Sayajipura),Mint(Pudina),Other,FAQ,2015-02-13 00:00:00,1000.0,1500.0,1300.0,360
Gujarat,Vadodara(Baroda),Vadodara(Sayajipura),Mint(Pudina),Other,FAQ,2015-06-03 00:00:00,1000.0,1500.0,1300.0,360
Gujarat,Vadodara(Baroda),Vadodara(Sayajipura),Mint(Pudina),Other,FAQ,2015-06-15 00:00:00,1500.0,2000.0,1800.0,360
Gujarat,Vadodara(Baroda),Vadodara(Sayajipura),Mint(Pudina),Other,FAQ,2015-06-19 00:00:00,1500.0,2000.0,1800.0,360
Gujarat,Vadodara(Baroda),Vadodara(Sayajipura),Mint(Pudina),Other,FAQ,2015-06-28 00:00:00,1500.0,2000.0,1800.0,360
Gujarat,Vadodara(Baroda),Vadodara(Sayajipura),Mint(Pudina),Other,FAQ,2015-06-29 00:00:00,2000.0,2500.0,2300.0,360
Gujarat,Vadodara(Baroda),Vadodara(Sayajipura),Mint(Pudina),Other,FAQ,2015-07-01 00:00:00,1500.0,2000.0,1800.0,360
Gujarat,Vadodara(Baroda),Vadodara(Sayajipura),Mint(Pudina),Other,FAQ,2015-07-15 00:00:00,1000.0,2000.0,1550.0,360
Gujarat,Vadodara(Baroda),Vadodara(Sayajipura),Mint(Pudina),Other,FAQ,2015-07-22 00:00:00,2000.0,3000.0,2550.0,360
Gujarat,Vadodara(Baroda),Vadodara(Sayajipura),Mint(Pudina),Other,FAQ,2015-07-24 00:00:00,1500.0,2000.0,1800.0,360
Gujarat,Vadodara(Baroda),Vadodara(Sayajipura),Mint(Pudina),Other,FAQ,2015-08-07 00:00:00,2500.0,3000.0,2800.0,360
Gujarat,Vadodara(Baroda),Vadodara(Sayajipura),Mint(Pudina),Other,FAQ,2015-08-09 00:00:00,2500.0,3000.0,2800.0,360
Gujarat,Vadodara(Baroda),Vadodara(Sayajipura),Mint(Pudina),Other,FAQ,2015-08-15 00:00:00,1700.0,2200.0,2000.0,360
Gujarat,Vadodara(Baroda),Vadodara(Sayajipura),Mint(Pudina),Other,FAQ,2015-08-20 00:00:00,1500.0,2000.0,1800.0,360
Gujarat,Vadodara(Baroda),Vadodara(Sayajipura),Mint(Pudina),Other,FAQ,2015-08-23 00:00:00,2000.0,3000.0,2550.0,360
Gujarat,Vadodara(Baroda),Vadodara(Sayajipura),Mint(Pudina),Other,FAQ,2015-08-25 00:00:00,2000.0,3000.0,2550.0,360
Gujarat,Vadodara(Baroda),Vadodara(Sayajipura),Mint(Pudina),Other,FAQ,2015-08-26 00:00:00,2000.0,3000.0,2500.0,360
Gujarat,Vadodara(Baroda),Vadodara(Sayajipura),Mint(Pudina),Other,FAQ,2015-08-27 00:00:00,2100.0,3200.0,2700.0,360
Gujarat,Vadodara(Baroda),Vadodara(Sayajipura),Mint(Pudina),Other,FAQ,2015-09-08 00:00:00,2000.0,2500.0,2300.0,360
Gujarat,Vadodara(Baroda),Vadodara(Sayajipura),Mint(Pudina),Other,FAQ,2015-09-10 00:00:00,2000.0,3000.0,2550.0,360
Gujarat,Vadodara(Baroda),Vadodara(Sayajipura),Mint(Pudina),Other,FAQ,2015-09-22 00:00:00,1500.0,2000.0,1800.0,360
Gujarat,Vadodara(Baroda),Vadodara(Sayajipura),Mint(Pudina),Other,FAQ,2015-09-23 00:00:00,2500.0,3000.0,2800.0,360
Gujarat,Vadodara(Baroda),Vadodara(Sayajipura),Mint(Pudina),Other,FAQ,2015-10-05 00:00:00,3500.0,4000.0,3800.0,360
Gujarat,Vadodara(Baroda),Vadodara(Sayajipura),Mint(Pudina),Other,FAQ,2015-10-16 00:00:00,2500.0,3000.0,2800.0,360
Gujarat,Vadodara(Baroda),Vadodara(Sayajipura),Mint(Pudina),Other,FAQ,2015-10-17 00:00:00,1500.0,2000.0,1800.0,360
Gujarat,Vadodara(Baroda),Vadodara(Sayajipura),Mint(Pudina),Other,FAQ,2015-10-25 00:00:00,1500.0,2000.0,1800.0,360
Gujarat,Vadodara(Baroda),Vadodara(Sayajipura),Mint(Pudina),Other,FAQ,2015-11-14 00:00:00,1500.0,2000.0,1800.0,360
Gujarat,Vadodara(Baroda),Vadodara(Sayajipura),Mint(Pudina),Other,FAQ,2015-11-17 00:00:00,1000.0,1200.0,1150.0,360
Gujarat,Vadodara(Baroda),Vadodara(Sayajipura),Mint(Pudina),Other,FAQ,2015-12-03 00:00:00,1500.0,2000.0,1800.0,360
Gujarat,Vadodara(Baroda),Vadodara(Sayajipura),Mint(Pudina),Other,FAQ,2015-12-04 00:00:00,1500.0,2000.0,1800.0,360
Gujarat,Vadodara(Baroda),Vadodara(Sayajipura),Mint(Pudina),Other,FAQ,2015-12-18 00:00:00,1500.0,2000.0,1800.0,360
Gujarat,Vadodara(Baroda),Vadodara(Sayajipura),Mint(Pudina),Other,FAQ,2015-12-21 00:00:00,1500.0,2000.0,1800.0,360
Gujarat,Vadodara(Baroda),Vadodara(Sayajipura),Mint(Pudina),Other,FAQ,2015-12-25 00:00:00,2000.0,2500.0,2300.0,360
Gujarat,Ahmedabad,Ahmedabad(Rajnagar sub yard),Mint(Pudina),Other,FAQ,2015-01-02 00:00:00,1000.0,1500.0,1300.0,360
Gujarat,Ahmedabad,Ahmedabad(Rajnagar sub yard),Mint(Pudina),Other,FAQ,2015-01-06 00:00:00,1000.0,1500.0,1300.0,360
Gujarat,Ahmedabad,Ahmedabad(Rajnagar sub yard),Mint(Pudina),Other,FAQ,2015-01-09 00:00:00,500.0,1000.0,800.0,360
Gujarat,Ahmedabad,Ahmedabad(Rajnagar sub yard),Mint(Pudina),Other,FAQ,2015-02-07 00:00:00,600.0,1000.0,900.0,360
Gujarat,Ahmedabad,Ahmedabad(Rajnagar sub yard),Mint(Pudina),Other,FAQ,2015-02-10 00:00:00,500.0,1000.0,800.0,360
Gujarat,Ahmedabad,Ahmedabad(Rajnagar sub yard),Mint(Pudina),Other,FAQ,2015-02-18 00:00:00,500.0,700.0,600.0,360
Gujarat,Ahmedabad,Ahmedabad(Rajnagar sub yard),Mint(Pudina),Other,FAQ,2015-03-04 00:00:00,400.0,800.0,700.0,360
Gujarat,Ahmedabad,Ahmedabad(Rajnagar sub yard),Mint(Pudina),Other,FAQ,2015-03-30 00:00:00,500.0,700.0,650.0,360
Gujarat,Ahmedabad,Ahmedabad(Rajnagar sub yard),Mint(Pudina),Other,FAQ,2015-04-04 00:00:00,500.0,800.0,700.0,360
Gujarat,Ahmedabad,Ahmedabad(Rajnagar sub yard),Mint(Pudina),Other,FAQ,2015-04-20 00:00:00,1000.0,1250.0,1150.0,360
Gujarat,Ahmedabad,Ahmedabad(Rajnagar sub yard),Mint(Pudina),Other,FAQ,2015-04-24 00:00:00,800.0,1000.0,900.0,360
Gujarat,Ahmedabad,Ahmedabad(Rajnagar sub yard),Mint(Pudina),Other,FAQ,2015-04-28 00:00:00,1000.0,1500.0,1300.0,360
Gujarat,Ahmedabad,Ahmedabad(Rajnagar sub yard),Mint(Pudina),Other,FAQ,2015-04-29 00:00:00,1000.0,1500.0,1300.0,360
Gujarat,Ahmedabad,Ahmedabad(Rajnagar sub yard),Mint(Pudina),Other,FAQ,2015-05-04 00:00:00,1000.0,1500.0,1300.0,360
Gujarat,Ahmedabad,Ahmedabad(Rajnagar sub yard),Mint(Pudina),Other,FAQ,2015-05-08 00:00:00,1000.0,1500.0,1300.0,360
Gujarat,Ahmedabad,Ahmedabad(Rajnagar sub yard),Mint(Pudina),Other,FAQ,2015-05-15 00:00:00,800.0,1200.0,1100.0,360
Gujarat,Ahmedabad,Ahmedabad(Rajnagar sub yard),Mint(Pudina),Other,FAQ,2015-05-18 00:00:00,500.0,1200.0,900.0,360
Gujarat,Ahmedabad,Ahmedabad(Rajnagar sub yard),Mint(Pudina),Other,FAQ,2015-05-19 00:00:00,500.0,1500.0,1100.0,360
Gujarat,Ahmedabad,Ahmedabad(Rajnagar sub yard),Mint(Pudina),Other,FAQ,2015-06-11 00:00:00,1000.0,2000.0,1600.0,360
Gujarat,Ahmedabad,Ahmedabad(Rajnagar sub yard),Mint(Pudina),Other,FAQ,2015-06-19 00:00:00,1000.0,1500.0,1300.0,360
Gujarat,Ahmedabad,Ahmedabad(Rajnagar sub yard),Mint(Pudina),Other,FAQ,2015-07-01 00:00:00,1500.0,2000.0,1800.0,360
Gujarat,Ahmedabad,Ahmedabad(Rajnagar sub yard),Mint(Pudina),Other,FAQ,2015-07-02 00:00:00,1500.0,2000.0,1800.0,360
Gujarat,Ahmedabad,Ahmedabad(Rajnagar sub yard),Mint(Pudina),Other,FAQ,2015-07-17 00:00:00,1000.0,2000.0,1700.0,360
Gujarat,Ahmedabad,Ahmedabad(Rajnagar sub yard),Mint(Pudina),Other,FAQ,2015-07-28 00:00:00,1000.0,1200.0,1100.0,360
Gujarat,Ahmedabad,Ahmedabad(Rajnagar sub yard),Mint(Pudina),Other,FAQ,2015-07-29 00:00:00,2000.0,3000.0,2500.0,360
Gujarat,Ahmedabad,Ahmedabad(Rajnagar sub yard),Mint(Pudina),Other,FAQ,2015-07-31 00:00:00,1000.0,2000.0,1600.0,360
Gujarat,Ahmedabad,Ahmedabad(Rajnagar sub yard),Mint(Pudina),Other,FAQ,2015-08-13 00:00:00,1000.0,2000.0,1600.0,360
Gujarat,Ahmedabad,Ahmedabad(Rajnagar sub yard),Mint(Pudina),Other,FAQ,2015-08-15 00:00:00,1000.0,2000.0,1600.0,360
Gujarat,Ahmedabad,Ahmedabad(Rajnagar sub yard),Mint(Pudina),Other,FAQ,2015-08-28 00:00:00,2000.0,2500.0,2300.0,360
Gujarat,Ahmedabad,Ahmedabad(Rajnagar sub yard),Mint(Pudina),Other,FAQ,2015-09-02 00:00:00,1500.0,2500.0,2200.0,360
Gujarat,Ahmedabad,Ahmedabad(Rajnagar sub yard),Mint(Pudina),Other,FAQ,2015-09-08 00:00:00,1000.0,1500.0,1300.0,360
Gujarat,Ahmedabad,Ahmedabad(Rajnagar sub yard),Mint(Pudina),Other,FAQ,2015-09-10 00:00:00,1000.0,1500.0,1300.0,360
Gujarat,Ahmedabad,Ahmedabad(Rajnagar sub yard),Mint(Pudina),Other,FAQ,2015-09-15 00:00:00,1000.0,2000.0,1600.0,360
Gujarat,Ahmedabad,Ahmedabad(Rajnagar sub yard),Mint(Pudina),Other,FAQ,2015-09-25 00:00:00,1000.0,2000.0,1600.0,360
Gujarat,Ahmedabad,Ahmedabad(Rajnagar sub yard),Mint(Pudina),Other,FAQ,2015-10-01 00:00:00,1500.0,2500.0,2100.0,360
Gujarat,Ahmedabad,Ahmedabad(Rajnagar sub yard),Mint(Pudina),Other,FAQ,2015-10-19 00:00:00,1500.0,2000.0,1800.0,360
Gujarat,Ahmedabad,Ahmedabad(Rajnagar sub yard),Mint(Pudina),Other,FAQ,2015-10-20 00:00:00,1000.0,2000.0,1600.0,360
Gujarat,Ahmedabad,Ahmedabad(Rajnagar sub yard),Mint(Pudina),Other,FAQ,2015-10-22 00:00:00,1500.0,2000.0,1800.0,360
Gujarat,Ahmedabad,Ahmedabad(Rajnagar sub yard),Mint(Pudina),Other,FAQ,2015-11-03 00:00:00,1250.0,2000.0,1800.0,360
Gujarat,Ahmedabad,Ahmedabad(Rajnagar sub yard),Mint(Pudina),Other,FAQ,2015-11-19 00:00:00,500.0,1000.0,800.0,360
Gujarat,Ahmedabad,Ahmedabad(Rajnagar sub yard),Mint(Pudina),Other,FAQ,2015-11-23 00:00:00,800.0,1500.0,1200.0,360
Gujarat,Ahmedabad,Ahmedabad(Rajnagar sub yard),Mint(Pudina),Other,FAQ,2015-11-24 00:00:00,800.0,1200.0,1100.0,360
Gujarat,Ahmedabad,Ahmedabad(Rajnagar sub yard),Mint(Pudina),Other,FAQ,2015-11-30 00:00:00,700.0,1200.0,1000.0,360
Gujarat,Ahmedabad,Ahmedabad(Rajnagar sub yard),Mint(Pudina),Other,FAQ,2015-12-05 00:00:00,500.0,1000.0,800.0,360
Gujarat,Ahmedabad,Ahmedabad(Rajnagar sub yard),Mint(Pudina),Other,FAQ,2015-12-07 00:00:00,600.0,1200.0,1000.0,360
Gujarat,Ahmedabad,Ahmedabad(Rajnagar sub yard),Mint(Pudina),Other,FAQ,2015-12-14 00:00:00,1000.0,2000.0,1600.0,360
Gujarat,Ahmedabad,Ahmedabad(Rajnagar sub yard),Mint(Pudina),Other,FAQ,2015-12-23 00:00:00,1000.0,1500.0,1300.0,360
Gujarat,Ahmedabad,Ahmedabad(Rajnagar sub yard),Mint(Pudina),Other,FAQ,2015-12-28 00:00:00,1000.0,2000.0,1600.0,360
Gujarat,Anand,"Petlad(Veg Yard, Petlad)",Mint(Pudina),Other,FAQ,2015-01-27 00:00:00,400.0,500.0,450.0,360
Gujarat,Anand,"Petlad(Veg Yard, Petlad)",Mint(Pudina),Other,FAQ,2015-02-02 00:00:00,600.0,900.0,750.0,360
Gujarat,Anand,"Petlad(Veg Yard, Petlad)",Mint(Pudina),Other,FAQ,2015-02-04 00:00:00,600.0,700.0,650.0,360
Gujarat,Anand,"Petlad(Veg Yard, Petlad)",Mint(Pudina),Other,FAQ,2015-02-14 00:00:00,300.0,500.0,400.0,360
Gujarat,Anand,"Petlad(Veg Yard, Petlad)",Mint(Pudina),Other,FAQ,2015-02-24 00:00:00,200.0,500.0,350.0,360
Gujarat,Anand,"Petlad(Veg Yard, Petlad)",Mint(Pudina),Other,FAQ,2015-02-28 00:00:00,300.0,350.0,325.0,360
Gujarat,Anand,"Petlad(Veg Yard, Petlad)",Mint(Pudina),Other,FAQ,2015-03-04 00:00:00,200.0,300.0,250.0,360
Gujarat,Anand,"Petlad(Veg Yard, Petlad)",Mint(Pudina),Other,FAQ,2015-03-11 00:00:00,200.0,250.0,225.0,360
Gujarat,Anand,"Petlad(Veg Yard, Petlad)",Mint(Pudina),Other,FAQ,2015-03-14 00:00:00,200.0,500.0,350.0,360
Gujarat,Anand,"Petlad(Veg Yard, Petlad)",Mint(Pudina),Other,FAQ,2015-03-23 00:00:00,200.0,500.0,350.0,360
Gujarat,Anand,"Petlad(Veg Yard, Petlad)",Mint(Pudina),Other,FAQ,2015-12-10 00:00:00,300.0,400.0,350.0,360
Gujarat,Bharuch,Bharuch,Mint(Pudina),Other,FAQ,2015-01-14 00:00:00,800.0,1200.0,1000.0,360
Gujarat,Bharuch,Bharuch,Mint(Pudina),Other,FAQ,2015-02-01 00:00:00,700.0,1000.0,850.0,360
Gujarat,Bharuch,Bharuch,Mint(Pudina),Other,FAQ,2015-02-06 00:00:00,700.0,1000.0,850.0,360
Gujarat,Bharuch,Bharuch,Mint(Pudina),Other,FAQ,2015-02-13 00:00:00,700.0,1000.0,900.0,360
Gujarat,Bharuch,Bharuch,Mint(Pudina),Other,FAQ,2015-02-14 00:00:00,800.0,1200.0,1000.0,360
Gujarat,Bharuch,Bharuch,Mint(Pudina),Other,FAQ,2015-02-16 00:00:00,700.0,1000.0,900.0,360
Gujarat,Bharuch,Bharuch,Mint(Pudina),Other,FAQ,2015-03-07 00:00:00,700.0,900.0,800.0,360
Gujarat,Bharuch,Bharuch,Mint(Pudina),Other,FAQ,2015-03-23 00:00:00,700.0,1000.0,850.0,360
Gujarat,Bharuch,Bharuch,Mint(Pudina),Other,FAQ,2015-04-01 00:00:00,800.0,1000.0,900.0,360
Gujarat,Bharuch,Bharuch,Mint(Pudina),Other,FAQ,2015-04-05 00:00:00,500.0,750.0,650.0,360
Gujarat,Bharuch,Bharuch,Mint(Pudina),Other,FAQ,2015-04-07 00:00:00,600.0,750.0,700.0,360
Gujarat,Bharuch,Bharuch,Mint(Pudina),Other,FAQ,2015-05-16 00:00:00,800.0,1200.0,1000.0,360
Gujarat,Bharuch,Bharuch,Mint(Pudina),Other,FAQ,2015-05-23 00:00:00,700.0,1000.0,900.0,360
Gujarat,Bharuch,Bharuch,Mint(Pudina),Other,FAQ,2015-06-25 00:00:00,800.0,1250.0,1000.0,360
Gujarat,Bharuch,Bharuch,Mint(Pudina),Other,FAQ,2015-08-31 00:00:00,600.0,1000.0,800.0,360
Gujarat,Bharuch,Bharuch,Mint(Pudina),Other,FAQ,2015-11-05 00:00:00,800.0,1000.0,900.0,360
Gujarat,Bharuch,Bharuch,Mint(Pudina),Other,FAQ,2015-12-13 00:00:00,750.0,1000.0,850.0,360
Gujarat,Bharuch,Bharuch,Mint(Pudina),Other,FAQ,2015-12-18 00:00:00,750.0,1000.0,850.0,360
Gujarat,Bharuch,Bharuch,Mint(Pudina),Other,FAQ,2015-12-22 00:00:00,800.0,1200.0,1000.0,360
Gujarat,Dahod,Dahod(Veg. Market),Mint(Pudina),Mint(Pudina),FAQ,2015-01-03 00:00:00,3500.0,5000.0,4500.0,360
Gujarat,Dahod,Dahod(Veg. Market),Mint(Pudina),Mint(Pudina),FAQ,2015-01-06 00:00:00,4000.0,5000.0,5000.0,360
Gujarat,Dahod,Dahod(Veg. Market),Mint(Pudina),Mint(Pudina),FAQ,2015-01-07 00:00:00,3500.0,5000.0,4000.0,360
Gujarat,Dahod,Dahod(Veg. Market),Mint(Pudina),Mint(Pudina),FAQ,2015-01-24 00:00:00,4000.0,5000.0,4500.0,360
Gujarat,Dahod,Dahod(Veg. Market),Mint(Pudina),Mint(Pudina),FAQ,2015-02-16 00:00:00,3000.0,5000.0,3500.0,360
Gujarat,Dahod,Dahod(Veg. Market),Mint(Pudina),Mint(Pudina),FAQ,2015-02-21 00:00:00,3000.0,5000.0,4000.0,360
Gujarat,Dahod,Dahod(Veg. Market),Mint(Pudina),Mint(Pudina),FAQ,2015-02-25 00:00:00,2500.0,5000.0,4000.0,360
Gujarat,Ahmedabad,Ahmedabad(Rajnagar sub yard),Mint(Pudina),Other,FAQ,2013-01-08 00:00:00,1000.0,1300.0,1200.0,360
Gujarat,Ahmedabad,Ahmedabad(Rajnagar sub yard),Mint(Pudina),Other,FAQ,2013-01-17 00:00:00,800.0,1500.0,1200.0,360
Gujarat,Ahmedabad,Ahmedabad(Rajnagar sub yard),Mint(Pudina),Other,FAQ,2013-01-19 00:00:00,500.0,1000.0,800.0,360
Gujarat,Ahmedabad,Ahmedabad(Rajnagar sub yard),Mint(Pudina),Other,FAQ,2013-01-21 00:00:00,1000.0,1300.0,1200.0,360
Gujarat,Ahmedabad,Ahmedabad(Rajnagar sub yard),Mint(Pudina),Other,FAQ,2013-01-29 00:00:00,800.0,1000.0,900.0,360
Gujarat,Ahmedabad,Ahmedabad(Rajnagar sub yard),Mint(Pudina),Other,FAQ,2013-01-30 00:00:00,400.0,1000.0,800.0,360
Gujarat,Ahmedabad,Ahmedabad(Rajnagar sub yard),Mint(Pudina),Other,FAQ,2013-02-01 00:00:00,400.0,800.0,600.0,360
Gujarat,Ahmedabad,Ahmedabad(Rajnagar sub yard),Mint(Pudina),Other,FAQ,2013-02-05 00:00:00,700.0,900.0,800.0,360
Gujarat,Ahmedabad,Ahmedabad(Rajnagar sub yard),Mint(Pudina),Other,FAQ,2013-02-06 00:00:00,300.0,800.0,600.0,360
Gujarat,Ahmedabad,Ahmedabad(Rajnagar sub yard),Mint(Pudina),Other,FAQ,2013-02-09 00:00:00,500.0,1000.0,800.0,360
Gujarat,Ahmedabad,Ahmedabad(Rajnagar sub yard),Mint(Pudina),Other,FAQ,2013-02-11 00:00:00,800.0,1000.0,900.0,360
Gujarat,Ahmedabad,Ahmedabad(Rajnagar sub yard),Mint(Pudina),Other,FAQ,2013-02-19 00:00:00,400.0,700.0,600.0,360
Gujarat,Ahmedabad,Ahmedabad(Rajnagar sub yard),Mint(Pudina),Other,FAQ,2013-02-20 00:00:00,300.0,700.0,600.0,360
Gujarat,Ahmedabad,Ahmedabad(Rajnagar sub yard),Mint(Pudina),Other,FAQ,2013-03-02 00:00:00,400.0,600.0,500.0,360
Gujarat,Ahmedabad,Ahmedabad(Rajnagar sub yard),Mint(Pudina),Other,FAQ,2013-03-09 00:00:00,500.0,800.0,700.0,360
Gujarat,Ahmedabad,Ahmedabad(Rajnagar sub yard),Mint(Pudina),Other,FAQ,2013-03-25 00:00:00,400.0,800.0,700.0,360
Gujarat,Ahmedabad,Ahmedabad(Rajnagar sub yard),Mint(Pudina),Other,FAQ,2013-03-28 00:00:00,500.0,800.0,700.0,360
Gujarat,Ahmedabad,Ahmedabad(Rajnagar sub yard),Mint(Pudina),Other,FAQ,2013-04-01 00:00:00,600.0,800.0,700.0,360
Gujarat,Ahmedabad,Ahmedabad(Rajnagar sub yard),Mint(Pudina),Other,FAQ,2013-04-05 00:00:00,500.0,1000.0,850.0,360
Gujarat,Ahmedabad,Ahmedabad(Rajnagar sub yard),Mint(Pudina),Other,FAQ,2013-04-22 00:00:00,400.0,700.0,600.0,360
Gujarat,Ahmedabad,Ahmedabad(Rajnagar sub yard),Mint(Pudina),Other,FAQ,2013-04-23 00:00:00,500.0,800.0,700.0,360
Gujarat,Ahmedabad,Ahmedabad(Rajnagar sub yard),Mint(Pudina),Other,FAQ,2013-04-27 00:00:00,500.0,800.0,700.0,360
Gujarat,Ahmedabad,Ahmedabad(Rajnagar sub yard),Mint(Pudina),Other,FAQ,2013-05-06 00:00:00,500.0,1000.0,800.0,360
Gujarat,Ahmedabad,Ahmedabad(Rajnagar sub yard),Mint(Pudina),Other,FAQ,2013-05-08 00:00:00,1000.0,1500.0,1300.0,360
Gujarat,Ahmedabad,Ahmedabad(Rajnagar sub yard),Mint(Pudina),Other,FAQ,2013-05-09 00:00:00,1000.0,1300.0,1200.0,360
Gujarat,Ahmedabad,Ahmedabad(Rajnagar sub yard),Mint(Pudina),Other,FAQ,2013-05-10 00:00:00,1000.0,1500.0,1300.0,360
Gujarat,Ahmedabad,Ahmedabad(Rajnagar sub yard),Mint(Pudina),Other,FAQ,2013-05-21 00:00:00,1000.0,1200.0,1100.0,360
Gujarat,Ahmedabad,Ahmedabad(Rajnagar sub yard),Mint(Pudina),Other,FAQ,2013-06-03 00:00:00,800.0,1500.0,1200.0,360
Gujarat,Ahmedabad,Ahmedabad(Rajnagar sub yard),Mint(Pudina),Other,FAQ,2013-06-06 00:00:00,800.0,1000.0,900.0,360
Gujarat,Ahmedabad,Ahmedabad(Rajnagar sub yard),Mint(Pudina),Other,FAQ,2013-06-10 00:00:00,800.0,1000.0,900.0,360
Gujarat,Ahmedabad,Ahmedabad(Rajnagar sub yard),Mint(Pudina),Other,FAQ,2013-06-12 00:00:00,800.0,1300.0,1100.0,360
Gujarat,Ahmedabad,Ahmedabad(Rajnagar sub yard),Mint(Pudina),Other,FAQ,2013-06-21 00:00:00,1000.0,1500.0,1300.0,360
Gujarat,Ahmedabad,Ahmedabad(Rajnagar sub yard),Mint(Pudina),Other,FAQ,2013-07-01 00:00:00,1200.0,1700.0,1500.0,360
Gujarat,Ahmedabad,Ahmedabad(Rajnagar sub yard),Mint(Pudina),Other,FAQ,2013-07-03 00:00:00,1000.0,2000.0,1500.0,360
Gujarat,Ahmedabad,Ahmedabad(Rajnagar sub yard),Mint(Pudina),Other,FAQ,2013-08-10 00:00:00,2000.0,3500.0,3000.0,360
Gujarat,Ahmedabad,Ahmedabad(Rajnagar sub yard),Mint(Pudina),Other,FAQ,2013-08-12 00:00:00,1000.0,3000.0,2500.0,360
Gujarat,Ahmedabad,Ahmedabad(Rajnagar sub yard),Mint(Pudina),Other,FAQ,2013-08-27 00:00:00,2000.0,3500.0,3000.0,360
Gujarat,Ahmedabad,Ahmedabad(Rajnagar sub yard),Mint(Pudina),Other,FAQ,2013-09-09 00:00:00,500.0,1000.0,800.0,360
Gujarat,Ahmedabad,Ahmedabad(Rajnagar sub yard),Mint(Pudina),Other,FAQ,2013-09-17 00:00:00,500.0,1000.0,800.0,360
Gujarat,Ahmedabad,Ahmedabad(Rajnagar sub yard),Mint(Pudina),Other,FAQ,2013-09-23 00:00:00,600.0,1500.0,1200.0,360
Gujarat,Ahmedabad,Ahmedabad(Rajnagar sub yard),Mint(Pudina),Other,FAQ,2013-09-25 00:00:00,400.0,800.0,700.0,360
Gujarat,Ahmedabad,Ahmedabad(Rajnagar sub yard),Mint(Pudina),Other,FAQ,2013-10-01 00:00:00,800.0,1500.0,1200.0,360
Gujarat,Ahmedabad,Ahmedabad(Rajnagar sub yard),Mint(Pudina),Other,FAQ,2013-10-05 00:00:00,1000.0,3000.0,2500.0,360
Gujarat,Ahmedabad,Ahmedabad(Rajnagar sub yard),Mint(Pudina),Other,FAQ,2013-10-12 00:00:00,1500.0,2500.0,2200.0,360
Gujarat,Ahmedabad,Ahmedabad(Rajnagar sub yard),Mint(Pudina),Other,FAQ,2013-10-17 00:00:00,2000.0,3000.0,2800.0,360
Gujarat,Ahmedabad,Ahmedabad(Rajnagar sub yard),Mint(Pudina),Other,FAQ,2013-10-21 00:00:00,2500.0,3500.0,3000.0,360
Gujarat,Ahmedabad,Ahmedabad(Rajnagar sub yard),Mint(Pudina),Other,FAQ,2013-11-02 00:00:00,1000.0,1500.0,1300.0,360
Gujarat,Ahmedabad,Ahmedabad(Rajnagar sub yard),Mint(Pudina),Other,FAQ,2013-11-06 00:00:00,1000.0,1500.0,1300.0,360
Gujarat,Ahmedabad,Ahmedabad(Rajnagar sub yard),Mint(Pudina),Other,FAQ,2013-11-12 00:00:00,1000.0,1250.0,1200.0,360
Gujarat,Ahmedabad,Ahmedabad(Rajnagar sub yard),Mint(Pudina),Other,FAQ,2013-11-15 00:00:00,1000.0,1200.0,1100.0,360
Gujarat,Ahmedabad,Ahmedabad(Rajnagar sub yard),Mint(Pudina),Other,FAQ,2013-11-27 00:00:00,800.0,1200.0,1100.0,360
Gujarat,Ahmedabad,Ahmedabad(Rajnagar sub yard),Mint(Pudina),Other,FAQ,2013-11-30 00:00:00,1000.0,1200.0,1100.0,360
Gujarat,Ahmedabad,Ahmedabad(Rajnagar sub yard),Mint(Pudina),Other,FAQ,2013-12-04 00:00:00,800.0,1200.0,1100.0,360
Gujarat,Ahmedabad,Ahmedabad(Rajnagar sub yard),Mint(Pudina),Other,FAQ,2013-12-07 00:00:00,800.0,1200.0,1100.0,360
Gujarat,Ahmedabad,Ahmedabad(Rajnagar sub yard),Mint(Pudina),Other,FAQ,2013-12-16 00:00:00,600.0,1500.0,1100.0,360
Gujarat,Ahmedabad,Ahmedabad(Rajnagar sub yard),Mint(Pudina),Other,FAQ,2013-12-27 00:00:00,1000.0,1500.0,1300.0,360
Gujarat,Bharuch,Bharuch,Mint(Pudina),Other,FAQ,2013-07-05 00:00:00,1500.0,2000.0,1750.0,360
Gujarat,Bharuch,Bharuch,Mint(Pudina),Other,FAQ,2013-07-12 00:00:00,1300.0,1600.0,1450.0,360
Gujarat,Bharuch,Bharuch,Mint(Pudina),Other,FAQ,2013-08-05 00:00:00,1300.0,1500.0,1375.0,360
Gujarat,Bharuch,Bharuch,Mint(Pudina),Other,FAQ,2013-09-04 00:00:00,1500.0,1750.0,1625.0,360
Gujarat,Bharuch,Bharuch,Mint(Pudina),Other,FAQ,2013-10-30 00:00:00,1400.0,1600.0,1500.0,360
Gujarat,Bharuch,Bharuch,Mint(Pudina),Other,FAQ,2013-10-31 00:00:00,1000.0,1500.0,1250.0,360
Gujarat,Bharuch,Bharuch,Mint(Pudina),Other,FAQ,2013-11-08 00:00:00,1300.0,1500.0,1400.0,360
Gujarat,Bharuch,Bharuch,Mint(Pudina),Other,FAQ,2013-11-17 00:00:00,1000.0,1250.0,1125.0,360
Gujarat,Bharuch,Bharuch,Mint(Pudina),Other,FAQ,2013-11-25 00:00:00,800.0,1200.0,1000.0,360
Gujarat,Bharuch,Bharuch,Mint(Pudina),Other,FAQ,2013-12-11 00:00:00,1000.0,1200.0,1100.0,360
Gujarat,Bharuch,Bharuch,Mint(Pudina),Other,FAQ,2013-12-24 00:00:00,800.0,1200.0,1000.0,360
Gujarat,Dahod,Dahod(Veg. Market),Mint(Pudina),Mint(Pudina),FAQ,2013-09-28 00:00:00,2000.0,3000.0,3000.0,360
Gujarat,Dahod,Dahod(Veg. Market),Mint(Pudina),Mint(Pudina),FAQ,2013-10-04 00:00:00,1500.0,2500.0,2000.0,360
Gujarat,Dahod,Dahod(Veg. Market),Mint(Pudina),Mint(Pudina),FAQ,2013-10-05 00:00:00,2000.0,3000.0,2800.0,360
Gujarat,Dahod,Dahod(Veg. Market),Mint(Pudina),Mint(Pudina),FAQ,2013-10-06 00:00:00,2000.0,3000.0,2500.0,360
Gujarat,Dahod,Dahod(Veg. Market),Mint(Pudina),Mint(Pudina),FAQ,2013-10-20 00:00:00,2500.0,4000.0,3500.0,360
Gujarat,Dahod,Dahod(Veg. Market),Mint(Pudina),Mint(Pudina),FAQ,2013-10-23 00:00:00,3000.0,4000.0,4000.0,360
Gujarat,Dahod,Dahod(Veg. Market),Mint(Pudina),Mint(Pudina),FAQ,2013-10-26 00:00:00,4500.0,5000.0,5000.0,360
Gujarat,Dahod,Dahod(Veg. Market),Mint(Pudina),Mint(Pudina),FAQ,2013-10-27 00:00:00,5000.0,5500.0,5000.0,360
Gujarat,Dahod,Dahod(Veg. Market),Mint(Pudina),Mint(Pudina),FAQ,2013-10-29 00:00:00,2500.0,5000.0,4000.0,360
Gujarat,Dahod,Dahod(Veg. Market),Mint(Pudina),Mint(Pudina),FAQ,2013-11-06 00:00:00,4000.0,4000.0,4000.0,360
Gujarat,Dahod,Dahod(Veg. Market),Mint(Pudina),Mint(Pudina),FAQ,2013-11-10 00:00:00,3000.0,5000.0,4000.0,360
Gujarat,Dahod,Dahod(Veg. Market),Mint(Pudina),Mint(Pudina),FAQ,2013-11-11 00:00:00,3000.0,4000.0,3500.0,360
Gujarat,Dahod,Dahod(Veg. Market),Mint(Pudina),Mint(Pudina),FAQ,2013-11-21 00:00:00,3000.0,3000.0,3000.0,360
Gujarat,Dahod,Dahod(Veg. Market),Mint(Pudina),Mint(Pudina),FAQ,2013-11-25 00:00:00,3000.0,3500.0,3200.0,360
Gujarat,Dahod,Dahod(Veg. Market),Mint(Pudina),Mint(Pudina),FAQ,2013-12-07 00:00:00,2000.0,2500.0,2300.0,360
Gujarat,Dahod,Dahod(Veg. Market),Mint(Pudina),Mint(Pudina),FAQ,2013-12-20 00:00:00,2000.0,3000.0,2500.0,360
Gujarat,Dahod,Dahod(Veg. Market),Mint(Pudina),Mint(Pudina),FAQ,2013-12-31 00:00:00,2000.0,2500.0,2300.0,360
Gujarat,Dahod,Dahod(Veg. Market),Mint(Pudina),Other,FAQ,2013-01-04 00:00:00,2000.0,2500.0,2300.0,360
Gujarat,Dahod,Dahod(Veg. Market),Mint(Pudina),Other,FAQ,2013-01-12 00:00:00,2500.0,3000.0,2700.0,360
Gujarat,Dahod,Dahod(Veg. Market),Mint(Pudina),Other,FAQ,2013-01-19 00:00:00,2500.0,3000.0,2900.0,360
Gujarat,Dahod,Dahod(Veg. Market),Mint(Pudina),Other,FAQ,2013-01-20 00:00:00,2500.0,3000.0,2900.0,360
Gujarat,Dahod,Dahod(Veg. Market),Mint(Pudina),Other,FAQ,2013-01-21 00:00:00,2500.0,3000.0,2700.0,360
Gujarat,Dahod,Dahod(Veg. Market),Mint(Pudina),Other,FAQ,2013-01-28 00:00:00,2500.0,3500.0,3000.0,360
Gujarat,Dahod,Dahod(Veg. Market),Mint(Pudina),Other,FAQ,2013-01-31 00:00:00,2000.0,3000.0,2500.0,360
Gujarat,Dahod,Dahod(Veg. Market),Mint(Pudina),Other,FAQ,2013-02-05 00:00:00,2500.0,4000.0,3000.0,360
Gujarat,Dahod,Dahod(Veg. Market),Mint(Pudina),Other,FAQ,2013-02-16 00:00:00,2000.0,3000.0,2500.0,360
Gujarat,Dahod,Dahod(Veg. Market),Mint(Pudina),Other,FAQ,2013-02-21 00:00:00,2000.0,3000.0,2500.0,360
Gujarat,Dahod,Dahod(Veg. Market),Mint(Pudina),Other,FAQ,2013-03-04 00:00:00,1500.0,2500.0,2200.0,360
Gujarat,Dahod,Dahod(Veg. Market),Mint(Pudina),Other,FAQ,2013-03-06 00:00:00,1500.0,3000.0,2500.0,360
Gujarat,Dahod,Dahod(Veg. Market),Mint(Pudina),Other,FAQ,2013-03-12 00:00:00,1500.0,3000.0,2000.0,360
Gujarat,Dahod,Dahod(Veg. Market),Mint(Pudina),Other,FAQ,2013-03-18 00:00:00,2000.0,2500.0,2300.0,360
Gujarat,Dahod,Dahod(Veg. Market),Mint(Pudina),Other,FAQ,2013-03-20 00:00:00,2000.0,3000.0,2500.0,360
Gujarat,Dahod,Dahod(Veg. Market),Mint(Pudina),Other,FAQ,2013-03-29 00:00:00,1500.0,2500.0,2000.0,360
Gujarat,Dahod,Dahod(Veg. Market),Mint(Pudina),Other,FAQ,2013-04-01 00:00:00,1000.0,2500.0,1500.0,360
Gujarat,Dahod,Dahod(Veg. Market),Mint(Pudina),Other,FAQ,2013-04-05 00:00:00,1500.0,2000.0,1800.0,360
Gujarat,Dahod,Dahod(Veg. Market),Mint(Pudina),Other,FAQ,2013-04-12 00:00:00,1000.0,1500.0,1500.0,360
Gujarat,Dahod,Dahod(Veg. Market),Mint(Pudina),Other,FAQ,2013-04-13 00:00:00,800.0,1500.0,1400.0,360
Gujarat,Dahod,Dahod(Veg. Market),Mint(Pudina),Other,FAQ,2013-04-18 00:00:00,500.0,1300.0,1200.0,360
Gujarat,Dahod,Dahod(Veg. Market),Mint(Pudina),Other,FAQ,2013-04-19 00:00:00,500.0,1500.0,1300.0,360
Gujarat,Dahod,Dahod(Veg. Market),Mint(Pudina),Other,FAQ,2013-04-21 00:00:00,500.0,1500.0,1200.0,360
Gujarat,Dahod,Dahod(Veg. Market),Mint(Pudina),Other,FAQ,2013-04-23 00:00:00,500.0,1500.0,1000.0,360
Gujarat,Dahod,Dahod(Veg. Market),Mint(Pudina),Other,FAQ,2013-04-27 00:00:00,500.0,1500.0,1200.0,360
Gujarat,Dahod,Dahod(Veg. Market),Mint(Pudina),Other,FAQ,2013-04-29 00:00:00,500.0,1500.0,1200.0,360
Gujarat,Dahod,Dahod(Veg. Market),Mint(Pudina),Other,FAQ,2013-05-13 00:00:00,500.0,1500.0,1500.0,360
Gujarat,Dahod,Dahod(Veg. Market),Mint(Pudina),Other,FAQ,2013-05-22 00:00:00,500.0,1500.0,1500.0,360
Gujarat,Dahod,Dahod(Veg. Market),Mint(Pudina),Other,FAQ,2013-05-27 00:00:00,1000.0,1500.0,1300.0,360
Gujarat,Dahod,Dahod(Veg. Market),Mint(Pudina),Other,FAQ,2013-05-31 00:00:00,800.0,1500.0,1000.0,360
Gujarat,Dahod,Dahod(Veg. Market),Mint(Pudina),Other,FAQ,2013-06-02 00:00:00,800.0,1500.0,1000.0,360
Gujarat,Dahod,Dahod(Veg. Market),Mint(Pudina),Other,FAQ,2013-06-04 00:00:00,1000.0,2000.0,1500.0,360
Gujarat,Dahod,Dahod(Veg. Market),Mint(Pudina),Other,FAQ,2013-06-09 00:00:00,1500.0,2000.0,1500.0,360
Gujarat,Dahod,Dahod(Veg. Market),Mint(Pudina),Other,FAQ,2013-06-12 00:00:00,1500.0,2000.0,1500.0,360
Gujarat,Dahod,Dahod(Veg. Market),Mint(Pudina),Other,FAQ,2013-06-17 00:00:00,1500.0,2000.0,1500.0,360
Gujarat,Dahod,Dahod(Veg. Market),Mint(Pudina),Other,FAQ,2013-06-27 00:00:00,1000.0,2000.0,1500.0,360
Gujarat,Dahod,Dahod(Veg. Market),Mint(Pudina),Other,FAQ,2013-07-05 00:00:00,2000.0,3000.0,2500.0,360
Gujarat,Dahod,Dahod(Veg. Market),Mint(Pudina),Other,FAQ,2013-07-08 00:00:00,2000.0,3000.0,2500.0,360
Gujarat,Dahod,Dahod(Veg. Market),Mint(Pudina),Other,FAQ,2013-07-12 00:00:00,3000.0,4500.0,4000.0,360
Gujarat,Dahod,Dahod(Veg. Market),Mint(Pudina),Other,FAQ,2013-07-27 00:00:00,2500.0,4000.0,3500.0,360
Gujarat,Dahod,Dahod(Veg. Market),Mint(Pudina),Other,FAQ,2013-07-28 00:00:00,2500.0,4000.0,3500.0,360
Gujarat,Dahod,Dahod(Veg. Market),Mint(Pudina),Other,FAQ,2013-07-29 00:00:00,2500.0,4000.0,3500.0,360
Gujarat,Dahod,Dahod(Veg. Market),Mint(Pudina),Other,FAQ,2013-07-30 00:00:00,2500.0,4000.0,3500.0,360
Gujarat,Dahod,Dahod(Veg. Market),Mint(Pudina),Other,FAQ,2013-07-31 00:00:00,2500.0,4000.0,3500.0,360
Gujarat,Dahod,Dahod(Veg. Market),Mint(Pudina),Other,FAQ,2013-08-01 00:00:00,3000.0,4000.0,3500.0,360
Gujarat,Dahod,Dahod(Veg. Market),Mint(Pudina),Other,FAQ,2013-08-05 00:00:00,3500.0,4000.0,4000.0,360
Gujarat,Dahod,Dahod(Veg. Market),Mint(Pudina),Other,FAQ,2013-08-08 00:00:00,3500.0,5000.0,4500.0,360
Gujarat,Dahod,Dahod(Veg. Market),Mint(Pudina),Other,FAQ,2013-08-11 00:00:00,3000.0,4000.0,3500.0,360
Gujarat,Dahod,Dahod(Veg. Market),Mint(Pudina),Other,FAQ,2013-08-13 00:00:00,2500.0,3000.0,3000.0,360
Gujarat,Dahod,Dahod(Veg. Market),Mint(Pudina),Other,FAQ,2013-08-15 00:00:00,3000.0,4000.0,3500.0,360
Gujarat,Dahod,Dahod(Veg. Market),Mint(Pudina),Other,FAQ,2013-08-17 00:00:00,4000.0,5000.0,4500.0,360
Gujarat,Dahod,Dahod(Veg. Market),Mint(Pudina),Other,FAQ,2013-09-07 00:00:00,1500.0,2500.0,2000.0,360
Gujarat,Dahod,Dahod(Veg. Market),Mint(Pudina),Other,FAQ,2013-09-08 00:00:00,2000.0,3500.0,3000.0,360
Gujarat,Dahod,Dahod(Veg. Market),Mint(Pudina),Other,FAQ,2013-09-09 00:00:00,2000.0,4000.0,3000.0,360
Gujarat,Dahod,Dahod(Veg. Market),Mint(Pudina),Other,FAQ,2013-09-13 00:00:00,2500.0,3000.0,3000.0,360
Gujarat,Dahod,Dahod(Veg. Market),Mint(Pudina),Other,FAQ,2013-09-20 00:00:00,2500.0,3000.0,2500.0,360
Gujarat,Dahod,Dahod(Veg. Market),Mint(Pudina),Other,FAQ,2013-09-24 00:00:00,2500.0,3000.0,3000.0,360
Gujarat,Vadodara(Baroda),Vadodara(Sayajipura),Mint(Pudina),Other,FAQ,2013-01-01 00:00:00,1000.0,2000.0,1625.0,360
Gujarat,Vadodara(Baroda),Vadodara(Sayajipura),Mint(Pudina),Other,FAQ,2013-01-06 00:00:00,1000.0,1500.0,1375.0,360
Gujarat,Vadodara(Baroda),Vadodara(Sayajipura),Mint(Pudina),Other,FAQ,2013-01-22 00:00:00,1500.0,2000.0,1800.0,360
Gujarat,Vadodara(Baroda),Vadodara(Sayajipura),Mint(Pudina),Other,FAQ,2013-01-27 00:00:00,1500.0,1750.0,1650.0,360
Gujarat,Vadodara(Baroda),Vadodara(Sayajipura),Mint(Pudina),Other,FAQ,2013-01-31 00:00:00,1500.0,2250.0,2000.0,360
Gujarat,Vadodara(Baroda),Vadodara(Sayajipura),Mint(Pudina),Other,FAQ,2013-02-08 00:00:00,1000.0,1500.0,1300.0,360
Gujarat,Vadodara(Baroda),Vadodara(Sayajipura),Mint(Pudina),Other,FAQ,2013-02-09 00:00:00,1000.0,1600.0,1375.0,360
Gujarat,Vadodara(Baroda),Vadodara(Sayajipura),Mint(Pudina),Other,FAQ,2013-02-14 00:00:00,1000.0,1500.0,1375.0,360
Gujarat,Vadodara(Baroda),Vadodara(Sayajipura),Mint(Pudina),Other,FAQ,2013-02-20 00:00:00,1000.0,1500.0,1300.0,360
Gujarat,Vadodara(Baroda),Vadodara(Sayajipura),Mint(Pudina),Other,FAQ,2013-03-03 00:00:00,1500.0,2000.0,1800.0,360
Gujarat,Vadodara(Baroda),Vadodara(Sayajipura),Mint(Pudina),Other,FAQ,2013-03-07 00:00:00,1500.0,2000.0,1825.0,360
Gujarat,Vadodara(Baroda),Vadodara(Sayajipura),Mint(Pudina),Other,FAQ,2013-03-10 00:00:00,1500.0,2000.0,1800.0,360
Gujarat,Vadodara(Baroda),Vadodara(Sayajipura),Mint(Pudina),Other,FAQ,2013-03-28 00:00:00,1500.0,1750.0,1650.0,360
Gujarat,Vadodara(Baroda),Vadodara(Sayajipura),Mint(Pudina),Other,FAQ,2013-04-13 00:00:00,1000.0,1500.0,1300.0,360
Gujarat,Vadodara(Baroda),Vadodara(Sayajipura),Mint(Pudina),Other,FAQ,2013-04-18 00:00:00,1000.0,1500.0,1300.0,360
Gujarat,Vadodara(Baroda),Vadodara(Sayajipura),Mint(Pudina),Other,FAQ,2013-04-21 00:00:00,750.0,1250.0,1050.0,360
Gujarat,Vadodara(Baroda),Vadodara(Sayajipura),Mint(Pudina),Other,FAQ,2013-04-25 00:00:00,1000.0,1200.0,1125.0,360
Gujarat,Vadodara(Baroda),Vadodara(Sayajipura),Mint(Pudina),Other,FAQ,2013-05-07 00:00:00,1000.0,1500.0,1300.0,360
Gujarat,Vadodara(Baroda),Vadodara(Sayajipura),Mint(Pudina),Other,FAQ,2013-05-10 00:00:00,1000.0,1500.0,1300.0,360
Gujarat,Vadodara(Baroda),Vadodara(Sayajipura),Mint(Pudina),Other,FAQ,2013-05-14 00:00:00,1200.0,1500.0,1400.0,360
Gujarat,Vadodara(Baroda),Vadodara(Sayajipura),Mint(Pudina),Other,FAQ,2013-05-17 00:00:00,1000.0,1500.0,1300.0,360
Gujarat,Vadodara(Baroda),Vadodara(Sayajipura),Mint(Pudina),Other,FAQ,2013-05-27 00:00:00,1500.0,2000.0,1800.0,360
Gujarat,Vadodara(Baroda),Vadodara(Sayajipura),Mint(Pudina),Other,FAQ,2013-05-28 00:00:00,1500.0,2250.0,2000.0,360
Gujarat,Vadodara(Baroda),Vadodara(Sayajipura),Mint(Pudina),Other,FAQ,2013-06-14 00:00:00,1500.0,2000.0,1825.0,360
Gujarat,Vadodara(Baroda),Vadodara(Sayajipura),Mint(Pudina),Other,FAQ,2013-06-21 00:00:00,1500.0,2200.0,1875.0,360
Gujarat,Vadodara(Baroda),Vadodara(Sayajipura),Mint(Pudina),Other,FAQ,2013-06-27 00:00:00,2000.0,2500.0,2300.0,360
Gujarat,Vadodara(Baroda),Vadodara(Sayajipura),Mint(Pudina),Other,FAQ,2013-07-01 00:00:00,1750.0,2250.0,2075.0,360
Gujarat,Vadodara(Baroda),Vadodara(Sayajipura),Mint(Pudina),Other,FAQ,2013-07-02 00:00:00,1500.0,2000.0,1825.0,360
Gujarat,Vadodara(Baroda),Vadodara(Sayajipura),Mint(Pudina),Other,FAQ,2013-07-13 00:00:00,2000.0,3000.0,2625.0,360
Gujarat,Vadodara(Baroda),Vadodara(Sayajipura),Mint(Pudina),Other,FAQ,2013-07-14 00:00:00,2000.0,3000.0,2625.0,360
Gujarat,Vadodara(Baroda),Vadodara(Sayajipura),Mint(Pudina),Other,FAQ,2013-07-20 00:00:00,3000.0,4000.0,3550.0,360
Gujarat,Vadodara(Baroda),Vadodara(Sayajipura),Mint(Pudina),Other,FAQ,2013-07-21 00:00:00,3000.0,4000.0,3550.0,360
Gujarat,Vadodara(Baroda),Vadodara(Sayajipura),Mint(Pudina),Other,FAQ,2013-07-22 00:00:00,1500.0,2500.0,2125.0,360
Gujarat,Vadodara(Baroda),Vadodara(Sayajipura),Mint(Pudina),Other,FAQ,2013-07-26 00:00:00,2500.0,4000.0,3325.0,360
Gujarat,Vadodara(Baroda),Vadodara(Sayajipura),Mint(Pudina),Other,FAQ,2013-08-01 00:00:00,2500.0,3500.0,3025.0,360
Gujarat,Vadodara(Baroda),Vadodara(Sayajipura),Mint(Pudina),Other,FAQ,2013-08-07 00:00:00,5000.0,6000.0,5575.0,360
Gujarat,Vadodara(Baroda),Vadodara(Sayajipura),Mint(Pudina),Other,FAQ,2013-08-14 00:00:00,1500.0,2000.0,1825.0,360
Gujarat,Vadodara(Baroda),Vadodara(Sayajipura),Mint(Pudina),Other,FAQ,2013-08-22 00:00:00,3000.0,4000.0,3625.0,360
Gujarat,Vadodara(Baroda),Vadodara(Sayajipura),Mint(Pudina),Other,FAQ,2013-08-26 00:00:00,2500.0,3000.0,2775.0,360
Gujarat,Vadodara(Baroda),Vadodara(Sayajipura),Mint(Pudina),Other,FAQ,2013-09-01 00:00:00,1500.0,2250.0,2000.0,360
Gujarat,Vadodara(Baroda),Vadodara(Sayajipura),Mint(Pudina),Other,FAQ,2013-09-03 00:00:00,2500.0,3000.0,2825.0,360
Gujarat,Vadodara(Baroda),Vadodara(Sayajipura),Mint(Pudina),Other,FAQ,2013-09-06 00:00:00,2250.0,2750.0,2550.0,360
Gujarat,Vadodara(Baroda),Vadodara(Sayajipura),Mint(Pudina),Other,FAQ,2013-09-12 00:00:00,1000.0,2000.0,1500.0,360
Gujarat,Vadodara(Baroda),Vadodara(Sayajipura),Mint(Pudina),Other,FAQ,2013-09-21 00:00:00,1000.0,1500.0,1275.0,360
Gujarat,Vadodara(Baroda),Vadodara(Sayajipura),Mint(Pudina),Other,FAQ,2013-10-07 00:00:00,1000.0,2000.0,1525.0,360
Gujarat,Vadodara(Baroda),Vadodara(Sayajipura),Mint(Pudina),Other,FAQ,2013-10-24 00:00:00,2000.0,2500.0,2300.0,360
Gujarat,Vadodara(Baroda),Vadodara(Sayajipura),Mint(Pudina),Other,FAQ,2013-11-09 00:00:00,3000.0,4000.0,3600.0,360
Gujarat,Vadodara(Baroda),Vadodara(Sayajipura),Mint(Pudina),Other,FAQ,2013-11-18 00:00:00,1000.0,1500.0,1275.0,360
Gujarat,Vadodara(Baroda),Vadodara(Sayajipura),Mint(Pudina),Other,FAQ,2013-11-23 00:00:00,1000.0,1200.0,1150.0,360
Gujarat,Vadodara(Baroda),Vadodara(Sayajipura),Mint(Pudina),Other,FAQ,2013-11-26 00:00:00,1500.0,2000.0,1800.0,360
Gujarat,Vadodara(Baroda),Vadodara(Sayajipura),Mint(Pudina),Other,FAQ,2013-11-30 00:00:00,1500.0,2000.0,1800.0,360
Gujarat,Vadodara(Baroda),Vadodara(Sayajipura),Mint(Pudina),Other,FAQ,2013-12-08 00:00:00,1500.0,2000.0,1775.0,360
Gujarat,Vadodara(Baroda),Vadodara(Sayajipura),Mint(Pudina),Other,FAQ,2013-12-18 00:00:00,1000.0,1500.0,1300.0,360
Gujarat,Vadodara(Baroda),Vadodara(Sayajipura),Mint(Pudina),Other,FAQ,2013-12-27 00:00:00,1500.0,2000.0,1800.0,360
Gujarat,Vadodara(Baroda),Vadodara(Sayajipura),Mint(Pudina),Other,FAQ,2013-12-29 00:00:00,1500.0,2000.0,1750.0,360
Gujarat,Ahmedabad,Ahmedabad(Rajnagar sub yard),Mint(Pudina),Other,FAQ,2014-01-01 00:00:00,1000.0,1500.0,1300.0,360
Gujarat,Ahmedabad,Ahmedabad(Rajnagar sub yard),Mint(Pudina),Other,FAQ,2014-01-02 00:00:00,1200.0,1500.0,1400.0,360
Gujarat,Ahmedabad,Ahmedabad(Rajnagar sub yard),Mint(Pudina),Other,FAQ,2014-01-04 00:00:00,1200.0,1500.0,1400.0,360
Gujarat,Ahmedabad,Ahmedabad(Rajnagar sub yard),Mint(Pudina),Other,FAQ,2014-01-10 00:00:00,1000.0,1300.0,1200.0,360
Gujarat,Ahmedabad,Ahmedabad(Rajnagar sub yard),Mint(Pudina),Other,FAQ,2014-01-11 00:00:00,800.0,1250.0,1100.0,360
Gujarat,Ahmedabad,Ahmedabad(Rajnagar sub yard),Mint(Pudina),Other,FAQ,2014-01-21 00:00:00,1000.0,1250.0,1200.0,360
Gujarat,Ahmedabad,Ahmedabad(Rajnagar sub yard),Mint(Pudina),Other,FAQ,2014-02-04 00:00:00,500.0,1500.0,1200.0,360
Gujarat,Ahmedabad,Ahmedabad(Rajnagar sub yard),Mint(Pudina),Other,FAQ,2014-02-06 00:00:00,500.0,800.0,700.0,360
Gujarat,Ahmedabad,Ahmedabad(Rajnagar sub yard),Mint(Pudina),Other,FAQ,2014-02-20 00:00:00,500.0,1000.0,800.0,360
Gujarat,Ahmedabad,Ahmedabad(Rajnagar sub yard),Mint(Pudina),Other,FAQ,2014-02-25 00:00:00,500.0,700.0,600.0,360
Gujarat,Ahmedabad,Ahmedabad(Rajnagar sub yard),Mint(Pudina),Other,FAQ,2014-03-01 00:00:00,300.0,700.0,600.0,360
Gujarat,Ahmedabad,Ahmedabad(Rajnagar sub yard),Mint(Pudina),Other,FAQ,2014-03-03 00:00:00,500.0,800.0,700.0,360
Gujarat,Ahmedabad,Ahmedabad(Rajnagar sub yard),Mint(Pudina),Other,FAQ,2014-03-14 00:00:00,500.0,1000.0,800.0,360
Gujarat,Ahmedabad,Ahmedabad(Rajnagar sub yard),Mint(Pudina),Other,FAQ,2014-03-19 00:00:00,600.0,800.0,700.0,360
Gujarat,Ahmedabad,Ahmedabad(Rajnagar sub yard),Mint(Pudina),Other,FAQ,2014-03-22 00:00:00,500.0,800.0,700.0,360
Gujarat,Ahmedabad,Ahmedabad(Rajnagar sub yard),Mint(Pudina),Other,FAQ,2014-03-26 00:00:00,500.0,800.0,700.0,360
Gujarat,Ahmedabad,Ahmedabad(Rajnagar sub yard),Mint(Pudina),Other,FAQ,2014-03-29 00:00:00,500.0,800.0,700.0,360
Gujarat,Ahmedabad,Ahmedabad(Rajnagar sub yard),Mint(Pudina),Other,FAQ,2014-03-31 00:00:00,500.0,800.0,700.0,360
Gujarat,Ahmedabad,Ahmedabad(Rajnagar sub yard),Mint(Pudina),Other,FAQ,2014-04-10 00:00:00,500.0,1000.0,800.0,360
Gujarat,Ahmedabad,Ahmedabad(Rajnagar sub yard),Mint(Pudina),Other,FAQ,2014-04-15 00:00:00,500.0,1000.0,800.0,360
Gujarat,Ahmedabad,Ahmedabad(Rajnagar sub yard),Mint(Pudina),Other,FAQ,2014-04-25 00:00:00,400.0,800.0,700.0,360
Gujarat,Ahmedabad,Ahmedabad(Rajnagar sub yard),Mint(Pudina),Other,FAQ,2014-04-26 00:00:00,400.0,800.0,700.0,360
Gujarat,Ahmedabad,Ahmedabad(Rajnagar sub yard),Mint(Pudina),Other,FAQ,2014-05-13 00:00:00,1000.0,2000.0,1800.0,360
Gujarat,Ahmedabad,Ahmedabad(Rajnagar sub yard),Mint(Pudina),Other,FAQ,2014-05-16 00:00:00,900.0,2000.0,1500.0,360
Gujarat,Ahmedabad,Ahmedabad(Rajnagar sub yard),Mint(Pudina),Other,FAQ,2014-05-19 00:00:00,1400.0,1500.0,1450.0,360
Gujarat,Ahmedabad,Ahmedabad(Rajnagar sub yard),Mint(Pudina),Other,FAQ,2014-05-27 00:00:00,800.0,1500.0,1200.0,360
Gujarat,Ahmedabad,Ahmedabad(Rajnagar sub yard),Mint(Pudina),Other,FAQ,2014-05-28 00:00:00,1000.0,1500.0,1300.0,360
Gujarat,Ahmedabad,Ahmedabad(Rajnagar sub yard),Mint(Pudina),Other,FAQ,2014-05-29 00:00:00,600.0,1300.0,1000.0,360
Gujarat,Ahmedabad,Ahmedabad(Rajnagar sub yard),Mint(Pudina),Other,FAQ,2014-05-31 00:00:00,700.0,1400.0,1200.0,360
Gujarat,Ahmedabad,Ahmedabad(Rajnagar sub yard),Mint(Pudina),Other,FAQ,2014-06-07 00:00:00,800.0,1500.0,1200.0,360
Gujarat,Ahmedabad,Ahmedabad(Rajnagar sub yard),Mint(Pudina),Other,FAQ,2014-06-12 00:00:00,1000.0,2000.0,1500.0,360
Gujarat,Ahmedabad,Ahmedabad(Rajnagar sub yard),Mint(Pudina),Other,FAQ,2014-06-17 00:00:00,1000.0,2000.0,1800.0,360
Gujarat,Ahmedabad,Ahmedabad(Rajnagar sub yard),Mint(Pudina),Other,FAQ,2014-07-02 00:00:00,2000.0,3500.0,3000.0,360
Gujarat,Ahmedabad,Ahmedabad(Rajnagar sub yard),Mint(Pudina),Other,FAQ,2014-07-03 00:00:00,1500.0,3000.0,2500.0,360
Gujarat,Ahmedabad,Ahmedabad(Rajnagar sub yard),Mint(Pudina),Other,FAQ,2014-07-08 00:00:00,2000.0,3000.0,2500.0,360
Gujarat,Ahmedabad,Ahmedabad(Rajnagar sub yard),Mint(Pudina),Other,FAQ,2014-07-15 00:00:00,1500.0,2500.0,2200.0,360
Gujarat,Ahmedabad,Ahmedabad(Rajnagar sub yard),Mint(Pudina),Other,FAQ,2014-07-16 00:00:00,1000.0,1500.0,1300.0,360
Gujarat,Ahmedabad,Ahmedabad(Rajnagar sub yard),Mint(Pudina),Other,FAQ,2014-07-19 00:00:00,1000.0,1500.0,1100.0,360
Gujarat,Ahmedabad,Ahmedabad(Rajnagar sub yard),Mint(Pudina),Other,FAQ,2014-07-29 00:00:00,1500.0,2000.0,1800.0,360
Gujarat,Ahmedabad,Ahmedabad(Rajnagar sub yard),Mint(Pudina),Other,FAQ,2014-08-07 00:00:00,1500.0,2500.0,2000.0,360
Gujarat,Ahmedabad,Ahmedabad(Rajnagar sub yard),Mint(Pudina),Other,FAQ,2014-08-19 00:00:00,1500.0,3000.0,2500.0,360
Gujarat,Ahmedabad,Ahmedabad(Rajnagar sub yard),Mint(Pudina),Other,FAQ,2014-08-21 00:00:00,2500.0,3000.0,2800.0,360
Gujarat,Ahmedabad,Ahmedabad(Rajnagar sub yard),Mint(Pudina),Other,FAQ,2014-08-28 00:00:00,1500.0,2500.0,2000.0,360
Gujarat,Ahmedabad,Ahmedabad(Rajnagar sub yard),Mint(Pudina),Other,FAQ,2014-08-30 00:00:00,2000.0,2500.0,2300.0,360
Gujarat,Ahmedabad,Ahmedabad(Rajnagar sub yard),Mint(Pudina),Other,FAQ,2014-09-01 00:00:00,1500.0,2500.0,2200.0,360
Gujarat,Ahmedabad,Ahmedabad(Rajnagar sub yard),Mint(Pudina),Other,FAQ,2014-09-05 00:00:00,1500.0,2500.0,2200.0,360
Gujarat,Ahmedabad,Ahmedabad(Rajnagar sub yard),Mint(Pudina),Other,FAQ,2014-09-06 00:00:00,1500.0,2500.0,2200.0,360
Gujarat,Ahmedabad,Ahmedabad(Rajnagar sub yard),Mint(Pudina),Other,FAQ,2014-09-11 00:00:00,1500.0,2500.0,2200.0,360
Gujarat,Ahmedabad,Ahmedabad(Rajnagar sub yard),Mint(Pudina),Other,FAQ,2014-09-23 00:00:00,1000.0,2500.0,2000.0,360
Gujarat,Ahmedabad,Ahmedabad(Rajnagar sub yard),Mint(Pudina),Other,FAQ,2014-10-07 00:00:00,1000.0,2500.0,2000.0,360
Gujarat,Ahmedabad,Ahmedabad(Rajnagar sub yard),Mint(Pudina),Other,FAQ,2014-10-09 00:00:00,1000.0,2000.0,1600.0,360
Gujarat,Ahmedabad,Ahmedabad(Rajnagar sub yard),Mint(Pudina),Other,FAQ,2014-10-27 00:00:00,1000.0,2000.0,1600.0,360
Gujarat,Ahmedabad,Ahmedabad(Rajnagar sub yard),Mint(Pudina),Other,FAQ,2014-11-06 00:00:00,1500.0,2500.0,2200.0,360
Gujarat,Ahmedabad,Ahmedabad(Rajnagar sub yard),Mint(Pudina),Other,FAQ,2014-11-20 00:00:00,800.0,1500.0,1200.0,360
Gujarat,Ahmedabad,Ahmedabad(Rajnagar sub yard),Mint(Pudina),Other,FAQ,2014-11-24 00:00:00,1000.0,1300.0,1200.0,360
Gujarat,Ahmedabad,Ahmedabad(Rajnagar sub yard),Mint(Pudina),Other,FAQ,2014-11-27 00:00:00,1000.0,2000.0,1600.0,360
Gujarat,Ahmedabad,Ahmedabad(Rajnagar sub yard),Mint(Pudina),Other,FAQ,2014-11-28 00:00:00,1500.0,2300.0,2000.0,360
Gujarat,Ahmedabad,Ahmedabad(Rajnagar sub yard),Mint(Pudina),Other,FAQ,2014-12-01 00:00:00,1000.0,2000.0,1600.0,360
Gujarat,Ahmedabad,Ahmedabad(Rajnagar sub yard),Mint(Pudina),Other,FAQ,2014-12-17 00:00:00,1000.0,1750.0,1500.0,360
Gujarat,Ahmedabad,Ahmedabad(Rajnagar sub yard),Mint(Pudina),Other,FAQ,2014-12-27 00:00:00,1000.0,1500.0,1300.0,360
Gujarat,Anand,"Petlad(Veg Yard, Petlad)",Mint(Pudina),Other,FAQ,2014-12-05 00:00:00,400.0,500.0,450.0,360
Gujarat,Anand,"Petlad(Veg Yard, Petlad)",Mint(Pudina),Other,FAQ,2014-12-08 00:00:00,300.0,500.0,400.0,360
Gujarat,Anand,"Petlad(Veg Yard, Petlad)",Mint(Pudina),Other,FAQ,2014-12-10 00:00:00,300.0,600.0,450.0,360
Gujarat,Anand,"Petlad(Veg Yard, Petlad)",Mint(Pudina),Other,FAQ,2014-12-31 00:00:00,300.0,500.0,400.0,360
Gujarat,Bharuch,Ankleshwar,Mint(Pudina),Other,FAQ,2014-03-14 00:00:00,535.0,625.0,565.0,360
Gujarat,Bharuch,Ankleshwar,Mint(Pudina),Other,FAQ,2014-04-03 00:00:00,2050.0,2425.0,2200.0,360
Gujarat,Bharuch,Ankleshwar,Mint(Pudina),Other,FAQ,2014-04-07 00:00:00,1600.0,1800.0,1755.0,360
Gujarat,Bharuch,Ankleshwar,Mint(Pudina),Other,FAQ,2014-04-10 00:00:00,1150.0,1600.0,1350.0,360
Gujarat,Bharuch,Ankleshwar,Mint(Pudina),Other,FAQ,2014-04-13 00:00:00,1125.0,1300.0,1210.0,360
Gujarat,Bharuch,Bharuch,Mint(Pudina),Other,FAQ,2014-01-31 00:00:00,800.0,1000.0,900.0,360
Gujarat,Bharuch,Bharuch,Mint(Pudina),Other,FAQ,2014-02-19 00:00:00,1000.0,1250.0,1125.0,360
Gujarat,Bharuch,Bharuch,Mint(Pudina),Other,FAQ,2014-09-11 00:00:00,1000.0,1500.0,1250.0,360
Gujarat,Bharuch,Bharuch,Mint(Pudina),Other,FAQ,2014-09-14 00:00:00,1500.0,1750.0,1625.0,360
Gujarat,Bharuch,Bharuch,Mint(Pudina),Other,FAQ,2014-12-03 00:00:00,1500.0,2000.0,1750.0,360
Gujarat,Dahod,Dahod(Veg. Market),Mint(Pudina),Mint(Pudina),FAQ,2014-01-02 00:00:00,2000.0,3000.0,2500.0,360
Gujarat,Dahod,Dahod(Veg. Market),Mint(Pudina),Mint(Pudina),FAQ,2014-01-09 00:00:00,2500.0,4000.0,3500.0,360
Gujarat,Dahod,Dahod(Veg. Market),Mint(Pudina),Mint(Pudina),FAQ,2014-01-18 00:00:00,2500.0,3500.0,3000.0,360
Gujarat,Dahod,Dahod(Veg. Market),Mint(Pudina),Mint(Pudina),FAQ,2014-01-26 00:00:00,3000.0,4000.0,3500.0,360
Gujarat,Dahod,Dahod(Veg. Market),Mint(Pudina),Mint(Pudina),FAQ,2014-01-30 00:00:00,2500.0,4000.0,3000.0,360
Gujarat,Dahod,Dahod(Veg. Market),Mint(Pudina),Mint(Pudina),FAQ,2014-02-02 00:00:00,2000.0,4000.0,3500.0,360
Gujarat,Dahod,Dahod(Veg. Market),Mint(Pudina),Mint(Pudina),FAQ,2014-02-03 00:00:00,3000.0,4000.0,4000.0,360
Gujarat,Dahod,Dahod(Veg. Market),Mint(Pudina),Mint(Pudina),FAQ,2014-02-19 00:00:00,2500.0,4000.0,3500.0,360
Gujarat,Dahod,Dahod(Veg. Market),Mint(Pudina),Mint(Pudina),FAQ,2014-02-20 00:00:00,2000.0,3000.0,2500.0,360
Gujarat,Dahod,Dahod(Veg. Market),Mint(Pudina),Mint(Pudina),FAQ,2014-03-04 00:00:00,2000.0,3000.0,3000.0,360
Gujarat,Dahod,Dahod(Veg. Market),Mint(Pudina),Mint(Pudina),FAQ,2014-03-06 00:00:00,2500.0,3000.0,3000.0,360
Gujarat,Dahod,Dahod(Veg. Market),Mint(Pudina),Mint(Pudina),FAQ,2014-03-28 00:00:00,1500.0,3000.0,2500.0,360
Gujarat,Dahod,Dahod(Veg. Market),Mint(Pudina),Mint(Pudina),FAQ,2014-03-29 00:00:00,1500.0,2500.0,2000.0,360
Gujarat,Dahod,Dahod(Veg. Market),Mint(Pudina),Mint(Pudina),FAQ,2014-03-30 00:00:00,1000.0,2500.0,1500.0,360
Gujarat,Dahod,Dahod(Veg. Market),Mint(Pudina),Mint(Pudina),FAQ,2014-04-09 00:00:00,1000.0,2000.0,1800.0,360
Gujarat,Dahod,Dahod(Veg. Market),Mint(Pudina),Mint(Pudina),FAQ,2014-04-10 00:00:00,1500.0,2500.0,2000.0,360
Gujarat,Dahod,Dahod(Veg. Market),Mint(Pudina),Mint(Pudina),FAQ,2014-04-11 00:00:00,1000.0,2000.0,1500.0,360
Gujarat,Dahod,Dahod(Veg. Market),Mint(Pudina),Mint(Pudina),FAQ,2014-04-13 00:00:00,1500.0,2500.0,2000.0,360
Gujarat,Dahod,Dahod(Veg. Market),Mint(Pudina),Mint(Pudina),FAQ,2014-04-14 00:00:00,1500.0,2500.0,2500.0,360
Gujarat,Dahod,Dahod(Veg. Market),Mint(Pudina),Mint(Pudina),FAQ,2014-05-03 00:00:00,2000.0,2500.0,2200.0,360
Gujarat,Dahod,Dahod(Veg. Market),Mint(Pudina),Mint(Pudina),FAQ,2014-05-08 00:00:00,1500.0,2000.0,2000.0,360
Gujarat,Dahod,Dahod(Veg. Market),Mint(Pudina),Mint(Pudina),FAQ,2014-05-26 00:00:00,1500.0,2000.0,1700.0,360
Gujarat,Dahod,Dahod(Veg. Market),Mint(Pudina),Mint(Pudina),FAQ,2014-05-28 00:00:00,1500.0,2000.0,1800.0,360
Gujarat,Dahod,Dahod(Veg. Market),Mint(Pudina),Mint(Pudina),FAQ,2014-06-12 00:00:00,1000.0,2000.0,1500.0,360
Gujarat,Dahod,Dahod(Veg. Market),Mint(Pudina),Mint(Pudina),FAQ,2014-06-15 00:00:00,1500.0,3000.0,2000.0,360
Gujarat,Dahod,Dahod(Veg. Market),Mint(Pudina),Mint(Pudina),FAQ,2014-06-22 00:00:00,1500.0,2500.0,2000.0,360
Gujarat,Dahod,Dahod(Veg. Market),Mint(Pudina),Mint(Pudina),FAQ,2014-06-27 00:00:00,2000.0,3000.0,2500.0,360
Gujarat,Dahod,Dahod(Veg. Market),Mint(Pudina),Mint(Pudina),FAQ,2014-07-01 00:00:00,2500.0,3000.0,2700.0,360
Gujarat,Dahod,Dahod(Veg. Market),Mint(Pudina),Mint(Pudina),FAQ,2014-09-26 00:00:00,5000.0,7000.0,7000.0,360
Gujarat,Dahod,Dahod(Veg. Market),Mint(Pudina),Mint(Pudina),FAQ,2014-10-11 00:00:00,5000.0,9000.0,8000.0,360
Gujarat,Dahod,Dahod(Veg. Market),Mint(Pudina),Mint(Pudina),FAQ,2014-10-16 00:00:00,3000.0,4000.0,3700.0,360
Gujarat,Dahod,Dahod(Veg. Market),Mint(Pudina),Mint(Pudina),FAQ,2014-10-29 00:00:00,4000.0,5000.0,5000.0,360
Gujarat,Dahod,Dahod(Veg. Market),Mint(Pudina),Mint(Pudina),FAQ,2014-10-31 00:00:00,3000.0,5000.0,4000.0,360
Gujarat,Dahod,Dahod(Veg. Market),Mint(Pudina),Mint(Pudina),FAQ,2014-11-01 00:00:00,3000.0,5000.0,4000.0,360
Gujarat,Dahod,Dahod(Veg. Market),Mint(Pudina),Mint(Pudina),FAQ,2014-11-02 00:00:00,3000.0,5000.0,4500.0,360
Gujarat,Dahod,Dahod(Veg. Market),Mint(Pudina),Mint(Pudina),FAQ,2014-11-16 00:00:00,3000.0,4500.0,4000.0,360
Gujarat,Dahod,Dahod(Veg. Market),Mint(Pudina),Mint(Pudina),FAQ,2014-11-22 00:00:00,3500.0,7000.0,6000.0,360
Gujarat,Dahod,Dahod(Veg. Market),Mint(Pudina),Mint(Pudina),FAQ,2014-11-23 00:00:00,4000.0,6000.0,5000.0,360
Gujarat,Dahod,Dahod(Veg. Market),Mint(Pudina),Mint(Pudina),FAQ,2014-11-27 00:00:00,5000.0,8000.0,6500.0,360
Gujarat,Dahod,Dahod(Veg. Market),Mint(Pudina),Mint(Pudina),FAQ,2014-11-29 00:00:00,4500.0,8000.0,7000.0,360
Gujarat,Dahod,Dahod(Veg. Market),Mint(Pudina),Mint(Pudina),FAQ,2014-12-11 00:00:00,4000.0,6500.0,6000.0,360
Gujarat,Dahod,Dahod(Veg. Market),Mint(Pudina),Mint(Pudina),FAQ,2014-12-15 00:00:00,4000.0,6500.0,6000.0,360
Gujarat,Dahod,Dahod(Veg. Market),Mint(Pudina),Mint(Pudina),FAQ,2014-12-25 00:00:00,5000.0,6000.0,6000.0,360
Gujarat,Vadodara(Baroda),Vadodara(Sayajipura),Mint(Pudina),Other,FAQ,2014-01-12 00:00:00,1000.0,1500.0,1300.0,360
Gujarat,Vadodara(Baroda),Vadodara(Sayajipura),Mint(Pudina),Other,FAQ,2014-02-01 00:00:00,1000.0,1500.0,1275.0,360
Gujarat,Vadodara(Baroda),Vadodara(Sayajipura),Mint(Pudina),Other,FAQ,2014-02-09 00:00:00,2000.0,3000.0,2550.0,360
Gujarat,Vadodara(Baroda),Vadodara(Sayajipura),Mint(Pudina),Other,FAQ,2014-02-16 00:00:00,1000.0,1500.0,1275.0,360
Gujarat,Vadodara(Baroda),Vadodara(Sayajipura),Mint(Pudina),Other,FAQ,2014-02-21 00:00:00,1500.0,2000.0,1800.0,360
Gujarat,Vadodara(Baroda),Vadodara(Sayajipura),Mint(Pudina),Other,FAQ,2014-03-12 00:00:00,1500.0,2000.0,1750.0,360
Gujarat,Vadodara(Baroda),Vadodara(Sayajipura),Mint(Pudina),Other,FAQ,2014-03-18 00:00:00,1250.0,1500.0,1425.0,360
Gujarat,Vadodara(Baroda),Vadodara(Sayajipura),Mint(Pudina),Other,FAQ,2014-03-19 00:00:00,1500.0,2000.0,1775.0,360
Gujarat,Vadodara(Baroda),Vadodara(Sayajipura),Mint(Pudina),Other,FAQ,2014-03-23 00:00:00,2000.0,2500.0,2300.0,360
Gujarat,Vadodara(Baroda),Vadodara(Sayajipura),Mint(Pudina),Other,FAQ,2014-03-26 00:00:00,1200.0,1500.0,1400.0,360
Gujarat,Vadodara(Baroda),Vadodara(Sayajipura),Mint(Pudina),Other,FAQ,2014-03-29 00:00:00,800.0,1000.0,950.0,360
Gujarat,Vadodara(Baroda),Vadodara(Sayajipura),Mint(Pudina),Other,FAQ,2014-04-09 00:00:00,1000.0,1500.0,1275.0,360
Gujarat,Vadodara(Baroda),Vadodara(Sayajipura),Mint(Pudina),Other,FAQ,2014-04-16 00:00:00,1000.0,1200.0,1150.0,360
Gujarat,Vadodara(Baroda),Vadodara(Sayajipura),Mint(Pudina),Other,FAQ,2014-04-20 00:00:00,1000.0,1200.0,1125.0,360
Gujarat,Vadodara(Baroda),Vadodara(Sayajipura),Mint(Pudina),Other,FAQ,2014-04-24 00:00:00,2000.0,3000.0,2575.0,360
Gujarat,Vadodara(Baroda),Vadodara(Sayajipura),Mint(Pudina),Other,FAQ,2014-04-25 00:00:00,2000.0,2500.0,2300.0,360
Gujarat,Vadodara(Baroda),Vadodara(Sayajipura),Mint(Pudina),Other,FAQ,2014-04-27 00:00:00,2000.0,2500.0,2300.0,360
Gujarat,Vadodara(Baroda),Vadodara(Sayajipura),Mint(Pudina),Other,FAQ,2014-04-28 00:00:00,1500.0,2000.0,1800.0,360
Gujarat,Vadodara(Baroda),Vadodara(Sayajipura),Mint(Pudina),Other,FAQ,2014-05-01 00:00:00,1500.0,2000.0,1800.0,360
Gujarat,Vadodara(Baroda),Vadodara(Sayajipura),Mint(Pudina),Other,FAQ,2014-05-04 00:00:00,1500.0,2000.0,1800.0,360
Gujarat,Vadodara(Baroda),Vadodara(Sayajipura),Mint(Pudina),Other,FAQ,2014-05-09 00:00:00,1000.0,1500.0,1300.0,360
Gujarat,Vadodara(Baroda),Vadodara(Sayajipura),Mint(Pudina),Other,FAQ,2014-05-20 00:00:00,1500.0,2000.0,1750.0,360
Gujarat,Vadodara(Baroda),Vadodara(Sayajipura),Mint(Pudina),Other,FAQ,2014-05-21 00:00:00,1500.0,2000.0,1800.0,360
Gujarat,Vadodara(Baroda),Vadodara(Sayajipura),Mint(Pudina),Other,FAQ,2014-05-27 00:00:00,1000.0,1500.0,1275.0,360
Gujarat,Vadodara(Baroda),Vadodara(Sayajipura),Mint(Pudina),Other,FAQ,2014-06-06 00:00:00,1000.0,1500.0,1300.0,360
Gujarat,Vadodara(Baroda),Vadodara(Sayajipura),Mint(Pudina),Other,FAQ,2014-06-15 00:00:00,2000.0,2500.0,2300.0,360
Gujarat,Vadodara(Baroda),Vadodara(Sayajipura),Mint(Pudina),Other,FAQ,2014-06-16 00:00:00,2000.0,2500.0,2275.0,360
Gujarat,Vadodara(Baroda),Vadodara(Sayajipura),Mint(Pudina),Other,FAQ,2014-06-18 00:00:00,2000.0,2500.0,2275.0,360
Gujarat,Vadodara(Baroda),Vadodara(Sayajipura),Mint(Pudina),Other,FAQ,2014-06-21 00:00:00,2000.0,2500.0,2325.0,360
Gujarat,Vadodara(Baroda),Vadodara(Sayajipura),Mint(Pudina),Other,FAQ,2014-06-29 00:00:00,2500.0,3000.0,2800.0,360
Gujarat,Vadodara(Baroda),Vadodara(Sayajipura),Mint(Pudina),Other,FAQ,2014-07-01 00:00:00,2500.0,3000.0,2800.0,360
Gujarat,Vadodara(Baroda),Vadodara(Sayajipura),Mint(Pudina),Other,FAQ,2014-07-03 00:00:00,3000.0,4000.0,3600.0,360
Gujarat,Vadodara(Baroda),Vadodara(Sayajipura),Mint(Pudina),Other,FAQ,2014-07-11 00:00:00,2000.0,2500.0,2325.0,360
Gujarat,Vadodara(Baroda),Vadodara(Sayajipura),Mint(Pudina),Other,FAQ,2014-07-14 00:00:00,3000.0,4000.0,3600.0,360
Gujarat,Vadodara(Baroda),Vadodara(Sayajipura),Mint(Pudina),Other,FAQ,2014-07-22 00:00:00,4000.0,4500.0,4300.0,360
Gujarat,Vadodara(Baroda),Vadodara(Sayajipura),Mint(Pudina),Other,FAQ,2014-08-01 00:00:00,3000.0,3500.0,3300.0,360
Gujarat,Vadodara(Baroda),Vadodara(Sayajipura),Mint(Pudina),Other,FAQ,2014-08-03 00:00:00,4000.0,6000.0,5075.0,360
Gujarat,Vadodara(Baroda),Vadodara(Sayajipura),Mint(Pudina),Other,FAQ,2014-09-03 00:00:00,3000.0,4000.0,3550.0,360
Gujarat,Vadodara(Baroda),Vadodara(Sayajipura),Mint(Pudina),Other,FAQ,2014-09-04 00:00:00,1000.0,2000.0,1550.0,360
Gujarat,Vadodara(Baroda),Vadodara(Sayajipura),Mint(Pudina),Other,FAQ,2014-09-06 00:00:00,3000.0,4000.0,3575.0,360
Gujarat,Vadodara(Baroda),Vadodara(Sayajipura),Mint(Pudina),Other,FAQ,2014-09-07 00:00:00,3000.0,4000.0,3575.0,360
Gujarat,Vadodara(Baroda),Vadodara(Sayajipura),Mint(Pudina),Other,FAQ,2014-09-09 00:00:00,3000.0,4000.0,3575.0,360
Gujarat,Vadodara(Baroda),Vadodara(Sayajipura),Mint(Pudina),Other,FAQ,2014-09-13 00:00:00,3000.0,3500.0,3300.0,360
Gujarat,Vadodara(Baroda),Vadodara(Sayajipura),Mint(Pudina),Other,FAQ,2014-09-18 00:00:00,3000.0,3500.0,3300.0,360
Gujarat,Vadodara(Baroda),Vadodara(Sayajipura),Mint(Pudina),Other,FAQ,2014-09-20 00:00:00,3000.0,4000.0,3550.0,360
Gujarat,Vadodara(Baroda),Vadodara(Sayajipura),Mint(Pudina),Other,FAQ,2014-09-28 00:00:00,3500.0,4000.0,3825.0,360
Gujarat,Vadodara(Baroda),Vadodara(Sayajipura),Mint(Pudina),Other,FAQ,2014-10-06 00:00:00,3000.0,4000.0,3600.0,360
Gujarat,Vadodara(Baroda),Vadodara(Sayajipura),Mint(Pudina),Other,FAQ,2014-10-14 00:00:00,3500.0,4000.0,3775.0,360
Gujarat,Vadodara(Baroda),Vadodara(Sayajipura),Mint(Pudina),Other,FAQ,2014-10-17 00:00:00,3000.0,3500.0,3300.0,360
Gujarat,Vadodara(Baroda),Vadodara(Sayajipura),Mint(Pudina),Other,FAQ,2014-10-18 00:00:00,3000.0,4000.0,3575.0,360
Gujarat,Vadodara(Baroda),Vadodara(Sayajipura),Mint(Pudina),Other,FAQ,2014-10-22 00:00:00,3000.0,4000.0,3550.0,360
Gujarat,Vadodara(Baroda),Vadodara(Sayajipura),Mint(Pudina),Other,FAQ,2014-11-07 00:00:00,1200.0,1500.0,1400.0,360
Gujarat,Vadodara(Baroda),Vadodara(Sayajipura),Mint(Pudina),Other,FAQ,2014-12-05 00:00:00,1500.0,2000.0,1800.0,360
Gujarat,Vadodara(Baroda),Vadodara(Sayajipura),Mint(Pudina),Other,FAQ,2014-12-17 00:00:00,3000.0,4000.0,3575.0,360
Gujarat,Vadodara(Baroda),Vadodara(Sayajipura),Mint(Pudina),Other,FAQ,2014-12-19 00:00:00,2000.0,2500.0,2300.0,360
Gujarat,Vadodara(Baroda),Vadodara(Sayajipura),Mint(Pudina),Other,FAQ,2014-12-27 00:00:00,3000.0,4000.0,3550.0,360
Gujarat,Vadodara(Baroda),Vadodara(Sayajipura),Mint(Pudina),Other,FAQ,2014-12-29 00:00:00,2000.0,2500.0,2300.0,360
Gujarat,Ahmedabad,Ahmedabad(Rajnagar sub yard),Mint(Pudina),Other,FAQ,2016-01-13 00:00:00,1500.0,2500.0,2200.0,360
Gujarat,Ahmedabad,Ahmedabad(Rajnagar sub yard),Mint(Pudina),Other,FAQ,2016-01-18 00:00:00,800.0,1200.0,1100.0,360
Gujarat,Ahmedabad,Ahmedabad(Rajnagar sub yard),Mint(Pudina),Other,FAQ,2016-01-20 00:00:00,600.0,1000.0,900.0,360
Gujarat,Ahmedabad,Ahmedabad(Rajnagar sub yard),Mint(Pudina),Other,FAQ,2016-01-21 00:00:00,500.0,1200.0,900.0,360
Gujarat,Ahmedabad,Ahmedabad(Rajnagar sub yard),Mint(Pudina),Other,FAQ,2016-01-30 00:00:00,800.0,1000.0,900.0,360
Gujarat,Ahmedabad,Ahmedabad(Rajnagar sub yard),Mint(Pudina),Other,FAQ,2016-02-08 00:00:00,500.0,700.0,650.0,360
Gujarat,Ahmedabad,Ahmedabad(Rajnagar sub yard),Mint(Pudina),Other,FAQ,2016-02-10 00:00:00,500.0,1000.0,800.0,360
Gujarat,Ahmedabad,Ahmedabad(Rajnagar sub yard),Mint(Pudina),Other,FAQ,2016-02-15 00:00:00,500.0,800.0,700.0,360
Gujarat,Ahmedabad,Ahmedabad(Rajnagar sub yard),Mint(Pudina),Other,FAQ,2016-03-02 00:00:00,500.0,700.0,650.0,360
Gujarat,Ahmedabad,Ahmedabad(Rajnagar sub yard),Mint(Pudina),Other,FAQ,2016-03-03 00:00:00,400.0,600.0,550.0,360
Gujarat,Ahmedabad,Ahmedabad(Rajnagar sub yard),Mint(Pudina),Other,FAQ,2016-03-05 00:00:00,400.0,600.0,550.0,360
Gujarat,Ahmedabad,Ahmedabad(Rajnagar sub yard),Mint(Pudina),Other,FAQ,2016-03-11 00:00:00,400.0,600.0,500.0,360
Gujarat,Ahmedabad,Ahmedabad(Rajnagar sub yard),Mint(Pudina),Other,FAQ,2016-03-12 00:00:00,400.0,700.0,600.0,360
Gujarat,Ahmedabad,Ahmedabad(Rajnagar sub yard),Mint(Pudina),Other,FAQ,2016-03-14 00:00:00,500.0,1000.0,800.0,360
Gujarat,Ahmedabad,Ahmedabad(Rajnagar sub yard),Mint(Pudina),Other,FAQ,2016-03-23 00:00:00,500.0,800.0,700.0,360
Gujarat,Ahmedabad,Ahmedabad(Rajnagar sub yard),Mint(Pudina),Other,FAQ,2016-03-29 00:00:00,500.0,1000.0,800.0,360
Gujarat,Ahmedabad,Ahmedabad(Rajnagar sub yard),Mint(Pudina),Other,FAQ,2016-04-02 00:00:00,500.0,1000.0,800.0,360
Gujarat,Ahmedabad,Ahmedabad(Rajnagar sub yard),Mint(Pudina),Other,FAQ,2016-04-04 00:00:00,500.0,700.0,600.0,360
Gujarat,Ahmedabad,Ahmedabad(Rajnagar sub yard),Mint(Pudina),Other,FAQ,2016-04-07 00:00:00,500.0,750.0,700.0,360
Gujarat,Ahmedabad,Ahmedabad(Rajnagar sub yard),Mint(Pudina),Other,FAQ,2016-04-14 00:00:00,500.0,800.0,700.0,360
Gujarat,Ahmedabad,Ahmedabad(Rajnagar sub yard),Mint(Pudina),Other,FAQ,2016-04-27 00:00:00,800.0,1000.0,950.0,360
Gujarat,Ahmedabad,Ahmedabad(Rajnagar sub yard),Mint(Pudina),Other,FAQ,2016-05-05 00:00:00,1000.0,1500.0,1300.0,360
Gujarat,Ahmedabad,Ahmedabad(Rajnagar sub yard),Mint(Pudina),Other,FAQ,2016-05-10 00:00:00,1000.0,1500.0,1350.0,360
Gujarat,Ahmedabad,Ahmedabad(Rajnagar sub yard),Mint(Pudina),Other,FAQ,2016-05-16 00:00:00,1250.0,2000.0,1700.0,360
Gujarat,Ahmedabad,Ahmedabad(Rajnagar sub yard),Mint(Pudina),Other,FAQ,2016-05-28 00:00:00,1500.0,2500.0,2200.0,360
Gujarat,Ahmedabad,Ahmedabad(Rajnagar sub yard),Mint(Pudina),Other,FAQ,2016-06-02 00:00:00,500.0,2000.0,1400.0,360
Gujarat,Ahmedabad,Ahmedabad(Rajnagar sub yard),Mint(Pudina),Other,FAQ,2016-06-13 00:00:00,1000.0,2500.0,1800.0,360
Gujarat,Ahmedabad,Ahmedabad(Rajnagar sub yard),Mint(Pudina),Other,FAQ,2016-06-14 00:00:00,1000.0,2000.0,1800.0,360
Gujarat,Ahmedabad,Ahmedabad(Rajnagar sub yard),Mint(Pudina),Other,FAQ,2016-06-16 00:00:00,1500.0,3000.0,2300.0,360
Gujarat,Ahmedabad,Ahmedabad(Rajnagar sub yard),Mint(Pudina),Other,FAQ,2016-06-21 00:00:00,1250.0,2000.0,1800.0,360
Gujarat,Ahmedabad,Ahmedabad(Rajnagar sub yard),Mint(Pudina),Other,FAQ,2016-06-22 00:00:00,1000.0,2500.0,1800.0,360
Gujarat,Ahmedabad,Ahmedabad(Rajnagar sub yard),Mint(Pudina),Other,FAQ,2016-07-04 00:00:00,1500.0,3000.0,2300.0,360
Gujarat,Ahmedabad,Ahmedabad(Rajnagar sub yard),Mint(Pudina),Other,FAQ,2016-08-03 00:00:00,1500.0,2000.0,1800.0,360
Gujarat,Ahmedabad,Ahmedabad(Rajnagar sub yard),Mint(Pudina),Other,FAQ,2016-08-05 00:00:00,500.0,1000.0,800.0,360
Gujarat,Ahmedabad,Ahmedabad(Rajnagar sub yard),Mint(Pudina),Other,FAQ,2016-08-17 00:00:00,1500.0,2500.0,2200.0,360
Gujarat,Ahmedabad,Ahmedabad(Rajnagar sub yard),Mint(Pudina),Other,FAQ,2016-08-29 00:00:00,1500.0,2500.0,2200.0,360
Gujarat,Ahmedabad,Ahmedabad(Rajnagar sub yard),Mint(Pudina),Other,FAQ,2016-09-10 00:00:00,750.0,1500.0,1200.0,360
Gujarat,Ahmedabad,Ahmedabad(Rajnagar sub yard),Mint(Pudina),Other,FAQ,2016-09-20 00:00:00,900.0,2000.0,1500.0,360
Gujarat,Ahmedabad,Ahmedabad(Rajnagar sub yard),Mint(Pudina),Other,FAQ,2016-09-24 00:00:00,800.0,1500.0,1200.0,360
Gujarat,Ahmedabad,Ahmedabad(Rajnagar sub yard),Mint(Pudina),Other,FAQ,2016-09-28 00:00:00,950.0,1500.0,1300.0,360
Gujarat,Ahmedabad,Ahmedabad(Rajnagar sub yard),Mint(Pudina),Other,FAQ,2016-10-05 00:00:00,1000.0,2000.0,1800.0,360
Gujarat,Ahmedabad,Ahmedabad(Rajnagar sub yard),Mint(Pudina),Other,FAQ,2016-10-13 00:00:00,2000.0,3000.0,2800.0,360
Gujarat,Ahmedabad,Ahmedabad(Rajnagar sub yard),Mint(Pudina),Other,FAQ,2016-10-24 00:00:00,2000.0,3500.0,2800.0,360
Gujarat,Ahmedabad,Ahmedabad(Rajnagar sub yard),Mint(Pudina),Other,FAQ,2016-11-04 00:00:00,1250.0,2000.0,1700.0,360
Gujarat,Ahmedabad,Ahmedabad(Rajnagar sub yard),Mint(Pudina),Other,FAQ,2016-11-12 00:00:00,800.0,1500.0,1200.0,360
Gujarat,Ahmedabad,Ahmedabad(Rajnagar sub yard),Mint(Pudina),Other,FAQ,2016-11-21 00:00:00,1000.0,1500.0,1300.0,360
Gujarat,Ahmedabad,Ahmedabad(Rajnagar sub yard),Mint(Pudina),Other,FAQ,2016-11-25 00:00:00,800.0,1500.0,1200.0,360
Gujarat,Ahmedabad,Ahmedabad(Rajnagar sub yard),Mint(Pudina),Other,FAQ,2016-11-28 00:00:00,800.0,1600.0,1300.0,360
Gujarat,Ahmedabad,Ahmedabad(Rajnagar sub yard),Mint(Pudina),Other,FAQ,2016-12-07 00:00:00,750.0,1200.0,1000.0,360
Gujarat,Ahmedabad,Ahmedabad(Rajnagar sub yard),Mint(Pudina),Other,FAQ,2016-12-08 00:00:00,500.0,800.0,700.0,360
Gujarat,Ahmedabad,Ahmedabad(Rajnagar sub yard),Mint(Pudina),Other,FAQ,2016-12-10 00:00:00,500.0,800.0,700.0,360
Gujarat,Ahmedabad,Ahmedabad(Rajnagar sub yard),Mint(Pudina),Other,FAQ,2016-12-17 00:00:00,800.0,1000.0,900.0,360
Gujarat,Ahmedabad,Ahmedabad(Rajnagar sub yard),Mint(Pudina),Other,FAQ,2016-12-20 00:00:00,500.0,1000.0,800.0,360
Gujarat,Ahmedabad,Ahmedabad(Rajnagar sub yard),Mint(Pudina),Other,FAQ,2016-12-21 00:00:00,800.0,1000.0,900.0,360
Gujarat,Ahmedabad,Ahmedabad(Rajnagar sub yard),Mint(Pudina),Other,FAQ,2016-12-24 00:00:00,1000.0,1500.0,1300.0,360
Gujarat,Ahmedabad,Ahmedabad(Rajnagar sub yard),Mint(Pudina),Other,FAQ,2016-12-28 00:00:00,750.0,1500.0,1200.0,360
Gujarat,Anand,"Petlad(Veg Yard, Petlad)",Mint(Pudina),Other,FAQ,2016-10-19 00:00:00,700.0,800.0,750.0,360
Gujarat,Anand,"Petlad(Veg Yard, Petlad)",Mint(Pudina),Other,FAQ,2016-12-06 00:00:00,400.0,450.0,425.0,360
Gujarat,Bharuch,Ankleshwar,Mint(Pudina),Mint(Pudina),FAQ,2016-05-06 00:00:00,1350.0,2050.0,1600.0,360
Gujarat,Bharuch,Ankleshwar,Mint(Pudina),Mint(Pudina),FAQ,2016-05-09 00:00:00,1350.0,2250.0,1800.0,360
Gujarat,Bharuch,Ankleshwar,Mint(Pudina),Mint(Pudina),FAQ,2016-05-11 00:00:00,1600.0,2225.0,2050.0,360
Gujarat,Bharuch,Ankleshwar,Mint(Pudina),Mint(Pudina),FAQ,2016-05-14 00:00:00,1600.0,2050.0,1850.0,360
Gujarat,Bharuch,Ankleshwar,Mint(Pudina),Mint(Pudina),FAQ,2016-05-28 00:00:00,1600.0,2000.0,1800.0,360
Gujarat,Bharuch,Ankleshwar,Mint(Pudina),Mint(Pudina),FAQ,2016-05-30 00:00:00,1350.0,2050.0,1800.0,360
Gujarat,Bharuch,Ankleshwar,Mint(Pudina),Mint(Pudina),FAQ,2016-06-05 00:00:00,1800.0,2500.0,2050.0,360
Gujarat,Bharuch,Ankleshwar,Mint(Pudina),Mint(Pudina),FAQ,2016-06-08 00:00:00,1800.0,2500.0,2250.0,360
Gujarat,Bharuch,Ankleshwar,Mint(Pudina),Mint(Pudina),FAQ,2016-06-19 00:00:00,1450.0,2350.0,1900.0,360
Gujarat,Bharuch,Bharuch,Mint(Pudina),Other,FAQ,2016-03-16 00:00:00,800.0,1100.0,1000.0,360
Gujarat,Bharuch,Bharuch,Mint(Pudina),Other,FAQ,2016-04-02 00:00:00,800.0,1250.0,1000.0,360
Gujarat,Bharuch,Bharuch,Mint(Pudina),Other,FAQ,2016-07-28 00:00:00,1300.0,1650.0,1450.0,360
Gujarat,Bharuch,Bharuch,Mint(Pudina),Other,FAQ,2016-10-01 00:00:00,1500.0,1850.0,1750.0,360
Gujarat,Bharuch,Bharuch,Mint(Pudina),Other,FAQ,2016-10-02 00:00:00,1400.0,1800.0,1650.0,360
Gujarat,Bharuch,Bharuch,Mint(Pudina),Other,FAQ,2016-10-06 00:00:00,1500.0,1800.0,1700.0,360
Gujarat,Bharuch,Bharuch,Mint(Pudina),Other,FAQ,2016-10-13 00:00:00,1000.0,1500.0,1200.0,360
Gujarat,Bharuch,Bharuch,Mint(Pudina),Other,FAQ,2016-11-10 00:00:00,1200.0,1500.0,1350.0,360
Gujarat,Bharuch,Bharuch,Mint(Pudina),Other,FAQ,2016-12-10 00:00:00,1200.0,1500.0,1350.0,360
Gujarat,Dahod,Dahod(Veg. Market),Mint(Pudina),Mint(Pudina),FAQ,2016-05-11 00:00:00,1000.0,2000.0,1500.0,360
Gujarat,Dahod,Dahod(Veg. Market),Mint(Pudina),Mint(Pudina),FAQ,2016-05-14 00:00:00,1000.0,2000.0,1500.0,360
Gujarat,Dahod,Dahod(Veg. Market),Mint(Pudina),Mint(Pudina),FAQ,2016-05-15 00:00:00,1000.0,2000.0,1500.0,360
Gujarat,Dahod,Dahod(Veg. Market),Mint(Pudina),Mint(Pudina),FAQ,2016-05-17 00:00:00,1500.0,2000.0,1700.0,360
Gujarat,Dahod,Dahod(Veg. Market),Mint(Pudina),Mint(Pudina),FAQ,2016-05-24 00:00:00,1000.0,2000.0,1500.0,360
Gujarat,Dahod,Dahod(Veg. Market),Mint(Pudina),Mint(Pudina),FAQ,2016-05-25 00:00:00,2000.0,3000.0,2500.0,360
Gujarat,Dahod,Dahod(Veg. Market),Mint(Pudina),Mint(Pudina),FAQ,2016-05-26 00:00:00,1500.0,2500.0,2000.0,360
Gujarat,Dahod,Dahod(Veg. Market),Mint(Pudina),Mint(Pudina),FAQ,2016-06-05 00:00:00,2000.0,3000.0,2500.0,360
Gujarat,Dahod,Dahod(Veg. Market),Mint(Pudina),Mint(Pudina),FAQ,2016-06-06 00:00:00,2500.0,3500.0,3500.0,360
Gujarat,Dahod,Dahod(Veg. Market),Mint(Pudina),Mint(Pudina),FAQ,2016-06-16 00:00:00,2000.0,4000.0,2500.0,360
Gujarat,Dahod,Dahod(Veg. Market),Mint(Pudina),Mint(Pudina),FAQ,2016-06-19 00:00:00,2500.0,3500.0,3000.0,360
Gujarat,Dahod,Dahod(Veg. Market),Mint(Pudina),Mint(Pudina),FAQ,2016-07-02 00:00:00,2000.0,3000.0,2500.0,360
Gujarat,Dahod,Dahod(Veg. Market),Mint(Pudina),Mint(Pudina),FAQ,2016-07-15 00:00:00,2000.0,4000.0,3500.0,360
Gujarat,Dahod,Dahod(Veg. Market),Mint(Pudina),Mint(Pudina),FAQ,2016-07-25 00:00:00,3000.0,4000.0,4000.0,360
Gujarat,Dahod,Dahod(Veg. Market),Mint(Pudina),Mint(Pudina),FAQ,2016-07-26 00:00:00,3000.0,4000.0,3500.0,360
Gujarat,Dahod,Dahod(Veg. Market),Mint(Pudina),Mint(Pudina),FAQ,2016-07-29 00:00:00,3000.0,4000.0,3500.0,360
Gujarat,Dahod,Dahod(Veg. Market),Mint(Pudina),Mint(Pudina),FAQ,2016-07-31 00:00:00,3500.0,4000.0,4000.0,360
Gujarat,Dahod,Dahod(Veg. Market),Mint(Pudina),Mint(Pudina),FAQ,2016-08-20 00:00:00,7000.0,8000.0,8000.0,360
Gujarat,Dahod,Dahod(Veg. Market),Mint(Pudina),Mint(Pudina),FAQ,2016-08-22 00:00:00,5000.0,7000.0,6000.0,360
Gujarat,Dahod,Dahod(Veg. Market),Mint(Pudina),Mint(Pudina),FAQ,2016-08-24 00:00:00,4000.0,8000.0,5500.0,360
Gujarat,Dahod,Dahod(Veg. Market),Mint(Pudina),Mint(Pudina),FAQ,2016-08-26 00:00:00,3000.0,6000.0,5000.0,360
Gujarat,Dahod,Dahod(Veg. Market),Mint(Pudina),Mint(Pudina),FAQ,2016-08-27 00:00:00,4000.0,6000.0,5000.0,360
Gujarat,Dahod,Dahod(Veg. Market),Mint(Pudina),Mint(Pudina),FAQ,2016-09-10 00:00:00,5000.0,7000.0,6500.0,360
Gujarat,Dahod,Dahod(Veg. Market),Mint(Pudina),Mint(Pudina),FAQ,2016-09-15 00:00:00,8000.0,9000.0,8500.0,360
Gujarat,Dahod,Dahod(Veg. Market),Mint(Pudina),Mint(Pudina),FAQ,2016-09-23 00:00:00,5000.0,7000.0,6000.0,360
Gujarat,Dahod,Dahod(Veg. Market),Mint(Pudina),Mint(Pudina),FAQ,2016-09-24 00:00:00,4000.0,6000.0,5000.0,360
Gujarat,Dahod,Dahod(Veg. Market),Mint(Pudina),Mint(Pudina),FAQ,2016-10-09 00:00:00,2500.0,4000.0,3000.0,360
Gujarat,Dahod,Dahod(Veg. Market),Mint(Pudina),Mint(Pudina),FAQ,2016-10-14 00:00:00,4000.0,5000.0,5000.0,360
Gujarat,Dahod,Dahod(Veg. Market),Mint(Pudina),Mint(Pudina),FAQ,2016-10-23 00:00:00,4000.0,6000.0,5000.0,360
Gujarat,Dahod,Dahod(Veg. Market),Mint(Pudina),Mint(Pudina),FAQ,2016-11-06 00:00:00,3000.0,4000.0,3500.0,360
Gujarat,Dahod,Dahod(Veg. Market),Mint(Pudina),Mint(Pudina),FAQ,2016-11-17 00:00:00,3000.0,4000.0,3500.0,360
Gujarat,Dahod,Dahod(Veg. Market),Mint(Pudina),Mint(Pudina),FAQ,2016-11-24 00:00:00,2000.0,3000.0,2500.0,360
Gujarat,Dahod,Dahod(Veg. Market),Mint(Pudina),Mint(Pudina),FAQ,2016-11-27 00:00:00,2000.0,3500.0,2500.0,360
Gujarat,Dahod,Dahod(Veg. Market),Mint(Pudina),Mint(Pudina),FAQ,2016-11-29 00:00:00,2500.0,3000.0,3000.0,360
Gujarat,Dahod,Dahod(Veg. Market),Mint(Pudina),Mint(Pudina),FAQ,2016-12-03 00:00:00,1500.0,2500.0,2000.0,360
Gujarat,Dahod,Dahod(Veg. Market),Mint(Pudina),Mint(Pudina),FAQ,2016-12-04 00:00:00,1500.0,2500.0,2000.0,360
Gujarat,Dahod,Dahod(Veg. Market),Mint(Pudina),Mint(Pudina),FAQ,2016-12-07 00:00:00,2000.0,2500.0,2250.0,360
Gujarat,Dahod,Dahod(Veg. Market),Mint(Pudina),Mint(Pudina),FAQ,2016-12-10 00:00:00,2000.0,3000.0,2500.0,360
Gujarat,Dahod,Dahod(Veg. Market),Mint(Pudina),Mint(Pudina),FAQ,2016-12-11 00:00:00,2000.0,3000.0,2500.0,360
Gujarat,Dahod,Dahod(Veg. Market),Mint(Pudina),Mint(Pudina),FAQ,2016-12-19 00:00:00,1500.0,3000.0,2500.0,360
Gujarat,Dahod,Dahod(Veg. Market),Mint(Pudina),Mint(Pudina),FAQ,2016-12-22 00:00:00,1500.0,3000.0,2500.0,360
Gujarat,Vadodara(Baroda),Padra,Mint(Pudina),Other,FAQ,2016-04-27 00:00:00,900.0,1000.0,950.0,360
Gujarat,Vadodara(Baroda),Vadodara(Sayajipura),Mint(Pudina),Other,FAQ,2016-01-18 00:00:00,3000.0,4000.0,3550.0,360
Gujarat,Vadodara(Baroda),Vadodara(Sayajipura),Mint(Pudina),Other,FAQ,2016-01-22 00:00:00,2000.0,3000.0,2800.0,360
Gujarat,Vadodara(Baroda),Vadodara(Sayajipura),Mint(Pudina),Other,FAQ,2016-01-24 00:00:00,1500.0,2500.0,2150.0,360
Gujarat,Vadodara(Baroda),Vadodara(Sayajipura),Mint(Pudina),Other,FAQ,2016-02-18 00:00:00,2000.0,2500.0,2300.0,360
Gujarat,Vadodara(Baroda),Vadodara(Sayajipura),Mint(Pudina),Other,FAQ,2016-02-19 00:00:00,2500.0,3000.0,2800.0,360
Gujarat,Vadodara(Baroda),Vadodara(Sayajipura),Mint(Pudina),Other,FAQ,2016-03-06 00:00:00,1000.0,2000.0,1550.0,360
Gujarat,Vadodara(Baroda),Vadodara(Sayajipura),Mint(Pudina),Other,FAQ,2016-03-15 00:00:00,1000.0,1500.0,1300.0,360
Gujarat,Vadodara(Baroda),Vadodara(Sayajipura),Mint(Pudina),Other,FAQ,2016-03-16 00:00:00,1000.0,1500.0,1300.0,360
Gujarat,Vadodara(Baroda),Vadodara(Sayajipura),Mint(Pudina),Other,FAQ,2016-03-25 00:00:00,1000.0,1500.0,1300.0,360
Gujarat,Vadodara(Baroda),Vadodara(Sayajipura),Mint(Pudina),Other,FAQ,2016-03-27 00:00:00,1000.0,1500.0,1300.0,360
Gujarat,Vadodara(Baroda),Vadodara(Sayajipura),Mint(Pudina),Other,FAQ,2016-03-28 00:00:00,1000.0,1500.0,1300.0,360
Gujarat,Vadodara(Baroda),Vadodara(Sayajipura),Mint(Pudina),Other,FAQ,2016-03-31 00:00:00,1000.0,1500.0,1300.0,360
Gujarat,Vadodara(Baroda),Vadodara(Sayajipura),Mint(Pudina),Other,FAQ,2016-04-01 00:00:00,1500.0,2000.0,1800.0,360
Gujarat,Vadodara(Baroda),Vadodara(Sayajipura),Mint(Pudina),Other,FAQ,2016-04-04 00:00:00,1000.0,1500.0,1300.0,360
Gujarat,Vadodara(Baroda),Vadodara(Sayajipura),Mint(Pudina),Other,FAQ,2016-04-05 00:00:00,1500.0,2000.0,1800.0,360
Gujarat,Vadodara(Baroda),Vadodara(Sayajipura),Mint(Pudina),Other,FAQ,2016-04-11 00:00:00,1000.0,1500.0,1300.0,360
Gujarat,Vadodara(Baroda),Vadodara(Sayajipura),Mint(Pudina),Other,FAQ,2016-04-27 00:00:00,2500.0,3000.0,2800.0,360
Gujarat,Vadodara(Baroda),Vadodara(Sayajipura),Mint(Pudina),Other,FAQ,2016-04-28 00:00:00,2000.0,2500.0,2300.0,360
Gujarat,Vadodara(Baroda),Vadodara(Sayajipura),Mint(Pudina),Other,FAQ,2016-05-04 00:00:00,2000.0,2500.0,2300.0,360
Gujarat,Vadodara(Baroda),Vadodara(Sayajipura),Mint(Pudina),Other,FAQ,2016-05-17 00:00:00,1500.0,3000.0,2300.0,360
Gujarat,Vadodara(Baroda),Vadodara(Sayajipura),Mint(Pudina),Other,FAQ,2016-05-18 00:00:00,2500.0,3500.0,3300.0,360
Gujarat,Vadodara(Baroda),Vadodara(Sayajipura),Mint(Pudina),Other,FAQ,2016-06-07 00:00:00,3500.0,4000.0,3800.0,360
Gujarat,Vadodara(Baroda),Vadodara(Sayajipura),Mint(Pudina),Other,FAQ,2016-06-10 00:00:00,5000.0,6000.0,5500.0,360
Gujarat,Vadodara(Baroda),Vadodara(Sayajipura),Mint(Pudina),Other,FAQ,2016-06-14 00:00:00,5000.0,6000.0,5550.0,360
Gujarat,Vadodara(Baroda),Vadodara(Sayajipura),Mint(Pudina),Other,FAQ,2016-06-25 00:00:00,4000.0,5000.0,4550.0,360
Gujarat,Vadodara(Baroda),Vadodara(Sayajipura),Mint(Pudina),Other,FAQ,2016-06-26 00:00:00,4500.0,5500.0,5050.0,360
Gujarat,Vadodara(Baroda),Vadodara(Sayajipura),Mint(Pudina),Other,FAQ,2016-06-30 00:00:00,2500.0,4500.0,4300.0,360
Gujarat,Vadodara(Baroda),Vadodara(Sayajipura),Mint(Pudina),Other,FAQ,2016-07-05 00:00:00,5000.0,6000.0,5500.0,360
Gujarat,Vadodara(Baroda),Vadodara(Sayajipura),Mint(Pudina),Other,FAQ,2016-07-07 00:00:00,2500.0,5000.0,3800.0,360
Gujarat,Vadodara(Baroda),Vadodara(Sayajipura),Mint(Pudina),Other,FAQ,2016-07-27 00:00:00,8000.0,10000.0,9050.0,360
Gujarat,Vadodara(Baroda),Vadodara(Sayajipura),Mint(Pudina),Other,FAQ,2016-08-04 00:00:00,5000.0,6000.0,5550.0,360
Gujarat,Vadodara(Baroda),Vadodara(Sayajipura),Mint(Pudina),Other,FAQ,2016-08-08 00:00:00,6000.0,10000.0,8050.0,360
Gujarat,Vadodara(Baroda),Vadodara(Sayajipura),Mint(Pudina),Other,FAQ,2016-08-11 00:00:00,4000.0,5000.0,4550.0,360
Gujarat,Vadodara(Baroda),Vadodara(Sayajipura),Mint(Pudina),Other,FAQ,2016-08-13 00:00:00,5000.0,6500.0,5800.0,360
Gujarat,Vadodara(Baroda),Vadodara(Sayajipura),Mint(Pudina),Other,FAQ,2016-08-16 00:00:00,6000.0,7000.0,6550.0,360
Gujarat,Vadodara(Baroda),Vadodara(Sayajipura),Mint(Pudina),Other,FAQ,2016-08-17 00:00:00,5000.0,7500.0,6300.0,360
Gujarat,Vadodara(Baroda),Vadodara(Sayajipura),Mint(Pudina),Other,FAQ,2016-08-19 00:00:00,5000.0,6000.0,5550.0,360
Gujarat,Vadodara(Baroda),Vadodara(Sayajipura),Mint(Pudina),Other,FAQ,2016-08-25 00:00:00,5000.0,7500.0,6300.0,360
Gujarat,Vadodara(Baroda),Vadodara(Sayajipura),Mint(Pudina),Other,FAQ,2016-08-30 00:00:00,3000.0,3500.0,3300.0,360
Gujarat,Vadodara(Baroda),Vadodara(Sayajipura),Mint(Pudina),Other,FAQ,2016-09-02 00:00:00,2500.0,4000.0,3300.0,360
Gujarat,Vadodara(Baroda),Vadodara(Sayajipura),Mint(Pudina),Other,FAQ,2016-09-05 00:00:00,2500.0,3000.0,2800.0,360
Gujarat,Vadodara(Baroda),Vadodara(Sayajipura),Mint(Pudina),Other,FAQ,2016-09-07 00:00:00,1500.0,2500.0,2050.0,360
Gujarat,Vadodara(Baroda),Vadodara(Sayajipura),Mint(Pudina),Other,FAQ,2016-09-14 00:00:00,2500.0,4000.0,3300.0,360
Gujarat,Vadodara(Baroda),Vadodara(Sayajipura),Mint(Pudina),Other,FAQ,2016-09-23 00:00:00,1500.0,2000.0,1800.0,360
Gujarat,Vadodara(Baroda),Vadodara(Sayajipura),Mint(Pudina),Other,FAQ,2016-09-26 00:00:00,1500.0,2000.0,1800.0,360
Gujarat,Vadodara(Baroda),Vadodara(Sayajipura),Mint(Pudina),Other,FAQ,2016-09-27 00:00:00,2000.0,2500.0,2300.0,360
Gujarat,Vadodara(Baroda),Vadodara(Sayajipura),Mint(Pudina),Other,FAQ,2016-10-05 00:00:00,2000.0,2500.0,2300.0,360
Gujarat,Vadodara(Baroda),Vadodara(Sayajipura),Mint(Pudina),Other,FAQ,2016-10-14 00:00:00,2500.0,4500.0,3550.0,360
Gujarat,Vadodara(Baroda),Vadodara(Sayajipura),Mint(Pudina),Other,FAQ,2016-10-17 00:00:00,2500.0,4500.0,3550.0,360
Gujarat,Vadodara(Baroda),Vadodara(Sayajipura),Mint(Pudina),Other,FAQ,2016-10-18 00:00:00,2500.0,3000.0,2800.0,360
Gujarat,Vadodara(Baroda),Vadodara(Sayajipura),Mint(Pudina),Other,FAQ,2016-10-26 00:00:00,2500.0,3000.0,2800.0,360
Gujarat,Vadodara(Baroda),Vadodara(Sayajipura),Mint(Pudina),Other,FAQ,2016-11-04 00:00:00,3500.0,4500.0,4050.0,360
Gujarat,Vadodara(Baroda),Vadodara(Sayajipura),Mint(Pudina),Other,FAQ,2016-11-08 00:00:00,3000.0,4000.0,3550.0,360
Gujarat,Vadodara(Baroda),Vadodara(Sayajipura),Mint(Pudina),Other,FAQ,2016-11-23 00:00:00,1500.0,2000.0,1800.0,360
Gujarat,Vadodara(Baroda),Vadodara(Sayajipura),Mint(Pudina),Other,FAQ,2016-12-01 00:00:00,1700.0,2000.0,1900.0,360
Gujarat,Vadodara(Baroda),Vadodara(Sayajipura),Mint(Pudina),Other,FAQ,2016-12-02 00:00:00,1500.0,2000.0,1800.0,360
Gujarat,Vadodara(Baroda),Vadodara(Sayajipura),Mint(Pudina),Other,FAQ,2016-12-09 00:00:00,1000.0,1500.0,1300.0,360
Gujarat,Vadodara(Baroda),Vadodara(Sayajipura),Mint(Pudina),Other,FAQ,2016-12-11 00:00:00,1000.0,1500.0,1300.0,360
Gujarat,Vadodara(Baroda),Vadodara(Sayajipura),Mint(Pudina),Other,FAQ,2016-12-12 00:00:00,1000.0,1500.0,1300.0,360
Gujarat,Vadodara(Baroda),Vadodara(Sayajipura),Mint(Pudina),Other,FAQ,2016-12-22 00:00:00,1500.0,2000.0,1800.0,360
Gujarat,Vadodara(Baroda),Vadodara(Sayajipura),Mint(Pudina),Other,FAQ,2016-12-23 00:00:00,1500.0,2000.0,1800.0,360
Gujarat,Dahod,Dahod(Veg. Market),Mint(Pudina),Mint(Pudina),FAQ,2017-08-06 00:00:00,5000.0,6500.0,6000.0,360
Gujarat,Dahod,Dahod(Veg. Market),Mint(Pudina),Mint(Pudina),FAQ,2017-08-14 00:00:00,5000.0,8000.0,7000.0,360
Gujarat,Dahod,Dahod(Veg. Market),Mint(Pudina),Mint(Pudina),FAQ,2017-08-20 00:00:00,5000.0,7000.0,6000.0,360
Gujarat,Dahod,Dahod(Veg. Market),Mint(Pudina),Mint(Pudina),FAQ,2017-08-26 00:00:00,4000.0,5000.0,4500.0,360
Gujarat,Dahod,Dahod(Veg. Market),Mint(Pudina),Mint(Pudina),FAQ,2017-09-17 00:00:00,5500.0,8000.0,7000.0,360
Gujarat,Dahod,Dahod(Veg. Market),Mint(Pudina),Mint(Pudina),FAQ,2017-09-18 00:00:00,3000.0,6000.0,4000.0,360
Gujarat,Dahod,Dahod(Veg. Market),Mint(Pudina),Mint(Pudina),FAQ,2017-09-21 00:00:00,3000.0,6000.0,5000.0,360
Gujarat,Dahod,Dahod(Veg. Market),Mint(Pudina),Mint(Pudina),FAQ,2017-09-26 00:00:00,3000.0,6000.0,5500.0,360
Gujarat,Dahod,Dahod(Veg. Market),Mint(Pudina),Mint(Pudina),FAQ,2017-09-29 00:00:00,4000.0,6000.0,5000.0,360
Gujarat,Dahod,Dahod(Veg. Market),Mint(Pudina),Mint(Pudina),FAQ,2017-10-07 00:00:00,5000.0,8000.0,6000.0,360
Gujarat,Dahod,Dahod(Veg. Market),Mint(Pudina),Mint(Pudina),FAQ,2017-10-09 00:00:00,5000.0,6000.0,6000.0,360
Gujarat,Dahod,Dahod(Veg. Market),Mint(Pudina),Mint(Pudina),FAQ,2017-10-10 00:00:00,4000.0,7000.0,5500.0,360
Gujarat,Dahod,Dahod(Veg. Market),Mint(Pudina),Mint(Pudina),FAQ,2017-10-19 00:00:00,4000.0,5000.0,4500.0,360
Gujarat,Dahod,Dahod(Veg. Market),Mint(Pudina),Mint(Pudina),FAQ,2017-10-24 00:00:00,3000.0,5500.0,4500.0,360
Gujarat,Dahod,Dahod(Veg. Market),Mint(Pudina),Mint(Pudina),FAQ,2017-10-27 00:00:00,4000.0,5000.0,4500.0,360
Gujarat,Dahod,Dahod(Veg. Market),Mint(Pudina),Mint(Pudina),FAQ,2017-10-28 00:00:00,4000.0,6000.0,5000.0,360
Gujarat,Dahod,Dahod(Veg. Market),Mint(Pudina),Mint(Pudina),FAQ,2017-11-01 00:00:00,3000.0,5000.0,4000.0,360
Gujarat,Dahod,Dahod(Veg. Market),Mint(Pudina),Mint(Pudina),FAQ,2017-11-11 00:00:00,4000.0,5000.0,4500.0,360
Gujarat,Dahod,Dahod(Veg. Market),Mint(Pudina),Mint(Pudina),FAQ,2017-11-20 00:00:00,3000.0,5000.0,4000.0,360
Gujarat,Dahod,Dahod(Veg. Market),Mint(Pudina),Mint(Pudina),FAQ,2017-11-24 00:00:00,3000.0,5000.0,4000.0,360
Gujarat,Dahod,Dahod(Veg. Market),Mint(Pudina),Mint(Pudina),FAQ,2017-11-28 00:00:00,2000.0,4500.0,3500.0,360
Gujarat,Dahod,Dahod(Veg. Market),Mint(Pudina),Mint(Pudina),FAQ,2017-11-29 00:00:00,2000.0,5000.0,3000.0,360
Gujarat,Dahod,Dahod(Veg. Market),Mint(Pudina),Mint(Pudina),FAQ,2017-12-01 00:00:00,2000.0,4000.0,3500.0,360
Gujarat,Dahod,Dahod(Veg. Market),Mint(Pudina),Mint(Pudina),FAQ,2017-12-09 00:00:00,3000.0,5000.0,4000.0,360
Gujarat,Dahod,Dahod(Veg. Market),Mint(Pudina),Mint(Pudina),FAQ,2017-12-10 00:00:00,1500.0,5000.0,4000.0,360
Gujarat,Dahod,Dahod(Veg. Market),Mint(Pudina),Mint(Pudina),FAQ,2017-12-11 00:00:00,1500.0,4000.0,3000.0,360
Gujarat,Dahod,Dahod(Veg. Market),Mint(Pudina),Mint(Pudina),FAQ,2017-12-16 00:00:00,1500.0,4000.0,3000.0,360
Gujarat,Dahod,Dahod(Veg. Market),Mint(Pudina),Mint(Pudina),FAQ,2017-12-19 00:00:00,3000.0,4000.0,3500.0,360
Gujarat,Dahod,Dahod(Veg. Market),Mint(Pudina),Mint(Pudina),FAQ,2017-12-24 00:00:00,3000.0,4000.0,3500.0,360
Gujarat,Dahod,Dahod(Veg. Market),Mint(Pudina),Mint(Pudina),FAQ,2017-12-30 00:00:00,2000.0,4000.0,3000.0,360
Gujarat,Vadodara(Baroda),Vadodara(Sayajipura),Mint(Pudina),Other,FAQ,2017-01-04 00:00:00,2500.0,3000.0,2800.0,360
Gujarat,Vadodara(Baroda),Vadodara(Sayajipura),Mint(Pudina),Other,FAQ,2017-01-12 00:00:00,1500.0,2000.0,1800.0,360
Gujarat,Vadodara(Baroda),Vadodara(Sayajipura),Mint(Pudina),Other,FAQ,2017-01-17 00:00:00,1500.0,2500.0,2050.0,360
Gujarat,Vadodara(Baroda),Vadodara(Sayajipura),Mint(Pudina),Other,FAQ,2017-01-25 00:00:00,1500.0,2000.0,1800.0,360
Gujarat,Vadodara(Baroda),Vadodara(Sayajipura),Mint(Pudina),Other,FAQ,2017-01-26 00:00:00,1500.0,2000.0,1800.0,360
Gujarat,Vadodara(Baroda),Vadodara(Sayajipura),Mint(Pudina),Other,FAQ,2017-01-28 00:00:00,1500.0,2000.0,1800.0,360
Gujarat,Vadodara(Baroda),Vadodara(Sayajipura),Mint(Pudina),Other,FAQ,2017-02-07 00:00:00,2000.0,2500.0,2300.0,360
Gujarat,Vadodara(Baroda),Vadodara(Sayajipura),Mint(Pudina),Other,FAQ,2017-02-08 00:00:00,2000.0,2500.0,2300.0,360
Gujarat,Vadodara(Baroda),Vadodara(Sayajipura),Mint(Pudina),Other,FAQ,2017-03-03 00:00:00,1500.0,2000.0,1800.0,360
Gujarat,Vadodara(Baroda),Vadodara(Sayajipura),Mint(Pudina),Other,FAQ,2017-03-07 00:00:00,1500.0,2000.0,1800.0,360
Gujarat,Vadodara(Baroda),Vadodara(Sayajipura),Mint(Pudina),Other,FAQ,2017-03-09 00:00:00,1500.0,2000.0,1800.0,360
Gujarat,Vadodara(Baroda),Vadodara(Sayajipura),Mint(Pudina),Other,FAQ,2017-03-14 00:00:00,1500.0,2500.0,2050.0,360
Gujarat,Vadodara(Baroda),Vadodara(Sayajipura),Mint(Pudina),Other,FAQ,2017-03-16 00:00:00,1000.0,1500.0,1300.0,360
Gujarat,Vadodara(Baroda),Vadodara(Sayajipura),Mint(Pudina),Other,FAQ,2017-03-20 00:00:00,2000.0,2500.0,2300.0,360
Gujarat,Vadodara(Baroda),Vadodara(Sayajipura),Mint(Pudina),Other,FAQ,2017-03-22 00:00:00,2000.0,2500.0,2300.0,360
Gujarat,Vadodara(Baroda),Vadodara(Sayajipura),Mint(Pudina),Other,FAQ,2017-03-23 00:00:00,1000.0,1500.0,1300.0,360
Gujarat,Vadodara(Baroda),Vadodara(Sayajipura),Mint(Pudina),Other,FAQ,2017-03-24 00:00:00,1300.0,1700.0,1550.0,360
Gujarat,Vadodara(Baroda),Vadodara(Sayajipura),Mint(Pudina),Other,FAQ,2017-04-03 00:00:00,1500.0,2000.0,1800.0,360
Gujarat,Vadodara(Baroda),Vadodara(Sayajipura),Mint(Pudina),Other,FAQ,2017-04-24 00:00:00,1300.0,1500.0,1450.0,360
Gujarat,Vadodara(Baroda),Vadodara(Sayajipura),Mint(Pudina),Other,FAQ,2017-05-10 00:00:00,1500.0,2000.0,1800.0,360
Gujarat,Vadodara(Baroda),Vadodara(Sayajipura),Mint(Pudina),Other,FAQ,2017-05-12 00:00:00,1000.0,1500.0,1275.0,360
Gujarat,Vadodara(Baroda),Vadodara(Sayajipura),Mint(Pudina),Other,FAQ,2017-05-20 00:00:00,1500.0,2000.0,1775.0,360
Gujarat,Vadodara(Baroda),Vadodara(Sayajipura),Mint(Pudina),Other,FAQ,2017-05-26 00:00:00,2000.0,2500.0,2300.0,360
Gujarat,Vadodara(Baroda),Vadodara(Sayajipura),Mint(Pudina),Other,FAQ,2017-06-01 00:00:00,2500.0,3000.0,2800.0,360
Gujarat,Vadodara(Baroda),Vadodara(Sayajipura),Mint(Pudina),Other,FAQ,2017-06-04 00:00:00,1500.0,2000.0,1800.0,360
Gujarat,Vadodara(Baroda),Vadodara(Sayajipura),Mint(Pudina),Other,FAQ,2017-06-05 00:00:00,2000.0,2500.0,2275.0,360
Gujarat,Vadodara(Baroda),Vadodara(Sayajipura),Mint(Pudina),Other,FAQ,2017-06-10 00:00:00,2000.0,2500.0,2300.0,360
Gujarat,Vadodara(Baroda),Vadodara(Sayajipura),Mint(Pudina),Other,FAQ,2017-06-16 00:00:00,2000.0,2500.0,2300.0,360
Gujarat,Vadodara(Baroda),Vadodara(Sayajipura),Mint(Pudina),Other,FAQ,2017-06-17 00:00:00,2000.0,2500.0,2300.0,360
Gujarat,Vadodara(Baroda),Vadodara(Sayajipura),Mint(Pudina),Other,FAQ,2017-06-28 00:00:00,2000.0,2500.0,2300.0,360
Gujarat,Vadodara(Baroda),Vadodara(Sayajipura),Mint(Pudina),Other,FAQ,2017-06-29 00:00:00,1500.0,2000.0,1800.0,360
Gujarat,Vadodara(Baroda),Vadodara(Sayajipura),Mint(Pudina),Other,FAQ,2017-07-21 00:00:00,1500.0,2000.0,1800.0,360
Gujarat,Vadodara(Baroda),Vadodara(Sayajipura),Mint(Pudina),Other,FAQ,2017-08-05 00:00:00,1500.0,2500.0,2050.0,360
Gujarat,Vadodara(Baroda),Vadodara(Sayajipura),Mint(Pudina),Other,FAQ,2017-08-10 00:00:00,6000.0,7500.0,6800.0,360
Gujarat,Vadodara(Baroda),Vadodara(Sayajipura),Mint(Pudina),Other,FAQ,2017-08-17 00:00:00,3500.0,4000.0,3800.0,360
Gujarat,Vadodara(Baroda),Vadodara(Sayajipura),Mint(Pudina),Other,FAQ,2017-08-22 00:00:00,2500.0,3000.0,2775.0,360
Gujarat,Vadodara(Baroda),Vadodara(Sayajipura),Mint(Pudina),Other,FAQ,2017-08-25 00:00:00,1500.0,2000.0,1750.0,360
Gujarat,Vadodara(Baroda),Vadodara(Sayajipura),Mint(Pudina),Other,FAQ,2017-08-26 00:00:00,1500.0,1800.0,1650.0,360
Gujarat,Vadodara(Baroda),Vadodara(Sayajipura),Mint(Pudina),Other,FAQ,2017-09-01 00:00:00,3000.0,3500.0,3275.0,360
Gujarat,Vadodara(Baroda),Vadodara(Sayajipura),Mint(Pudina),Other,FAQ,2017-09-09 00:00:00,2500.0,3000.0,2800.0,360
Gujarat,Vadodara(Baroda),Vadodara(Sayajipura),Mint(Pudina),Other,FAQ,2017-09-12 00:00:00,2500.0,3000.0,2800.0,360
Gujarat,Vadodara(Baroda),Vadodara(Sayajipura),Mint(Pudina),Other,FAQ,2017-09-13 00:00:00,2500.0,3000.0,2800.0,360
Gujarat,Vadodara(Baroda),Vadodara(Sayajipura),Mint(Pudina),Other,FAQ,2017-09-14 00:00:00,2500.0,3000.0,2800.0,360
Gujarat,Vadodara(Baroda),Vadodara(Sayajipura),Mint(Pudina),Other,FAQ,2017-10-12 00:00:00,2000.0,3000.0,2500.0,360
Gujarat,Vadodara(Baroda),Vadodara(Sayajipura),Mint(Pudina),Other,FAQ,2017-10-13 00:00:00,2000.0,3000.0,2525.0,360
Gujarat,Vadodara(Baroda),Vadodara(Sayajipura),Mint(Pudina),Other,FAQ,2017-10-14 00:00:00,2000.0,3000.0,2525.0,360
Gujarat,Vadodara(Baroda),Vadodara(Sayajipura),Mint(Pudina),Other,FAQ,2017-10-16 00:00:00,3000.0,4000.0,3525.0,360
Gujarat,Vadodara(Baroda),Vadodara(Sayajipura),Mint(Pudina),Other,FAQ,2017-11-04 00:00:00,3000.0,4000.0,3525.0,360
Gujarat,Vadodara(Baroda),Vadodara(Sayajipura),Mint(Pudina),Other,FAQ,2017-11-16 00:00:00,2500.0,3000.0,2750.0,360
Gujarat,Vadodara(Baroda),Vadodara(Sayajipura),Mint(Pudina),Other,FAQ,2017-11-22 00:00:00,2000.0,3000.0,2550.0,360
Gujarat,Vadodara(Baroda),Vadodara(Sayajipura),Mint(Pudina),Other,FAQ,2017-11-26 00:00:00,1500.0,2000.0,1750.0,360
Gujarat,Vadodara(Baroda),Vadodara(Sayajipura),Mint(Pudina),Other,FAQ,2017-11-29 00:00:00,1500.0,2000.0,1750.0,360
Gujarat,Vadodara(Baroda),Vadodara(Sayajipura),Mint(Pudina),Other,FAQ,2017-12-02 00:00:00,1500.0,2000.0,1750.0,360
Gujarat,Vadodara(Baroda),Vadodara(Sayajipura),Mint(Pudina),Other,FAQ,2017-12-15 00:00:00,2000.0,2500.0,2250.0,360
Gujarat,Vadodara(Baroda),Vadodara(Sayajipura),Mint(Pudina),Other,FAQ,2017-12-20 00:00:00,2000.0,2500.0,2250.0,360
Gujarat,Vadodara(Baroda),Vadodara(Sayajipura),Mint(Pudina),Other,FAQ,2017-12-24 00:00:00,1500.0,2000.0,1750.0,360
Gujarat,Vadodara(Baroda),Vadodara(Sayajipura),Mint(Pudina),Other,FAQ,2017-12-26 00:00:00,1500.0,2000.0,1750.0,360
Gujarat,Ahmedabad,Ahmedabad(Rajnagar sub yard),Mint(Pudina),Other,FAQ,2017-01-13 00:00:00,1000.0,1500.0,1300.0,360
Gujarat,Ahmedabad,Ahmedabad(Rajnagar sub yard),Mint(Pudina),Other,FAQ,2017-01-16 00:00:00,1500.0,1750.0,1650.0,360
Gujarat,Ahmedabad,Ahmedabad(Rajnagar sub yard),Mint(Pudina),Other,FAQ,2017-01-27 00:00:00,1000.0,1500.0,1300.0,360
Gujarat,Ahmedabad,Ahmedabad(Rajnagar sub yard),Mint(Pudina),Other,FAQ,2017-02-07 00:00:00,1200.0,1500.0,1400.0,360
Gujarat,Ahmedabad,Ahmedabad(Rajnagar sub yard),Mint(Pudina),Other,FAQ,2017-02-09 00:00:00,1000.0,1250.0,1150.0,360
Gujarat,Ahmedabad,Ahmedabad(Rajnagar sub yard),Mint(Pudina),Other,FAQ,2017-02-11 00:00:00,500.0,1000.0,800.0,360
Gujarat,Ahmedabad,Ahmedabad(Rajnagar sub yard),Mint(Pudina),Other,FAQ,2017-02-20 00:00:00,800.0,1250.0,1100.0,360
Gujarat,Ahmedabad,Ahmedabad(Rajnagar sub yard),Mint(Pudina),Other,FAQ,2017-02-28 00:00:00,800.0,1250.0,1050.0,360
Gujarat,Ahmedabad,Ahmedabad(Rajnagar sub yard),Mint(Pudina),Other,FAQ,2017-03-09 00:00:00,800.0,1200.0,1000.0,360
Gujarat,Ahmedabad,Ahmedabad(Rajnagar sub yard),Mint(Pudina),Other,FAQ,2017-03-14 00:00:00,1000.0,1250.0,1150.0,360
Gujarat,Ahmedabad,Ahmedabad(Rajnagar sub yard),Mint(Pudina),Other,FAQ,2017-03-15 00:00:00,800.0,1200.0,1050.0,360
Gujarat,Ahmedabad,Ahmedabad(Rajnagar sub yard),Mint(Pudina),Other,FAQ,2017-03-17 00:00:00,500.0,1000.0,800.0,360
Gujarat,Ahmedabad,Ahmedabad(Rajnagar sub yard),Mint(Pudina),Other,FAQ,2017-03-28 00:00:00,500.0,1000.0,800.0,360
Gujarat,Ahmedabad,Ahmedabad(Rajnagar sub yard),Mint(Pudina),Other,FAQ,2017-04-07 00:00:00,500.0,1000.0,800.0,360
Gujarat,Ahmedabad,Ahmedabad(Rajnagar sub yard),Mint(Pudina),Other,FAQ,2017-04-08 00:00:00,800.0,1000.0,900.0,360
Gujarat,Ahmedabad,Ahmedabad(Rajnagar sub yard),Mint(Pudina),Other,FAQ,2017-04-11 00:00:00,700.0,1200.0,1000.0,360
Gujarat,Ahmedabad,Ahmedabad(Rajnagar sub yard),Mint(Pudina),Other,FAQ,2017-04-18 00:00:00,500.0,1000.0,800.0,360
Gujarat,Ahmedabad,Ahmedabad(Rajnagar sub yard),Mint(Pudina),Other,FAQ,2017-04-29 00:00:00,1000.0,1250.0,1150.0,360
Gujarat,Ahmedabad,Ahmedabad(Rajnagar sub yard),Mint(Pudina),Other,FAQ,2017-05-04 00:00:00,500.0,1000.0,800.0,360
Gujarat,Ahmedabad,Ahmedabad(Rajnagar sub yard),Mint(Pudina),Other,FAQ,2017-05-05 00:00:00,700.0,1000.0,900.0,360
Gujarat,Ahmedabad,Ahmedabad(Rajnagar sub yard),Mint(Pudina),Other,FAQ,2017-05-11 00:00:00,800.0,1000.0,950.0,360
Gujarat,Ahmedabad,Ahmedabad(Rajnagar sub yard),Mint(Pudina),Other,FAQ,2017-05-16 00:00:00,400.0,750.0,600.0,360
Gujarat,Ahmedabad,Ahmedabad(Rajnagar sub yard),Mint(Pudina),Other,FAQ,2017-05-19 00:00:00,1000.0,1250.0,1150.0,360
Gujarat,Ahmedabad,Ahmedabad(Rajnagar sub yard),Mint(Pudina),Other,FAQ,2017-05-23 00:00:00,600.0,1500.0,1200.0,360
Gujarat,Ahmedabad,Ahmedabad(Rajnagar sub yard),Mint(Pudina),Other,FAQ,2017-05-25 00:00:00,1000.0,1200.0,1150.0,360
Gujarat,Ahmedabad,Ahmedabad(Rajnagar sub yard),Mint(Pudina),Other,FAQ,2017-06-02 00:00:00,1000.0,1500.0,1300.0,360
Gujarat,Ahmedabad,Ahmedabad(Rajnagar sub yard),Mint(Pudina),Other,FAQ,2017-06-07 00:00:00,1000.0,2000.0,1550.0,360
Gujarat,Ahmedabad,Ahmedabad(Rajnagar sub yard),Mint(Pudina),Other,FAQ,2017-06-10 00:00:00,400.0,2000.0,1300.0,360
Gujarat,Ahmedabad,Ahmedabad(Rajnagar sub yard),Mint(Pudina),Other,FAQ,2017-06-15 00:00:00,1000.0,1500.0,1300.0,360
Gujarat,Ahmedabad,Ahmedabad(Rajnagar sub yard),Mint(Pudina),Other,FAQ,2017-06-19 00:00:00,1250.0,2000.0,1650.0,360
Gujarat,Ahmedabad,Ahmedabad(Rajnagar sub yard),Mint(Pudina),Other,FAQ,2017-06-21 00:00:00,1000.0,1500.0,1300.0,360
Gujarat,Ahmedabad,Ahmedabad(Rajnagar sub yard),Mint(Pudina),Other,FAQ,2017-06-24 00:00:00,1000.0,1500.0,1300.0,360
Gujarat,Ahmedabad,Ahmedabad(Rajnagar sub yard),Mint(Pudina),Other,FAQ,2017-07-06 00:00:00,500.0,1200.0,900.0,360
Gujarat,Ahmedabad,Ahmedabad(Rajnagar sub yard),Mint(Pudina),Other,FAQ,2017-07-08 00:00:00,800.0,2000.0,1500.0,360
Gujarat,Ahmedabad,Ahmedabad(Rajnagar sub yard),Mint(Pudina),Other,FAQ,2017-07-13 00:00:00,1000.0,2000.0,1550.0,360
Gujarat,Ahmedabad,Ahmedabad(Rajnagar sub yard),Mint(Pudina),Other,FAQ,2017-07-17 00:00:00,1000.0,2000.0,1550.0,360
Gujarat,Ahmedabad,Ahmedabad(Rajnagar sub yard),Mint(Pudina),Other,FAQ,2017-08-03 00:00:00,1500.0,2000.0,1800.0,360
Gujarat,Ahmedabad,Ahmedabad(Rajnagar sub yard),Mint(Pudina),Other,FAQ,2017-08-08 00:00:00,1500.0,2000.0,1800.0,360
Gujarat,Ahmedabad,Ahmedabad(Rajnagar sub yard),Mint(Pudina),Other,FAQ,2017-08-30 00:00:00,800.0,1500.0,1200.0,360
Gujarat,Ahmedabad,Ahmedabad(Rajnagar sub yard),Mint(Pudina),Other,FAQ,2017-09-06 00:00:00,1250.0,2000.0,1650.0,360
Gujarat,Ahmedabad,Ahmedabad(Rajnagar sub yard),Mint(Pudina),Other,FAQ,2017-09-09 00:00:00,2500.0,3000.0,2800.0,360
Gujarat,Ahmedabad,Ahmedabad(Rajnagar sub yard),Mint(Pudina),Other,FAQ,2017-09-11 00:00:00,2000.0,4000.0,3050.0,360
Gujarat,Ahmedabad,Ahmedabad(Rajnagar sub yard),Mint(Pudina),Other,FAQ,2017-09-16 00:00:00,1500.0,3000.0,2300.0,360
Gujarat,Ahmedabad,Ahmedabad(Rajnagar sub yard),Mint(Pudina),Other,FAQ,2017-09-20 00:00:00,1500.0,2500.0,2100.0,360
Gujarat,Ahmedabad,Ahmedabad(Rajnagar sub yard),Mint(Pudina),Other,FAQ,2017-09-25 00:00:00,1000.0,2500.0,1800.0,360
Gujarat,Ahmedabad,Ahmedabad(Rajnagar sub yard),Mint(Pudina),Other,FAQ,2017-10-09 00:00:00,2000.0,3000.0,2600.0,360
Gujarat,Ahmedabad,Ahmedabad(Rajnagar sub yard),Mint(Pudina),Other,FAQ,2017-10-23 00:00:00,2000.0,2500.0,2300.0,360
Gujarat,Ahmedabad,Ahmedabad(Rajnagar sub yard),Mint(Pudina),Other,FAQ,2017-11-07 00:00:00,2000.0,2500.0,2300.0,360
Gujarat,Ahmedabad,Ahmedabad(Rajnagar sub yard),Mint(Pudina),Other,FAQ,2017-11-13 00:00:00,1500.0,2500.0,2050.0,360
Gujarat,Ahmedabad,Ahmedabad(Rajnagar sub yard),Mint(Pudina),Other,FAQ,2017-11-21 00:00:00,1000.0,2500.0,1800.0,360
Gujarat,Ahmedabad,Ahmedabad(Rajnagar sub yard),Mint(Pudina),Other,FAQ,2017-11-24 00:00:00,1000.0,2000.0,1600.0,360
Gujarat,Ahmedabad,Ahmedabad(Rajnagar sub yard),Mint(Pudina),Other,FAQ,2017-12-01 00:00:00,800.0,1500.0,1250.0,360
Gujarat,Ahmedabad,Ahmedabad(Rajnagar sub yard),Mint(Pudina),Other,FAQ,2017-12-05 00:00:00,1000.0,1500.0,1350.0,360
Gujarat,Ahmedabad,Ahmedabad(Rajnagar sub yard),Mint(Pudina),Other,FAQ,2017-12-09 00:00:00,800.0,1500.0,1250.0,360
Gujarat,Ahmedabad,Ahmedabad(Rajnagar sub yard),Mint(Pudina),Other,FAQ,2017-12-22 00:00:00,400.0,1000.0,750.0,360
Gujarat,Ahmedabad,Ahmedabad(Rajnagar sub yard),Mint(Pudina),Other,FAQ,2017-12-23 00:00:00,500.0,1000.0,800.0,360
Gujarat,Bharuch,Bharuch,Mint(Pudina),Other,FAQ,2017-01-03 00:00:00,1300.0,1600.0,1450.0,360
Gujarat,Bharuch,Bharuch,Mint(Pudina),Other,FAQ,2017-01-10 00:00:00,1200.0,1500.0,1350.0,360
Gujarat,Bharuch,Bharuch,Mint(Pudina),Other,FAQ,2017-01-18 00:00:00,1200.0,1500.0,1300.0,360
Gujarat,Bharuch,Bharuch,Mint(Pudina),Other,FAQ,2017-01-21 00:00:00,1200.0,1450.0,1300.0,360
Gujarat,Bharuch,Bharuch,Mint(Pudina),Other,FAQ,2017-07-15 00:00:00,1500.0,1750.0,1600.0,360
Gujarat,Bharuch,Bharuch,Mint(Pudina),Other,FAQ,2017-07-29 00:00:00,1500.0,2250.0,2000.0,360
Gujarat,Bharuch,Bharuch,Mint(Pudina),Other,FAQ,2017-08-09 00:00:00,1500.0,1850.0,1700.0,360
Gujarat,Bharuch,Bharuch,Mint(Pudina),Other,FAQ,2017-08-23 00:00:00,1500.0,2000.0,1750.0,360
Gujarat,Bharuch,Bharuch,Mint(Pudina),Other,FAQ,2017-10-24 00:00:00,1500.0,1800.0,1700.0,360
Gujarat,Bharuch,Bharuch,Mint(Pudina),Other,FAQ,2017-11-24 00:00:00,1300.0,1750.0,1500.0,360
Gujarat,Dahod,Dahod(Veg. Market),Mint(Pudina),Mint(Pudina),FAQ,2017-01-07 00:00:00,2000.0,3000.0,2500.0,360
Gujarat,Dahod,Dahod(Veg. Market),Mint(Pudina),Mint(Pudina),FAQ,2017-01-11 00:00:00,2000.0,3500.0,3000.0,360
Gujarat,Dahod,Dahod(Veg. Market),Mint(Pudina),Mint(Pudina),FAQ,2017-01-15 00:00:00,2000.0,3000.0,2500.0,360
Gujarat,Dahod,Dahod(Veg. Market),Mint(Pudina),Mint(Pudina),FAQ,2017-01-18 00:00:00,2500.0,3000.0,2700.0,360
Gujarat,Dahod,Dahod(Veg. Market),Mint(Pudina),Mint(Pudina),FAQ,2017-01-20 00:00:00,2000.0,3000.0,2500.0,360
Gujarat,Dahod,Dahod(Veg. Market),Mint(Pudina),Mint(Pudina),FAQ,2017-01-29 00:00:00,2000.0,3000.0,2500.0,360
Gujarat,Dahod,Dahod(Veg. Market),Mint(Pudina),Mint(Pudina),FAQ,2017-02-22 00:00:00,1000.0,2000.0,1500.0,360
Gujarat,Dahod,Dahod(Veg. Market),Mint(Pudina),Mint(Pudina),FAQ,2017-02-23 00:00:00,1000.0,1500.0,1200.0,360
Gujarat,Dahod,Dahod(Veg. Market),Mint(Pudina),Mint(Pudina),FAQ,2017-02-25 00:00:00,1000.0,2000.0,1500.0,360
Gujarat,Dahod,Dahod(Veg. Market),Mint(Pudina),Mint(Pudina),FAQ,2017-03-05 00:00:00,1000.0,2000.0,1600.0,360
Gujarat,Dahod,Dahod(Veg. Market),Mint(Pudina),Mint(Pudina),FAQ,2017-03-11 00:00:00,1000.0,1500.0,1300.0,360
Gujarat,Dahod,Dahod(Veg. Market),Mint(Pudina),Mint(Pudina),FAQ,2017-03-17 00:00:00,1000.0,1500.0,1500.0,360
Gujarat,Dahod,Dahod(Veg. Market),Mint(Pudina),Mint(Pudina),FAQ,2017-03-30 00:00:00,1000.0,2000.0,1500.0,360
Gujarat,Dahod,Dahod(Veg. Market),Mint(Pudina),Mint(Pudina),FAQ,2017-04-05 00:00:00,1500.0,2000.0,2000.0,360
Gujarat,Dahod,Dahod(Veg. Market),Mint(Pudina),Mint(Pudina),FAQ,2017-04-07 00:00:00,500.0,1500.0,1000.0,360
Gujarat,Dahod,Dahod(Veg. Market),Mint(Pudina),Mint(Pudina),FAQ,2017-04-10 00:00:00,500.0,1500.0,1300.0,360
Gujarat,Dahod,Dahod(Veg. Market),Mint(Pudina),Mint(Pudina),FAQ,2017-04-12 00:00:00,1000.0,1500.0,1300.0,360
Gujarat,Dahod,Dahod(Veg. Market),Mint(Pudina),Mint(Pudina),FAQ,2017-04-23 00:00:00,1300.0,2000.0,1800.0,360
Gujarat,Dahod,Dahod(Veg. Market),Mint(Pudina),Mint(Pudina),FAQ,2017-04-26 00:00:00,1000.0,3000.0,2000.0,360
Gujarat,Dahod,Dahod(Veg. Market),Mint(Pudina),Mint(Pudina),FAQ,2017-05-03 00:00:00,700.0,2000.0,1500.0,360
Gujarat,Dahod,Dahod(Veg. Market),Mint(Pudina),Mint(Pudina),FAQ,2017-05-05 00:00:00,1000.0,2000.0,1500.0,360
Gujarat,Dahod,Dahod(Veg. Market),Mint(Pudina),Mint(Pudina),FAQ,2017-05-19 00:00:00,1000.0,2500.0,2000.0,360
Gujarat,Dahod,Dahod(Veg. Market),Mint(Pudina),Mint(Pudina),FAQ,2017-05-21 00:00:00,1100.0,2500.0,2000.0,360
Gujarat,Dahod,Dahod(Veg. Market),Mint(Pudina),Mint(Pudina),FAQ,2017-05-29 00:00:00,2000.0,3000.0,2500.0,360
Gujarat,Dahod,Dahod(Veg. Market),Mint(Pudina),Mint(Pudina),FAQ,2017-06-06 00:00:00,2000.0,3000.0,2500.0,360
Gujarat,Dahod,Dahod(Veg. Market),Mint(Pudina),Mint(Pudina),FAQ,2017-06-07 00:00:00,1500.0,3000.0,2000.0,360
Gujarat,Dahod,Dahod(Veg. Market),Mint(Pudina),Mint(Pudina),FAQ,2017-06-16 00:00:00,1500.0,2500.0,2000.0,360
Gujarat,Dahod,Dahod(Veg. Market),Mint(Pudina),Mint(Pudina),FAQ,2017-06-25 00:00:00,1500.0,3000.0,2500.0,360
Gujarat,Dahod,Dahod(Veg. Market),Mint(Pudina),Mint(Pudina),FAQ,2017-06-29 00:00:00,1200.0,2500.0,2000.0,360
Gujarat,Dahod,Dahod(Veg. Market),Mint(Pudina),Mint(Pudina),FAQ,2017-07-05 00:00:00,1000.0,2500.0,2000.0,360
Gujarat,Dahod,Dahod(Veg. Market),Mint(Pudina),Mint(Pudina),FAQ,2017-07-13 00:00:00,2000.0,3000.0,2500.0,360
Gujarat,Dahod,Dahod(Veg. Market),Mint(Pudina),Mint(Pudina),FAQ,2017-07-21 00:00:00,3000.0,6000.0,4500.0,360
Gujarat,Dahod,Dahod(Veg. Market),Mint(Pudina),Mint(Pudina),FAQ,2017-07-22 00:00:00,3000.0,6000.0,5000.0,360
Gujarat,Dahod,Dahod(Veg. Market),Mint(Pudina),Mint(Pudina),FAQ,2017-07-23 00:00:00,4000.0,5000.0,4500.0,360
Gujarat,Dahod,Dahod(Veg. Market),Mint(Pudina),Mint(Pudina),FAQ,2017-07-26 00:00:00,5000.0,9000.0,7000.0,360
Gujarat,Dahod,Dahod(Veg. Market),Mint(Pudina),Mint(Pudina),FAQ,2017-07-29 00:00:00,6000.0,9000.0,7500.0,360
Gujarat,Dahod,Dahod(Veg. Market),Mint(Pudina),Mint(Pudina),FAQ,2017-08-01 00:00:00,5000.0,6500.0,6000.0,360
Gujarat,Vadodara(Baroda),Vadodara(Sayajipura),Mint(Pudina),Other,FAQ,2019-12-30 00:00:00,1100.0,1500.0,1350.0,360
Gujarat,Ahmedabad,Ahmedabad(Rajnagar sub yard),Mint(Pudina),Other,FAQ,2019-01-01 00:00:00,1200.0,2500.0,1900.0,360
Gujarat,Ahmedabad,Ahmedabad(Rajnagar sub yard),Mint(Pudina),Other,FAQ,2019-01-03 00:00:00,1000.0,1500.0,1300.0,360
Gujarat,Ahmedabad,Ahmedabad(Rajnagar sub yard),Mint(Pudina),Other,FAQ,2019-01-05 00:00:00,1000.0,2000.0,1600.0,360
Gujarat,Ahmedabad,Ahmedabad(Rajnagar sub yard),Mint(Pudina),Other,FAQ,2019-01-07 00:00:00,1500.0,2500.0,2100.0,360
Gujarat,Ahmedabad,Ahmedabad(Rajnagar sub yard),Mint(Pudina),Other,FAQ,2019-01-08 00:00:00,1500.0,2500.0,2100.0,360
Gujarat,Ahmedabad,Ahmedabad(Rajnagar sub yard),Mint(Pudina),Other,FAQ,2019-01-18 00:00:00,1500.0,2000.0,1800.0,360
Gujarat,Ahmedabad,Ahmedabad(Rajnagar sub yard),Mint(Pudina),Other,FAQ,2019-01-28 00:00:00,1250.0,2000.0,1650.0,360
Gujarat,Ahmedabad,Ahmedabad(Rajnagar sub yard),Mint(Pudina),Other,FAQ,2019-01-31 00:00:00,1000.0,1250.0,1150.0,360
Gujarat,Ahmedabad,Ahmedabad(Rajnagar sub yard),Mint(Pudina),Other,FAQ,2019-02-11 00:00:00,1000.0,1200.0,1150.0,360
Gujarat,Ahmedabad,Ahmedabad(Rajnagar sub yard),Mint(Pudina),Other,FAQ,2019-02-19 00:00:00,700.0,1000.0,900.0,360
Gujarat,Ahmedabad,Ahmedabad(Rajnagar sub yard),Mint(Pudina),Other,FAQ,2019-02-21 00:00:00,1000.0,1500.0,1300.0,360
Gujarat,Ahmedabad,Ahmedabad(Rajnagar sub yard),Mint(Pudina),Other,FAQ,2019-03-11 00:00:00,800.0,1000.0,900.0,360
Gujarat,Ahmedabad,Ahmedabad(Rajnagar sub yard),Mint(Pudina),Other,FAQ,2019-03-16 00:00:00,1000.0,1200.0,1150.0,360
Gujarat,Ahmedabad,Ahmedabad(Rajnagar sub yard),Mint(Pudina),Other,FAQ,2019-03-18 00:00:00,800.0,1200.0,1050.0,360
Gujarat,Ahmedabad,Ahmedabad(Rajnagar sub yard),Mint(Pudina),Other,FAQ,2019-04-01 00:00:00,1000.0,1200.0,1150.0,360
Gujarat,Ahmedabad,Ahmedabad(Rajnagar sub yard),Mint(Pudina),Other,FAQ,2019-04-22 00:00:00,1000.0,1500.0,1300.0,360
Gujarat,Ahmedabad,Ahmedabad(Rajnagar sub yard),Mint(Pudina),Other,FAQ,2019-04-26 00:00:00,800.0,1200.0,1050.0,360
Gujarat,Ahmedabad,Ahmedabad(Rajnagar sub yard),Mint(Pudina),Other,FAQ,2019-04-29 00:00:00,700.0,1300.0,1100.0,360
Gujarat,Ahmedabad,Ahmedabad(Rajnagar sub yard),Mint(Pudina),Other,FAQ,2019-05-03 00:00:00,1200.0,2000.0,1650.0,360
Gujarat,Ahmedabad,Ahmedabad(Rajnagar sub yard),Mint(Pudina),Other,FAQ,2019-05-09 00:00:00,1000.0,2000.0,1600.0,360
Gujarat,Ahmedabad,Ahmedabad(Rajnagar sub yard),Mint(Pudina),Other,FAQ,2019-05-10 00:00:00,800.0,1000.0,950.0,360
Gujarat,Ahmedabad,Ahmedabad(Rajnagar sub yard),Mint(Pudina),Other,FAQ,2019-05-11 00:00:00,800.0,1000.0,900.0,360
Gujarat,Ahmedabad,Ahmedabad(Rajnagar sub yard),Mint(Pudina),Other,FAQ,2019-05-14 00:00:00,700.0,2000.0,1400.0,360
Gujarat,Ahmedabad,Ahmedabad(Rajnagar sub yard),Mint(Pudina),Other,FAQ,2019-05-15 00:00:00,700.0,2000.0,1450.0,360
Gujarat,Ahmedabad,Ahmedabad(Rajnagar sub yard),Mint(Pudina),Other,FAQ,2019-05-23 00:00:00,1000.0,1200.0,1150.0,360
Gujarat,Ahmedabad,Ahmedabad(Rajnagar sub yard),Mint(Pudina),Other,FAQ,2019-05-28 00:00:00,1000.0,1600.0,1400.0,360
Gujarat,Ahmedabad,Ahmedabad(Rajnagar sub yard),Mint(Pudina),Other,FAQ,2019-06-01 00:00:00,700.0,1200.0,1000.0,360
Gujarat,Ahmedabad,Ahmedabad(Rajnagar sub yard),Mint(Pudina),Other,FAQ,2019-06-03 00:00:00,1000.0,1600.0,1400.0,360
Gujarat,Ahmedabad,Ahmedabad(Rajnagar sub yard),Mint(Pudina),Other,FAQ,2019-06-14 00:00:00,1000.0,2000.0,1600.0,360
Gujarat,Ahmedabad,Ahmedabad(Rajnagar sub yard),Mint(Pudina),Other,FAQ,2019-06-17 00:00:00,800.0,1500.0,1200.0,360
Gujarat,Ahmedabad,Ahmedabad(Rajnagar sub yard),Mint(Pudina),Other,FAQ,2019-06-21 00:00:00,1000.0,1500.0,1300.0,360
Gujarat,Ahmedabad,Ahmedabad(Rajnagar sub yard),Mint(Pudina),Other,FAQ,2019-06-28 00:00:00,1000.0,1500.0,1300.0,360
Gujarat,Ahmedabad,Ahmedabad(Rajnagar sub yard),Mint(Pudina),Other,FAQ,2019-06-29 00:00:00,800.0,1500.0,1200.0,360
Gujarat,Ahmedabad,Ahmedabad(Rajnagar sub yard),Mint(Pudina),Other,FAQ,2019-07-08 00:00:00,1000.0,1300.0,1200.0,360
Gujarat,Ahmedabad,Ahmedabad(Rajnagar sub yard),Mint(Pudina),Other,FAQ,2019-07-22 00:00:00,2000.0,2250.0,2200.0,360
Gujarat,Ahmedabad,Ahmedabad(Rajnagar sub yard),Mint(Pudina),Other,FAQ,2019-07-25 00:00:00,1500.0,1750.0,1650.0,360
Gujarat,Ahmedabad,Ahmedabad(Rajnagar sub yard),Mint(Pudina),Other,FAQ,2019-07-29 00:00:00,1500.0,1800.0,1700.0,360
Gujarat,Ahmedabad,Ahmedabad(Rajnagar sub yard),Mint(Pudina),Other,FAQ,2019-08-02 00:00:00,1000.0,1600.0,1300.0,360
Gujarat,Ahmedabad,Ahmedabad(Rajnagar sub yard),Mint(Pudina),Other,FAQ,2019-08-13 00:00:00,1200.0,4500.0,3000.0,360
Gujarat,Ahmedabad,Ahmedabad(Rajnagar sub yard),Mint(Pudina),Other,FAQ,2019-08-16 00:00:00,1500.0,7000.0,4500.0,360
Gujarat,Ahmedabad,Ahmedabad(Rajnagar sub yard),Mint(Pudina),Other,FAQ,2019-09-16 00:00:00,2000.0,3000.0,2600.0,360
Gujarat,Ahmedabad,Ahmedabad(Rajnagar sub yard),Mint(Pudina),Other,FAQ,2019-09-20 00:00:00,2000.0,3000.0,2600.0,360
Gujarat,Ahmedabad,Ahmedabad(Rajnagar sub yard),Mint(Pudina),Other,FAQ,2019-09-24 00:00:00,3500.0,5000.0,4300.0,360
Gujarat,Ahmedabad,Ahmedabad(Rajnagar sub yard),Mint(Pudina),Other,FAQ,2019-10-09 00:00:00,1200.0,4000.0,2800.0,360
Gujarat,Ahmedabad,Ahmedabad(Rajnagar sub yard),Mint(Pudina),Other,FAQ,2019-10-10 00:00:00,800.0,4000.0,2500.0,360
Gujarat,Ahmedabad,Ahmedabad(Rajnagar sub yard),Mint(Pudina),Other,FAQ,2019-10-15 00:00:00,3500.0,5000.0,4300.0,360
Gujarat,Ahmedabad,Ahmedabad(Rajnagar sub yard),Mint(Pudina),Other,FAQ,2019-10-22 00:00:00,2500.0,3500.0,3100.0,360
Gujarat,Ahmedabad,Ahmedabad(Rajnagar sub yard),Mint(Pudina),Other,FAQ,2019-10-23 00:00:00,2000.0,3000.0,2600.0,360
Gujarat,Ahmedabad,Ahmedabad(Rajnagar sub yard),Mint(Pudina),Other,FAQ,2019-11-08 00:00:00,1000.0,3000.0,2100.0,360
Gujarat,Ahmedabad,Ahmedabad(Rajnagar sub yard),Mint(Pudina),Other,FAQ,2019-11-15 00:00:00,2000.0,2500.0,2300.0,360
Gujarat,Ahmedabad,Ahmedabad(Rajnagar sub yard),Mint(Pudina),Other,FAQ,2019-12-03 00:00:00,1000.0,2000.0,1600.0,360
Gujarat,Ahmedabad,Ahmedabad(Rajnagar sub yard),Mint(Pudina),Other,FAQ,2019-12-07 00:00:00,1000.0,2000.0,1600.0,360
Gujarat,Ahmedabad,Ahmedabad(Rajnagar sub yard),Mint(Pudina),Other,FAQ,2019-12-09 00:00:00,1000.0,2000.0,1600.0,360
Gujarat,Ahmedabad,Ahmedabad(Rajnagar sub yard),Mint(Pudina),Other,FAQ,2019-12-16 00:00:00,1500.0,2000.0,1800.0,360
Gujarat,Ahmedabad,Ahmedabad(Rajnagar sub yard),Mint(Pudina),Other,FAQ,2019-12-17 00:00:00,1000.0,2000.0,1600.0,360
Gujarat,Ahmedabad,Ahmedabad(Rajnagar sub yard),Mint(Pudina),Other,FAQ,2019-12-20 00:00:00,800.0,1500.0,1200.0,360
Gujarat,Anand,"Petlad(Veg Yard, Petlad)",Mint(Pudina),Other,FAQ,2019-05-24 00:00:00,2500.0,3000.0,2750.0,360
Gujarat,Anand,"Petlad(Veg Yard, Petlad)",Mint(Pudina),Other,FAQ,2019-05-28 00:00:00,2500.0,3250.0,2875.0,360
Gujarat,Anand,"Petlad(Veg Yard, Petlad)",Mint(Pudina),Other,FAQ,2019-06-01 00:00:00,2500.0,3000.0,2750.0,360
Gujarat,Anand,"Petlad(Veg Yard, Petlad)",Mint(Pudina),Other,FAQ,2019-07-15 00:00:00,2500.0,3500.0,3000.0,360
Gujarat,Anand,"Petlad(Veg Yard, Petlad)",Mint(Pudina),Other,FAQ,2019-12-16 00:00:00,2000.0,3250.0,2625.0,360
Gujarat,Anand,"Petlad(Veg Yard, Petlad)",Mint(Pudina),Other,FAQ,2019-12-24 00:00:00,2000.0,2500.0,2250.0,360
Gujarat,Anand,"Petlad(Veg Yard, Petlad)",Mint(Pudina),Other,FAQ,2019-12-27 00:00:00,2000.0,2750.0,2375.0,360
Gujarat,Bharuch,Bharuch,Mint(Pudina),Other,FAQ,2019-01-02 00:00:00,1300.0,1600.0,1400.0,360
Gujarat,Bharuch,Bharuch,Mint(Pudina),Other,FAQ,2019-01-04 00:00:00,1300.0,1500.0,1400.0,360
Gujarat,Bharuch,Bharuch,Mint(Pudina),Other,FAQ,2019-02-20 00:00:00,1000.0,1300.0,1200.0,360
Gujarat,Bharuch,Bharuch,Mint(Pudina),Other,FAQ,2019-03-11 00:00:00,1300.0,1500.0,1400.0,360
Gujarat,Bharuch,Bharuch,Mint(Pudina),Other,FAQ,2019-03-29 00:00:00,1500.0,1750.0,1700.0,360
Gujarat,Bharuch,Bharuch,Mint(Pudina),Other,FAQ,2019-07-20 00:00:00,1500.0,2000.0,1700.0,360
Gujarat,Bharuch,Bharuch,Mint(Pudina),Other,FAQ,2019-10-21 00:00:00,1300.0,1650.0,1500.0,360
Gujarat,Bharuch,Bharuch,Mint(Pudina),Other,FAQ,2019-11-02 00:00:00,1300.0,1650.0,1500.0,360
Gujarat,Dahod,Dahod(Veg. Market),Mint(Pudina),Mint(Pudina),FAQ,2019-01-06 00:00:00,2500.0,4000.0,3000.0,360
Gujarat,Dahod,Dahod(Veg. Market),Mint(Pudina),Mint(Pudina),FAQ,2019-01-07 00:00:00,2500.0,4000.0,3500.0,360
Gujarat,Dahod,Dahod(Veg. Market),Mint(Pudina),Mint(Pudina),FAQ,2019-01-18 00:00:00,3000.0,4000.0,3500.0,360
Gujarat,Dahod,Dahod(Veg. Market),Mint(Pudina),Mint(Pudina),FAQ,2019-01-27 00:00:00,2000.0,3000.0,2500.0,360
Gujarat,Dahod,Dahod(Veg. Market),Mint(Pudina),Mint(Pudina),FAQ,2019-01-28 00:00:00,1500.0,4000.0,3000.0,360
Gujarat,Dahod,Dahod(Veg. Market),Mint(Pudina),Mint(Pudina),FAQ,2019-02-01 00:00:00,2000.0,3000.0,2500.0,360
Gujarat,Dahod,Dahod(Veg. Market),Mint(Pudina),Mint(Pudina),FAQ,2019-02-07 00:00:00,2000.0,3000.0,2500.0,360
Gujarat,Dahod,Dahod(Veg. Market),Mint(Pudina),Mint(Pudina),FAQ,2019-02-16 00:00:00,3000.0,4000.0,3500.0,360
Gujarat,Dahod,Dahod(Veg. Market),Mint(Pudina),Mint(Pudina),FAQ,2019-02-21 00:00:00,1500.0,3000.0,2500.0,360
Gujarat,Dahod,Dahod(Veg. Market),Mint(Pudina),Mint(Pudina),FAQ,2019-03-08 00:00:00,1500.0,2500.0,2000.0,360
Gujarat,Dahod,Dahod(Veg. Market),Mint(Pudina),Mint(Pudina),FAQ,2019-03-16 00:00:00,1500.0,2000.0,1800.0,360
Gujarat,Dahod,Dahod(Veg. Market),Mint(Pudina),Mint(Pudina),FAQ,2019-03-30 00:00:00,1500.0,2000.0,2000.0,360
Gujarat,Dahod,Dahod(Veg. Market),Mint(Pudina),Mint(Pudina),FAQ,2019-03-31 00:00:00,2000.0,4000.0,3000.0,360
Gujarat,Dahod,Dahod(Veg. Market),Mint(Pudina),Mint(Pudina),FAQ,2019-04-08 00:00:00,3000.0,4000.0,3500.0,360
Gujarat,Dahod,Dahod(Veg. Market),Mint(Pudina),Mint(Pudina),FAQ,2019-04-10 00:00:00,2000.0,4000.0,3000.0,360
Gujarat,Dahod,Dahod(Veg. Market),Mint(Pudina),Mint(Pudina),FAQ,2019-04-18 00:00:00,2000.0,3000.0,2500.0,360
Gujarat,Dahod,Dahod(Veg. Market),Mint(Pudina),Mint(Pudina),FAQ,2019-05-02 00:00:00,3000.0,4000.0,3500.0,360
Gujarat,Dahod,Dahod(Veg. Market),Mint(Pudina),Mint(Pudina),FAQ,2019-05-04 00:00:00,3000.0,4000.0,3500.0,360
Gujarat,Dahod,Dahod(Veg. Market),Mint(Pudina),Mint(Pudina),FAQ,2019-05-05 00:00:00,2000.0,4000.0,2500.0,360
Gujarat,Dahod,Dahod(Veg. Market),Mint(Pudina),Mint(Pudina),FAQ,2019-05-12 00:00:00,2000.0,3000.0,2500.0,360
Gujarat,Dahod,Dahod(Veg. Market),Mint(Pudina),Mint(Pudina),FAQ,2019-05-13 00:00:00,2000.0,3000.0,2500.0,360
Gujarat,Dahod,Dahod(Veg. Market),Mint(Pudina),Mint(Pudina),FAQ,2019-05-24 00:00:00,2000.0,3000.0,2500.0,360
Gujarat,Dahod,Dahod(Veg. Market),Mint(Pudina),Mint(Pudina),FAQ,2019-05-27 00:00:00,2500.0,4000.0,3500.0,360
Gujarat,Dahod,Dahod(Veg. Market),Mint(Pudina),Mint(Pudina),FAQ,2019-06-02 00:00:00,2000.0,4000.0,3000.0,360
Gujarat,Dahod,Dahod(Veg. Market),Mint(Pudina),Mint(Pudina),FAQ,2019-06-04 00:00:00,2000.0,4000.0,3500.0,360
Gujarat,Dahod,Dahod(Veg. Market),Mint(Pudina),Mint(Pudina),FAQ,2019-06-13 00:00:00,2500.0,4000.0,3500.0,360
Gujarat,Dahod,Dahod(Veg. Market),Mint(Pudina),Mint(Pudina),FAQ,2019-06-19 00:00:00,2500.0,4000.0,3500.0,360
Gujarat,Dahod,Dahod(Veg. Market),Mint(Pudina),Mint(Pudina),FAQ,2019-06-20 00:00:00,3000.0,4000.0,3500.0,360
Gujarat,Dahod,Dahod(Veg. Market),Mint(Pudina),Mint(Pudina),FAQ,2019-06-26 00:00:00,1500.0,4000.0,2500.0,360
Gujarat,Dahod,Dahod(Veg. Market),Mint(Pudina),Mint(Pudina),FAQ,2019-06-30 00:00:00,2500.0,4000.0,3500.0,360
Gujarat,Dahod,Dahod(Veg. Market),Mint(Pudina),Mint(Pudina),FAQ,2019-07-02 00:00:00,2000.0,3000.0,2700.0,360
Gujarat,Dahod,Dahod(Veg. Market),Mint(Pudina),Mint(Pudina),FAQ,2019-07-10 00:00:00,2000.0,3000.0,2800.0,360
Gujarat,Dahod,Dahod(Veg. Market),Mint(Pudina),Mint(Pudina),FAQ,2019-07-23 00:00:00,5000.0,6000.0,5000.0,360
Gujarat,Dahod,Dahod(Veg. Market),Mint(Pudina),Mint(Pudina),FAQ,2019-07-28 00:00:00,5000.0,6000.0,6000.0,360
Gujarat,Dahod,Dahod(Veg. Market),Mint(Pudina),Mint(Pudina),FAQ,2019-08-01 00:00:00,5000.0,6000.0,5500.0,360
Gujarat,Dahod,Dahod(Veg. Market),Mint(Pudina),Mint(Pudina),FAQ,2019-08-05 00:00:00,5000.0,6500.0,6000.0,360
Gujarat,Dahod,Dahod(Veg. Market),Mint(Pudina),Mint(Pudina),FAQ,2019-09-06 00:00:00,4000.0,8000.0,6000.0,360
Gujarat,Dahod,Dahod(Veg. Market),Mint(Pudina),Mint(Pudina),FAQ,2019-09-08 00:00:00,7500.0,12000.0,10000.0,360
Gujarat,Dahod,Dahod(Veg. Market),Mint(Pudina),Mint(Pudina),FAQ,2019-09-17 00:00:00,6000.0,8000.0,7000.0,360
Gujarat,Dahod,Dahod(Veg. Market),Mint(Pudina),Mint(Pudina),FAQ,2019-09-18 00:00:00,5000.0,8000.0,7000.0,360
Gujarat,Dahod,Dahod(Veg. Market),Mint(Pudina),Mint(Pudina),FAQ,2019-09-24 00:00:00,5000.0,6000.0,5250.0,360
Gujarat,Dahod,Dahod(Veg. Market),Mint(Pudina),Mint(Pudina),FAQ,2019-09-29 00:00:00,5000.0,6000.0,5500.0,360
Gujarat,Dahod,Dahod(Veg. Market),Mint(Pudina),Mint(Pudina),FAQ,2019-10-02 00:00:00,5000.0,6000.0,5500.0,360
Gujarat,Dahod,Dahod(Veg. Market),Mint(Pudina),Mint(Pudina),FAQ,2019-10-03 00:00:00,5000.0,6000.0,6000.0,360
Gujarat,Dahod,Dahod(Veg. Market),Mint(Pudina),Mint(Pudina),FAQ,2019-10-05 00:00:00,5000.0,7000.0,6000.0,360
Gujarat,Dahod,Dahod(Veg. Market),Mint(Pudina),Mint(Pudina),FAQ,2019-10-11 00:00:00,5000.0,6000.0,5500.0,360
Gujarat,Dahod,Dahod(Veg. Market),Mint(Pudina),Mint(Pudina),FAQ,2019-10-23 00:00:00,4000.0,6000.0,5000.0,360
Gujarat,Dahod,Dahod(Veg. Market),Mint(Pudina),Mint(Pudina),FAQ,2019-10-27 00:00:00,5000.0,6000.0,5500.0,360
Gujarat,Dahod,Dahod(Veg. Market),Mint(Pudina),Mint(Pudina),FAQ,2019-11-06 00:00:00,7500.0,9000.0,9000.0,360
Gujarat,Dahod,Dahod(Veg. Market),Mint(Pudina),Mint(Pudina),FAQ,2019-11-09 00:00:00,6500.0,10000.0,8000.0,360
Gujarat,Dahod,Dahod(Veg. Market),Mint(Pudina),Mint(Pudina),FAQ,2019-12-01 00:00:00,3000.0,6000.0,5000.0,360
Gujarat,Dahod,Dahod(Veg. Market),Mint(Pudina),Mint(Pudina),FAQ,2019-12-13 00:00:00,2500.0,5000.0,4000.0,360
Gujarat,Dahod,Dahod(Veg. Market),Mint(Pudina),Mint(Pudina),FAQ,2019-12-14 00:00:00,2500.0,4000.0,3000.0,360
Gujarat,Dahod,Dahod(Veg. Market),Mint(Pudina),Mint(Pudina),FAQ,2019-12-16 00:00:00,2500.0,4000.0,3500.0,360
Gujarat,Dahod,Dahod(Veg. Market),Mint(Pudina),Mint(Pudina),FAQ,2019-12-21 00:00:00,2500.0,4000.0,3000.0,360
Gujarat,Dahod,Dahod(Veg. Market),Mint(Pudina),Mint(Pudina),FAQ,2019-12-22 00:00:00,2500.0,4000.0,3000.0,360
Gujarat,Dahod,Dahod(Veg. Market),Mint(Pudina),Mint(Pudina),FAQ,2019-12-23 00:00:00,1500.0,3000.0,2500.0,360
Gujarat,Dahod,Dahod(Veg. Market),Mint(Pudina),Mint(Pudina),FAQ,2019-12-26 00:00:00,2000.0,3000.0,2500.0,360
Gujarat,Dahod,Dahod(Veg. Market),Mint(Pudina),Mint(Pudina),FAQ,2019-12-27 00:00:00,1500.0,4000.0,3000.0,360
Gujarat,Dahod,Dahod(Veg. Market),Mint(Pudina),Mint(Pudina),FAQ,2019-12-30 00:00:00,2000.0,3500.0,3000.0,360
Gujarat,Vadodara(Baroda),Padra,Mint(Pudina),Other,FAQ,2019-01-12 00:00:00,1400.0,1750.0,1600.0,360
Gujarat,Vadodara(Baroda),Padra,Mint(Pudina),Other,FAQ,2019-01-17 00:00:00,1750.0,2750.0,2400.0,360
Gujarat,Vadodara(Baroda),Padra,Mint(Pudina),Other,FAQ,2019-01-25 00:00:00,2000.0,2150.0,2100.0,360
Gujarat,Vadodara(Baroda),Padra,Mint(Pudina),Other,FAQ,2019-02-21 00:00:00,2500.0,3000.0,2700.0,360
Gujarat,Vadodara(Baroda),Padra,Mint(Pudina),Other,FAQ,2019-02-22 00:00:00,1500.0,2250.0,1850.0,360
Gujarat,Vadodara(Baroda),Padra,Mint(Pudina),Other,FAQ,2019-03-09 00:00:00,1500.0,2000.0,1700.0,360
Gujarat,Vadodara(Baroda),Padra,Mint(Pudina),Other,FAQ,2019-03-11 00:00:00,1750.0,2000.0,1800.0,360
Gujarat,Vadodara(Baroda),Padra,Mint(Pudina),Other,FAQ,2019-03-14 00:00:00,1500.0,2250.0,1950.0,360
Gujarat,Vadodara(Baroda),Padra,Mint(Pudina),Other,FAQ,2019-03-18 00:00:00,1500.0,1750.0,1600.0,360
Gujarat,Vadodara(Baroda),Padra,Mint(Pudina),Other,FAQ,2019-03-23 00:00:00,1500.0,1750.0,1600.0,360
Gujarat,Vadodara(Baroda),Vadodara(Sayajipura),Mint(Pudina),Other,FAQ,2019-01-08 00:00:00,2000.0,2500.0,2300.0,360
Gujarat,Vadodara(Baroda),Vadodara(Sayajipura),Mint(Pudina),Other,FAQ,2019-01-19 00:00:00,1500.0,2000.0,1800.0,360
Gujarat,Vadodara(Baroda),Vadodara(Sayajipura),Mint(Pudina),Other,FAQ,2019-01-22 00:00:00,1500.0,2000.0,1750.0,360
Gujarat,Vadodara(Baroda),Vadodara(Sayajipura),Mint(Pudina),Other,FAQ,2019-01-23 00:00:00,1500.0,2000.0,1750.0,360
Gujarat,Vadodara(Baroda),Vadodara(Sayajipura),Mint(Pudina),Other,FAQ,2019-02-01 00:00:00,1500.0,2000.0,1750.0,360
Gujarat,Vadodara(Baroda),Vadodara(Sayajipura),Mint(Pudina),Other,FAQ,2019-02-03 00:00:00,1500.0,2000.0,1750.0,360
Gujarat,Vadodara(Baroda),Vadodara(Sayajipura),Mint(Pudina),Other,FAQ,2019-02-08 00:00:00,1500.0,2000.0,1750.0,360
Gujarat,Vadodara(Baroda),Vadodara(Sayajipura),Mint(Pudina),Other,FAQ,2019-02-09 00:00:00,1500.0,2000.0,1750.0,360
Gujarat,Vadodara(Baroda),Vadodara(Sayajipura),Mint(Pudina),Other,FAQ,2019-02-14 00:00:00,1500.0,2000.0,1750.0,360
Gujarat,Vadodara(Baroda),Vadodara(Sayajipura),Mint(Pudina),Other,FAQ,2019-02-15 00:00:00,1500.0,2000.0,1750.0,360
Gujarat,Vadodara(Baroda),Vadodara(Sayajipura),Mint(Pudina),Other,FAQ,2019-03-09 00:00:00,1500.0,2000.0,1750.0,360
Gujarat,Vadodara(Baroda),Vadodara(Sayajipura),Mint(Pudina),Other,FAQ,2019-03-11 00:00:00,1500.0,2000.0,1750.0,360
Gujarat,Vadodara(Baroda),Vadodara(Sayajipura),Mint(Pudina),Other,FAQ,2019-03-28 00:00:00,1500.0,2000.0,1800.0,360
Gujarat,Vadodara(Baroda),Vadodara(Sayajipura),Mint(Pudina),Other,FAQ,2019-03-31 00:00:00,1500.0,2000.0,1800.0,360
Gujarat,Vadodara(Baroda),Vadodara(Sayajipura),Mint(Pudina),Other,FAQ,2019-04-16 00:00:00,1800.0,2500.0,2200.0,360
Gujarat,Vadodara(Baroda),Vadodara(Sayajipura),Mint(Pudina),Other,FAQ,2019-04-24 00:00:00,1500.0,2000.0,1800.0,360
Gujarat,Vadodara(Baroda),Vadodara(Sayajipura),Mint(Pudina),Other,FAQ,2019-04-27 00:00:00,1500.0,2000.0,1800.0,360
Gujarat,Vadodara(Baroda),Vadodara(Sayajipura),Mint(Pudina),Other,FAQ,2019-05-01 00:00:00,2000.0,2500.0,2300.0,360
Gujarat,Vadodara(Baroda),Vadodara(Sayajipura),Mint(Pudina),Other,FAQ,2019-05-05 00:00:00,1500.0,2000.0,1800.0,360
Gujarat,Vadodara(Baroda),Vadodara(Sayajipura),Mint(Pudina),Other,FAQ,2019-05-12 00:00:00,1500.0,2000.0,1800.0,360
Gujarat,Vadodara(Baroda),Vadodara(Sayajipura),Mint(Pudina),Other,FAQ,2019-05-17 00:00:00,2500.0,3000.0,2800.0,360
Gujarat,Vadodara(Baroda),Vadodara(Sayajipura),Mint(Pudina),Other,FAQ,2019-05-31 00:00:00,1500.0,2000.0,1800.0,360
Gujarat,Vadodara(Baroda),Vadodara(Sayajipura),Mint(Pudina),Other,FAQ,2019-06-05 00:00:00,1500.0,2000.0,1800.0,360
Gujarat,Vadodara(Baroda),Vadodara(Sayajipura),Mint(Pudina),Other,FAQ,2019-06-20 00:00:00,2000.0,2500.0,2300.0,360
Gujarat,Vadodara(Baroda),Vadodara(Sayajipura),Mint(Pudina),Other,FAQ,2019-06-24 00:00:00,2500.0,3000.0,2800.0,360
Gujarat,Vadodara(Baroda),Vadodara(Sayajipura),Mint(Pudina),Other,FAQ,2019-07-01 00:00:00,1500.0,2000.0,1800.0,360
Gujarat,Vadodara(Baroda),Vadodara(Sayajipura),Mint(Pudina),Other,FAQ,2019-07-06 00:00:00,3000.0,3500.0,3300.0,360
Gujarat,Vadodara(Baroda),Vadodara(Sayajipura),Mint(Pudina),Other,FAQ,2019-07-13 00:00:00,3000.0,3500.0,3300.0,360
Gujarat,Vadodara(Baroda),Vadodara(Sayajipura),Mint(Pudina),Other,FAQ,2019-07-14 00:00:00,3000.0,3500.0,3300.0,360
Gujarat,Vadodara(Baroda),Vadodara(Sayajipura),Mint(Pudina),Other,FAQ,2019-07-20 00:00:00,7000.0,8000.0,7550.0,360
Gujarat,Vadodara(Baroda),Vadodara(Sayajipura),Mint(Pudina),Other,FAQ,2019-07-22 00:00:00,5000.0,6000.0,5550.0,360
Gujarat,Vadodara(Baroda),Vadodara(Sayajipura),Mint(Pudina),Other,FAQ,2019-08-03 00:00:00,4000.0,5000.0,4550.0,360
Gujarat,Vadodara(Baroda),Vadodara(Sayajipura),Mint(Pudina),Other,FAQ,2019-08-06 00:00:00,5000.0,6000.0,5550.0,360
Gujarat,Vadodara(Baroda),Vadodara(Sayajipura),Mint(Pudina),Other,FAQ,2019-08-10 00:00:00,4500.0,5000.0,4800.0,360
Gujarat,Vadodara(Baroda),Vadodara(Sayajipura),Mint(Pudina),Other,FAQ,2019-08-11 00:00:00,4500.0,5000.0,4800.0,360
Gujarat,Vadodara(Baroda),Vadodara(Sayajipura),Mint(Pudina),Other,FAQ,2019-08-22 00:00:00,5000.0,6000.0,5505.0,360
Gujarat,Vadodara(Baroda),Vadodara(Sayajipura),Mint(Pudina),Other,FAQ,2019-09-02 00:00:00,4000.0,5000.0,4550.0,360
Gujarat,Vadodara(Baroda),Vadodara(Sayajipura),Mint(Pudina),Other,FAQ,2019-09-04 00:00:00,4000.0,5000.0,4550.0,360
Gujarat,Vadodara(Baroda),Vadodara(Sayajipura),Mint(Pudina),Other,FAQ,2019-09-20 00:00:00,3000.0,3500.0,3300.0,360
Gujarat,Vadodara(Baroda),Vadodara(Sayajipura),Mint(Pudina),Other,FAQ,2019-09-25 00:00:00,4000.0,4500.0,4300.0,360
Gujarat,Vadodara(Baroda),Vadodara(Sayajipura),Mint(Pudina),Other,FAQ,2019-10-04 00:00:00,3000.0,3500.0,3300.0,360
Gujarat,Vadodara(Baroda),Vadodara(Sayajipura),Mint(Pudina),Other,FAQ,2019-11-01 00:00:00,3000.0,3500.0,3300.0,360
Gujarat,Vadodara(Baroda),Vadodara(Sayajipura),Mint(Pudina),Other,FAQ,2019-11-16 00:00:00,2300.0,2500.0,2450.0,360
Gujarat,Vadodara(Baroda),Vadodara(Sayajipura),Mint(Pudina),Other,FAQ,2019-11-23 00:00:00,2500.0,3000.0,2800.0,360
Gujarat,Vadodara(Baroda),Vadodara(Sayajipura),Mint(Pudina),Other,FAQ,2019-12-06 00:00:00,2000.0,2500.0,2200.0,360
Gujarat,Vadodara(Baroda),Vadodara(Sayajipura),Mint(Pudina),Other,FAQ,2019-12-11 00:00:00,1400.0,1800.0,1500.0,360
Gujarat,Vadodara(Baroda),Vadodara(Sayajipura),Mint(Pudina),Other,FAQ,2019-12-15 00:00:00,1300.0,1600.0,1500.0,360
Gujarat,Vadodara(Baroda),Vadodara(Sayajipura),Mint(Pudina),Other,FAQ,2019-12-17 00:00:00,1300.0,1500.0,1400.0,360
Gujarat,Dahod,Dahod(Veg. Market),Mint(Pudina),Mint(Pudina),FAQ,2018-08-23 00:00:00,5000.0,8000.0,7000.0,360
Gujarat,Dahod,Dahod(Veg. Market),Mint(Pudina),Mint(Pudina),FAQ,2018-08-31 00:00:00,5000.0,8000.0,7000.0,360
Gujarat,Dahod,Dahod(Veg. Market),Mint(Pudina),Mint(Pudina),FAQ,2018-09-03 00:00:00,7000.0,10000.0,9000.0,360
Gujarat,Dahod,Dahod(Veg. Market),Mint(Pudina),Mint(Pudina),FAQ,2018-09-05 00:00:00,7000.0,7500.0,7250.0,360
Gujarat,Dahod,Dahod(Veg. Market),Mint(Pudina),Mint(Pudina),FAQ,2018-09-08 00:00:00,7000.0,10000.0,8500.0,360
Gujarat,Dahod,Dahod(Veg. Market),Mint(Pudina),Mint(Pudina),FAQ,2018-09-10 00:00:00,9000.0,11000.0,10000.0,360
Gujarat,Dahod,Dahod(Veg. Market),Mint(Pudina),Mint(Pudina),FAQ,2018-09-11 00:00:00,7000.0,9000.0,8000.0,360
Gujarat,Dahod,Dahod(Veg. Market),Mint(Pudina),Mint(Pudina),FAQ,2018-09-13 00:00:00,10000.0,11000.0,10500.0,360
Gujarat,Dahod,Dahod(Veg. Market),Mint(Pudina),Mint(Pudina),FAQ,2018-09-15 00:00:00,3000.0,6000.0,4000.0,360
Gujarat,Dahod,Dahod(Veg. Market),Mint(Pudina),Mint(Pudina),FAQ,2018-09-16 00:00:00,5000.0,8000.0,7000.0,360
Gujarat,Dahod,Dahod(Veg. Market),Mint(Pudina),Mint(Pudina),FAQ,2018-09-17 00:00:00,7000.0,10000.0,8000.0,360
Gujarat,Dahod,Dahod(Veg. Market),Mint(Pudina),Mint(Pudina),FAQ,2018-09-25 00:00:00,6000.0,10000.0,7000.0,360
Gujarat,Dahod,Dahod(Veg. Market),Mint(Pudina),Mint(Pudina),FAQ,2018-09-28 00:00:00,3000.0,4000.0,3500.0,360
Gujarat,Dahod,Dahod(Veg. Market),Mint(Pudina),Mint(Pudina),FAQ,2018-10-04 00:00:00,8000.0,10000.0,9000.0,360
Gujarat,Dahod,Dahod(Veg. Market),Mint(Pudina),Mint(Pudina),FAQ,2018-10-07 00:00:00,4000.0,6000.0,5000.0,360
Gujarat,Dahod,Dahod(Veg. Market),Mint(Pudina),Mint(Pudina),FAQ,2018-10-20 00:00:00,4000.0,5000.0,4500.0,360
Gujarat,Dahod,Dahod(Veg. Market),Mint(Pudina),Mint(Pudina),FAQ,2018-10-21 00:00:00,4000.0,5000.0,4500.0,360
Gujarat,Dahod,Dahod(Veg. Market),Mint(Pudina),Mint(Pudina),FAQ,2018-10-22 00:00:00,4000.0,6000.0,5000.0,360
Gujarat,Dahod,Dahod(Veg. Market),Mint(Pudina),Mint(Pudina),FAQ,2018-10-23 00:00:00,3000.0,5000.0,4000.0,360
Gujarat,Dahod,Dahod(Veg. Market),Mint(Pudina),Mint(Pudina),FAQ,2018-10-26 00:00:00,4000.0,6000.0,5000.0,360
Gujarat,Dahod,Dahod(Veg. Market),Mint(Pudina),Mint(Pudina),FAQ,2018-10-27 00:00:00,3000.0,5000.0,4000.0,360
Gujarat,Dahod,Dahod(Veg. Market),Mint(Pudina),Mint(Pudina),FAQ,2018-11-04 00:00:00,1500.0,3500.0,3000.0,360
Gujarat,Dahod,Dahod(Veg. Market),Mint(Pudina),Mint(Pudina),FAQ,2018-11-09 00:00:00,2000.0,4000.0,3500.0,360
Gujarat,Dahod,Dahod(Veg. Market),Mint(Pudina),Mint(Pudina),FAQ,2018-11-10 00:00:00,2000.0,4000.0,3000.0,360
Gujarat,Dahod,Dahod(Veg. Market),Mint(Pudina),Mint(Pudina),FAQ,2018-11-12 00:00:00,2000.0,4000.0,3000.0,360
Gujarat,Dahod,Dahod(Veg. Market),Mint(Pudina),Mint(Pudina),FAQ,2018-11-13 00:00:00,2000.0,4500.0,4000.0,360
Gujarat,Dahod,Dahod(Veg. Market),Mint(Pudina),Mint(Pudina),FAQ,2018-11-22 00:00:00,2000.0,4000.0,3000.0,360
Gujarat,Dahod,Dahod(Veg. Market),Mint(Pudina),Mint(Pudina),FAQ,2018-11-30 00:00:00,2500.0,5000.0,4000.0,360
Gujarat,Dahod,Dahod(Veg. Market),Mint(Pudina),Mint(Pudina),FAQ,2018-12-04 00:00:00,2500.0,4500.0,3500.0,360
Gujarat,Dahod,Dahod(Veg. Market),Mint(Pudina),Mint(Pudina),FAQ,2018-12-08 00:00:00,2000.0,3000.0,2500.0,360
Gujarat,Dahod,Dahod(Veg. Market),Mint(Pudina),Mint(Pudina),FAQ,2018-12-14 00:00:00,2000.0,4000.0,3000.0,360
Gujarat,Dahod,Dahod(Veg. Market),Mint(Pudina),Mint(Pudina),FAQ,2018-12-15 00:00:00,2500.0,5000.0,4000.0,360
Gujarat,Dahod,Dahod(Veg. Market),Mint(Pudina),Mint(Pudina),FAQ,2018-12-24 00:00:00,3500.0,6000.0,5000.0,360
Gujarat,Dahod,Dahod(Veg. Market),Mint(Pudina),Mint(Pudina),FAQ,2018-12-26 00:00:00,2500.0,5000.0,3500.0,360
Gujarat,Dahod,Dahod(Veg. Market),Mint(Pudina),Mint(Pudina),FAQ,2018-12-28 00:00:00,2500.0,4000.0,3000.0,360
Gujarat,Vadodara(Baroda),Padra,Mint(Pudina),Other,FAQ,2018-09-27 00:00:00,1500.0,1750.0,1600.0,360
Gujarat,Vadodara(Baroda),Padra,Mint(Pudina),Other,FAQ,2018-10-12 00:00:00,2000.0,2500.0,2300.0,360
Gujarat,Vadodara(Baroda),Padra,Mint(Pudina),Other,FAQ,2018-11-13 00:00:00,1750.0,2250.0,2000.0,360
Gujarat,Vadodara(Baroda),Padra,Mint(Pudina),Other,FAQ,2018-12-13 00:00:00,1000.0,1900.0,1500.0,360
Gujarat,Vadodara(Baroda),Vadodara(Sayajipura),Mint(Pudina),Other,FAQ,2018-01-08 00:00:00,1300.0,1500.0,1400.0,360
Gujarat,Vadodara(Baroda),Vadodara(Sayajipura),Mint(Pudina),Other,FAQ,2018-02-09 00:00:00,400.0,600.0,500.0,360
Gujarat,Vadodara(Baroda),Vadodara(Sayajipura),Mint(Pudina),Other,FAQ,2018-02-11 00:00:00,1000.0,1500.0,1250.0,360
Gujarat,Vadodara(Baroda),Vadodara(Sayajipura),Mint(Pudina),Other,FAQ,2018-02-19 00:00:00,1500.0,2000.0,1750.0,360
Gujarat,Vadodara(Baroda),Vadodara(Sayajipura),Mint(Pudina),Other,FAQ,2018-02-24 00:00:00,1300.0,1500.0,1400.0,360
Gujarat,Vadodara(Baroda),Vadodara(Sayajipura),Mint(Pudina),Other,FAQ,2018-02-25 00:00:00,1300.0,1500.0,1400.0,360
Gujarat,Vadodara(Baroda),Vadodara(Sayajipura),Mint(Pudina),Other,FAQ,2018-03-08 00:00:00,1500.0,2000.0,1750.0,360
Gujarat,Vadodara(Baroda),Vadodara(Sayajipura),Mint(Pudina),Other,FAQ,2018-03-11 00:00:00,1500.0,2000.0,1750.0,360
Gujarat,Vadodara(Baroda),Vadodara(Sayajipura),Mint(Pudina),Other,FAQ,2018-03-14 00:00:00,1000.0,1500.0,1250.0,360
Gujarat,Vadodara(Baroda),Vadodara(Sayajipura),Mint(Pudina),Other,FAQ,2018-03-19 00:00:00,1200.0,2000.0,1625.0,360
Gujarat,Vadodara(Baroda),Vadodara(Sayajipura),Mint(Pudina),Other,FAQ,2018-03-20 00:00:00,1200.0,1500.0,1375.0,360
Gujarat,Vadodara(Baroda),Vadodara(Sayajipura),Mint(Pudina),Other,FAQ,2018-03-22 00:00:00,1200.0,1500.0,1375.0,360
Gujarat,Vadodara(Baroda),Vadodara(Sayajipura),Mint(Pudina),Other,FAQ,2018-04-09 00:00:00,1500.0,2000.0,1775.0,360
Gujarat,Vadodara(Baroda),Vadodara(Sayajipura),Mint(Pudina),Other,FAQ,2018-04-19 00:00:00,1500.0,2000.0,1750.0,360
Gujarat,Vadodara(Baroda),Vadodara(Sayajipura),Mint(Pudina),Other,FAQ,2018-04-20 00:00:00,1500.0,2000.0,1750.0,360
Gujarat,Vadodara(Baroda),Vadodara(Sayajipura),Mint(Pudina),Other,FAQ,2018-05-01 00:00:00,1000.0,1200.0,1150.0,360
Gujarat,Vadodara(Baroda),Vadodara(Sayajipura),Mint(Pudina),Other,FAQ,2018-05-02 00:00:00,1200.0,1500.0,1400.0,360
Gujarat,Vadodara(Baroda),Vadodara(Sayajipura),Mint(Pudina),Other,FAQ,2018-05-06 00:00:00,1200.0,1500.0,1400.0,360
Gujarat,Vadodara(Baroda),Vadodara(Sayajipura),Mint(Pudina),Other,FAQ,2018-05-09 00:00:00,1500.0,2000.0,1800.0,360
Gujarat,Vadodara(Baroda),Vadodara(Sayajipura),Mint(Pudina),Other,FAQ,2018-05-14 00:00:00,1400.0,1800.0,1650.0,360
Gujarat,Vadodara(Baroda),Vadodara(Sayajipura),Mint(Pudina),Other,FAQ,2018-05-21 00:00:00,2000.0,2500.0,2300.0,360
Gujarat,Vadodara(Baroda),Vadodara(Sayajipura),Mint(Pudina),Other,FAQ,2018-05-28 00:00:00,1700.0,2200.0,1975.0,360
Gujarat,Vadodara(Baroda),Vadodara(Sayajipura),Mint(Pudina),Other,FAQ,2018-05-30 00:00:00,1800.0,2000.0,1900.0,360
Gujarat,Vadodara(Baroda),Vadodara(Sayajipura),Mint(Pudina),Other,FAQ,2018-06-29 00:00:00,2000.0,2200.0,2150.0,360
Gujarat,Vadodara(Baroda),Vadodara(Sayajipura),Mint(Pudina),Other,FAQ,2018-07-07 00:00:00,2000.0,2200.0,2150.0,360
Gujarat,Vadodara(Baroda),Vadodara(Sayajipura),Mint(Pudina),Other,FAQ,2018-07-10 00:00:00,2000.0,2200.0,2150.0,360
Gujarat,Vadodara(Baroda),Vadodara(Sayajipura),Mint(Pudina),Other,FAQ,2018-07-18 00:00:00,1500.0,2000.0,1800.0,360
Gujarat,Vadodara(Baroda),Vadodara(Sayajipura),Mint(Pudina),Other,FAQ,2018-07-19 00:00:00,1500.0,2000.0,1800.0,360
Gujarat,Vadodara(Baroda),Vadodara(Sayajipura),Mint(Pudina),Other,FAQ,2018-07-24 00:00:00,2000.0,2200.0,2150.0,360
Gujarat,Vadodara(Baroda),Vadodara(Sayajipura),Mint(Pudina),Other,FAQ,2018-07-26 00:00:00,2500.0,3000.0,2800.0,360
Gujarat,Vadodara(Baroda),Vadodara(Sayajipura),Mint(Pudina),Other,FAQ,2018-07-29 00:00:00,2000.0,2200.0,2150.0,360
Gujarat,Vadodara(Baroda),Vadodara(Sayajipura),Mint(Pudina),Other,FAQ,2018-08-05 00:00:00,3500.0,4000.0,3800.0,360
Gujarat,Vadodara(Baroda),Vadodara(Sayajipura),Mint(Pudina),Other,FAQ,2018-08-06 00:00:00,3500.0,4000.0,3800.0,360
Gujarat,Vadodara(Baroda),Vadodara(Sayajipura),Mint(Pudina),Other,FAQ,2018-08-08 00:00:00,3500.0,4000.0,3800.0,360
Gujarat,Vadodara(Baroda),Vadodara(Sayajipura),Mint(Pudina),Other,FAQ,2018-08-13 00:00:00,3000.0,3500.0,3250.0,360
Gujarat,Vadodara(Baroda),Vadodara(Sayajipura),Mint(Pudina),Other,FAQ,2018-08-20 00:00:00,2500.0,3000.0,2800.0,360
Gujarat,Vadodara(Baroda),Vadodara(Sayajipura),Mint(Pudina),Other,FAQ,2018-08-21 00:00:00,2500.0,3000.0,2800.0,360
Gujarat,Vadodara(Baroda),Vadodara(Sayajipura),Mint(Pudina),Other,FAQ,2018-08-24 00:00:00,2000.0,2500.0,2300.0,360
Gujarat,Vadodara(Baroda),Vadodara(Sayajipura),Mint(Pudina),Other,FAQ,2018-09-03 00:00:00,2500.0,3000.0,2800.0,360
Gujarat,Vadodara(Baroda),Vadodara(Sayajipura),Mint(Pudina),Other,FAQ,2018-09-06 00:00:00,2500.0,3000.0,2775.0,360
Gujarat,Vadodara(Baroda),Vadodara(Sayajipura),Mint(Pudina),Other,FAQ,2018-10-03 00:00:00,1500.0,2000.0,1800.0,360
Gujarat,Vadodara(Baroda),Vadodara(Sayajipura),Mint(Pudina),Other,FAQ,2018-10-10 00:00:00,1500.0,2000.0,1800.0,360
Gujarat,Vadodara(Baroda),Vadodara(Sayajipura),Mint(Pudina),Other,FAQ,2018-10-16 00:00:00,1500.0,2000.0,1800.0,360
Gujarat,Vadodara(Baroda),Vadodara(Sayajipura),Mint(Pudina),Other,FAQ,2018-10-31 00:00:00,2000.0,2500.0,2300.0,360
Gujarat,Vadodara(Baroda),Vadodara(Sayajipura),Mint(Pudina),Other,FAQ,2018-11-26 00:00:00,1500.0,2000.0,1800.0,360
Gujarat,Vadodara(Baroda),Vadodara(Sayajipura),Mint(Pudina),Other,FAQ,2018-11-30 00:00:00,1500.0,2000.0,1800.0,360
Gujarat,Vadodara(Baroda),Vadodara(Sayajipura),Mint(Pudina),Other,FAQ,2018-12-14 00:00:00,1500.0,2000.0,1800.0,360
Gujarat,Vadodara(Baroda),Vadodara(Sayajipura),Mint(Pudina),Other,FAQ,2018-12-15 00:00:00,1500.0,2000.0,1800.0,360
Gujarat,Vadodara(Baroda),Vadodara(Sayajipura),Mint(Pudina),Other,FAQ,2018-12-21 00:00:00,1500.0,2000.0,1800.0,360
Gujarat,Vadodara(Baroda),Vadodara(Sayajipura),Mint(Pudina),Other,FAQ,2018-12-23 00:00:00,1500.0,2000.0,1800.0,360
Gujarat,Vadodara(Baroda),Vadodara(Sayajipura),Mint(Pudina),Other,FAQ,2018-12-28 00:00:00,500.0,600.0,550.0,360
Gujarat,Vadodara(Baroda),Vadodara(Sayajipura),Mint(Pudina),Other,FAQ,2018-12-30 00:00:00,3000.0,4000.0,3550.0,360
Gujarat,Ahmedabad,Ahmedabad(Rajnagar sub yard),Mint(Pudina),Other,FAQ,2018-01-01 00:00:00,1000.0,2000.0,1600.0,360
Gujarat,Ahmedabad,Ahmedabad(Rajnagar sub yard),Mint(Pudina),Other,FAQ,2018-01-06 00:00:00,1000.0,1500.0,1350.0,360
Gujarat,Ahmedabad,Ahmedabad(Rajnagar sub yard),Mint(Pudina),Other,FAQ,2018-01-09 00:00:00,1000.0,1500.0,1350.0,360
Gujarat,Ahmedabad,Ahmedabad(Rajnagar sub yard),Mint(Pudina),Other,FAQ,2018-01-23 00:00:00,500.0,1200.0,950.0,360
Gujarat,Ahmedabad,Ahmedabad(Rajnagar sub yard),Mint(Pudina),Other,FAQ,2018-01-27 00:00:00,500.0,1200.0,900.0,360
Gujarat,Ahmedabad,Ahmedabad(Rajnagar sub yard),Mint(Pudina),Other,FAQ,2018-01-29 00:00:00,500.0,1000.0,800.0,360
Gujarat,Ahmedabad,Ahmedabad(Rajnagar sub yard),Mint(Pudina),Other,FAQ,2018-02-16 00:00:00,700.0,1250.0,1025.0,360
Gujarat,Ahmedabad,Ahmedabad(Rajnagar sub yard),Mint(Pudina),Other,FAQ,2018-02-19 00:00:00,900.0,1300.0,1200.0,360
Gujarat,Ahmedabad,Ahmedabad(Rajnagar sub yard),Mint(Pudina),Other,FAQ,2018-02-21 00:00:00,500.0,800.0,700.0,360
Gujarat,Ahmedabad,Ahmedabad(Rajnagar sub yard),Mint(Pudina),Other,FAQ,2018-03-01 00:00:00,500.0,1000.0,800.0,360
Gujarat,Ahmedabad,Ahmedabad(Rajnagar sub yard),Mint(Pudina),Other,FAQ,2018-03-06 00:00:00,500.0,1200.0,900.0,360
Gujarat,Ahmedabad,Ahmedabad(Rajnagar sub yard),Mint(Pudina),Other,FAQ,2018-03-20 00:00:00,500.0,700.0,625.0,360
Gujarat,Ahmedabad,Ahmedabad(Rajnagar sub yard),Mint(Pudina),Other,FAQ,2018-03-28 00:00:00,500.0,800.0,700.0,360
Gujarat,Ahmedabad,Ahmedabad(Rajnagar sub yard),Mint(Pudina),Other,FAQ,2018-04-11 00:00:00,700.0,1000.0,850.0,360
Gujarat,Ahmedabad,Ahmedabad(Rajnagar sub yard),Mint(Pudina),Other,FAQ,2018-04-23 00:00:00,500.0,1000.0,800.0,360
Gujarat,Ahmedabad,Ahmedabad(Rajnagar sub yard),Mint(Pudina),Other,FAQ,2018-04-26 00:00:00,500.0,1000.0,800.0,360
Gujarat,Ahmedabad,Ahmedabad(Rajnagar sub yard),Mint(Pudina),Other,FAQ,2018-05-24 00:00:00,600.0,1250.0,1000.0,360
Gujarat,Ahmedabad,Ahmedabad(Rajnagar sub yard),Mint(Pudina),Other,FAQ,2018-05-29 00:00:00,700.0,1500.0,1100.0,360
Gujarat,Ahmedabad,Ahmedabad(Rajnagar sub yard),Mint(Pudina),Other,FAQ,2018-06-04 00:00:00,500.0,1000.0,800.0,360
Gujarat,Ahmedabad,Ahmedabad(Rajnagar sub yard),Mint(Pudina),Other,FAQ,2018-06-08 00:00:00,500.0,1000.0,800.0,360
Gujarat,Ahmedabad,Ahmedabad(Rajnagar sub yard),Mint(Pudina),Other,FAQ,2018-06-12 00:00:00,1000.0,2000.0,1600.0,360
Gujarat,Ahmedabad,Ahmedabad(Rajnagar sub yard),Mint(Pudina),Other,FAQ,2018-06-18 00:00:00,1000.0,2000.0,1600.0,360
Gujarat,Ahmedabad,Ahmedabad(Rajnagar sub yard),Mint(Pudina),Other,FAQ,2018-06-23 00:00:00,1200.0,2000.0,1700.0,360
Gujarat,Ahmedabad,Ahmedabad(Rajnagar sub yard),Mint(Pudina),Other,FAQ,2018-06-25 00:00:00,1200.0,1800.0,1600.0,360
Gujarat,Ahmedabad,Ahmedabad(Rajnagar sub yard),Mint(Pudina),Other,FAQ,2018-06-29 00:00:00,1000.0,1250.0,1150.0,360
Gujarat,Ahmedabad,Ahmedabad(Rajnagar sub yard),Mint(Pudina),Other,FAQ,2018-07-05 00:00:00,1250.0,1500.0,1400.0,360
Gujarat,Ahmedabad,Ahmedabad(Rajnagar sub yard),Mint(Pudina),Other,FAQ,2018-07-10 00:00:00,1000.0,2000.0,1600.0,360
Gujarat,Ahmedabad,Ahmedabad(Rajnagar sub yard),Mint(Pudina),Other,FAQ,2018-07-11 00:00:00,1000.0,1500.0,1300.0,360
Gujarat,Ahmedabad,Ahmedabad(Rajnagar sub yard),Mint(Pudina),Other,FAQ,2018-07-24 00:00:00,1500.0,2000.0,1800.0,360
Gujarat,Ahmedabad,Ahmedabad(Rajnagar sub yard),Mint(Pudina),Other,FAQ,2018-07-30 00:00:00,500.0,2000.0,1350.0,360
Gujarat,Ahmedabad,Ahmedabad(Rajnagar sub yard),Mint(Pudina),Other,FAQ,2018-08-02 00:00:00,1250.0,2000.0,1700.0,360
Gujarat,Ahmedabad,Ahmedabad(Rajnagar sub yard),Mint(Pudina),Other,FAQ,2018-08-21 00:00:00,2000.0,3000.0,2600.0,360
Gujarat,Ahmedabad,Ahmedabad(Rajnagar sub yard),Mint(Pudina),Other,FAQ,2018-08-23 00:00:00,800.0,1500.0,1200.0,360
Gujarat,Ahmedabad,Ahmedabad(Rajnagar sub yard),Mint(Pudina),Other,FAQ,2018-08-29 00:00:00,1250.0,2000.0,1700.0,360
Gujarat,Ahmedabad,Ahmedabad(Rajnagar sub yard),Mint(Pudina),Other,FAQ,2018-09-08 00:00:00,1250.0,2000.0,1800.0,360
Gujarat,Ahmedabad,Ahmedabad(Rajnagar sub yard),Mint(Pudina),Other,FAQ,2018-09-10 00:00:00,1000.0,1500.0,1300.0,360
Gujarat,Ahmedabad,Ahmedabad(Rajnagar sub yard),Mint(Pudina),Other,FAQ,2018-09-12 00:00:00,1500.0,2500.0,1800.0,360
Gujarat,Ahmedabad,Ahmedabad(Rajnagar sub yard),Mint(Pudina),Other,FAQ,2018-09-20 00:00:00,1000.0,1500.0,1300.0,360
Gujarat,Ahmedabad,Ahmedabad(Rajnagar sub yard),Mint(Pudina),Other,FAQ,2018-10-03 00:00:00,1000.0,2000.0,1600.0,360
Gujarat,Ahmedabad,Ahmedabad(Rajnagar sub yard),Mint(Pudina),Other,FAQ,2018-10-15 00:00:00,1000.0,1500.0,1300.0,360
Gujarat,Ahmedabad,Ahmedabad(Rajnagar sub yard),Mint(Pudina),Other,FAQ,2018-11-05 00:00:00,1200.0,1500.0,1450.0,360
Gujarat,Ahmedabad,Ahmedabad(Rajnagar sub yard),Mint(Pudina),Other,FAQ,2018-12-12 00:00:00,1000.0,1250.0,1150.0,360
Gujarat,Anand,"Petlad(Veg Yard, Petlad)",Mint(Pudina),Other,FAQ,2018-05-21 00:00:00,1000.0,2000.0,1500.0,360
Gujarat,Bharuch,Ankleshwar,Mint(Pudina),Mint(Pudina),FAQ,2018-06-08 00:00:00,3500.0,4400.0,4200.0,360
Gujarat,Bharuch,Ankleshwar,Mint(Pudina),Mint(Pudina),FAQ,2018-06-12 00:00:00,2600.0,3500.0,3250.0,360
Gujarat,Bharuch,Bharuch,Mint(Pudina),Other,FAQ,2018-10-16 00:00:00,1500.0,1750.0,1700.0,360
Gujarat,Bharuch,Bharuch,Mint(Pudina),Other,FAQ,2018-10-24 00:00:00,1500.0,1850.0,1700.0,360
Gujarat,Bharuch,Bharuch,Mint(Pudina),Other,FAQ,2018-11-30 00:00:00,1300.0,1750.0,1500.0,360
Gujarat,Bharuch,Bharuch,Mint(Pudina),Other,FAQ,2018-12-15 00:00:00,1400.0,1700.0,1600.0,360
Gujarat,Dahod,Dahod(Veg. Market),Mint(Pudina),Mint(Pudina),FAQ,2018-01-09 00:00:00,1500.0,3000.0,2500.0,360
Gujarat,Dahod,Dahod(Veg. Market),Mint(Pudina),Mint(Pudina),FAQ,2018-01-17 00:00:00,2000.0,3000.0,2500.0,360
Gujarat,Dahod,Dahod(Veg. Market),Mint(Pudina),Mint(Pudina),FAQ,2018-01-18 00:00:00,1500.0,3000.0,2500.0,360
Gujarat,Dahod,Dahod(Veg. Market),Mint(Pudina),Mint(Pudina),FAQ,2018-01-21 00:00:00,2000.0,4000.0,3000.0,360
Gujarat,Dahod,Dahod(Veg. Market),Mint(Pudina),Mint(Pudina),FAQ,2018-01-22 00:00:00,2000.0,3000.0,2500.0,360
Gujarat,Dahod,Dahod(Veg. Market),Mint(Pudina),Mint(Pudina),FAQ,2018-01-23 00:00:00,2000.0,3000.0,2500.0,360
Gujarat,Dahod,Dahod(Veg. Market),Mint(Pudina),Mint(Pudina),FAQ,2018-01-24 00:00:00,2000.0,3000.0,2500.0,360
Gujarat,Dahod,Dahod(Veg. Market),Mint(Pudina),Mint(Pudina),FAQ,2018-01-26 00:00:00,2000.0,3000.0,2500.0,360
Gujarat,Dahod,Dahod(Veg. Market),Mint(Pudina),Mint(Pudina),FAQ,2018-01-28 00:00:00,2000.0,3000.0,2700.0,360
Gujarat,Dahod,Dahod(Veg. Market),Mint(Pudina),Mint(Pudina),FAQ,2018-01-29 00:00:00,2000.0,3000.0,2500.0,360
Gujarat,Dahod,Dahod(Veg. Market),Mint(Pudina),Mint(Pudina),FAQ,2018-02-02 00:00:00,2000.0,3000.0,2500.0,360
Gujarat,Dahod,Dahod(Veg. Market),Mint(Pudina),Mint(Pudina),FAQ,2018-02-18 00:00:00,1500.0,2500.0,2000.0,360
Gujarat,Dahod,Dahod(Veg. Market),Mint(Pudina),Mint(Pudina),FAQ,2018-02-21 00:00:00,1500.0,2000.0,1800.0,360
Gujarat,Dahod,Dahod(Veg. Market),Mint(Pudina),Mint(Pudina),FAQ,2018-02-22 00:00:00,1500.0,2500.0,2300.0,360
Gujarat,Dahod,Dahod(Veg. Market),Mint(Pudina),Mint(Pudina),FAQ,2018-02-23 00:00:00,1500.0,2000.0,1500.0,360
Gujarat,Dahod,Dahod(Veg. Market),Mint(Pudina),Mint(Pudina),FAQ,2018-03-01 00:00:00,2000.0,3000.0,2500.0,360
Gujarat,Dahod,Dahod(Veg. Market),Mint(Pudina),Mint(Pudina),FAQ,2018-03-05 00:00:00,2000.0,3000.0,2500.0,360
Gujarat,Dahod,Dahod(Veg. Market),Mint(Pudina),Mint(Pudina),FAQ,2018-03-06 00:00:00,2000.0,3000.0,2500.0,360
Gujarat,Dahod,Dahod(Veg. Market),Mint(Pudina),Mint(Pudina),FAQ,2018-03-11 00:00:00,2000.0,3000.0,2500.0,360
Gujarat,Dahod,Dahod(Veg. Market),Mint(Pudina),Mint(Pudina),FAQ,2018-03-16 00:00:00,2000.0,3000.0,2500.0,360
Gujarat,Dahod,Dahod(Veg. Market),Mint(Pudina),Mint(Pudina),FAQ,2018-03-26 00:00:00,2000.0,3000.0,2500.0,360
Gujarat,Dahod,Dahod(Veg. Market),Mint(Pudina),Mint(Pudina),FAQ,2018-03-30 00:00:00,1000.0,2000.0,1500.0,360
Gujarat,Dahod,Dahod(Veg. Market),Mint(Pudina),Mint(Pudina),FAQ,2018-04-26 00:00:00,2000.0,3500.0,3000.0,360
Gujarat,Dahod,Dahod(Veg. Market),Mint(Pudina),Mint(Pudina),FAQ,2018-04-28 00:00:00,2000.0,3000.0,2500.0,360
Gujarat,Dahod,Dahod(Veg. Market),Mint(Pudina),Mint(Pudina),FAQ,2018-05-01 00:00:00,2000.0,3000.0,2500.0,360
Gujarat,Dahod,Dahod(Veg. Market),Mint(Pudina),Mint(Pudina),FAQ,2018-05-02 00:00:00,2000.0,3000.0,2500.0,360
Gujarat,Dahod,Dahod(Veg. Market),Mint(Pudina),Mint(Pudina),FAQ,2018-05-11 00:00:00,3000.0,4000.0,3500.0,360
Gujarat,Dahod,Dahod(Veg. Market),Mint(Pudina),Mint(Pudina),FAQ,2018-05-14 00:00:00,2000.0,3000.0,2500.0,360
Gujarat,Dahod,Dahod(Veg. Market),Mint(Pudina),Mint(Pudina),FAQ,2018-05-15 00:00:00,2500.0,3000.0,2800.0,360
Gujarat,Dahod,Dahod(Veg. Market),Mint(Pudina),Mint(Pudina),FAQ,2018-05-19 00:00:00,2000.0,3000.0,2500.0,360
Gujarat,Dahod,Dahod(Veg. Market),Mint(Pudina),Mint(Pudina),FAQ,2018-05-22 00:00:00,3000.0,5000.0,4000.0,360
Gujarat,Dahod,Dahod(Veg. Market),Mint(Pudina),Mint(Pudina),FAQ,2018-06-04 00:00:00,1500.0,3000.0,2500.0,360
Gujarat,Dahod,Dahod(Veg. Market),Mint(Pudina),Mint(Pudina),FAQ,2018-06-13 00:00:00,3000.0,5000.0,4000.0,360
Gujarat,Dahod,Dahod(Veg. Market),Mint(Pudina),Mint(Pudina),FAQ,2018-06-20 00:00:00,2500.0,5000.0,3000.0,360
Gujarat,Dahod,Dahod(Veg. Market),Mint(Pudina),Mint(Pudina),FAQ,2018-06-27 00:00:00,4000.0,6000.0,5000.0,360
Gujarat,Dahod,Dahod(Veg. Market),Mint(Pudina),Mint(Pudina),FAQ,2018-06-30 00:00:00,4000.0,5000.0,4500.0,360
Gujarat,Dahod,Dahod(Veg. Market),Mint(Pudina),Mint(Pudina),FAQ,2018-07-01 00:00:00,4000.0,5000.0,4500.0,360
Gujarat,Dahod,Dahod(Veg. Market),Mint(Pudina),Mint(Pudina),FAQ,2018-07-07 00:00:00,1500.0,2500.0,2000.0,360
Gujarat,Dahod,Dahod(Veg. Market),Mint(Pudina),Mint(Pudina),FAQ,2018-07-08 00:00:00,2000.0,3000.0,2500.0,360
Gujarat,Dahod,Dahod(Veg. Market),Mint(Pudina),Mint(Pudina),FAQ,2018-07-09 00:00:00,3000.0,4000.0,3500.0,360
Gujarat,Dahod,Dahod(Veg. Market),Mint(Pudina),Mint(Pudina),FAQ,2018-07-16 00:00:00,4000.0,5000.0,4500.0,360
Gujarat,Dahod,Dahod(Veg. Market),Mint(Pudina),Mint(Pudina),FAQ,2018-07-23 00:00:00,3000.0,4000.0,3500.0,360
Gujarat,Dahod,Dahod(Veg. Market),Mint(Pudina),Mint(Pudina),FAQ,2018-07-24 00:00:00,2500.0,4000.0,3000.0,360
Gujarat,Dahod,Dahod(Veg. Market),Mint(Pudina),Mint(Pudina),FAQ,2018-07-30 00:00:00,10000.0,10000.0,10000.0,360
Gujarat,Dahod,Dahod(Veg. Market),Mint(Pudina),Mint(Pudina),FAQ,2018-08-04 00:00:00,5000.0,9000.0,7000.0,360
Gujarat,Dahod,Dahod(Veg. Market),Mint(Pudina),Mint(Pudina),FAQ,2018-08-06 00:00:00,5000.0,9000.0,7500.0,360
Gujarat,Dahod,Dahod(Veg. Market),Mint(Pudina),Mint(Pudina),FAQ,2018-08-08 00:00:00,5000.0,8500.0,7500.0,360
Gujarat,Ahmedabad,Ahmedabad(Rajnagar sub yard),Mint(Pudina),Other,FAQ,2010-01-02 00:00:00,700.0,1000.0,900.0,360
Gujarat,Ahmedabad,Ahmedabad(Rajnagar sub yard),Mint(Pudina),Other,FAQ,2010-01-08 00:00:00,500.0,800.0,700.0,360
Gujarat,Ahmedabad,Ahmedabad(Rajnagar sub yard),Mint(Pudina),Other,FAQ,2010-01-22 00:00:00,400.0,800.0,600.0,360
Gujarat,Ahmedabad,Ahmedabad(Rajnagar sub yard),Mint(Pudina),Other,FAQ,2010-01-27 00:00:00,300.0,600.0,500.0,360
Gujarat,Ahmedabad,Ahmedabad(Rajnagar sub yard),Mint(Pudina),Other,FAQ,2010-01-29 00:00:00,400.0,700.0,600.0,360
Gujarat,Ahmedabad,Ahmedabad(Rajnagar sub yard),Mint(Pudina),Other,FAQ,2010-02-02 00:00:00,500.0,800.0,650.0,360
Gujarat,Ahmedabad,Ahmedabad(Rajnagar sub yard),Mint(Pudina),Other,FAQ,2010-02-12 00:00:00,700.0,1000.0,900.0,360
Gujarat,Ahmedabad,Ahmedabad(Rajnagar sub yard),Mint(Pudina),Other,FAQ,2010-02-16 00:00:00,500.0,800.0,700.0,360
Gujarat,Ahmedabad,Ahmedabad(Rajnagar sub yard),Mint(Pudina),Other,FAQ,2010-02-19 00:00:00,400.0,600.0,500.0,360
Gujarat,Ahmedabad,Ahmedabad(Rajnagar sub yard),Mint(Pudina),Other,FAQ,2010-02-24 00:00:00,400.0,700.0,600.0,360
Gujarat,Ahmedabad,Ahmedabad(Rajnagar sub yard),Mint(Pudina),Other,FAQ,2010-02-25 00:00:00,300.0,600.0,500.0,360
Gujarat,Ahmedabad,Ahmedabad(Rajnagar sub yard),Mint(Pudina),Other,FAQ,2010-02-26 00:00:00,350.0,600.0,500.0,360
Gujarat,Ahmedabad,Ahmedabad(Rajnagar sub yard),Mint(Pudina),Other,FAQ,2010-03-04 00:00:00,400.0,600.0,550.0,360
Gujarat,Ahmedabad,Ahmedabad(Rajnagar sub yard),Mint(Pudina),Other,FAQ,2010-03-09 00:00:00,350.0,600.0,500.0,360
Gujarat,Ahmedabad,Ahmedabad(Rajnagar sub yard),Mint(Pudina),Other,FAQ,2010-03-22 00:00:00,500.0,700.0,600.0,360
Gujarat,Ahmedabad,Ahmedabad(Rajnagar sub yard),Mint(Pudina),Other,FAQ,2010-03-24 00:00:00,400.0,700.0,600.0,360
Gujarat,Ahmedabad,Ahmedabad(Rajnagar sub yard),Mint(Pudina),Other,FAQ,2010-03-27 00:00:00,350.0,500.0,450.0,360
Gujarat,Ahmedabad,Ahmedabad(Rajnagar sub yard),Mint(Pudina),Other,FAQ,2010-04-05 00:00:00,500.0,800.0,700.0,360
Gujarat,Ahmedabad,Ahmedabad(Rajnagar sub yard),Mint(Pudina),Other,FAQ,2010-04-07 00:00:00,500.0,600.0,550.0,360
Gujarat,Ahmedabad,Ahmedabad(Rajnagar sub yard),Mint(Pudina),Other,FAQ,2010-04-12 00:00:00,600.0,800.0,700.0,360
Gujarat,Ahmedabad,Ahmedabad(Rajnagar sub yard),Mint(Pudina),Other,FAQ,2010-04-14 00:00:00,400.0,800.0,700.0,360
Gujarat,Ahmedabad,Ahmedabad(Rajnagar sub yard),Mint(Pudina),Other,FAQ,2010-04-17 00:00:00,500.0,800.0,700.0,360
Gujarat,Ahmedabad,Ahmedabad(Rajnagar sub yard),Mint(Pudina),Other,FAQ,2010-04-29 00:00:00,500.0,1000.0,800.0,360
Gujarat,Ahmedabad,Ahmedabad(Rajnagar sub yard),Mint(Pudina),Other,FAQ,2010-05-01 00:00:00,700.0,1200.0,1000.0,360
Gujarat,Ahmedabad,Ahmedabad(Rajnagar sub yard),Mint(Pudina),Other,FAQ,2010-05-03 00:00:00,900.0,1300.0,1100.0,360
Gujarat,Ahmedabad,Ahmedabad(Rajnagar sub yard),Mint(Pudina),Other,FAQ,2010-05-06 00:00:00,400.0,1000.0,800.0,360
Gujarat,Ahmedabad,Ahmedabad(Rajnagar sub yard),Mint(Pudina),Other,FAQ,2010-05-17 00:00:00,1000.0,1500.0,1300.0,360
Gujarat,Ahmedabad,Ahmedabad(Rajnagar sub yard),Mint(Pudina),Other,FAQ,2010-05-28 00:00:00,1000.0,1750.0,1400.0,360
Gujarat,Ahmedabad,Ahmedabad(Rajnagar sub yard),Mint(Pudina),Other,FAQ,2010-06-22 00:00:00,1000.0,2250.0,1700.0,360
Gujarat,Ahmedabad,Ahmedabad(Rajnagar sub yard),Mint(Pudina),Other,FAQ,2010-06-30 00:00:00,1000.0,2000.0,1600.0,360
Gujarat,Ahmedabad,Ahmedabad(Rajnagar sub yard),Mint(Pudina),Other,FAQ,2010-07-06 00:00:00,1000.0,2000.0,1800.0,360
Gujarat,Ahmedabad,Ahmedabad(Rajnagar sub yard),Mint(Pudina),Other,FAQ,2010-07-10 00:00:00,1000.0,2000.0,1800.0,360
Gujarat,Ahmedabad,Ahmedabad(Rajnagar sub yard),Mint(Pudina),Other,FAQ,2010-07-16 00:00:00,1000.0,2000.0,1600.0,360
Gujarat,Ahmedabad,Ahmedabad(Rajnagar sub yard),Mint(Pudina),Other,FAQ,2010-07-17 00:00:00,1000.0,2000.0,1800.0,360
Gujarat,Ahmedabad,Ahmedabad(Rajnagar sub yard),Mint(Pudina),Other,FAQ,2010-07-19 00:00:00,1500.0,2500.0,2000.0,360
Gujarat,Ahmedabad,Ahmedabad(Rajnagar sub yard),Mint(Pudina),Other,FAQ,2010-07-21 00:00:00,1000.0,2500.0,1800.0,360
Gujarat,Ahmedabad,Ahmedabad(Rajnagar sub yard),Mint(Pudina),Other,FAQ,2010-07-24 00:00:00,1500.0,2500.0,2200.0,360
Gujarat,Ahmedabad,Ahmedabad(Rajnagar sub yard),Mint(Pudina),Other,FAQ,2010-07-27 00:00:00,2000.0,3000.0,2500.0,360
Gujarat,Ahmedabad,Ahmedabad(Rajnagar sub yard),Mint(Pudina),Other,FAQ,2010-08-07 00:00:00,2000.0,2500.0,2300.0,360
Gujarat,Ahmedabad,Ahmedabad(Rajnagar sub yard),Mint(Pudina),Other,FAQ,2010-08-18 00:00:00,2000.0,2750.0,2500.0,360
Gujarat,Ahmedabad,Ahmedabad(Rajnagar sub yard),Mint(Pudina),Other,FAQ,2010-08-21 00:00:00,2000.0,3000.0,2800.0,360
Gujarat,Ahmedabad,Ahmedabad(Rajnagar sub yard),Mint(Pudina),Other,FAQ,2010-09-03 00:00:00,1500.0,2250.0,2000.0,360
Gujarat,Ahmedabad,Ahmedabad(Rajnagar sub yard),Mint(Pudina),Other,FAQ,2010-09-06 00:00:00,1000.0,1200.0,1100.0,360
Gujarat,Ahmedabad,Ahmedabad(Rajnagar sub yard),Mint(Pudina),Other,FAQ,2010-09-08 00:00:00,500.0,800.0,700.0,360
Gujarat,Ahmedabad,Ahmedabad(Rajnagar sub yard),Mint(Pudina),Other,FAQ,2010-09-11 00:00:00,1000.0,2000.0,1600.0,360
Gujarat,Ahmedabad,Ahmedabad(Rajnagar sub yard),Mint(Pudina),Other,FAQ,2010-09-14 00:00:00,1300.0,3000.0,2500.0,360
Gujarat,Ahmedabad,Ahmedabad(Rajnagar sub yard),Mint(Pudina),Other,FAQ,2010-09-15 00:00:00,1000.0,1500.0,1300.0,360
Gujarat,Ahmedabad,Ahmedabad(Rajnagar sub yard),Mint(Pudina),Other,FAQ,2010-09-16 00:00:00,1000.0,2000.0,1600.0,360
Gujarat,Ahmedabad,Ahmedabad(Rajnagar sub yard),Mint(Pudina),Other,FAQ,2010-09-27 00:00:00,1200.0,2500.0,2000.0,360
Gujarat,Ahmedabad,Ahmedabad(Rajnagar sub yard),Mint(Pudina),Other,FAQ,2010-10-06 00:00:00,1000.0,2500.0,2000.0,360
Gujarat,Ahmedabad,Ahmedabad(Rajnagar sub yard),Mint(Pudina),Other,FAQ,2010-10-14 00:00:00,400.0,1200.0,1000.0,360
Gujarat,Ahmedabad,Ahmedabad(Rajnagar sub yard),Mint(Pudina),Other,FAQ,2010-10-22 00:00:00,300.0,500.0,400.0,360
Gujarat,Ahmedabad,Ahmedabad(Rajnagar sub yard),Mint(Pudina),Other,FAQ,2010-10-23 00:00:00,300.0,500.0,400.0,360
Gujarat,Ahmedabad,Ahmedabad(Rajnagar sub yard),Mint(Pudina),Other,FAQ,2010-11-09 00:00:00,800.0,2500.0,2000.0,360
Gujarat,Ahmedabad,Ahmedabad(Rajnagar sub yard),Mint(Pudina),Other,FAQ,2010-11-13 00:00:00,500.0,2500.0,2000.0,360
Gujarat,Ahmedabad,Ahmedabad(Rajnagar sub yard),Mint(Pudina),Other,FAQ,2010-11-15 00:00:00,800.0,2500.0,2000.0,360
Gujarat,Ahmedabad,Ahmedabad(Rajnagar sub yard),Mint(Pudina),Other,FAQ,2010-11-16 00:00:00,100.0,1500.0,1300.0,360
Gujarat,Ahmedabad,Ahmedabad(Rajnagar sub yard),Mint(Pudina),Other,FAQ,2010-11-18 00:00:00,1000.0,2500.0,2000.0,360
Gujarat,Ahmedabad,Ahmedabad(Rajnagar sub yard),Mint(Pudina),Other,FAQ,2010-11-19 00:00:00,700.0,1000.0,900.0,360
Gujarat,Ahmedabad,Ahmedabad(Rajnagar sub yard),Mint(Pudina),Other,FAQ,2010-11-23 00:00:00,1000.0,2500.0,2000.0,360
Gujarat,Ahmedabad,Ahmedabad(Rajnagar sub yard),Mint(Pudina),Other,FAQ,2010-11-24 00:00:00,1000.0,2000.0,1600.0,360
Gujarat,Ahmedabad,Ahmedabad(Rajnagar sub yard),Mint(Pudina),Other,FAQ,2010-12-01 00:00:00,1000.0,1500.0,1250.0,360
Gujarat,Ahmedabad,Ahmedabad(Rajnagar sub yard),Mint(Pudina),Other,FAQ,2010-12-04 00:00:00,1000.0,2000.0,1800.0,360
Gujarat,Ahmedabad,Ahmedabad(Rajnagar sub yard),Mint(Pudina),Other,FAQ,2010-12-29 00:00:00,1000.0,1500.0,1300.0,360
Gujarat,Bharuch,Bharuch,Mint(Pudina),Other,FAQ,2010-01-02 00:00:00,1500.0,2000.0,1750.0,360
Gujarat,Bharuch,Bharuch,Mint(Pudina),Other,FAQ,2010-06-25 00:00:00,1250.0,1500.0,1375.0,360
Gujarat,Bharuch,Bharuch,Mint(Pudina),Other,FAQ,2010-12-15 00:00:00,1000.0,1500.0,1250.0,360
Gujarat,Dahod,Dahod(Veg. Market),Mint(Pudina),Other,FAQ,2010-05-13 00:00:00,800.0,1300.0,1100.0,360
Gujarat,Dahod,Dahod(Veg. Market),Mint(Pudina),Other,FAQ,2010-06-10 00:00:00,800.0,1300.0,1200.0,360
Gujarat,Dahod,Dahod(Veg. Market),Mint(Pudina),Other,FAQ,2010-06-17 00:00:00,800.0,1300.0,1200.0,360
Gujarat,Dahod,Dahod(Veg. Market),Mint(Pudina),Other,FAQ,2010-06-23 00:00:00,800.0,1300.0,1200.0,360
Gujarat,Dahod,Dahod(Veg. Market),Mint(Pudina),Other,FAQ,2010-06-29 00:00:00,800.0,1300.0,1200.0,360
Gujarat,Dahod,Dahod(Veg. Market),Mint(Pudina),Other,FAQ,2010-07-14 00:00:00,800.0,1300.0,1100.0,360
Gujarat,Dahod,Dahod(Veg. Market),Mint(Pudina),Other,FAQ,2010-07-16 00:00:00,800.0,1300.0,1100.0,360
Gujarat,Dahod,Dahod(Veg. Market),Mint(Pudina),Other,FAQ,2010-07-29 00:00:00,1000.0,1500.0,1300.0,360
Gujarat,Dahod,Dahod(Veg. Market),Mint(Pudina),Other,FAQ,2010-08-18 00:00:00,1000.0,1500.0,1300.0,360
Gujarat,Vadodara(Baroda),Vadodara(Sayajipura),Mint(Pudina),Other,FAQ,2010-01-05 00:00:00,900.0,1000.0,950.0,360
Gujarat,Vadodara(Baroda),Vadodara(Sayajipura),Mint(Pudina),Other,FAQ,2010-01-08 00:00:00,900.0,1100.0,950.0,360
Gujarat,Vadodara(Baroda),Vadodara(Sayajipura),Mint(Pudina),Other,FAQ,2010-01-09 00:00:00,700.0,900.0,800.0,360
Gujarat,Vadodara(Baroda),Vadodara(Sayajipura),Mint(Pudina),Other,FAQ,2010-01-21 00:00:00,750.0,900.0,825.0,360
Gujarat,Vadodara(Baroda),Vadodara(Sayajipura),Mint(Pudina),Other,FAQ,2010-02-15 00:00:00,500.0,900.0,700.0,360
Gujarat,Vadodara(Baroda),Vadodara(Sayajipura),Mint(Pudina),Other,FAQ,2010-02-21 00:00:00,800.0,1100.0,950.0,360
Gujarat,Vadodara(Baroda),Vadodara(Sayajipura),Mint(Pudina),Other,FAQ,2010-03-09 00:00:00,500.0,700.0,600.0,360
Gujarat,Vadodara(Baroda),Vadodara(Sayajipura),Mint(Pudina),Other,FAQ,2010-03-10 00:00:00,600.0,700.0,625.0,360
Gujarat,Vadodara(Baroda),Vadodara(Sayajipura),Mint(Pudina),Other,FAQ,2010-03-18 00:00:00,700.0,900.0,850.0,360
Gujarat,Vadodara(Baroda),Vadodara(Sayajipura),Mint(Pudina),Other,FAQ,2010-03-27 00:00:00,400.0,500.0,425.0,360
Gujarat,Vadodara(Baroda),Vadodara(Sayajipura),Mint(Pudina),Other,FAQ,2010-03-29 00:00:00,400.0,600.0,550.0,360
Gujarat,Vadodara(Baroda),Vadodara(Sayajipura),Mint(Pudina),Other,FAQ,2010-03-30 00:00:00,400.0,700.0,600.0,360
Gujarat,Vadodara(Baroda),Vadodara(Sayajipura),Mint(Pudina),Other,FAQ,2010-03-31 00:00:00,400.0,600.0,525.0,360
Gujarat,Vadodara(Baroda),Vadodara(Sayajipura),Mint(Pudina),Other,FAQ,2010-04-09 00:00:00,600.0,900.0,750.0,360
Gujarat,Vadodara(Baroda),Vadodara(Sayajipura),Mint(Pudina),Other,FAQ,2010-04-14 00:00:00,1000.0,1200.0,1125.0,360
Gujarat,Vadodara(Baroda),Vadodara(Sayajipura),Mint(Pudina),Other,FAQ,2010-04-20 00:00:00,900.0,1150.0,1025.0,360
Gujarat,Vadodara(Baroda),Vadodara(Sayajipura),Mint(Pudina),Other,FAQ,2010-04-27 00:00:00,400.0,500.0,450.0,360
Gujarat,Vadodara(Baroda),Vadodara(Sayajipura),Mint(Pudina),Other,FAQ,2010-05-02 00:00:00,900.0,1000.0,950.0,360
Gujarat,Vadodara(Baroda),Vadodara(Sayajipura),Mint(Pudina),Other,FAQ,2010-05-08 00:00:00,700.0,900.0,850.0,360
Gujarat,Vadodara(Baroda),Vadodara(Sayajipura),Mint(Pudina),Other,FAQ,2010-05-09 00:00:00,900.0,1000.0,950.0,360
Gujarat,Vadodara(Baroda),Vadodara(Sayajipura),Mint(Pudina),Other,FAQ,2010-06-02 00:00:00,900.0,1200.0,1100.0,360
Gujarat,Vadodara(Baroda),Vadodara(Sayajipura),Mint(Pudina),Other,FAQ,2010-06-14 00:00:00,1700.0,1800.0,1750.0,360
Gujarat,Vadodara(Baroda),Vadodara(Sayajipura),Mint(Pudina),Other,FAQ,2010-06-15 00:00:00,1600.0,1700.0,1650.0,360
Gujarat,Vadodara(Baroda),Vadodara(Sayajipura),Mint(Pudina),Other,FAQ,2010-06-16 00:00:00,1650.0,1750.0,1700.0,360
Gujarat,Vadodara(Baroda),Vadodara(Sayajipura),Mint(Pudina),Other,FAQ,2010-06-27 00:00:00,1500.0,2250.0,1875.0,360
Gujarat,Vadodara(Baroda),Vadodara(Sayajipura),Mint(Pudina),Other,FAQ,2010-07-20 00:00:00,1700.0,2200.0,2000.0,360
Gujarat,Vadodara(Baroda),Vadodara(Sayajipura),Mint(Pudina),Other,FAQ,2010-12-03 00:00:00,1250.0,1500.0,1375.0,360
Gujarat,Vadodara(Baroda),Vadodara(Sayajipura),Mint(Pudina),Other,FAQ,2010-12-11 00:00:00,1000.0,1200.0,1125.0,360
Gujarat,Vadodara(Baroda),Vadodara(Sayajipura),Mint(Pudina),Other,FAQ,2010-12-17 00:00:00,1750.0,2000.0,1875.0,360
Gujarat,Botad,Botad,Mint(Pudina),Other,FAQ,2005-11-18 00:00:00,110.0,300.0,225.0,360
Gujarat,Vadodara(Baroda),Padra,Mint(Pudina),Mint(Pudina),FAQ,2005-07-17 00:00:00,1250.0,2000.0,1500.0,360
Gujarat,Vadodara(Baroda),Padra,Mint(Pudina),Mint(Pudina),FAQ,2005-08-03 00:00:00,1750.0,2000.0,1825.0,360
Gujarat,Vadodara(Baroda),Padra,Mint(Pudina),Mint(Pudina),FAQ,2005-08-10 00:00:00,1000.0,1500.0,1200.0,360
Gujarat,Vadodara(Baroda),Padra,Mint(Pudina),Mint(Pudina),FAQ,2005-08-22 00:00:00,1250.0,1500.0,1350.0,360
Gujarat,Vadodara(Baroda),Padra,Mint(Pudina),Mint(Pudina),FAQ,2005-08-26 00:00:00,1200.0,1500.0,1325.0,360
Gujarat,Vadodara(Baroda),Padra,Mint(Pudina),Mint(Pudina),FAQ,2005-09-02 00:00:00,1250.0,1500.0,1300.0,360
Gujarat,Vadodara(Baroda),Padra,Mint(Pudina),Mint(Pudina),FAQ,2005-09-29 00:00:00,1500.0,2000.0,1800.0,360
Gujarat,Vadodara(Baroda),Padra,Mint(Pudina),Mint(Pudina),FAQ,2005-10-19 00:00:00,1250.0,1500.0,1400.0,360
Gujarat,Vadodara(Baroda),Padra,Mint(Pudina),Mint(Pudina),FAQ,2005-11-09 00:00:00,1500.0,2000.0,1750.0,360
Gujarat,Vadodara(Baroda),Padra,Mint(Pudina),Mint(Pudina),FAQ,2005-11-16 00:00:00,1500.0,2000.0,1750.0,360
Gujarat,Vadodara(Baroda),Padra,Mint(Pudina),Mint(Pudina),FAQ,2005-12-02 00:00:00,1500.0,2000.0,1750.0,360
Gujarat,Vadodara(Baroda),Vadodara,Mint(Pudina),Mint(Pudina),FAQ,2005-10-28 00:00:00,800.0,1000.0,950.0,360
Gujarat,Vadodara(Baroda),Vadodara,Mint(Pudina),Other,FAQ,2005-11-19 00:00:00,500.0,600.0,550.0,360
Gujarat,Vadodara(Baroda),Vadodara,Mint(Pudina),Other,FAQ,2005-12-27 00:00:00,500.0,700.0,700.0,360
Gujarat,Ahmedabad,Ahmedabad(Rajnagar sub yard),Mint(Pudina),Other,FAQ,2008-01-09 00:00:00,200.0,900.0,650.0,360
Gujarat,Ahmedabad,Ahmedabad(Rajnagar sub yard),Mint(Pudina),Other,FAQ,2008-01-15 00:00:00,400.0,1000.0,800.0,360
Gujarat,Ahmedabad,Ahmedabad(Rajnagar sub yard),Mint(Pudina),Other,FAQ,2008-01-22 00:00:00,500.0,1000.0,850.0,360
Gujarat,Ahmedabad,Ahmedabad(Rajnagar sub yard),Mint(Pudina),Other,FAQ,2008-01-23 00:00:00,400.0,1000.0,800.0,360
Gujarat,Ahmedabad,Ahmedabad(Rajnagar sub yard),Mint(Pudina),Other,FAQ,2008-01-26 00:00:00,800.0,1000.0,950.0,360
Gujarat,Ahmedabad,Ahmedabad(Rajnagar sub yard),Mint(Pudina),Other,FAQ,2008-01-31 00:00:00,300.0,1000.0,750.0,360
Gujarat,Ahmedabad,Ahmedabad(Rajnagar sub yard),Mint(Pudina),Other,FAQ,2008-02-19 00:00:00,300.0,1000.0,800.0,360
Gujarat,Ahmedabad,Ahmedabad(Rajnagar sub yard),Mint(Pudina),Other,FAQ,2008-02-29 00:00:00,400.0,600.0,500.0,360
Gujarat,Ahmedabad,Ahmedabad(Rajnagar sub yard),Mint(Pudina),Other,FAQ,2008-03-01 00:00:00,300.0,600.0,500.0,360
Gujarat,Ahmedabad,Ahmedabad(Rajnagar sub yard),Mint(Pudina),Other,FAQ,2008-03-03 00:00:00,300.0,800.0,650.0,360
Gujarat,Ahmedabad,Ahmedabad(Rajnagar sub yard),Mint(Pudina),Other,FAQ,2008-03-05 00:00:00,300.0,500.0,450.0,360
Gujarat,Ahmedabad,Ahmedabad(Rajnagar sub yard),Mint(Pudina),Other,FAQ,2008-03-08 00:00:00,200.0,400.0,350.0,360
Gujarat,Ahmedabad,Ahmedabad(Rajnagar sub yard),Mint(Pudina),Other,FAQ,2008-03-11 00:00:00,300.0,500.0,450.0,360
Gujarat,Ahmedabad,Ahmedabad(Rajnagar sub yard),Mint(Pudina),Other,FAQ,2008-03-12 00:00:00,200.0,400.0,350.0,360
Gujarat,Ahmedabad,Ahmedabad(Rajnagar sub yard),Mint(Pudina),Other,FAQ,2008-03-13 00:00:00,200.0,500.0,400.0,360
Gujarat,Ahmedabad,Ahmedabad(Rajnagar sub yard),Mint(Pudina),Other,FAQ,2008-03-17 00:00:00,200.0,400.0,350.0,360
Gujarat,Ahmedabad,Ahmedabad(Rajnagar sub yard),Mint(Pudina),Other,FAQ,2008-03-31 00:00:00,800.0,1000.0,900.0,360
Gujarat,Ahmedabad,Ahmedabad(Rajnagar sub yard),Mint(Pudina),Other,FAQ,2008-04-11 00:00:00,500.0,1000.0,800.0,360
Gujarat,Ahmedabad,Ahmedabad(Rajnagar sub yard),Mint(Pudina),Other,FAQ,2008-04-15 00:00:00,400.0,1000.0,800.0,360
Gujarat,Ahmedabad,Ahmedabad(Rajnagar sub yard),Mint(Pudina),Other,FAQ,2008-04-18 00:00:00,500.0,750.0,700.0,360
Gujarat,Ahmedabad,Ahmedabad(Rajnagar sub yard),Mint(Pudina),Other,FAQ,2008-04-19 00:00:00,500.0,1000.0,800.0,360
Gujarat,Ahmedabad,Ahmedabad(Rajnagar sub yard),Mint(Pudina),Other,FAQ,2008-04-22 00:00:00,400.0,500.0,450.0,360
Gujarat,Ahmedabad,Ahmedabad(Rajnagar sub yard),Mint(Pudina),Other,FAQ,2008-04-30 00:00:00,300.0,1000.0,700.0,360
Gujarat,Ahmedabad,Ahmedabad(Rajnagar sub yard),Mint(Pudina),Other,FAQ,2008-05-09 00:00:00,300.0,750.0,500.0,360
Gujarat,Ahmedabad,Ahmedabad(Rajnagar sub yard),Mint(Pudina),Other,FAQ,2008-05-12 00:00:00,400.0,1000.0,600.0,360
Gujarat,Ahmedabad,Ahmedabad(Rajnagar sub yard),Mint(Pudina),Other,FAQ,2008-05-19 00:00:00,300.0,1000.0,500.0,360
Gujarat,Ahmedabad,Ahmedabad(Rajnagar sub yard),Mint(Pudina),Other,FAQ,2008-05-20 00:00:00,500.0,1000.0,800.0,360
Gujarat,Ahmedabad,Ahmedabad(Rajnagar sub yard),Mint(Pudina),Other,FAQ,2008-05-21 00:00:00,400.0,1000.0,600.0,360
Gujarat,Ahmedabad,Ahmedabad(Rajnagar sub yard),Mint(Pudina),Other,FAQ,2008-05-24 00:00:00,400.0,1000.0,500.0,360
Gujarat,Ahmedabad,Ahmedabad(Rajnagar sub yard),Mint(Pudina),Other,FAQ,2008-05-30 00:00:00,500.0,1000.0,700.0,360
Gujarat,Ahmedabad,Ahmedabad(Rajnagar sub yard),Mint(Pudina),Other,FAQ,2008-05-31 00:00:00,500.0,1000.0,800.0,360
Gujarat,Ahmedabad,Ahmedabad(Rajnagar sub yard),Mint(Pudina),Other,FAQ,2008-06-02 00:00:00,500.0,1000.0,600.0,360
Gujarat,Ahmedabad,Ahmedabad(Rajnagar sub yard),Mint(Pudina),Other,FAQ,2008-06-06 00:00:00,400.0,1000.0,600.0,360
Gujarat,Ahmedabad,Ahmedabad(Rajnagar sub yard),Mint(Pudina),Other,FAQ,2008-06-12 00:00:00,500.0,1000.0,700.0,360
Gujarat,Ahmedabad,Ahmedabad(Rajnagar sub yard),Mint(Pudina),Other,FAQ,2008-06-16 00:00:00,300.0,800.0,600.0,360
Gujarat,Ahmedabad,Ahmedabad(Rajnagar sub yard),Mint(Pudina),Other,FAQ,2008-06-19 00:00:00,500.0,1000.0,700.0,360
Gujarat,Ahmedabad,Ahmedabad(Rajnagar sub yard),Mint(Pudina),Other,FAQ,2008-06-27 00:00:00,400.0,1000.0,600.0,360
Gujarat,Ahmedabad,Ahmedabad(Rajnagar sub yard),Mint(Pudina),Other,FAQ,2008-07-09 00:00:00,500.0,800.0,700.0,360
Gujarat,Ahmedabad,Ahmedabad(Rajnagar sub yard),Mint(Pudina),Other,FAQ,2008-07-18 00:00:00,500.0,1000.0,800.0,360
Gujarat,Ahmedabad,Ahmedabad(Rajnagar sub yard),Mint(Pudina),Other,FAQ,2008-08-02 00:00:00,400.0,1000.0,700.0,360
Gujarat,Ahmedabad,Ahmedabad(Rajnagar sub yard),Mint(Pudina),Other,FAQ,2008-08-21 00:00:00,500.0,1000.0,800.0,360
Gujarat,Ahmedabad,Ahmedabad(Rajnagar sub yard),Mint(Pudina),Other,FAQ,2008-08-25 00:00:00,1000.0,2000.0,1500.0,360
Gujarat,Ahmedabad,Ahmedabad(Rajnagar sub yard),Mint(Pudina),Other,FAQ,2008-08-26 00:00:00,1000.0,2000.0,1500.0,360
Gujarat,Ahmedabad,Ahmedabad(Rajnagar sub yard),Mint(Pudina),Other,FAQ,2008-09-01 00:00:00,1000.0,1500.0,1000.0,360
Gujarat,Ahmedabad,Ahmedabad(Rajnagar sub yard),Mint(Pudina),Other,FAQ,2008-09-03 00:00:00,1000.0,3000.0,1500.0,360
Gujarat,Ahmedabad,Ahmedabad(Rajnagar sub yard),Mint(Pudina),Other,FAQ,2008-09-05 00:00:00,1000.0,2000.0,1500.0,360
Gujarat,Ahmedabad,Ahmedabad(Rajnagar sub yard),Mint(Pudina),Other,FAQ,2008-09-09 00:00:00,1000.0,1500.0,1500.0,360
Gujarat,Ahmedabad,Ahmedabad(Rajnagar sub yard),Mint(Pudina),Other,FAQ,2008-09-12 00:00:00,500.0,1000.0,800.0,360
Gujarat,Ahmedabad,Ahmedabad(Rajnagar sub yard),Mint(Pudina),Other,FAQ,2008-09-17 00:00:00,800.0,1500.0,1200.0,360
Gujarat,Ahmedabad,Ahmedabad(Rajnagar sub yard),Mint(Pudina),Other,FAQ,2008-09-27 00:00:00,1000.0,2000.0,1500.0,360
Gujarat,Ahmedabad,Ahmedabad(Rajnagar sub yard),Mint(Pudina),Other,FAQ,2008-10-23 00:00:00,1200.0,1500.0,1400.0,360
Gujarat,Ahmedabad,Ahmedabad(Rajnagar sub yard),Mint(Pudina),Other,FAQ,2008-11-03 00:00:00,500.0,1000.0,850.0,360
Gujarat,Ahmedabad,Ahmedabad(Rajnagar sub yard),Mint(Pudina),Other,FAQ,2008-11-06 00:00:00,300.0,1000.0,800.0,360
Gujarat,Ahmedabad,Ahmedabad(Rajnagar sub yard),Mint(Pudina),Other,FAQ,2008-11-07 00:00:00,300.0,800.0,650.0,360
Gujarat,Ahmedabad,Ahmedabad(Rajnagar sub yard),Mint(Pudina),Other,FAQ,2008-11-10 00:00:00,500.0,800.0,700.0,360
Gujarat,Ahmedabad,Ahmedabad(Rajnagar sub yard),Mint(Pudina),Other,FAQ,2008-11-15 00:00:00,400.0,1500.0,1200.0,360
Gujarat,Ahmedabad,Ahmedabad(Rajnagar sub yard),Mint(Pudina),Other,FAQ,2008-12-09 00:00:00,400.0,700.0,600.0,360
Gujarat,Ahmedabad,Ahmedabad(Rajnagar sub yard),Mint(Pudina),Other,FAQ,2008-12-10 00:00:00,400.0,1200.0,900.0,360
Gujarat,Ahmedabad,Ahmedabad(Rajnagar sub yard),Mint(Pudina),Other,FAQ,2008-12-27 00:00:00,300.0,500.0,450.0,360
Gujarat,Dahod,Dahod(Veg. Market),Mint(Pudina),Other,FAQ,2008-03-14 00:00:00,500.0,650.0,550.0,360
Gujarat,Dahod,Dahod(Veg. Market),Mint(Pudina),Other,FAQ,2008-06-30 00:00:00,800.0,1300.0,1100.0,360
Gujarat,Dahod,Dahod(Veg. Market),Mint(Pudina),Other,FAQ,2008-10-17 00:00:00,1300.0,1800.0,1600.0,360
Gujarat,Vadodara(Baroda),Vadodara(Sayajipura),Mint(Pudina),Other,FAQ,2008-01-01 00:00:00,700.0,900.0,850.0,360
Gujarat,Vadodara(Baroda),Vadodara(Sayajipura),Mint(Pudina),Other,FAQ,2008-01-02 00:00:00,700.0,900.0,850.0,360
Gujarat,Vadodara(Baroda),Vadodara(Sayajipura),Mint(Pudina),Other,FAQ,2008-01-10 00:00:00,700.0,900.0,850.0,360
Gujarat,Vadodara(Baroda),Vadodara(Sayajipura),Mint(Pudina),Other,FAQ,2008-01-13 00:00:00,700.0,900.0,850.0,360
Gujarat,Vadodara(Baroda),Vadodara(Sayajipura),Mint(Pudina),Other,FAQ,2008-01-17 00:00:00,700.0,900.0,850.0,360
Gujarat,Vadodara(Baroda),Vadodara(Sayajipura),Mint(Pudina),Other,FAQ,2008-01-18 00:00:00,700.0,900.0,850.0,360
Gujarat,Vadodara(Baroda),Vadodara(Sayajipura),Mint(Pudina),Other,FAQ,2008-01-22 00:00:00,800.0,1000.0,900.0,360
Gujarat,Vadodara(Baroda),Vadodara(Sayajipura),Mint(Pudina),Other,FAQ,2008-01-23 00:00:00,500.0,800.0,650.0,360
Gujarat,Vadodara(Baroda),Vadodara(Sayajipura),Mint(Pudina),Other,FAQ,2008-01-29 00:00:00,400.0,500.0,450.0,360
Gujarat,Vadodara(Baroda),Vadodara(Sayajipura),Mint(Pudina),Other,FAQ,2008-01-31 00:00:00,400.0,500.0,450.0,360
Gujarat,Vadodara(Baroda),Vadodara(Sayajipura),Mint(Pudina),Other,FAQ,2008-02-01 00:00:00,700.0,900.0,850.0,360
Gujarat,Vadodara(Baroda),Vadodara(Sayajipura),Mint(Pudina),Other,FAQ,2008-02-08 00:00:00,500.0,800.0,650.0,360
Gujarat,Vadodara(Baroda),Vadodara(Sayajipura),Mint(Pudina),Other,FAQ,2008-02-13 00:00:00,500.0,700.0,650.0,360
Gujarat,Vadodara(Baroda),Vadodara(Sayajipura),Mint(Pudina),Other,FAQ,2008-02-17 00:00:00,500.0,800.0,650.0,360
Gujarat,Vadodara(Baroda),Vadodara(Sayajipura),Mint(Pudina),Other,FAQ,2008-02-18 00:00:00,500.0,700.0,600.0,360
Gujarat,Vadodara(Baroda),Vadodara(Sayajipura),Mint(Pudina),Other,FAQ,2008-02-20 00:00:00,500.0,700.0,600.0,360
Gujarat,Vadodara(Baroda),Vadodara(Sayajipura),Mint(Pudina),Other,FAQ,2008-02-28 00:00:00,400.0,600.0,550.0,360
Gujarat,Vadodara(Baroda),Vadodara(Sayajipura),Mint(Pudina),Other,FAQ,2008-03-13 00:00:00,500.0,800.0,650.0,360
Gujarat,Vadodara(Baroda),Vadodara(Sayajipura),Mint(Pudina),Other,FAQ,2008-03-14 00:00:00,500.0,800.0,650.0,360
Gujarat,Vadodara(Baroda),Vadodara(Sayajipura),Mint(Pudina),Other,FAQ,2008-03-26 00:00:00,800.0,1100.0,950.0,360
Gujarat,Vadodara(Baroda),Vadodara(Sayajipura),Mint(Pudina),Other,FAQ,2008-03-29 00:00:00,500.0,800.0,650.0,360
Gujarat,Vadodara(Baroda),Vadodara(Sayajipura),Mint(Pudina),Other,FAQ,2008-04-01 00:00:00,250.0,700.0,500.0,360
Gujarat,Vadodara(Baroda),Vadodara(Sayajipura),Mint(Pudina),Other,FAQ,2008-04-06 00:00:00,800.0,1000.0,925.0,360
Gujarat,Vadodara(Baroda),Vadodara(Sayajipura),Mint(Pudina),Other,FAQ,2008-04-09 00:00:00,800.0,1000.0,900.0,360
Gujarat,Vadodara(Baroda),Vadodara(Sayajipura),Mint(Pudina),Other,FAQ,2008-04-26 00:00:00,500.0,700.0,600.0,360
Gujarat,Vadodara(Baroda),Vadodara(Sayajipura),Mint(Pudina),Other,FAQ,2008-04-28 00:00:00,600.0,700.0,675.0,360
Gujarat,Vadodara(Baroda),Vadodara(Sayajipura),Mint(Pudina),Other,FAQ,2008-06-24 00:00:00,500.0,750.0,675.0,360
Gujarat,Vadodara(Baroda),Vadodara(Sayajipura),Mint(Pudina),Other,FAQ,2008-07-05 00:00:00,500.0,800.0,700.0,360
Gujarat,Vadodara(Baroda),Vadodara(Sayajipura),Mint(Pudina),Other,FAQ,2008-07-27 00:00:00,400.0,600.0,475.0,360
Gujarat,Vadodara(Baroda),Vadodara(Sayajipura),Mint(Pudina),Other,FAQ,2008-08-18 00:00:00,1500.0,2000.0,1750.0,360
Gujarat,Vadodara(Baroda),Vadodara(Sayajipura),Mint(Pudina),Other,FAQ,2008-08-23 00:00:00,1000.0,1500.0,1250.0,360
Gujarat,Vadodara(Baroda),Vadodara(Sayajipura),Mint(Pudina),Other,FAQ,2008-08-24 00:00:00,1000.0,1500.0,1250.0,360
Gujarat,Vadodara(Baroda),Vadodara(Sayajipura),Mint(Pudina),Other,FAQ,2008-09-02 00:00:00,1000.0,1250.0,1125.0,360
Gujarat,Vadodara(Baroda),Vadodara(Sayajipura),Mint(Pudina),Other,FAQ,2008-09-05 00:00:00,1000.0,1500.0,1250.0,360
Gujarat,Vadodara(Baroda),Vadodara(Sayajipura),Mint(Pudina),Other,FAQ,2008-09-16 00:00:00,1500.0,2000.0,1750.0,360
Gujarat,Vadodara(Baroda),Vadodara(Sayajipura),Mint(Pudina),Other,FAQ,2008-09-25 00:00:00,900.0,1100.0,1050.0,360
Gujarat,Vadodara(Baroda),Vadodara(Sayajipura),Mint(Pudina),Other,FAQ,2008-11-08 00:00:00,500.0,750.0,675.0,360
Gujarat,Vadodara(Baroda),Vadodara(Sayajipura),Mint(Pudina),Other,FAQ,2008-11-23 00:00:00,500.0,750.0,625.0,360
Gujarat,Vadodara(Baroda),Vadodara(Sayajipura),Mint(Pudina),Other,FAQ,2008-11-29 00:00:00,500.0,800.0,700.0,360
Gujarat,Vadodara(Baroda),Vadodara(Sayajipura),Mint(Pudina),Other,FAQ,2008-12-12 00:00:00,500.0,700.0,650.0,360
Gujarat,Vadodara(Baroda),Vadodara(Sayajipura),Mint(Pudina),Other,FAQ,2008-12-14 00:00:00,500.0,800.0,700.0,360
Gujarat,Vadodara(Baroda),Vadodara(Sayajipura),Mint(Pudina),Other,FAQ,2008-12-16 00:00:00,500.0,800.0,675.0,360
Gujarat,Vadodara(Baroda),Vadodara(Sayajipura),Mint(Pudina),Other,FAQ,2008-12-23 00:00:00,600.0,700.0,675.0,360
Gujarat,Vadodara(Baroda),Padra,Mint(Pudina),Other,FAQ,2007-01-16 00:00:00,1000.0,1500.0,1250.0,360
Gujarat,Vadodara(Baroda),Padra,Mint(Pudina),Other,FAQ,2007-01-17 00:00:00,1000.0,1500.0,1250.0,360
Gujarat,Vadodara(Baroda),Padra,Mint(Pudina),Other,FAQ,2007-01-18 00:00:00,1000.0,1500.0,1250.0,360
Gujarat,Vadodara(Baroda),Padra,Mint(Pudina),Other,FAQ,2007-01-19 00:00:00,1250.0,1500.0,1350.0,360
Gujarat,Vadodara(Baroda),Padra,Mint(Pudina),Other,FAQ,2007-01-25 00:00:00,1000.0,1500.0,1250.0,360
Gujarat,Vadodara(Baroda),Padra,Mint(Pudina),Other,FAQ,2007-01-29 00:00:00,1250.0,1500.0,1350.0,360
Gujarat,Vadodara(Baroda),Padra,Mint(Pudina),Other,FAQ,2007-03-12 00:00:00,1250.0,1500.0,1400.0,360
Gujarat,Vadodara(Baroda),Padra,Mint(Pudina),Other,FAQ,2007-03-26 00:00:00,1400.0,1500.0,1450.0,360
Gujarat,Vadodara(Baroda),Padra,Mint(Pudina),Other,FAQ,2007-04-17 00:00:00,1300.0,1500.0,1400.0,360
Gujarat,Vadodara(Baroda),Padra,Mint(Pudina),Other,FAQ,2007-04-20 00:00:00,1250.0,1500.0,1400.0,360
Gujarat,Vadodara(Baroda),Padra,Mint(Pudina),Other,FAQ,2007-04-23 00:00:00,1250.0,1500.0,1400.0,360
Gujarat,Vadodara(Baroda),Padra,Mint(Pudina),Other,FAQ,2007-04-24 00:00:00,1000.0,1500.0,1250.0,360
Gujarat,Vadodara(Baroda),Padra,Mint(Pudina),Other,FAQ,2007-05-04 00:00:00,1000.0,1500.0,1250.0,360
Gujarat,Vadodara(Baroda),Padra,Mint(Pudina),Other,FAQ,2007-05-05 00:00:00,1000.0,1500.0,1300.0,360
Gujarat,Vadodara(Baroda),Padra,Mint(Pudina),Other,FAQ,2007-05-07 00:00:00,1000.0,1500.0,1250.0,360
Gujarat,Vadodara(Baroda),Padra,Mint(Pudina),Other,FAQ,2007-05-09 00:00:00,1500.0,2000.0,1800.0,360
Gujarat,Vadodara(Baroda),Padra,Mint(Pudina),Other,FAQ,2007-05-16 00:00:00,1500.0,1750.0,1600.0,360
Gujarat,Vadodara(Baroda),Padra,Mint(Pudina),Other,FAQ,2007-05-18 00:00:00,1500.0,1750.0,1600.0,360
Gujarat,Vadodara(Baroda),Padra,Mint(Pudina),Other,FAQ,2007-05-26 00:00:00,1500.0,2000.0,1800.0,360
Gujarat,Vadodara(Baroda),Padra,Mint(Pudina),Other,FAQ,2007-06-06 00:00:00,1500.0,1875.0,1700.0,360
Gujarat,Vadodara(Baroda),Padra,Mint(Pudina),Other,FAQ,2007-06-13 00:00:00,1500.0,2000.0,1800.0,360
Gujarat,Vadodara(Baroda),Padra,Mint(Pudina),Other,FAQ,2007-06-15 00:00:00,1500.0,2000.0,1750.0,360
Gujarat,Vadodara(Baroda),Padra,Mint(Pudina),Other,FAQ,2007-06-21 00:00:00,1500.0,2000.0,1750.0,360
Gujarat,Vadodara(Baroda),Padra,Mint(Pudina),Other,FAQ,2007-07-28 00:00:00,1375.0,1500.0,1450.0,360
Gujarat,Vadodara(Baroda),Padra,Mint(Pudina),Other,FAQ,2007-08-02 00:00:00,1500.0,1750.0,1600.0,360
Gujarat,Vadodara(Baroda),Vadodara,Mint(Pudina),Other,FAQ,2007-01-06 00:00:00,500.0,1000.0,700.0,360
Gujarat,Vadodara(Baroda),Vadodara,Mint(Pudina),Other,FAQ,2007-01-10 00:00:00,500.0,800.0,550.0,360
Gujarat,Vadodara(Baroda),Vadodara,Mint(Pudina),Other,FAQ,2007-01-12 00:00:00,500.0,800.0,600.0,360
Gujarat,Vadodara(Baroda),Vadodara,Mint(Pudina),Other,FAQ,2007-01-25 00:00:00,500.0,800.0,675.0,360
Gujarat,Vadodara(Baroda),Vadodara,Mint(Pudina),Other,FAQ,2007-01-28 00:00:00,500.0,800.0,600.0,360
Gujarat,Vadodara(Baroda),Vadodara,Mint(Pudina),Other,FAQ,2007-01-29 00:00:00,500.0,750.0,575.0,360
Gujarat,Vadodara(Baroda),Vadodara,Mint(Pudina),Other,FAQ,2007-01-31 00:00:00,500.0,750.0,575.0,360
Gujarat,Vadodara(Baroda),Vadodara,Mint(Pudina),Other,FAQ,2007-02-01 00:00:00,500.0,650.0,575.0,360
Gujarat,Vadodara(Baroda),Vadodara,Mint(Pudina),Other,FAQ,2007-02-03 00:00:00,500.0,1000.0,700.0,360
Gujarat,Vadodara(Baroda),Vadodara,Mint(Pudina),Other,FAQ,2007-02-11 00:00:00,500.0,800.0,700.0,360
Gujarat,Vadodara(Baroda),Vadodara,Mint(Pudina),Other,FAQ,2007-02-14 00:00:00,500.0,800.0,650.0,360
Gujarat,Vadodara(Baroda),Vadodara,Mint(Pudina),Other,FAQ,2007-02-26 00:00:00,500.0,1000.0,675.0,360
Gujarat,Vadodara(Baroda),Vadodara,Mint(Pudina),Other,FAQ,2007-07-05 00:00:00,750.0,1250.0,975.0,360
Gujarat,Vadodara(Baroda),Vadodara,Mint(Pudina),Other,FAQ,2007-07-06 00:00:00,750.0,1250.0,975.0,360
Gujarat,Vadodara(Baroda),Vadodara,Mint(Pudina),Other,FAQ,2007-07-09 00:00:00,750.0,1250.0,900.0,360
Gujarat,Vadodara(Baroda),Vadodara,Mint(Pudina),Other,FAQ,2007-07-14 00:00:00,750.0,1250.0,950.0,360
Gujarat,Vadodara(Baroda),Vadodara,Mint(Pudina),Other,FAQ,2007-07-19 00:00:00,500.0,1000.0,700.0,360
Gujarat,Vadodara(Baroda),Vadodara(Sayajipura),Mint(Pudina),Other,FAQ,2007-07-26 00:00:00,500.0,800.0,600.0,360
Gujarat,Vadodara(Baroda),Vadodara(Sayajipura),Mint(Pudina),Other,FAQ,2007-08-03 00:00:00,400.0,750.0,550.0,360
Gujarat,Vadodara(Baroda),Vadodara(Sayajipura),Mint(Pudina),Other,FAQ,2007-08-09 00:00:00,400.0,750.0,500.0,360
Gujarat,Vadodara(Baroda),Vadodara(Sayajipura),Mint(Pudina),Other,FAQ,2007-08-18 00:00:00,500.0,800.0,725.0,360
Gujarat,Vadodara(Baroda),Vadodara(Sayajipura),Mint(Pudina),Other,FAQ,2007-09-15 00:00:00,500.0,900.0,700.0,360
Gujarat,Vadodara(Baroda),Vadodara(Sayajipura),Mint(Pudina),Other,FAQ,2007-09-17 00:00:00,500.0,900.0,700.0,360
Gujarat,Vadodara(Baroda),Vadodara(Sayajipura),Mint(Pudina),Other,FAQ,2007-09-18 00:00:00,500.0,900.0,700.0,360
Gujarat,Vadodara(Baroda),Vadodara(Sayajipura),Mint(Pudina),Other,FAQ,2007-10-03 00:00:00,900.0,1200.0,975.0,360
Gujarat,Vadodara(Baroda),Vadodara(Sayajipura),Mint(Pudina),Other,FAQ,2007-10-07 00:00:00,900.0,1100.0,950.0,360
Gujarat,Vadodara(Baroda),Vadodara(Sayajipura),Mint(Pudina),Other,FAQ,2007-10-15 00:00:00,750.0,1100.0,950.0,360
Gujarat,Vadodara(Baroda),Vadodara(Sayajipura),Mint(Pudina),Other,FAQ,2007-10-21 00:00:00,500.0,1000.0,900.0,360
Gujarat,Vadodara(Baroda),Vadodara(Sayajipura),Mint(Pudina),Other,FAQ,2007-11-06 00:00:00,600.0,900.0,800.0,360
Gujarat,Vadodara(Baroda),Vadodara(Sayajipura),Mint(Pudina),Other,FAQ,2007-11-14 00:00:00,700.0,1200.0,900.0,360
Gujarat,Vadodara(Baroda),Vadodara(Sayajipura),Mint(Pudina),Other,FAQ,2007-11-16 00:00:00,750.0,1250.0,1200.0,360
Gujarat,Vadodara(Baroda),Vadodara(Sayajipura),Mint(Pudina),Other,FAQ,2007-11-18 00:00:00,700.0,1100.0,850.0,360
Gujarat,Vadodara(Baroda),Vadodara(Sayajipura),Mint(Pudina),Other,FAQ,2007-11-23 00:00:00,700.0,1000.0,900.0,360
Gujarat,Vadodara(Baroda),Vadodara(Sayajipura),Mint(Pudina),Other,FAQ,2007-11-24 00:00:00,600.0,1100.0,750.0,360
Gujarat,Vadodara(Baroda),Vadodara(Sayajipura),Mint(Pudina),Other,FAQ,2007-11-26 00:00:00,700.0,900.0,800.0,360
Gujarat,Vadodara(Baroda),Vadodara(Sayajipura),Mint(Pudina),Other,FAQ,2007-11-28 00:00:00,700.0,1000.0,800.0,360
Gujarat,Vadodara(Baroda),Vadodara(Sayajipura),Mint(Pudina),Other,FAQ,2007-12-07 00:00:00,700.0,800.0,775.0,360
Gujarat,Vadodara(Baroda),Vadodara(Sayajipura),Mint(Pudina),Other,FAQ,2007-12-09 00:00:00,700.0,800.0,775.0,360
Gujarat,Vadodara(Baroda),Vadodara(Sayajipura),Mint(Pudina),Other,FAQ,2007-12-10 00:00:00,700.0,900.0,775.0,360
Gujarat,Vadodara(Baroda),Vadodara(Sayajipura),Mint(Pudina),Other,FAQ,2007-12-13 00:00:00,700.0,900.0,850.0,360
Gujarat,Vadodara(Baroda),Vadodara(Sayajipura),Mint(Pudina),Other,FAQ,2007-12-15 00:00:00,700.0,1000.0,900.0,360
Gujarat,Vadodara(Baroda),Vadodara(Sayajipura),Mint(Pudina),Other,FAQ,2007-12-21 00:00:00,700.0,900.0,800.0,360
Gujarat,Vadodara(Baroda),Vadodara(Sayajipura),Mint(Pudina),Other,FAQ,2007-12-25 00:00:00,500.0,600.0,550.0,360
Gujarat,Ahmedabad,Ahmedabad(Rajnagar sub yard),Mint(Pudina),Other,FAQ,2009-01-03 00:00:00,300.0,800.0,650.0,360
Gujarat,Ahmedabad,Ahmedabad(Rajnagar sub yard),Mint(Pudina),Other,FAQ,2009-01-09 00:00:00,400.0,1000.0,800.0,360
Gujarat,Ahmedabad,Ahmedabad(Rajnagar sub yard),Mint(Pudina),Other,FAQ,2009-01-26 00:00:00,250.0,800.0,450.0,360
Gujarat,Ahmedabad,Ahmedabad(Rajnagar sub yard),Mint(Pudina),Other,FAQ,2009-01-27 00:00:00,300.0,600.0,500.0,360
Gujarat,Ahmedabad,Ahmedabad(Rajnagar sub yard),Mint(Pudina),Other,FAQ,2009-01-31 00:00:00,350.0,800.0,600.0,360
Gujarat,Ahmedabad,Ahmedabad(Rajnagar sub yard),Mint(Pudina),Other,FAQ,2009-02-13 00:00:00,300.0,800.0,600.0,360
Gujarat,Ahmedabad,Ahmedabad(Rajnagar sub yard),Mint(Pudina),Other,FAQ,2009-02-16 00:00:00,400.0,800.0,600.0,360
Gujarat,Ahmedabad,Ahmedabad(Rajnagar sub yard),Mint(Pudina),Other,FAQ,2009-02-18 00:00:00,300.0,500.0,450.0,360
Gujarat,Ahmedabad,Ahmedabad(Rajnagar sub yard),Mint(Pudina),Other,FAQ,2009-02-20 00:00:00,350.0,800.0,650.0,360
Gujarat,Ahmedabad,Ahmedabad(Rajnagar sub yard),Mint(Pudina),Other,FAQ,2009-02-26 00:00:00,300.0,800.0,650.0,360
Gujarat,Ahmedabad,Ahmedabad(Rajnagar sub yard),Mint(Pudina),Other,FAQ,2009-03-16 00:00:00,400.0,800.0,700.0,360
Gujarat,Ahmedabad,Ahmedabad(Rajnagar sub yard),Mint(Pudina),Other,FAQ,2009-03-19 00:00:00,300.0,800.0,600.0,360
Gujarat,Ahmedabad,Ahmedabad(Rajnagar sub yard),Mint(Pudina),Other,FAQ,2009-03-20 00:00:00,300.0,800.0,600.0,360
Gujarat,Ahmedabad,Ahmedabad(Rajnagar sub yard),Mint(Pudina),Other,FAQ,2009-04-04 00:00:00,350.0,700.0,600.0,360
Gujarat,Ahmedabad,Ahmedabad(Rajnagar sub yard),Mint(Pudina),Other,FAQ,2009-04-07 00:00:00,400.0,500.0,450.0,360
Gujarat,Ahmedabad,Ahmedabad(Rajnagar sub yard),Mint(Pudina),Other,FAQ,2009-04-14 00:00:00,500.0,600.0,550.0,360
Gujarat,Ahmedabad,Ahmedabad(Rajnagar sub yard),Mint(Pudina),Other,FAQ,2009-04-20 00:00:00,500.0,700.0,650.0,360
Gujarat,Ahmedabad,Ahmedabad(Rajnagar sub yard),Mint(Pudina),Other,FAQ,2009-04-21 00:00:00,600.0,800.0,750.0,360
Gujarat,Ahmedabad,Ahmedabad(Rajnagar sub yard),Mint(Pudina),Other,FAQ,2009-04-23 00:00:00,600.0,800.0,750.0,360
Gujarat,Ahmedabad,Ahmedabad(Rajnagar sub yard),Mint(Pudina),Other,FAQ,2009-05-05 00:00:00,600.0,1000.0,900.0,360
Gujarat,Ahmedabad,Ahmedabad(Rajnagar sub yard),Mint(Pudina),Other,FAQ,2009-05-13 00:00:00,400.0,600.0,550.0,360
Gujarat,Ahmedabad,Ahmedabad(Rajnagar sub yard),Mint(Pudina),Other,FAQ,2009-05-16 00:00:00,400.0,800.0,700.0,360
Gujarat,Ahmedabad,Ahmedabad(Rajnagar sub yard),Mint(Pudina),Other,FAQ,2009-05-25 00:00:00,400.0,700.0,600.0,360
Gujarat,Ahmedabad,Ahmedabad(Rajnagar sub yard),Mint(Pudina),Other,FAQ,2009-05-30 00:00:00,600.0,1000.0,850.0,360
Gujarat,Ahmedabad,Ahmedabad(Rajnagar sub yard),Mint(Pudina),Other,FAQ,2009-06-01 00:00:00,700.0,1000.0,900.0,360
Gujarat,Ahmedabad,Ahmedabad(Rajnagar sub yard),Mint(Pudina),Other,FAQ,2009-06-13 00:00:00,500.0,1200.0,950.0,360
Gujarat,Ahmedabad,Ahmedabad(Rajnagar sub yard),Mint(Pudina),Other,FAQ,2009-06-19 00:00:00,700.0,1200.0,1000.0,360
Gujarat,Ahmedabad,Ahmedabad(Rajnagar sub yard),Mint(Pudina),Other,FAQ,2009-06-23 00:00:00,900.0,1300.0,1100.0,360
Gujarat,Ahmedabad,Ahmedabad(Rajnagar sub yard),Mint(Pudina),Other,FAQ,2009-06-29 00:00:00,1000.0,1400.0,1300.0,360
Gujarat,Ahmedabad,Ahmedabad(Rajnagar sub yard),Mint(Pudina),Other,FAQ,2009-07-06 00:00:00,800.0,1000.0,950.0,360
Gujarat,Ahmedabad,Ahmedabad(Rajnagar sub yard),Mint(Pudina),Other,FAQ,2009-07-07 00:00:00,800.0,1000.0,900.0,360
Gujarat,Ahmedabad,Ahmedabad(Rajnagar sub yard),Mint(Pudina),Other,FAQ,2009-07-13 00:00:00,800.0,1300.0,1200.0,360
Gujarat,Ahmedabad,Ahmedabad(Rajnagar sub yard),Mint(Pudina),Other,FAQ,2009-07-15 00:00:00,1200.0,1400.0,1300.0,360
Gujarat,Ahmedabad,Ahmedabad(Rajnagar sub yard),Mint(Pudina),Other,FAQ,2009-07-23 00:00:00,800.0,1400.0,1250.0,360
Gujarat,Ahmedabad,Ahmedabad(Rajnagar sub yard),Mint(Pudina),Other,FAQ,2009-07-27 00:00:00,1000.0,1250.0,1150.0,360
Gujarat,Ahmedabad,Ahmedabad(Rajnagar sub yard),Mint(Pudina),Other,FAQ,2009-07-28 00:00:00,1000.0,1600.0,1400.0,360
Gujarat,Ahmedabad,Ahmedabad(Rajnagar sub yard),Mint(Pudina),Other,FAQ,2009-08-18 00:00:00,500.0,1500.0,1200.0,360
Gujarat,Ahmedabad,Ahmedabad(Rajnagar sub yard),Mint(Pudina),Other,FAQ,2009-08-19 00:00:00,800.0,1300.0,1100.0,360
Gujarat,Ahmedabad,Ahmedabad(Rajnagar sub yard),Mint(Pudina),Other,FAQ,2009-08-21 00:00:00,1200.0,1500.0,1400.0,360
Gujarat,Ahmedabad,Ahmedabad(Rajnagar sub yard),Mint(Pudina),Other,FAQ,2009-08-25 00:00:00,1400.0,2500.0,2200.0,360
Gujarat,Ahmedabad,Ahmedabad(Rajnagar sub yard),Mint(Pudina),Other,FAQ,2009-09-05 00:00:00,1000.0,1500.0,1300.0,360
Gujarat,Ahmedabad,Ahmedabad(Rajnagar sub yard),Mint(Pudina),Other,FAQ,2009-09-07 00:00:00,1000.0,2000.0,1700.0,360
Gujarat,Ahmedabad,Ahmedabad(Rajnagar sub yard),Mint(Pudina),Other,FAQ,2009-09-09 00:00:00,1200.0,2000.0,1600.0,360
Gujarat,Ahmedabad,Ahmedabad(Rajnagar sub yard),Mint(Pudina),Other,FAQ,2009-09-29 00:00:00,1750.0,2250.0,2000.0,360
Gujarat,Ahmedabad,Ahmedabad(Rajnagar sub yard),Mint(Pudina),Other,FAQ,2009-10-06 00:00:00,1500.0,2250.0,2000.0,360
Gujarat,Ahmedabad,Ahmedabad(Rajnagar sub yard),Mint(Pudina),Other,FAQ,2009-10-08 00:00:00,1000.0,2000.0,1600.0,360
Gujarat,Ahmedabad,Ahmedabad(Rajnagar sub yard),Mint(Pudina),Other,FAQ,2009-10-10 00:00:00,1750.0,2500.0,2200.0,360
Gujarat,Ahmedabad,Ahmedabad(Rajnagar sub yard),Mint(Pudina),Other,FAQ,2009-10-12 00:00:00,1000.0,2500.0,2100.0,360
Gujarat,Ahmedabad,Ahmedabad(Rajnagar sub yard),Mint(Pudina),Other,FAQ,2009-10-17 00:00:00,1500.0,2500.0,2100.0,360
Gujarat,Ahmedabad,Ahmedabad(Rajnagar sub yard),Mint(Pudina),Other,FAQ,2009-10-22 00:00:00,1500.0,2000.0,1800.0,360
Gujarat,Ahmedabad,Ahmedabad(Rajnagar sub yard),Mint(Pudina),Other,FAQ,2009-11-04 00:00:00,1500.0,2000.0,1800.0,360
Gujarat,Ahmedabad,Ahmedabad(Rajnagar sub yard),Mint(Pudina),Other,FAQ,2009-11-16 00:00:00,1000.0,1750.0,1500.0,360
Gujarat,Ahmedabad,Ahmedabad(Rajnagar sub yard),Mint(Pudina),Other,FAQ,2009-11-27 00:00:00,1250.0,2000.0,1700.0,360
Gujarat,Ahmedabad,Ahmedabad(Rajnagar sub yard),Mint(Pudina),Other,FAQ,2009-11-28 00:00:00,1000.0,2000.0,1600.0,360
Gujarat,Ahmedabad,Ahmedabad(Rajnagar sub yard),Mint(Pudina),Other,FAQ,2009-12-17 00:00:00,500.0,800.0,700.0,360
Gujarat,Ahmedabad,Ahmedabad(Rajnagar sub yard),Mint(Pudina),Other,FAQ,2009-12-18 00:00:00,500.0,800.0,700.0,360
Gujarat,Ahmedabad,Ahmedabad(Rajnagar sub yard),Mint(Pudina),Other,FAQ,2009-12-19 00:00:00,600.0,900.0,800.0,360
Gujarat,Ahmedabad,Ahmedabad(Rajnagar sub yard),Mint(Pudina),Other,FAQ,2009-12-25 00:00:00,600.0,800.0,700.0,360
Gujarat,Bharuch,Bharuch,Mint(Pudina),Other,FAQ,2009-08-28 00:00:00,2000.0,3000.0,2500.0,360
Gujarat,Bharuch,Bharuch,Mint(Pudina),Other,FAQ,2009-09-15 00:00:00,1500.0,1750.0,1625.0,360
Gujarat,Bharuch,Bharuch,Mint(Pudina),Other,FAQ,2009-09-17 00:00:00,1500.0,1750.0,1625.0,360
Gujarat,Bharuch,Bharuch,Mint(Pudina),Other,FAQ,2009-10-10 00:00:00,1500.0,1700.0,1600.0,360
Gujarat,Bharuch,Bharuch,Mint(Pudina),Other,FAQ,2009-10-30 00:00:00,1500.0,2000.0,1750.0,360
Gujarat,Bharuch,Bharuch,Mint(Pudina),Other,FAQ,2009-12-16 00:00:00,1200.0,1500.0,1350.0,360
Gujarat,Bharuch,Bharuch,Mint(Pudina),Other,FAQ,2009-12-22 00:00:00,1200.0,1500.0,1350.0,360
Gujarat,Vadodara(Baroda),Vadodara(Sayajipura),Mint(Pudina),Other,FAQ,2009-01-07 00:00:00,600.0,700.0,650.0,360
Gujarat,Vadodara(Baroda),Vadodara(Sayajipura),Mint(Pudina),Other,FAQ,2009-01-09 00:00:00,500.0,800.0,725.0,360
Gujarat,Vadodara(Baroda),Vadodara(Sayajipura),Mint(Pudina),Other,FAQ,2009-01-23 00:00:00,600.0,700.0,675.0,360
Gujarat,Vadodara(Baroda),Vadodara(Sayajipura),Mint(Pudina),Other,FAQ,2009-01-26 00:00:00,500.0,700.0,625.0,360
Gujarat,Vadodara(Baroda),Vadodara(Sayajipura),Mint(Pudina),Other,FAQ,2009-01-27 00:00:00,600.0,700.0,675.0,360
Gujarat,Vadodara(Baroda),Vadodara(Sayajipura),Mint(Pudina),Other,FAQ,2009-01-29 00:00:00,500.0,600.0,575.0,360
Gujarat,Vadodara(Baroda),Vadodara(Sayajipura),Mint(Pudina),Other,FAQ,2009-01-30 00:00:00,500.0,600.0,575.0,360
Gujarat,Vadodara(Baroda),Vadodara(Sayajipura),Mint(Pudina),Other,FAQ,2009-02-05 00:00:00,500.0,600.0,575.0,360
Gujarat,Vadodara(Baroda),Vadodara(Sayajipura),Mint(Pudina),Other,FAQ,2009-02-07 00:00:00,600.0,700.0,675.0,360
Gujarat,Vadodara(Baroda),Vadodara(Sayajipura),Mint(Pudina),Other,FAQ,2009-02-08 00:00:00,600.0,700.0,675.0,360
Gujarat,Vadodara(Baroda),Vadodara(Sayajipura),Mint(Pudina),Other,FAQ,2009-02-20 00:00:00,500.0,600.0,575.0,360
Gujarat,Vadodara(Baroda),Vadodara(Sayajipura),Mint(Pudina),Other,FAQ,2009-02-21 00:00:00,400.0,500.0,475.0,360
Gujarat,Vadodara(Baroda),Vadodara(Sayajipura),Mint(Pudina),Other,FAQ,2009-03-01 00:00:00,600.0,700.0,650.0,360
Gujarat,Vadodara(Baroda),Vadodara(Sayajipura),Mint(Pudina),Other,FAQ,2009-03-09 00:00:00,500.0,600.0,550.0,360
Gujarat,Vadodara(Baroda),Vadodara(Sayajipura),Mint(Pudina),Other,FAQ,2009-03-13 00:00:00,500.0,600.0,550.0,360
Gujarat,Vadodara(Baroda),Vadodara(Sayajipura),Mint(Pudina),Other,FAQ,2009-03-14 00:00:00,500.0,600.0,550.0,360
Gujarat,Vadodara(Baroda),Vadodara(Sayajipura),Mint(Pudina),Other,FAQ,2009-03-15 00:00:00,300.0,400.0,375.0,360
Gujarat,Vadodara(Baroda),Vadodara(Sayajipura),Mint(Pudina),Other,FAQ,2009-03-16 00:00:00,500.0,600.0,550.0,360
Gujarat,Vadodara(Baroda),Vadodara(Sayajipura),Mint(Pudina),Other,FAQ,2009-03-21 00:00:00,800.0,1000.0,950.0,360
Gujarat,Vadodara(Baroda),Vadodara(Sayajipura),Mint(Pudina),Other,FAQ,2009-03-22 00:00:00,800.0,1000.0,950.0,360
Gujarat,Vadodara(Baroda),Vadodara(Sayajipura),Mint(Pudina),Other,FAQ,2009-03-30 00:00:00,800.0,1000.0,900.0,360
Gujarat,Vadodara(Baroda),Vadodara(Sayajipura),Mint(Pudina),Other,FAQ,2009-04-09 00:00:00,800.0,1000.0,925.0,360
Gujarat,Vadodara(Baroda),Vadodara(Sayajipura),Mint(Pudina),Other,FAQ,2009-04-10 00:00:00,1000.0,1200.0,1100.0,360
Gujarat,Vadodara(Baroda),Vadodara(Sayajipura),Mint(Pudina),Other,FAQ,2009-04-11 00:00:00,1000.0,1200.0,1100.0,360
Gujarat,Vadodara(Baroda),Vadodara(Sayajipura),Mint(Pudina),Other,FAQ,2009-04-13 00:00:00,1000.0,1200.0,1100.0,360
Gujarat,Vadodara(Baroda),Vadodara(Sayajipura),Mint(Pudina),Other,FAQ,2009-04-28 00:00:00,600.0,800.0,725.0,360
Gujarat,Vadodara(Baroda),Vadodara(Sayajipura),Mint(Pudina),Other,FAQ,2009-04-30 00:00:00,600.0,800.0,700.0,360
Gujarat,Vadodara(Baroda),Vadodara(Sayajipura),Mint(Pudina),Other,FAQ,2009-05-31 00:00:00,900.0,1000.0,950.0,360
Gujarat,Vadodara(Baroda),Vadodara(Sayajipura),Mint(Pudina),Other,FAQ,2009-06-26 00:00:00,1000.0,1400.0,1200.0,360
Gujarat,Vadodara(Baroda),Vadodara(Sayajipura),Mint(Pudina),Other,FAQ,2009-06-28 00:00:00,1000.0,1400.0,1200.0,360
Gujarat,Vadodara(Baroda),Vadodara(Sayajipura),Mint(Pudina),Other,FAQ,2009-07-14 00:00:00,500.0,1000.0,775.0,360
Gujarat,Vadodara(Baroda),Vadodara(Sayajipura),Mint(Pudina),Other,FAQ,2009-07-17 00:00:00,500.0,900.0,725.0,360
Gujarat,Vadodara(Baroda),Vadodara(Sayajipura),Mint(Pudina),Other,FAQ,2009-08-25 00:00:00,1500.0,2000.0,1775.0,360
Gujarat,Vadodara(Baroda),Vadodara(Sayajipura),Mint(Pudina),Other,FAQ,2009-08-28 00:00:00,800.0,1400.0,1100.0,360
Gujarat,Vadodara(Baroda),Vadodara(Sayajipura),Mint(Pudina),Other,FAQ,2009-09-05 00:00:00,1200.0,1500.0,1350.0,360
Gujarat,Vadodara(Baroda),Vadodara(Sayajipura),Mint(Pudina),Other,FAQ,2009-09-08 00:00:00,1100.0,1250.0,1150.0,360
Gujarat,Vadodara(Baroda),Vadodara(Sayajipura),Mint(Pudina),Other,FAQ,2009-09-12 00:00:00,1400.0,1600.0,1500.0,360
Gujarat,Vadodara(Baroda),Vadodara(Sayajipura),Mint(Pudina),Other,FAQ,2009-09-13 00:00:00,1500.0,1600.0,1525.0,360
Gujarat,Vadodara(Baroda),Vadodara(Sayajipura),Mint(Pudina),Other,FAQ,2009-09-14 00:00:00,1500.0,1800.0,1650.0,360
Gujarat,Vadodara(Baroda),Vadodara(Sayajipura),Mint(Pudina),Other,FAQ,2009-09-28 00:00:00,1250.0,1600.0,1450.0,360
Gujarat,Vadodara(Baroda),Vadodara(Sayajipura),Mint(Pudina),Other,FAQ,2009-09-29 00:00:00,800.0,1000.0,900.0,360
Gujarat,Vadodara(Baroda),Vadodara(Sayajipura),Mint(Pudina),Other,FAQ,2009-10-01 00:00:00,800.0,1100.0,950.0,360
Gujarat,Vadodara(Baroda),Vadodara(Sayajipura),Mint(Pudina),Other,FAQ,2009-10-21 00:00:00,1400.0,1600.0,1550.0,360
Gujarat,Vadodara(Baroda),Vadodara(Sayajipura),Mint(Pudina),Other,FAQ,2009-10-25 00:00:00,1250.0,1500.0,1375.0,360
Gujarat,Vadodara(Baroda),Vadodara(Sayajipura),Mint(Pudina),Other,FAQ,2009-10-30 00:00:00,1200.0,1300.0,1250.0,360
Gujarat,Vadodara(Baroda),Vadodara(Sayajipura),Mint(Pudina),Other,FAQ,2009-11-05 00:00:00,1100.0,1250.0,1175.0,360
Gujarat,Vadodara(Baroda),Vadodara(Sayajipura),Mint(Pudina),Other,FAQ,2009-11-06 00:00:00,1100.0,1250.0,1175.0,360
Gujarat,Vadodara(Baroda),Vadodara(Sayajipura),Mint(Pudina),Other,FAQ,2009-11-09 00:00:00,1750.0,1900.0,1800.0,360
Gujarat,Vadodara(Baroda),Vadodara(Sayajipura),Mint(Pudina),Other,FAQ,2009-11-16 00:00:00,1500.0,2500.0,2000.0,360
Gujarat,Vadodara(Baroda),Vadodara(Sayajipura),Mint(Pudina),Other,FAQ,2009-11-20 00:00:00,1000.0,2000.0,1500.0,360
Gujarat,Vadodara(Baroda),Vadodara(Sayajipura),Mint(Pudina),Other,FAQ,2009-11-21 00:00:00,1000.0,1500.0,1275.0,360
Gujarat,Vadodara(Baroda),Vadodara(Sayajipura),Mint(Pudina),Other,FAQ,2009-11-24 00:00:00,1500.0,2000.0,1750.0,360
Gujarat,Vadodara(Baroda),Vadodara(Sayajipura),Mint(Pudina),Other,FAQ,2009-11-30 00:00:00,800.0,1200.0,1000.0,360
Gujarat,Vadodara(Baroda),Vadodara(Sayajipura),Mint(Pudina),Other,FAQ,2009-12-07 00:00:00,1000.0,1250.0,1125.0,360
Gujarat,Vadodara(Baroda),Vadodara(Sayajipura),Mint(Pudina),Other,FAQ,2009-12-10 00:00:00,1500.0,2000.0,1750.0,360
Gujarat,Vadodara(Baroda),Vadodara(Sayajipura),Mint(Pudina),Other,FAQ,2009-12-18 00:00:00,1250.0,1500.0,1375.0,360
Gujarat,Vadodara(Baroda),Vadodara(Sayajipura),Mint(Pudina),Other,FAQ,2009-12-31 00:00:00,900.0,1100.0,1050.0,360
Gujarat,Bharuch,Bharuch,Mint(Pudina),Other,FAQ,2025-01-23 00:00:00,1000.0,1500.0,1200.0,360
Gujarat,Dahod,Dahod(Veg. Market),Mint(Pudina),Mint(Pudina),FAQ,2025-01-01 00:00:00,2000.0,3500.0,2500.0,360
Gujarat,Dahod,Dahod(Veg. Market),Mint(Pudina),Mint(Pudina),FAQ,2025-01-09 00:00:00,3000.0,4000.0,3500.0,360
Gujarat,Dahod,Dahod(Veg. Market),Mint(Pudina),Mint(Pudina),FAQ,2025-01-11 00:00:00,2000.0,4000.0,3000.0,360
Gujarat,Dahod,Dahod(Veg. Market),Mint(Pudina),Mint(Pudina),FAQ,2025-01-16 00:00:00,2000.0,4000.0,3000.0,360
Gujarat,Dahod,Dahod(Veg. Market),Mint(Pudina),Mint(Pudina),FAQ,2025-01-25 00:00:00,1000.0,2500.0,2000.0,360
Gujarat,Dahod,Dahod(Veg. Market),Mint(Pudina),Mint(Pudina),FAQ,2025-01-28 00:00:00,2000.0,3000.0,2500.0,360
Gujarat,Dahod,Dahod(Veg. Market),Mint(Pudina),Mint(Pudina),FAQ,2025-02-20 00:00:00,1500.0,3000.0,2500.0,360
Gujarat,Vadodara(Baroda),Vadodara(Sayajipura),Mint(Pudina),Other,FAQ,2025-02-04 00:00:00,1800.0,2000.0,1900.0,360
Gujarat,Vadodara(Baroda),Vadodara(Sayajipura),Mint(Pudina),Other,FAQ,2025-02-10 00:00:00,1800.0,2000.0,1900.0,360
Gujarat,Dahod,Dahod(Veg. Market),Mint(Pudina),Mint(Pudina),FAQ,2025-02-09 00:00:00,1500.0,2500.0,2000.0,360
Gujarat,Dahod,Dahod(Veg. Market),Mint(Pudina),Mint(Pudina),FAQ,2025-02-17 00:00:00,1500.0,2500.0,2000.0,360
Gujarat,Dahod,Dahod(Veg. Market),Mint(Pudina),Mint(Pudina),FAQ,2025-02-23 00:00:00,1500.0,3000.0,2500.0,360
Gujarat,Dahod,Dahod(Veg. Market),Mint(Pudina),Mint(Pudina),FAQ,2025-02-25 00:00:00,1500.0,3000.0,2500.0,360
Gujarat,Vadodara(Baroda),Vadodara(Sayajipura),Mint(Pudina),Other,FAQ,2025-02-08 00:00:00,1800.0,2000.0,1900.0,360
Gujarat,Vadodara(Baroda),Vadodara(Sayajipura),Mint(Pudina),Other,FAQ,2025-02-24 00:00:00,1800.0,2000.0,1950.0,360
Gujarat,Dahod,Dahod(Veg. Market),Mint(Pudina),Mint(Pudina),FAQ,2024-12-07 00:00:00,2000.0,4000.0,3200.0,360
Gujarat,Dahod,Dahod(Veg. Market),Mint(Pudina),Mint(Pudina),FAQ,2024-12-09 00:00:00,3000.0,4000.0,3600.0,360
Gujarat,Dahod,Dahod(Veg. Market),Mint(Pudina),Mint(Pudina),FAQ,2024-12-16 00:00:00,3000.0,4000.0,3700.0,360
Gujarat,Dahod,Dahod(Veg. Market),Mint(Pudina),Mint(Pudina),FAQ,2024-12-17 00:00:00,3000.0,4000.0,3500.0,360
Gujarat,Dahod,Dahod(Veg. Market),Mint(Pudina),Mint(Pudina),FAQ,2024-12-19 00:00:00,3000.0,4000.0,3500.0,360
Gujarat,Dahod,Dahod(Veg. Market),Mint(Pudina),Mint(Pudina),FAQ,2024-12-20 00:00:00,2500.0,4000.0,3500.0,360
Gujarat,Dahod,Dahod(Veg. Market),Mint(Pudina),Mint(Pudina),FAQ,2024-12-23 00:00:00,2000.0,4000.0,3000.0,360
Gujarat,Dahod,Dahod(Veg. Market),Mint(Pudina),Mint(Pudina),FAQ,2024-12-27 00:00:00,2000.0,4000.0,3000.0,360
Gujarat,Vadodara(Baroda),Vadodara(Sayajipura),Mint(Pudina),Other,FAQ,2024-12-04 00:00:00,3300.0,3500.0,3400.0,360
Gujarat,Vadodara(Baroda),Vadodara(Sayajipura),Mint(Pudina),Other,FAQ,2024-12-08 00:00:00,3300.0,3500.0,3400.0,360
Gujarat,Vadodara(Baroda),Vadodara(Sayajipura),Mint(Pudina),Other,FAQ,2024-12-12 00:00:00,2800.0,3000.0,2900.0,360
Gujarat,Vadodara(Baroda),Vadodara(Sayajipura),Mint(Pudina),Other,FAQ,2024-12-19 00:00:00,3300.0,3500.0,3450.0,360
Gujarat,Vadodara(Baroda),Vadodara(Sayajipura),Mint(Pudina),Other,FAQ,2024-12-20 00:00:00,3300.0,3500.0,3400.0,360
Gujarat,Vadodara(Baroda),Vadodara(Sayajipura),Mint(Pudina),Other,FAQ,2024-12-21 00:00:00,3300.0,3500.0,3450.0,360
Gujarat,Dahod,Dahod(Veg. Market),Mint(Pudina),Mint(Pudina),FAQ,2025-03-01 00:00:00,1500.0,2500.0,2000.0,360
Gujarat,Dahod,Dahod(Veg. Market),Mint(Pudina),Mint(Pudina),FAQ,2025-03-03 00:00:00,2500.0,4000.0,3500.0,360
Gujarat,Dahod,Dahod(Veg. Market),Mint(Pudina),Mint(Pudina),FAQ,2025-03-05 00:00:00,3000.0,4000.0,3500.0,360
Gujarat,Dahod,Dahod(Veg. Market),Mint(Pudina),Mint(Pudina),FAQ,2025-03-10 00:00:00,2000.0,4000.0,3500.0,360
Gujarat,Dahod,Dahod(Veg. Market),Mint(Pudina),Mint(Pudina),FAQ,2025-03-13 00:00:00,2000.0,4000.0,3000.0,360
Gujarat,Dahod,Dahod(Veg. Market),Mint(Pudina),Mint(Pudina),FAQ,2025-03-16 00:00:00,2000.0,4000.0,3500.0,360
Gujarat,Dahod,Dahod(Veg. Market),Mint(Pudina),Mint(Pudina),FAQ,2025-03-26 00:00:00,2000.0,3000.0,2500.0,360
Gujarat,Dahod,Dahod(Veg. Market),Mint(Pudina),Mint(Pudina),FAQ,2025-03-28 00:00:00,2000.0,3000.0,2700.0,360
Gujarat,Vadodara(Baroda),Vadodara(Sayajipura),Mint(Pudina),Other,FAQ,2025-03-01 00:00:00,1800.0,2000.0,1900.0,360
Gujarat,Vadodara(Baroda),Vadodara(Sayajipura),Mint(Pudina),Other,FAQ,2025-03-11 00:00:00,1800.0,2000.0,1900.0,360
Gujarat,Vadodara(Baroda),Vadodara(Sayajipura),Mint(Pudina),Other,FAQ,2025-03-15 00:00:00,1800.0,2000.0,1900.0,360
Gujarat,Vadodara(Baroda),Vadodara(Sayajipura),Mint(Pudina),Other,FAQ,2025-03-17 00:00:00,1800.0,2000.0,1900.0,360
Gujarat,Vadodara(Baroda),Vadodara(Sayajipura),Mint(Pudina),Other,FAQ,2025-03-21 00:00:00,1800.0,2000.0,1900.0,360
Gujarat,Vadodara(Baroda),Vadodara(Sayajipura),Mint(Pudina),Other,FAQ,2025-03-22 00:00:00,1800.0,2000.0,1900.0,360
Gujarat,Dahod,Dahod(Veg. Market),Mint(Pudina),Mint(Pudina),FAQ,2025-06-03 00:00:00,2000.0,5000.0,4000.0,360
Gujarat,Dahod,Dahod(Veg. Market),Mint(Pudina),Mint(Pudina),FAQ,2025-06-04 00:00:00,2500.0,5000.0,4000.0,360
Gujarat,Dahod,Dahod(Veg. Market),Mint(Pudina),Mint(Pudina),FAQ,2025-06-07 00:00:00,3000.0,8000.0,5000.0,360
Gujarat,Dahod,Dahod(Veg. Market),Mint(Pudina),Mint(Pudina),FAQ,2025-06-12 00:00:00,2000.0,4000.0,3000.0,360
Gujarat,Dahod,Dahod(Veg. Market),Mint(Pudina),Mint(Pudina),FAQ,2025-06-13 00:00:00,4000.0,8000.0,7000.0,360
Gujarat,Dahod,Dahod(Veg. Market),Mint(Pudina),Mint(Pudina),FAQ,2025-06-17 00:00:00,4000.0,8000.0,6000.0,360
Gujarat,Dahod,Dahod(Veg. Market),Mint(Pudina),Mint(Pudina),FAQ,2025-06-21 00:00:00,3000.0,7000.0,5000.0,360
Gujarat,Dahod,Dahod(Veg. Market),Mint(Pudina),Mint(Pudina),FAQ,2025-06-23 00:00:00,4000.0,7000.0,5500.0,360
Gujarat,Dahod,Dahod(Veg. Market),Mint(Pudina),Mint(Pudina),FAQ,2025-06-29 00:00:00,5000.0,10000.0,7000.0,360
Gujarat,Vadodara(Baroda),Vadodara(Sayajipura),Mint(Pudina),Other,FAQ,2025-06-12 00:00:00,2800.0,3000.0,2900.0,360
Gujarat,Vadodara(Baroda),Vadodara(Sayajipura),Mint(Pudina),Other,FAQ,2025-06-15 00:00:00,2800.0,3000.0,2900.0,360
Gujarat,Vadodara(Baroda),Vadodara(Sayajipura),Mint(Pudina),Other,FAQ,2025-06-29 00:00:00,2300.0,2500.0,2400.0,360
Gujarat,Dahod,Dahod(Veg. Market),Mint(Pudina),Mint(Pudina),FAQ,2025-07-02 00:00:00,7000.0,10000.0,9000.0,360
Gujarat,Dahod,Dahod(Veg. Market),Mint(Pudina),Mint(Pudina),FAQ,2025-07-05 00:00:00,7000.0,10000.0,9000.0,360
Gujarat,Dahod,Dahod(Veg. Market),Mint(Pudina),Mint(Pudina),FAQ,2025-07-08 00:00:00,10000.0,12000.0,11000.0,360
Gujarat,Dahod,Dahod(Veg. Market),Mint(Pudina),Mint(Pudina),FAQ,2025-07-25 00:00:00,6000.0,10000.0,9000.0,360
Gujarat,Dahod,Dahod(Veg. Market),Mint(Pudina),Mint(Pudina),FAQ,2025-07-29 00:00:00,6000.0,10000.0,9000.0,360
Gujarat,Vadodara(Baroda),Vadodara(Sayajipura),Mint(Pudina),Other,FAQ,2025-07-16 00:00:00,3800.0,4000.0,3900.0,360
Gujarat,Vadodara(Baroda),Vadodara(Sayajipura),Mint(Pudina),Other,FAQ,2025-07-23 00:00:00,4800.0,5000.0,4900.0,360
Gujarat,Dahod,Dahod(Veg. Market),Mint(Pudina),Mint(Pudina),FAQ,2025-04-07 00:00:00,1500.0,3000.0,2500.0,360
Gujarat,Dahod,Dahod(Veg. Market),Mint(Pudina),Mint(Pudina),FAQ,2025-04-08 00:00:00,2000.0,3000.0,2800.0,360
Gujarat,Dahod,Dahod(Veg. Market),Mint(Pudina),Mint(Pudina),FAQ,2025-04-10 00:00:00,1500.0,3000.0,2500.0,360
Gujarat,Dahod,Dahod(Veg. Market),Mint(Pudina),Mint(Pudina),FAQ,2025-04-15 00:00:00,2000.0,3500.0,3000.0,360
Gujarat,Dahod,Dahod(Veg. Market),Mint(Pudina),Mint(Pudina),FAQ,2025-04-19 00:00:00,2000.0,3000.0,2500.0,360
Gujarat,Dahod,Dahod(Veg. Market),Mint(Pudina),Mint(Pudina),FAQ,2025-04-20 00:00:00,2000.0,3000.0,2500.0,360
Gujarat,Dahod,Dahod(Veg. Market),Mint(Pudina),Mint(Pudina),FAQ,2025-04-29 00:00:00,2000.0,3000.0,2500.0,360
Gujarat,Vadodara(Baroda),Vadodara(Sayajipura),Mint(Pudina),Other,FAQ,2025-04-08 00:00:00,1800.0,2000.0,1900.0,360
Gujarat,Vadodara(Baroda),Vadodara(Sayajipura),Mint(Pudina),Other,FAQ,2025-04-10 00:00:00,1800.0,2000.0,1900.0,360
Gujarat,Vadodara(Baroda),Vadodara(Sayajipura),Mint(Pudina),Other,FAQ,2025-04-18 00:00:00,1800.0,2000.0,1900.0,360
Gujarat,Vadodara(Baroda),Vadodara(Sayajipura),Mint(Pudina),Other,FAQ,2025-04-19 00:00:00,1800.0,2000.0,1900.0,360
Gujarat,Vadodara(Baroda),Vadodara(Sayajipura),Mint(Pudina),Other,FAQ,2025-04-22 00:00:00,2800.0,3000.0,2900.0,360
Gujarat,Vadodara(Baroda),Vadodara(Sayajipura),Mint(Pudina),Other,FAQ,2025-04-26 00:00:00,3800.0,4000.0,3900.0,360
Gujarat,Dahod,Dahod(Veg. Market),Mint(Pudina),Mint(Pudina),FAQ,2025-05-02 00:00:00,2000.0,4000.0,3000.0,360
Gujarat,Dahod,Dahod(Veg. Market),Mint(Pudina),Mint(Pudina),FAQ,2025-05-07 00:00:00,2000.0,3000.0,2500.0,360
Gujarat,Dahod,Dahod(Veg. Market),Mint(Pudina),Mint(Pudina),FAQ,2025-05-15 00:00:00,1000.0,3000.0,2000.0,360
Gujarat,Dahod,Dahod(Veg. Market),Mint(Pudina),Mint(Pudina),FAQ,2025-05-17 00:00:00,2000.0,3000.0,2500.0,360
Gujarat,Dahod,Dahod(Veg. Market),Mint(Pudina),Mint(Pudina),FAQ,2025-05-26 00:00:00,3000.0,5000.0,4500.0,360
Gujarat,Vadodara(Baroda),Vadodara(Sayajipura),Mint(Pudina),Other,FAQ,2025-05-01 00:00:00,2300.0,2500.0,2400.0,360
Gujarat,Vadodara(Baroda),Vadodara(Sayajipura),Mint(Pudina),Other,FAQ,2025-05-09 00:00:00,2300.0,2500.0,2400.0,360
Gujarat,Vadodara(Baroda),Vadodara(Sayajipura),Mint(Pudina),Other,FAQ,2025-05-20 00:00:00,2800.0,3000.0,2900.0,360
Gujarat,Vadodara(Baroda),Vadodara(Sayajipura),Mint(Pudina),Other,FAQ,2024-10-11 00:00:00,3800.0,4000.0,3900.0,360
Gujarat,Vadodara(Baroda),Vadodara(Sayajipura),Mint(Pudina),Other,FAQ,2024-10-05 00:00:00,5500.0,6000.0,5800.0,360
Gujarat,Vadodara(Baroda),Vadodara(Sayajipura),Mint(Pudina),Other,FAQ,2024-10-13 00:00:00,3800.0,4000.0,3900.0,360
Gujarat,Vadodara(Baroda),Vadodara(Sayajipura),Mint(Pudina),Other,FAQ,2024-10-26 00:00:00,4800.0,5000.0,4900.0,360
Gujarat,Dahod,Dahod(Veg. Market),Mint(Pudina),Mint(Pudina),FAQ,2024-10-02 00:00:00,6000.0,10000.0,9000.0,360
Gujarat,Dahod,Dahod(Veg. Market),Mint(Pudina),Mint(Pudina),FAQ,2024-10-14 00:00:00,7000.0,9000.0,8000.0,360
Gujarat,Dahod,Dahod(Veg. Market),Mint(Pudina),Mint(Pudina),FAQ,2024-10-27 00:00:00,6000.0,9000.0,7000.0,360
Gujarat,Dahod,Dahod(Veg. Market),Mint(Pudina),Mint(Pudina),FAQ,2024-10-07 00:00:00,7000.0,9000.0,8000.0,360
Gujarat,Vadodara(Baroda),Vadodara(Sayajipura),Mint(Pudina),Other,FAQ,2024-10-18 00:00:00,2800.0,3000.0,2900.0,360
Gujarat,Dahod,Dahod(Veg. Market),Mint(Pudina),Mint(Pudina),FAQ,2024-11-07 00:00:00,7000.0,8000.0,7500.0,360
Gujarat,Dahod,Dahod(Veg. Market),Mint(Pudina),Mint(Pudina),FAQ,2024-11-12 00:00:00,4000.0,7000.0,5500.0,360
Gujarat,Dahod,Dahod(Veg. Market),Mint(Pudina),Mint(Pudina),FAQ,2024-11-23 00:00:00,3000.0,4000.0,3500.0,360
Gujarat,Dahod,Dahod(Veg. Market),Mint(Pudina),Mint(Pudina),FAQ,2024-11-26 00:00:00,3000.0,5000.0,4200.0,360
Gujarat,Dahod,Dahod(Veg. Market),Mint(Pudina),Mint(Pudina),FAQ,2024-11-29 00:00:00,2000.0,4000.0,3300.0,360
Gujarat,Dahod,Dahod(Veg. Market),Mint(Pudina),Mint(Pudina),FAQ,2024-11-30 00:00:00,2500.0,5000.0,4300.0,360
Gujarat,Vadodara(Baroda),Vadodara(Sayajipura),Mint(Pudina),Other,FAQ,2024-11-09 00:00:00,3800.0,4000.0,3900.0,360
Gujarat,Vadodara(Baroda),Vadodara(Sayajipura),Mint(Pudina),Other,FAQ,2024-11-21 00:00:00,3800.0,4000.0,3900.0,360
Gujarat,Vadodara(Baroda),Vadodara(Sayajipura),Mint(Pudina),Other,FAQ,2024-11-22 00:00:00,3800.0,4000.0,3900.0,360
Gujarat,Vadodara(Baroda),Vadodara(Sayajipura),Mint(Pudina),Other,FAQ,2024-11-28 00:00:00,3800.0,4000.0,3900.0,360
Gujarat,Vadodara(Baroda),Vadodara(Sayajipura),Mint(Pudina),Other,FAQ,2024-11-30 00:00:00,3800.0,4000.0,3900.0,360
Gujarat,Dahod,Dahod(Veg. Market),Mint(Pudina),Mint(Pudina),FAQ,2024-09-04 00:00:00,4000.0,5000.0,4500.0,360
Gujarat,Dahod,Dahod(Veg. Market),Mint(Pudina),Mint(Pudina),FAQ,2024-09-09 00:00:00,9000.0,13000.0,10000.0,360
Gujarat,Dahod,Dahod(Veg. Market),Mint(Pudina),Mint(Pudina),FAQ,2024-09-21 00:00:00,8000.0,10000.0,9000.0,360
Gujarat,Vadodara(Baroda),Vadodara(Sayajipura),Mint(Pudina),Other,FAQ,2024-09-03 00:00:00,6500.0,7000.0,6800.0,360
Gujarat,Vadodara(Baroda),Vadodara(Sayajipura),Mint(Pudina),Other,FAQ,2024-09-12 00:00:00,6500.0,7000.0,6800.0,360
Gujarat,Vadodara(Baroda),Vadodara(Sayajipura),Mint(Pudina),Other,FAQ,2024-09-24 00:00:00,4500.0,5000.0,4800.0,360
Gujarat,Dahod,Dahod(Veg. Market),Mint(Pudina),Mint(Pudina),FAQ,2024-07-10 00:00:00,3000.0,4000.0,3500.0,360
Gujarat,Dahod,Dahod(Veg. Market),Mint(Pudina),Mint(Pudina),FAQ,2024-07-15 00:00:00,3000.0,5000.0,4000.0,360
Gujarat,Dahod,Dahod(Veg. Market),Mint(Pudina),Mint(Pudina),FAQ,2024-07-30 00:00:00,4000.0,8000.0,5000.0,360
Gujarat,Vadodara(Baroda),Vadodara(Sayajipura),Mint(Pudina),Other,FAQ,2024-07-06 00:00:00,4500.0,5000.0,4800.0,360
Gujarat,Vadodara(Baroda),Vadodara(Sayajipura),Mint(Pudina),Other,FAQ,2024-07-17 00:00:00,4500.0,5000.0,4800.0,360
Gujarat,Vadodara(Baroda),Vadodara(Sayajipura),Mint(Pudina),Other,FAQ,2024-07-22 00:00:00,4800.0,5000.0,4900.0,360
Gujarat,Dahod,Dahod(Veg. Market),Mint(Pudina),Mint(Pudina),FAQ,2024-08-03 00:00:00,7000.0,8000.0,7500.0,360
Gujarat,Dahod,Dahod(Veg. Market),Mint(Pudina),Mint(Pudina),FAQ,2024-08-15 00:00:00,10000.0,10000.0,10000.0,360
Gujarat,Dahod,Dahod(Veg. Market),Mint(Pudina),Mint(Pudina),FAQ,2024-08-22 00:00:00,8000.0,13000.0,10500.0,360
Gujarat,Vadodara(Baroda),Vadodara(Sayajipura),Mint(Pudina),Other,FAQ,2024-08-02 00:00:00,4800.0,5000.0,4900.0,360
Gujarat,Vadodara(Baroda),Vadodara(Sayajipura),Mint(Pudina),Other,FAQ,2024-08-07 00:00:00,3800.0,4000.0,3900.0,360
Gujarat,Vadodara(Baroda),Vadodara(Sayajipura),Mint(Pudina),Other,FAQ,2024-08-13 00:00:00,4500.0,5000.0,4800.0,360
Gujarat,Vadodara(Baroda),Vadodara(Sayajipura),Mint(Pudina),Other,FAQ,2024-08-22 00:00:00,4800.0,5000.0,4900.0,360
Gujarat,Ahmedabad,Ahmedabad(Rajnagar sub yard),Mint(Pudina),Other,FAQ,2023-02-16 00:00:00,500.0,1500.0,1100.0,360
Gujarat,Ahmedabad,Ahmedabad(Rajnagar sub yard),Mint(Pudina),Other,FAQ,2023-03-10 00:00:00,700.0,1000.0,900.0,360
Gujarat,Ahmedabad,Ahmedabad(Rajnagar sub yard),Mint(Pudina),Other,FAQ,2023-03-13 00:00:00,1000.0,1500.0,1300.0,360
Gujarat,Ahmedabad,Ahmedabad(Rajnagar sub yard),Mint(Pudina),Other,FAQ,2023-04-10 00:00:00,1000.0,1500.0,1100.0,360
Gujarat,Ahmedabad,Ahmedabad(Rajnagar sub yard),Mint(Pudina),Other,FAQ,2023-04-12 00:00:00,1000.0,1600.0,1350.0,360
Gujarat,Ahmedabad,Ahmedabad(Rajnagar sub yard),Mint(Pudina),Other,FAQ,2023-05-11 00:00:00,1000.0,1500.0,1300.0,360
Gujarat,Ahmedabad,Ahmedabad(Rajnagar sub yard),Mint(Pudina),Other,FAQ,2023-05-19 00:00:00,1200.0,2000.0,1700.0,360
Gujarat,Ahmedabad,Ahmedabad(Rajnagar sub yard),Mint(Pudina),Other,FAQ,2023-06-15 00:00:00,1000.0,1500.0,1300.0,360
Gujarat,Ahmedabad,Ahmedabad(Rajnagar sub yard),Mint(Pudina),Other,FAQ,2023-07-01 00:00:00,1000.0,1500.0,1300.0,360
Gujarat,Ahmedabad,Ahmedabad(Rajnagar sub yard),Mint(Pudina),Other,FAQ,2023-07-08 00:00:00,1000.0,2000.0,1800.0,360
Gujarat,Ahmedabad,Ahmedabad(Rajnagar sub yard),Mint(Pudina),Other,FAQ,2023-07-10 00:00:00,1200.0,1750.0,1500.0,360
Gujarat,Ahmedabad,Ahmedabad(Rajnagar sub yard),Mint(Pudina),Other,FAQ,2023-07-11 00:00:00,600.0,1800.0,1400.0,360
Gujarat,Ahmedabad,Ahmedabad(Rajnagar sub yard),Mint(Pudina),Other,FAQ,2023-07-14 00:00:00,1000.0,1500.0,1350.0,360
Gujarat,Ahmedabad,Ahmedabad(Rajnagar sub yard),Mint(Pudina),Other,FAQ,2023-07-15 00:00:00,1000.0,1500.0,1300.0,360
Gujarat,Ahmedabad,Ahmedabad(Rajnagar sub yard),Mint(Pudina),Other,FAQ,2023-08-10 00:00:00,1200.0,1800.0,1500.0,360
Gujarat,Ahmedabad,Ahmedabad(Rajnagar sub yard),Mint(Pudina),Other,FAQ,2023-08-24 00:00:00,1000.0,2000.0,1650.0,360
Gujarat,Ahmedabad,Ahmedabad(Rajnagar sub yard),Mint(Pudina),Other,FAQ,2023-08-25 00:00:00,1000.0,2000.0,1400.0,360
Gujarat,Ahmedabad,Ahmedabad(Rajnagar sub yard),Mint(Pudina),Other,FAQ,2023-08-28 00:00:00,1200.0,2500.0,1850.0,360
Gujarat,Ahmedabad,Ahmedabad(Rajnagar sub yard),Mint(Pudina),Other,FAQ,2023-09-02 00:00:00,1000.0,1600.0,1250.0,360
Gujarat,Ahmedabad,Ahmedabad(Rajnagar sub yard),Mint(Pudina),Other,FAQ,2023-09-04 00:00:00,2000.0,3500.0,2850.0,360
Gujarat,Ahmedabad,Ahmedabad(Rajnagar sub yard),Mint(Pudina),Other,FAQ,2023-09-06 00:00:00,1000.0,2500.0,2150.0,360
Gujarat,Ahmedabad,Ahmedabad(Rajnagar sub yard),Mint(Pudina),Other,FAQ,2023-09-08 00:00:00,1200.0,2500.0,1950.0,360
Gujarat,Ahmedabad,Ahmedabad(Rajnagar sub yard),Mint(Pudina),Other,FAQ,2023-09-16 00:00:00,1500.0,2500.0,2150.0,360
Gujarat,Ahmedabad,Ahmedabad(Rajnagar sub yard),Mint(Pudina),Other,FAQ,2023-09-18 00:00:00,800.0,1800.0,1350.0,360
Gujarat,Ahmedabad,Ahmedabad(Rajnagar sub yard),Mint(Pudina),Other,FAQ,2023-09-20 00:00:00,1500.0,3000.0,2350.0,360
Gujarat,Ahmedabad,Ahmedabad(Rajnagar sub yard),Mint(Pudina),Other,FAQ,2023-10-06 00:00:00,2000.0,3000.0,2650.0,360
Gujarat,Ahmedabad,Ahmedabad(Rajnagar sub yard),Mint(Pudina),Other,FAQ,2023-10-07 00:00:00,1500.0,3500.0,2550.0,360
Gujarat,Ahmedabad,Ahmedabad(Rajnagar sub yard),Mint(Pudina),Other,FAQ,2023-10-12 00:00:00,2000.0,3500.0,2850.0,360
Gujarat,Ahmedabad,Ahmedabad(Rajnagar sub yard),Mint(Pudina),Other,FAQ,2023-10-13 00:00:00,2000.0,3500.0,3150.0,360
Gujarat,Ahmedabad,Ahmedabad(Rajnagar sub yard),Mint(Pudina),Other,FAQ,2023-10-28 00:00:00,1500.0,2500.0,2200.0,360
Gujarat,Bharuch,Ankleshwar,Mint(Pudina),Mint(Pudina),FAQ,2023-04-01 00:00:00,700.0,1000.0,900.0,360
Gujarat,Dahod,Dahod(Veg. Market),Mint(Pudina),Mint(Pudina),FAQ,2023-01-01 00:00:00,3000.0,4000.0,3500.0,360
Gujarat,Dahod,Dahod(Veg. Market),Mint(Pudina),Mint(Pudina),FAQ,2023-01-05 00:00:00,3500.0,4000.0,3700.0,360
Gujarat,Dahod,Dahod(Veg. Market),Mint(Pudina),Mint(Pudina),FAQ,2023-01-07 00:00:00,3500.0,5000.0,3500.0,360
Gujarat,Dahod,Dahod(Veg. Market),Mint(Pudina),Mint(Pudina),FAQ,2023-01-13 00:00:00,3000.0,4000.0,3500.0,360
Gujarat,Dahod,Dahod(Veg. Market),Mint(Pudina),Mint(Pudina),FAQ,2023-01-15 00:00:00,2000.0,5000.0,4000.0,360
Gujarat,Dahod,Dahod(Veg. Market),Mint(Pudina),Mint(Pudina),FAQ,2023-01-24 00:00:00,3000.0,4000.0,3500.0,360
Gujarat,Dahod,Dahod(Veg. Market),Mint(Pudina),Mint(Pudina),FAQ,2023-01-30 00:00:00,4000.0,5000.0,4500.0,360
Gujarat,Dahod,Dahod(Veg. Market),Mint(Pudina),Mint(Pudina),FAQ,2023-02-16 00:00:00,3000.0,5000.0,4000.0,360
Gujarat,Dahod,Dahod(Veg. Market),Mint(Pudina),Mint(Pudina),FAQ,2023-02-21 00:00:00,3000.0,4000.0,3500.0,360
Gujarat,Dahod,Dahod(Veg. Market),Mint(Pudina),Mint(Pudina),FAQ,2023-02-26 00:00:00,3000.0,4000.0,3500.0,360
Gujarat,Dahod,Dahod(Veg. Market),Mint(Pudina),Mint(Pudina),FAQ,2023-02-28 00:00:00,3000.0,4000.0,3500.0,360
Gujarat,Dahod,Dahod(Veg. Market),Mint(Pudina),Mint(Pudina),FAQ,2023-03-06 00:00:00,3000.0,4000.0,3500.0,360
Gujarat,Dahod,Dahod(Veg. Market),Mint(Pudina),Mint(Pudina),FAQ,2023-03-09 00:00:00,3000.0,4000.0,3500.0,360
Gujarat,Dahod,Dahod(Veg. Market),Mint(Pudina),Mint(Pudina),FAQ,2023-03-11 00:00:00,3000.0,4000.0,3700.0,360
Gujarat,Dahod,Dahod(Veg. Market),Mint(Pudina),Mint(Pudina),FAQ,2023-03-12 00:00:00,3000.0,4000.0,3500.0,360
Gujarat,Dahod,Dahod(Veg. Market),Mint(Pudina),Mint(Pudina),FAQ,2023-03-16 00:00:00,3000.0,4000.0,3500.0,360
Gujarat,Dahod,Dahod(Veg. Market),Mint(Pudina),Mint(Pudina),FAQ,2023-03-18 00:00:00,3000.0,4000.0,3300.0,360
Gujarat,Dahod,Dahod(Veg. Market),Mint(Pudina),Mint(Pudina),FAQ,2023-04-04 00:00:00,2000.0,3000.0,2500.0,360
Gujarat,Dahod,Dahod(Veg. Market),Mint(Pudina),Mint(Pudina),FAQ,2023-04-05 00:00:00,7000.0,8500.0,8000.0,360
Gujarat,Dahod,Dahod(Veg. Market),Mint(Pudina),Mint(Pudina),FAQ,2023-04-17 00:00:00,2500.0,3000.0,3000.0,360
Gujarat,Dahod,Dahod(Veg. Market),Mint(Pudina),Mint(Pudina),FAQ,2023-04-19 00:00:00,3000.0,4000.0,3500.0,360
Gujarat,Dahod,Dahod(Veg. Market),Mint(Pudina),Mint(Pudina),FAQ,2023-04-30 00:00:00,2000.0,4000.0,3500.0,360
Gujarat,Dahod,Dahod(Veg. Market),Mint(Pudina),Mint(Pudina),FAQ,2023-05-01 00:00:00,2000.0,4000.0,3500.0,360
Gujarat,Dahod,Dahod(Veg. Market),Mint(Pudina),Mint(Pudina),FAQ,2023-05-02 00:00:00,2000.0,4000.0,3500.0,360
Gujarat,Dahod,Dahod(Veg. Market),Mint(Pudina),Mint(Pudina),FAQ,2023-05-03 00:00:00,2000.0,3000.0,2500.0,360
Gujarat,Dahod,Dahod(Veg. Market),Mint(Pudina),Mint(Pudina),FAQ,2023-05-11 00:00:00,2000.0,3000.0,2500.0,360
Gujarat,Dahod,Dahod(Veg. Market),Mint(Pudina),Mint(Pudina),FAQ,2023-05-23 00:00:00,2500.0,4000.0,3500.0,360
Gujarat,Dahod,Dahod(Veg. Market),Mint(Pudina),Mint(Pudina),FAQ,2023-05-30 00:00:00,3000.0,5000.0,4000.0,360
Gujarat,Dahod,Dahod(Veg. Market),Mint(Pudina),Mint(Pudina),FAQ,2023-05-31 00:00:00,3000.0,5000.0,4000.0,360
Gujarat,Dahod,Dahod(Veg. Market),Mint(Pudina),Mint(Pudina),FAQ,2023-06-01 00:00:00,3000.0,5000.0,4500.0,360
Gujarat,Dahod,Dahod(Veg. Market),Mint(Pudina),Mint(Pudina),FAQ,2023-06-04 00:00:00,3000.0,4000.0,3500.0,360
Gujarat,Dahod,Dahod(Veg. Market),Mint(Pudina),Mint(Pudina),FAQ,2023-06-05 00:00:00,3000.0,4000.0,3500.0,360
Gujarat,Dahod,Dahod(Veg. Market),Mint(Pudina),Mint(Pudina),FAQ,2023-06-10 00:00:00,3000.0,4000.0,3500.0,360
Gujarat,Dahod,Dahod(Veg. Market),Mint(Pudina),Mint(Pudina),FAQ,2023-06-11 00:00:00,3000.0,4000.0,3500.0,360
Gujarat,Dahod,Dahod(Veg. Market),Mint(Pudina),Mint(Pudina),FAQ,2023-06-13 00:00:00,3000.0,4000.0,3500.0,360
Gujarat,Dahod,Dahod(Veg. Market),Mint(Pudina),Mint(Pudina),FAQ,2023-06-14 00:00:00,3000.0,4000.0,3500.0,360
Gujarat,Dahod,Dahod(Veg. Market),Mint(Pudina),Mint(Pudina),FAQ,2023-06-15 00:00:00,3000.0,4000.0,3500.0,360
Gujarat,Dahod,Dahod(Veg. Market),Mint(Pudina),Mint(Pudina),FAQ,2023-06-19 00:00:00,3000.0,4000.0,3500.0,360
Gujarat,Dahod,Dahod(Veg. Market),Mint(Pudina),Mint(Pudina),FAQ,2023-06-27 00:00:00,3000.0,4500.0,4000.0,360
Gujarat,Dahod,Dahod(Veg. Market),Mint(Pudina),Mint(Pudina),FAQ,2023-06-28 00:00:00,3500.0,5500.0,5000.0,360
Gujarat,Dahod,Dahod(Veg. Market),Mint(Pudina),Mint(Pudina),FAQ,2023-07-01 00:00:00,3000.0,5000.0,4000.0,360
Gujarat,Dahod,Dahod(Veg. Market),Mint(Pudina),Mint(Pudina),FAQ,2023-07-02 00:00:00,3000.0,5000.0,4000.0,360
Gujarat,Dahod,Dahod(Veg. Market),Mint(Pudina),Mint(Pudina),FAQ,2023-07-06 00:00:00,3000.0,5000.0,4000.0,360
Gujarat,Dahod,Dahod(Veg. Market),Mint(Pudina),Mint(Pudina),FAQ,2023-07-10 00:00:00,3000.0,5000.0,4000.0,360
Gujarat,Dahod,Dahod(Veg. Market),Mint(Pudina),Mint(Pudina),FAQ,2023-07-15 00:00:00,3000.0,5000.0,4000.0,360
Gujarat,Dahod,Dahod(Veg. Market),Mint(Pudina),Mint(Pudina),FAQ,2023-07-16 00:00:00,3000.0,5000.0,4000.0,360
Gujarat,Dahod,Dahod(Veg. Market),Mint(Pudina),Mint(Pudina),FAQ,2023-07-20 00:00:00,3000.0,5000.0,4000.0,360
Gujarat,Dahod,Dahod(Veg. Market),Mint(Pudina),Mint(Pudina),FAQ,2023-07-27 00:00:00,2500.0,4250.0,3500.0,360
Gujarat,Dahod,Dahod(Veg. Market),Mint(Pudina),Mint(Pudina),FAQ,2023-08-05 00:00:00,2500.0,3250.0,3000.0,360
Gujarat,Dahod,Dahod(Veg. Market),Mint(Pudina),Mint(Pudina),FAQ,2023-08-13 00:00:00,3500.0,7000.0,6000.0,360
Gujarat,Dahod,Dahod(Veg. Market),Mint(Pudina),Mint(Pudina),FAQ,2023-08-22 00:00:00,5000.0,9000.0,8500.0,360
Gujarat,Dahod,Dahod(Veg. Market),Mint(Pudina),Mint(Pudina),FAQ,2023-08-24 00:00:00,5000.0,8000.0,7500.0,360
Gujarat,Dahod,Dahod(Veg. Market),Mint(Pudina),Mint(Pudina),FAQ,2023-08-27 00:00:00,5000.0,8000.0,7500.0,360
Gujarat,Dahod,Dahod(Veg. Market),Mint(Pudina),Mint(Pudina),FAQ,2023-09-11 00:00:00,5500.0,5500.0,5500.0,360
Gujarat,Dahod,Dahod(Veg. Market),Mint(Pudina),Mint(Pudina),FAQ,2023-09-20 00:00:00,5000.0,5000.0,5000.0,360
Gujarat,Dahod,Dahod(Veg. Market),Mint(Pudina),Mint(Pudina),FAQ,2023-09-24 00:00:00,5000.0,7000.0,6000.0,360
Gujarat,Dahod,Dahod(Veg. Market),Mint(Pudina),Mint(Pudina),FAQ,2023-09-25 00:00:00,7000.0,8000.0,7500.0,360
Gujarat,Dahod,Dahod(Veg. Market),Mint(Pudina),Mint(Pudina),FAQ,2023-09-28 00:00:00,5000.0,8000.0,7000.0,360
Gujarat,Dahod,Dahod(Veg. Market),Mint(Pudina),Mint(Pudina),FAQ,2023-10-02 00:00:00,7000.0,10000.0,9000.0,360
Gujarat,Dahod,Dahod(Veg. Market),Mint(Pudina),Mint(Pudina),FAQ,2023-10-14 00:00:00,2000.0,3000.0,2500.0,360
Gujarat,Dahod,Dahod(Veg. Market),Mint(Pudina),Mint(Pudina),FAQ,2023-10-21 00:00:00,6000.0,7000.0,6500.0,360
Gujarat,Dahod,Dahod(Veg. Market),Mint(Pudina),Mint(Pudina),FAQ,2023-10-27 00:00:00,5000.0,6000.0,5500.0,360
Gujarat,Dahod,Dahod(Veg. Market),Mint(Pudina),Mint(Pudina),FAQ,2023-11-03 00:00:00,4000.0,6000.0,5500.0,360
Gujarat,Dahod,Dahod(Veg. Market),Mint(Pudina),Mint(Pudina),FAQ,2023-11-16 00:00:00,4000.0,5000.0,4800.0,360
Gujarat,Dahod,Dahod(Veg. Market),Mint(Pudina),Mint(Pudina),FAQ,2023-11-21 00:00:00,4000.0,5000.0,4500.0,360
Gujarat,Dahod,Dahod(Veg. Market),Mint(Pudina),Mint(Pudina),FAQ,2023-11-22 00:00:00,4000.0,6000.0,5000.0,360
Gujarat,Dahod,Dahod(Veg. Market),Mint(Pudina),Mint(Pudina),FAQ,2023-11-28 00:00:00,4000.0,5000.0,4500.0,360
Gujarat,Dahod,Dahod(Veg. Market),Mint(Pudina),Mint(Pudina),FAQ,2023-12-02 00:00:00,5000.0,5000.0,5000.0,360
Gujarat,Dahod,Dahod(Veg. Market),Mint(Pudina),Mint(Pudina),FAQ,2023-12-14 00:00:00,3000.0,4000.0,3500.0,360
Gujarat,Dahod,Dahod(Veg. Market),Mint(Pudina),Mint(Pudina),FAQ,2023-12-17 00:00:00,3000.0,4000.0,3500.0,360
Gujarat,Dahod,Dahod(Veg. Market),Mint(Pudina),Mint(Pudina),FAQ,2023-12-20 00:00:00,3500.0,4000.0,3700.0,360
Gujarat,Dahod,Dahod(Veg. Market),Mint(Pudina),Mint(Pudina),FAQ,2023-12-28 00:00:00,3000.0,5000.0,4000.0,360
Gujarat,Vadodara(Baroda),Vadodara(Sayajipura),Mint(Pudina),Other,FAQ,2023-01-25 00:00:00,1200.0,1900.0,1600.0,360
Gujarat,Vadodara(Baroda),Vadodara(Sayajipura),Mint(Pudina),Other,FAQ,2023-01-26 00:00:00,1200.0,1900.0,1600.0,360
Gujarat,Vadodara(Baroda),Vadodara(Sayajipura),Mint(Pudina),Other,FAQ,2023-02-08 00:00:00,1800.0,2000.0,1950.0,360
Gujarat,Vadodara(Baroda),Vadodara(Sayajipura),Mint(Pudina),Other,FAQ,2023-02-13 00:00:00,1800.0,2000.0,1900.0,360
Gujarat,Vadodara(Baroda),Vadodara(Sayajipura),Mint(Pudina),Other,FAQ,2023-02-16 00:00:00,1800.0,2000.0,1900.0,360
Gujarat,Vadodara(Baroda),Vadodara(Sayajipura),Mint(Pudina),Other,FAQ,2023-02-19 00:00:00,1800.0,2000.0,1900.0,360
Gujarat,Vadodara(Baroda),Vadodara(Sayajipura),Mint(Pudina),Other,FAQ,2023-02-22 00:00:00,1800.0,2000.0,1950.0,360
Gujarat,Vadodara(Baroda),Vadodara(Sayajipura),Mint(Pudina),Other,FAQ,2023-03-06 00:00:00,1500.0,1700.0,1650.0,360
Gujarat,Vadodara(Baroda),Vadodara(Sayajipura),Mint(Pudina),Other,FAQ,2023-03-13 00:00:00,1500.0,1600.0,1550.0,360
Gujarat,Vadodara(Baroda),Vadodara(Sayajipura),Mint(Pudina),Other,FAQ,2023-04-03 00:00:00,1300.0,1500.0,1450.0,360
Gujarat,Vadodara(Baroda),Vadodara(Sayajipura),Mint(Pudina),Other,FAQ,2023-04-04 00:00:00,1300.0,1500.0,1450.0,360
Gujarat,Vadodara(Baroda),Vadodara(Sayajipura),Mint(Pudina),Other,FAQ,2023-04-11 00:00:00,1500.0,1600.0,1550.0,360
Gujarat,Vadodara(Baroda),Vadodara(Sayajipura),Mint(Pudina),Other,FAQ,2023-04-13 00:00:00,1300.0,1500.0,1400.0,360
Gujarat,Vadodara(Baroda),Vadodara(Sayajipura),Mint(Pudina),Other,FAQ,2023-04-25 00:00:00,1800.0,2000.0,1950.0,360
Gujarat,Vadodara(Baroda),Vadodara(Sayajipura),Mint(Pudina),Other,FAQ,2023-05-02 00:00:00,1300.0,1500.0,1450.0,360
Gujarat,Vadodara(Baroda),Vadodara(Sayajipura),Mint(Pudina),Other,FAQ,2023-05-12 00:00:00,1800.0,2000.0,1900.0,360
Gujarat,Vadodara(Baroda),Vadodara(Sayajipura),Mint(Pudina),Other,FAQ,2023-06-01 00:00:00,1800.0,2000.0,1900.0,360
Gujarat,Vadodara(Baroda),Vadodara(Sayajipura),Mint(Pudina),Other,FAQ,2023-06-15 00:00:00,2300.0,2500.0,2450.0,360
Gujarat,Vadodara(Baroda),Vadodara(Sayajipura),Mint(Pudina),Other,FAQ,2023-06-19 00:00:00,2800.0,3000.0,2950.0,360
Gujarat,Vadodara(Baroda),Vadodara(Sayajipura),Mint(Pudina),Other,FAQ,2023-06-20 00:00:00,3000.0,3500.0,3300.0,360
Gujarat,Vadodara(Baroda),Vadodara(Sayajipura),Mint(Pudina),Other,FAQ,2023-06-22 00:00:00,3000.0,3500.0,3300.0,360
Gujarat,Vadodara(Baroda),Vadodara(Sayajipura),Mint(Pudina),Other,FAQ,2023-06-24 00:00:00,3000.0,3500.0,3300.0,360
Gujarat,Vadodara(Baroda),Vadodara(Sayajipura),Mint(Pudina),Other,FAQ,2023-06-30 00:00:00,2500.0,3000.0,2800.0,360
Gujarat,Vadodara(Baroda),Vadodara(Sayajipura),Mint(Pudina),Other,FAQ,2023-07-10 00:00:00,3000.0,3500.0,3300.0,360
Gujarat,Vadodara(Baroda),Vadodara(Sayajipura),Mint(Pudina),Other,FAQ,2023-07-12 00:00:00,2800.0,3000.0,2900.0,360
Gujarat,Vadodara(Baroda),Vadodara(Sayajipura),Mint(Pudina),Other,FAQ,2023-09-03 00:00:00,1800.0,2000.0,1900.0,360
Gujarat,Vadodara(Baroda),Vadodara(Sayajipura),Mint(Pudina),Other,FAQ,2023-09-10 00:00:00,2800.0,3000.0,2900.0,360
Gujarat,Vadodara(Baroda),Vadodara(Sayajipura),Mint(Pudina),Other,FAQ,2023-09-11 00:00:00,2800.0,3000.0,2900.0,360
Gujarat,Vadodara(Baroda),Vadodara(Sayajipura),Mint(Pudina),Other,FAQ,2023-09-12 00:00:00,2800.0,3000.0,2900.0,360
Gujarat,Vadodara(Baroda),Vadodara(Sayajipura),Mint(Pudina),Other,FAQ,2023-09-14 00:00:00,2800.0,3000.0,2900.0,360
Gujarat,Vadodara(Baroda),Vadodara(Sayajipura),Mint(Pudina),Other,FAQ,2023-09-21 00:00:00,2800.0,3000.0,2900.0,360
Gujarat,Vadodara(Baroda),Vadodara(Sayajipura),Mint(Pudina),Other,FAQ,2023-09-22 00:00:00,2800.0,3000.0,2900.0,360
Gujarat,Vadodara(Baroda),Vadodara(Sayajipura),Mint(Pudina),Other,FAQ,2023-09-25 00:00:00,2800.0,3000.0,2900.0,360
Gujarat,Vadodara(Baroda),Vadodara(Sayajipura),Mint(Pudina),Other,FAQ,2023-09-26 00:00:00,2800.0,3000.0,2900.0,360
Gujarat,Vadodara(Baroda),Vadodara(Sayajipura),Mint(Pudina),Other,FAQ,2023-10-01 00:00:00,3800.0,4000.0,3900.0,360
Gujarat,Vadodara(Baroda),Vadodara(Sayajipura),Mint(Pudina),Other,FAQ,2023-10-03 00:00:00,3800.0,4000.0,3900.0,360
Gujarat,Vadodara(Baroda),Vadodara(Sayajipura),Mint(Pudina),Other,FAQ,2023-10-07 00:00:00,3800.0,4000.0,3950.0,360
Gujarat,Vadodara(Baroda),Vadodara(Sayajipura),Mint(Pudina),Other,FAQ,2023-10-13 00:00:00,3500.0,4000.0,3950.0,360
Gujarat,Vadodara(Baroda),Vadodara(Sayajipura),Mint(Pudina),Other,FAQ,2023-11-02 00:00:00,2800.0,3000.0,2900.0,360
Gujarat,Vadodara(Baroda),Vadodara(Sayajipura),Mint(Pudina),Other,FAQ,2023-11-07 00:00:00,1800.0,2000.0,1900.0,360
Gujarat,Vadodara(Baroda),Vadodara(Sayajipura),Mint(Pudina),Other,FAQ,2023-11-11 00:00:00,1800.0,2000.0,1900.0,360
Gujarat,Vadodara(Baroda),Vadodara(Sayajipura),Mint(Pudina),Other,FAQ,2023-11-23 00:00:00,1800.0,2000.0,1950.0,360
Gujarat,Vadodara(Baroda),Vadodara(Sayajipura),Mint(Pudina),Other,FAQ,2023-12-04 00:00:00,1800.0,2000.0,1950.0,360
Gujarat,Vadodara(Baroda),Vadodara(Sayajipura),Mint(Pudina),Other,FAQ,2023-12-05 00:00:00,1800.0,2000.0,1900.0,360
Gujarat,Vadodara(Baroda),Vadodara(Sayajipura),Mint(Pudina),Other,FAQ,2023-12-19 00:00:00,2300.0,2500.0,2400.0,360
Gujarat,Vadodara(Baroda),Vadodara(Sayajipura),Mint(Pudina),Other,FAQ,2023-12-21 00:00:00,2300.0,2500.0,2400.0,360
Gujarat,Dahod,Dahod(Veg. Market) APMC,Mint(Pudina),Mint(Pudina),Local,2025-11-11 00:00:00,8000.0,10000.0,9200.0,360
Gujarat,Dahod,Dahod(Veg. Market) APMC,Mint(Pudina),Mint(Pudina),Local,2025-11-12 00:00:00,7000.0,10000.0,8300.0,360
Gujarat,Dahod,Dahod(Veg. Market) APMC,Mint(Pudina),Mint(Pudina),Local,2025-11-07 00:00:00,7000.0,10000.0,8000.0,360
Gujarat,Dahod,Dahod(Veg. Market) APMC,Mint(Pudina),Mint(Pudina),FAQ,2025-11-04 00:00:00,6000.0,8000.0,6500.0,360
Gujarat,Dahod,Dahod(Veg. Market) APMC,Mint(Pudina),Mint(Pudina),Local,2025-11-14 00:00:00,7000.0,10000.0,8700.0,360
Gujarat,Dahod,Dahod(Veg. Market) APMC,Mint(Pudina),Mint(Pudina),Local,2025-11-15 00:00:00,8000.0,10000.0,9200.0,360
Gujarat,Dahod,Dahod(Veg. Market) APMC,Mint(Pudina),Mint(Pudina),Local,2025-11-17 00:00:00,6000.0,10000.0,9000.0,360
Gujarat,Ahmedabad,Ahmedabad APMC,Mint(Pudina),Other,FAQ,2025-11-10 00:00:00,3000.0,5000.0,4000.0,360
Gujarat,Ahmedabad,Ahmedabad APMC,Mint(Pudina),Other,FAQ,2025-11-07 00:00:00,1500.0,4000.0,3000.0,360
Gujarat,Ahmedabad,Ahmedabad APMC,Mint(Pudina),Other,FAQ,2025-11-12 00:00:00,3500.0,5000.0,4350.0,360
Gujarat,Vadodara(Baroda),Vadodara(Sayajipura) APMC,Mint(Pudina),Other,FAQ,2025-11-02 00:00:00,2800.0,3000.0,2900.0,360
Gujarat,Vadodara(Baroda),Vadodara(Sayajipura) APMC,Mint(Pudina),Other,FAQ,2025-11-04 00:00:00,3300.0,3500.0,3400.0,360
Gujarat,Ahmedabad,Ahmedabad APMC,Mint(Pudina),Other,FAQ,2025-11-19 00:00:00,3500.0,4500.0,4000.0,360
Gujarat,Ahmedabad,Ahmedabad APMC,Mint(Pudina),Other,FAQ,2025-11-21 00:00:00,2000.0,4500.0,3750.0,360
Gujarat,Ahmedabad,Ahmedabad APMC,Mint(Pudina),Other,FAQ,2025-11-28 00:00:00,2000.0,4000.0,3250.0,360
Gujarat,Vadodara(Baroda),Vadodara(Sayajipura),Mint(Pudina),Other,FAQ,2025-08-27 00:00:00,3800.0,4000.0,3900.0,360
Gujarat,Dahod,Dahod(Veg. Market),Mint(Pudina),Mint(Pudina),FAQ,2025-08-06 00:00:00,6000.0,8000.0,7000.0,360
Gujarat,Dahod,Dahod(Veg. Market),Mint(Pudina),Mint(Pudina),FAQ,2025-08-10 00:00:00,3000.0,4500.0,3750.0,360
Gujarat,Dahod,Dahod(Veg. Market),Mint(Pudina),Mint(Pudina),FAQ,2025-08-31 00:00:00,6000.0,10000.0,8000.0,360
Gujarat,Vadodara(Baroda),Vadodara(Sayajipura),Mint(Pudina),Other,FAQ,2025-08-01 00:00:00,4800.0,5000.0,4900.0,360
Gujarat,Vadodara(Baroda),Vadodara(Sayajipura),Mint(Pudina),Other,FAQ,2025-08-07 00:00:00,2300.0,2500.0,2400.0,360
Gujarat,Vadodara(Baroda),Vadodara(Sayajipura),Mint(Pudina),Other,FAQ,2025-08-19 00:00:00,3800.0,4000.0,3900.0,360
Gujarat,Vadodara(Baroda),Vadodara(Sayajipura),Mint(Pudina),Other,FAQ,2025-08-21 00:00:00,3800.0,4000.0,3900.0,360
Gujarat,Vadodara(Baroda),Vadodara(Sayajipura),Mint(Pudina),Other,FAQ,2025-08-25 00:00:00,3800.0,4000.0,3900.0,360
Gujarat,Dahod,Dahod(Veg. Market),Mint(Pudina),Mint(Pudina),FAQ,2025-11-01 00:00:00,5000.0,9000.0,8000.0,360
Gujarat,Dahod,Dahod(Veg. Market),Mint(Pudina),Mint(Pudina),FAQ,2025-11-02 00:00:00,5000.0,8000.0,7000.0,360
Gujarat,Dahod,Dahod(Veg. Market),Mint(Pudina),Mint(Pudina),FAQ,2025-10-04 00:00:00,7000.0,10000.0,8000.0,360
Gujarat,Dahod,Dahod(Veg. Market),Mint(Pudina),Mint(Pudina),FAQ,2025-10-14 00:00:00,5000.0,9000.0,8000.0,360
Gujarat,Dahod,Dahod(Veg. Market),Mint(Pudina),Mint(Pudina),FAQ,2025-10-20 00:00:00,6000.0,9000.0,8000.0,360
Gujarat,Dahod,Dahod(Veg. Market),Mint(Pudina),Mint(Pudina),FAQ,2025-10-26 00:00:00,7000.0,10000.0,9000.0,360
Gujarat,Dahod,Dahod(Veg. Market),Mint(Pudina),Mint(Pudina),FAQ,2025-10-28 00:00:00,6000.0,9000.0,8000.0,360
Gujarat,Dahod,Dahod(Veg. Market),Mint(Pudina),Mint(Pudina),FAQ,2025-10-29 00:00:00,6000.0,10000.0,9000.0,360
Gujarat,Dahod,Dahod(Veg. Market),Mint(Pudina),Mint(Pudina),FAQ,2025-10-30 00:00:00,5000.0,8000.0,7000.0,360
Gujarat,Vadodara(Baroda),Vadodara(Sayajipura),Mint(Pudina),Other,FAQ,2025-10-02 00:00:00,3800.0,4000.0,3900.0,360
Gujarat,Vadodara(Baroda),Vadodara(Sayajipura),Mint(Pudina),Other,FAQ,2025-10-03 00:00:00,3800.0,4000.0,3900.0,360
Gujarat,Vadodara(Baroda),Vadodara(Sayajipura),Mint(Pudina),Other,FAQ,2025-10-08 00:00:00,3800.0,4000.0,3900.0,360
Gujarat,Vadodara(Baroda),Vadodara(Sayajipura),Mint(Pudina),Other,FAQ,2025-10-31 00:00:00,2800.0,3000.0,2900.0,360
Gujarat,Dahod,Dahod(Veg. Market),Mint(Pudina),Mint(Pudina),FAQ,2025-09-01 00:00:00,6000.0,10000.0,9000.0,360
Gujarat,Dahod,Dahod(Veg. Market),Mint(Pudina),Mint(Pudina),FAQ,2025-09-03 00:00:00,7000.0,15000.0,12000.0,360
Gujarat,Dahod,Dahod(Veg. Market),Mint(Pudina),Mint(Pudina),FAQ,2025-09-10 00:00:00,8000.0,12000.0,10000.0,360
Gujarat,Dahod,Dahod(Veg. Market),Mint(Pudina),Mint(Pudina),FAQ,2025-09-15 00:00:00,6500.0,12000.0,10000.0,360
Gujarat,Dahod,Dahod(Veg. Market),Mint(Pudina),Mint(Pudina),FAQ,2025-09-16 00:00:00,4000.0,5000.0,4500.0,360
Gujarat,Dahod,Dahod(Veg. Market),Mint(Pudina),Mint(Pudina),FAQ,2025-09-19 00:00:00,10000.0,10000.0,10000.0,360
Gujarat,Dahod,Dahod(Veg. Market),Mint(Pudina),Mint(Pudina),FAQ,2025-09-23 00:00:00,6000.0,10000.0,9000.0,360
Gujarat,Dahod,Dahod(Veg. Market),Mint(Pudina),Mint(Pudina),FAQ,2025-09-26 00:00:00,10000.0,10000.0,10000.0,360
Gujarat,Dahod,Dahod(Veg. Market),Mint(Pudina),Mint(Pudina),FAQ,2025-09-28 00:00:00,6000.0,9000.0,7000.0,360
Gujarat,Vadodara(Baroda),Vadodara(Sayajipura),Mint(Pudina),Other,FAQ,2025-09-14 00:00:00,3800.0,4000.0,3900.0,360
Gujarat,Vadodara(Baroda),Vadodara(Sayajipura),Mint(Pudina),Other,FAQ,2025-09-18 00:00:00,3300.0,3500.0,3400.0,360
Gujarat,Vadodara(Baroda),Vadodara(Sayajipura),Mint(Pudina),Other,FAQ,2025-09-22 00:00:00,3800.0,4000.0,3900.0,360
Gujarat,Dahod,Dahod(Veg. Market) APMC,Mint(Pudina),Mint(Pudina),Local,2025-12-25 00:00:00,4000.0,8000.0,6000.0,360
Gujarat,Dahod,Dahod(Veg. Market) APMC,Mint(Pudina),Mint(Pudina),Local,2025-12-16 00:00:00,5000.0,8000.0,7000.0,360
Gujarat,Dahod,Dahod(Veg. Market) APMC,Mint(Pudina),Mint(Pudina),Local,2025-12-18 00:00:00,5000.0,7000.0,6000.0,360
Gujarat,Dahod,Dahod(Veg. Market) APMC,Mint(Pudina),Mint(Pudina),Local,2025-12-24 00:00:00,4000.0,7000.0,6000.0,360
Gujarat,Dahod,Dahod(Veg. Market) APMC,Mint(Pudina),Mint(Pudina),Local,2025-12-02 00:00:00,6000.0,10000.0,8000.0,360
Gujarat,Dahod,Dahod(Veg. Market) APMC,Mint(Pudina),Mint(Pudina),Local,2025-12-06 00:00:00,6000.0,10000.0,9000.0,360
Gujarat,Dahod,Dahod(Veg. Market) APMC,Mint(Pudina),Mint(Pudina),Local,2025-12-08 00:00:00,7000.0,10000.0,9000.0,360
Gujarat,Dahod,Dahod(Veg. Market) APMC,Mint(Pudina),Mint(Pudina),Local,2025-12-10 00:00:00,5000.0,6000.0,6000.0,360
Gujarat,Dahod,Dahod(Veg. Market) APMC,Mint(Pudina),Mint(Pudina),Local,2025-12-11 00:00:00,5000.0,8000.0,7000.0,360
Gujarat,Ahmedabad,Ahmedabad APMC,Mint(Pudina),Other,FAQ,2025-12-02 00:00:00,1500.0,2500.0,2250.0,360
Gujarat,Ahmedabad,Ahmedabad APMC,Mint(Pudina),Other,FAQ,2025-12-11 00:00:00,1500.0,2500.0,2350.0,360
Gujarat,Ahmedabad,Ahmedabad APMC,Mint(Pudina),Other,FAQ,2025-12-18 00:00:00,1500.0,2250.0,2100.0,360
Gujarat,Ahmedabad,Ahmedabad APMC,Mint(Pudina),Other,FAQ,2025-12-20 00:00:00,1000.0,2200.0,1800.0,360
Gujarat,Ahmedabad,Ahmedabad APMC,Mint(Pudina),Other,FAQ,2025-12-22 00:00:00,1000.0,2250.0,1850.0,360
Gujarat,Ahmedabad,Ahmedabad APMC,Mint(Pudina),Other,FAQ,2025-12-27 00:00:00,1000.0,2000.0,1700.0,360
Gujarat,Ahmedabad,Ahmedabad APMC,Mint(Pudina),Other,FAQ,2025-12-30 00:00:00,1000.0,2000.0,1650.0,360
Gujarat,Vadodara(Baroda),Vadodara(Sayajipura) APMC,Mint(Pudina),Other,FAQ,2025-12-24 00:00:00,1150.0,1150.0,1150.0,360
Gujarat,Dahod,Dahod(Veg. Market) APMC,Mint(Pudina),Mint(Pudina),Local,2026-01-05 00:00:00,3000.0,7000.0,5000.0,360
Gujarat,Dahod,Dahod(Veg. Market) APMC,Mint(Pudina),Mint(Pudina),Local,2026-01-18 00:00:00,1500.0,4000.0,3000.0,360
Gujarat,Dahod,Dahod(Veg. Market) APMC,Mint(Pudina),Mint(Pudina),Local,2026-02-05 00:00:00,2000.0,3000.0,2500.0,360
Gujarat,Ahmedabad,Ahmedabad APMC,Mint(Pudina),Other,FAQ,2026-01-21 00:00:00,1000.0,2000.0,1600.0,360
Gujarat,Ahmedabad,Ahmedabad APMC,Mint(Pudina),Other,FAQ,2026-01-27 00:00:00,1000.0,1800.0,1650.0,360
Gujarat,Ahmedabad,Ahmedabad APMC,Mint(Pudina),Other,FAQ,2026-01-30 00:00:00,1500.0,2000.0,1750.0,360
Gujarat,Ahmedabad,Ahmedabad APMC,Mint(Pudina),Other,FAQ,2026-02-03 00:00:00,1000.0,2000.0,1650.0,360
Gujarat,Ahmedabad,Ahmedabad APMC,Mint(Pudina),Other,FAQ,2026-02-05 00:00:00,1500.0,2000.0,1750.0,360
Gujarat,Vadodara(Baroda),Vadodara(Sayajipura) APMC,Mint(Pudina),Other,FAQ,2026-02-06 00:00:00,1550.0,1550.0,1550.0,360
Gujarat,Ahmedabad,Ahmedabad(Rajnagar sub yard),Mint(Pudina),Other,FAQ,2013-01-09 00:00:00,800.0,1400.0,1200.0,360
Gujarat,Ahmedabad,Ahmedabad(Rajnagar sub yard),Mint(Pudina),Other,FAQ,2013-01-15 00:00:00,1000.0,1500.0,1300.0,360
Gujarat,Ahmedabad,Ahmedabad(Rajnagar sub yard),Mint(Pudina),Other,FAQ,2013-01-16 00:00:00,1000.0,1500.0,1300.0,360
Gujarat,Ahmedabad,Ahmedabad(Rajnagar sub yard),Mint(Pudina),Other,FAQ,2013-01-28 00:00:00,500.0,800.0,700.0,360
Gujarat,Ahmedabad,Ahmedabad(Rajnagar sub yard),Mint(Pudina),Other,FAQ,2013-01-31 00:00:00,400.0,700.0,600.0,360
Gujarat,Ahmedabad,Ahmedabad(Rajnagar sub yard),Mint(Pudina),Other,FAQ,2013-02-12 00:00:00,500.0,1000.0,800.0,360
Gujarat,Ahmedabad,Ahmedabad(Rajnagar sub yard),Mint(Pudina),Other,FAQ,2013-02-25 00:00:00,400.0,700.0,600.0,360
Gujarat,Ahmedabad,Ahmedabad(Rajnagar sub yard),Mint(Pudina),Other,FAQ,2013-02-27 00:00:00,300.0,600.0,500.0,360
Gujarat,Ahmedabad,Ahmedabad(Rajnagar sub yard),Mint(Pudina),Other,FAQ,2013-03-08 00:00:00,400.0,700.0,600.0,360
Gujarat,Ahmedabad,Ahmedabad(Rajnagar sub yard),Mint(Pudina),Other,FAQ,2013-03-12 00:00:00,500.0,800.0,700.0,360
Gujarat,Ahmedabad,Ahmedabad(Rajnagar sub yard),Mint(Pudina),Other,FAQ,2013-03-14 00:00:00,400.0,700.0,600.0,360
Gujarat,Ahmedabad,Ahmedabad(Rajnagar sub yard),Mint(Pudina),Other,FAQ,2013-03-15 00:00:00,400.0,600.0,500.0,360
Gujarat,Ahmedabad,Ahmedabad(Rajnagar sub yard),Mint(Pudina),Other,FAQ,2013-03-16 00:00:00,400.0,700.0,600.0,360
Gujarat,Ahmedabad,Ahmedabad(Rajnagar sub yard),Mint(Pudina),Other,FAQ,2013-03-18 00:00:00,400.0,600.0,500.0,360
Gujarat,Ahmedabad,Ahmedabad(Rajnagar sub yard),Mint(Pudina),Other,FAQ,2013-03-20 00:00:00,400.0,700.0,600.0,360
Gujarat,Ahmedabad,Ahmedabad(Rajnagar sub yard),Mint(Pudina),Other,FAQ,2013-03-21 00:00:00,400.0,600.0,500.0,360
Gujarat,Ahmedabad,Ahmedabad(Rajnagar sub yard),Mint(Pudina),Other,FAQ,2013-03-23 00:00:00,400.0,700.0,600.0,360
Gujarat,Ahmedabad,Ahmedabad(Rajnagar sub yard),Mint(Pudina),Other,FAQ,2013-04-08 00:00:00,300.0,600.0,500.0,360
Gujarat,Ahmedabad,Ahmedabad(Rajnagar sub yard),Mint(Pudina),Other,FAQ,2013-04-09 00:00:00,400.0,600.0,500.0,360
Gujarat,Ahmedabad,Ahmedabad(Rajnagar sub yard),Mint(Pudina),Other,FAQ,2013-04-11 00:00:00,400.0,600.0,500.0,360
Gujarat,Ahmedabad,Ahmedabad(Rajnagar sub yard),Mint(Pudina),Other,FAQ,2013-04-12 00:00:00,500.0,1000.0,800.0,360
Gujarat,Ahmedabad,Ahmedabad(Rajnagar sub yard),Mint(Pudina),Other,FAQ,2013-04-18 00:00:00,400.0,700.0,600.0,360
Gujarat,Ahmedabad,Ahmedabad(Rajnagar sub yard),Mint(Pudina),Other,FAQ,2013-05-02 00:00:00,500.0,1000.0,800.0,360
Gujarat,Ahmedabad,Ahmedabad(Rajnagar sub yard),Mint(Pudina),Other,FAQ,2013-05-11 00:00:00,1000.0,1200.0,1100.0,360
Gujarat,Ahmedabad,Ahmedabad(Rajnagar sub yard),Mint(Pudina),Other,FAQ,2013-05-16 00:00:00,800.0,1500.0,1200.0,360
Gujarat,Ahmedabad,Ahmedabad(Rajnagar sub yard),Mint(Pudina),Other,FAQ,2013-05-22 00:00:00,1000.0,1300.0,1200.0,360
Gujarat,Ahmedabad,Ahmedabad(Rajnagar sub yard),Mint(Pudina),Other,FAQ,2013-05-23 00:00:00,1000.0,1250.0,1150.0,360
Gujarat,Ahmedabad,Ahmedabad(Rajnagar sub yard),Mint(Pudina),Other,FAQ,2013-05-24 00:00:00,500.0,1200.0,1000.0,360
Gujarat,Ahmedabad,Ahmedabad(Rajnagar sub yard),Mint(Pudina),Other,FAQ,2013-05-28 00:00:00,1000.0,1500.0,1300.0,360
Gujarat,Ahmedabad,Ahmedabad(Rajnagar sub yard),Mint(Pudina),Other,FAQ,2013-06-05 00:00:00,800.0,1000.0,900.0,360
Gujarat,Ahmedabad,Ahmedabad(Rajnagar sub yard),Mint(Pudina),Other,FAQ,2013-06-08 00:00:00,800.0,1200.0,1100.0,360
Gujarat,Ahmedabad,Ahmedabad(Rajnagar sub yard),Mint(Pudina),Other,FAQ,2013-06-20 00:00:00,800.0,1200.0,1100.0,360
Gujarat,Ahmedabad,Ahmedabad(Rajnagar sub yard),Mint(Pudina),Other,FAQ,2013-06-27 00:00:00,1250.0,1750.0,1500.0,360
Gujarat,Ahmedabad,Ahmedabad(Rajnagar sub yard),Mint(Pudina),Other,FAQ,2013-07-11 00:00:00,1500.0,2500.0,2000.0,360
Gujarat,Ahmedabad,Ahmedabad(Rajnagar sub yard),Mint(Pudina),Other,FAQ,2013-07-12 00:00:00,2500.0,3000.0,2800.0,360
Gujarat,Ahmedabad,Ahmedabad(Rajnagar sub yard),Mint(Pudina),Other,FAQ,2013-07-19 00:00:00,2000.0,3000.0,2500.0,360
Gujarat,Ahmedabad,Ahmedabad(Rajnagar sub yard),Mint(Pudina),Other,FAQ,2013-07-20 00:00:00,2000.0,2500.0,2300.0,360
Gujarat,Ahmedabad,Ahmedabad(Rajnagar sub yard),Mint(Pudina),Other,FAQ,2013-07-24 00:00:00,2000.0,2500.0,2300.0,360
Gujarat,Ahmedabad,Ahmedabad(Rajnagar sub yard),Mint(Pudina),Other,FAQ,2013-07-29 00:00:00,2000.0,2750.0,2500.0,360
Gujarat,Ahmedabad,Ahmedabad(Rajnagar sub yard),Mint(Pudina),Other,FAQ,2013-07-30 00:00:00,500.0,3000.0,2000.0,360
Gujarat,Ahmedabad,Ahmedabad(Rajnagar sub yard),Mint(Pudina),Other,FAQ,2013-07-31 00:00:00,2500.0,3000.0,2800.0,360
Gujarat,Ahmedabad,Ahmedabad(Rajnagar sub yard),Mint(Pudina),Other,FAQ,2013-08-02 00:00:00,2000.0,3000.0,2500.0,360
Gujarat,Ahmedabad,Ahmedabad(Rajnagar sub yard),Mint(Pudina),Other,FAQ,2013-08-09 00:00:00,2500.0,3500.0,3000.0,360
Gujarat,Ahmedabad,Ahmedabad(Rajnagar sub yard),Mint(Pudina),Other,FAQ,2013-08-14 00:00:00,2000.0,3500.0,3000.0,360
Gujarat,Ahmedabad,Ahmedabad(Rajnagar sub yard),Mint(Pudina),Other,FAQ,2013-08-17 00:00:00,1500.0,2500.0,2200.0,360
Gujarat,Ahmedabad,Ahmedabad(Rajnagar sub yard),Mint(Pudina),Other,FAQ,2013-08-19 00:00:00,1500.0,2500.0,2200.0,360
Gujarat,Ahmedabad,Ahmedabad(Rajnagar sub yard),Mint(Pudina),Other,FAQ,2013-08-21 00:00:00,2000.0,3500.0,3000.0,360
Gujarat,Ahmedabad,Ahmedabad(Rajnagar sub yard),Mint(Pudina),Other,FAQ,2013-08-22 00:00:00,2500.0,4000.0,3500.0,360
Gujarat,Ahmedabad,Ahmedabad(Rajnagar sub yard),Mint(Pudina),Other,FAQ,2013-08-24 00:00:00,1500.0,3000.0,2500.0,360
Gujarat,Ahmedabad,Ahmedabad(Rajnagar sub yard),Mint(Pudina),Other,FAQ,2013-08-26 00:00:00,2000.0,3500.0,3000.0,360
Gujarat,Ahmedabad,Ahmedabad(Rajnagar sub yard),Mint(Pudina),Other,FAQ,2013-08-30 00:00:00,1500.0,2500.0,2000.0,360
Gujarat,Ahmedabad,Ahmedabad(Rajnagar sub yard),Mint(Pudina),Other,FAQ,2013-09-04 00:00:00,800.0,1500.0,1200.0,360
Gujarat,Ahmedabad,Ahmedabad(Rajnagar sub yard),Mint(Pudina),Other,FAQ,2013-09-05 00:00:00,1000.0,1500.0,1300.0,360
Gujarat,Ahmedabad,Ahmedabad(Rajnagar sub yard),Mint(Pudina),Other,FAQ,2013-09-06 00:00:00,600.0,1000.0,900.0,360
Gujarat,Ahmedabad,Ahmedabad(Rajnagar sub yard),Mint(Pudina),Other,FAQ,2013-09-07 00:00:00,700.0,1000.0,900.0,360
Gujarat,Ahmedabad,Ahmedabad(Rajnagar sub yard),Mint(Pudina),Other,FAQ,2013-09-11 00:00:00,500.0,1200.0,1000.0,360
Gujarat,Ahmedabad,Ahmedabad(Rajnagar sub yard),Mint(Pudina),Other,FAQ,2013-09-12 00:00:00,500.0,1000.0,800.0,360
Gujarat,Ahmedabad,Ahmedabad(Rajnagar sub yard),Mint(Pudina),Other,FAQ,2013-09-13 00:00:00,600.0,1000.0,900.0,360
Gujarat,Ahmedabad,Ahmedabad(Rajnagar sub yard),Mint(Pudina),Other,FAQ,2013-09-16 00:00:00,500.0,1300.0,1000.0,360
Gujarat,Ahmedabad,Ahmedabad(Rajnagar sub yard),Mint(Pudina),Other,FAQ,2013-09-21 00:00:00,1000.0,1500.0,1300.0,360
Gujarat,Ahmedabad,Ahmedabad(Rajnagar sub yard),Mint(Pudina),Other,FAQ,2013-09-24 00:00:00,500.0,1500.0,1200.0,360
Gujarat,Ahmedabad,Ahmedabad(Rajnagar sub yard),Mint(Pudina),Other,FAQ,2013-10-14 00:00:00,1000.0,3000.0,2500.0,360
Gujarat,Ahmedabad,Ahmedabad(Rajnagar sub yard),Mint(Pudina),Other,FAQ,2013-10-16 00:00:00,2000.0,3000.0,2800.0,360
Gujarat,Ahmedabad,Ahmedabad(Rajnagar sub yard),Mint(Pudina),Other,FAQ,2013-10-28 00:00:00,1500.0,2500.0,2200.0,360
Gujarat,Ahmedabad,Ahmedabad(Rajnagar sub yard),Mint(Pudina),Other,FAQ,2013-10-29 00:00:00,2000.0,2500.0,2300.0,360
Gujarat,Ahmedabad,Ahmedabad(Rajnagar sub yard),Mint(Pudina),Other,FAQ,2013-11-08 00:00:00,600.0,1000.0,900.0,360
Gujarat,Ahmedabad,Ahmedabad(Rajnagar sub yard),Mint(Pudina),Other,FAQ,2013-11-13 00:00:00,800.0,1200.0,1100.0,360
Gujarat,Ahmedabad,Ahmedabad(Rajnagar sub yard),Mint(Pudina),Other,FAQ,2013-11-14 00:00:00,800.0,1200.0,1100.0,360
Gujarat,Ahmedabad,Ahmedabad(Rajnagar sub yard),Mint(Pudina),Other,FAQ,2013-11-18 00:00:00,1000.0,1800.0,1500.0,360
Gujarat,Ahmedabad,Ahmedabad(Rajnagar sub yard),Mint(Pudina),Other,FAQ,2013-11-19 00:00:00,1000.0,2000.0,1800.0,360
Gujarat,Ahmedabad,Ahmedabad(Rajnagar sub yard),Mint(Pudina),Other,FAQ,2013-11-20 00:00:00,1000.0,1200.0,1100.0,360
Gujarat,Ahmedabad,Ahmedabad(Rajnagar sub yard),Mint(Pudina),Other,FAQ,2013-11-26 00:00:00,500.0,1000.0,800.0,360
Gujarat,Ahmedabad,Ahmedabad(Rajnagar sub yard),Mint(Pudina),Other,FAQ,2013-12-02 00:00:00,500.0,1000.0,800.0,360
Gujarat,Ahmedabad,Ahmedabad(Rajnagar sub yard),Mint(Pudina),Other,FAQ,2013-12-10 00:00:00,1000.0,1200.0,1100.0,360
Gujarat,Ahmedabad,Ahmedabad(Rajnagar sub yard),Mint(Pudina),Other,FAQ,2013-12-12 00:00:00,500.0,1250.0,1000.0,360
Gujarat,Ahmedabad,Ahmedabad(Rajnagar sub yard),Mint(Pudina),Other,FAQ,2013-12-21 00:00:00,1000.0,1500.0,1300.0,360
Gujarat,Ahmedabad,Ahmedabad(Rajnagar sub yard),Mint(Pudina),Other,FAQ,2013-12-23 00:00:00,1000.0,1500.0,1300.0,360
Gujarat,Ahmedabad,Ahmedabad(Rajnagar sub yard),Mint(Pudina),Other,FAQ,2013-12-30 00:00:00,1000.0,1500.0,1300.0,360
Gujarat,Bharuch,Bharuch,Mint(Pudina),Other,FAQ,2013-03-02 00:00:00,400.0,500.0,450.0,360
Gujarat,Bharuch,Bharuch,Mint(Pudina),Other,FAQ,2013-09-05 00:00:00,1500.0,2000.0,1750.0,360
Gujarat,Bharuch,Bharuch,Mint(Pudina),Other,FAQ,2013-10-21 00:00:00,1400.0,1600.0,1500.0,360
Gujarat,Bharuch,Bharuch,Mint(Pudina),Other,FAQ,2013-11-06 00:00:00,1400.0,1600.0,1500.0,360
Gujarat,Bharuch,Bharuch,Mint(Pudina),Other,FAQ,2013-11-14 00:00:00,1000.0,1500.0,1250.0,360
Gujarat,Bharuch,Bharuch,Mint(Pudina),Other,FAQ,2013-12-03 00:00:00,800.0,1200.0,1000.0,360
Gujarat,Dahod,Dahod(Veg. Market),Mint(Pudina),Mint(Pudina),FAQ,2013-10-01 00:00:00,2000.0,3000.0,3000.0,360
Gujarat,Dahod,Dahod(Veg. Market),Mint(Pudina),Mint(Pudina),FAQ,2013-10-08 00:00:00,2000.0,3500.0,3000.0,360
Gujarat,Dahod,Dahod(Veg. Market),Mint(Pudina),Mint(Pudina),FAQ,2013-10-13 00:00:00,2500.0,4000.0,3000.0,360
Gujarat,Dahod,Dahod(Veg. Market),Mint(Pudina),Mint(Pudina),FAQ,2013-10-30 00:00:00,2500.0,5000.0,4000.0,360
Gujarat,Dahod,Dahod(Veg. Market),Mint(Pudina),Mint(Pudina),FAQ,2013-11-01 00:00:00,2500.0,4000.0,3500.0,360
Gujarat,Dahod,Dahod(Veg. Market),Mint(Pudina),Mint(Pudina),FAQ,2013-11-14 00:00:00,3000.0,5000.0,4000.0,360
Gujarat,Dahod,Dahod(Veg. Market),Mint(Pudina),Mint(Pudina),FAQ,2013-11-16 00:00:00,3500.0,5000.0,4000.0,360
Gujarat,Dahod,Dahod(Veg. Market),Mint(Pudina),Mint(Pudina),FAQ,2013-12-06 00:00:00,2000.0,2500.0,2500.0,360
Gujarat,Dahod,Dahod(Veg. Market),Mint(Pudina),Mint(Pudina),FAQ,2013-12-08 00:00:00,2000.0,3000.0,2500.0,360
Gujarat,Dahod,Dahod(Veg. Market),Mint(Pudina),Mint(Pudina),FAQ,2013-12-13 00:00:00,2000.0,2500.0,2300.0,360
Gujarat,Dahod,Dahod(Veg. Market),Mint(Pudina),Mint(Pudina),FAQ,2013-12-24 00:00:00,2000.0,2500.0,2200.0,360
Gujarat,Dahod,Dahod(Veg. Market),Mint(Pudina),Mint(Pudina),FAQ,2013-12-30 00:00:00,2000.0,2500.0,2500.0,360
Gujarat,Dahod,Dahod(Veg. Market),Mint(Pudina),Other,FAQ,2013-01-02 00:00:00,2500.0,3000.0,2700.0,360
Gujarat,Dahod,Dahod(Veg. Market),Mint(Pudina),Other,FAQ,2013-01-08 00:00:00,2500.0,3000.0,2800.0,360
Gujarat,Dahod,Dahod(Veg. Market),Mint(Pudina),Other,FAQ,2013-01-15 00:00:00,2500.0,3000.0,2500.0,360
Gujarat,Dahod,Dahod(Veg. Market),Mint(Pudina),Other,FAQ,2013-01-24 00:00:00,3000.0,4000.0,3500.0,360
Gujarat,Dahod,Dahod(Veg. Market),Mint(Pudina),Other,FAQ,2013-01-26 00:00:00,3000.0,4000.0,3500.0,360
Gujarat,Dahod,Dahod(Veg. Market),Mint(Pudina),Other,FAQ,2013-02-01 00:00:00,2000.0,2500.0,2300.0,360
Gujarat,Dahod,Dahod(Veg. Market),Mint(Pudina),Other,FAQ,2013-02-08 00:00:00,2000.0,2500.0,2300.0,360
Gujarat,Dahod,Dahod(Veg. Market),Mint(Pudina),Other,FAQ,2013-02-11 00:00:00,2000.0,3000.0,2500.0,360
Gujarat,Dahod,Dahod(Veg. Market),Mint(Pudina),Other,FAQ,2013-02-18 00:00:00,1500.0,3000.0,2500.0,360
Gujarat,Dahod,Dahod(Veg. Market),Mint(Pudina),Other,FAQ,2013-02-24 00:00:00,1500.0,3000.0,2500.0,360
Gujarat,Dahod,Dahod(Veg. Market),Mint(Pudina),Other,FAQ,2013-03-02 00:00:00,2000.0,3000.0,2800.0,360
Gujarat,Dahod,Dahod(Veg. Market),Mint(Pudina),Other,FAQ,2013-03-07 00:00:00,1500.0,3000.0,2000.0,360
Gujarat,Dahod,Dahod(Veg. Market),Mint(Pudina),Other,FAQ,2013-03-08 00:00:00,2000.0,3000.0,2500.0,360
Gujarat,Dahod,Dahod(Veg. Market),Mint(Pudina),Other,FAQ,2013-03-09 00:00:00,2000.0,3000.0,2500.0,360
Gujarat,Dahod,Dahod(Veg. Market),Mint(Pudina),Other,FAQ,2013-03-14 00:00:00,2000.0,3000.0,2500.0,360
Gujarat,Dahod,Dahod(Veg. Market),Mint(Pudina),Other,FAQ,2013-04-10 00:00:00,800.0,1500.0,1400.0,360
Gujarat,Dahod,Dahod(Veg. Market),Mint(Pudina),Other,FAQ,2013-05-05 00:00:00,800.0,1500.0,1200.0,360
Gujarat,Dahod,Dahod(Veg. Market),Mint(Pudina),Other,FAQ,2013-05-08 00:00:00,500.0,1500.0,1200.0,360
Gujarat,Dahod,Dahod(Veg. Market),Mint(Pudina),Other,FAQ,2013-05-12 00:00:00,500.0,1500.0,1200.0,360
Gujarat,Dahod,Dahod(Veg. Market),Mint(Pudina),Other,FAQ,2013-05-14 00:00:00,500.0,1500.0,1000.0,360
Gujarat,Dahod,Dahod(Veg. Market),Mint(Pudina),Other,FAQ,2013-05-29 00:00:00,800.0,1500.0,1000.0,360
Gujarat,Dahod,Dahod(Veg. Market),Mint(Pudina),Other,FAQ,2013-06-08 00:00:00,1500.0,2000.0,2000.0,360
Gujarat,Dahod,Dahod(Veg. Market),Mint(Pudina),Other,FAQ,2013-06-14 00:00:00,1000.0,1500.0,1500.0,360
Gujarat,Dahod,Dahod(Veg. Market),Mint(Pudina),Other,FAQ,2013-06-15 00:00:00,1500.0,2000.0,2000.0,360
Gujarat,Dahod,Dahod(Veg. Market),Mint(Pudina),Other,FAQ,2013-07-03 00:00:00,2000.0,3000.0,2500.0,360
Gujarat,Dahod,Dahod(Veg. Market),Mint(Pudina),Other,FAQ,2013-07-06 00:00:00,2000.0,3000.0,2500.0,360
Gujarat,Dahod,Dahod(Veg. Market),Mint(Pudina),Other,FAQ,2013-07-15 00:00:00,3000.0,5000.0,4000.0,360
Gujarat,Dahod,Dahod(Veg. Market),Mint(Pudina),Other,FAQ,2013-07-23 00:00:00,2000.0,3500.0,3000.0,360
Gujarat,Dahod,Dahod(Veg. Market),Mint(Pudina),Other,FAQ,2013-07-26 00:00:00,2500.0,4000.0,3000.0,360
Gujarat,Dahod,Dahod(Veg. Market),Mint(Pudina),Other,FAQ,2013-08-04 00:00:00,3500.0,4000.0,4000.0,360
Gujarat,Dahod,Dahod(Veg. Market),Mint(Pudina),Other,FAQ,2013-08-12 00:00:00,3000.0,4000.0,3500.0,360
Gujarat,Dahod,Dahod(Veg. Market),Mint(Pudina),Other,FAQ,2013-08-14 00:00:00,2500.0,3000.0,3000.0,360
Gujarat,Dahod,Dahod(Veg. Market),Mint(Pudina),Other,FAQ,2013-09-02 00:00:00,3000.0,4000.0,3500.0,360
Gujarat,Dahod,Dahod(Veg. Market),Mint(Pudina),Other,FAQ,2013-09-12 00:00:00,2500.0,3000.0,3000.0,360
Gujarat,Dahod,Dahod(Veg. Market),Mint(Pudina),Other,FAQ,2013-09-15 00:00:00,2500.0,2500.0,2500.0,360
Gujarat,Dahod,Dahod(Veg. Market),Mint(Pudina),Other,FAQ,2013-09-16 00:00:00,2500.0,3500.0,3000.0,360
Gujarat,Dahod,Dahod(Veg. Market),Mint(Pudina),Other,FAQ,2013-09-26 00:00:00,2500.0,3000.0,3000.0,360
Gujarat,Vadodara(Baroda),Vadodara(Sayajipura),Mint(Pudina),Other,FAQ,2013-01-07 00:00:00,1000.0,1500.0,1300.0,360
Gujarat,Vadodara(Baroda),Vadodara(Sayajipura),Mint(Pudina),Other,FAQ,2013-01-17 00:00:00,2000.0,2500.0,2250.0,360
Gujarat,Vadodara(Baroda),Vadodara(Sayajipura),Mint(Pudina),Other,FAQ,2013-01-18 00:00:00,2000.0,2500.0,2250.0,360
Gujarat,Vadodara(Baroda),Vadodara(Sayajipura),Mint(Pudina),Other,FAQ,2013-01-19 00:00:00,1800.0,2300.0,2100.0,360
Gujarat,Vadodara(Baroda),Vadodara(Sayajipura),Mint(Pudina),Other,FAQ,2013-01-20 00:00:00,1500.0,2000.0,1800.0,360
Gujarat,Vadodara(Baroda),Vadodara(Sayajipura),Mint(Pudina),Other,FAQ,2013-01-24 00:00:00,1000.0,1500.0,1300.0,360
Gujarat,Vadodara(Baroda),Vadodara(Sayajipura),Mint(Pudina),Other,FAQ,2013-02-01 00:00:00,1250.0,2250.0,1800.0,360
Gujarat,Vadodara(Baroda),Vadodara(Sayajipura),Mint(Pudina),Other,FAQ,2013-02-16 00:00:00,1250.0,1500.0,1400.0,360
Gujarat,Vadodara(Baroda),Vadodara(Sayajipura),Mint(Pudina),Other,FAQ,2013-02-24 00:00:00,1250.0,1750.0,1550.0,360
Gujarat,Vadodara(Baroda),Vadodara(Sayajipura),Mint(Pudina),Other,FAQ,2013-02-27 00:00:00,1500.0,2000.0,1800.0,360
Gujarat,Vadodara(Baroda),Vadodara(Sayajipura),Mint(Pudina),Other,FAQ,2013-03-06 00:00:00,1500.0,2000.0,1750.0,360
Gujarat,Vadodara(Baroda),Vadodara(Sayajipura),Mint(Pudina),Other,FAQ,2013-03-08 00:00:00,1500.0,2000.0,1800.0,360
Gujarat,Vadodara(Baroda),Vadodara(Sayajipura),Mint(Pudina),Other,FAQ,2013-03-09 00:00:00,1500.0,2000.0,1800.0,360
Gujarat,Vadodara(Baroda),Vadodara(Sayajipura),Mint(Pudina),Other,FAQ,2013-03-13 00:00:00,1200.0,1500.0,1375.0,360
Gujarat,Vadodara(Baroda),Vadodara(Sayajipura),Mint(Pudina),Other,FAQ,2013-03-17 00:00:00,1000.0,1500.0,1300.0,360
Gujarat,Vadodara(Baroda),Vadodara(Sayajipura),Mint(Pudina),Other,FAQ,2013-03-21 00:00:00,1000.0,1500.0,1300.0,360
Gujarat,Vadodara(Baroda),Vadodara(Sayajipura),Mint(Pudina),Other,FAQ,2013-03-25 00:00:00,1000.0,1500.0,1250.0,360
Gujarat,Vadodara(Baroda),Vadodara(Sayajipura),Mint(Pudina),Other,FAQ,2013-04-15 00:00:00,1000.0,1400.0,1250.0,360
Gujarat,Vadodara(Baroda),Vadodara(Sayajipura),Mint(Pudina),Other,FAQ,2013-04-17 00:00:00,1000.0,1500.0,1300.0,360
Gujarat,Vadodara(Baroda),Vadodara(Sayajipura),Mint(Pudina),Other,FAQ,2013-04-24 00:00:00,1000.0,1200.0,1125.0,360
Gujarat,Vadodara(Baroda),Vadodara(Sayajipura),Mint(Pudina),Other,FAQ,2013-04-26 00:00:00,1000.0,1400.0,1250.0,360
Gujarat,Vadodara(Baroda),Vadodara(Sayajipura),Mint(Pudina),Other,FAQ,2013-04-28 00:00:00,1000.0,1400.0,1225.0,360
Gujarat,Vadodara(Baroda),Vadodara(Sayajipura),Mint(Pudina),Other,FAQ,2013-05-03 00:00:00,1000.0,1200.0,1150.0,360
Gujarat,Vadodara(Baroda),Vadodara(Sayajipura),Mint(Pudina),Other,FAQ,2013-05-04 00:00:00,1000.0,1200.0,1150.0,360
Gujarat,Vadodara(Baroda),Vadodara(Sayajipura),Mint(Pudina),Other,FAQ,2013-05-05 00:00:00,1000.0,1200.0,1150.0,360
Gujarat,Vadodara(Baroda),Vadodara(Sayajipura),Mint(Pudina),Other,FAQ,2013-05-13 00:00:00,1200.0,1500.0,1400.0,360
Gujarat,Vadodara(Baroda),Vadodara(Sayajipura),Mint(Pudina),Other,FAQ,2013-05-26 00:00:00,1500.0,2000.0,1800.0,360
Gujarat,Vadodara(Baroda),Vadodara(Sayajipura),Mint(Pudina),Other,FAQ,2013-05-29 00:00:00,1500.0,2250.0,2000.0,360
Gujarat,Vadodara(Baroda),Vadodara(Sayajipura),Mint(Pudina),Other,FAQ,2013-06-03 00:00:00,1500.0,2000.0,1800.0,360
Gujarat,Vadodara(Baroda),Vadodara(Sayajipura),Mint(Pudina),Other,FAQ,2013-06-07 00:00:00,1250.0,1750.0,1575.0,360
Gujarat,Vadodara(Baroda),Vadodara(Sayajipura),Mint(Pudina),Other,FAQ,2013-06-09 00:00:00,1500.0,2250.0,2000.0,360
Gujarat,Vadodara(Baroda),Vadodara(Sayajipura),Mint(Pudina),Other,FAQ,2013-06-24 00:00:00,2000.0,2500.0,2275.0,360
Gujarat,Vadodara(Baroda),Vadodara(Sayajipura),Mint(Pudina),Other,FAQ,2013-06-28 00:00:00,2000.0,2500.0,2300.0,360
Gujarat,Vadodara(Baroda),Vadodara(Sayajipura),Mint(Pudina),Other,FAQ,2013-06-29 00:00:00,2000.0,2500.0,2300.0,360
Gujarat,Vadodara(Baroda),Vadodara(Sayajipura),Mint(Pudina),Other,FAQ,2013-06-30 00:00:00,1750.0,2250.0,2050.0,360
Gujarat,Vadodara(Baroda),Vadodara(Sayajipura),Mint(Pudina),Other,FAQ,2013-07-04 00:00:00,1500.0,2000.0,1825.0,360
Gujarat,Vadodara(Baroda),Vadodara(Sayajipura),Mint(Pudina),Other,FAQ,2013-07-09 00:00:00,1500.0,2500.0,2125.0,360
Gujarat,Vadodara(Baroda),Vadodara(Sayajipura),Mint(Pudina),Other,FAQ,2013-07-18 00:00:00,3000.0,4000.0,3550.0,360
Gujarat,Vadodara(Baroda),Vadodara(Sayajipura),Mint(Pudina),Other,FAQ,2013-07-19 00:00:00,3000.0,4000.0,3550.0,360
Gujarat,Vadodara(Baroda),Vadodara(Sayajipura),Mint(Pudina),Other,FAQ,2013-07-28 00:00:00,2000.0,3000.0,2625.0,360
Gujarat,Vadodara(Baroda),Vadodara(Sayajipura),Mint(Pudina),Other,FAQ,2013-08-03 00:00:00,2500.0,3500.0,3025.0,360
Gujarat,Vadodara(Baroda),Vadodara(Sayajipura),Mint(Pudina),Other,FAQ,2013-08-04 00:00:00,2000.0,2500.0,2300.0,360
Gujarat,Vadodara(Baroda),Vadodara(Sayajipura),Mint(Pudina),Other,FAQ,2013-08-12 00:00:00,3000.0,4000.0,3625.0,360
Gujarat,Vadodara(Baroda),Vadodara(Sayajipura),Mint(Pudina),Other,FAQ,2013-08-13 00:00:00,3000.0,4000.0,3625.0,360
Gujarat,Vadodara(Baroda),Vadodara(Sayajipura),Mint(Pudina),Other,FAQ,2013-08-23 00:00:00,2500.0,3000.0,2825.0,360
Gujarat,Vadodara(Baroda),Vadodara(Sayajipura),Mint(Pudina),Other,FAQ,2013-08-24 00:00:00,2500.0,3000.0,2775.0,360
Gujarat,Vadodara(Baroda),Vadodara(Sayajipura),Mint(Pudina),Other,FAQ,2013-08-28 00:00:00,1500.0,2500.0,2050.0,360
Gujarat,Vadodara(Baroda),Vadodara(Sayajipura),Mint(Pudina),Other,FAQ,2013-08-30 00:00:00,1500.0,2250.0,2000.0,360
Gujarat,Vadodara(Baroda),Vadodara(Sayajipura),Mint(Pudina),Other,FAQ,2013-09-02 00:00:00,2500.0,3000.0,2775.0,360
Gujarat,Vadodara(Baroda),Vadodara(Sayajipura),Mint(Pudina),Other,FAQ,2013-09-07 00:00:00,2250.0,2500.0,2400.0,360
Gujarat,Vadodara(Baroda),Vadodara(Sayajipura),Mint(Pudina),Other,FAQ,2013-09-17 00:00:00,1000.0,1500.0,1250.0,360
Gujarat,Vadodara(Baroda),Vadodara(Sayajipura),Mint(Pudina),Other,FAQ,2013-09-25 00:00:00,1000.0,1500.0,1300.0,360
Gujarat,Vadodara(Baroda),Vadodara(Sayajipura),Mint(Pudina),Other,FAQ,2013-10-05 00:00:00,1000.0,2000.0,1550.0,360
Gujarat,Vadodara(Baroda),Vadodara(Sayajipura),Mint(Pudina),Other,FAQ,2013-10-06 00:00:00,1000.0,2000.0,1550.0,360
Gujarat,Vadodara(Baroda),Vadodara(Sayajipura),Mint(Pudina),Other,FAQ,2013-10-08 00:00:00,1000.0,2000.0,1525.0,360
Gujarat,Vadodara(Baroda),Vadodara(Sayajipura),Mint(Pudina),Other,FAQ,2013-10-12 00:00:00,1500.0,2000.0,1800.0,360
Gujarat,Vadodara(Baroda),Vadodara(Sayajipura),Mint(Pudina),Other,FAQ,2013-10-27 00:00:00,1500.0,2500.0,2050.0,360
Gujarat,Vadodara(Baroda),Vadodara(Sayajipura),Mint(Pudina),Other,FAQ,2013-11-03 00:00:00,1500.0,2000.0,1800.0,360
Gujarat,Vadodara(Baroda),Vadodara(Sayajipura),Mint(Pudina),Other,FAQ,2013-11-06 00:00:00,1250.0,1750.0,1550.0,360
Gujarat,Vadodara(Baroda),Vadodara(Sayajipura),Mint(Pudina),Other,FAQ,2013-11-16 00:00:00,2500.0,3000.0,2800.0,360
Gujarat,Vadodara(Baroda),Vadodara(Sayajipura),Mint(Pudina),Other,FAQ,2013-11-17 00:00:00,2500.0,3000.0,2800.0,360
Gujarat,Vadodara(Baroda),Vadodara(Sayajipura),Mint(Pudina),Other,FAQ,2013-11-19 00:00:00,1000.0,1500.0,1300.0,360
Gujarat,Vadodara(Baroda),Vadodara(Sayajipura),Mint(Pudina),Other,FAQ,2013-11-20 00:00:00,1250.0,1700.0,1500.0,360
Gujarat,Vadodara(Baroda),Vadodara(Sayajipura),Mint(Pudina),Other,FAQ,2013-11-22 00:00:00,1000.0,1300.0,1200.0,360
Gujarat,Vadodara(Baroda),Vadodara(Sayajipura),Mint(Pudina),Other,FAQ,2013-12-03 00:00:00,1500.0,2000.0,1750.0,360
Gujarat,Vadodara(Baroda),Vadodara(Sayajipura),Mint(Pudina),Other,FAQ,2013-12-14 00:00:00,1000.0,2000.0,1550.0,360
Gujarat,Vadodara(Baroda),Vadodara(Sayajipura),Mint(Pudina),Other,FAQ,2013-12-22 00:00:00,1000.0,1500.0,1300.0,360
Gujarat,Vadodara(Baroda),Vadodara(Sayajipura),Mint(Pudina),Other,FAQ,2013-12-24 00:00:00,1000.0,1500.0,1300.0,360
Gujarat,Vadodara(Baroda),Vadodara(Sayajipura),Mint(Pudina),Other,FAQ,2013-12-25 00:00:00,1000.0,1500.0,1300.0,360
Gujarat,Vadodara(Baroda),Vadodara(Sayajipura),Mint(Pudina),Other,FAQ,2013-12-28 00:00:00,1500.0,2000.0,1800.0,360
Gujarat,Vadodara(Baroda),Vadodara(Sayajipura),Mint(Pudina),Other,FAQ,2018-04-10 00:00:00,1500.0,2000.0,1775.0,360
Gujarat,Vadodara(Baroda),Vadodara(Sayajipura),Mint(Pudina),Other,FAQ,2018-04-11 00:00:00,1500.0,2000.0,1775.0,360
Gujarat,Vadodara(Baroda),Vadodara(Sayajipura),Mint(Pudina),Other,FAQ,2018-05-07 00:00:00,1200.0,1500.0,1400.0,360
Gujarat,Vadodara(Baroda),Vadodara(Sayajipura),Mint(Pudina),Other,FAQ,2018-05-12 00:00:00,1500.0,2000.0,1800.0,360
Gujarat,Vadodara(Baroda),Vadodara(Sayajipura),Mint(Pudina),Other,FAQ,2018-05-17 00:00:00,2000.0,2500.0,2250.0,360
Gujarat,Vadodara(Baroda),Vadodara(Sayajipura),Mint(Pudina),Other,FAQ,2018-05-24 00:00:00,1700.0,1900.0,1850.0,360
Gujarat,Vadodara(Baroda),Vadodara(Sayajipura),Mint(Pudina),Other,FAQ,2018-05-25 00:00:00,1500.0,2000.0,1800.0,360
Gujarat,Vadodara(Baroda),Vadodara(Sayajipura),Mint(Pudina),Other,FAQ,2018-06-28 00:00:00,2000.0,2500.0,2300.0,360
Gujarat,Vadodara(Baroda),Vadodara(Sayajipura),Mint(Pudina),Other,FAQ,2018-07-06 00:00:00,2000.0,2200.0,2150.0,360
Gujarat,Vadodara(Baroda),Vadodara(Sayajipura),Mint(Pudina),Other,FAQ,2018-07-20 00:00:00,1500.0,2000.0,1800.0,360
Gujarat,Vadodara(Baroda),Vadodara(Sayajipura),Mint(Pudina),Other,FAQ,2018-07-27 00:00:00,2000.0,2200.0,2150.0,360
Gujarat,Vadodara(Baroda),Vadodara(Sayajipura),Mint(Pudina),Other,FAQ,2018-07-30 00:00:00,2500.0,3000.0,2800.0,360
Gujarat,Vadodara(Baroda),Vadodara(Sayajipura),Mint(Pudina),Other,FAQ,2018-08-01 00:00:00,3000.0,3500.0,3250.0,360
Gujarat,Vadodara(Baroda),Vadodara(Sayajipura),Mint(Pudina),Other,FAQ,2018-08-02 00:00:00,3000.0,3500.0,3250.0,360
Gujarat,Vadodara(Baroda),Vadodara(Sayajipura),Mint(Pudina),Other,FAQ,2018-08-04 00:00:00,3500.0,4000.0,3800.0,360
Gujarat,Vadodara(Baroda),Vadodara(Sayajipura),Mint(Pudina),Other,FAQ,2018-08-15 00:00:00,2500.0,3000.0,2800.0,360
Gujarat,Vadodara(Baroda),Vadodara(Sayajipura),Mint(Pudina),Other,FAQ,2018-08-16 00:00:00,2500.0,3000.0,2800.0,360
Gujarat,Vadodara(Baroda),Vadodara(Sayajipura),Mint(Pudina),Other,FAQ,2018-09-01 00:00:00,2500.0,3000.0,2800.0,360
Gujarat,Vadodara(Baroda),Vadodara(Sayajipura),Mint(Pudina),Other,FAQ,2018-09-05 00:00:00,2000.0,2500.0,2300.0,360
Gujarat,Vadodara(Baroda),Vadodara(Sayajipura),Mint(Pudina),Other,FAQ,2018-09-11 00:00:00,1500.0,2000.0,1800.0,360
Gujarat,Vadodara(Baroda),Vadodara(Sayajipura),Mint(Pudina),Other,FAQ,2018-09-19 00:00:00,2000.0,2500.0,2300.0,360
Gujarat,Vadodara(Baroda),Vadodara(Sayajipura),Mint(Pudina),Other,FAQ,2018-09-25 00:00:00,2000.0,2500.0,2300.0,360
Gujarat,Vadodara(Baroda),Vadodara(Sayajipura),Mint(Pudina),Other,FAQ,2018-09-30 00:00:00,1500.0,2000.0,1800.0,360
Gujarat,Vadodara(Baroda),Vadodara(Sayajipura),Mint(Pudina),Other,FAQ,2018-10-06 00:00:00,2000.0,3000.0,2550.0,360
Gujarat,Vadodara(Baroda),Vadodara(Sayajipura),Mint(Pudina),Other,FAQ,2018-10-08 00:00:00,1500.0,2000.0,1800.0,360
Gujarat,Vadodara(Baroda),Vadodara(Sayajipura),Mint(Pudina),Other,FAQ,2018-10-11 00:00:00,1500.0,2000.0,1800.0,360
Gujarat,Vadodara(Baroda),Vadodara(Sayajipura),Mint(Pudina),Other,FAQ,2018-10-26 00:00:00,2000.0,2500.0,2300.0,360
Gujarat,Vadodara(Baroda),Vadodara(Sayajipura),Mint(Pudina),Other,FAQ,2018-10-30 00:00:00,2000.0,2500.0,2300.0,360
Gujarat,Vadodara(Baroda),Vadodara(Sayajipura),Mint(Pudina),Other,FAQ,2018-11-03 00:00:00,1500.0,2000.0,1800.0,360
Gujarat,Vadodara(Baroda),Vadodara(Sayajipura),Mint(Pudina),Other,FAQ,2018-11-04 00:00:00,1500.0,2000.0,1800.0,360
Gujarat,Vadodara(Baroda),Vadodara(Sayajipura),Mint(Pudina),Other,FAQ,2018-11-05 00:00:00,1500.0,2000.0,1800.0,360
Gujarat,Vadodara(Baroda),Vadodara(Sayajipura),Mint(Pudina),Other,FAQ,2018-11-10 00:00:00,1500.0,2000.0,1800.0,360
Gujarat,Vadodara(Baroda),Vadodara(Sayajipura),Mint(Pudina),Other,FAQ,2018-11-16 00:00:00,1500.0,2000.0,1800.0,360
Gujarat,Vadodara(Baroda),Vadodara(Sayajipura),Mint(Pudina),Other,FAQ,2018-11-20 00:00:00,1500.0,2000.0,1800.0,360
Gujarat,Vadodara(Baroda),Vadodara(Sayajipura),Mint(Pudina),Other,FAQ,2018-11-28 00:00:00,1500.0,2000.0,1800.0,360
Gujarat,Vadodara(Baroda),Vadodara(Sayajipura),Mint(Pudina),Other,FAQ,2018-12-05 00:00:00,1500.0,2000.0,1800.0,360
Gujarat,Vadodara(Baroda),Vadodara(Sayajipura),Mint(Pudina),Other,FAQ,2018-12-09 00:00:00,1500.0,2000.0,1800.0,360
Gujarat,Vadodara(Baroda),Vadodara(Sayajipura),Mint(Pudina),Other,FAQ,2018-12-13 00:00:00,1750.0,2200.0,2000.0,360
Gujarat,Vadodara(Baroda),Vadodara(Sayajipura),Mint(Pudina),Other,FAQ,2018-12-16 00:00:00,1500.0,2000.0,1800.0,360
Gujarat,Vadodara(Baroda),Vadodara(Sayajipura),Mint(Pudina),Other,FAQ,2018-12-19 00:00:00,800.0,1000.0,900.0,360
Gujarat,Vadodara(Baroda),Vadodara(Sayajipura),Mint(Pudina),Other,FAQ,2018-12-25 00:00:00,2000.0,2500.0,2300.0,360
Gujarat,Vadodara(Baroda),Vadodara(Sayajipura),Mint(Pudina),Other,FAQ,2018-12-29 00:00:00,3000.0,4000.0,3550.0,360
Gujarat,Dahod,Dahod(Veg. Market),Mint(Pudina),Mint(Pudina),FAQ,2024-07-04 00:00:00,2500.0,4000.0,3000.0,360
Gujarat,Dahod,Dahod(Veg. Market),Mint(Pudina),Mint(Pudina),FAQ,2024-07-09 00:00:00,2500.0,4000.0,3500.0,360
Gujarat,Dahod,Dahod(Veg. Market),Mint(Pudina),Mint(Pudina),FAQ,2024-07-11 00:00:00,3000.0,4000.0,3500.0,360
Gujarat,Dahod,Dahod(Veg. Market),Mint(Pudina),Mint(Pudina),FAQ,2024-07-17 00:00:00,6000.0,9000.0,7500.0,360
Gujarat,Dahod,Dahod(Veg. Market),Mint(Pudina),Mint(Pudina),FAQ,2024-07-27 00:00:00,6000.0,8000.0,7000.0,360
Gujarat,Dahod,Dahod(Veg. Market),Mint(Pudina),Mint(Pudina),FAQ,2024-07-28 00:00:00,4500.0,5000.0,4750.0,360
Gujarat,Dahod,Dahod(Veg. Market),Mint(Pudina),Mint(Pudina),FAQ,2024-07-29 00:00:00,4000.0,8000.0,6000.0,360
Gujarat,Vadodara(Baroda),Vadodara(Sayajipura),Mint(Pudina),Other,FAQ,2024-07-02 00:00:00,4500.0,5000.0,4800.0,360
Gujarat,Vadodara(Baroda),Vadodara(Sayajipura),Mint(Pudina),Other,FAQ,2024-07-10 00:00:00,5500.0,6000.0,5800.0,360
Gujarat,Vadodara(Baroda),Vadodara(Sayajipura),Mint(Pudina),Other,FAQ,2024-07-11 00:00:00,5500.0,6000.0,5800.0,360
Gujarat,Vadodara(Baroda),Vadodara(Sayajipura),Mint(Pudina),Other,FAQ,2024-07-15 00:00:00,5500.0,6000.0,5800.0,360
Gujarat,Vadodara(Baroda),Vadodara(Sayajipura),Mint(Pudina),Other,FAQ,2024-07-18 00:00:00,3800.0,4000.0,3900.0,360
Gujarat,Vadodara(Baroda),Vadodara(Sayajipura),Mint(Pudina),Other,FAQ,2024-07-19 00:00:00,3800.0,4000.0,3900.0,360
Gujarat,Dahod,Dahod(Veg. Market),Mint(Pudina),Mint(Pudina),FAQ,2024-08-04 00:00:00,6000.0,8000.0,7000.0,360
Gujarat,Dahod,Dahod(Veg. Market),Mint(Pudina),Mint(Pudina),FAQ,2024-08-05 00:00:00,6000.0,7000.0,6600.0,360
Gujarat,Dahod,Dahod(Veg. Market),Mint(Pudina),Mint(Pudina),FAQ,2024-08-06 00:00:00,5000.0,10000.0,8500.0,360
Gujarat,Dahod,Dahod(Veg. Market),Mint(Pudina),Mint(Pudina),FAQ,2024-08-08 00:00:00,6000.0,7000.0,6500.0,360
Gujarat,Dahod,Dahod(Veg. Market),Mint(Pudina),Mint(Pudina),FAQ,2024-08-10 00:00:00,6000.0,7000.0,6500.0,360
Gujarat,Dahod,Dahod(Veg. Market),Mint(Pudina),Mint(Pudina),FAQ,2024-08-21 00:00:00,10000.0,20000.0,15000.0,360
Gujarat,Dahod,Dahod(Veg. Market),Mint(Pudina),Mint(Pudina),FAQ,2024-08-26 00:00:00,10000.0,10000.0,10000.0,360
Gujarat,Dahod,Dahod(Veg. Market),Mint(Pudina),Mint(Pudina),FAQ,2024-08-31 00:00:00,10000.0,10000.0,10000.0,360
Gujarat,Vadodara(Baroda),Vadodara(Sayajipura),Mint(Pudina),Other,FAQ,2024-08-08 00:00:00,3800.0,4000.0,3900.0,360
Gujarat,Vadodara(Baroda),Vadodara(Sayajipura),Mint(Pudina),Other,FAQ,2024-08-10 00:00:00,3800.0,4000.0,3900.0,360
Gujarat,Vadodara(Baroda),Vadodara(Sayajipura),Mint(Pudina),Other,FAQ,2024-08-20 00:00:00,3800.0,4000.0,3900.0,360
Gujarat,Vadodara(Baroda),Vadodara(Sayajipura),Mint(Pudina),Other,FAQ,2024-08-25 00:00:00,4800.0,5000.0,4900.0,360
Gujarat,Ahmedabad,Ahmedabad(Rajnagar sub yard),Mint(Pudina),Other,FAQ,2014-01-03 00:00:00,1000.0,1500.0,1300.0,360
Gujarat,Ahmedabad,Ahmedabad(Rajnagar sub yard),Mint(Pudina),Other,FAQ,2014-01-07 00:00:00,1000.0,1500.0,1300.0,360
Gujarat,Ahmedabad,Ahmedabad(Rajnagar sub yard),Mint(Pudina),Other,FAQ,2014-01-18 00:00:00,1000.0,1500.0,1300.0,360
Gujarat,Ahmedabad,Ahmedabad(Rajnagar sub yard),Mint(Pudina),Other,FAQ,2014-01-31 00:00:00,500.0,1000.0,800.0,360
Gujarat,Ahmedabad,Ahmedabad(Rajnagar sub yard),Mint(Pudina),Other,FAQ,2014-02-01 00:00:00,1000.0,1500.0,1300.0,360
Gujarat,Ahmedabad,Ahmedabad(Rajnagar sub yard),Mint(Pudina),Other,FAQ,2014-02-08 00:00:00,400.0,1000.0,800.0,360
Gujarat,Ahmedabad,Ahmedabad(Rajnagar sub yard),Mint(Pudina),Other,FAQ,2014-02-10 00:00:00,500.0,1000.0,800.0,360
Gujarat,Ahmedabad,Ahmedabad(Rajnagar sub yard),Mint(Pudina),Other,FAQ,2014-02-17 00:00:00,500.0,1000.0,800.0,360
Gujarat,Ahmedabad,Ahmedabad(Rajnagar sub yard),Mint(Pudina),Other,FAQ,2014-02-18 00:00:00,600.0,1000.0,900.0,360
Gujarat,Ahmedabad,Ahmedabad(Rajnagar sub yard),Mint(Pudina),Other,FAQ,2014-02-24 00:00:00,500.0,800.0,700.0,360
Gujarat,Ahmedabad,Ahmedabad(Rajnagar sub yard),Mint(Pudina),Other,FAQ,2014-02-26 00:00:00,500.0,800.0,700.0,360
Gujarat,Ahmedabad,Ahmedabad(Rajnagar sub yard),Mint(Pudina),Other,FAQ,2014-03-05 00:00:00,500.0,1000.0,800.0,360
Gujarat,Ahmedabad,Ahmedabad(Rajnagar sub yard),Mint(Pudina),Other,FAQ,2014-03-13 00:00:00,500.0,1000.0,800.0,360
Gujarat,Ahmedabad,Ahmedabad(Rajnagar sub yard),Mint(Pudina),Other,FAQ,2014-03-18 00:00:00,500.0,800.0,700.0,360
Gujarat,Ahmedabad,Ahmedabad(Rajnagar sub yard),Mint(Pudina),Other,FAQ,2014-03-20 00:00:00,500.0,800.0,700.0,360
Gujarat,Ahmedabad,Ahmedabad(Rajnagar sub yard),Mint(Pudina),Other,FAQ,2014-04-02 00:00:00,500.0,800.0,700.0,360
Gujarat,Ahmedabad,Ahmedabad(Rajnagar sub yard),Mint(Pudina),Other,FAQ,2014-04-09 00:00:00,600.0,1000.0,900.0,360
Gujarat,Ahmedabad,Ahmedabad(Rajnagar sub yard),Mint(Pudina),Other,FAQ,2014-04-16 00:00:00,800.0,1200.0,1000.0,360
Gujarat,Ahmedabad,Ahmedabad(Rajnagar sub yard),Mint(Pudina),Other,FAQ,2014-04-22 00:00:00,600.0,1000.0,900.0,360
Gujarat,Ahmedabad,Ahmedabad(Rajnagar sub yard),Mint(Pudina),Other,FAQ,2014-05-03 00:00:00,1200.0,1500.0,1350.0,360
Gujarat,Ahmedabad,Ahmedabad(Rajnagar sub yard),Mint(Pudina),Other,FAQ,2014-05-05 00:00:00,700.0,1500.0,1200.0,360
Gujarat,Ahmedabad,Ahmedabad(Rajnagar sub yard),Mint(Pudina),Other,FAQ,2014-05-06 00:00:00,500.0,1200.0,900.0,360
Gujarat,Ahmedabad,Ahmedabad(Rajnagar sub yard),Mint(Pudina),Other,FAQ,2014-05-07 00:00:00,800.0,1200.0,1000.0,360
Gujarat,Ahmedabad,Ahmedabad(Rajnagar sub yard),Mint(Pudina),Other,FAQ,2014-05-08 00:00:00,700.0,1500.0,1200.0,360
Gujarat,Ahmedabad,Ahmedabad(Rajnagar sub yard),Mint(Pudina),Other,FAQ,2014-05-21 00:00:00,900.0,1500.0,1300.0,360
Gujarat,Ahmedabad,Ahmedabad(Rajnagar sub yard),Mint(Pudina),Other,FAQ,2014-05-23 00:00:00,1000.0,1300.0,1200.0,360
Gujarat,Ahmedabad,Ahmedabad(Rajnagar sub yard),Mint(Pudina),Other,FAQ,2014-05-24 00:00:00,600.0,1500.0,1200.0,360
Gujarat,Ahmedabad,Ahmedabad(Rajnagar sub yard),Mint(Pudina),Other,FAQ,2014-06-04 00:00:00,600.0,1500.0,1200.0,360
Gujarat,Ahmedabad,Ahmedabad(Rajnagar sub yard),Mint(Pudina),Other,FAQ,2014-06-11 00:00:00,1500.0,2000.0,1800.0,360
Gujarat,Ahmedabad,Ahmedabad(Rajnagar sub yard),Mint(Pudina),Other,FAQ,2014-06-18 00:00:00,1200.0,2000.0,1800.0,360
Gujarat,Ahmedabad,Ahmedabad(Rajnagar sub yard),Mint(Pudina),Other,FAQ,2014-06-19 00:00:00,1200.0,1500.0,1400.0,360
Gujarat,Ahmedabad,Ahmedabad(Rajnagar sub yard),Mint(Pudina),Other,FAQ,2014-06-20 00:00:00,1000.0,1800.0,1500.0,360
Gujarat,Ahmedabad,Ahmedabad(Rajnagar sub yard),Mint(Pudina),Other,FAQ,2014-06-24 00:00:00,1000.0,2000.0,1800.0,360
Gujarat,Ahmedabad,Ahmedabad(Rajnagar sub yard),Mint(Pudina),Other,FAQ,2014-07-11 00:00:00,2000.0,3000.0,2500.0,360
Gujarat,Ahmedabad,Ahmedabad(Rajnagar sub yard),Mint(Pudina),Other,FAQ,2014-07-17 00:00:00,1000.0,1500.0,1300.0,360
Gujarat,Ahmedabad,Ahmedabad(Rajnagar sub yard),Mint(Pudina),Other,FAQ,2014-07-24 00:00:00,2000.0,2500.0,2300.0,360
Gujarat,Ahmedabad,Ahmedabad(Rajnagar sub yard),Mint(Pudina),Other,FAQ,2014-07-25 00:00:00,2000.0,3000.0,2500.0,360
Gujarat,Ahmedabad,Ahmedabad(Rajnagar sub yard),Mint(Pudina),Other,FAQ,2014-07-26 00:00:00,1500.0,2000.0,1800.0,360
Gujarat,Ahmedabad,Ahmedabad(Rajnagar sub yard),Mint(Pudina),Other,FAQ,2014-08-09 00:00:00,2000.0,2500.0,2300.0,360
Gujarat,Ahmedabad,Ahmedabad(Rajnagar sub yard),Mint(Pudina),Other,FAQ,2014-08-20 00:00:00,1500.0,2500.0,2200.0,360
Gujarat,Ahmedabad,Ahmedabad(Rajnagar sub yard),Mint(Pudina),Other,FAQ,2014-08-23 00:00:00,1500.0,3000.0,2300.0,360
Gujarat,Ahmedabad,Ahmedabad(Rajnagar sub yard),Mint(Pudina),Other,FAQ,2014-08-25 00:00:00,2000.0,2500.0,2300.0,360
Gujarat,Ahmedabad,Ahmedabad(Rajnagar sub yard),Mint(Pudina),Other,FAQ,2014-08-26 00:00:00,1500.0,2500.0,2000.0,360
Gujarat,Ahmedabad,Ahmedabad(Rajnagar sub yard),Mint(Pudina),Other,FAQ,2014-08-27 00:00:00,1500.0,2500.0,2200.0,360
Gujarat,Ahmedabad,Ahmedabad(Rajnagar sub yard),Mint(Pudina),Other,FAQ,2014-09-09 00:00:00,1200.0,2000.0,1800.0,360
Gujarat,Ahmedabad,Ahmedabad(Rajnagar sub yard),Mint(Pudina),Other,FAQ,2014-09-13 00:00:00,1500.0,2500.0,2200.0,360
Gujarat,Ahmedabad,Ahmedabad(Rajnagar sub yard),Mint(Pudina),Other,FAQ,2014-09-15 00:00:00,2000.0,3000.0,2800.0,360
Gujarat,Ahmedabad,Ahmedabad(Rajnagar sub yard),Mint(Pudina),Other,FAQ,2014-10-16 00:00:00,1000.0,1500.0,1300.0,360
Gujarat,Ahmedabad,Ahmedabad(Rajnagar sub yard),Mint(Pudina),Other,FAQ,2014-11-14 00:00:00,1500.0,2000.0,1800.0,360
Gujarat,Ahmedabad,Ahmedabad(Rajnagar sub yard),Mint(Pudina),Other,FAQ,2014-11-19 00:00:00,800.0,1500.0,1200.0,360
Gujarat,Ahmedabad,Ahmedabad(Rajnagar sub yard),Mint(Pudina),Other,FAQ,2014-11-26 00:00:00,1000.0,1500.0,1300.0,360
Gujarat,Ahmedabad,Ahmedabad(Rajnagar sub yard),Mint(Pudina),Other,FAQ,2014-11-29 00:00:00,1500.0,2000.0,1800.0,360
Gujarat,Ahmedabad,Ahmedabad(Rajnagar sub yard),Mint(Pudina),Other,FAQ,2014-12-04 00:00:00,1000.0,1500.0,1300.0,360
Gujarat,Ahmedabad,Ahmedabad(Rajnagar sub yard),Mint(Pudina),Other,FAQ,2014-12-16 00:00:00,1000.0,2000.0,1800.0,360
Gujarat,Ahmedabad,Ahmedabad(Rajnagar sub yard),Mint(Pudina),Other,FAQ,2014-12-18 00:00:00,1000.0,1500.0,1300.0,360
Gujarat,Ahmedabad,Ahmedabad(Rajnagar sub yard),Mint(Pudina),Other,FAQ,2014-12-19 00:00:00,1000.0,1500.0,1300.0,360
Gujarat,Ahmedabad,Ahmedabad(Rajnagar sub yard),Mint(Pudina),Other,FAQ,2014-12-24 00:00:00,1000.0,1500.0,1300.0,360
Gujarat,Ahmedabad,Ahmedabad(Rajnagar sub yard),Mint(Pudina),Other,FAQ,2014-12-29 00:00:00,800.0,1250.0,1100.0,360
Gujarat,Ahmedabad,Ahmedabad(Rajnagar sub yard),Mint(Pudina),Other,FAQ,2014-12-30 00:00:00,1000.0,1500.0,1300.0,360
Gujarat,Anand,"Petlad(Veg Yard, Petlad)",Mint(Pudina),Other,FAQ,2014-11-20 00:00:00,500.0,600.0,550.0,360
Gujarat,Anand,"Petlad(Veg Yard, Petlad)",Mint(Pudina),Other,FAQ,2014-11-21 00:00:00,300.0,500.0,400.0,360
Gujarat,Anand,"Petlad(Veg Yard, Petlad)",Mint(Pudina),Other,FAQ,2014-11-29 00:00:00,300.0,800.0,500.0,360
Gujarat,Anand,"Petlad(Veg Yard, Petlad)",Mint(Pudina),Other,FAQ,2014-12-09 00:00:00,300.0,600.0,450.0,360
Gujarat,Anand,"Petlad(Veg Yard, Petlad)",Mint(Pudina),Other,FAQ,2014-12-30 00:00:00,500.0,600.0,550.0,360
Gujarat,Bharuch,Ankleshwar,Mint(Pudina),Other,FAQ,2014-03-04 00:00:00,715.0,850.0,805.0,360
Gujarat,Bharuch,Bharuch,Mint(Pudina),Other,FAQ,2014-01-10 00:00:00,800.0,1250.0,1025.0,360
Gujarat,Bharuch,Bharuch,Mint(Pudina),Other,FAQ,2014-09-15 00:00:00,1500.0,1750.0,1625.0,360
Gujarat,Bharuch,Bharuch,Mint(Pudina),Other,FAQ,2014-09-20 00:00:00,1500.0,1750.0,1625.0,360
Gujarat,Bharuch,Bharuch,Mint(Pudina),Other,FAQ,2014-09-21 00:00:00,1500.0,1800.0,1650.0,360
Gujarat,Bharuch,Bharuch,Mint(Pudina),Other,FAQ,2014-09-22 00:00:00,1500.0,1800.0,1650.0,360
Gujarat,Bharuch,Bharuch,Mint(Pudina),Other,FAQ,2014-09-27 00:00:00,1500.0,1800.0,1650.0,360
Gujarat,Bharuch,Bharuch,Mint(Pudina),Other,FAQ,2014-09-28 00:00:00,1200.0,1800.0,1500.0,360
Gujarat,Bharuch,Bharuch,Mint(Pudina),Other,FAQ,2014-11-08 00:00:00,1000.0,1500.0,1250.0,360
Gujarat,Dahod,Dahod(Veg. Market),Mint(Pudina),Mint(Pudina),FAQ,2014-01-04 00:00:00,2500.0,3000.0,2800.0,360
Gujarat,Dahod,Dahod(Veg. Market),Mint(Pudina),Mint(Pudina),FAQ,2014-01-07 00:00:00,3000.0,4000.0,3500.0,360
Gujarat,Dahod,Dahod(Veg. Market),Mint(Pudina),Mint(Pudina),FAQ,2014-01-22 00:00:00,3500.0,4000.0,3500.0,360
Gujarat,Dahod,Dahod(Veg. Market),Mint(Pudina),Mint(Pudina),FAQ,2014-01-27 00:00:00,2500.0,4000.0,3500.0,360
Gujarat,Dahod,Dahod(Veg. Market),Mint(Pudina),Mint(Pudina),FAQ,2014-01-29 00:00:00,2500.0,3000.0,3000.0,360
Gujarat,Dahod,Dahod(Veg. Market),Mint(Pudina),Mint(Pudina),FAQ,2014-02-11 00:00:00,1500.0,3000.0,2500.0,360
Gujarat,Dahod,Dahod(Veg. Market),Mint(Pudina),Mint(Pudina),FAQ,2014-03-08 00:00:00,1500.0,3000.0,2500.0,360
Gujarat,Dahod,Dahod(Veg. Market),Mint(Pudina),Mint(Pudina),FAQ,2014-03-09 00:00:00,1500.0,3000.0,2500.0,360
Gujarat,Dahod,Dahod(Veg. Market),Mint(Pudina),Mint(Pudina),FAQ,2014-03-14 00:00:00,1500.0,2500.0,2000.0,360
Gujarat,Dahod,Dahod(Veg. Market),Mint(Pudina),Mint(Pudina),FAQ,2014-03-16 00:00:00,2000.0,2800.0,2300.0,360
Gujarat,Dahod,Dahod(Veg. Market),Mint(Pudina),Mint(Pudina),FAQ,2014-03-18 00:00:00,2000.0,3000.0,2500.0,360
Gujarat,Dahod,Dahod(Veg. Market),Mint(Pudina),Mint(Pudina),FAQ,2014-03-19 00:00:00,2000.0,3000.0,2500.0,360
Gujarat,Dahod,Dahod(Veg. Market),Mint(Pudina),Mint(Pudina),FAQ,2014-03-22 00:00:00,1200.0,2500.0,1500.0,360
Gujarat,Dahod,Dahod(Veg. Market),Mint(Pudina),Mint(Pudina),FAQ,2014-03-31 00:00:00,1500.0,3000.0,2500.0,360
Gujarat,Dahod,Dahod(Veg. Market),Mint(Pudina),Mint(Pudina),FAQ,2014-04-19 00:00:00,1500.0,2500.0,2300.0,360
Gujarat,Dahod,Dahod(Veg. Market),Mint(Pudina),Mint(Pudina),FAQ,2014-04-21 00:00:00,1500.0,2500.0,2000.0,360
Gujarat,Dahod,Dahod(Veg. Market),Mint(Pudina),Mint(Pudina),FAQ,2014-04-22 00:00:00,1500.0,2500.0,2000.0,360
Gujarat,Dahod,Dahod(Veg. Market),Mint(Pudina),Mint(Pudina),FAQ,2014-04-25 00:00:00,1500.0,2500.0,2000.0,360
Gujarat,Dahod,Dahod(Veg. Market),Mint(Pudina),Mint(Pudina),FAQ,2014-05-09 00:00:00,1000.0,2000.0,1500.0,360
Gujarat,Botad,Botad,Mint(Pudina),Other,FAQ,2005-10-26 00:00:00,150.0,200.0,175.0,360
Gujarat,Vadodara(Baroda),Padra,Mint(Pudina),Mint(Pudina),FAQ,2005-02-10 00:00:00,800.0,900.0,850.0,360
Gujarat,Vadodara(Baroda),Padra,Mint(Pudina),Mint(Pudina),FAQ,2005-02-23 00:00:00,900.0,1000.0,950.0,360
Gujarat,Vadodara(Baroda),Padra,Mint(Pudina),Mint(Pudina),FAQ,2005-02-26 00:00:00,900.0,1000.0,950.0,360
Gujarat,Vadodara(Baroda),Padra,Mint(Pudina),Mint(Pudina),FAQ,2005-07-29 00:00:00,600.0,750.0,700.0,360
Gujarat,Vadodara(Baroda),Padra,Mint(Pudina),Mint(Pudina),FAQ,2005-08-02 00:00:00,1500.0,2000.0,1750.0,360
Gujarat,Vadodara(Baroda),Padra,Mint(Pudina),Mint(Pudina),FAQ,2005-08-05 00:00:00,1500.0,2000.0,1750.0,360
Gujarat,Vadodara(Baroda),Padra,Mint(Pudina),Mint(Pudina),FAQ,2005-08-08 00:00:00,1500.0,2000.0,1750.0,360
Gujarat,Vadodara(Baroda),Padra,Mint(Pudina),Mint(Pudina),FAQ,2005-08-16 00:00:00,1250.0,1500.0,1350.0,360
Gujarat,Vadodara(Baroda),Padra,Mint(Pudina),Mint(Pudina),FAQ,2005-08-29 00:00:00,1400.0,1500.0,1450.0,360
Gujarat,Vadodara(Baroda),Padra,Mint(Pudina),Mint(Pudina),FAQ,2005-09-14 00:00:00,1000.0,1250.0,1100.0,360
Gujarat,Vadodara(Baroda),Padra,Mint(Pudina),Mint(Pudina),FAQ,2005-09-19 00:00:00,1000.0,1500.0,1300.0,360
Gujarat,Vadodara(Baroda),Padra,Mint(Pudina),Mint(Pudina),FAQ,2005-10-01 00:00:00,700.0,800.0,750.0,360
Gujarat,Vadodara(Baroda),Padra,Mint(Pudina),Mint(Pudina),FAQ,2005-10-03 00:00:00,2000.0,2500.0,2250.0,360
Gujarat,Vadodara(Baroda),Padra,Mint(Pudina),Mint(Pudina),FAQ,2005-10-06 00:00:00,2250.0,2350.0,2300.0,360
Gujarat,Vadodara(Baroda),Padra,Mint(Pudina),Mint(Pudina),FAQ,2005-10-10 00:00:00,2000.0,2250.0,2100.0,360
Gujarat,Vadodara(Baroda),Padra,Mint(Pudina),Mint(Pudina),FAQ,2005-10-15 00:00:00,1500.0,2000.0,1750.0,360
Gujarat,Vadodara(Baroda),Padra,Mint(Pudina),Mint(Pudina),FAQ,2005-10-18 00:00:00,1250.0,1500.0,1350.0,360
Gujarat,Vadodara(Baroda),Padra,Mint(Pudina),Mint(Pudina),FAQ,2005-10-21 00:00:00,1500.0,2000.0,1750.0,360
Gujarat,Vadodara(Baroda),Padra,Mint(Pudina),Mint(Pudina),FAQ,2005-10-22 00:00:00,2000.0,2250.0,2100.0,360
Gujarat,Vadodara(Baroda),Padra,Mint(Pudina),Mint(Pudina),FAQ,2005-10-26 00:00:00,2500.0,3000.0,2700.0,360
Gujarat,Vadodara(Baroda),Padra,Mint(Pudina),Mint(Pudina),FAQ,2005-11-11 00:00:00,1750.0,2000.0,1850.0,360
Gujarat,Vadodara(Baroda),Padra,Mint(Pudina),Mint(Pudina),FAQ,2005-11-12 00:00:00,1000.0,1500.0,1250.0,360
Gujarat,Vadodara(Baroda),Padra,Mint(Pudina),Mint(Pudina),FAQ,2005-11-14 00:00:00,1500.0,1750.0,1600.0,360
Gujarat,Vadodara(Baroda),Padra,Mint(Pudina),Mint(Pudina),FAQ,2005-11-21 00:00:00,1500.0,2000.0,1750.0,360
Gujarat,Vadodara(Baroda),Padra,Mint(Pudina),Mint(Pudina),FAQ,2005-12-06 00:00:00,1000.0,1500.0,1200.0,360
Gujarat,Vadodara(Baroda),Vadodara,Mint(Pudina),Mint(Pudina),FAQ,2005-11-10 00:00:00,400.0,500.0,450.0,360
Gujarat,Vadodara(Baroda),Vadodara,Mint(Pudina),Other,FAQ,2005-11-24 00:00:00,500.0,600.0,500.0,360
Gujarat,Ahmedabad,Ahmedabad(Rajnagar sub yard),Mint(Pudina),Other,FAQ,2010-01-07 00:00:00,600.0,1000.0,900.0,360
Gujarat,Ahmedabad,Ahmedabad(Rajnagar sub yard),Mint(Pudina),Other,FAQ,2010-01-16 00:00:00,500.0,1200.0,900.0,360
Gujarat,Ahmedabad,Ahmedabad(Rajnagar sub yard),Mint(Pudina),Other,FAQ,2010-01-18 00:00:00,700.0,1250.0,1000.0,360
Gujarat,Ahmedabad,Ahmedabad(Rajnagar sub yard),Mint(Pudina),Other,FAQ,2010-01-23 00:00:00,400.0,800.0,700.0,360
Gujarat,Ahmedabad,Ahmedabad(Rajnagar sub yard),Mint(Pudina),Other,FAQ,2010-02-04 00:00:00,400.0,800.0,700.0,360
Gujarat,Ahmedabad,Ahmedabad(Rajnagar sub yard),Mint(Pudina),Other,FAQ,2010-02-06 00:00:00,600.0,800.0,750.0,360
Gujarat,Ahmedabad,Ahmedabad(Rajnagar sub yard),Mint(Pudina),Other,FAQ,2010-02-08 00:00:00,500.0,700.0,650.0,360
Gujarat,Ahmedabad,Ahmedabad(Rajnagar sub yard),Mint(Pudina),Other,FAQ,2010-02-11 00:00:00,400.0,700.0,600.0,360
Gujarat,Ahmedabad,Ahmedabad(Rajnagar sub yard),Mint(Pudina),Other,FAQ,2010-02-13 00:00:00,400.0,600.0,500.0,360
Gujarat,Ahmedabad,Ahmedabad(Rajnagar sub yard),Mint(Pudina),Other,FAQ,2010-02-20 00:00:00,400.0,600.0,500.0,360
Gujarat,Ahmedabad,Ahmedabad(Rajnagar sub yard),Mint(Pudina),Other,FAQ,2010-02-23 00:00:00,400.0,600.0,550.0,360
Gujarat,Ahmedabad,Ahmedabad(Rajnagar sub yard),Mint(Pudina),Other,FAQ,2010-03-06 00:00:00,350.0,500.0,450.0,360
Gujarat,Ahmedabad,Ahmedabad(Rajnagar sub yard),Mint(Pudina),Other,FAQ,2010-03-10 00:00:00,350.0,600.0,500.0,360
Gujarat,Ahmedabad,Ahmedabad(Rajnagar sub yard),Mint(Pudina),Other,FAQ,2010-03-19 00:00:00,400.0,600.0,500.0,360
Gujarat,Ahmedabad,Ahmedabad(Rajnagar sub yard),Mint(Pudina),Other,FAQ,2010-03-29 00:00:00,400.0,700.0,550.0,360
Gujarat,Ahmedabad,Ahmedabad(Rajnagar sub yard),Mint(Pudina),Other,FAQ,2010-04-01 00:00:00,400.0,600.0,500.0,360
Gujarat,Ahmedabad,Ahmedabad(Rajnagar sub yard),Mint(Pudina),Other,FAQ,2010-04-03 00:00:00,400.0,600.0,500.0,360
Gujarat,Ahmedabad,Ahmedabad(Rajnagar sub yard),Mint(Pudina),Other,FAQ,2010-04-20 00:00:00,400.0,800.0,700.0,360
Gujarat,Ahmedabad,Ahmedabad(Rajnagar sub yard),Mint(Pudina),Other,FAQ,2010-04-22 00:00:00,400.0,1000.0,800.0,360
Gujarat,Ahmedabad,Ahmedabad(Rajnagar sub yard),Mint(Pudina),Other,FAQ,2010-05-04 00:00:00,600.0,1200.0,900.0,360
Gujarat,Ahmedabad,Ahmedabad(Rajnagar sub yard),Mint(Pudina),Other,FAQ,2010-05-07 00:00:00,500.0,1000.0,800.0,360
Gujarat,Ahmedabad,Ahmedabad(Rajnagar sub yard),Mint(Pudina),Other,FAQ,2010-05-19 00:00:00,1000.0,2000.0,1600.0,360
Gujarat,Ahmedabad,Ahmedabad(Rajnagar sub yard),Mint(Pudina),Other,FAQ,2010-05-24 00:00:00,1000.0,2800.0,2200.0,360
Gujarat,Ahmedabad,Ahmedabad(Rajnagar sub yard),Mint(Pudina),Other,FAQ,2010-05-27 00:00:00,1000.0,1500.0,1300.0,360
Gujarat,Ahmedabad,Ahmedabad(Rajnagar sub yard),Mint(Pudina),Other,FAQ,2010-06-08 00:00:00,1000.0,2500.0,2000.0,360
Gujarat,Ahmedabad,Ahmedabad(Rajnagar sub yard),Mint(Pudina),Other,FAQ,2010-06-19 00:00:00,1000.0,2000.0,1600.0,360
Gujarat,Ahmedabad,Ahmedabad(Rajnagar sub yard),Mint(Pudina),Other,FAQ,2010-06-29 00:00:00,1000.0,2000.0,1800.0,360
Gujarat,Ahmedabad,Ahmedabad(Rajnagar sub yard),Mint(Pudina),Other,FAQ,2010-07-09 00:00:00,1000.0,1500.0,1300.0,360
Gujarat,Ahmedabad,Ahmedabad(Rajnagar sub yard),Mint(Pudina),Other,FAQ,2010-07-22 00:00:00,1500.0,2500.0,2200.0,360
Gujarat,Ahmedabad,Ahmedabad(Rajnagar sub yard),Mint(Pudina),Other,FAQ,2010-07-31 00:00:00,1500.0,2500.0,2200.0,360
Gujarat,Ahmedabad,Ahmedabad(Rajnagar sub yard),Mint(Pudina),Other,FAQ,2010-08-04 00:00:00,1000.0,2500.0,2000.0,360
Gujarat,Ahmedabad,Ahmedabad(Rajnagar sub yard),Mint(Pudina),Other,FAQ,2010-08-05 00:00:00,1000.0,2000.0,1800.0,360
Gujarat,Ahmedabad,Ahmedabad(Rajnagar sub yard),Mint(Pudina),Other,FAQ,2010-08-16 00:00:00,2500.0,3500.0,3000.0,360
Gujarat,Ahmedabad,Ahmedabad(Rajnagar sub yard),Mint(Pudina),Other,FAQ,2010-08-19 00:00:00,2000.0,2750.0,2400.0,360
Gujarat,Ahmedabad,Ahmedabad(Rajnagar sub yard),Mint(Pudina),Other,FAQ,2010-08-23 00:00:00,2000.0,2500.0,2300.0,360
Gujarat,Ahmedabad,Ahmedabad(Rajnagar sub yard),Mint(Pudina),Other,FAQ,2010-09-17 00:00:00,1000.0,2000.0,1500.0,360
Gujarat,Ahmedabad,Ahmedabad(Rajnagar sub yard),Mint(Pudina),Other,FAQ,2010-09-25 00:00:00,1000.0,2000.0,1800.0,360
Gujarat,Ahmedabad,Ahmedabad(Rajnagar sub yard),Mint(Pudina),Other,FAQ,2010-10-01 00:00:00,1000.0,2000.0,1600.0,360
Gujarat,Ahmedabad,Ahmedabad(Rajnagar sub yard),Mint(Pudina),Other,FAQ,2010-10-07 00:00:00,800.0,1500.0,1200.0,360
Gujarat,Ahmedabad,Ahmedabad(Rajnagar sub yard),Mint(Pudina),Other,FAQ,2010-10-09 00:00:00,800.0,1500.0,1200.0,360
Gujarat,Ahmedabad,Ahmedabad(Rajnagar sub yard),Mint(Pudina),Other,FAQ,2010-10-11 00:00:00,800.0,1500.0,1200.0,360
Gujarat,Ahmedabad,Ahmedabad(Rajnagar sub yard),Mint(Pudina),Other,FAQ,2010-10-19 00:00:00,400.0,500.0,450.0,360
Gujarat,Ahmedabad,Ahmedabad(Rajnagar sub yard),Mint(Pudina),Other,FAQ,2010-10-20 00:00:00,300.0,500.0,450.0,360
Gujarat,Ahmedabad,Ahmedabad(Rajnagar sub yard),Mint(Pudina),Other,FAQ,2010-10-21 00:00:00,300.0,500.0,400.0,360
Gujarat,Ahmedabad,Ahmedabad(Rajnagar sub yard),Mint(Pudina),Other,FAQ,2010-10-25 00:00:00,400.0,2500.0,1500.0,360
Gujarat,Ahmedabad,Ahmedabad(Rajnagar sub yard),Mint(Pudina),Other,FAQ,2010-11-02 00:00:00,500.0,2000.0,1500.0,360
Gujarat,Ahmedabad,Ahmedabad(Rajnagar sub yard),Mint(Pudina),Other,FAQ,2010-11-03 00:00:00,1000.0,2500.0,2000.0,360
Gujarat,Ahmedabad,Ahmedabad(Rajnagar sub yard),Mint(Pudina),Other,FAQ,2010-11-08 00:00:00,1000.0,2000.0,1700.0,360
Gujarat,Ahmedabad,Ahmedabad(Rajnagar sub yard),Mint(Pudina),Other,FAQ,2010-11-27 00:00:00,1000.0,2000.0,1600.0,360
Gujarat,Ahmedabad,Ahmedabad(Rajnagar sub yard),Mint(Pudina),Other,FAQ,2010-12-03 00:00:00,1500.0,1750.0,1650.0,360
Gujarat,Ahmedabad,Ahmedabad(Rajnagar sub yard),Mint(Pudina),Other,FAQ,2010-12-08 00:00:00,1000.0,2000.0,1600.0,360
Gujarat,Ahmedabad,Ahmedabad(Rajnagar sub yard),Mint(Pudina),Other,FAQ,2010-12-09 00:00:00,1500.0,3000.0,2500.0,360
Gujarat,Ahmedabad,Ahmedabad(Rajnagar sub yard),Mint(Pudina),Other,FAQ,2010-12-14 00:00:00,1500.0,2500.0,2200.0,360
Gujarat,Ahmedabad,Ahmedabad(Rajnagar sub yard),Mint(Pudina),Other,FAQ,2010-12-18 00:00:00,1000.0,2500.0,2000.0,360
Gujarat,Ahmedabad,Ahmedabad(Rajnagar sub yard),Mint(Pudina),Other,FAQ,2010-12-30 00:00:00,800.0,1250.0,1100.0,360
Gujarat,Bharuch,Bharuch,Mint(Pudina),Other,FAQ,2010-01-14 00:00:00,1200.0,1500.0,1350.0,360
Gujarat,Bharuch,Bharuch,Mint(Pudina),Other,FAQ,2010-04-14 00:00:00,1500.0,1750.0,1625.0,360
Gujarat,Bharuch,Bharuch,Mint(Pudina),Other,FAQ,2010-07-27 00:00:00,2500.0,3000.0,2750.0,360
Gujarat,Dahod,Dahod(Veg. Market),Mint(Pudina),Other,FAQ,2010-05-21 00:00:00,700.0,1300.0,1100.0,360
Gujarat,Dahod,Dahod(Veg. Market),Mint(Pudina),Other,FAQ,2010-06-22 00:00:00,800.0,1300.0,1200.0,360
Gujarat,Dahod,Dahod(Veg. Market),Mint(Pudina),Other,FAQ,2010-06-25 00:00:00,800.0,1300.0,1200.0,360
Gujarat,Dahod,Dahod(Veg. Market),Mint(Pudina),Other,FAQ,2010-07-19 00:00:00,800.0,1300.0,1100.0,360
Gujarat,Dahod,Dahod(Veg. Market),Mint(Pudina),Other,FAQ,2010-07-22 00:00:00,800.0,1300.0,1100.0,360
Gujarat,Dahod,Dahod(Veg. Market),Mint(Pudina),Other,FAQ,2010-08-10 00:00:00,1200.0,1500.0,1400.0,360
Gujarat,Dahod,Dahod(Veg. Market),Mint(Pudina),Other,FAQ,2010-08-25 00:00:00,1300.0,1700.0,1500.0,360
Gujarat,Vadodara(Baroda),Vadodara(Sayajipura),Mint(Pudina),Other,FAQ,2010-01-12 00:00:00,800.0,1050.0,900.0,360
Gujarat,Vadodara(Baroda),Vadodara(Sayajipura),Mint(Pudina),Other,FAQ,2010-01-19 00:00:00,700.0,900.0,800.0,360
Gujarat,Vadodara(Baroda),Vadodara(Sayajipura),Mint(Pudina),Other,FAQ,2010-01-28 00:00:00,750.0,1000.0,900.0,360
Gujarat,Vadodara(Baroda),Vadodara(Sayajipura),Mint(Pudina),Other,FAQ,2010-02-02 00:00:00,700.0,1000.0,850.0,360
Gujarat,Vadodara(Baroda),Vadodara(Sayajipura),Mint(Pudina),Other,FAQ,2010-02-09 00:00:00,750.0,1000.0,900.0,360
Gujarat,Vadodara(Baroda),Vadodara(Sayajipura),Mint(Pudina),Other,FAQ,2010-02-24 00:00:00,900.0,1100.0,1050.0,360
Gujarat,Vadodara(Baroda),Vadodara(Sayajipura),Mint(Pudina),Other,FAQ,2010-03-16 00:00:00,700.0,1000.0,850.0,360
Gujarat,Vadodara(Baroda),Vadodara(Sayajipura),Mint(Pudina),Other,FAQ,2010-03-20 00:00:00,700.0,1000.0,850.0,360
Gujarat,Vadodara(Baroda),Vadodara(Sayajipura),Mint(Pudina),Other,FAQ,2010-03-26 00:00:00,500.0,600.0,550.0,360
Gujarat,Vadodara(Baroda),Vadodara(Sayajipura),Mint(Pudina),Other,FAQ,2010-04-02 00:00:00,500.0,600.0,550.0,360
Gujarat,Vadodara(Baroda),Vadodara(Sayajipura),Mint(Pudina),Other,FAQ,2010-04-05 00:00:00,500.0,600.0,550.0,360
Gujarat,Vadodara(Baroda),Vadodara(Sayajipura),Mint(Pudina),Other,FAQ,2010-04-15 00:00:00,900.0,1100.0,1050.0,360
Gujarat,Vadodara(Baroda),Vadodara(Sayajipura),Mint(Pudina),Other,FAQ,2010-04-17 00:00:00,900.0,1200.0,1050.0,360
Gujarat,Vadodara(Baroda),Vadodara(Sayajipura),Mint(Pudina),Other,FAQ,2010-04-19 00:00:00,350.0,600.0,450.0,360
Gujarat,Vadodara(Baroda),Vadodara(Sayajipura),Mint(Pudina),Other,FAQ,2010-04-24 00:00:00,800.0,900.0,850.0,360
Gujarat,Vadodara(Baroda),Vadodara(Sayajipura),Mint(Pudina),Other,FAQ,2010-04-25 00:00:00,900.0,1000.0,950.0,360
Gujarat,Vadodara(Baroda),Vadodara(Sayajipura),Mint(Pudina),Other,FAQ,2010-04-26 00:00:00,900.0,1000.0,925.0,360
Gujarat,Vadodara(Baroda),Vadodara(Sayajipura),Mint(Pudina),Other,FAQ,2010-05-04 00:00:00,1000.0,1200.0,1100.0,360
Gujarat,Vadodara(Baroda),Vadodara(Sayajipura),Mint(Pudina),Other,FAQ,2010-05-07 00:00:00,900.0,1000.0,925.0,360
Gujarat,Vadodara(Baroda),Vadodara(Sayajipura),Mint(Pudina),Other,FAQ,2010-05-17 00:00:00,1000.0,1200.0,1125.0,360
Gujarat,Vadodara(Baroda),Vadodara(Sayajipura),Mint(Pudina),Other,FAQ,2010-05-23 00:00:00,900.0,1200.0,1050.0,360
Gujarat,Vadodara(Baroda),Vadodara(Sayajipura),Mint(Pudina),Other,FAQ,2010-05-26 00:00:00,1000.0,2000.0,1500.0,360
Gujarat,Vadodara(Baroda),Vadodara(Sayajipura),Mint(Pudina),Other,FAQ,2010-05-29 00:00:00,900.0,1750.0,1350.0,360
Gujarat,Vadodara(Baroda),Vadodara(Sayajipura),Mint(Pudina),Other,FAQ,2010-06-03 00:00:00,800.0,1000.0,925.0,360
Gujarat,Vadodara(Baroda),Vadodara(Sayajipura),Mint(Pudina),Other,FAQ,2010-06-10 00:00:00,2000.0,2500.0,2250.0,360
Gujarat,Ahmedabad,Ahmedabad(Rajnagar sub yard),Mint(Pudina),Other,FAQ,2009-01-12 00:00:00,500.0,800.0,600.0,360
Gujarat,Ahmedabad,Ahmedabad(Rajnagar sub yard),Mint(Pudina),Other,FAQ,2009-01-16 00:00:00,500.0,1000.0,700.0,360
Gujarat,Ahmedabad,Ahmedabad(Rajnagar sub yard),Mint(Pudina),Other,FAQ,2009-01-19 00:00:00,400.0,800.0,600.0,360
Gujarat,Ahmedabad,Ahmedabad(Rajnagar sub yard),Mint(Pudina),Other,FAQ,2009-01-23 00:00:00,200.0,800.0,500.0,360
Gujarat,Ahmedabad,Ahmedabad(Rajnagar sub yard),Mint(Pudina),Other,FAQ,2009-01-28 00:00:00,300.0,800.0,500.0,360
Gujarat,Ahmedabad,Ahmedabad(Rajnagar sub yard),Mint(Pudina),Other,FAQ,2009-01-29 00:00:00,400.0,800.0,500.0,360
Gujarat,Ahmedabad,Ahmedabad(Rajnagar sub yard),Mint(Pudina),Other,FAQ,2009-02-04 00:00:00,250.0,800.0,400.0,360
Gujarat,Ahmedabad,Ahmedabad(Rajnagar sub yard),Mint(Pudina),Other,FAQ,2009-02-06 00:00:00,300.0,800.0,550.0,360
Gujarat,Ahmedabad,Ahmedabad(Rajnagar sub yard),Mint(Pudina),Other,FAQ,2009-02-07 00:00:00,300.0,800.0,600.0,360
Gujarat,Ahmedabad,Ahmedabad(Rajnagar sub yard),Mint(Pudina),Other,FAQ,2009-02-19 00:00:00,250.0,800.0,650.0,360
Gujarat,Ahmedabad,Ahmedabad(Rajnagar sub yard),Mint(Pudina),Other,FAQ,2009-02-21 00:00:00,350.0,1000.0,800.0,360
Gujarat,Ahmedabad,Ahmedabad(Rajnagar sub yard),Mint(Pudina),Other,FAQ,2009-03-04 00:00:00,350.0,800.0,650.0,360
Gujarat,Ahmedabad,Ahmedabad(Rajnagar sub yard),Mint(Pudina),Other,FAQ,2009-03-05 00:00:00,250.0,800.0,600.0,360
Gujarat,Ahmedabad,Ahmedabad(Rajnagar sub yard),Mint(Pudina),Other,FAQ,2009-03-13 00:00:00,500.0,1000.0,800.0,360
Gujarat,Ahmedabad,Ahmedabad(Rajnagar sub yard),Mint(Pudina),Other,FAQ,2009-03-14 00:00:00,500.0,1000.0,850.0,360
Gujarat,Ahmedabad,Ahmedabad(Rajnagar sub yard),Mint(Pudina),Other,FAQ,2009-04-02 00:00:00,300.0,1000.0,700.0,360
Gujarat,Ahmedabad,Ahmedabad(Rajnagar sub yard),Mint(Pudina),Other,FAQ,2009-04-06 00:00:00,300.0,500.0,450.0,360
Gujarat,Ahmedabad,Ahmedabad(Rajnagar sub yard),Mint(Pudina),Other,FAQ,2009-04-18 00:00:00,500.0,700.0,600.0,360
Gujarat,Ahmedabad,Ahmedabad(Rajnagar sub yard),Mint(Pudina),Other,FAQ,2009-05-08 00:00:00,600.0,800.0,700.0,360
Gujarat,Ahmedabad,Ahmedabad(Rajnagar sub yard),Mint(Pudina),Other,FAQ,2009-05-09 00:00:00,500.0,800.0,700.0,360
Gujarat,Ahmedabad,Ahmedabad(Rajnagar sub yard),Mint(Pudina),Other,FAQ,2009-05-11 00:00:00,500.0,800.0,700.0,360
Gujarat,Ahmedabad,Ahmedabad(Rajnagar sub yard),Mint(Pudina),Other,FAQ,2009-05-14 00:00:00,500.0,600.0,550.0,360
Gujarat,Ahmedabad,Ahmedabad(Rajnagar sub yard),Mint(Pudina),Other,FAQ,2009-05-26 00:00:00,400.0,700.0,600.0,360
Gujarat,Ahmedabad,Ahmedabad(Rajnagar sub yard),Mint(Pudina),Other,FAQ,2009-06-02 00:00:00,800.0,1000.0,950.0,360
Gujarat,Ahmedabad,Ahmedabad(Rajnagar sub yard),Mint(Pudina),Other,FAQ,2009-06-10 00:00:00,700.0,1000.0,900.0,360
Gujarat,Ahmedabad,Ahmedabad(Rajnagar sub yard),Mint(Pudina),Other,FAQ,2009-06-12 00:00:00,600.0,1000.0,800.0,360
Gujarat,Ahmedabad,Ahmedabad(Rajnagar sub yard),Mint(Pudina),Other,FAQ,2009-06-16 00:00:00,700.0,1000.0,900.0,360
Gujarat,Ahmedabad,Ahmedabad(Rajnagar sub yard),Mint(Pudina),Other,FAQ,2009-06-18 00:00:00,500.0,1300.0,1100.0,360
Gujarat,Ahmedabad,Ahmedabad(Rajnagar sub yard),Mint(Pudina),Other,FAQ,2009-06-27 00:00:00,800.0,1400.0,1250.0,360
Gujarat,Ahmedabad,Ahmedabad(Rajnagar sub yard),Mint(Pudina),Other,FAQ,2009-07-16 00:00:00,1200.0,1500.0,1400.0,360
Gujarat,Ahmedabad,Ahmedabad(Rajnagar sub yard),Mint(Pudina),Other,FAQ,2009-07-17 00:00:00,800.0,1500.0,1300.0,360
Gujarat,Ahmedabad,Ahmedabad(Rajnagar sub yard),Mint(Pudina),Other,FAQ,2009-07-24 00:00:00,1000.0,1300.0,1200.0,360
Gujarat,Ahmedabad,Ahmedabad(Rajnagar sub yard),Mint(Pudina),Other,FAQ,2009-08-03 00:00:00,1250.0,2000.0,1700.0,360
Gujarat,Ahmedabad,Ahmedabad(Rajnagar sub yard),Mint(Pudina),Other,FAQ,2009-08-04 00:00:00,2000.0,2250.0,2200.0,360
Gujarat,Ahmedabad,Ahmedabad(Rajnagar sub yard),Mint(Pudina),Other,FAQ,2009-08-08 00:00:00,1750.0,2750.0,2400.0,360
Gujarat,Ahmedabad,Ahmedabad(Rajnagar sub yard),Mint(Pudina),Other,FAQ,2009-08-11 00:00:00,1750.0,2500.0,2300.0,360
Gujarat,Ahmedabad,Ahmedabad(Rajnagar sub yard),Mint(Pudina),Other,FAQ,2009-08-13 00:00:00,1750.0,2750.0,2400.0,360
Gujarat,Ahmedabad,Ahmedabad(Rajnagar sub yard),Mint(Pudina),Other,FAQ,2009-08-17 00:00:00,1000.0,1750.0,1500.0,360
Gujarat,Ahmedabad,Ahmedabad(Rajnagar sub yard),Mint(Pudina),Other,FAQ,2009-08-24 00:00:00,1500.0,2500.0,2200.0,360
Gujarat,Ahmedabad,Ahmedabad(Rajnagar sub yard),Mint(Pudina),Other,FAQ,2009-08-26 00:00:00,900.0,1500.0,1300.0,360
Gujarat,Ahmedabad,Ahmedabad(Rajnagar sub yard),Mint(Pudina),Other,FAQ,2009-08-28 00:00:00,800.0,1500.0,1200.0,360
Gujarat,Ahmedabad,Ahmedabad(Rajnagar sub yard),Mint(Pudina),Other,FAQ,2009-08-31 00:00:00,1000.0,1500.0,1300.0,360
Gujarat,Ahmedabad,Ahmedabad(Rajnagar sub yard),Mint(Pudina),Other,FAQ,2009-09-10 00:00:00,1000.0,2000.0,1600.0,360
Gujarat,Ahmedabad,Ahmedabad(Rajnagar sub yard),Mint(Pudina),Other,FAQ,2009-09-11 00:00:00,1000.0,2000.0,1600.0,360
Gujarat,Ahmedabad,Ahmedabad(Rajnagar sub yard),Mint(Pudina),Other,FAQ,2009-09-18 00:00:00,1000.0,2000.0,1800.0,360
Gujarat,Ahmedabad,Ahmedabad(Rajnagar sub yard),Mint(Pudina),Other,FAQ,2009-09-19 00:00:00,1750.0,2500.0,2200.0,360
Gujarat,Ahmedabad,Ahmedabad(Rajnagar sub yard),Mint(Pudina),Other,FAQ,2009-09-25 00:00:00,1500.0,2250.0,2000.0,360
Gujarat,Ahmedabad,Ahmedabad(Rajnagar sub yard),Mint(Pudina),Other,FAQ,2009-10-02 00:00:00,1750.0,2250.0,2000.0,360
Gujarat,Ahmedabad,Ahmedabad(Rajnagar sub yard),Mint(Pudina),Other,FAQ,2009-10-09 00:00:00,1250.0,2000.0,1700.0,360
Gujarat,Ahmedabad,Ahmedabad(Rajnagar sub yard),Mint(Pudina),Other,FAQ,2009-10-14 00:00:00,1500.0,2500.0,2200.0,360
Gujarat,Ahmedabad,Ahmedabad(Rajnagar sub yard),Mint(Pudina),Other,FAQ,2009-10-16 00:00:00,1500.0,2250.0,2000.0,360
Gujarat,Ahmedabad,Ahmedabad(Rajnagar sub yard),Mint(Pudina),Other,FAQ,2009-10-23 00:00:00,1500.0,2500.0,2100.0,360
Gujarat,Ahmedabad,Ahmedabad(Rajnagar sub yard),Mint(Pudina),Other,FAQ,2009-10-28 00:00:00,1500.0,2250.0,2000.0,360
Gujarat,Ahmedabad,Ahmedabad(Rajnagar sub yard),Mint(Pudina),Other,FAQ,2009-11-12 00:00:00,1000.0,1750.0,1500.0,360
Gujarat,Ahmedabad,Ahmedabad(Rajnagar sub yard),Mint(Pudina),Other,FAQ,2009-11-14 00:00:00,1000.0,1750.0,1500.0,360
Gujarat,Ahmedabad,Ahmedabad(Rajnagar sub yard),Mint(Pudina),Other,FAQ,2009-12-02 00:00:00,800.0,1500.0,1200.0,360
Gujarat,Ahmedabad,Ahmedabad(Rajnagar sub yard),Mint(Pudina),Other,FAQ,2009-12-22 00:00:00,700.0,850.0,800.0,360
Gujarat,Bharuch,Bharuch,Mint(Pudina),Other,FAQ,2009-09-18 00:00:00,1500.0,1700.0,1600.0,360
Gujarat,Bharuch,Bharuch,Mint(Pudina),Other,FAQ,2009-09-25 00:00:00,1400.0,1500.0,1450.0,360
Gujarat,Vadodara(Baroda),Vadodara(Sayajipura),Mint(Pudina),Other,FAQ,2009-01-17 00:00:00,700.0,800.0,750.0,360
Gujarat,Vadodara(Baroda),Vadodara(Sayajipura),Mint(Pudina),Other,FAQ,2009-01-21 00:00:00,500.0,600.0,575.0,360
Gujarat,Vadodara(Baroda),Vadodara(Sayajipura),Mint(Pudina),Other,FAQ,2009-01-22 00:00:00,500.0,600.0,575.0,360
Gujarat,Vadodara(Baroda),Vadodara(Sayajipura),Mint(Pudina),Other,FAQ,2009-01-28 00:00:00,600.0,750.0,700.0,360
Gujarat,Vadodara(Baroda),Vadodara(Sayajipura),Mint(Pudina),Other,FAQ,2009-02-06 00:00:00,600.0,700.0,675.0,360
Gujarat,Vadodara(Baroda),Vadodara(Sayajipura),Mint(Pudina),Other,FAQ,2009-02-11 00:00:00,600.0,700.0,675.0,360
Gujarat,Vadodara(Baroda),Vadodara(Sayajipura),Mint(Pudina),Other,FAQ,2009-02-13 00:00:00,500.0,600.0,575.0,360
Gujarat,Vadodara(Baroda),Vadodara(Sayajipura),Mint(Pudina),Other,FAQ,2009-02-16 00:00:00,800.0,1000.0,925.0,360
Gujarat,Vadodara(Baroda),Vadodara(Sayajipura),Mint(Pudina),Other,FAQ,2009-02-17 00:00:00,800.0,1000.0,925.0,360
Gujarat,Vadodara(Baroda),Vadodara(Sayajipura),Mint(Pudina),Other,FAQ,2009-02-19 00:00:00,600.0,700.0,675.0,360
Gujarat,Vadodara(Baroda),Vadodara(Sayajipura),Mint(Pudina),Other,FAQ,2009-03-06 00:00:00,600.0,700.0,650.0,360
Gujarat,Vadodara(Baroda),Vadodara(Sayajipura),Mint(Pudina),Other,FAQ,2009-03-18 00:00:00,800.0,1000.0,950.0,360
Gujarat,Vadodara(Baroda),Vadodara(Sayajipura),Mint(Pudina),Other,FAQ,2009-04-04 00:00:00,800.0,1000.0,925.0,360
Gujarat,Vadodara(Baroda),Vadodara(Sayajipura),Mint(Pudina),Other,FAQ,2009-04-26 00:00:00,600.0,900.0,775.0,360
Gujarat,Vadodara(Baroda),Vadodara(Sayajipura),Mint(Pudina),Other,FAQ,2009-05-15 00:00:00,700.0,900.0,800.0,360
Gujarat,Vadodara(Baroda),Vadodara(Sayajipura),Mint(Pudina),Other,FAQ,2009-05-17 00:00:00,900.0,1000.0,950.0,360
Gujarat,Vadodara(Baroda),Vadodara(Sayajipura),Mint(Pudina),Other,FAQ,2009-05-30 00:00:00,900.0,1000.0,950.0,360
Gujarat,Vadodara(Baroda),Vadodara(Sayajipura),Mint(Pudina),Other,FAQ,2009-06-29 00:00:00,1000.0,1100.0,1050.0,360
Gujarat,Vadodara(Baroda),Vadodara(Sayajipura),Mint(Pudina),Other,FAQ,2009-07-12 00:00:00,500.0,1000.0,775.0,360
Gujarat,Vadodara(Baroda),Vadodara(Sayajipura),Mint(Pudina),Other,FAQ,2009-07-16 00:00:00,500.0,1000.0,775.0,360
Gujarat,Vadodara(Baroda),Vadodara(Sayajipura),Mint(Pudina),Other,FAQ,2009-07-19 00:00:00,1000.0,1250.0,1150.0,360
Gujarat,Vadodara(Baroda),Vadodara(Sayajipura),Mint(Pudina),Other,FAQ,2009-07-26 00:00:00,500.0,1000.0,775.0,360
Gujarat,Vadodara(Baroda),Vadodara(Sayajipura),Mint(Pudina),Other,FAQ,2009-07-29 00:00:00,500.0,1100.0,825.0,360
Gujarat,Vadodara(Baroda),Vadodara(Sayajipura),Mint(Pudina),Other,FAQ,2009-08-24 00:00:00,500.0,1000.0,750.0,360
Gujarat,Vadodara(Baroda),Vadodara(Sayajipura),Mint(Pudina),Other,FAQ,2009-08-27 00:00:00,500.0,1000.0,775.0,360
Gujarat,Vadodara(Baroda),Vadodara(Sayajipura),Mint(Pudina),Other,FAQ,2009-09-01 00:00:00,750.0,1400.0,1075.0,360
Gujarat,Vadodara(Baroda),Vadodara(Sayajipura),Mint(Pudina),Other,FAQ,2009-09-07 00:00:00,1200.0,1750.0,1475.0,360
Gujarat,Vadodara(Baroda),Vadodara(Sayajipura),Mint(Pudina),Other,FAQ,2009-09-16 00:00:00,1500.0,2000.0,1725.0,360
Gujarat,Vadodara(Baroda),Vadodara(Sayajipura),Mint(Pudina),Other,FAQ,2009-09-21 00:00:00,1000.0,1500.0,1275.0,360
Gujarat,Vadodara(Baroda),Vadodara(Sayajipura),Mint(Pudina),Other,FAQ,2009-10-06 00:00:00,2000.0,2500.0,2250.0,360
Gujarat,Vadodara(Baroda),Vadodara(Sayajipura),Mint(Pudina),Other,FAQ,2009-10-08 00:00:00,500.0,1000.0,800.0,360
Gujarat,Vadodara(Baroda),Vadodara(Sayajipura),Mint(Pudina),Other,FAQ,2009-10-11 00:00:00,600.0,800.0,725.0,360
Gujarat,Vadodara(Baroda),Vadodara(Sayajipura),Mint(Pudina),Other,FAQ,2009-10-12 00:00:00,600.0,800.0,675.0,360
Gujarat,Vadodara(Baroda),Vadodara(Sayajipura),Mint(Pudina),Other,FAQ,2009-10-22 00:00:00,1400.0,1600.0,1550.0,360
Gujarat,Vadodara(Baroda),Vadodara(Sayajipura),Mint(Pudina),Other,FAQ,2009-10-24 00:00:00,1250.0,1500.0,1375.0,360
Gujarat,Vadodara(Baroda),Vadodara(Sayajipura),Mint(Pudina),Other,FAQ,2009-11-02 00:00:00,1200.0,1400.0,1300.0,360
Gujarat,Vadodara(Baroda),Vadodara(Sayajipura),Mint(Pudina),Other,FAQ,2009-11-25 00:00:00,1500.0,2000.0,1750.0,360
Gujarat,Vadodara(Baroda),Vadodara(Sayajipura),Mint(Pudina),Other,FAQ,2009-11-28 00:00:00,1000.0,1200.0,1100.0,360
Gujarat,Vadodara(Baroda),Vadodara(Sayajipura),Mint(Pudina),Other,FAQ,2009-12-02 00:00:00,1000.0,1200.0,1125.0,360
Gujarat,Vadodara(Baroda),Vadodara(Sayajipura),Mint(Pudina),Other,FAQ,2009-12-08 00:00:00,550.0,700.0,600.0,360
Gujarat,Vadodara(Baroda),Vadodara(Sayajipura),Mint(Pudina),Other,FAQ,2009-12-09 00:00:00,1100.0,1250.0,1125.0,360
Gujarat,Vadodara(Baroda),Vadodara(Sayajipura),Mint(Pudina),Other,FAQ,2009-12-14 00:00:00,900.0,1200.0,1100.0,360
Gujarat,Vadodara(Baroda),Vadodara(Sayajipura),Mint(Pudina),Other,FAQ,2009-12-27 00:00:00,1000.0,1300.0,1150.0,360
Gujarat,Ahmedabad,Ahmedabad(Rajnagar sub yard),Mint(Pudina),Other,FAQ,2012-01-07 00:00:00,800.0,1200.0,1000.0,360
Gujarat,Ahmedabad,Ahmedabad(Rajnagar sub yard),Mint(Pudina),Other,FAQ,2012-02-08 00:00:00,800.0,1200.0,1000.0,360
Gujarat,Ahmedabad,Ahmedabad(Rajnagar sub yard),Mint(Pudina),Other,FAQ,2012-02-09 00:00:00,800.0,1200.0,1100.0,360
Gujarat,Ahmedabad,Ahmedabad(Rajnagar sub yard),Mint(Pudina),Other,FAQ,2012-02-24 00:00:00,400.0,700.0,600.0,360
Gujarat,Ahmedabad,Ahmedabad(Rajnagar sub yard),Mint(Pudina),Other,FAQ,2012-02-25 00:00:00,200.0,400.0,300.0,360
Gujarat,Ahmedabad,Ahmedabad(Rajnagar sub yard),Mint(Pudina),Other,FAQ,2012-03-01 00:00:00,300.0,500.0,400.0,360
Gujarat,Ahmedabad,Ahmedabad(Rajnagar sub yard),Mint(Pudina),Other,FAQ,2012-03-05 00:00:00,400.0,600.0,500.0,360
Gujarat,Ahmedabad,Ahmedabad(Rajnagar sub yard),Mint(Pudina),Other,FAQ,2012-03-19 00:00:00,400.0,700.0,600.0,360
Gujarat,Ahmedabad,Ahmedabad(Rajnagar sub yard),Mint(Pudina),Other,FAQ,2012-03-27 00:00:00,350.0,700.0,550.0,360
Gujarat,Ahmedabad,Ahmedabad(Rajnagar sub yard),Mint(Pudina),Other,FAQ,2012-04-03 00:00:00,300.0,500.0,400.0,360
Gujarat,Ahmedabad,Ahmedabad(Rajnagar sub yard),Mint(Pudina),Other,FAQ,2012-04-06 00:00:00,300.0,700.0,600.0,360
Gujarat,Ahmedabad,Ahmedabad(Rajnagar sub yard),Mint(Pudina),Other,FAQ,2012-04-09 00:00:00,400.0,1000.0,800.0,360
Gujarat,Ahmedabad,Ahmedabad(Rajnagar sub yard),Mint(Pudina),Other,FAQ,2012-04-13 00:00:00,500.0,1000.0,800.0,360
Gujarat,Ahmedabad,Ahmedabad(Rajnagar sub yard),Mint(Pudina),Other,FAQ,2012-04-21 00:00:00,400.0,700.0,600.0,360
Gujarat,Ahmedabad,Ahmedabad(Rajnagar sub yard),Mint(Pudina),Other,FAQ,2012-04-24 00:00:00,500.0,1000.0,800.0,360
Gujarat,Ahmedabad,Ahmedabad(Rajnagar sub yard),Mint(Pudina),Other,FAQ,2012-04-27 00:00:00,400.0,1000.0,800.0,360
Gujarat,Ahmedabad,Ahmedabad(Rajnagar sub yard),Mint(Pudina),Other,FAQ,2012-05-04 00:00:00,500.0,800.0,700.0,360
Gujarat,Ahmedabad,Ahmedabad(Rajnagar sub yard),Mint(Pudina),Other,FAQ,2012-05-07 00:00:00,500.0,1000.0,800.0,360
Gujarat,Ahmedabad,Ahmedabad(Rajnagar sub yard),Mint(Pudina),Other,FAQ,2012-05-19 00:00:00,1000.0,1400.0,1300.0,360
Gujarat,Ahmedabad,Ahmedabad(Rajnagar sub yard),Mint(Pudina),Other,FAQ,2012-05-22 00:00:00,700.0,1300.0,1100.0,360
Gujarat,Ahmedabad,Ahmedabad(Rajnagar sub yard),Mint(Pudina),Other,FAQ,2012-06-05 00:00:00,600.0,1200.0,1000.0,360
Gujarat,Ahmedabad,Ahmedabad(Rajnagar sub yard),Mint(Pudina),Other,FAQ,2012-06-07 00:00:00,800.0,1200.0,1000.0,360
Gujarat,Ahmedabad,Ahmedabad(Rajnagar sub yard),Mint(Pudina),Other,FAQ,2012-06-14 00:00:00,1000.0,1500.0,1300.0,360
Gujarat,Ahmedabad,Ahmedabad(Rajnagar sub yard),Mint(Pudina),Other,FAQ,2012-06-22 00:00:00,1000.0,1750.0,1500.0,360
Gujarat,Ahmedabad,Ahmedabad(Rajnagar sub yard),Mint(Pudina),Other,FAQ,2012-07-04 00:00:00,1500.0,3000.0,2500.0,360
Gujarat,Ahmedabad,Ahmedabad(Rajnagar sub yard),Mint(Pudina),Other,FAQ,2012-07-17 00:00:00,2000.0,2500.0,2300.0,360
Gujarat,Ahmedabad,Ahmedabad(Rajnagar sub yard),Mint(Pudina),Other,FAQ,2012-07-19 00:00:00,1000.0,2000.0,1500.0,360
Gujarat,Ahmedabad,Ahmedabad(Rajnagar sub yard),Mint(Pudina),Other,FAQ,2012-07-21 00:00:00,1000.0,2500.0,2000.0,360
Gujarat,Ahmedabad,Ahmedabad(Rajnagar sub yard),Mint(Pudina),Other,FAQ,2012-07-27 00:00:00,1500.0,2500.0,2200.0,360
Gujarat,Ahmedabad,Ahmedabad(Rajnagar sub yard),Mint(Pudina),Other,FAQ,2012-07-31 00:00:00,1500.0,2500.0,2000.0,360
Gujarat,Ahmedabad,Ahmedabad(Rajnagar sub yard),Mint(Pudina),Other,FAQ,2012-08-08 00:00:00,800.0,3000.0,2200.0,360
Gujarat,Ahmedabad,Ahmedabad(Rajnagar sub yard),Mint(Pudina),Other,FAQ,2012-08-29 00:00:00,1250.0,2750.0,2200.0,360
Gujarat,Ahmedabad,Ahmedabad(Rajnagar sub yard),Mint(Pudina),Other,FAQ,2012-09-10 00:00:00,1000.0,3000.0,2500.0,360
Gujarat,Ahmedabad,Ahmedabad(Rajnagar sub yard),Mint(Pudina),Other,FAQ,2012-09-18 00:00:00,2000.0,3000.0,2500.0,360
Gujarat,Ahmedabad,Ahmedabad(Rajnagar sub yard),Mint(Pudina),Other,FAQ,2012-09-21 00:00:00,2500.0,3000.0,2800.0,360
Gujarat,Ahmedabad,Ahmedabad(Rajnagar sub yard),Mint(Pudina),Other,FAQ,2012-09-22 00:00:00,2500.0,3000.0,2800.0,360
Gujarat,Ahmedabad,Ahmedabad(Rajnagar sub yard),Mint(Pudina),Other,FAQ,2012-10-04 00:00:00,1000.0,2500.0,2000.0,360
Gujarat,Ahmedabad,Ahmedabad(Rajnagar sub yard),Mint(Pudina),Other,FAQ,2012-10-15 00:00:00,1000.0,2500.0,2000.0,360
Gujarat,Ahmedabad,Ahmedabad(Rajnagar sub yard),Mint(Pudina),Other,FAQ,2012-10-20 00:00:00,500.0,1250.0,1000.0,360
Gujarat,Ahmedabad,Ahmedabad(Rajnagar sub yard),Mint(Pudina),Other,FAQ,2012-10-23 00:00:00,1000.0,2500.0,2000.0,360
Gujarat,Ahmedabad,Ahmedabad(Rajnagar sub yard),Mint(Pudina),Other,FAQ,2012-10-24 00:00:00,1000.0,1500.0,1300.0,360
Gujarat,Ahmedabad,Ahmedabad(Rajnagar sub yard),Mint(Pudina),Other,FAQ,2012-10-26 00:00:00,1500.0,2000.0,1800.0,360
Gujarat,Ahmedabad,Ahmedabad(Rajnagar sub yard),Mint(Pudina),Other,FAQ,2012-10-31 00:00:00,1000.0,1750.0,1500.0,360
Gujarat,Ahmedabad,Ahmedabad(Rajnagar sub yard),Mint(Pudina),Other,FAQ,2012-11-01 00:00:00,1000.0,2000.0,1500.0,360
Gujarat,Ahmedabad,Ahmedabad(Rajnagar sub yard),Mint(Pudina),Other,FAQ,2012-11-10 00:00:00,800.0,1250.0,1100.0,360
Gujarat,Ahmedabad,Ahmedabad(Rajnagar sub yard),Mint(Pudina),Other,FAQ,2012-11-15 00:00:00,1250.0,1500.0,1400.0,360
Gujarat,Ahmedabad,Ahmedabad(Rajnagar sub yard),Mint(Pudina),Other,FAQ,2012-11-20 00:00:00,800.0,1000.0,900.0,360
Gujarat,Ahmedabad,Ahmedabad(Rajnagar sub yard),Mint(Pudina),Other,FAQ,2012-11-21 00:00:00,800.0,1000.0,900.0,360
Gujarat,Ahmedabad,Ahmedabad(Rajnagar sub yard),Mint(Pudina),Other,FAQ,2012-11-24 00:00:00,2500.0,3000.0,2800.0,360
Gujarat,Ahmedabad,Ahmedabad(Rajnagar sub yard),Mint(Pudina),Other,FAQ,2012-11-29 00:00:00,1000.0,1500.0,1300.0,360
Gujarat,Ahmedabad,Ahmedabad(Rajnagar sub yard),Mint(Pudina),Other,FAQ,2012-12-04 00:00:00,800.0,1200.0,1100.0,360
Gujarat,Ahmedabad,Ahmedabad(Rajnagar sub yard),Mint(Pudina),Other,FAQ,2012-12-10 00:00:00,800.0,1500.0,1200.0,360
Gujarat,Ahmedabad,Ahmedabad(Rajnagar sub yard),Mint(Pudina),Other,FAQ,2012-12-13 00:00:00,500.0,1200.0,1000.0,360
Gujarat,Bharuch,Bharuch,Mint(Pudina),Other,FAQ,2012-07-16 00:00:00,1300.0,1500.0,1400.0,360
Gujarat,Bharuch,Bharuch,Mint(Pudina),Other,FAQ,2012-10-04 00:00:00,600.0,800.0,700.0,360
Gujarat,Dahod,Dahod(Veg. Market),Mint(Pudina),Other,FAQ,2012-01-03 00:00:00,2500.0,3000.0,2750.0,360
Gujarat,Dahod,Dahod(Veg. Market),Mint(Pudina),Other,FAQ,2012-01-04 00:00:00,2500.0,3000.0,3000.0,360
Gujarat,Dahod,Dahod(Veg. Market),Mint(Pudina),Other,FAQ,2012-01-05 00:00:00,2500.0,3500.0,3000.0,360
Gujarat,Dahod,Dahod(Veg. Market),Mint(Pudina),Other,FAQ,2012-01-08 00:00:00,2500.0,3000.0,2800.0,360
Gujarat,Dahod,Dahod(Veg. Market),Mint(Pudina),Other,FAQ,2012-01-19 00:00:00,2600.0,3000.0,2800.0,360
Gujarat,Dahod,Dahod(Veg. Market),Mint(Pudina),Other,FAQ,2012-01-24 00:00:00,2500.0,3000.0,2800.0,360
Gujarat,Dahod,Dahod(Veg. Market),Mint(Pudina),Other,FAQ,2012-01-25 00:00:00,2500.0,3000.0,2800.0,360
Gujarat,Dahod,Dahod(Veg. Market),Mint(Pudina),Other,FAQ,2012-01-30 00:00:00,2000.0,3000.0,2800.0,360
Gujarat,Dahod,Dahod(Veg. Market),Mint(Pudina),Other,FAQ,2012-02-03 00:00:00,2500.0,3000.0,3000.0,360
Gujarat,Dahod,Dahod(Veg. Market),Mint(Pudina),Other,FAQ,2012-02-04 00:00:00,2500.0,3000.0,3000.0,360
Gujarat,Dahod,Dahod(Veg. Market),Mint(Pudina),Other,FAQ,2012-02-12 00:00:00,2500.0,3000.0,2800.0,360
Gujarat,Dahod,Dahod(Veg. Market),Mint(Pudina),Other,FAQ,2012-02-14 00:00:00,2500.0,3000.0,2900.0,360
Gujarat,Dahod,Dahod(Veg. Market),Mint(Pudina),Other,FAQ,2012-02-15 00:00:00,2500.0,3000.0,2900.0,360
Gujarat,Dahod,Dahod(Veg. Market),Mint(Pudina),Other,FAQ,2012-02-16 00:00:00,2000.0,3000.0,2500.0,360
Gujarat,Dahod,Dahod(Veg. Market),Mint(Pudina),Other,FAQ,2012-03-06 00:00:00,1500.0,2500.0,2000.0,360
Gujarat,Dahod,Dahod(Veg. Market),Mint(Pudina),Other,FAQ,2012-03-07 00:00:00,2000.0,2500.0,2500.0,360
Gujarat,Dahod,Dahod(Veg. Market),Mint(Pudina),Other,FAQ,2012-03-12 00:00:00,1500.0,2500.0,2000.0,360
Gujarat,Dahod,Dahod(Veg. Market),Mint(Pudina),Other,FAQ,2012-03-15 00:00:00,2000.0,2500.0,2400.0,360
Gujarat,Dahod,Dahod(Veg. Market),Mint(Pudina),Other,FAQ,2012-03-19 00:00:00,1500.0,2500.0,2000.0,360
Gujarat,Dahod,Dahod(Veg. Market),Mint(Pudina),Other,FAQ,2012-03-20 00:00:00,1500.0,2500.0,2200.0,360
Gujarat,Dahod,Dahod(Veg. Market),Mint(Pudina),Other,FAQ,2012-03-27 00:00:00,1500.0,2000.0,1800.0,360
Gujarat,Dahod,Dahod(Veg. Market),Mint(Pudina),Other,FAQ,2012-03-28 00:00:00,1500.0,2500.0,2000.0,360
Gujarat,Dahod,Dahod(Veg. Market),Mint(Pudina),Other,FAQ,2012-04-05 00:00:00,1500.0,2000.0,1800.0,360
Gujarat,Dahod,Dahod(Veg. Market),Mint(Pudina),Other,FAQ,2012-04-09 00:00:00,1500.0,2500.0,2000.0,360
Gujarat,Dahod,Dahod(Veg. Market),Mint(Pudina),Other,FAQ,2012-04-15 00:00:00,1500.0,2000.0,2000.0,360
Gujarat,Dahod,Dahod(Veg. Market),Mint(Pudina),Other,FAQ,2012-04-30 00:00:00,1500.0,2000.0,2000.0,360
Gujarat,Dahod,Dahod(Veg. Market),Mint(Pudina),Other,FAQ,2012-05-11 00:00:00,1000.0,1500.0,1500.0,360
Gujarat,Dahod,Dahod(Veg. Market),Mint(Pudina),Other,FAQ,2012-05-15 00:00:00,1000.0,1500.0,1200.0,360
Gujarat,Dahod,Dahod(Veg. Market),Mint(Pudina),Other,FAQ,2012-05-23 00:00:00,1000.0,1300.0,1200.0,360
Gujarat,Dahod,Dahod(Veg. Market),Mint(Pudina),Other,FAQ,2012-05-27 00:00:00,1000.0,1500.0,1300.0,360
Gujarat,Dahod,Dahod(Veg. Market),Mint(Pudina),Other,FAQ,2012-05-31 00:00:00,1000.0,1500.0,1400.0,360
Gujarat,Dahod,Dahod(Veg. Market),Mint(Pudina),Other,FAQ,2012-06-03 00:00:00,1000.0,1500.0,1200.0,360
Gujarat,Dahod,Dahod(Veg. Market),Mint(Pudina),Other,FAQ,2012-06-08 00:00:00,1000.0,1500.0,1400.0,360
Gujarat,Dahod,Dahod(Veg. Market),Mint(Pudina),Other,FAQ,2012-07-05 00:00:00,2700.0,3000.0,2900.0,360
Gujarat,Dahod,Dahod(Veg. Market),Mint(Pudina),Other,FAQ,2012-07-12 00:00:00,1500.0,2000.0,1800.0,360
Gujarat,Dahod,Dahod(Veg. Market),Mint(Pudina),Other,FAQ,2012-07-18 00:00:00,2000.0,4000.0,3500.0,360
Gujarat,Dahod,Dahod(Veg. Market),Mint(Pudina),Other,FAQ,2012-07-30 00:00:00,4000.0,5075.0,4900.0,360
Gujarat,Dahod,Dahod(Veg. Market),Mint(Pudina),Other,FAQ,2012-08-04 00:00:00,6000.0,7500.0,7000.0,360
Gujarat,Dahod,Dahod(Veg. Market),Mint(Pudina),Other,FAQ,2012-08-07 00:00:00,3000.0,5000.0,4500.0,360
Gujarat,Dahod,Dahod(Veg. Market),Mint(Pudina),Other,FAQ,2012-08-11 00:00:00,4000.0,5500.0,5000.0,360
Gujarat,Dahod,Dahod(Veg. Market),Mint(Pudina),Other,FAQ,2012-08-12 00:00:00,4000.0,6000.0,5500.0,360
Gujarat,Dahod,Dahod(Veg. Market),Mint(Pudina),Other,FAQ,2012-08-23 00:00:00,4000.0,5000.0,5000.0,360
Gujarat,Dahod,Dahod(Veg. Market),Mint(Pudina),Other,FAQ,2012-09-09 00:00:00,5000.0,6000.0,6000.0,360
Gujarat,Dahod,Dahod(Veg. Market),Mint(Pudina),Other,FAQ,2012-09-14 00:00:00,5000.0,8000.0,6000.0,360
Gujarat,Dahod,Dahod(Veg. Market),Mint(Pudina),Other,FAQ,2012-09-19 00:00:00,5000.0,5000.0,5000.0,360
Gujarat,Dahod,Dahod(Veg. Market),Mint(Pudina),Other,FAQ,2012-09-21 00:00:00,6000.0,6000.0,6000.0,360
Gujarat,Dahod,Dahod(Veg. Market),Mint(Pudina),Other,FAQ,2012-09-22 00:00:00,5000.0,7000.0,7000.0,360
Gujarat,Dahod,Dahod(Veg. Market),Mint(Pudina),Other,FAQ,2012-09-26 00:00:00,10500.0,11000.0,11000.0,360
Gujarat,Dahod,Dahod(Veg. Market),Mint(Pudina),Other,FAQ,2012-09-28 00:00:00,9000.0,10000.0,10000.0,360
Gujarat,Dahod,Dahod(Veg. Market),Mint(Pudina),Other,FAQ,2012-10-02 00:00:00,7500.0,15000.0,12500.0,360
Gujarat,Dahod,Dahod(Veg. Market),Mint(Pudina),Other,FAQ,2012-10-03 00:00:00,8000.0,9000.0,9000.0,360
Gujarat,Dahod,Dahod(Veg. Market),Mint(Pudina),Other,FAQ,2012-10-20 00:00:00,3500.0,5000.0,4000.0,360
Gujarat,Dahod,Dahod(Veg. Market),Mint(Pudina),Other,FAQ,2012-11-01 00:00:00,2000.0,7000.0,5000.0,360
Gujarat,Dahod,Dahod(Veg. Market),Mint(Pudina),Other,FAQ,2012-11-06 00:00:00,800.0,1200.0,1000.0,360
Gujarat,Dahod,Dahod(Veg. Market),Mint(Pudina),Other,FAQ,2012-11-11 00:00:00,4000.0,6000.0,5000.0,360
Gujarat,Dahod,Dahod(Veg. Market),Mint(Pudina),Other,FAQ,2012-11-19 00:00:00,4000.0,5000.0,4500.0,360
Gujarat,Dahod,Dahod(Veg. Market),Mint(Pudina),Other,FAQ,2012-12-10 00:00:00,2000.0,3000.0,2500.0,360
Gujarat,Dahod,Dahod(Veg. Market),Mint(Pudina),Other,FAQ,2012-12-13 00:00:00,1500.0,4000.0,3000.0,360
Gujarat,Dahod,Dahod(Veg. Market),Mint(Pudina),Other,FAQ,2012-12-20 00:00:00,2000.0,4000.0,3000.0,360
Gujarat,Vadodara(Baroda),Vadodara(Sayajipura),Mint(Pudina),Other,FAQ,2012-01-02 00:00:00,900.0,1300.0,1100.0,360
Gujarat,Vadodara(Baroda),Vadodara(Sayajipura),Mint(Pudina),Other,FAQ,2012-01-05 00:00:00,900.0,1300.0,1100.0,360
Gujarat,Vadodara(Baroda),Vadodara(Sayajipura),Mint(Pudina),Other,FAQ,2012-01-17 00:00:00,1000.0,1300.0,1200.0,360
Gujarat,Vadodara(Baroda),Vadodara(Sayajipura),Mint(Pudina),Other,FAQ,2012-01-19 00:00:00,600.0,800.0,750.0,360
Gujarat,Vadodara(Baroda),Vadodara(Sayajipura),Mint(Pudina),Other,FAQ,2012-01-27 00:00:00,1500.0,2000.0,1850.0,360
Gujarat,Vadodara(Baroda),Vadodara(Sayajipura),Mint(Pudina),Other,FAQ,2012-01-31 00:00:00,1000.0,1500.0,1350.0,360
Gujarat,Vadodara(Baroda),Vadodara(Sayajipura),Mint(Pudina),Other,FAQ,2012-02-03 00:00:00,1000.0,1500.0,1300.0,360
Gujarat,Vadodara(Baroda),Vadodara(Sayajipura),Mint(Pudina),Other,FAQ,2012-02-13 00:00:00,1500.0,2000.0,1800.0,360
Gujarat,Vadodara(Baroda),Vadodara(Sayajipura),Mint(Pudina),Other,FAQ,2012-02-27 00:00:00,1000.0,1500.0,1275.0,360
Gujarat,Vadodara(Baroda),Vadodara(Sayajipura),Mint(Pudina),Other,FAQ,2012-02-29 00:00:00,1000.0,1500.0,1275.0,360
Gujarat,Vadodara(Baroda),Vadodara(Sayajipura),Mint(Pudina),Other,FAQ,2012-03-09 00:00:00,1250.0,1750.0,1550.0,360
Gujarat,Vadodara(Baroda),Vadodara(Sayajipura),Mint(Pudina),Other,FAQ,2012-03-12 00:00:00,1000.0,1500.0,1350.0,360
Gujarat,Vadodara(Baroda),Vadodara(Sayajipura),Mint(Pudina),Other,FAQ,2012-03-27 00:00:00,1000.0,1200.0,1150.0,360
Gujarat,Vadodara(Baroda),Vadodara(Sayajipura),Mint(Pudina),Other,FAQ,2012-04-04 00:00:00,1000.0,1500.0,1300.0,360
Gujarat,Vadodara(Baroda),Vadodara(Sayajipura),Mint(Pudina),Other,FAQ,2012-04-05 00:00:00,1200.0,1500.0,1375.0,360
Gujarat,Vadodara(Baroda),Vadodara(Sayajipura),Mint(Pudina),Other,FAQ,2012-04-09 00:00:00,1000.0,1250.0,1125.0,360
Gujarat,Vadodara(Baroda),Vadodara(Sayajipura),Mint(Pudina),Other,FAQ,2012-04-17 00:00:00,1000.0,1400.0,1200.0,360
Gujarat,Vadodara(Baroda),Vadodara(Sayajipura),Mint(Pudina),Other,FAQ,2012-04-26 00:00:00,1000.0,1600.0,1375.0,360
Gujarat,Vadodara(Baroda),Vadodara(Sayajipura),Mint(Pudina),Other,FAQ,2012-04-27 00:00:00,1000.0,1600.0,1375.0,360
Gujarat,Vadodara(Baroda),Vadodara(Sayajipura),Mint(Pudina),Other,FAQ,2012-04-29 00:00:00,1000.0,1750.0,1425.0,360
Gujarat,Vadodara(Baroda),Vadodara(Sayajipura),Mint(Pudina),Other,FAQ,2012-05-01 00:00:00,1000.0,1750.0,1425.0,360
Gujarat,Vadodara(Baroda),Vadodara(Sayajipura),Mint(Pudina),Other,FAQ,2012-05-03 00:00:00,1000.0,1300.0,1200.0,360
Gujarat,Vadodara(Baroda),Vadodara(Sayajipura),Mint(Pudina),Other,FAQ,2012-05-05 00:00:00,900.0,1100.0,1025.0,360
Gujarat,Vadodara(Baroda),Vadodara(Sayajipura),Mint(Pudina),Other,FAQ,2012-05-09 00:00:00,900.0,1100.0,1025.0,360
Gujarat,Vadodara(Baroda),Vadodara(Sayajipura),Mint(Pudina),Other,FAQ,2012-05-13 00:00:00,1000.0,1500.0,1300.0,360
Gujarat,Vadodara(Baroda),Vadodara(Sayajipura),Mint(Pudina),Other,FAQ,2012-05-15 00:00:00,1000.0,1500.0,1300.0,360
Gujarat,Vadodara(Baroda),Vadodara(Sayajipura),Mint(Pudina),Other,FAQ,2012-05-18 00:00:00,1000.0,1500.0,1250.0,360
Gujarat,Vadodara(Baroda),Vadodara(Sayajipura),Mint(Pudina),Other,FAQ,2012-05-29 00:00:00,1000.0,1300.0,1200.0,360
Gujarat,Vadodara(Baroda),Vadodara(Sayajipura),Mint(Pudina),Other,FAQ,2012-06-06 00:00:00,1000.0,1250.0,1150.0,360
Gujarat,Vadodara(Baroda),Vadodara(Sayajipura),Mint(Pudina),Other,FAQ,2012-06-11 00:00:00,1000.0,1200.0,1150.0,360
Gujarat,Vadodara(Baroda),Vadodara(Sayajipura),Mint(Pudina),Other,FAQ,2012-06-13 00:00:00,1000.0,1200.0,1150.0,360
Gujarat,Vadodara(Baroda),Vadodara(Sayajipura),Mint(Pudina),Other,FAQ,2012-07-01 00:00:00,1000.0,1700.0,1375.0,360
Gujarat,Vadodara(Baroda),Vadodara(Sayajipura),Mint(Pudina),Other,FAQ,2012-07-05 00:00:00,1500.0,2000.0,1800.0,360
Gujarat,Vadodara(Baroda),Vadodara(Sayajipura),Mint(Pudina),Other,FAQ,2012-07-13 00:00:00,1500.0,2000.0,1800.0,360
Gujarat,Vadodara(Baroda),Vadodara(Sayajipura),Mint(Pudina),Other,FAQ,2012-07-15 00:00:00,1000.0,1500.0,1275.0,360
Gujarat,Vadodara(Baroda),Vadodara(Sayajipura),Mint(Pudina),Other,FAQ,2012-07-18 00:00:00,1000.0,1700.0,1350.0,360
Gujarat,Vadodara(Baroda),Vadodara(Sayajipura),Mint(Pudina),Other,FAQ,2012-07-25 00:00:00,1400.0,1750.0,1575.0,360
Gujarat,Vadodara(Baroda),Vadodara(Sayajipura),Mint(Pudina),Other,FAQ,2012-07-27 00:00:00,1000.0,1500.0,1300.0,360
Gujarat,Vadodara(Baroda),Vadodara(Sayajipura),Mint(Pudina),Other,FAQ,2012-07-28 00:00:00,1000.0,1500.0,1300.0,360
Gujarat,Vadodara(Baroda),Vadodara(Sayajipura),Mint(Pudina),Other,FAQ,2012-07-31 00:00:00,1000.0,1750.0,1400.0,360
Gujarat,Vadodara(Baroda),Vadodara(Sayajipura),Mint(Pudina),Other,FAQ,2012-08-05 00:00:00,1400.0,1700.0,1575.0,360
Gujarat,Vadodara(Baroda),Vadodara(Sayajipura),Mint(Pudina),Other,FAQ,2012-08-15 00:00:00,1500.0,2000.0,1800.0,360
Gujarat,Vadodara(Baroda),Vadodara(Sayajipura),Mint(Pudina),Other,FAQ,2012-08-20 00:00:00,1250.0,1750.0,1550.0,360
Gujarat,Vadodara(Baroda),Vadodara(Sayajipura),Mint(Pudina),Other,FAQ,2012-08-28 00:00:00,2000.0,3000.0,2500.0,360
Gujarat,Vadodara(Baroda),Vadodara(Sayajipura),Mint(Pudina),Other,FAQ,2012-08-31 00:00:00,2000.0,2500.0,2250.0,360
Gujarat,Vadodara(Baroda),Vadodara(Sayajipura),Mint(Pudina),Other,FAQ,2012-09-02 00:00:00,2000.0,2500.0,2250.0,360
Gujarat,Vadodara(Baroda),Vadodara(Sayajipura),Mint(Pudina),Other,FAQ,2012-09-06 00:00:00,1500.0,2500.0,2000.0,360
Gujarat,Vadodara(Baroda),Vadodara(Sayajipura),Mint(Pudina),Other,FAQ,2012-09-07 00:00:00,1000.0,1500.0,1250.0,360
Gujarat,Vadodara(Baroda),Vadodara(Sayajipura),Mint(Pudina),Other,FAQ,2012-09-09 00:00:00,1000.0,1500.0,1250.0,360
Gujarat,Vadodara(Baroda),Vadodara(Sayajipura),Mint(Pudina),Other,FAQ,2012-09-26 00:00:00,1000.0,1500.0,1300.0,360
Gujarat,Vadodara(Baroda),Vadodara(Sayajipura),Mint(Pudina),Other,FAQ,2012-10-02 00:00:00,600.0,1000.0,800.0,360
Gujarat,Vadodara(Baroda),Vadodara(Sayajipura),Mint(Pudina),Other,FAQ,2012-10-10 00:00:00,1000.0,1500.0,1300.0,360
Gujarat,Vadodara(Baroda),Vadodara(Sayajipura),Mint(Pudina),Other,FAQ,2012-10-11 00:00:00,1000.0,1500.0,1300.0,360
Gujarat,Vadodara(Baroda),Vadodara(Sayajipura),Mint(Pudina),Other,FAQ,2012-10-21 00:00:00,1500.0,2000.0,1800.0,360
Gujarat,Vadodara(Baroda),Vadodara(Sayajipura),Mint(Pudina),Other,FAQ,2012-10-26 00:00:00,1500.0,2500.0,2000.0,360
Gujarat,Vadodara(Baroda),Vadodara(Sayajipura),Mint(Pudina),Other,FAQ,2012-11-07 00:00:00,1500.0,2000.0,1800.0,360
Gujarat,Vadodara(Baroda),Vadodara(Sayajipura),Mint(Pudina),Other,FAQ,2012-11-08 00:00:00,1000.0,2000.0,1625.0,360
Gujarat,Vadodara(Baroda),Vadodara(Sayajipura),Mint(Pudina),Other,FAQ,2012-11-24 00:00:00,1000.0,1500.0,1300.0,360
Gujarat,Vadodara(Baroda),Vadodara(Sayajipura),Mint(Pudina),Other,FAQ,2012-11-28 00:00:00,1500.0,2000.0,1800.0,360
Gujarat,Vadodara(Baroda),Vadodara(Sayajipura),Mint(Pudina),Other,FAQ,2012-11-29 00:00:00,1500.0,2000.0,1800.0,360
Gujarat,Vadodara(Baroda),Vadodara(Sayajipura),Mint(Pudina),Other,FAQ,2012-12-03 00:00:00,1500.0,2000.0,1750.0,360
Gujarat,Vadodara(Baroda),Vadodara(Sayajipura),Mint(Pudina),Other,FAQ,2012-12-20 00:00:00,2000.0,2500.0,2375.0,360
Gujarat,Vadodara(Baroda),Vadodara(Sayajipura),Mint(Pudina),Other,FAQ,2012-12-25 00:00:00,1000.0,2000.0,1625.0,360
Gujarat,Vadodara(Baroda),Vadodara(Sayajipura),Mint(Pudina),Other,FAQ,2011-02-01 00:00:00,1000.0,1300.0,1150.0,360
Gujarat,Vadodara(Baroda),Vadodara(Sayajipura),Mint(Pudina),Other,FAQ,2011-02-07 00:00:00,1000.0,1400.0,1200.0,360
Gujarat,Vadodara(Baroda),Vadodara(Sayajipura),Mint(Pudina),Other,FAQ,2011-02-21 00:00:00,900.0,1000.0,950.0,360
Gujarat,Vadodara(Baroda),Vadodara(Sayajipura),Mint(Pudina),Other,FAQ,2011-03-03 00:00:00,800.0,1300.0,1050.0,360
Gujarat,Vadodara(Baroda),Vadodara(Sayajipura),Mint(Pudina),Other,FAQ,2011-03-08 00:00:00,800.0,1000.0,900.0,360
Gujarat,Vadodara(Baroda),Vadodara(Sayajipura),Mint(Pudina),Other,FAQ,2011-03-09 00:00:00,900.0,1100.0,1000.0,360
Gujarat,Vadodara(Baroda),Vadodara(Sayajipura),Mint(Pudina),Other,FAQ,2011-03-10 00:00:00,800.0,1000.0,900.0,360
Gujarat,Vadodara(Baroda),Vadodara(Sayajipura),Mint(Pudina),Other,FAQ,2011-03-13 00:00:00,900.0,1100.0,1000.0,360
Gujarat,Vadodara(Baroda),Vadodara(Sayajipura),Mint(Pudina),Other,FAQ,2011-03-22 00:00:00,900.0,1150.0,1000.0,360
Gujarat,Vadodara(Baroda),Vadodara(Sayajipura),Mint(Pudina),Other,FAQ,2011-03-24 00:00:00,800.0,1000.0,900.0,360
Gujarat,Vadodara(Baroda),Vadodara(Sayajipura),Mint(Pudina),Other,FAQ,2011-03-31 00:00:00,800.0,1000.0,900.0,360
Gujarat,Vadodara(Baroda),Vadodara(Sayajipura),Mint(Pudina),Other,FAQ,2011-04-07 00:00:00,800.0,1200.0,1000.0,360
Gujarat,Vadodara(Baroda),Vadodara(Sayajipura),Mint(Pudina),Other,FAQ,2011-04-09 00:00:00,900.0,1100.0,1000.0,360
Gujarat,Vadodara(Baroda),Vadodara(Sayajipura),Mint(Pudina),Other,FAQ,2011-04-13 00:00:00,800.0,1100.0,950.0,360
Gujarat,Vadodara(Baroda),Vadodara(Sayajipura),Mint(Pudina),Other,FAQ,2011-04-23 00:00:00,800.0,1000.0,900.0,360
Gujarat,Vadodara(Baroda),Vadodara(Sayajipura),Mint(Pudina),Other,FAQ,2011-04-24 00:00:00,1000.0,1200.0,1100.0,360
Gujarat,Vadodara(Baroda),Vadodara(Sayajipura),Mint(Pudina),Other,FAQ,2011-04-26 00:00:00,900.0,1200.0,1050.0,360
Gujarat,Vadodara(Baroda),Vadodara(Sayajipura),Mint(Pudina),Other,FAQ,2011-05-05 00:00:00,900.0,1000.0,950.0,360
Gujarat,Vadodara(Baroda),Vadodara(Sayajipura),Mint(Pudina),Other,FAQ,2011-05-18 00:00:00,1000.0,1300.0,1150.0,360
Gujarat,Vadodara(Baroda),Vadodara(Sayajipura),Mint(Pudina),Other,FAQ,2011-05-23 00:00:00,1200.0,1600.0,1400.0,360
Gujarat,Vadodara(Baroda),Vadodara(Sayajipura),Mint(Pudina),Other,FAQ,2011-05-26 00:00:00,1000.0,1200.0,1100.0,360
Gujarat,Vadodara(Baroda),Vadodara(Sayajipura),Mint(Pudina),Other,FAQ,2011-05-30 00:00:00,1200.0,1400.0,1300.0,360
Gujarat,Vadodara(Baroda),Vadodara(Sayajipura),Mint(Pudina),Other,FAQ,2011-06-03 00:00:00,1150.0,1500.0,1325.0,360
Gujarat,Vadodara(Baroda),Vadodara(Sayajipura),Mint(Pudina),Other,FAQ,2011-06-10 00:00:00,800.0,1100.0,950.0,360
Gujarat,Vadodara(Baroda),Vadodara(Sayajipura),Mint(Pudina),Other,FAQ,2011-06-13 00:00:00,900.0,1100.0,1000.0,360
Gujarat,Vadodara(Baroda),Vadodara(Sayajipura),Mint(Pudina),Other,FAQ,2011-06-19 00:00:00,800.0,1150.0,975.0,360
Gujarat,Vadodara(Baroda),Vadodara(Sayajipura),Mint(Pudina),Other,FAQ,2011-06-25 00:00:00,900.0,1200.0,1000.0,360
Gujarat,Vadodara(Baroda),Vadodara(Sayajipura),Mint(Pudina),Other,FAQ,2011-06-30 00:00:00,900.0,1200.0,1050.0,360
Gujarat,Vadodara(Baroda),Vadodara(Sayajipura),Mint(Pudina),Other,FAQ,2011-07-19 00:00:00,900.0,1100.0,1000.0,360
Gujarat,Vadodara(Baroda),Vadodara(Sayajipura),Mint(Pudina),Other,FAQ,2011-07-22 00:00:00,900.0,1100.0,1000.0,360
Gujarat,Vadodara(Baroda),Vadodara(Sayajipura),Mint(Pudina),Other,FAQ,2011-07-25 00:00:00,800.0,1150.0,975.0,360
Gujarat,Vadodara(Baroda),Vadodara(Sayajipura),Mint(Pudina),Other,FAQ,2011-07-27 00:00:00,1000.0,1200.0,1100.0,360
Gujarat,Vadodara(Baroda),Vadodara(Sayajipura),Mint(Pudina),Other,FAQ,2011-08-01 00:00:00,800.0,1000.0,900.0,360
Gujarat,Vadodara(Baroda),Vadodara(Sayajipura),Mint(Pudina),Other,FAQ,2011-08-06 00:00:00,700.0,1000.0,850.0,360
Gujarat,Vadodara(Baroda),Vadodara(Sayajipura),Mint(Pudina),Other,FAQ,2011-08-22 00:00:00,1500.0,1800.0,1750.0,360
Gujarat,Vadodara(Baroda),Vadodara(Sayajipura),Mint(Pudina),Other,FAQ,2011-08-26 00:00:00,1500.0,2000.0,1750.0,360
Gujarat,Vadodara(Baroda),Vadodara(Sayajipura),Mint(Pudina),Other,FAQ,2011-09-13 00:00:00,1500.0,2000.0,1800.0,360
Gujarat,Vadodara(Baroda),Vadodara(Sayajipura),Mint(Pudina),Other,FAQ,2011-09-14 00:00:00,1500.0,2000.0,1750.0,360
Gujarat,Vadodara(Baroda),Vadodara(Sayajipura),Mint(Pudina),Other,FAQ,2011-09-17 00:00:00,1000.0,1750.0,1400.0,360
Gujarat,Vadodara(Baroda),Vadodara(Sayajipura),Mint(Pudina),Other,FAQ,2011-09-19 00:00:00,1000.0,1750.0,1400.0,360
Gujarat,Vadodara(Baroda),Vadodara(Sayajipura),Mint(Pudina),Other,FAQ,2011-10-11 00:00:00,750.0,1000.0,900.0,360
Gujarat,Vadodara(Baroda),Vadodara(Sayajipura),Mint(Pudina),Other,FAQ,2011-10-16 00:00:00,750.0,1000.0,900.0,360
Gujarat,Vadodara(Baroda),Vadodara(Sayajipura),Mint(Pudina),Other,FAQ,2011-10-20 00:00:00,800.0,1000.0,900.0,360
Gujarat,Vadodara(Baroda),Vadodara(Sayajipura),Mint(Pudina),Other,FAQ,2011-10-21 00:00:00,800.0,1000.0,900.0,360
Gujarat,Vadodara(Baroda),Vadodara(Sayajipura),Mint(Pudina),Other,FAQ,2011-10-30 00:00:00,1500.0,2000.0,1800.0,360
Gujarat,Vadodara(Baroda),Vadodara(Sayajipura),Mint(Pudina),Other,FAQ,2011-10-31 00:00:00,1500.0,2000.0,1800.0,360
Gujarat,Vadodara(Baroda),Vadodara(Sayajipura),Mint(Pudina),Other,FAQ,2011-11-03 00:00:00,1500.0,2000.0,1750.0,360
Gujarat,Vadodara(Baroda),Vadodara(Sayajipura),Mint(Pudina),Other,FAQ,2011-11-08 00:00:00,1500.0,2000.0,1750.0,360
Gujarat,Vadodara(Baroda),Vadodara(Sayajipura),Mint(Pudina),Other,FAQ,2011-11-10 00:00:00,1000.0,1500.0,1300.0,360
Gujarat,Vadodara(Baroda),Vadodara(Sayajipura),Mint(Pudina),Other,FAQ,2011-11-11 00:00:00,1000.0,1500.0,1300.0,360
Gujarat,Vadodara(Baroda),Vadodara(Sayajipura),Mint(Pudina),Other,FAQ,2011-11-12 00:00:00,1000.0,1500.0,1300.0,360
Gujarat,Vadodara(Baroda),Vadodara(Sayajipura),Mint(Pudina),Other,FAQ,2011-11-15 00:00:00,1000.0,1500.0,1300.0,360
Gujarat,Vadodara(Baroda),Vadodara(Sayajipura),Mint(Pudina),Other,FAQ,2011-11-19 00:00:00,900.0,1000.0,950.0,360
Gujarat,Vadodara(Baroda),Vadodara(Sayajipura),Mint(Pudina),Other,FAQ,2011-11-20 00:00:00,900.0,1100.0,1000.0,360
Gujarat,Vadodara(Baroda),Vadodara(Sayajipura),Mint(Pudina),Other,FAQ,2011-11-22 00:00:00,900.0,1200.0,1050.0,360
Gujarat,Vadodara(Baroda),Vadodara(Sayajipura),Mint(Pudina),Other,FAQ,2011-12-02 00:00:00,900.0,1000.0,950.0,360
Gujarat,Vadodara(Baroda),Vadodara(Sayajipura),Mint(Pudina),Other,FAQ,2011-12-07 00:00:00,1000.0,1500.0,1275.0,360
Gujarat,Vadodara(Baroda),Vadodara(Sayajipura),Mint(Pudina),Other,FAQ,2011-12-11 00:00:00,1000.0,1200.0,1100.0,360
Gujarat,Vadodara(Baroda),Vadodara(Sayajipura),Mint(Pudina),Other,FAQ,2011-12-13 00:00:00,1000.0,1500.0,1300.0,360
Gujarat,Vadodara(Baroda),Vadodara(Sayajipura),Mint(Pudina),Other,FAQ,2011-12-15 00:00:00,1000.0,1500.0,1300.0,360
Gujarat,Vadodara(Baroda),Vadodara(Sayajipura),Mint(Pudina),Other,FAQ,2011-12-21 00:00:00,1000.0,1500.0,1275.0,360
Gujarat,Vadodara(Baroda),Vadodara(Sayajipura),Mint(Pudina),Other,FAQ,2011-12-25 00:00:00,900.0,1300.0,1100.0,360
Gujarat,Vadodara(Baroda),Vadodara(Sayajipura),Mint(Pudina),Other,FAQ,2011-12-31 00:00:00,900.0,1200.0,1050.0,360
Gujarat,Ahmedabad,Ahmedabad(Rajnagar sub yard),Mint(Pudina),Other,FAQ,2024-06-06 00:00:00,1500.0,3000.0,2500.0,360
Gujarat,Ahmedabad,Ahmedabad(Rajnagar sub yard),Mint(Pudina),Other,FAQ,2024-06-07 00:00:00,2000.0,4000.0,2750.0,360
Gujarat,Dahod,Dahod(Veg. Market),Mint(Pudina),Mint(Pudina),FAQ,2024-06-02 00:00:00,2500.0,3000.0,2700.0,360
Gujarat,Dahod,Dahod(Veg. Market),Mint(Pudina),Mint(Pudina),FAQ,2024-06-05 00:00:00,2000.0,3000.0,2500.0,360
Gujarat,Dahod,Dahod(Veg. Market),Mint(Pudina),Mint(Pudina),FAQ,2024-06-12 00:00:00,1500.0,3000.0,2500.0,360
Gujarat,Dahod,Dahod(Veg. Market),Mint(Pudina),Mint(Pudina),FAQ,2024-06-25 00:00:00,2000.0,3000.0,2500.0,360
Gujarat,Dahod,Dahod(Veg. Market),Mint(Pudina),Mint(Pudina),FAQ,2024-06-27 00:00:00,2000.0,2500.0,2200.0,360
Gujarat,Vadodara(Baroda),Vadodara(Sayajipura),Mint(Pudina),Other,FAQ,2024-06-09 00:00:00,3800.0,4000.0,3900.0,360
Gujarat,Vadodara(Baroda),Vadodara(Sayajipura),Mint(Pudina),Other,FAQ,2024-06-10 00:00:00,3800.0,4000.0,3900.0,360
Gujarat,Vadodara(Baroda),Vadodara(Sayajipura),Mint(Pudina),Other,FAQ,2024-06-17 00:00:00,4000.0,4500.0,4300.0,360
Gujarat,Vadodara(Baroda),Vadodara(Sayajipura),Mint(Pudina),Other,FAQ,2024-06-18 00:00:00,3800.0,4000.0,3950.0,360
Gujarat,Ahmedabad,Ahmedabad(Rajnagar sub yard),Mint(Pudina),Other,FAQ,2019-01-11 00:00:00,1250.0,2000.0,1700.0,360
Gujarat,Ahmedabad,Ahmedabad(Rajnagar sub yard),Mint(Pudina),Other,FAQ,2019-01-25 00:00:00,1500.0,2000.0,1800.0,360
Gujarat,Ahmedabad,Ahmedabad(Rajnagar sub yard),Mint(Pudina),Other,FAQ,2019-01-29 00:00:00,1000.0,1500.0,1300.0,360
Gujarat,Ahmedabad,Ahmedabad(Rajnagar sub yard),Mint(Pudina),Other,FAQ,2019-02-02 00:00:00,1000.0,2000.0,1600.0,360
Gujarat,Ahmedabad,Ahmedabad(Rajnagar sub yard),Mint(Pudina),Other,FAQ,2019-02-05 00:00:00,1500.0,2000.0,1800.0,360
Gujarat,Ahmedabad,Ahmedabad(Rajnagar sub yard),Mint(Pudina),Other,FAQ,2019-02-06 00:00:00,1000.0,1500.0,1300.0,360
Gujarat,Ahmedabad,Ahmedabad(Rajnagar sub yard),Mint(Pudina),Other,FAQ,2019-02-08 00:00:00,1000.0,1250.0,1150.0,360
Gujarat,Ahmedabad,Ahmedabad(Rajnagar sub yard),Mint(Pudina),Other,FAQ,2019-02-15 00:00:00,1000.0,1200.0,1150.0,360
Gujarat,Ahmedabad,Ahmedabad(Rajnagar sub yard),Mint(Pudina),Other,FAQ,2019-02-20 00:00:00,1000.0,1300.0,1200.0,360
Gujarat,Ahmedabad,Ahmedabad(Rajnagar sub yard),Mint(Pudina),Other,FAQ,2019-02-28 00:00:00,700.0,1000.0,900.0,360
Gujarat,Ahmedabad,Ahmedabad(Rajnagar sub yard),Mint(Pudina),Other,FAQ,2019-03-01 00:00:00,1000.0,1200.0,1150.0,360
Gujarat,Ahmedabad,Ahmedabad(Rajnagar sub yard),Mint(Pudina),Other,FAQ,2019-03-12 00:00:00,500.0,1000.0,850.0,360
Gujarat,Ahmedabad,Ahmedabad(Rajnagar sub yard),Mint(Pudina),Other,FAQ,2019-03-19 00:00:00,1000.0,1500.0,1350.0,360
Gujarat,Ahmedabad,Ahmedabad(Rajnagar sub yard),Mint(Pudina),Other,FAQ,2019-03-22 00:00:00,800.0,1200.0,1100.0,360
Gujarat,Ahmedabad,Ahmedabad(Rajnagar sub yard),Mint(Pudina),Other,FAQ,2019-03-26 00:00:00,800.0,1200.0,1050.0,360
Gujarat,Ahmedabad,Ahmedabad(Rajnagar sub yard),Mint(Pudina),Other,FAQ,2019-03-29 00:00:00,800.0,2000.0,1500.0,360
Gujarat,Ahmedabad,Ahmedabad(Rajnagar sub yard),Mint(Pudina),Other,FAQ,2019-04-04 00:00:00,800.0,1200.0,1100.0,360
Gujarat,Ahmedabad,Ahmedabad(Rajnagar sub yard),Mint(Pudina),Other,FAQ,2019-04-05 00:00:00,700.0,1200.0,1000.0,360
Gujarat,Ahmedabad,Ahmedabad(Rajnagar sub yard),Mint(Pudina),Other,FAQ,2019-04-15 00:00:00,700.0,1200.0,1000.0,360
Gujarat,Ahmedabad,Ahmedabad(Rajnagar sub yard),Mint(Pudina),Other,FAQ,2019-04-18 00:00:00,500.0,1200.0,950.0,360
Gujarat,Ahmedabad,Ahmedabad(Rajnagar sub yard),Mint(Pudina),Other,FAQ,2019-04-30 00:00:00,1000.0,1500.0,1300.0,360
Gujarat,Ahmedabad,Ahmedabad(Rajnagar sub yard),Mint(Pudina),Other,FAQ,2019-05-01 00:00:00,1000.0,1300.0,1200.0,360
Gujarat,Ahmedabad,Ahmedabad(Rajnagar sub yard),Mint(Pudina),Other,FAQ,2019-05-06 00:00:00,1200.0,1600.0,1450.0,360
Gujarat,Ahmedabad,Ahmedabad(Rajnagar sub yard),Mint(Pudina),Other,FAQ,2019-05-16 00:00:00,1000.0,1750.0,1400.0,360
Gujarat,Ahmedabad,Ahmedabad(Rajnagar sub yard),Mint(Pudina),Other,FAQ,2019-05-24 00:00:00,500.0,1500.0,1100.0,360
Gujarat,Ahmedabad,Ahmedabad(Rajnagar sub yard),Mint(Pudina),Other,FAQ,2019-05-30 00:00:00,1000.0,1500.0,1350.0,360
Gujarat,Ahmedabad,Ahmedabad(Rajnagar sub yard),Mint(Pudina),Other,FAQ,2019-06-12 00:00:00,1000.0,2000.0,1600.0,360
Gujarat,Ahmedabad,Ahmedabad(Rajnagar sub yard),Mint(Pudina),Other,FAQ,2019-06-15 00:00:00,1500.0,2000.0,1800.0,360
Gujarat,Ahmedabad,Ahmedabad(Rajnagar sub yard),Mint(Pudina),Other,FAQ,2019-06-20 00:00:00,800.0,1600.0,1250.0,360
Gujarat,Ahmedabad,Ahmedabad(Rajnagar sub yard),Mint(Pudina),Other,FAQ,2019-06-22 00:00:00,1000.0,1600.0,1400.0,360
Gujarat,Ahmedabad,Ahmedabad(Rajnagar sub yard),Mint(Pudina),Other,FAQ,2019-06-24 00:00:00,1000.0,1600.0,1400.0,360
Gujarat,Ahmedabad,Ahmedabad(Rajnagar sub yard),Mint(Pudina),Other,FAQ,2019-06-26 00:00:00,1200.0,1600.0,1500.0,360
Gujarat,Ahmedabad,Ahmedabad(Rajnagar sub yard),Mint(Pudina),Other,FAQ,2019-07-26 00:00:00,1200.0,2000.0,1650.0,360
Gujarat,Ahmedabad,Ahmedabad(Rajnagar sub yard),Mint(Pudina),Other,FAQ,2019-08-05 00:00:00,1500.0,2000.0,1800.0,360
Gujarat,Ahmedabad,Ahmedabad(Rajnagar sub yard),Mint(Pudina),Other,FAQ,2019-08-06 00:00:00,1500.0,2500.0,2100.0,360
Gujarat,Ahmedabad,Ahmedabad(Rajnagar sub yard),Mint(Pudina),Other,FAQ,2019-08-10 00:00:00,1000.0,2000.0,1600.0,360
Gujarat,Ahmedabad,Ahmedabad(Rajnagar sub yard),Mint(Pudina),Other,FAQ,2019-08-14 00:00:00,1000.0,3500.0,2350.0,360
Gujarat,Ahmedabad,Ahmedabad(Rajnagar sub yard),Mint(Pudina),Other,FAQ,2019-08-22 00:00:00,2000.0,2500.0,2100.0,360
Gujarat,Ahmedabad,Ahmedabad(Rajnagar sub yard),Mint(Pudina),Other,FAQ,2019-08-26 00:00:00,2500.0,3500.0,3100.0,360
Gujarat,Ahmedabad,Ahmedabad(Rajnagar sub yard),Mint(Pudina),Other,FAQ,2019-09-04 00:00:00,2500.0,3500.0,3100.0,360
Gujarat,Ahmedabad,Ahmedabad(Rajnagar sub yard),Mint(Pudina),Other,FAQ,2019-09-06 00:00:00,2000.0,2500.0,2300.0,360
Gujarat,Ahmedabad,Ahmedabad(Rajnagar sub yard),Mint(Pudina),Other,FAQ,2019-09-21 00:00:00,1500.0,2500.0,2100.0,360
Gujarat,Ahmedabad,Ahmedabad(Rajnagar sub yard),Mint(Pudina),Other,FAQ,2019-10-11 00:00:00,1000.0,4000.0,2600.0,360
Gujarat,Ahmedabad,Ahmedabad(Rajnagar sub yard),Mint(Pudina),Other,FAQ,2019-10-14 00:00:00,1500.0,4000.0,3500.0,360
Gujarat,Ahmedabad,Ahmedabad(Rajnagar sub yard),Mint(Pudina),Other,FAQ,2019-10-18 00:00:00,3000.0,4000.0,3600.0,360
Gujarat,Ahmedabad,Ahmedabad(Rajnagar sub yard),Mint(Pudina),Other,FAQ,2019-11-11 00:00:00,2000.0,2500.0,2300.0,360
Gujarat,Ahmedabad,Ahmedabad(Rajnagar sub yard),Mint(Pudina),Other,FAQ,2019-11-13 00:00:00,1500.0,2500.0,2100.0,360
Gujarat,Ahmedabad,Ahmedabad(Rajnagar sub yard),Mint(Pudina),Other,FAQ,2019-11-14 00:00:00,1500.0,2500.0,2100.0,360
Gujarat,Ahmedabad,Ahmedabad(Rajnagar sub yard),Mint(Pudina),Other,FAQ,2019-11-19 00:00:00,1500.0,2500.0,2100.0,360
Gujarat,Ahmedabad,Ahmedabad(Rajnagar sub yard),Mint(Pudina),Other,FAQ,2019-11-21 00:00:00,1500.0,2000.0,1800.0,360
Gujarat,Ahmedabad,Ahmedabad(Rajnagar sub yard),Mint(Pudina),Other,FAQ,2019-11-22 00:00:00,1000.0,2000.0,1600.0,360
Gujarat,Ahmedabad,Ahmedabad(Rajnagar sub yard),Mint(Pudina),Other,FAQ,2019-11-27 00:00:00,1200.0,1500.0,1400.0,360
Gujarat,Ahmedabad,Ahmedabad(Rajnagar sub yard),Mint(Pudina),Other,FAQ,2019-11-30 00:00:00,1000.0,2000.0,1600.0,360
Gujarat,Ahmedabad,Ahmedabad(Rajnagar sub yard),Mint(Pudina),Other,FAQ,2019-12-04 00:00:00,1200.0,2500.0,1900.0,360
Gujarat,Ahmedabad,Ahmedabad(Rajnagar sub yard),Mint(Pudina),Other,FAQ,2019-12-10 00:00:00,1000.0,1300.0,1200.0,360
Gujarat,Ahmedabad,Ahmedabad(Rajnagar sub yard),Mint(Pudina),Other,FAQ,2019-12-14 00:00:00,1000.0,1500.0,1300.0,360
Gujarat,Anand,"Petlad(Veg Yard, Petlad)",Mint(Pudina),Other,FAQ,2019-04-25 00:00:00,2000.0,3000.0,2500.0,360
Gujarat,Anand,"Petlad(Veg Yard, Petlad)",Mint(Pudina),Other,FAQ,2019-05-30 00:00:00,2000.0,3000.0,2500.0,360
Gujarat,Anand,"Petlad(Veg Yard, Petlad)",Mint(Pudina),Other,FAQ,2019-05-31 00:00:00,2000.0,3000.0,2500.0,360
Gujarat,Anand,"Petlad(Veg Yard, Petlad)",Mint(Pudina),Other,FAQ,2019-06-03 00:00:00,2500.0,3000.0,2750.0,360
Gujarat,Anand,"Petlad(Veg Yard, Petlad)",Mint(Pudina),Other,FAQ,2019-07-10 00:00:00,2500.0,3500.0,3000.0,360
Gujarat,Anand,"Petlad(Veg Yard, Petlad)",Mint(Pudina),Other,FAQ,2019-07-11 00:00:00,2500.0,3500.0,3000.0,360
Gujarat,Bharuch,Bharuch,Mint(Pudina),Other,FAQ,2019-01-11 00:00:00,1300.0,1500.0,1400.0,360
Gujarat,Bharuch,Bharuch,Mint(Pudina),Other,FAQ,2019-02-22 00:00:00,1500.0,1800.0,1700.0,360
Gujarat,Bharuch,Bharuch,Mint(Pudina),Other,FAQ,2019-04-01 00:00:00,1300.0,1600.0,1400.0,360
Gujarat,Bharuch,Bharuch,Mint(Pudina),Other,FAQ,2019-09-07 00:00:00,1500.0,1850.0,1700.0,360
Gujarat,Bharuch,Bharuch,Mint(Pudina),Other,FAQ,2019-11-12 00:00:00,1300.0,1600.0,1400.0,360
Gujarat,Bharuch,Bharuch,Mint(Pudina),Other,FAQ,2019-12-03 00:00:00,1300.0,1500.0,1400.0,360
Gujarat,Bharuch,Bharuch,Mint(Pudina),Other,FAQ,2019-12-17 00:00:00,1300.0,1600.0,1400.0,360
Gujarat,Bharuch,Bharuch,Mint(Pudina),Other,FAQ,2019-12-31 00:00:00,1000.0,1500.0,1200.0,360
Gujarat,Dahod,Dahod(Veg. Market),Mint(Pudina),Mint(Pudina),FAQ,2019-01-02 00:00:00,2000.0,3000.0,2500.0,360
Gujarat,Dahod,Dahod(Veg. Market),Mint(Pudina),Mint(Pudina),FAQ,2019-01-03 00:00:00,3000.0,4000.0,3500.0,360
Gujarat,Dahod,Dahod(Veg. Market),Mint(Pudina),Mint(Pudina),FAQ,2019-01-10 00:00:00,2000.0,3000.0,2500.0,360
Gujarat,Dahod,Dahod(Veg. Market),Mint(Pudina),Mint(Pudina),FAQ,2019-01-11 00:00:00,2000.0,3000.0,2500.0,360
Gujarat,Dahod,Dahod(Veg. Market),Mint(Pudina),Mint(Pudina),FAQ,2019-01-15 00:00:00,2000.0,3000.0,2500.0,360
Gujarat,Dahod,Dahod(Veg. Market),Mint(Pudina),Mint(Pudina),FAQ,2019-01-17 00:00:00,3000.0,4000.0,3500.0,360
Gujarat,Dahod,Dahod(Veg. Market),Mint(Pudina),Mint(Pudina),FAQ,2019-01-22 00:00:00,2000.0,3500.0,3000.0,360
Gujarat,Dahod,Dahod(Veg. Market),Mint(Pudina),Mint(Pudina),FAQ,2019-01-24 00:00:00,2000.0,4000.0,3000.0,360
Gujarat,Dahod,Dahod(Veg. Market),Mint(Pudina),Mint(Pudina),FAQ,2019-01-25 00:00:00,1000.0,2500.0,2000.0,360
Gujarat,Dahod,Dahod(Veg. Market),Mint(Pudina),Mint(Pudina),FAQ,2019-01-29 00:00:00,2000.0,4000.0,3000.0,360
Gujarat,Dahod,Dahod(Veg. Market),Mint(Pudina),Mint(Pudina),FAQ,2019-02-05 00:00:00,2000.0,3000.0,2500.0,360
Gujarat,Dahod,Dahod(Veg. Market),Mint(Pudina),Mint(Pudina),FAQ,2019-02-14 00:00:00,2000.0,4000.0,3000.0,360
Gujarat,Dahod,Dahod(Veg. Market),Mint(Pudina),Mint(Pudina),FAQ,2019-02-15 00:00:00,2000.0,3000.0,2500.0,360
Gujarat,Dahod,Dahod(Veg. Market),Mint(Pudina),Mint(Pudina),FAQ,2019-02-23 00:00:00,1500.0,3000.0,2000.0,360
Gujarat,Dahod,Dahod(Veg. Market),Mint(Pudina),Mint(Pudina),FAQ,2019-02-27 00:00:00,1000.0,3000.0,2000.0,360
Gujarat,Dahod,Dahod(Veg. Market),Mint(Pudina),Mint(Pudina),FAQ,2019-02-28 00:00:00,1500.0,2000.0,2000.0,360
Gujarat,Dahod,Dahod(Veg. Market),Mint(Pudina),Mint(Pudina),FAQ,2019-03-01 00:00:00,1500.0,2000.0,1800.0,360
Gujarat,Dahod,Dahod(Veg. Market),Mint(Pudina),Mint(Pudina),FAQ,2019-03-05 00:00:00,2000.0,3000.0,2500.0,360
Gujarat,Dahod,Dahod(Veg. Market),Mint(Pudina),Mint(Pudina),FAQ,2019-03-09 00:00:00,1500.0,2500.0,2200.0,360
Gujarat,Dahod,Dahod(Veg. Market),Mint(Pudina),Mint(Pudina),FAQ,2019-03-11 00:00:00,1500.0,2500.0,2000.0,360
Gujarat,Dahod,Dahod(Veg. Market),Mint(Pudina),Mint(Pudina),FAQ,2019-03-12 00:00:00,1500.0,2500.0,2000.0,360
Gujarat,Dahod,Dahod(Veg. Market),Mint(Pudina),Mint(Pudina),FAQ,2019-03-19 00:00:00,1500.0,2000.0,1700.0,360
Gujarat,Dahod,Dahod(Veg. Market),Mint(Pudina),Mint(Pudina),FAQ,2019-03-20 00:00:00,1500.0,2500.0,2000.0,360
Gujarat,Dahod,Dahod(Veg. Market),Mint(Pudina),Mint(Pudina),FAQ,2019-03-24 00:00:00,1500.0,2200.0,2000.0,360
Gujarat,Dahod,Dahod(Veg. Market),Mint(Pudina),Mint(Pudina),FAQ,2019-03-29 00:00:00,1500.0,2500.0,2000.0,360
Gujarat,Dahod,Dahod(Veg. Market),Mint(Pudina),Mint(Pudina),FAQ,2019-04-20 00:00:00,2000.0,4000.0,3000.0,360
Gujarat,Dahod,Dahod(Veg. Market),Mint(Pudina),Mint(Pudina),FAQ,2019-04-22 00:00:00,2000.0,4000.0,3500.0,360
Gujarat,Dahod,Dahod(Veg. Market),Mint(Pudina),Mint(Pudina),FAQ,2019-04-28 00:00:00,3000.0,4000.0,3500.0,360
Gujarat,Dahod,Dahod(Veg. Market),Mint(Pudina),Mint(Pudina),FAQ,2019-04-29 00:00:00,3000.0,4000.0,3500.0,360
Gujarat,Dahod,Dahod(Veg. Market),Mint(Pudina),Mint(Pudina),FAQ,2019-05-03 00:00:00,3000.0,4000.0,3500.0,360
Gujarat,Dahod,Dahod(Veg. Market),Mint(Pudina),Mint(Pudina),FAQ,2019-05-06 00:00:00,1500.0,3000.0,2500.0,360
Gujarat,Dahod,Dahod(Veg. Market),Mint(Pudina),Mint(Pudina),FAQ,2019-05-10 00:00:00,2000.0,3000.0,2500.0,360
Gujarat,Dahod,Dahod(Veg. Market),Mint(Pudina),Mint(Pudina),FAQ,2019-05-15 00:00:00,2000.0,4000.0,2500.0,360
Gujarat,Dahod,Dahod(Veg. Market),Mint(Pudina),Mint(Pudina),FAQ,2019-05-16 00:00:00,2000.0,3000.0,2500.0,360
Gujarat,Dahod,Dahod(Veg. Market),Mint(Pudina),Mint(Pudina),FAQ,2019-05-17 00:00:00,2000.0,3000.0,2500.0,360
Gujarat,Dahod,Dahod(Veg. Market),Mint(Pudina),Mint(Pudina),FAQ,2019-05-21 00:00:00,2000.0,3000.0,2500.0,360
Gujarat,Dahod,Dahod(Veg. Market),Mint(Pudina),Mint(Pudina),FAQ,2019-05-25 00:00:00,2000.0,3000.0,2500.0,360
Gujarat,Dahod,Dahod(Veg. Market),Mint(Pudina),Mint(Pudina),FAQ,2019-06-03 00:00:00,2000.0,4000.0,3500.0,360
Gujarat,Dahod,Dahod(Veg. Market),Mint(Pudina),Mint(Pudina),FAQ,2019-06-08 00:00:00,2000.0,4000.0,3000.0,360
Gujarat,Dahod,Dahod(Veg. Market),Mint(Pudina),Mint(Pudina),FAQ,2019-06-14 00:00:00,2500.0,4000.0,3500.0,360
Gujarat,Dahod,Dahod(Veg. Market),Mint(Pudina),Mint(Pudina),FAQ,2019-06-16 00:00:00,2500.0,4000.0,3500.0,360
Gujarat,Dahod,Dahod(Veg. Market),Mint(Pudina),Mint(Pudina),FAQ,2019-06-28 00:00:00,2000.0,4000.0,3000.0,360
Gujarat,Dahod,Dahod(Veg. Market),Mint(Pudina),Mint(Pudina),FAQ,2019-06-29 00:00:00,2000.0,4000.0,3000.0,360
Gujarat,Dahod,Dahod(Veg. Market),Mint(Pudina),Mint(Pudina),FAQ,2019-07-01 00:00:00,1500.0,2500.0,2200.0,360
Gujarat,Dahod,Dahod(Veg. Market),Mint(Pudina),Mint(Pudina),FAQ,2019-07-03 00:00:00,1500.0,3000.0,3000.0,360
Gujarat,Dahod,Dahod(Veg. Market),Mint(Pudina),Mint(Pudina),FAQ,2019-07-05 00:00:00,1500.0,3000.0,2500.0,360
Gujarat,Dahod,Dahod(Veg. Market),Mint(Pudina),Mint(Pudina),FAQ,2019-07-08 00:00:00,2500.0,4000.0,3000.0,360
Gujarat,Dahod,Dahod(Veg. Market),Mint(Pudina),Mint(Pudina),FAQ,2019-07-19 00:00:00,5000.0,6000.0,5500.0,360
Gujarat,Dahod,Dahod(Veg. Market),Mint(Pudina),Mint(Pudina),FAQ,2019-07-20 00:00:00,4000.0,5000.0,4500.0,360
Gujarat,Dahod,Dahod(Veg. Market),Mint(Pudina),Mint(Pudina),FAQ,2019-07-29 00:00:00,6000.0,6000.0,6000.0,360
Gujarat,Dahod,Dahod(Veg. Market),Mint(Pudina),Mint(Pudina),FAQ,2019-07-30 00:00:00,5500.0,8000.0,8000.0,360
Gujarat,Dahod,Dahod(Veg. Market),Mint(Pudina),Mint(Pudina),FAQ,2019-08-03 00:00:00,4000.0,6000.0,5000.0,360
Gujarat,Dahod,Dahod(Veg. Market),Mint(Pudina),Mint(Pudina),FAQ,2019-08-04 00:00:00,5000.0,7000.0,6000.0,360
Gujarat,Dahod,Dahod(Veg. Market),Mint(Pudina),Mint(Pudina),FAQ,2019-08-08 00:00:00,5000.0,8000.0,7000.0,360
Gujarat,Dahod,Dahod(Veg. Market),Mint(Pudina),Mint(Pudina),FAQ,2019-08-11 00:00:00,7500.0,10000.0,10000.0,360
Gujarat,Dahod,Dahod(Veg. Market),Mint(Pudina),Mint(Pudina),FAQ,2019-08-16 00:00:00,7000.0,10000.0,9000.0,360
Gujarat,Dahod,Dahod(Veg. Market),Mint(Pudina),Mint(Pudina),FAQ,2019-08-18 00:00:00,10000.0,15000.0,15000.0,360
Gujarat,Dahod,Dahod(Veg. Market),Mint(Pudina),Mint(Pudina),FAQ,2019-08-26 00:00:00,14000.0,20000.0,16500.0,360
Gujarat,Dahod,Dahod(Veg. Market),Mint(Pudina),Mint(Pudina),FAQ,2019-08-28 00:00:00,11000.0,20000.0,15000.0,360
Gujarat,Dahod,Dahod(Veg. Market),Mint(Pudina),Mint(Pudina),FAQ,2019-08-29 00:00:00,10000.0,20000.0,15000.0,360
Gujarat,Dahod,Dahod(Veg. Market),Mint(Pudina),Mint(Pudina),FAQ,2019-09-03 00:00:00,13000.0,20000.0,20000.0,360
Gujarat,Dahod,Dahod(Veg. Market),Mint(Pudina),Mint(Pudina),FAQ,2019-09-16 00:00:00,5000.0,6000.0,5500.0,360
Gujarat,Dahod,Dahod(Veg. Market),Mint(Pudina),Mint(Pudina),FAQ,2019-09-20 00:00:00,5000.0,8000.0,7000.0,360
Gujarat,Dahod,Dahod(Veg. Market),Mint(Pudina),Mint(Pudina),FAQ,2019-09-23 00:00:00,5000.0,6000.0,5500.0,360
Gujarat,Dahod,Dahod(Veg. Market),Mint(Pudina),Mint(Pudina),FAQ,2019-09-27 00:00:00,4000.0,6000.0,5000.0,360
Gujarat,Dahod,Dahod(Veg. Market),Mint(Pudina),Mint(Pudina),FAQ,2019-09-28 00:00:00,5000.0,6000.0,5500.0,360
Gujarat,Dahod,Dahod(Veg. Market),Mint(Pudina),Mint(Pudina),FAQ,2019-09-30 00:00:00,5000.0,6000.0,5500.0,360
Gujarat,Dahod,Dahod(Veg. Market),Mint(Pudina),Mint(Pudina),FAQ,2019-10-07 00:00:00,5000.0,8000.0,6000.0,360
Gujarat,Dahod,Dahod(Veg. Market),Mint(Pudina),Mint(Pudina),FAQ,2019-10-15 00:00:00,5000.0,8000.0,6000.0,360
Gujarat,Dahod,Dahod(Veg. Market),Mint(Pudina),Mint(Pudina),FAQ,2019-10-17 00:00:00,6000.0,8000.0,7000.0,360
Gujarat,Dahod,Dahod(Veg. Market),Mint(Pudina),Mint(Pudina),FAQ,2019-10-20 00:00:00,5000.0,6000.0,5500.0,360
Gujarat,Dahod,Dahod(Veg. Market),Mint(Pudina),Mint(Pudina),FAQ,2019-10-21 00:00:00,5000.0,8000.0,6000.0,360
Gujarat,Dahod,Dahod(Veg. Market),Mint(Pudina),Mint(Pudina),FAQ,2019-10-25 00:00:00,5000.0,6000.0,5500.0,360
Gujarat,Dahod,Dahod(Veg. Market),Mint(Pudina),Mint(Pudina),FAQ,2019-11-20 00:00:00,6000.0,8000.0,7000.0,360
Gujarat,Dahod,Dahod(Veg. Market),Mint(Pudina),Mint(Pudina),FAQ,2019-11-25 00:00:00,5000.0,8000.0,6000.0,360
Gujarat,Dahod,Dahod(Veg. Market),Mint(Pudina),Mint(Pudina),FAQ,2019-11-27 00:00:00,5000.0,6500.0,6000.0,360
Gujarat,Dahod,Dahod(Veg. Market),Mint(Pudina),Mint(Pudina),FAQ,2019-11-30 00:00:00,4000.0,6000.0,5000.0,360
Gujarat,Dahod,Dahod(Veg. Market),Mint(Pudina),Mint(Pudina),FAQ,2019-12-03 00:00:00,4000.0,6000.0,5000.0,360
Gujarat,Dahod,Dahod(Veg. Market),Mint(Pudina),Mint(Pudina),FAQ,2019-12-04 00:00:00,4000.0,5000.0,4500.0,360
Gujarat,Dahod,Dahod(Veg. Market),Mint(Pudina),Mint(Pudina),FAQ,2019-12-07 00:00:00,2500.0,5000.0,3500.0,360
Gujarat,Dahod,Dahod(Veg. Market),Mint(Pudina),Mint(Pudina),FAQ,2019-12-08 00:00:00,4000.0,5000.0,4500.0,360
Gujarat,Vadodara(Baroda),Padra,Mint(Pudina),Other,FAQ,2019-02-08 00:00:00,1900.0,2000.0,1950.0,360
Gujarat,Vadodara(Baroda),Padra,Mint(Pudina),Other,FAQ,2019-02-12 00:00:00,1300.0,2000.0,1700.0,360
Gujarat,Vadodara(Baroda),Padra,Mint(Pudina),Other,FAQ,2019-02-23 00:00:00,1500.0,2000.0,1800.0,360
Gujarat,Vadodara(Baroda),Padra,Mint(Pudina),Other,FAQ,2019-02-26 00:00:00,2000.0,2250.0,2100.0,360
Gujarat,Vadodara(Baroda),Padra,Mint(Pudina),Other,FAQ,2019-03-04 00:00:00,1000.0,1500.0,1300.0,360
Gujarat,Vadodara(Baroda),Padra,Mint(Pudina),Other,FAQ,2019-03-07 00:00:00,1500.0,2000.0,1700.0,360
Gujarat,Vadodara(Baroda),Padra,Mint(Pudina),Other,FAQ,2019-03-12 00:00:00,1750.0,2000.0,1850.0,360
Gujarat,Vadodara(Baroda),Padra,Mint(Pudina),Other,FAQ,2019-03-29 00:00:00,1500.0,2000.0,1700.0,360
Gujarat,Vadodara(Baroda),Vadodara(Sayajipura),Mint(Pudina),Other,FAQ,2019-01-06 00:00:00,1500.0,2000.0,1800.0,360
Gujarat,Vadodara(Baroda),Vadodara(Sayajipura),Mint(Pudina),Other,FAQ,2019-01-07 00:00:00,2000.0,2500.0,2300.0,360
Gujarat,Vadodara(Baroda),Vadodara(Sayajipura),Mint(Pudina),Other,FAQ,2019-01-10 00:00:00,1500.0,2000.0,1750.0,360
Gujarat,Vadodara(Baroda),Vadodara(Sayajipura),Mint(Pudina),Other,FAQ,2019-01-18 00:00:00,1500.0,2000.0,1800.0,360
Gujarat,Vadodara(Baroda),Vadodara(Sayajipura),Mint(Pudina),Other,FAQ,2019-01-20 00:00:00,1500.0,2000.0,1800.0,360
Gujarat,Vadodara(Baroda),Vadodara(Sayajipura),Mint(Pudina),Other,FAQ,2019-01-28 00:00:00,1500.0,2000.0,1750.0,360
Gujarat,Vadodara(Baroda),Vadodara(Sayajipura),Mint(Pudina),Other,FAQ,2019-02-05 00:00:00,1500.0,2000.0,1750.0,360
Gujarat,Vadodara(Baroda),Vadodara(Sayajipura),Mint(Pudina),Other,FAQ,2019-02-06 00:00:00,1500.0,2000.0,1750.0,360
Gujarat,Vadodara(Baroda),Vadodara(Sayajipura),Mint(Pudina),Other,FAQ,2019-02-13 00:00:00,1500.0,2000.0,1750.0,360
Gujarat,Vadodara(Baroda),Vadodara(Sayajipura),Mint(Pudina),Other,FAQ,2019-02-22 00:00:00,1500.0,2000.0,1750.0,360
Gujarat,Vadodara(Baroda),Vadodara(Sayajipura),Mint(Pudina),Other,FAQ,2019-02-23 00:00:00,1500.0,2000.0,1750.0,360
Gujarat,Vadodara(Baroda),Vadodara(Sayajipura),Mint(Pudina),Other,FAQ,2019-02-25 00:00:00,1500.0,2000.0,1750.0,360
Gujarat,Vadodara(Baroda),Vadodara(Sayajipura),Mint(Pudina),Other,FAQ,2019-02-27 00:00:00,1500.0,2000.0,1750.0,360
Gujarat,Vadodara(Baroda),Vadodara(Sayajipura),Mint(Pudina),Other,FAQ,2019-03-02 00:00:00,1500.0,2000.0,1750.0,360
Gujarat,Vadodara(Baroda),Vadodara(Sayajipura),Mint(Pudina),Other,FAQ,2019-04-10 00:00:00,1800.0,2200.0,2050.0,360
Gujarat,Vadodara(Baroda),Vadodara(Sayajipura),Mint(Pudina),Other,FAQ,2019-04-19 00:00:00,1800.0,2000.0,1950.0,360
Gujarat,Vadodara(Baroda),Vadodara(Sayajipura),Mint(Pudina),Other,FAQ,2019-04-20 00:00:00,1500.0,2000.0,1950.0,360
Gujarat,Vadodara(Baroda),Vadodara(Sayajipura),Mint(Pudina),Other,FAQ,2019-04-21 00:00:00,1500.0,2000.0,1950.0,360
Gujarat,Vadodara(Baroda),Vadodara(Sayajipura),Mint(Pudina),Other,FAQ,2019-04-28 00:00:00,1500.0,2000.0,1800.0,360
Gujarat,Vadodara(Baroda),Vadodara(Sayajipura),Mint(Pudina),Other,FAQ,2019-04-30 00:00:00,2000.0,2500.0,2300.0,360
Gujarat,Vadodara(Baroda),Vadodara(Sayajipura),Mint(Pudina),Other,FAQ,2019-05-06 00:00:00,1500.0,2000.0,1800.0,360
Gujarat,Vadodara(Baroda),Vadodara(Sayajipura),Mint(Pudina),Other,FAQ,2019-05-21 00:00:00,2500.0,3000.0,2800.0,360
Gujarat,Vadodara(Baroda),Vadodara(Sayajipura),Mint(Pudina),Other,FAQ,2019-06-11 00:00:00,1500.0,2500.0,2050.0,360
Gujarat,Vadodara(Baroda),Vadodara(Sayajipura),Mint(Pudina),Other,FAQ,2019-06-14 00:00:00,1500.0,2500.0,2050.0,360
Gujarat,Vadodara(Baroda),Vadodara(Sayajipura),Mint(Pudina),Other,FAQ,2019-06-15 00:00:00,1500.0,2000.0,1800.0,360
Gujarat,Vadodara(Baroda),Vadodara(Sayajipura),Mint(Pudina),Other,FAQ,2019-06-16 00:00:00,1500.0,2500.0,2050.0,360
Gujarat,Vadodara(Baroda),Vadodara(Sayajipura),Mint(Pudina),Other,FAQ,2019-06-18 00:00:00,2000.0,2500.0,2300.0,360
Gujarat,Vadodara(Baroda),Vadodara(Sayajipura),Mint(Pudina),Other,FAQ,2019-06-19 00:00:00,2500.0,3000.0,2800.0,360
Gujarat,Vadodara(Baroda),Vadodara(Sayajipura),Mint(Pudina),Other,FAQ,2019-06-27 00:00:00,2500.0,3000.0,2800.0,360
Gujarat,Vadodara(Baroda),Vadodara(Sayajipura),Mint(Pudina),Other,FAQ,2019-06-28 00:00:00,2500.0,3000.0,2800.0,360
Gujarat,Vadodara(Baroda),Vadodara(Sayajipura),Mint(Pudina),Other,FAQ,2019-07-04 00:00:00,3000.0,3500.0,3300.0,360
Gujarat,Vadodara(Baroda),Vadodara(Sayajipura),Mint(Pudina),Other,FAQ,2019-07-08 00:00:00,3000.0,3500.0,3300.0,360
Gujarat,Vadodara(Baroda),Vadodara(Sayajipura),Mint(Pudina),Other,FAQ,2019-07-09 00:00:00,3000.0,4000.0,3550.0,360
Gujarat,Vadodara(Baroda),Vadodara(Sayajipura),Mint(Pudina),Other,FAQ,2019-08-04 00:00:00,4000.0,5000.0,4555.0,360
Gujarat,Vadodara(Baroda),Vadodara(Sayajipura),Mint(Pudina),Other,FAQ,2019-08-17 00:00:00,5000.0,6000.0,5550.0,360
Gujarat,Vadodara(Baroda),Vadodara(Sayajipura),Mint(Pudina),Other,FAQ,2019-08-28 00:00:00,3000.0,4000.0,3550.0,360
Gujarat,Vadodara(Baroda),Vadodara(Sayajipura),Mint(Pudina),Other,FAQ,2019-09-03 00:00:00,4000.0,5000.0,4550.0,360
Gujarat,Vadodara(Baroda),Vadodara(Sayajipura),Mint(Pudina),Other,FAQ,2019-09-19 00:00:00,3000.0,4000.0,3550.0,360
Gujarat,Vadodara(Baroda),Vadodara(Sayajipura),Mint(Pudina),Other,FAQ,2019-09-24 00:00:00,4000.0,4500.0,4300.0,360
Gujarat,Vadodara(Baroda),Vadodara(Sayajipura),Mint(Pudina),Other,FAQ,2019-10-05 00:00:00,2500.0,3000.0,2800.0,360
Gujarat,Vadodara(Baroda),Vadodara(Sayajipura),Mint(Pudina),Other,FAQ,2019-10-06 00:00:00,2500.0,3000.0,2800.0,360
Gujarat,Vadodara(Baroda),Vadodara(Sayajipura),Mint(Pudina),Other,FAQ,2019-10-08 00:00:00,4500.0,5000.0,4800.0,360
Gujarat,Vadodara(Baroda),Vadodara(Sayajipura),Mint(Pudina),Other,FAQ,2019-10-10 00:00:00,4500.0,5000.0,4800.0,360
Gujarat,Vadodara(Baroda),Vadodara(Sayajipura),Mint(Pudina),Other,FAQ,2019-10-11 00:00:00,4500.0,5000.0,4800.0,360
Gujarat,Vadodara(Baroda),Vadodara(Sayajipura),Mint(Pudina),Other,FAQ,2019-10-17 00:00:00,4500.0,5000.0,4800.0,360
Gujarat,Vadodara(Baroda),Vadodara(Sayajipura),Mint(Pudina),Other,FAQ,2019-11-02 00:00:00,3000.0,3500.0,3300.0,360
Gujarat,Dahod,Dahod(Veg. Market),Mint(Pudina),Mint(Pudina),FAQ,2025-02-01 00:00:00,1500.0,2500.0,2000.0,360
Gujarat,Dahod,Dahod(Veg. Market),Mint(Pudina),Mint(Pudina),FAQ,2025-02-05 00:00:00,1500.0,2500.0,2000.0,360
Gujarat,Dahod,Dahod(Veg. Market),Mint(Pudina),Mint(Pudina),FAQ,2025-02-11 00:00:00,1500.0,2500.0,2000.0,360
Gujarat,Dahod,Dahod(Veg. Market),Mint(Pudina),Mint(Pudina),FAQ,2025-02-13 00:00:00,1500.0,3000.0,2500.0,360
Gujarat,Dahod,Dahod(Veg. Market),Mint(Pudina),Mint(Pudina),FAQ,2025-02-15 00:00:00,2500.0,3000.0,2800.0,360
Gujarat,Dahod,Dahod(Veg. Market),Mint(Pudina),Mint(Pudina),FAQ,2025-02-16 00:00:00,2000.0,3000.0,2500.0,360
Gujarat,Dahod,Dahod(Veg. Market),Mint(Pudina),Mint(Pudina),FAQ,2025-02-18 00:00:00,1500.0,3000.0,2500.0,360
Gujarat,Dahod,Dahod(Veg. Market),Mint(Pudina),Mint(Pudina),FAQ,2025-02-22 00:00:00,1500.0,2500.0,2000.0,360
Gujarat,Dahod,Dahod(Veg. Market),Mint(Pudina),Mint(Pudina),FAQ,2025-02-26 00:00:00,2000.0,3000.0,2500.0,360
Gujarat,Vadodara(Baroda),Padra,Mint(Pudina),Other,FAQ,2007-01-02 00:00:00,1000.0,1500.0,1250.0,360
Gujarat,Vadodara(Baroda),Padra,Mint(Pudina),Other,FAQ,2007-01-10 00:00:00,1000.0,1500.0,1250.0,360
Gujarat,Vadodara(Baroda),Padra,Mint(Pudina),Other,FAQ,2007-01-24 00:00:00,1000.0,1500.0,1250.0,360
Gujarat,Vadodara(Baroda),Padra,Mint(Pudina),Other,FAQ,2007-02-06 00:00:00,1000.0,1500.0,1250.0,360
Gujarat,Vadodara(Baroda),Padra,Mint(Pudina),Other,FAQ,2007-02-13 00:00:00,1250.0,1500.0,1350.0,360
Gujarat,Vadodara(Baroda),Padra,Mint(Pudina),Other,FAQ,2007-02-23 00:00:00,1000.0,1500.0,1250.0,360
Gujarat,Vadodara(Baroda),Padra,Mint(Pudina),Other,FAQ,2007-03-01 00:00:00,1250.0,1500.0,1350.0,360
Gujarat,Vadodara(Baroda),Padra,Mint(Pudina),Other,FAQ,2007-03-09 00:00:00,1250.0,1500.0,1350.0,360
Gujarat,Vadodara(Baroda),Padra,Mint(Pudina),Other,FAQ,2007-03-14 00:00:00,1250.0,1500.0,1400.0,360
Gujarat,Vadodara(Baroda),Padra,Mint(Pudina),Other,FAQ,2007-03-19 00:00:00,550.0,650.0,600.0,360
Gujarat,Vadodara(Baroda),Padra,Mint(Pudina),Other,FAQ,2007-03-20 00:00:00,1000.0,1500.0,1250.0,360
Gujarat,Vadodara(Baroda),Padra,Mint(Pudina),Other,FAQ,2007-03-21 00:00:00,1250.0,1500.0,1400.0,360
Gujarat,Vadodara(Baroda),Padra,Mint(Pudina),Other,FAQ,2007-03-23 00:00:00,1250.0,1500.0,1350.0,360
Gujarat,Vadodara(Baroda),Padra,Mint(Pudina),Other,FAQ,2007-04-03 00:00:00,1000.0,1200.0,1100.0,360
Gujarat,Vadodara(Baroda),Padra,Mint(Pudina),Other,FAQ,2007-04-13 00:00:00,1000.0,1250.0,1200.0,360
Gujarat,Vadodara(Baroda),Padra,Mint(Pudina),Other,FAQ,2007-05-08 00:00:00,1250.0,1500.0,1400.0,360
Gujarat,Vadodara(Baroda),Padra,Mint(Pudina),Other,FAQ,2007-05-21 00:00:00,1500.0,1750.0,1700.0,360
Gujarat,Vadodara(Baroda),Padra,Mint(Pudina),Other,FAQ,2007-05-23 00:00:00,1250.0,1500.0,1400.0,360
Gujarat,Vadodara(Baroda),Padra,Mint(Pudina),Other,FAQ,2007-05-24 00:00:00,1500.0,2000.0,1800.0,360
Gujarat,Vadodara(Baroda),Padra,Mint(Pudina),Other,FAQ,2007-05-28 00:00:00,1500.0,1750.0,1600.0,360
Gujarat,Vadodara(Baroda),Padra,Mint(Pudina),Other,FAQ,2007-07-10 00:00:00,1500.0,2000.0,1750.0,360
Gujarat,Vadodara(Baroda),Padra,Mint(Pudina),Other,FAQ,2007-07-19 00:00:00,1500.0,2000.0,1800.0,360
Gujarat,Vadodara(Baroda),Padra,Mint(Pudina),Other,FAQ,2007-07-30 00:00:00,1500.0,2000.0,1800.0,360
Gujarat,Vadodara(Baroda),Padra,Mint(Pudina),Other,FAQ,2007-08-01 00:00:00,1500.0,2000.0,1750.0,360
Gujarat,Vadodara(Baroda),Padra,Mint(Pudina),Other,FAQ,2007-08-05 00:00:00,1500.0,2000.0,1800.0,360
Gujarat,Vadodara(Baroda),Padra,Mint(Pudina),Other,FAQ,2007-10-15 00:00:00,1500.0,2000.0,1800.0,360
Gujarat,Vadodara(Baroda),Vadodara,Mint(Pudina),Other,FAQ,2007-01-03 00:00:00,500.0,800.0,700.0,360
Gujarat,Vadodara(Baroda),Vadodara,Mint(Pudina),Other,FAQ,2007-01-08 00:00:00,500.0,700.0,500.0,360
Gujarat,Vadodara(Baroda),Vadodara,Mint(Pudina),Other,FAQ,2007-01-16 00:00:00,500.0,1000.0,750.0,360
Gujarat,Vadodara(Baroda),Vadodara,Mint(Pudina),Other,FAQ,2007-01-23 00:00:00,500.0,1100.0,750.0,360
Gujarat,Vadodara(Baroda),Vadodara,Mint(Pudina),Other,FAQ,2007-01-27 00:00:00,500.0,800.0,600.0,360
Gujarat,Vadodara(Baroda),Vadodara,Mint(Pudina),Other,FAQ,2007-02-22 00:00:00,500.0,900.0,650.0,360
Gujarat,Vadodara(Baroda),Vadodara,Mint(Pudina),Other,FAQ,2007-07-08 00:00:00,750.0,1250.0,975.0,360
Gujarat,Vadodara(Baroda),Vadodara,Mint(Pudina),Other,FAQ,2007-07-17 00:00:00,500.0,1000.0,700.0,360
Gujarat,Vadodara(Baroda),Vadodara,Mint(Pudina),Other,FAQ,2007-07-18 00:00:00,500.0,1000.0,700.0,360
Gujarat,Vadodara(Baroda),Vadodara,Mint(Pudina),Other,FAQ,2007-07-22 00:00:00,500.0,750.0,500.0,360
Gujarat,Vadodara(Baroda),Vadodara(Sayajipura),Mint(Pudina),Other,FAQ,2007-08-23 00:00:00,500.0,800.0,650.0,360
Gujarat,Vadodara(Baroda),Vadodara(Sayajipura),Mint(Pudina),Other,FAQ,2007-09-13 00:00:00,500.0,900.0,700.0,360
Gujarat,Vadodara(Baroda),Vadodara(Sayajipura),Mint(Pudina),Other,FAQ,2007-09-20 00:00:00,500.0,900.0,700.0,360
Gujarat,Vadodara(Baroda),Vadodara(Sayajipura),Mint(Pudina),Other,FAQ,2007-09-23 00:00:00,500.0,900.0,700.0,360
Gujarat,Vadodara(Baroda),Vadodara(Sayajipura),Mint(Pudina),Other,FAQ,2007-10-06 00:00:00,900.0,1100.0,950.0,360
Gujarat,Vadodara(Baroda),Vadodara(Sayajipura),Mint(Pudina),Other,FAQ,2007-10-09 00:00:00,1000.0,1500.0,1200.0,360
Gujarat,Vadodara(Baroda),Vadodara(Sayajipura),Mint(Pudina),Other,FAQ,2007-10-18 00:00:00,500.0,1000.0,750.0,360
Gujarat,Vadodara(Baroda),Vadodara(Sayajipura),Mint(Pudina),Other,FAQ,2007-10-22 00:00:00,500.0,1000.0,900.0,360
Gujarat,Vadodara(Baroda),Vadodara(Sayajipura),Mint(Pudina),Other,FAQ,2007-10-31 00:00:00,900.0,1200.0,1000.0,360
Gujarat,Vadodara(Baroda),Vadodara(Sayajipura),Mint(Pudina),Other,FAQ,2007-12-01 00:00:00,800.0,1000.0,900.0,360
Gujarat,Vadodara(Baroda),Vadodara(Sayajipura),Mint(Pudina),Other,FAQ,2007-12-06 00:00:00,700.0,800.0,750.0,360
Gujarat,Vadodara(Baroda),Vadodara(Sayajipura),Mint(Pudina),Other,FAQ,2007-12-26 00:00:00,500.0,700.0,600.0,360
Gujarat,Dahod,Dahod(Veg. Market),Mint(Pudina),Mint(Pudina),FAQ,2025-01-05 00:00:00,2000.0,3000.0,2500.0,360
Gujarat,Dahod,Dahod(Veg. Market),Mint(Pudina),Mint(Pudina),FAQ,2025-01-08 00:00:00,3000.0,3500.0,3300.0,360
Gujarat,Dahod,Dahod(Veg. Market),Mint(Pudina),Mint(Pudina),FAQ,2025-01-22 00:00:00,2000.0,3000.0,2500.0,360
Gujarat,Vadodara(Baroda),Vadodara(Sayajipura),Mint(Pudina),Other,FAQ,2025-01-22 00:00:00,2300.0,2500.0,2400.0,360
Gujarat,Vadodara(Baroda),Vadodara(Sayajipura),Mint(Pudina),Other,FAQ,2025-01-27 00:00:00,1800.0,2000.0,1900.0,360
Gujarat,Vadodara(Baroda),Vadodara(Sayajipura),Mint(Pudina),Other,FAQ,2025-01-29 00:00:00,1800.0,2000.0,1900.0,360
Gujarat,Vadodara(Baroda),Vadodara(Sayajipura),Mint(Pudina),Other,FAQ,2021-01-06 00:00:00,1800.0,2000.0,1900.0,360
Gujarat,Vadodara(Baroda),Vadodara(Sayajipura),Mint(Pudina),Other,FAQ,2021-01-27 00:00:00,1800.0,2000.0,1950.0,360
Gujarat,Vadodara(Baroda),Vadodara(Sayajipura),Mint(Pudina),Other,FAQ,2021-02-05 00:00:00,1700.0,2000.0,1900.0,360
Gujarat,Vadodara(Baroda),Vadodara(Sayajipura),Mint(Pudina),Other,FAQ,2021-02-09 00:00:00,1300.0,1500.0,1450.0,360
Gujarat,Vadodara(Baroda),Vadodara(Sayajipura),Mint(Pudina),Other,FAQ,2021-02-13 00:00:00,1000.0,1500.0,1300.0,360
Gujarat,Vadodara(Baroda),Vadodara(Sayajipura),Mint(Pudina),Other,FAQ,2021-02-14 00:00:00,1000.0,1500.0,1300.0,360
Gujarat,Vadodara(Baroda),Vadodara(Sayajipura),Mint(Pudina),Other,FAQ,2021-02-15 00:00:00,1300.0,1500.0,1450.0,360
Gujarat,Vadodara(Baroda),Vadodara(Sayajipura),Mint(Pudina),Other,FAQ,2021-02-17 00:00:00,1300.0,1500.0,1450.0,360
Gujarat,Vadodara(Baroda),Vadodara(Sayajipura),Mint(Pudina),Other,FAQ,2021-02-24 00:00:00,1300.0,1500.0,1450.0,360
Gujarat,Vadodara(Baroda),Vadodara(Sayajipura),Mint(Pudina),Other,FAQ,2021-02-27 00:00:00,1200.0,1500.0,1400.0,360
Gujarat,Vadodara(Baroda),Vadodara(Sayajipura),Mint(Pudina),Other,FAQ,2021-03-01 00:00:00,1300.0,1500.0,1450.0,360
Gujarat,Vadodara(Baroda),Vadodara(Sayajipura),Mint(Pudina),Other,FAQ,2021-03-05 00:00:00,1300.0,1500.0,1450.0,360
Gujarat,Vadodara(Baroda),Vadodara(Sayajipura),Mint(Pudina),Other,FAQ,2021-03-17 00:00:00,1300.0,1500.0,1450.0,360
Gujarat,Vadodara(Baroda),Vadodara(Sayajipura),Mint(Pudina),Other,FAQ,2021-04-03 00:00:00,1400.0,1800.0,1650.0,360
Gujarat,Vadodara(Baroda),Vadodara(Sayajipura),Mint(Pudina),Other,FAQ,2021-04-04 00:00:00,1400.0,1800.0,1650.0,360
Gujarat,Vadodara(Baroda),Vadodara(Sayajipura),Mint(Pudina),Other,FAQ,2021-04-06 00:00:00,800.0,1200.0,1050.0,360
Gujarat,Vadodara(Baroda),Vadodara(Sayajipura),Mint(Pudina),Other,FAQ,2021-04-10 00:00:00,1800.0,2000.0,1950.0,360
Gujarat,Vadodara(Baroda),Vadodara(Sayajipura),Mint(Pudina),Other,FAQ,2021-05-10 00:00:00,1200.0,1600.0,1450.0,360
Gujarat,Vadodara(Baroda),Vadodara(Sayajipura),Mint(Pudina),Other,FAQ,2021-05-20 00:00:00,900.0,1300.0,1150.0,360
Gujarat,Vadodara(Baroda),Vadodara(Sayajipura),Mint(Pudina),Other,FAQ,2021-05-22 00:00:00,1300.0,1500.0,1450.0,360
Gujarat,Vadodara(Baroda),Vadodara(Sayajipura),Mint(Pudina),Other,FAQ,2021-05-25 00:00:00,1200.0,1500.0,1400.0,360
Gujarat,Vadodara(Baroda),Vadodara(Sayajipura),Mint(Pudina),Other,FAQ,2021-05-29 00:00:00,1200.0,1600.0,1450.0,360
Gujarat,Vadodara(Baroda),Vadodara(Sayajipura),Mint(Pudina),Other,FAQ,2021-05-30 00:00:00,1200.0,1600.0,1450.0,360
Gujarat,Vadodara(Baroda),Vadodara(Sayajipura),Mint(Pudina),Other,FAQ,2021-06-03 00:00:00,1200.0,1500.0,1400.0,360
Gujarat,Vadodara(Baroda),Vadodara(Sayajipura),Mint(Pudina),Other,FAQ,2021-06-05 00:00:00,1200.0,1500.0,1400.0,360
Gujarat,Vadodara(Baroda),Vadodara(Sayajipura),Mint(Pudina),Other,FAQ,2021-06-08 00:00:00,1300.0,1500.0,1450.0,360
Gujarat,Vadodara(Baroda),Vadodara(Sayajipura),Mint(Pudina),Other,FAQ,2021-06-09 00:00:00,1300.0,1500.0,1400.0,360
Gujarat,Vadodara(Baroda),Vadodara(Sayajipura),Mint(Pudina),Other,FAQ,2021-06-14 00:00:00,1000.0,1500.0,1300.0,360
Gujarat,Vadodara(Baroda),Vadodara(Sayajipura),Mint(Pudina),Other,FAQ,2021-06-16 00:00:00,1300.0,1500.0,1450.0,360
Gujarat,Vadodara(Baroda),Vadodara(Sayajipura),Mint(Pudina),Other,FAQ,2021-07-01 00:00:00,1300.0,1500.0,1450.0,360
Gujarat,Vadodara(Baroda),Vadodara(Sayajipura),Mint(Pudina),Other,FAQ,2021-07-08 00:00:00,1300.0,1500.0,1450.0,360
Gujarat,Vadodara(Baroda),Vadodara(Sayajipura),Mint(Pudina),Other,FAQ,2021-07-12 00:00:00,1300.0,1500.0,1450.0,360
Gujarat,Vadodara(Baroda),Vadodara(Sayajipura),Mint(Pudina),Other,FAQ,2021-07-16 00:00:00,1300.0,1500.0,1450.0,360
Gujarat,Vadodara(Baroda),Vadodara(Sayajipura),Mint(Pudina),Other,FAQ,2021-07-17 00:00:00,1300.0,1500.0,1450.0,360
Gujarat,Vadodara(Baroda),Vadodara(Sayajipura),Mint(Pudina),Other,FAQ,2021-07-29 00:00:00,1300.0,1500.0,1450.0,360
Gujarat,Vadodara(Baroda),Vadodara(Sayajipura),Mint(Pudina),Other,FAQ,2021-07-31 00:00:00,1750.0,2000.0,1900.0,360
Gujarat,Vadodara(Baroda),Vadodara(Sayajipura),Mint(Pudina),Other,FAQ,2021-08-14 00:00:00,2000.0,2500.0,2300.0,360
Gujarat,Vadodara(Baroda),Vadodara(Sayajipura),Mint(Pudina),Other,FAQ,2021-08-17 00:00:00,2500.0,3000.0,2800.0,360
Gujarat,Vadodara(Baroda),Vadodara(Sayajipura),Mint(Pudina),Other,FAQ,2021-08-23 00:00:00,2300.0,2500.0,2450.0,360
Gujarat,Vadodara(Baroda),Vadodara(Sayajipura),Mint(Pudina),Other,FAQ,2021-08-24 00:00:00,2300.0,2500.0,2450.0,360
Gujarat,Vadodara(Baroda),Vadodara(Sayajipura),Mint(Pudina),Other,FAQ,2021-09-03 00:00:00,1300.0,1500.0,1450.0,360
Gujarat,Vadodara(Baroda),Vadodara(Sayajipura),Mint(Pudina),Other,FAQ,2021-09-05 00:00:00,1300.0,1500.0,1450.0,360
Gujarat,Vadodara(Baroda),Vadodara(Sayajipura),Mint(Pudina),Other,FAQ,2021-09-22 00:00:00,2500.0,3000.0,2800.0,360
Gujarat,Vadodara(Baroda),Vadodara(Sayajipura),Mint(Pudina),Other,FAQ,2021-10-02 00:00:00,2500.0,3000.0,2800.0,360
Gujarat,Vadodara(Baroda),Vadodara(Sayajipura),Mint(Pudina),Other,FAQ,2021-10-04 00:00:00,2500.0,3000.0,2800.0,360
Gujarat,Vadodara(Baroda),Vadodara(Sayajipura),Mint(Pudina),Other,FAQ,2021-10-05 00:00:00,2800.0,3000.0,2950.0,360
Gujarat,Vadodara(Baroda),Vadodara(Sayajipura),Mint(Pudina),Other,FAQ,2021-10-28 00:00:00,3000.0,3500.0,3300.0,360
Gujarat,Vadodara(Baroda),Vadodara(Sayajipura),Mint(Pudina),Other,FAQ,2021-11-10 00:00:00,2800.0,3000.0,2950.0,360
Gujarat,Vadodara(Baroda),Vadodara(Sayajipura),Mint(Pudina),Other,FAQ,2021-11-13 00:00:00,2800.0,3000.0,2950.0,360
Gujarat,Vadodara(Baroda),Vadodara(Sayajipura),Mint(Pudina),Other,FAQ,2021-11-18 00:00:00,2000.0,2500.0,2300.0,360
Gujarat,Vadodara(Baroda),Vadodara(Sayajipura),Mint(Pudina),Other,FAQ,2021-11-23 00:00:00,1800.0,2000.0,1950.0,360
Gujarat,Vadodara(Baroda),Vadodara(Sayajipura),Mint(Pudina),Other,FAQ,2021-11-30 00:00:00,1800.0,2000.0,1950.0,360
Gujarat,Vadodara(Baroda),Vadodara(Sayajipura),Mint(Pudina),Other,FAQ,2021-12-01 00:00:00,1800.0,2000.0,1950.0,360
Gujarat,Vadodara(Baroda),Vadodara(Sayajipura),Mint(Pudina),Other,FAQ,2021-12-10 00:00:00,2300.0,2500.0,2450.0,360
Gujarat,Vadodara(Baroda),Vadodara(Sayajipura),Mint(Pudina),Other,FAQ,2021-12-23 00:00:00,2300.0,2500.0,2450.0,360
Gujarat,Dahod,Dahod(Veg. Market),Mint(Pudina),Mint(Pudina),FAQ,2024-08-02 00:00:00,6000.0,8000.0,7000.0,360
Gujarat,Dahod,Dahod(Veg. Market),Mint(Pudina),Mint(Pudina),FAQ,2024-08-07 00:00:00,7000.0,9000.0,8000.0,360
Gujarat,Dahod,Dahod(Veg. Market),Mint(Pudina),Mint(Pudina),FAQ,2024-08-19 00:00:00,15000.0,15000.0,15000.0,360
Gujarat,Vadodara(Baroda),Vadodara(Sayajipura),Mint(Pudina),Other,FAQ,2024-08-01 00:00:00,4800.0,5000.0,4900.0,360
Gujarat,Vadodara(Baroda),Vadodara(Sayajipura),Mint(Pudina),Other,FAQ,2024-08-03 00:00:00,4800.0,5000.0,4900.0,360
Gujarat,Vadodara(Baroda),Vadodara(Sayajipura),Mint(Pudina),Other,FAQ,2024-08-09 00:00:00,3800.0,4000.0,3900.0,360
Gujarat,Vadodara(Baroda),Vadodara(Sayajipura),Mint(Pudina),Other,FAQ,2024-08-15 00:00:00,4500.0,5000.0,4800.0,360
Gujarat,Vadodara(Baroda),Vadodara(Sayajipura),Mint(Pudina),Other,FAQ,2024-08-21 00:00:00,3800.0,4000.0,3900.0,360
Gujarat,Vadodara(Baroda),Vadodara(Sayajipura),Mint(Pudina),Other,FAQ,2024-08-24 00:00:00,1000.0,2000.0,1500.0,360
Gujarat,Dahod,Dahod(Veg. Market),Mint(Pudina),Mint(Pudina),FAQ,2024-11-06 00:00:00,5000.0,8000.0,7000.0,360
Gujarat,Dahod,Dahod(Veg. Market),Mint(Pudina),Mint(Pudina),FAQ,2024-11-11 00:00:00,4000.0,8000.0,7000.0,360
Gujarat,Dahod,Dahod(Veg. Market),Mint(Pudina),Mint(Pudina),FAQ,2024-11-22 00:00:00,3000.0,4000.0,3700.0,360
Gujarat,Dahod,Dahod(Veg. Market),Mint(Pudina),Mint(Pudina),FAQ,2024-11-27 00:00:00,2500.0,5000.0,4000.0,360
Gujarat,Vadodara(Baroda),Vadodara(Sayajipura),Mint(Pudina),Other,FAQ,2024-11-08 00:00:00,3800.0,4000.0,3900.0,360
Gujarat,Ahmedabad,Ahmedabad(Rajnagar sub yard),Mint(Pudina),Other,FAQ,2020-01-06 00:00:00,1500.0,2000.0,1800.0,360
Gujarat,Ahmedabad,Ahmedabad(Rajnagar sub yard),Mint(Pudina),Other,FAQ,2020-01-16 00:00:00,2000.0,2500.0,2350.0,360
Gujarat,Ahmedabad,Ahmedabad(Rajnagar sub yard),Mint(Pudina),Other,FAQ,2020-01-18 00:00:00,1500.0,2000.0,1800.0,360
Gujarat,Ahmedabad,Ahmedabad(Rajnagar sub yard),Mint(Pudina),Other,FAQ,2020-01-25 00:00:00,1500.0,2000.0,1850.0,360
Gujarat,Ahmedabad,Ahmedabad(Rajnagar sub yard),Mint(Pudina),Other,FAQ,2020-02-27 00:00:00,1000.0,1250.0,1150.0,360
Gujarat,Ahmedabad,Ahmedabad(Rajnagar sub yard),Mint(Pudina),Other,FAQ,2020-02-28 00:00:00,700.0,1200.0,1100.0,360
Gujarat,Ahmedabad,Ahmedabad(Rajnagar sub yard),Mint(Pudina),Other,FAQ,2020-03-04 00:00:00,400.0,800.0,650.0,360
Gujarat,Ahmedabad,Ahmedabad(Rajnagar sub yard),Mint(Pudina),Other,FAQ,2020-03-18 00:00:00,500.0,1000.0,800.0,360
Gujarat,Ahmedabad,Ahmedabad(Rajnagar sub yard),Mint(Pudina),Other,FAQ,2020-03-21 00:00:00,700.0,2000.0,1450.0,360
Gujarat,Ahmedabad,Ahmedabad(Rajnagar sub yard),Mint(Pudina),Other,FAQ,2020-06-16 00:00:00,1500.0,2500.0,2100.0,360
Gujarat,Ahmedabad,Ahmedabad(Rajnagar sub yard),Mint(Pudina),Other,FAQ,2020-06-17 00:00:00,2000.0,3000.0,2600.0,360
Gujarat,Ahmedabad,Ahmedabad(Rajnagar sub yard),Mint(Pudina),Other,FAQ,2020-06-19 00:00:00,1500.0,2500.0,2100.0,360
Gujarat,Ahmedabad,Ahmedabad(Rajnagar sub yard),Mint(Pudina),Other,FAQ,2020-06-22 00:00:00,2000.0,2500.0,2350.0,360
Gujarat,Ahmedabad,Ahmedabad(Rajnagar sub yard),Mint(Pudina),Other,FAQ,2020-06-24 00:00:00,1500.0,1750.0,1650.0,360
Gujarat,Ahmedabad,Ahmedabad(Rajnagar sub yard),Mint(Pudina),Other,FAQ,2020-07-18 00:00:00,1000.0,2000.0,1650.0,360
Gujarat,Ahmedabad,Ahmedabad(Rajnagar sub yard),Mint(Pudina),Other,FAQ,2020-08-10 00:00:00,3000.0,3750.0,3450.0,360
Gujarat,Ahmedabad,Ahmedabad(Rajnagar sub yard),Mint(Pudina),Other,FAQ,2020-08-11 00:00:00,2800.0,3000.0,2950.0,360
Gujarat,Ahmedabad,Ahmedabad(Rajnagar sub yard),Mint(Pudina),Other,FAQ,2020-08-17 00:00:00,2800.0,3000.0,2900.0,360
Gujarat,Ahmedabad,Ahmedabad(Rajnagar sub yard),Mint(Pudina),Other,FAQ,2020-08-18 00:00:00,2800.0,3000.0,2950.0,360
Gujarat,Ahmedabad,Ahmedabad(Rajnagar sub yard),Mint(Pudina),Other,FAQ,2020-11-11 00:00:00,1500.0,2000.0,1800.0,360
Gujarat,Ahmedabad,Ahmedabad(Rajnagar sub yard),Mint(Pudina),Other,FAQ,2020-12-15 00:00:00,800.0,1000.0,950.0,360
Gujarat,Ahmedabad,Ahmedabad(Rajnagar sub yard),Mint(Pudina),Other,FAQ,2020-12-16 00:00:00,500.0,1000.0,850.0,360
Gujarat,Ahmedabad,Ahmedabad(Rajnagar sub yard),Mint(Pudina),Other,FAQ,2020-12-18 00:00:00,800.0,1000.0,900.0,360
Gujarat,Anand,"Petlad(Veg Yard, Petlad)",Mint(Pudina),Other,FAQ,2020-02-26 00:00:00,2000.0,3000.0,2500.0,360
Gujarat,Dahod,Dahod(Veg. Market),Mint(Pudina),Mint(Pudina),FAQ,2020-01-01 00:00:00,2000.0,3000.0,2800.0,360
Gujarat,Dahod,Dahod(Veg. Market),Mint(Pudina),Mint(Pudina),FAQ,2020-01-02 00:00:00,2000.0,4000.0,3000.0,360
Gujarat,Dahod,Dahod(Veg. Market),Mint(Pudina),Mint(Pudina),FAQ,2020-01-03 00:00:00,2000.0,4000.0,3000.0,360
Gujarat,Dahod,Dahod(Veg. Market),Mint(Pudina),Mint(Pudina),FAQ,2020-01-11 00:00:00,2000.0,3000.0,2500.0,360
Gujarat,Dahod,Dahod(Veg. Market),Mint(Pudina),Mint(Pudina),FAQ,2020-01-12 00:00:00,2000.0,3000.0,2500.0,360
Gujarat,Dahod,Dahod(Veg. Market),Mint(Pudina),Mint(Pudina),FAQ,2020-01-15 00:00:00,2000.0,3000.0,2500.0,360
Gujarat,Dahod,Dahod(Veg. Market),Mint(Pudina),Mint(Pudina),FAQ,2020-01-20 00:00:00,2000.0,5000.0,4000.0,360
Gujarat,Dahod,Dahod(Veg. Market),Mint(Pudina),Mint(Pudina),FAQ,2020-01-22 00:00:00,2000.0,3000.0,2500.0,360
Gujarat,Dahod,Dahod(Veg. Market),Mint(Pudina),Mint(Pudina),FAQ,2020-01-27 00:00:00,2000.0,4000.0,3000.0,360
Gujarat,Dahod,Dahod(Veg. Market),Mint(Pudina),Mint(Pudina),FAQ,2020-01-31 00:00:00,2000.0,3500.0,2500.0,360
Gujarat,Dahod,Dahod(Veg. Market),Mint(Pudina),Mint(Pudina),FAQ,2020-02-03 00:00:00,2000.0,3000.0,2500.0,360
Gujarat,Dahod,Dahod(Veg. Market),Mint(Pudina),Mint(Pudina),FAQ,2020-02-07 00:00:00,2000.0,3000.0,2500.0,360
Gujarat,Dahod,Dahod(Veg. Market),Mint(Pudina),Mint(Pudina),FAQ,2020-02-11 00:00:00,2000.0,2500.0,2200.0,360
Gujarat,Dahod,Dahod(Veg. Market),Mint(Pudina),Mint(Pudina),FAQ,2020-02-16 00:00:00,1000.0,2000.0,1500.0,360
Gujarat,Dahod,Dahod(Veg. Market),Mint(Pudina),Mint(Pudina),FAQ,2020-02-17 00:00:00,1000.0,2500.0,2000.0,360
Gujarat,Dahod,Dahod(Veg. Market),Mint(Pudina),Mint(Pudina),FAQ,2020-03-04 00:00:00,2000.0,3000.0,2500.0,360
Gujarat,Dahod,Dahod(Veg. Market),Mint(Pudina),Mint(Pudina),FAQ,2020-03-05 00:00:00,2000.0,2500.0,2300.0,360
Gujarat,Dahod,Dahod(Veg. Market),Mint(Pudina),Mint(Pudina),FAQ,2020-03-06 00:00:00,2000.0,2500.0,2500.0,360
Gujarat,Dahod,Dahod(Veg. Market),Mint(Pudina),Mint(Pudina),FAQ,2020-03-07 00:00:00,2000.0,2500.0,2400.0,360
Gujarat,Dahod,Dahod(Veg. Market),Mint(Pudina),Mint(Pudina),FAQ,2020-03-08 00:00:00,2000.0,2500.0,2200.0,360
Gujarat,Dahod,Dahod(Veg. Market),Mint(Pudina),Mint(Pudina),FAQ,2020-03-13 00:00:00,1500.0,2500.0,2000.0,360
Gujarat,Dahod,Dahod(Veg. Market),Mint(Pudina),Mint(Pudina),FAQ,2020-04-05 00:00:00,2000.0,3000.0,2500.0,360
Gujarat,Dahod,Dahod(Veg. Market),Mint(Pudina),Mint(Pudina),FAQ,2020-04-09 00:00:00,2000.0,3000.0,2500.0,360
Gujarat,Dahod,Dahod(Veg. Market),Mint(Pudina),Mint(Pudina),FAQ,2020-04-12 00:00:00,2000.0,2000.0,2000.0,360
Gujarat,Dahod,Dahod(Veg. Market),Mint(Pudina),Mint(Pudina),FAQ,2020-04-13 00:00:00,1500.0,2000.0,1800.0,360
Gujarat,Dahod,Dahod(Veg. Market),Mint(Pudina),Mint(Pudina),FAQ,2020-04-15 00:00:00,1000.0,2000.0,1500.0,360
Gujarat,Dahod,Dahod(Veg. Market),Mint(Pudina),Mint(Pudina),FAQ,2020-04-18 00:00:00,1500.0,3000.0,2500.0,360
Gujarat,Dahod,Dahod(Veg. Market),Mint(Pudina),Mint(Pudina),FAQ,2020-04-23 00:00:00,1000.0,3000.0,2000.0,360
Gujarat,Dahod,Dahod(Veg. Market),Mint(Pudina),Mint(Pudina),FAQ,2020-04-24 00:00:00,1500.0,3000.0,2200.0,360
Gujarat,Dahod,Dahod(Veg. Market),Mint(Pudina),Mint(Pudina),FAQ,2020-04-26 00:00:00,1500.0,3000.0,2000.0,360
Gujarat,Dahod,Dahod(Veg. Market),Mint(Pudina),Mint(Pudina),FAQ,2020-04-30 00:00:00,1500.0,3000.0,2500.0,360
Gujarat,Dahod,Dahod(Veg. Market),Mint(Pudina),Mint(Pudina),FAQ,2020-05-10 00:00:00,1500.0,3000.0,2500.0,360
Gujarat,Dahod,Dahod(Veg. Market),Mint(Pudina),Mint(Pudina),FAQ,2020-05-14 00:00:00,3000.0,4000.0,3500.0,360
Gujarat,Dahod,Dahod(Veg. Market),Mint(Pudina),Mint(Pudina),FAQ,2020-05-19 00:00:00,2000.0,3000.0,2500.0,360
Gujarat,Dahod,Dahod(Veg. Market),Mint(Pudina),Mint(Pudina),FAQ,2020-05-20 00:00:00,3000.0,4000.0,3500.0,360
Gujarat,Dahod,Dahod(Veg. Market),Mint(Pudina),Mint(Pudina),FAQ,2020-05-22 00:00:00,3000.0,3500.0,3200.0,360
Gujarat,Dahod,Dahod(Veg. Market),Mint(Pudina),Mint(Pudina),FAQ,2020-05-23 00:00:00,2000.0,4000.0,3000.0,360
Gujarat,Dahod,Dahod(Veg. Market),Mint(Pudina),Mint(Pudina),FAQ,2020-06-04 00:00:00,2000.0,3000.0,2500.0,360
Gujarat,Dahod,Dahod(Veg. Market),Mint(Pudina),Mint(Pudina),FAQ,2020-06-10 00:00:00,2000.0,2000.0,2000.0,360
Gujarat,Dahod,Dahod(Veg. Market),Mint(Pudina),Mint(Pudina),FAQ,2020-06-11 00:00:00,1000.0,2500.0,2000.0,360
Gujarat,Dahod,Dahod(Veg. Market),Mint(Pudina),Mint(Pudina),FAQ,2020-06-13 00:00:00,2000.0,3000.0,2500.0,360
Gujarat,Dahod,Dahod(Veg. Market),Mint(Pudina),Mint(Pudina),FAQ,2020-06-24 00:00:00,1500.0,2000.0,1700.0,360
Gujarat,Dahod,Dahod(Veg. Market),Mint(Pudina),Mint(Pudina),FAQ,2020-07-03 00:00:00,1500.0,2000.0,1700.0,360
Gujarat,Dahod,Dahod(Veg. Market),Mint(Pudina),Mint(Pudina),FAQ,2020-07-08 00:00:00,1500.0,2000.0,1700.0,360
Gujarat,Dahod,Dahod(Veg. Market),Mint(Pudina),Mint(Pudina),FAQ,2020-07-14 00:00:00,800.0,2000.0,1500.0,360
Gujarat,Dahod,Dahod(Veg. Market),Mint(Pudina),Mint(Pudina),FAQ,2020-07-29 00:00:00,3000.0,4000.0,3500.0,360
Gujarat,Dahod,Dahod(Veg. Market),Mint(Pudina),Mint(Pudina),FAQ,2020-08-08 00:00:00,4000.0,6000.0,5000.0,360
Gujarat,Dahod,Dahod(Veg. Market),Mint(Pudina),Mint(Pudina),FAQ,2020-08-13 00:00:00,8000.0,8000.0,8000.0,360
Gujarat,Dahod,Dahod(Veg. Market),Mint(Pudina),Mint(Pudina),FAQ,2020-08-15 00:00:00,8000.0,8000.0,8000.0,360
Gujarat,Dahod,Dahod(Veg. Market),Mint(Pudina),Mint(Pudina),FAQ,2020-08-19 00:00:00,8000.0,10000.0,9000.0,360
Gujarat,Dahod,Dahod(Veg. Market),Mint(Pudina),Mint(Pudina),FAQ,2020-08-22 00:00:00,9000.0,10000.0,10000.0,360
Gujarat,Dahod,Dahod(Veg. Market),Mint(Pudina),Mint(Pudina),FAQ,2020-08-29 00:00:00,10000.0,15000.0,12000.0,360
Gujarat,Dahod,Dahod(Veg. Market),Mint(Pudina),Mint(Pudina),FAQ,2020-09-05 00:00:00,7500.0,10000.0,10000.0,360
Gujarat,Dahod,Dahod(Veg. Market),Mint(Pudina),Mint(Pudina),FAQ,2020-09-11 00:00:00,8000.0,8000.0,8000.0,360
Gujarat,Dahod,Dahod(Veg. Market),Mint(Pudina),Mint(Pudina),FAQ,2020-09-21 00:00:00,7000.0,10000.0,9000.0,360
Gujarat,Dahod,Dahod(Veg. Market),Mint(Pudina),Mint(Pudina),FAQ,2020-10-03 00:00:00,6000.0,8000.0,7000.0,360
Gujarat,Dahod,Dahod(Veg. Market),Mint(Pudina),Mint(Pudina),FAQ,2020-10-05 00:00:00,6000.0,6000.0,6000.0,360
Gujarat,Dahod,Dahod(Veg. Market),Mint(Pudina),Mint(Pudina),FAQ,2020-10-07 00:00:00,7000.0,8000.0,7500.0,360
Gujarat,Dahod,Dahod(Veg. Market),Mint(Pudina),Mint(Pudina),FAQ,2020-10-09 00:00:00,5000.0,9000.0,6000.0,360
Gujarat,Dahod,Dahod(Veg. Market),Mint(Pudina),Mint(Pudina),FAQ,2020-10-15 00:00:00,6000.0,9000.0,7000.0,360
Gujarat,Dahod,Dahod(Veg. Market),Mint(Pudina),Mint(Pudina),FAQ,2020-10-20 00:00:00,5000.0,6000.0,5500.0,360
Gujarat,Dahod,Dahod(Veg. Market),Mint(Pudina),Mint(Pudina),FAQ,2020-10-22 00:00:00,5000.0,6000.0,5500.0,360
Gujarat,Dahod,Dahod(Veg. Market),Mint(Pudina),Mint(Pudina),FAQ,2020-10-28 00:00:00,6000.0,8000.0,7000.0,360
Gujarat,Dahod,Dahod(Veg. Market),Mint(Pudina),Mint(Pudina),FAQ,2020-11-05 00:00:00,4000.0,6000.0,5000.0,360
Gujarat,Dahod,Dahod(Veg. Market),Mint(Pudina),Mint(Pudina),FAQ,2020-11-09 00:00:00,3000.0,5000.0,4500.0,360
Gujarat,Dahod,Dahod(Veg. Market),Mint(Pudina),Mint(Pudina),FAQ,2020-11-12 00:00:00,4000.0,5000.0,5000.0,360
Gujarat,Dahod,Dahod(Veg. Market),Mint(Pudina),Mint(Pudina),FAQ,2020-11-13 00:00:00,4000.0,5000.0,4500.0,360
Gujarat,Dahod,Dahod(Veg. Market),Mint(Pudina),Mint(Pudina),FAQ,2020-11-19 00:00:00,3000.0,5000.0,4000.0,360
Gujarat,Dahod,Dahod(Veg. Market),Mint(Pudina),Mint(Pudina),FAQ,2020-11-20 00:00:00,4000.0,6000.0,4500.0,360
Gujarat,Dahod,Dahod(Veg. Market),Mint(Pudina),Mint(Pudina),FAQ,2020-11-22 00:00:00,4000.0,8000.0,5000.0,360
Gujarat,Dahod,Dahod(Veg. Market),Mint(Pudina),Mint(Pudina),FAQ,2020-11-24 00:00:00,3000.0,5000.0,4000.0,360
Gujarat,Dahod,Dahod(Veg. Market),Mint(Pudina),Mint(Pudina),FAQ,2020-11-30 00:00:00,4000.0,5000.0,4500.0,360
Gujarat,Dahod,Dahod(Veg. Market),Mint(Pudina),Mint(Pudina),FAQ,2020-12-03 00:00:00,4000.0,6000.0,5000.0,360
Gujarat,Dahod,Dahod(Veg. Market),Mint(Pudina),Mint(Pudina),FAQ,2020-12-04 00:00:00,3000.0,5000.0,4000.0,360
Gujarat,Dahod,Dahod(Veg. Market),Mint(Pudina),Mint(Pudina),FAQ,2020-12-09 00:00:00,5000.0,7000.0,6000.0,360
Gujarat,Dahod,Dahod(Veg. Market),Mint(Pudina),Mint(Pudina),FAQ,2020-12-28 00:00:00,3500.0,6000.0,5000.0,360
Gujarat,Dahod,Dahod(Veg. Market),Mint(Pudina),Mint(Pudina),FAQ,2020-12-30 00:00:00,3000.0,5000.0,4000.0,360
Gujarat,Dahod,Dahod(Veg. Market),Mint(Pudina),Mint(Pudina),FAQ,2020-12-31 00:00:00,3000.0,5000.0,4000.0,360
Gujarat,Vadodara(Baroda),Vadodara(Sayajipura),Mint(Pudina),Other,FAQ,2020-01-01 00:00:00,1300.0,1500.0,1400.0,360
Gujarat,Vadodara(Baroda),Vadodara(Sayajipura),Mint(Pudina),Other,FAQ,2020-01-17 00:00:00,1300.0,1500.0,1400.0,360
Gujarat,Vadodara(Baroda),Vadodara(Sayajipura),Mint(Pudina),Other,FAQ,2020-02-04 00:00:00,1200.0,1600.0,1450.0,360
Gujarat,Vadodara(Baroda),Vadodara(Sayajipura),Mint(Pudina),Other,FAQ,2020-02-05 00:00:00,1300.0,1500.0,1450.0,360
Gujarat,Vadodara(Baroda),Vadodara(Sayajipura),Mint(Pudina),Other,FAQ,2020-03-04 00:00:00,1000.0,1200.0,1150.0,360
Gujarat,Vadodara(Baroda),Vadodara(Sayajipura),Mint(Pudina),Other,FAQ,2020-03-18 00:00:00,1300.0,1500.0,1450.0,360
Gujarat,Vadodara(Baroda),Vadodara(Sayajipura),Mint(Pudina),Other,FAQ,2020-04-28 00:00:00,1400.0,1600.0,1550.0,360
Gujarat,Vadodara(Baroda),Vadodara(Sayajipura),Mint(Pudina),Other,FAQ,2020-04-29 00:00:00,1400.0,1500.0,1450.0,360
Gujarat,Vadodara(Baroda),Vadodara(Sayajipura),Mint(Pudina),Other,FAQ,2020-05-04 00:00:00,1200.0,1500.0,1400.0,360
Gujarat,Vadodara(Baroda),Vadodara(Sayajipura),Mint(Pudina),Other,FAQ,2020-05-26 00:00:00,1200.0,1600.0,1500.0,360
Gujarat,Vadodara(Baroda),Vadodara(Sayajipura),Mint(Pudina),Other,FAQ,2020-06-02 00:00:00,1000.0,1500.0,1300.0,360
Gujarat,Vadodara(Baroda),Vadodara(Sayajipura),Mint(Pudina),Other,FAQ,2020-07-04 00:00:00,1000.0,1400.0,1300.0,360
Gujarat,Vadodara(Baroda),Vadodara(Sayajipura),Mint(Pudina),Other,FAQ,2020-07-23 00:00:00,1200.0,1800.0,1600.0,360
Gujarat,Vadodara(Baroda),Vadodara(Sayajipura),Mint(Pudina),Other,FAQ,2020-08-08 00:00:00,1500.0,2000.0,1800.0,360
Gujarat,Vadodara(Baroda),Vadodara(Sayajipura),Mint(Pudina),Other,FAQ,2020-11-24 00:00:00,1800.0,2000.0,1950.0,360
Gujarat,Vadodara(Baroda),Vadodara(Sayajipura),Mint(Pudina),Other,FAQ,2020-11-29 00:00:00,1100.0,1600.0,1400.0,360
Gujarat,Vadodara(Baroda),Vadodara(Sayajipura),Mint(Pudina),Other,FAQ,2020-12-17 00:00:00,1300.0,1500.0,1450.0,360
Gujarat,Vadodara(Baroda),Vadodara(Sayajipura),Mint(Pudina),Other,FAQ,2020-12-18 00:00:00,1300.0,1500.0,1450.0,360
Gujarat,Vadodara(Baroda),Vadodara(Sayajipura),Mint(Pudina),Other,FAQ,2020-12-25 00:00:00,1800.0,2000.0,1950.0,360
Gujarat,Vadodara(Baroda),Vadodara(Sayajipura),Mint(Pudina),Other,FAQ,2020-12-27 00:00:00,1200.0,2000.0,1700.0,360
Gujarat,Dahod,Dahod(Veg. Market),Mint(Pudina),Mint(Pudina),FAQ,2022-12-25 00:00:00,3000.0,5000.0,4500.0,360
Gujarat,Dahod,Dahod(Veg. Market),Mint(Pudina),Mint(Pudina),FAQ,2022-12-28 00:00:00,3000.0,5000.0,4000.0,360
Gujarat,Dahod,Dahod(Veg. Market),Mint(Pudina),Mint(Pudina),FAQ,2022-12-30 00:00:00,3000.0,4000.0,3500.0,360
Gujarat,Vadodara(Baroda),Vadodara(Sayajipura),Mint(Pudina),Other,FAQ,2022-01-03 00:00:00,2300.0,2500.0,2450.0,360
Gujarat,Vadodara(Baroda),Vadodara(Sayajipura),Mint(Pudina),Other,FAQ,2022-01-17 00:00:00,1800.0,2000.0,1900.0,360
Gujarat,Vadodara(Baroda),Vadodara(Sayajipura),Mint(Pudina),Other,FAQ,2022-01-21 00:00:00,1800.0,2000.0,1900.0,360
Gujarat,Vadodara(Baroda),Vadodara(Sayajipura),Mint(Pudina),Other,FAQ,2022-01-22 00:00:00,1800.0,2000.0,1900.0,360
Gujarat,Vadodara(Baroda),Vadodara(Sayajipura),Mint(Pudina),Other,FAQ,2022-01-24 00:00:00,1300.0,1500.0,1400.0,360
Gujarat,Vadodara(Baroda),Vadodara(Sayajipura),Mint(Pudina),Other,FAQ,2022-02-07 00:00:00,1300.0,1500.0,1400.0,360
Gujarat,Vadodara(Baroda),Vadodara(Sayajipura),Mint(Pudina),Other,FAQ,2022-02-19 00:00:00,1300.0,1500.0,1450.0,360
Gujarat,Vadodara(Baroda),Vadodara(Sayajipura),Mint(Pudina),Other,FAQ,2022-02-24 00:00:00,1500.0,1700.0,1650.0,360
Gujarat,Vadodara(Baroda),Vadodara(Sayajipura),Mint(Pudina),Other,FAQ,2022-03-05 00:00:00,1300.0,1500.0,1450.0,360
Gujarat,Vadodara(Baroda),Vadodara(Sayajipura),Mint(Pudina),Other,FAQ,2022-03-07 00:00:00,1300.0,1500.0,1450.0,360
Gujarat,Vadodara(Baroda),Vadodara(Sayajipura),Mint(Pudina),Other,FAQ,2022-03-09 00:00:00,1300.0,1500.0,1450.0,360
Gujarat,Vadodara(Baroda),Vadodara(Sayajipura),Mint(Pudina),Other,FAQ,2022-03-11 00:00:00,1300.0,1500.0,1450.0,360
Gujarat,Vadodara(Baroda),Vadodara(Sayajipura),Mint(Pudina),Other,FAQ,2022-03-12 00:00:00,1300.0,1500.0,1450.0,360
Gujarat,Vadodara(Baroda),Vadodara(Sayajipura),Mint(Pudina),Other,FAQ,2022-03-14 00:00:00,1500.0,1700.0,1650.0,360
Gujarat,Vadodara(Baroda),Vadodara(Sayajipura),Mint(Pudina),Other,FAQ,2022-03-22 00:00:00,1800.0,2000.0,1950.0,360
Gujarat,Vadodara(Baroda),Vadodara(Sayajipura),Mint(Pudina),Other,FAQ,2022-04-11 00:00:00,1800.0,2000.0,1950.0,360
Gujarat,Vadodara(Baroda),Vadodara(Sayajipura),Mint(Pudina),Other,FAQ,2022-04-12 00:00:00,1800.0,2000.0,1950.0,360
Gujarat,Vadodara(Baroda),Vadodara(Sayajipura),Mint(Pudina),Other,FAQ,2022-04-14 00:00:00,1800.0,2000.0,1950.0,360
Gujarat,Vadodara(Baroda),Vadodara(Sayajipura),Mint(Pudina),Other,FAQ,2022-05-17 00:00:00,1800.0,2000.0,1950.0,360
Gujarat,Vadodara(Baroda),Vadodara(Sayajipura),Mint(Pudina),Other,FAQ,2022-05-18 00:00:00,1800.0,2000.0,1900.0,360
Gujarat,Vadodara(Baroda),Vadodara(Sayajipura),Mint(Pudina),Other,FAQ,2022-05-31 00:00:00,500.0,800.0,700.0,360
Gujarat,Vadodara(Baroda),Vadodara(Sayajipura),Mint(Pudina),Other,FAQ,2022-06-01 00:00:00,500.0,800.0,700.0,360
Gujarat,Vadodara(Baroda),Vadodara(Sayajipura),Mint(Pudina),Other,FAQ,2022-06-04 00:00:00,1800.0,2000.0,1950.0,360
Gujarat,Vadodara(Baroda),Vadodara(Sayajipura),Mint(Pudina),Other,FAQ,2022-06-11 00:00:00,2300.0,2500.0,2450.0,360
Gujarat,Vadodara(Baroda),Vadodara(Sayajipura),Mint(Pudina),Other,FAQ,2022-06-18 00:00:00,1800.0,2000.0,1950.0,360
Gujarat,Vadodara(Baroda),Vadodara(Sayajipura),Mint(Pudina),Other,FAQ,2022-06-21 00:00:00,2300.0,2500.0,2450.0,360
Gujarat,Vadodara(Baroda),Vadodara(Sayajipura),Mint(Pudina),Other,FAQ,2022-07-13 00:00:00,3000.0,3500.0,3300.0,360
Gujarat,Vadodara(Baroda),Vadodara(Sayajipura),Mint(Pudina),Other,FAQ,2022-07-23 00:00:00,5500.0,6000.0,5800.0,360
Gujarat,Vadodara(Baroda),Vadodara(Sayajipura),Mint(Pudina),Other,FAQ,2022-07-26 00:00:00,3500.0,4000.0,3800.0,360
Gujarat,Vadodara(Baroda),Vadodara(Sayajipura),Mint(Pudina),Other,FAQ,2022-08-22 00:00:00,3500.0,4000.0,3800.0,360
Gujarat,Vadodara(Baroda),Vadodara(Sayajipura),Mint(Pudina),Other,FAQ,2022-08-24 00:00:00,3000.0,3500.0,3300.0,360
Gujarat,Vadodara(Baroda),Vadodara(Sayajipura),Mint(Pudina),Other,FAQ,2022-08-31 00:00:00,3000.0,3500.0,3300.0,360
Gujarat,Vadodara(Baroda),Vadodara(Sayajipura),Mint(Pudina),Other,FAQ,2022-09-03 00:00:00,3000.0,3500.0,3300.0,360
Gujarat,Vadodara(Baroda),Vadodara(Sayajipura),Mint(Pudina),Other,FAQ,2022-09-13 00:00:00,3500.0,4000.0,3800.0,360
Gujarat,Vadodara(Baroda),Vadodara(Sayajipura),Mint(Pudina),Other,FAQ,2022-10-08 00:00:00,3000.0,3500.0,3300.0,360
Gujarat,Vadodara(Baroda),Vadodara(Sayajipura),Mint(Pudina),Other,FAQ,2022-10-11 00:00:00,3500.0,4000.0,3800.0,360
Gujarat,Vadodara(Baroda),Vadodara(Sayajipura),Mint(Pudina),Other,FAQ,2022-10-14 00:00:00,2800.0,3000.0,2900.0,360
Gujarat,Vadodara(Baroda),Vadodara(Sayajipura),Mint(Pudina),Other,FAQ,2022-10-18 00:00:00,2800.0,3000.0,2950.0,360
Gujarat,Vadodara(Baroda),Vadodara(Sayajipura),Mint(Pudina),Other,FAQ,2022-10-19 00:00:00,2800.0,3000.0,2950.0,360
Gujarat,Vadodara(Baroda),Vadodara(Sayajipura),Mint(Pudina),Other,FAQ,2022-10-21 00:00:00,2800.0,3000.0,2950.0,360
Gujarat,Vadodara(Baroda),Vadodara(Sayajipura),Mint(Pudina),Other,FAQ,2022-11-18 00:00:00,1800.0,2000.0,1950.0,360
Gujarat,Vadodara(Baroda),Vadodara(Sayajipura),Mint(Pudina),Other,FAQ,2022-11-26 00:00:00,2300.0,2500.0,2450.0,360
Gujarat,Vadodara(Baroda),Vadodara(Sayajipura),Mint(Pudina),Other,FAQ,2022-11-28 00:00:00,1800.0,2000.0,1950.0,360
Gujarat,Vadodara(Baroda),Vadodara(Sayajipura),Mint(Pudina),Other,FAQ,2022-12-20 00:00:00,1800.0,2000.0,1900.0,360
Gujarat,Vadodara(Baroda),Vadodara(Sayajipura),Mint(Pudina),Other,FAQ,2022-12-22 00:00:00,1800.0,2000.0,1950.0,360
Gujarat,Vadodara(Baroda),Vadodara(Sayajipura),Mint(Pudina),Other,FAQ,2022-12-25 00:00:00,1800.0,2000.0,1950.0,360
Gujarat,Ahmedabad,Ahmedabad(Rajnagar sub yard),Mint(Pudina),Other,FAQ,2022-01-01 00:00:00,1500.0,2500.0,2200.0,360
Gujarat,Ahmedabad,Ahmedabad(Rajnagar sub yard),Mint(Pudina),Other,FAQ,2022-01-08 00:00:00,1500.0,2250.0,1900.0,360
Gujarat,Ahmedabad,Ahmedabad(Rajnagar sub yard),Mint(Pudina),Other,FAQ,2022-01-13 00:00:00,1500.0,2200.0,2000.0,360
Gujarat,Ahmedabad,Ahmedabad(Rajnagar sub yard),Mint(Pudina),Other,FAQ,2022-01-17 00:00:00,1500.0,2500.0,2100.0,360
Gujarat,Ahmedabad,Ahmedabad(Rajnagar sub yard),Mint(Pudina),Other,FAQ,2022-02-01 00:00:00,1000.0,1750.0,1400.0,360
Gujarat,Ahmedabad,Ahmedabad(Rajnagar sub yard),Mint(Pudina),Other,FAQ,2022-02-04 00:00:00,1000.0,1500.0,1250.0,360
Gujarat,Ahmedabad,Ahmedabad(Rajnagar sub yard),Mint(Pudina),Other,FAQ,2022-02-08 00:00:00,1500.0,2000.0,1850.0,360
Gujarat,Ahmedabad,Ahmedabad(Rajnagar sub yard),Mint(Pudina),Other,FAQ,2022-02-11 00:00:00,700.0,1500.0,1250.0,360
Gujarat,Ahmedabad,Ahmedabad(Rajnagar sub yard),Mint(Pudina),Other,FAQ,2022-03-03 00:00:00,500.0,1000.0,750.0,360
Gujarat,Ahmedabad,Ahmedabad(Rajnagar sub yard),Mint(Pudina),Other,FAQ,2022-03-07 00:00:00,700.0,1000.0,850.0,360
Gujarat,Ahmedabad,Ahmedabad(Rajnagar sub yard),Mint(Pudina),Other,FAQ,2022-03-08 00:00:00,500.0,1000.0,800.0,360
Gujarat,Ahmedabad,Ahmedabad(Rajnagar sub yard),Mint(Pudina),Other,FAQ,2022-03-21 00:00:00,1000.0,1700.0,1400.0,360
Gujarat,Ahmedabad,Ahmedabad(Rajnagar sub yard),Mint(Pudina),Other,FAQ,2022-04-04 00:00:00,1500.0,2000.0,1850.0,360
Gujarat,Ahmedabad,Ahmedabad(Rajnagar sub yard),Mint(Pudina),Other,FAQ,2022-04-05 00:00:00,1000.0,1700.0,1550.0,360
Gujarat,Ahmedabad,Ahmedabad(Rajnagar sub yard),Mint(Pudina),Other,FAQ,2022-04-08 00:00:00,600.0,1500.0,1150.0,360
Gujarat,Ahmedabad,Ahmedabad(Rajnagar sub yard),Mint(Pudina),Other,FAQ,2022-04-22 00:00:00,1500.0,2500.0,2000.0,360
Gujarat,Ahmedabad,Ahmedabad(Rajnagar sub yard),Mint(Pudina),Other,FAQ,2022-04-23 00:00:00,1000.0,2000.0,1650.0,360
Gujarat,Ahmedabad,Ahmedabad(Rajnagar sub yard),Mint(Pudina),Other,FAQ,2022-04-27 00:00:00,1000.0,1750.0,1400.0,360
Gujarat,Ahmedabad,Ahmedabad(Rajnagar sub yard),Mint(Pudina),Other,FAQ,2022-04-29 00:00:00,900.0,1250.0,1150.0,360
Gujarat,Ahmedabad,Ahmedabad(Rajnagar sub yard),Mint(Pudina),Other,FAQ,2022-05-04 00:00:00,600.0,1500.0,1100.0,360
Gujarat,Ahmedabad,Ahmedabad(Rajnagar sub yard),Mint(Pudina),Other,FAQ,2022-05-09 00:00:00,1300.0,2500.0,2000.0,360
Gujarat,Ahmedabad,Ahmedabad(Rajnagar sub yard),Mint(Pudina),Other,FAQ,2022-05-11 00:00:00,1000.0,2500.0,1850.0,360
Gujarat,Ahmedabad,Ahmedabad(Rajnagar sub yard),Mint(Pudina),Other,FAQ,2022-05-16 00:00:00,1000.0,2000.0,1600.0,360
Gujarat,Ahmedabad,Ahmedabad(Rajnagar sub yard),Mint(Pudina),Other,FAQ,2022-05-21 00:00:00,1000.0,2500.0,2000.0,360
Gujarat,Ahmedabad,Ahmedabad(Rajnagar sub yard),Mint(Pudina),Other,FAQ,2022-06-02 00:00:00,1500.0,2500.0,2250.0,360
Gujarat,Ahmedabad,Ahmedabad(Rajnagar sub yard),Mint(Pudina),Other,FAQ,2022-06-07 00:00:00,2000.0,2500.0,2250.0,360
Gujarat,Ahmedabad,Ahmedabad(Rajnagar sub yard),Mint(Pudina),Other,FAQ,2022-06-09 00:00:00,1500.0,2500.0,2250.0,360
Gujarat,Ahmedabad,Ahmedabad(Rajnagar sub yard),Mint(Pudina),Other,FAQ,2022-06-20 00:00:00,1000.0,2500.0,2000.0,360
Gujarat,Ahmedabad,Ahmedabad(Rajnagar sub yard),Mint(Pudina),Other,FAQ,2022-06-21 00:00:00,1000.0,2500.0,1850.0,360
Gujarat,Ahmedabad,Ahmedabad(Rajnagar sub yard),Mint(Pudina),Other,FAQ,2022-07-08 00:00:00,1000.0,1600.0,1400.0,360
Gujarat,Ahmedabad,Ahmedabad(Rajnagar sub yard),Mint(Pudina),Other,FAQ,2022-07-09 00:00:00,1000.0,3000.0,2100.0,360
Gujarat,Ahmedabad,Ahmedabad(Rajnagar sub yard),Mint(Pudina),Other,FAQ,2022-07-26 00:00:00,1500.0,2500.0,2250.0,360
Gujarat,Ahmedabad,Ahmedabad(Rajnagar sub yard),Mint(Pudina),Other,FAQ,2022-11-05 00:00:00,2000.0,2500.0,2350.0,360
Gujarat,Dahod,Dahod(Veg. Market),Mint(Pudina),Mint(Pudina),FAQ,2022-01-01 00:00:00,3500.0,5000.0,4500.0,360
Gujarat,Dahod,Dahod(Veg. Market),Mint(Pudina),Mint(Pudina),FAQ,2022-01-04 00:00:00,3500.0,5000.0,4500.0,360
Gujarat,Dahod,Dahod(Veg. Market),Mint(Pudina),Mint(Pudina),FAQ,2022-01-05 00:00:00,2500.0,4000.0,3500.0,360
Gujarat,Dahod,Dahod(Veg. Market),Mint(Pudina),Mint(Pudina),FAQ,2022-01-21 00:00:00,2500.0,4000.0,3500.0,360
Gujarat,Dahod,Dahod(Veg. Market),Mint(Pudina),Mint(Pudina),FAQ,2022-01-26 00:00:00,2500.0,4000.0,3000.0,360
Gujarat,Dahod,Dahod(Veg. Market),Mint(Pudina),Mint(Pudina),FAQ,2022-01-27 00:00:00,2500.0,4000.0,3500.0,360
Gujarat,Dahod,Dahod(Veg. Market),Mint(Pudina),Mint(Pudina),FAQ,2022-02-02 00:00:00,3000.0,4000.0,3500.0,360
Gujarat,Dahod,Dahod(Veg. Market),Mint(Pudina),Mint(Pudina),FAQ,2022-02-06 00:00:00,2000.0,4000.0,3500.0,360
Gujarat,Dahod,Dahod(Veg. Market),Mint(Pudina),Mint(Pudina),FAQ,2022-02-12 00:00:00,3000.0,5000.0,4500.0,360
Gujarat,Dahod,Dahod(Veg. Market),Mint(Pudina),Mint(Pudina),FAQ,2022-02-18 00:00:00,3000.0,5000.0,4000.0,360
Gujarat,Dahod,Dahod(Veg. Market),Mint(Pudina),Mint(Pudina),FAQ,2022-03-07 00:00:00,2000.0,3000.0,2500.0,360
Gujarat,Dahod,Dahod(Veg. Market),Mint(Pudina),Mint(Pudina),FAQ,2022-03-12 00:00:00,1500.0,3000.0,2700.0,360
Gujarat,Dahod,Dahod(Veg. Market),Mint(Pudina),Mint(Pudina),FAQ,2022-03-17 00:00:00,1500.0,3000.0,2500.0,360
Gujarat,Dahod,Dahod(Veg. Market),Mint(Pudina),Mint(Pudina),FAQ,2022-03-25 00:00:00,2000.0,3000.0,2500.0,360
Gujarat,Dahod,Dahod(Veg. Market),Mint(Pudina),Mint(Pudina),FAQ,2022-03-31 00:00:00,1500.0,2500.0,2000.0,360
Gujarat,Dahod,Dahod(Veg. Market),Mint(Pudina),Mint(Pudina),FAQ,2022-04-12 00:00:00,2000.0,3000.0,2500.0,360
Gujarat,Dahod,Dahod(Veg. Market),Mint(Pudina),Mint(Pudina),FAQ,2022-04-18 00:00:00,1500.0,2500.0,2000.0,360
Gujarat,Dahod,Dahod(Veg. Market),Mint(Pudina),Mint(Pudina),FAQ,2022-04-23 00:00:00,2000.0,3000.0,2500.0,360
Gujarat,Dahod,Dahod(Veg. Market),Mint(Pudina),Mint(Pudina),FAQ,2022-05-04 00:00:00,2000.0,3500.0,2500.0,360
Gujarat,Dahod,Dahod(Veg. Market),Mint(Pudina),Mint(Pudina),FAQ,2022-05-15 00:00:00,2000.0,3000.0,2500.0,360
Gujarat,Dahod,Dahod(Veg. Market),Mint(Pudina),Mint(Pudina),FAQ,2022-05-20 00:00:00,2000.0,3000.0,2500.0,360
Gujarat,Dahod,Dahod(Veg. Market),Mint(Pudina),Mint(Pudina),FAQ,2022-05-23 00:00:00,2000.0,3000.0,2500.0,360
Gujarat,Dahod,Dahod(Veg. Market),Mint(Pudina),Mint(Pudina),FAQ,2022-05-27 00:00:00,2000.0,3000.0,2500.0,360
Gujarat,Dahod,Dahod(Veg. Market),Mint(Pudina),Mint(Pudina),FAQ,2022-05-30 00:00:00,2000.0,3000.0,2500.0,360
Gujarat,Dahod,Dahod(Veg. Market),Mint(Pudina),Mint(Pudina),FAQ,2022-06-10 00:00:00,2000.0,3000.0,2500.0,360
Gujarat,Dahod,Dahod(Veg. Market),Mint(Pudina),Mint(Pudina),FAQ,2022-06-24 00:00:00,3000.0,4000.0,3500.0,360
Gujarat,Dahod,Dahod(Veg. Market),Mint(Pudina),Mint(Pudina),FAQ,2022-06-25 00:00:00,3000.0,4000.0,3500.0,360
Gujarat,Dahod,Dahod(Veg. Market),Mint(Pudina),Mint(Pudina),FAQ,2022-07-04 00:00:00,3000.0,5000.0,4000.0,360
Gujarat,Dahod,Dahod(Veg. Market),Mint(Pudina),Mint(Pudina),FAQ,2022-07-17 00:00:00,3000.0,5000.0,4000.0,360
Gujarat,Dahod,Dahod(Veg. Market),Mint(Pudina),Mint(Pudina),FAQ,2022-07-21 00:00:00,3500.0,5000.0,4500.0,360
Gujarat,Dahod,Dahod(Veg. Market),Mint(Pudina),Mint(Pudina),FAQ,2022-07-23 00:00:00,3500.0,5000.0,4500.0,360
Gujarat,Dahod,Dahod(Veg. Market),Mint(Pudina),Mint(Pudina),FAQ,2022-07-29 00:00:00,5000.0,8000.0,6000.0,360
Gujarat,Dahod,Dahod(Veg. Market),Mint(Pudina),Mint(Pudina),FAQ,2022-07-30 00:00:00,6000.0,8000.0,7000.0,360
Gujarat,Dahod,Dahod(Veg. Market),Mint(Pudina),Mint(Pudina),FAQ,2022-08-03 00:00:00,4000.0,10000.0,6000.0,360
Gujarat,Dahod,Dahod(Veg. Market),Mint(Pudina),Mint(Pudina),FAQ,2022-08-05 00:00:00,6000.0,10000.0,7000.0,360
Gujarat,Dahod,Dahod(Veg. Market),Mint(Pudina),Mint(Pudina),FAQ,2022-08-06 00:00:00,6000.0,10000.0,8000.0,360
Gujarat,Dahod,Dahod(Veg. Market),Mint(Pudina),Mint(Pudina),FAQ,2022-08-08 00:00:00,6000.0,10000.0,9000.0,360
Gujarat,Dahod,Dahod(Veg. Market),Mint(Pudina),Mint(Pudina),FAQ,2022-08-12 00:00:00,6000.0,10000.0,9000.0,360
Gujarat,Dahod,Dahod(Veg. Market),Mint(Pudina),Mint(Pudina),FAQ,2022-08-16 00:00:00,5000.0,10000.0,8000.0,360
Gujarat,Dahod,Dahod(Veg. Market),Mint(Pudina),Mint(Pudina),FAQ,2022-08-28 00:00:00,9000.0,12000.0,11000.0,360
Gujarat,Dahod,Dahod(Veg. Market),Mint(Pudina),Mint(Pudina),FAQ,2022-08-31 00:00:00,8000.0,10000.0,9000.0,360
Gujarat,Dahod,Dahod(Veg. Market),Mint(Pudina),Mint(Pudina),FAQ,2022-09-01 00:00:00,9000.0,10000.0,9500.0,360
Gujarat,Dahod,Dahod(Veg. Market),Mint(Pudina),Mint(Pudina),FAQ,2022-09-05 00:00:00,8000.0,10000.0,9000.0,360
Gujarat,Dahod,Dahod(Veg. Market),Mint(Pudina),Mint(Pudina),FAQ,2022-09-10 00:00:00,8000.0,10000.0,9000.0,360
Gujarat,Dahod,Dahod(Veg. Market),Mint(Pudina),Mint(Pudina),FAQ,2022-09-13 00:00:00,7000.0,10000.0,8000.0,360
Gujarat,Dahod,Dahod(Veg. Market),Mint(Pudina),Mint(Pudina),FAQ,2022-09-14 00:00:00,8000.0,10000.0,9000.0,360
Gujarat,Dahod,Dahod(Veg. Market),Mint(Pudina),Mint(Pudina),FAQ,2022-09-17 00:00:00,6000.0,10000.0,9000.0,360
Gujarat,Dahod,Dahod(Veg. Market),Mint(Pudina),Mint(Pudina),FAQ,2022-09-19 00:00:00,6000.0,10000.0,9000.0,360
Gujarat,Dahod,Dahod(Veg. Market),Mint(Pudina),Mint(Pudina),FAQ,2022-09-24 00:00:00,4000.0,10000.0,5500.0,360
Gujarat,Dahod,Dahod(Veg. Market),Mint(Pudina),Mint(Pudina),FAQ,2022-09-26 00:00:00,7000.0,8000.0,7500.0,360
Gujarat,Dahod,Dahod(Veg. Market),Mint(Pudina),Mint(Pudina),FAQ,2022-09-28 00:00:00,5000.0,6500.0,6000.0,360
Gujarat,Dahod,Dahod(Veg. Market),Mint(Pudina),Mint(Pudina),FAQ,2022-09-29 00:00:00,5000.0,8000.0,7000.0,360
Gujarat,Dahod,Dahod(Veg. Market),Mint(Pudina),Mint(Pudina),FAQ,2022-10-03 00:00:00,3000.0,6000.0,5000.0,360
Gujarat,Dahod,Dahod(Veg. Market),Mint(Pudina),Mint(Pudina),FAQ,2022-10-06 00:00:00,2500.0,5500.0,4500.0,360
Gujarat,Dahod,Dahod(Veg. Market),Mint(Pudina),Mint(Pudina),FAQ,2022-10-16 00:00:00,4500.0,7000.0,6000.0,360
Gujarat,Dahod,Dahod(Veg. Market),Mint(Pudina),Mint(Pudina),FAQ,2022-10-21 00:00:00,6000.0,8000.0,7000.0,360
Gujarat,Dahod,Dahod(Veg. Market),Mint(Pudina),Mint(Pudina),FAQ,2022-11-07 00:00:00,7000.0,10000.0,8000.0,360
Gujarat,Dahod,Dahod(Veg. Market),Mint(Pudina),Mint(Pudina),FAQ,2022-11-16 00:00:00,6000.0,10000.0,8000.0,360
Gujarat,Dahod,Dahod(Veg. Market),Mint(Pudina),Mint(Pudina),FAQ,2022-11-21 00:00:00,5000.0,8000.0,6000.0,360
Gujarat,Dahod,Dahod(Veg. Market),Mint(Pudina),Mint(Pudina),FAQ,2022-11-27 00:00:00,5000.0,8000.0,7000.0,360
Gujarat,Dahod,Dahod(Veg. Market),Mint(Pudina),Mint(Pudina),FAQ,2022-12-02 00:00:00,5000.0,7000.0,6000.0,360
Gujarat,Dahod,Dahod(Veg. Market),Mint(Pudina),Mint(Pudina),FAQ,2022-12-07 00:00:00,5000.0,6000.0,5500.0,360
Gujarat,Dahod,Dahod(Veg. Market),Mint(Pudina),Mint(Pudina),FAQ,2022-12-19 00:00:00,3000.0,5000.0,4000.0,360
Gujarat,Ahmedabad,Ahmedabad(Rajnagar sub yard),Mint(Pudina),Other,FAQ,2020-01-08 00:00:00,1000.0,1800.0,1450.0,360
Gujarat,Ahmedabad,Ahmedabad(Rajnagar sub yard),Mint(Pudina),Other,FAQ,2020-01-17 00:00:00,1000.0,2500.0,1850.0,360
Gujarat,Ahmedabad,Ahmedabad(Rajnagar sub yard),Mint(Pudina),Other,FAQ,2020-01-20 00:00:00,1000.0,1600.0,1400.0,360
Gujarat,Ahmedabad,Ahmedabad(Rajnagar sub yard),Mint(Pudina),Other,FAQ,2020-01-21 00:00:00,800.0,1200.0,1100.0,360
Gujarat,Ahmedabad,Ahmedabad(Rajnagar sub yard),Mint(Pudina),Other,FAQ,2020-01-23 00:00:00,800.0,1200.0,1050.0,360
Gujarat,Ahmedabad,Ahmedabad(Rajnagar sub yard),Mint(Pudina),Other,FAQ,2020-01-30 00:00:00,1000.0,1800.0,1500.0,360
Gujarat,Ahmedabad,Ahmedabad(Rajnagar sub yard),Mint(Pudina),Other,FAQ,2020-02-20 00:00:00,800.0,1200.0,1050.0,360
Gujarat,Ahmedabad,Ahmedabad(Rajnagar sub yard),Mint(Pudina),Other,FAQ,2020-02-26 00:00:00,500.0,2000.0,1350.0,360
Gujarat,Ahmedabad,Ahmedabad(Rajnagar sub yard),Mint(Pudina),Other,FAQ,2020-03-06 00:00:00,400.0,800.0,650.0,360
Gujarat,Ahmedabad,Ahmedabad(Rajnagar sub yard),Mint(Pudina),Other,FAQ,2020-03-07 00:00:00,800.0,1300.0,1150.0,360
Gujarat,Ahmedabad,Ahmedabad(Rajnagar sub yard),Mint(Pudina),Other,FAQ,2020-03-19 00:00:00,500.0,1000.0,800.0,360
Gujarat,Ahmedabad,Ahmedabad(Rajnagar sub yard),Mint(Pudina),Other,FAQ,2020-03-26 00:00:00,1550.0,2000.0,1800.0,360
Gujarat,Ahmedabad,Ahmedabad(Rajnagar sub yard),Mint(Pudina),Other,FAQ,2020-03-31 00:00:00,1200.0,2500.0,1900.0,360
Gujarat,Ahmedabad,Ahmedabad(Rajnagar sub yard),Mint(Pudina),Other,FAQ,2020-06-18 00:00:00,1500.0,2500.0,2200.0,360
Gujarat,Ahmedabad,Ahmedabad(Rajnagar sub yard),Mint(Pudina),Other,FAQ,2020-07-10 00:00:00,2500.0,3000.0,2850.0,360
Gujarat,Ahmedabad,Ahmedabad(Rajnagar sub yard),Mint(Pudina),Other,FAQ,2020-07-16 00:00:00,600.0,1500.0,1100.0,360
Gujarat,Ahmedabad,Ahmedabad(Rajnagar sub yard),Mint(Pudina),Other,FAQ,2020-11-12 00:00:00,1200.0,1500.0,1400.0,360
Gujarat,Ahmedabad,Ahmedabad(Rajnagar sub yard),Mint(Pudina),Other,FAQ,2020-11-24 00:00:00,2000.0,2500.0,2350.0,360
Gujarat,Ahmedabad,Ahmedabad(Rajnagar sub yard),Mint(Pudina),Other,FAQ,2020-12-17 00:00:00,800.0,1000.0,950.0,360
Gujarat,Anand,"Petlad(Veg Yard, Petlad)",Mint(Pudina),Other,FAQ,2020-01-06 00:00:00,2000.0,3000.0,2500.0,360
Gujarat,Anand,"Petlad(Veg Yard, Petlad)",Mint(Pudina),Other,FAQ,2020-03-05 00:00:00,2000.0,3250.0,2625.0,360
Gujarat,Bharuch,Bharuch,Mint(Pudina),Other,FAQ,2020-01-22 00:00:00,1300.0,1500.0,1400.0,360
Gujarat,Bharuch,Bharuch,Mint(Pudina),Other,FAQ,2020-11-30 00:00:00,1300.0,1500.0,1400.0,360
Gujarat,Dahod,Dahod(Veg. Market),Mint(Pudina),Mint(Pudina),FAQ,2020-01-04 00:00:00,2000.0,3000.0,2500.0,360
Gujarat,Dahod,Dahod(Veg. Market),Mint(Pudina),Mint(Pudina),FAQ,2020-01-16 00:00:00,2000.0,3000.0,2500.0,360
Gujarat,Dahod,Dahod(Veg. Market),Mint(Pudina),Mint(Pudina),FAQ,2020-02-18 00:00:00,1000.0,2000.0,1500.0,360
Gujarat,Dahod,Dahod(Veg. Market),Mint(Pudina),Mint(Pudina),FAQ,2020-02-24 00:00:00,2000.0,3000.0,2500.0,360
Gujarat,Dahod,Dahod(Veg. Market),Mint(Pudina),Mint(Pudina),FAQ,2020-02-25 00:00:00,1500.0,3000.0,2500.0,360
Gujarat,Dahod,Dahod(Veg. Market),Mint(Pudina),Mint(Pudina),FAQ,2020-02-28 00:00:00,2000.0,2500.0,2200.0,360
Gujarat,Dahod,Dahod(Veg. Market),Mint(Pudina),Mint(Pudina),FAQ,2020-03-21 00:00:00,2000.0,2500.0,2500.0,360
Gujarat,Dahod,Dahod(Veg. Market),Mint(Pudina),Mint(Pudina),FAQ,2020-04-04 00:00:00,1500.0,3000.0,2500.0,360
Gujarat,Dahod,Dahod(Veg. Market),Mint(Pudina),Mint(Pudina),FAQ,2020-04-07 00:00:00,1500.0,2000.0,1700.0,360
Gujarat,Dahod,Dahod(Veg. Market),Mint(Pudina),Mint(Pudina),FAQ,2020-04-19 00:00:00,1500.0,3000.0,2500.0,360
Gujarat,Dahod,Dahod(Veg. Market),Mint(Pudina),Mint(Pudina),FAQ,2020-04-25 00:00:00,1500.0,3000.0,2500.0,360
Gujarat,Dahod,Dahod(Veg. Market),Mint(Pudina),Mint(Pudina),FAQ,2020-04-29 00:00:00,1500.0,3000.0,2000.0,360
Gujarat,Dahod,Dahod(Veg. Market),Mint(Pudina),Mint(Pudina),FAQ,2020-05-02 00:00:00,2000.0,3000.0,2500.0,360
Gujarat,Dahod,Dahod(Veg. Market),Mint(Pudina),Mint(Pudina),FAQ,2020-05-06 00:00:00,1500.0,3000.0,2500.0,360
Gujarat,Dahod,Dahod(Veg. Market),Mint(Pudina),Mint(Pudina),FAQ,2020-05-08 00:00:00,1500.0,3000.0,2500.0,360
Gujarat,Dahod,Dahod(Veg. Market),Mint(Pudina),Mint(Pudina),FAQ,2020-05-26 00:00:00,2000.0,3000.0,2500.0,360
Gujarat,Dahod,Dahod(Veg. Market),Mint(Pudina),Mint(Pudina),FAQ,2020-05-27 00:00:00,2500.0,3000.0,2800.0,360
Gujarat,Dahod,Dahod(Veg. Market),Mint(Pudina),Mint(Pudina),FAQ,2020-06-08 00:00:00,3000.0,3000.0,3000.0,360
Gujarat,Dahod,Dahod(Veg. Market),Mint(Pudina),Mint(Pudina),FAQ,2020-06-12 00:00:00,1000.0,2200.0,1500.0,360
Gujarat,Dahod,Dahod(Veg. Market),Mint(Pudina),Mint(Pudina),FAQ,2020-06-17 00:00:00,1500.0,3000.0,2000.0,360
Gujarat,Dahod,Dahod(Veg. Market),Mint(Pudina),Mint(Pudina),FAQ,2020-06-19 00:00:00,1500.0,3000.0,2000.0,360
Gujarat,Dahod,Dahod(Veg. Market),Mint(Pudina),Mint(Pudina),FAQ,2020-06-20 00:00:00,1500.0,2000.0,1700.0,360
Gujarat,Dahod,Dahod(Veg. Market),Mint(Pudina),Mint(Pudina),FAQ,2020-07-04 00:00:00,1500.0,2000.0,1800.0,360
Gujarat,Dahod,Dahod(Veg. Market),Mint(Pudina),Mint(Pudina),FAQ,2020-07-13 00:00:00,1500.0,2000.0,1700.0,360
Gujarat,Dahod,Dahod(Veg. Market),Mint(Pudina),Mint(Pudina),FAQ,2020-07-31 00:00:00,4000.0,6000.0,5000.0,360
Gujarat,Dahod,Dahod(Veg. Market),Mint(Pudina),Mint(Pudina),FAQ,2020-08-11 00:00:00,4000.0,7000.0,6000.0,360
Gujarat,Dahod,Dahod(Veg. Market),Mint(Pudina),Mint(Pudina),FAQ,2020-08-12 00:00:00,6000.0,8000.0,7000.0,360
Gujarat,Dahod,Dahod(Veg. Market),Mint(Pudina),Mint(Pudina),FAQ,2020-08-20 00:00:00,6000.0,10000.0,9000.0,360
Gujarat,Dahod,Dahod(Veg. Market),Mint(Pudina),Mint(Pudina),FAQ,2020-08-24 00:00:00,8000.0,10000.0,9000.0,360
Gujarat,Dahod,Dahod(Veg. Market),Mint(Pudina),Mint(Pudina),FAQ,2020-08-27 00:00:00,9000.0,11000.0,10000.0,360
Gujarat,Dahod,Dahod(Veg. Market),Mint(Pudina),Mint(Pudina),FAQ,2020-08-31 00:00:00,10000.0,12000.0,11000.0,360
Gujarat,Dahod,Dahod(Veg. Market),Mint(Pudina),Mint(Pudina),FAQ,2020-09-04 00:00:00,12000.0,12000.0,12000.0,360
Gujarat,Dahod,Dahod(Veg. Market),Mint(Pudina),Mint(Pudina),FAQ,2020-09-12 00:00:00,10000.0,10000.0,10000.0,360
Gujarat,Dahod,Dahod(Veg. Market),Mint(Pudina),Mint(Pudina),FAQ,2020-09-14 00:00:00,8000.0,12000.0,10000.0,360
Gujarat,Dahod,Dahod(Veg. Market),Mint(Pudina),Mint(Pudina),FAQ,2020-09-17 00:00:00,8000.0,9000.0,8500.0,360
Gujarat,Dahod,Dahod(Veg. Market),Mint(Pudina),Mint(Pudina),FAQ,2020-09-19 00:00:00,8000.0,10000.0,9000.0,360
Gujarat,Dahod,Dahod(Veg. Market),Mint(Pudina),Mint(Pudina),FAQ,2020-09-22 00:00:00,5000.0,10000.0,7000.0,360
Gujarat,Dahod,Dahod(Veg. Market),Mint(Pudina),Mint(Pudina),FAQ,2020-09-25 00:00:00,5000.0,8000.0,7500.0,360
Gujarat,Dahod,Dahod(Veg. Market),Mint(Pudina),Mint(Pudina),FAQ,2020-09-29 00:00:00,8000.0,8000.0,8000.0,360
Gujarat,Dahod,Dahod(Veg. Market),Mint(Pudina),Mint(Pudina),FAQ,2020-10-02 00:00:00,5000.0,8000.0,6000.0,360
Gujarat,Dahod,Dahod(Veg. Market),Mint(Pudina),Mint(Pudina),FAQ,2020-10-26 00:00:00,6000.0,6000.0,6000.0,360
Gujarat,Dahod,Dahod(Veg. Market),Mint(Pudina),Mint(Pudina),FAQ,2020-11-01 00:00:00,5000.0,7000.0,6000.0,360
Gujarat,Dahod,Dahod(Veg. Market),Mint(Pudina),Mint(Pudina),FAQ,2020-11-06 00:00:00,4000.0,6000.0,5000.0,360
Gujarat,Dahod,Dahod(Veg. Market),Mint(Pudina),Mint(Pudina),FAQ,2020-11-11 00:00:00,4000.0,5500.0,4500.0,360
Gujarat,Dahod,Dahod(Veg. Market),Mint(Pudina),Mint(Pudina),FAQ,2020-11-14 00:00:00,3500.0,5000.0,4500.0,360
Gujarat,Dahod,Dahod(Veg. Market),Mint(Pudina),Mint(Pudina),FAQ,2020-11-15 00:00:00,4000.0,5000.0,5000.0,360
Gujarat,Dahod,Dahod(Veg. Market),Mint(Pudina),Mint(Pudina),FAQ,2020-11-28 00:00:00,4000.0,6000.0,5000.0,360
Gujarat,Dahod,Dahod(Veg. Market),Mint(Pudina),Mint(Pudina),FAQ,2020-12-01 00:00:00,4000.0,5500.0,5000.0,360
Gujarat,Dahod,Dahod(Veg. Market),Mint(Pudina),Mint(Pudina),FAQ,2020-12-18 00:00:00,4000.0,5000.0,4500.0,360
Gujarat,Dahod,Dahod(Veg. Market),Mint(Pudina),Mint(Pudina),FAQ,2020-12-23 00:00:00,4000.0,6000.0,5000.0,360
Gujarat,Dahod,Dahod(Veg. Market),Mint(Pudina),Mint(Pudina),FAQ,2020-12-25 00:00:00,3000.0,5000.0,4000.0,360
Gujarat,Dahod,Dahod(Veg. Market),Mint(Pudina),Mint(Pudina),FAQ,2020-12-26 00:00:00,3000.0,5000.0,4000.0,360
Gujarat,Vadodara(Baroda),Vadodara(Sayajipura),Mint(Pudina),Other,FAQ,2020-01-19 00:00:00,1300.0,1500.0,1450.0,360
Gujarat,Vadodara(Baroda),Vadodara(Sayajipura),Mint(Pudina),Other,FAQ,2020-01-21 00:00:00,1300.0,1500.0,1450.0,360
Gujarat,Vadodara(Baroda),Vadodara(Sayajipura),Mint(Pudina),Other,FAQ,2020-01-22 00:00:00,1300.0,1500.0,1450.0,360
Gujarat,Vadodara(Baroda),Vadodara(Sayajipura),Mint(Pudina),Other,FAQ,2020-01-30 00:00:00,1300.0,1500.0,1400.0,360
Gujarat,Vadodara(Baroda),Vadodara(Sayajipura),Mint(Pudina),Other,FAQ,2020-02-06 00:00:00,1300.0,1500.0,1450.0,360
Gujarat,Vadodara(Baroda),Vadodara(Sayajipura),Mint(Pudina),Other,FAQ,2020-02-27 00:00:00,1300.0,1500.0,1450.0,360
Gujarat,Vadodara(Baroda),Vadodara(Sayajipura),Mint(Pudina),Other,FAQ,2020-03-01 00:00:00,1000.0,1200.0,1150.0,360
Gujarat,Vadodara(Baroda),Vadodara(Sayajipura),Mint(Pudina),Other,FAQ,2020-03-12 00:00:00,1100.0,1400.0,1300.0,360
Gujarat,Vadodara(Baroda),Vadodara(Sayajipura),Mint(Pudina),Other,FAQ,2020-03-20 00:00:00,1300.0,1500.0,1450.0,360
Gujarat,Vadodara(Baroda),Vadodara(Sayajipura),Mint(Pudina),Other,FAQ,2020-04-23 00:00:00,1600.0,1700.0,1675.0,360
Gujarat,Vadodara(Baroda),Vadodara(Sayajipura),Mint(Pudina),Other,FAQ,2020-04-25 00:00:00,1400.0,1600.0,1550.0,360
Gujarat,Vadodara(Baroda),Vadodara(Sayajipura),Mint(Pudina),Other,FAQ,2020-05-02 00:00:00,1200.0,1500.0,1400.0,360
Gujarat,Vadodara(Baroda),Vadodara(Sayajipura),Mint(Pudina),Other,FAQ,2020-05-12 00:00:00,1200.0,1600.0,1500.0,360
Gujarat,Vadodara(Baroda),Vadodara(Sayajipura),Mint(Pudina),Other,FAQ,2020-05-24 00:00:00,1200.0,1600.0,1500.0,360
Gujarat,Vadodara(Baroda),Vadodara(Sayajipura),Mint(Pudina),Other,FAQ,2020-05-25 00:00:00,1200.0,1600.0,1500.0,360
Gujarat,Vadodara(Baroda),Vadodara(Sayajipura),Mint(Pudina),Other,FAQ,2020-06-26 00:00:00,800.0,1200.0,1100.0,360
Gujarat,Vadodara(Baroda),Vadodara(Sayajipura),Mint(Pudina),Other,FAQ,2020-07-25 00:00:00,1300.0,1800.0,1600.0,360
Gujarat,Vadodara(Baroda),Vadodara(Sayajipura),Mint(Pudina),Other,FAQ,2020-11-09 00:00:00,2500.0,3000.0,2800.0,360
Gujarat,Vadodara(Baroda),Vadodara(Sayajipura),Mint(Pudina),Other,FAQ,2020-11-12 00:00:00,2000.0,2500.0,2300.0,360
Gujarat,Vadodara(Baroda),Vadodara(Sayajipura),Mint(Pudina),Other,FAQ,2020-11-30 00:00:00,1200.0,1700.0,1500.0,360
Gujarat,Vadodara(Baroda),Vadodara(Sayajipura),Mint(Pudina),Other,FAQ,2020-12-12 00:00:00,900.0,1400.0,1300.0,360
Gujarat,Vadodara(Baroda),Vadodara(Sayajipura),Mint(Pudina),Other,FAQ,2020-12-19 00:00:00,1300.0,1500.0,1450.0,360
Gujarat,Vadodara(Baroda),Vadodara(Sayajipura),Mint(Pudina),Other,FAQ,2020-12-29 00:00:00,1800.0,2000.0,1900.0,360
Gujarat,Dahod,Dahod(Veg. Market),Mint(Pudina),Mint(Pudina),FAQ,2018-08-12 00:00:00,5000.0,8000.0,6500.0,360
Gujarat,Dahod,Dahod(Veg. Market),Mint(Pudina),Mint(Pudina),FAQ,2018-08-20 00:00:00,5000.0,8000.0,7000.0,360
Gujarat,Dahod,Dahod(Veg. Market),Mint(Pudina),Mint(Pudina),FAQ,2018-08-21 00:00:00,5000.0,8000.0,7000.0,360
Gujarat,Dahod,Dahod(Veg. Market),Mint(Pudina),Mint(Pudina),FAQ,2018-08-28 00:00:00,5000.0,8000.0,7000.0,360
Gujarat,Dahod,Dahod(Veg. Market),Mint(Pudina),Mint(Pudina),FAQ,2018-08-30 00:00:00,5000.0,8000.0,7000.0,360
Gujarat,Dahod,Dahod(Veg. Market),Mint(Pudina),Mint(Pudina),FAQ,2018-09-02 00:00:00,6000.0,8000.0,7000.0,360
Gujarat,Dahod,Dahod(Veg. Market),Mint(Pudina),Mint(Pudina),FAQ,2018-09-12 00:00:00,10000.0,12000.0,11000.0,360
Gujarat,Dahod,Dahod(Veg. Market),Mint(Pudina),Mint(Pudina),FAQ,2018-11-02 00:00:00,2000.0,3500.0,3000.0,360
Gujarat,Dahod,Dahod(Veg. Market),Mint(Pudina),Mint(Pudina),FAQ,2018-11-05 00:00:00,1500.0,4000.0,3000.0,360
Gujarat,Dahod,Dahod(Veg. Market),Mint(Pudina),Mint(Pudina),FAQ,2018-11-07 00:00:00,1500.0,4000.0,3500.0,360
Gujarat,Dahod,Dahod(Veg. Market),Mint(Pudina),Mint(Pudina),FAQ,2018-11-20 00:00:00,2000.0,5000.0,4000.0,360
Gujarat,Dahod,Dahod(Veg. Market),Mint(Pudina),Mint(Pudina),FAQ,2018-11-24 00:00:00,2500.0,4000.0,3300.0,360
Gujarat,Dahod,Dahod(Veg. Market),Mint(Pudina),Mint(Pudina),FAQ,2018-11-26 00:00:00,2000.0,4000.0,3000.0,360
Gujarat,Dahod,Dahod(Veg. Market),Mint(Pudina),Mint(Pudina),FAQ,2018-12-07 00:00:00,2000.0,3000.0,2500.0,360
Gujarat,Dahod,Dahod(Veg. Market),Mint(Pudina),Mint(Pudina),FAQ,2018-12-09 00:00:00,2000.0,3000.0,2800.0,360
Gujarat,Dahod,Dahod(Veg. Market),Mint(Pudina),Mint(Pudina),FAQ,2018-12-10 00:00:00,2000.0,4000.0,3000.0,360
Gujarat,Dahod,Dahod(Veg. Market),Mint(Pudina),Mint(Pudina),FAQ,2018-12-23 00:00:00,3000.0,5000.0,4000.0,360
Gujarat,Dahod,Dahod(Veg. Market),Mint(Pudina),Mint(Pudina),FAQ,2018-12-25 00:00:00,3000.0,5000.0,4000.0,360
Gujarat,Vadodara(Baroda),Padra,Mint(Pudina),Other,FAQ,2018-11-12 00:00:00,2000.0,2250.0,2100.0,360
Gujarat,Vadodara(Baroda),Padra,Mint(Pudina),Other,FAQ,2018-11-14 00:00:00,1000.0,1500.0,1300.0,360
Gujarat,Vadodara(Baroda),Padra,Mint(Pudina),Other,FAQ,2018-12-27 00:00:00,1750.0,2000.0,1850.0,360
Gujarat,Vadodara(Baroda),Vadodara(Sayajipura),Mint(Pudina),Other,FAQ,2018-01-06 00:00:00,1500.0,2000.0,1750.0,360
Gujarat,Vadodara(Baroda),Vadodara(Sayajipura),Mint(Pudina),Other,FAQ,2018-01-20 00:00:00,2000.0,2500.0,2250.0,360
Gujarat,Vadodara(Baroda),Vadodara(Sayajipura),Mint(Pudina),Other,FAQ,2018-01-23 00:00:00,1500.0,2000.0,1750.0,360
Gujarat,Vadodara(Baroda),Vadodara(Sayajipura),Mint(Pudina),Other,FAQ,2018-01-24 00:00:00,1000.0,1500.0,1250.0,360
Gujarat,Vadodara(Baroda),Vadodara(Sayajipura),Mint(Pudina),Other,FAQ,2018-01-27 00:00:00,1500.0,2000.0,1800.0,360
Gujarat,Vadodara(Baroda),Vadodara(Sayajipura),Mint(Pudina),Other,FAQ,2018-01-28 00:00:00,1500.0,2000.0,1800.0,360
Gujarat,Vadodara(Baroda),Vadodara(Sayajipura),Mint(Pudina),Other,FAQ,2018-02-08 00:00:00,1500.0,2000.0,1750.0,360
Gujarat,Vadodara(Baroda),Vadodara(Sayajipura),Mint(Pudina),Other,FAQ,2018-02-10 00:00:00,1000.0,1500.0,1250.0,360
Gujarat,Vadodara(Baroda),Vadodara(Sayajipura),Mint(Pudina),Other,FAQ,2018-02-17 00:00:00,1500.0,2000.0,1750.0,360
Gujarat,Vadodara(Baroda),Vadodara(Sayajipura),Mint(Pudina),Other,FAQ,2018-03-03 00:00:00,1500.0,2000.0,1800.0,360
Gujarat,Vadodara(Baroda),Vadodara(Sayajipura),Mint(Pudina),Other,FAQ,2018-03-04 00:00:00,1500.0,2000.0,1800.0,360
Gujarat,Vadodara(Baroda),Vadodara(Sayajipura),Mint(Pudina),Other,FAQ,2018-03-12 00:00:00,1200.0,1500.0,1375.0,360
Gujarat,Vadodara(Baroda),Vadodara(Sayajipura),Mint(Pudina),Other,FAQ,2018-04-05 00:00:00,1500.0,2000.0,1775.0,360
Gujarat,Vadodara(Baroda),Vadodara(Sayajipura),Mint(Pudina),Other,FAQ,2018-04-17 00:00:00,1300.0,1500.0,1400.0,360
Gujarat,Vadodara(Baroda),Vadodara(Sayajipura),Mint(Pudina),Other,FAQ,2018-04-21 00:00:00,1300.0,1500.0,1425.0,360
Gujarat,Vadodara(Baroda),Vadodara(Sayajipura),Mint(Pudina),Other,FAQ,2018-05-11 00:00:00,1300.0,1750.0,1550.0,360
Gujarat,Vadodara(Baroda),Vadodara(Sayajipura),Mint(Pudina),Other,FAQ,2018-05-20 00:00:00,1800.0,2200.0,2050.0,360
Gujarat,Vadodara(Baroda),Vadodara(Sayajipura),Mint(Pudina),Other,FAQ,2018-05-29 00:00:00,1000.0,2000.0,1550.0,360
Gujarat,Vadodara(Baroda),Vadodara(Sayajipura),Mint(Pudina),Other,FAQ,2018-07-02 00:00:00,1500.0,1700.0,1625.0,360
Gujarat,Vadodara(Baroda),Vadodara(Sayajipura),Mint(Pudina),Other,FAQ,2018-07-05 00:00:00,2000.0,2200.0,2150.0,360
Gujarat,Vadodara(Baroda),Vadodara(Sayajipura),Mint(Pudina),Other,FAQ,2018-07-15 00:00:00,1750.0,2250.0,2050.0,360
Gujarat,Vadodara(Baroda),Vadodara(Sayajipura),Mint(Pudina),Other,FAQ,2018-08-09 00:00:00,3500.0,4000.0,3800.0,360
Gujarat,Vadodara(Baroda),Vadodara(Sayajipura),Mint(Pudina),Other,FAQ,2018-08-29 00:00:00,2000.0,2500.0,2300.0,360
Gujarat,Vadodara(Baroda),Vadodara(Sayajipura),Mint(Pudina),Other,FAQ,2018-09-02 00:00:00,2500.0,3000.0,2800.0,360
Gujarat,Vadodara(Baroda),Vadodara(Sayajipura),Mint(Pudina),Other,FAQ,2018-09-12 00:00:00,2500.0,3000.0,2800.0,360
Gujarat,Vadodara(Baroda),Vadodara(Sayajipura),Mint(Pudina),Other,FAQ,2018-09-20 00:00:00,2000.0,2500.0,2300.0,360
Gujarat,Vadodara(Baroda),Vadodara(Sayajipura),Mint(Pudina),Other,FAQ,2018-09-26 00:00:00,2000.0,2500.0,2300.0,360
Gujarat,Dahod,Dahod(Veg. Market),Mint(Pudina),Mint(Pudina),FAQ,2018-04-01 00:00:00,1000.0,3000.0,2000.0,360
Gujarat,Dahod,Dahod(Veg. Market),Mint(Pudina),Mint(Pudina),FAQ,2018-04-04 00:00:00,1500.0,3000.0,2500.0,360
Gujarat,Dahod,Dahod(Veg. Market),Mint(Pudina),Mint(Pudina),FAQ,2018-04-21 00:00:00,1500.0,3000.0,2500.0,360
Gujarat,Dahod,Dahod(Veg. Market),Mint(Pudina),Mint(Pudina),FAQ,2018-05-16 00:00:00,2000.0,3000.0,2500.0,360
Gujarat,Dahod,Dahod(Veg. Market),Mint(Pudina),Mint(Pudina),FAQ,2018-05-18 00:00:00,2000.0,3000.0,2500.0,360
Gujarat,Dahod,Dahod(Veg. Market),Mint(Pudina),Mint(Pudina),FAQ,2018-05-21 00:00:00,2500.0,4000.0,3500.0,360
Gujarat,Dahod,Dahod(Veg. Market),Mint(Pudina),Mint(Pudina),FAQ,2018-05-26 00:00:00,2000.0,4000.0,3000.0,360
Gujarat,Dahod,Dahod(Veg. Market),Mint(Pudina),Mint(Pudina),FAQ,2018-06-02 00:00:00,3000.0,5000.0,4000.0,360
Gujarat,Dahod,Dahod(Veg. Market),Mint(Pudina),Mint(Pudina),FAQ,2018-06-17 00:00:00,2500.0,5000.0,4000.0,360
Gujarat,Dahod,Dahod(Veg. Market),Mint(Pudina),Mint(Pudina),FAQ,2018-06-18 00:00:00,3000.0,5000.0,4000.0,360
Gujarat,Dahod,Dahod(Veg. Market),Mint(Pudina),Mint(Pudina),FAQ,2018-06-24 00:00:00,4000.0,6000.0,5000.0,360
Gujarat,Dahod,Dahod(Veg. Market),Mint(Pudina),Mint(Pudina),FAQ,2018-07-04 00:00:00,2000.0,4000.0,3000.0,360
Gujarat,Dahod,Dahod(Veg. Market),Mint(Pudina),Mint(Pudina),FAQ,2018-07-12 00:00:00,3500.0,5000.0,4500.0,360
Gujarat,Dahod,Dahod(Veg. Market),Mint(Pudina),Mint(Pudina),FAQ,2018-07-17 00:00:00,2500.0,3500.0,3000.0,360
Gujarat,Dahod,Dahod(Veg. Market),Mint(Pudina),Mint(Pudina),FAQ,2018-07-22 00:00:00,4000.0,5000.0,4500.0,360
Gujarat,Dahod,Dahod(Veg. Market),Mint(Pudina),Mint(Pudina),FAQ,2018-07-25 00:00:00,4000.0,4500.0,4300.0,360
Gujarat,Dahod,Dahod(Veg. Market),Mint(Pudina),Mint(Pudina),FAQ,2018-08-02 00:00:00,5000.0,10000.0,7000.0,360
Gujarat,Dahod,Dahod(Veg. Market),Mint(Pudina),Mint(Pudina),FAQ,2018-08-07 00:00:00,5000.0,8500.0,8000.0,360
Gujarat,Ahmedabad,Ahmedabad(Rajnagar sub yard),Mint(Pudina),Other,FAQ,2024-02-06 00:00:00,1000.0,1500.0,1350.0,360
Gujarat,Ahmedabad,Ahmedabad(Rajnagar sub yard),Mint(Pudina),Other,FAQ,2024-02-12 00:00:00,1000.0,1500.0,1350.0,360
Gujarat,Ahmedabad,Ahmedabad(Rajnagar sub yard),Mint(Pudina),Other,FAQ,2024-02-24 00:00:00,1000.0,2000.0,1600.0,360
Gujarat,Ahmedabad,Ahmedabad(Rajnagar sub yard),Mint(Pudina),Other,FAQ,2024-03-05 00:00:00,1000.0,1500.0,1350.0,360
Gujarat,Ahmedabad,Ahmedabad(Rajnagar sub yard),Mint(Pudina),Other,FAQ,2024-03-15 00:00:00,1000.0,1500.0,1350.0,360
Gujarat,Ahmedabad,Ahmedabad(Rajnagar sub yard),Mint(Pudina),Other,FAQ,2024-04-09 00:00:00,1200.0,2000.0,1750.0,360
Gujarat,Ahmedabad,Ahmedabad(Rajnagar sub yard),Mint(Pudina),Other,FAQ,2024-04-24 00:00:00,1200.0,2500.0,1850.0,360
Gujarat,Dahod,Dahod(Veg. Market),Mint(Pudina),Mint(Pudina),FAQ,2024-01-07 00:00:00,2500.0,4000.0,3500.0,360
Gujarat,Dahod,Dahod(Veg. Market),Mint(Pudina),Mint(Pudina),FAQ,2024-01-09 00:00:00,3000.0,4000.0,3500.0,360
Gujarat,Dahod,Dahod(Veg. Market),Mint(Pudina),Mint(Pudina),FAQ,2024-01-27 00:00:00,2000.0,3000.0,2500.0,360
Gujarat,Dahod,Dahod(Veg. Market),Mint(Pudina),Mint(Pudina),FAQ,2024-01-28 00:00:00,2000.0,3000.0,2500.0,360
Gujarat,Dahod,Dahod(Veg. Market),Mint(Pudina),Mint(Pudina),FAQ,2024-02-12 00:00:00,2500.0,3000.0,2800.0,360
Gujarat,Dahod,Dahod(Veg. Market),Mint(Pudina),Mint(Pudina),FAQ,2024-02-13 00:00:00,2500.0,3000.0,2800.0,360
Gujarat,Dahod,Dahod(Veg. Market),Mint(Pudina),Mint(Pudina),FAQ,2024-02-15 00:00:00,2000.0,3000.0,2500.0,360
Gujarat,Dahod,Dahod(Veg. Market),Mint(Pudina),Mint(Pudina),FAQ,2024-02-23 00:00:00,2000.0,3000.0,2500.0,360
Gujarat,Dahod,Dahod(Veg. Market),Mint(Pudina),Mint(Pudina),FAQ,2024-02-29 00:00:00,2000.0,2500.0,2200.0,360
Gujarat,Dahod,Dahod(Veg. Market),Mint(Pudina),Mint(Pudina),FAQ,2024-03-01 00:00:00,1000.0,2500.0,2300.0,360
Gujarat,Dahod,Dahod(Veg. Market),Mint(Pudina),Mint(Pudina),FAQ,2024-03-03 00:00:00,2000.0,2500.0,2200.0,360
Gujarat,Dahod,Dahod(Veg. Market),Mint(Pudina),Mint(Pudina),FAQ,2024-03-20 00:00:00,1000.0,2000.0,1700.0,360
Gujarat,Dahod,Dahod(Veg. Market),Mint(Pudina),Mint(Pudina),FAQ,2024-03-21 00:00:00,1000.0,3000.0,2500.0,360
Gujarat,Dahod,Dahod(Veg. Market),Mint(Pudina),Mint(Pudina),FAQ,2024-04-04 00:00:00,1500.0,2500.0,2000.0,360
Gujarat,Dahod,Dahod(Veg. Market),Mint(Pudina),Mint(Pudina),FAQ,2024-04-12 00:00:00,2000.0,3000.0,2500.0,360
Gujarat,Dahod,Dahod(Veg. Market),Mint(Pudina),Mint(Pudina),FAQ,2024-04-15 00:00:00,2000.0,3000.0,2500.0,360
Gujarat,Dahod,Dahod(Veg. Market),Mint(Pudina),Mint(Pudina),FAQ,2024-04-17 00:00:00,1500.0,2500.0,2000.0,360
Gujarat,Dahod,Dahod(Veg. Market),Mint(Pudina),Mint(Pudina),FAQ,2024-04-19 00:00:00,1500.0,3000.0,2500.0,360
Gujarat,Dahod,Dahod(Veg. Market),Mint(Pudina),Mint(Pudina),FAQ,2024-04-21 00:00:00,2000.0,3000.0,2500.0,360
Gujarat,Dahod,Dahod(Veg. Market),Mint(Pudina),Mint(Pudina),FAQ,2024-04-28 00:00:00,1500.0,3000.0,2000.0,360
Gujarat,Vadodara(Baroda),Vadodara(Sayajipura),Mint(Pudina),Other,FAQ,2024-01-02 00:00:00,2300.0,2500.0,2400.0,360
Gujarat,Vadodara(Baroda),Vadodara(Sayajipura),Mint(Pudina),Other,FAQ,2024-01-20 00:00:00,2300.0,2500.0,2400.0,360
Gujarat,Vadodara(Baroda),Vadodara(Sayajipura),Mint(Pudina),Other,FAQ,2024-02-01 00:00:00,2800.0,3000.0,2900.0,360
Gujarat,Vadodara(Baroda),Vadodara(Sayajipura),Mint(Pudina),Other,FAQ,2024-02-17 00:00:00,2800.0,3000.0,2900.0,360
Gujarat,Vadodara(Baroda),Vadodara(Sayajipura),Mint(Pudina),Other,FAQ,2024-02-28 00:00:00,1800.0,2000.0,1900.0,360
Gujarat,Vadodara(Baroda),Vadodara(Sayajipura),Mint(Pudina),Other,FAQ,2024-02-29 00:00:00,1800.0,2000.0,1900.0,360
Gujarat,Vadodara(Baroda),Vadodara(Sayajipura),Mint(Pudina),Other,FAQ,2024-03-20 00:00:00,1800.0,2000.0,1900.0,360
Gujarat,Vadodara(Baroda),Vadodara(Sayajipura),Mint(Pudina),Other,FAQ,2024-03-21 00:00:00,1800.0,2000.0,1900.0,360
Gujarat,Vadodara(Baroda),Vadodara(Sayajipura),Mint(Pudina),Other,FAQ,2024-04-13 00:00:00,2300.0,2500.0,2400.0,360
Gujarat,Vadodara(Baroda),Vadodara(Sayajipura),Mint(Pudina),Other,FAQ,2024-04-19 00:00:00,2300.0,2500.0,2450.0,360
Gujarat,Dahod,Dahod(Veg. Market),Mint(Pudina),Mint(Pudina),FAQ,2024-07-02 00:00:00,3000.0,5000.0,4000.0,360
Gujarat,Dahod,Dahod(Veg. Market),Mint(Pudina),Mint(Pudina),FAQ,2024-07-08 00:00:00,3000.0,4000.0,3500.0,360
Gujarat,Dahod,Dahod(Veg. Market),Mint(Pudina),Mint(Pudina),FAQ,2024-07-16 00:00:00,4000.0,4500.0,4250.0,360
Gujarat,Dahod,Dahod(Veg. Market),Mint(Pudina),Mint(Pudina),FAQ,2024-07-21 00:00:00,4500.0,5000.0,4750.0,360
Gujarat,Dahod,Dahod(Veg. Market),Mint(Pudina),Mint(Pudina),FAQ,2024-07-23 00:00:00,9000.0,12000.0,10000.0,360
Gujarat,Dahod,Dahod(Veg. Market),Mint(Pudina),Mint(Pudina),FAQ,2024-07-26 00:00:00,5000.0,10000.0,7500.0,360
Gujarat,Vadodara(Baroda),Vadodara(Sayajipura),Mint(Pudina),Other,FAQ,2024-07-01 00:00:00,3800.0,4000.0,3900.0,360
Gujarat,Vadodara(Baroda),Vadodara(Sayajipura),Mint(Pudina),Other,FAQ,2024-07-03 00:00:00,4500.0,5000.0,4800.0,360
Gujarat,Vadodara(Baroda),Vadodara(Sayajipura),Mint(Pudina),Other,FAQ,2024-07-04 00:00:00,4500.0,5000.0,4800.0,360
Gujarat,Vadodara(Baroda),Vadodara(Sayajipura),Mint(Pudina),Other,FAQ,2024-07-20 00:00:00,3800.0,4000.0,3900.0,360
Gujarat,Dahod,Dahod(Veg. Market),Mint(Pudina),Mint(Pudina),FAQ,2025-04-02 00:00:00,2000.0,4000.0,3500.0,360
Gujarat,Dahod,Dahod(Veg. Market),Mint(Pudina),Mint(Pudina),FAQ,2025-04-05 00:00:00,2000.0,3000.0,2500.0,360
Gujarat,Dahod,Dahod(Veg. Market),Mint(Pudina),Mint(Pudina),FAQ,2025-04-11 00:00:00,2000.0,3000.0,2500.0,360
Gujarat,Dahod,Dahod(Veg. Market),Mint(Pudina),Mint(Pudina),FAQ,2025-04-16 00:00:00,2000.0,3000.0,2500.0,360
Gujarat,Dahod,Dahod(Veg. Market),Mint(Pudina),Mint(Pudina),FAQ,2025-04-26 00:00:00,2000.0,3000.0,2500.0,360
Gujarat,Dahod,Dahod(Veg. Market),Mint(Pudina),Mint(Pudina),FAQ,2025-04-30 00:00:00,2000.0,3000.0,2500.0,360
Gujarat,Vadodara(Baroda),Vadodara(Sayajipura),Mint(Pudina),Other,FAQ,2025-04-02 00:00:00,1800.0,2000.0,1900.0,360
Gujarat,Vadodara(Baroda),Vadodara(Sayajipura),Mint(Pudina),Other,FAQ,2025-04-03 00:00:00,1800.0,2000.0,1900.0,360
Gujarat,Vadodara(Baroda),Vadodara(Sayajipura),Mint(Pudina),Other,FAQ,2025-04-11 00:00:00,1800.0,2000.0,1900.0,360
Gujarat,Vadodara(Baroda),Vadodara(Sayajipura),Mint(Pudina),Other,FAQ,2025-04-15 00:00:00,1800.0,2000.0,1900.0,360
Gujarat,Dahod,Dahod(Veg. Market),Mint(Pudina),Mint(Pudina),FAQ,2024-12-25 00:00:00,3000.0,4000.0,3500.0,360
Gujarat,Dahod,Dahod(Veg. Market),Mint(Pudina),Mint(Pudina),FAQ,2024-12-30 00:00:00,600.0,2500.0,2000.0,360
Gujarat,Vadodara(Baroda),Vadodara(Sayajipura),Mint(Pudina),Other,FAQ,2024-12-02 00:00:00,2800.0,3000.0,2900.0,360
Gujarat,Vadodara(Baroda),Vadodara(Sayajipura),Mint(Pudina),Other,FAQ,2024-12-03 00:00:00,3300.0,3500.0,3400.0,360
Gujarat,Vadodara(Baroda),Vadodara(Sayajipura),Mint(Pudina),Other,FAQ,2024-12-05 00:00:00,3300.0,3500.0,3400.0,360
Gujarat,Vadodara(Baroda),Vadodara(Sayajipura),Mint(Pudina),Other,FAQ,2024-12-25 00:00:00,2800.0,3000.0,2900.0,360
Gujarat,Bharuch,Bharuch,Mint(Pudina),Other,FAQ,2025-02-02 00:00:00,1500.0,2000.0,1700.0,360
Gujarat,Bharuch,Bharuch,Mint(Pudina),Other,FAQ,2025-02-26 00:00:00,2000.0,3000.0,2500.0,360
Gujarat,Vadodara(Baroda),Vadodara(Sayajipura),Mint(Pudina),Other,FAQ,2025-02-09 00:00:00,1800.0,2000.0,1900.0,360
Gujarat,Vadodara(Baroda),Vadodara(Sayajipura),Mint(Pudina),Other,FAQ,2025-02-13 00:00:00,1800.0,2000.0,1900.0,360
Gujarat,Ahmedabad,Ahmedabad(Rajnagar sub yard),Mint(Pudina),Other,FAQ,2023-02-21 00:00:00,800.0,1200.0,1000.0,360
Gujarat,Ahmedabad,Ahmedabad(Rajnagar sub yard),Mint(Pudina),Other,FAQ,2023-03-31 00:00:00,800.0,1800.0,1350.0,360
Gujarat,Ahmedabad,Ahmedabad(Rajnagar sub yard),Mint(Pudina),Other,FAQ,2023-04-08 00:00:00,800.0,1200.0,1100.0,360
Gujarat,Ahmedabad,Ahmedabad(Rajnagar sub yard),Mint(Pudina),Other,FAQ,2023-04-25 00:00:00,800.0,1300.0,1100.0,360
Gujarat,Ahmedabad,Ahmedabad(Rajnagar sub yard),Mint(Pudina),Other,FAQ,2023-04-29 00:00:00,800.0,2000.0,1500.0,360
Gujarat,Ahmedabad,Ahmedabad(Rajnagar sub yard),Mint(Pudina),Other,FAQ,2023-05-05 00:00:00,800.0,1500.0,1250.0,360
Gujarat,Ahmedabad,Ahmedabad(Rajnagar sub yard),Mint(Pudina),Other,FAQ,2023-05-16 00:00:00,1200.0,2000.0,1700.0,360
Gujarat,Ahmedabad,Ahmedabad(Rajnagar sub yard),Mint(Pudina),Other,FAQ,2023-05-23 00:00:00,1000.0,2000.0,1650.0,360
Gujarat,Ahmedabad,Ahmedabad(Rajnagar sub yard),Mint(Pudina),Other,FAQ,2023-05-30 00:00:00,1200.0,1800.0,1500.0,360
Gujarat,Ahmedabad,Ahmedabad(Rajnagar sub yard),Mint(Pudina),Other,FAQ,2023-05-31 00:00:00,1000.0,1750.0,1650.0,360
Gujarat,Ahmedabad,Ahmedabad(Rajnagar sub yard),Mint(Pudina),Other,FAQ,2023-06-05 00:00:00,1000.0,1500.0,1300.0,360
Gujarat,Ahmedabad,Ahmedabad(Rajnagar sub yard),Mint(Pudina),Other,FAQ,2023-06-09 00:00:00,800.0,1500.0,1250.0,360
Gujarat,Ahmedabad,Ahmedabad(Rajnagar sub yard),Mint(Pudina),Other,FAQ,2023-06-17 00:00:00,1000.0,2500.0,2000.0,360
Gujarat,Ahmedabad,Ahmedabad(Rajnagar sub yard),Mint(Pudina),Other,FAQ,2023-07-03 00:00:00,1000.0,2000.0,1500.0,360
Gujarat,Ahmedabad,Ahmedabad(Rajnagar sub yard),Mint(Pudina),Other,FAQ,2023-07-04 00:00:00,1000.0,1500.0,1300.0,360
Gujarat,Ahmedabad,Ahmedabad(Rajnagar sub yard),Mint(Pudina),Other,FAQ,2023-07-07 00:00:00,800.0,2200.0,1600.0,360
Gujarat,Ahmedabad,Ahmedabad(Rajnagar sub yard),Mint(Pudina),Other,FAQ,2023-07-13 00:00:00,1000.0,2000.0,1800.0,360
Gujarat,Ahmedabad,Ahmedabad(Rajnagar sub yard),Mint(Pudina),Other,FAQ,2023-07-26 00:00:00,1000.0,1500.0,1350.0,360
Gujarat,Ahmedabad,Ahmedabad(Rajnagar sub yard),Mint(Pudina),Other,FAQ,2023-08-04 00:00:00,1200.0,1800.0,1500.0,360
Gujarat,Ahmedabad,Ahmedabad(Rajnagar sub yard),Mint(Pudina),Other,FAQ,2023-08-11 00:00:00,1000.0,2000.0,1750.0,360
Gujarat,Ahmedabad,Ahmedabad(Rajnagar sub yard),Mint(Pudina),Other,FAQ,2023-08-12 00:00:00,1000.0,1800.0,1500.0,360
Gujarat,Ahmedabad,Ahmedabad(Rajnagar sub yard),Mint(Pudina),Other,FAQ,2023-08-22 00:00:00,1000.0,2500.0,1850.0,360
Gujarat,Ahmedabad,Ahmedabad(Rajnagar sub yard),Mint(Pudina),Other,FAQ,2023-09-11 00:00:00,1000.0,2500.0,1850.0,360
Gujarat,Ahmedabad,Ahmedabad(Rajnagar sub yard),Mint(Pudina),Other,FAQ,2023-09-14 00:00:00,1000.0,2500.0,1800.0,360
Gujarat,Ahmedabad,Ahmedabad(Rajnagar sub yard),Mint(Pudina),Other,FAQ,2023-09-30 00:00:00,1500.0,3500.0,2650.0,360
Gujarat,Ahmedabad,Ahmedabad(Rajnagar sub yard),Mint(Pudina),Other,FAQ,2023-10-04 00:00:00,1500.0,4000.0,2850.0,360
Gujarat,Ahmedabad,Ahmedabad(Rajnagar sub yard),Mint(Pudina),Other,FAQ,2023-10-11 00:00:00,1500.0,3000.0,2250.0,360
Gujarat,Ahmedabad,Ahmedabad(Rajnagar sub yard),Mint(Pudina),Other,FAQ,2023-10-14 00:00:00,2000.0,3000.0,2650.0,360
Gujarat,Ahmedabad,Ahmedabad(Rajnagar sub yard),Mint(Pudina),Other,FAQ,2023-10-21 00:00:00,1500.0,2500.0,2100.0,360
Gujarat,Ahmedabad,Ahmedabad(Rajnagar sub yard),Mint(Pudina),Other,FAQ,2023-10-25 00:00:00,1500.0,3500.0,2650.0,360
Gujarat,Ahmedabad,Ahmedabad(Rajnagar sub yard),Mint(Pudina),Other,FAQ,2023-12-30 00:00:00,1200.0,3000.0,2200.0,360
Gujarat,Dahod,Dahod(Veg. Market),Mint(Pudina),Mint(Pudina),FAQ,2023-01-08 00:00:00,3500.0,4000.0,3700.0,360
Gujarat,Dahod,Dahod(Veg. Market),Mint(Pudina),Mint(Pudina),FAQ,2023-01-12 00:00:00,3000.0,4000.0,3500.0,360
Gujarat,Dahod,Dahod(Veg. Market),Mint(Pudina),Mint(Pudina),FAQ,2023-01-19 00:00:00,3000.0,5000.0,4000.0,360
Gujarat,Dahod,Dahod(Veg. Market),Mint(Pudina),Mint(Pudina),FAQ,2023-01-26 00:00:00,3000.0,5000.0,4000.0,360
Gujarat,Dahod,Dahod(Veg. Market),Mint(Pudina),Mint(Pudina),FAQ,2023-01-28 00:00:00,4000.0,5000.0,4500.0,360
Gujarat,Dahod,Dahod(Veg. Market),Mint(Pudina),Mint(Pudina),FAQ,2023-02-02 00:00:00,4000.0,5000.0,4500.0,360
Gujarat,Dahod,Dahod(Veg. Market),Mint(Pudina),Mint(Pudina),FAQ,2023-02-03 00:00:00,4000.0,5000.0,4500.0,360
Gujarat,Dahod,Dahod(Veg. Market),Mint(Pudina),Mint(Pudina),FAQ,2023-02-04 00:00:00,4000.0,5000.0,4500.0,360
Gujarat,Dahod,Dahod(Veg. Market),Mint(Pudina),Mint(Pudina),FAQ,2023-02-06 00:00:00,4000.0,5000.0,4500.0,360
Gujarat,Dahod,Dahod(Veg. Market),Mint(Pudina),Mint(Pudina),FAQ,2023-02-09 00:00:00,4000.0,5000.0,4500.0,360
Gujarat,Dahod,Dahod(Veg. Market),Mint(Pudina),Mint(Pudina),FAQ,2023-02-13 00:00:00,3000.0,5000.0,4000.0,360
Gujarat,Dahod,Dahod(Veg. Market),Mint(Pudina),Mint(Pudina),FAQ,2023-02-19 00:00:00,3000.0,4000.0,3500.0,360
Gujarat,Dahod,Dahod(Veg. Market),Mint(Pudina),Mint(Pudina),FAQ,2023-02-25 00:00:00,3000.0,4000.0,3500.0,360
Gujarat,Dahod,Dahod(Veg. Market),Mint(Pudina),Mint(Pudina),FAQ,2023-02-27 00:00:00,3000.0,4000.0,3500.0,360
Gujarat,Dahod,Dahod(Veg. Market),Mint(Pudina),Mint(Pudina),FAQ,2023-03-10 00:00:00,3000.0,4000.0,3500.0,360
Gujarat,Dahod,Dahod(Veg. Market),Mint(Pudina),Mint(Pudina),FAQ,2023-03-13 00:00:00,3000.0,4000.0,3500.0,360
Gujarat,Dahod,Dahod(Veg. Market),Mint(Pudina),Mint(Pudina),FAQ,2023-03-17 00:00:00,3000.0,4000.0,4000.0,360
Gujarat,Dahod,Dahod(Veg. Market),Mint(Pudina),Mint(Pudina),FAQ,2023-03-22 00:00:00,2500.0,4000.0,3000.0,360
Gujarat,Dahod,Dahod(Veg. Market),Mint(Pudina),Mint(Pudina),FAQ,2023-03-24 00:00:00,3000.0,4000.0,3800.0,360
Gujarat,Dahod,Dahod(Veg. Market),Mint(Pudina),Mint(Pudina),FAQ,2023-03-25 00:00:00,3000.0,4000.0,3700.0,360
Gujarat,Dahod,Dahod(Veg. Market),Mint(Pudina),Mint(Pudina),FAQ,2023-03-30 00:00:00,2500.0,4000.0,3000.0,360
Gujarat,Dahod,Dahod(Veg. Market),Mint(Pudina),Mint(Pudina),FAQ,2023-04-09 00:00:00,2000.0,3000.0,2500.0,360
Gujarat,Dahod,Dahod(Veg. Market),Mint(Pudina),Mint(Pudina),FAQ,2023-04-18 00:00:00,2000.0,5000.0,3000.0,360
Gujarat,Dahod,Dahod(Veg. Market),Mint(Pudina),Mint(Pudina),FAQ,2023-04-27 00:00:00,2000.0,3000.0,2500.0,360
Gujarat,Dahod,Dahod(Veg. Market),Mint(Pudina),Mint(Pudina),FAQ,2023-04-28 00:00:00,2500.0,3000.0,3000.0,360
Gujarat,Dahod,Dahod(Veg. Market),Mint(Pudina),Mint(Pudina),FAQ,2023-05-09 00:00:00,2000.0,3000.0,2500.0,360
Gujarat,Dahod,Dahod(Veg. Market),Mint(Pudina),Mint(Pudina),FAQ,2023-05-15 00:00:00,2500.0,4000.0,3000.0,360
Gujarat,Dahod,Dahod(Veg. Market),Mint(Pudina),Mint(Pudina),FAQ,2023-05-16 00:00:00,2500.0,4000.0,3000.0,360
Gujarat,Dahod,Dahod(Veg. Market),Mint(Pudina),Mint(Pudina),FAQ,2023-05-17 00:00:00,2500.0,4000.0,3000.0,360
Gujarat,Dahod,Dahod(Veg. Market),Mint(Pudina),Mint(Pudina),FAQ,2023-05-20 00:00:00,2500.0,4000.0,3000.0,360
Gujarat,Dahod,Dahod(Veg. Market),Mint(Pudina),Mint(Pudina),FAQ,2023-05-27 00:00:00,3000.0,5000.0,4000.0,360
Gujarat,Dahod,Dahod(Veg. Market),Mint(Pudina),Mint(Pudina),FAQ,2023-06-02 00:00:00,3000.0,5000.0,4500.0,360
Gujarat,Dahod,Dahod(Veg. Market),Mint(Pudina),Mint(Pudina),FAQ,2023-06-06 00:00:00,3000.0,4000.0,3500.0,360
Gujarat,Dahod,Dahod(Veg. Market),Mint(Pudina),Mint(Pudina),FAQ,2023-06-09 00:00:00,3000.0,4000.0,3500.0,360
Gujarat,Dahod,Dahod(Veg. Market),Mint(Pudina),Mint(Pudina),FAQ,2023-06-12 00:00:00,3000.0,4000.0,3500.0,360
Gujarat,Dahod,Dahod(Veg. Market),Mint(Pudina),Mint(Pudina),FAQ,2023-06-17 00:00:00,3000.0,4000.0,3500.0,360
Gujarat,Dahod,Dahod(Veg. Market),Mint(Pudina),Mint(Pudina),FAQ,2023-07-13 00:00:00,3000.0,5000.0,4000.0,360
Gujarat,Dahod,Dahod(Veg. Market),Mint(Pudina),Mint(Pudina),FAQ,2023-07-14 00:00:00,3000.0,5000.0,4000.0,360
Gujarat,Dahod,Dahod(Veg. Market),Mint(Pudina),Mint(Pudina),FAQ,2023-08-11 00:00:00,2500.0,5000.0,4500.0,360
Gujarat,Dahod,Dahod(Veg. Market),Mint(Pudina),Mint(Pudina),FAQ,2023-08-17 00:00:00,5000.0,10000.0,9500.0,360
Gujarat,Dahod,Dahod(Veg. Market),Mint(Pudina),Mint(Pudina),FAQ,2023-08-18 00:00:00,5000.0,10000.0,9500.0,360
Gujarat,Dahod,Dahod(Veg. Market),Mint(Pudina),Mint(Pudina),FAQ,2023-08-25 00:00:00,5000.0,8000.0,7500.0,360
Gujarat,Dahod,Dahod(Veg. Market),Mint(Pudina),Mint(Pudina),FAQ,2023-08-26 00:00:00,5000.0,8000.0,7500.0,360
Gujarat,Dahod,Dahod(Veg. Market),Mint(Pudina),Mint(Pudina),FAQ,2023-08-31 00:00:00,5000.0,8000.0,7500.0,360
Gujarat,Dahod,Dahod(Veg. Market),Mint(Pudina),Mint(Pudina),FAQ,2023-09-02 00:00:00,5000.0,8500.0,6000.0,360
Gujarat,Dahod,Dahod(Veg. Market),Mint(Pudina),Mint(Pudina),FAQ,2023-09-03 00:00:00,5000.0,9000.0,7000.0,360
Gujarat,Dahod,Dahod(Veg. Market),Mint(Pudina),Mint(Pudina),FAQ,2023-09-06 00:00:00,5000.0,6500.0,5500.0,360
Gujarat,Dahod,Dahod(Veg. Market),Mint(Pudina),Mint(Pudina),FAQ,2023-09-10 00:00:00,4500.0,5500.0,5000.0,360
Gujarat,Dahod,Dahod(Veg. Market),Mint(Pudina),Mint(Pudina),FAQ,2023-09-12 00:00:00,5500.0,5500.0,5500.0,360
Gujarat,Dahod,Dahod(Veg. Market),Mint(Pudina),Mint(Pudina),FAQ,2023-09-15 00:00:00,6000.0,6000.0,6000.0,360
Gujarat,Dahod,Dahod(Veg. Market),Mint(Pudina),Mint(Pudina),FAQ,2023-09-18 00:00:00,5000.0,8000.0,5000.0,360
Gujarat,Dahod,Dahod(Veg. Market),Mint(Pudina),Mint(Pudina),FAQ,2023-09-21 00:00:00,4500.0,5500.0,5000.0,360
Gujarat,Dahod,Dahod(Veg. Market),Mint(Pudina),Mint(Pudina),FAQ,2023-09-23 00:00:00,7000.0,7000.0,7000.0,360
Gujarat,Dahod,Dahod(Veg. Market),Mint(Pudina),Mint(Pudina),FAQ,2023-09-26 00:00:00,8000.0,8000.0,8000.0,360
Gujarat,Dahod,Dahod(Veg. Market),Mint(Pudina),Mint(Pudina),FAQ,2023-10-03 00:00:00,7000.0,10000.0,9000.0,360
Gujarat,Dahod,Dahod(Veg. Market),Mint(Pudina),Mint(Pudina),FAQ,2023-10-06 00:00:00,7000.0,10000.0,9000.0,360
Gujarat,Dahod,Dahod(Veg. Market),Mint(Pudina),Mint(Pudina),FAQ,2023-10-09 00:00:00,5000.0,8000.0,7000.0,360
Gujarat,Dahod,Dahod(Veg. Market),Mint(Pudina),Mint(Pudina),FAQ,2023-10-10 00:00:00,5000.0,8000.0,7000.0,360
Gujarat,Dahod,Dahod(Veg. Market),Mint(Pudina),Mint(Pudina),FAQ,2023-10-20 00:00:00,5000.0,7000.0,6000.0,360
Gujarat,Dahod,Dahod(Veg. Market),Mint(Pudina),Mint(Pudina),FAQ,2023-10-22 00:00:00,6000.0,7000.0,6500.0,360
Gujarat,Dahod,Dahod(Veg. Market),Mint(Pudina),Mint(Pudina),FAQ,2023-10-23 00:00:00,6000.0,7000.0,6500.0,360
Gujarat,Dahod,Dahod(Veg. Market),Mint(Pudina),Mint(Pudina),FAQ,2023-10-25 00:00:00,6000.0,7000.0,6500.0,360
Gujarat,Dahod,Dahod(Veg. Market),Mint(Pudina),Mint(Pudina),FAQ,2023-10-26 00:00:00,5000.0,5500.0,5000.0,360
Gujarat,Dahod,Dahod(Veg. Market),Mint(Pudina),Mint(Pudina),FAQ,2023-10-28 00:00:00,5000.0,7000.0,6000.0,360
Gujarat,Dahod,Dahod(Veg. Market),Mint(Pudina),Mint(Pudina),FAQ,2023-11-06 00:00:00,5000.0,6000.0,5500.0,360
Gujarat,Dahod,Dahod(Veg. Market),Mint(Pudina),Mint(Pudina),FAQ,2023-11-07 00:00:00,4000.0,6000.0,5000.0,360
Gujarat,Dahod,Dahod(Veg. Market),Mint(Pudina),Mint(Pudina),FAQ,2023-11-24 00:00:00,4000.0,6000.0,5000.0,360
Gujarat,Dahod,Dahod(Veg. Market),Mint(Pudina),Mint(Pudina),FAQ,2023-12-01 00:00:00,5000.0,5000.0,5000.0,360
Gujarat,Dahod,Dahod(Veg. Market),Mint(Pudina),Mint(Pudina),FAQ,2023-12-03 00:00:00,5000.0,5000.0,5000.0,360
Gujarat,Dahod,Dahod(Veg. Market),Mint(Pudina),Mint(Pudina),FAQ,2023-12-06 00:00:00,4000.0,4500.0,4200.0,360
Gujarat,Dahod,Dahod(Veg. Market),Mint(Pudina),Mint(Pudina),FAQ,2023-12-16 00:00:00,4500.0,5000.0,5000.0,360
Gujarat,Dahod,Dahod(Veg. Market),Mint(Pudina),Mint(Pudina),FAQ,2023-12-18 00:00:00,3000.0,5000.0,4000.0,360
Gujarat,Dahod,Dahod(Veg. Market),Mint(Pudina),Mint(Pudina),FAQ,2023-12-26 00:00:00,3000.0,4000.0,3500.0,360
Gujarat,Dahod,Dahod(Veg. Market),Mint(Pudina),Mint(Pudina),FAQ,2023-12-30 00:00:00,3000.0,4000.0,3500.0,360
Gujarat,Vadodara(Baroda),Vadodara(Sayajipura),Mint(Pudina),Other,FAQ,2023-01-02 00:00:00,1800.0,2000.0,1950.0,360
Gujarat,Vadodara(Baroda),Vadodara(Sayajipura),Mint(Pudina),Other,FAQ,2023-01-08 00:00:00,1800.0,2000.0,1950.0,360
Gujarat,Vadodara(Baroda),Vadodara(Sayajipura),Mint(Pudina),Other,FAQ,2023-01-16 00:00:00,1300.0,1500.0,1450.0,360
Gujarat,Vadodara(Baroda),Vadodara(Sayajipura),Mint(Pudina),Other,FAQ,2023-02-04 00:00:00,1800.0,2000.0,1900.0,360
Gujarat,Vadodara(Baroda),Vadodara(Sayajipura),Mint(Pudina),Other,FAQ,2023-02-05 00:00:00,1800.0,2000.0,1900.0,360
Gujarat,Vadodara(Baroda),Vadodara(Sayajipura),Mint(Pudina),Other,FAQ,2023-02-06 00:00:00,1800.0,2000.0,1900.0,360
Gujarat,Vadodara(Baroda),Vadodara(Sayajipura),Mint(Pudina),Other,FAQ,2023-02-10 00:00:00,1300.0,1500.0,1450.0,360
Gujarat,Vadodara(Baroda),Vadodara(Sayajipura),Mint(Pudina),Other,FAQ,2023-02-14 00:00:00,1800.0,2000.0,1950.0,360
Gujarat,Vadodara(Baroda),Vadodara(Sayajipura),Mint(Pudina),Other,FAQ,2023-02-15 00:00:00,1800.0,2000.0,1900.0,360
Gujarat,Vadodara(Baroda),Vadodara(Sayajipura),Mint(Pudina),Other,FAQ,2023-02-18 00:00:00,1800.0,2000.0,1900.0,360
Gujarat,Vadodara(Baroda),Vadodara(Sayajipura),Mint(Pudina),Other,FAQ,2023-02-23 00:00:00,1800.0,2000.0,1900.0,360
Gujarat,Vadodara(Baroda),Vadodara(Sayajipura),Mint(Pudina),Other,FAQ,2023-02-25 00:00:00,1800.0,2000.0,1900.0,360
Gujarat,Vadodara(Baroda),Vadodara(Sayajipura),Mint(Pudina),Other,FAQ,2023-03-12 00:00:00,1500.0,1600.0,1550.0,360
Gujarat,Vadodara(Baroda),Vadodara(Sayajipura),Mint(Pudina),Other,FAQ,2023-03-14 00:00:00,1800.0,2000.0,1950.0,360
Gujarat,Vadodara(Baroda),Vadodara(Sayajipura),Mint(Pudina),Other,FAQ,2023-03-24 00:00:00,1300.0,1500.0,1450.0,360
Gujarat,Vadodara(Baroda),Vadodara(Sayajipura),Mint(Pudina),Other,FAQ,2023-03-30 00:00:00,1300.0,1500.0,1450.0,360
Gujarat,Vadodara(Baroda),Vadodara(Sayajipura),Mint(Pudina),Other,FAQ,2023-04-02 00:00:00,1400.0,1600.0,1500.0,360
Gujarat,Vadodara(Baroda),Vadodara(Sayajipura),Mint(Pudina),Other,FAQ,2023-04-07 00:00:00,2300.0,2500.0,2450.0,360
Gujarat,Vadodara(Baroda),Vadodara(Sayajipura),Mint(Pudina),Other,FAQ,2023-04-17 00:00:00,1300.0,1500.0,1450.0,360
Gujarat,Vadodara(Baroda),Vadodara(Sayajipura),Mint(Pudina),Other,FAQ,2023-05-06 00:00:00,1300.0,1500.0,1400.0,360
Gujarat,Vadodara(Baroda),Vadodara(Sayajipura),Mint(Pudina),Other,FAQ,2023-05-08 00:00:00,1300.0,1500.0,1400.0,360
Gujarat,Vadodara(Baroda),Vadodara(Sayajipura),Mint(Pudina),Other,FAQ,2023-05-15 00:00:00,1800.0,2000.0,1900.0,360
Gujarat,Vadodara(Baroda),Vadodara(Sayajipura),Mint(Pudina),Other,FAQ,2023-06-16 00:00:00,2800.0,3000.0,2950.0,360
Gujarat,Vadodara(Baroda),Vadodara(Sayajipura),Mint(Pudina),Other,FAQ,2023-06-27 00:00:00,3000.0,3500.0,3300.0,360
Gujarat,Vadodara(Baroda),Vadodara(Sayajipura),Mint(Pudina),Other,FAQ,2023-07-01 00:00:00,2500.0,3000.0,2800.0,360
Gujarat,Vadodara(Baroda),Vadodara(Sayajipura),Mint(Pudina),Other,FAQ,2023-07-05 00:00:00,2800.0,3000.0,2950.0,360
Gujarat,Vadodara(Baroda),Vadodara(Sayajipura),Mint(Pudina),Other,FAQ,2023-07-11 00:00:00,2800.0,3000.0,2900.0,360
Gujarat,Vadodara(Baroda),Vadodara(Sayajipura),Mint(Pudina),Other,FAQ,2023-07-28 00:00:00,4500.0,5000.0,4800.0,360
Gujarat,Vadodara(Baroda),Vadodara(Sayajipura),Mint(Pudina),Other,FAQ,2023-07-29 00:00:00,4500.0,5000.0,4800.0,360
Gujarat,Vadodara(Baroda),Vadodara(Sayajipura),Mint(Pudina),Other,FAQ,2023-07-30 00:00:00,4500.0,5000.0,4800.0,360
Gujarat,Vadodara(Baroda),Vadodara(Sayajipura),Mint(Pudina),Other,FAQ,2023-08-11 00:00:00,4500.0,5000.0,4800.0,360
Gujarat,Vadodara(Baroda),Vadodara(Sayajipura),Mint(Pudina),Other,FAQ,2023-08-12 00:00:00,4500.0,5000.0,4800.0,360
Gujarat,Vadodara(Baroda),Vadodara(Sayajipura),Mint(Pudina),Other,FAQ,2023-08-21 00:00:00,3000.0,3500.0,3300.0,360
Gujarat,Vadodara(Baroda),Vadodara(Sayajipura),Mint(Pudina),Other,FAQ,2023-08-24 00:00:00,1800.0,2000.0,1900.0,360
Gujarat,Vadodara(Baroda),Vadodara(Sayajipura),Mint(Pudina),Other,FAQ,2023-09-07 00:00:00,2800.0,3000.0,2950.0,360
Gujarat,Vadodara(Baroda),Vadodara(Sayajipura),Mint(Pudina),Other,FAQ,2023-09-09 00:00:00,2800.0,3000.0,2950.0,360
Gujarat,Vadodara(Baroda),Vadodara(Sayajipura),Mint(Pudina),Other,FAQ,2023-09-13 00:00:00,2800.0,3000.0,2900.0,360
Gujarat,Vadodara(Baroda),Vadodara(Sayajipura),Mint(Pudina),Other,FAQ,2023-10-15 00:00:00,3500.0,4000.0,3950.0,360
Gujarat,Vadodara(Baroda),Vadodara(Sayajipura),Mint(Pudina),Other,FAQ,2023-11-04 00:00:00,1800.0,2000.0,1900.0,360
Gujarat,Vadodara(Baroda),Vadodara(Sayajipura),Mint(Pudina),Other,FAQ,2023-11-08 00:00:00,1800.0,2000.0,1900.0,360
Gujarat,Vadodara(Baroda),Vadodara(Sayajipura),Mint(Pudina),Other,FAQ,2023-11-10 00:00:00,1800.0,2000.0,1900.0,360
Gujarat,Vadodara(Baroda),Vadodara(Sayajipura),Mint(Pudina),Other,FAQ,2023-11-17 00:00:00,1800.0,2000.0,1950.0,360
Gujarat,Vadodara(Baroda),Vadodara(Sayajipura),Mint(Pudina),Other,FAQ,2023-11-28 00:00:00,1800.0,2000.0,1950.0,360
Gujarat,Vadodara(Baroda),Vadodara(Sayajipura),Mint(Pudina),Other,FAQ,2023-12-16 00:00:00,2300.0,2500.0,2400.0,360
Gujarat,Dahod,Dahod(Veg. Market),Mint(Pudina),Mint(Pudina),FAQ,2024-11-01 00:00:00,7000.0,10000.0,9000.0,360
Gujarat,Dahod,Dahod(Veg. Market),Mint(Pudina),Mint(Pudina),FAQ,2024-11-04 00:00:00,4000.0,8000.0,6000.0,360
Gujarat,Dahod,Dahod(Veg. Market),Mint(Pudina),Mint(Pudina),FAQ,2024-11-08 00:00:00,5000.0,6000.0,5000.0,360
Gujarat,Dahod,Dahod(Veg. Market),Mint(Pudina),Mint(Pudina),FAQ,2024-11-09 00:00:00,3000.0,8000.0,7000.0,360
Gujarat,Dahod,Dahod(Veg. Market),Mint(Pudina),Mint(Pudina),FAQ,2024-11-14 00:00:00,4000.0,6000.0,5000.0,360
Gujarat,Dahod,Dahod(Veg. Market),Mint(Pudina),Mint(Pudina),FAQ,2024-11-15 00:00:00,3000.0,6000.0,5000.0,360
Gujarat,Dahod,Dahod(Veg. Market),Mint(Pudina),Mint(Pudina),FAQ,2024-11-16 00:00:00,4000.0,5000.0,4700.0,360
Gujarat,Dahod,Dahod(Veg. Market),Mint(Pudina),Mint(Pudina),FAQ,2024-11-18 00:00:00,4000.0,5000.0,4500.0,360
Gujarat,Dahod,Dahod(Veg. Market),Mint(Pudina),Mint(Pudina),FAQ,2024-11-19 00:00:00,3500.0,5000.0,4200.0,360
Gujarat,Dahod,Dahod(Veg. Market),Mint(Pudina),Mint(Pudina),FAQ,2024-11-24 00:00:00,3000.0,4000.0,3800.0,360
Gujarat,Dahod,Dahod(Veg. Market),Mint(Pudina),Mint(Pudina),FAQ,2024-11-25 00:00:00,3000.0,4500.0,4000.0,360
Gujarat,Vadodara(Baroda),Vadodara(Sayajipura),Mint(Pudina),Other,FAQ,2024-11-23 00:00:00,3800.0,4000.0,3900.0,360
Gujarat,Dahod,Dahod(Veg. Market),Mint(Pudina),Mint(Pudina),FAQ,2025-05-03 00:00:00,2000.0,3000.0,2500.0,360
Gujarat,Dahod,Dahod(Veg. Market),Mint(Pudina),Mint(Pudina),FAQ,2025-05-22 00:00:00,2000.0,4000.0,3000.0,360
Gujarat,Dahod,Dahod(Veg. Market),Mint(Pudina),Mint(Pudina),FAQ,2025-05-29 00:00:00,2000.0,4000.0,3000.0,360
Gujarat,Vadodara(Baroda),Vadodara(Sayajipura),Mint(Pudina),Other,FAQ,2025-05-03 00:00:00,2300.0,2500.0,2400.0,360
Gujarat,Dahod,Dahod(Veg. Market),Mint(Pudina),Mint(Pudina),FAQ,2025-06-09 00:00:00,2000.0,5000.0,4000.0,360
Gujarat,Dahod,Dahod(Veg. Market),Mint(Pudina),Mint(Pudina),FAQ,2025-06-11 00:00:00,3000.0,6000.0,5000.0,360
Gujarat,Dahod,Dahod(Veg. Market),Mint(Pudina),Mint(Pudina),FAQ,2025-06-14 00:00:00,2000.0,8000.0,5000.0,360
Gujarat,Dahod,Dahod(Veg. Market),Mint(Pudina),Mint(Pudina),FAQ,2025-06-16 00:00:00,4000.0,8000.0,5500.0,360
Gujarat,Dahod,Dahod(Veg. Market),Mint(Pudina),Mint(Pudina),FAQ,2025-06-20 00:00:00,5000.0,7000.0,6000.0,360
Gujarat,Dahod,Dahod(Veg. Market),Mint(Pudina),Mint(Pudina),FAQ,2025-06-22 00:00:00,3000.0,7000.0,5000.0,360
Gujarat,Dahod,Dahod(Veg. Market),Mint(Pudina),Mint(Pudina),FAQ,2025-06-24 00:00:00,3000.0,7000.0,5000.0,360
Gujarat,Vadodara(Baroda),Vadodara(Sayajipura),Mint(Pudina),Other,FAQ,2025-06-10 00:00:00,2800.0,3000.0,2900.0,360
Gujarat,Vadodara(Baroda),Vadodara(Sayajipura),Mint(Pudina),Other,FAQ,2025-06-20 00:00:00,2300.0,2500.0,2400.0,360
Gujarat,Vadodara(Baroda),Vadodara(Sayajipura),Mint(Pudina),Other,FAQ,2025-06-26 00:00:00,2300.0,2500.0,2400.0,360
Gujarat,Vadodara(Baroda),Vadodara(Sayajipura),Mint(Pudina),Other,FAQ,2025-06-27 00:00:00,2300.0,2500.0,2400.0,360
Gujarat,Vadodara(Baroda),Vadodara(Sayajipura),Mint(Pudina),Other,FAQ,2025-06-28 00:00:00,2300.0,2500.0,2400.0,360
Gujarat,Vadodara(Baroda),Vadodara(Sayajipura),Mint(Pudina),Other,FAQ,2025-06-30 00:00:00,2800.0,3000.0,2900.0,360
Gujarat,Dahod,Dahod(Veg. Market),Mint(Pudina),Mint(Pudina),FAQ,2025-07-06 00:00:00,10000.0,12000.0,11000.0,360
Gujarat,Dahod,Dahod(Veg. Market),Mint(Pudina),Mint(Pudina),FAQ,2025-07-12 00:00:00,10000.0,15000.0,12500.0,360
Gujarat,Dahod,Dahod(Veg. Market),Mint(Pudina),Mint(Pudina),FAQ,2025-07-18 00:00:00,7000.0,12000.0,10000.0,360
Gujarat,Dahod,Dahod(Veg. Market),Mint(Pudina),Mint(Pudina),FAQ,2025-07-22 00:00:00,7000.0,12000.0,10000.0,360
Gujarat,Dahod,Dahod(Veg. Market),Mint(Pudina),Mint(Pudina),FAQ,2025-07-26 00:00:00,8000.0,10000.0,9000.0,360
Gujarat,Vadodara(Baroda),Vadodara(Sayajipura),Mint(Pudina),Other,FAQ,2025-07-06 00:00:00,2800.0,3000.0,2900.0,360
Gujarat,Vadodara(Baroda),Vadodara(Sayajipura),Mint(Pudina),Other,FAQ,2025-07-08 00:00:00,4500.0,5000.0,4800.0,360
Gujarat,Vadodara(Baroda),Vadodara(Sayajipura),Mint(Pudina),Other,FAQ,2025-07-11 00:00:00,4800.0,5000.0,4900.0,360
Gujarat,Vadodara(Baroda),Vadodara(Sayajipura),Mint(Pudina),Other,FAQ,2025-07-14 00:00:00,4800.0,5000.0,4900.0,360
Gujarat,Vadodara(Baroda),Vadodara(Sayajipura),Mint(Pudina),Other,FAQ,2025-07-20 00:00:00,5750.0,6000.0,5800.0,360
Gujarat,Vadodara(Baroda),Vadodara(Sayajipura),Mint(Pudina),Other,FAQ,2025-07-21 00:00:00,5750.0,6000.0,5800.0,360
Gujarat,Vadodara(Baroda),Vadodara(Sayajipura),Mint(Pudina),Other,FAQ,2025-07-25 00:00:00,4800.0,5000.0,4900.0,360
Gujarat,Vadodara(Baroda),Vadodara(Sayajipura),Mint(Pudina),Other,FAQ,2025-07-28 00:00:00,4800.0,5000.0,4900.0,360
Gujarat,Vadodara(Baroda),Vadodara(Sayajipura),Mint(Pudina),Other,FAQ,2025-07-30 00:00:00,4800.0,5000.0,4900.0,360
Gujarat,Vadodara(Baroda),Vadodara(Sayajipura),Mint(Pudina),Other,FAQ,2025-07-31 00:00:00,4800.0,5000.0,4900.0,360
Gujarat,Dahod,Dahod(Veg. Market),Mint(Pudina),Mint(Pudina),FAQ,2025-04-01 00:00:00,2000.0,3500.0,3000.0,360
Gujarat,Dahod,Dahod(Veg. Market),Mint(Pudina),Mint(Pudina),FAQ,2025-04-03 00:00:00,2000.0,3000.0,2500.0,360
Gujarat,Dahod,Dahod(Veg. Market),Mint(Pudina),Mint(Pudina),FAQ,2025-04-18 00:00:00,1500.0,3000.0,2500.0,360
Gujarat,Dahod,Dahod(Veg. Market),Mint(Pudina),Mint(Pudina),FAQ,2025-04-24 00:00:00,2000.0,3000.0,2500.0,360
Gujarat,Vadodara(Baroda),Vadodara(Sayajipura),Mint(Pudina),Other,FAQ,2025-04-01 00:00:00,1800.0,2000.0,1900.0,360
Gujarat,Vadodara(Baroda),Vadodara(Sayajipura),Mint(Pudina),Other,FAQ,2025-04-04 00:00:00,1800.0,2000.0,1990.0,360
Gujarat,Vadodara(Baroda),Vadodara(Sayajipura),Mint(Pudina),Other,FAQ,2025-04-12 00:00:00,1800.0,2000.0,1900.0,360
Gujarat,Vadodara(Baroda),Vadodara(Sayajipura),Mint(Pudina),Other,FAQ,2025-04-13 00:00:00,1800.0,2000.0,1900.0,360
Gujarat,Vadodara(Baroda),Vadodara(Sayajipura),Mint(Pudina),Other,FAQ,2025-04-21 00:00:00,2800.0,3000.0,2900.0,360
Gujarat,Dahod,Dahod(Veg. Market),Mint(Pudina),Mint(Pudina),FAQ,2024-10-25 00:00:00,7000.0,10000.0,9000.0,360
Gujarat,Vadodara(Baroda),Vadodara(Sayajipura),Mint(Pudina),Other,FAQ,2024-10-07 00:00:00,3800.0,4000.0,3900.0,360
Gujarat,Vadodara(Baroda),Vadodara(Sayajipura),Mint(Pudina),Other,FAQ,2024-10-03 00:00:00,5500.0,6000.0,5800.0,360
Gujarat,Dahod,Dahod(Veg. Market),Mint(Pudina),Mint(Pudina),FAQ,2024-10-20 00:00:00,7000.0,10000.0,9000.0,360
Gujarat,Dahod,Dahod(Veg. Market),Mint(Pudina),Mint(Pudina),FAQ,2024-10-12 00:00:00,6000.0,10000.0,6500.0,360
Gujarat,Dahod,Dahod(Veg. Market),Mint(Pudina),Mint(Pudina),FAQ,2024-10-04 00:00:00,4000.0,5000.0,4500.0,360
Gujarat,Dahod,Dahod(Veg. Market),Mint(Pudina),Mint(Pudina),FAQ,2024-10-08 00:00:00,8000.0,10000.0,9000.0,360
Gujarat,Vadodara(Baroda),Vadodara(Sayajipura),Mint(Pudina),Other,FAQ,2024-10-14 00:00:00,3800.0,4000.0,3900.0,360
Gujarat,Dahod,Dahod(Veg. Market),Mint(Pudina),Mint(Pudina),FAQ,2024-10-18 00:00:00,7000.0,10000.0,9000.0,360
Gujarat,Dahod,Dahod(Veg. Market),Mint(Pudina),Mint(Pudina),FAQ,2024-10-16 00:00:00,7000.0,10000.0,9000.0,360
Gujarat,Dahod,Dahod(Veg. Market),Mint(Pudina),Mint(Pudina),FAQ,2024-10-06 00:00:00,7000.0,9000.0,8000.0,360
Gujarat,Dahod,Dahod(Veg. Market),Mint(Pudina),Mint(Pudina),FAQ,2025-06-05 00:00:00,3000.0,5000.0,4000.0,360
Gujarat,Dahod,Dahod(Veg. Market),Mint(Pudina),Mint(Pudina),FAQ,2025-06-28 00:00:00,5000.0,8000.0,7000.0,360
Gujarat,Dahod,Dahod(Veg. Market),Mint(Pudina),Mint(Pudina),FAQ,2025-06-30 00:00:00,6000.0,9000.0,8000.0,360
Gujarat,Vadodara(Baroda),Vadodara(Sayajipura),Mint(Pudina),Other,FAQ,2025-06-13 00:00:00,2800.0,3000.0,2900.0,360
Gujarat,Vadodara(Baroda),Vadodara(Sayajipura),Mint(Pudina),Other,FAQ,2025-06-18 00:00:00,2300.0,2500.0,2400.0,360
Gujarat,Dahod,Dahod(Veg. Market),Mint(Pudina),Mint(Pudina),FAQ,2025-08-01 00:00:00,7000.0,10000.0,9000.0,360
Gujarat,Dahod,Dahod(Veg. Market),Mint(Pudina),Mint(Pudina),FAQ,2025-08-02 00:00:00,6000.0,8000.0,7500.0,360
Gujarat,Dahod,Dahod(Veg. Market),Mint(Pudina),Mint(Pudina),FAQ,2025-08-05 00:00:00,5000.0,8000.0,7000.0,360
Gujarat,Dahod,Dahod(Veg. Market),Mint(Pudina),Mint(Pudina),FAQ,2025-08-12 00:00:00,5000.0,7000.0,6000.0,360
Gujarat,Dahod,Dahod(Veg. Market),Mint(Pudina),Mint(Pudina),FAQ,2025-08-14 00:00:00,5000.0,7000.0,6000.0,360
Gujarat,Dahod,Dahod(Veg. Market),Mint(Pudina),Mint(Pudina),FAQ,2025-08-15 00:00:00,6000.0,10000.0,8000.0,360
Gujarat,Dahod,Dahod(Veg. Market),Mint(Pudina),Mint(Pudina),FAQ,2025-08-22 00:00:00,8000.0,10000.0,9000.0,360
Gujarat,Dahod,Dahod(Veg. Market),Mint(Pudina),Mint(Pudina),FAQ,2025-08-25 00:00:00,10000.0,10000.0,10000.0,360
Gujarat,Dahod,Dahod(Veg. Market),Mint(Pudina),Mint(Pudina),FAQ,2025-08-26 00:00:00,4000.0,10000.0,7000.0,360
Gujarat,Vadodara(Baroda),Vadodara(Sayajipura),Mint(Pudina),Other,FAQ,2025-08-02 00:00:00,4800.0,5000.0,4900.0,360
Gujarat,Vadodara(Baroda),Vadodara(Sayajipura),Mint(Pudina),Other,FAQ,2025-08-06 00:00:00,2300.0,2500.0,2400.0,360
Gujarat,Vadodara(Baroda),Vadodara(Sayajipura),Mint(Pudina),Other,FAQ,2025-08-12 00:00:00,3800.0,4000.0,3900.0,360
Gujarat,Vadodara(Baroda),Vadodara(Sayajipura),Mint(Pudina),Other,FAQ,2025-08-18 00:00:00,3800.0,4000.0,3900.0,360
Gujarat,Dahod,Dahod(Veg. Market),Mint(Pudina),Mint(Pudina),FAQ,2025-09-12 00:00:00,7000.0,12000.0,10000.0,360
Gujarat,Dahod,Dahod(Veg. Market),Mint(Pudina),Mint(Pudina),FAQ,2025-09-18 00:00:00,5000.0,10000.0,8000.0,360
Gujarat,Vadodara(Baroda),Vadodara(Sayajipura),Mint(Pudina),Other,FAQ,2025-09-13 00:00:00,3800.0,4000.0,3900.0,360
Gujarat,Vadodara(Baroda),Vadodara(Sayajipura),Mint(Pudina),Other,FAQ,2025-09-16 00:00:00,3800.0,4000.0,3900.0,360
Gujarat,Vadodara(Baroda),Vadodara(Sayajipura),Mint(Pudina),Other,FAQ,2025-09-20 00:00:00,3300.0,3500.0,3400.0,360
Gujarat,Vadodara(Baroda),Vadodara(Sayajipura),Mint(Pudina),Other,FAQ,2025-09-25 00:00:00,3800.0,4000.0,3900.0,360
Gujarat,Vadodara(Baroda),Vadodara(Sayajipura),Mint(Pudina),Other,FAQ,2025-09-28 00:00:00,3800.0,4000.0,3900.0,360
Gujarat,Vadodara(Baroda),Vadodara(Sayajipura),Mint(Pudina),Other,FAQ,2025-09-29 00:00:00,3800.0,4000.0,3900.0,360
Gujarat,Vadodara(Baroda),Vadodara(Sayajipura),Mint(Pudina),Other,FAQ,2025-09-30 00:00:00,3800.0,4000.0,3900.0,360
Gujarat,Dahod,Dahod(Veg. Market),Mint(Pudina),Mint(Pudina),FAQ,2025-11-04 00:00:00,6000.0,8000.0,6500.0,360
Gujarat,Dahod,Dahod(Veg. Market),Mint(Pudina),Mint(Pudina),FAQ,2025-10-07 00:00:00,6000.0,8000.0,7000.0,360
Gujarat,Dahod,Dahod(Veg. Market),Mint(Pudina),Mint(Pudina),FAQ,2025-10-10 00:00:00,7000.0,9000.0,8000.0,360
Gujarat,Dahod,Dahod(Veg. Market),Mint(Pudina),Mint(Pudina),FAQ,2025-10-11 00:00:00,7000.0,8000.0,7500.0,360
Gujarat,Dahod,Dahod(Veg. Market),Mint(Pudina),Mint(Pudina),FAQ,2025-10-13 00:00:00,5000.0,9000.0,8000.0,360
Gujarat,Vadodara(Baroda),Vadodara(Sayajipura),Mint(Pudina),Other,FAQ,2025-10-11 00:00:00,3800.0,4000.0,3900.0,360
Gujarat,Vadodara(Baroda),Vadodara(Sayajipura),Mint(Pudina),Other,FAQ,2025-10-14 00:00:00,3800.0,4000.0,3900.0,360
Gujarat,Vadodara(Baroda),Vadodara(Sayajipura),Mint(Pudina),Other,FAQ,2025-10-27 00:00:00,2800.0,3000.0,2900.0,360
Gujarat,Vadodara(Baroda),Vadodara(Sayajipura),Mint(Pudina),Other,FAQ,2025-10-28 00:00:00,2800.0,3000.0,2900.0,360
Gujarat,Vadodara(Baroda),Vadodara(Sayajipura),Mint(Pudina),Other,FAQ,2025-10-29 00:00:00,1300.0,1500.0,1400.0,360
Gujarat,Dahod,Dahod(Veg. Market),Mint(Pudina),Mint(Pudina),FAQ,2025-10-05 00:00:00,7000.0,10000.0,9000.0,360
Gujarat,Dahod,Dahod(Veg. Market),Mint(Pudina),Mint(Pudina),FAQ,2025-10-09 00:00:00,7000.0,9000.0,8000.0,360
Gujarat,Dahod,Dahod(Veg. Market),Mint(Pudina),Mint(Pudina),FAQ,2025-10-12 00:00:00,7000.0,9000.0,8000.0,360
Gujarat,Dahod,Dahod(Veg. Market),Mint(Pudina),Mint(Pudina),FAQ,2025-10-15 00:00:00,5000.0,9000.0,8000.0,360
Gujarat,Dahod,Dahod(Veg. Market),Mint(Pudina),Mint(Pudina),FAQ,2025-10-16 00:00:00,5000.0,9000.0,8000.0,360
Gujarat,Dahod,Dahod(Veg. Market),Mint(Pudina),Mint(Pudina),FAQ,2025-10-23 00:00:00,6000.0,9000.0,8000.0,360
Gujarat,Vadodara(Baroda),Vadodara(Sayajipura),Mint(Pudina),Other,FAQ,2025-10-04 00:00:00,3500.0,4000.0,3900.0,360
Gujarat,Vadodara(Baroda),Vadodara(Sayajipura),Mint(Pudina),Other,FAQ,2025-11-04 00:00:00,3300.0,3500.0,3400.0,360
Gujarat,Vadodara(Baroda),Vadodara(Sayajipura),Mint(Pudina),Other,FAQ,2025-10-12 00:00:00,3800.0,4000.0,3900.0,360
Gujarat,Vadodara(Baroda),Vadodara(Sayajipura),Mint(Pudina),Other,FAQ,2025-10-15 00:00:00,3800.0,4000.0,3900.0,360
Gujarat,Vadodara(Baroda),Vadodara(Sayajipura),Mint(Pudina),Other,FAQ,2025-10-17 00:00:00,2800.0,3000.0,2900.0,360
Gujarat,Vadodara(Baroda),Vadodara(Sayajipura),Mint(Pudina),Other,FAQ,2025-10-19 00:00:00,2800.0,3000.0,2900.0,360
Gujarat,Dahod,Dahod(Veg. Market) APMC,Mint(Pudina),Mint(Pudina),Local,2025-12-07 00:00:00,8000.0,10000.0,9000.0,360
Gujarat,Dahod,Dahod(Veg. Market) APMC,Mint(Pudina),Mint(Pudina),Local,2025-12-05 00:00:00,7000.0,9000.0,8000.0,360
Gujarat,Dahod,Dahod(Veg. Market) APMC,Mint(Pudina),Mint(Pudina),Local,2025-12-14 00:00:00,5000.0,8000.0,7000.0,360
Gujarat,Ahmedabad,Ahmedabad APMC,Mint(Pudina),Other,FAQ,2025-12-04 00:00:00,1200.0,2500.0,1850.0,360
Gujarat,Ahmedabad,Ahmedabad APMC,Mint(Pudina),Other,FAQ,2025-12-06 00:00:00,1200.0,2000.0,1850.0,360
Gujarat,Vadodara(Baroda),Vadodara(Sayajipura) APMC,Mint(Pudina),Other,FAQ,2025-12-05 00:00:00,3400.0,3400.0,3400.0,360
Gujarat,Vadodara(Baroda),Vadodara(Sayajipura) APMC,Mint(Pudina),Other,FAQ,2025-12-14 00:00:00,2900.0,2900.0,2900.0,360
Gujarat,Ahmedabad,Ahmedabad APMC,Mint(Pudina),Other,FAQ,2025-12-23 00:00:00,1000.0,2000.0,1500.0,360
Gujarat,Vadodara(Baroda),Vadodara(Sayajipura) APMC,Mint(Pudina),Other,FAQ,2025-12-22 00:00:00,3900.0,3900.0,3900.0,360
Gujarat,Vadodara(Baroda),Vadodara(Sayajipura) APMC,Mint(Pudina),Other,FAQ,2025-12-21 00:00:00,3900.0,3900.0,3900.0,360
Gujarat,Ahmedabad,Ahmedabad APMC,Mint(Pudina),Other,FAQ,2025-12-24 00:00:00,1500.0,2000.0,1850.0,360
Gujarat,Vadodara(Baroda),Vadodara(Sayajipura) APMC,Mint(Pudina),Other,FAQ,2025-12-31 00:00:00,2900.0,2900.0,2900.0,360
Gujarat,Dahod,Dahod(Veg. Market) APMC,Mint(Pudina),Mint(Pudina),Local,2026-01-13 00:00:00,2000.0,4000.0,3000.0,360
Gujarat,Dahod,Dahod(Veg. Market) APMC,Mint(Pudina),Mint(Pudina),Local,2026-01-29 00:00:00,2000.0,4000.0,3500.0,360
Gujarat,Dahod,Dahod(Veg. Market) APMC,Mint(Pudina),Mint(Pudina),Local,2026-01-30 00:00:00,2000.0,4000.0,3500.0,360
Gujarat,Ahmedabad,Ahmedabad APMC,Mint(Pudina),Other,FAQ,2026-01-02 00:00:00,1000.0,1500.0,1350.0,360
Gujarat,Ahmedabad,Ahmedabad APMC,Mint(Pudina),Other,FAQ,2026-01-13 00:00:00,1500.0,2500.0,2250.0,360
Gujarat,Ahmedabad,Ahmedabad APMC,Mint(Pudina),Other,FAQ,2026-01-22 00:00:00,1500.0,2000.0,1750.0,360
Gujarat,Ahmedabad,Ahmedabad APMC,Mint(Pudina),Other,FAQ,2026-01-31 00:00:00,1500.0,2000.0,1750.0,360
Gujarat,Ahmedabad,Ahmedabad APMC,Mint(Pudina),Other,FAQ,2026-02-02 00:00:00,1200.0,2000.0,1650.0,360
Gujarat,Dahod,Dahod(Veg. Market) APMC,Mint(Pudina),Mint(Pudina),Local,2026-01-03 00:00:00,2500.0,4000.0,3500.0,360
Gujarat,Dahod,Dahod(Veg. Market) APMC,Mint(Pudina),Mint(Pudina),Local,2026-01-04 00:00:00,2500.0,4000.0,3500.0,360
Gujarat,Ahmedabad,Ahmedabad(Rajnagar sub yard),Mint(Pudina),Other,FAQ,2017-09-23 00:00:00,1500,3000,2300.0,360
Gujarat,Ahmedabad,Ahmedabad(Rajnagar sub yard),Mint(Pudina),Other,FAQ,2017-09-26 00:00:00,1500,4000,2800.0,360
Gujarat,Ahmedabad,Ahmedabad(Rajnagar sub yard),Mint(Pudina),Other,FAQ,2017-09-27 00:00:00,1500,3000,2300.0,360
Gujarat,Ahmedabad,Ahmedabad(Rajnagar sub yard),Mint(Pudina),Other,FAQ,2017-09-28 00:00:00,2000,3000,2550.0,360
Gujarat,Ahmedabad,Ahmedabad(Rajnagar sub yard),Mint(Pudina),Other,FAQ,2017-10-04 00:00:00,1500,2500,2100.0,360
Gujarat,Ahmedabad,Ahmedabad(Rajnagar sub yard),Mint(Pudina),Other,FAQ,2017-10-06 00:00:00,1500,2500,2100.0,360
Gujarat,Ahmedabad,Ahmedabad(Rajnagar sub yard),Mint(Pudina),Other,FAQ,2017-10-14 00:00:00,1000,2000,1550.0,360
Gujarat,Ahmedabad,Ahmedabad(Rajnagar sub yard),Mint(Pudina),Other,FAQ,2017-10-18 00:00:00,1500,3000,2300.0,360
Gujarat,Ahmedabad,Ahmedabad(Rajnagar sub yard),Mint(Pudina),Other,FAQ,2017-10-27 00:00:00,1500,2500,2100.0,360
Gujarat,Ahmedabad,Ahmedabad(Rajnagar sub yard),Mint(Pudina),Other,FAQ,2017-10-30 00:00:00,1000,2500,1800.0,360
Gujarat,Ahmedabad,Ahmedabad(Rajnagar sub yard),Mint(Pudina),Other,FAQ,2017-11-01 00:00:00,1500,2500,2050.0,360
Gujarat,Ahmedabad,Ahmedabad(Rajnagar sub yard),Mint(Pudina),Other,FAQ,2017-11-09 00:00:00,1500,3000,2350.0,360
Gujarat,Ahmedabad,Ahmedabad(Rajnagar sub yard),Mint(Pudina),Other,FAQ,2017-11-14 00:00:00,1500,2500,2100.0,360
Gujarat,Ahmedabad,Ahmedabad(Rajnagar sub yard),Mint(Pudina),Other,FAQ,2017-11-17 00:00:00,1000,2000,1600.0,360
Gujarat,Ahmedabad,Ahmedabad(Rajnagar sub yard),Mint(Pudina),Other,FAQ,2017-11-18 00:00:00,2000,3000,2600.0,360
Gujarat,Ahmedabad,Ahmedabad(Rajnagar sub yard),Mint(Pudina),Other,FAQ,2017-11-23 00:00:00,1000,2500,1850.0,360
Gujarat,Ahmedabad,Ahmedabad(Rajnagar sub yard),Mint(Pudina),Other,FAQ,2017-11-25 00:00:00,1000,2000,1550.0,360
Gujarat,Ahmedabad,Ahmedabad(Rajnagar sub yard),Mint(Pudina),Other,FAQ,2017-12-08 00:00:00,600,1500,1150.0,360
Gujarat,Bharuch,Bharuch,Mint(Pudina),Other,FAQ,2017-01-27 00:00:00,1200,1450,1300.0,360
Gujarat,Bharuch,Bharuch,Mint(Pudina),Other,FAQ,2017-01-29 00:00:00,1200,1500,1350.0,360
Gujarat,Bharuch,Bharuch,Mint(Pudina),Other,FAQ,2017-07-28 00:00:00,1500,1850,1700.0,360
Gujarat,Bharuch,Bharuch,Mint(Pudina),Other,FAQ,2017-08-21 00:00:00,1500,1850,1700.0,360
Gujarat,Bharuch,Bharuch,Mint(Pudina),Other,FAQ,2017-10-22 00:00:00,1500,1750,1700.0,360
Gujarat,Bharuch,Bharuch,Mint(Pudina),Other,FAQ,2017-11-07 00:00:00,1500,1850,1700.0,360
Gujarat,Bharuch,Bharuch,Mint(Pudina),Other,FAQ,2017-11-11 00:00:00,1500,2000,1750.0,360
Gujarat,Bharuch,Bharuch,Mint(Pudina),Other,FAQ,2017-12-22 00:00:00,1300,1750,1500.0,360
Gujarat,Dahod,Dahod(Veg. Market),Mint(Pudina),Mint(Pudina),FAQ,2017-01-01 00:00:00,2000,3500,2800.0,360
Gujarat,Dahod,Dahod(Veg. Market),Mint(Pudina),Mint(Pudina),FAQ,2017-01-10 00:00:00,2000,3000,2500.0,360
Gujarat,Dahod,Dahod(Veg. Market),Mint(Pudina),Mint(Pudina),FAQ,2017-01-19 00:00:00,2000,3000,2500.0,360
Gujarat,Dahod,Dahod(Veg. Market),Mint(Pudina),Mint(Pudina),FAQ,2017-01-21 00:00:00,2000,3000,2800.0,360
Gujarat,Dahod,Dahod(Veg. Market),Mint(Pudina),Mint(Pudina),FAQ,2017-01-22 00:00:00,2000,3000,2500.0,360
Gujarat,Dahod,Dahod(Veg. Market),Mint(Pudina),Mint(Pudina),FAQ,2017-01-25 00:00:00,2000,3000,2500.0,360
Gujarat,Dahod,Dahod(Veg. Market),Mint(Pudina),Mint(Pudina),FAQ,2017-01-28 00:00:00,1500,2000,1800.0,360
Gujarat,Dahod,Dahod(Veg. Market),Mint(Pudina),Mint(Pudina),FAQ,2017-02-05 00:00:00,1300,2000,1500.0,360
Gujarat,Dahod,Dahod(Veg. Market),Mint(Pudina),Mint(Pudina),FAQ,2017-02-08 00:00:00,1000,2000,1600.0,360
Gujarat,Dahod,Dahod(Veg. Market),Mint(Pudina),Mint(Pudina),FAQ,2017-02-09 00:00:00,1500,2000,1800.0,360
Gujarat,Dahod,Dahod(Veg. Market),Mint(Pudina),Mint(Pudina),FAQ,2017-02-16 00:00:00,1000,1500,1200.0,360
Gujarat,Dahod,Dahod(Veg. Market),Mint(Pudina),Mint(Pudina),FAQ,2017-02-18 00:00:00,1000,2000,1500.0,360
Gujarat,Dahod,Dahod(Veg. Market),Mint(Pudina),Mint(Pudina),FAQ,2017-02-20 00:00:00,1000,1500,1200.0,360
Gujarat,Dahod,Dahod(Veg. Market),Mint(Pudina),Mint(Pudina),FAQ,2017-02-26 00:00:00,1000,2000,1800.0,360
Gujarat,Dahod,Dahod(Veg. Market),Mint(Pudina),Mint(Pudina),FAQ,2017-03-12 00:00:00,1000,1500,1300.0,360
Gujarat,Dahod,Dahod(Veg. Market),Mint(Pudina),Mint(Pudina),FAQ,2017-03-14 00:00:00,1300,2000,1500.0,360
Gujarat,Dahod,Dahod(Veg. Market),Mint(Pudina),Mint(Pudina),FAQ,2017-03-16 00:00:00,1000,2000,1500.0,360
Gujarat,Dahod,Dahod(Veg. Market),Mint(Pudina),Mint(Pudina),FAQ,2017-03-18 00:00:00,1500,2000,1700.0,360
Gujarat,Dahod,Dahod(Veg. Market),Mint(Pudina),Mint(Pudina),FAQ,2017-03-20 00:00:00,1000,1500,1500.0,360
Gujarat,Dahod,Dahod(Veg. Market),Mint(Pudina),Mint(Pudina),FAQ,2017-03-24 00:00:00,1000,2500,1500.0,360
Gujarat,Dahod,Dahod(Veg. Market),Mint(Pudina),Mint(Pudina),FAQ,2017-03-28 00:00:00,1000,1500,1500.0,360
Gujarat,Dahod,Dahod(Veg. Market),Mint(Pudina),Mint(Pudina),FAQ,2017-04-02 00:00:00,1500,2500,2000.0,360
Gujarat,Dahod,Dahod(Veg. Market),Mint(Pudina),Mint(Pudina),FAQ,2017-04-18 00:00:00,1000,2000,1300.0,360
Gujarat,Dahod,Dahod(Veg. Market),Mint(Pudina),Mint(Pudina),FAQ,2017-04-24 00:00:00,1000,2000,1500.0,360
Gujarat,Dahod,Dahod(Veg. Market),Mint(Pudina),Mint(Pudina),FAQ,2017-05-01 00:00:00,1500,2000,2000.0,360
Gujarat,Dahod,Dahod(Veg. Market),Mint(Pudina),Mint(Pudina),FAQ,2017-05-11 00:00:00,1000,2000,1500.0,360
Gujarat,Dahod,Dahod(Veg. Market),Mint(Pudina),Mint(Pudina),FAQ,2017-05-12 00:00:00,1000,2000,1500.0,360
Gujarat,Dahod,Dahod(Veg. Market),Mint(Pudina),Mint(Pudina),FAQ,2017-05-22 00:00:00,1100,2500,1500.0,360
Gujarat,Dahod,Dahod(Veg. Market),Mint(Pudina),Mint(Pudina),FAQ,2017-06-01 00:00:00,2000,3000,2500.0,360
Gujarat,Dahod,Dahod(Veg. Market),Mint(Pudina),Mint(Pudina),FAQ,2017-06-18 00:00:00,1500,2800,2000.0,360
Gujarat,Dahod,Dahod(Veg. Market),Mint(Pudina),Mint(Pudina),FAQ,2017-06-21 00:00:00,1200,2500,2000.0,360
Gujarat,Dahod,Dahod(Veg. Market),Mint(Pudina),Mint(Pudina),FAQ,2017-07-01 00:00:00,1000,2000,2000.0,360
Gujarat,Dahod,Dahod(Veg. Market),Mint(Pudina),Mint(Pudina),FAQ,2017-07-06 00:00:00,1000,2500,2000.0,360
Gujarat,Dahod,Dahod(Veg. Market),Mint(Pudina),Mint(Pudina),FAQ,2017-07-12 00:00:00,2000,3500,2500.0,360
Gujarat,Dahod,Dahod(Veg. Market),Mint(Pudina),Mint(Pudina),FAQ,2017-07-16 00:00:00,2000,3000,2500.0,360
