State,District,Market,Commodity,Variety,Grade,Arrival_Date,Min_Price,Max_Price,Modal_Price,Commodity_Code
Gujarat,Bharuch,Bharuch,Pineapple,Other,Small,2007-02-12,800.0,1000.0,900.0,21
Gujarat,Ahmedabad,"Ahmedabad(Fruit Market, Naroda)",Pineapple,Other,Medium,2017-01-02 00:00:00,2000.0,2700.0,2500.0,21
Gujarat,Ahmedabad,"Ahmedabad(Fruit Market, Naroda)",Pineapple,Other,Medium,2017-01-17 00:00:00,3000.0,3300.0,3200.0,21
Gujarat,Ahmedabad,"Ahmedabad(Fruit Market, Naroda)",Pineapple,Other,Medium,2017-01-23 00:00:00,3000.0,3500.0,3250.0,21
Gujarat,Ahmedabad,"Ahmedabad(Fruit Market, Naroda)",Pineapple,Other,Medium,2017-02-07 00:00:00,2500.0,2800.0,2700.0,21
Gujarat,Ahmedabad,"Ahmedabad(Fruit Market, Naroda)",Pineapple,Other,Medium,2017-02-08 00:00:00,2500.0,2800.0,2700.0,21
Gujarat,Ahmedabad,"Ahmedabad(Fruit Market, Naroda)",Pineapple,Other,Medium,2017-02-14 00:00:00,2000.0,3000.0,2700.0,21
Gujarat,Ahmedabad,"Ahmedabad(Fruit Market, Naroda)",Pineapple,Other,Medium,2017-02-28 00:00:00,2000.0,3000.0,2700.0,21
Gujarat,Ahmedabad,"Ahmedabad(Fruit Market, Naroda)",Pineapple,Other,Medium,2017-03-02 00:00:00,2400.0,2800.0,2700.0,21
Gujarat,Ahmedabad,"Ahmedabad(Fruit Market, Naroda)",Pineapple,Other,Medium,2017-03-06 00:00:00,2500.0,3000.0,2800.0,21
Gujarat,Ahmedabad,"Ahmedabad(Fruit Market, Naroda)",Pineapple,Other,Medium,2017-03-09 00:00:00,2500.0,3000.0,2800.0,21
Gujarat,Ahmedabad,"Ahmedabad(Fruit Market, Naroda)",Pineapple,Other,Medium,2017-03-18 00:00:00,2000.0,2500.0,2300.0,21
Gujarat,Ahmedabad,"Ahmedabad(Fruit Market, Naroda)",Pineapple,Other,Medium,2017-03-21 00:00:00,2000.0,3300.0,3000.0,21
Gujarat,Ahmedabad,"Ahmedabad(Fruit Market, Naroda)",Pineapple,Other,Medium,2017-03-23 00:00:00,2200.0,2700.0,2500.0,21
Gujarat,Ahmedabad,"Ahmedabad(Fruit Market, Naroda)",Pineapple,Other,Medium,2017-03-24 00:00:00,1800.0,2600.0,2300.0,21
Gujarat,Ahmedabad,"Ahmedabad(Fruit Market, Naroda)",Pineapple,Other,Medium,2017-04-01 00:00:00,2000.0,3000.0,2500.0,21
Gujarat,Ahmedabad,"Ahmedabad(Fruit Market, Naroda)",Pineapple,Other,Medium,2017-04-19 00:00:00,3000.0,3500.0,3300.0,21
Gujarat,Ahmedabad,"Ahmedabad(Fruit Market, Naroda)",Pineapple,Other,Medium,2017-04-24 00:00:00,2000.0,3000.0,2500.0,21
Gujarat,Ahmedabad,"Ahmedabad(Fruit Market, Naroda)",Pineapple,Other,Medium,2017-04-25 00:00:00,2500.0,3200.0,3000.0,21
Gujarat,Ahmedabad,"Ahmedabad(Fruit Market, Naroda)",Pineapple,Other,Medium,2017-04-29 00:00:00,2000.0,2800.0,2500.0,21
Gujarat,Ahmedabad,"Ahmedabad(Fruit Market, Naroda)",Pineapple,Other,Medium,2017-05-03 00:00:00,2000.0,3000.0,2500.0,21
Gujarat,Ahmedabad,"Ahmedabad(Fruit Market, Naroda)",Pineapple,Other,Medium,2017-05-05 00:00:00,2000.0,3000.0,2700.0,21
Gujarat,Ahmedabad,"Ahmedabad(Fruit Market, Naroda)",Pineapple,Other,Medium,2017-05-15 00:00:00,2500.0,4000.0,3500.0,21
Gujarat,Ahmedabad,"Ahmedabad(Fruit Market, Naroda)",Pineapple,Other,Medium,2017-05-20 00:00:00,2500.0,4500.0,4000.0,21
Gujarat,Ahmedabad,"Ahmedabad(Fruit Market, Naroda)",Pineapple,Other,Medium,2017-05-29 00:00:00,2000.0,3500.0,3000.0,21
Gujarat,Ahmedabad,"Ahmedabad(Fruit Market, Naroda)",Pineapple,Other,Medium,2017-06-02 00:00:00,2500.0,3500.0,3300.0,21
Gujarat,Ahmedabad,"Ahmedabad(Fruit Market, Naroda)",Pineapple,Other,Medium,2017-06-07 00:00:00,2500.0,3500.0,3300.0,21
Gujarat,Ahmedabad,"Ahmedabad(Fruit Market, Naroda)",Pineapple,Other,Medium,2017-06-16 00:00:00,3000.0,4500.0,4000.0,21
Gujarat,Ahmedabad,"Ahmedabad(Fruit Market, Naroda)",Pineapple,Other,Medium,2017-07-03 00:00:00,2500.0,4000.0,3500.0,21
Gujarat,Ahmedabad,"Ahmedabad(Fruit Market, Naroda)",Pineapple,Other,Medium,2017-07-14 00:00:00,3000.0,4000.0,3500.0,21
Gujarat,Ahmedabad,"Ahmedabad(Fruit Market, Naroda)",Pineapple,Other,Medium,2017-07-21 00:00:00,3000.0,3500.0,3300.0,21
Gujarat,Ahmedabad,"Ahmedabad(Fruit Market, Naroda)",Pineapple,Other,Medium,2017-08-04 00:00:00,3000.0,4000.0,3700.0,21
Gujarat,Ahmedabad,"Ahmedabad(Fruit Market, Naroda)",Pineapple,Other,Medium,2017-08-14 00:00:00,3000.0,4000.0,3700.0,21
Gujarat,Ahmedabad,"Ahmedabad(Fruit Market, Naroda)",Pineapple,Other,Medium,2017-08-26 00:00:00,3000.0,3800.0,3500.0,21
Gujarat,Ahmedabad,"Ahmedabad(Fruit Market, Naroda)",Pineapple,Other,Medium,2017-08-30 00:00:00,2500.0,3500.0,3200.0,21
Gujarat,Ahmedabad,"Ahmedabad(Fruit Market, Naroda)",Pineapple,Other,Medium,2017-08-31 00:00:00,2500.0,3500.0,3200.0,21
Gujarat,Ahmedabad,"Ahmedabad(Fruit Market, Naroda)",Pineapple,Other,Medium,2017-09-04 00:00:00,2800.0,3800.0,3500.0,21
Gujarat,Ahmedabad,"Ahmedabad(Fruit Market, Naroda)",Pineapple,Other,Medium,2017-09-12 00:00:00,2800.0,3500.0,3200.0,21
Gujarat,Ahmedabad,"Ahmedabad(Fruit Market, Naroda)",Pineapple,Other,Medium,2017-09-22 00:00:00,2400.0,3500.0,3300.0,21
Gujarat,Ahmedabad,"Ahmedabad(Fruit Market, Naroda)",Pineapple,Other,Medium,2017-10-04 00:00:00,2600.0,3500.0,3200.0,21
Gujarat,Ahmedabad,"Ahmedabad(Fruit Market, Naroda)",Pineapple,Other,Medium,2017-10-05 00:00:00,2500.0,3300.0,3000.0,21
Gujarat,Ahmedabad,"Ahmedabad(Fruit Market, Naroda)",Pineapple,Other,Medium,2017-10-10 00:00:00,3000.0,3500.0,3300.0,21
Gujarat,Ahmedabad,"Ahmedabad(Fruit Market, Naroda)",Pineapple,Other,Medium,2017-10-14 00:00:00,2700.0,3500.0,3400.0,21
Gujarat,Ahmedabad,"Ahmedabad(Fruit Market, Naroda)",Pineapple,Other,Medium,2017-10-17 00:00:00,2000.0,3500.0,3000.0,21
Gujarat,Ahmedabad,"Ahmedabad(Fruit Market, Naroda)",Pineapple,Other,Medium,2017-10-18 00:00:00,2000.0,3500.0,2900.0,21
Gujarat,Ahmedabad,"Ahmedabad(Fruit Market, Naroda)",Pineapple,Other,Medium,2017-11-14 00:00:00,2400.0,3500.0,3000.0,21
Gujarat,Ahmedabad,"Ahmedabad(Fruit Market, Naroda)",Pineapple,Other,Medium,2017-11-20 00:00:00,2500.0,3000.0,2800.0,21
Gujarat,Ahmedabad,"Ahmedabad(Fruit Market, Naroda)",Pineapple,Other,Medium,2017-11-24 00:00:00,2400.0,3000.0,2700.0,21
Gujarat,Ahmedabad,"Ahmedabad(Fruit Market, Naroda)",Pineapple,Other,Medium,2017-11-25 00:00:00,2500.0,3000.0,2800.0,21
Gujarat,Ahmedabad,"Ahmedabad(Fruit Market, Naroda)",Pineapple,Other,Medium,2017-12-06 00:00:00,2500.0,2800.0,2700.0,21
Gujarat,Ahmedabad,"Ahmedabad(Fruit Market, Naroda)",Pineapple,Other,Medium,2017-12-09 00:00:00,2500.0,2900.0,2700.0,21
Gujarat,Ahmedabad,"Ahmedabad(Fruit Market, Naroda)",Pineapple,Other,Medium,2017-12-11 00:00:00,2500.0,3000.0,2800.0,21
Gujarat,Ahmedabad,"Ahmedabad(Fruit Market, Naroda)",Pineapple,Other,Medium,2017-12-12 00:00:00,2500.0,3000.0,2800.0,21
Gujarat,Ahmedabad,"Ahmedabad(Fruit Market, Naroda)",Pineapple,Other,Medium,2017-12-15 00:00:00,2500.0,3000.0,2800.0,21
Gujarat,Ahmedabad,"Ahmedabad(Fruit Market, Naroda)",Pineapple,Other,Medium,2017-12-20 00:00:00,2500.0,2800.0,2700.0,21
Gujarat,Ahmedabad,"Ahmedabad(Fruit Market, Naroda)",Pineapple,Other,Medium,2017-12-29 00:00:00,2600.0,2800.0,2700.0,21
Gujarat,Ahmedabad,Ahmedabad(Manekchowk),Pineapple,Other,Medium,2017-01-02 00:00:00,2000.0,2700.0,2500.0,21
Gujarat,Ahmedabad,Ahmedabad(Manekchowk),Pineapple,Other,Medium,2017-01-06 00:00:00,2000.0,2600.0,2400.0,21
Gujarat,Ahmedabad,Ahmedabad(Manekchowk),Pineapple,Other,Medium,2017-01-10 00:00:00,2500.0,3000.0,2800.0,21
Gujarat,Ahmedabad,Ahmedabad(Manekchowk),Pineapple,Other,Medium,2017-01-12 00:00:00,2200.0,2800.0,2600.0,21
Gujarat,Ahmedabad,Ahmedabad(Manekchowk),Pineapple,Other,Medium,2017-01-13 00:00:00,2400.0,2800.0,2700.0,21
Gujarat,Ahmedabad,Ahmedabad(Manekchowk),Pineapple,Other,Medium,2017-01-16 00:00:00,3000.0,3300.0,3200.0,21
Gujarat,Ahmedabad,Ahmedabad(Manekchowk),Pineapple,Other,Medium,2017-01-17 00:00:00,3000.0,3300.0,3200.0,21
Gujarat,Ahmedabad,Ahmedabad(Manekchowk),Pineapple,Other,Medium,2017-01-18 00:00:00,3300.0,3500.0,3400.0,21
Gujarat,Ahmedabad,Ahmedabad(Manekchowk),Pineapple,Other,Medium,2017-01-20 00:00:00,3000.0,3400.0,3300.0,21
Gujarat,Ahmedabad,Ahmedabad(Manekchowk),Pineapple,Other,Medium,2017-01-23 00:00:00,3000.0,3500.0,3250.0,21
Gujarat,Ahmedabad,Ahmedabad(Manekchowk),Pineapple,Other,Medium,2017-01-30 00:00:00,2500.0,3200.0,3000.0,21
Gujarat,Ahmedabad,Ahmedabad(Manekchowk),Pineapple,Other,Medium,2017-02-01 00:00:00,2500.0,3200.0,3000.0,21
Gujarat,Ahmedabad,Ahmedabad(Manekchowk),Pineapple,Other,Medium,2017-02-03 00:00:00,2000.0,3000.0,2700.0,21
Gujarat,Ahmedabad,Ahmedabad(Manekchowk),Pineapple,Other,Medium,2017-02-04 00:00:00,2500.0,3000.0,2800.0,21
Gujarat,Ahmedabad,Ahmedabad(Manekchowk),Pineapple,Other,Medium,2017-02-09 00:00:00,2500.0,3000.0,2800.0,21
Gujarat,Ahmedabad,Ahmedabad(Manekchowk),Pineapple,Other,Medium,2017-03-06 00:00:00,2500.0,3000.0,2800.0,21
Gujarat,Ahmedabad,Ahmedabad(Manekchowk),Pineapple,Other,Medium,2017-03-11 00:00:00,2000.0,2600.0,2400.0,21
Gujarat,Ahmedabad,Ahmedabad(Manekchowk),Pineapple,Other,Medium,2017-03-18 00:00:00,2000.0,2500.0,2300.0,21
Gujarat,Ahmedabad,Ahmedabad(Manekchowk),Pineapple,Other,Medium,2017-04-03 00:00:00,2000.0,3200.0,3000.0,21
Gujarat,Ahmedabad,Ahmedabad(Manekchowk),Pineapple,Other,Medium,2017-04-07 00:00:00,2200.0,3000.0,2700.0,21
Gujarat,Ahmedabad,Ahmedabad(Manekchowk),Pineapple,Other,Medium,2017-04-19 00:00:00,3000.0,3500.0,3300.0,21
Gujarat,Ahmedabad,Ahmedabad(Manekchowk),Pineapple,Other,Medium,2017-04-20 00:00:00,3000.0,3500.0,3300.0,21
Gujarat,Ahmedabad,Ahmedabad(Manekchowk),Pineapple,Other,Medium,2017-04-22 00:00:00,2500.0,3500.0,3000.0,21
Gujarat,Ahmedabad,Ahmedabad(Manekchowk),Pineapple,Other,Medium,2017-04-24 00:00:00,2000.0,3000.0,2500.0,21
Gujarat,Ahmedabad,Ahmedabad(Manekchowk),Pineapple,Other,Medium,2017-05-01 00:00:00,1800.0,2800.0,2500.0,21
Gujarat,Ahmedabad,Ahmedabad(Manekchowk),Pineapple,Other,Medium,2017-05-04 00:00:00,1800.0,3000.0,2500.0,21
Gujarat,Ahmedabad,Ahmedabad(Manekchowk),Pineapple,Other,Medium,2017-05-13 00:00:00,2000.0,3500.0,3000.0,21
Gujarat,Ahmedabad,Ahmedabad(Manekchowk),Pineapple,Other,Medium,2017-05-17 00:00:00,2200.0,4500.0,3500.0,21
Gujarat,Ahmedabad,Ahmedabad(Manekchowk),Pineapple,Other,Medium,2017-06-03 00:00:00,2500.0,3500.0,3200.0,21
Gujarat,Ahmedabad,Ahmedabad(Manekchowk),Pineapple,Other,Medium,2017-06-20 00:00:00,3000.0,4500.0,4000.0,21
Gujarat,Ahmedabad,Ahmedabad(Manekchowk),Pineapple,Other,Medium,2017-06-22 00:00:00,2500.0,4500.0,4000.0,21
Gujarat,Ahmedabad,Ahmedabad(Manekchowk),Pineapple,Other,Medium,2017-06-27 00:00:00,2500.0,4000.0,3500.0,21
Gujarat,Ahmedabad,Ahmedabad(Manekchowk),Pineapple,Other,Medium,2017-06-28 00:00:00,2500.0,4000.0,3500.0,21
Gujarat,Ahmedabad,Ahmedabad(Manekchowk),Pineapple,Other,Medium,2017-07-07 00:00:00,4000.0,4500.0,4300.0,21
Gujarat,Ahmedabad,Ahmedabad(Manekchowk),Pineapple,Other,Medium,2017-07-14 00:00:00,3000.0,4000.0,3500.0,21
Gujarat,Ahmedabad,Ahmedabad(Manekchowk),Pineapple,Other,Medium,2017-07-18 00:00:00,2500.0,3500.0,3200.0,21
Gujarat,Ahmedabad,Ahmedabad(Manekchowk),Pineapple,Other,Medium,2017-07-25 00:00:00,3000.0,3500.0,3300.0,21
Gujarat,Ahmedabad,Ahmedabad(Manekchowk),Pineapple,Other,Small,2017-07-26 00:00:00,2500.0,3500.0,3200.0,21
Gujarat,Ahmedabad,Ahmedabad(Manekchowk),Pineapple,Other,Medium,2017-08-02 00:00:00,2500.0,3500.0,3200.0,21
Gujarat,Ahmedabad,Ahmedabad(Manekchowk),Pineapple,Other,Medium,2017-08-08 00:00:00,3000.0,4000.0,3700.0,21
Gujarat,Ahmedabad,Ahmedabad(Manekchowk),Pineapple,Other,Medium,2017-08-09 00:00:00,2500.0,3500.0,3200.0,21
Gujarat,Ahmedabad,Ahmedabad(Manekchowk),Pineapple,Other,Medium,2017-08-12 00:00:00,2500.0,3500.0,3200.0,21
Gujarat,Ahmedabad,Ahmedabad(Manekchowk),Pineapple,Other,Medium,2017-08-14 00:00:00,3000.0,4000.0,3700.0,21
Gujarat,Ahmedabad,Ahmedabad(Manekchowk),Pineapple,Other,Medium,2017-08-19 00:00:00,2500.0,3500.0,3200.0,21
Gujarat,Ahmedabad,Ahmedabad(Manekchowk),Pineapple,Other,Medium,2017-08-23 00:00:00,3000.0,3500.0,3300.0,21
Gujarat,Ahmedabad,Ahmedabad(Manekchowk),Pineapple,Other,Medium,2017-09-07 00:00:00,2800.0,3500.0,3200.0,21
Gujarat,Ahmedabad,Ahmedabad(Manekchowk),Pineapple,Other,Medium,2017-09-09 00:00:00,2800.0,3500.0,3200.0,21
Gujarat,Ahmedabad,Ahmedabad(Manekchowk),Pineapple,Other,Medium,2017-09-14 00:00:00,2500.0,3500.0,3200.0,21
Gujarat,Ahmedabad,Ahmedabad(Manekchowk),Pineapple,Other,Large,2017-09-16 00:00:00,2500.0,3500.0,3200.0,21
Gujarat,Ahmedabad,Ahmedabad(Manekchowk),Pineapple,Other,Medium,2017-09-28 00:00:00,2200.0,3500.0,2900.0,21
Gujarat,Ahmedabad,Ahmedabad(Manekchowk),Pineapple,Other,Medium,2017-10-03 00:00:00,2500.0,3500.0,3200.0,21
Gujarat,Ahmedabad,Ahmedabad(Manekchowk),Pineapple,Other,Medium,2017-10-12 00:00:00,3200.0,3500.0,3400.0,21
Gujarat,Ahmedabad,Ahmedabad(Manekchowk),Pineapple,Other,Medium,2017-10-13 00:00:00,3000.0,3500.0,3300.0,21
Gujarat,Ahmedabad,Ahmedabad(Manekchowk),Pineapple,Other,Medium,2017-10-16 00:00:00,2500.0,3500.0,2700.0,21
Gujarat,Ahmedabad,Ahmedabad(Manekchowk),Pineapple,Other,Medium,2017-10-18 00:00:00,2000.0,3500.0,2900.0,21
Gujarat,Ahmedabad,Ahmedabad(Manekchowk),Pineapple,Other,Medium,2017-10-23 00:00:00,2500.0,3500.0,3300.0,21
Gujarat,Ahmedabad,Ahmedabad(Manekchowk),Pineapple,Other,Medium,2017-10-25 00:00:00,2000.0,3500.0,2800.0,21
Gujarat,Ahmedabad,Ahmedabad(Manekchowk),Pineapple,Other,Medium,2017-11-07 00:00:00,2500.0,3500.0,3000.0,21
Gujarat,Ahmedabad,Ahmedabad(Manekchowk),Pineapple,Other,Medium,2017-11-08 00:00:00,2200.0,3500.0,2900.0,21
Gujarat,Ahmedabad,Ahmedabad(Manekchowk),Pineapple,Other,Medium,2017-11-09 00:00:00,2400.0,3500.0,3000.0,21
Gujarat,Ahmedabad,Ahmedabad(Manekchowk),Pineapple,Other,Medium,2017-11-11 00:00:00,2000.0,3500.0,2800.0,21
Gujarat,Ahmedabad,Ahmedabad(Manekchowk),Pineapple,Other,Medium,2017-11-15 00:00:00,2700.0,3500.0,3100.0,21
Gujarat,Ahmedabad,Ahmedabad(Manekchowk),Pineapple,Other,Medium,2017-11-24 00:00:00,2400.0,3000.0,2700.0,21
Gujarat,Ahmedabad,Ahmedabad(Manekchowk),Pineapple,Other,Medium,2017-11-28 00:00:00,2500.0,2800.0,2700.0,21
Gujarat,Ahmedabad,Ahmedabad(Manekchowk),Pineapple,Other,Medium,2017-12-04 00:00:00,2500.0,2800.0,2700.0,21
Gujarat,Ahmedabad,Ahmedabad(Manekchowk),Pineapple,Other,Medium,2017-12-06 00:00:00,2500.0,2800.0,2700.0,21
Gujarat,Ahmedabad,Ahmedabad(Manekchowk),Pineapple,Other,Medium,2017-12-07 00:00:00,2500.0,3000.0,2800.0,21
Gujarat,Ahmedabad,Ahmedabad(Manekchowk),Pineapple,Other,Medium,2017-12-15 00:00:00,2500.0,3000.0,2800.0,21
Gujarat,Ahmedabad,Ahmedabad(Manekchowk),Pineapple,Other,Medium,2017-12-21 00:00:00,2300.0,2500.0,2400.0,21
Gujarat,Ahmedabad,Ahmedabad(Manekchowk),Pineapple,Other,Medium,2017-12-27 00:00:00,2000.0,2500.0,2300.0,21
Gujarat,Ahmedabad,Ahmedabad(Manekchowk),Pineapple,Other,Medium,2017-12-30 00:00:00,2600.0,2800.0,2700.0,21
Gujarat,Banaskanth,Deesa(Deesa Veg Yard),Pineapple,Other,Medium,2017-01-02 00:00:00,2500.0,3000.0,2750.0,21
Gujarat,Banaskanth,Deesa(Deesa Veg Yard),Pineapple,Other,Medium,2017-01-05 00:00:00,2500.0,3000.0,2750.0,21
Gujarat,Banaskanth,Deesa(Deesa Veg Yard),Pineapple,Other,Medium,2017-01-10 00:00:00,2500.0,3000.0,2750.0,21
Gujarat,Banaskanth,Deesa(Deesa Veg Yard),Pineapple,Other,Medium,2017-01-20 00:00:00,2000.0,3000.0,2500.0,21
Gujarat,Banaskanth,Deesa(Deesa Veg Yard),Pineapple,Other,Medium,2017-01-23 00:00:00,2000.0,3000.0,2500.0,21
Gujarat,Banaskanth,Deesa(Deesa Veg Yard),Pineapple,Other,Medium,2017-02-25 00:00:00,2000.0,2500.0,2250.0,21
Gujarat,Banaskanth,Deesa(Deesa Veg Yard),Pineapple,Other,Medium,2017-03-01 00:00:00,2000.0,2500.0,2250.0,21
Gujarat,Banaskanth,Deesa(Deesa Veg Yard),Pineapple,Other,Medium,2017-03-04 00:00:00,2000.0,2500.0,2250.0,21
Gujarat,Banaskanth,Deesa(Deesa Veg Yard),Pineapple,Other,Medium,2017-03-06 00:00:00,2000.0,2500.0,2250.0,21
Gujarat,Banaskanth,Deesa(Deesa Veg Yard),Pineapple,Other,Medium,2017-03-07 00:00:00,2000.0,2500.0,2250.0,21
Gujarat,Banaskanth,Deesa(Deesa Veg Yard),Pineapple,Other,Medium,2017-03-10 00:00:00,2000.0,3000.0,2500.0,21
Gujarat,Banaskanth,Deesa(Deesa Veg Yard),Pineapple,Other,Medium,2017-03-11 00:00:00,2000.0,3000.0,2500.0,21
Gujarat,Banaskanth,Deesa(Deesa Veg Yard),Pineapple,Other,Medium,2017-03-22 00:00:00,2000.0,3000.0,2500.0,21
Gujarat,Banaskanth,Deesa(Deesa Veg Yard),Pineapple,Other,Medium,2017-03-23 00:00:00,2000.0,3000.0,2500.0,21
Gujarat,Banaskanth,Deesa(Deesa Veg Yard),Pineapple,Other,Medium,2017-03-27 00:00:00,2000.0,3000.0,2500.0,21
Gujarat,Banaskanth,Deesa(Deesa Veg Yard),Pineapple,Other,Medium,2017-03-28 00:00:00,2000.0,3000.0,2500.0,21
Gujarat,Banaskanth,Deesa(Deesa Veg Yard),Pineapple,Other,Medium,2017-04-04 00:00:00,2500.0,3000.0,2750.0,21
Gujarat,Banaskanth,Deesa(Deesa Veg Yard),Pineapple,Other,Medium,2017-04-18 00:00:00,2500.0,3000.0,2750.0,21
Gujarat,Banaskanth,Deesa(Deesa Veg Yard),Pineapple,Other,Medium,2017-05-09 00:00:00,3000.0,3500.0,3250.0,21
Gujarat,Banaskanth,Deesa(Deesa Veg Yard),Pineapple,Other,Medium,2017-05-18 00:00:00,2200.0,2800.0,2500.0,21
Gujarat,Banaskanth,Deesa(Deesa Veg Yard),Pineapple,Other,Medium,2017-05-23 00:00:00,2000.0,2500.0,2250.0,21
Gujarat,Banaskanth,Deesa(Deesa Veg Yard),Pineapple,Other,Medium,2017-05-26 00:00:00,2000.0,2500.0,2250.0,21
Gujarat,Banaskanth,Deesa(Deesa Veg Yard),Pineapple,Other,Medium,2017-06-03 00:00:00,2500.0,3000.0,2750.0,21
Gujarat,Banaskanth,Deesa(Deesa Veg Yard),Pineapple,Other,Medium,2017-06-24 00:00:00,2000.0,2500.0,2250.0,21
Gujarat,Banaskanth,Deesa(Deesa Veg Yard),Pineapple,Other,Medium,2017-06-28 00:00:00,2000.0,2500.0,2250.0,21
Gujarat,Banaskanth,Deesa(Deesa Veg Yard),Pineapple,Other,Medium,2017-06-29 00:00:00,2000.0,2500.0,2250.0,21
Gujarat,Banaskanth,Deesa(Deesa Veg Yard),Pineapple,Other,Medium,2017-07-01 00:00:00,2000.0,2250.0,2125.0,21
Gujarat,Banaskanth,Deesa(Deesa Veg Yard),Pineapple,Other,Medium,2017-07-05 00:00:00,5500.0,6000.0,5750.0,21
Gujarat,Banaskanth,Deesa(Deesa Veg Yard),Pineapple,Other,Medium,2017-07-18 00:00:00,5500.0,6250.0,5875.0,21
Gujarat,Banaskanth,Deesa(Deesa Veg Yard),Pineapple,Other,Medium,2017-08-01 00:00:00,4000.0,5000.0,4500.0,21
Gujarat,Banaskanth,Deesa(Deesa Veg Yard),Pineapple,Other,Medium,2017-08-03 00:00:00,4000.0,4500.0,4250.0,21
Gujarat,Banaskanth,Deesa(Deesa Veg Yard),Pineapple,Other,Medium,2017-09-26 00:00:00,3500.0,4000.0,3750.0,21
Gujarat,Banaskanth,Deesa(Deesa Veg Yard),Pineapple,Other,Medium,2017-10-10 00:00:00,4000.0,4500.0,4250.0,21
Gujarat,Banaskanth,Deesa(Deesa Veg Yard),Pineapple,Other,Medium,2017-10-11 00:00:00,4000.0,4500.0,4250.0,21
Gujarat,Banaskanth,Deesa(Deesa Veg Yard),Pineapple,Other,Medium,2017-10-31 00:00:00,4000.0,4500.0,4250.0,21
Gujarat,Banaskanth,Deesa(Deesa Veg Yard),Pineapple,Other,Medium,2017-11-07 00:00:00,4000.0,4250.0,4125.0,21
Gujarat,Banaskanth,Deesa(Deesa Veg Yard),Pineapple,Other,Medium,2017-11-16 00:00:00,4000.0,5000.0,4500.0,21
Gujarat,Banaskanth,Deesa(Deesa Veg Yard),Pineapple,Other,Medium,2017-11-17 00:00:00,4000.0,5000.0,4500.0,21
Gujarat,Banaskanth,Deesa(Deesa Veg Yard),Pineapple,Other,Medium,2017-11-20 00:00:00,4500.0,5000.0,4750.0,21
Gujarat,Banaskanth,Deesa(Deesa Veg Yard),Pineapple,Other,Medium,2017-11-23 00:00:00,3000.0,4500.0,3750.0,21
Gujarat,Banaskanth,Deesa(Deesa Veg Yard),Pineapple,Other,Medium,2017-12-04 00:00:00,3000.0,4000.0,3500.0,21
Gujarat,Banaskanth,Deesa(Deesa Veg Yard),Pineapple,Other,Medium,2017-12-30 00:00:00,3000.0,3500.0,3250.0,21
Gujarat,Banaskanth,Deesa(Deesa Veg Yard),Pineapple,Other,Medium,2022-01-07 00:00:00,3000.0,4050.0,3525.0,21
Gujarat,Banaskanth,Deesa(Deesa Veg Yard),Pineapple,Other,Medium,2022-02-16 00:00:00,4500.0,5100.0,4800.0,21
Gujarat,Banaskanth,Deesa(Deesa Veg Yard),Pineapple,Other,Medium,2022-03-04 00:00:00,5500.0,6000.0,5750.0,21
Gujarat,Banaskanth,Deesa(Deesa Veg Yard),Pineapple,Other,Medium,2022-04-15 00:00:00,4000.0,5250.0,4625.0,21
Gujarat,Banaskanth,Deesa(Deesa Veg Yard),Pineapple,Other,Medium,2022-06-11 00:00:00,4500.0,6100.0,5300.0,21
Gujarat,Banaskanth,Deesa(Deesa Veg Yard),Pineapple,Other,Medium,2022-06-13 00:00:00,4500.0,6000.0,5250.0,21
Gujarat,Banaskanth,Deesa(Deesa Veg Yard),Pineapple,Other,Medium,2022-07-04 00:00:00,4500.0,6200.0,5350.0,21
Gujarat,Banaskanth,Deesa(Deesa Veg Yard),Pineapple,Other,Medium,2022-07-05 00:00:00,4500.0,6250.0,5375.0,21
Gujarat,Banaskanth,Deesa(Deesa Veg Yard),Pineapple,Other,Medium,2022-07-14 00:00:00,4000.0,6150.0,5075.0,21
Gujarat,Banaskanth,Deesa(Deesa Veg Yard),Pineapple,Other,Medium,2022-07-15 00:00:00,4000.0,6200.0,5100.0,21
Gujarat,Banaskanth,Deesa(Deesa Veg Yard),Pineapple,Other,Medium,2022-07-23 00:00:00,4000.0,5000.0,4500.0,21
Gujarat,Banaskanth,Deesa(Deesa Veg Yard),Pineapple,Other,Medium,2022-07-25 00:00:00,4000.0,5100.0,4550.0,21
Gujarat,Banaskanth,Deesa(Deesa Veg Yard),Pineapple,Other,Medium,2022-08-09 00:00:00,4000.0,5100.0,4550.0,21
Gujarat,Banaskanth,Deesa(Deesa Veg Yard),Pineapple,Other,Medium,2022-08-10 00:00:00,4000.0,5150.0,4575.0,21
Gujarat,Banaskanth,Deesa(Deesa Veg Yard),Pineapple,Other,Medium,2022-08-29 00:00:00,3500.0,4650.0,4075.0,21
Gujarat,Banaskanth,Deesa(Deesa Veg Yard),Pineapple,Other,Medium,2022-09-05 00:00:00,5000.0,6000.0,5500.0,21
Gujarat,Banaskanth,Deesa(Deesa Veg Yard),Pineapple,Other,Medium,2022-09-29 00:00:00,5000.0,6100.0,5550.0,21
Gujarat,Banaskanth,Deesa(Deesa Veg Yard),Pineapple,Other,Medium,2022-09-30 00:00:00,5000.0,6150.0,5575.0,21
Gujarat,Banaskanth,Deesa(Deesa Veg Yard),Pineapple,Other,Medium,2022-10-12 00:00:00,6000.0,6000.0,6000.0,21
Gujarat,Banaskanth,Deesa(Deesa Veg Yard),Pineapple,Other,Medium,2022-10-18 00:00:00,6000.0,6250.0,6125.0,21
Gujarat,Banaskanth,Deesa(Deesa Veg Yard),Pineapple,Other,Medium,2022-10-20 00:00:00,6000.0,7200.0,6600.0,21
Gujarat,Banaskanth,Deesa(Deesa Veg Yard),Pineapple,Other,Medium,2022-10-29 00:00:00,4000.0,5000.0,4500.0,21
Gujarat,Banaskanth,Deesa(Deesa Veg Yard),Pineapple,Other,Medium,2022-11-02 00:00:00,4000.0,5000.0,4500.0,21
Gujarat,Banaskanth,Deesa(Deesa Veg Yard),Pineapple,Other,Medium,2022-11-07 00:00:00,4000.0,5000.0,4500.0,21
Gujarat,Banaskanth,Deesa(Deesa Veg Yard),Pineapple,Other,Medium,2022-11-15 00:00:00,4000.0,5500.0,4750.0,21
Gujarat,Banaskanth,Deesa(Deesa Veg Yard),Pineapple,Other,Medium,2022-11-16 00:00:00,4000.0,5600.0,4800.0,21
Gujarat,Banaskanth,Deesa(Deesa Veg Yard),Pineapple,Other,Medium,2022-12-02 00:00:00,4000.0,5100.0,4550.0,21
Gujarat,Banaskanth,Deesa(Deesa Veg Yard),Pineapple,Other,Medium,2022-12-16 00:00:00,4000.0,5000.0,4500.0,21
Gujarat,Banaskanth,Deesa(Deesa Veg Yard),Pineapple,Other,Medium,2022-12-19 00:00:00,4000.0,5000.0,4500.0,21
Gujarat,Banaskanth,Deesa(Deesa Veg Yard),Pineapple,Other,Medium,2022-12-22 00:00:00,4000.0,5150.0,4575.0,21
Gujarat,Banaskanth,Deesa(Deesa Veg Yard),Pineapple,Other,Medium,2023-01-10 00:00:00,3500.0,4650.0,4075.0,21
Gujarat,Banaskanth,Deesa(Deesa Veg Yard),Pineapple,Other,Medium,2023-01-11 00:00:00,3500.0,4500.0,4000.0,21
Gujarat,Banaskanth,Deesa(Deesa Veg Yard),Pineapple,Other,Medium,2023-01-16 00:00:00,3500.0,4800.0,4150.0,21
Gujarat,Banaskanth,Deesa(Deesa Veg Yard),Pineapple,Other,Medium,2023-01-18 00:00:00,4000.0,4200.0,4100.0,21
Gujarat,Banaskanth,Deesa(Deesa Veg Yard),Pineapple,Other,Medium,2023-02-06 00:00:00,4000.0,4650.0,4325.0,21
Gujarat,Banaskanth,Deesa(Deesa Veg Yard),Pineapple,Other,Medium,2023-02-08 00:00:00,4000.0,4700.0,4350.0,21
Gujarat,Banaskanth,Deesa(Deesa Veg Yard),Pineapple,Other,Medium,2023-02-16 00:00:00,4000.0,4500.0,4250.0,21
Gujarat,Banaskanth,Deesa(Deesa Veg Yard),Pineapple,Other,Medium,2023-02-21 00:00:00,4000.0,4550.0,4275.0,21
Gujarat,Banaskanth,Deesa(Deesa Veg Yard),Pineapple,Other,Medium,2023-02-27 00:00:00,5000.0,6000.0,5500.0,21
Gujarat,Banaskanth,Deesa(Deesa Veg Yard),Pineapple,Other,Medium,2023-03-09 00:00:00,5000.0,6250.0,5625.0,21
Gujarat,Banaskanth,Deesa(Deesa Veg Yard),Pineapple,Other,Medium,2023-03-18 00:00:00,5000.0,6250.0,5625.0,21
Gujarat,Banaskanth,Deesa(Deesa Veg Yard),Pineapple,Other,Medium,2023-03-21 00:00:00,5000.0,6250.0,5625.0,21
Gujarat,Banaskanth,Deesa(Deesa Veg Yard),Pineapple,Other,Medium,2023-03-22 00:00:00,5000.0,6200.0,5600.0,21
Gujarat,Banaskanth,Deesa(Deesa Veg Yard),Pineapple,Other,Medium,2023-03-28 00:00:00,6000.0,6600.0,6300.0,21
Gujarat,Banaskanth,Deesa(Deesa Veg Yard),Pineapple,Other,Medium,2023-03-29 00:00:00,6000.0,6500.0,6250.0,21
Gujarat,Banaskanth,Deesa(Deesa Veg Yard),Pineapple,Other,Medium,2023-03-31 00:00:00,6000.0,6500.0,6250.0,21
Gujarat,Banaskanth,Deesa(Deesa Veg Yard),Pineapple,Other,Medium,2023-04-01 00:00:00,6000.0,6600.0,6300.0,21
Gujarat,Banaskanth,Deesa(Deesa Veg Yard),Pineapple,Other,Medium,2023-04-18 00:00:00,3500.0,4750.0,4125.0,21
Gujarat,Banaskanth,Deesa(Deesa Veg Yard),Pineapple,Other,Medium,2023-05-16 00:00:00,4000.0,5200.0,4600.0,21
Gujarat,Banaskanth,Deesa(Deesa Veg Yard),Pineapple,Other,Medium,2023-05-19 00:00:00,4000.0,5100.0,4550.0,21
Gujarat,Banaskanth,Deesa(Deesa Veg Yard),Pineapple,Other,Medium,2023-06-19 00:00:00,5000.0,6250.0,5625.0,21
Gujarat,Banaskanth,Deesa(Deesa Veg Yard),Pineapple,Other,Medium,2023-06-26 00:00:00,5000.0,6250.0,5625.0,21
Gujarat,Banaskanth,Deesa(Deesa Veg Yard),Pineapple,Other,Medium,2023-07-08 00:00:00,6000.0,7200.0,6600.0,21
Gujarat,Banaskanth,Deesa(Deesa Veg Yard),Pineapple,Other,Medium,2023-08-08 00:00:00,6000.0,7200.0,6600.0,21
Gujarat,Banaskanth,Deesa(Deesa Veg Yard),Pineapple,Other,Medium,2023-08-11 00:00:00,4500.0,6000.0,5250.0,21
Gujarat,Banaskanth,Deesa(Deesa Veg Yard),Pineapple,Other,Medium,2023-08-18 00:00:00,4000.0,5100.0,4550.0,21
Gujarat,Banaskanth,Deesa(Deesa Veg Yard),Pineapple,Other,Medium,2023-08-25 00:00:00,5750.0,6250.0,6000.0,21
Gujarat,Banaskanth,Deesa(Deesa Veg Yard),Pineapple,Other,Medium,2023-09-02 00:00:00,5500.0,6250.0,5875.0,21
Gujarat,Banaskanth,Deesa(Deesa Veg Yard),Pineapple,Other,Medium,2023-09-09 00:00:00,6000.0,7200.0,6600.0,21
Gujarat,Banaskanth,Deesa(Deesa Veg Yard),Pineapple,Other,Medium,2023-09-14 00:00:00,6000.0,7000.0,6500.0,21
Gujarat,Banaskanth,Deesa(Deesa Veg Yard),Pineapple,Other,Medium,2023-09-15 00:00:00,6000.0,7100.0,6550.0,21
Gujarat,Banaskanth,Deesa(Deesa Veg Yard),Pineapple,Other,Medium,2023-09-21 00:00:00,6000.0,7200.0,6600.0,21
Gujarat,Banaskanth,Deesa(Deesa Veg Yard),Pineapple,Other,Medium,2023-09-22 00:00:00,6000.0,7250.0,6625.0,21
Gujarat,Banaskanth,Deesa(Deesa Veg Yard),Pineapple,Other,Medium,2023-09-23 00:00:00,6000.0,7200.0,6600.0,21
Gujarat,Banaskanth,Deesa(Deesa Veg Yard),Pineapple,Other,Medium,2023-09-27 00:00:00,6000.0,7000.0,6500.0,21
Gujarat,Banaskanth,Deesa(Deesa Veg Yard),Pineapple,Other,Medium,2023-10-11 00:00:00,5000.0,6200.0,5600.0,21
Gujarat,Banaskanth,Deesa(Deesa Veg Yard),Pineapple,Other,Medium,2023-10-26 00:00:00,4500.0,5000.0,4750.0,21
Gujarat,Banaskanth,Deesa(Deesa Veg Yard),Pineapple,Other,Medium,2023-11-04 00:00:00,4500.0,5150.0,4825.0,21
Gujarat,Banaskanth,Deesa(Deesa Veg Yard),Pineapple,Other,Medium,2023-11-07 00:00:00,5150.0,5700.0,5425.0,21
Gujarat,Banaskanth,Deesa(Deesa Veg Yard),Pineapple,Other,Medium,2023-11-09 00:00:00,5000.0,5700.0,5350.0,21
Gujarat,Banaskanth,Deesa(Deesa Veg Yard),Pineapple,Other,Medium,2023-11-23 00:00:00,4000.0,6200.0,5100.0,21
Gujarat,Banaskanth,Deesa(Deesa Veg Yard),Pineapple,Other,Medium,2023-12-01 00:00:00,5000.0,5700.0,5350.0,21
Gujarat,Banaskanth,Deesa(Deesa Veg Yard),Pineapple,Other,Medium,2023-12-02 00:00:00,5000.0,5750.0,5375.0,21
Gujarat,Banaskanth,Deesa(Deesa Veg Yard),Pineapple,Other,Medium,2023-12-23 00:00:00,5000.0,8100.0,6550.0,21
Gujarat,Navsari,Navsari,Pineapple,Other,Medium,2023-07-14 00:00:00,800.0,1200.0,1000.0,21
Gujarat,Navsari,Navsari,Pineapple,Other,Medium,2023-07-15 00:00:00,700.0,1100.0,900.0,21
Gujarat,Ahmedabad,"Ahmedabad(Fruit Market, Naroda)",Pineapple,Other,Small,2015-01-17 00:00:00,2500.0,3500.0,3200.0,21
Gujarat,Ahmedabad,"Ahmedabad(Fruit Market, Naroda)",Pineapple,Other,Small,2015-01-29 00:00:00,2000.0,2400.0,2300.0,21
Gujarat,Ahmedabad,"Ahmedabad(Fruit Market, Naroda)",Pineapple,Other,Small,2015-02-03 00:00:00,2000.0,2500.0,2300.0,21
Gujarat,Ahmedabad,"Ahmedabad(Fruit Market, Naroda)",Pineapple,Other,Small,2015-02-04 00:00:00,2500.0,3000.0,2800.0,21
Gujarat,Ahmedabad,"Ahmedabad(Fruit Market, Naroda)",Pineapple,Other,Medium,2015-02-10 00:00:00,2200.0,2600.0,2500.0,21
Gujarat,Ahmedabad,"Ahmedabad(Fruit Market, Naroda)",Pineapple,Other,Medium,2015-02-11 00:00:00,2200.0,2600.0,2500.0,21
Gujarat,Ahmedabad,"Ahmedabad(Fruit Market, Naroda)",Pineapple,Other,Medium,2015-02-12 00:00:00,2200.0,2600.0,2500.0,21
Gujarat,Ahmedabad,"Ahmedabad(Fruit Market, Naroda)",Pineapple,Other,Medium,2015-03-04 00:00:00,3000.0,3500.0,3300.0,21
Gujarat,Ahmedabad,"Ahmedabad(Fruit Market, Naroda)",Pineapple,Other,Medium,2015-03-11 00:00:00,3000.0,3500.0,3300.0,21
Gujarat,Ahmedabad,"Ahmedabad(Fruit Market, Naroda)",Pineapple,Other,Medium,2015-03-23 00:00:00,3000.0,3500.0,3300.0,21
Gujarat,Ahmedabad,"Ahmedabad(Fruit Market, Naroda)",Pineapple,Other,Medium,2015-03-26 00:00:00,3000.0,3500.0,3300.0,21
Gujarat,Ahmedabad,"Ahmedabad(Fruit Market, Naroda)",Pineapple,Other,Medium,2015-04-03 00:00:00,2800.0,3000.0,2900.0,21
Gujarat,Ahmedabad,"Ahmedabad(Fruit Market, Naroda)",Pineapple,Other,Medium,2015-04-06 00:00:00,2800.0,3500.0,3200.0,21
Gujarat,Ahmedabad,"Ahmedabad(Fruit Market, Naroda)",Pineapple,Other,Medium,2015-05-01 00:00:00,3000.0,3500.0,3300.0,21
Gujarat,Ahmedabad,"Ahmedabad(Fruit Market, Naroda)",Pineapple,Other,Medium,2015-05-05 00:00:00,3000.0,3500.0,3300.0,21
Gujarat,Ahmedabad,"Ahmedabad(Fruit Market, Naroda)",Pineapple,Other,Medium,2015-05-07 00:00:00,3000.0,3500.0,3300.0,21
Gujarat,Ahmedabad,"Ahmedabad(Fruit Market, Naroda)",Pineapple,Other,Medium,2015-05-08 00:00:00,2800.0,3500.0,3200.0,21
Gujarat,Ahmedabad,"Ahmedabad(Fruit Market, Naroda)",Pineapple,Other,Medium,2015-05-20 00:00:00,3000.0,3500.0,3300.0,21
Gujarat,Ahmedabad,"Ahmedabad(Fruit Market, Naroda)",Pineapple,Other,Medium,2015-05-30 00:00:00,3000.0,3500.0,3300.0,21
Gujarat,Ahmedabad,"Ahmedabad(Fruit Market, Naroda)",Pineapple,Other,Medium,2015-07-07 00:00:00,2800.0,3000.0,2900.0,21
Gujarat,Ahmedabad,"Ahmedabad(Fruit Market, Naroda)",Pineapple,Other,Medium,2015-07-25 00:00:00,2500.0,3000.0,2800.0,21
Gujarat,Ahmedabad,"Ahmedabad(Fruit Market, Naroda)",Pineapple,Other,Medium,2015-07-27 00:00:00,2500.0,3000.0,2800.0,21
Gujarat,Ahmedabad,"Ahmedabad(Fruit Market, Naroda)",Pineapple,Other,Medium,2015-07-28 00:00:00,2500.0,3000.0,2800.0,21
Gujarat,Ahmedabad,"Ahmedabad(Fruit Market, Naroda)",Pineapple,Other,Medium,2015-08-05 00:00:00,2500.0,3000.0,2800.0,21
Gujarat,Ahmedabad,"Ahmedabad(Fruit Market, Naroda)",Pineapple,Other,Medium,2015-08-07 00:00:00,2500.0,3000.0,2800.0,21
Gujarat,Ahmedabad,"Ahmedabad(Fruit Market, Naroda)",Pineapple,Other,Medium,2015-08-10 00:00:00,2500.0,3000.0,2800.0,21
Gujarat,Ahmedabad,"Ahmedabad(Fruit Market, Naroda)",Pineapple,Other,Medium,2015-08-12 00:00:00,2500.0,3000.0,2800.0,21
Gujarat,Ahmedabad,"Ahmedabad(Fruit Market, Naroda)",Pineapple,Other,Medium,2015-08-13 00:00:00,2500.0,3200.0,3000.0,21
Gujarat,Ahmedabad,"Ahmedabad(Fruit Market, Naroda)",Pineapple,Other,Medium,2015-08-15 00:00:00,2500.0,3000.0,2800.0,21
Gujarat,Ahmedabad,"Ahmedabad(Fruit Market, Naroda)",Pineapple,Other,Medium,2015-08-20 00:00:00,2500.0,3000.0,2800.0,21
Gujarat,Ahmedabad,"Ahmedabad(Fruit Market, Naroda)",Pineapple,Other,Medium,2015-08-26 00:00:00,2500.0,3000.0,2800.0,21
Gujarat,Ahmedabad,"Ahmedabad(Fruit Market, Naroda)",Pineapple,Other,Medium,2015-08-31 00:00:00,2500.0,3000.0,2800.0,21
Gujarat,Ahmedabad,"Ahmedabad(Fruit Market, Naroda)",Pineapple,Other,Medium,2015-09-02 00:00:00,2500.0,3200.0,2900.0,21
Gujarat,Ahmedabad,"Ahmedabad(Fruit Market, Naroda)",Pineapple,Other,Medium,2015-09-09 00:00:00,2500.0,3000.0,2800.0,21
Gujarat,Ahmedabad,"Ahmedabad(Fruit Market, Naroda)",Pineapple,Other,Medium,2015-09-15 00:00:00,2500.0,2800.0,2700.0,21
Gujarat,Ahmedabad,"Ahmedabad(Fruit Market, Naroda)",Pineapple,Other,Medium,2015-09-26 00:00:00,2000.0,2500.0,2300.0,21
Gujarat,Ahmedabad,"Ahmedabad(Fruit Market, Naroda)",Pineapple,Other,Medium,2015-09-28 00:00:00,2000.0,2500.0,2300.0,21
Gujarat,Ahmedabad,"Ahmedabad(Fruit Market, Naroda)",Pineapple,Other,Medium,2015-10-01 00:00:00,2000.0,2500.0,2300.0,21
Gujarat,Ahmedabad,"Ahmedabad(Fruit Market, Naroda)",Pineapple,Other,Medium,2015-10-14 00:00:00,1500.0,2300.0,2000.0,21
Gujarat,Ahmedabad,"Ahmedabad(Fruit Market, Naroda)",Pineapple,Other,Medium,2015-10-22 00:00:00,1800.0,2200.0,2000.0,21
Gujarat,Ahmedabad,"Ahmedabad(Fruit Market, Naroda)",Pineapple,Other,Medium,2015-10-27 00:00:00,1500.0,2200.0,2000.0,21
Gujarat,Ahmedabad,"Ahmedabad(Fruit Market, Naroda)",Pineapple,Other,Medium,2015-11-06 00:00:00,1500.0,2300.0,2000.0,21
Gujarat,Ahmedabad,"Ahmedabad(Fruit Market, Naroda)",Pineapple,Other,Medium,2015-11-07 00:00:00,1500.0,2200.0,2000.0,21
Gujarat,Ahmedabad,"Ahmedabad(Fruit Market, Naroda)",Pineapple,Other,Medium,2015-11-10 00:00:00,1500.0,2200.0,1900.0,21
Gujarat,Ahmedabad,"Ahmedabad(Fruit Market, Naroda)",Pineapple,Other,Medium,2015-11-14 00:00:00,1500.0,2200.0,1900.0,21
Gujarat,Ahmedabad,"Ahmedabad(Fruit Market, Naroda)",Pineapple,Other,Medium,2015-11-18 00:00:00,1500.0,2200.0,1900.0,21
Gujarat,Ahmedabad,"Ahmedabad(Fruit Market, Naroda)",Pineapple,Other,Medium,2015-11-19 00:00:00,1500.0,2200.0,1900.0,21
Gujarat,Ahmedabad,"Ahmedabad(Fruit Market, Naroda)",Pineapple,Other,Medium,2015-11-20 00:00:00,1500.0,2200.0,1900.0,21
Gujarat,Ahmedabad,"Ahmedabad(Fruit Market, Naroda)",Pineapple,Other,Medium,2015-11-23 00:00:00,1500.0,2300.0,1900.0,21
Gujarat,Ahmedabad,"Ahmedabad(Fruit Market, Naroda)",Pineapple,Other,Medium,2015-12-03 00:00:00,1500.0,2200.0,1900.0,21
Gujarat,Ahmedabad,"Ahmedabad(Fruit Market, Naroda)",Pineapple,Other,Medium,2015-12-10 00:00:00,1500.0,2300.0,1900.0,21
Gujarat,Ahmedabad,"Ahmedabad(Fruit Market, Naroda)",Pineapple,Other,Medium,2015-12-11 00:00:00,1500.0,2300.0,1900.0,21
Gujarat,Ahmedabad,"Ahmedabad(Fruit Market, Naroda)",Pineapple,Other,Medium,2015-12-15 00:00:00,1500.0,2300.0,2000.0,21
Gujarat,Ahmedabad,"Ahmedabad(Fruit Market, Naroda)",Pineapple,Other,Medium,2015-12-16 00:00:00,1800.0,2200.0,2000.0,21
Gujarat,Ahmedabad,"Ahmedabad(Fruit Market, Naroda)",Pineapple,Other,Medium,2015-12-17 00:00:00,1800.0,2300.0,2100.0,21
Gujarat,Ahmedabad,"Ahmedabad(Fruit Market, Naroda)",Pineapple,Other,Medium,2015-12-18 00:00:00,1800.0,2200.0,2000.0,21
Gujarat,Ahmedabad,"Ahmedabad(Fruit Market, Naroda)",Pineapple,Other,Medium,2015-12-22 00:00:00,1500.0,2300.0,2000.0,21
Gujarat,Ahmedabad,"Ahmedabad(Fruit Market, Naroda)",Pineapple,Other,Medium,2015-12-23 00:00:00,1500.0,2300.0,1900.0,21
Gujarat,Ahmedabad,Ahmedabad(Manekchowk),Pineapple,Other,Small,2015-01-07 00:00:00,2000.0,2500.0,2300.0,21
Gujarat,Ahmedabad,Ahmedabad(Manekchowk),Pineapple,Other,Small,2015-01-13 00:00:00,2200.0,2800.0,2600.0,21
Gujarat,Ahmedabad,Ahmedabad(Manekchowk),Pineapple,Other,Small,2015-01-22 00:00:00,2800.0,3500.0,3200.0,21
Gujarat,Ahmedabad,Ahmedabad(Manekchowk),Pineapple,Other,Small,2015-01-31 00:00:00,2200.0,2500.0,2400.0,21
Gujarat,Ahmedabad,Ahmedabad(Manekchowk),Pineapple,Other,Small,2015-02-04 00:00:00,2500.0,3000.0,2800.0,21
Gujarat,Ahmedabad,Ahmedabad(Manekchowk),Pineapple,Other,Small,2015-02-05 00:00:00,2500.0,3000.0,2800.0,21
Gujarat,Ahmedabad,Ahmedabad(Manekchowk),Pineapple,Other,Medium,2015-02-12 00:00:00,2200.0,2600.0,2500.0,21
Gujarat,Ahmedabad,Ahmedabad(Manekchowk),Pineapple,Other,Medium,2015-02-16 00:00:00,2200.0,2800.0,2600.0,21
Gujarat,Ahmedabad,Ahmedabad(Manekchowk),Pineapple,Other,Medium,2015-02-28 00:00:00,3000.0,3500.0,3300.0,21
Gujarat,Ahmedabad,Ahmedabad(Manekchowk),Pineapple,Other,Medium,2015-03-24 00:00:00,3000.0,3500.0,3300.0,21
Gujarat,Ahmedabad,Ahmedabad(Manekchowk),Pineapple,Other,Medium,2015-03-26 00:00:00,3000.0,3500.0,3300.0,21
Gujarat,Ahmedabad,Ahmedabad(Manekchowk),Pineapple,Other,Medium,2015-03-28 00:00:00,3000.0,3500.0,3300.0,21
Gujarat,Ahmedabad,Ahmedabad(Manekchowk),Pineapple,Other,Medium,2015-03-30 00:00:00,3000.0,3500.0,3300.0,21
Gujarat,Ahmedabad,Ahmedabad(Manekchowk),Pineapple,Other,Medium,2015-04-08 00:00:00,3000.0,3500.0,3300.0,21
Gujarat,Ahmedabad,Ahmedabad(Manekchowk),Pineapple,Other,Medium,2015-04-10 00:00:00,2800.0,3200.0,3100.0,21
Gujarat,Ahmedabad,Ahmedabad(Manekchowk),Pineapple,Other,Medium,2015-04-28 00:00:00,2800.0,3000.0,2900.0,21
Gujarat,Ahmedabad,Ahmedabad(Manekchowk),Pineapple,Other,Medium,2015-05-02 00:00:00,3000.0,3500.0,3300.0,21
Gujarat,Ahmedabad,Ahmedabad(Manekchowk),Pineapple,Other,Medium,2015-05-06 00:00:00,2800.0,3500.0,3200.0,21
Gujarat,Ahmedabad,Ahmedabad(Manekchowk),Pineapple,Other,Medium,2015-05-21 00:00:00,2800.0,3500.0,3200.0,21
Gujarat,Ahmedabad,Ahmedabad(Manekchowk),Pineapple,Other,Medium,2015-05-29 00:00:00,3000.0,3500.0,3300.0,21
Gujarat,Ahmedabad,Ahmedabad(Manekchowk),Pineapple,Other,Medium,2015-06-02 00:00:00,2800.0,3500.0,3200.0,21
Gujarat,Ahmedabad,Ahmedabad(Manekchowk),Pineapple,Other,Medium,2015-06-10 00:00:00,2800.0,3200.0,3100.0,21
Gujarat,Ahmedabad,Ahmedabad(Manekchowk),Pineapple,Other,Medium,2015-06-27 00:00:00,2800.0,3200.0,3100.0,21
Gujarat,Ahmedabad,Ahmedabad(Manekchowk),Pineapple,Other,Medium,2015-07-11 00:00:00,2200.0,3000.0,2600.0,21
Gujarat,Ahmedabad,Ahmedabad(Manekchowk),Pineapple,Other,Medium,2015-07-31 00:00:00,2500.0,3200.0,2900.0,21
Gujarat,Ahmedabad,Ahmedabad(Manekchowk),Pineapple,Other,Medium,2015-08-01 00:00:00,2800.0,3200.0,3100.0,21
Gujarat,Ahmedabad,Ahmedabad(Manekchowk),Pineapple,Other,Medium,2015-08-17 00:00:00,2800.0,3200.0,3100.0,21
Gujarat,Ahmedabad,Ahmedabad(Manekchowk),Pineapple,Other,Medium,2015-08-24 00:00:00,2500.0,3000.0,2800.0,21
Gujarat,Ahmedabad,Ahmedabad(Manekchowk),Pineapple,Other,Medium,2015-08-27 00:00:00,2500.0,3000.0,2800.0,21
Gujarat,Ahmedabad,Ahmedabad(Manekchowk),Pineapple,Other,Medium,2015-08-28 00:00:00,2500.0,3000.0,2800.0,21
Gujarat,Ahmedabad,Ahmedabad(Manekchowk),Pineapple,Other,Medium,2015-09-01 00:00:00,2500.0,3000.0,2800.0,21
Gujarat,Ahmedabad,Ahmedabad(Manekchowk),Pineapple,Other,Medium,2015-09-03 00:00:00,2500.0,3200.0,3000.0,21
Gujarat,Ahmedabad,Ahmedabad(Manekchowk),Pineapple,Other,Medium,2015-09-09 00:00:00,2500.0,3000.0,2800.0,21
Gujarat,Ahmedabad,Ahmedabad(Manekchowk),Pineapple,Other,Medium,2015-09-11 00:00:00,2500.0,3200.0,3000.0,21
Gujarat,Ahmedabad,Ahmedabad(Manekchowk),Pineapple,Other,Medium,2015-09-12 00:00:00,2500.0,3000.0,2800.0,21
Gujarat,Ahmedabad,Ahmedabad(Manekchowk),Pineapple,Other,Medium,2015-09-21 00:00:00,2500.0,3000.0,2800.0,21
Gujarat,Ahmedabad,Ahmedabad(Manekchowk),Pineapple,Other,Medium,2015-10-09 00:00:00,2200.0,2800.0,2500.0,21
Gujarat,Ahmedabad,Ahmedabad(Manekchowk),Pineapple,Other,Medium,2015-10-14 00:00:00,1500.0,2300.0,2000.0,21
Gujarat,Ahmedabad,Ahmedabad(Manekchowk),Pineapple,Other,Medium,2015-10-15 00:00:00,1800.0,2300.0,2100.0,21
Gujarat,Ahmedabad,Ahmedabad(Manekchowk),Pineapple,Other,Medium,2015-10-23 00:00:00,1800.0,2200.0,2000.0,21
Gujarat,Ahmedabad,Ahmedabad(Manekchowk),Pineapple,Other,Medium,2015-10-28 00:00:00,1800.0,2300.0,2100.0,21
Gujarat,Ahmedabad,Ahmedabad(Manekchowk),Pineapple,Other,Medium,2015-11-14 00:00:00,1500.0,2200.0,1900.0,21
Gujarat,Ahmedabad,Ahmedabad(Manekchowk),Pineapple,Other,Medium,2015-12-16 00:00:00,1800.0,2200.0,2000.0,21
Gujarat,Ahmedabad,Ahmedabad(Manekchowk),Pineapple,Other,Medium,2015-12-17 00:00:00,1800.0,2300.0,2100.0,21
Gujarat,Ahmedabad,Ahmedabad(Manekchowk),Pineapple,Other,Medium,2015-12-23 00:00:00,1500.0,2300.0,1900.0,21
Gujarat,Ahmedabad,Ahmedabad(Manekchowk),Pineapple,Other,Medium,2015-12-29 00:00:00,1800.0,2300.0,2100.0,21
Gujarat,Ahmedabad,Ahmedabad(Manekchowk),Pineapple,Other,Medium,2015-12-30 00:00:00,1800.0,2200.0,2000.0,21
Gujarat,Banaskanth,Deesa(Deesa Veg Yard),Pineapple,Other,Medium,2015-01-01 00:00:00,2500.0,3500.0,3000.0,21
Gujarat,Banaskanth,Deesa(Deesa Veg Yard),Pineapple,Other,Medium,2015-01-30 00:00:00,3000.0,3500.0,3250.0,21
Gujarat,Banaskanth,Deesa(Deesa Veg Yard),Pineapple,Other,Medium,2015-02-21 00:00:00,3000.0,3500.0,3250.0,21
Gujarat,Banaskanth,Deesa(Deesa Veg Yard),Pineapple,Other,Medium,2015-03-14 00:00:00,3000.0,3500.0,3250.0,21
Gujarat,Banaskanth,Deesa(Deesa Veg Yard),Pineapple,Other,Medium,2015-03-23 00:00:00,3000.0,4000.0,3500.0,21
Gujarat,Banaskanth,Deesa(Deesa Veg Yard),Pineapple,Other,Medium,2015-03-24 00:00:00,3000.0,4000.0,3500.0,21
Gujarat,Banaskanth,Deesa(Deesa Veg Yard),Pineapple,Other,Medium,2015-03-27 00:00:00,3000.0,4000.0,3500.0,21
Gujarat,Banaskanth,Deesa(Deesa Veg Yard),Pineapple,Other,Medium,2015-04-15 00:00:00,600.0,800.0,700.0,21
Gujarat,Banaskanth,Deesa(Deesa Veg Yard),Pineapple,Other,Medium,2015-04-16 00:00:00,600.0,800.0,700.0,21
Gujarat,Banaskanth,Deesa(Deesa Veg Yard),Pineapple,Other,Medium,2015-04-17 00:00:00,3500.0,4200.0,3850.0,21
Gujarat,Banaskanth,Deesa(Deesa Veg Yard),Pineapple,Other,Medium,2015-04-18 00:00:00,3500.0,4500.0,4000.0,21
Gujarat,Banaskanth,Deesa(Deesa Veg Yard),Pineapple,Other,Medium,2015-04-23 00:00:00,4000.0,4500.0,4250.0,21
Gujarat,Banaskanth,Deesa(Deesa Veg Yard),Pineapple,Other,Medium,2015-05-04 00:00:00,3500.0,4000.0,3750.0,21
Gujarat,Banaskanth,Deesa(Deesa Veg Yard),Pineapple,Other,Medium,2015-05-11 00:00:00,3500.0,4000.0,3750.0,21
Gujarat,Banaskanth,Deesa(Deesa Veg Yard),Pineapple,Other,Medium,2015-05-15 00:00:00,3500.0,4000.0,3750.0,21
Gujarat,Banaskanth,Deesa(Deesa Veg Yard),Pineapple,Other,Medium,2015-05-25 00:00:00,3500.0,3700.0,3600.0,21
Gujarat,Banaskanth,Deesa(Deesa Veg Yard),Pineapple,Other,Medium,2015-05-26 00:00:00,3500.0,4000.0,3750.0,21
Gujarat,Banaskanth,Deesa(Deesa Veg Yard),Pineapple,Other,Medium,2015-06-16 00:00:00,3500.0,3900.0,3700.0,21
Gujarat,Banaskanth,Deesa(Deesa Veg Yard),Pineapple,Other,Medium,2015-06-22 00:00:00,3500.0,3900.0,3700.0,21
Gujarat,Banaskanth,Deesa(Deesa Veg Yard),Pineapple,Other,Medium,2015-07-01 00:00:00,3500.0,4000.0,3750.0,21
Gujarat,Banaskanth,Deesa(Deesa Veg Yard),Pineapple,Other,Medium,2015-07-09 00:00:00,3500.0,3900.0,3700.0,21
Gujarat,Banaskanth,Deesa(Deesa Veg Yard),Pineapple,Other,Medium,2015-07-27 00:00:00,3500.0,4000.0,3750.0,21
Gujarat,Banaskanth,Deesa(Deesa Veg Yard),Pineapple,Other,Medium,2015-08-22 00:00:00,3500.0,4000.0,3750.0,21
Gujarat,Banaskanth,Deesa(Deesa Veg Yard),Pineapple,Other,Medium,2015-09-08 00:00:00,3500.0,4000.0,3750.0,21
Gujarat,Banaskanth,Deesa(Deesa Veg Yard),Pineapple,Other,Medium,2015-09-25 00:00:00,3500.0,4000.0,3750.0,21
Gujarat,Banaskanth,Deesa(Deesa Veg Yard),Pineapple,Other,Medium,2015-11-16 00:00:00,3800.0,4000.0,3900.0,21
Gujarat,Banaskanth,Deesa(Deesa Veg Yard),Pineapple,Other,Medium,2015-11-21 00:00:00,3500.0,4000.0,3750.0,21
Gujarat,Banaskanth,Deesa(Deesa Veg Yard),Pineapple,Other,Medium,2015-11-27 00:00:00,3500.0,4000.0,3750.0,21
Gujarat,Banaskanth,Deesa(Deesa Veg Yard),Pineapple,Other,Medium,2015-11-28 00:00:00,3500.0,4000.0,3750.0,21
Gujarat,Banaskanth,Deesa(Deesa Veg Yard),Pineapple,Other,Medium,2015-12-01 00:00:00,3500.0,3800.0,3650.0,21
Gujarat,Banaskanth,Deesa(Deesa Veg Yard),Pineapple,Other,Medium,2015-12-11 00:00:00,3000.0,3500.0,3250.0,21
Gujarat,Banaskanth,Deesa(Deesa Veg Yard),Pineapple,Other,Medium,2015-12-19 00:00:00,3000.0,3400.0,3200.0,21
Gujarat,Banaskanth,Deesa(Deesa Veg Yard),Pineapple,Other,Medium,2015-12-22 00:00:00,3000.0,3500.0,3250.0,21
Gujarat,Banaskanth,Deesa(Deesa Veg Yard),Pineapple,Other,Medium,2015-12-28 00:00:00,3000.0,3500.0,3250.0,21
Gujarat,Bharuch,Bharuch,Pineapple,Other,Medium,2015-01-20 00:00:00,4000.0,6000.0,5000.0,21
Gujarat,Bharuch,Bharuch,Pineapple,Other,Medium,2015-06-21 00:00:00,4000.0,6000.0,5000.0,21
Gujarat,Bharuch,Bharuch,Pineapple,Other,Medium,2015-06-24 00:00:00,4000.0,6000.0,5000.0,21
Gujarat,Bharuch,Bharuch,Pineapple,Other,Medium,2015-11-08 00:00:00,3000.0,4000.0,3500.0,21
Gujarat,Bharuch,Bharuch,Pineapple,Other,Medium,2015-11-15 00:00:00,2500.0,3500.0,3000.0,21
Gujarat,Bharuch,Bharuch,Pineapple,Other,Medium,2015-12-20 00:00:00,2500.0,3500.0,3000.0,21
Gujarat,Ahmedabad,Ahmedabad,Pineapple,Other,Large,2001-12-07 00:00:00,100.0,150.0,130.0,21
Gujarat,Ahmedabad,Ahmedabad,Pineapple,Other,Large,2001-12-20 00:00:00,140.0,220.0,200.0,21
Gujarat,Bharuch,Bharuch,Pineapple,Other,Medium,2003-08-30 00:00:00,500.0,600.0,550.0,21
Gujarat,Bharuch,Bharuch,Pineapple,Other,Medium,2003-09-06 00:00:00,500.0,600.0,550.0,21
Gujarat,Bharuch,Bharuch,Pineapple,Other,Medium,2003-09-23 00:00:00,500.0,600.0,550.0,21
Gujarat,Bharuch,Bharuch,Pineapple,Other,Large,2003-09-26 00:00:00,500.0,550.0,525.0,21
Gujarat,Bharuch,Bharuch,Pineapple,Other,Large,2003-10-10 00:00:00,1000.0,1100.0,1050.0,21
Gujarat,Bharuch,Bharuch,Pineapple,Other,Medium,2003-10-16 00:00:00,1000.0,1200.0,1100.0,21
Gujarat,Bharuch,Bharuch,Pineapple,Other,Medium,2003-10-21 00:00:00,800.0,1000.0,900.0,21
Gujarat,Bharuch,Bharuch,Pineapple,Other,Medium,2003-10-23 00:00:00,1000.0,1100.0,1050.0,21
Gujarat,Bharuch,Bharuch,Pineapple,Other,Medium,2003-10-24 00:00:00,900.0,1000.0,950.0,21
Gujarat,Bharuch,Bharuch,Pineapple,Other,Medium,2003-11-01 00:00:00,1000.0,1100.0,1050.0,21
Gujarat,Bharuch,Bharuch,Pineapple,Other,Medium,2003-11-04 00:00:00,1000.0,1100.0,1050.0,21
Gujarat,Bharuch,Bharuch,Pineapple,Other,Medium,2003-11-10 00:00:00,1000.0,1500.0,1250.0,21
Gujarat,Bharuch,Bharuch,Pineapple,Other,Medium,2003-11-29 00:00:00,800.0,1200.0,1000.0,21
Gujarat,Bharuch,Bharuch,Pineapple,Other,Medium,2003-12-15 00:00:00,1000.0,2000.0,1500.0,21
Gujarat,Bharuch,Bharuch,Pineapple,Other,Medium,2003-12-31 00:00:00,1000.0,1500.0,1250.0,21
Gujarat,Bharuch,Bharuch,Pineapple,Other,Medium,2004-01-05 00:00:00,1000.0,1200.0,1100.0,21
Gujarat,Bharuch,Bharuch,Pineapple,Other,Medium,2004-02-06 00:00:00,800.0,1000.0,900.0,21
Gujarat,Bharuch,Bharuch,Pineapple,Other,Medium,2004-02-19 00:00:00,800.0,1000.0,900.0,21
Gujarat,Bharuch,Bharuch,Pineapple,Other,Medium,2004-09-06 00:00:00,1000.0,1500.0,1250.0,21
Gujarat,Bharuch,Bharuch,Pineapple,Other,Medium,2004-10-21 00:00:00,800.0,1000.0,900.0,21
Gujarat,Bharuch,Bharuch,Pineapple,Other,Medium,2004-11-09 00:00:00,700.0,800.0,750.0,21
Gujarat,Bharuch,Bharuch,Pineapple,Other,Medium,2004-11-22 00:00:00,700.0,900.0,800.0,21
Gujarat,Bharuch,Bharuch,Pineapple,Other,Medium,2004-11-24 00:00:00,800.0,900.0,850.0,21
Gujarat,Bharuch,Bharuch,Pineapple,Other,Medium,2004-12-27 00:00:00,700.0,800.0,750.0,21
Gujarat,Bharuch,Bharuch,Pineapple,Other,Medium,2004-12-29 00:00:00,700.0,800.0,750.0,21
Gujarat,Banaskanth,Deesa(Deesa Veg Yard),Pineapple,Other,Medium,2012-02-13 00:00:00,1600.0,1800.0,1700.0,21
Gujarat,Banaskanth,Deesa(Deesa Veg Yard),Pineapple,Other,Medium,2012-02-17 00:00:00,800.0,850.0,825.0,21
Gujarat,Banaskanth,Deesa(Deesa Veg Yard),Pineapple,Other,Medium,2012-02-21 00:00:00,1000.0,1200.0,1100.0,21
Gujarat,Banaskanth,Deesa(Deesa Veg Yard),Pineapple,Other,Medium,2012-03-19 00:00:00,160.0,200.0,180.0,21
Gujarat,Banaskanth,Deesa(Deesa Veg Yard),Pineapple,Other,Medium,2012-03-20 00:00:00,150.0,160.0,155.0,21
Gujarat,Banaskanth,Deesa(Deesa Veg Yard),Pineapple,Other,Medium,2012-03-21 00:00:00,140.0,160.0,150.0,21
Gujarat,Banaskanth,Deesa(Deesa Veg Yard),Pineapple,Other,Medium,2012-03-28 00:00:00,200.0,210.0,205.0,21
Gujarat,Banaskanth,Deesa(Deesa Veg Yard),Pineapple,Other,Medium,2012-04-16 00:00:00,150.0,180.0,165.0,21
Gujarat,Banaskanth,Deesa(Deesa Veg Yard),Pineapple,Other,Medium,2012-04-20 00:00:00,160.0,200.0,180.0,21
Gujarat,Banaskanth,Deesa(Deesa Veg Yard),Pineapple,Other,Medium,2012-04-26 00:00:00,180.0,200.0,190.0,21
Gujarat,Banaskanth,Deesa(Deesa Veg Yard),Pineapple,Other,Medium,2012-07-25 00:00:00,200.0,240.0,220.0,21
Gujarat,Banaskanth,Deesa(Deesa Veg Yard),Pineapple,Other,Medium,2012-07-28 00:00:00,200.0,240.0,220.0,21
Gujarat,Banaskanth,Deesa(Deesa Veg Yard),Pineapple,Other,Medium,2012-07-30 00:00:00,200.0,220.0,210.0,21
Gujarat,Banaskanth,Deesa(Deesa Veg Yard),Pineapple,Other,Medium,2012-08-03 00:00:00,200.0,240.0,220.0,21
Gujarat,Banaskanth,Deesa(Deesa Veg Yard),Pineapple,Other,Medium,2012-08-04 00:00:00,200.0,220.0,210.0,21
Gujarat,Banaskanth,Deesa(Deesa Veg Yard),Pineapple,Other,Medium,2012-08-31 00:00:00,180.0,240.0,210.0,21
Gujarat,Banaskanth,Deesa(Deesa Veg Yard),Pineapple,Other,Medium,2012-10-05 00:00:00,220.0,240.0,230.0,21
Gujarat,Banaskanth,Deesa(Deesa Veg Yard),Pineapple,Other,Medium,2012-10-09 00:00:00,180.0,200.0,190.0,21
Gujarat,Banaskanth,Deesa(Deesa Veg Yard),Pineapple,Other,Medium,2012-10-20 00:00:00,150.0,180.0,165.0,21
Gujarat,Banaskanth,Deesa(Deesa Veg Yard),Pineapple,Other,Medium,2012-10-26 00:00:00,160.0,180.0,170.0,21
Gujarat,Banaskanth,Deesa(Deesa Veg Yard),Pineapple,Other,Medium,2012-10-30 00:00:00,180.0,200.0,190.0,21
Gujarat,Banaskanth,Deesa(Deesa Veg Yard),Pineapple,Other,Medium,2012-11-02 00:00:00,170.0,180.0,175.0,21
Gujarat,Bharuch,Bharuch,Pineapple,Other,Medium,2012-04-21 00:00:00,3000.0,4000.0,3500.0,21
Gujarat,Bharuch,Bharuch,Pineapple,Other,Medium,2012-05-04 00:00:00,2000.0,3000.0,2500.0,21
Gujarat,Bharuch,Bharuch,Pineapple,Other,Medium,2012-07-14 00:00:00,3000.0,4000.0,3500.0,21
Gujarat,Bharuch,Bharuch,Pineapple,Other,Medium,2012-07-20 00:00:00,3000.0,4000.0,3500.0,21
Gujarat,Bharuch,Bharuch,Pineapple,Other,Medium,2012-07-26 00:00:00,4000.0,5000.0,4500.0,21
Gujarat,Bharuch,Bharuch,Pineapple,Other,Medium,2012-08-07 00:00:00,5000.0,8000.0,6500.0,21
Gujarat,Bharuch,Bharuch,Pineapple,Other,Medium,2012-08-08 00:00:00,5000.0,8000.0,6500.0,21
Gujarat,Ahmedabad,"Ahmedabad(Fruit Market, Naroda)",Pineapple,Other,Small,2009-01-02 00:00:00,180.0,200.0,190.0,21
Gujarat,Ahmedabad,"Ahmedabad(Fruit Market, Naroda)",Pineapple,Other,Small,2009-01-07 00:00:00,200.0,220.0,210.0,21
Gujarat,Ahmedabad,"Ahmedabad(Fruit Market, Naroda)",Pineapple,Other,Small,2009-01-10 00:00:00,180.0,220.0,210.0,21
Gujarat,Ahmedabad,"Ahmedabad(Fruit Market, Naroda)",Pineapple,Other,Small,2009-01-12 00:00:00,280.0,300.0,290.0,21
Gujarat,Ahmedabad,"Ahmedabad(Fruit Market, Naroda)",Pineapple,Other,Small,2009-01-19 00:00:00,120.0,156.0,145.0,21
Gujarat,Ahmedabad,"Ahmedabad(Fruit Market, Naroda)",Pineapple,Other,Small,2009-01-30 00:00:00,130.0,150.0,145.0,21
Gujarat,Ahmedabad,"Ahmedabad(Fruit Market, Naroda)",Pineapple,Other,Small,2009-01-31 00:00:00,156.0,168.0,165.0,21
Gujarat,Ahmedabad,"Ahmedabad(Fruit Market, Naroda)",Pineapple,Other,Small,2009-02-14 00:00:00,150.0,180.0,170.0,21
Gujarat,Ahmedabad,"Ahmedabad(Fruit Market, Naroda)",Pineapple,Other,Small,2009-02-19 00:00:00,160.0,240.0,210.0,21
Gujarat,Ahmedabad,"Ahmedabad(Fruit Market, Naroda)",Pineapple,Other,Small,2009-03-04 00:00:00,180.0,220.0,210.0,21
Gujarat,Ahmedabad,"Ahmedabad(Fruit Market, Naroda)",Pineapple,Other,Small,2009-03-18 00:00:00,240.0,260.0,250.0,21
Gujarat,Ahmedabad,Ahmedabad(Manekchowk),Pineapple,Other,Small,2009-01-12 00:00:00,280.0,300.0,290.0,21
Gujarat,Ahmedabad,Ahmedabad(Manekchowk),Pineapple,Other,Small,2009-01-16 00:00:00,168.0,180.0,175.0,21
Gujarat,Ahmedabad,Ahmedabad(Manekchowk),Pineapple,Other,Small,2009-02-03 00:00:00,120.0,150.0,140.0,21
Gujarat,Ahmedabad,Ahmedabad(Manekchowk),Pineapple,Other,Small,2009-02-19 00:00:00,160.0,240.0,210.0,21
Gujarat,Banaskanth,Deesa(Deesa Veg Yard),Pineapple,Other,Medium,2009-03-21 00:00:00,600.0,650.0,625.0,21
Gujarat,Banaskanth,Deesa(Deesa Veg Yard),Pineapple,Other,Medium,2009-04-17 00:00:00,500.0,700.0,600.0,21
Gujarat,Banaskanth,Deesa(Deesa Veg Yard),Pineapple,Other,Medium,2009-05-14 00:00:00,700.0,750.0,725.0,21
Gujarat,Banaskanth,Deesa(Deesa Veg Yard),Pineapple,Other,Medium,2009-05-20 00:00:00,700.0,750.0,725.0,21
Gujarat,Banaskanth,Deesa(Deesa Veg Yard),Pineapple,Other,Medium,2009-05-26 00:00:00,700.0,750.0,725.0,21
Gujarat,Banaskanth,Deesa(Deesa Veg Yard),Pineapple,Other,Medium,2009-10-05 00:00:00,2300.0,2600.0,2450.0,21
Gujarat,Banaskanth,Deesa(Deesa Veg Yard),Pineapple,Other,Medium,2009-11-10 00:00:00,2300.0,2600.0,2450.0,21
Gujarat,Bharuch,Bharuch,Pineapple,Other,Medium,2009-08-30 00:00:00,2000.0,3000.0,2500.0,21
Gujarat,Bharuch,Bharuch,Pineapple,Other,Medium,2009-10-10 00:00:00,800.0,1000.0,900.0,21
Gujarat,Rajkot,Gondal,Pineapple,Other,Medium,2009-08-09 00:00:00,1800.0,1800.0,1800.0,21
Gujarat,Rajkot,Gondal,Pineapple,Other,Medium,2009-08-20 00:00:00,1500.0,1500.0,1500.0,21
Gujarat,Rajkot,Gondal,Pineapple,Pine Apple,Medium,2009-01-19 00:00:00,1750.0,1750.0,1750.0,21
Gujarat,Rajkot,Gondal,Pineapple,Pine Apple,Medium,2009-04-05 00:00:00,1800.0,1800.0,1800.0,21
Gujarat,Ahmedabad,Ahmedabad,Pineapple,Other,Large,2002-06-27 00:00:00,160.0,230.0,200.0,21
Gujarat,Banaskanth,Deesa(Deesa Veg Yard),Pineapple,Other,Medium,2010-01-15 00:00:00,2100.0,2500.0,2300.0,21
Gujarat,Banaskanth,Deesa(Deesa Veg Yard),Pineapple,Other,Medium,2010-01-19 00:00:00,2200.0,2500.0,2350.0,21
Gujarat,Banaskanth,Deesa(Deesa Veg Yard),Pineapple,Other,Medium,2010-02-24 00:00:00,1700.0,2000.0,1850.0,21
Gujarat,Banaskanth,Deesa(Deesa Veg Yard),Pineapple,Other,Medium,2010-03-29 00:00:00,2000.0,2300.0,2150.0,21
Gujarat,Banaskanth,Deesa(Deesa Veg Yard),Pineapple,Other,Medium,2010-04-20 00:00:00,2500.0,2700.0,2600.0,21
Gujarat,Banaskanth,Deesa(Deesa Veg Yard),Pineapple,Other,Medium,2010-06-23 00:00:00,2300.0,2600.0,2450.0,21
Gujarat,Banaskanth,Deesa(Deesa Veg Yard),Pineapple,Other,Medium,2010-06-29 00:00:00,2300.0,2600.0,2450.0,21
Gujarat,Banaskanth,Deesa(Deesa Veg Yard),Pineapple,Other,Medium,2010-07-29 00:00:00,2500.0,2700.0,2600.0,21
Gujarat,Banaskanth,Deesa(Deesa Veg Yard),Pineapple,Other,Medium,2010-09-06 00:00:00,2500.0,2800.0,2650.0,21
Gujarat,Banaskanth,Deesa(Deesa Veg Yard),Pineapple,Other,Medium,2010-09-28 00:00:00,2000.0,2300.0,2150.0,21
Gujarat,Banaskanth,Deesa(Deesa Veg Yard),Pineapple,Other,Medium,2010-12-10 00:00:00,2700.0,3000.0,2850.0,21
Gujarat,Banaskanth,Deesa(Deesa Veg Yard),Pineapple,Other,Medium,2010-12-24 00:00:00,2000.0,2600.0,2300.0,21
Gujarat,Bharuch,Bharuch,Pineapple,Other,Medium,2010-01-15 00:00:00,1250.0,1500.0,1375.0,21
Gujarat,Bharuch,Bharuch,Pineapple,Other,Medium,2010-04-29 00:00:00,2000.0,2500.0,2250.0,21
Gujarat,Bharuch,Bharuch,Pineapple,Other,Medium,2010-08-11 00:00:00,2000.0,3000.0,2500.0,21
Gujarat,Bharuch,Bharuch,Pineapple,Other,Medium,2010-08-17 00:00:00,2000.0,3000.0,2500.0,21
Gujarat,Bharuch,Bharuch,Pineapple,Other,Medium,2010-08-18 00:00:00,2000.0,3000.0,2500.0,21
Gujarat,Bharuch,Bharuch,Pineapple,Other,Medium,2010-11-04 00:00:00,2000.0,3000.0,2500.0,21
Gujarat,Junagarh,Junagadh,Pineapple,Other,Medium,2010-06-02 00:00:00,430.0,550.0,485.0,21
Gujarat,Junagarh,Junagadh,Pineapple,Other,Medium,2010-06-03 00:00:00,410.0,520.0,460.0,21
Gujarat,Junagarh,Junagadh,Pineapple,Other,Medium,2010-06-05 00:00:00,350.0,480.0,415.0,21
Gujarat,Junagarh,Junagadh,Pineapple,Other,Medium,2010-07-10 00:00:00,1500.0,2500.0,2000.0,21
Gujarat,Junagarh,Junagadh,Pineapple,Other,Medium,2010-10-13 00:00:00,1500.0,2750.0,2000.0,21
Gujarat,Ahmedabad,"Ahmedabad(Fruit Market, Naroda)",Pineapple,Other,Small,2014-10-21 00:00:00,2800.0,3200.0,3100.0,21
Gujarat,Ahmedabad,"Ahmedabad(Fruit Market, Naroda)",Pineapple,Other,Small,2014-10-22 00:00:00,2800.0,3200.0,3100.0,21
Gujarat,Ahmedabad,"Ahmedabad(Fruit Market, Naroda)",Pineapple,Other,Small,2014-10-30 00:00:00,3000.0,3500.0,3300.0,21
Gujarat,Ahmedabad,"Ahmedabad(Fruit Market, Naroda)",Pineapple,Other,Small,2014-11-13 00:00:00,2800.0,3500.0,3200.0,21
Gujarat,Ahmedabad,"Ahmedabad(Fruit Market, Naroda)",Pineapple,Other,Small,2014-11-21 00:00:00,2800.0,3200.0,3100.0,21
Gujarat,Ahmedabad,"Ahmedabad(Fruit Market, Naroda)",Pineapple,Other,Small,2014-11-24 00:00:00,2500.0,3200.0,3000.0,21
Gujarat,Ahmedabad,"Ahmedabad(Fruit Market, Naroda)",Pineapple,Other,Small,2014-12-02 00:00:00,2800.0,3500.0,3200.0,21
Gujarat,Ahmedabad,"Ahmedabad(Fruit Market, Naroda)",Pineapple,Other,Small,2014-12-03 00:00:00,2800.0,3200.0,3100.0,21
Gujarat,Ahmedabad,"Ahmedabad(Fruit Market, Naroda)",Pineapple,Other,Small,2014-12-04 00:00:00,2800.0,3200.0,3100.0,21
Gujarat,Ahmedabad,"Ahmedabad(Fruit Market, Naroda)",Pineapple,Other,Small,2014-12-08 00:00:00,3000.0,3500.0,3300.0,21
Gujarat,Ahmedabad,"Ahmedabad(Fruit Market, Naroda)",Pineapple,Other,Small,2014-12-12 00:00:00,3000.0,3200.0,3200.0,21
Gujarat,Ahmedabad,"Ahmedabad(Fruit Market, Naroda)",Pineapple,Other,Small,2014-12-13 00:00:00,2800.0,3000.0,3000.0,21
Gujarat,Ahmedabad,"Ahmedabad(Fruit Market, Naroda)",Pineapple,Other,Small,2014-12-17 00:00:00,2500.0,3000.0,2800.0,21
Gujarat,Ahmedabad,"Ahmedabad(Fruit Market, Naroda)",Pineapple,Other,Small,2014-12-26 00:00:00,2000.0,2500.0,2300.0,21
Gujarat,Ahmedabad,"Ahmedabad(Fruit Market, Naroda)",Pineapple,Other,Small,2014-12-29 00:00:00,2200.0,2500.0,2400.0,21
Gujarat,Ahmedabad,Ahmedabad(Manekchowk),Pineapple,Other,Small,2014-10-17 00:00:00,2800.0,3300.0,3100.0,21
Gujarat,Ahmedabad,Ahmedabad(Manekchowk),Pineapple,Other,Small,2014-10-21 00:00:00,2800.0,3200.0,3100.0,21
Gujarat,Ahmedabad,Ahmedabad(Manekchowk),Pineapple,Other,Small,2014-10-29 00:00:00,2800.0,3200.0,3100.0,21
Gujarat,Ahmedabad,Ahmedabad(Manekchowk),Pineapple,Other,Small,2014-10-31 00:00:00,2800.0,3200.0,3100.0,21
Gujarat,Ahmedabad,Ahmedabad(Manekchowk),Pineapple,Other,Small,2014-11-27 00:00:00,2800.0,3200.0,3100.0,21
Gujarat,Ahmedabad,Ahmedabad(Manekchowk),Pineapple,Other,Small,2014-12-04 00:00:00,2800.0,3200.0,3100.0,21
Gujarat,Ahmedabad,Ahmedabad(Manekchowk),Pineapple,Other,Small,2014-12-09 00:00:00,3000.0,3600.0,3500.0,21
Gujarat,Ahmedabad,Ahmedabad(Manekchowk),Pineapple,Other,Small,2014-12-13 00:00:00,2800.0,3000.0,3000.0,21
Gujarat,Ahmedabad,Ahmedabad(Manekchowk),Pineapple,Other,Small,2014-12-27 00:00:00,2200.0,2800.0,2600.0,21
Gujarat,Ahmedabad,Ahmedabad(Manekchowk),Pineapple,Other,Small,2014-12-29 00:00:00,2200.0,2500.0,2400.0,21
Gujarat,Ahmedabad,Ahmedabad(Manekchowk),Pineapple,Other,Small,2014-12-31 00:00:00,2200.0,2800.0,2600.0,21
Gujarat,Banaskanth,Deesa(Deesa Veg Yard),Pineapple,Other,Medium,2014-01-06 00:00:00,500.0,600.0,550.0,21
Gujarat,Banaskanth,Deesa(Deesa Veg Yard),Pineapple,Other,Medium,2014-02-12 00:00:00,4000.0,4200.0,4100.0,21
Gujarat,Banaskanth,Deesa(Deesa Veg Yard),Pineapple,Other,Medium,2014-02-25 00:00:00,4000.0,4500.0,4250.0,21
Gujarat,Banaskanth,Deesa(Deesa Veg Yard),Pineapple,Other,Medium,2014-02-26 00:00:00,4000.0,4500.0,4250.0,21
Gujarat,Banaskanth,Deesa(Deesa Veg Yard),Pineapple,Other,Medium,2014-06-05 00:00:00,3500.0,4000.0,3750.0,21
Gujarat,Banaskanth,Deesa(Deesa Veg Yard),Pineapple,Other,Medium,2014-06-09 00:00:00,5000.0,5500.0,5250.0,21
Gujarat,Banaskanth,Deesa(Deesa Veg Yard),Pineapple,Other,Medium,2014-06-10 00:00:00,5000.0,5500.0,5250.0,21
Gujarat,Banaskanth,Deesa(Deesa Veg Yard),Pineapple,Other,Medium,2014-06-19 00:00:00,4500.0,5500.0,5000.0,21
Gujarat,Banaskanth,Deesa(Deesa Veg Yard),Pineapple,Other,Medium,2014-06-30 00:00:00,5000.0,5500.0,5250.0,21
Gujarat,Banaskanth,Deesa(Deesa Veg Yard),Pineapple,Other,Medium,2014-07-02 00:00:00,5000.0,5500.0,5250.0,21
Gujarat,Banaskanth,Deesa(Deesa Veg Yard),Pineapple,Other,Medium,2014-07-07 00:00:00,5000.0,5500.0,5250.0,21
Gujarat,Banaskanth,Deesa(Deesa Veg Yard),Pineapple,Other,Medium,2014-07-08 00:00:00,5000.0,5500.0,5250.0,21
Gujarat,Banaskanth,Deesa(Deesa Veg Yard),Pineapple,Other,Medium,2014-07-09 00:00:00,5000.0,5500.0,5250.0,21
Gujarat,Banaskanth,Deesa(Deesa Veg Yard),Pineapple,Other,Medium,2014-07-14 00:00:00,5000.0,5500.0,5250.0,21
Gujarat,Banaskanth,Deesa(Deesa Veg Yard),Pineapple,Other,Medium,2014-07-31 00:00:00,3500.0,4500.0,4000.0,21
Gujarat,Banaskanth,Deesa(Deesa Veg Yard),Pineapple,Other,Medium,2014-08-04 00:00:00,3500.0,4500.0,4000.0,21
Gujarat,Banaskanth,Deesa(Deesa Veg Yard),Pineapple,Other,Medium,2014-08-06 00:00:00,3500.0,4500.0,4000.0,21
Gujarat,Banaskanth,Deesa(Deesa Veg Yard),Pineapple,Other,Medium,2014-08-07 00:00:00,3500.0,4500.0,4000.0,21
Gujarat,Banaskanth,Deesa(Deesa Veg Yard),Pineapple,Other,Medium,2014-09-08 00:00:00,3000.0,4000.0,3500.0,21
Gujarat,Banaskanth,Deesa(Deesa Veg Yard),Pineapple,Other,Medium,2014-09-10 00:00:00,3000.0,4000.0,3500.0,21
Gujarat,Banaskanth,Deesa(Deesa Veg Yard),Pineapple,Other,Medium,2014-09-16 00:00:00,3000.0,4000.0,3500.0,21
Gujarat,Banaskanth,Deesa(Deesa Veg Yard),Pineapple,Other,Medium,2014-09-23 00:00:00,3500.0,4000.0,3750.0,21
Gujarat,Banaskanth,Deesa(Deesa Veg Yard),Pineapple,Other,Medium,2014-12-27 00:00:00,2500.0,3500.0,3000.0,21
Gujarat,Banaskanth,Deesa(Deesa Veg Yard),Pineapple,Other,Medium,2014-12-29 00:00:00,2500.0,3500.0,3000.0,21
Gujarat,Bharuch,Bharuch,Pineapple,Other,Medium,2014-07-12 00:00:00,3000.0,5000.0,4000.0,21
Gujarat,Bharuch,Bharuch,Pineapple,Other,Medium,2014-11-10 00:00:00,5000.0,7000.0,6000.0,21
Gujarat,Bharuch,Bharuch,Pineapple,Other,Medium,2014-11-27 00:00:00,5000.0,7000.0,6000.0,21
Gujarat,Bharuch,Bharuch,Pineapple,Other,Medium,2014-12-15 00:00:00,6000.0,7000.0,6500.0,21
Gujarat,Banaskanth,Deesa(Deesa Veg Yard),Pineapple,Other,Medium,2013-06-24 00:00:00,3500.0,4000.0,3750.0,21
Gujarat,Banaskanth,Deesa(Deesa Veg Yard),Pineapple,Other,Medium,2013-06-28 00:00:00,3000.0,3200.0,3100.0,21
Gujarat,Banaskanth,Deesa(Deesa Veg Yard),Pineapple,Other,Medium,2013-07-24 00:00:00,3000.0,3500.0,3250.0,21
Gujarat,Banaskanth,Deesa(Deesa Veg Yard),Pineapple,Other,Medium,2013-10-08 00:00:00,3500.0,4000.0,3750.0,21
Gujarat,Banaskanth,Deesa(Deesa Veg Yard),Pineapple,Other,Medium,2013-10-19 00:00:00,3000.0,3500.0,3250.0,21
Gujarat,Banaskanth,Deesa(Deesa Veg Yard),Pineapple,Other,Medium,2013-12-23 00:00:00,400.0,500.0,450.0,21
Gujarat,Banaskanth,Deesa(Deesa Veg Yard),Pineapple,Other,Medium,2013-12-25 00:00:00,400.0,500.0,450.0,21
Gujarat,Bharuch,Bharuch,Pineapple,Other,Medium,2013-07-19 00:00:00,5000.0,6000.0,5000.0,21
Gujarat,Bharuch,Bharuch,Pineapple,Other,Medium,2013-09-11 00:00:00,4000.0,5000.0,4500.0,21
Gujarat,Ahmedabad,"Ahmedabad(Fruit Market, Naroda)",Pineapple,Other,Medium,2018-01-04 00:00:00,2500.0,2700.0,2600.0,21
Gujarat,Ahmedabad,"Ahmedabad(Fruit Market, Naroda)",Pineapple,Other,Medium,2018-01-08 00:00:00,2500.0,2800.0,2700.0,21
Gujarat,Ahmedabad,"Ahmedabad(Fruit Market, Naroda)",Pineapple,Other,Medium,2018-01-19 00:00:00,2400.0,2800.0,2600.0,21
Gujarat,Ahmedabad,"Ahmedabad(Fruit Market, Naroda)",Pineapple,Other,Medium,2018-01-23 00:00:00,2400.0,2900.0,2700.0,21
Gujarat,Ahmedabad,"Ahmedabad(Fruit Market, Naroda)",Pineapple,Other,Medium,2018-01-24 00:00:00,2400.0,2800.0,2600.0,21
Gujarat,Ahmedabad,"Ahmedabad(Fruit Market, Naroda)",Pineapple,Other,Medium,2018-01-31 00:00:00,2600.0,2900.0,2800.0,21
Gujarat,Ahmedabad,"Ahmedabad(Fruit Market, Naroda)",Pineapple,Other,Medium,2018-02-07 00:00:00,2600.0,3000.0,2800.0,21
Gujarat,Ahmedabad,"Ahmedabad(Fruit Market, Naroda)",Pineapple,Other,Medium,2018-02-08 00:00:00,2800.0,3000.0,2900.0,21
Gujarat,Ahmedabad,"Ahmedabad(Fruit Market, Naroda)",Pineapple,Other,Medium,2018-02-23 00:00:00,2800.0,3000.0,2900.0,21
Gujarat,Ahmedabad,"Ahmedabad(Fruit Market, Naroda)",Pineapple,Other,Medium,2018-02-27 00:00:00,2500.0,3000.0,2800.0,21
Gujarat,Ahmedabad,"Ahmedabad(Fruit Market, Naroda)",Pineapple,Other,Medium,2018-03-03 00:00:00,2500.0,3000.0,2800.0,21
Gujarat,Ahmedabad,"Ahmedabad(Fruit Market, Naroda)",Pineapple,Other,Medium,2018-03-09 00:00:00,2800.0,3000.0,2900.0,21
Gujarat,Ahmedabad,"Ahmedabad(Fruit Market, Naroda)",Pineapple,Other,Medium,2018-03-10 00:00:00,2800.0,3000.0,2900.0,21
Gujarat,Ahmedabad,"Ahmedabad(Fruit Market, Naroda)",Pineapple,Other,Medium,2018-03-15 00:00:00,2800.0,3000.0,2900.0,21
Gujarat,Ahmedabad,"Ahmedabad(Fruit Market, Naroda)",Pineapple,Other,Medium,2018-03-20 00:00:00,2800.0,3000.0,2900.0,21
Gujarat,Ahmedabad,"Ahmedabad(Fruit Market, Naroda)",Pineapple,Other,Medium,2018-04-03 00:00:00,2900.0,3500.0,3200.0,21
Gujarat,Ahmedabad,"Ahmedabad(Fruit Market, Naroda)",Pineapple,Other,Medium,2018-04-07 00:00:00,2800.0,3500.0,3200.0,21
Gujarat,Ahmedabad,"Ahmedabad(Fruit Market, Naroda)",Pineapple,Other,Medium,2018-04-09 00:00:00,2800.0,3500.0,3200.0,21
Gujarat,Ahmedabad,"Ahmedabad(Fruit Market, Naroda)",Pineapple,Other,Medium,2018-04-10 00:00:00,2800.0,3500.0,3200.0,21
Gujarat,Ahmedabad,"Ahmedabad(Fruit Market, Naroda)",Pineapple,Other,Medium,2018-04-13 00:00:00,3000.0,3500.0,3300.0,21
Gujarat,Ahmedabad,"Ahmedabad(Fruit Market, Naroda)",Pineapple,Other,Medium,2018-05-17 00:00:00,4000.0,4600.0,4300.0,21
Gujarat,Ahmedabad,"Ahmedabad(Fruit Market, Naroda)",Pineapple,Other,Medium,2018-05-24 00:00:00,3500.0,4500.0,4000.0,21
Gujarat,Ahmedabad,"Ahmedabad(Fruit Market, Naroda)",Pineapple,Other,Medium,2018-06-02 00:00:00,3500.0,4500.0,4000.0,21
Gujarat,Ahmedabad,"Ahmedabad(Fruit Market, Naroda)",Pineapple,Other,Medium,2018-06-06 00:00:00,3500.0,4500.0,4000.0,21
Gujarat,Ahmedabad,"Ahmedabad(Fruit Market, Naroda)",Pineapple,Other,Medium,2018-06-08 00:00:00,3800.0,4500.0,4200.0,21
Gujarat,Ahmedabad,"Ahmedabad(Fruit Market, Naroda)",Pineapple,Other,Medium,2018-06-14 00:00:00,4000.0,4500.0,4300.0,21
Gujarat,Ahmedabad,"Ahmedabad(Fruit Market, Naroda)",Pineapple,Other,Medium,2018-06-15 00:00:00,4000.0,4500.0,4300.0,21
Gujarat,Ahmedabad,"Ahmedabad(Fruit Market, Naroda)",Pineapple,Other,Medium,2018-06-19 00:00:00,4000.0,4500.0,4300.0,21
Gujarat,Ahmedabad,"Ahmedabad(Fruit Market, Naroda)",Pineapple,Other,Medium,2018-06-27 00:00:00,3500.0,4000.0,3800.0,21
Gujarat,Ahmedabad,"Ahmedabad(Fruit Market, Naroda)",Pineapple,Other,Medium,2018-07-06 00:00:00,3500.0,4500.0,4000.0,21
Gujarat,Ahmedabad,"Ahmedabad(Fruit Market, Naroda)",Pineapple,Other,Medium,2018-07-07 00:00:00,3000.0,4000.0,3500.0,21
Gujarat,Ahmedabad,"Ahmedabad(Fruit Market, Naroda)",Pineapple,Other,Medium,2018-07-16 00:00:00,3000.0,4000.0,3500.0,21
Gujarat,Ahmedabad,"Ahmedabad(Fruit Market, Naroda)",Pineapple,Other,Medium,2018-07-19 00:00:00,3800.0,4400.0,4100.0,21
Gujarat,Ahmedabad,"Ahmedabad(Fruit Market, Naroda)",Pineapple,Other,Medium,2018-07-30 00:00:00,3500.0,4500.0,4000.0,21
Gujarat,Ahmedabad,"Ahmedabad(Fruit Market, Naroda)",Pineapple,Other,Medium,2018-08-01 00:00:00,3500.0,4200.0,4000.0,21
Gujarat,Ahmedabad,"Ahmedabad(Fruit Market, Naroda)",Pineapple,Other,Medium,2018-08-03 00:00:00,3500.0,4500.0,4000.0,21
Gujarat,Ahmedabad,"Ahmedabad(Fruit Market, Naroda)",Pineapple,Other,Medium,2018-08-04 00:00:00,3500.0,4500.0,4000.0,21
Gujarat,Ahmedabad,"Ahmedabad(Fruit Market, Naroda)",Pineapple,Other,Medium,2018-08-11 00:00:00,4000.0,4500.0,4300.0,21
Gujarat,Ahmedabad,"Ahmedabad(Fruit Market, Naroda)",Pineapple,Other,Medium,2018-08-30 00:00:00,1800.0,2400.0,2200.0,21
Gujarat,Ahmedabad,"Ahmedabad(Fruit Market, Naroda)",Pineapple,Other,Medium,2018-09-04 00:00:00,3500.0,4500.0,4000.0,21
Gujarat,Ahmedabad,"Ahmedabad(Fruit Market, Naroda)",Pineapple,Other,Medium,2018-09-06 00:00:00,2500.0,3500.0,3000.0,21
Gujarat,Ahmedabad,"Ahmedabad(Fruit Market, Naroda)",Pineapple,Other,Medium,2018-09-18 00:00:00,3000.0,3800.0,3500.0,21
Gujarat,Ahmedabad,"Ahmedabad(Fruit Market, Naroda)",Pineapple,Other,Medium,2018-10-15 00:00:00,3000.0,4000.0,3600.0,21
Gujarat,Ahmedabad,"Ahmedabad(Fruit Market, Naroda)",Pineapple,Other,Medium,2018-10-16 00:00:00,3000.0,4000.0,3600.0,21
Gujarat,Ahmedabad,"Ahmedabad(Fruit Market, Naroda)",Pineapple,Other,Medium,2018-10-19 00:00:00,3000.0,4000.0,3600.0,21
Gujarat,Ahmedabad,"Ahmedabad(Fruit Market, Naroda)",Pineapple,Other,Medium,2018-10-27 00:00:00,4000.0,4500.0,4300.0,21
Gujarat,Ahmedabad,"Ahmedabad(Fruit Market, Naroda)",Pineapple,Other,Medium,2018-10-29 00:00:00,4000.0,4500.0,4300.0,21
Gujarat,Ahmedabad,"Ahmedabad(Fruit Market, Naroda)",Pineapple,Other,Medium,2018-10-30 00:00:00,4000.0,4500.0,4300.0,21
Gujarat,Ahmedabad,"Ahmedabad(Fruit Market, Naroda)",Pineapple,Other,Medium,2018-11-02 00:00:00,4000.0,4500.0,4300.0,21
Gujarat,Ahmedabad,"Ahmedabad(Fruit Market, Naroda)",Pineapple,Other,Medium,2018-11-28 00:00:00,4000.0,4500.0,4300.0,21
Gujarat,Ahmedabad,"Ahmedabad(Fruit Market, Naroda)",Pineapple,Other,Medium,2018-12-11 00:00:00,3200.0,3500.0,3400.0,21
Gujarat,Ahmedabad,"Ahmedabad(Fruit Market, Naroda)",Pineapple,Other,Medium,2018-12-12 00:00:00,3500.0,4000.0,3800.0,21
Gujarat,Ahmedabad,"Ahmedabad(Fruit Market, Naroda)",Pineapple,Other,Medium,2018-12-13 00:00:00,3000.0,4000.0,3500.0,21
Gujarat,Ahmedabad,"Ahmedabad(Fruit Market, Naroda)",Pineapple,Other,Medium,2018-12-14 00:00:00,3500.0,4200.0,3900.0,21
Gujarat,Ahmedabad,"Ahmedabad(Fruit Market, Naroda)",Pineapple,Other,Medium,2018-12-17 00:00:00,3400.0,4000.0,3700.0,21
Gujarat,Ahmedabad,"Ahmedabad(Fruit Market, Naroda)",Pineapple,Other,Medium,2018-12-18 00:00:00,3500.0,4000.0,3800.0,21
Gujarat,Ahmedabad,Ahmedabad(Manekchowk),Pineapple,Other,Medium,2018-01-03 00:00:00,2500.0,2700.0,2600.0,21
Gujarat,Ahmedabad,Ahmedabad(Manekchowk),Pineapple,Other,Medium,2018-01-09 00:00:00,2400.0,2700.0,2600.0,21
Gujarat,Ahmedabad,Ahmedabad(Manekchowk),Pineapple,Other,Medium,2018-02-15 00:00:00,2800.0,3000.0,2900.0,21
Gujarat,Ahmedabad,Ahmedabad(Manekchowk),Pineapple,Other,Medium,2018-02-16 00:00:00,2600.0,3000.0,2800.0,21
Gujarat,Ahmedabad,Ahmedabad(Manekchowk),Pineapple,Other,Medium,2018-02-24 00:00:00,2500.0,3000.0,2800.0,21
Gujarat,Ahmedabad,Ahmedabad(Manekchowk),Pineapple,Other,Medium,2018-03-07 00:00:00,2800.0,3000.0,2900.0,21
Gujarat,Ahmedabad,Ahmedabad(Manekchowk),Pineapple,Other,Medium,2018-03-10 00:00:00,2800.0,3000.0,2900.0,21
Gujarat,Ahmedabad,Ahmedabad(Manekchowk),Pineapple,Other,Medium,2018-03-12 00:00:00,2800.0,3000.0,2900.0,21
Gujarat,Ahmedabad,Ahmedabad(Manekchowk),Pineapple,Other,Medium,2018-03-15 00:00:00,2800.0,3000.0,2900.0,21
Gujarat,Ahmedabad,Ahmedabad(Manekchowk),Pineapple,Other,Medium,2018-03-20 00:00:00,2500.0,3000.0,2800.0,21
Gujarat,Ahmedabad,Ahmedabad(Manekchowk),Pineapple,Other,Medium,2018-03-23 00:00:00,2500.0,3000.0,2800.0,21
Gujarat,Ahmedabad,Ahmedabad(Manekchowk),Pineapple,Other,Medium,2018-03-28 00:00:00,3000.0,3500.0,3300.0,21
Gujarat,Ahmedabad,Ahmedabad(Manekchowk),Pineapple,Other,Medium,2018-03-31 00:00:00,3000.0,3500.0,3300.0,21
Gujarat,Ahmedabad,Ahmedabad(Manekchowk),Pineapple,Other,Medium,2018-04-03 00:00:00,2900.0,3500.0,3200.0,21
Gujarat,Ahmedabad,Ahmedabad(Manekchowk),Pineapple,Other,Medium,2018-04-04 00:00:00,2800.0,3500.0,3200.0,21
Gujarat,Ahmedabad,Ahmedabad(Manekchowk),Pineapple,Other,Medium,2018-04-16 00:00:00,2500.0,3500.0,3000.0,21
Gujarat,Ahmedabad,Ahmedabad(Manekchowk),Pineapple,Other,Medium,2018-05-14 00:00:00,4100.0,4500.0,4300.0,21
Gujarat,Ahmedabad,Ahmedabad(Manekchowk),Pineapple,Other,Medium,2018-05-21 00:00:00,4000.0,4500.0,4300.0,21
Gujarat,Ahmedabad,Ahmedabad(Manekchowk),Pineapple,Other,Medium,2018-05-22 00:00:00,3500.0,4500.0,4000.0,21
Gujarat,Ahmedabad,Ahmedabad(Manekchowk),Pineapple,Other,Medium,2018-05-23 00:00:00,3500.0,4500.0,4000.0,21
Gujarat,Ahmedabad,Ahmedabad(Manekchowk),Pineapple,Other,Medium,2018-05-24 00:00:00,3500.0,4500.0,4000.0,21
Gujarat,Ahmedabad,Ahmedabad(Manekchowk),Pineapple,Other,Medium,2018-05-25 00:00:00,3500.0,4500.0,4000.0,21
Gujarat,Ahmedabad,Ahmedabad(Manekchowk),Pineapple,Other,Medium,2018-05-26 00:00:00,3500.0,4500.0,4000.0,21
Gujarat,Ahmedabad,Ahmedabad(Manekchowk),Pineapple,Other,Medium,2018-06-01 00:00:00,3000.0,4500.0,3800.0,21
Gujarat,Ahmedabad,Ahmedabad(Manekchowk),Pineapple,Other,Medium,2018-06-04 00:00:00,3500.0,4500.0,4000.0,21
Gujarat,Ahmedabad,Ahmedabad(Manekchowk),Pineapple,Other,Medium,2018-06-08 00:00:00,3800.0,4500.0,4200.0,21
Gujarat,Ahmedabad,Ahmedabad(Manekchowk),Pineapple,Other,Medium,2018-06-09 00:00:00,3800.0,4500.0,4300.0,21
Gujarat,Ahmedabad,Ahmedabad(Manekchowk),Pineapple,Other,Medium,2018-06-12 00:00:00,3500.0,4500.0,4000.0,21
Gujarat,Ahmedabad,Ahmedabad(Manekchowk),Pineapple,Other,Medium,2018-06-14 00:00:00,4000.0,4500.0,4300.0,21
Gujarat,Ahmedabad,Ahmedabad(Manekchowk),Pineapple,Other,Medium,2018-06-23 00:00:00,4000.0,4500.0,4300.0,21
Gujarat,Ahmedabad,Ahmedabad(Manekchowk),Pineapple,Other,Medium,2018-06-26 00:00:00,4000.0,4500.0,4300.0,21
Gujarat,Ahmedabad,Ahmedabad(Manekchowk),Pineapple,Other,Medium,2018-06-28 00:00:00,3800.0,4200.0,4000.0,21
Gujarat,Ahmedabad,Ahmedabad(Manekchowk),Pineapple,Other,Medium,2018-06-29 00:00:00,3500.0,4500.0,4000.0,21
Gujarat,Ahmedabad,Ahmedabad(Manekchowk),Pineapple,Other,Medium,2018-06-30 00:00:00,4000.0,4500.0,4300.0,21
Gujarat,Ahmedabad,Ahmedabad(Manekchowk),Pineapple,Other,Medium,2018-07-11 00:00:00,4000.0,4500.0,4300.0,21
Gujarat,Ahmedabad,Ahmedabad(Manekchowk),Pineapple,Other,Medium,2018-07-13 00:00:00,3000.0,4000.0,3500.0,21
Gujarat,Ahmedabad,Ahmedabad(Manekchowk),Pineapple,Other,Medium,2018-08-01 00:00:00,3500.0,4200.0,4000.0,21
Gujarat,Ahmedabad,Ahmedabad(Manekchowk),Pineapple,Other,Medium,2018-08-06 00:00:00,3500.0,4500.0,4000.0,21
Gujarat,Ahmedabad,Ahmedabad(Manekchowk),Pineapple,Other,Medium,2018-08-14 00:00:00,3500.0,4500.0,4100.0,21
Gujarat,Ahmedabad,Ahmedabad(Manekchowk),Pineapple,Other,Medium,2018-08-25 00:00:00,3800.0,4500.0,4200.0,21
Gujarat,Ahmedabad,Ahmedabad(Manekchowk),Pineapple,Other,Medium,2018-08-27 00:00:00,4000.0,4500.0,4300.0,21
Gujarat,Ahmedabad,Ahmedabad(Manekchowk),Pineapple,Other,Medium,2018-09-01 00:00:00,3200.0,3700.0,3500.0,21
Gujarat,Ahmedabad,Ahmedabad(Manekchowk),Pineapple,Other,Medium,2018-09-04 00:00:00,3500.0,4500.0,4000.0,21
Gujarat,Ahmedabad,Ahmedabad(Manekchowk),Pineapple,Other,Medium,2018-09-06 00:00:00,2500.0,3500.0,3000.0,21
Gujarat,Ahmedabad,Ahmedabad(Manekchowk),Pineapple,Other,Medium,2018-09-25 00:00:00,3500.0,3900.0,3700.0,21
Gujarat,Ahmedabad,Ahmedabad(Manekchowk),Pineapple,Other,Medium,2018-09-27 00:00:00,3200.0,4000.0,3600.0,21
Gujarat,Ahmedabad,Ahmedabad(Manekchowk),Pineapple,Other,Medium,2018-10-03 00:00:00,3200.0,3800.0,3600.0,21
Gujarat,Ahmedabad,Ahmedabad(Manekchowk),Pineapple,Other,Medium,2018-10-20 00:00:00,4000.0,4500.0,4300.0,21
Gujarat,Ahmedabad,Ahmedabad(Manekchowk),Pineapple,Other,Medium,2018-10-24 00:00:00,4000.0,4600.0,4400.0,21
Gujarat,Ahmedabad,Ahmedabad(Manekchowk),Pineapple,Other,Medium,2018-10-27 00:00:00,4000.0,4500.0,4300.0,21
Gujarat,Ahmedabad,Ahmedabad(Manekchowk),Pineapple,Other,Medium,2018-11-27 00:00:00,3000.0,4000.0,3500.0,21
Gujarat,Ahmedabad,Ahmedabad(Manekchowk),Pineapple,Other,Medium,2018-11-28 00:00:00,4000.0,4500.0,4300.0,21
Gujarat,Ahmedabad,Ahmedabad(Manekchowk),Pineapple,Other,Medium,2018-11-29 00:00:00,3000.0,4000.0,3500.0,21
Gujarat,Ahmedabad,Ahmedabad(Manekchowk),Pineapple,Other,Medium,2018-12-04 00:00:00,3000.0,3600.0,3300.0,21
Gujarat,Ahmedabad,Ahmedabad(Manekchowk),Pineapple,Other,Medium,2018-12-14 00:00:00,3500.0,4200.0,3900.0,21
Gujarat,Ahmedabad,Ahmedabad(Manekchowk),Pineapple,Other,Medium,2018-12-26 00:00:00,2800.0,3200.0,3000.0,21
Gujarat,Ahmedabad,Ahmedabad(Manekchowk),Pineapple,Other,Medium,2018-12-27 00:00:00,2800.0,3400.0,3100.0,21
Gujarat,Ahmedabad,Ahmedabad(Manekchowk),Pineapple,Other,Medium,2018-12-31 00:00:00,2800.0,3500.0,3200.0,21
Gujarat,Banaskanth,Deesa(Deesa Veg Yard),Pineapple,Other,Medium,2018-01-02 00:00:00,3000.0,3500.0,3250.0,21
Gujarat,Banaskanth,Deesa(Deesa Veg Yard),Pineapple,Other,Medium,2018-01-03 00:00:00,1500.0,1750.0,1625.0,21
Gujarat,Banaskanth,Deesa(Deesa Veg Yard),Pineapple,Other,Medium,2018-01-20 00:00:00,2000.0,3500.0,2750.0,21
Gujarat,Banaskanth,Deesa(Deesa Veg Yard),Pineapple,Other,Medium,2018-01-24 00:00:00,4000.0,4500.0,4250.0,21
Gujarat,Banaskanth,Deesa(Deesa Veg Yard),Pineapple,Other,Medium,2018-02-09 00:00:00,2000.0,3000.0,2500.0,21
Gujarat,Banaskanth,Deesa(Deesa Veg Yard),Pineapple,Other,Medium,2018-02-10 00:00:00,2500.0,3500.0,2750.0,21
Gujarat,Banaskanth,Deesa(Deesa Veg Yard),Pineapple,Other,Medium,2018-02-22 00:00:00,2000.0,2500.0,2250.0,21
Gujarat,Banaskanth,Deesa(Deesa Veg Yard),Pineapple,Other,Medium,2018-02-26 00:00:00,3000.0,3500.0,3250.0,21
Gujarat,Banaskanth,Deesa(Deesa Veg Yard),Pineapple,Other,Medium,2018-03-03 00:00:00,3000.0,3500.0,3250.0,21
Gujarat,Banaskanth,Deesa(Deesa Veg Yard),Pineapple,Other,Medium,2018-03-20 00:00:00,3000.0,3500.0,3250.0,21
Gujarat,Banaskanth,Deesa(Deesa Veg Yard),Pineapple,Other,Medium,2018-03-24 00:00:00,3500.0,4500.0,4000.0,21
Gujarat,Banaskanth,Deesa(Deesa Veg Yard),Pineapple,Other,Medium,2018-05-09 00:00:00,3000.0,5000.0,4000.0,21
Gujarat,Banaskanth,Deesa(Deesa Veg Yard),Pineapple,Other,Medium,2018-05-11 00:00:00,4500.0,5500.0,5000.0,21
Gujarat,Banaskanth,Deesa(Deesa Veg Yard),Pineapple,Other,Medium,2018-05-23 00:00:00,4000.0,4500.0,4250.0,21
Gujarat,Banaskanth,Deesa(Deesa Veg Yard),Pineapple,Other,Medium,2018-05-29 00:00:00,3500.0,4500.0,4000.0,21
Gujarat,Banaskanth,Deesa(Deesa Veg Yard),Pineapple,Other,Medium,2018-06-01 00:00:00,3500.0,4500.0,4000.0,21
Gujarat,Banaskanth,Deesa(Deesa Veg Yard),Pineapple,Other,Medium,2018-06-05 00:00:00,3000.0,4500.0,3750.0,21
Gujarat,Banaskanth,Deesa(Deesa Veg Yard),Pineapple,Other,Medium,2018-06-06 00:00:00,3500.0,4500.0,4000.0,21
Gujarat,Banaskanth,Deesa(Deesa Veg Yard),Pineapple,Other,Medium,2018-07-30 00:00:00,3000.0,5000.0,4000.0,21
Gujarat,Banaskanth,Deesa(Deesa Veg Yard),Pineapple,Other,Medium,2018-08-04 00:00:00,2500.0,5000.0,3750.0,21
Gujarat,Bharuch,Bharuch,Pineapple,Other,Medium,2018-05-29 00:00:00,5500.0,7000.0,6000.0,21
Gujarat,Bharuch,Bharuch,Pineapple,Other,Medium,2018-07-26 00:00:00,500.0,650.0,600.0,21
Gujarat,Bharuch,Bharuch,Pineapple,Other,Medium,2018-08-30 00:00:00,5000.0,6500.0,6000.0,21
Gujarat,Bharuch,Bharuch,Pineapple,Other,Medium,2018-09-28 00:00:00,4000.0,6000.0,5000.0,21
Gujarat,Bharuch,Bharuch,Pineapple,Other,Medium,2018-09-29 00:00:00,4000.0,6000.0,5000.0,21
Gujarat,Bharuch,Bharuch,Pineapple,Other,Medium,2018-10-04 00:00:00,4500.0,6000.0,5000.0,21
Gujarat,Bharuch,Bharuch,Pineapple,Other,Medium,2018-10-19 00:00:00,4000.0,6000.0,5000.0,21
Gujarat,Bharuch,Bharuch,Pineapple,Other,Medium,2018-11-02 00:00:00,4000.0,5500.0,5000.0,21
Gujarat,Ahmedabad,"Ahmedabad(Fruit Market, Naroda)",Pineapple,Other,Medium,2016-01-08 00:00:00,1800.0,2300.0,2100.0,21
Gujarat,Ahmedabad,"Ahmedabad(Fruit Market, Naroda)",Pineapple,Other,Medium,2016-01-18 00:00:00,1800.0,2300.0,2100.0,21
Gujarat,Ahmedabad,"Ahmedabad(Fruit Market, Naroda)",Pineapple,Other,Medium,2016-01-29 00:00:00,1500.0,2000.0,1800.0,21
Gujarat,Ahmedabad,"Ahmedabad(Fruit Market, Naroda)",Pineapple,Other,Medium,2016-02-03 00:00:00,1500.0,2200.0,1900.0,21
Gujarat,Ahmedabad,"Ahmedabad(Fruit Market, Naroda)",Pineapple,Other,Medium,2016-02-12 00:00:00,1800.0,2500.0,2200.0,21
Gujarat,Ahmedabad,"Ahmedabad(Fruit Market, Naroda)",Pineapple,Other,Medium,2016-03-01 00:00:00,2200.0,2800.0,2500.0,21
Gujarat,Ahmedabad,"Ahmedabad(Fruit Market, Naroda)",Pineapple,Other,Medium,2016-03-02 00:00:00,2200.0,2800.0,2500.0,21
Gujarat,Ahmedabad,"Ahmedabad(Fruit Market, Naroda)",Pineapple,Other,Medium,2016-03-11 00:00:00,2500.0,2800.0,2700.0,21
Gujarat,Ahmedabad,"Ahmedabad(Fruit Market, Naroda)",Pineapple,Other,Medium,2016-03-19 00:00:00,2500.0,3000.0,2800.0,21
Gujarat,Ahmedabad,"Ahmedabad(Fruit Market, Naroda)",Pineapple,Other,Medium,2016-03-22 00:00:00,2500.0,3000.0,2800.0,21
Gujarat,Ahmedabad,"Ahmedabad(Fruit Market, Naroda)",Pineapple,Other,Medium,2016-03-23 00:00:00,2500.0,3000.0,2800.0,21
Gujarat,Ahmedabad,"Ahmedabad(Fruit Market, Naroda)",Pineapple,Other,Medium,2016-03-31 00:00:00,2500.0,3000.0,2800.0,21
Gujarat,Ahmedabad,"Ahmedabad(Fruit Market, Naroda)",Pineapple,Other,Medium,2016-04-01 00:00:00,2500.0,3000.0,2800.0,21
Gujarat,Ahmedabad,"Ahmedabad(Fruit Market, Naroda)",Pineapple,Other,Medium,2016-04-13 00:00:00,2200.0,2500.0,2400.0,21
Gujarat,Ahmedabad,"Ahmedabad(Fruit Market, Naroda)",Pineapple,Other,Medium,2016-04-25 00:00:00,2200.0,2500.0,2400.0,21
Gujarat,Ahmedabad,"Ahmedabad(Fruit Market, Naroda)",Pineapple,Other,Medium,2016-04-27 00:00:00,2200.0,2500.0,2400.0,21
Gujarat,Ahmedabad,"Ahmedabad(Fruit Market, Naroda)",Pineapple,Other,Medium,2016-04-28 00:00:00,2200.0,2500.0,2400.0,21
Gujarat,Ahmedabad,"Ahmedabad(Fruit Market, Naroda)",Pineapple,Other,Medium,2016-05-11 00:00:00,2500.0,2800.0,2700.0,21
Gujarat,Ahmedabad,"Ahmedabad(Fruit Market, Naroda)",Pineapple,Other,Medium,2016-05-18 00:00:00,2500.0,3000.0,2800.0,21
Gujarat,Ahmedabad,"Ahmedabad(Fruit Market, Naroda)",Pineapple,Other,Medium,2016-05-26 00:00:00,2500.0,3000.0,2800.0,21
Gujarat,Ahmedabad,"Ahmedabad(Fruit Market, Naroda)",Pineapple,Other,Medium,2016-06-04 00:00:00,2500.0,3000.0,2750.0,21
Gujarat,Ahmedabad,"Ahmedabad(Fruit Market, Naroda)",Pineapple,Other,Medium,2016-06-14 00:00:00,2500.0,3000.0,2800.0,21
Gujarat,Ahmedabad,"Ahmedabad(Fruit Market, Naroda)",Pineapple,Other,Medium,2016-06-18 00:00:00,2500.0,3000.0,2800.0,21
Gujarat,Ahmedabad,"Ahmedabad(Fruit Market, Naroda)",Pineapple,Other,Medium,2016-06-30 00:00:00,1500.0,2000.0,1800.0,21
Gujarat,Ahmedabad,"Ahmedabad(Fruit Market, Naroda)",Pineapple,Other,Medium,2016-07-01 00:00:00,2000.0,3000.0,2500.0,21
Gujarat,Ahmedabad,"Ahmedabad(Fruit Market, Naroda)",Pineapple,Other,Medium,2016-07-11 00:00:00,2500.0,3000.0,2800.0,21
Gujarat,Ahmedabad,"Ahmedabad(Fruit Market, Naroda)",Pineapple,Other,Medium,2016-07-14 00:00:00,1500.0,2000.0,1800.0,21
Gujarat,Ahmedabad,"Ahmedabad(Fruit Market, Naroda)",Pineapple,Other,Medium,2016-07-16 00:00:00,1500.0,2000.0,1800.0,21
Gujarat,Ahmedabad,"Ahmedabad(Fruit Market, Naroda)",Pineapple,Other,Medium,2016-07-22 00:00:00,1500.0,2000.0,1800.0,21
Gujarat,Ahmedabad,"Ahmedabad(Fruit Market, Naroda)",Pineapple,Other,Medium,2016-07-28 00:00:00,2500.0,3000.0,2800.0,21
Gujarat,Ahmedabad,"Ahmedabad(Fruit Market, Naroda)",Pineapple,Other,Medium,2016-07-29 00:00:00,2000.0,2500.0,2300.0,21
Gujarat,Ahmedabad,"Ahmedabad(Fruit Market, Naroda)",Pineapple,Other,Medium,2016-07-30 00:00:00,2500.0,3000.0,2800.0,21
Gujarat,Ahmedabad,"Ahmedabad(Fruit Market, Naroda)",Pineapple,Other,Medium,2016-08-06 00:00:00,2500.0,3000.0,2800.0,21
Gujarat,Ahmedabad,"Ahmedabad(Fruit Market, Naroda)",Pineapple,Other,Medium,2016-08-13 00:00:00,2000.0,2500.0,2300.0,21
Gujarat,Ahmedabad,"Ahmedabad(Fruit Market, Naroda)",Pineapple,Other,Medium,2016-08-24 00:00:00,2500.0,3000.0,2800.0,21
Gujarat,Ahmedabad,"Ahmedabad(Fruit Market, Naroda)",Pineapple,Other,Medium,2016-08-30 00:00:00,2000.0,3000.0,2500.0,21
Gujarat,Ahmedabad,"Ahmedabad(Fruit Market, Naroda)",Pineapple,Other,Medium,2016-09-06 00:00:00,2500.0,3000.0,2800.0,21
Gujarat,Ahmedabad,"Ahmedabad(Fruit Market, Naroda)",Pineapple,Other,Medium,2016-09-07 00:00:00,2500.0,3000.0,2800.0,21
Gujarat,Ahmedabad,"Ahmedabad(Fruit Market, Naroda)",Pineapple,Other,Medium,2016-09-15 00:00:00,2500.0,3000.0,2800.0,21
Gujarat,Ahmedabad,"Ahmedabad(Fruit Market, Naroda)",Pineapple,Other,Medium,2016-09-23 00:00:00,3000.0,3500.0,3300.0,21
Gujarat,Ahmedabad,"Ahmedabad(Fruit Market, Naroda)",Pineapple,Other,Medium,2016-09-24 00:00:00,3000.0,3500.0,3300.0,21
Gujarat,Ahmedabad,"Ahmedabad(Fruit Market, Naroda)",Pineapple,Other,Medium,2016-10-03 00:00:00,2500.0,3000.0,2800.0,21
Gujarat,Ahmedabad,"Ahmedabad(Fruit Market, Naroda)",Pineapple,Other,Medium,2016-10-13 00:00:00,2000.0,3000.0,2500.0,21
Gujarat,Ahmedabad,"Ahmedabad(Fruit Market, Naroda)",Pineapple,Other,Medium,2016-10-15 00:00:00,2500.0,3500.0,3000.0,21
Gujarat,Ahmedabad,"Ahmedabad(Fruit Market, Naroda)",Pineapple,Other,Medium,2016-10-17 00:00:00,2000.0,3000.0,2500.0,21
Gujarat,Ahmedabad,"Ahmedabad(Fruit Market, Naroda)",Pineapple,Other,Medium,2016-10-19 00:00:00,2500.0,3000.0,2800.0,21
Gujarat,Ahmedabad,"Ahmedabad(Fruit Market, Naroda)",Pineapple,Other,Medium,2016-10-28 00:00:00,2000.0,2500.0,2300.0,21
Gujarat,Ahmedabad,"Ahmedabad(Fruit Market, Naroda)",Pineapple,Other,Medium,2016-10-29 00:00:00,2500.0,3000.0,2800.0,21
Gujarat,Ahmedabad,"Ahmedabad(Fruit Market, Naroda)",Pineapple,Other,Medium,2016-11-02 00:00:00,2500.0,3000.0,2800.0,21
Gujarat,Ahmedabad,"Ahmedabad(Fruit Market, Naroda)",Pineapple,Other,Medium,2016-11-28 00:00:00,2500.0,3000.0,2800.0,21
Gujarat,Ahmedabad,"Ahmedabad(Fruit Market, Naroda)",Pineapple,Other,Medium,2016-11-30 00:00:00,2000.0,2500.0,2300.0,21
Gujarat,Ahmedabad,"Ahmedabad(Fruit Market, Naroda)",Pineapple,Other,Medium,2016-12-02 00:00:00,2000.0,2200.0,2100.0,21
Gujarat,Ahmedabad,"Ahmedabad(Fruit Market, Naroda)",Pineapple,Other,Medium,2016-12-07 00:00:00,2200.0,2500.0,2400.0,21
Gujarat,Ahmedabad,"Ahmedabad(Fruit Market, Naroda)",Pineapple,Other,Medium,2016-12-14 00:00:00,1800.0,2200.0,2100.0,21
Gujarat,Ahmedabad,"Ahmedabad(Fruit Market, Naroda)",Pineapple,Other,Medium,2016-12-15 00:00:00,1800.0,2200.0,2000.0,21
Gujarat,Ahmedabad,"Ahmedabad(Fruit Market, Naroda)",Pineapple,Other,Medium,2016-12-20 00:00:00,2000.0,2200.0,2100.0,21
Gujarat,Ahmedabad,"Ahmedabad(Fruit Market, Naroda)",Pineapple,Other,Medium,2016-12-21 00:00:00,1900.0,2000.0,1950.0,21
Gujarat,Ahmedabad,Ahmedabad(Manekchowk),Pineapple,Other,Medium,2016-01-05 00:00:00,1800.0,2300.0,2100.0,21
Gujarat,Ahmedabad,Ahmedabad(Manekchowk),Pineapple,Other,Medium,2016-01-08 00:00:00,1800.0,2300.0,2100.0,21
Gujarat,Ahmedabad,Ahmedabad(Manekchowk),Pineapple,Other,Medium,2016-01-21 00:00:00,1800.0,2300.0,2100.0,21
Gujarat,Ahmedabad,Ahmedabad(Manekchowk),Pineapple,Other,Medium,2016-01-23 00:00:00,1800.0,2200.0,2000.0,21
Gujarat,Ahmedabad,Ahmedabad(Manekchowk),Pineapple,Other,Medium,2016-01-29 00:00:00,1500.0,2000.0,1800.0,21
Gujarat,Ahmedabad,Ahmedabad(Manekchowk),Pineapple,Other,Medium,2016-02-01 00:00:00,1500.0,2200.0,1900.0,21
Gujarat,Ahmedabad,Ahmedabad(Manekchowk),Pineapple,Other,Medium,2016-02-02 00:00:00,1500.0,2200.0,1900.0,21
Gujarat,Ahmedabad,Ahmedabad(Manekchowk),Pineapple,Other,Medium,2016-02-03 00:00:00,1500.0,2200.0,1900.0,21
Gujarat,Ahmedabad,Ahmedabad(Manekchowk),Pineapple,Other,Medium,2016-02-13 00:00:00,2000.0,2500.0,2300.0,21
Gujarat,Ahmedabad,Ahmedabad(Manekchowk),Pineapple,Other,Medium,2016-02-19 00:00:00,1800.0,2500.0,2200.0,21
Gujarat,Ahmedabad,Ahmedabad(Manekchowk),Pineapple,Other,Medium,2016-02-29 00:00:00,2200.0,2800.0,2500.0,21
Gujarat,Ahmedabad,Ahmedabad(Manekchowk),Pineapple,Other,Medium,2016-03-09 00:00:00,2500.0,2800.0,2700.0,21
Gujarat,Ahmedabad,Ahmedabad(Manekchowk),Pineapple,Other,Medium,2016-03-12 00:00:00,2500.0,2800.0,2700.0,21
Gujarat,Ahmedabad,Ahmedabad(Manekchowk),Pineapple,Other,Medium,2016-03-19 00:00:00,2500.0,3000.0,2800.0,21
Gujarat,Ahmedabad,Ahmedabad(Manekchowk),Pineapple,Other,Medium,2016-03-29 00:00:00,2500.0,3000.0,2800.0,21
Gujarat,Ahmedabad,Ahmedabad(Manekchowk),Pineapple,Other,Medium,2016-03-31 00:00:00,2500.0,3000.0,2800.0,21
Gujarat,Ahmedabad,Ahmedabad(Manekchowk),Pineapple,Other,Medium,2016-04-02 00:00:00,2800.0,3000.0,2900.0,21
Gujarat,Ahmedabad,Ahmedabad(Manekchowk),Pineapple,Other,Medium,2016-04-04 00:00:00,2800.0,3000.0,2900.0,21
Gujarat,Ahmedabad,Ahmedabad(Manekchowk),Pineapple,Other,Medium,2016-04-06 00:00:00,2500.0,3000.0,2800.0,21
Gujarat,Ahmedabad,Ahmedabad(Manekchowk),Pineapple,Other,Medium,2016-04-12 00:00:00,2500.0,3000.0,2800.0,21
Gujarat,Ahmedabad,Ahmedabad(Manekchowk),Pineapple,Other,Medium,2016-04-19 00:00:00,2500.0,3000.0,2800.0,21
Gujarat,Ahmedabad,Ahmedabad(Manekchowk),Pineapple,Other,Medium,2016-04-22 00:00:00,2200.0,2500.0,2400.0,21
Gujarat,Ahmedabad,Ahmedabad(Manekchowk),Pineapple,Other,Medium,2016-04-25 00:00:00,2200.0,2500.0,2400.0,21
Gujarat,Ahmedabad,Ahmedabad(Manekchowk),Pineapple,Other,Medium,2016-04-29 00:00:00,2200.0,2500.0,2400.0,21
Gujarat,Ahmedabad,Ahmedabad(Manekchowk),Pineapple,Other,Medium,2016-05-06 00:00:00,2500.0,2800.0,2700.0,21
Gujarat,Ahmedabad,Ahmedabad(Manekchowk),Pineapple,Other,Medium,2016-05-13 00:00:00,2500.0,2800.0,2700.0,21
Gujarat,Ahmedabad,Ahmedabad(Manekchowk),Pineapple,Other,Medium,2016-05-25 00:00:00,2500.0,3000.0,2800.0,21
Gujarat,Ahmedabad,Ahmedabad(Manekchowk),Pineapple,Other,Medium,2016-05-26 00:00:00,2500.0,3000.0,2800.0,21
Gujarat,Ahmedabad,Ahmedabad(Manekchowk),Pineapple,Other,Medium,2016-06-08 00:00:00,2500.0,3000.0,2800.0,21
Gujarat,Ahmedabad,Ahmedabad(Manekchowk),Pineapple,Other,Medium,2016-06-10 00:00:00,2500.0,3000.0,2800.0,21
Gujarat,Ahmedabad,Ahmedabad(Manekchowk),Pineapple,Other,Medium,2016-06-14 00:00:00,2500.0,3000.0,2800.0,21
Gujarat,Ahmedabad,Ahmedabad(Manekchowk),Pineapple,Other,Medium,2016-06-15 00:00:00,2200.0,2500.0,2400.0,21
Gujarat,Ahmedabad,Ahmedabad(Manekchowk),Pineapple,Other,Medium,2016-06-30 00:00:00,1500.0,2000.0,1800.0,21
Gujarat,Ahmedabad,Ahmedabad(Manekchowk),Pineapple,Other,Medium,2016-07-01 00:00:00,2000.0,3000.0,2500.0,21
Gujarat,Ahmedabad,Ahmedabad(Manekchowk),Pineapple,Other,Medium,2016-07-05 00:00:00,2000.0,3000.0,2500.0,21
Gujarat,Ahmedabad,Ahmedabad(Manekchowk),Pineapple,Other,Medium,2016-07-12 00:00:00,1500.0,2000.0,1800.0,21
Gujarat,Ahmedabad,Ahmedabad(Manekchowk),Pineapple,Other,Medium,2016-07-16 00:00:00,1500.0,2000.0,1800.0,21
Gujarat,Ahmedabad,Ahmedabad(Manekchowk),Pineapple,Other,Medium,2016-07-23 00:00:00,1500.0,2000.0,1800.0,21
Gujarat,Ahmedabad,Ahmedabad(Manekchowk),Pineapple,Other,Medium,2016-07-27 00:00:00,2000.0,2500.0,2300.0,21
Gujarat,Ahmedabad,Ahmedabad(Manekchowk),Pineapple,Other,Medium,2016-07-30 00:00:00,2500.0,3000.0,2800.0,21
Gujarat,Ahmedabad,Ahmedabad(Manekchowk),Pineapple,Other,Medium,2016-08-05 00:00:00,2500.0,3000.0,2800.0,21
Gujarat,Ahmedabad,Ahmedabad(Manekchowk),Pineapple,Other,Medium,2016-08-09 00:00:00,2000.0,3000.0,2500.0,21
Gujarat,Ahmedabad,Ahmedabad(Manekchowk),Pineapple,Other,Medium,2016-08-19 00:00:00,3000.0,4000.0,3500.0,21
Gujarat,Ahmedabad,Ahmedabad(Manekchowk),Pineapple,Other,Medium,2016-08-22 00:00:00,2500.0,3000.0,2800.0,21
Gujarat,Ahmedabad,Ahmedabad(Manekchowk),Pineapple,Other,Medium,2016-08-31 00:00:00,2500.0,3000.0,2800.0,21
Gujarat,Ahmedabad,Ahmedabad(Manekchowk),Pineapple,Other,Medium,2016-09-15 00:00:00,2500.0,3000.0,2800.0,21
Gujarat,Ahmedabad,Ahmedabad(Manekchowk),Pineapple,Other,Medium,2016-09-16 00:00:00,2500.0,4000.0,3300.0,21
Gujarat,Ahmedabad,Ahmedabad(Manekchowk),Pineapple,Other,Medium,2016-09-17 00:00:00,2500.0,4000.0,3300.0,21
Gujarat,Ahmedabad,Ahmedabad(Manekchowk),Pineapple,Other,Medium,2016-09-22 00:00:00,3500.0,4000.0,3750.0,21
Gujarat,Ahmedabad,Ahmedabad(Manekchowk),Pineapple,Other,Medium,2016-10-13 00:00:00,2000.0,3000.0,2500.0,21
Gujarat,Ahmedabad,Ahmedabad(Manekchowk),Pineapple,Other,Medium,2016-10-21 00:00:00,2000.0,2250.0,2200.0,21
Gujarat,Ahmedabad,Ahmedabad(Manekchowk),Pineapple,Other,Medium,2016-10-28 00:00:00,2000.0,2500.0,2300.0,21
Gujarat,Ahmedabad,Ahmedabad(Manekchowk),Pineapple,Other,Medium,2016-10-29 00:00:00,2500.0,3000.0,2800.0,21
Gujarat,Ahmedabad,Ahmedabad(Manekchowk),Pineapple,Other,Medium,2016-11-15 00:00:00,2000.0,2500.0,2300.0,21
Gujarat,Ahmedabad,Ahmedabad(Manekchowk),Pineapple,Other,Medium,2016-11-21 00:00:00,2000.0,2500.0,2300.0,21
Gujarat,Ahmedabad,Ahmedabad(Manekchowk),Pineapple,Other,Medium,2016-12-01 00:00:00,2000.0,2500.0,2300.0,21
Gujarat,Ahmedabad,Ahmedabad(Manekchowk),Pineapple,Other,Medium,2016-12-03 00:00:00,2000.0,2200.0,2100.0,21
Gujarat,Ahmedabad,Ahmedabad(Manekchowk),Pineapple,Other,Medium,2016-12-05 00:00:00,2000.0,2200.0,2100.0,21
Gujarat,Ahmedabad,Ahmedabad(Manekchowk),Pineapple,Other,Medium,2016-12-09 00:00:00,2400.0,2800.0,2600.0,21
Gujarat,Ahmedabad,Ahmedabad(Manekchowk),Pineapple,Other,Medium,2016-12-20 00:00:00,2000.0,2200.0,2100.0,21
Gujarat,Ahmedabad,Ahmedabad(Manekchowk),Pineapple,Other,Medium,2016-12-21 00:00:00,1900.0,2000.0,1950.0,21
Gujarat,Ahmedabad,Ahmedabad(Manekchowk),Pineapple,Other,Medium,2016-12-28 00:00:00,1800.0,2000.0,1950.0,21
Gujarat,Banaskanth,Deesa(Deesa Veg Yard),Pineapple,Other,Medium,2016-01-01 00:00:00,3000.0,3500.0,3250.0,21
Gujarat,Banaskanth,Deesa(Deesa Veg Yard),Pineapple,Other,Medium,2016-01-02 00:00:00,3000.0,3750.0,3375.0,21
Gujarat,Banaskanth,Deesa(Deesa Veg Yard),Pineapple,Other,Medium,2016-01-05 00:00:00,600.0,700.0,650.0,21
Gujarat,Banaskanth,Deesa(Deesa Veg Yard),Pineapple,Other,Medium,2016-02-03 00:00:00,2000.0,2500.0,2250.0,21
Gujarat,Banaskanth,Deesa(Deesa Veg Yard),Pineapple,Other,Medium,2016-02-27 00:00:00,2000.0,2200.0,2100.0,21
Gujarat,Banaskanth,Deesa(Deesa Veg Yard),Pineapple,Other,Medium,2016-03-03 00:00:00,2000.0,2200.0,2100.0,21
Gujarat,Banaskanth,Deesa(Deesa Veg Yard),Pineapple,Other,Medium,2016-03-09 00:00:00,2000.0,2500.0,2250.0,21
Gujarat,Banaskanth,Deesa(Deesa Veg Yard),Pineapple,Other,Medium,2016-03-18 00:00:00,2300.0,2500.0,2400.0,21
Gujarat,Banaskanth,Deesa(Deesa Veg Yard),Pineapple,Other,Medium,2016-03-26 00:00:00,2200.0,2500.0,2350.0,21
Gujarat,Banaskanth,Deesa(Deesa Veg Yard),Pineapple,Other,Medium,2016-03-31 00:00:00,2200.0,2500.0,2350.0,21
Gujarat,Banaskanth,Deesa(Deesa Veg Yard),Pineapple,Other,Medium,2016-04-05 00:00:00,2000.0,2500.0,2250.0,21
Gujarat,Banaskanth,Deesa(Deesa Veg Yard),Pineapple,Other,Medium,2016-04-08 00:00:00,2400.0,2500.0,2450.0,21
Gujarat,Banaskanth,Deesa(Deesa Veg Yard),Pineapple,Other,Medium,2016-04-09 00:00:00,2400.0,2500.0,2450.0,21
Gujarat,Banaskanth,Deesa(Deesa Veg Yard),Pineapple,Other,Medium,2016-05-04 00:00:00,2500.0,2700.0,2600.0,21
Gujarat,Banaskanth,Deesa(Deesa Veg Yard),Pineapple,Other,Medium,2016-05-06 00:00:00,500.0,540.0,520.0,21
Gujarat,Banaskanth,Deesa(Deesa Veg Yard),Pineapple,Other,Medium,2016-05-14 00:00:00,2500.0,3000.0,2750.0,21
Gujarat,Banaskanth,Deesa(Deesa Veg Yard),Pineapple,Other,Medium,2016-05-16 00:00:00,2500.0,3000.0,2750.0,21
Gujarat,Banaskanth,Deesa(Deesa Veg Yard),Pineapple,Other,Medium,2016-05-19 00:00:00,2500.0,3000.0,2750.0,21
Gujarat,Banaskanth,Deesa(Deesa Veg Yard),Pineapple,Other,Medium,2016-05-31 00:00:00,4000.0,5000.0,4500.0,21
Gujarat,Banaskanth,Deesa(Deesa Veg Yard),Pineapple,Other,Medium,2016-06-02 00:00:00,4000.0,4500.0,4250.0,21
Gujarat,Banaskanth,Deesa(Deesa Veg Yard),Pineapple,Other,Medium,2016-06-10 00:00:00,2900.0,3000.0,2950.0,21
Gujarat,Banaskanth,Deesa(Deesa Veg Yard),Pineapple,Other,Medium,2016-06-15 00:00:00,2800.0,3000.0,2900.0,21
Gujarat,Banaskanth,Deesa(Deesa Veg Yard),Pineapple,Other,Medium,2016-06-22 00:00:00,2500.0,3000.0,2750.0,21
Gujarat,Banaskanth,Deesa(Deesa Veg Yard),Pineapple,Other,Medium,2016-06-29 00:00:00,2700.0,3000.0,2850.0,21
Gujarat,Banaskanth,Deesa(Deesa Veg Yard),Pineapple,Other,Medium,2016-06-30 00:00:00,2500.0,2800.0,2650.0,21
Gujarat,Banaskanth,Deesa(Deesa Veg Yard),Pineapple,Other,Medium,2016-07-02 00:00:00,2700.0,3000.0,2850.0,21
Gujarat,Banaskanth,Deesa(Deesa Veg Yard),Pineapple,Other,Medium,2016-07-07 00:00:00,2500.0,3000.0,2750.0,21
Gujarat,Banaskanth,Deesa(Deesa Veg Yard),Pineapple,Other,Medium,2016-07-14 00:00:00,2500.0,2600.0,2550.0,21
Gujarat,Banaskanth,Deesa(Deesa Veg Yard),Pineapple,Other,Medium,2016-07-21 00:00:00,2500.0,2600.0,2550.0,21
Gujarat,Banaskanth,Deesa(Deesa Veg Yard),Pineapple,Other,Medium,2016-08-06 00:00:00,2500.0,2600.0,2550.0,21
Gujarat,Banaskanth,Deesa(Deesa Veg Yard),Pineapple,Other,Medium,2016-08-22 00:00:00,2500.0,2600.0,2550.0,21
Gujarat,Banaskanth,Deesa(Deesa Veg Yard),Pineapple,Other,Medium,2016-09-14 00:00:00,2400.0,2500.0,2450.0,21
Gujarat,Banaskanth,Deesa(Deesa Veg Yard),Pineapple,Other,Medium,2016-09-15 00:00:00,2500.0,3000.0,2750.0,21
Gujarat,Banaskanth,Deesa(Deesa Veg Yard),Pineapple,Other,Medium,2016-09-28 00:00:00,2500.0,3000.0,2750.0,21
Gujarat,Banaskanth,Deesa(Deesa Veg Yard),Pineapple,Other,Medium,2016-11-07 00:00:00,2500.0,3000.0,2750.0,21
Gujarat,Banaskanth,Deesa(Deesa Veg Yard),Pineapple,Other,Medium,2016-11-09 00:00:00,2500.0,3000.0,2750.0,21
Gujarat,Banaskanth,Deesa(Deesa Veg Yard),Pineapple,Other,Medium,2016-11-24 00:00:00,3900.0,4400.0,4150.0,21
Gujarat,Banaskanth,Deesa(Deesa Veg Yard),Pineapple,Other,Medium,2016-11-29 00:00:00,4100.0,4200.0,4150.0,21
Gujarat,Banaskanth,Deesa(Deesa Veg Yard),Pineapple,Other,Medium,2016-11-30 00:00:00,3700.0,4200.0,3950.0,21
Gujarat,Banaskanth,Deesa(Deesa Veg Yard),Pineapple,Other,Medium,2016-12-12 00:00:00,2500.0,3000.0,2750.0,21
Gujarat,Banaskanth,Deesa(Deesa Veg Yard),Pineapple,Other,Medium,2016-12-13 00:00:00,2500.0,3000.0,2750.0,21
Gujarat,Banaskanth,Deesa(Deesa Veg Yard),Pineapple,Other,Medium,2016-12-17 00:00:00,2500.0,3000.0,2750.0,21
Gujarat,Banaskanth,Deesa(Deesa Veg Yard),Pineapple,Other,Medium,2016-12-20 00:00:00,2500.0,3000.0,2750.0,21
Gujarat,Bharuch,Bharuch,Pineapple,Other,Medium,2016-01-01 00:00:00,2000.0,3500.0,3000.0,21
Gujarat,Bharuch,Bharuch,Pineapple,Other,Medium,2016-04-06 00:00:00,3500.0,4500.0,4000.0,21
Gujarat,Bharuch,Bharuch,Pineapple,Other,Medium,2016-06-02 00:00:00,3000.0,5000.0,4000.0,21
Gujarat,Bharuch,Bharuch,Pineapple,Other,Medium,2016-06-15 00:00:00,6000.0,8000.0,7000.0,21
Gujarat,Ahmedabad,"Ahmedabad(Fruit Market, Naroda)",Pineapple,Other,Medium,2019-01-03 00:00:00,2500.0,3400.0,3000.0,21
Gujarat,Ahmedabad,"Ahmedabad(Fruit Market, Naroda)",Pineapple,Other,Medium,2019-01-16 00:00:00,2700.0,3300.0,3100.0,21
Gujarat,Ahmedabad,"Ahmedabad(Fruit Market, Naroda)",Pineapple,Other,Medium,2019-01-22 00:00:00,2600.0,3200.0,2900.0,21
Gujarat,Ahmedabad,"Ahmedabad(Fruit Market, Naroda)",Pineapple,Other,Medium,2019-01-28 00:00:00,2800.0,3500.0,3200.0,21
Gujarat,Ahmedabad,"Ahmedabad(Fruit Market, Naroda)",Pineapple,Other,Medium,2019-02-04 00:00:00,3000.0,3600.0,3300.0,21
Gujarat,Ahmedabad,"Ahmedabad(Fruit Market, Naroda)",Pineapple,Other,Medium,2019-02-06 00:00:00,2400.0,3200.0,2800.0,21
Gujarat,Ahmedabad,"Ahmedabad(Fruit Market, Naroda)",Pineapple,Other,Medium,2019-02-11 00:00:00,2800.0,3000.0,2900.0,21
Gujarat,Ahmedabad,"Ahmedabad(Fruit Market, Naroda)",Pineapple,Other,Medium,2019-02-12 00:00:00,2500.0,3400.0,3000.0,21
Gujarat,Ahmedabad,"Ahmedabad(Fruit Market, Naroda)",Pineapple,Other,Medium,2019-02-14 00:00:00,2500.0,3000.0,2800.0,21
Gujarat,Ahmedabad,"Ahmedabad(Fruit Market, Naroda)",Pineapple,Other,Medium,2019-02-26 00:00:00,2500.0,3500.0,3000.0,21
Gujarat,Ahmedabad,"Ahmedabad(Fruit Market, Naroda)",Pineapple,Other,Medium,2019-03-07 00:00:00,3000.0,3600.0,3300.0,21
Gujarat,Ahmedabad,"Ahmedabad(Fruit Market, Naroda)",Pineapple,Other,Medium,2019-03-09 00:00:00,3000.0,3500.0,3300.0,21
Gujarat,Ahmedabad,"Ahmedabad(Fruit Market, Naroda)",Pineapple,Other,Medium,2019-03-13 00:00:00,3000.0,3600.0,3300.0,21
Gujarat,Ahmedabad,"Ahmedabad(Fruit Market, Naroda)",Pineapple,Other,Medium,2019-04-03 00:00:00,3500.0,4000.0,3800.0,21
Gujarat,Ahmedabad,"Ahmedabad(Fruit Market, Naroda)",Pineapple,Other,Medium,2019-04-04 00:00:00,3500.0,4000.0,3800.0,21
Gujarat,Ahmedabad,"Ahmedabad(Fruit Market, Naroda)",Pineapple,Other,Medium,2019-04-10 00:00:00,3600.0,4100.0,3900.0,21
Gujarat,Ahmedabad,"Ahmedabad(Fruit Market, Naroda)",Pineapple,Other,Medium,2019-04-29 00:00:00,3500.0,4200.0,3900.0,21
Gujarat,Ahmedabad,"Ahmedabad(Fruit Market, Naroda)",Pineapple,Other,Medium,2019-04-30 00:00:00,4000.0,4200.0,4100.0,21
Gujarat,Ahmedabad,"Ahmedabad(Fruit Market, Naroda)",Pineapple,Other,Medium,2019-05-03 00:00:00,3800.0,4200.0,4000.0,21
Gujarat,Ahmedabad,"Ahmedabad(Fruit Market, Naroda)",Pineapple,Other,Medium,2019-05-10 00:00:00,4000.0,4200.0,4100.0,21
Gujarat,Ahmedabad,"Ahmedabad(Fruit Market, Naroda)",Pineapple,Other,Medium,2019-05-18 00:00:00,3500.0,4000.0,3800.0,21
Gujarat,Ahmedabad,"Ahmedabad(Fruit Market, Naroda)",Pineapple,Other,Medium,2019-05-20 00:00:00,3500.0,4000.0,3800.0,21
Gujarat,Ahmedabad,"Ahmedabad(Fruit Market, Naroda)",Pineapple,Other,Medium,2019-06-06 00:00:00,3900.0,4100.0,4000.0,21
Gujarat,Ahmedabad,"Ahmedabad(Fruit Market, Naroda)",Pineapple,Other,Medium,2019-06-11 00:00:00,3500.0,4000.0,3800.0,21
Gujarat,Ahmedabad,"Ahmedabad(Fruit Market, Naroda)",Pineapple,Other,Medium,2019-06-13 00:00:00,4000.0,4200.0,4100.0,21
Gujarat,Ahmedabad,"Ahmedabad(Fruit Market, Naroda)",Pineapple,Other,Medium,2019-06-15 00:00:00,4000.0,4200.0,4100.0,21
Gujarat,Ahmedabad,"Ahmedabad(Fruit Market, Naroda)",Pineapple,Other,Medium,2019-06-17 00:00:00,4000.0,4300.0,4200.0,21
Gujarat,Ahmedabad,"Ahmedabad(Fruit Market, Naroda)",Pineapple,Other,Medium,2019-06-21 00:00:00,4000.0,4200.0,4100.0,21
Gujarat,Ahmedabad,"Ahmedabad(Fruit Market, Naroda)",Pineapple,Other,Medium,2019-07-05 00:00:00,3900.0,4100.0,4000.0,21
Gujarat,Ahmedabad,"Ahmedabad(Fruit Market, Naroda)",Pineapple,Other,Medium,2019-08-03 00:00:00,4000.0,4500.0,4300.0,21
Gujarat,Ahmedabad,"Ahmedabad(Fruit Market, Naroda)",Pineapple,Other,Medium,2019-08-06 00:00:00,3500.0,4100.0,3800.0,21
Gujarat,Ahmedabad,"Ahmedabad(Fruit Market, Naroda)",Pineapple,Other,Medium,2019-08-09 00:00:00,4000.0,4200.0,4100.0,21
Gujarat,Ahmedabad,"Ahmedabad(Fruit Market, Naroda)",Pineapple,Other,Medium,2019-08-20 00:00:00,3500.0,4100.0,3800.0,21
Gujarat,Ahmedabad,"Ahmedabad(Fruit Market, Naroda)",Pineapple,Other,Medium,2019-08-27 00:00:00,3500.0,4000.0,3800.0,21
Gujarat,Ahmedabad,"Ahmedabad(Fruit Market, Naroda)",Pineapple,Other,Medium,2019-08-28 00:00:00,3500.0,4000.0,3800.0,21
Gujarat,Ahmedabad,"Ahmedabad(Fruit Market, Naroda)",Pineapple,Other,Medium,2019-09-06 00:00:00,4000.0,4200.0,4100.0,21
Gujarat,Ahmedabad,"Ahmedabad(Fruit Market, Naroda)",Pineapple,Other,Medium,2019-09-09 00:00:00,3500.0,4200.0,3900.0,21
Gujarat,Ahmedabad,"Ahmedabad(Fruit Market, Naroda)",Pineapple,Other,Medium,2019-09-26 00:00:00,3500.0,4000.0,3800.0,21
Gujarat,Ahmedabad,"Ahmedabad(Fruit Market, Naroda)",Pineapple,Other,Medium,2019-09-27 00:00:00,3800.0,4200.0,4000.0,21
Gujarat,Ahmedabad,"Ahmedabad(Fruit Market, Naroda)",Pineapple,Other,Medium,2019-11-04 00:00:00,4000.0,4500.0,4300.0,21
Gujarat,Ahmedabad,"Ahmedabad(Fruit Market, Naroda)",Pineapple,Other,Medium,2019-11-07 00:00:00,3500.0,4000.0,3800.0,21
Gujarat,Ahmedabad,"Ahmedabad(Fruit Market, Naroda)",Pineapple,Other,Medium,2019-11-19 00:00:00,3500.0,4100.0,3800.0,21
Gujarat,Ahmedabad,"Ahmedabad(Fruit Market, Naroda)",Pineapple,Other,Medium,2019-11-23 00:00:00,3500.0,4100.0,3800.0,21
Gujarat,Ahmedabad,"Ahmedabad(Fruit Market, Naroda)",Pineapple,Other,Medium,2019-11-29 00:00:00,3500.0,4000.0,3800.0,21
Gujarat,Ahmedabad,"Ahmedabad(Fruit Market, Naroda)",Pineapple,Other,Medium,2019-12-02 00:00:00,4000.0,4500.0,4300.0,21
Gujarat,Ahmedabad,"Ahmedabad(Fruit Market, Naroda)",Pineapple,Other,Medium,2019-12-05 00:00:00,3500.0,4000.0,3900.0,21
Gujarat,Ahmedabad,"Ahmedabad(Fruit Market, Naroda)",Pineapple,Other,Medium,2019-12-07 00:00:00,3500.0,4500.0,4000.0,21
Gujarat,Ahmedabad,"Ahmedabad(Fruit Market, Naroda)",Pineapple,Other,Medium,2019-12-12 00:00:00,3500.0,4500.0,4100.0,21
Gujarat,Ahmedabad,"Ahmedabad(Fruit Market, Naroda)",Pineapple,Other,Medium,2019-12-14 00:00:00,4000.0,4500.0,4400.0,21
Gujarat,Ahmedabad,"Ahmedabad(Fruit Market, Naroda)",Pineapple,Other,Medium,2019-12-16 00:00:00,3500.0,4000.0,3900.0,21
Gujarat,Ahmedabad,"Ahmedabad(Fruit Market, Naroda)",Pineapple,Other,Medium,2019-12-17 00:00:00,3500.0,4000.0,3900.0,21
Gujarat,Ahmedabad,"Ahmedabad(Fruit Market, Naroda)",Pineapple,Other,Medium,2019-12-21 00:00:00,4000.0,4500.0,4300.0,21
Gujarat,Ahmedabad,Ahmedabad(Manekchowk),Pineapple,Other,Medium,2019-01-01 00:00:00,2800.0,3500.0,3200.0,21
Gujarat,Ahmedabad,Ahmedabad(Manekchowk),Pineapple,Other,Medium,2019-01-04 00:00:00,2500.0,3500.0,3000.0,21
Gujarat,Ahmedabad,Ahmedabad(Manekchowk),Pineapple,Other,Medium,2019-01-07 00:00:00,2800.0,3200.0,3000.0,21
Gujarat,Ahmedabad,Ahmedabad(Manekchowk),Pineapple,Other,Medium,2019-01-08 00:00:00,2800.0,3200.0,3000.0,21
Gujarat,Ahmedabad,Ahmedabad(Manekchowk),Pineapple,Other,Medium,2019-01-17 00:00:00,2800.0,3200.0,3000.0,21
Gujarat,Ahmedabad,Ahmedabad(Manekchowk),Pineapple,Other,Medium,2019-01-22 00:00:00,2600.0,3200.0,2900.0,21
Gujarat,Ahmedabad,Ahmedabad(Manekchowk),Pineapple,Other,Medium,2019-01-31 00:00:00,2700.0,3600.0,3200.0,21
Gujarat,Ahmedabad,Ahmedabad(Manekchowk),Pineapple,Other,Medium,2019-02-08 00:00:00,2000.0,3000.0,2500.0,21
Gujarat,Ahmedabad,Ahmedabad(Manekchowk),Pineapple,Other,Medium,2019-02-16 00:00:00,2500.0,3300.0,2900.0,21
Gujarat,Ahmedabad,Ahmedabad(Manekchowk),Pineapple,Other,Medium,2019-02-18 00:00:00,2500.0,3200.0,2900.0,21
Gujarat,Ahmedabad,Ahmedabad(Manekchowk),Pineapple,Other,Medium,2019-03-11 00:00:00,3000.0,3600.0,3300.0,21
Gujarat,Ahmedabad,Ahmedabad(Manekchowk),Pineapple,Other,Medium,2019-03-15 00:00:00,3000.0,3650.0,3350.0,21
Gujarat,Ahmedabad,Ahmedabad(Manekchowk),Pineapple,Other,Medium,2019-04-01 00:00:00,3500.0,4000.0,3800.0,21
Gujarat,Ahmedabad,Ahmedabad(Manekchowk),Pineapple,Other,Medium,2019-04-15 00:00:00,3800.0,4100.0,4000.0,21
Gujarat,Ahmedabad,Ahmedabad(Manekchowk),Pineapple,Other,Medium,2019-04-27 00:00:00,4000.0,4200.0,4100.0,21
Gujarat,Ahmedabad,Ahmedabad(Manekchowk),Pineapple,Other,Medium,2019-05-03 00:00:00,3800.0,4200.0,4000.0,21
Gujarat,Ahmedabad,Ahmedabad(Manekchowk),Pineapple,Other,Medium,2019-05-14 00:00:00,4000.0,4200.0,4100.0,21
Gujarat,Ahmedabad,Ahmedabad(Manekchowk),Pineapple,Other,Medium,2019-05-16 00:00:00,4000.0,4200.0,4100.0,21
Gujarat,Ahmedabad,Ahmedabad(Manekchowk),Pineapple,Other,Medium,2019-05-18 00:00:00,3500.0,4000.0,3800.0,21
Gujarat,Ahmedabad,Ahmedabad(Manekchowk),Pineapple,Other,Medium,2019-05-25 00:00:00,4000.0,4300.0,4200.0,21
Gujarat,Ahmedabad,Ahmedabad(Manekchowk),Pineapple,Other,Medium,2019-06-01 00:00:00,3800.0,4100.0,4000.0,21
Gujarat,Ahmedabad,Ahmedabad(Manekchowk),Pineapple,Other,Medium,2019-06-06 00:00:00,3900.0,4100.0,4000.0,21
Gujarat,Ahmedabad,Ahmedabad(Manekchowk),Pineapple,Other,Medium,2019-06-10 00:00:00,4000.0,4200.0,4100.0,21
Gujarat,Ahmedabad,Ahmedabad(Manekchowk),Pineapple,Other,Medium,2019-06-21 00:00:00,4000.0,4200.0,4100.0,21
Gujarat,Ahmedabad,Ahmedabad(Manekchowk),Pineapple,Other,Medium,2019-06-24 00:00:00,4000.0,4200.0,4100.0,21
Gujarat,Ahmedabad,Ahmedabad(Manekchowk),Pineapple,Other,Medium,2019-07-02 00:00:00,3500.0,4000.0,3800.0,21
Gujarat,Ahmedabad,Ahmedabad(Manekchowk),Pineapple,Other,Medium,2019-07-22 00:00:00,3800.0,4200.0,4000.0,21
Gujarat,Ahmedabad,Ahmedabad(Manekchowk),Pineapple,Other,Medium,2019-07-23 00:00:00,4000.0,4500.0,4300.0,21
Gujarat,Ahmedabad,Ahmedabad(Manekchowk),Pineapple,Other,Medium,2019-08-02 00:00:00,3800.0,4500.0,4200.0,21
Gujarat,Ahmedabad,Ahmedabad(Manekchowk),Pineapple,Other,Medium,2019-08-09 00:00:00,4000.0,4200.0,4100.0,21
Gujarat,Ahmedabad,Ahmedabad(Manekchowk),Pineapple,Other,Medium,2019-08-19 00:00:00,3500.0,4000.0,3800.0,21
Gujarat,Ahmedabad,Ahmedabad(Manekchowk),Pineapple,Other,Medium,2019-09-27 00:00:00,3800.0,4200.0,4000.0,21
Gujarat,Ahmedabad,Ahmedabad(Manekchowk),Pineapple,Other,Medium,2019-09-28 00:00:00,3500.0,4000.0,3800.0,21
Gujarat,Ahmedabad,Ahmedabad(Manekchowk),Pineapple,Other,Medium,2019-11-14 00:00:00,4000.0,4500.0,4300.0,21
Gujarat,Ahmedabad,Ahmedabad(Manekchowk),Pineapple,Other,Medium,2019-11-18 00:00:00,3500.0,4000.0,3800.0,21
Gujarat,Ahmedabad,Ahmedabad(Manekchowk),Pineapple,Other,Medium,2019-11-21 00:00:00,3500.0,4000.0,3900.0,21
Gujarat,Ahmedabad,Ahmedabad(Manekchowk),Pineapple,Other,Medium,2019-11-26 00:00:00,3500.0,4500.0,4000.0,21
Gujarat,Ahmedabad,Ahmedabad(Manekchowk),Pineapple,Other,Medium,2019-12-02 00:00:00,4000.0,4500.0,4300.0,21
Gujarat,Ahmedabad,Ahmedabad(Manekchowk),Pineapple,Other,Medium,2019-12-03 00:00:00,3500.0,4500.0,4000.0,21
Gujarat,Ahmedabad,Ahmedabad(Manekchowk),Pineapple,Other,Medium,2019-12-04 00:00:00,3500.0,4000.0,3900.0,21
Gujarat,Ahmedabad,Ahmedabad(Manekchowk),Pineapple,Other,Medium,2019-12-12 00:00:00,3500.0,4500.0,4100.0,21
Gujarat,Ahmedabad,Ahmedabad(Manekchowk),Pineapple,Other,Medium,2019-12-16 00:00:00,3500.0,4000.0,3900.0,21
Gujarat,Ahmedabad,Ahmedabad(Manekchowk),Pineapple,Other,Medium,2019-12-20 00:00:00,3500.0,4000.0,3600.0,21
Gujarat,Ahmedabad,Ahmedabad(Manekchowk),Pineapple,Other,Medium,2019-12-23 00:00:00,4000.0,4500.0,4300.0,21
Gujarat,Ahmedabad,Ahmedabad(Manekchowk),Pineapple,Other,Medium,2019-12-24 00:00:00,3500.0,4500.0,4200.0,21
Gujarat,Bharuch,Bharuch,Pineapple,Other,Medium,2019-05-14 00:00:00,6000.0,7500.0,7000.0,21
Gujarat,Bharuch,Bharuch,Pineapple,Other,Medium,2019-11-01 00:00:00,3500.0,6000.0,5000.0,21
Gujarat,Bharuch,Bharuch,Pineapple,Other,Medium,2019-12-11 00:00:00,3500.0,5500.0,4000.0,21
Gujarat,Bharuch,Bharuch,Pineapple,Other,Medium,2019-12-19 00:00:00,4000.0,6500.0,6000.0,21
Gujarat,Banaskanth,Deesa(Deesa Veg Yard),Pineapple,Other,Medium,2011-02-14 00:00:00,2300.0,2700.0,2500.0,21
Gujarat,Banaskanth,Deesa(Deesa Veg Yard),Pineapple,Other,Medium,2011-02-15 00:00:00,2700.0,3000.0,2850.0,21
Gujarat,Banaskanth,Deesa(Deesa Veg Yard),Pineapple,Other,Medium,2011-02-28 00:00:00,3000.0,3300.0,3150.0,21
Gujarat,Banaskanth,Deesa(Deesa Veg Yard),Pineapple,Other,Medium,2011-05-10 00:00:00,150.0,180.0,165.0,21
Gujarat,Banaskanth,Deesa(Deesa Veg Yard),Pineapple,Other,Medium,2011-05-11 00:00:00,150.0,180.0,165.0,21
Gujarat,Banaskanth,Deesa(Deesa Veg Yard),Pineapple,Other,Medium,2011-06-06 00:00:00,140.0,160.0,150.0,21
Gujarat,Banaskanth,Deesa(Deesa Veg Yard),Pineapple,Other,Medium,2011-06-16 00:00:00,140.0,160.0,150.0,21
Gujarat,Banaskanth,Deesa(Deesa Veg Yard),Pineapple,Other,Medium,2011-11-30 00:00:00,200.0,300.0,250.0,21
Gujarat,Bharuch,Bharuch,Pineapple,Other,Medium,2011-08-23 00:00:00,3000.0,4000.0,3500.0,21
Gujarat,Ahmedabad,Dholka,Pineapple,Other,Large,2006-06-29 00:00:00,500.0,1000.0,750.0,21
Gujarat,Bharuch,Bharuch,Pineapple,Other,Large,2006-10-07 00:00:00,1200.0,1500.0,1350.0,21
Gujarat,Bharuch,Bharuch,Pineapple,Other,Medium,2005-01-03 00:00:00,700.0,800.0,750.0,21
Gujarat,Bharuch,Bharuch,Pineapple,Other,Medium,2005-08-13 00:00:00,1000.0,1200.0,1100.0,21
Gujarat,Bharuch,Bharuch,Pineapple,Other,Large,2005-10-17 00:00:00,1000.0,1200.0,1100.0,21
Gujarat,Bharuch,Bharuch,Pineapple,Other,Large,2005-11-21 00:00:00,1000.0,1200.0,1100.0,21
Gujarat,Ahmedabad,"Ahmedabad(Fruit Market, Naroda)",Pineapple,Other,Small,2008-04-25 00:00:00,240.0,264.0,260.0,21
Gujarat,Ahmedabad,"Ahmedabad(Fruit Market, Naroda)",Pineapple,Other,Small,2008-05-02 00:00:00,288.0,312.0,300.0,21
Gujarat,Ahmedabad,Ahmedabad(Manekchowk),Pineapple,Other,Small,2008-04-25 00:00:00,240.0,264.0,260.0,21
Gujarat,Ahmedabad,Ahmedabad(Manekchowk),Pineapple,Other,Small,2008-04-28 00:00:00,264.0,300.0,285.0,21
Gujarat,Rajkot,Gondal,Pineapple,Pine Apple,Medium,2008-09-07 00:00:00,500.0,500.0,500.0,21
Gujarat,Rajkot,Gondal,Pineapple,Pine Apple,Medium,2008-09-09 00:00:00,500.0,500.0,500.0,21
Gujarat,Banaskanth,Deesa(Deesa Veg Yard),Pineapple,Other,Medium,2024-12-02 00:00:00,4000.0,4650.0,4325.0,21
Gujarat,Banaskanth,Deesa(Deesa Veg Yard),Pineapple,Other,Medium,2024-12-03 00:00:00,4000.0,4700.0,4350.0,21
Gujarat,Banaskanth,Deesa(Deesa Veg Yard),Pineapple,Other,Medium,2024-12-05 00:00:00,4000.0,4800.0,4400.0,21
Gujarat,Banaskanth,Deesa(Deesa Veg Yard),Pineapple,Other,Medium,2024-12-06 00:00:00,4000.0,7850.0,4425.0,21
Gujarat,Banaskanth,Deesa(Deesa Veg Yard),Pineapple,Other,Medium,2024-12-11 00:00:00,4000.0,4850.0,4425.0,21
Gujarat,Banaskanth,Deesa(Deesa Veg Yard),Pineapple,Other,Medium,2024-12-13 00:00:00,4000.0,4850.0,4425.0,21
Gujarat,Banaskanth,Deesa(Deesa Veg Yard),Pineapple,Other,Medium,2024-12-18 00:00:00,4000.0,4300.0,4150.0,21
Gujarat,Banaskanth,Deesa(Deesa Veg Yard),Pineapple,Other,Medium,2024-12-25 00:00:00,4500.0,5000.0,4750.0,21
Gujarat,Banaskanth,Deesa(Deesa Veg Yard),Pineapple,Other,Medium,2024-12-30 00:00:00,4500.0,5000.0,4750.0,21
Gujarat,Banaskanth,Deesa(Deesa Veg Yard),Pineapple,Other,Medium,2025-03-07 00:00:00,6000.0,6750.0,6375.0,21
Gujarat,Banaskanth,Deesa(Deesa Veg Yard),Pineapple,Other,Medium,2025-06-02 00:00:00,4000.0,4750.0,4375.0,21
Gujarat,Banaskanth,Deesa(Deesa Veg Yard),Pineapple,Other,Medium,2025-06-09 00:00:00,4000.0,4850.0,4425.0,21
Gujarat,Banaskanth,Deesa(Deesa Veg Yard),Pineapple,Other,Medium,2025-06-10 00:00:00,4000.0,4900.0,4450.0,21
Gujarat,Banaskanth,Deesa(Deesa Veg Yard),Pineapple,Other,Medium,2025-06-14 00:00:00,7500.0,8250.0,7875.0,21
Gujarat,Banaskanth,Deesa(Deesa Veg Yard),Pineapple,Other,Medium,2025-06-16 00:00:00,9000.0,9150.0,9075.0,21
Gujarat,Bharuch,Bharuch,Pineapple,Other,Medium,2025-06-11 00:00:00,3000.0,4000.0,3500.0,21
Gujarat,Banaskanth,Deesa(Deesa Veg Yard),Pineapple,Other,Medium,2025-07-04 00:00:00,6500.0,7300.0,6900.0,21
Gujarat,Banaskanth,Deesa(Deesa Veg Yard),Pineapple,Other,Medium,2025-07-15 00:00:00,6500.0,7200.0,6850.0,21
Gujarat,Banaskanth,Deesa(Deesa Veg Yard),Pineapple,Other,Medium,2025-07-17 00:00:00,5500.0,6150.0,5825.0,21
Gujarat,Banaskanth,Deesa(Deesa Veg Yard),Pineapple,Other,Medium,2025-07-21 00:00:00,5500.0,6100.0,5800.0,21
Gujarat,Banaskanth,Deesa(Deesa Veg Yard),Pineapple,Other,Medium,2025-07-22 00:00:00,5500.0,6150.0,5825.0,21
Gujarat,Bharuch,Bharuch,Pineapple,Other,Medium,2025-07-01 00:00:00,3200.0,4000.0,3500.0,21
Gujarat,Banaskanth,Deesa(Deesa Veg Yard),Pineapple,Other,Medium,2025-05-01 00:00:00,4850.0,5700.0,5275.0,21
Gujarat,Banaskanth,Deesa(Deesa Veg Yard),Pineapple,Other,Medium,2025-05-02 00:00:00,4900.0,5750.0,5325.0,21
Gujarat,Banaskanth,Deesa(Deesa Veg Yard),Pineapple,Other,Medium,2025-05-14 00:00:00,4850.0,5750.0,5300.0,21
Gujarat,Banaskanth,Deesa(Deesa Veg Yard),Pineapple,Other,Medium,2025-05-16 00:00:00,4850.0,5750.0,5300.0,21
Gujarat,Banaskanth,Deesa(Deesa Veg Yard),Pineapple,Other,Medium,2025-05-17 00:00:00,4900.0,5800.0,5350.0,21
Gujarat,Bharuch,Bharuch,Pineapple,Other,Medium,2025-05-02 00:00:00,3000.0,4000.0,3500.0,21
Gujarat,Bharuch,Bharuch,Pineapple,Other,Medium,2025-05-16 00:00:00,3000.0,3500.0,3200.0,21
Gujarat,Banaskanth,Deesa(Deesa Veg Yard),Pineapple,Other,Medium,2025-04-02 00:00:00,6500.0,7000.0,6750.0,21
Gujarat,Banaskanth,Deesa(Deesa Veg Yard),Pineapple,Other,Medium,2025-04-07 00:00:00,6500.0,7250.0,6875.0,21
Gujarat,Banaskanth,Deesa(Deesa Veg Yard),Pineapple,Other,Medium,2025-04-08 00:00:00,6500.0,7200.0,6850.0,21
Gujarat,Bharuch,Bharuch,Pineapple,Other,Medium,2025-04-07 00:00:00,3500.0,4500.0,4000.0,21
Gujarat,Banaskanth,Deesa(Deesa Veg Yard),Pineapple,Other,Medium,2025-10-03 00:00:00,6000.0,6800.0,6400.0,21
Gujarat,Banaskanth,Deesa(Deesa Veg Yard),Pineapple,Other,Medium,2025-10-09 00:00:00,4000.0,5000.0,4500.0,21
Gujarat,Banaskanth,Deesa(Deesa Veg Yard),Pineapple,Other,Medium,2025-10-17 00:00:00,5000.0,5700.0,5350.0,21
Gujarat,Banaskanth,Deesa(Deesa Veg Yard),Pineapple,Other,Medium,2025-10-27 00:00:00,5000.0,5700.0,5350.0,21
Gujarat,Banaskanth,Deesa(Deesa Veg Yard),Pineapple,Other,Medium,2025-10-28 00:00:00,5000.0,5750.0,5375.0,21
Gujarat,Banaskanth,Deesa(Deesa Veg Yard) APMC,Pineapple,Other,Medium,2025-11-12 00:00:00,4000.0,4500.0,4250.0,21
Gujarat,Banaskanth,Deesa(Deesa Veg Yard) APMC,Pineapple,Other,Medium,2025-11-01 00:00:00,4500.0,5750.0,5125.0,21
Gujarat,Banaskanth,Deesa(Deesa Veg Yard) APMC,Pineapple,Other,Medium,2025-11-19 00:00:00,4000.0,5150.0,4575.0,21
Gujarat,Banaskanth,Deesa(Deesa Veg Yard) APMC,Pineapple,Other,Medium,2025-11-21 00:00:00,4000.0,5100.0,4550.0,21
Gujarat,Bharuch,Bharuch APMC,Pineapple,Other,Local,2025-11-26 00:00:00,3000.0,3800.0,3500.0,21
Gujarat,Banaskanth,Deesa(Deesa Veg Yard),Pineapple,Other,Medium,2025-08-12 00:00:00,4000.0,4900.0,4450.0,21
Gujarat,Banaskanth,Deesa(Deesa Veg Yard),Pineapple,Other,Medium,2025-08-13 00:00:00,4000.0,4850.0,4425.0,21
Gujarat,Banaskanth,Deesa(Deesa Veg Yard),Pineapple,Other,Medium,2025-08-25 00:00:00,4500.0,5200.0,4850.0,21
Gujarat,Banaskanth,Deesa(Deesa Veg Yard),Pineapple,Other,Medium,2025-09-01 00:00:00,5500.0,6700.0,6100.0,21
Gujarat,Banaskanth,Deesa(Deesa Veg Yard),Pineapple,Other,Medium,2025-09-05 00:00:00,5500.0,6800.0,6150.0,21
Gujarat,Banaskanth,Deesa(Deesa Veg Yard),Pineapple,Other,Medium,2025-09-09 00:00:00,5500.0,6750.0,6125.0,21
Gujarat,Banaskanth,Deesa(Deesa Veg Yard),Pineapple,Other,Medium,2025-09-20 00:00:00,4500.0,5000.0,4750.0,21
Gujarat,Banaskanth,Deesa(Deesa Veg Yard),Pineapple,Other,Medium,2025-09-23 00:00:00,4500.0,5150.0,4825.0,21
Gujarat,Banaskanth,Deesa(Deesa Veg Yard) APMC,Pineapple,Other,Medium,2025-12-08 00:00:00,5500.0,6200.0,5850.0,21
Gujarat,Bharuch,Bharuch APMC,Pineapple,Other,Local,2025-12-13 00:00:00,3000.0,3500.0,3200.0,21
Gujarat,Banaskanth,Deesa(Deesa Veg Yard) APMC,Pineapple,Other,Medium,2025-12-29 00:00:00,4500.0,5100.0,4800.0,21
Gujarat,Banaskanth,Deesa(Deesa Veg Yard) APMC,Pineapple,Other,Medium,2026-01-07 00:00:00,4500.0,6050.0,5275.0,21
Gujarat,Bharuch,Bharuch APMC,Pineapple,Other,Local,2026-01-10 00:00:00,2500.0,3200.0,3000.0,21
Gujarat,Bharuch,Bharuch APMC,Pineapple,Other,Local,2026-01-04 00:00:00,2500.0,3200.0,3000.0,21
Gujarat,Bharuch,Bharuch APMC,Pineapple,Other,Local,2026-01-08 00:00:00,2500.0,3500.0,3000.0,21
Gujarat,Bharuch,Bharuch APMC,Pineapple,Other,Local,2026-01-17 00:00:00,2500.0,3500.0,3000.0,21
Gujarat,Banaskanth,Deesa(Deesa Veg Yard) APMC,Pineapple,Other,Medium,2026-01-21 00:00:00,4500.0,5100.0,4800.0,21
Gujarat,Bharuch,Bharuch APMC,Pineapple,Other,Local,2026-01-25 00:00:00,2500.0,3500.0,3000.0,21
Gujarat,Banaskanth,Deesa(Deesa Veg Yard) APMC,Pineapple,Other,Medium,2026-02-06 00:00:00,5000.0,6200.0,5600.0,21
Gujarat,Bharuch,Bharuch APMC,Pineapple,Other,Local,2026-02-06 00:00:00,3000.0,4000.0,3500.0,21
Gujarat,Ahmedabad,"Ahmedabad(Fruit Market, Naroda)",Pineapple,Other,Small,2015-01-13 00:00:00,2200.0,2800.0,2600.0,21
Gujarat,Ahmedabad,"Ahmedabad(Fruit Market, Naroda)",Pineapple,Other,Small,2015-01-20 00:00:00,2800.0,3200.0,3100.0,21
Gujarat,Ahmedabad,"Ahmedabad(Fruit Market, Naroda)",Pineapple,Other,Small,2015-01-22 00:00:00,2800.0,3500.0,3200.0,21
Gujarat,Ahmedabad,"Ahmedabad(Fruit Market, Naroda)",Pineapple,Other,Medium,2015-02-14 00:00:00,2200.0,2800.0,2600.0,21
Gujarat,Ahmedabad,"Ahmedabad(Fruit Market, Naroda)",Pineapple,Other,Medium,2015-03-07 00:00:00,2500.0,3000.0,2800.0,21
Gujarat,Ahmedabad,"Ahmedabad(Fruit Market, Naroda)",Pineapple,Other,Medium,2015-03-16 00:00:00,2800.0,3200.0,3100.0,21
Gujarat,Ahmedabad,"Ahmedabad(Fruit Market, Naroda)",Pineapple,Other,Medium,2015-03-19 00:00:00,2800.0,3500.0,3200.0,21
Gujarat,Ahmedabad,"Ahmedabad(Fruit Market, Naroda)",Pineapple,Other,Medium,2015-03-27 00:00:00,3000.0,3500.0,3300.0,21
Gujarat,Ahmedabad,"Ahmedabad(Fruit Market, Naroda)",Pineapple,Other,Medium,2015-04-01 00:00:00,2800.0,3200.0,3000.0,21
Gujarat,Ahmedabad,"Ahmedabad(Fruit Market, Naroda)",Pineapple,Other,Medium,2015-04-10 00:00:00,2800.0,3200.0,3100.0,21
Gujarat,Ahmedabad,"Ahmedabad(Fruit Market, Naroda)",Pineapple,Other,Medium,2015-04-18 00:00:00,2800.0,3200.0,3100.0,21
Gujarat,Ahmedabad,"Ahmedabad(Fruit Market, Naroda)",Pineapple,Other,Medium,2015-04-20 00:00:00,2800.0,3200.0,3000.0,21
Gujarat,Ahmedabad,"Ahmedabad(Fruit Market, Naroda)",Pineapple,Other,Medium,2015-04-22 00:00:00,2500.0,2800.0,2700.0,21
Gujarat,Ahmedabad,"Ahmedabad(Fruit Market, Naroda)",Pineapple,Other,Medium,2015-04-27 00:00:00,3000.0,3500.0,3300.0,21
Gujarat,Ahmedabad,"Ahmedabad(Fruit Market, Naroda)",Pineapple,Other,Medium,2015-04-28 00:00:00,2800.0,3000.0,2900.0,21
Gujarat,Ahmedabad,"Ahmedabad(Fruit Market, Naroda)",Pineapple,Other,Medium,2015-05-02 00:00:00,3000.0,3500.0,3300.0,21
Gujarat,Ahmedabad,"Ahmedabad(Fruit Market, Naroda)",Pineapple,Other,Medium,2015-05-06 00:00:00,2800.0,3500.0,3200.0,21
Gujarat,Ahmedabad,"Ahmedabad(Fruit Market, Naroda)",Pineapple,Other,Medium,2015-05-18 00:00:00,2800.0,3500.0,3200.0,21
Gujarat,Ahmedabad,"Ahmedabad(Fruit Market, Naroda)",Pineapple,Other,Medium,2015-05-28 00:00:00,2800.0,3500.0,3200.0,21
Gujarat,Ahmedabad,"Ahmedabad(Fruit Market, Naroda)",Pineapple,Other,Medium,2015-06-02 00:00:00,2800.0,3500.0,3200.0,21
Gujarat,Ahmedabad,"Ahmedabad(Fruit Market, Naroda)",Pineapple,Other,Medium,2015-06-06 00:00:00,2500.0,3200.0,3000.0,21
Gujarat,Ahmedabad,"Ahmedabad(Fruit Market, Naroda)",Pineapple,Other,Medium,2015-07-17 00:00:00,2500.0,3000.0,2800.0,21
Gujarat,Ahmedabad,"Ahmedabad(Fruit Market, Naroda)",Pineapple,Other,Medium,2015-07-23 00:00:00,2500.0,3000.0,2800.0,21
Gujarat,Ahmedabad,"Ahmedabad(Fruit Market, Naroda)",Pineapple,Other,Medium,2015-07-24 00:00:00,2800.0,3200.0,3000.0,21
Gujarat,Ahmedabad,"Ahmedabad(Fruit Market, Naroda)",Pineapple,Other,Medium,2015-07-30 00:00:00,2500.0,3000.0,2800.0,21
Gujarat,Ahmedabad,"Ahmedabad(Fruit Market, Naroda)",Pineapple,Other,Medium,2015-08-14 00:00:00,2500.0,3000.0,2800.0,21
Gujarat,Ahmedabad,"Ahmedabad(Fruit Market, Naroda)",Pineapple,Other,Medium,2015-08-27 00:00:00,2500.0,3000.0,2800.0,21
Gujarat,Ahmedabad,"Ahmedabad(Fruit Market, Naroda)",Pineapple,Other,Medium,2015-09-07 00:00:00,2500.0,3000.0,2800.0,21
Gujarat,Ahmedabad,"Ahmedabad(Fruit Market, Naroda)",Pineapple,Other,Medium,2015-09-10 00:00:00,2500.0,3000.0,2800.0,21
Gujarat,Ahmedabad,"Ahmedabad(Fruit Market, Naroda)",Pineapple,Other,Medium,2015-09-12 00:00:00,2500.0,3000.0,2800.0,21
Gujarat,Ahmedabad,"Ahmedabad(Fruit Market, Naroda)",Pineapple,Other,Medium,2015-09-18 00:00:00,3000.0,3500.0,3300.0,21
Gujarat,Ahmedabad,"Ahmedabad(Fruit Market, Naroda)",Pineapple,Other,Medium,2015-10-05 00:00:00,2000.0,2500.0,2300.0,21
Gujarat,Ahmedabad,"Ahmedabad(Fruit Market, Naroda)",Pineapple,Other,Medium,2015-10-06 00:00:00,2000.0,2500.0,2300.0,21
Gujarat,Ahmedabad,"Ahmedabad(Fruit Market, Naroda)",Pineapple,Other,Medium,2015-10-17 00:00:00,1800.0,2300.0,2100.0,21
Gujarat,Ahmedabad,"Ahmedabad(Fruit Market, Naroda)",Pineapple,Other,Medium,2015-10-20 00:00:00,1800.0,2300.0,2100.0,21
Gujarat,Ahmedabad,"Ahmedabad(Fruit Market, Naroda)",Pineapple,Other,Medium,2015-10-29 00:00:00,1800.0,2300.0,2100.0,21
Gujarat,Ahmedabad,"Ahmedabad(Fruit Market, Naroda)",Pineapple,Other,Medium,2015-10-31 00:00:00,1800.0,2300.0,2100.0,21
Gujarat,Ahmedabad,"Ahmedabad(Fruit Market, Naroda)",Pineapple,Other,Medium,2015-11-09 00:00:00,1500.0,2200.0,2000.0,21
Gujarat,Ahmedabad,"Ahmedabad(Fruit Market, Naroda)",Pineapple,Other,Medium,2015-11-21 00:00:00,1500.0,2200.0,1900.0,21
Gujarat,Ahmedabad,"Ahmedabad(Fruit Market, Naroda)",Pineapple,Other,Medium,2015-11-24 00:00:00,1500.0,2300.0,1900.0,21
Gujarat,Ahmedabad,"Ahmedabad(Fruit Market, Naroda)",Pineapple,Other,Medium,2015-11-25 00:00:00,1500.0,2000.0,1800.0,21
Gujarat,Ahmedabad,"Ahmedabad(Fruit Market, Naroda)",Pineapple,Other,Medium,2015-11-28 00:00:00,1500.0,2200.0,1900.0,21
Gujarat,Ahmedabad,"Ahmedabad(Fruit Market, Naroda)",Pineapple,Other,Medium,2015-12-01 00:00:00,1500.0,2200.0,1900.0,21
Gujarat,Ahmedabad,"Ahmedabad(Fruit Market, Naroda)",Pineapple,Other,Medium,2015-12-02 00:00:00,1500.0,2200.0,2000.0,21
Gujarat,Ahmedabad,"Ahmedabad(Fruit Market, Naroda)",Pineapple,Other,Medium,2015-12-04 00:00:00,1500.0,2200.0,1900.0,21
Gujarat,Ahmedabad,"Ahmedabad(Fruit Market, Naroda)",Pineapple,Other,Medium,2015-12-05 00:00:00,1500.0,2300.0,1900.0,21
Gujarat,Ahmedabad,"Ahmedabad(Fruit Market, Naroda)",Pineapple,Other,Medium,2015-12-12 00:00:00,1500.0,2300.0,1900.0,21
Gujarat,Ahmedabad,"Ahmedabad(Fruit Market, Naroda)",Pineapple,Other,Medium,2015-12-14 00:00:00,1800.0,2300.0,2100.0,21
Gujarat,Ahmedabad,"Ahmedabad(Fruit Market, Naroda)",Pineapple,Other,Medium,2015-12-19 00:00:00,1800.0,2200.0,2000.0,21
Gujarat,Ahmedabad,"Ahmedabad(Fruit Market, Naroda)",Pineapple,Other,Medium,2015-12-21 00:00:00,1500.0,2200.0,2000.0,21
Gujarat,Ahmedabad,Ahmedabad(Manekchowk),Pineapple,Other,Small,2015-01-21 00:00:00,2800.0,3500.0,3200.0,21
Gujarat,Ahmedabad,Ahmedabad(Manekchowk),Pineapple,Other,Small,2015-01-24 00:00:00,2000.0,2500.0,2300.0,21
Gujarat,Ahmedabad,Ahmedabad(Manekchowk),Pineapple,Other,Small,2015-01-26 00:00:00,2000.0,2400.0,2300.0,21
Gujarat,Ahmedabad,Ahmedabad(Manekchowk),Pineapple,Other,Small,2015-01-29 00:00:00,2000.0,2400.0,2300.0,21
Gujarat,Ahmedabad,Ahmedabad(Manekchowk),Pineapple,Other,Medium,2015-02-10 00:00:00,2200.0,2600.0,2500.0,21
Gujarat,Ahmedabad,Ahmedabad(Manekchowk),Pineapple,Other,Medium,2015-02-27 00:00:00,3000.0,3500.0,3300.0,21
Gujarat,Ahmedabad,Ahmedabad(Manekchowk),Pineapple,Other,Medium,2015-03-09 00:00:00,2800.0,3200.0,3100.0,21
Gujarat,Ahmedabad,Ahmedabad(Manekchowk),Pineapple,Other,Medium,2015-03-17 00:00:00,3000.0,3500.0,3300.0,21
Gujarat,Ahmedabad,Ahmedabad(Manekchowk),Pineapple,Other,Medium,2015-04-03 00:00:00,2800.0,3000.0,2900.0,21
Gujarat,Ahmedabad,Ahmedabad(Manekchowk),Pineapple,Other,Medium,2015-04-05 00:00:00,2800.0,3500.0,3200.0,21
Gujarat,Ahmedabad,Ahmedabad(Manekchowk),Pineapple,Other,Medium,2015-04-09 00:00:00,2800.0,3200.0,3100.0,21
Gujarat,Ahmedabad,Ahmedabad(Manekchowk),Pineapple,Other,Medium,2015-04-20 00:00:00,2800.0,3200.0,3000.0,21
Gujarat,Ahmedabad,Ahmedabad(Manekchowk),Pineapple,Other,Medium,2015-04-27 00:00:00,3000.0,3500.0,3300.0,21
Gujarat,Ahmedabad,Ahmedabad(Manekchowk),Pineapple,Other,Medium,2015-05-05 00:00:00,3000.0,3500.0,3300.0,21
Gujarat,Ahmedabad,Ahmedabad(Manekchowk),Pineapple,Other,Medium,2015-05-22 00:00:00,2800.0,3500.0,3200.0,21
Gujarat,Ahmedabad,Ahmedabad(Manekchowk),Pineapple,Other,Medium,2015-05-30 00:00:00,3000.0,3500.0,3300.0,21
Gujarat,Ahmedabad,Ahmedabad(Manekchowk),Pineapple,Other,Medium,2015-06-06 00:00:00,2500.0,3200.0,3000.0,21
Gujarat,Ahmedabad,Ahmedabad(Manekchowk),Pineapple,Other,Medium,2015-07-01 00:00:00,2500.0,3000.0,2800.0,21
Gujarat,Ahmedabad,Ahmedabad(Manekchowk),Pineapple,Other,Medium,2015-07-07 00:00:00,2800.0,3000.0,2900.0,21
Gujarat,Ahmedabad,Ahmedabad(Manekchowk),Pineapple,Other,Medium,2015-07-30 00:00:00,2500.0,3000.0,2800.0,21
Gujarat,Ahmedabad,Ahmedabad(Manekchowk),Pineapple,Other,Medium,2015-08-03 00:00:00,2800.0,3200.0,3000.0,21
Gujarat,Ahmedabad,Ahmedabad(Manekchowk),Pineapple,Other,Medium,2015-08-05 00:00:00,2500.0,3000.0,2800.0,21
Gujarat,Ahmedabad,Ahmedabad(Manekchowk),Pineapple,Other,Medium,2015-08-08 00:00:00,2500.0,3000.0,2800.0,21
Gujarat,Ahmedabad,Ahmedabad(Manekchowk),Pineapple,Other,Medium,2015-08-18 00:00:00,2500.0,3000.0,2800.0,21
Gujarat,Ahmedabad,Ahmedabad(Manekchowk),Pineapple,Other,Medium,2015-08-31 00:00:00,2500.0,3000.0,2800.0,21
Gujarat,Ahmedabad,Ahmedabad(Manekchowk),Pineapple,Other,Medium,2015-09-14 00:00:00,1000.0,1500.0,1300.0,21
Gujarat,Ahmedabad,Ahmedabad(Manekchowk),Pineapple,Other,Medium,2015-09-16 00:00:00,2500.0,3000.0,2800.0,21
Gujarat,Ahmedabad,Ahmedabad(Manekchowk),Pineapple,Other,Medium,2015-09-22 00:00:00,2500.0,3000.0,2800.0,21
Gujarat,Ahmedabad,Ahmedabad(Manekchowk),Pineapple,Other,Medium,2015-10-07 00:00:00,2000.0,2500.0,2300.0,21
Gujarat,Ahmedabad,Ahmedabad(Manekchowk),Pineapple,Other,Medium,2015-10-12 00:00:00,2000.0,2500.0,2300.0,21
Gujarat,Ahmedabad,Ahmedabad(Manekchowk),Pineapple,Other,Medium,2015-10-19 00:00:00,1800.0,2300.0,2100.0,21
Gujarat,Ahmedabad,Ahmedabad(Manekchowk),Pineapple,Other,Medium,2015-10-29 00:00:00,1800.0,2300.0,2100.0,21
Gujarat,Ahmedabad,Ahmedabad(Manekchowk),Pineapple,Other,Medium,2015-11-04 00:00:00,1500.0,2300.0,2000.0,21
Gujarat,Ahmedabad,Ahmedabad(Manekchowk),Pineapple,Other,Medium,2015-11-05 00:00:00,1500.0,2300.0,1900.0,21
Gujarat,Ahmedabad,Ahmedabad(Manekchowk),Pineapple,Other,Medium,2015-11-13 00:00:00,1500.0,2000.0,1900.0,21
Gujarat,Ahmedabad,Ahmedabad(Manekchowk),Pineapple,Other,Medium,2015-11-18 00:00:00,1500.0,2200.0,1900.0,21
Gujarat,Ahmedabad,Ahmedabad(Manekchowk),Pineapple,Other,Medium,2015-11-25 00:00:00,1500.0,2000.0,1800.0,21
Gujarat,Ahmedabad,Ahmedabad(Manekchowk),Pineapple,Other,Medium,2015-11-28 00:00:00,1500.0,2200.0,1900.0,21
Gujarat,Ahmedabad,Ahmedabad(Manekchowk),Pineapple,Other,Medium,2015-12-01 00:00:00,1500.0,2200.0,1900.0,21
Gujarat,Ahmedabad,Ahmedabad(Manekchowk),Pineapple,Other,Medium,2015-12-04 00:00:00,1500.0,2200.0,1900.0,21
Gujarat,Ahmedabad,Ahmedabad(Manekchowk),Pineapple,Other,Medium,2015-12-05 00:00:00,1500.0,2300.0,1900.0,21
Gujarat,Ahmedabad,Ahmedabad(Manekchowk),Pineapple,Other,Medium,2015-12-10 00:00:00,1500.0,2300.0,1900.0,21
Gujarat,Ahmedabad,Ahmedabad(Manekchowk),Pineapple,Other,Medium,2015-12-14 00:00:00,1800.0,2300.0,2100.0,21
Gujarat,Ahmedabad,Ahmedabad(Manekchowk),Pineapple,Other,Medium,2015-12-15 00:00:00,1500.0,2300.0,2000.0,21
Gujarat,Banaskanth,Deesa(Deesa Veg Yard),Pineapple,Other,Medium,2015-01-07 00:00:00,3000.0,3500.0,3250.0,21
Gujarat,Banaskanth,Deesa(Deesa Veg Yard),Pineapple,Other,Medium,2015-02-03 00:00:00,3000.0,3400.0,3200.0,21
Gujarat,Banaskanth,Deesa(Deesa Veg Yard),Pineapple,Other,Medium,2015-02-06 00:00:00,3000.0,3500.0,3250.0,21
Gujarat,Banaskanth,Deesa(Deesa Veg Yard),Pineapple,Other,Medium,2015-02-10 00:00:00,3000.0,3500.0,3250.0,21
Gujarat,Banaskanth,Deesa(Deesa Veg Yard),Pineapple,Other,Medium,2015-03-16 00:00:00,3000.0,4000.0,3500.0,21
Gujarat,Banaskanth,Deesa(Deesa Veg Yard),Pineapple,Other,Medium,2015-03-17 00:00:00,3000.0,4000.0,3500.0,21
Gujarat,Banaskanth,Deesa(Deesa Veg Yard),Pineapple,Other,Medium,2015-04-10 00:00:00,600.0,800.0,700.0,21
Gujarat,Banaskanth,Deesa(Deesa Veg Yard),Pineapple,Other,Medium,2015-04-29 00:00:00,3500.0,4000.0,3750.0,21
Gujarat,Banaskanth,Deesa(Deesa Veg Yard),Pineapple,Other,Medium,2015-05-05 00:00:00,3500.0,4000.0,3750.0,21
Gujarat,Banaskanth,Deesa(Deesa Veg Yard),Pineapple,Other,Medium,2015-05-08 00:00:00,3500.0,4000.0,3750.0,21
Gujarat,Banaskanth,Deesa(Deesa Veg Yard),Pineapple,Other,Medium,2015-05-28 00:00:00,3500.0,4000.0,3750.0,21
Gujarat,Banaskanth,Deesa(Deesa Veg Yard),Pineapple,Other,Medium,2015-06-01 00:00:00,3500.0,3800.0,3650.0,21
Gujarat,Banaskanth,Deesa(Deesa Veg Yard),Pineapple,Other,Medium,2015-06-03 00:00:00,3500.0,4000.0,3750.0,21
Gujarat,Banaskanth,Deesa(Deesa Veg Yard),Pineapple,Other,Medium,2015-06-09 00:00:00,3500.0,3800.0,3650.0,21
Gujarat,Banaskanth,Deesa(Deesa Veg Yard),Pineapple,Other,Medium,2015-06-10 00:00:00,3500.0,4000.0,3750.0,21
Gujarat,Banaskanth,Deesa(Deesa Veg Yard),Pineapple,Other,Medium,2015-06-15 00:00:00,3500.0,4000.0,3750.0,21
Gujarat,Banaskanth,Deesa(Deesa Veg Yard),Pineapple,Other,Medium,2015-06-25 00:00:00,3500.0,3900.0,3700.0,21
Gujarat,Banaskanth,Deesa(Deesa Veg Yard),Pineapple,Other,Medium,2015-07-03 00:00:00,3500.0,4000.0,3750.0,21
Gujarat,Banaskanth,Deesa(Deesa Veg Yard),Pineapple,Other,Medium,2015-07-07 00:00:00,3500.0,3700.0,3700.0,21
Gujarat,Banaskanth,Deesa(Deesa Veg Yard),Pineapple,Other,Medium,2015-07-11 00:00:00,3500.0,3900.0,3700.0,21
Gujarat,Banaskanth,Deesa(Deesa Veg Yard),Pineapple,Other,Medium,2015-08-03 00:00:00,3500.0,3900.0,3700.0,21
Gujarat,Banaskanth,Deesa(Deesa Veg Yard),Pineapple,Other,Medium,2015-08-05 00:00:00,3500.0,4000.0,3750.0,21
Gujarat,Banaskanth,Deesa(Deesa Veg Yard),Pineapple,Other,Medium,2015-08-07 00:00:00,3500.0,4000.0,3750.0,21
Gujarat,Banaskanth,Deesa(Deesa Veg Yard),Pineapple,Other,Medium,2015-08-21 00:00:00,3700.0,4000.0,3850.0,21
Gujarat,Banaskanth,Deesa(Deesa Veg Yard),Pineapple,Other,Medium,2015-09-04 00:00:00,3500.0,4000.0,3750.0,21
Gujarat,Banaskanth,Deesa(Deesa Veg Yard),Pineapple,Other,Medium,2015-09-29 00:00:00,3500.0,4000.0,3750.0,21
Gujarat,Banaskanth,Deesa(Deesa Veg Yard),Pineapple,Other,Medium,2015-10-17 00:00:00,3500.0,3800.0,3650.0,21
Gujarat,Banaskanth,Deesa(Deesa Veg Yard),Pineapple,Other,Medium,2015-10-24 00:00:00,3500.0,3800.0,3650.0,21
Gujarat,Banaskanth,Deesa(Deesa Veg Yard),Pineapple,Other,Medium,2015-10-28 00:00:00,3700.0,4000.0,3850.0,21
Gujarat,Banaskanth,Deesa(Deesa Veg Yard),Pineapple,Other,Medium,2015-11-06 00:00:00,3500.0,4000.0,3750.0,21
Gujarat,Banaskanth,Deesa(Deesa Veg Yard),Pineapple,Other,Medium,2015-11-19 00:00:00,3500.0,4000.0,3750.0,21
Gujarat,Banaskanth,Deesa(Deesa Veg Yard),Pineapple,Other,Medium,2015-12-14 00:00:00,3000.0,3500.0,3250.0,21
Gujarat,Bharuch,Bharuch,Pineapple,Other,Medium,2015-02-04 00:00:00,4000.0,6000.0,5000.0,21
Gujarat,Bharuch,Bharuch,Pineapple,Other,Medium,2015-02-17 00:00:00,4000.0,6000.0,5000.0,21
Gujarat,Bharuch,Bharuch,Pineapple,Other,Medium,2015-06-18 00:00:00,4000.0,6000.0,5000.0,21
Gujarat,Bharuch,Bharuch,Pineapple,Other,Medium,2015-09-24 00:00:00,3500.0,4500.0,4000.0,21
Gujarat,Bharuch,Bharuch,Pineapple,Other,Medium,2015-11-14 00:00:00,3000.0,4000.0,3500.0,21
Gujarat,Ahmedabad,"Ahmedabad(Fruit Market, Naroda)",Pineapple,Other,Medium,2016-01-02 00:00:00,1800.0,2200.0,2000.0,21
Gujarat,Ahmedabad,"Ahmedabad(Fruit Market, Naroda)",Pineapple,Other,Medium,2016-01-04 00:00:00,1800.0,2300.0,2100.0,21
Gujarat,Ahmedabad,"Ahmedabad(Fruit Market, Naroda)",Pineapple,Other,Medium,2016-01-07 00:00:00,1800.0,2300.0,2100.0,21
Gujarat,Ahmedabad,"Ahmedabad(Fruit Market, Naroda)",Pineapple,Other,Medium,2016-01-22 00:00:00,1800.0,2200.0,2000.0,21
Gujarat,Ahmedabad,"Ahmedabad(Fruit Market, Naroda)",Pineapple,Other,Medium,2016-01-25 00:00:00,1500.0,2000.0,1800.0,21
Gujarat,Ahmedabad,"Ahmedabad(Fruit Market, Naroda)",Pineapple,Other,Medium,2016-01-28 00:00:00,1500.0,2200.0,1900.0,21
Gujarat,Ahmedabad,"Ahmedabad(Fruit Market, Naroda)",Pineapple,Other,Medium,2016-02-01 00:00:00,1500.0,2200.0,1900.0,21
Gujarat,Ahmedabad,"Ahmedabad(Fruit Market, Naroda)",Pineapple,Other,Medium,2016-02-04 00:00:00,1800.0,2500.0,2200.0,21
Gujarat,Ahmedabad,"Ahmedabad(Fruit Market, Naroda)",Pineapple,Other,Medium,2016-02-10 00:00:00,1800.0,2500.0,2200.0,21
Gujarat,Ahmedabad,"Ahmedabad(Fruit Market, Naroda)",Pineapple,Other,Medium,2016-02-22 00:00:00,2000.0,2800.0,2500.0,21
Gujarat,Ahmedabad,"Ahmedabad(Fruit Market, Naroda)",Pineapple,Other,Medium,2016-02-25 00:00:00,2200.0,2800.0,2500.0,21
Gujarat,Ahmedabad,"Ahmedabad(Fruit Market, Naroda)",Pineapple,Other,Medium,2016-03-07 00:00:00,2500.0,2800.0,2700.0,21
Gujarat,Ahmedabad,"Ahmedabad(Fruit Market, Naroda)",Pineapple,Other,Medium,2016-03-08 00:00:00,2500.0,2800.0,2700.0,21
Gujarat,Ahmedabad,"Ahmedabad(Fruit Market, Naroda)",Pineapple,Other,Medium,2016-03-14 00:00:00,2500.0,2800.0,2700.0,21
Gujarat,Ahmedabad,"Ahmedabad(Fruit Market, Naroda)",Pineapple,Other,Medium,2016-04-06 00:00:00,2500.0,3000.0,2800.0,21
Gujarat,Ahmedabad,"Ahmedabad(Fruit Market, Naroda)",Pineapple,Other,Medium,2016-04-12 00:00:00,2500.0,3000.0,2800.0,21
Gujarat,Ahmedabad,"Ahmedabad(Fruit Market, Naroda)",Pineapple,Other,Medium,2016-04-19 00:00:00,2500.0,3000.0,2800.0,21
Gujarat,Ahmedabad,"Ahmedabad(Fruit Market, Naroda)",Pineapple,Other,Medium,2016-05-02 00:00:00,2200.0,2500.0,2400.0,21
Gujarat,Ahmedabad,"Ahmedabad(Fruit Market, Naroda)",Pineapple,Other,Medium,2016-05-03 00:00:00,2500.0,2800.0,2650.0,21
Gujarat,Ahmedabad,"Ahmedabad(Fruit Market, Naroda)",Pineapple,Other,Medium,2016-05-09 00:00:00,2500.0,2800.0,2700.0,21
Gujarat,Ahmedabad,"Ahmedabad(Fruit Market, Naroda)",Pineapple,Other,Medium,2016-05-16 00:00:00,2500.0,2800.0,2700.0,21
Gujarat,Ahmedabad,"Ahmedabad(Fruit Market, Naroda)",Pineapple,Other,Medium,2016-05-17 00:00:00,2500.0,2800.0,2700.0,21
Gujarat,Ahmedabad,"Ahmedabad(Fruit Market, Naroda)",Pineapple,Other,Medium,2016-06-02 00:00:00,2500.0,3000.0,2800.0,21
Gujarat,Ahmedabad,"Ahmedabad(Fruit Market, Naroda)",Pineapple,Other,Medium,2016-06-03 00:00:00,2500.0,3000.0,2750.0,21
Gujarat,Ahmedabad,"Ahmedabad(Fruit Market, Naroda)",Pineapple,Other,Medium,2016-06-11 00:00:00,2500.0,3000.0,2800.0,21
Gujarat,Ahmedabad,"Ahmedabad(Fruit Market, Naroda)",Pineapple,Other,Medium,2016-06-22 00:00:00,2000.0,3000.0,2500.0,21
Gujarat,Ahmedabad,"Ahmedabad(Fruit Market, Naroda)",Pineapple,Other,Medium,2016-06-24 00:00:00,2500.0,3000.0,2800.0,21
Gujarat,Ahmedabad,"Ahmedabad(Fruit Market, Naroda)",Pineapple,Other,Medium,2016-06-25 00:00:00,1500.0,2000.0,1800.0,21
Gujarat,Ahmedabad,"Ahmedabad(Fruit Market, Naroda)",Pineapple,Other,Medium,2016-06-28 00:00:00,2500.0,3000.0,2800.0,21
Gujarat,Ahmedabad,"Ahmedabad(Fruit Market, Naroda)",Pineapple,Other,Medium,2016-07-12 00:00:00,1500.0,2000.0,1800.0,21
Gujarat,Ahmedabad,"Ahmedabad(Fruit Market, Naroda)",Pineapple,Other,Medium,2016-07-25 00:00:00,1500.0,2500.0,2000.0,21
Gujarat,Ahmedabad,"Ahmedabad(Fruit Market, Naroda)",Pineapple,Other,Medium,2016-07-27 00:00:00,2000.0,2500.0,2300.0,21
Gujarat,Ahmedabad,"Ahmedabad(Fruit Market, Naroda)",Pineapple,Other,Medium,2016-08-03 00:00:00,2000.0,3000.0,2500.0,21
Gujarat,Ahmedabad,"Ahmedabad(Fruit Market, Naroda)",Pineapple,Other,Medium,2016-08-08 00:00:00,2000.0,3000.0,2500.0,21
Gujarat,Ahmedabad,"Ahmedabad(Fruit Market, Naroda)",Pineapple,Other,Medium,2016-08-09 00:00:00,2000.0,3000.0,2500.0,21
Gujarat,Ahmedabad,"Ahmedabad(Fruit Market, Naroda)",Pineapple,Other,Medium,2016-08-12 00:00:00,2000.0,3000.0,2500.0,21
Gujarat,Ahmedabad,"Ahmedabad(Fruit Market, Naroda)",Pineapple,Other,Medium,2016-08-19 00:00:00,3000.0,4000.0,3500.0,21
Gujarat,Ahmedabad,"Ahmedabad(Fruit Market, Naroda)",Pineapple,Other,Medium,2016-08-26 00:00:00,2500.0,3000.0,2800.0,21
Gujarat,Ahmedabad,"Ahmedabad(Fruit Market, Naroda)",Pineapple,Other,Medium,2016-08-29 00:00:00,2500.0,3000.0,2800.0,21
Gujarat,Ahmedabad,"Ahmedabad(Fruit Market, Naroda)",Pineapple,Other,Medium,2016-09-08 00:00:00,2500.0,3000.0,2800.0,21
Gujarat,Ahmedabad,"Ahmedabad(Fruit Market, Naroda)",Pineapple,Other,Medium,2016-09-29 00:00:00,2500.0,3000.0,2800.0,21
Gujarat,Ahmedabad,"Ahmedabad(Fruit Market, Naroda)",Pineapple,Other,Medium,2016-10-04 00:00:00,2500.0,3000.0,2800.0,21
Gujarat,Ahmedabad,"Ahmedabad(Fruit Market, Naroda)",Pineapple,Other,Medium,2016-10-05 00:00:00,2500.0,3000.0,2800.0,21
Gujarat,Ahmedabad,"Ahmedabad(Fruit Market, Naroda)",Pineapple,Other,Large,2016-10-10 00:00:00,2000.0,3000.0,2700.0,21
Gujarat,Ahmedabad,"Ahmedabad(Fruit Market, Naroda)",Pineapple,Other,Medium,2016-10-27 00:00:00,2500.0,3000.0,2800.0,21
Gujarat,Ahmedabad,"Ahmedabad(Fruit Market, Naroda)",Pineapple,Other,Medium,2016-11-04 00:00:00,2500.0,3000.0,2800.0,21
Gujarat,Ahmedabad,"Ahmedabad(Fruit Market, Naroda)",Pineapple,Other,Medium,2016-11-07 00:00:00,2500.0,3000.0,2800.0,21
Gujarat,Ahmedabad,"Ahmedabad(Fruit Market, Naroda)",Pineapple,Other,Medium,2016-11-16 00:00:00,2500.0,3000.0,2800.0,21
Gujarat,Ahmedabad,"Ahmedabad(Fruit Market, Naroda)",Pineapple,Other,Medium,2016-12-06 00:00:00,2000.0,2500.0,2300.0,21
Gujarat,Ahmedabad,Ahmedabad(Manekchowk),Pineapple,Other,Medium,2016-01-18 00:00:00,1800.0,2300.0,2100.0,21
Gujarat,Ahmedabad,Ahmedabad(Manekchowk),Pineapple,Other,Medium,2016-01-30 00:00:00,1500.0,2000.0,1800.0,21
Gujarat,Ahmedabad,Ahmedabad(Manekchowk),Pineapple,Other,Medium,2016-02-05 00:00:00,1800.0,2500.0,2200.0,21
Gujarat,Ahmedabad,Ahmedabad(Manekchowk),Pineapple,Other,Medium,2016-02-09 00:00:00,1800.0,2500.0,2200.0,21
Gujarat,Ahmedabad,Ahmedabad(Manekchowk),Pineapple,Other,Medium,2016-02-11 00:00:00,1800.0,2500.0,2200.0,21
Gujarat,Ahmedabad,Ahmedabad(Manekchowk),Pineapple,Other,Medium,2016-02-27 00:00:00,2200.0,2800.0,2500.0,21
Gujarat,Ahmedabad,Ahmedabad(Manekchowk),Pineapple,Other,Medium,2016-03-07 00:00:00,2500.0,2800.0,2700.0,21
Gujarat,Ahmedabad,Ahmedabad(Manekchowk),Pineapple,Other,Medium,2016-03-10 00:00:00,2200.0,3000.0,2700.0,21
Gujarat,Ahmedabad,Ahmedabad(Manekchowk),Pineapple,Other,Medium,2016-03-14 00:00:00,2500.0,2800.0,2700.0,21
Gujarat,Ahmedabad,Ahmedabad(Manekchowk),Pineapple,Other,Medium,2016-03-18 00:00:00,2500.0,3000.0,2800.0,21
Gujarat,Ahmedabad,Ahmedabad(Manekchowk),Pineapple,Other,Medium,2016-03-21 00:00:00,2500.0,3000.0,2800.0,21
Gujarat,Ahmedabad,Ahmedabad(Manekchowk),Pineapple,Other,Medium,2016-04-07 00:00:00,2500.0,3000.0,2800.0,21
Gujarat,Ahmedabad,Ahmedabad(Manekchowk),Pineapple,Other,Medium,2016-04-09 00:00:00,2500.0,3000.0,2800.0,21
Gujarat,Ahmedabad,Ahmedabad(Manekchowk),Pineapple,Other,Medium,2016-04-16 00:00:00,2200.0,2500.0,2400.0,21
Gujarat,Ahmedabad,Ahmedabad(Manekchowk),Pineapple,Other,Medium,2016-05-05 00:00:00,2500.0,2800.0,2700.0,21
Gujarat,Ahmedabad,Ahmedabad(Manekchowk),Pineapple,Other,Medium,2016-05-14 00:00:00,2500.0,2800.0,2700.0,21
Gujarat,Ahmedabad,Ahmedabad(Manekchowk),Pineapple,Other,Medium,2016-05-16 00:00:00,2500.0,2800.0,2700.0,21
Gujarat,Ahmedabad,Ahmedabad(Manekchowk),Pineapple,Other,Medium,2016-05-24 00:00:00,2500.0,3000.0,2800.0,21
Gujarat,Ahmedabad,Ahmedabad(Manekchowk),Pineapple,Other,Medium,2016-05-30 00:00:00,2500.0,3000.0,2800.0,21
Gujarat,Ahmedabad,Ahmedabad(Manekchowk),Pineapple,Other,Medium,2016-06-03 00:00:00,2500.0,3000.0,2750.0,21
Gujarat,Ahmedabad,Ahmedabad(Manekchowk),Pineapple,Other,Medium,2016-06-23 00:00:00,2000.0,3000.0,2500.0,21
Gujarat,Ahmedabad,Ahmedabad(Manekchowk),Pineapple,Other,Medium,2016-06-27 00:00:00,2000.0,3000.0,2500.0,21
Gujarat,Ahmedabad,Ahmedabad(Manekchowk),Pineapple,Other,Medium,2016-07-06 00:00:00,2500.0,2700.0,2600.0,21
Gujarat,Ahmedabad,Ahmedabad(Manekchowk),Pineapple,Other,Medium,2016-07-18 00:00:00,1500.0,2000.0,1800.0,21
Gujarat,Ahmedabad,Ahmedabad(Manekchowk),Pineapple,Other,Medium,2016-07-21 00:00:00,2000.0,2500.0,2300.0,21
Gujarat,Ahmedabad,Ahmedabad(Manekchowk),Pineapple,Other,Medium,2016-07-22 00:00:00,1500.0,2000.0,1800.0,21
Gujarat,Ahmedabad,Ahmedabad(Manekchowk),Pineapple,Other,Medium,2016-08-06 00:00:00,2500.0,3000.0,2800.0,21
Gujarat,Ahmedabad,Ahmedabad(Manekchowk),Pineapple,Other,Medium,2016-08-08 00:00:00,2000.0,3000.0,2500.0,21
Gujarat,Ahmedabad,Ahmedabad(Manekchowk),Pineapple,Other,Medium,2016-08-12 00:00:00,2000.0,3000.0,2500.0,21
Gujarat,Ahmedabad,Ahmedabad(Manekchowk),Pineapple,Other,Medium,2016-08-30 00:00:00,2000.0,3000.0,2500.0,21
Gujarat,Ahmedabad,Ahmedabad(Manekchowk),Pineapple,Other,Medium,2016-09-20 00:00:00,3000.0,4000.0,3500.0,21
Gujarat,Ahmedabad,Ahmedabad(Manekchowk),Pineapple,Other,Medium,2016-09-23 00:00:00,3000.0,3500.0,3300.0,21
Gujarat,Ahmedabad,Ahmedabad(Manekchowk),Pineapple,Other,Medium,2016-09-27 00:00:00,2000.0,3000.0,2500.0,21
Gujarat,Ahmedabad,Ahmedabad(Manekchowk),Pineapple,Other,Medium,2016-10-06 00:00:00,2000.0,2500.0,2300.0,21
Gujarat,Ahmedabad,Ahmedabad(Manekchowk),Pineapple,Other,Medium,2016-10-14 00:00:00,3000.0,3500.0,3300.0,21
Gujarat,Ahmedabad,Ahmedabad(Manekchowk),Pineapple,Other,Medium,2016-10-15 00:00:00,2500.0,3500.0,3000.0,21
Gujarat,Ahmedabad,Ahmedabad(Manekchowk),Pineapple,Other,Medium,2016-11-05 00:00:00,2500.0,3000.0,2800.0,21
Gujarat,Ahmedabad,Ahmedabad(Manekchowk),Pineapple,Other,Medium,2016-11-18 00:00:00,2500.0,3000.0,2800.0,21
Gujarat,Ahmedabad,Ahmedabad(Manekchowk),Pineapple,Other,Medium,2016-11-25 00:00:00,2500.0,3000.0,2800.0,21
Gujarat,Ahmedabad,Ahmedabad(Manekchowk),Pineapple,Other,Medium,2016-11-26 00:00:00,2000.0,2500.0,2300.0,21
Gujarat,Ahmedabad,Ahmedabad(Manekchowk),Pineapple,Other,Medium,2016-11-30 00:00:00,2000.0,2500.0,2300.0,21
Gujarat,Ahmedabad,Ahmedabad(Manekchowk),Pineapple,Other,Medium,2016-12-19 00:00:00,2000.0,2200.0,2100.0,21
Gujarat,Ahmedabad,Ahmedabad(Manekchowk),Pineapple,Other,Medium,2016-12-27 00:00:00,2000.0,2200.0,2100.0,21
Gujarat,Ahmedabad,Ahmedabad(Manekchowk),Pineapple,Other,Medium,2016-12-30 00:00:00,2000.0,2400.0,2300.0,21
Gujarat,Banaskanth,Deesa(Deesa Veg Yard),Pineapple,Other,Medium,2016-01-15 00:00:00,2500.0,2600.0,2550.0,21
Gujarat,Banaskanth,Deesa(Deesa Veg Yard),Pineapple,Other,Medium,2016-02-04 00:00:00,2000.0,2500.0,2250.0,21
Gujarat,Banaskanth,Deesa(Deesa Veg Yard),Pineapple,Other,Medium,2016-02-05 00:00:00,2000.0,2400.0,2200.0,21
Gujarat,Banaskanth,Deesa(Deesa Veg Yard),Pineapple,Other,Medium,2016-02-24 00:00:00,2000.0,2200.0,2100.0,21
Gujarat,Banaskanth,Deesa(Deesa Veg Yard),Pineapple,Other,Medium,2016-02-29 00:00:00,2000.0,2200.0,2100.0,21
Gujarat,Banaskanth,Deesa(Deesa Veg Yard),Pineapple,Other,Medium,2016-03-05 00:00:00,2000.0,2200.0,2100.0,21
Gujarat,Banaskanth,Deesa(Deesa Veg Yard),Pineapple,Other,Medium,2016-04-12 00:00:00,2300.0,2500.0,2400.0,21
Gujarat,Banaskanth,Deesa(Deesa Veg Yard),Pineapple,Other,Medium,2016-04-13 00:00:00,2400.0,2500.0,2450.0,21
Gujarat,Banaskanth,Deesa(Deesa Veg Yard),Pineapple,Other,Medium,2016-04-21 00:00:00,2300.0,2500.0,2400.0,21
Gujarat,Banaskanth,Deesa(Deesa Veg Yard),Pineapple,Other,Medium,2016-05-02 00:00:00,2500.0,2600.0,2550.0,21
Gujarat,Banaskanth,Deesa(Deesa Veg Yard),Pineapple,Other,Medium,2016-05-07 00:00:00,2500.0,2700.0,2600.0,21
Gujarat,Banaskanth,Deesa(Deesa Veg Yard),Pineapple,Other,Medium,2016-05-13 00:00:00,2500.0,3000.0,2750.0,21
Gujarat,Banaskanth,Deesa(Deesa Veg Yard),Pineapple,Other,Medium,2016-05-21 00:00:00,2500.0,3000.0,2750.0,21
Gujarat,Banaskanth,Deesa(Deesa Veg Yard),Pineapple,Other,Medium,2016-05-28 00:00:00,2500.0,3000.0,2750.0,21
Gujarat,Banaskanth,Deesa(Deesa Veg Yard),Pineapple,Other,Medium,2016-06-04 00:00:00,3000.0,3200.0,3100.0,21
Gujarat,Banaskanth,Deesa(Deesa Veg Yard),Pineapple,Other,Medium,2016-06-13 00:00:00,2900.0,3000.0,2950.0,21
Gujarat,Banaskanth,Deesa(Deesa Veg Yard),Pineapple,Other,Medium,2016-06-23 00:00:00,2800.0,3000.0,2900.0,21
Gujarat,Banaskanth,Deesa(Deesa Veg Yard),Pineapple,Other,Medium,2016-07-04 00:00:00,2700.0,3000.0,2850.0,21
Gujarat,Banaskanth,Deesa(Deesa Veg Yard),Pineapple,Other,Medium,2016-07-18 00:00:00,2500.0,2700.0,2600.0,21
Gujarat,Banaskanth,Deesa(Deesa Veg Yard),Pineapple,Other,Medium,2016-07-28 00:00:00,2500.0,2600.0,2550.0,21
Gujarat,Banaskanth,Deesa(Deesa Veg Yard),Pineapple,Other,Medium,2016-08-11 00:00:00,2500.0,2600.0,2550.0,21
Gujarat,Banaskanth,Deesa(Deesa Veg Yard),Pineapple,Other,Medium,2016-08-26 00:00:00,2500.0,2600.0,2550.0,21
Gujarat,Banaskanth,Deesa(Deesa Veg Yard),Pineapple,Other,Medium,2016-09-03 00:00:00,2500.0,2600.0,2550.0,21
Gujarat,Banaskanth,Deesa(Deesa Veg Yard),Pineapple,Other,Medium,2016-09-08 00:00:00,2500.0,2600.0,2550.0,21
Gujarat,Banaskanth,Deesa(Deesa Veg Yard),Pineapple,Other,Medium,2016-09-10 00:00:00,2400.0,2500.0,2450.0,21
Gujarat,Banaskanth,Deesa(Deesa Veg Yard),Pineapple,Other,Medium,2016-09-19 00:00:00,2500.0,3000.0,2750.0,21
Gujarat,Banaskanth,Deesa(Deesa Veg Yard),Pineapple,Other,Medium,2016-09-21 00:00:00,2500.0,3000.0,2750.0,21
Gujarat,Banaskanth,Deesa(Deesa Veg Yard),Pineapple,Other,Medium,2016-09-24 00:00:00,2500.0,3000.0,2750.0,21
Gujarat,Banaskanth,Deesa(Deesa Veg Yard),Pineapple,Other,Medium,2016-10-06 00:00:00,2500.0,3000.0,2750.0,21
Gujarat,Banaskanth,Deesa(Deesa Veg Yard),Pineapple,Other,Medium,2016-10-07 00:00:00,2500.0,3000.0,2750.0,21
Gujarat,Banaskanth,Deesa(Deesa Veg Yard),Pineapple,Other,Medium,2016-10-20 00:00:00,2300.0,3000.0,2650.0,21
Gujarat,Banaskanth,Deesa(Deesa Veg Yard),Pineapple,Other,Medium,2016-10-25 00:00:00,2300.0,2500.0,2400.0,21
Gujarat,Banaskanth,Deesa(Deesa Veg Yard),Pineapple,Other,Medium,2016-11-05 00:00:00,2500.0,3000.0,2750.0,21
Gujarat,Banaskanth,Deesa(Deesa Veg Yard),Pineapple,Other,Medium,2016-11-10 00:00:00,2400.0,2900.0,2650.0,21
Gujarat,Banaskanth,Deesa(Deesa Veg Yard),Pineapple,Other,Medium,2016-11-17 00:00:00,4100.0,4600.0,4350.0,21
Gujarat,Banaskanth,Deesa(Deesa Veg Yard),Pineapple,Other,Medium,2016-12-06 00:00:00,3000.0,4000.0,3500.0,21
Gujarat,Banaskanth,Deesa(Deesa Veg Yard),Pineapple,Other,Medium,2016-12-14 00:00:00,2400.0,2900.0,2650.0,21
Gujarat,Banaskanth,Deesa(Deesa Veg Yard),Pineapple,Other,Medium,2016-12-19 00:00:00,2500.0,3000.0,2750.0,21
Gujarat,Bharuch,Bharuch,Pineapple,Other,Medium,2016-06-24 00:00:00,5000.0,7000.0,6000.0,21
Gujarat,Bharuch,Bharuch,Pineapple,Other,Medium,2016-06-27 00:00:00,5000.0,7000.0,6000.0,21
Gujarat,Bharuch,Bharuch,Pineapple,Other,Medium,2003-09-16 00:00:00,1000.0,1200.0,1100.0,21
Gujarat,Bharuch,Bharuch,Pineapple,Other,Medium,2003-10-15 00:00:00,1000.0,1100.0,1050.0,21
Gujarat,Bharuch,Bharuch,Pineapple,Other,Medium,2003-10-18 00:00:00,1000.0,1100.0,1050.0,21
Gujarat,Bharuch,Bharuch,Pineapple,Other,Medium,2003-11-17 00:00:00,800.0,1000.0,900.0,21
Gujarat,Bharuch,Bharuch,Pineapple,Other,Medium,2003-11-24 00:00:00,800.0,1200.0,1000.0,21
Gujarat,Bharuch,Bharuch,Pineapple,Other,Medium,2003-12-20 00:00:00,1000.0,1400.0,1200.0,21
Gujarat,Bharuch,Bharuch,Pineapple,Other,Large,2006-09-18 00:00:00,1000.0,1200.0,1100.0,21
Gujarat,Bharuch,Bharuch,Pineapple,Other,Large,2006-11-17 00:00:00,1000.0,1200.0,1100.0,21
Gujarat,Bharuch,Bharuch,Pineapple,Other,Large,2006-12-08 00:00:00,800.0,1000.0,900.0,21
Gujarat,Bharuch,Bharuch,Pineapple,Other,Large,2006-12-09 00:00:00,1000.0,1200.0,1100.0,21
Gujarat,Gir Somnath,Una,Pineapple,Other,Medium,2006-11-20 00:00:00,1600.0,1600.0,1600.0,21
Gujarat,Banaskanth,Deesa(Deesa Veg Yard),Pineapple,Other,Medium,2012-03-03 00:00:00,140.0,160.0,150.0,21
Gujarat,Banaskanth,Deesa(Deesa Veg Yard),Pineapple,Other,Medium,2012-03-13 00:00:00,180.0,200.0,190.0,21
Gujarat,Banaskanth,Deesa(Deesa Veg Yard),Pineapple,Other,Medium,2012-03-16 00:00:00,160.0,200.0,180.0,21
Gujarat,Banaskanth,Deesa(Deesa Veg Yard),Pineapple,Other,Medium,2012-04-07 00:00:00,140.0,180.0,160.0,21
Gujarat,Banaskanth,Deesa(Deesa Veg Yard),Pineapple,Other,Medium,2012-04-17 00:00:00,200.0,220.0,210.0,21
Gujarat,Banaskanth,Deesa(Deesa Veg Yard),Pineapple,Other,Medium,2012-04-30 00:00:00,180.0,220.0,200.0,21
Gujarat,Banaskanth,Deesa(Deesa Veg Yard),Pineapple,Other,Medium,2012-05-05 00:00:00,180.0,200.0,190.0,21
Gujarat,Banaskanth,Deesa(Deesa Veg Yard),Pineapple,Other,Medium,2012-05-17 00:00:00,160.0,180.0,170.0,21
Gujarat,Banaskanth,Deesa(Deesa Veg Yard),Pineapple,Other,Medium,2012-05-21 00:00:00,150.0,180.0,165.0,21
Gujarat,Banaskanth,Deesa(Deesa Veg Yard),Pineapple,Other,Medium,2012-05-22 00:00:00,160.0,180.0,170.0,21
Gujarat,Banaskanth,Deesa(Deesa Veg Yard),Pineapple,Other,Medium,2012-06-11 00:00:00,160.0,200.0,180.0,21
Gujarat,Banaskanth,Deesa(Deesa Veg Yard),Pineapple,Other,Medium,2012-08-06 00:00:00,200.0,220.0,210.0,21
Gujarat,Banaskanth,Deesa(Deesa Veg Yard),Pineapple,Other,Medium,2012-08-07 00:00:00,200.0,240.0,220.0,21
Gujarat,Banaskanth,Deesa(Deesa Veg Yard),Pineapple,Other,Medium,2012-08-08 00:00:00,150.0,180.0,165.0,21
Gujarat,Banaskanth,Deesa(Deesa Veg Yard),Pineapple,Other,Medium,2012-08-20 00:00:00,200.0,240.0,220.0,21
Gujarat,Banaskanth,Deesa(Deesa Veg Yard),Pineapple,Other,Medium,2012-08-25 00:00:00,200.0,240.0,220.0,21
Gujarat,Banaskanth,Deesa(Deesa Veg Yard),Pineapple,Other,Medium,2012-08-29 00:00:00,140.0,240.0,190.0,21
Gujarat,Banaskanth,Deesa(Deesa Veg Yard),Pineapple,Other,Medium,2012-09-15 00:00:00,200.0,240.0,220.0,21
Gujarat,Banaskanth,Deesa(Deesa Veg Yard),Pineapple,Other,Medium,2012-09-28 00:00:00,200.0,240.0,220.0,21
Gujarat,Banaskanth,Deesa(Deesa Veg Yard),Pineapple,Other,Medium,2012-10-06 00:00:00,200.0,240.0,220.0,21
Gujarat,Bharuch,Bharuch,Pineapple,Other,Medium,2012-07-25 00:00:00,4000.0,5000.0,4500.0,21
Gujarat,Bharuch,Bharuch,Pineapple,Other,Medium,2012-07-27 00:00:00,4000.0,5000.0,4500.0,21
Gujarat,Bharuch,Bharuch,Pineapple,Other,Medium,2012-08-14 00:00:00,2000.0,3000.0,2500.0,21
Gujarat,Bharuch,Bharuch,Pineapple,Other,Medium,2012-08-16 00:00:00,2000.0,3000.0,2500.0,21
Gujarat,Banaskanth,Deesa(Deesa Veg Yard),Pineapple,Other,Medium,2010-03-03 00:00:00,1700.0,2000.0,1850.0,21
Gujarat,Banaskanth,Deesa(Deesa Veg Yard),Pineapple,Other,Medium,2010-03-05 00:00:00,1100.0,1300.0,1200.0,21
Gujarat,Banaskanth,Deesa(Deesa Veg Yard),Pineapple,Other,Medium,2010-03-18 00:00:00,2300.0,2600.0,2450.0,21
Gujarat,Banaskanth,Deesa(Deesa Veg Yard),Pineapple,Other,Medium,2010-05-25 00:00:00,2700.0,3000.0,2850.0,21
Gujarat,Banaskanth,Deesa(Deesa Veg Yard),Pineapple,Other,Medium,2010-05-29 00:00:00,2700.0,3000.0,2850.0,21
Gujarat,Banaskanth,Deesa(Deesa Veg Yard),Pineapple,Other,Medium,2010-06-18 00:00:00,2300.0,2500.0,2400.0,21
Gujarat,Banaskanth,Deesa(Deesa Veg Yard),Pineapple,Other,Medium,2010-06-19 00:00:00,2200.0,2500.0,2350.0,21
Gujarat,Banaskanth,Deesa(Deesa Veg Yard),Pineapple,Other,Medium,2010-06-21 00:00:00,2200.0,2500.0,2350.0,21
Gujarat,Banaskanth,Deesa(Deesa Veg Yard),Pineapple,Other,Medium,2010-06-28 00:00:00,2300.0,2600.0,2450.0,21
Gujarat,Banaskanth,Deesa(Deesa Veg Yard),Pineapple,Other,Medium,2010-07-14 00:00:00,2300.0,2500.0,2400.0,21
Gujarat,Banaskanth,Deesa(Deesa Veg Yard),Pineapple,Other,Medium,2010-11-01 00:00:00,2600.0,2800.0,2700.0,21
Gujarat,Bharuch,Bharuch,Pineapple,Other,Medium,2010-12-02 00:00:00,2000.0,3000.0,2500.0,21
Gujarat,Bharuch,Bharuch,Pineapple,Other,Medium,2010-12-03 00:00:00,2000.0,3000.0,2500.0,21
Gujarat,Junagarh,Junagadh,Pineapple,Other,Medium,2010-05-28 00:00:00,380.0,550.0,420.0,21
Gujarat,Junagarh,Junagadh,Pineapple,Other,Medium,2010-06-15 00:00:00,1750.0,2500.0,2150.0,21
Gujarat,Junagarh,Junagadh,Pineapple,Other,Medium,2010-06-19 00:00:00,2000.0,2500.0,2250.0,21
Gujarat,Junagarh,Junagadh,Pineapple,Pine Apple,Medium,2010-05-11 00:00:00,240.0,400.0,320.0,21
Gujarat,Banaskanth,Deesa(Deesa Veg Yard),Pineapple,Other,Medium,2011-01-10 00:00:00,2300.0,2700.0,2500.0,21
Gujarat,Banaskanth,Deesa(Deesa Veg Yard),Pineapple,Other,Medium,2011-06-25 00:00:00,140.0,160.0,150.0,21
Gujarat,Banaskanth,Deesa(Deesa Veg Yard),Pineapple,Other,Medium,2011-06-27 00:00:00,150.0,170.0,160.0,21
Gujarat,Bharuch,Bharuch,Pineapple,Other,Medium,2011-03-09 00:00:00,2500.0,3000.0,2750.0,21
Gujarat,Bharuch,Bharuch,Pineapple,Other,Medium,2011-04-06 00:00:00,2000.0,3000.0,2500.0,21
Gujarat,Bharuch,Bharuch,Pineapple,Other,Medium,2011-06-16 00:00:00,1500.0,1750.0,1625.0,21
Gujarat,Ahmedabad,"Ahmedabad(Fruit Market, Naroda)",Pineapple,Other,Small,2008-04-08 00:00:00,1000.0,1300.0,1200.0,21
Gujarat,Ahmedabad,"Ahmedabad(Fruit Market, Naroda)",Pineapple,Other,Small,2008-04-23 00:00:00,240.0,264.0,260.0,21
Gujarat,Ahmedabad,"Ahmedabad(Fruit Market, Naroda)",Pineapple,Other,Small,2008-04-24 00:00:00,240.0,264.0,260.0,21
Gujarat,Ahmedabad,"Ahmedabad(Fruit Market, Naroda)",Pineapple,Other,Small,2008-09-25 00:00:00,264.0,276.0,275.0,21
Gujarat,Ahmedabad,"Ahmedabad(Fruit Market, Naroda)",Pineapple,Other,Small,2008-09-27 00:00:00,200.0,264.0,240.0,21
Gujarat,Ahmedabad,Ahmedabad(Manekchowk),Pineapple,Other,Small,2008-04-24 00:00:00,240.0,264.0,260.0,21
Gujarat,Ahmedabad,Ahmedabad(Manekchowk),Pineapple,Other,Small,2008-04-26 00:00:00,264.0,300.0,290.0,21
Gujarat,Ahmedabad,Ahmedabad(Manekchowk),Pineapple,Other,Small,2008-04-29 00:00:00,240.0,312.0,290.0,21
Gujarat,Rajkot,Gondal,Pineapple,Pine Apple,Medium,2008-12-23 00:00:00,1500.0,1500.0,1500.0,21
Gujarat,Ahmedabad,"Ahmedabad(Fruit Market, Naroda)",Pineapple,Other,Medium,2017-12-21 00:00:00,2300.0,2500.0,2400.0,21
Gujarat,Ahmedabad,"Ahmedabad(Fruit Market, Naroda)",Pineapple,Other,Medium,2017-12-22 00:00:00,2200.0,2500.0,2400.0,21
Gujarat,Ahmedabad,Ahmedabad(Manekchowk),Pineapple,Other,Medium,2017-01-04 00:00:00,2200.0,2500.0,2400.0,21
Gujarat,Ahmedabad,Ahmedabad(Manekchowk),Pineapple,Other,Medium,2017-01-09 00:00:00,2500.0,2700.0,2600.0,21
Gujarat,Ahmedabad,Ahmedabad(Manekchowk),Pineapple,Other,Medium,2017-01-27 00:00:00,2000.0,2600.0,2400.0,21
Gujarat,Ahmedabad,Ahmedabad(Manekchowk),Pineapple,Other,Medium,2017-02-20 00:00:00,2800.0,3000.0,2900.0,21
Gujarat,Ahmedabad,Ahmedabad(Manekchowk),Pineapple,Other,Medium,2017-03-04 00:00:00,2500.0,3000.0,2800.0,21
Gujarat,Ahmedabad,Ahmedabad(Manekchowk),Pineapple,Other,Medium,2017-03-09 00:00:00,2500.0,3000.0,2800.0,21
Gujarat,Ahmedabad,Ahmedabad(Manekchowk),Pineapple,Other,Medium,2017-03-14 00:00:00,2200.0,2600.0,2500.0,21
Gujarat,Ahmedabad,Ahmedabad(Manekchowk),Pineapple,Other,Medium,2017-03-16 00:00:00,2000.0,2500.0,2300.0,21
Gujarat,Ahmedabad,Ahmedabad(Manekchowk),Pineapple,Other,Medium,2017-03-20 00:00:00,2200.0,3500.0,3000.0,21
Gujarat,Ahmedabad,Ahmedabad(Manekchowk),Pineapple,Other,Medium,2017-03-25 00:00:00,2000.0,2500.0,2300.0,21
Gujarat,Ahmedabad,Ahmedabad(Manekchowk),Pineapple,Other,Medium,2017-03-28 00:00:00,2000.0,3000.0,2700.0,21
Gujarat,Ahmedabad,Ahmedabad(Manekchowk),Pineapple,Other,Medium,2017-04-06 00:00:00,2200.0,3000.0,2700.0,21
Gujarat,Ahmedabad,Ahmedabad(Manekchowk),Pineapple,Other,Medium,2017-04-18 00:00:00,3000.0,3500.0,3300.0,21
Gujarat,Ahmedabad,Ahmedabad(Manekchowk),Pineapple,Other,Medium,2017-04-25 00:00:00,2500.0,3200.0,3000.0,21
Gujarat,Ahmedabad,Ahmedabad(Manekchowk),Pineapple,Other,Medium,2017-04-26 00:00:00,2000.0,3000.0,2700.0,21
Gujarat,Ahmedabad,Ahmedabad(Manekchowk),Pineapple,Other,Medium,2017-04-27 00:00:00,2000.0,3000.0,2500.0,21
Gujarat,Ahmedabad,Ahmedabad(Manekchowk),Pineapple,Other,Medium,2017-05-05 00:00:00,2000.0,3000.0,2700.0,21
Gujarat,Ahmedabad,Ahmedabad(Manekchowk),Pineapple,Other,Medium,2017-05-18 00:00:00,2500.0,4000.0,3500.0,21
Gujarat,Ahmedabad,Ahmedabad(Manekchowk),Pineapple,Other,Medium,2017-05-19 00:00:00,2000.0,4000.0,3500.0,21
Gujarat,Ahmedabad,Ahmedabad(Manekchowk),Pineapple,Other,Medium,2017-05-22 00:00:00,2200.0,4000.0,3500.0,21
Gujarat,Ahmedabad,Ahmedabad(Manekchowk),Pineapple,Other,Medium,2017-05-29 00:00:00,2000.0,3500.0,3000.0,21
Gujarat,Ahmedabad,Ahmedabad(Manekchowk),Pineapple,Other,Medium,2017-06-02 00:00:00,2500.0,3500.0,3300.0,21
Gujarat,Ahmedabad,Ahmedabad(Manekchowk),Pineapple,Other,Medium,2017-06-13 00:00:00,3000.0,4000.0,3500.0,21
Gujarat,Ahmedabad,Ahmedabad(Manekchowk),Pineapple,Other,Medium,2017-06-19 00:00:00,3000.0,4500.0,4000.0,21
Gujarat,Ahmedabad,Ahmedabad(Manekchowk),Pineapple,Other,Medium,2017-06-24 00:00:00,3000.0,4500.0,4000.0,21
Gujarat,Ahmedabad,Ahmedabad(Manekchowk),Pineapple,Other,Medium,2017-08-18 00:00:00,2500.0,3500.0,3200.0,21
Gujarat,Ahmedabad,Ahmedabad(Manekchowk),Pineapple,Other,Medium,2017-08-22 00:00:00,2700.0,3500.0,3200.0,21
Gujarat,Ahmedabad,Ahmedabad(Manekchowk),Pineapple,Other,Medium,2017-08-28 00:00:00,2500.0,3500.0,3200.0,21
Gujarat,Ahmedabad,Ahmedabad(Manekchowk),Pineapple,Other,Medium,2017-08-30 00:00:00,2500.0,3500.0,3200.0,21
Gujarat,Ahmedabad,Ahmedabad(Manekchowk),Pineapple,Other,Medium,2017-08-31 00:00:00,2500.0,3500.0,3200.0,21
Gujarat,Ahmedabad,Ahmedabad(Manekchowk),Pineapple,Other,Medium,2017-09-05 00:00:00,2800.0,3500.0,3200.0,21
Gujarat,Ahmedabad,Ahmedabad(Manekchowk),Pineapple,Other,Medium,2017-09-12 00:00:00,2800.0,3500.0,3200.0,21
Gujarat,Ahmedabad,Ahmedabad(Manekchowk),Pineapple,Other,Medium,2017-10-04 00:00:00,2600.0,3500.0,3200.0,21
Gujarat,Ahmedabad,Ahmedabad(Manekchowk),Pineapple,Other,Medium,2017-10-17 00:00:00,2000.0,3500.0,3000.0,21
Gujarat,Ahmedabad,Ahmedabad(Manekchowk),Pineapple,Other,Medium,2017-10-24 00:00:00,2200.0,3500.0,3000.0,21
Gujarat,Ahmedabad,Ahmedabad(Manekchowk),Pineapple,Other,Medium,2017-11-18 00:00:00,2200.0,2500.0,2400.0,21
Gujarat,Ahmedabad,Ahmedabad(Manekchowk),Pineapple,Other,Medium,2017-11-20 00:00:00,2500.0,3000.0,2800.0,21
Gujarat,Ahmedabad,Ahmedabad(Manekchowk),Pineapple,Other,Medium,2017-11-23 00:00:00,2500.0,3000.0,2800.0,21
Gujarat,Ahmedabad,Ahmedabad(Manekchowk),Pineapple,Other,Medium,2017-11-30 00:00:00,2200.0,2800.0,2500.0,21
Gujarat,Ahmedabad,Ahmedabad(Manekchowk),Pineapple,Other,Medium,2017-12-08 00:00:00,2600.0,3000.0,2800.0,21
Gujarat,Ahmedabad,Ahmedabad(Manekchowk),Pineapple,Other,Medium,2017-12-12 00:00:00,2500.0,3000.0,2800.0,21
Gujarat,Ahmedabad,Ahmedabad(Manekchowk),Pineapple,Other,Medium,2017-12-16 00:00:00,2500.0,3000.0,2800.0,21
Gujarat,Ahmedabad,Ahmedabad(Manekchowk),Pineapple,Other,Medium,2017-12-22 00:00:00,2200.0,2500.0,2400.0,21
Gujarat,Ahmedabad,Ahmedabad(Manekchowk),Pineapple,Other,Medium,2017-12-28 00:00:00,2500.0,2700.0,2600.0,21
Gujarat,Banaskanth,Deesa(Deesa Veg Yard),Pineapple,Other,Medium,2017-01-03 00:00:00,2500.0,3000.0,2750.0,21
Gujarat,Banaskanth,Deesa(Deesa Veg Yard),Pineapple,Other,Medium,2017-01-04 00:00:00,2500.0,3000.0,2750.0,21
Gujarat,Banaskanth,Deesa(Deesa Veg Yard),Pineapple,Other,Medium,2017-01-13 00:00:00,2500.0,3000.0,2750.0,21
Gujarat,Banaskanth,Deesa(Deesa Veg Yard),Pineapple,Other,Medium,2017-01-17 00:00:00,2000.0,3000.0,2500.0,21
Gujarat,Banaskanth,Deesa(Deesa Veg Yard),Pineapple,Other,Medium,2017-01-30 00:00:00,2000.0,2300.0,2150.0,21
Gujarat,Banaskanth,Deesa(Deesa Veg Yard),Pineapple,Other,Medium,2017-02-06 00:00:00,2000.0,2400.0,2200.0,21
Gujarat,Banaskanth,Deesa(Deesa Veg Yard),Pineapple,Other,Medium,2017-02-07 00:00:00,2000.0,2400.0,2200.0,21
Gujarat,Banaskanth,Deesa(Deesa Veg Yard),Pineapple,Other,Medium,2017-02-11 00:00:00,1000.0,1500.0,1250.0,21
Gujarat,Banaskanth,Deesa(Deesa Veg Yard),Pineapple,Other,Medium,2017-02-14 00:00:00,2000.0,2500.0,2250.0,21
Gujarat,Banaskanth,Deesa(Deesa Veg Yard),Pineapple,Other,Medium,2017-02-16 00:00:00,1000.0,1500.0,1250.0,21
Gujarat,Banaskanth,Deesa(Deesa Veg Yard),Pineapple,Other,Medium,2017-02-17 00:00:00,2000.0,2500.0,2250.0,21
Gujarat,Banaskanth,Deesa(Deesa Veg Yard),Pineapple,Other,Medium,2017-02-23 00:00:00,1200.0,1500.0,1350.0,21
Gujarat,Banaskanth,Deesa(Deesa Veg Yard),Pineapple,Other,Medium,2017-03-16 00:00:00,2000.0,3000.0,2500.0,21
Gujarat,Banaskanth,Deesa(Deesa Veg Yard),Pineapple,Other,Medium,2017-04-05 00:00:00,2500.0,3000.0,2750.0,21
Gujarat,Banaskanth,Deesa(Deesa Veg Yard),Pineapple,Other,Medium,2017-04-06 00:00:00,2000.0,3000.0,2500.0,21
Gujarat,Banaskanth,Deesa(Deesa Veg Yard),Pineapple,Other,Medium,2017-04-08 00:00:00,2000.0,3000.0,2500.0,21
Gujarat,Banaskanth,Deesa(Deesa Veg Yard),Pineapple,Other,Medium,2017-05-19 00:00:00,2400.0,3000.0,2700.0,21
Gujarat,Banaskanth,Deesa(Deesa Veg Yard),Pineapple,Other,Medium,2017-05-27 00:00:00,2000.0,2500.0,2250.0,21
Gujarat,Banaskanth,Deesa(Deesa Veg Yard),Pineapple,Other,Medium,2017-06-02 00:00:00,2200.0,2500.0,2350.0,21
Gujarat,Banaskanth,Deesa(Deesa Veg Yard),Pineapple,Other,Medium,2017-06-23 00:00:00,2000.0,2500.0,2250.0,21
Gujarat,Banaskanth,Deesa(Deesa Veg Yard),Pineapple,Other,Medium,2017-06-30 00:00:00,2000.0,2500.0,2250.0,21
Gujarat,Banaskanth,Deesa(Deesa Veg Yard),Pineapple,Other,Medium,2017-07-04 00:00:00,5500.0,6000.0,5750.0,21
Gujarat,Banaskanth,Deesa(Deesa Veg Yard),Pineapple,Other,Medium,2017-07-10 00:00:00,5500.0,6000.0,5750.0,21
Gujarat,Banaskanth,Deesa(Deesa Veg Yard),Pineapple,Other,Medium,2017-08-05 00:00:00,4000.0,4500.0,4250.0,21
Gujarat,Banaskanth,Deesa(Deesa Veg Yard),Pineapple,Other,Medium,2017-08-09 00:00:00,4000.0,4500.0,4250.0,21
Gujarat,Banaskanth,Deesa(Deesa Veg Yard),Pineapple,Other,Medium,2017-08-16 00:00:00,4000.0,4500.0,4250.0,21
Gujarat,Banaskanth,Deesa(Deesa Veg Yard),Pineapple,Other,Medium,2017-08-17 00:00:00,4000.0,4500.0,4250.0,21
Gujarat,Banaskanth,Deesa(Deesa Veg Yard),Pineapple,Other,Medium,2017-08-24 00:00:00,3500.0,4000.0,3750.0,21
Gujarat,Banaskanth,Deesa(Deesa Veg Yard),Pineapple,Other,Medium,2017-09-12 00:00:00,4000.0,5000.0,4500.0,21
Gujarat,Banaskanth,Deesa(Deesa Veg Yard),Pineapple,Other,Medium,2017-09-16 00:00:00,4500.0,5000.0,4750.0,21
Gujarat,Banaskanth,Deesa(Deesa Veg Yard),Pineapple,Other,Medium,2017-09-27 00:00:00,3500.0,4000.0,3750.0,21
Gujarat,Banaskanth,Deesa(Deesa Veg Yard),Pineapple,Other,Medium,2017-10-14 00:00:00,4000.0,5000.0,4500.0,21
Gujarat,Banaskanth,Deesa(Deesa Veg Yard),Pineapple,Other,Medium,2017-10-25 00:00:00,3000.0,3500.0,3250.0,21
Gujarat,Banaskanth,Deesa(Deesa Veg Yard),Pineapple,Other,Medium,2017-11-09 00:00:00,4500.0,5000.0,4750.0,21
Gujarat,Banaskanth,Deesa(Deesa Veg Yard),Pineapple,Other,Medium,2017-11-10 00:00:00,4000.0,4500.0,4250.0,21
Gujarat,Banaskanth,Deesa(Deesa Veg Yard),Pineapple,Other,Large,2017-11-28 00:00:00,3500.0,4000.0,3750.0,21
Gujarat,Banaskanth,Deesa(Deesa Veg Yard),Pineapple,Other,Medium,2017-12-05 00:00:00,3000.0,4250.0,3625.0,21
Gujarat,Banaskanth,Deesa(Deesa Veg Yard),Pineapple,Other,Medium,2017-12-09 00:00:00,3000.0,4000.0,3500.0,21
Gujarat,Banaskanth,Deesa(Deesa Veg Yard),Pineapple,Other,Medium,2017-12-19 00:00:00,2500.0,3500.0,3000.0,21
Gujarat,Banaskanth,Deesa(Deesa Veg Yard),Pineapple,Other,Medium,2017-12-21 00:00:00,2900.0,3600.0,3250.0,21
Gujarat,Banaskanth,Deesa(Deesa Veg Yard),Pineapple,Other,Medium,2017-12-29 00:00:00,3000.0,3500.0,3250.0,21
Gujarat,Ahmedabad,"Ahmedabad(Fruit Market, Naroda)",Pineapple,Other,Medium,2017-01-04 00:00:00,2200.0,2500.0,2400.0,21
Gujarat,Ahmedabad,"Ahmedabad(Fruit Market, Naroda)",Pineapple,Other,Medium,2017-01-11 00:00:00,2700.0,3000.0,2900.0,21
Gujarat,Ahmedabad,"Ahmedabad(Fruit Market, Naroda)",Pineapple,Other,Medium,2017-01-13 00:00:00,2400.0,2800.0,2700.0,21
Gujarat,Ahmedabad,"Ahmedabad(Fruit Market, Naroda)",Pineapple,Other,Medium,2017-01-16 00:00:00,3000.0,3300.0,3200.0,21
Gujarat,Ahmedabad,"Ahmedabad(Fruit Market, Naroda)",Pineapple,Other,Medium,2017-01-20 00:00:00,3000.0,3400.0,3300.0,21
Gujarat,Ahmedabad,"Ahmedabad(Fruit Market, Naroda)",Pineapple,Other,Medium,2017-01-31 00:00:00,2500.0,3200.0,3000.0,21
Gujarat,Ahmedabad,"Ahmedabad(Fruit Market, Naroda)",Pineapple,Other,Medium,2017-02-27 00:00:00,2000.0,3000.0,2700.0,21
Gujarat,Ahmedabad,"Ahmedabad(Fruit Market, Naroda)",Pineapple,Other,Medium,2017-03-04 00:00:00,2500.0,3000.0,2800.0,21
Gujarat,Ahmedabad,"Ahmedabad(Fruit Market, Naroda)",Pineapple,Other,Medium,2017-04-06 00:00:00,2200.0,3000.0,2700.0,21
Gujarat,Ahmedabad,"Ahmedabad(Fruit Market, Naroda)",Pineapple,Other,Medium,2017-04-10 00:00:00,2200.0,3000.0,2700.0,21
Gujarat,Ahmedabad,"Ahmedabad(Fruit Market, Naroda)",Pineapple,Other,Medium,2017-04-11 00:00:00,2000.0,3000.0,2700.0,21
Gujarat,Ahmedabad,"Ahmedabad(Fruit Market, Naroda)",Pineapple,Other,Medium,2017-04-13 00:00:00,2500.0,3000.0,2800.0,21
Gujarat,Ahmedabad,"Ahmedabad(Fruit Market, Naroda)",Pineapple,Other,Medium,2017-04-21 00:00:00,3000.0,3500.0,3300.0,21
Gujarat,Ahmedabad,"Ahmedabad(Fruit Market, Naroda)",Pineapple,Other,Medium,2017-04-22 00:00:00,2500.0,3500.0,3000.0,21
Gujarat,Ahmedabad,"Ahmedabad(Fruit Market, Naroda)",Pineapple,Other,Medium,2017-05-01 00:00:00,1800.0,2800.0,2500.0,21
Gujarat,Ahmedabad,"Ahmedabad(Fruit Market, Naroda)",Pineapple,Other,Medium,2017-05-09 00:00:00,2500.0,4000.0,3500.0,21
Gujarat,Ahmedabad,"Ahmedabad(Fruit Market, Naroda)",Pineapple,Other,Medium,2017-05-13 00:00:00,2000.0,3500.0,3000.0,21
Gujarat,Ahmedabad,"Ahmedabad(Fruit Market, Naroda)",Pineapple,Other,Medium,2017-05-25 00:00:00,2500.0,4000.0,3500.0,21
Gujarat,Ahmedabad,"Ahmedabad(Fruit Market, Naroda)",Pineapple,Other,Medium,2017-05-26 00:00:00,2500.0,4000.0,3500.0,21
Gujarat,Ahmedabad,"Ahmedabad(Fruit Market, Naroda)",Pineapple,Other,Medium,2017-05-27 00:00:00,2000.0,3500.0,3000.0,21
Gujarat,Ahmedabad,"Ahmedabad(Fruit Market, Naroda)",Pineapple,Other,Medium,2017-06-06 00:00:00,2500.0,3500.0,3200.0,21
Gujarat,Ahmedabad,"Ahmedabad(Fruit Market, Naroda)",Pineapple,Other,Medium,2017-06-14 00:00:00,3000.0,4000.0,3700.0,21
Gujarat,Ahmedabad,"Ahmedabad(Fruit Market, Naroda)",Pineapple,Other,Medium,2017-06-30 00:00:00,2500.0,4000.0,3500.0,21
Gujarat,Ahmedabad,"Ahmedabad(Fruit Market, Naroda)",Pineapple,Other,Medium,2017-07-07 00:00:00,4000.0,4500.0,4300.0,21
Gujarat,Ahmedabad,"Ahmedabad(Fruit Market, Naroda)",Pineapple,Other,Medium,2017-07-11 00:00:00,3000.0,4000.0,3500.0,21
Gujarat,Ahmedabad,"Ahmedabad(Fruit Market, Naroda)",Pineapple,Other,Medium,2017-07-22 00:00:00,2500.0,3500.0,3200.0,21
Gujarat,Ahmedabad,"Ahmedabad(Fruit Market, Naroda)",Pineapple,Other,Medium,2017-07-25 00:00:00,3000.0,3500.0,3300.0,21
Gujarat,Ahmedabad,"Ahmedabad(Fruit Market, Naroda)",Pineapple,Other,Medium,2017-07-28 00:00:00,3000.0,3500.0,3300.0,21
Gujarat,Ahmedabad,"Ahmedabad(Fruit Market, Naroda)",Pineapple,Other,Medium,2017-07-31 00:00:00,3000.0,3500.0,3300.0,21
Gujarat,Ahmedabad,"Ahmedabad(Fruit Market, Naroda)",Pineapple,Other,Medium,2017-08-02 00:00:00,2500.0,3500.0,3200.0,21
Gujarat,Ahmedabad,"Ahmedabad(Fruit Market, Naroda)",Pineapple,Other,Medium,2017-08-09 00:00:00,2500.0,3500.0,3200.0,21
Gujarat,Ahmedabad,"Ahmedabad(Fruit Market, Naroda)",Pineapple,Other,Medium,2017-08-19 00:00:00,2500.0,3500.0,3200.0,21
Gujarat,Ahmedabad,"Ahmedabad(Fruit Market, Naroda)",Pineapple,Other,Medium,2017-08-24 00:00:00,2500.0,3500.0,3300.0,21
Gujarat,Ahmedabad,"Ahmedabad(Fruit Market, Naroda)",Pineapple,Other,Medium,2017-09-13 00:00:00,2800.0,3500.0,3200.0,21
Gujarat,Ahmedabad,"Ahmedabad(Fruit Market, Naroda)",Pineapple,Other,Medium,2017-09-29 00:00:00,2500.0,3500.0,3200.0,21
Gujarat,Ahmedabad,"Ahmedabad(Fruit Market, Naroda)",Pineapple,Other,Medium,2017-10-16 00:00:00,2500.0,3500.0,2700.0,21
Gujarat,Ahmedabad,"Ahmedabad(Fruit Market, Naroda)",Pineapple,Other,Medium,2017-11-09 00:00:00,2400.0,3500.0,3000.0,21
Gujarat,Ahmedabad,"Ahmedabad(Fruit Market, Naroda)",Pineapple,Other,Medium,2017-11-11 00:00:00,2000.0,3500.0,2800.0,21
Gujarat,Ahmedabad,"Ahmedabad(Fruit Market, Naroda)",Pineapple,Other,Medium,2017-11-13 00:00:00,2500.0,3500.0,3300.0,21
Gujarat,Ahmedabad,"Ahmedabad(Fruit Market, Naroda)",Pineapple,Other,Medium,2017-11-15 00:00:00,2700.0,3500.0,3100.0,21
Gujarat,Ahmedabad,"Ahmedabad(Fruit Market, Naroda)",Pineapple,Other,Medium,2017-11-18 00:00:00,2200.0,2500.0,2400.0,21
Gujarat,Banaskanth,Deesa(Deesa Veg Yard),Pineapple,Other,Medium,2012-02-08 00:00:00,1500.0,1600.0,1550.0,21
Gujarat,Banaskanth,Deesa(Deesa Veg Yard),Pineapple,Other,Medium,2012-02-15 00:00:00,800.0,900.0,850.0,21
Gujarat,Banaskanth,Deesa(Deesa Veg Yard),Pineapple,Other,Medium,2012-04-10 00:00:00,160.0,180.0,170.0,21
Gujarat,Banaskanth,Deesa(Deesa Veg Yard),Pineapple,Other,Medium,2012-04-21 00:00:00,160.0,200.0,180.0,21
Gujarat,Banaskanth,Deesa(Deesa Veg Yard),Pineapple,Other,Medium,2012-05-07 00:00:00,180.0,200.0,190.0,21
Gujarat,Banaskanth,Deesa(Deesa Veg Yard),Pineapple,Other,Medium,2012-05-15 00:00:00,160.0,200.0,180.0,21
Gujarat,Banaskanth,Deesa(Deesa Veg Yard),Pineapple,Other,Medium,2012-05-29 00:00:00,180.0,200.0,190.0,21
Gujarat,Banaskanth,Deesa(Deesa Veg Yard),Pineapple,Other,Medium,2012-06-04 00:00:00,180.0,200.0,190.0,21
Gujarat,Banaskanth,Deesa(Deesa Veg Yard),Pineapple,Other,Medium,2012-06-09 00:00:00,150.0,180.0,165.0,21
Gujarat,Banaskanth,Deesa(Deesa Veg Yard),Pineapple,Other,Medium,2012-07-19 00:00:00,220.0,240.0,230.0,21
Gujarat,Banaskanth,Deesa(Deesa Veg Yard),Pineapple,Other,Medium,2012-07-31 00:00:00,150.0,180.0,165.0,21
Gujarat,Banaskanth,Deesa(Deesa Veg Yard),Pineapple,Other,Medium,2012-08-22 00:00:00,120.0,140.0,130.0,21
Gujarat,Banaskanth,Deesa(Deesa Veg Yard),Pineapple,Other,Medium,2012-08-30 00:00:00,160.0,240.0,200.0,21
Gujarat,Banaskanth,Deesa(Deesa Veg Yard),Pineapple,Other,Medium,2012-09-11 00:00:00,200.0,240.0,220.0,21
Gujarat,Banaskanth,Deesa(Deesa Veg Yard),Pineapple,Other,Medium,2012-09-13 00:00:00,240.0,260.0,250.0,21
Gujarat,Banaskanth,Deesa(Deesa Veg Yard),Pineapple,Other,Medium,2012-10-11 00:00:00,160.0,200.0,180.0,21
Gujarat,Banaskanth,Deesa(Deesa Veg Yard),Pineapple,Other,Medium,2012-10-12 00:00:00,1000.0,1200.0,1100.0,21
Gujarat,Banaskanth,Deesa(Deesa Veg Yard),Pineapple,Other,Medium,2012-10-16 00:00:00,200.0,220.0,210.0,21
Gujarat,Banaskanth,Deesa(Deesa Veg Yard),Pineapple,Other,Medium,2012-10-25 00:00:00,160.0,180.0,170.0,21
Gujarat,Banaskanth,Deesa(Deesa Veg Yard),Pineapple,Other,Medium,2012-11-03 00:00:00,160.0,180.0,170.0,21
Gujarat,Bharuch,Bharuch,Pineapple,Other,Medium,2012-07-02 00:00:00,3000.0,4000.0,3500.0,21
Gujarat,Bharuch,Bharuch,Pineapple,Other,Medium,2012-08-25 00:00:00,2500.0,3000.0,2750.0,21
Gujarat,Ahmedabad,"Ahmedabad(Fruit Market, Naroda)",Pineapple,Other,Small,2009-01-05 00:00:00,180.0,220.0,210.0,21
Gujarat,Ahmedabad,"Ahmedabad(Fruit Market, Naroda)",Pineapple,Other,Small,2009-01-15 00:00:00,180.0,220.0,210.0,21
Gujarat,Ahmedabad,"Ahmedabad(Fruit Market, Naroda)",Pineapple,Other,Small,2009-01-26 00:00:00,130.0,160.0,150.0,21
Gujarat,Ahmedabad,"Ahmedabad(Fruit Market, Naroda)",Pineapple,Other,Small,2009-01-28 00:00:00,130.0,160.0,150.0,21
Gujarat,Ahmedabad,"Ahmedabad(Fruit Market, Naroda)",Pineapple,Other,Small,2009-01-29 00:00:00,120.0,160.0,150.0,21
Gujarat,Ahmedabad,"Ahmedabad(Fruit Market, Naroda)",Pineapple,Other,Small,2009-02-04 00:00:00,120.0,150.0,140.0,21
Gujarat,Ahmedabad,"Ahmedabad(Fruit Market, Naroda)",Pineapple,Other,Small,2009-02-18 00:00:00,160.0,200.0,190.0,21
Gujarat,Ahmedabad,"Ahmedabad(Fruit Market, Naroda)",Pineapple,Other,Small,2009-02-25 00:00:00,170.0,210.0,200.0,21
Gujarat,Ahmedabad,"Ahmedabad(Fruit Market, Naroda)",Pineapple,Other,Small,2009-02-28 00:00:00,180.0,200.0,190.0,21
Gujarat,Ahmedabad,"Ahmedabad(Fruit Market, Naroda)",Pineapple,Other,Small,2009-03-02 00:00:00,160.0,200.0,190.0,21
Gujarat,Ahmedabad,"Ahmedabad(Fruit Market, Naroda)",Pineapple,Other,Small,2009-03-12 00:00:00,160.0,200.0,190.0,21
Gujarat,Ahmedabad,"Ahmedabad(Fruit Market, Naroda)",Pineapple,Other,Small,2009-03-13 00:00:00,160.0,200.0,190.0,21
Gujarat,Ahmedabad,"Ahmedabad(Fruit Market, Naroda)",Pineapple,Other,Small,2009-03-16 00:00:00,180.0,240.0,220.0,21
Gujarat,Ahmedabad,"Ahmedabad(Fruit Market, Naroda)",Pineapple,Other,Small,2009-03-23 00:00:00,280.0,360.0,340.0,21
Gujarat,Ahmedabad,Ahmedabad(Manekchowk),Pineapple,Other,Small,2009-01-05 00:00:00,180.0,220.0,210.0,21
Gujarat,Ahmedabad,Ahmedabad(Manekchowk),Pineapple,Other,Small,2009-01-15 00:00:00,180.0,220.0,210.0,21
Gujarat,Ahmedabad,Ahmedabad(Manekchowk),Pineapple,Other,Small,2009-01-17 00:00:00,168.0,180.0,175.0,21
Gujarat,Banaskanth,Deesa(Deesa Veg Yard),Pineapple,Other,Medium,2009-03-12 00:00:00,600.0,700.0,650.0,21
Gujarat,Banaskanth,Deesa(Deesa Veg Yard),Pineapple,Other,Medium,2009-04-28 00:00:00,700.0,800.0,750.0,21
Gujarat,Banaskanth,Deesa(Deesa Veg Yard),Pineapple,Other,Medium,2009-05-28 00:00:00,700.0,750.0,725.0,21
Gujarat,Banaskanth,Deesa(Deesa Veg Yard),Pineapple,Other,Medium,2009-09-07 00:00:00,2333.0,2500.0,2417.0,21
Gujarat,Banaskanth,Deesa(Deesa Veg Yard),Pineapple,Other,Medium,2009-09-08 00:00:00,2167.0,2500.0,2324.0,21
Gujarat,Banaskanth,Deesa(Deesa Veg Yard),Pineapple,Other,Medium,2009-09-14 00:00:00,2000.0,2333.0,2167.0,21
Gujarat,Banaskanth,Deesa(Deesa Veg Yard),Pineapple,Other,Medium,2009-09-16 00:00:00,2000.0,2333.0,2167.0,21
Gujarat,Banaskanth,Deesa(Deesa Veg Yard),Pineapple,Other,Medium,2009-10-01 00:00:00,2300.0,2600.0,2450.0,21
Gujarat,Banaskanth,Deesa(Deesa Veg Yard),Pineapple,Other,Medium,2009-10-20 00:00:00,2300.0,2600.0,2450.0,21
Gujarat,Banaskanth,Deesa(Deesa Veg Yard),Pineapple,Other,Medium,2009-10-27 00:00:00,2300.0,2600.0,2450.0,21
Gujarat,Banaskanth,Deesa(Deesa Veg Yard),Pineapple,Other,Medium,2009-11-26 00:00:00,2000.0,2300.0,2150.0,21
Gujarat,Rajkot,Gondal,Pineapple,Other,Medium,2009-08-27 00:00:00,2000.0,2000.0,2000.0,21
Gujarat,Rajkot,Gondal,Pineapple,Pine Apple,Medium,2009-03-19 00:00:00,1000.0,1250.0,1100.0,21
Gujarat,Ahmedabad,"Ahmedabad(Fruit Market, Naroda)",Pineapple,Other,Small,2009-01-06 00:00:00,180.0,220.0,210.0,21
Gujarat,Ahmedabad,"Ahmedabad(Fruit Market, Naroda)",Pineapple,Other,Small,2009-01-09 00:00:00,180.0,220.0,210.0,21
Gujarat,Ahmedabad,"Ahmedabad(Fruit Market, Naroda)",Pineapple,Other,Small,2009-01-20 00:00:00,120.0,160.0,150.0,21
Gujarat,Ahmedabad,"Ahmedabad(Fruit Market, Naroda)",Pineapple,Other,Small,2009-01-23 00:00:00,130.0,150.0,145.0,21
Gujarat,Ahmedabad,"Ahmedabad(Fruit Market, Naroda)",Pineapple,Other,Small,2009-02-02 00:00:00,155.0,170.0,165.0,21
Gujarat,Ahmedabad,"Ahmedabad(Fruit Market, Naroda)",Pineapple,Other,Small,2009-02-10 00:00:00,160.0,200.0,190.0,21
Gujarat,Ahmedabad,"Ahmedabad(Fruit Market, Naroda)",Pineapple,Other,Small,2009-02-12 00:00:00,150.0,210.0,190.0,21
Gujarat,Ahmedabad,"Ahmedabad(Fruit Market, Naroda)",Pineapple,Other,Small,2009-03-05 00:00:00,180.0,220.0,210.0,21
Gujarat,Ahmedabad,Ahmedabad(Manekchowk),Pineapple,Other,Small,2009-01-07 00:00:00,200.0,220.0,210.0,21
Gujarat,Ahmedabad,Ahmedabad(Manekchowk),Pineapple,Other,Small,2009-01-10 00:00:00,180.0,220.0,210.0,21
Gujarat,Ahmedabad,Ahmedabad(Manekchowk),Pineapple,Other,Small,2009-01-29 00:00:00,120.0,160.0,150.0,21
Gujarat,Ahmedabad,Ahmedabad(Manekchowk),Pineapple,Other,Small,2009-02-02 00:00:00,155.0,170.0,165.0,21
Gujarat,Ahmedabad,Ahmedabad(Manekchowk),Pineapple,Other,Small,2009-02-04 00:00:00,120.0,150.0,140.0,21
Gujarat,Banaskanth,Deesa(Deesa Veg Yard),Pineapple,Other,Medium,2009-02-26 00:00:00,500.0,550.0,525.0,21
Gujarat,Banaskanth,Deesa(Deesa Veg Yard),Pineapple,Other,Medium,2009-05-16 00:00:00,700.0,750.0,725.0,21
Gujarat,Banaskanth,Deesa(Deesa Veg Yard),Pineapple,Other,Medium,2009-09-25 00:00:00,2333.0,2667.0,2500.0,21
Gujarat,Banaskanth,Deesa(Deesa Veg Yard),Pineapple,Other,Medium,2009-10-16 00:00:00,2300.0,2600.0,2450.0,21
Gujarat,Banaskanth,Deesa(Deesa Veg Yard),Pineapple,Other,Medium,2009-11-11 00:00:00,2300.0,2600.0,2450.0,21
Gujarat,Bharuch,Bharuch,Pineapple,Other,Medium,2009-08-28 00:00:00,2000.0,3000.0,2500.0,21
Gujarat,Bharuch,Bharuch,Pineapple,Other,Medium,2009-08-29 00:00:00,1500.0,2000.0,1750.0,21
Gujarat,Bharuch,Bharuch,Pineapple,Other,Medium,2009-09-01 00:00:00,2000.0,3000.0,2500.0,21
Gujarat,Bharuch,Bharuch,Pineapple,Other,Medium,2009-09-11 00:00:00,2000.0,2500.0,2250.0,21
Gujarat,Bharuch,Bharuch,Pineapple,Other,Medium,2009-09-17 00:00:00,2000.0,2500.0,2250.0,21
Gujarat,Rajkot,Gondal,Pineapple,Other,Medium,2009-08-21 00:00:00,1500.0,1500.0,1500.0,21
Gujarat,Rajkot,Gondal,Pineapple,Other,Medium,2009-08-26 00:00:00,2000.0,2000.0,2000.0,21
Gujarat,Rajkot,Gondal,Pineapple,Pine Apple,Medium,2009-01-10 00:00:00,2000.0,2500.0,2250.0,21
Gujarat,Rajkot,Gondal,Pineapple,Pine Apple,Small,2009-02-25 00:00:00,1500.0,1500.0,1500.0,21
Gujarat,Rajkot,Gondal,Pineapple,Pine Apple,Medium,2009-04-08 00:00:00,2000.0,2000.0,2000.0,21
Gujarat,Ahmedabad,Ahmedabad,Pineapple,Other,Large,2002-04-12 00:00:00,180.0,220.0,210.0,21
Gujarat,Ahmedabad,Ahmedabad,Pineapple,Other,Large,2002-07-22 00:00:00,180.0,225.0,210.0,21
Gujarat,Bharuch,Bharuch,Pineapple,Other,Medium,2005-01-20 00:00:00,800.0,900.0,850.0,21
Gujarat,Bharuch,Bharuch,Pineapple,Other,Medium,2005-01-25 00:00:00,700.0,800.0,750.0,21
Gujarat,Bharuch,Bharuch,Pineapple,Other,Medium,2005-02-23 00:00:00,700.0,800.0,750.0,21
Gujarat,Bharuch,Bharuch,Pineapple,Other,Medium,2005-02-25 00:00:00,700.0,800.0,750.0,21
Gujarat,Bharuch,Bharuch,Pineapple,Other,Medium,2005-08-17 00:00:00,800.0,1200.0,1000.0,21
Gujarat,Bharuch,Bharuch,Pineapple,Other,Large,2005-09-27 00:00:00,1000.0,1100.0,1050.0,21
Gujarat,Bharuch,Bharuch,Pineapple,Other,Large,2005-10-21 00:00:00,1500.0,1700.0,1600.0,21
Gujarat,Bharuch,Bharuch,Pineapple,Other,Large,2005-10-23 00:00:00,1500.0,1700.0,1600.0,21
Gujarat,Bharuch,Bharuch,Pineapple,Other,Large,2005-10-24 00:00:00,1500.0,1700.0,1600.0,21
Gujarat,Bharuch,Bharuch,Pineapple,Other,Large,2005-10-25 00:00:00,1200.0,1400.0,1300.0,21
Gujarat,Bharuch,Bharuch,Pineapple,Other,Large,2005-12-14 00:00:00,800.0,1000.0,900.0,21
Gujarat,Banaskanth,Deesa(Deesa Veg Yard),Pineapple,Other,Medium,2024-11-21 00:00:00,6000.0,8100.0,7050.0,21
Gujarat,Ahmedabad,Ahmedabad,Pineapple,Other,Large,2002-04-15 00:00:00,180.0,220.0,210.0,21
Gujarat,Bharuch,Bharuch,Pineapple,Other,Medium,2004-09-11 00:00:00,800.0,1000.0,900.0,21
Gujarat,Bharuch,Bharuch,Pineapple,Other,Medium,2004-10-26 00:00:00,1000.0,1200.0,1100.0,21
Gujarat,Bharuch,Bharuch,Pineapple,Other,Medium,2004-11-29 00:00:00,800.0,1000.0,900.0,21
Gujarat,Bharuch,Bharuch,Pineapple,Other,Medium,2004-12-14 00:00:00,700.0,800.0,750.0,21
Gujarat,Ahmedabad,"Ahmedabad(Fruit Market, Naroda)",Pineapple,Other,Small,2014-10-25 00:00:00,3000.0,3500.0,3300.0,21
Gujarat,Ahmedabad,"Ahmedabad(Fruit Market, Naroda)",Pineapple,Other,Small,2014-11-17 00:00:00,3000.0,3500.0,3300.0,21
Gujarat,Ahmedabad,"Ahmedabad(Fruit Market, Naroda)",Pineapple,Other,Small,2014-12-20 00:00:00,2500.0,3000.0,2800.0,21
Gujarat,Ahmedabad,"Ahmedabad(Fruit Market, Naroda)",Pineapple,Other,Small,2014-12-25 00:00:00,3000.0,3200.0,3100.0,21
Gujarat,Ahmedabad,"Ahmedabad(Fruit Market, Naroda)",Pineapple,Other,Small,2014-12-27 00:00:00,2200.0,2800.0,2600.0,21
Gujarat,Ahmedabad,Ahmedabad(Manekchowk),Pineapple,Other,Small,2014-10-16 00:00:00,2800.0,3300.0,3100.0,21
Gujarat,Ahmedabad,Ahmedabad(Manekchowk),Pineapple,Other,Small,2014-10-25 00:00:00,3000.0,3500.0,3300.0,21
Gujarat,Ahmedabad,Ahmedabad(Manekchowk),Pineapple,Other,Small,2014-10-30 00:00:00,3000.0,3500.0,3300.0,21
Gujarat,Ahmedabad,Ahmedabad(Manekchowk),Pineapple,Other,Small,2014-11-21 00:00:00,2800.0,3200.0,3100.0,21
Gujarat,Ahmedabad,Ahmedabad(Manekchowk),Pineapple,Other,Small,2014-12-01 00:00:00,2800.0,3200.0,3100.0,21
Gujarat,Ahmedabad,Ahmedabad(Manekchowk),Pineapple,Other,Small,2014-12-05 00:00:00,3200.0,3600.0,3500.0,21
Gujarat,Ahmedabad,Ahmedabad(Manekchowk),Pineapple,Other,Small,2014-12-12 00:00:00,3000.0,3200.0,3200.0,21
Gujarat,Ahmedabad,Ahmedabad(Manekchowk),Pineapple,Other,Small,2014-12-18 00:00:00,2800.0,3200.0,3100.0,21
Gujarat,Ahmedabad,Ahmedabad(Manekchowk),Pineapple,Other,Small,2014-12-24 00:00:00,2800.0,3200.0,3100.0,21
Gujarat,Ahmedabad,Ahmedabad(Manekchowk),Pineapple,Other,Small,2014-12-26 00:00:00,2000.0,2500.0,2300.0,21
Gujarat,Ahmedabad,Ahmedabad(Manekchowk),Pineapple,Other,Small,2014-12-30 00:00:00,2000.0,2500.0,2300.0,21
Gujarat,Banaskanth,Deesa(Deesa Veg Yard),Pineapple,Other,Medium,2014-01-03 00:00:00,500.0,520.0,510.0,21
Gujarat,Banaskanth,Deesa(Deesa Veg Yard),Pineapple,Other,Medium,2014-01-04 00:00:00,420.0,500.0,460.0,21
Gujarat,Banaskanth,Deesa(Deesa Veg Yard),Pineapple,Other,Medium,2014-01-07 00:00:00,500.0,600.0,550.0,21
Gujarat,Banaskanth,Deesa(Deesa Veg Yard),Pineapple,Other,Medium,2014-02-03 00:00:00,3500.0,4000.0,3750.0,21
Gujarat,Banaskanth,Deesa(Deesa Veg Yard),Pineapple,Other,Medium,2014-02-04 00:00:00,4000.0,4300.0,4150.0,21
Gujarat,Banaskanth,Deesa(Deesa Veg Yard),Pineapple,Other,Medium,2014-02-14 00:00:00,4500.0,5000.0,4750.0,21
Gujarat,Banaskanth,Deesa(Deesa Veg Yard),Pineapple,Other,Medium,2014-02-15 00:00:00,4000.0,5000.0,4500.0,21
Gujarat,Banaskanth,Deesa(Deesa Veg Yard),Pineapple,Other,Medium,2014-02-24 00:00:00,4000.0,4500.0,4250.0,21
Gujarat,Banaskanth,Deesa(Deesa Veg Yard),Pineapple,Other,Medium,2014-06-16 00:00:00,5000.0,5500.0,5250.0,21
Gujarat,Banaskanth,Deesa(Deesa Veg Yard),Pineapple,Other,Medium,2014-06-17 00:00:00,5000.0,5500.0,5250.0,21
Gujarat,Banaskanth,Deesa(Deesa Veg Yard),Pineapple,Other,Medium,2014-06-20 00:00:00,4500.0,5500.0,5000.0,21
Gujarat,Banaskanth,Deesa(Deesa Veg Yard),Pineapple,Other,Medium,2014-06-24 00:00:00,4500.0,5500.0,5250.0,21
Gujarat,Banaskanth,Deesa(Deesa Veg Yard),Pineapple,Other,Medium,2014-06-26 00:00:00,5000.0,5500.0,5250.0,21
Gujarat,Banaskanth,Deesa(Deesa Veg Yard),Pineapple,Other,Medium,2014-06-27 00:00:00,5000.0,6000.0,5500.0,21
Gujarat,Banaskanth,Deesa(Deesa Veg Yard),Pineapple,Other,Medium,2014-07-05 00:00:00,5000.0,5500.0,5250.0,21
Gujarat,Banaskanth,Deesa(Deesa Veg Yard),Pineapple,Other,Medium,2014-07-19 00:00:00,4500.0,5000.0,4750.0,21
Gujarat,Banaskanth,Deesa(Deesa Veg Yard),Pineapple,Other,Medium,2014-07-25 00:00:00,3500.0,4000.0,3750.0,21
Gujarat,Banaskanth,Deesa(Deesa Veg Yard),Pineapple,Other,Medium,2014-07-30 00:00:00,3500.0,4000.0,3750.0,21
Gujarat,Banaskanth,Deesa(Deesa Veg Yard),Pineapple,Other,Medium,2014-08-05 00:00:00,3500.0,4500.0,4000.0,21
Gujarat,Banaskanth,Deesa(Deesa Veg Yard),Pineapple,Other,Medium,2014-08-12 00:00:00,3500.0,4500.0,4000.0,21
Gujarat,Banaskanth,Deesa(Deesa Veg Yard),Pineapple,Other,Medium,2014-08-13 00:00:00,3000.0,4000.0,3500.0,21
Gujarat,Banaskanth,Deesa(Deesa Veg Yard),Pineapple,Other,Medium,2014-08-19 00:00:00,3000.0,4000.0,3500.0,21
Gujarat,Banaskanth,Deesa(Deesa Veg Yard),Pineapple,Other,Medium,2014-08-22 00:00:00,3000.0,4000.0,3500.0,21
Gujarat,Banaskanth,Deesa(Deesa Veg Yard),Pineapple,Other,Medium,2014-09-04 00:00:00,3000.0,4000.0,3500.0,21
Gujarat,Banaskanth,Deesa(Deesa Veg Yard),Pineapple,Other,Medium,2014-09-12 00:00:00,3000.0,4000.0,3500.0,21
Gujarat,Banaskanth,Deesa(Deesa Veg Yard),Pineapple,Other,Medium,2014-09-18 00:00:00,3000.0,3500.0,3250.0,21
Gujarat,Banaskanth,Deesa(Deesa Veg Yard),Pineapple,Other,Medium,2014-09-20 00:00:00,3000.0,3500.0,3250.0,21
Gujarat,Banaskanth,Deesa(Deesa Veg Yard),Pineapple,Other,Medium,2014-09-25 00:00:00,3500.0,4000.0,3750.0,21
Gujarat,Banaskanth,Deesa(Deesa Veg Yard),Pineapple,Other,Medium,2014-12-31 00:00:00,2500.0,3500.0,3000.0,21
Gujarat,Bharuch,Bharuch,Pineapple,Other,Medium,2014-03-20 00:00:00,3000.0,4000.0,3500.0,21
Gujarat,Bharuch,Bharuch,Pineapple,Other,Medium,2014-07-14 00:00:00,4000.0,6000.0,5000.0,21
Gujarat,Bharuch,Bharuch,Pineapple,Other,Medium,2014-10-29 00:00:00,4000.0,6000.0,5000.0,21
Gujarat,Bharuch,Bharuch,Pineapple,Other,Medium,2014-11-06 00:00:00,6000.0,7000.0,6500.0,21
Gujarat,Bharuch,Bharuch,Pineapple,Other,Medium,2004-09-15 00:00:00,800.0,1000.0,900.0,21
Gujarat,Bharuch,Bharuch,Pineapple,Other,Medium,2004-10-15 00:00:00,800.0,1000.0,900.0,21
Gujarat,Bharuch,Bharuch,Pineapple,Other,Medium,2004-10-19 00:00:00,1000.0,1200.0,1100.0,21
Gujarat,Bharuch,Bharuch,Pineapple,Other,Medium,2004-11-06 00:00:00,800.0,1000.0,900.0,21
Gujarat,Bharuch,Bharuch,Pineapple,Other,Medium,2004-11-08 00:00:00,800.0,1000.0,900.0,21
Gujarat,Bharuch,Bharuch,Pineapple,Other,Medium,2004-11-23 00:00:00,800.0,1000.0,900.0,21
Gujarat,Bharuch,Bharuch,Pineapple,Other,Medium,2003-08-26 00:00:00,500.0,600.0,550.0,21
Gujarat,Bharuch,Bharuch,Pineapple,Other,Medium,2003-10-06 00:00:00,600.0,700.0,650.0,21
Gujarat,Bharuch,Bharuch,Pineapple,Other,Medium,2003-11-21 00:00:00,800.0,1000.0,900.0,21
Gujarat,Bharuch,Bharuch,Pineapple,Other,Medium,2003-11-27 00:00:00,800.0,1000.0,900.0,21
Gujarat,Bharuch,Bharuch,Pineapple,Other,Medium,2003-12-08 00:00:00,1000.0,1500.0,1250.0,21
Gujarat,Bharuch,Bharuch,Pineapple,Other,Medium,2003-12-12 00:00:00,1000.0,1800.0,1400.0,21
Gujarat,Gir Somnath,Una,Pineapple,Other,Medium,2006-10-18 00:00:00,1200.0,1200.0,1200.0,21
Gujarat,Gir Somnath,Una,Pineapple,Other,Medium,2006-10-19 00:00:00,1250.0,1250.0,1250.0,21
Gujarat,Gir Somnath,Una,Pineapple,Other,Medium,2006-10-27 00:00:00,1250.0,1250.0,1250.0,21
Gujarat,Gir Somnath,Una,Pineapple,Other,Medium,2006-11-09 00:00:00,1700.0,1700.0,1700.0,21
Gujarat,Gir Somnath,Una,Pineapple,Other,Medium,2006-11-13 00:00:00,1400.0,1400.0,1400.0,21
Gujarat,Gir Somnath,Una,Pineapple,Other,Medium,2006-11-15 00:00:00,1650.0,1650.0,1650.0,21
Gujarat,Gir Somnath,Una,Pineapple,Other,Medium,2006-11-18 00:00:00,1500.0,1500.0,1500.0,21
Gujarat,Banaskanth,Deesa(Deesa Veg Yard),Pineapple,Other,Medium,2024-12-12 00:00:00,4000.0,4900.0,4450.0,21
Gujarat,Banaskanth,Deesa(Deesa Veg Yard),Pineapple,Other,Medium,2024-12-17 00:00:00,4000.0,4250.0,4125.0,21
Gujarat,Banaskanth,Deesa(Deesa Veg Yard),Pineapple,Other,Medium,2024-12-19 00:00:00,4000.0,4350.0,4175.0,21
Gujarat,Banaskanth,Deesa(Deesa Veg Yard),Pineapple,Other,Medium,2024-12-20 00:00:00,4000.0,4400.0,4200.0,21
Gujarat,Banaskanth,Deesa(Deesa Veg Yard),Pineapple,Other,Medium,2010-02-20 00:00:00,1700.0,2100.0,1900.0,21
Gujarat,Banaskanth,Deesa(Deesa Veg Yard),Pineapple,Other,Medium,2010-03-04 00:00:00,1700.0,2000.0,1850.0,21
Gujarat,Banaskanth,Deesa(Deesa Veg Yard),Pineapple,Other,Medium,2010-04-14 00:00:00,2500.0,2800.0,2650.0,21
Gujarat,Banaskanth,Deesa(Deesa Veg Yard),Pineapple,Other,Medium,2010-06-04 00:00:00,2700.0,3000.0,2850.0,21
Gujarat,Banaskanth,Deesa(Deesa Veg Yard),Pineapple,Other,Medium,2010-06-10 00:00:00,2300.0,2600.0,2450.0,21
Gujarat,Banaskanth,Deesa(Deesa Veg Yard),Pineapple,Other,Medium,2010-06-17 00:00:00,2300.0,2600.0,2450.0,21
Gujarat,Banaskanth,Deesa(Deesa Veg Yard),Pineapple,Other,Medium,2010-07-08 00:00:00,2300.0,2500.0,2400.0,21
Gujarat,Banaskanth,Deesa(Deesa Veg Yard),Pineapple,Other,Medium,2010-07-09 00:00:00,2300.0,2500.0,2400.0,21
Gujarat,Banaskanth,Deesa(Deesa Veg Yard),Pineapple,Other,Medium,2010-07-15 00:00:00,2200.0,2500.0,2350.0,21
Gujarat,Banaskanth,Deesa(Deesa Veg Yard),Pineapple,Other,Medium,2010-08-20 00:00:00,2700.0,3000.0,2850.0,21
Gujarat,Banaskanth,Deesa(Deesa Veg Yard),Pineapple,Other,Medium,2010-09-07 00:00:00,2500.0,2800.0,2650.0,21
Gujarat,Banaskanth,Deesa(Deesa Veg Yard),Pineapple,Other,Medium,2010-10-08 00:00:00,2500.0,2700.0,2600.0,21
Gujarat,Banaskanth,Deesa(Deesa Veg Yard),Pineapple,Other,Medium,2010-10-09 00:00:00,2300.0,2500.0,2400.0,21
Gujarat,Bharuch,Bharuch,Pineapple,Other,Medium,2010-01-06 00:00:00,2000.0,2500.0,2250.0,21
Gujarat,Bharuch,Bharuch,Pineapple,Other,Medium,2010-01-17 00:00:00,2000.0,3000.0,2500.0,21
Gujarat,Bharuch,Bharuch,Pineapple,Other,Medium,2010-01-20 00:00:00,1500.0,2000.0,1750.0,21
Gujarat,Bharuch,Bharuch,Pineapple,Other,Medium,2010-01-27 00:00:00,1200.0,1500.0,1350.0,21
Gujarat,Bharuch,Bharuch,Pineapple,Other,Medium,2010-07-22 00:00:00,1500.0,2000.0,1750.0,21
Gujarat,Bharuch,Bharuch,Pineapple,Other,Medium,2010-08-30 00:00:00,2000.0,3000.0,2500.0,21
Gujarat,Bharuch,Bharuch,Pineapple,Other,Medium,2010-09-20 00:00:00,2000.0,3000.0,2500.0,21
Gujarat,Bharuch,Bharuch,Pineapple,Other,Medium,2010-11-19 00:00:00,2000.0,3000.0,2500.0,21
Gujarat,Junagarh,Junagadh,Pineapple,Other,Medium,2010-05-29 00:00:00,350.0,525.0,425.0,21
Gujarat,Junagarh,Junagadh,Pineapple,Other,Medium,2010-06-08 00:00:00,2400.0,2750.0,2575.0,21
Gujarat,Junagarh,Junagadh,Pineapple,Pine Apple,Medium,2010-05-08 00:00:00,380.0,510.0,445.0,21
Gujarat,Banaskanth,Deesa(Deesa Veg Yard),Pineapple,Other,Medium,2022-01-17 00:00:00,4000.0,5600.0,4800.0,21
Gujarat,Banaskanth,Deesa(Deesa Veg Yard),Pineapple,Other,Medium,2022-02-04 00:00:00,3500.0,4500.0,4000.0,21
Gujarat,Banaskanth,Deesa(Deesa Veg Yard),Pineapple,Other,Medium,2022-02-15 00:00:00,4500.0,5000.0,4750.0,21
Gujarat,Banaskanth,Deesa(Deesa Veg Yard),Pineapple,Other,Medium,2022-03-19 00:00:00,5500.0,6300.0,5900.0,21
Gujarat,Banaskanth,Deesa(Deesa Veg Yard),Pineapple,Other,Medium,2022-04-07 00:00:00,4000.0,5200.0,4600.0,21
Gujarat,Banaskanth,Deesa(Deesa Veg Yard),Pineapple,Other,Medium,2022-04-11 00:00:00,4000.0,5000.0,4500.0,21
Gujarat,Banaskanth,Deesa(Deesa Veg Yard),Pineapple,Other,Medium,2022-06-14 00:00:00,4500.0,6100.0,5300.0,21
Gujarat,Banaskanth,Deesa(Deesa Veg Yard),Pineapple,Other,Medium,2022-06-24 00:00:00,4500.0,6250.0,5375.0,21
Gujarat,Banaskanth,Deesa(Deesa Veg Yard),Pineapple,Other,Medium,2022-06-25 00:00:00,4500.0,6200.0,5350.0,21
Gujarat,Banaskanth,Deesa(Deesa Veg Yard),Pineapple,Other,Medium,2022-06-27 00:00:00,4500.0,6250.0,5375.0,21
Gujarat,Banaskanth,Deesa(Deesa Veg Yard),Pineapple,Other,Medium,2022-06-28 00:00:00,4500.0,6200.0,5350.0,21
Gujarat,Banaskanth,Deesa(Deesa Veg Yard),Pineapple,Other,Medium,2022-08-04 00:00:00,4000.0,5000.0,4500.0,21
Gujarat,Banaskanth,Deesa(Deesa Veg Yard),Pineapple,Other,Medium,2022-09-03 00:00:00,5000.0,6100.0,5550.0,21
Gujarat,Banaskanth,Deesa(Deesa Veg Yard),Pineapple,Other,Medium,2022-09-14 00:00:00,5000.0,6200.0,5600.0,21
Gujarat,Banaskanth,Deesa(Deesa Veg Yard),Pineapple,Other,Medium,2022-09-16 00:00:00,5000.0,6250.0,5625.0,21
Gujarat,Banaskanth,Deesa(Deesa Veg Yard),Pineapple,Other,Medium,2022-09-20 00:00:00,5000.0,6350.0,5675.0,21
Gujarat,Banaskanth,Deesa(Deesa Veg Yard),Pineapple,Other,Medium,2022-09-21 00:00:00,5000.0,6200.0,5600.0,21
Gujarat,Banaskanth,Deesa(Deesa Veg Yard),Pineapple,Other,Medium,2022-10-08 00:00:00,5000.0,6200.0,5600.0,21
Gujarat,Banaskanth,Deesa(Deesa Veg Yard),Pineapple,Other,Medium,2022-10-11 00:00:00,5000.0,6200.0,5600.0,21
Gujarat,Banaskanth,Deesa(Deesa Veg Yard),Pineapple,Other,Medium,2022-11-01 00:00:00,4000.0,5200.0,4600.0,21
Gujarat,Banaskanth,Deesa(Deesa Veg Yard),Pineapple,Other,Medium,2022-11-04 00:00:00,4000.0,5000.0,4500.0,21
Gujarat,Banaskanth,Deesa(Deesa Veg Yard),Pineapple,Other,Medium,2022-11-05 00:00:00,4000.0,5200.0,4600.0,21
Gujarat,Banaskanth,Deesa(Deesa Veg Yard),Pineapple,Other,Medium,2022-11-14 00:00:00,4000.0,5000.0,4500.0,21
Gujarat,Banaskanth,Deesa(Deesa Veg Yard),Pineapple,Other,Medium,2022-11-22 00:00:00,4000.0,5500.0,4750.0,21
Gujarat,Banaskanth,Deesa(Deesa Veg Yard),Pineapple,Other,Medium,2022-11-28 00:00:00,4000.0,5600.0,4800.0,21
Gujarat,Banaskanth,Deesa(Deesa Veg Yard),Pineapple,Other,Medium,2022-11-30 00:00:00,4000.0,5650.0,4825.0,21
Gujarat,Banaskanth,Deesa(Deesa Veg Yard),Pineapple,Other,Medium,2022-12-08 00:00:00,4000.0,5100.0,4550.0,21
Gujarat,Banaskanth,Deesa(Deesa Veg Yard),Pineapple,Other,Medium,2025-03-04 00:00:00,6000.0,6800.0,6400.0,21
Gujarat,Banaskanth,Deesa(Deesa Veg Yard),Pineapple,Other,Medium,2025-03-11 00:00:00,4500.0,5750.0,5125.0,21
Gujarat,Bharuch,Bharuch,Pineapple,Other,Medium,2025-03-24 00:00:00,3000.0,4000.0,3500.0,21
Gujarat,Banaskanth,Deesa(Deesa Veg Yard),Pineapple,Other,Medium,2025-03-05 00:00:00,6000.0,6750.0,6375.0,21
Gujarat,Banaskanth,Deesa(Deesa Veg Yard),Pineapple,Other,Medium,2025-03-24 00:00:00,6000.0,6750.0,6375.0,21
Gujarat,Bharuch,Bharuch,Pineapple,Other,Medium,2024-11-20 00:00:00,5000.0,6500.0,6000.0,21
Gujarat,Ahmedabad,"Ahmedabad(Fruit Market, Naroda)",Pineapple,Other,Medium,2019-01-08 00:00:00,2800.0,3200.0,3000.0,21
Gujarat,Ahmedabad,"Ahmedabad(Fruit Market, Naroda)",Pineapple,Other,Medium,2019-01-12 00:00:00,2500.0,3300.0,2900.0,21
Gujarat,Ahmedabad,"Ahmedabad(Fruit Market, Naroda)",Pineapple,Other,Medium,2019-01-19 00:00:00,2800.0,3200.0,3000.0,21
Gujarat,Ahmedabad,"Ahmedabad(Fruit Market, Naroda)",Pineapple,Other,Medium,2019-02-07 00:00:00,2500.0,3000.0,2800.0,21
Gujarat,Ahmedabad,"Ahmedabad(Fruit Market, Naroda)",Pineapple,Other,Medium,2019-02-08 00:00:00,2000.0,3000.0,2500.0,21
Gujarat,Ahmedabad,"Ahmedabad(Fruit Market, Naroda)",Pineapple,Other,Medium,2019-02-13 00:00:00,2500.0,3000.0,2800.0,21
Gujarat,Ahmedabad,"Ahmedabad(Fruit Market, Naroda)",Pineapple,Other,Medium,2019-02-19 00:00:00,2500.0,3500.0,3000.0,21
Gujarat,Ahmedabad,"Ahmedabad(Fruit Market, Naroda)",Pineapple,Other,Medium,2019-02-21 00:00:00,2500.0,3600.0,3100.0,21
Gujarat,Ahmedabad,"Ahmedabad(Fruit Market, Naroda)",Pineapple,Other,Medium,2019-02-25 00:00:00,3000.0,3500.0,3300.0,21
Gujarat,Ahmedabad,"Ahmedabad(Fruit Market, Naroda)",Pineapple,Other,Medium,2019-03-01 00:00:00,2500.0,4000.0,3300.0,21
Gujarat,Ahmedabad,"Ahmedabad(Fruit Market, Naroda)",Pineapple,Other,Medium,2019-03-16 00:00:00,3100.0,3700.0,3400.0,21
Gujarat,Ahmedabad,"Ahmedabad(Fruit Market, Naroda)",Pineapple,Other,Medium,2019-04-01 00:00:00,3500.0,4000.0,3800.0,21
Gujarat,Ahmedabad,"Ahmedabad(Fruit Market, Naroda)",Pineapple,Other,Medium,2019-04-08 00:00:00,3500.0,4000.0,3800.0,21
Gujarat,Ahmedabad,"Ahmedabad(Fruit Market, Naroda)",Pineapple,Other,Medium,2019-04-26 00:00:00,3800.0,4100.0,4000.0,21
Gujarat,Ahmedabad,"Ahmedabad(Fruit Market, Naroda)",Pineapple,Other,Medium,2019-04-27 00:00:00,4000.0,4200.0,4100.0,21
Gujarat,Ahmedabad,"Ahmedabad(Fruit Market, Naroda)",Pineapple,Other,Medium,2019-05-01 00:00:00,3800.0,4100.0,4000.0,21
Gujarat,Ahmedabad,"Ahmedabad(Fruit Market, Naroda)",Pineapple,Other,Medium,2019-05-04 00:00:00,3800.0,4100.0,4000.0,21
Gujarat,Ahmedabad,"Ahmedabad(Fruit Market, Naroda)",Pineapple,Other,Medium,2019-05-06 00:00:00,3800.0,4100.0,4000.0,21
Gujarat,Ahmedabad,"Ahmedabad(Fruit Market, Naroda)",Pineapple,Other,Medium,2019-05-16 00:00:00,4000.0,4200.0,4100.0,21
Gujarat,Ahmedabad,"Ahmedabad(Fruit Market, Naroda)",Pineapple,Other,Medium,2019-05-29 00:00:00,4000.0,4200.0,4100.0,21
Gujarat,Ahmedabad,"Ahmedabad(Fruit Market, Naroda)",Pineapple,Other,Medium,2019-06-01 00:00:00,3800.0,4100.0,4000.0,21
Gujarat,Ahmedabad,"Ahmedabad(Fruit Market, Naroda)",Pineapple,Other,Medium,2019-06-07 00:00:00,4000.0,4400.0,4200.0,21
Gujarat,Ahmedabad,"Ahmedabad(Fruit Market, Naroda)",Pineapple,Other,Medium,2019-06-08 00:00:00,4000.0,4200.0,4100.0,21
Gujarat,Ahmedabad,"Ahmedabad(Fruit Market, Naroda)",Pineapple,Other,Medium,2019-06-10 00:00:00,4000.0,4200.0,4100.0,21
Gujarat,Ahmedabad,"Ahmedabad(Fruit Market, Naroda)",Pineapple,Other,Medium,2019-06-12 00:00:00,4000.0,4200.0,4100.0,21
Gujarat,Ahmedabad,"Ahmedabad(Fruit Market, Naroda)",Pineapple,Other,Medium,2019-06-22 00:00:00,4000.0,4200.0,4100.0,21
Gujarat,Ahmedabad,"Ahmedabad(Fruit Market, Naroda)",Pineapple,Other,Medium,2019-06-27 00:00:00,4000.0,4200.0,4100.0,21
Gujarat,Ahmedabad,"Ahmedabad(Fruit Market, Naroda)",Pineapple,Other,Medium,2019-07-03 00:00:00,4000.0,4200.0,4100.0,21
Gujarat,Ahmedabad,"Ahmedabad(Fruit Market, Naroda)",Pineapple,Other,Medium,2019-07-22 00:00:00,3800.0,4200.0,4000.0,21
Gujarat,Ahmedabad,"Ahmedabad(Fruit Market, Naroda)",Pineapple,Other,Medium,2019-07-29 00:00:00,4000.0,4200.0,4100.0,21
Gujarat,Ahmedabad,"Ahmedabad(Fruit Market, Naroda)",Pineapple,Other,Medium,2019-07-31 00:00:00,4000.0,4500.0,4300.0,21
Gujarat,Ahmedabad,"Ahmedabad(Fruit Market, Naroda)",Pineapple,Other,Medium,2019-08-02 00:00:00,3800.0,4500.0,4200.0,21
Gujarat,Ahmedabad,"Ahmedabad(Fruit Market, Naroda)",Pineapple,Other,Medium,2019-08-21 00:00:00,3500.0,4000.0,3800.0,21
Gujarat,Ahmedabad,"Ahmedabad(Fruit Market, Naroda)",Pineapple,Other,Medium,2019-08-31 00:00:00,3500.0,4100.0,3800.0,21
Gujarat,Ahmedabad,"Ahmedabad(Fruit Market, Naroda)",Pineapple,Other,Medium,2019-09-07 00:00:00,3500.0,4200.0,4000.0,21
Gujarat,Ahmedabad,"Ahmedabad(Fruit Market, Naroda)",Pineapple,Other,Medium,2019-09-16 00:00:00,3000.0,4000.0,3500.0,21
Gujarat,Ahmedabad,"Ahmedabad(Fruit Market, Naroda)",Pineapple,Other,Medium,2019-09-17 00:00:00,3500.0,4100.0,3800.0,21
Gujarat,Ahmedabad,"Ahmedabad(Fruit Market, Naroda)",Pineapple,Other,Medium,2019-10-25 00:00:00,4100.0,4500.0,4300.0,21
Gujarat,Ahmedabad,"Ahmedabad(Fruit Market, Naroda)",Pineapple,Other,Medium,2019-11-14 00:00:00,4000.0,4500.0,4300.0,21
Gujarat,Ahmedabad,"Ahmedabad(Fruit Market, Naroda)",Pineapple,Other,Medium,2019-11-16 00:00:00,3500.0,4200.0,3900.0,21
Gujarat,Ahmedabad,"Ahmedabad(Fruit Market, Naroda)",Pineapple,Other,Medium,2019-12-03 00:00:00,3500.0,4500.0,4000.0,21
Gujarat,Ahmedabad,"Ahmedabad(Fruit Market, Naroda)",Pineapple,Other,Medium,2019-12-04 00:00:00,3500.0,4000.0,3900.0,21
Gujarat,Ahmedabad,"Ahmedabad(Fruit Market, Naroda)",Pineapple,Other,Medium,2019-12-10 00:00:00,3500.0,4500.0,4100.0,21
Gujarat,Ahmedabad,"Ahmedabad(Fruit Market, Naroda)",Pineapple,Other,Medium,2019-12-13 00:00:00,4000.0,4500.0,4300.0,21
Gujarat,Ahmedabad,"Ahmedabad(Fruit Market, Naroda)",Pineapple,Other,Medium,2019-12-23 00:00:00,4000.0,4500.0,4300.0,21
Gujarat,Ahmedabad,"Ahmedabad(Fruit Market, Naroda)",Pineapple,Other,Medium,2019-12-27 00:00:00,3800.0,4500.0,4200.0,21
Gujarat,Ahmedabad,Ahmedabad(Manekchowk),Pineapple,Other,Medium,2019-01-03 00:00:00,2500.0,3400.0,3000.0,21
Gujarat,Ahmedabad,Ahmedabad(Manekchowk),Pineapple,Other,Medium,2019-01-12 00:00:00,2500.0,3300.0,2900.0,21
Gujarat,Ahmedabad,Ahmedabad(Manekchowk),Pineapple,Other,Medium,2019-01-16 00:00:00,2700.0,3300.0,3100.0,21
Gujarat,Ahmedabad,Ahmedabad(Manekchowk),Pineapple,Other,Medium,2019-02-09 00:00:00,2800.0,3200.0,3000.0,21
Gujarat,Ahmedabad,Ahmedabad(Manekchowk),Pineapple,Other,Medium,2019-02-11 00:00:00,2800.0,3000.0,2900.0,21
Gujarat,Ahmedabad,Ahmedabad(Manekchowk),Pineapple,Other,Medium,2019-02-19 00:00:00,2500.0,3500.0,3000.0,21
Gujarat,Ahmedabad,Ahmedabad(Manekchowk),Pineapple,Other,Medium,2019-02-22 00:00:00,2500.0,3200.0,2900.0,21
Gujarat,Ahmedabad,Ahmedabad(Manekchowk),Pineapple,Other,Medium,2019-02-25 00:00:00,3000.0,3500.0,3300.0,21
Gujarat,Ahmedabad,Ahmedabad(Manekchowk),Pineapple,Other,Medium,2019-02-26 00:00:00,2500.0,3500.0,3000.0,21
Gujarat,Ahmedabad,Ahmedabad(Manekchowk),Pineapple,Other,Medium,2019-03-06 00:00:00,3000.0,4000.0,3500.0,21
Gujarat,Ahmedabad,Ahmedabad(Manekchowk),Pineapple,Other,Medium,2019-04-16 00:00:00,4000.0,4200.0,4100.0,21
Gujarat,Ahmedabad,Ahmedabad(Manekchowk),Pineapple,Other,Medium,2019-04-20 00:00:00,3900.0,4100.0,4000.0,21
Gujarat,Ahmedabad,Ahmedabad(Manekchowk),Pineapple,Other,Medium,2019-04-30 00:00:00,4000.0,4200.0,4100.0,21
Gujarat,Ahmedabad,Ahmedabad(Manekchowk),Pineapple,Other,Medium,2019-05-09 00:00:00,4000.0,4200.0,4100.0,21
Gujarat,Ahmedabad,Ahmedabad(Manekchowk),Pineapple,Other,Medium,2019-05-10 00:00:00,4000.0,4200.0,4100.0,21
Gujarat,Ahmedabad,Ahmedabad(Manekchowk),Pineapple,Other,Medium,2019-05-13 00:00:00,3500.0,4200.0,4000.0,21
Gujarat,Ahmedabad,Ahmedabad(Manekchowk),Pineapple,Other,Medium,2019-05-17 00:00:00,3800.0,4200.0,4000.0,21
Gujarat,Ahmedabad,Ahmedabad(Manekchowk),Pineapple,Other,Medium,2019-05-23 00:00:00,4000.0,4200.0,4100.0,21
Gujarat,Ahmedabad,Ahmedabad(Manekchowk),Pineapple,Other,Medium,2019-06-13 00:00:00,4000.0,4200.0,4100.0,21
Gujarat,Ahmedabad,Ahmedabad(Manekchowk),Pineapple,Other,Medium,2019-06-25 00:00:00,3900.0,4100.0,4000.0,21
Gujarat,Ahmedabad,Ahmedabad(Manekchowk),Pineapple,Other,Medium,2019-06-28 00:00:00,4000.0,4200.0,4100.0,21
Gujarat,Ahmedabad,Ahmedabad(Manekchowk),Pineapple,Other,Medium,2019-07-03 00:00:00,4000.0,4200.0,4100.0,21
Gujarat,Ahmedabad,Ahmedabad(Manekchowk),Pineapple,Other,Medium,2019-07-05 00:00:00,3900.0,4100.0,4000.0,21
Gujarat,Ahmedabad,Ahmedabad(Manekchowk),Pineapple,Other,Medium,2019-07-31 00:00:00,4000.0,4500.0,4300.0,21
Gujarat,Ahmedabad,Ahmedabad(Manekchowk),Pineapple,Other,Medium,2019-08-20 00:00:00,3500.0,4000.0,3800.0,21
Gujarat,Ahmedabad,Ahmedabad(Manekchowk),Pineapple,Other,Medium,2019-09-14 00:00:00,2500.0,4000.0,3300.0,21
Gujarat,Ahmedabad,Ahmedabad(Manekchowk),Pineapple,Other,Medium,2019-09-16 00:00:00,3000.0,4000.0,3500.0,21
Gujarat,Ahmedabad,Ahmedabad(Manekchowk),Pineapple,Other,Medium,2019-10-24 00:00:00,4000.0,4500.0,4200.0,21
Gujarat,Ahmedabad,Ahmedabad(Manekchowk),Pineapple,Other,Medium,2019-11-02 00:00:00,4000.0,4500.0,4300.0,21
Gujarat,Ahmedabad,Ahmedabad(Manekchowk),Pineapple,Other,Medium,2019-11-16 00:00:00,3500.0,4200.0,3900.0,21
Gujarat,Ahmedabad,Ahmedabad(Manekchowk),Pineapple,Other,Medium,2019-11-20 00:00:00,3500.0,4100.0,3800.0,21
Gujarat,Ahmedabad,Ahmedabad(Manekchowk),Pineapple,Other,Medium,2019-11-22 00:00:00,3500.0,4200.0,3900.0,21
Gujarat,Ahmedabad,Ahmedabad(Manekchowk),Pineapple,Other,Medium,2019-11-25 00:00:00,3500.0,4100.0,3800.0,21
Gujarat,Ahmedabad,Ahmedabad(Manekchowk),Pineapple,Other,Medium,2019-12-05 00:00:00,3500.0,4000.0,3900.0,21
Gujarat,Ahmedabad,Ahmedabad(Manekchowk),Pineapple,Other,Medium,2019-12-17 00:00:00,3500.0,4000.0,3900.0,21
Gujarat,Ahmedabad,Ahmedabad(Manekchowk),Pineapple,Other,Medium,2019-12-26 00:00:00,3800.0,4500.0,4200.0,21
Gujarat,Bharuch,Bharuch,Pineapple,Other,Medium,2019-02-16 00:00:00,3500.0,5000.0,4000.0,21
Gujarat,Bharuch,Bharuch,Pineapple,Other,Medium,2019-05-15 00:00:00,5000.0,6500.0,6000.0,21
Gujarat,Bharuch,Bharuch,Pineapple,Other,Medium,2019-12-08 00:00:00,4000.0,6500.0,5000.0,21
Gujarat,Bharuch,Bharuch,Pineapple,Other,Medium,2019-12-09 00:00:00,3500.0,6000.0,5000.0,21
Gujarat,Bharuch,Bharuch,Pineapple,Other,Medium,2019-12-28 00:00:00,4000.0,5000.0,4500.0,21
Gujarat,Bharuch,Bharuch,Pineapple,Other,Medium,2019-12-30 00:00:00,3500.0,5000.0,4000.0,21
Gujarat,Banaskanth,Deesa(Deesa Veg Yard),Pineapple,Other,Medium,2022-01-19 00:00:00,4000.0,5600.0,4800.0,21
Gujarat,Banaskanth,Deesa(Deesa Veg Yard),Pineapple,Other,Medium,2022-01-28 00:00:00,4000.0,5600.0,4800.0,21
Gujarat,Banaskanth,Deesa(Deesa Veg Yard),Pineapple,Other,Medium,2022-02-09 00:00:00,3500.0,4550.0,4025.0,21
Gujarat,Banaskanth,Deesa(Deesa Veg Yard),Pineapple,Other,Medium,2022-02-12 00:00:00,3500.0,4750.0,4125.0,21
Gujarat,Banaskanth,Deesa(Deesa Veg Yard),Pineapple,Other,Medium,2022-02-14 00:00:00,3500.0,4800.0,4150.0,21
Gujarat,Banaskanth,Deesa(Deesa Veg Yard),Pineapple,Other,Medium,2022-03-30 00:00:00,4000.0,6000.0,5000.0,21
Gujarat,Banaskanth,Deesa(Deesa Veg Yard),Pineapple,Other,Medium,2022-04-09 00:00:00,4000.0,5300.0,4650.0,21
Gujarat,Banaskanth,Deesa(Deesa Veg Yard),Pineapple,Other,Medium,2022-04-18 00:00:00,4000.0,5300.0,4650.0,21
Gujarat,Banaskanth,Deesa(Deesa Veg Yard),Pineapple,Other,Medium,2022-06-01 00:00:00,4500.0,5800.0,5150.0,21
Gujarat,Banaskanth,Deesa(Deesa Veg Yard),Pineapple,Other,Medium,2022-06-15 00:00:00,4500.0,6200.0,5350.0,21
Gujarat,Banaskanth,Deesa(Deesa Veg Yard),Pineapple,Other,Medium,2022-06-21 00:00:00,4500.0,6100.0,5300.0,21
Gujarat,Banaskanth,Deesa(Deesa Veg Yard),Pineapple,Other,Medium,2022-07-11 00:00:00,4500.0,6250.0,5375.0,21
Gujarat,Banaskanth,Deesa(Deesa Veg Yard),Pineapple,Other,Medium,2022-08-03 00:00:00,4500.0,6000.0,5250.0,21
Gujarat,Banaskanth,Deesa(Deesa Veg Yard),Pineapple,Other,Medium,2022-08-06 00:00:00,4000.0,5200.0,4600.0,21
Gujarat,Banaskanth,Deesa(Deesa Veg Yard),Pineapple,Other,Medium,2022-08-26 00:00:00,3500.0,4750.0,4125.0,21
Gujarat,Banaskanth,Deesa(Deesa Veg Yard),Pineapple,Other,Medium,2022-08-30 00:00:00,3500.0,4700.0,4100.0,21
Gujarat,Banaskanth,Deesa(Deesa Veg Yard),Pineapple,Other,Medium,2022-09-08 00:00:00,5500.0,5600.0,5550.0,21
Gujarat,Banaskanth,Deesa(Deesa Veg Yard),Pineapple,Other,Medium,2022-09-12 00:00:00,5000.0,6000.0,5500.0,21
Gujarat,Banaskanth,Deesa(Deesa Veg Yard),Pineapple,Other,Medium,2022-09-23 00:00:00,5000.0,6200.0,5600.0,21
Gujarat,Banaskanth,Deesa(Deesa Veg Yard),Pineapple,Other,Medium,2022-10-06 00:00:00,5000.0,6200.0,5600.0,21
Gujarat,Banaskanth,Deesa(Deesa Veg Yard),Pineapple,Other,Medium,2022-10-07 00:00:00,5000.0,6250.0,5625.0,21
Gujarat,Banaskanth,Deesa(Deesa Veg Yard),Pineapple,Other,Medium,2022-10-10 00:00:00,5000.0,6250.0,5625.0,21
Gujarat,Banaskanth,Deesa(Deesa Veg Yard),Pineapple,Other,Medium,2022-10-17 00:00:00,6000.0,6200.0,6100.0,21
Gujarat,Banaskanth,Deesa(Deesa Veg Yard),Pineapple,Other,Medium,2022-11-09 00:00:00,4000.0,5000.0,4500.0,21
Gujarat,Banaskanth,Deesa(Deesa Veg Yard),Pineapple,Other,Medium,2022-11-10 00:00:00,4000.0,5100.0,4550.0,21
Gujarat,Banaskanth,Deesa(Deesa Veg Yard),Pineapple,Other,Medium,2022-11-12 00:00:00,4000.0,5100.0,4550.0,21
Gujarat,Banaskanth,Deesa(Deesa Veg Yard),Pineapple,Other,Medium,2022-12-01 00:00:00,4000.0,5000.0,4500.0,21
Gujarat,Banaskanth,Deesa(Deesa Veg Yard),Pineapple,Other,Medium,2022-12-07 00:00:00,4000.0,5000.0,4500.0,21
Gujarat,Banaskanth,Deesa(Deesa Veg Yard),Pineapple,Other,Medium,2022-12-17 00:00:00,4000.0,5150.0,4575.0,21
Gujarat,Banaskanth,Deesa(Deesa Veg Yard),Pineapple,Other,Medium,2022-12-31 00:00:00,4000.0,5000.0,4500.0,21
Gujarat,Banaskanth,Deesa(Deesa Veg Yard),Pineapple,Other,Medium,2025-03-03 00:00:00,6000.0,6750.0,6375.0,21
Gujarat,Banaskanth,Deesa(Deesa Veg Yard),Pineapple,Other,Medium,2025-03-08 00:00:00,6000.0,6700.0,6350.0,21
Gujarat,Banaskanth,Deesa(Deesa Veg Yard),Pineapple,Other,Medium,2025-03-10 00:00:00,6000.0,6750.0,6375.0,21
Gujarat,Banaskanth,Deesa(Deesa Veg Yard),Pineapple,Other,Medium,2025-03-27 00:00:00,6000.0,6700.0,6350.0,21
Gujarat,Banaskanth,Deesa(Deesa Veg Yard),Pineapple,Other,Medium,2025-03-28 00:00:00,6000.0,6750.0,6375.0,21
Gujarat,Bharuch,Bharuch,Pineapple,Other,Medium,2025-03-01 00:00:00,3500.0,4500.0,4000.0,21
Gujarat,Bharuch,Bharuch,Pineapple,Other,Medium,2025-03-12 00:00:00,3000.0,4000.0,3500.0,21
Gujarat,Bharuch,Bharuch,Pineapple,Other,Medium,2025-04-04 00:00:00,3000.0,5000.0,4000.0,21
Gujarat,Bharuch,Bharuch,Pineapple,Other,Medium,2025-04-08 00:00:00,3500.0,4500.0,4000.0,21
Gujarat,Banaskanth,Deesa(Deesa Veg Yard),Pineapple,Other,Medium,2025-06-03 00:00:00,4000.0,4800.0,4400.0,21
Gujarat,Banaskanth,Deesa(Deesa Veg Yard),Pineapple,Other,Medium,2025-06-06 00:00:00,4000.0,4950.0,4475.0,21
Gujarat,Banaskanth,Deesa(Deesa Veg Yard),Pineapple,Other,Medium,2025-06-13 00:00:00,9000.0,9250.0,9125.0,21
Gujarat,Banaskanth,Deesa(Deesa Veg Yard),Pineapple,Other,Medium,2025-06-17 00:00:00,9000.0,9200.0,9100.0,21
Gujarat,Banaskanth,Deesa(Deesa Veg Yard),Pineapple,Other,Medium,2025-06-19 00:00:00,9000.0,9250.0,9125.0,21
Gujarat,Banaskanth,Deesa(Deesa Veg Yard),Pineapple,Other,Medium,2025-06-25 00:00:00,9000.0,9750.0,9375.0,21
Gujarat,Banaskanth,Deesa(Deesa Veg Yard),Pineapple,Other,Medium,2025-06-26 00:00:00,9000.0,9500.0,9250.0,21
Gujarat,Banaskanth,Deesa(Deesa Veg Yard),Pineapple,Other,Medium,2025-06-30 00:00:00,9000.0,9800.0,9400.0,21
Gujarat,Banaskanth,Deesa(Deesa Veg Yard),Pineapple,Other,Medium,2025-05-13 00:00:00,4900.0,5700.0,5300.0,21
Gujarat,Banaskanth,Deesa(Deesa Veg Yard),Pineapple,Other,Medium,2025-05-20 00:00:00,4850.0,6000.0,5425.0,21
Gujarat,Banaskanth,Deesa(Deesa Veg Yard),Pineapple,Other,Medium,2025-05-21 00:00:00,4500.0,6200.0,5350.0,21
Gujarat,Banaskanth,Deesa(Deesa Veg Yard),Pineapple,Other,Medium,2025-05-23 00:00:00,4500.0,6200.0,5350.0,21
Gujarat,Bharuch,Bharuch,Pineapple,Other,Medium,2025-05-11 00:00:00,2500.0,3500.0,3000.0,21
Gujarat,Bharuch,Bharuch,Pineapple,Other,Medium,2025-05-21 00:00:00,3000.0,3500.0,3200.0,21
Gujarat,Bharuch,Bharuch,Pineapple,Other,Medium,2025-05-26 00:00:00,2500.0,3500.0,3000.0,21
Gujarat,Banaskanth,Deesa(Deesa Veg Yard),Pineapple,Other,Medium,2025-09-02 00:00:00,5500.0,8250.0,6150.0,21
Gujarat,Banaskanth,Deesa(Deesa Veg Yard),Pineapple,Other,Medium,2025-09-03 00:00:00,5500.0,6700.0,6100.0,21
Gujarat,Banaskanth,Deesa(Deesa Veg Yard),Pineapple,Other,Medium,2025-09-24 00:00:00,4500.0,5200.0,4850.0,21
Gujarat,Banaskanth,Deesa(Deesa Veg Yard),Pineapple,Other,Medium,2025-09-26 00:00:00,4500.0,5100.0,4800.0,21
Gujarat,Banaskanth,Deesa(Deesa Veg Yard),Pineapple,Other,Medium,2025-08-06 00:00:00,4000.0,4500.0,4250.0,21
Gujarat,Banaskanth,Deesa(Deesa Veg Yard),Pineapple,Other,Medium,2025-08-01 00:00:00,5000.0,6300.0,5650.0,21
Gujarat,Banaskanth,Deesa(Deesa Veg Yard),Pineapple,Other,Medium,2025-08-07 00:00:00,4000.0,4700.0,4350.0,21
Gujarat,Banaskanth,Deesa(Deesa Veg Yard),Pineapple,Other,Medium,2025-08-08 00:00:00,4000.0,4750.0,4375.0,21
Gujarat,Banaskanth,Deesa(Deesa Veg Yard),Pineapple,Other,Medium,2025-08-14 00:00:00,4300.0,4500.0,4400.0,21
Gujarat,Banaskanth,Deesa(Deesa Veg Yard),Pineapple,Other,Medium,2025-08-28 00:00:00,4500.0,5150.0,4825.0,21
Gujarat,Banaskanth,Deesa(Deesa Veg Yard),Pineapple,Other,Medium,2025-09-06 00:00:00,5500.0,6650.0,6075.0,21
Gujarat,Banaskanth,Deesa(Deesa Veg Yard),Pineapple,Other,Medium,2025-09-11 00:00:00,5500.0,6850.0,6175.0,21
Gujarat,Banaskanth,Deesa(Deesa Veg Yard),Pineapple,Other,Medium,2025-09-17 00:00:00,4500.0,5200.0,4850.0,21
Gujarat,Bharuch,Bharuch,Pineapple,Other,Medium,2025-09-11 00:00:00,3000.0,3500.0,3200.0,21
Gujarat,Banaskanth,Deesa(Deesa Veg Yard) APMC,Pineapple,Other,Medium,2025-11-10 00:00:00,5000.0,6000.0,5500.0,21
Gujarat,Bharuch,Bharuch APMC,Pineapple,Other,Local,2025-11-29 00:00:00,3000.0,4000.0,3500.0,21
Gujarat,Bharuch,Bharuch APMC,Pineapple,Other,Local,2025-12-01 00:00:00,3000.0,4000.0,3500.0,21
Gujarat,Banaskanth,Deesa(Deesa Veg Yard) APMC,Pineapple,Other,Medium,2025-12-04 00:00:00,5500.0,6250.0,5875.0,21
Gujarat,Banaskanth,Deesa(Deesa Veg Yard) APMC,Pineapple,Other,Medium,2025-12-13 00:00:00,5500.0,6250.0,5875.0,21
Gujarat,Banaskanth,Deesa(Deesa Veg Yard) APMC,Pineapple,Other,Medium,2025-12-15 00:00:00,4500.0,5000.0,4750.0,21
Gujarat,Banaskanth,Deesa(Deesa Veg Yard) APMC,Pineapple,Other,Medium,2026-01-02 00:00:00,5000.0,6200.0,5600.0,21
Gujarat,Banaskanth,Deesa(Deesa Veg Yard) APMC,Pineapple,Other,Medium,2026-01-12 00:00:00,4500.0,5800.0,5150.0,21
Gujarat,Banaskanth,Deesa(Deesa Veg Yard) APMC,Pineapple,Other,Medium,2026-01-10 00:00:00,4500.0,5700.0,5100.0,21
Gujarat,Bharuch,Bharuch APMC,Pineapple,Other,Local,2026-01-13 00:00:00,2500.0,3500.0,3000.0,21
Gujarat,Bharuch,Bharuch APMC,Pineapple,Other,Local,2026-01-20 00:00:00,2500.0,3200.0,3000.0,21
Gujarat,Banaskanth,Deesa(Deesa Veg Yard) APMC,Pineapple,Other,Medium,2026-01-29 00:00:00,4000.0,5150.0,4575.0,21
Gujarat,Bharuch,Bharuch APMC,Pineapple,Other,Local,2026-02-05 00:00:00,2500.0,3500.0,2800.0,21
Gujarat,Ahmedabad,"Ahmedabad(Fruit Market, Naroda)",Pineapple,Other,Medium,2018-01-03 00:00:00,2500.0,2700.0,2600.0,21
Gujarat,Ahmedabad,"Ahmedabad(Fruit Market, Naroda)",Pineapple,Other,Medium,2018-01-16 00:00:00,2500.0,2700.0,2600.0,21
Gujarat,Ahmedabad,"Ahmedabad(Fruit Market, Naroda)",Pineapple,Other,Medium,2018-01-17 00:00:00,2200.0,2700.0,2500.0,21
Gujarat,Ahmedabad,"Ahmedabad(Fruit Market, Naroda)",Pineapple,Other,Medium,2018-02-01 00:00:00,2600.0,3000.0,2800.0,21
Gujarat,Ahmedabad,"Ahmedabad(Fruit Market, Naroda)",Pineapple,Other,Medium,2018-02-06 00:00:00,2600.0,2900.0,2800.0,21
Gujarat,Ahmedabad,"Ahmedabad(Fruit Market, Naroda)",Pineapple,Other,Medium,2018-02-09 00:00:00,2800.0,3000.0,2900.0,21
Gujarat,Ahmedabad,"Ahmedabad(Fruit Market, Naroda)",Pineapple,Other,Medium,2018-02-16 00:00:00,2600.0,3000.0,2800.0,21
Gujarat,Ahmedabad,"Ahmedabad(Fruit Market, Naroda)",Pineapple,Other,Medium,2018-02-20 00:00:00,2600.0,3000.0,2800.0,21
Gujarat,Ahmedabad,"Ahmedabad(Fruit Market, Naroda)",Pineapple,Other,Medium,2018-03-01 00:00:00,2500.0,3000.0,2800.0,21
Gujarat,Ahmedabad,"Ahmedabad(Fruit Market, Naroda)",Pineapple,Other,Medium,2018-03-06 00:00:00,2800.0,3000.0,2900.0,21
Gujarat,Ahmedabad,"Ahmedabad(Fruit Market, Naroda)",Pineapple,Other,Medium,2018-03-08 00:00:00,2800.0,3000.0,2900.0,21
Gujarat,Ahmedabad,"Ahmedabad(Fruit Market, Naroda)",Pineapple,Other,Medium,2018-03-16 00:00:00,2600.0,3000.0,2800.0,21
Gujarat,Ahmedabad,"Ahmedabad(Fruit Market, Naroda)",Pineapple,Other,Medium,2018-03-17 00:00:00,2500.0,3000.0,2800.0,21
Gujarat,Ahmedabad,"Ahmedabad(Fruit Market, Naroda)",Pineapple,Other,Medium,2018-03-19 00:00:00,2500.0,3000.0,2800.0,21
Gujarat,Ahmedabad,"Ahmedabad(Fruit Market, Naroda)",Pineapple,Other,Medium,2018-03-22 00:00:00,2800.0,3000.0,2900.0,21
Gujarat,Ahmedabad,"Ahmedabad(Fruit Market, Naroda)",Pineapple,Other,Medium,2018-03-26 00:00:00,2800.0,3500.0,3200.0,21
Gujarat,Ahmedabad,"Ahmedabad(Fruit Market, Naroda)",Pineapple,Other,Medium,2018-04-05 00:00:00,2800.0,3500.0,3200.0,21
Gujarat,Ahmedabad,"Ahmedabad(Fruit Market, Naroda)",Pineapple,Other,Medium,2018-04-06 00:00:00,2900.0,3500.0,3200.0,21
Gujarat,Ahmedabad,"Ahmedabad(Fruit Market, Naroda)",Pineapple,Other,Medium,2018-05-16 00:00:00,4000.0,4600.0,4300.0,21
Gujarat,Ahmedabad,"Ahmedabad(Fruit Market, Naroda)",Pineapple,Other,Medium,2018-05-21 00:00:00,4000.0,4500.0,4300.0,21
Gujarat,Ahmedabad,"Ahmedabad(Fruit Market, Naroda)",Pineapple,Other,Medium,2018-05-29 00:00:00,3000.0,4000.0,3500.0,21
Gujarat,Ahmedabad,"Ahmedabad(Fruit Market, Naroda)",Pineapple,Other,Medium,2018-05-30 00:00:00,3000.0,4000.0,3500.0,21
Gujarat,Ahmedabad,"Ahmedabad(Fruit Market, Naroda)",Pineapple,Other,Medium,2018-06-05 00:00:00,3500.0,4500.0,4000.0,21
Gujarat,Ahmedabad,"Ahmedabad(Fruit Market, Naroda)",Pineapple,Other,Medium,2018-06-20 00:00:00,4000.0,4500.0,4300.0,21
Gujarat,Ahmedabad,"Ahmedabad(Fruit Market, Naroda)",Pineapple,Other,Medium,2018-06-21 00:00:00,4000.0,4500.0,4300.0,21
Gujarat,Ahmedabad,"Ahmedabad(Fruit Market, Naroda)",Pineapple,Other,Medium,2018-06-26 00:00:00,4000.0,4500.0,4300.0,21
Gujarat,Ahmedabad,"Ahmedabad(Fruit Market, Naroda)",Pineapple,Other,Medium,2018-07-02 00:00:00,3500.0,4500.0,4000.0,21
Gujarat,Ahmedabad,"Ahmedabad(Fruit Market, Naroda)",Pineapple,Other,Medium,2018-07-09 00:00:00,3500.0,4500.0,4000.0,21
Gujarat,Ahmedabad,"Ahmedabad(Fruit Market, Naroda)",Pineapple,Other,Medium,2018-07-12 00:00:00,3000.0,4000.0,3500.0,21
Gujarat,Ahmedabad,"Ahmedabad(Fruit Market, Naroda)",Pineapple,Other,Medium,2018-07-21 00:00:00,3500.0,4400.0,4000.0,21
Gujarat,Ahmedabad,"Ahmedabad(Fruit Market, Naroda)",Pineapple,Other,Medium,2018-07-25 00:00:00,3800.0,4500.0,4300.0,21
Gujarat,Ahmedabad,"Ahmedabad(Fruit Market, Naroda)",Pineapple,Other,Medium,2018-07-26 00:00:00,3500.0,4500.0,4200.0,21
Gujarat,Ahmedabad,"Ahmedabad(Fruit Market, Naroda)",Pineapple,Other,Medium,2018-08-18 00:00:00,3500.0,4500.0,4000.0,21
Gujarat,Ahmedabad,"Ahmedabad(Fruit Market, Naroda)",Pineapple,Other,Medium,2018-08-25 00:00:00,3800.0,4500.0,4200.0,21
Gujarat,Ahmedabad,"Ahmedabad(Fruit Market, Naroda)",Pineapple,Other,Medium,2018-08-29 00:00:00,2000.0,2500.0,2400.0,21
Gujarat,Ahmedabad,"Ahmedabad(Fruit Market, Naroda)",Pineapple,Other,Medium,2018-08-31 00:00:00,2500.0,3500.0,3300.0,21
Gujarat,Ahmedabad,"Ahmedabad(Fruit Market, Naroda)",Pineapple,Other,Medium,2018-09-01 00:00:00,3200.0,3700.0,3500.0,21
Gujarat,Ahmedabad,"Ahmedabad(Fruit Market, Naroda)",Pineapple,Other,Medium,2018-09-22 00:00:00,3200.0,3800.0,3500.0,21
Gujarat,Ahmedabad,"Ahmedabad(Fruit Market, Naroda)",Pineapple,Other,Medium,2018-10-04 00:00:00,3200.0,3900.0,3600.0,21
Gujarat,Ahmedabad,"Ahmedabad(Fruit Market, Naroda)",Pineapple,Other,Medium,2018-10-24 00:00:00,4000.0,4600.0,4400.0,21
Gujarat,Ahmedabad,"Ahmedabad(Fruit Market, Naroda)",Pineapple,Other,Medium,2018-11-03 00:00:00,4000.0,4500.0,4300.0,21
Gujarat,Ahmedabad,"Ahmedabad(Fruit Market, Naroda)",Pineapple,Other,Medium,2018-12-29 00:00:00,2200.0,3000.0,2600.0,21
Gujarat,Ahmedabad,Ahmedabad(Manekchowk),Pineapple,Other,Medium,2018-01-02 00:00:00,2400.0,2800.0,2600.0,21
Gujarat,Ahmedabad,Ahmedabad(Manekchowk),Pineapple,Other,Medium,2018-01-10 00:00:00,2400.0,2600.0,2500.0,21
Gujarat,Ahmedabad,Ahmedabad(Manekchowk),Pineapple,Other,Medium,2018-01-19 00:00:00,2400.0,2800.0,2600.0,21
Gujarat,Ahmedabad,Ahmedabad(Manekchowk),Pineapple,Other,Medium,2018-01-22 00:00:00,2400.0,2800.0,2600.0,21
Gujarat,Ahmedabad,Ahmedabad(Manekchowk),Pineapple,Other,Medium,2018-01-24 00:00:00,2400.0,2800.0,2600.0,21
Gujarat,Ahmedabad,Ahmedabad(Manekchowk),Pineapple,Other,Medium,2018-02-02 00:00:00,2600.0,3000.0,2800.0,21
Gujarat,Ahmedabad,Ahmedabad(Manekchowk),Pineapple,Other,Medium,2018-02-03 00:00:00,2600.0,2900.0,2800.0,21
Gujarat,Ahmedabad,Ahmedabad(Manekchowk),Pineapple,Other,Medium,2018-02-06 00:00:00,2600.0,2900.0,2800.0,21
Gujarat,Ahmedabad,Ahmedabad(Manekchowk),Pineapple,Other,Medium,2018-02-19 00:00:00,2500.0,3000.0,2800.0,21
Gujarat,Ahmedabad,Ahmedabad(Manekchowk),Pineapple,Other,Medium,2018-03-05 00:00:00,2700.0,3000.0,2900.0,21
Gujarat,Ahmedabad,Ahmedabad(Manekchowk),Pineapple,Other,Medium,2018-03-14 00:00:00,2700.0,3000.0,2900.0,21
Gujarat,Ahmedabad,Ahmedabad(Manekchowk),Pineapple,Other,Medium,2018-04-06 00:00:00,2900.0,3500.0,3200.0,21
Gujarat,Ahmedabad,Ahmedabad(Manekchowk),Pineapple,Other,Medium,2018-04-07 00:00:00,2800.0,3500.0,3200.0,21
Gujarat,Ahmedabad,Ahmedabad(Manekchowk),Pineapple,Other,Medium,2018-04-09 00:00:00,2800.0,3500.0,3200.0,21
Gujarat,Ahmedabad,Ahmedabad(Manekchowk),Pineapple,Other,Medium,2018-05-15 00:00:00,4000.0,4500.0,4300.0,21
Gujarat,Ahmedabad,Ahmedabad(Manekchowk),Pineapple,Other,Medium,2018-05-17 00:00:00,4000.0,4600.0,4300.0,21
Gujarat,Ahmedabad,Ahmedabad(Manekchowk),Pineapple,Other,Medium,2018-05-29 00:00:00,3000.0,4000.0,3500.0,21
Gujarat,Ahmedabad,Ahmedabad(Manekchowk),Pineapple,Other,Medium,2018-06-07 00:00:00,3500.0,4500.0,4000.0,21
Gujarat,Ahmedabad,Ahmedabad(Manekchowk),Pineapple,Other,Medium,2018-06-11 00:00:00,3500.0,4500.0,4000.0,21
Gujarat,Ahmedabad,Ahmedabad(Manekchowk),Pineapple,Other,Medium,2018-06-13 00:00:00,4000.0,4500.0,4300.0,21
Gujarat,Ahmedabad,Ahmedabad(Manekchowk),Pineapple,Other,Medium,2018-06-27 00:00:00,3500.0,4000.0,3800.0,21
Gujarat,Ahmedabad,Ahmedabad(Manekchowk),Pineapple,Other,Medium,2018-07-04 00:00:00,3500.0,4000.0,3800.0,21
Gujarat,Ahmedabad,Ahmedabad(Manekchowk),Pineapple,Other,Medium,2018-07-17 00:00:00,4000.0,4500.0,4300.0,21
Gujarat,Ahmedabad,Ahmedabad(Manekchowk),Pineapple,Other,Medium,2018-08-13 00:00:00,3600.0,4500.0,4100.0,21
Gujarat,Ahmedabad,Ahmedabad(Manekchowk),Pineapple,Other,Medium,2018-08-23 00:00:00,3800.0,4500.0,4200.0,21
Gujarat,Ahmedabad,Ahmedabad(Manekchowk),Pineapple,Other,Medium,2018-09-18 00:00:00,3000.0,3800.0,3500.0,21
Gujarat,Ahmedabad,Ahmedabad(Manekchowk),Pineapple,Other,Medium,2018-09-26 00:00:00,3000.0,3800.0,3500.0,21
Gujarat,Ahmedabad,Ahmedabad(Manekchowk),Pineapple,Other,Medium,2018-09-29 00:00:00,3200.0,3900.0,3600.0,21
Gujarat,Ahmedabad,Ahmedabad(Manekchowk),Pineapple,Other,Medium,2018-10-08 00:00:00,3100.0,3800.0,3500.0,21
Gujarat,Ahmedabad,Ahmedabad(Manekchowk),Pineapple,Other,Medium,2018-10-09 00:00:00,3000.0,4000.0,3600.0,21
Gujarat,Ahmedabad,Ahmedabad(Manekchowk),Pineapple,Other,Medium,2018-10-11 00:00:00,3000.0,4000.0,3600.0,21
Gujarat,Ahmedabad,Ahmedabad(Manekchowk),Pineapple,Other,Medium,2018-10-17 00:00:00,3200.0,4100.0,3700.0,21
Gujarat,Ahmedabad,Ahmedabad(Manekchowk),Pineapple,Other,Medium,2018-10-25 00:00:00,4000.0,4500.0,4300.0,21
Gujarat,Ahmedabad,Ahmedabad(Manekchowk),Pineapple,Other,Medium,2018-11-01 00:00:00,4000.0,4500.0,4300.0,21
Gujarat,Ahmedabad,Ahmedabad(Manekchowk),Pineapple,Other,Medium,2018-12-20 00:00:00,2500.0,3500.0,3100.0,21
Gujarat,Banaskanth,Deesa(Deesa Veg Yard),Pineapple,Other,Medium,2018-01-05 00:00:00,3000.0,3500.0,3250.0,21
Gujarat,Banaskanth,Deesa(Deesa Veg Yard),Pineapple,Other,Medium,2018-01-13 00:00:00,2000.0,4000.0,3000.0,21
Gujarat,Banaskanth,Deesa(Deesa Veg Yard),Pineapple,Other,Medium,2018-01-18 00:00:00,2000.0,3500.0,2750.0,21
Gujarat,Banaskanth,Deesa(Deesa Veg Yard),Pineapple,Other,Medium,2018-02-14 00:00:00,2500.0,3500.0,3000.0,21
Gujarat,Banaskanth,Deesa(Deesa Veg Yard),Pineapple,Other,Medium,2018-02-17 00:00:00,2000.0,3000.0,2500.0,21
Gujarat,Banaskanth,Deesa(Deesa Veg Yard),Pineapple,Other,Medium,2018-03-09 00:00:00,3250.0,3750.0,3500.0,21
Gujarat,Banaskanth,Deesa(Deesa Veg Yard),Pineapple,Other,Medium,2018-03-23 00:00:00,3500.0,4500.0,4000.0,21
Gujarat,Banaskanth,Deesa(Deesa Veg Yard),Pineapple,Other,Medium,2018-04-16 00:00:00,4000.0,4500.0,4250.0,21
Gujarat,Banaskanth,Deesa(Deesa Veg Yard),Pineapple,Other,Medium,2018-05-10 00:00:00,4500.0,5500.0,5000.0,21
Gujarat,Banaskanth,Deesa(Deesa Veg Yard),Pineapple,Other,Medium,2018-05-15 00:00:00,3000.0,4500.0,3750.0,21
Gujarat,Banaskanth,Deesa(Deesa Veg Yard),Pineapple,Other,Medium,2018-05-16 00:00:00,3200.0,4500.0,3850.0,21
Gujarat,Banaskanth,Deesa(Deesa Veg Yard),Pineapple,Other,Medium,2018-06-13 00:00:00,3000.0,4500.0,3750.0,21
Gujarat,Banaskanth,Deesa(Deesa Veg Yard),Pineapple,Other,Medium,2018-07-13 00:00:00,2000.0,3000.0,2500.0,21
Gujarat,Banaskanth,Deesa(Deesa Veg Yard),Pineapple,Other,Medium,2018-08-03 00:00:00,3000.0,4500.0,3750.0,21
Gujarat,Banaskanth,Deesa(Deesa Veg Yard),Pineapple,Other,Medium,2018-08-18 00:00:00,2500.0,5000.0,3750.0,21
Gujarat,Banaskanth,Deesa(Deesa Veg Yard),Pineapple,Other,Medium,2018-09-15 00:00:00,4000.0,4500.0,4250.0,21
Gujarat,Banaskanth,Deesa(Deesa Veg Yard),Pineapple,Other,Medium,2018-09-18 00:00:00,4000.0,4500.0,4250.0,21
Gujarat,Bharuch,Bharuch,Pineapple,Other,Medium,2018-10-02 00:00:00,5000.0,6500.0,6000.0,21
Gujarat,Ahmedabad,"Ahmedabad(Fruit Market, Naroda)",Pineapple,Other,Medium,2019-01-09 00:00:00,2500.0,3300.0,2900.0,21
Gujarat,Ahmedabad,"Ahmedabad(Fruit Market, Naroda)",Pineapple,Other,Medium,2019-01-15 00:00:00,2800.0,3200.0,3000.0,21
Gujarat,Ahmedabad,"Ahmedabad(Fruit Market, Naroda)",Pineapple,Other,Medium,2019-01-17 00:00:00,2800.0,3200.0,3000.0,21
Gujarat,Ahmedabad,"Ahmedabad(Fruit Market, Naroda)",Pineapple,Other,Medium,2019-01-18 00:00:00,2800.0,3200.0,3000.0,21
Gujarat,Ahmedabad,"Ahmedabad(Fruit Market, Naroda)",Pineapple,Other,Medium,2019-02-15 00:00:00,2500.0,3200.0,2900.0,21
Gujarat,Ahmedabad,"Ahmedabad(Fruit Market, Naroda)",Pineapple,Other,Medium,2019-02-16 00:00:00,2500.0,3300.0,2900.0,21
Gujarat,Ahmedabad,"Ahmedabad(Fruit Market, Naroda)",Pineapple,Other,Medium,2019-02-22 00:00:00,2500.0,3200.0,2900.0,21
Gujarat,Ahmedabad,"Ahmedabad(Fruit Market, Naroda)",Pineapple,Other,Medium,2019-03-05 00:00:00,3000.0,3600.0,3300.0,21
Gujarat,Ahmedabad,"Ahmedabad(Fruit Market, Naroda)",Pineapple,Other,Medium,2019-03-06 00:00:00,3000.0,4000.0,3500.0,21
Gujarat,Ahmedabad,"Ahmedabad(Fruit Market, Naroda)",Pineapple,Other,Medium,2019-03-08 00:00:00,3000.0,3800.0,3500.0,21
Gujarat,Ahmedabad,"Ahmedabad(Fruit Market, Naroda)",Pineapple,Other,Medium,2019-03-12 00:00:00,3000.0,3600.0,3300.0,21
Gujarat,Ahmedabad,"Ahmedabad(Fruit Market, Naroda)",Pineapple,Other,Medium,2019-03-15 00:00:00,3000.0,3650.0,3350.0,21
Gujarat,Ahmedabad,"Ahmedabad(Fruit Market, Naroda)",Pineapple,Other,Medium,2019-03-22 00:00:00,3000.0,3650.0,3350.0,21
Gujarat,Ahmedabad,"Ahmedabad(Fruit Market, Naroda)",Pineapple,Other,Medium,2019-03-23 00:00:00,3100.0,3700.0,3400.0,21
Gujarat,Ahmedabad,"Ahmedabad(Fruit Market, Naroda)",Pineapple,Other,Medium,2019-04-09 00:00:00,4000.0,4200.0,4100.0,21
Gujarat,Ahmedabad,"Ahmedabad(Fruit Market, Naroda)",Pineapple,Other,Medium,2019-04-24 00:00:00,3500.0,4100.0,4000.0,21
Gujarat,Ahmedabad,"Ahmedabad(Fruit Market, Naroda)",Pineapple,Other,Medium,2019-05-13 00:00:00,3500.0,4200.0,4000.0,21
Gujarat,Ahmedabad,"Ahmedabad(Fruit Market, Naroda)",Pineapple,Other,Medium,2019-05-17 00:00:00,3800.0,4200.0,4000.0,21
Gujarat,Ahmedabad,"Ahmedabad(Fruit Market, Naroda)",Pineapple,Other,Medium,2019-06-14 00:00:00,4000.0,4500.0,4300.0,21
Gujarat,Ahmedabad,"Ahmedabad(Fruit Market, Naroda)",Pineapple,Other,Medium,2019-06-29 00:00:00,3500.0,4000.0,3800.0,21
Gujarat,Ahmedabad,"Ahmedabad(Fruit Market, Naroda)",Pineapple,Other,Medium,2019-07-24 00:00:00,3800.0,4200.0,4000.0,21
Gujarat,Ahmedabad,"Ahmedabad(Fruit Market, Naroda)",Pineapple,Other,Medium,2019-07-30 00:00:00,4000.0,4200.0,4100.0,21
Gujarat,Ahmedabad,"Ahmedabad(Fruit Market, Naroda)",Pineapple,Other,Medium,2019-08-19 00:00:00,3500.0,4000.0,3800.0,21
Gujarat,Ahmedabad,"Ahmedabad(Fruit Market, Naroda)",Pineapple,Other,Medium,2019-08-26 00:00:00,3500.0,4200.0,3900.0,21
Gujarat,Ahmedabad,"Ahmedabad(Fruit Market, Naroda)",Pineapple,Other,Medium,2019-09-14 00:00:00,2500.0,4000.0,3300.0,21
Gujarat,Ahmedabad,"Ahmedabad(Fruit Market, Naroda)",Pineapple,Other,Medium,2019-09-25 00:00:00,3500.0,4000.0,3800.0,21
Gujarat,Ahmedabad,"Ahmedabad(Fruit Market, Naroda)",Pineapple,Other,Medium,2019-10-02 00:00:00,3800.0,4100.0,4000.0,21
Gujarat,Ahmedabad,"Ahmedabad(Fruit Market, Naroda)",Pineapple,Other,Medium,2019-10-05 00:00:00,4000.0,4200.0,4100.0,21
Gujarat,Ahmedabad,"Ahmedabad(Fruit Market, Naroda)",Pineapple,Other,Medium,2019-11-05 00:00:00,4000.0,4500.0,4300.0,21
Gujarat,Ahmedabad,"Ahmedabad(Fruit Market, Naroda)",Pineapple,Other,Medium,2019-12-09 00:00:00,3000.0,4500.0,3800.0,21
Gujarat,Ahmedabad,"Ahmedabad(Fruit Market, Naroda)",Pineapple,Other,Medium,2019-12-18 00:00:00,3500.0,4000.0,3800.0,21
Gujarat,Ahmedabad,"Ahmedabad(Fruit Market, Naroda)",Pineapple,Other,Medium,2019-12-31 00:00:00,3500.0,4200.0,4000.0,21
Gujarat,Ahmedabad,Ahmedabad(Manekchowk),Pineapple,Other,Medium,2019-01-02 00:00:00,2800.0,3400.0,3100.0,21
Gujarat,Ahmedabad,Ahmedabad(Manekchowk),Pineapple,Other,Medium,2019-01-09 00:00:00,2500.0,3300.0,2900.0,21
Gujarat,Ahmedabad,Ahmedabad(Manekchowk),Pineapple,Other,Medium,2019-01-10 00:00:00,2800.0,3200.0,3000.0,21
Gujarat,Ahmedabad,Ahmedabad(Manekchowk),Pineapple,Other,Medium,2019-01-11 00:00:00,2800.0,3200.0,3000.0,21
Gujarat,Ahmedabad,Ahmedabad(Manekchowk),Pineapple,Other,Medium,2019-01-15 00:00:00,2800.0,3200.0,3000.0,21
Gujarat,Ahmedabad,Ahmedabad(Manekchowk),Pineapple,Other,Medium,2019-02-05 00:00:00,2800.0,3200.0,3000.0,21
Gujarat,Ahmedabad,Ahmedabad(Manekchowk),Pineapple,Other,Medium,2019-02-14 00:00:00,2500.0,3000.0,2800.0,21
Gujarat,Ahmedabad,Ahmedabad(Manekchowk),Pineapple,Other,Medium,2019-02-15 00:00:00,2500.0,3200.0,2900.0,21
Gujarat,Ahmedabad,Ahmedabad(Manekchowk),Pineapple,Other,Medium,2019-03-05 00:00:00,3000.0,3600.0,3300.0,21
Gujarat,Ahmedabad,Ahmedabad(Manekchowk),Pineapple,Other,Medium,2019-03-16 00:00:00,3100.0,3700.0,3400.0,21
Gujarat,Ahmedabad,Ahmedabad(Manekchowk),Pineapple,Other,Medium,2019-03-22 00:00:00,3000.0,3650.0,3350.0,21
Gujarat,Ahmedabad,Ahmedabad(Manekchowk),Pineapple,Other,Medium,2019-04-24 00:00:00,3500.0,4100.0,4000.0,21
Gujarat,Ahmedabad,Ahmedabad(Manekchowk),Pineapple,Other,Medium,2019-05-21 00:00:00,3500.0,4000.0,3800.0,21
Gujarat,Ahmedabad,Ahmedabad(Manekchowk),Pineapple,Other,Medium,2019-05-22 00:00:00,3800.0,4300.0,4100.0,21
Gujarat,Ahmedabad,Ahmedabad(Manekchowk),Pineapple,Other,Medium,2019-05-24 00:00:00,3500.0,4100.0,3800.0,21
Gujarat,Ahmedabad,Ahmedabad(Manekchowk),Pineapple,Other,Medium,2019-05-29 00:00:00,4000.0,4200.0,4100.0,21
Gujarat,Ahmedabad,Ahmedabad(Manekchowk),Pineapple,Other,Medium,2019-05-30 00:00:00,4000.0,4200.0,4100.0,21
Gujarat,Ahmedabad,Ahmedabad(Manekchowk),Pineapple,Other,Medium,2019-06-12 00:00:00,4000.0,4200.0,4100.0,21
Gujarat,Ahmedabad,Ahmedabad(Manekchowk),Pineapple,Other,Medium,2019-06-14 00:00:00,4000.0,4200.0,4100.0,21
Gujarat,Ahmedabad,Ahmedabad(Manekchowk),Pineapple,Other,Medium,2019-06-22 00:00:00,3900.0,4100.0,4000.0,21
Gujarat,Ahmedabad,Ahmedabad(Manekchowk),Pineapple,Other,Medium,2019-07-30 00:00:00,4000.0,4200.0,4100.0,21
Gujarat,Ahmedabad,Ahmedabad(Manekchowk),Pineapple,Other,Medium,2019-08-21 00:00:00,3500.0,4100.0,3800.0,21
Gujarat,Ahmedabad,Ahmedabad(Manekchowk),Pineapple,Other,Medium,2019-08-27 00:00:00,3500.0,4000.0,3800.0,21
Gujarat,Ahmedabad,Ahmedabad(Manekchowk),Pineapple,Other,Medium,2019-09-07 00:00:00,3500.0,4200.0,4000.0,21
Gujarat,Ahmedabad,Ahmedabad(Manekchowk),Pineapple,Other,Medium,2019-09-09 00:00:00,3500.0,4200.0,3900.0,21
Gujarat,Ahmedabad,Ahmedabad(Manekchowk),Pineapple,Other,Medium,2019-09-17 00:00:00,3500.0,4100.0,3800.0,21
Gujarat,Ahmedabad,Ahmedabad(Manekchowk),Pineapple,Other,Medium,2019-09-18 00:00:00,3500.0,4100.0,3800.0,21
Gujarat,Ahmedabad,Ahmedabad(Manekchowk),Pineapple,Other,Medium,2019-10-03 00:00:00,3800.0,4100.0,4000.0,21
Gujarat,Ahmedabad,Ahmedabad(Manekchowk),Pineapple,Other,Medium,2019-10-05 00:00:00,3800.0,4100.0,4000.0,21
Gujarat,Ahmedabad,Ahmedabad(Manekchowk),Pineapple,Other,Medium,2019-11-06 00:00:00,4000.0,4500.0,4300.0,21
Gujarat,Ahmedabad,Ahmedabad(Manekchowk),Pineapple,Other,Medium,2019-11-07 00:00:00,3500.0,4500.0,4000.0,21
Gujarat,Ahmedabad,Ahmedabad(Manekchowk),Pineapple,Other,Medium,2019-11-08 00:00:00,4000.0,4500.0,4300.0,21
Gujarat,Ahmedabad,Ahmedabad(Manekchowk),Pineapple,Other,Medium,2019-11-09 00:00:00,4000.0,4200.0,4100.0,21
Gujarat,Ahmedabad,Ahmedabad(Manekchowk),Pineapple,Other,Medium,2019-11-11 00:00:00,3500.0,4000.0,3800.0,21
Gujarat,Ahmedabad,Ahmedabad(Manekchowk),Pineapple,Other,Medium,2019-11-19 00:00:00,3500.0,4100.0,3800.0,21
Gujarat,Ahmedabad,Ahmedabad(Manekchowk),Pineapple,Other,Medium,2019-11-23 00:00:00,3500.0,4100.0,3800.0,21
Gujarat,Ahmedabad,Ahmedabad(Manekchowk),Pineapple,Other,Medium,2019-11-27 00:00:00,3500.0,4200.0,3900.0,21
Gujarat,Ahmedabad,Ahmedabad(Manekchowk),Pineapple,Other,Medium,2019-11-28 00:00:00,4000.0,4500.0,4300.0,21
Gujarat,Ahmedabad,Ahmedabad(Manekchowk),Pineapple,Other,Medium,2019-12-07 00:00:00,3500.0,4500.0,4000.0,21
Gujarat,Ahmedabad,Ahmedabad(Manekchowk),Pineapple,Other,Medium,2019-12-11 00:00:00,3500.0,4500.0,4100.0,21
Gujarat,Ahmedabad,Ahmedabad(Manekchowk),Pineapple,Other,Medium,2019-12-18 00:00:00,3500.0,4000.0,3800.0,21
Gujarat,Bharuch,Bharuch,Pineapple,Other,Medium,2019-05-23 00:00:00,4500.0,6000.0,5000.0,21
Gujarat,Ahmedabad,"Ahmedabad(Fruit Market, Naroda)",Pineapple,Other,Medium,2016-01-06 00:00:00,1800.0,2300.0,2100.0,21
Gujarat,Ahmedabad,"Ahmedabad(Fruit Market, Naroda)",Pineapple,Other,Medium,2016-01-13 00:00:00,1800.0,2200.0,2000.0,21
Gujarat,Ahmedabad,"Ahmedabad(Fruit Market, Naroda)",Pineapple,Other,Medium,2016-01-20 00:00:00,1800.0,2300.0,2100.0,21
Gujarat,Ahmedabad,"Ahmedabad(Fruit Market, Naroda)",Pineapple,Other,Medium,2016-02-02 00:00:00,1500.0,2200.0,1900.0,21
Gujarat,Ahmedabad,"Ahmedabad(Fruit Market, Naroda)",Pineapple,Other,Medium,2016-02-11 00:00:00,1800.0,2500.0,2200.0,21
Gujarat,Ahmedabad,"Ahmedabad(Fruit Market, Naroda)",Pineapple,Other,Medium,2016-02-18 00:00:00,1800.0,2500.0,2200.0,21
Gujarat,Ahmedabad,"Ahmedabad(Fruit Market, Naroda)",Pineapple,Other,Medium,2016-02-26 00:00:00,2200.0,2800.0,2600.0,21
Gujarat,Ahmedabad,"Ahmedabad(Fruit Market, Naroda)",Pineapple,Other,Medium,2016-03-05 00:00:00,2500.0,2800.0,2700.0,21
Gujarat,Ahmedabad,"Ahmedabad(Fruit Market, Naroda)",Pineapple,Other,Medium,2016-03-09 00:00:00,2500.0,2800.0,2700.0,21
Gujarat,Ahmedabad,"Ahmedabad(Fruit Market, Naroda)",Pineapple,Other,Medium,2016-03-12 00:00:00,2500.0,2800.0,2700.0,21
Gujarat,Ahmedabad,"Ahmedabad(Fruit Market, Naroda)",Pineapple,Other,Medium,2016-03-16 00:00:00,2500.0,3000.0,2800.0,21
Gujarat,Ahmedabad,"Ahmedabad(Fruit Market, Naroda)",Pineapple,Other,Medium,2016-03-21 00:00:00,2500.0,3000.0,2800.0,21
Gujarat,Ahmedabad,"Ahmedabad(Fruit Market, Naroda)",Pineapple,Other,Medium,2016-03-29 00:00:00,2500.0,3000.0,2800.0,21
Gujarat,Ahmedabad,"Ahmedabad(Fruit Market, Naroda)",Pineapple,Other,Medium,2016-04-04 00:00:00,2800.0,3000.0,2900.0,21
Gujarat,Ahmedabad,"Ahmedabad(Fruit Market, Naroda)",Pineapple,Other,Medium,2016-04-11 00:00:00,2500.0,3000.0,2800.0,21
Gujarat,Ahmedabad,"Ahmedabad(Fruit Market, Naroda)",Pineapple,Other,Medium,2016-04-16 00:00:00,2200.0,2500.0,2400.0,21
Gujarat,Ahmedabad,"Ahmedabad(Fruit Market, Naroda)",Pineapple,Other,Medium,2016-05-05 00:00:00,2500.0,2800.0,2700.0,21
Gujarat,Ahmedabad,"Ahmedabad(Fruit Market, Naroda)",Pineapple,Other,Medium,2016-05-06 00:00:00,2500.0,2800.0,2700.0,21
Gujarat,Ahmedabad,"Ahmedabad(Fruit Market, Naroda)",Pineapple,Other,Medium,2016-05-12 00:00:00,2500.0,2800.0,2700.0,21
Gujarat,Ahmedabad,"Ahmedabad(Fruit Market, Naroda)",Pineapple,Other,Medium,2016-05-20 00:00:00,2500.0,3000.0,2800.0,21
Gujarat,Ahmedabad,"Ahmedabad(Fruit Market, Naroda)",Pineapple,Other,Medium,2016-05-21 00:00:00,2500.0,3000.0,2800.0,21
Gujarat,Ahmedabad,"Ahmedabad(Fruit Market, Naroda)",Pineapple,Other,Medium,2016-05-24 00:00:00,2500.0,3000.0,2800.0,21
Gujarat,Ahmedabad,"Ahmedabad(Fruit Market, Naroda)",Pineapple,Other,Medium,2016-05-27 00:00:00,2500.0,3000.0,2800.0,21
Gujarat,Ahmedabad,"Ahmedabad(Fruit Market, Naroda)",Pineapple,Other,Medium,2016-05-28 00:00:00,2500.0,3000.0,2800.0,21
Gujarat,Ahmedabad,"Ahmedabad(Fruit Market, Naroda)",Pineapple,Other,Medium,2016-05-30 00:00:00,2500.0,3000.0,2800.0,21
Gujarat,Ahmedabad,"Ahmedabad(Fruit Market, Naroda)",Pineapple,Other,Medium,2016-06-07 00:00:00,2500.0,3000.0,2750.0,21
Gujarat,Ahmedabad,"Ahmedabad(Fruit Market, Naroda)",Pineapple,Other,Medium,2016-06-15 00:00:00,2200.0,2500.0,2400.0,21
Gujarat,Ahmedabad,"Ahmedabad(Fruit Market, Naroda)",Pineapple,Other,Medium,2016-06-16 00:00:00,2000.0,3000.0,2500.0,21
Gujarat,Ahmedabad,"Ahmedabad(Fruit Market, Naroda)",Pineapple,Other,Medium,2016-06-27 00:00:00,2000.0,3000.0,2500.0,21
Gujarat,Ahmedabad,"Ahmedabad(Fruit Market, Naroda)",Pineapple,Other,Medium,2016-07-04 00:00:00,2500.0,3000.0,2800.0,21
Gujarat,Ahmedabad,"Ahmedabad(Fruit Market, Naroda)",Pineapple,Other,Medium,2016-07-05 00:00:00,2000.0,3000.0,2500.0,21
Gujarat,Ahmedabad,"Ahmedabad(Fruit Market, Naroda)",Pineapple,Other,Medium,2016-07-09 00:00:00,2000.0,4000.0,3000.0,21
Gujarat,Ahmedabad,"Ahmedabad(Fruit Market, Naroda)",Pineapple,Other,Medium,2016-07-13 00:00:00,1500.0,2000.0,1800.0,21
Gujarat,Ahmedabad,"Ahmedabad(Fruit Market, Naroda)",Pineapple,Other,Medium,2016-08-10 00:00:00,2000.0,3000.0,2500.0,21
Gujarat,Ahmedabad,"Ahmedabad(Fruit Market, Naroda)",Pineapple,Other,Medium,2016-08-16 00:00:00,2500.0,3000.0,2800.0,21
Gujarat,Ahmedabad,"Ahmedabad(Fruit Market, Naroda)",Pineapple,Other,Medium,2016-09-09 00:00:00,2500.0,3000.0,2800.0,21
Gujarat,Ahmedabad,"Ahmedabad(Fruit Market, Naroda)",Pineapple,Other,Medium,2016-09-26 00:00:00,3000.0,3500.0,3300.0,21
Gujarat,Ahmedabad,"Ahmedabad(Fruit Market, Naroda)",Pineapple,Other,Medium,2016-09-30 00:00:00,2500.0,3000.0,2800.0,21
Gujarat,Ahmedabad,"Ahmedabad(Fruit Market, Naroda)",Pineapple,Other,Medium,2016-10-01 00:00:00,2000.0,2500.0,2300.0,21
Gujarat,Ahmedabad,"Ahmedabad(Fruit Market, Naroda)",Pineapple,Other,Medium,2016-10-06 00:00:00,2000.0,2500.0,2300.0,21
Gujarat,Ahmedabad,"Ahmedabad(Fruit Market, Naroda)",Pineapple,Other,Medium,2016-10-07 00:00:00,2000.0,2500.0,2300.0,21
Gujarat,Ahmedabad,"Ahmedabad(Fruit Market, Naroda)",Pineapple,Other,Medium,2016-10-21 00:00:00,2000.0,2500.0,2250.0,21
Gujarat,Ahmedabad,"Ahmedabad(Fruit Market, Naroda)",Pineapple,Other,Medium,2016-10-25 00:00:00,2500.0,3000.0,2800.0,21
Gujarat,Ahmedabad,"Ahmedabad(Fruit Market, Naroda)",Pineapple,Other,Medium,2016-10-26 00:00:00,2500.0,3000.0,2800.0,21
Gujarat,Ahmedabad,"Ahmedabad(Fruit Market, Naroda)",Pineapple,Other,Medium,2016-11-03 00:00:00,2500.0,3000.0,2800.0,21
Gujarat,Ahmedabad,"Ahmedabad(Fruit Market, Naroda)",Pineapple,Other,Medium,2016-11-08 00:00:00,2500.0,3000.0,2800.0,21
Gujarat,Ahmedabad,"Ahmedabad(Fruit Market, Naroda)",Pineapple,Other,Medium,2016-11-10 00:00:00,2500.0,3000.0,2800.0,21
Gujarat,Ahmedabad,"Ahmedabad(Fruit Market, Naroda)",Pineapple,Other,Medium,2016-11-17 00:00:00,2500.0,3000.0,2800.0,21
Gujarat,Ahmedabad,"Ahmedabad(Fruit Market, Naroda)",Pineapple,Other,Medium,2016-11-19 00:00:00,2000.0,2500.0,2300.0,21
Gujarat,Ahmedabad,"Ahmedabad(Fruit Market, Naroda)",Pineapple,Other,Medium,2016-11-24 00:00:00,2500.0,3000.0,2800.0,21
Gujarat,Ahmedabad,"Ahmedabad(Fruit Market, Naroda)",Pineapple,Other,Medium,2016-11-25 00:00:00,2500.0,3000.0,2800.0,21
Gujarat,Ahmedabad,"Ahmedabad(Fruit Market, Naroda)",Pineapple,Other,Medium,2016-12-01 00:00:00,2000.0,2500.0,2300.0,21
Gujarat,Ahmedabad,"Ahmedabad(Fruit Market, Naroda)",Pineapple,Other,Medium,2016-12-03 00:00:00,2000.0,2200.0,2100.0,21
Gujarat,Ahmedabad,"Ahmedabad(Fruit Market, Naroda)",Pineapple,Other,Medium,2016-12-22 00:00:00,1800.0,2200.0,2100.0,21
Gujarat,Ahmedabad,"Ahmedabad(Fruit Market, Naroda)",Pineapple,Other,Medium,2016-12-31 00:00:00,2000.0,2500.0,2300.0,21
Gujarat,Ahmedabad,Ahmedabad(Manekchowk),Pineapple,Other,Medium,2016-01-11 00:00:00,1800.0,2200.0,2000.0,21
Gujarat,Ahmedabad,Ahmedabad(Manekchowk),Pineapple,Other,Medium,2016-01-13 00:00:00,1800.0,2200.0,2000.0,21
Gujarat,Ahmedabad,Ahmedabad(Manekchowk),Pineapple,Other,Medium,2016-01-19 00:00:00,1800.0,2300.0,2100.0,21
Gujarat,Ahmedabad,Ahmedabad(Manekchowk),Pineapple,Other,Medium,2016-01-27 00:00:00,1500.0,2000.0,1800.0,21
Gujarat,Ahmedabad,Ahmedabad(Manekchowk),Pineapple,Other,Medium,2016-02-04 00:00:00,1800.0,2500.0,2200.0,21
Gujarat,Ahmedabad,Ahmedabad(Manekchowk),Pineapple,Other,Medium,2016-02-12 00:00:00,1800.0,2500.0,2200.0,21
Gujarat,Ahmedabad,Ahmedabad(Manekchowk),Pineapple,Other,Medium,2016-02-18 00:00:00,1800.0,2500.0,2200.0,21
Gujarat,Ahmedabad,Ahmedabad(Manekchowk),Pineapple,Other,Medium,2016-03-03 00:00:00,2200.0,2800.0,2500.0,21
Gujarat,Ahmedabad,Ahmedabad(Manekchowk),Pineapple,Other,Medium,2016-03-04 00:00:00,2500.0,2800.0,2700.0,21
Gujarat,Ahmedabad,Ahmedabad(Manekchowk),Pineapple,Other,Medium,2016-03-22 00:00:00,2500.0,3000.0,2800.0,21
Gujarat,Ahmedabad,Ahmedabad(Manekchowk),Pineapple,Other,Medium,2016-03-25 00:00:00,2500.0,3000.0,2800.0,21
Gujarat,Ahmedabad,Ahmedabad(Manekchowk),Pineapple,Other,Medium,2016-04-05 00:00:00,2800.0,3000.0,2900.0,21
Gujarat,Ahmedabad,Ahmedabad(Manekchowk),Pineapple,Other,Medium,2016-04-21 00:00:00,2200.0,2500.0,2400.0,21
Gujarat,Ahmedabad,Ahmedabad(Manekchowk),Pineapple,Other,Medium,2016-05-02 00:00:00,2200.0,2500.0,2400.0,21
Gujarat,Ahmedabad,Ahmedabad(Manekchowk),Pineapple,Other,Medium,2016-05-11 00:00:00,2500.0,2800.0,2700.0,21
Gujarat,Ahmedabad,Ahmedabad(Manekchowk),Pineapple,Other,Medium,2016-05-12 00:00:00,2500.0,2800.0,2700.0,21
Gujarat,Ahmedabad,Ahmedabad(Manekchowk),Pineapple,Other,Medium,2016-05-18 00:00:00,2500.0,3000.0,2800.0,21
Gujarat,Ahmedabad,Ahmedabad(Manekchowk),Pineapple,Other,Medium,2016-05-27 00:00:00,2500.0,3000.0,2800.0,21
Gujarat,Ahmedabad,Ahmedabad(Manekchowk),Pineapple,Other,Medium,2016-06-01 00:00:00,2500.0,3000.0,2800.0,21
Gujarat,Ahmedabad,Ahmedabad(Manekchowk),Pineapple,Other,Medium,2016-06-04 00:00:00,2500.0,3000.0,2750.0,21
Gujarat,Ahmedabad,Ahmedabad(Manekchowk),Pineapple,Other,Medium,2016-06-06 00:00:00,2500.0,3000.0,2750.0,21
Gujarat,Ahmedabad,Ahmedabad(Manekchowk),Pineapple,Other,Medium,2016-06-11 00:00:00,2500.0,3000.0,2800.0,21
Gujarat,Ahmedabad,Ahmedabad(Manekchowk),Pineapple,Other,Medium,2016-06-16 00:00:00,2000.0,3000.0,2500.0,21
Gujarat,Ahmedabad,Ahmedabad(Manekchowk),Pineapple,Other,Medium,2016-06-17 00:00:00,2000.0,2500.0,2300.0,21
Gujarat,Ahmedabad,Ahmedabad(Manekchowk),Pineapple,Other,Medium,2016-06-22 00:00:00,2000.0,3000.0,2500.0,21
Gujarat,Ahmedabad,Ahmedabad(Manekchowk),Pineapple,Other,Medium,2016-06-29 00:00:00,2000.0,3000.0,2500.0,21
Gujarat,Ahmedabad,Ahmedabad(Manekchowk),Pineapple,Other,Medium,2016-07-15 00:00:00,2000.0,3000.0,2500.0,21
Gujarat,Ahmedabad,Ahmedabad(Manekchowk),Pineapple,Other,Medium,2016-07-28 00:00:00,2500.0,3000.0,2800.0,21
Gujarat,Ahmedabad,Ahmedabad(Manekchowk),Pineapple,Other,Medium,2016-08-10 00:00:00,2000.0,3000.0,2500.0,21
Gujarat,Ahmedabad,Ahmedabad(Manekchowk),Pineapple,Other,Medium,2016-08-16 00:00:00,2500.0,3000.0,2800.0,21
Gujarat,Ahmedabad,Ahmedabad(Manekchowk),Pineapple,Other,Medium,2016-08-20 00:00:00,2500.0,3500.0,3000.0,21
Gujarat,Ahmedabad,Ahmedabad(Manekchowk),Pineapple,Other,Medium,2016-08-23 00:00:00,2000.0,3000.0,2500.0,21
Gujarat,Ahmedabad,Ahmedabad(Manekchowk),Pineapple,Other,Medium,2016-08-29 00:00:00,2500.0,3000.0,2800.0,21
Gujarat,Ahmedabad,Ahmedabad(Manekchowk),Pineapple,Other,Medium,2016-09-02 00:00:00,2500.0,3000.0,2800.0,21
Gujarat,Ahmedabad,Ahmedabad(Manekchowk),Pineapple,Other,Medium,2016-09-06 00:00:00,2500.0,3000.0,2800.0,21
Gujarat,Ahmedabad,Ahmedabad(Manekchowk),Pineapple,Other,Medium,2016-09-07 00:00:00,2500.0,3000.0,2800.0,21
Gujarat,Ahmedabad,Ahmedabad(Manekchowk),Pineapple,Other,Medium,2016-09-12 00:00:00,2500.0,3000.0,2800.0,21
Gujarat,Ahmedabad,Ahmedabad(Manekchowk),Pineapple,Other,Medium,2016-09-29 00:00:00,2500.0,3000.0,2800.0,21
Gujarat,Ahmedabad,Ahmedabad(Manekchowk),Pineapple,Other,Medium,2016-10-01 00:00:00,2000.0,2500.0,2300.0,21
Gujarat,Ahmedabad,Ahmedabad(Manekchowk),Pineapple,Other,Medium,2016-10-03 00:00:00,2500.0,3000.0,2800.0,21
Gujarat,Ahmedabad,Ahmedabad(Manekchowk),Pineapple,Other,Medium,2016-10-07 00:00:00,2000.0,2500.0,2300.0,21
Gujarat,Ahmedabad,Ahmedabad(Manekchowk),Pineapple,Other,Medium,2016-10-08 00:00:00,2000.0,2500.0,2300.0,21
Gujarat,Ahmedabad,Ahmedabad(Manekchowk),Pineapple,Other,Medium,2016-10-18 00:00:00,2500.0,3000.0,2800.0,21
Gujarat,Ahmedabad,Ahmedabad(Manekchowk),Pineapple,Other,Medium,2016-10-22 00:00:00,2500.0,3000.0,2800.0,21
Gujarat,Ahmedabad,Ahmedabad(Manekchowk),Pineapple,Other,Medium,2016-10-24 00:00:00,2500.0,3000.0,2800.0,21
Gujarat,Ahmedabad,Ahmedabad(Manekchowk),Pineapple,Other,Medium,2016-10-25 00:00:00,2500.0,3000.0,2800.0,21
Gujarat,Ahmedabad,Ahmedabad(Manekchowk),Pineapple,Other,Medium,2016-10-26 00:00:00,2500.0,3000.0,2800.0,21
Gujarat,Ahmedabad,Ahmedabad(Manekchowk),Pineapple,Other,Medium,2016-11-03 00:00:00,2500.0,3000.0,2800.0,21
Gujarat,Ahmedabad,Ahmedabad(Manekchowk),Pineapple,Other,Medium,2016-11-11 00:00:00,2500.0,3000.0,2800.0,21
Gujarat,Ahmedabad,Ahmedabad(Manekchowk),Pineapple,Other,Medium,2016-11-16 00:00:00,2500.0,3000.0,2800.0,21
Gujarat,Ahmedabad,Ahmedabad(Manekchowk),Pineapple,Other,Medium,2016-11-19 00:00:00,2000.0,2500.0,2300.0,21
Gujarat,Ahmedabad,Ahmedabad(Manekchowk),Pineapple,Other,Medium,2016-11-24 00:00:00,2500.0,3000.0,2800.0,21
Gujarat,Ahmedabad,Ahmedabad(Manekchowk),Pineapple,Other,Medium,2016-12-15 00:00:00,1800.0,2200.0,2000.0,21
Gujarat,Ahmedabad,Ahmedabad(Manekchowk),Pineapple,Other,Medium,2016-12-16 00:00:00,2000.0,2300.0,2200.0,21
Gujarat,Ahmedabad,Ahmedabad(Manekchowk),Pineapple,Other,Medium,2016-12-22 00:00:00,1800.0,2200.0,2100.0,21
Gujarat,Banaskanth,Deesa(Deesa Veg Yard),Pineapple,Other,Medium,2016-01-16 00:00:00,2500.0,2700.0,2600.0,21
Gujarat,Banaskanth,Deesa(Deesa Veg Yard),Pineapple,Other,Medium,2016-01-25 00:00:00,1500.0,1700.0,1600.0,21
Gujarat,Banaskanth,Deesa(Deesa Veg Yard),Pineapple,Other,Medium,2016-02-23 00:00:00,2000.0,2300.0,2150.0,21
Gujarat,Banaskanth,Deesa(Deesa Veg Yard),Pineapple,Other,Medium,2016-03-10 00:00:00,2000.0,2500.0,2250.0,21
Gujarat,Banaskanth,Deesa(Deesa Veg Yard),Pineapple,Other,Medium,2016-03-29 00:00:00,2200.0,2500.0,2350.0,21
Gujarat,Banaskanth,Deesa(Deesa Veg Yard),Pineapple,Other,Medium,2016-04-01 00:00:00,2200.0,2500.0,2350.0,21
Gujarat,Banaskanth,Deesa(Deesa Veg Yard),Pineapple,Other,Medium,2016-04-18 00:00:00,2400.0,2500.0,2450.0,21
Gujarat,Banaskanth,Deesa(Deesa Veg Yard),Pineapple,Other,Medium,2016-04-28 00:00:00,2300.0,2500.0,2400.0,21
Gujarat,Banaskanth,Deesa(Deesa Veg Yard),Pineapple,Other,Medium,2016-05-05 00:00:00,2500.0,2700.0,2600.0,21
Gujarat,Banaskanth,Deesa(Deesa Veg Yard),Pineapple,Other,Medium,2016-05-18 00:00:00,2500.0,3000.0,2750.0,21
Gujarat,Banaskanth,Deesa(Deesa Veg Yard),Pineapple,Other,Medium,2016-06-08 00:00:00,2700.0,3000.0,2850.0,21
Gujarat,Banaskanth,Deesa(Deesa Veg Yard),Pineapple,Other,Medium,2016-06-16 00:00:00,2700.0,3000.0,2850.0,21
Gujarat,Banaskanth,Deesa(Deesa Veg Yard),Pineapple,Other,Large,2016-06-18 00:00:00,2500.0,3000.0,2750.0,21
Gujarat,Banaskanth,Deesa(Deesa Veg Yard),Pineapple,Other,Medium,2016-06-20 00:00:00,2700.0,3000.0,2850.0,21
Gujarat,Banaskanth,Deesa(Deesa Veg Yard),Pineapple,Other,Medium,2016-07-12 00:00:00,2500.0,2600.0,2550.0,21
Gujarat,Banaskanth,Deesa(Deesa Veg Yard),Pineapple,Other,Medium,2016-07-23 00:00:00,2500.0,2600.0,2550.0,21
Gujarat,Banaskanth,Deesa(Deesa Veg Yard),Pineapple,Other,Medium,2016-08-03 00:00:00,2500.0,2600.0,2550.0,21
Gujarat,Banaskanth,Deesa(Deesa Veg Yard),Pineapple,Other,Medium,2016-08-10 00:00:00,2500.0,2600.0,2550.0,21
Gujarat,Banaskanth,Deesa(Deesa Veg Yard),Pineapple,Other,Medium,2016-08-17 00:00:00,2500.0,2600.0,2550.0,21
Gujarat,Banaskanth,Deesa(Deesa Veg Yard),Pineapple,Other,Medium,2016-08-19 00:00:00,2500.0,2600.0,2550.0,21
Gujarat,Banaskanth,Deesa(Deesa Veg Yard),Pineapple,Other,Medium,2016-08-27 00:00:00,2500.0,2600.0,2550.0,21
Gujarat,Banaskanth,Deesa(Deesa Veg Yard),Pineapple,Other,Medium,2016-09-12 00:00:00,2400.0,2500.0,2450.0,21
Gujarat,Banaskanth,Deesa(Deesa Veg Yard),Pineapple,Other,Medium,2016-09-23 00:00:00,2500.0,3000.0,2750.0,21
Gujarat,Banaskanth,Deesa(Deesa Veg Yard),Pineapple,Other,Medium,2016-10-05 00:00:00,2500.0,3000.0,2750.0,21
Gujarat,Banaskanth,Deesa(Deesa Veg Yard),Pineapple,Other,Medium,2016-10-08 00:00:00,2500.0,3000.0,2750.0,21
Gujarat,Banaskanth,Deesa(Deesa Veg Yard),Pineapple,Other,Medium,2016-11-12 00:00:00,2400.0,2900.0,2650.0,21
Gujarat,Banaskanth,Deesa(Deesa Veg Yard),Pineapple,Other,Medium,2016-11-25 00:00:00,3800.0,4300.0,4050.0,21
Gujarat,Banaskanth,Deesa(Deesa Veg Yard),Pineapple,Other,Medium,2016-12-23 00:00:00,2500.0,3000.0,2750.0,21
Gujarat,Banaskanth,Deesa(Deesa Veg Yard),Pineapple,Other,Medium,2016-12-26 00:00:00,2500.0,3000.0,2750.0,21
Gujarat,Bharuch,Bharuch,Pineapple,Other,Medium,2016-02-12 00:00:00,2500.0,3000.0,2800.0,21
Gujarat,Bharuch,Bharuch,Pineapple,Other,Medium,2016-03-16 00:00:00,2000.0,3500.0,2500.0,21
Gujarat,Bharuch,Bharuch,Pineapple,Other,Medium,2016-05-18 00:00:00,2500.0,4500.0,3500.0,21
Gujarat,Bharuch,Bharuch,Pineapple,Other,Medium,2016-07-02 00:00:00,5000.0,7000.0,6000.0,21
Gujarat,Bharuch,Bharuch,Pineapple,Other,Medium,2016-11-24 00:00:00,4000.0,6000.0,5000.0,21
Gujarat,Bharuch,Bharuch,Pineapple,Other,Medium,2016-12-19 00:00:00,6000.0,7500.0,7000.0,21
Gujarat,Banaskanth,Deesa(Deesa Veg Yard),Pineapple,Other,Medium,2011-01-08 00:00:00,2300.0,3000.0,2650.0,21
Gujarat,Banaskanth,Deesa(Deesa Veg Yard),Pineapple,Other,Medium,2011-01-12 00:00:00,2300.0,2700.0,2500.0,21
Gujarat,Banaskanth,Deesa(Deesa Veg Yard),Pineapple,Other,Medium,2011-01-19 00:00:00,2300.0,2800.0,2550.0,21
Gujarat,Banaskanth,Deesa(Deesa Veg Yard),Pineapple,Other,Medium,2011-01-22 00:00:00,2300.0,2700.0,2500.0,21
Gujarat,Banaskanth,Deesa(Deesa Veg Yard),Pineapple,Other,Medium,2011-03-03 00:00:00,3000.0,3300.0,3150.0,21
Gujarat,Banaskanth,Deesa(Deesa Veg Yard),Pineapple,Other,Medium,2011-03-05 00:00:00,3000.0,3300.0,3150.0,21
Gujarat,Banaskanth,Deesa(Deesa Veg Yard),Pineapple,Other,Medium,2011-06-15 00:00:00,140.0,160.0,150.0,21
Gujarat,Banaskanth,Deesa(Deesa Veg Yard),Pineapple,Other,Medium,2011-06-20 00:00:00,140.0,160.0,150.0,21
Gujarat,Banaskanth,Deesa(Deesa Veg Yard),Pineapple,Other,Medium,2011-06-21 00:00:00,140.0,160.0,150.0,21
Gujarat,Banaskanth,Deesa(Deesa Veg Yard),Pineapple,Other,Medium,2011-06-28 00:00:00,120.0,140.0,130.0,21
Gujarat,Banaskanth,Deesa(Deesa Veg Yard),Pineapple,Other,Medium,2011-07-07 00:00:00,120.0,140.0,130.0,21
Gujarat,Banaskanth,Deesa(Deesa Veg Yard),Pineapple,Other,Medium,2011-10-15 00:00:00,120.0,150.0,135.0,21
Gujarat,Bharuch,Bharuch,Pineapple,Other,Medium,2011-03-23 00:00:00,2000.0,3000.0,2500.0,21
Gujarat,Bharuch,Bharuch,Pineapple,Other,Medium,2011-04-07 00:00:00,2000.0,3000.0,2500.0,21
Gujarat,Bharuch,Bharuch,Pineapple,Other,Medium,2011-04-08 00:00:00,2000.0,3000.0,2500.0,21
Gujarat,Ahmedabad,"Ahmedabad(Fruit Market, Naroda)",Pineapple,Other,Small,2008-04-21 00:00:00,300.0,312.0,310.0,21
Gujarat,Ahmedabad,"Ahmedabad(Fruit Market, Naroda)",Pineapple,Other,Small,2008-04-28 00:00:00,264.0,300.0,285.0,21
Gujarat,Ahmedabad,"Ahmedabad(Fruit Market, Naroda)",Pineapple,Other,Small,2008-04-29 00:00:00,240.0,312.0,290.0,21
Gujarat,Banaskanth,Deesa(Deesa Veg Yard),Pineapple,Other,Medium,2008-12-12 00:00:00,600.0,700.0,650.0,21
Gujarat,Ahmedabad,Ahmedabad,Pineapple,Other,Large,2001-12-18 00:00:00,140.0,220.0,200.0,21
Gujarat,Ahmedabad,Ahmedabad,Pineapple,Other,Large,2001-12-27 00:00:00,60.0,80.0,75.0,21
Gujarat,Ahmedabad,"Ahmedabad(Fruit Market, Naroda)",Pineapple,Other,Small,2014-10-16 00:00:00,2800.0,3300.0,3100.0,21
Gujarat,Ahmedabad,"Ahmedabad(Fruit Market, Naroda)",Pineapple,Other,Small,2014-10-20 00:00:00,2800.0,3200.0,3100.0,21
Gujarat,Ahmedabad,"Ahmedabad(Fruit Market, Naroda)",Pineapple,Other,Small,2014-10-28 00:00:00,2800.0,3200.0,3100.0,21
Gujarat,Ahmedabad,"Ahmedabad(Fruit Market, Naroda)",Pineapple,Other,Small,2014-11-11 00:00:00,2800.0,3200.0,3100.0,21
Gujarat,Ahmedabad,"Ahmedabad(Fruit Market, Naroda)",Pineapple,Other,Small,2014-11-18 00:00:00,2800.0,3500.0,3200.0,21
Gujarat,Ahmedabad,"Ahmedabad(Fruit Market, Naroda)",Pineapple,Other,Small,2014-11-19 00:00:00,2800.0,3200.0,3100.0,21
Gujarat,Ahmedabad,"Ahmedabad(Fruit Market, Naroda)",Pineapple,Other,Small,2014-11-20 00:00:00,3000.0,3500.0,3300.0,21
Gujarat,Ahmedabad,"Ahmedabad(Fruit Market, Naroda)",Pineapple,Other,Small,2014-11-26 00:00:00,2800.0,3200.0,3100.0,21
Gujarat,Ahmedabad,"Ahmedabad(Fruit Market, Naroda)",Pineapple,Other,Small,2014-12-01 00:00:00,2800.0,3200.0,3100.0,21
Gujarat,Ahmedabad,"Ahmedabad(Fruit Market, Naroda)",Pineapple,Other,Small,2014-12-05 00:00:00,3200.0,3600.0,3500.0,21
Gujarat,Ahmedabad,"Ahmedabad(Fruit Market, Naroda)",Pineapple,Other,Small,2014-12-06 00:00:00,3000.0,3600.0,3500.0,21
Gujarat,Ahmedabad,"Ahmedabad(Fruit Market, Naroda)",Pineapple,Other,Small,2014-12-10 00:00:00,3000.0,3500.0,3300.0,21
Gujarat,Ahmedabad,"Ahmedabad(Fruit Market, Naroda)",Pineapple,Other,Small,2014-12-15 00:00:00,2800.0,3200.0,3100.0,21
Gujarat,Ahmedabad,"Ahmedabad(Fruit Market, Naroda)",Pineapple,Other,Small,2014-12-19 00:00:00,2800.0,3000.0,3000.0,21
Gujarat,Ahmedabad,"Ahmedabad(Fruit Market, Naroda)",Pineapple,Other,Small,2014-12-22 00:00:00,2800.0,3200.0,3100.0,21
Gujarat,Ahmedabad,"Ahmedabad(Fruit Market, Naroda)",Pineapple,Other,Small,2014-12-23 00:00:00,2500.0,3000.0,2800.0,21
Gujarat,Ahmedabad,"Ahmedabad(Fruit Market, Naroda)",Pineapple,Other,Small,2014-12-30 00:00:00,2000.0,2500.0,2300.0,21
Gujarat,Ahmedabad,Ahmedabad(Manekchowk),Pineapple,Other,Small,2014-11-24 00:00:00,2500.0,3200.0,3000.0,21
Gujarat,Ahmedabad,Ahmedabad(Manekchowk),Pineapple,Other,Small,2014-11-26 00:00:00,2800.0,3200.0,3100.0,21
Gujarat,Ahmedabad,Ahmedabad(Manekchowk),Pineapple,Other,Small,2014-12-02 00:00:00,2800.0,3500.0,3200.0,21
Gujarat,Ahmedabad,Ahmedabad(Manekchowk),Pineapple,Other,Small,2014-12-17 00:00:00,2500.0,3000.0,2800.0,21
Gujarat,Ahmedabad,Ahmedabad(Manekchowk),Pineapple,Other,Small,2014-12-23 00:00:00,2500.0,3000.0,2800.0,21
Gujarat,Banaskanth,Deesa(Deesa Veg Yard),Pineapple,Other,Medium,2014-02-01 00:00:00,3400.0,3500.0,3450.0,21
Gujarat,Banaskanth,Deesa(Deesa Veg Yard),Pineapple,Other,Medium,2014-02-06 00:00:00,4000.0,4200.0,4100.0,21
Gujarat,Banaskanth,Deesa(Deesa Veg Yard),Pineapple,Other,Medium,2014-02-10 00:00:00,3500.0,4000.0,3750.0,21
Gujarat,Banaskanth,Deesa(Deesa Veg Yard),Pineapple,Other,Medium,2014-02-17 00:00:00,4000.0,4500.0,4250.0,21
Gujarat,Banaskanth,Deesa(Deesa Veg Yard),Pineapple,Other,Medium,2014-02-18 00:00:00,4000.0,4200.0,4100.0,21
Gujarat,Banaskanth,Deesa(Deesa Veg Yard),Pineapple,Other,Medium,2014-02-21 00:00:00,4000.0,5000.0,4500.0,21
Gujarat,Banaskanth,Deesa(Deesa Veg Yard),Pineapple,Other,Medium,2014-02-28 00:00:00,3500.0,4000.0,3750.0,21
Gujarat,Banaskanth,Deesa(Deesa Veg Yard),Pineapple,Other,Medium,2014-06-02 00:00:00,3500.0,4000.0,3750.0,21
Gujarat,Banaskanth,Deesa(Deesa Veg Yard),Pineapple,Other,Medium,2014-06-03 00:00:00,3500.0,4000.0,3750.0,21
Gujarat,Banaskanth,Deesa(Deesa Veg Yard),Pineapple,Other,Medium,2014-06-06 00:00:00,5000.0,5500.0,5250.0,21
Gujarat,Banaskanth,Deesa(Deesa Veg Yard),Pineapple,Other,Medium,2014-06-07 00:00:00,5000.0,5500.0,5250.0,21
Gujarat,Banaskanth,Deesa(Deesa Veg Yard),Pineapple,Other,Medium,2014-06-14 00:00:00,5000.0,5500.0,5250.0,21
Gujarat,Banaskanth,Deesa(Deesa Veg Yard),Pineapple,Other,Medium,2014-06-21 00:00:00,4500.0,5500.0,5000.0,21
Gujarat,Banaskanth,Deesa(Deesa Veg Yard),Pineapple,Other,Medium,2014-07-11 00:00:00,5000.0,5500.0,5250.0,21
Gujarat,Banaskanth,Deesa(Deesa Veg Yard),Pineapple,Other,Medium,2014-07-15 00:00:00,5000.0,5500.0,5250.0,21
Gujarat,Banaskanth,Deesa(Deesa Veg Yard),Pineapple,Other,Medium,2014-07-18 00:00:00,4500.0,5000.0,4750.0,21
Gujarat,Banaskanth,Deesa(Deesa Veg Yard),Pineapple,Other,Medium,2014-07-24 00:00:00,3500.0,4000.0,3750.0,21
Gujarat,Banaskanth,Deesa(Deesa Veg Yard),Pineapple,Other,Medium,2014-08-01 00:00:00,3500.0,4500.0,4000.0,21
Gujarat,Banaskanth,Deesa(Deesa Veg Yard),Pineapple,Other,Medium,2014-08-02 00:00:00,3500.0,4500.0,4000.0,21
Gujarat,Banaskanth,Deesa(Deesa Veg Yard),Pineapple,Other,Medium,2014-08-27 00:00:00,3000.0,4000.0,3500.0,21
Gujarat,Banaskanth,Deesa(Deesa Veg Yard),Pineapple,Other,Medium,2014-09-03 00:00:00,3000.0,4000.0,3500.0,21
Gujarat,Banaskanth,Deesa(Deesa Veg Yard),Pineapple,Other,Medium,2014-09-11 00:00:00,3000.0,4000.0,3500.0,21
Gujarat,Banaskanth,Deesa(Deesa Veg Yard),Pineapple,Other,Medium,2014-09-24 00:00:00,3500.0,4000.0,3750.0,21
Gujarat,Bharuch,Bharuch,Pineapple,Other,Medium,2014-02-07 00:00:00,3000.0,3500.0,3250.0,21
Gujarat,Bharuch,Bharuch,Pineapple,Other,Medium,2014-11-14 00:00:00,6000.0,7000.0,6500.0,21
Gujarat,Bharuch,Bharuch,Pineapple,Other,Medium,2014-12-10 00:00:00,5000.0,7000.0,6000.0,21
Gujarat,Bharuch,Bharuch,Pineapple,Other,Medium,2014-12-12 00:00:00,5000.0,7000.0,6000.0,21
Gujarat,Banaskanth,Deesa(Deesa Veg Yard),Pineapple,Other,Medium,2025-04-09 00:00:00,6500.0,7250.0,6875.0,21
Gujarat,Banaskanth,Deesa(Deesa Veg Yard),Pineapple,Other,Medium,2025-04-23 00:00:00,4800.0,5200.0,5000.0,21
Gujarat,Banaskanth,Deesa(Deesa Veg Yard),Pineapple,Other,Medium,2025-04-25 00:00:00,4800.0,5350.0,5075.0,21
Gujarat,Banaskanth,Deesa(Deesa Veg Yard),Pineapple,Other,Medium,2025-04-26 00:00:00,4750.0,5400.0,5075.0,21
Gujarat,Banaskanth,Deesa(Deesa Veg Yard),Pineapple,Other,Medium,2025-04-28 00:00:00,4800.0,5500.0,5150.0,21
Gujarat,Bharuch,Bharuch,Pineapple,Other,Medium,2025-04-03 00:00:00,3000.0,3500.0,3200.0,21
Gujarat,Bharuch,Bharuch,Pineapple,Other,Medium,2025-04-06 00:00:00,4000.0,6000.0,5000.0,21
Gujarat,Banaskanth,Deesa(Deesa Veg Yard),Pineapple,Other,Medium,2023-01-03 00:00:00,2500.0,3750.0,3125.0,21
Gujarat,Banaskanth,Deesa(Deesa Veg Yard),Pineapple,Other,Medium,2023-01-04 00:00:00,3500.0,4000.0,3750.0,21
Gujarat,Banaskanth,Deesa(Deesa Veg Yard),Pineapple,Other,Medium,2023-01-17 00:00:00,4000.0,4100.0,4050.0,21
Gujarat,Banaskanth,Deesa(Deesa Veg Yard),Pineapple,Other,Medium,2023-01-19 00:00:00,4000.0,4250.0,4125.0,21
Gujarat,Banaskanth,Deesa(Deesa Veg Yard),Pineapple,Other,Medium,2023-01-28 00:00:00,4000.0,4750.0,4375.0,21
Gujarat,Banaskanth,Deesa(Deesa Veg Yard),Pineapple,Other,Medium,2023-02-13 00:00:00,4000.0,4500.0,4250.0,21
Gujarat,Banaskanth,Deesa(Deesa Veg Yard),Pineapple,Other,Medium,2023-02-15 00:00:00,4000.0,4750.0,4375.0,21
Gujarat,Banaskanth,Deesa(Deesa Veg Yard),Pineapple,Other,Medium,2023-02-23 00:00:00,5500.0,5650.0,5575.0,21
Gujarat,Banaskanth,Deesa(Deesa Veg Yard),Pineapple,Other,Medium,2023-02-28 00:00:00,5000.0,6200.0,5600.0,21
Gujarat,Banaskanth,Deesa(Deesa Veg Yard),Pineapple,Other,Medium,2023-03-02 00:00:00,5000.0,6200.0,5600.0,21
Gujarat,Banaskanth,Deesa(Deesa Veg Yard),Pineapple,Other,Medium,2023-03-17 00:00:00,5000.0,6200.0,5600.0,21
Gujarat,Banaskanth,Deesa(Deesa Veg Yard),Pineapple,Other,Medium,2023-03-25 00:00:00,6000.0,6700.0,6350.0,21
Gujarat,Banaskanth,Deesa(Deesa Veg Yard),Pineapple,Other,Medium,2023-04-11 00:00:00,6000.0,6800.0,6400.0,21
Gujarat,Banaskanth,Deesa(Deesa Veg Yard),Pineapple,Other,Medium,2023-04-12 00:00:00,6000.0,6850.0,6425.0,21
Gujarat,Banaskanth,Deesa(Deesa Veg Yard),Pineapple,Other,Medium,2023-04-21 00:00:00,3500.0,4850.0,4175.0,21
Gujarat,Banaskanth,Deesa(Deesa Veg Yard),Pineapple,Other,Medium,2023-05-02 00:00:00,4000.0,5000.0,4500.0,21
Gujarat,Banaskanth,Deesa(Deesa Veg Yard),Pineapple,Other,Medium,2023-05-25 00:00:00,5000.0,6000.0,5500.0,21
Gujarat,Banaskanth,Deesa(Deesa Veg Yard),Pineapple,Other,Medium,2023-05-27 00:00:00,5000.0,6000.0,5500.0,21
Gujarat,Banaskanth,Deesa(Deesa Veg Yard),Pineapple,Other,Medium,2023-05-30 00:00:00,5000.0,6150.0,5575.0,21
Gujarat,Banaskanth,Deesa(Deesa Veg Yard),Pineapple,Other,Medium,2023-06-05 00:00:00,5000.0,6200.0,5600.0,21
Gujarat,Banaskanth,Deesa(Deesa Veg Yard),Pineapple,Other,Medium,2023-06-16 00:00:00,5000.0,6200.0,5600.0,21
Gujarat,Banaskanth,Deesa(Deesa Veg Yard),Pineapple,Other,Medium,2023-06-23 00:00:00,5000.0,6150.0,5575.0,21
Gujarat,Banaskanth,Deesa(Deesa Veg Yard),Pineapple,Other,Medium,2023-07-07 00:00:00,6000.0,7000.0,6500.0,21
Gujarat,Banaskanth,Deesa(Deesa Veg Yard),Pineapple,Other,Medium,2023-07-13 00:00:00,6000.0,7000.0,6500.0,21
Gujarat,Banaskanth,Deesa(Deesa Veg Yard),Pineapple,Other,Medium,2023-07-20 00:00:00,5500.0,7000.0,6250.0,21
Gujarat,Banaskanth,Deesa(Deesa Veg Yard),Pineapple,Other,Medium,2023-07-31 00:00:00,6000.0,7000.0,6500.0,21
Gujarat,Banaskanth,Deesa(Deesa Veg Yard),Pineapple,Other,Medium,2023-08-04 00:00:00,6000.0,7250.0,6625.0,21
Gujarat,Banaskanth,Deesa(Deesa Veg Yard),Pineapple,Other,Medium,2023-08-05 00:00:00,6000.0,7200.0,6600.0,21
Gujarat,Banaskanth,Deesa(Deesa Veg Yard),Pineapple,Other,Medium,2023-08-07 00:00:00,6000.0,7250.0,6625.0,21
Gujarat,Banaskanth,Deesa(Deesa Veg Yard),Pineapple,Other,Medium,2023-08-17 00:00:00,4000.0,5000.0,4500.0,21
Gujarat,Banaskanth,Deesa(Deesa Veg Yard),Pineapple,Other,Medium,2023-08-23 00:00:00,4500.0,6250.0,5375.0,21
Gujarat,Banaskanth,Deesa(Deesa Veg Yard),Pineapple,Other,Medium,2023-08-28 00:00:00,5500.0,6350.0,5925.0,21
Gujarat,Banaskanth,Deesa(Deesa Veg Yard),Pineapple,Other,Medium,2023-08-31 00:00:00,5500.0,6250.0,5875.0,21
Gujarat,Banaskanth,Deesa(Deesa Veg Yard),Pineapple,Other,Medium,2023-09-18 00:00:00,6000.0,7200.0,6600.0,21
Gujarat,Banaskanth,Deesa(Deesa Veg Yard),Pineapple,Other,Medium,2023-10-06 00:00:00,6000.0,7200.0,6600.0,21
Gujarat,Banaskanth,Deesa(Deesa Veg Yard),Pineapple,Other,Medium,2023-10-21 00:00:00,4500.0,5500.0,5000.0,21
Gujarat,Banaskanth,Deesa(Deesa Veg Yard),Pineapple,Other,Medium,2023-10-25 00:00:00,4500.0,5500.0,5000.0,21
Gujarat,Banaskanth,Deesa(Deesa Veg Yard),Pineapple,Other,Medium,2023-11-01 00:00:00,4500.0,5000.0,4750.0,21
Gujarat,Banaskanth,Deesa(Deesa Veg Yard),Pineapple,Other,Medium,2023-11-20 00:00:00,4000.0,6150.0,5075.0,21
Gujarat,Banaskanth,Deesa(Deesa Veg Yard),Pineapple,Other,Medium,2023-11-21 00:00:00,4000.0,6200.0,5100.0,21
Gujarat,Banaskanth,Deesa(Deesa Veg Yard),Pineapple,Other,Medium,2023-11-22 00:00:00,4000.0,6250.0,5125.0,21
Gujarat,Banaskanth,Deesa(Deesa Veg Yard),Pineapple,Other,Medium,2023-11-30 00:00:00,5000.0,5650.0,5325.0,21
Gujarat,Banaskanth,Deesa(Deesa Veg Yard),Pineapple,Other,Medium,2023-12-07 00:00:00,2500.0,3400.0,2950.0,21
Gujarat,Banaskanth,Deesa(Deesa Veg Yard),Pineapple,Other,Medium,2023-12-16 00:00:00,5000.0,6200.0,5600.0,21
Gujarat,Banaskanth,Deesa(Deesa Veg Yard),Pineapple,Other,Medium,2023-12-27 00:00:00,5000.0,8250.0,6625.0,21
Gujarat,Navsari,Navsari,Pineapple,Other,Medium,2023-07-22 00:00:00,700.0,1100.0,900.0,21
Gujarat,Banaskanth,Deesa(Deesa Veg Yard) APMC,Pineapple,Other,Medium,2025-11-25 00:00:00,4000.0,5100.0,4550.0,21
Gujarat,Banaskanth,Deesa(Deesa Veg Yard),Pineapple,Other,Medium,2025-07-18 00:00:00,5500.0,6200.0,5850.0,21
Gujarat,Banaskanth,Deesa(Deesa Veg Yard),Pineapple,Other,Medium,2025-07-30 00:00:00,5000.0,6200.0,5600.0,21
Gujarat,Bharuch,Bharuch,Pineapple,Other,Medium,2025-07-08 00:00:00,3000.0,4000.0,3500.0,21
Gujarat,Bharuch,Bharuch,Pineapple,Other,Medium,2025-07-09 00:00:00,3000.0,4000.0,3500.0,21
Gujarat,Banaskanth,Deesa(Deesa Veg Yard),Pineapple,Other,Medium,2025-10-11 00:00:00,4000.0,5100.0,4550.0,21
Gujarat,Banaskanth,Deesa(Deesa Veg Yard),Pineapple,Other,Medium,2025-10-14 00:00:00,4000.0,5100.0,4550.0,21
Gujarat,Banaskanth,Deesa(Deesa Veg Yard),Pineapple,Other,Medium,2025-10-15 00:00:00,4000.0,5150.0,4575.0,21
Gujarat,Banaskanth,Deesa(Deesa Veg Yard) APMC,Pineapple,Other,Medium,2025-12-01 00:00:00,4000.0,5150.0,4575.0,21
Gujarat,Banaskanth,Deesa(Deesa Veg Yard) APMC,Pineapple,Other,Medium,2025-12-03 00:00:00,5500.0,6200.0,5850.0,21
Gujarat,Banaskanth,Deesa(Deesa Veg Yard) APMC,Pineapple,Other,Medium,2025-12-23 00:00:00,5500.0,6200.0,5850.0,21
Gujarat,Bharuch,Bharuch APMC,Pineapple,Other,Local,2025-12-30 00:00:00,2000.0,3500.0,2500.0,21
Gujarat,Bharuch,Bharuch APMC,Pineapple,Other,Local,2025-12-29 00:00:00,2500.0,3500.0,3000.0,21
Gujarat,Banaskanth,Deesa(Deesa Veg Yard) APMC,Pineapple,Other,Medium,2025-12-19 00:00:00,4500.0,5150.0,4825.0,21
Gujarat,Bharuch,Bharuch,Pineapple,Other,Medium,2004-09-04 00:00:00,800.0,900.0,850.0,21
Gujarat,Bharuch,Bharuch,Pineapple,Other,Medium,2004-09-27 00:00:00,700.0,800.0,750.0,21
Gujarat,Bharuch,Bharuch,Pineapple,Other,Medium,2004-10-18 00:00:00,800.0,1000.0,900.0,21
Gujarat,Bharuch,Bharuch,Pineapple,Other,Medium,2004-10-28 00:00:00,1000.0,1200.0,1100.0,21
Gujarat,Bharuch,Bharuch,Pineapple,Other,Medium,2004-11-03 00:00:00,800.0,1000.0,900.0,21
Gujarat,Bharuch,Bharuch,Pineapple,Other,Medium,2004-11-04 00:00:00,800.0,1000.0,900.0,21
Gujarat,Bharuch,Bharuch,Pineapple,Other,Medium,2004-11-18 00:00:00,600.0,700.0,650.0,21
Gujarat,Bharuch,Bharuch,Pineapple,Other,Medium,2005-07-28 00:00:00,800.0,1000.0,900.0,21
Gujarat,Bharuch,Bharuch,Pineapple,Other,Large,2005-07-29 00:00:00,1000.0,1200.0,1100.0,21
Gujarat,Bharuch,Bharuch,Pineapple,Other,Large,2005-08-30 00:00:00,1000.0,1200.0,1000.0,21
Gujarat,Bharuch,Bharuch,Pineapple,Other,Large,2005-09-09 00:00:00,1000.0,1200.0,1100.0,21
Gujarat,Bharuch,Bharuch,Pineapple,Other,Large,2005-10-07 00:00:00,1000.0,1200.0,1100.0,21
Gujarat,Bharuch,Bharuch,Pineapple,Other,Large,2005-10-14 00:00:00,1000.0,1200.0,1100.0,21
Gujarat,Bharuch,Bharuch,Pineapple,Other,Large,2005-10-19 00:00:00,1000.0,1200.0,1100.0,21
Gujarat,Bharuch,Bharuch,Pineapple,Other,Large,2005-10-27 00:00:00,1200.0,1400.0,1300.0,21
Gujarat,Bharuch,Bharuch,Pineapple,Other,Large,2005-11-17 00:00:00,1000.0,1200.0,1100.0,21
Gujarat,Bharuch,Bharuch,Pineapple,Other,Large,2005-12-01 00:00:00,800.0,1000.0,900.0,21
Gujarat,Ahmedabad,"Ahmedabad(Fruit Market, Naroda)",Pineapple,Other,Small,2015-01-02 00:00:00,2000.0,2500.0,2300.0,21
Gujarat,Ahmedabad,"Ahmedabad(Fruit Market, Naroda)",Pineapple,Other,Small,2015-01-07 00:00:00,2000.0,2500.0,2300.0,21
Gujarat,Ahmedabad,"Ahmedabad(Fruit Market, Naroda)",Pineapple,Other,Small,2015-01-08 00:00:00,2200.0,2800.0,2600.0,21
Gujarat,Ahmedabad,"Ahmedabad(Fruit Market, Naroda)",Pineapple,Other,Small,2015-01-09 00:00:00,2200.0,2500.0,2400.0,21
Gujarat,Ahmedabad,"Ahmedabad(Fruit Market, Naroda)",Pineapple,Other,Small,2015-01-12 00:00:00,2000.0,2500.0,2300.0,21
Gujarat,Ahmedabad,"Ahmedabad(Fruit Market, Naroda)",Pineapple,Other,Small,2015-01-15 00:00:00,2500.0,2800.0,2700.0,21
Gujarat,Ahmedabad,"Ahmedabad(Fruit Market, Naroda)",Pineapple,Other,Small,2015-01-19 00:00:00,2800.0,3500.0,3200.0,21
Gujarat,Ahmedabad,"Ahmedabad(Fruit Market, Naroda)",Pineapple,Other,Small,2015-01-21 00:00:00,2800.0,3500.0,3200.0,21
Gujarat,Ahmedabad,"Ahmedabad(Fruit Market, Naroda)",Pineapple,Other,Small,2015-01-24 00:00:00,2000.0,2500.0,2300.0,21
Gujarat,Ahmedabad,"Ahmedabad(Fruit Market, Naroda)",Pineapple,Other,Small,2015-01-26 00:00:00,2000.0,2400.0,2300.0,21
Gujarat,Ahmedabad,"Ahmedabad(Fruit Market, Naroda)",Pineapple,Other,Small,2015-01-30 00:00:00,2000.0,2400.0,2300.0,21
Gujarat,Ahmedabad,"Ahmedabad(Fruit Market, Naroda)",Pineapple,Other,Small,2015-02-05 00:00:00,2500.0,3000.0,2800.0,21
Gujarat,Ahmedabad,"Ahmedabad(Fruit Market, Naroda)",Pineapple,Other,Medium,2015-02-18 00:00:00,2200.0,2600.0,2500.0,21
Gujarat,Ahmedabad,"Ahmedabad(Fruit Market, Naroda)",Pineapple,Other,Medium,2015-02-19 00:00:00,2000.0,2500.0,2300.0,21
Gujarat,Ahmedabad,"Ahmedabad(Fruit Market, Naroda)",Pineapple,Other,Medium,2015-02-21 00:00:00,2500.0,3000.0,2800.0,21
Gujarat,Ahmedabad,"Ahmedabad(Fruit Market, Naroda)",Pineapple,Other,Medium,2015-03-09 00:00:00,2800.0,3200.0,3100.0,21
Gujarat,Ahmedabad,"Ahmedabad(Fruit Market, Naroda)",Pineapple,Other,Medium,2015-03-14 00:00:00,2800.0,3300.0,3100.0,21
Gujarat,Ahmedabad,"Ahmedabad(Fruit Market, Naroda)",Pineapple,Other,Medium,2015-03-28 00:00:00,3000.0,3500.0,3300.0,21
Gujarat,Ahmedabad,"Ahmedabad(Fruit Market, Naroda)",Pineapple,Other,Medium,2015-04-02 00:00:00,2800.0,3200.0,3000.0,21
Gujarat,Ahmedabad,"Ahmedabad(Fruit Market, Naroda)",Pineapple,Other,Medium,2015-04-15 00:00:00,2500.0,3000.0,2800.0,21
Gujarat,Ahmedabad,"Ahmedabad(Fruit Market, Naroda)",Pineapple,Other,Medium,2015-04-17 00:00:00,2800.0,3200.0,3100.0,21
Gujarat,Ahmedabad,"Ahmedabad(Fruit Market, Naroda)",Pineapple,Other,Medium,2015-04-23 00:00:00,2800.0,3200.0,3100.0,21
Gujarat,Ahmedabad,"Ahmedabad(Fruit Market, Naroda)",Pineapple,Other,Medium,2015-05-04 00:00:00,3000.0,3500.0,3300.0,21
Gujarat,Ahmedabad,"Ahmedabad(Fruit Market, Naroda)",Pineapple,Other,Medium,2015-06-23 00:00:00,2800.0,3200.0,3100.0,21
Gujarat,Ahmedabad,"Ahmedabad(Fruit Market, Naroda)",Pineapple,Other,Medium,2015-06-24 00:00:00,2800.0,3200.0,3100.0,21
Gujarat,Ahmedabad,"Ahmedabad(Fruit Market, Naroda)",Pineapple,Other,Medium,2015-06-26 00:00:00,2800.0,3200.0,3100.0,21
Gujarat,Ahmedabad,"Ahmedabad(Fruit Market, Naroda)",Pineapple,Other,Medium,2015-06-30 00:00:00,2500.0,3000.0,2800.0,21
Gujarat,Ahmedabad,"Ahmedabad(Fruit Market, Naroda)",Pineapple,Other,Medium,2015-07-31 00:00:00,2500.0,3200.0,2900.0,21
Gujarat,Ahmedabad,"Ahmedabad(Fruit Market, Naroda)",Pineapple,Other,Medium,2015-08-03 00:00:00,2800.0,3200.0,3000.0,21
Gujarat,Ahmedabad,"Ahmedabad(Fruit Market, Naroda)",Pineapple,Other,Medium,2015-08-11 00:00:00,2800.0,3200.0,3000.0,21
Gujarat,Ahmedabad,"Ahmedabad(Fruit Market, Naroda)",Pineapple,Other,Medium,2015-08-22 00:00:00,2800.0,3200.0,3000.0,21
Gujarat,Ahmedabad,"Ahmedabad(Fruit Market, Naroda)",Pineapple,Other,Medium,2015-09-01 00:00:00,2500.0,3000.0,2800.0,21
Gujarat,Ahmedabad,"Ahmedabad(Fruit Market, Naroda)",Pineapple,Other,Medium,2015-09-16 00:00:00,2500.0,3000.0,2800.0,21
Gujarat,Ahmedabad,"Ahmedabad(Fruit Market, Naroda)",Pineapple,Other,Medium,2015-09-19 00:00:00,2500.0,3000.0,2800.0,21
Gujarat,Ahmedabad,"Ahmedabad(Fruit Market, Naroda)",Pineapple,Other,Medium,2015-09-21 00:00:00,2500.0,3000.0,2800.0,21
Gujarat,Ahmedabad,"Ahmedabad(Fruit Market, Naroda)",Pineapple,Other,Medium,2015-09-22 00:00:00,2500.0,3000.0,2800.0,21
Gujarat,Ahmedabad,"Ahmedabad(Fruit Market, Naroda)",Pineapple,Other,Medium,2015-09-23 00:00:00,2500.0,3000.0,2800.0,21
Gujarat,Ahmedabad,"Ahmedabad(Fruit Market, Naroda)",Pineapple,Other,Medium,2015-10-09 00:00:00,2200.0,2800.0,2500.0,21
Gujarat,Ahmedabad,"Ahmedabad(Fruit Market, Naroda)",Pineapple,Other,Medium,2015-10-10 00:00:00,2200.0,2800.0,2500.0,21
Gujarat,Ahmedabad,"Ahmedabad(Fruit Market, Naroda)",Pineapple,Other,Medium,2015-10-12 00:00:00,2000.0,2500.0,2300.0,21
Gujarat,Ahmedabad,"Ahmedabad(Fruit Market, Naroda)",Pineapple,Other,Medium,2015-10-21 00:00:00,1800.0,2300.0,2100.0,21
Gujarat,Ahmedabad,"Ahmedabad(Fruit Market, Naroda)",Pineapple,Other,Medium,2015-10-24 00:00:00,1800.0,2200.0,2000.0,21
Gujarat,Ahmedabad,"Ahmedabad(Fruit Market, Naroda)",Pineapple,Other,Medium,2015-10-26 00:00:00,1800.0,2300.0,2100.0,21
Gujarat,Ahmedabad,"Ahmedabad(Fruit Market, Naroda)",Pineapple,Other,Medium,2015-11-03 00:00:00,1800.0,2200.0,2000.0,21
Gujarat,Ahmedabad,"Ahmedabad(Fruit Market, Naroda)",Pineapple,Other,Medium,2015-11-16 00:00:00,1500.0,2200.0,2000.0,21
Gujarat,Ahmedabad,"Ahmedabad(Fruit Market, Naroda)",Pineapple,Other,Medium,2015-11-27 00:00:00,1500.0,2200.0,1900.0,21
Gujarat,Ahmedabad,"Ahmedabad(Fruit Market, Naroda)",Pineapple,Other,Medium,2015-12-30 00:00:00,1800.0,2200.0,2000.0,21
Gujarat,Ahmedabad,Ahmedabad(Manekchowk),Pineapple,Other,Small,2015-01-05 00:00:00,2000.0,2500.0,2300.0,21
Gujarat,Ahmedabad,Ahmedabad(Manekchowk),Pineapple,Other,Small,2015-01-08 00:00:00,2200.0,2800.0,2600.0,21
Gujarat,Ahmedabad,Ahmedabad(Manekchowk),Pineapple,Other,Small,2015-01-09 00:00:00,2200.0,2500.0,2400.0,21
Gujarat,Ahmedabad,Ahmedabad(Manekchowk),Pineapple,Other,Small,2015-01-10 00:00:00,2200.0,2800.0,2600.0,21
Gujarat,Ahmedabad,Ahmedabad(Manekchowk),Pineapple,Other,Small,2015-02-02 00:00:00,2000.0,2400.0,2300.0,21
Gujarat,Ahmedabad,Ahmedabad(Manekchowk),Pineapple,Other,Medium,2015-02-11 00:00:00,2200.0,2600.0,2500.0,21
Gujarat,Ahmedabad,Ahmedabad(Manekchowk),Pineapple,Other,Medium,2015-02-19 00:00:00,2000.0,2500.0,2300.0,21
Gujarat,Ahmedabad,Ahmedabad(Manekchowk),Pineapple,Other,Medium,2015-02-21 00:00:00,2500.0,3000.0,2800.0,21
Gujarat,Ahmedabad,Ahmedabad(Manekchowk),Pineapple,Other,Medium,2015-02-25 00:00:00,3000.0,3500.0,3300.0,21
Gujarat,Ahmedabad,Ahmedabad(Manekchowk),Pineapple,Other,Medium,2015-04-07 00:00:00,2800.0,3200.0,3100.0,21
Gujarat,Ahmedabad,Ahmedabad(Manekchowk),Pineapple,Other,Medium,2015-04-14 00:00:00,2800.0,3000.0,2900.0,21
Gujarat,Ahmedabad,Ahmedabad(Manekchowk),Pineapple,Other,Medium,2015-04-17 00:00:00,2800.0,3200.0,3100.0,21
Gujarat,Ahmedabad,Ahmedabad(Manekchowk),Pineapple,Other,Medium,2015-04-30 00:00:00,3200.0,3500.0,3400.0,21
Gujarat,Ahmedabad,Ahmedabad(Manekchowk),Pineapple,Other,Medium,2015-05-07 00:00:00,3000.0,3500.0,3300.0,21
Gujarat,Ahmedabad,Ahmedabad(Manekchowk),Pineapple,Other,Medium,2015-05-11 00:00:00,2800.0,3500.0,3200.0,21
Gujarat,Ahmedabad,Ahmedabad(Manekchowk),Pineapple,Other,Medium,2015-05-26 00:00:00,3000.0,3500.0,3300.0,21
Gujarat,Ahmedabad,Ahmedabad(Manekchowk),Pineapple,Other,Medium,2015-06-19 00:00:00,2800.0,3200.0,3100.0,21
Gujarat,Ahmedabad,Ahmedabad(Manekchowk),Pineapple,Other,Medium,2015-06-20 00:00:00,3000.0,3500.0,3300.0,21
Gujarat,Ahmedabad,Ahmedabad(Manekchowk),Pineapple,Other,Medium,2015-06-25 00:00:00,2800.0,3200.0,3100.0,21
Gujarat,Ahmedabad,Ahmedabad(Manekchowk),Pineapple,Other,Medium,2015-06-30 00:00:00,2500.0,3000.0,2800.0,21
Gujarat,Ahmedabad,Ahmedabad(Manekchowk),Pineapple,Other,Medium,2015-07-17 00:00:00,2500.0,3000.0,2800.0,21
Gujarat,Ahmedabad,Ahmedabad(Manekchowk),Pineapple,Other,Medium,2015-07-20 00:00:00,2500.0,3000.0,2800.0,21
Gujarat,Ahmedabad,Ahmedabad(Manekchowk),Pineapple,Other,Medium,2015-07-24 00:00:00,2800.0,3200.0,3000.0,21
Gujarat,Ahmedabad,Ahmedabad(Manekchowk),Pineapple,Other,Medium,2015-08-06 00:00:00,2800.0,3200.0,3000.0,21
Gujarat,Ahmedabad,Ahmedabad(Manekchowk),Pineapple,Other,Medium,2015-08-10 00:00:00,2500.0,3000.0,2800.0,21
Gujarat,Ahmedabad,Ahmedabad(Manekchowk),Pineapple,Other,Medium,2015-08-13 00:00:00,2500.0,3200.0,3000.0,21
Gujarat,Ahmedabad,Ahmedabad(Manekchowk),Pineapple,Other,Medium,2015-08-14 00:00:00,2500.0,3000.0,2800.0,21
Gujarat,Ahmedabad,Ahmedabad(Manekchowk),Pineapple,Other,Medium,2015-08-19 00:00:00,2500.0,3000.0,2800.0,21
Gujarat,Ahmedabad,Ahmedabad(Manekchowk),Pineapple,Other,Medium,2015-09-02 00:00:00,2500.0,3200.0,2900.0,21
Gujarat,Ahmedabad,Ahmedabad(Manekchowk),Pineapple,Other,Medium,2015-09-08 00:00:00,2500.0,3000.0,2800.0,21
Gujarat,Ahmedabad,Ahmedabad(Manekchowk),Pineapple,Other,Medium,2015-09-10 00:00:00,2500.0,3000.0,2800.0,21
Gujarat,Ahmedabad,Ahmedabad(Manekchowk),Pineapple,Other,Medium,2015-09-19 00:00:00,2500.0,3000.0,2800.0,21
Gujarat,Ahmedabad,Ahmedabad(Manekchowk),Pineapple,Other,Medium,2015-09-26 00:00:00,2000.0,2500.0,2300.0,21
Gujarat,Ahmedabad,Ahmedabad(Manekchowk),Pineapple,Other,Medium,2015-09-28 00:00:00,2000.0,2500.0,2300.0,21
Gujarat,Ahmedabad,Ahmedabad(Manekchowk),Pineapple,Other,Medium,2015-09-29 00:00:00,2000.0,2500.0,2300.0,21
Gujarat,Ahmedabad,Ahmedabad(Manekchowk),Pineapple,Other,Medium,2015-09-30 00:00:00,2000.0,2500.0,2300.0,21
Gujarat,Ahmedabad,Ahmedabad(Manekchowk),Pineapple,Other,Medium,2015-10-03 00:00:00,2000.0,2500.0,2300.0,21
Gujarat,Ahmedabad,Ahmedabad(Manekchowk),Pineapple,Other,Medium,2015-10-08 00:00:00,2000.0,2500.0,2300.0,21
Gujarat,Ahmedabad,Ahmedabad(Manekchowk),Pineapple,Other,Medium,2015-10-10 00:00:00,2200.0,2800.0,2500.0,21
Gujarat,Ahmedabad,Ahmedabad(Manekchowk),Pineapple,Other,Medium,2015-10-17 00:00:00,1800.0,2300.0,2100.0,21
Gujarat,Ahmedabad,Ahmedabad(Manekchowk),Pineapple,Other,Medium,2015-10-22 00:00:00,1800.0,2200.0,2000.0,21
Gujarat,Ahmedabad,Ahmedabad(Manekchowk),Pineapple,Other,Medium,2015-10-24 00:00:00,1800.0,2200.0,2000.0,21
Gujarat,Ahmedabad,Ahmedabad(Manekchowk),Pineapple,Other,Medium,2015-10-27 00:00:00,1500.0,2200.0,2000.0,21
Gujarat,Ahmedabad,Ahmedabad(Manekchowk),Pineapple,Other,Medium,2015-11-10 00:00:00,1500.0,2200.0,1900.0,21
Gujarat,Ahmedabad,Ahmedabad(Manekchowk),Pineapple,Other,Medium,2015-11-16 00:00:00,1500.0,2200.0,2000.0,21
Gujarat,Ahmedabad,Ahmedabad(Manekchowk),Pineapple,Other,Medium,2015-11-17 00:00:00,1500.0,2200.0,1900.0,21
Gujarat,Ahmedabad,Ahmedabad(Manekchowk),Pineapple,Other,Medium,2015-11-19 00:00:00,1500.0,2200.0,1900.0,21
Gujarat,Ahmedabad,Ahmedabad(Manekchowk),Pineapple,Other,Medium,2015-12-11 00:00:00,1500.0,2300.0,1900.0,21
Gujarat,Ahmedabad,Ahmedabad(Manekchowk),Pineapple,Other,Medium,2015-12-25 00:00:00,1500.0,2200.0,2000.0,21
Gujarat,Ahmedabad,Ahmedabad(Manekchowk),Pineapple,Other,Medium,2015-12-26 00:00:00,1800.0,2300.0,2100.0,21
Gujarat,Banaskanth,Deesa(Deesa Veg Yard),Pineapple,Other,Medium,2015-01-02 00:00:00,2500.0,3500.0,3000.0,21
Gujarat,Banaskanth,Deesa(Deesa Veg Yard),Pineapple,Other,Medium,2015-01-08 00:00:00,3000.0,3500.0,3250.0,21
Gujarat,Banaskanth,Deesa(Deesa Veg Yard),Pineapple,Other,Medium,2015-02-02 00:00:00,3000.0,3500.0,3250.0,21
Gujarat,Banaskanth,Deesa(Deesa Veg Yard),Pineapple,Other,Medium,2015-02-04 00:00:00,3000.0,3500.0,3250.0,21
Gujarat,Banaskanth,Deesa(Deesa Veg Yard),Pineapple,Other,Medium,2015-02-13 00:00:00,3000.0,3100.0,3050.0,21
Gujarat,Banaskanth,Deesa(Deesa Veg Yard),Pineapple,Other,Medium,2015-02-14 00:00:00,3000.0,3300.0,3150.0,21
Gujarat,Banaskanth,Deesa(Deesa Veg Yard),Pineapple,Other,Medium,2015-03-09 00:00:00,3000.0,3500.0,3250.0,21
Gujarat,Banaskanth,Deesa(Deesa Veg Yard),Pineapple,Other,Medium,2015-03-10 00:00:00,3000.0,3400.0,3200.0,21
Gujarat,Banaskanth,Deesa(Deesa Veg Yard),Pineapple,Other,Medium,2015-03-11 00:00:00,3000.0,3500.0,3250.0,21
Gujarat,Banaskanth,Deesa(Deesa Veg Yard),Pineapple,Other,Medium,2015-03-12 00:00:00,3000.0,3500.0,3250.0,21
Gujarat,Banaskanth,Deesa(Deesa Veg Yard),Pineapple,Other,Medium,2015-03-18 00:00:00,3000.0,4000.0,3500.0,21
Gujarat,Banaskanth,Deesa(Deesa Veg Yard),Pineapple,Other,Medium,2015-03-20 00:00:00,3000.0,4000.0,3500.0,21
Gujarat,Banaskanth,Deesa(Deesa Veg Yard),Pineapple,Other,Medium,2015-04-13 00:00:00,600.0,800.0,700.0,21
Gujarat,Banaskanth,Deesa(Deesa Veg Yard),Pineapple,Other,Medium,2015-04-27 00:00:00,3000.0,4000.0,3500.0,21
Gujarat,Banaskanth,Deesa(Deesa Veg Yard),Pineapple,Other,Medium,2015-04-28 00:00:00,3500.0,3800.0,3650.0,21
Gujarat,Banaskanth,Deesa(Deesa Veg Yard),Pineapple,Other,Medium,2015-04-30 00:00:00,3500.0,4000.0,3750.0,21
Gujarat,Banaskanth,Deesa(Deesa Veg Yard),Pineapple,Other,Medium,2015-05-01 00:00:00,3500.0,4000.0,3750.0,21
Gujarat,Banaskanth,Deesa(Deesa Veg Yard),Pineapple,Other,Medium,2015-05-13 00:00:00,3500.0,4000.0,3750.0,21
Gujarat,Banaskanth,Deesa(Deesa Veg Yard),Pineapple,Other,Medium,2015-05-23 00:00:00,3500.0,4000.0,3750.0,21
Gujarat,Banaskanth,Deesa(Deesa Veg Yard),Pineapple,Other,Medium,2015-05-27 00:00:00,3500.0,4000.0,3750.0,21
Gujarat,Banaskanth,Deesa(Deesa Veg Yard),Pineapple,Other,Medium,2015-06-18 00:00:00,3500.0,3900.0,3700.0,21
Gujarat,Banaskanth,Deesa(Deesa Veg Yard),Pineapple,Other,Medium,2015-06-23 00:00:00,3500.0,4000.0,3750.0,21
Gujarat,Banaskanth,Deesa(Deesa Veg Yard),Pineapple,Other,Medium,2015-06-24 00:00:00,3500.0,4000.0,3750.0,21
Gujarat,Banaskanth,Deesa(Deesa Veg Yard),Pineapple,Other,Medium,2015-07-14 00:00:00,3500.0,4000.0,3750.0,21
Gujarat,Banaskanth,Deesa(Deesa Veg Yard),Pineapple,Other,Medium,2015-07-16 00:00:00,3500.0,3800.0,3650.0,21
Gujarat,Banaskanth,Deesa(Deesa Veg Yard),Pineapple,Other,Medium,2015-07-25 00:00:00,3500.0,4000.0,3750.0,21
Gujarat,Banaskanth,Deesa(Deesa Veg Yard),Pineapple,Other,Medium,2015-08-01 00:00:00,3500.0,3900.0,3700.0,21
Gujarat,Banaskanth,Deesa(Deesa Veg Yard),Pineapple,Other,Medium,2015-08-18 00:00:00,3500.0,4000.0,3750.0,21
Gujarat,Banaskanth,Deesa(Deesa Veg Yard),Pineapple,Other,Medium,2015-08-19 00:00:00,3500.0,4000.0,3750.0,21
Gujarat,Banaskanth,Deesa(Deesa Veg Yard),Pineapple,Other,Medium,2015-08-24 00:00:00,3500.0,4000.0,3750.0,21
Gujarat,Banaskanth,Deesa(Deesa Veg Yard),Pineapple,Other,Medium,2015-08-25 00:00:00,3500.0,3900.0,3700.0,21
Gujarat,Banaskanth,Deesa(Deesa Veg Yard),Pineapple,Other,Medium,2015-09-01 00:00:00,3500.0,3900.0,3700.0,21
Gujarat,Banaskanth,Deesa(Deesa Veg Yard),Pineapple,Other,Medium,2015-09-02 00:00:00,3500.0,3900.0,3700.0,21
Gujarat,Banaskanth,Deesa(Deesa Veg Yard),Pineapple,Other,Medium,2015-09-09 00:00:00,3500.0,4000.0,3750.0,21
Gujarat,Banaskanth,Deesa(Deesa Veg Yard),Pineapple,Other,Medium,2015-09-30 00:00:00,3500.0,4000.0,3750.0,21
Gujarat,Banaskanth,Deesa(Deesa Veg Yard),Pineapple,Other,Medium,2015-10-16 00:00:00,3500.0,3900.0,3700.0,21
Gujarat,Banaskanth,Deesa(Deesa Veg Yard),Pineapple,Other,Medium,2015-11-05 00:00:00,3500.0,4000.0,3750.0,21
Gujarat,Banaskanth,Deesa(Deesa Veg Yard),Pineapple,Other,Medium,2015-11-20 00:00:00,3500.0,4000.0,3750.0,21
Gujarat,Banaskanth,Deesa(Deesa Veg Yard),Pineapple,Other,Medium,2015-11-30 00:00:00,3500.0,4000.0,3750.0,21
Gujarat,Banaskanth,Deesa(Deesa Veg Yard),Pineapple,Other,Medium,2015-12-09 00:00:00,3000.0,3700.0,3350.0,21
Gujarat,Bharuch,Bharuch,Pineapple,Other,Medium,2015-01-16 00:00:00,5000.0,6000.0,5500.0,21
Gujarat,Bharuch,Bharuch,Pineapple,Other,Medium,2015-01-21 00:00:00,4000.0,6000.0,5000.0,21
Gujarat,Bharuch,Bharuch,Pineapple,Other,Medium,2015-07-07 00:00:00,4000.0,6000.0,5000.0,21
Gujarat,Bharuch,Bharuch,Pineapple,Other,Medium,2003-11-07 00:00:00,1000.0,1100.0,1050.0,21
Gujarat,Bharuch,Bharuch,Pineapple,Other,Medium,2003-11-11 00:00:00,1000.0,1100.0,1050.0,21
Gujarat,Bharuch,Bharuch,Pineapple,Other,Medium,2003-11-13 00:00:00,800.0,1000.0,900.0,21
Gujarat,Bharuch,Bharuch,Pineapple,Other,Medium,2003-11-19 00:00:00,800.0,1000.0,900.0,21
Gujarat,Bharuch,Bharuch,Pineapple,Other,Medium,2003-12-03 00:00:00,1000.0,1500.0,1250.0,21
Gujarat,Bharuch,Bharuch,Pineapple,Other,Medium,2003-12-18 00:00:00,1000.0,1500.0,1250.0,21
Gujarat,Bharuch,Bharuch,Pineapple,Other,Medium,2003-12-29 00:00:00,800.0,1200.0,1000.0,21
Gujarat,Bharuch,Bharuch,Pineapple,Other,Medium,2003-10-13 00:00:00,1000.0,1100.0,1050.0,21
Gujarat,Bharuch,Bharuch,Pineapple,Other,Medium,2003-10-22 00:00:00,1000.0,1100.0,1050.0,21
Gujarat,Bharuch,Bharuch,Pineapple,Other,Medium,2003-11-03 00:00:00,1000.0,1100.0,1050.0,21
Gujarat,Ahmedabad,"Ahmedabad(Fruit Market, Naroda)",Pineapple,Other,Medium,2017-03-07 00:00:00,2500.0,2800.0,2700.0,21
Gujarat,Ahmedabad,"Ahmedabad(Fruit Market, Naroda)",Pineapple,Other,Medium,2017-03-08 00:00:00,2200.0,2600.0,2500.0,21
Gujarat,Ahmedabad,"Ahmedabad(Fruit Market, Naroda)",Pineapple,Other,Medium,2017-03-11 00:00:00,2000.0,2600.0,2400.0,21
Gujarat,Ahmedabad,"Ahmedabad(Fruit Market, Naroda)",Pineapple,Other,Medium,2017-03-16 00:00:00,2000.0,2500.0,2300.0,21
Gujarat,Ahmedabad,"Ahmedabad(Fruit Market, Naroda)",Pineapple,Other,Medium,2017-03-20 00:00:00,2200.0,3500.0,3000.0,21
Gujarat,Ahmedabad,"Ahmedabad(Fruit Market, Naroda)",Pineapple,Other,Medium,2017-03-22 00:00:00,2500.0,2700.0,2600.0,21
Gujarat,Ahmedabad,"Ahmedabad(Fruit Market, Naroda)",Pineapple,Other,Medium,2017-03-30 00:00:00,1500.0,3000.0,2500.0,21
Gujarat,Ahmedabad,"Ahmedabad(Fruit Market, Naroda)",Pineapple,Other,Medium,2017-03-31 00:00:00,1500.0,3000.0,2500.0,21
Gujarat,Ahmedabad,"Ahmedabad(Fruit Market, Naroda)",Pineapple,Other,Medium,2017-04-08 00:00:00,2300.0,3000.0,2800.0,21
Gujarat,Ahmedabad,"Ahmedabad(Fruit Market, Naroda)",Pineapple,Other,Medium,2017-04-12 00:00:00,2500.0,3200.0,3000.0,21
Gujarat,Ahmedabad,"Ahmedabad(Fruit Market, Naroda)",Pineapple,Other,Medium,2017-05-04 00:00:00,1800.0,3000.0,2500.0,21
Gujarat,Ahmedabad,"Ahmedabad(Fruit Market, Naroda)",Pineapple,Other,Medium,2017-05-06 00:00:00,2000.0,3000.0,2500.0,21
Gujarat,Ahmedabad,"Ahmedabad(Fruit Market, Naroda)",Pineapple,Other,Medium,2017-05-12 00:00:00,2500.0,3500.0,3200.0,21
Gujarat,Ahmedabad,"Ahmedabad(Fruit Market, Naroda)",Pineapple,Other,Medium,2017-05-17 00:00:00,2200.0,4500.0,3500.0,21
Gujarat,Ahmedabad,"Ahmedabad(Fruit Market, Naroda)",Pineapple,Other,Medium,2017-05-18 00:00:00,2500.0,4000.0,3500.0,21
Gujarat,Ahmedabad,"Ahmedabad(Fruit Market, Naroda)",Pineapple,Other,Medium,2017-05-22 00:00:00,2200.0,4000.0,3500.0,21
Gujarat,Ahmedabad,"Ahmedabad(Fruit Market, Naroda)",Pineapple,Other,Medium,2017-05-23 00:00:00,2500.0,4000.0,3500.0,21
Gujarat,Ahmedabad,"Ahmedabad(Fruit Market, Naroda)",Pineapple,Other,Medium,2017-05-24 00:00:00,2500.0,4000.0,3500.0,21
Gujarat,Ahmedabad,"Ahmedabad(Fruit Market, Naroda)",Pineapple,Other,Medium,2017-05-31 00:00:00,2000.0,3500.0,3000.0,21
Gujarat,Ahmedabad,"Ahmedabad(Fruit Market, Naroda)",Pineapple,Other,Medium,2017-06-05 00:00:00,2500.0,3500.0,3200.0,21
Gujarat,Ahmedabad,"Ahmedabad(Fruit Market, Naroda)",Pineapple,Other,Medium,2017-06-09 00:00:00,2500.0,3700.0,3400.0,21
Gujarat,Ahmedabad,"Ahmedabad(Fruit Market, Naroda)",Pineapple,Other,Medium,2017-06-12 00:00:00,2500.0,4000.0,3500.0,21
Gujarat,Ahmedabad,"Ahmedabad(Fruit Market, Naroda)",Pineapple,Other,Medium,2017-06-13 00:00:00,3000.0,4000.0,3500.0,21
Gujarat,Ahmedabad,"Ahmedabad(Fruit Market, Naroda)",Pineapple,Other,Medium,2017-06-15 00:00:00,3000.0,4500.0,4000.0,21
Gujarat,Ahmedabad,"Ahmedabad(Fruit Market, Naroda)",Pineapple,Other,Medium,2017-06-19 00:00:00,3000.0,4500.0,4000.0,21
Gujarat,Ahmedabad,"Ahmedabad(Fruit Market, Naroda)",Pineapple,Other,Medium,2017-06-22 00:00:00,2500.0,4500.0,4000.0,21
Gujarat,Ahmedabad,"Ahmedabad(Fruit Market, Naroda)",Pineapple,Other,Medium,2017-06-27 00:00:00,2500.0,4000.0,3500.0,21
Gujarat,Ahmedabad,"Ahmedabad(Fruit Market, Naroda)",Pineapple,Other,Medium,2017-06-28 00:00:00,2500.0,4000.0,3500.0,21
Gujarat,Ahmedabad,"Ahmedabad(Fruit Market, Naroda)",Pineapple,Other,Medium,2017-06-29 00:00:00,2500.0,4000.0,3500.0,21
Gujarat,Ahmedabad,"Ahmedabad(Fruit Market, Naroda)",Pineapple,Other,Medium,2017-07-05 00:00:00,3500.0,4500.0,4200.0,21
Gujarat,Ahmedabad,"Ahmedabad(Fruit Market, Naroda)",Pineapple,Other,Medium,2017-07-24 00:00:00,3000.0,3500.0,3300.0,21
Gujarat,Ahmedabad,"Ahmedabad(Fruit Market, Naroda)",Pineapple,Other,Medium,2017-07-27 00:00:00,3000.0,3500.0,3300.0,21
Gujarat,Ahmedabad,"Ahmedabad(Fruit Market, Naroda)",Pineapple,Other,Medium,2017-08-01 00:00:00,3000.0,3500.0,3300.0,21
Gujarat,Ahmedabad,"Ahmedabad(Fruit Market, Naroda)",Pineapple,Other,Medium,2017-08-10 00:00:00,3000.0,3500.0,3300.0,21
Gujarat,Ahmedabad,"Ahmedabad(Fruit Market, Naroda)",Pineapple,Other,Medium,2017-08-12 00:00:00,2500.0,3500.0,3200.0,21
Gujarat,Ahmedabad,"Ahmedabad(Fruit Market, Naroda)",Pineapple,Other,Medium,2017-08-22 00:00:00,2700.0,3500.0,3200.0,21
Gujarat,Ahmedabad,"Ahmedabad(Fruit Market, Naroda)",Pineapple,Other,Medium,2017-09-01 00:00:00,2500.0,3500.0,3200.0,21
Gujarat,Ahmedabad,"Ahmedabad(Fruit Market, Naroda)",Pineapple,Other,Medium,2017-09-05 00:00:00,2800.0,3500.0,3200.0,21
Gujarat,Ahmedabad,"Ahmedabad(Fruit Market, Naroda)",Pineapple,Other,Medium,2017-09-09 00:00:00,2800.0,3500.0,3200.0,21
Gujarat,Ahmedabad,"Ahmedabad(Fruit Market, Naroda)",Pineapple,Other,Medium,2017-09-11 00:00:00,2500.0,3500.0,3200.0,21
Gujarat,Ahmedabad,"Ahmedabad(Fruit Market, Naroda)",Pineapple,Other,Medium,2017-09-21 00:00:00,2500.0,3500.0,3300.0,21
Gujarat,Ahmedabad,"Ahmedabad(Fruit Market, Naroda)",Pineapple,Other,Medium,2017-09-23 00:00:00,2500.0,3500.0,3200.0,21
Gujarat,Ahmedabad,"Ahmedabad(Fruit Market, Naroda)",Pineapple,Other,Medium,2017-09-25 00:00:00,2400.0,3500.0,3200.0,21
Gujarat,Ahmedabad,"Ahmedabad(Fruit Market, Naroda)",Pineapple,Other,Medium,2017-10-06 00:00:00,2500.0,3500.0,3200.0,21
Gujarat,Ahmedabad,"Ahmedabad(Fruit Market, Naroda)",Pineapple,Other,Medium,2017-10-07 00:00:00,2500.0,3500.0,3300.0,21
Gujarat,Ahmedabad,"Ahmedabad(Fruit Market, Naroda)",Pineapple,Other,Medium,2017-10-09 00:00:00,3200.0,3500.0,3400.0,21
Gujarat,Ahmedabad,"Ahmedabad(Fruit Market, Naroda)",Pineapple,Other,Medium,2017-10-11 00:00:00,3000.0,3500.0,3300.0,21
Gujarat,Ahmedabad,"Ahmedabad(Fruit Market, Naroda)",Pineapple,Other,Medium,2017-10-25 00:00:00,2000.0,3500.0,2800.0,21
Gujarat,Ahmedabad,"Ahmedabad(Fruit Market, Naroda)",Pineapple,Other,Medium,2017-10-26 00:00:00,2000.0,3500.0,2800.0,21
Gujarat,Ahmedabad,"Ahmedabad(Fruit Market, Naroda)",Pineapple,Other,Medium,2017-10-27 00:00:00,2000.0,3500.0,2900.0,21
Gujarat,Ahmedabad,"Ahmedabad(Fruit Market, Naroda)",Pineapple,Other,Medium,2017-10-28 00:00:00,2200.0,3500.0,2900.0,21
Gujarat,Ahmedabad,"Ahmedabad(Fruit Market, Naroda)",Pineapple,Other,Medium,2017-11-16 00:00:00,2200.0,2500.0,2400.0,21
Gujarat,Ahmedabad,"Ahmedabad(Fruit Market, Naroda)",Pineapple,Other,Medium,2017-11-22 00:00:00,2500.0,3000.0,2800.0,21
Gujarat,Ahmedabad,"Ahmedabad(Fruit Market, Naroda)",Pineapple,Other,Medium,2017-11-28 00:00:00,2500.0,2800.0,2700.0,21
Gujarat,Ahmedabad,"Ahmedabad(Fruit Market, Naroda)",Pineapple,Other,Medium,2017-01-03 00:00:00,2000.0,2500.0,2300.0,21
Gujarat,Ahmedabad,"Ahmedabad(Fruit Market, Naroda)",Pineapple,Other,Medium,2017-01-06 00:00:00,2000.0,2600.0,2400.0,21
Gujarat,Ahmedabad,"Ahmedabad(Fruit Market, Naroda)",Pineapple,Other,Medium,2017-01-10 00:00:00,2500.0,3000.0,2800.0,21
Gujarat,Ahmedabad,"Ahmedabad(Fruit Market, Naroda)",Pineapple,Other,Medium,2017-01-18 00:00:00,3300.0,3500.0,3400.0,21
Gujarat,Ahmedabad,"Ahmedabad(Fruit Market, Naroda)",Pineapple,Other,Medium,2017-01-24 00:00:00,3000.0,3500.0,3300.0,21
Gujarat,Ahmedabad,"Ahmedabad(Fruit Market, Naroda)",Pineapple,Other,Medium,2017-02-03 00:00:00,2000.0,3000.0,2700.0,21
Gujarat,Ahmedabad,"Ahmedabad(Fruit Market, Naroda)",Pineapple,Other,Medium,2017-02-06 00:00:00,2000.0,2800.0,2500.0,21
Gujarat,Ahmedabad,"Ahmedabad(Fruit Market, Naroda)",Pineapple,Other,Medium,2017-02-09 00:00:00,2500.0,3000.0,2800.0,21
Gujarat,Ahmedabad,"Ahmedabad(Fruit Market, Naroda)",Pineapple,Other,Medium,2017-02-10 00:00:00,1500.0,2800.0,2500.0,21
Gujarat,Ahmedabad,"Ahmedabad(Fruit Market, Naroda)",Pineapple,Other,Medium,2017-02-11 00:00:00,2000.0,2800.0,2500.0,21
Gujarat,Ahmedabad,"Ahmedabad(Fruit Market, Naroda)",Pineapple,Other,Medium,2017-02-23 00:00:00,2500.0,3000.0,2800.0,21
Gujarat,Ahmedabad,"Ahmedabad(Fruit Market, Naroda)",Pineapple,Other,Medium,2017-03-03 00:00:00,2500.0,2800.0,2700.0,21
Gujarat,Ahmedabad,"Ahmedabad(Fruit Market, Naroda)",Pineapple,Other,Medium,2017-12-19 00:00:00,2500.0,3000.0,2800.0,21
Gujarat,Ahmedabad,"Ahmedabad(Fruit Market, Naroda)",Pineapple,Other,Medium,2017-12-27 00:00:00,2000.0,2500.0,2300.0,21
Gujarat,Ahmedabad,"Ahmedabad(Fruit Market, Naroda)",Pineapple,Other,Medium,2017-12-28 00:00:00,2500.0,2700.0,2600.0,21
Gujarat,Ahmedabad,Ahmedabad(Manekchowk),Pineapple,Other,Medium,2017-01-03 00:00:00,2000.0,2500.0,2300.0,21
Gujarat,Ahmedabad,Ahmedabad(Manekchowk),Pineapple,Other,Medium,2017-01-11 00:00:00,2700.0,3000.0,2900.0,21
Gujarat,Ahmedabad,Ahmedabad(Manekchowk),Pineapple,Other,Medium,2017-01-19 00:00:00,3200.0,3500.0,3400.0,21
Gujarat,Ahmedabad,Ahmedabad(Manekchowk),Pineapple,Other,Medium,2017-01-21 00:00:00,3000.0,3500.0,3300.0,21
Gujarat,Ahmedabad,Ahmedabad(Manekchowk),Pineapple,Other,Medium,2017-01-31 00:00:00,2500.0,3200.0,3000.0,21
Gujarat,Ahmedabad,Ahmedabad(Manekchowk),Pineapple,Other,Medium,2017-02-06 00:00:00,2000.0,2800.0,2500.0,21
Gujarat,Ahmedabad,Ahmedabad(Manekchowk),Pineapple,Other,Medium,2017-02-08 00:00:00,2500.0,2800.0,2700.0,21
Gujarat,Ahmedabad,Ahmedabad(Manekchowk),Pineapple,Other,Medium,2017-02-11 00:00:00,2000.0,2800.0,2500.0,21
Gujarat,Ahmedabad,Ahmedabad(Manekchowk),Pineapple,Other,Medium,2017-02-15 00:00:00,2800.0,3000.0,2900.0,21
Gujarat,Ahmedabad,Ahmedabad(Manekchowk),Pineapple,Other,Medium,2017-02-25 00:00:00,2500.0,2800.0,2700.0,21
Gujarat,Ahmedabad,Ahmedabad(Manekchowk),Pineapple,Other,Medium,2017-02-28 00:00:00,2000.0,3000.0,2700.0,21
Gujarat,Ahmedabad,Ahmedabad(Manekchowk),Pineapple,Other,Medium,2017-03-02 00:00:00,2400.0,2800.0,2700.0,21
Gujarat,Ahmedabad,Ahmedabad(Manekchowk),Pineapple,Other,Medium,2017-03-08 00:00:00,2200.0,2600.0,2500.0,21
Gujarat,Ahmedabad,Ahmedabad(Manekchowk),Pineapple,Other,Medium,2017-03-15 00:00:00,2000.0,2500.0,2300.0,21
Gujarat,Ahmedabad,Ahmedabad(Manekchowk),Pineapple,Other,Medium,2017-03-21 00:00:00,2000.0,3300.0,3000.0,21
Gujarat,Ahmedabad,Ahmedabad(Manekchowk),Pineapple,Other,Medium,2017-04-01 00:00:00,2000.0,3000.0,2500.0,21
Gujarat,Ahmedabad,Ahmedabad(Manekchowk),Pineapple,Other,Medium,2017-04-08 00:00:00,2300.0,3000.0,2800.0,21
Gujarat,Ahmedabad,Ahmedabad(Manekchowk),Pineapple,Other,Medium,2017-04-17 00:00:00,2500.0,3500.0,3000.0,21
Gujarat,Ahmedabad,Ahmedabad(Manekchowk),Pineapple,Other,Medium,2017-04-21 00:00:00,3000.0,3500.0,3300.0,21
Gujarat,Ahmedabad,Ahmedabad(Manekchowk),Pineapple,Other,Medium,2017-04-29 00:00:00,2000.0,2800.0,2500.0,21
Gujarat,Ahmedabad,Ahmedabad(Manekchowk),Pineapple,Other,Medium,2017-05-03 00:00:00,2000.0,3000.0,2500.0,21
Gujarat,Ahmedabad,Ahmedabad(Manekchowk),Pineapple,Other,Medium,2017-05-08 00:00:00,2200.0,2800.0,2600.0,21
Gujarat,Ahmedabad,Ahmedabad(Manekchowk),Pineapple,Other,Medium,2017-05-12 00:00:00,2500.0,3500.0,3200.0,21
Gujarat,Ahmedabad,Ahmedabad(Manekchowk),Pineapple,Other,Medium,2017-05-25 00:00:00,2500.0,4000.0,3500.0,21
Gujarat,Ahmedabad,Ahmedabad(Manekchowk),Pineapple,Other,Medium,2017-05-26 00:00:00,2500.0,4000.0,3500.0,21
Gujarat,Ahmedabad,Ahmedabad(Manekchowk),Pineapple,Other,Medium,2017-05-31 00:00:00,2000.0,3500.0,3000.0,21
Gujarat,Ahmedabad,Ahmedabad(Manekchowk),Pineapple,Other,Medium,2017-06-10 00:00:00,2500.0,3700.0,3400.0,21
Gujarat,Ahmedabad,Ahmedabad(Manekchowk),Pineapple,Other,Medium,2017-06-12 00:00:00,2500.0,4000.0,3500.0,21
Gujarat,Ahmedabad,Ahmedabad(Manekchowk),Pineapple,Other,Medium,2017-07-03 00:00:00,2500.0,4000.0,3500.0,21
Gujarat,Ahmedabad,Ahmedabad(Manekchowk),Pineapple,Other,Medium,2017-07-10 00:00:00,3500.0,4500.0,4200.0,21
Gujarat,Ahmedabad,Ahmedabad(Manekchowk),Pineapple,Other,Medium,2017-07-12 00:00:00,3500.0,4000.0,3800.0,21
Gujarat,Ahmedabad,Ahmedabad(Manekchowk),Pineapple,Other,Medium,2017-07-13 00:00:00,3000.0,4000.0,3500.0,21
Gujarat,Ahmedabad,Ahmedabad(Manekchowk),Pineapple,Other,Medium,2017-07-19 00:00:00,2500.0,3500.0,3200.0,21
Gujarat,Ahmedabad,Ahmedabad(Manekchowk),Pineapple,Other,Medium,2017-07-21 00:00:00,3000.0,3500.0,3300.0,21
Gujarat,Ahmedabad,Ahmedabad(Manekchowk),Pineapple,Other,Medium,2017-07-22 00:00:00,2500.0,3500.0,3200.0,21
Gujarat,Ahmedabad,Ahmedabad(Manekchowk),Pineapple,Other,Medium,2017-07-24 00:00:00,3000.0,3500.0,3300.0,21
Gujarat,Ahmedabad,Ahmedabad(Manekchowk),Pineapple,Other,Medium,2017-08-10 00:00:00,3000.0,3500.0,3300.0,21
Gujarat,Ahmedabad,Ahmedabad(Manekchowk),Pineapple,Other,Medium,2017-09-04 00:00:00,2800.0,3800.0,3500.0,21
Gujarat,Ahmedabad,Ahmedabad(Manekchowk),Pineapple,Other,Medium,2017-09-21 00:00:00,2500.0,3500.0,3300.0,21
Gujarat,Ahmedabad,Ahmedabad(Manekchowk),Pineapple,Other,Medium,2017-09-25 00:00:00,2400.0,3500.0,3200.0,21
Gujarat,Ahmedabad,Ahmedabad(Manekchowk),Pineapple,Other,Medium,2017-10-05 00:00:00,2500.0,3500.0,3300.0,21
Gujarat,Ahmedabad,Ahmedabad(Manekchowk),Pineapple,Other,Medium,2017-10-07 00:00:00,2500.0,3500.0,3300.0,21
Gujarat,Ahmedabad,Ahmedabad(Manekchowk),Pineapple,Other,Medium,2017-10-26 00:00:00,2000.0,3500.0,2800.0,21
Gujarat,Ahmedabad,Ahmedabad(Manekchowk),Pineapple,Other,Medium,2017-10-28 00:00:00,2200.0,3500.0,2900.0,21
Gujarat,Ahmedabad,Ahmedabad(Manekchowk),Pineapple,Other,Medium,2017-11-10 00:00:00,2200.0,3500.0,2900.0,21
Gujarat,Ahmedabad,Ahmedabad(Manekchowk),Pineapple,Other,Medium,2017-11-16 00:00:00,2200.0,2500.0,2400.0,21
Gujarat,Ahmedabad,Ahmedabad(Manekchowk),Pineapple,Other,Medium,2017-11-25 00:00:00,2500.0,3000.0,2800.0,21
Gujarat,Ahmedabad,Ahmedabad(Manekchowk),Pineapple,Other,Medium,2017-11-27 00:00:00,2500.0,2800.0,2700.0,21
Gujarat,Ahmedabad,Ahmedabad(Manekchowk),Pineapple,Other,Medium,2017-12-18 00:00:00,2500.0,3000.0,2800.0,21
Gujarat,Ahmedabad,Ahmedabad(Manekchowk),Pineapple,Other,Medium,2017-12-19 00:00:00,2500.0,3000.0,2800.0,21
Gujarat,Ahmedabad,Ahmedabad(Manekchowk),Pineapple,Other,Medium,2017-12-20 00:00:00,2500.0,2800.0,2700.0,21
Gujarat,Banaskanth,Deesa(Deesa Veg Yard),Pineapple,Other,Medium,2017-01-07 00:00:00,2500.0,3000.0,2750.0,21
Gujarat,Banaskanth,Deesa(Deesa Veg Yard),Pineapple,Other,Medium,2017-01-21 00:00:00,2000.0,3000.0,2500.0,21
Gujarat,Banaskanth,Deesa(Deesa Veg Yard),Pineapple,Other,Medium,2017-01-24 00:00:00,2000.0,3000.0,2500.0,21
Gujarat,Banaskanth,Deesa(Deesa Veg Yard),Pineapple,Other,Medium,2017-02-03 00:00:00,2000.0,2500.0,2250.0,21
Gujarat,Banaskanth,Deesa(Deesa Veg Yard),Pineapple,Other,Medium,2017-02-10 00:00:00,2000.0,2500.0,2250.0,21
Gujarat,Banaskanth,Deesa(Deesa Veg Yard),Pineapple,Other,Medium,2017-02-20 00:00:00,2000.0,2500.0,2250.0,21
Gujarat,Banaskanth,Deesa(Deesa Veg Yard),Pineapple,Other,Medium,2017-03-24 00:00:00,2000.0,3000.0,2500.0,21
Gujarat,Banaskanth,Deesa(Deesa Veg Yard),Pineapple,Other,Medium,2017-04-07 00:00:00,2000.0,3000.0,2500.0,21
Gujarat,Banaskanth,Deesa(Deesa Veg Yard),Pineapple,Other,Medium,2017-04-17 00:00:00,2500.0,3000.0,2750.0,21
Gujarat,Banaskanth,Deesa(Deesa Veg Yard),Pineapple,Other,Medium,2017-04-19 00:00:00,2500.0,3000.0,2750.0,21
Gujarat,Banaskanth,Deesa(Deesa Veg Yard),Pineapple,Other,Medium,2017-04-24 00:00:00,2500.0,3000.0,2750.0,21
Gujarat,Banaskanth,Deesa(Deesa Veg Yard),Pineapple,Other,Medium,2017-05-15 00:00:00,2500.0,3000.0,2750.0,21
Gujarat,Banaskanth,Deesa(Deesa Veg Yard),Pineapple,Other,Medium,2017-05-16 00:00:00,2000.0,2500.0,2250.0,21
Gujarat,Banaskanth,Deesa(Deesa Veg Yard),Pineapple,Other,Medium,2017-05-31 00:00:00,1500.0,2250.0,1875.0,21
Gujarat,Banaskanth,Deesa(Deesa Veg Yard),Pineapple,Other,Medium,2017-06-14 00:00:00,2000.0,2500.0,2250.0,21
Gujarat,Banaskanth,Deesa(Deesa Veg Yard),Pineapple,Other,Medium,2017-06-16 00:00:00,2000.0,2500.0,2250.0,21
Gujarat,Banaskanth,Deesa(Deesa Veg Yard),Pineapple,Other,Medium,2017-06-17 00:00:00,3000.0,3250.0,3125.0,21
Gujarat,Banaskanth,Deesa(Deesa Veg Yard),Pineapple,Other,Medium,2017-06-21 00:00:00,1500.0,2000.0,1750.0,21
Gujarat,Banaskanth,Deesa(Deesa Veg Yard),Pineapple,Other,Medium,2017-06-22 00:00:00,2000.0,2500.0,2250.0,21
Gujarat,Banaskanth,Deesa(Deesa Veg Yard),Pineapple,Other,Medium,2017-07-06 00:00:00,5000.0,5500.0,5250.0,21
Gujarat,Banaskanth,Deesa(Deesa Veg Yard),Pineapple,Other,Medium,2017-07-13 00:00:00,4500.0,5000.0,4750.0,21
Gujarat,Banaskanth,Deesa(Deesa Veg Yard),Pineapple,Other,Medium,2017-07-14 00:00:00,4500.0,5000.0,4750.0,21
Gujarat,Banaskanth,Deesa(Deesa Veg Yard),Pineapple,Other,Medium,2017-07-20 00:00:00,4500.0,5000.0,4750.0,21
Gujarat,Banaskanth,Deesa(Deesa Veg Yard),Pineapple,Other,Medium,2017-08-02 00:00:00,4000.0,5000.0,4500.0,21
Gujarat,Banaskanth,Deesa(Deesa Veg Yard),Pineapple,Other,Medium,2017-08-04 00:00:00,4000.0,4500.0,4250.0,21
Gujarat,Banaskanth,Deesa(Deesa Veg Yard),Pineapple,Other,Medium,2017-08-10 00:00:00,4000.0,4500.0,4250.0,21
Gujarat,Banaskanth,Deesa(Deesa Veg Yard),Pineapple,Other,Medium,2017-08-11 00:00:00,4000.0,4500.0,4250.0,21
Gujarat,Banaskanth,Deesa(Deesa Veg Yard),Pineapple,Other,Medium,2017-08-23 00:00:00,3500.0,4000.0,3750.0,21
Gujarat,Banaskanth,Deesa(Deesa Veg Yard),Pineapple,Other,Medium,2017-08-30 00:00:00,3500.0,4000.0,3750.0,21
Gujarat,Banaskanth,Deesa(Deesa Veg Yard),Pineapple,Other,Medium,2017-09-05 00:00:00,4000.0,5000.0,4500.0,21
Gujarat,Banaskanth,Deesa(Deesa Veg Yard),Pineapple,Other,Medium,2017-09-11 00:00:00,4000.0,5000.0,4500.0,21
Gujarat,Banaskanth,Deesa(Deesa Veg Yard),Pineapple,Other,Medium,2017-10-04 00:00:00,3500.0,4500.0,4000.0,21
Gujarat,Banaskanth,Deesa(Deesa Veg Yard),Pineapple,Other,Medium,2017-10-09 00:00:00,6000.0,7000.0,6500.0,21
Gujarat,Banaskanth,Deesa(Deesa Veg Yard),Pineapple,Other,Medium,2017-10-13 00:00:00,4000.0,5000.0,4500.0,21
Gujarat,Banaskanth,Deesa(Deesa Veg Yard),Pineapple,Other,Medium,2017-11-06 00:00:00,4250.0,4500.0,4375.0,21
Gujarat,Banaskanth,Deesa(Deesa Veg Yard),Pineapple,Other,Medium,2017-11-21 00:00:00,3000.0,4500.0,3750.0,21
Gujarat,Banaskanth,Deesa(Deesa Veg Yard),Pineapple,Other,Medium,2017-11-29 00:00:00,3500.0,4000.0,3750.0,21
Gujarat,Banaskanth,Deesa(Deesa Veg Yard),Pineapple,Other,Medium,2017-12-01 00:00:00,3600.0,4600.0,4100.0,21
Gujarat,Bharuch,Bharuch,Pineapple,Other,Medium,2017-09-22 00:00:00,6000.0,8000.0,7000.0,21
Gujarat,Banaskanth,Deesa(Deesa Veg Yard),Pineapple,Other,Medium,2024-12-04 00:00:00,4000.0,4750.0,4375.0,21
Gujarat,Banaskanth,Deesa(Deesa Veg Yard),Pineapple,Other,Medium,2024-12-14 00:00:00,4000.0,4750.0,4375.0,21
Gujarat,Banaskanth,Deesa(Deesa Veg Yard),Pineapple,Other,Medium,2024-12-26 00:00:00,4500.0,5150.0,4825.0,21
Gujarat,Banaskanth,Deesa(Deesa Veg Yard),Pineapple,Other,Medium,2024-12-28 00:00:00,4500.0,5100.0,4800.0,21
Gujarat,Ahmedabad,"Ahmedabad(Fruit Market, Naroda)",Pineapple,Other,Medium,2018-01-06 00:00:00,2400.0,2800.0,2600.0,21
Gujarat,Ahmedabad,"Ahmedabad(Fruit Market, Naroda)",Pineapple,Other,Medium,2018-01-09 00:00:00,2400.0,2700.0,2600.0,21
Gujarat,Ahmedabad,"Ahmedabad(Fruit Market, Naroda)",Pineapple,Other,Medium,2018-01-13 00:00:00,2400.0,2800.0,2600.0,21
Gujarat,Ahmedabad,"Ahmedabad(Fruit Market, Naroda)",Pineapple,Other,Medium,2018-01-18 00:00:00,2400.0,2800.0,2600.0,21
Gujarat,Ahmedabad,"Ahmedabad(Fruit Market, Naroda)",Pineapple,Other,Medium,2018-01-20 00:00:00,2200.0,2800.0,2500.0,21
Gujarat,Ahmedabad,"Ahmedabad(Fruit Market, Naroda)",Pineapple,Other,Medium,2018-01-22 00:00:00,2400.0,2800.0,2600.0,21
Gujarat,Ahmedabad,"Ahmedabad(Fruit Market, Naroda)",Pineapple,Other,Medium,2018-01-25 00:00:00,2400.0,2800.0,2600.0,21
Gujarat,Ahmedabad,"Ahmedabad(Fruit Market, Naroda)",Pineapple,Other,Medium,2018-01-27 00:00:00,2200.0,3000.0,2600.0,21
Gujarat,Ahmedabad,"Ahmedabad(Fruit Market, Naroda)",Pineapple,Other,Medium,2018-02-05 00:00:00,2500.0,3000.0,2800.0,21
Gujarat,Ahmedabad,"Ahmedabad(Fruit Market, Naroda)",Pineapple,Other,Medium,2018-02-10 00:00:00,2800.0,3000.0,2900.0,21
Gujarat,Ahmedabad,"Ahmedabad(Fruit Market, Naroda)",Pineapple,Other,Medium,2018-02-17 00:00:00,2500.0,3000.0,2800.0,21
Gujarat,Ahmedabad,"Ahmedabad(Fruit Market, Naroda)",Pineapple,Other,Medium,2018-02-19 00:00:00,2500.0,3000.0,2800.0,21
Gujarat,Ahmedabad,"Ahmedabad(Fruit Market, Naroda)",Pineapple,Other,Medium,2018-02-22 00:00:00,2500.0,3000.0,2800.0,21
Gujarat,Ahmedabad,"Ahmedabad(Fruit Market, Naroda)",Pineapple,Other,Medium,2018-02-28 00:00:00,2400.0,3000.0,2700.0,21
Gujarat,Ahmedabad,"Ahmedabad(Fruit Market, Naroda)",Pineapple,Other,Medium,2018-03-23 00:00:00,2500.0,3000.0,2800.0,21
Gujarat,Ahmedabad,"Ahmedabad(Fruit Market, Naroda)",Pineapple,Other,Medium,2018-03-28 00:00:00,3000.0,3500.0,3300.0,21
Gujarat,Ahmedabad,"Ahmedabad(Fruit Market, Naroda)",Pineapple,Other,Medium,2018-04-04 00:00:00,2800.0,3500.0,3200.0,21
Gujarat,Ahmedabad,"Ahmedabad(Fruit Market, Naroda)",Pineapple,Other,Medium,2018-04-11 00:00:00,2800.0,3600.0,3200.0,21
Gujarat,Ahmedabad,"Ahmedabad(Fruit Market, Naroda)",Pineapple,Other,Medium,2018-04-12 00:00:00,3000.0,3500.0,3300.0,21
Gujarat,Ahmedabad,"Ahmedabad(Fruit Market, Naroda)",Pineapple,Other,Medium,2018-05-14 00:00:00,4100.0,4500.0,4300.0,21
Gujarat,Ahmedabad,"Ahmedabad(Fruit Market, Naroda)",Pineapple,Other,Medium,2018-05-31 00:00:00,3000.0,4000.0,3500.0,21
Gujarat,Ahmedabad,"Ahmedabad(Fruit Market, Naroda)",Pineapple,Other,Medium,2018-06-13 00:00:00,4000.0,4500.0,4300.0,21
Gujarat,Ahmedabad,"Ahmedabad(Fruit Market, Naroda)",Pineapple,Other,Medium,2018-06-28 00:00:00,3800.0,4200.0,4000.0,21
Gujarat,Ahmedabad,"Ahmedabad(Fruit Market, Naroda)",Pineapple,Other,Medium,2018-07-05 00:00:00,3400.0,4200.0,3800.0,21
Gujarat,Ahmedabad,"Ahmedabad(Fruit Market, Naroda)",Pineapple,Other,Medium,2018-07-11 00:00:00,4000.0,4500.0,4300.0,21
Gujarat,Ahmedabad,"Ahmedabad(Fruit Market, Naroda)",Pineapple,Other,Medium,2018-07-13 00:00:00,3000.0,4000.0,3500.0,21
Gujarat,Ahmedabad,"Ahmedabad(Fruit Market, Naroda)",Pineapple,Other,Medium,2018-07-17 00:00:00,4000.0,4500.0,4300.0,21
Gujarat,Ahmedabad,"Ahmedabad(Fruit Market, Naroda)",Pineapple,Other,Medium,2018-07-28 00:00:00,3500.0,4000.0,3800.0,21
Gujarat,Ahmedabad,"Ahmedabad(Fruit Market, Naroda)",Pineapple,Other,Medium,2018-07-31 00:00:00,3500.0,4500.0,4100.0,21
Gujarat,Ahmedabad,"Ahmedabad(Fruit Market, Naroda)",Pineapple,Other,Medium,2018-08-02 00:00:00,4000.0,4500.0,4300.0,21
Gujarat,Ahmedabad,"Ahmedabad(Fruit Market, Naroda)",Pineapple,Other,Medium,2018-08-06 00:00:00,3500.0,4500.0,4000.0,21
Gujarat,Ahmedabad,"Ahmedabad(Fruit Market, Naroda)",Pineapple,Other,Medium,2018-08-23 00:00:00,3800.0,4500.0,4200.0,21
Gujarat,Ahmedabad,"Ahmedabad(Fruit Market, Naroda)",Pineapple,Other,Medium,2018-09-05 00:00:00,2500.0,3000.0,2800.0,21
Gujarat,Ahmedabad,"Ahmedabad(Fruit Market, Naroda)",Pineapple,Other,Medium,2018-09-08 00:00:00,2500.0,3500.0,3100.0,21
Gujarat,Ahmedabad,"Ahmedabad(Fruit Market, Naroda)",Pineapple,Other,Medium,2018-09-15 00:00:00,2500.0,3500.0,3100.0,21
Gujarat,Ahmedabad,"Ahmedabad(Fruit Market, Naroda)",Pineapple,Other,Medium,2018-09-25 00:00:00,3500.0,3900.0,3700.0,21
Gujarat,Ahmedabad,"Ahmedabad(Fruit Market, Naroda)",Pineapple,Other,Medium,2018-09-26 00:00:00,3000.0,3800.0,3500.0,21
Gujarat,Ahmedabad,"Ahmedabad(Fruit Market, Naroda)",Pineapple,Other,Medium,2018-09-27 00:00:00,3200.0,4000.0,3600.0,21
Gujarat,Ahmedabad,"Ahmedabad(Fruit Market, Naroda)",Pineapple,Other,Medium,2018-09-29 00:00:00,3200.0,3900.0,3600.0,21
Gujarat,Ahmedabad,"Ahmedabad(Fruit Market, Naroda)",Pineapple,Other,Medium,2018-10-13 00:00:00,3500.0,4300.0,4000.0,21
Gujarat,Ahmedabad,"Ahmedabad(Fruit Market, Naroda)",Pineapple,Other,Medium,2018-10-23 00:00:00,3800.0,4400.0,4200.0,21
Gujarat,Ahmedabad,"Ahmedabad(Fruit Market, Naroda)",Pineapple,Other,Medium,2018-10-25 00:00:00,4000.0,4500.0,4300.0,21
Gujarat,Ahmedabad,"Ahmedabad(Fruit Market, Naroda)",Pineapple,Other,Medium,2018-11-05 00:00:00,4000.0,4500.0,4300.0,21
Gujarat,Ahmedabad,"Ahmedabad(Fruit Market, Naroda)",Pineapple,Other,Medium,2018-11-27 00:00:00,3000.0,4000.0,3500.0,21
Gujarat,Ahmedabad,"Ahmedabad(Fruit Market, Naroda)",Pineapple,Other,Medium,2018-11-29 00:00:00,3000.0,4000.0,3500.0,21
Gujarat,Ahmedabad,"Ahmedabad(Fruit Market, Naroda)",Pineapple,Other,Medium,2018-12-15 00:00:00,3500.0,4100.0,3800.0,21
Gujarat,Ahmedabad,Ahmedabad(Manekchowk),Pineapple,Other,Medium,2018-01-08 00:00:00,2500.0,2800.0,2700.0,21
Gujarat,Ahmedabad,Ahmedabad(Manekchowk),Pineapple,Other,Medium,2018-01-15 00:00:00,2400.0,2800.0,2600.0,21
Gujarat,Ahmedabad,Ahmedabad(Manekchowk),Pineapple,Other,Medium,2018-01-31 00:00:00,2600.0,2900.0,2800.0,21
Gujarat,Ahmedabad,Ahmedabad(Manekchowk),Pineapple,Other,Medium,2018-02-01 00:00:00,2600.0,3000.0,2800.0,21
Gujarat,Ahmedabad,Ahmedabad(Manekchowk),Pineapple,Other,Medium,2018-02-08 00:00:00,2800.0,3000.0,2900.0,21
Gujarat,Ahmedabad,Ahmedabad(Manekchowk),Pineapple,Other,Medium,2018-02-12 00:00:00,2800.0,3000.0,2900.0,21
Gujarat,Ahmedabad,Ahmedabad(Manekchowk),Pineapple,Other,Medium,2018-02-14 00:00:00,2600.0,3000.0,2800.0,21
Gujarat,Ahmedabad,Ahmedabad(Manekchowk),Pineapple,Other,Medium,2018-02-21 00:00:00,2600.0,3000.0,2900.0,21
Gujarat,Ahmedabad,Ahmedabad(Manekchowk),Pineapple,Other,Medium,2018-02-23 00:00:00,2800.0,3000.0,2900.0,21
Gujarat,Ahmedabad,Ahmedabad(Manekchowk),Pineapple,Other,Medium,2018-02-26 00:00:00,2400.0,3000.0,2700.0,21
Gujarat,Ahmedabad,Ahmedabad(Manekchowk),Pineapple,Other,Medium,2018-02-27 00:00:00,2500.0,3000.0,2800.0,21
Gujarat,Ahmedabad,Ahmedabad(Manekchowk),Pineapple,Other,Medium,2018-02-28 00:00:00,2400.0,3000.0,2700.0,21
Gujarat,Ahmedabad,Ahmedabad(Manekchowk),Pineapple,Other,Medium,2018-03-01 00:00:00,2500.0,3000.0,2800.0,21
Gujarat,Ahmedabad,Ahmedabad(Manekchowk),Pineapple,Other,Medium,2018-03-03 00:00:00,2500.0,3000.0,2800.0,21
Gujarat,Ahmedabad,Ahmedabad(Manekchowk),Pineapple,Other,Medium,2018-03-09 00:00:00,2800.0,3000.0,2900.0,21
Gujarat,Ahmedabad,Ahmedabad(Manekchowk),Pineapple,Other,Medium,2018-03-13 00:00:00,2500.0,3000.0,2800.0,21
Gujarat,Ahmedabad,Ahmedabad(Manekchowk),Pineapple,Other,Medium,2018-03-19 00:00:00,2500.0,3000.0,2800.0,21
Gujarat,Ahmedabad,Ahmedabad(Manekchowk),Pineapple,Other,Medium,2018-04-05 00:00:00,2800.0,3500.0,3200.0,21
Gujarat,Ahmedabad,Ahmedabad(Manekchowk),Pineapple,Other,Medium,2018-05-12 00:00:00,4000.0,4500.0,4300.0,21
Gujarat,Ahmedabad,Ahmedabad(Manekchowk),Pineapple,Other,Medium,2018-05-16 00:00:00,4000.0,4600.0,4300.0,21
Gujarat,Ahmedabad,Ahmedabad(Manekchowk),Pineapple,Other,Medium,2018-05-18 00:00:00,4000.0,4700.0,4400.0,21
Gujarat,Ahmedabad,Ahmedabad(Manekchowk),Pineapple,Other,Medium,2018-05-28 00:00:00,3000.0,4500.0,3800.0,21
Gujarat,Ahmedabad,Ahmedabad(Manekchowk),Pineapple,Other,Medium,2018-06-02 00:00:00,3500.0,4500.0,4000.0,21
Gujarat,Ahmedabad,Ahmedabad(Manekchowk),Pineapple,Other,Medium,2018-06-06 00:00:00,3500.0,4500.0,4000.0,21
Gujarat,Ahmedabad,Ahmedabad(Manekchowk),Pineapple,Other,Medium,2018-06-25 00:00:00,4000.0,4500.0,4300.0,21
Gujarat,Ahmedabad,Ahmedabad(Manekchowk),Pineapple,Other,Medium,2018-07-07 00:00:00,3000.0,4000.0,3500.0,21
Gujarat,Ahmedabad,Ahmedabad(Manekchowk),Pineapple,Other,Medium,2018-07-18 00:00:00,3500.0,4500.0,4000.0,21
Gujarat,Ahmedabad,Ahmedabad(Manekchowk),Pineapple,Other,Medium,2018-07-21 00:00:00,3500.0,4400.0,4000.0,21
Gujarat,Ahmedabad,Ahmedabad(Manekchowk),Pineapple,Other,Medium,2018-07-23 00:00:00,3800.0,4500.0,4200.0,21
Gujarat,Ahmedabad,Ahmedabad(Manekchowk),Pineapple,Other,Medium,2018-07-27 00:00:00,3800.0,4500.0,4200.0,21
Gujarat,Ahmedabad,Ahmedabad(Manekchowk),Pineapple,Other,Medium,2018-07-28 00:00:00,3500.0,4000.0,3800.0,21
Gujarat,Ahmedabad,Ahmedabad(Manekchowk),Pineapple,Other,Medium,2018-08-08 00:00:00,3500.0,4500.0,4000.0,21
Gujarat,Ahmedabad,Ahmedabad(Manekchowk),Pineapple,Other,Medium,2018-08-09 00:00:00,3500.0,4400.0,4000.0,21
Gujarat,Ahmedabad,Ahmedabad(Manekchowk),Pineapple,Other,Medium,2018-08-16 00:00:00,3500.0,4500.0,4200.0,21
Gujarat,Ahmedabad,Ahmedabad(Manekchowk),Pineapple,Other,Medium,2018-08-18 00:00:00,3500.0,4500.0,4000.0,21
Gujarat,Ahmedabad,Ahmedabad(Manekchowk),Pineapple,Other,Medium,2018-08-30 00:00:00,1800.0,2400.0,2200.0,21
Gujarat,Ahmedabad,Ahmedabad(Manekchowk),Pineapple,Other,Medium,2018-09-07 00:00:00,2500.0,3500.0,3100.0,21
Gujarat,Ahmedabad,Ahmedabad(Manekchowk),Pineapple,Other,Medium,2018-09-08 00:00:00,2500.0,3500.0,3100.0,21
Gujarat,Ahmedabad,Ahmedabad(Manekchowk),Pineapple,Other,Medium,2018-09-22 00:00:00,3200.0,3800.0,3500.0,21
Gujarat,Ahmedabad,Ahmedabad(Manekchowk),Pineapple,Other,Medium,2018-10-01 00:00:00,3000.0,3900.0,3600.0,21
Gujarat,Ahmedabad,Ahmedabad(Manekchowk),Pineapple,Other,Medium,2018-10-04 00:00:00,3200.0,3900.0,3600.0,21
Gujarat,Ahmedabad,Ahmedabad(Manekchowk),Pineapple,Other,Medium,2018-10-13 00:00:00,3500.0,4300.0,4000.0,21
Gujarat,Ahmedabad,Ahmedabad(Manekchowk),Pineapple,Other,Medium,2018-11-03 00:00:00,4000.0,4500.0,4300.0,21
Gujarat,Ahmedabad,Ahmedabad(Manekchowk),Pineapple,Other,Medium,2018-12-12 00:00:00,3500.0,4000.0,3800.0,21
Gujarat,Ahmedabad,Ahmedabad(Manekchowk),Pineapple,Other,Medium,2018-12-15 00:00:00,3500.0,4100.0,3800.0,21
Gujarat,Ahmedabad,Ahmedabad(Manekchowk),Pineapple,Other,Medium,2018-12-18 00:00:00,3500.0,4000.0,3800.0,21
Gujarat,Banaskanth,Deesa(Deesa Veg Yard),Pineapple,Other,Medium,2018-01-06 00:00:00,3000.0,3500.0,3250.0,21
Gujarat,Banaskanth,Deesa(Deesa Veg Yard),Pineapple,Other,Medium,2018-01-15 00:00:00,1900.0,4100.0,3000.0,21
Gujarat,Banaskanth,Deesa(Deesa Veg Yard),Pineapple,Other,Medium,2018-01-17 00:00:00,2500.0,4000.0,3000.0,21
Gujarat,Banaskanth,Deesa(Deesa Veg Yard),Pineapple,Other,Medium,2018-01-27 00:00:00,2500.0,3000.0,2750.0,21
Gujarat,Banaskanth,Deesa(Deesa Veg Yard),Pineapple,Other,Medium,2018-02-01 00:00:00,2000.0,3000.0,2500.0,21
Gujarat,Banaskanth,Deesa(Deesa Veg Yard),Pineapple,Other,Medium,2018-02-12 00:00:00,2500.0,3000.0,2750.0,21
Gujarat,Banaskanth,Deesa(Deesa Veg Yard),Pineapple,Other,Medium,2018-02-27 00:00:00,2900.0,3600.0,3250.0,21
Gujarat,Banaskanth,Deesa(Deesa Veg Yard),Pineapple,Other,Medium,2018-03-10 00:00:00,2000.0,3500.0,2750.0,21
Gujarat,Banaskanth,Deesa(Deesa Veg Yard),Pineapple,Other,Medium,2018-03-16 00:00:00,2500.0,4500.0,3500.0,21
Gujarat,Banaskanth,Deesa(Deesa Veg Yard),Pineapple,Other,Medium,2018-03-21 00:00:00,3000.0,4500.0,3750.0,21
Gujarat,Banaskanth,Deesa(Deesa Veg Yard),Pineapple,Other,Medium,2018-03-22 00:00:00,3500.0,4000.0,3750.0,21
Gujarat,Banaskanth,Deesa(Deesa Veg Yard),Pineapple,Other,Medium,2018-04-10 00:00:00,3500.0,4500.0,4000.0,21
Gujarat,Banaskanth,Deesa(Deesa Veg Yard),Pineapple,Other,Medium,2018-05-04 00:00:00,3000.0,4500.0,3750.0,21
Gujarat,Banaskanth,Deesa(Deesa Veg Yard),Pineapple,Other,Medium,2018-05-07 00:00:00,3000.0,4500.0,3750.0,21
Gujarat,Banaskanth,Deesa(Deesa Veg Yard),Pineapple,Other,Medium,2018-05-08 00:00:00,3000.0,4500.0,3750.0,21
Gujarat,Banaskanth,Deesa(Deesa Veg Yard),Pineapple,Other,Medium,2018-05-17 00:00:00,3500.0,4500.0,4000.0,21
Gujarat,Banaskanth,Deesa(Deesa Veg Yard),Pineapple,Other,Medium,2018-05-19 00:00:00,2000.0,4000.0,3000.0,21
Gujarat,Banaskanth,Deesa(Deesa Veg Yard),Pineapple,Other,Medium,2018-05-21 00:00:00,3500.0,4500.0,4000.0,21
Gujarat,Banaskanth,Deesa(Deesa Veg Yard),Pineapple,Other,Medium,2018-05-22 00:00:00,3500.0,4500.0,4000.0,21
Gujarat,Banaskanth,Deesa(Deesa Veg Yard),Pineapple,Other,Medium,2018-06-19 00:00:00,3500.0,5000.0,4250.0,21
Gujarat,Banaskanth,Deesa(Deesa Veg Yard),Pineapple,Other,Medium,2018-07-19 00:00:00,2000.0,3000.0,2500.0,21
Gujarat,Banaskanth,Deesa(Deesa Veg Yard),Pineapple,Other,Medium,2018-08-02 00:00:00,2500.0,5000.0,3750.0,21
Gujarat,Banaskanth,Deesa(Deesa Veg Yard),Pineapple,Other,Medium,2018-08-08 00:00:00,2000.0,4500.0,3250.0,21
Gujarat,Banaskanth,Deesa(Deesa Veg Yard),Pineapple,Other,Medium,2018-08-13 00:00:00,3000.0,4000.0,3500.0,21
Gujarat,Banaskanth,Deesa(Deesa Veg Yard),Pineapple,Other,Medium,2018-09-19 00:00:00,4000.0,4500.0,4250.0,21
Gujarat,Bharuch,Bharuch,Pineapple,Other,Medium,2018-10-11 00:00:00,3500.0,6000.0,4500.0,21
Gujarat,Ahmedabad,"Ahmedabad(Fruit Market, Naroda)",Pineapple,Other,Small,2008-02-02 00:00:00,200.0,250.0,230.0,21
Gujarat,Ahmedabad,"Ahmedabad(Fruit Market, Naroda)",Pineapple,Other,Small,2008-02-27 00:00:00,200.0,300.0,280.0,21
Gujarat,Ahmedabad,"Ahmedabad(Fruit Market, Naroda)",Pineapple,Other,Small,2008-04-26 00:00:00,264.0,300.0,290.0,21
Gujarat,Ahmedabad,"Ahmedabad(Fruit Market, Naroda)",Pineapple,Other,Small,2008-09-26 00:00:00,264.0,276.0,270.0,21
Gujarat,Ahmedabad,Ahmedabad(Manekchowk),Pineapple,Other,Small,2008-02-27 00:00:00,200.0,300.0,280.0,21
Gujarat,Ahmedabad,Ahmedabad(Manekchowk),Pineapple,Other,Small,2008-09-25 00:00:00,264.0,276.0,275.0,21
Gujarat,Banaskanth,Deesa(Deesa Veg Yard),Pineapple,Other,Medium,2008-12-04 00:00:00,600.0,700.0,650.0,21
Gujarat,Bharuch,Bharuch,Pineapple,Other,Medium,2008-08-07 00:00:00,1500.0,2000.0,1750.0,21
Gujarat,Bharuch,Bharuch,Pineapple,Other,Medium,2008-08-26 00:00:00,1200.0,1500.0,1350.0,21
Gujarat,Rajkot,Gondal,Pineapple,Pine Apple,Medium,2008-09-05 00:00:00,500.0,500.0,500.0,21
Gujarat,Ahmedabad,"Ahmedabad(Fruit Market, Naroda)",Pineapple,Other,Medium,2016-01-05 00:00:00,1800.0,2300.0,2100.0,21
Gujarat,Ahmedabad,"Ahmedabad(Fruit Market, Naroda)",Pineapple,Other,Medium,2016-01-09 00:00:00,1800.0,2300.0,2100.0,21
Gujarat,Ahmedabad,"Ahmedabad(Fruit Market, Naroda)",Pineapple,Other,Medium,2016-01-12 00:00:00,1800.0,2200.0,2000.0,21
Gujarat,Ahmedabad,"Ahmedabad(Fruit Market, Naroda)",Pineapple,Other,Medium,2016-01-26 00:00:00,1500.0,2000.0,1800.0,21
Gujarat,Ahmedabad,"Ahmedabad(Fruit Market, Naroda)",Pineapple,Other,Medium,2016-02-06 00:00:00,1800.0,2500.0,2200.0,21
Gujarat,Ahmedabad,"Ahmedabad(Fruit Market, Naroda)",Pineapple,Other,Medium,2016-02-08 00:00:00,1800.0,2500.0,2200.0,21
Gujarat,Ahmedabad,"Ahmedabad(Fruit Market, Naroda)",Pineapple,Other,Medium,2016-02-09 00:00:00,1800.0,2500.0,2200.0,21
Gujarat,Ahmedabad,"Ahmedabad(Fruit Market, Naroda)",Pineapple,Other,Medium,2016-02-13 00:00:00,2000.0,2500.0,2300.0,21
Gujarat,Ahmedabad,"Ahmedabad(Fruit Market, Naroda)",Pineapple,Other,Medium,2016-02-23 00:00:00,2000.0,2800.0,2500.0,21
Gujarat,Ahmedabad,"Ahmedabad(Fruit Market, Naroda)",Pineapple,Other,Medium,2016-02-24 00:00:00,2000.0,2800.0,2500.0,21
Gujarat,Ahmedabad,"Ahmedabad(Fruit Market, Naroda)",Pineapple,Other,Medium,2016-02-27 00:00:00,2200.0,2800.0,2500.0,21
Gujarat,Ahmedabad,"Ahmedabad(Fruit Market, Naroda)",Pineapple,Other,Medium,2016-03-03 00:00:00,2200.0,2800.0,2500.0,21
Gujarat,Ahmedabad,"Ahmedabad(Fruit Market, Naroda)",Pineapple,Other,Medium,2016-03-04 00:00:00,2500.0,2800.0,2700.0,21
Gujarat,Ahmedabad,"Ahmedabad(Fruit Market, Naroda)",Pineapple,Other,Medium,2016-03-17 00:00:00,2500.0,3000.0,2800.0,21
Gujarat,Ahmedabad,"Ahmedabad(Fruit Market, Naroda)",Pineapple,Other,Medium,2016-03-25 00:00:00,2500.0,3000.0,2800.0,21
Gujarat,Ahmedabad,"Ahmedabad(Fruit Market, Naroda)",Pineapple,Other,Medium,2016-03-26 00:00:00,2500.0,3000.0,2800.0,21
Gujarat,Ahmedabad,"Ahmedabad(Fruit Market, Naroda)",Pineapple,Other,Medium,2016-04-02 00:00:00,2800.0,3000.0,2900.0,21
Gujarat,Ahmedabad,"Ahmedabad(Fruit Market, Naroda)",Pineapple,Other,Medium,2016-04-09 00:00:00,2500.0,3000.0,2800.0,21
Gujarat,Ahmedabad,"Ahmedabad(Fruit Market, Naroda)",Pineapple,Other,Medium,2016-04-18 00:00:00,2200.0,2500.0,2400.0,21
Gujarat,Ahmedabad,"Ahmedabad(Fruit Market, Naroda)",Pineapple,Other,Medium,2016-04-22 00:00:00,2200.0,2500.0,2400.0,21
Gujarat,Ahmedabad,"Ahmedabad(Fruit Market, Naroda)",Pineapple,Other,Medium,2016-04-26 00:00:00,2200.0,2500.0,2400.0,21
Gujarat,Ahmedabad,"Ahmedabad(Fruit Market, Naroda)",Pineapple,Other,Medium,2016-04-29 00:00:00,2200.0,2500.0,2400.0,21
Gujarat,Ahmedabad,"Ahmedabad(Fruit Market, Naroda)",Pineapple,Other,Medium,2016-04-30 00:00:00,2200.0,2500.0,2400.0,21
Gujarat,Ahmedabad,"Ahmedabad(Fruit Market, Naroda)",Pineapple,Other,Medium,2016-05-07 00:00:00,2500.0,2800.0,2700.0,21
Gujarat,Ahmedabad,"Ahmedabad(Fruit Market, Naroda)",Pineapple,Other,Medium,2016-05-13 00:00:00,2500.0,2800.0,2700.0,21
Gujarat,Ahmedabad,"Ahmedabad(Fruit Market, Naroda)",Pineapple,Other,Medium,2016-05-14 00:00:00,2500.0,2800.0,2700.0,21
Gujarat,Ahmedabad,"Ahmedabad(Fruit Market, Naroda)",Pineapple,Other,Medium,2016-05-25 00:00:00,2500.0,3000.0,2800.0,21
Gujarat,Ahmedabad,"Ahmedabad(Fruit Market, Naroda)",Pineapple,Other,Medium,2016-05-31 00:00:00,2500.0,3000.0,2800.0,21
Gujarat,Ahmedabad,"Ahmedabad(Fruit Market, Naroda)",Pineapple,Other,Medium,2016-06-08 00:00:00,2500.0,3000.0,2800.0,21
Gujarat,Ahmedabad,"Ahmedabad(Fruit Market, Naroda)",Pineapple,Other,Medium,2016-06-09 00:00:00,2500.0,3000.0,2800.0,21
Gujarat,Ahmedabad,"Ahmedabad(Fruit Market, Naroda)",Pineapple,Other,Medium,2016-06-10 00:00:00,2500.0,3000.0,2800.0,21
Gujarat,Ahmedabad,"Ahmedabad(Fruit Market, Naroda)",Pineapple,Other,Medium,2016-06-23 00:00:00,2000.0,3000.0,2500.0,21
Gujarat,Ahmedabad,"Ahmedabad(Fruit Market, Naroda)",Pineapple,Other,Medium,2016-06-29 00:00:00,2000.0,3000.0,2500.0,21
Gujarat,Ahmedabad,"Ahmedabad(Fruit Market, Naroda)",Pineapple,Other,Medium,2016-07-06 00:00:00,2500.0,2700.0,2600.0,21
Gujarat,Ahmedabad,"Ahmedabad(Fruit Market, Naroda)",Pineapple,Other,Medium,2016-07-15 00:00:00,2000.0,3000.0,2500.0,21
Gujarat,Ahmedabad,"Ahmedabad(Fruit Market, Naroda)",Pineapple,Other,Medium,2016-07-26 00:00:00,2000.0,2200.0,2100.0,21
Gujarat,Ahmedabad,"Ahmedabad(Fruit Market, Naroda)",Pineapple,Other,Medium,2016-08-22 00:00:00,2500.0,3000.0,2800.0,21
Gujarat,Ahmedabad,"Ahmedabad(Fruit Market, Naroda)",Pineapple,Other,Medium,2016-08-23 00:00:00,2000.0,3000.0,2500.0,21
Gujarat,Ahmedabad,"Ahmedabad(Fruit Market, Naroda)",Pineapple,Other,Medium,2016-09-01 00:00:00,2500.0,3000.0,2800.0,21
Gujarat,Ahmedabad,"Ahmedabad(Fruit Market, Naroda)",Pineapple,Other,Medium,2016-09-02 00:00:00,2500.0,3000.0,2800.0,21
Gujarat,Ahmedabad,"Ahmedabad(Fruit Market, Naroda)",Pineapple,Other,Medium,2016-09-12 00:00:00,2500.0,3000.0,2800.0,21
Gujarat,Ahmedabad,"Ahmedabad(Fruit Market, Naroda)",Pineapple,Other,Medium,2016-09-17 00:00:00,2500.0,4000.0,3300.0,21
Gujarat,Ahmedabad,"Ahmedabad(Fruit Market, Naroda)",Pineapple,Other,Medium,2016-09-20 00:00:00,3000.0,4000.0,3500.0,21
Gujarat,Ahmedabad,"Ahmedabad(Fruit Market, Naroda)",Pineapple,Other,Medium,2016-10-14 00:00:00,3000.0,3500.0,3300.0,21
Gujarat,Ahmedabad,"Ahmedabad(Fruit Market, Naroda)",Pineapple,Other,Medium,2016-10-22 00:00:00,2500.0,3000.0,2800.0,21
Gujarat,Ahmedabad,"Ahmedabad(Fruit Market, Naroda)",Pineapple,Other,Medium,2016-10-24 00:00:00,2500.0,3000.0,2800.0,21
Gujarat,Ahmedabad,"Ahmedabad(Fruit Market, Naroda)",Pineapple,Other,Medium,2016-11-05 00:00:00,2500.0,3000.0,2800.0,21
Gujarat,Ahmedabad,"Ahmedabad(Fruit Market, Naroda)",Pineapple,Other,Medium,2016-11-15 00:00:00,2000.0,2500.0,2300.0,21
Gujarat,Ahmedabad,"Ahmedabad(Fruit Market, Naroda)",Pineapple,Other,Medium,2016-11-23 00:00:00,2000.0,2500.0,2300.0,21
Gujarat,Ahmedabad,"Ahmedabad(Fruit Market, Naroda)",Pineapple,Other,Medium,2016-11-26 00:00:00,2000.0,2500.0,2300.0,21
Gujarat,Ahmedabad,"Ahmedabad(Fruit Market, Naroda)",Pineapple,Other,Medium,2016-11-29 00:00:00,2200.0,2400.0,2300.0,21
Gujarat,Ahmedabad,"Ahmedabad(Fruit Market, Naroda)",Pineapple,Other,Medium,2016-12-13 00:00:00,2000.0,2400.0,2300.0,21
Gujarat,Ahmedabad,"Ahmedabad(Fruit Market, Naroda)",Pineapple,Other,Medium,2016-12-23 00:00:00,2000.0,2200.0,2100.0,21
Gujarat,Ahmedabad,Ahmedabad(Manekchowk),Pineapple,Other,Medium,2016-01-01 00:00:00,1800.0,2300.0,2100.0,21
Gujarat,Ahmedabad,Ahmedabad(Manekchowk),Pineapple,Other,Medium,2016-01-04 00:00:00,1800.0,2300.0,2100.0,21
Gujarat,Ahmedabad,Ahmedabad(Manekchowk),Pineapple,Other,Medium,2016-01-07 00:00:00,1800.0,2300.0,2100.0,21
Gujarat,Ahmedabad,Ahmedabad(Manekchowk),Pineapple,Other,Medium,2016-01-09 00:00:00,1800.0,2300.0,2100.0,21
Gujarat,Ahmedabad,Ahmedabad(Manekchowk),Pineapple,Other,Medium,2016-01-16 00:00:00,1800.0,2200.0,2000.0,21
Gujarat,Ahmedabad,Ahmedabad(Manekchowk),Pineapple,Other,Medium,2016-01-22 00:00:00,1800.0,2200.0,2000.0,21
Gujarat,Ahmedabad,Ahmedabad(Manekchowk),Pineapple,Other,Medium,2016-01-25 00:00:00,1500.0,2000.0,1800.0,21
Gujarat,Ahmedabad,Ahmedabad(Manekchowk),Pineapple,Other,Medium,2016-02-08 00:00:00,1800.0,2500.0,2200.0,21
Gujarat,Ahmedabad,Ahmedabad(Manekchowk),Pineapple,Other,Medium,2016-02-24 00:00:00,2000.0,2800.0,2500.0,21
Gujarat,Ahmedabad,Ahmedabad(Manekchowk),Pineapple,Other,Medium,2016-02-26 00:00:00,2200.0,2800.0,2600.0,21
Gujarat,Ahmedabad,Ahmedabad(Manekchowk),Pineapple,Other,Medium,2016-03-02 00:00:00,2200.0,2800.0,2500.0,21
Gujarat,Ahmedabad,Ahmedabad(Manekchowk),Pineapple,Other,Medium,2016-03-05 00:00:00,2500.0,2800.0,2700.0,21
Gujarat,Ahmedabad,Ahmedabad(Manekchowk),Pineapple,Other,Medium,2016-03-16 00:00:00,2500.0,3000.0,2800.0,21
Gujarat,Ahmedabad,Ahmedabad(Manekchowk),Pineapple,Other,Medium,2016-03-17 00:00:00,2500.0,3000.0,2800.0,21
Gujarat,Ahmedabad,Ahmedabad(Manekchowk),Pineapple,Other,Medium,2016-03-23 00:00:00,2500.0,3000.0,2800.0,21
Gujarat,Ahmedabad,Ahmedabad(Manekchowk),Pineapple,Other,Medium,2016-04-01 00:00:00,2500.0,3000.0,2800.0,21
Gujarat,Ahmedabad,Ahmedabad(Manekchowk),Pineapple,Other,Medium,2016-04-11 00:00:00,2500.0,3000.0,2800.0,21
Gujarat,Ahmedabad,Ahmedabad(Manekchowk),Pineapple,Other,Medium,2016-04-13 00:00:00,2200.0,2500.0,2400.0,21
Gujarat,Ahmedabad,Ahmedabad(Manekchowk),Pineapple,Other,Medium,2016-04-18 00:00:00,2200.0,2500.0,2400.0,21
Gujarat,Ahmedabad,Ahmedabad(Manekchowk),Pineapple,Other,Medium,2016-04-28 00:00:00,2200.0,2500.0,2400.0,21
Gujarat,Ahmedabad,Ahmedabad(Manekchowk),Pineapple,Other,Medium,2016-05-03 00:00:00,2500.0,2800.0,2650.0,21
Gujarat,Ahmedabad,Ahmedabad(Manekchowk),Pineapple,Other,Medium,2016-05-07 00:00:00,2500.0,2800.0,2700.0,21
Gujarat,Ahmedabad,Ahmedabad(Manekchowk),Pineapple,Other,Medium,2016-05-10 00:00:00,2500.0,2800.0,2700.0,21
Gujarat,Ahmedabad,Ahmedabad(Manekchowk),Pineapple,Other,Medium,2016-05-17 00:00:00,2500.0,2800.0,2700.0,21
Gujarat,Ahmedabad,Ahmedabad(Manekchowk),Pineapple,Other,Medium,2016-05-20 00:00:00,2500.0,3000.0,2800.0,21
Gujarat,Ahmedabad,Ahmedabad(Manekchowk),Pineapple,Other,Medium,2016-05-31 00:00:00,2500.0,3000.0,2800.0,21
Gujarat,Ahmedabad,Ahmedabad(Manekchowk),Pineapple,Other,Medium,2016-06-02 00:00:00,2500.0,3000.0,2800.0,21
Gujarat,Ahmedabad,Ahmedabad(Manekchowk),Pineapple,Other,Medium,2016-06-07 00:00:00,2500.0,3000.0,2750.0,21
Gujarat,Ahmedabad,Ahmedabad(Manekchowk),Pineapple,Other,Medium,2016-06-09 00:00:00,2500.0,3000.0,2800.0,21
Gujarat,Ahmedabad,Ahmedabad(Manekchowk),Pineapple,Other,Medium,2016-06-18 00:00:00,2500.0,3000.0,2800.0,21
Gujarat,Ahmedabad,Ahmedabad(Manekchowk),Pineapple,Other,Medium,2016-06-21 00:00:00,1000.0,2000.0,1500.0,21
Gujarat,Ahmedabad,Ahmedabad(Manekchowk),Pineapple,Other,Medium,2016-06-28 00:00:00,2500.0,3000.0,2800.0,21
Gujarat,Ahmedabad,Ahmedabad(Manekchowk),Pineapple,Other,Medium,2016-07-04 00:00:00,2500.0,3000.0,2800.0,21
Gujarat,Ahmedabad,Ahmedabad(Manekchowk),Pineapple,Other,Medium,2016-07-09 00:00:00,2000.0,4000.0,3000.0,21
Gujarat,Ahmedabad,Ahmedabad(Manekchowk),Pineapple,Other,Medium,2016-07-11 00:00:00,2500.0,3000.0,2800.0,21
Gujarat,Ahmedabad,Ahmedabad(Manekchowk),Pineapple,Other,Medium,2016-07-13 00:00:00,1500.0,2000.0,1800.0,21
Gujarat,Ahmedabad,Ahmedabad(Manekchowk),Pineapple,Other,Medium,2016-07-14 00:00:00,1500.0,2000.0,1800.0,21
Gujarat,Ahmedabad,Ahmedabad(Manekchowk),Pineapple,Other,Medium,2016-07-25 00:00:00,1500.0,2500.0,2000.0,21
Gujarat,Ahmedabad,Ahmedabad(Manekchowk),Pineapple,Other,Medium,2016-07-26 00:00:00,2000.0,2200.0,2100.0,21
Gujarat,Ahmedabad,Ahmedabad(Manekchowk),Pineapple,Other,Medium,2016-07-29 00:00:00,2000.0,2500.0,2300.0,21
Gujarat,Ahmedabad,Ahmedabad(Manekchowk),Pineapple,Other,Medium,2016-08-03 00:00:00,2000.0,3000.0,2500.0,21
Gujarat,Ahmedabad,Ahmedabad(Manekchowk),Pineapple,Other,Medium,2016-08-13 00:00:00,2000.0,2500.0,2300.0,21
Gujarat,Ahmedabad,Ahmedabad(Manekchowk),Pineapple,Other,Medium,2016-08-26 00:00:00,2500.0,3000.0,2800.0,21
Gujarat,Ahmedabad,Ahmedabad(Manekchowk),Pineapple,Other,Medium,2016-08-27 00:00:00,2000.0,2500.0,2300.0,21
Gujarat,Ahmedabad,Ahmedabad(Manekchowk),Pineapple,Other,Medium,2016-09-08 00:00:00,2500.0,3000.0,2800.0,21
Gujarat,Ahmedabad,Ahmedabad(Manekchowk),Pineapple,Other,Medium,2016-09-09 00:00:00,2500.0,3000.0,2800.0,21
Gujarat,Ahmedabad,Ahmedabad(Manekchowk),Pineapple,Other,Medium,2016-09-30 00:00:00,2500.0,3000.0,2800.0,21
Gujarat,Ahmedabad,Ahmedabad(Manekchowk),Pineapple,Other,Medium,2016-10-05 00:00:00,2500.0,3000.0,2800.0,21
Gujarat,Ahmedabad,Ahmedabad(Manekchowk),Pineapple,Other,Medium,2016-10-10 00:00:00,2000.0,3000.0,2700.0,21
Gujarat,Ahmedabad,Ahmedabad(Manekchowk),Pineapple,Other,Medium,2016-10-27 00:00:00,2500.0,3000.0,2800.0,21
Gujarat,Ahmedabad,Ahmedabad(Manekchowk),Pineapple,Other,Medium,2016-11-04 00:00:00,2500.0,3000.0,2800.0,21
Gujarat,Ahmedabad,Ahmedabad(Manekchowk),Pineapple,Other,Medium,2016-11-07 00:00:00,2500.0,3000.0,2800.0,21
Gujarat,Ahmedabad,Ahmedabad(Manekchowk),Pineapple,Other,Medium,2016-11-17 00:00:00,2500.0,3000.0,2800.0,21
Gujarat,Ahmedabad,Ahmedabad(Manekchowk),Pineapple,Other,Medium,2016-11-22 00:00:00,2000.0,2500.0,2300.0,21
Gujarat,Ahmedabad,Ahmedabad(Manekchowk),Pineapple,Other,Medium,2016-11-23 00:00:00,2000.0,2500.0,2300.0,21
Gujarat,Ahmedabad,Ahmedabad(Manekchowk),Pineapple,Other,Medium,2016-11-28 00:00:00,2500.0,3000.0,2800.0,21
Gujarat,Ahmedabad,Ahmedabad(Manekchowk),Pineapple,Other,Medium,2016-12-06 00:00:00,2000.0,2500.0,2300.0,21
Gujarat,Ahmedabad,Ahmedabad(Manekchowk),Pineapple,Other,Medium,2016-12-23 00:00:00,2000.0,2200.0,2100.0,21
Gujarat,Ahmedabad,Ahmedabad(Manekchowk),Pineapple,Other,Medium,2016-12-24 00:00:00,2000.0,2200.0,2100.0,21
Gujarat,Ahmedabad,Ahmedabad(Manekchowk),Pineapple,Other,Medium,2016-12-26 00:00:00,1800.0,2000.0,1900.0,21
Gujarat,Banaskanth,Deesa(Deesa Veg Yard),Pineapple,Other,Medium,2016-01-06 00:00:00,3000.0,3500.0,3250.0,21
Gujarat,Banaskanth,Deesa(Deesa Veg Yard),Pineapple,Other,Medium,2016-02-20 00:00:00,2000.0,2200.0,2100.0,21
Gujarat,Banaskanth,Deesa(Deesa Veg Yard),Pineapple,Other,Medium,2016-03-11 00:00:00,2000.0,2500.0,2250.0,21
Gujarat,Banaskanth,Deesa(Deesa Veg Yard),Pineapple,Other,Medium,2016-03-14 00:00:00,2000.0,2500.0,2250.0,21
Gujarat,Banaskanth,Deesa(Deesa Veg Yard),Pineapple,Other,Medium,2016-03-15 00:00:00,2000.0,2500.0,2250.0,21
Gujarat,Banaskanth,Deesa(Deesa Veg Yard),Pineapple,Other,Medium,2016-03-17 00:00:00,2200.0,2500.0,2350.0,21
Gujarat,Banaskanth,Deesa(Deesa Veg Yard),Pineapple,Other,Medium,2016-03-19 00:00:00,2300.0,2500.0,2400.0,21
Gujarat,Banaskanth,Deesa(Deesa Veg Yard),Pineapple,Other,Medium,2016-03-21 00:00:00,2400.0,2500.0,2450.0,21
Gujarat,Banaskanth,Deesa(Deesa Veg Yard),Pineapple,Other,Medium,2016-03-30 00:00:00,2400.0,2600.0,2500.0,21
Gujarat,Banaskanth,Deesa(Deesa Veg Yard),Pineapple,Other,Medium,2016-04-07 00:00:00,2400.0,2500.0,2450.0,21
Gujarat,Banaskanth,Deesa(Deesa Veg Yard),Pineapple,Other,Medium,2016-04-26 00:00:00,2300.0,2500.0,2400.0,21
Gujarat,Banaskanth,Deesa(Deesa Veg Yard),Pineapple,Other,Medium,2016-05-10 00:00:00,2500.0,2700.0,2600.0,21
Gujarat,Banaskanth,Deesa(Deesa Veg Yard),Pineapple,Other,Medium,2016-05-17 00:00:00,2700.0,3000.0,2850.0,21
Gujarat,Banaskanth,Deesa(Deesa Veg Yard),Pineapple,Other,Medium,2016-05-27 00:00:00,2500.0,3000.0,2750.0,21
Gujarat,Banaskanth,Deesa(Deesa Veg Yard),Pineapple,Other,Medium,2016-05-30 00:00:00,3000.0,4000.0,3500.0,21
Gujarat,Banaskanth,Deesa(Deesa Veg Yard),Pineapple,Other,Medium,2016-06-01 00:00:00,4000.0,5000.0,4500.0,21
Gujarat,Banaskanth,Deesa(Deesa Veg Yard),Pineapple,Other,Medium,2016-06-09 00:00:00,2800.0,3000.0,2900.0,21
Gujarat,Banaskanth,Deesa(Deesa Veg Yard),Pineapple,Other,Medium,2016-06-11 00:00:00,2900.0,3000.0,2950.0,21
Gujarat,Banaskanth,Deesa(Deesa Veg Yard),Pineapple,Other,Medium,2016-06-14 00:00:00,2800.0,3000.0,2900.0,21
Gujarat,Banaskanth,Deesa(Deesa Veg Yard),Pineapple,Other,Medium,2016-06-25 00:00:00,2800.0,3000.0,2900.0,21
Gujarat,Banaskanth,Deesa(Deesa Veg Yard),Pineapple,Other,Medium,2016-07-11 00:00:00,2500.0,2600.0,2550.0,21
Gujarat,Banaskanth,Deesa(Deesa Veg Yard),Pineapple,Other,Medium,2016-07-13 00:00:00,2500.0,2600.0,2550.0,21
Gujarat,Banaskanth,Deesa(Deesa Veg Yard),Pineapple,Other,Medium,2016-07-20 00:00:00,2500.0,2700.0,2600.0,21
Gujarat,Banaskanth,Deesa(Deesa Veg Yard),Pineapple,Other,Medium,2016-07-26 00:00:00,2500.0,2700.0,2600.0,21
Gujarat,Banaskanth,Deesa(Deesa Veg Yard),Pineapple,Other,Medium,2016-07-27 00:00:00,2500.0,2600.0,2550.0,21
Gujarat,Banaskanth,Deesa(Deesa Veg Yard),Pineapple,Other,Medium,2016-08-01 00:00:00,2500.0,2700.0,2600.0,21
Gujarat,Banaskanth,Deesa(Deesa Veg Yard),Pineapple,Other,Medium,2016-08-09 00:00:00,2500.0,2600.0,2550.0,21
Gujarat,Banaskanth,Deesa(Deesa Veg Yard),Pineapple,Other,Medium,2016-08-12 00:00:00,2500.0,2600.0,2550.0,21
Gujarat,Banaskanth,Deesa(Deesa Veg Yard),Pineapple,Other,Medium,2016-08-16 00:00:00,2500.0,2600.0,2550.0,21
Gujarat,Banaskanth,Deesa(Deesa Veg Yard),Pineapple,Other,Medium,2016-08-20 00:00:00,2500.0,2600.0,2550.0,21
Gujarat,Banaskanth,Deesa(Deesa Veg Yard),Pineapple,Other,Medium,2016-09-06 00:00:00,2500.0,2600.0,2550.0,21
Gujarat,Banaskanth,Deesa(Deesa Veg Yard),Pineapple,Other,Medium,2016-09-27 00:00:00,2500.0,3000.0,2750.0,21
Gujarat,Banaskanth,Deesa(Deesa Veg Yard),Pineapple,Other,Medium,2016-09-30 00:00:00,2500.0,3000.0,2750.0,21
Gujarat,Banaskanth,Deesa(Deesa Veg Yard),Pineapple,Other,Medium,2016-10-01 00:00:00,2500.0,3000.0,2750.0,21
Gujarat,Banaskanth,Deesa(Deesa Veg Yard),Pineapple,Other,Medium,2016-10-19 00:00:00,2200.0,2900.0,2550.0,21
Gujarat,Banaskanth,Deesa(Deesa Veg Yard),Pineapple,Other,Medium,2016-11-08 00:00:00,2400.0,2900.0,2650.0,21
Gujarat,Banaskanth,Deesa(Deesa Veg Yard),Pineapple,Other,Medium,2016-11-19 00:00:00,4450.0,4500.0,4475.0,21
Gujarat,Banaskanth,Deesa(Deesa Veg Yard),Pineapple,Other,Medium,2016-11-21 00:00:00,4100.0,4600.0,4350.0,21
Gujarat,Banaskanth,Deesa(Deesa Veg Yard),Pineapple,Other,Medium,2016-11-22 00:00:00,4000.0,4500.0,4250.0,21
Gujarat,Banaskanth,Deesa(Deesa Veg Yard),Pineapple,Other,Medium,2016-11-26 00:00:00,3700.0,4200.0,3950.0,21
Gujarat,Banaskanth,Deesa(Deesa Veg Yard),Pineapple,Other,Medium,2016-11-28 00:00:00,4000.0,4200.0,4100.0,21
Gujarat,Banaskanth,Deesa(Deesa Veg Yard),Pineapple,Other,Medium,2016-12-07 00:00:00,2500.0,3000.0,2750.0,21
Gujarat,Banaskanth,Deesa(Deesa Veg Yard),Pineapple,Other,Medium,2016-12-22 00:00:00,2500.0,3000.0,2750.0,21
Gujarat,Banaskanth,Deesa(Deesa Veg Yard),Pineapple,Other,Medium,2016-12-28 00:00:00,2500.0,3000.0,2750.0,21
Gujarat,Banaskanth,Deesa(Deesa Veg Yard),Pineapple,Other,Medium,2016-12-30 00:00:00,2500.0,3000.0,2750.0,21
Gujarat,Bharuch,Bharuch,Pineapple,Other,Medium,2016-02-13 00:00:00,2000.0,3500.0,2500.0,21
Gujarat,Bharuch,Bharuch,Pineapple,Other,Medium,2016-06-16 00:00:00,5000.0,7000.0,6000.0,21
Gujarat,Ahmedabad,"Ahmedabad(Fruit Market, Naroda)",Pineapple,Other,Small,2009-01-01 00:00:00,180.0,200.0,190.0,21
Gujarat,Ahmedabad,"Ahmedabad(Fruit Market, Naroda)",Pineapple,Other,Small,2009-01-16 00:00:00,168.0,180.0,175.0,21
Gujarat,Ahmedabad,"Ahmedabad(Fruit Market, Naroda)",Pineapple,Other,Small,2009-01-24 00:00:00,130.0,150.0,145.0,21
Gujarat,Ahmedabad,"Ahmedabad(Fruit Market, Naroda)",Pineapple,Other,Small,2009-01-27 00:00:00,130.0,160.0,150.0,21
Gujarat,Ahmedabad,"Ahmedabad(Fruit Market, Naroda)",Pineapple,Other,Small,2009-02-03 00:00:00,120.0,150.0,140.0,21
Gujarat,Ahmedabad,"Ahmedabad(Fruit Market, Naroda)",Pineapple,Other,Small,2009-02-05 00:00:00,120.0,150.0,140.0,21
Gujarat,Ahmedabad,"Ahmedabad(Fruit Market, Naroda)",Pineapple,Other,Small,2009-02-13 00:00:00,150.0,210.0,190.0,21
Gujarat,Ahmedabad,"Ahmedabad(Fruit Market, Naroda)",Pineapple,Other,Small,2009-02-20 00:00:00,160.0,240.0,210.0,21
Gujarat,Ahmedabad,"Ahmedabad(Fruit Market, Naroda)",Pineapple,Other,Small,2009-02-24 00:00:00,160.0,200.0,190.0,21
Gujarat,Ahmedabad,"Ahmedabad(Fruit Market, Naroda)",Pineapple,Other,Small,2009-02-27 00:00:00,180.0,240.0,220.0,21
Gujarat,Ahmedabad,"Ahmedabad(Fruit Market, Naroda)",Pineapple,Other,Small,2009-03-09 00:00:00,180.0,200.0,190.0,21
Gujarat,Ahmedabad,"Ahmedabad(Fruit Market, Naroda)",Pineapple,Other,Small,2009-03-10 00:00:00,180.0,200.0,195.0,21
Gujarat,Ahmedabad,"Ahmedabad(Fruit Market, Naroda)",Pineapple,Other,Small,2009-03-17 00:00:00,180.0,240.0,220.0,21
Gujarat,Ahmedabad,Ahmedabad(Manekchowk),Pineapple,Other,Small,2009-01-06 00:00:00,180.0,220.0,210.0,21
Gujarat,Ahmedabad,Ahmedabad(Manekchowk),Pineapple,Other,Small,2009-01-13 00:00:00,180.0,220.0,210.0,21
Gujarat,Ahmedabad,Ahmedabad(Manekchowk),Pineapple,Other,Small,2009-01-19 00:00:00,120.0,156.0,145.0,21
Gujarat,Ahmedabad,Ahmedabad(Manekchowk),Pineapple,Other,Small,2009-01-21 00:00:00,120.0,160.0,150.0,21
Gujarat,Ahmedabad,Ahmedabad(Manekchowk),Pineapple,Other,Small,2009-01-28 00:00:00,130.0,160.0,150.0,21
Gujarat,Banaskanth,Deesa(Deesa Veg Yard),Pineapple,Other,Medium,2009-04-24 00:00:00,500.0,750.0,625.0,21
Gujarat,Banaskanth,Deesa(Deesa Veg Yard),Pineapple,Other,Medium,2009-09-03 00:00:00,900.0,1000.0,950.0,21
Gujarat,Banaskanth,Deesa(Deesa Veg Yard),Pineapple,Other,Medium,2009-09-23 00:00:00,2333.0,2667.0,2500.0,21
Gujarat,Banaskanth,Deesa(Deesa Veg Yard),Pineapple,Other,Medium,2009-10-08 00:00:00,2300.0,2600.0,2450.0,21
Gujarat,Banaskanth,Deesa(Deesa Veg Yard),Pineapple,Other,Medium,2009-11-23 00:00:00,2200.0,2300.0,2250.0,21
Gujarat,Bharuch,Bharuch,Pineapple,Other,Medium,2009-08-27 00:00:00,3000.0,4000.0,3500.0,21
Gujarat,Bharuch,Bharuch,Pineapple,Other,Medium,2009-09-02 00:00:00,2000.0,3000.0,2500.0,21
Gujarat,Bharuch,Bharuch,Pineapple,Other,Medium,2009-09-12 00:00:00,2000.0,3000.0,2500.0,21
Gujarat,Bharuch,Bharuch,Pineapple,Other,Medium,2009-09-15 00:00:00,2500.0,3000.0,2750.0,21
Gujarat,Bharuch,Bharuch,Pineapple,Other,Medium,2009-09-16 00:00:00,1800.0,2000.0,1900.0,21
Gujarat,Bharuch,Bharuch,Pineapple,Other,Medium,2009-09-19 00:00:00,2000.0,2500.0,2250.0,21
Gujarat,Rajkot,Gondal,Pineapple,Other,Medium,2009-08-07 00:00:00,1500.0,2000.0,1750.0,21
Gujarat,Rajkot,Gondal,Pineapple,Pine Apple,Medium,2009-03-24 00:00:00,1250.0,1500.0,1375.0,21
Gujarat,Rajkot,Gondal,Pineapple,Pine Apple,Medium,2009-04-28 00:00:00,2000.0,2000.0,2000.0,21
Gujarat,Banaskanth,Deesa(Deesa Veg Yard),Pineapple,Other,Medium,2024-11-22 00:00:00,6000.0,8250.0,7125.0,21
Gujarat,Banaskanth,Deesa(Deesa Veg Yard),Pineapple,Other,Medium,2024-11-30 00:00:00,4000.0,4500.0,4250.0,21
Gujarat,Banaskanth,Deesa(Deesa Veg Yard),Pineapple,Other,Medium,2013-06-21 00:00:00,3500.0,4000.0,3750.0,21
Gujarat,Banaskanth,Deesa(Deesa Veg Yard),Pineapple,Other,Medium,2013-06-27 00:00:00,3000.0,3500.0,3250.0,21
Gujarat,Banaskanth,Deesa(Deesa Veg Yard),Pineapple,Other,Medium,2013-07-20 00:00:00,3000.0,3500.0,3250.0,21
Gujarat,Banaskanth,Deesa(Deesa Veg Yard),Pineapple,Other,Medium,2013-07-27 00:00:00,3000.0,3500.0,3250.0,21
Gujarat,Banaskanth,Deesa(Deesa Veg Yard),Pineapple,Other,Medium,2013-08-01 00:00:00,2500.0,3000.0,2750.0,21
Gujarat,Banaskanth,Deesa(Deesa Veg Yard),Pineapple,Other,Medium,2013-10-14 00:00:00,3500.0,3800.0,3650.0,21
Gujarat,Bharuch,Bharuch,Pineapple,Other,Medium,2013-02-13 00:00:00,3000.0,4000.0,3500.0,21
Gujarat,Bharuch,Bharuch,Pineapple,Other,Medium,2013-07-10 00:00:00,6000.0,7000.0,6500.0,21
Gujarat,Bharuch,Bharuch,Pineapple,Other,Medium,2013-07-12 00:00:00,2500.0,3500.0,3000.0,21
Gujarat,Bharuch,Bharuch,Pineapple,Other,Medium,2013-07-20 00:00:00,3000.0,4000.0,3500.0,21
Gujarat,Bharuch,Bharuch,Pineapple,Other,Medium,2013-07-24 00:00:00,3000.0,4000.0,3500.0,21
Gujarat,Bharuch,Bharuch,Pineapple,Other,Medium,2013-07-29 00:00:00,3000.0,4000.0,3500.0,21
Gujarat,Bharuch,Bharuch,Pineapple,Other,Medium,2013-08-08 00:00:00,3000.0,4000.0,3500.0,21
Gujarat,Bharuch,Bharuch,Pineapple,Other,Medium,2013-09-17 00:00:00,3000.0,5000.0,4000.0,21
Gujarat,Banaskanth,Deesa(Deesa Veg Yard),Pineapple,Other,Medium,2011-02-24 00:00:00,2700.0,3000.0,2850.0,21
Gujarat,Banaskanth,Deesa(Deesa Veg Yard),Pineapple,Other,Medium,2011-03-26 00:00:00,2700.0,3000.0,2850.0,21
Gujarat,Banaskanth,Deesa(Deesa Veg Yard),Pineapple,Other,Medium,2011-05-04 00:00:00,2300.0,2700.0,2500.0,21
Gujarat,Banaskanth,Deesa(Deesa Veg Yard),Pineapple,Other,Medium,2011-05-05 00:00:00,2300.0,3000.0,2650.0,21
Gujarat,Banaskanth,Deesa(Deesa Veg Yard),Pineapple,Other,Medium,2011-05-21 00:00:00,140.0,160.0,150.0,21
Gujarat,Banaskanth,Deesa(Deesa Veg Yard),Pineapple,Other,Medium,2011-09-26 00:00:00,140.0,160.0,150.0,21
Gujarat,Banaskanth,Deesa(Deesa Veg Yard),Pineapple,Other,Medium,2011-10-08 00:00:00,140.0,160.0,150.0,21
Gujarat,Banaskanth,Deesa(Deesa Veg Yard),Pineapple,Other,Medium,2011-10-21 00:00:00,1200.0,1400.0,1300.0,21
Gujarat,Bharuch,Bharuch,Pineapple,Other,Medium,2011-03-07 00:00:00,2000.0,3000.0,2500.0,21
Gujarat,Bharuch,Bharuch,Pineapple,Other,Medium,2011-07-16 00:00:00,1000.0,1500.0,1250.0,21
Gujarat,Bharuch,Bharuch,Pineapple,Other,Medium,2011-08-06 00:00:00,1500.0,2000.0,1750.0,21
Gujarat,Bharuch,Bharuch,Pineapple,Other,Medium,2011-08-07 00:00:00,2000.0,3000.0,2500.0,21
Gujarat,Ahmedabad,"Ahmedabad(Fruit Market, Naroda)",Pineapple,Other,Small,2014-10-17 00:00:00,2800.0,3300.0,3100.0,21
Gujarat,Ahmedabad,"Ahmedabad(Fruit Market, Naroda)",Pineapple,Other,Small,2014-11-15 00:00:00,3000.0,3500.0,3300.0,21
Gujarat,Ahmedabad,"Ahmedabad(Fruit Market, Naroda)",Pineapple,Other,Small,2014-11-25 00:00:00,2800.0,3200.0,3100.0,21
Gujarat,Ahmedabad,"Ahmedabad(Fruit Market, Naroda)",Pineapple,Other,Small,2014-11-27 00:00:00,2800.0,3200.0,3100.0,21
Gujarat,Ahmedabad,"Ahmedabad(Fruit Market, Naroda)",Pineapple,Other,Small,2014-11-28 00:00:00,2800.0,3200.0,3100.0,21
Gujarat,Ahmedabad,"Ahmedabad(Fruit Market, Naroda)",Pineapple,Other,Small,2014-11-29 00:00:00,2800.0,3200.0,3100.0,21
Gujarat,Ahmedabad,"Ahmedabad(Fruit Market, Naroda)",Pineapple,Other,Small,2014-12-09 00:00:00,3000.0,3600.0,3500.0,21
Gujarat,Ahmedabad,"Ahmedabad(Fruit Market, Naroda)",Pineapple,Other,Small,2014-12-18 00:00:00,2800.0,3200.0,3100.0,21
Gujarat,Ahmedabad,"Ahmedabad(Fruit Market, Naroda)",Pineapple,Other,Small,2014-12-24 00:00:00,2800.0,3200.0,3100.0,21
Gujarat,Ahmedabad,"Ahmedabad(Fruit Market, Naroda)",Pineapple,Other,Small,2014-12-31 00:00:00,2200.0,2800.0,2600.0,21
Gujarat,Ahmedabad,Ahmedabad(Manekchowk),Pineapple,Other,Small,2014-10-18 00:00:00,2800.0,3200.0,3100.0,21
Gujarat,Ahmedabad,Ahmedabad(Manekchowk),Pineapple,Other,Small,2014-11-22 00:00:00,2500.0,3200.0,3000.0,21
Gujarat,Ahmedabad,Ahmedabad(Manekchowk),Pineapple,Other,Small,2014-11-29 00:00:00,2800.0,3200.0,3100.0,21
Gujarat,Ahmedabad,Ahmedabad(Manekchowk),Pineapple,Other,Small,2014-12-08 00:00:00,3000.0,3500.0,3300.0,21
Gujarat,Ahmedabad,Ahmedabad(Manekchowk),Pineapple,Other,Small,2014-12-11 00:00:00,3000.0,3200.0,3200.0,21
Gujarat,Ahmedabad,Ahmedabad(Manekchowk),Pineapple,Other,Small,2014-12-15 00:00:00,2800.0,3200.0,3100.0,21
Gujarat,Banaskanth,Deesa(Deesa Veg Yard),Pineapple,Other,Medium,2014-02-05 00:00:00,4000.0,4300.0,4150.0,21
Gujarat,Banaskanth,Deesa(Deesa Veg Yard),Pineapple,Other,Medium,2014-02-07 00:00:00,3500.0,4000.0,3750.0,21
Gujarat,Banaskanth,Deesa(Deesa Veg Yard),Pineapple,Other,Medium,2014-02-08 00:00:00,3500.0,4000.0,3750.0,21
Gujarat,Banaskanth,Deesa(Deesa Veg Yard),Pineapple,Other,Medium,2014-02-11 00:00:00,3000.0,3500.0,3250.0,21
Gujarat,Banaskanth,Deesa(Deesa Veg Yard),Pineapple,Other,Medium,2014-02-13 00:00:00,4000.0,4200.0,4100.0,21
Gujarat,Banaskanth,Deesa(Deesa Veg Yard),Pineapple,Other,Medium,2014-02-20 00:00:00,4000.0,5000.0,4500.0,21
Gujarat,Banaskanth,Deesa(Deesa Veg Yard),Pineapple,Other,Medium,2014-02-22 00:00:00,4000.0,4500.0,4250.0,21
Gujarat,Banaskanth,Deesa(Deesa Veg Yard),Pineapple,Other,Medium,2014-06-04 00:00:00,3500.0,4000.0,3750.0,21
Gujarat,Banaskanth,Deesa(Deesa Veg Yard),Pineapple,Other,Medium,2014-06-11 00:00:00,5000.0,5500.0,5250.0,21
Gujarat,Banaskanth,Deesa(Deesa Veg Yard),Pineapple,Other,Medium,2014-06-12 00:00:00,5000.0,5500.0,5250.0,21
Gujarat,Banaskanth,Deesa(Deesa Veg Yard),Pineapple,Other,Medium,2014-06-13 00:00:00,5000.0,5500.0,5250.0,21
Gujarat,Banaskanth,Deesa(Deesa Veg Yard),Pineapple,Other,Medium,2014-06-18 00:00:00,4500.0,5500.0,5000.0,21
Gujarat,Banaskanth,Deesa(Deesa Veg Yard),Pineapple,Other,Medium,2014-06-23 00:00:00,5000.0,5500.0,5250.0,21
Gujarat,Banaskanth,Deesa(Deesa Veg Yard),Pineapple,Other,Medium,2014-06-28 00:00:00,5000.0,6000.0,5500.0,21
Gujarat,Banaskanth,Deesa(Deesa Veg Yard),Pineapple,Other,Medium,2014-07-01 00:00:00,5000.0,6000.0,5500.0,21
Gujarat,Banaskanth,Deesa(Deesa Veg Yard),Pineapple,Other,Medium,2014-07-03 00:00:00,5000.0,5500.0,5250.0,21
Gujarat,Banaskanth,Deesa(Deesa Veg Yard),Pineapple,Other,Medium,2014-07-04 00:00:00,5000.0,5500.0,5250.0,21
Gujarat,Banaskanth,Deesa(Deesa Veg Yard),Pineapple,Other,Medium,2014-07-10 00:00:00,5000.0,5500.0,5250.0,21
Gujarat,Banaskanth,Deesa(Deesa Veg Yard),Pineapple,Other,Medium,2014-07-21 00:00:00,4000.0,5000.0,4500.0,21
Gujarat,Banaskanth,Deesa(Deesa Veg Yard),Pineapple,Other,Medium,2014-07-22 00:00:00,4000.0,5000.0,4500.0,21
Gujarat,Banaskanth,Deesa(Deesa Veg Yard),Pineapple,Other,Medium,2014-07-26 00:00:00,3500.0,4000.0,3750.0,21
Gujarat,Banaskanth,Deesa(Deesa Veg Yard),Pineapple,Other,Medium,2014-07-28 00:00:00,3500.0,4000.0,3750.0,21
Gujarat,Banaskanth,Deesa(Deesa Veg Yard),Pineapple,Other,Medium,2014-08-08 00:00:00,3500.0,4500.0,4000.0,21
Gujarat,Banaskanth,Deesa(Deesa Veg Yard),Pineapple,Other,Medium,2014-08-09 00:00:00,3500.0,4500.0,4000.0,21
Gujarat,Banaskanth,Deesa(Deesa Veg Yard),Pineapple,Other,Medium,2014-08-14 00:00:00,3000.0,4000.0,3500.0,21
Gujarat,Banaskanth,Deesa(Deesa Veg Yard),Pineapple,Other,Medium,2014-08-26 00:00:00,3000.0,4000.0,3500.0,21
Gujarat,Banaskanth,Deesa(Deesa Veg Yard),Pineapple,Other,Medium,2014-08-28 00:00:00,3000.0,4000.0,3500.0,21
Gujarat,Banaskanth,Deesa(Deesa Veg Yard),Pineapple,Other,Medium,2014-09-01 00:00:00,3000.0,4000.0,3500.0,21
Gujarat,Banaskanth,Deesa(Deesa Veg Yard),Pineapple,Other,Medium,2014-09-17 00:00:00,3000.0,4000.0,3500.0,21
Gujarat,Banaskanth,Deesa(Deesa Veg Yard),Pineapple,Other,Medium,2014-09-19 00:00:00,3000.0,3500.0,3250.0,21
Gujarat,Bharuch,Bharuch,Pineapple,Other,Medium,2014-06-30 00:00:00,4000.0,6000.0,5000.0,21
Gujarat,Bharuch,Bharuch,Pineapple,Other,Medium,2014-07-01 00:00:00,5000.0,7000.0,6000.0,21
Gujarat,Bharuch,Bharuch,Pineapple,Other,Medium,2014-07-05 00:00:00,7000.0,8000.0,7500.0,21
Gujarat,Bharuch,Bharuch,Pineapple,Other,Medium,2014-07-06 00:00:00,4000.0,6000.0,5000.0,21
Gujarat,Bharuch,Bharuch,Pineapple,Other,Medium,2014-07-10 00:00:00,4000.0,6000.0,5000.0,21
Gujarat,Bharuch,Bharuch,Pineapple,Other,Medium,2014-07-11 00:00:00,4000.0,5000.0,4500.0,21
Gujarat,Bharuch,Bharuch,Pineapple,Other,Medium,2014-07-17 00:00:00,3000.0,5000.0,4000.0,21
Gujarat,Bharuch,Bharuch,Pineapple,Other,Medium,2014-07-27 00:00:00,4000.0,6000.0,5000.0,21
Gujarat,Bharuch,Bharuch,Pineapple,Other,Medium,2014-11-16 00:00:00,5000.0,7000.0,6000.0,21
Gujarat,Bharuch,Bharuch,Pineapple,Other,Medium,2014-11-21 00:00:00,5000.0,7000.0,6000.0,21
Gujarat,Banaskanth,Deesa(Deesa Veg Yard),Pineapple,Other,Large,2012-02-22 00:00:00,1000.0,1200.0,1100.0,21
Gujarat,Banaskanth,Deesa(Deesa Veg Yard),Pineapple,Other,Medium,2012-02-24 00:00:00,2200.0,2500.0,2350.0,21
Gujarat,Banaskanth,Deesa(Deesa Veg Yard),Pineapple,Other,Medium,2012-02-27 00:00:00,150.0,160.0,155.0,21
Gujarat,Banaskanth,Deesa(Deesa Veg Yard),Pineapple,Other,Medium,2012-02-28 00:00:00,150.0,160.0,155.0,21
Gujarat,Banaskanth,Deesa(Deesa Veg Yard),Pineapple,Other,Medium,2012-04-11 00:00:00,160.0,200.0,180.0,21
Gujarat,Banaskanth,Deesa(Deesa Veg Yard),Pineapple,Other,Medium,2012-04-18 00:00:00,140.0,180.0,160.0,21
Gujarat,Banaskanth,Deesa(Deesa Veg Yard),Pineapple,Other,Medium,2012-05-04 00:00:00,180.0,200.0,190.0,21
Gujarat,Banaskanth,Deesa(Deesa Veg Yard),Pineapple,Other,Medium,2012-05-08 00:00:00,180.0,220.0,200.0,21
Gujarat,Banaskanth,Deesa(Deesa Veg Yard),Pineapple,Other,Medium,2012-06-07 00:00:00,200.0,220.0,210.0,21
Gujarat,Banaskanth,Deesa(Deesa Veg Yard),Pineapple,Other,Medium,2012-07-17 00:00:00,200.0,250.0,225.0,21
Gujarat,Banaskanth,Deesa(Deesa Veg Yard),Pineapple,Other,Medium,2012-07-18 00:00:00,200.0,240.0,220.0,21
Gujarat,Banaskanth,Deesa(Deesa Veg Yard),Pineapple,Other,Medium,2012-07-21 00:00:00,200.0,240.0,220.0,21
Gujarat,Banaskanth,Deesa(Deesa Veg Yard),Pineapple,Other,Medium,2012-07-24 00:00:00,200.0,240.0,220.0,21
Gujarat,Banaskanth,Deesa(Deesa Veg Yard),Pineapple,Other,Medium,2012-07-26 00:00:00,180.0,200.0,190.0,21
Gujarat,Banaskanth,Deesa(Deesa Veg Yard),Pineapple,Other,Medium,2012-08-17 00:00:00,200.0,240.0,220.0,21
Gujarat,Banaskanth,Deesa(Deesa Veg Yard),Pineapple,Other,Medium,2012-08-23 00:00:00,120.0,140.0,130.0,21
Gujarat,Banaskanth,Deesa(Deesa Veg Yard),Pineapple,Other,Medium,2012-08-28 00:00:00,140.0,240.0,190.0,21
Gujarat,Banaskanth,Deesa(Deesa Veg Yard),Pineapple,Other,Medium,2012-09-06 00:00:00,200.0,240.0,220.0,21
Gujarat,Banaskanth,Deesa(Deesa Veg Yard),Pineapple,Other,Medium,2012-09-18 00:00:00,250.0,300.0,275.0,21
Gujarat,Banaskanth,Deesa(Deesa Veg Yard),Pineapple,Other,Medium,2012-09-24 00:00:00,180.0,220.0,200.0,21
Gujarat,Banaskanth,Deesa(Deesa Veg Yard),Pineapple,Other,Medium,2012-10-17 00:00:00,240.0,260.0,250.0,21
Gujarat,Banaskanth,Deesa(Deesa Veg Yard),Pineapple,Other,Medium,2012-10-23 00:00:00,160.0,180.0,170.0,21
Gujarat,Banaskanth,Deesa(Deesa Veg Yard),Pineapple,Other,Medium,2012-11-01 00:00:00,200.0,220.0,210.0,21
Gujarat,Banaskanth,Deesa(Deesa Veg Yard),Pineapple,Other,Medium,2012-11-09 00:00:00,140.0,160.0,150.0,21
Gujarat,Bharuch,Bharuch,Pineapple,Other,Medium,2012-03-06 00:00:00,1500.0,2000.0,1750.0,21
Gujarat,Bharuch,Bharuch,Pineapple,Other,Medium,2012-03-20 00:00:00,1000.0,1500.0,1250.0,21
Gujarat,Bharuch,Bharuch,Pineapple,Other,Medium,2012-06-30 00:00:00,2000.0,3000.0,2500.0,21
Gujarat,Bharuch,Bharuch,Pineapple,Other,Medium,2012-07-21 00:00:00,700.0,900.0,800.0,21
Gujarat,Bharuch,Bharuch,Pineapple,Other,Medium,2012-07-24 00:00:00,3000.0,4000.0,3500.0,21
Gujarat,Bharuch,Bharuch,Pineapple,Other,Medium,2012-07-28 00:00:00,4000.0,5000.0,4500.0,21
Gujarat,Banaskanth,Deesa(Deesa Veg Yard),Pineapple,Other,Medium,2010-03-06 00:00:00,1700.0,2000.0,1850.0,21
Gujarat,Banaskanth,Deesa(Deesa Veg Yard),Pineapple,Other,Medium,2010-03-16 00:00:00,2300.0,2500.0,2400.0,21
Gujarat,Banaskanth,Deesa(Deesa Veg Yard),Pineapple,Other,Medium,2010-03-25 00:00:00,2000.0,2200.0,2100.0,21
Gujarat,Banaskanth,Deesa(Deesa Veg Yard),Pineapple,Other,Medium,2010-04-16 00:00:00,2500.0,2800.0,2650.0,21
Gujarat,Banaskanth,Deesa(Deesa Veg Yard),Pineapple,Other,Medium,2010-05-07 00:00:00,2500.0,2800.0,2650.0,21
Gujarat,Banaskanth,Deesa(Deesa Veg Yard),Pineapple,Other,Medium,2010-05-11 00:00:00,1100.0,1200.0,1150.0,21
Gujarat,Banaskanth,Deesa(Deesa Veg Yard),Pineapple,Other,Medium,2010-05-31 00:00:00,2700.0,3000.0,2850.0,21
Gujarat,Banaskanth,Deesa(Deesa Veg Yard),Pineapple,Other,Medium,2010-06-05 00:00:00,2300.0,2600.0,2450.0,21
Gujarat,Banaskanth,Deesa(Deesa Veg Yard),Pineapple,Other,Medium,2010-07-12 00:00:00,2200.0,2500.0,2350.0,21
Gujarat,Banaskanth,Deesa(Deesa Veg Yard),Pineapple,Other,Medium,2010-07-17 00:00:00,2300.0,2500.0,2400.0,21
Gujarat,Banaskanth,Deesa(Deesa Veg Yard),Pineapple,Other,Medium,2010-08-27 00:00:00,2300.0,2500.0,2400.0,21
Gujarat,Banaskanth,Deesa(Deesa Veg Yard),Pineapple,Other,Medium,2010-12-20 00:00:00,2300.0,2700.0,2500.0,21
Gujarat,Banaskanth,Deesa(Deesa Veg Yard),Pineapple,Other,Medium,2010-12-30 00:00:00,2300.0,2700.0,2500.0,21
Gujarat,Bharuch,Bharuch,Pineapple,Other,Medium,2010-01-23 00:00:00,1200.0,1500.0,1350.0,21
Gujarat,Bharuch,Bharuch,Pineapple,Other,Medium,2010-04-23 00:00:00,3000.0,5000.0,4000.0,21
Gujarat,Bharuch,Bharuch,Pineapple,Other,Medium,2010-05-05 00:00:00,2000.0,3000.0,2500.0,21
Gujarat,Bharuch,Bharuch,Pineapple,Other,Medium,2010-08-04 00:00:00,1000.0,1500.0,1250.0,21
Gujarat,Bharuch,Bharuch,Pineapple,Other,Medium,2010-08-25 00:00:00,2000.0,3000.0,2500.0,21
Gujarat,Bharuch,Bharuch,Pineapple,Other,Medium,2010-11-20 00:00:00,2000.0,3000.0,2500.0,21
Gujarat,Bharuch,Bharuch,Pineapple,Other,Medium,2010-12-04 00:00:00,2000.0,3000.0,2500.0,21
Gujarat,Junagarh,Junagadh,Pineapple,Other,Medium,2010-06-16 00:00:00,2000.0,2600.0,2300.0,21
Gujarat,Junagarh,Junagadh,Pineapple,Other,Medium,2010-09-14 00:00:00,1250.0,2250.0,1700.0,21
Gujarat,Junagarh,Junagadh,Pineapple,Pine Apple,Medium,2010-05-05 00:00:00,180.0,500.0,340.0,21
Gujarat,Junagarh,Junagadh,Pineapple,Pine Apple,Medium,2010-05-07 00:00:00,300.0,520.0,410.0,21
Gujarat,Bharuch,Bharuch,Pineapple,Other,Large,2006-01-04 00:00:00,1000.0,1200.0,1100.0,21
Gujarat,Bharuch,Bharuch,Pineapple,Other,Large,2006-01-13 00:00:00,800.0,1000.0,900.0,21
Gujarat,Bharuch,Bharuch,Pineapple,Other,Large,2006-10-09 00:00:00,1500.0,2000.0,1750.0,21
Gujarat,Bharuch,Bharuch,Pineapple,Other,Large,2006-10-27 00:00:00,1200.0,1500.0,1350.0,21
Gujarat,Gir Somnath,Una,Pineapple,Other,Medium,2006-10-20 00:00:00,1300.0,1300.0,1300.0,21
Gujarat,Gir Somnath,Una,Pineapple,Other,Medium,2006-11-08 00:00:00,1700.0,1700.0,1700.0,21
Gujarat,Gir Somnath,Una,Pineapple,Other,Medium,2006-11-22 00:00:00,1600.0,1600.0,1600.0,21
Gujarat,Ahmedabad,Ahmedabad,Pineapple,Other,Medium,2001-12-03 00:00:00,180.0,220.0,210.0,21
Gujarat,Ahmedabad,Ahmedabad,Pineapple,Other,Large,2001-12-05 00:00:00,175.0,210.0,200.0,21
Gujarat,Ahmedabad,Ahmedabad,Pineapple,Other,Large,2002-01-16 00:00:00,120.0,160.0,150.0,21
Gujarat,Ahmedabad,Ahmedabad,Pineapple,Other,Large,2002-01-18 00:00:00,120.0,160.0,150.0,21
Gujarat,Banaskanth,Deesa(Deesa Veg Yard),Pineapple,Other,Medium,2025-03-25 00:00:00,6000.0,6700.0,6350.0,21
Gujarat,Bharuch,Bharuch,Pineapple,Other,Medium,2025-03-10 00:00:00,3500.0,4500.0,4000.0,21
Gujarat,Banaskanth,Deesa(Deesa Veg Yard),Pineapple,Other,Medium,2023-01-07 00:00:00,3500.0,4800.0,4150.0,21
Gujarat,Banaskanth,Deesa(Deesa Veg Yard),Pineapple,Other,Medium,2023-01-09 00:00:00,3500.0,4500.0,4000.0,21
Gujarat,Banaskanth,Deesa(Deesa Veg Yard),Pineapple,Other,Medium,2023-01-13 00:00:00,3500.0,4750.0,4125.0,21
Gujarat,Banaskanth,Deesa(Deesa Veg Yard),Pineapple,Other,Medium,2023-01-20 00:00:00,4000.0,4300.0,4150.0,21
Gujarat,Banaskanth,Deesa(Deesa Veg Yard),Pineapple,Other,Medium,2023-01-24 00:00:00,4000.0,4500.0,4250.0,21
Gujarat,Banaskanth,Deesa(Deesa Veg Yard),Pineapple,Other,Medium,2023-01-27 00:00:00,4000.0,4650.0,4325.0,21
Gujarat,Banaskanth,Deesa(Deesa Veg Yard),Pineapple,Other,Medium,2023-02-01 00:00:00,4000.0,4800.0,4400.0,21
Gujarat,Banaskanth,Deesa(Deesa Veg Yard),Pineapple,Other,Medium,2023-02-03 00:00:00,4000.0,4500.0,4250.0,21
Gujarat,Banaskanth,Deesa(Deesa Veg Yard),Pineapple,Other,Medium,2023-02-24 00:00:00,5000.0,6000.0,5500.0,21
Gujarat,Banaskanth,Deesa(Deesa Veg Yard),Pineapple,Other,Medium,2023-02-25 00:00:00,5000.0,6050.0,5525.0,21
Gujarat,Banaskanth,Deesa(Deesa Veg Yard),Pineapple,Other,Medium,2023-03-13 00:00:00,5000.0,6200.0,5600.0,21
Gujarat,Banaskanth,Deesa(Deesa Veg Yard),Pineapple,Other,Medium,2023-03-16 00:00:00,5000.0,7150.0,6075.0,21
Gujarat,Banaskanth,Deesa(Deesa Veg Yard),Pineapple,Other,Medium,2023-03-20 00:00:00,5000.0,6200.0,5600.0,21
Gujarat,Banaskanth,Deesa(Deesa Veg Yard),Pineapple,Other,Medium,2023-03-24 00:00:00,6000.0,6650.0,6325.0,21
Gujarat,Banaskanth,Deesa(Deesa Veg Yard),Pineapple,Other,Medium,2023-04-05 00:00:00,6000.0,6600.0,6300.0,21
Gujarat,Banaskanth,Deesa(Deesa Veg Yard),Pineapple,Other,Medium,2023-04-08 00:00:00,6000.0,6650.0,6325.0,21
Gujarat,Banaskanth,Deesa(Deesa Veg Yard),Pineapple,Other,Medium,2023-04-19 00:00:00,3500.0,4850.0,4175.0,21
Gujarat,Banaskanth,Deesa(Deesa Veg Yard),Pineapple,Other,Medium,2023-04-20 00:00:00,3500.0,4900.0,4200.0,21
Gujarat,Banaskanth,Deesa(Deesa Veg Yard),Pineapple,Other,Medium,2023-04-25 00:00:00,3500.0,4850.0,4175.0,21
Gujarat,Banaskanth,Deesa(Deesa Veg Yard),Pineapple,Other,Medium,2023-04-26 00:00:00,3500.0,4900.0,4200.0,21
Gujarat,Banaskanth,Deesa(Deesa Veg Yard),Pineapple,Other,Medium,2023-05-04 00:00:00,4000.0,5150.0,4575.0,21
Gujarat,Banaskanth,Deesa(Deesa Veg Yard),Pineapple,Other,Medium,2023-05-06 00:00:00,4000.0,5000.0,4500.0,21
Gujarat,Banaskanth,Deesa(Deesa Veg Yard),Pineapple,Other,Medium,2023-05-13 00:00:00,4000.0,5100.0,4550.0,21
Gujarat,Banaskanth,Deesa(Deesa Veg Yard),Pineapple,Other,Medium,2023-05-20 00:00:00,4000.0,5150.0,4575.0,21
Gujarat,Banaskanth,Deesa(Deesa Veg Yard),Pineapple,Other,Medium,2023-06-06 00:00:00,5000.0,6250.0,5625.0,21
Gujarat,Banaskanth,Deesa(Deesa Veg Yard),Pineapple,Other,Medium,2023-06-08 00:00:00,5000.0,6250.0,5625.0,21
Gujarat,Banaskanth,Deesa(Deesa Veg Yard),Pineapple,Other,Medium,2023-06-12 00:00:00,5000.0,6200.0,5600.0,21
Gujarat,Banaskanth,Deesa(Deesa Veg Yard),Pineapple,Other,Medium,2023-07-06 00:00:00,5000.0,6200.0,5600.0,21
Gujarat,Banaskanth,Deesa(Deesa Veg Yard),Pineapple,Other,Medium,2023-07-10 00:00:00,6000.0,7250.0,6625.0,21
Gujarat,Banaskanth,Deesa(Deesa Veg Yard),Pineapple,Other,Medium,2023-07-12 00:00:00,6000.0,7250.0,6625.0,21
Gujarat,Banaskanth,Deesa(Deesa Veg Yard),Pineapple,Other,Medium,2023-07-21 00:00:00,5500.0,7200.0,6350.0,21
Gujarat,Banaskanth,Deesa(Deesa Veg Yard),Pineapple,Other,Medium,2023-07-24 00:00:00,5500.0,7200.0,6350.0,21
Gujarat,Banaskanth,Deesa(Deesa Veg Yard),Pineapple,Other,Medium,2023-07-25 00:00:00,5500.0,7250.0,6375.0,21
Gujarat,Banaskanth,Deesa(Deesa Veg Yard),Pineapple,Other,Medium,2023-07-27 00:00:00,6000.0,7200.0,6600.0,21
Gujarat,Banaskanth,Deesa(Deesa Veg Yard),Pineapple,Other,Medium,2023-08-22 00:00:00,4500.0,6200.0,5350.0,21
Gujarat,Banaskanth,Deesa(Deesa Veg Yard),Pineapple,Other,Medium,2023-09-01 00:00:00,5500.0,6200.0,5850.0,21
Gujarat,Banaskanth,Deesa(Deesa Veg Yard),Pineapple,Other,Medium,2023-09-08 00:00:00,6000.0,7000.0,6500.0,21
Gujarat,Banaskanth,Deesa(Deesa Veg Yard),Pineapple,Other,Medium,2023-10-03 00:00:00,6000.0,7000.0,6500.0,21
Gujarat,Banaskanth,Deesa(Deesa Veg Yard),Pineapple,Other,Medium,2023-10-10 00:00:00,5000.0,6000.0,5500.0,21
Gujarat,Banaskanth,Deesa(Deesa Veg Yard),Pineapple,Other,Medium,2023-10-12 00:00:00,5000.0,6200.0,5600.0,21
Gujarat,Banaskanth,Deesa(Deesa Veg Yard),Pineapple,Other,Medium,2023-10-20 00:00:00,4500.0,5700.0,5100.0,21
Gujarat,Banaskanth,Deesa(Deesa Veg Yard),Pineapple,Other,Medium,2023-10-23 00:00:00,4500.0,5650.0,5075.0,21
Gujarat,Banaskanth,Deesa(Deesa Veg Yard),Pineapple,Other,Medium,2023-11-03 00:00:00,4500.0,5000.0,4750.0,21
Gujarat,Banaskanth,Deesa(Deesa Veg Yard),Pineapple,Other,Medium,2023-11-24 00:00:00,4000.0,6250.0,5125.0,21
Gujarat,Banaskanth,Deesa(Deesa Veg Yard),Pineapple,Other,Medium,2023-11-25 00:00:00,4000.0,6000.0,5000.0,21
Gujarat,Banaskanth,Deesa(Deesa Veg Yard),Pineapple,Other,Medium,2023-12-05 00:00:00,5000.0,5750.0,5375.0,21
Gujarat,Banaskanth,Deesa(Deesa Veg Yard),Pineapple,Other,Medium,2023-12-06 00:00:00,5000.0,5750.0,5350.0,21
Gujarat,Banaskanth,Deesa(Deesa Veg Yard),Pineapple,Other,Medium,2023-12-09 00:00:00,5000.0,5750.0,5375.0,21
Gujarat,Banaskanth,Deesa(Deesa Veg Yard),Pineapple,Other,Medium,2023-12-19 00:00:00,5000.0,6200.0,5600.0,21
Gujarat,Banaskanth,Deesa(Deesa Veg Yard),Pineapple,Other,Medium,2023-12-20 00:00:00,5000.0,6250.0,5625.0,21
Gujarat,Banaskanth,Deesa(Deesa Veg Yard),Pineapple,Other,Medium,2023-12-26 00:00:00,5000.0,8150.0,6575.0,21
Gujarat,Banaskanth,Deesa(Deesa Veg Yard),Pineapple,Other,Medium,2023-12-30 00:00:00,5000.0,8200.0,6600.0,21
Gujarat,Navsari,Navsari,Pineapple,Other,Medium,2023-07-18 00:00:00,700.0,1000.0,850.0,21
Gujarat,Ahmedabad,Ahmedabad(Manekchowk),Pineapple,Other,Medium,2019-07-24 00:00:00,3800.0,4200.0,4000.0,21
Gujarat,Ahmedabad,Ahmedabad(Manekchowk),Pineapple,Other,Medium,2019-08-28 00:00:00,3500.0,4000.0,3800.0,21
Gujarat,Ahmedabad,Ahmedabad(Manekchowk),Pineapple,Other,Medium,2019-08-31 00:00:00,3500.0,4100.0,3800.0,21
Gujarat,Ahmedabad,Ahmedabad(Manekchowk),Pineapple,Other,Medium,2019-10-04 00:00:00,3500.0,4200.0,3900.0,21
Gujarat,Ahmedabad,Ahmedabad(Manekchowk),Pineapple,Other,Medium,2019-10-25 00:00:00,4100.0,4500.0,4300.0,21
Gujarat,Ahmedabad,Ahmedabad(Manekchowk),Pineapple,Other,Medium,2019-11-13 00:00:00,3500.0,4000.0,3900.0,21
Gujarat,Ahmedabad,Ahmedabad(Manekchowk),Pineapple,Other,Medium,2019-11-29 00:00:00,3500.0,4000.0,3800.0,21
Gujarat,Ahmedabad,Ahmedabad(Manekchowk),Pineapple,Other,Medium,2019-12-21 00:00:00,4000.0,4500.0,4300.0,21
Gujarat,Ahmedabad,Ahmedabad(Manekchowk),Pineapple,Other,Medium,2019-12-27 00:00:00,3700.0,4400.0,4100.0,21
Gujarat,Ahmedabad,Ahmedabad(Manekchowk),Pineapple,Other,Medium,2019-12-30 00:00:00,3700.0,4400.0,4100.0,21
Gujarat,Bharuch,Bharuch,Pineapple,Other,Medium,2019-02-06 00:00:00,3500.0,5000.0,4000.0,21
Gujarat,Bharuch,Bharuch,Pineapple,Other,Medium,2019-05-11 00:00:00,7000.0,8500.0,8000.0,21
Gujarat,Bharuch,Bharuch,Pineapple,Other,Medium,2019-05-16 00:00:00,5000.0,6500.0,6000.0,21
Gujarat,Bharuch,Bharuch,Pineapple,Other,Medium,2019-05-17 00:00:00,4500.0,6000.0,5000.0,21
Gujarat,Ahmedabad,"Ahmedabad(Fruit Market, Naroda)",Pineapple,Other,Medium,2019-01-02 00:00:00,2800.0,3400.0,3100.0,21
Gujarat,Ahmedabad,"Ahmedabad(Fruit Market, Naroda)",Pineapple,Other,Medium,2019-01-07 00:00:00,2800.0,3200.0,3000.0,21
Gujarat,Ahmedabad,"Ahmedabad(Fruit Market, Naroda)",Pineapple,Other,Medium,2019-01-10 00:00:00,2800.0,3200.0,3000.0,21
Gujarat,Ahmedabad,"Ahmedabad(Fruit Market, Naroda)",Pineapple,Other,Medium,2019-01-21 00:00:00,2800.0,3200.0,3000.0,21
Gujarat,Ahmedabad,"Ahmedabad(Fruit Market, Naroda)",Pineapple,Other,Medium,2019-02-01 00:00:00,3000.0,4000.0,3500.0,21
Gujarat,Ahmedabad,"Ahmedabad(Fruit Market, Naroda)",Pineapple,Other,Medium,2019-02-02 00:00:00,3000.0,3600.0,3300.0,21
Gujarat,Ahmedabad,"Ahmedabad(Fruit Market, Naroda)",Pineapple,Other,Medium,2019-02-05 00:00:00,2800.0,3200.0,3000.0,21
Gujarat,Ahmedabad,"Ahmedabad(Fruit Market, Naroda)",Pineapple,Other,Medium,2019-02-09 00:00:00,2800.0,3200.0,3000.0,21
Gujarat,Ahmedabad,"Ahmedabad(Fruit Market, Naroda)",Pineapple,Other,Medium,2019-02-20 00:00:00,2800.0,3400.0,3100.0,21
Gujarat,Ahmedabad,"Ahmedabad(Fruit Market, Naroda)",Pineapple,Other,Medium,2019-02-27 00:00:00,3000.0,3500.0,3300.0,21
Gujarat,Ahmedabad,"Ahmedabad(Fruit Market, Naroda)",Pineapple,Other,Medium,2019-02-28 00:00:00,3000.0,3500.0,3300.0,21
Gujarat,Ahmedabad,"Ahmedabad(Fruit Market, Naroda)",Pineapple,Other,Medium,2019-03-02 00:00:00,2500.0,3500.0,3000.0,21
Gujarat,Ahmedabad,"Ahmedabad(Fruit Market, Naroda)",Pineapple,Other,Medium,2019-03-18 00:00:00,3100.0,3700.0,3450.0,21
Gujarat,Ahmedabad,"Ahmedabad(Fruit Market, Naroda)",Pineapple,Other,Medium,2019-04-15 00:00:00,3800.0,4100.0,4000.0,21
Gujarat,Ahmedabad,"Ahmedabad(Fruit Market, Naroda)",Pineapple,Other,Medium,2019-04-16 00:00:00,4000.0,4200.0,4100.0,21
Gujarat,Ahmedabad,"Ahmedabad(Fruit Market, Naroda)",Pineapple,Other,Medium,2019-04-22 00:00:00,3800.0,4500.0,4000.0,21
Gujarat,Ahmedabad,"Ahmedabad(Fruit Market, Naroda)",Pineapple,Other,Medium,2019-05-08 00:00:00,3600.0,4100.0,3900.0,21
Gujarat,Ahmedabad,"Ahmedabad(Fruit Market, Naroda)",Pineapple,Other,Medium,2019-05-09 00:00:00,4000.0,4200.0,4100.0,21
Gujarat,Ahmedabad,"Ahmedabad(Fruit Market, Naroda)",Pineapple,Other,Medium,2019-05-21 00:00:00,3500.0,4000.0,3800.0,21
Gujarat,Ahmedabad,"Ahmedabad(Fruit Market, Naroda)",Pineapple,Other,Medium,2019-05-23 00:00:00,4000.0,4200.0,4100.0,21
Gujarat,Ahmedabad,"Ahmedabad(Fruit Market, Naroda)",Pineapple,Other,Medium,2019-05-25 00:00:00,4000.0,4300.0,4200.0,21
Gujarat,Ahmedabad,"Ahmedabad(Fruit Market, Naroda)",Pineapple,Other,Medium,2019-05-31 00:00:00,4000.0,4200.0,4100.0,21
Gujarat,Ahmedabad,"Ahmedabad(Fruit Market, Naroda)",Pineapple,Other,Medium,2019-06-24 00:00:00,4000.0,4200.0,4100.0,21
Gujarat,Ahmedabad,"Ahmedabad(Fruit Market, Naroda)",Pineapple,Other,Medium,2019-06-25 00:00:00,3900.0,4100.0,4000.0,21
Gujarat,Ahmedabad,"Ahmedabad(Fruit Market, Naroda)",Pineapple,Other,Medium,2019-06-28 00:00:00,4000.0,4200.0,4100.0,21
Gujarat,Ahmedabad,"Ahmedabad(Fruit Market, Naroda)",Pineapple,Other,Medium,2019-07-02 00:00:00,3500.0,4000.0,3800.0,21
Gujarat,Ahmedabad,"Ahmedabad(Fruit Market, Naroda)",Pineapple,Other,Medium,2019-09-18 00:00:00,3500.0,4100.0,3800.0,21
Gujarat,Ahmedabad,"Ahmedabad(Fruit Market, Naroda)",Pineapple,Other,Medium,2019-10-03 00:00:00,3800.0,4100.0,4000.0,21
Gujarat,Ahmedabad,"Ahmedabad(Fruit Market, Naroda)",Pineapple,Other,Medium,2019-10-24 00:00:00,4000.0,4500.0,4200.0,21
Gujarat,Ahmedabad,"Ahmedabad(Fruit Market, Naroda)",Pineapple,Other,Medium,2019-11-11 00:00:00,3500.0,4000.0,3800.0,21
Gujarat,Ahmedabad,"Ahmedabad(Fruit Market, Naroda)",Pineapple,Other,Medium,2019-11-13 00:00:00,3500.0,4000.0,3900.0,21
Gujarat,Ahmedabad,"Ahmedabad(Fruit Market, Naroda)",Pineapple,Other,Medium,2019-11-18 00:00:00,3500.0,4000.0,3800.0,21
Gujarat,Ahmedabad,"Ahmedabad(Fruit Market, Naroda)",Pineapple,Other,Medium,2019-11-21 00:00:00,3500.0,4100.0,3800.0,21
Gujarat,Ahmedabad,"Ahmedabad(Fruit Market, Naroda)",Pineapple,Other,Medium,2019-11-25 00:00:00,3500.0,4100.0,3800.0,21
Gujarat,Ahmedabad,"Ahmedabad(Fruit Market, Naroda)",Pineapple,Other,Medium,2019-11-26 00:00:00,3500.0,4500.0,4000.0,21
Gujarat,Ahmedabad,"Ahmedabad(Fruit Market, Naroda)",Pineapple,Other,Medium,2019-11-28 00:00:00,4000.0,4500.0,4300.0,21
Gujarat,Ahmedabad,"Ahmedabad(Fruit Market, Naroda)",Pineapple,Other,Medium,2019-12-20 00:00:00,3500.0,4000.0,3600.0,21
Gujarat,Ahmedabad,"Ahmedabad(Fruit Market, Naroda)",Pineapple,Other,Medium,2019-12-24 00:00:00,3500.0,4500.0,4200.0,21
Gujarat,Ahmedabad,"Ahmedabad(Fruit Market, Naroda)",Pineapple,Other,Medium,2019-12-26 00:00:00,3700.0,4400.0,4100.0,21
Gujarat,Ahmedabad,Ahmedabad(Manekchowk),Pineapple,Other,Medium,2019-01-21 00:00:00,2800.0,3200.0,3000.0,21
Gujarat,Ahmedabad,Ahmedabad(Manekchowk),Pineapple,Other,Medium,2019-02-01 00:00:00,3000.0,4000.0,3500.0,21
Gujarat,Ahmedabad,Ahmedabad(Manekchowk),Pineapple,Other,Medium,2019-02-02 00:00:00,3000.0,3600.0,3300.0,21
Gujarat,Ahmedabad,Ahmedabad(Manekchowk),Pineapple,Other,Medium,2019-02-06 00:00:00,2400.0,3200.0,2800.0,21
Gujarat,Ahmedabad,Ahmedabad(Manekchowk),Pineapple,Other,Medium,2019-02-13 00:00:00,2500.0,3000.0,2800.0,21
Gujarat,Ahmedabad,Ahmedabad(Manekchowk),Pineapple,Other,Medium,2019-02-21 00:00:00,2500.0,3600.0,3100.0,21
Gujarat,Ahmedabad,Ahmedabad(Manekchowk),Pineapple,Other,Medium,2019-03-07 00:00:00,3000.0,3600.0,3300.0,21
Gujarat,Ahmedabad,Ahmedabad(Manekchowk),Pineapple,Other,Medium,2019-03-09 00:00:00,3000.0,3500.0,3300.0,21
Gujarat,Ahmedabad,Ahmedabad(Manekchowk),Pineapple,Other,Medium,2019-03-13 00:00:00,3000.0,3600.0,3300.0,21
Gujarat,Ahmedabad,Ahmedabad(Manekchowk),Pineapple,Other,Medium,2019-03-18 00:00:00,3100.0,3700.0,3450.0,21
Gujarat,Ahmedabad,Ahmedabad(Manekchowk),Pineapple,Other,Medium,2019-04-02 00:00:00,3500.0,4000.0,3800.0,21
Gujarat,Ahmedabad,Ahmedabad(Manekchowk),Pineapple,Other,Medium,2019-04-03 00:00:00,3500.0,4000.0,3800.0,21
Gujarat,Ahmedabad,Ahmedabad(Manekchowk),Pineapple,Other,Medium,2019-04-04 00:00:00,3500.0,4000.0,3800.0,21
Gujarat,Ahmedabad,Ahmedabad(Manekchowk),Pineapple,Other,Medium,2019-04-18 00:00:00,4000.0,4200.0,4100.0,21
Gujarat,Ahmedabad,Ahmedabad(Manekchowk),Pineapple,Other,Medium,2019-04-26 00:00:00,3800.0,4100.0,4000.0,21
Gujarat,Ahmedabad,Ahmedabad(Manekchowk),Pineapple,Other,Medium,2019-05-01 00:00:00,3800.0,4100.0,4000.0,21
Gujarat,Ahmedabad,Ahmedabad(Manekchowk),Pineapple,Other,Medium,2019-05-04 00:00:00,3800.0,4100.0,4000.0,21
Gujarat,Ahmedabad,Ahmedabad(Manekchowk),Pineapple,Other,Medium,2019-05-20 00:00:00,3500.0,4000.0,3800.0,21
Gujarat,Ahmedabad,Ahmedabad(Manekchowk),Pineapple,Other,Medium,2019-05-31 00:00:00,4000.0,4200.0,4100.0,21
Gujarat,Ahmedabad,Ahmedabad(Manekchowk),Pineapple,Other,Medium,2019-06-08 00:00:00,4000.0,4200.0,4100.0,21
Gujarat,Ahmedabad,Ahmedabad(Manekchowk),Pineapple,Other,Medium,2019-06-11 00:00:00,3500.0,4000.0,3800.0,21
Gujarat,Banaskanth,Deesa(Deesa Veg Yard),Pineapple,Other,Medium,2022-01-01 00:00:00,3000.0,3500.0,3250.0,21
Gujarat,Banaskanth,Deesa(Deesa Veg Yard),Pineapple,Other,Medium,2022-01-10 00:00:00,3000.0,4100.0,3550.0,21
Gujarat,Banaskanth,Deesa(Deesa Veg Yard),Pineapple,Other,Medium,2022-01-22 00:00:00,4000.0,5500.0,4750.0,21
Gujarat,Banaskanth,Deesa(Deesa Veg Yard),Pineapple,Other,Medium,2022-01-24 00:00:00,4000.0,5600.0,4800.0,21
Gujarat,Banaskanth,Deesa(Deesa Veg Yard),Pineapple,Other,Medium,2022-01-25 00:00:00,4000.0,5500.0,4750.0,21
Gujarat,Banaskanth,Deesa(Deesa Veg Yard),Pineapple,Other,Medium,2022-01-29 00:00:00,4000.0,5500.0,4750.0,21
Gujarat,Banaskanth,Deesa(Deesa Veg Yard),Pineapple,Other,Medium,2022-01-31 00:00:00,4000.0,5600.0,4800.0,21
Gujarat,Banaskanth,Deesa(Deesa Veg Yard),Pineapple,Other,Medium,2022-02-11 00:00:00,3500.0,4700.0,4100.0,21
Gujarat,Banaskanth,Deesa(Deesa Veg Yard),Pineapple,Other,Medium,2022-03-23 00:00:00,4000.0,5250.0,4625.0,21
Gujarat,Banaskanth,Deesa(Deesa Veg Yard),Pineapple,Other,Medium,2022-03-24 00:00:00,4000.0,5300.0,4650.0,21
Gujarat,Banaskanth,Deesa(Deesa Veg Yard),Pineapple,Other,Medium,2022-04-04 00:00:00,4000.0,5000.0,4500.0,21
Gujarat,Banaskanth,Deesa(Deesa Veg Yard),Pineapple,Other,Medium,2022-06-08 00:00:00,4500.0,6100.0,5300.0,21
Gujarat,Banaskanth,Deesa(Deesa Veg Yard),Pineapple,Other,Medium,2022-06-20 00:00:00,4500.0,6000.0,5250.0,21
Gujarat,Banaskanth,Deesa(Deesa Veg Yard),Pineapple,Other,Medium,2022-07-02 00:00:00,4500.0,6250.0,5375.0,21
Gujarat,Banaskanth,Deesa(Deesa Veg Yard),Pineapple,Other,Medium,2022-07-19 00:00:00,3500.0,4150.0,3825.0,21
Gujarat,Banaskanth,Deesa(Deesa Veg Yard),Pineapple,Other,Medium,2022-07-26 00:00:00,4000.0,5200.0,4600.0,21
Gujarat,Banaskanth,Deesa(Deesa Veg Yard),Pineapple,Other,Medium,2022-07-27 00:00:00,4000.0,5250.0,4625.0,21
Gujarat,Banaskanth,Deesa(Deesa Veg Yard),Pineapple,Other,Medium,2022-07-28 00:00:00,4000.0,5200.0,4600.0,21
Gujarat,Banaskanth,Deesa(Deesa Veg Yard),Pineapple,Other,Medium,2022-08-02 00:00:00,4000.0,6200.0,5100.0,21
Gujarat,Banaskanth,Deesa(Deesa Veg Yard),Pineapple,Other,Medium,2022-08-08 00:00:00,4000.0,5300.0,4650.0,21
Gujarat,Banaskanth,Deesa(Deesa Veg Yard),Pineapple,Other,Medium,2022-08-27 00:00:00,3500.0,4600.0,4050.0,21
Gujarat,Banaskanth,Deesa(Deesa Veg Yard),Pineapple,Other,Medium,2022-09-02 00:00:00,5000.0,6000.0,5500.0,21
Gujarat,Banaskanth,Deesa(Deesa Veg Yard),Pineapple,Other,Medium,2022-09-06 00:00:00,5000.0,6200.0,5600.0,21
Gujarat,Banaskanth,Deesa(Deesa Veg Yard),Pineapple,Other,Medium,2022-09-07 00:00:00,5000.0,6250.0,5625.0,21
Gujarat,Banaskanth,Deesa(Deesa Veg Yard),Pineapple,Other,Medium,2022-09-19 00:00:00,5000.0,6300.0,5650.0,21
Gujarat,Banaskanth,Deesa(Deesa Veg Yard),Pineapple,Other,Medium,2022-09-24 00:00:00,5000.0,6250.0,5625.0,21
Gujarat,Banaskanth,Deesa(Deesa Veg Yard),Pineapple,Other,Medium,2022-09-26 00:00:00,5000.0,6300.0,5650.0,21
Gujarat,Banaskanth,Deesa(Deesa Veg Yard),Pineapple,Other,Medium,2022-10-01 00:00:00,5000.0,6200.0,5600.0,21
Gujarat,Banaskanth,Deesa(Deesa Veg Yard),Pineapple,Other,Medium,2022-10-04 00:00:00,5000.0,6250.0,5625.0,21
Gujarat,Banaskanth,Deesa(Deesa Veg Yard),Pineapple,Other,Medium,2022-10-13 00:00:00,6000.0,6150.0,6075.0,21
Gujarat,Banaskanth,Deesa(Deesa Veg Yard),Pineapple,Other,Medium,2022-10-21 00:00:00,6000.0,6400.0,6200.0,21
Gujarat,Banaskanth,Deesa(Deesa Veg Yard),Pineapple,Other,Medium,2022-11-26 00:00:00,4000.0,5500.0,4750.0,21
Gujarat,Banaskanth,Deesa(Deesa Veg Yard),Pineapple,Other,Medium,2022-11-29 00:00:00,4000.0,5500.0,4750.0,21
Gujarat,Banaskanth,Deesa(Deesa Veg Yard),Pineapple,Other,Medium,2022-12-06 00:00:00,4000.0,5200.0,4600.0,21
Gujarat,Banaskanth,Deesa(Deesa Veg Yard),Pineapple,Other,Medium,2022-12-10 00:00:00,4000.0,5100.0,4550.0,21
Gujarat,Banaskanth,Deesa(Deesa Veg Yard),Pineapple,Other,Medium,2022-12-14 00:00:00,4000.0,5100.0,4550.0,21
Gujarat,Banaskanth,Deesa(Deesa Veg Yard),Pineapple,Other,Medium,2022-12-15 00:00:00,4000.0,5000.0,4500.0,21
Gujarat,Banaskanth,Deesa(Deesa Veg Yard),Pineapple,Other,Medium,2022-12-21 00:00:00,4000.0,5000.0,4500.0,21
Gujarat,Banaskanth,Deesa(Deesa Veg Yard),Pineapple,Other,Medium,2022-12-23 00:00:00,4000.0,5000.0,4500.0,21
Gujarat,Banaskanth,Deesa(Deesa Veg Yard),Pineapple,Other,Medium,2025-04-04 00:00:00,6500.0,7250.0,6875.0,21
Gujarat,Banaskanth,Deesa(Deesa Veg Yard),Pineapple,Other,Medium,2025-04-15 00:00:00,6500.0,7250.0,6875.0,21
Gujarat,Banaskanth,Deesa(Deesa Veg Yard),Pineapple,Other,Medium,2025-04-22 00:00:00,6500.0,7350.0,6925.0,21
Gujarat,Bharuch,Bharuch,Pineapple,Other,Medium,2025-04-24 00:00:00,3000.0,3500.0,3200.0,21
Gujarat,Banaskanth,Deesa(Deesa Veg Yard),Pineapple,Other,Medium,2025-05-03 00:00:00,4850.0,5700.0,5275.0,21
Gujarat,Banaskanth,Deesa(Deesa Veg Yard),Pineapple,Other,Medium,2025-05-07 00:00:00,4900.0,5700.0,5300.0,21
Gujarat,Banaskanth,Deesa(Deesa Veg Yard),Pineapple,Other,Medium,2025-05-10 00:00:00,4850.0,5750.0,5300.0,21
Gujarat,Banaskanth,Deesa(Deesa Veg Yard),Pineapple,Other,Medium,2025-05-24 00:00:00,4500.0,6250.0,5375.0,21
Gujarat,Banaskanth,Deesa(Deesa Veg Yard),Pineapple,Other,Medium,2025-05-28 00:00:00,5000.0,6200.0,5600.0,21
Gujarat,Banaskanth,Deesa(Deesa Veg Yard),Pineapple,Other,Medium,2025-05-30 00:00:00,4000.0,4600.0,4300.0,21
Gujarat,Bharuch,Bharuch,Pineapple,Other,Medium,2025-05-05 00:00:00,2500.0,3500.0,3000.0,21
Gujarat,Bharuch,Bharuch,Pineapple,Other,Medium,2025-05-20 00:00:00,3000.0,3500.0,3200.0,21
Gujarat,Banaskanth,Deesa(Deesa Veg Yard),Pineapple,Other,Medium,2025-08-02 00:00:00,5000.0,6250.0,5625.0,21
Gujarat,Banaskanth,Deesa(Deesa Veg Yard),Pineapple,Other,Medium,2025-08-11 00:00:00,4000.0,4800.0,4400.0,21
Gujarat,Banaskanth,Deesa(Deesa Veg Yard),Pineapple,Other,Medium,2025-08-22 00:00:00,4500.0,5000.0,4750.0,21
Gujarat,Banaskanth,Deesa(Deesa Veg Yard),Pineapple,Other,Medium,2025-08-23 00:00:00,4500.0,5000.0,4750.0,21
Gujarat,Banaskanth,Deesa(Deesa Veg Yard),Pineapple,Other,Medium,2025-08-26 00:00:00,4500.0,5100.0,4800.0,21
Gujarat,Banaskanth,Deesa(Deesa Veg Yard),Pineapple,Other,Medium,2025-08-29 00:00:00,4500.0,5100.0,4800.0,21
Gujarat,Banaskanth,Deesa(Deesa Veg Yard),Pineapple,Other,Medium,2025-06-07 00:00:00,4000.0,4900.0,4450.0,21
Gujarat,Bharuch,Bharuch,Pineapple,Other,Medium,2025-06-25 00:00:00,3000.0,4000.0,3500.0,21
Gujarat,Banaskanth,Deesa(Deesa Veg Yard),Pineapple,Other,Medium,2025-07-01 00:00:00,6500.0,7000.0,6750.0,21
Gujarat,Banaskanth,Deesa(Deesa Veg Yard),Pineapple,Other,Medium,2025-07-07 00:00:00,6500.0,7300.0,6900.0,21
Gujarat,Banaskanth,Deesa(Deesa Veg Yard),Pineapple,Other,Medium,2025-07-25 00:00:00,5500.0,6200.0,5850.0,21
Gujarat,Banaskanth,Deesa(Deesa Veg Yard),Pineapple,Other,Medium,2025-07-31 00:00:00,5000.0,6250.0,5625.0,21
Gujarat,Banaskanth,Deesa(Deesa Veg Yard),Pineapple,Other,Medium,2025-09-10 00:00:00,5500.0,6850.0,6175.0,21
Gujarat,Banaskanth,Deesa(Deesa Veg Yard),Pineapple,Other,Medium,2025-09-18 00:00:00,4500.0,5250.0,4875.0,21
Gujarat,Banaskanth,Deesa(Deesa Veg Yard),Pineapple,Other,Medium,2025-09-19 00:00:00,4500.0,5150.0,4825.0,21
Gujarat,Banaskanth,Deesa(Deesa Veg Yard),Pineapple,Other,Medium,2025-09-25 00:00:00,4500.0,5250.0,4875.0,21
Gujarat,Banaskanth,Deesa(Deesa Veg Yard) APMC,Pineapple,Other,Medium,2025-11-20 00:00:00,4000.0,5200.0,4600.0,21
Gujarat,Banaskanth,Deesa(Deesa Veg Yard) APMC,Pineapple,Other,Medium,2025-11-22 00:00:00,4000.0,5150.0,4575.0,21
Gujarat,Bharuch,Bharuch APMC,Pineapple,Other,Local,2025-11-30 00:00:00,3000.0,4000.0,3500.0,21
Gujarat,Banaskanth,Deesa(Deesa Veg Yard) APMC,Pineapple,Other,Medium,2025-11-28 00:00:00,4000.0,5300.0,4650.0,21
Gujarat,Banaskanth,Deesa(Deesa Veg Yard) APMC,Pineapple,Other,Medium,2025-11-11 00:00:00,5000.0,6200.0,5600.0,21
Gujarat,Banaskanth,Deesa(Deesa Veg Yard),Pineapple,Other,Medium,2025-10-30 00:00:00,4500.0,5700.0,5100.0,21
Gujarat,Banaskanth,Deesa(Deesa Veg Yard) APMC,Pineapple,Other,Medium,2026-01-01 00:00:00,5000.0,6250.0,5625.0,21
Gujarat,Bharuch,Bharuch APMC,Pineapple,Other,Local,2026-01-03 00:00:00,2500.0,3300.0,3000.0,21
Gujarat,Banaskanth,Deesa(Deesa Veg Yard) APMC,Pineapple,Other,Medium,2026-01-08 00:00:00,4500.0,6100.0,5300.0,21
Gujarat,Banaskanth,Deesa(Deesa Veg Yard) APMC,Pineapple,Other,Medium,2026-01-09 00:00:00,4500.0,6150.0,5325.0,21
Gujarat,Banaskanth,Deesa(Deesa Veg Yard) APMC,Pineapple,Other,Medium,2026-01-19 00:00:00,4500.0,5000.0,4750.0,21
Gujarat,Banaskanth,Deesa(Deesa Veg Yard) APMC,Pineapple,Other,Medium,2026-01-20 00:00:00,4500.0,5100.0,4800.0,21
Gujarat,Banaskanth,Deesa(Deesa Veg Yard) APMC,Pineapple,Other,Medium,2026-01-22 00:00:00,4500.0,5000.0,4750.0,21
Gujarat,Banaskanth,Deesa(Deesa Veg Yard) APMC,Pineapple,Other,Medium,2026-01-28 00:00:00,4000.0,5100.0,4550.0,21
Gujarat,Banaskanth,Deesa(Deesa Veg Yard) APMC,Pineapple,Other,Medium,2026-02-05 00:00:00,5000.0,6100.0,5550.0,21
Gujarat,Ahmedabad,"Ahmedabad(Fruit Market, Naroda)",Pineapple,Other,Small,2014-10-18 00:00:00,2800.0,3200.0,3100.0,21
Gujarat,Ahmedabad,"Ahmedabad(Fruit Market, Naroda)",Pineapple,Other,Small,2014-10-27 00:00:00,3000.0,3500.0,3300.0,21
Gujarat,Ahmedabad,"Ahmedabad(Fruit Market, Naroda)",Pineapple,Other,Small,2014-10-31 00:00:00,2800.0,3200.0,3100.0,21
Gujarat,Ahmedabad,"Ahmedabad(Fruit Market, Naroda)",Pineapple,Other,Small,2014-11-10 00:00:00,2800.0,3500.0,3200.0,21
Gujarat,Ahmedabad,"Ahmedabad(Fruit Market, Naroda)",Pineapple,Other,Small,2014-11-12 00:00:00,3000.0,3500.0,3300.0,21
Gujarat,Ahmedabad,"Ahmedabad(Fruit Market, Naroda)",Pineapple,Other,Small,2014-11-14 00:00:00,2800.0,3200.0,3100.0,21
Gujarat,Ahmedabad,"Ahmedabad(Fruit Market, Naroda)",Pineapple,Other,Small,2014-11-22 00:00:00,2500.0,3200.0,3000.0,21
Gujarat,Ahmedabad,"Ahmedabad(Fruit Market, Naroda)",Pineapple,Other,Small,2014-12-11 00:00:00,3000.0,3200.0,3200.0,21
Gujarat,Ahmedabad,Ahmedabad(Manekchowk),Pineapple,Other,Small,2014-10-20 00:00:00,2800.0,3200.0,3100.0,21
Gujarat,Ahmedabad,Ahmedabad(Manekchowk),Pineapple,Other,Small,2014-10-22 00:00:00,2800.0,3200.0,3100.0,21
Gujarat,Ahmedabad,Ahmedabad(Manekchowk),Pineapple,Other,Small,2014-10-27 00:00:00,3000.0,3500.0,3300.0,21
Gujarat,Ahmedabad,Ahmedabad(Manekchowk),Pineapple,Other,Small,2014-10-28 00:00:00,2800.0,3200.0,3100.0,21
Gujarat,Ahmedabad,Ahmedabad(Manekchowk),Pineapple,Other,Small,2014-11-20 00:00:00,2800.0,3200.0,3100.0,21
Gujarat,Ahmedabad,Ahmedabad(Manekchowk),Pineapple,Other,Small,2014-11-25 00:00:00,2800.0,3200.0,3100.0,21
Gujarat,Ahmedabad,Ahmedabad(Manekchowk),Pineapple,Other,Small,2014-11-28 00:00:00,2800.0,3200.0,3100.0,21
Gujarat,Ahmedabad,Ahmedabad(Manekchowk),Pineapple,Other,Small,2014-12-06 00:00:00,3000.0,3600.0,3500.0,21
Gujarat,Ahmedabad,Ahmedabad(Manekchowk),Pineapple,Other,Small,2014-12-10 00:00:00,3000.0,3500.0,3300.0,21
Gujarat,Ahmedabad,Ahmedabad(Manekchowk),Pineapple,Other,Small,2014-12-19 00:00:00,2800.0,3000.0,3000.0,21
Gujarat,Ahmedabad,Ahmedabad(Manekchowk),Pineapple,Other,Small,2014-12-20 00:00:00,2500.0,3000.0,2800.0,21
Gujarat,Ahmedabad,Ahmedabad(Manekchowk),Pineapple,Other,Small,2014-12-25 00:00:00,3000.0,3200.0,3100.0,21
Gujarat,Banaskanth,Deesa(Deesa Veg Yard),Pineapple,Other,Medium,2014-02-19 00:00:00,4000.0,4500.0,4250.0,21
Gujarat,Banaskanth,Deesa(Deesa Veg Yard),Pineapple,Other,Medium,2014-07-16 00:00:00,5000.0,5500.0,5250.0,21
Gujarat,Banaskanth,Deesa(Deesa Veg Yard),Pineapple,Other,Medium,2014-07-17 00:00:00,5000.0,5500.0,5250.0,21
Gujarat,Banaskanth,Deesa(Deesa Veg Yard),Pineapple,Other,Medium,2014-07-23 00:00:00,3500.0,4000.0,3750.0,21
Gujarat,Banaskanth,Deesa(Deesa Veg Yard),Pineapple,Other,Medium,2014-08-11 00:00:00,3500.0,4500.0,4000.0,21
Gujarat,Banaskanth,Deesa(Deesa Veg Yard),Pineapple,Other,Medium,2014-08-16 00:00:00,3000.0,4000.0,3500.0,21
Gujarat,Banaskanth,Deesa(Deesa Veg Yard),Pineapple,Other,Medium,2014-08-20 00:00:00,3000.0,4000.0,3500.0,21
Gujarat,Banaskanth,Deesa(Deesa Veg Yard),Pineapple,Other,Medium,2014-08-21 00:00:00,3000.0,4000.0,3500.0,21
Gujarat,Banaskanth,Deesa(Deesa Veg Yard),Pineapple,Other,Medium,2014-08-23 00:00:00,3000.0,4000.0,3500.0,21
Gujarat,Banaskanth,Deesa(Deesa Veg Yard),Pineapple,Other,Medium,2014-09-06 00:00:00,3000.0,4000.0,3500.0,21
Gujarat,Banaskanth,Deesa(Deesa Veg Yard),Pineapple,Other,Medium,2014-09-15 00:00:00,3000.0,4000.0,3500.0,21
Gujarat,Banaskanth,Deesa(Deesa Veg Yard),Pineapple,Other,Medium,2014-09-22 00:00:00,3500.0,4000.0,3750.0,21
Gujarat,Banaskanth,Deesa(Deesa Veg Yard),Pineapple,Other,Medium,2014-12-30 00:00:00,2500.0,3500.0,3000.0,21
Gujarat,Bharuch,Bharuch,Pineapple,Other,Medium,2014-02-19 00:00:00,3000.0,4000.0,3500.0,21
Gujarat,Bharuch,Bharuch,Pineapple,Other,Medium,2014-07-16 00:00:00,3000.0,5000.0,4000.0,21
Gujarat,Bharuch,Bharuch,Pineapple,Other,Medium,2014-10-31 00:00:00,4000.0,5000.0,4500.0,21
Gujarat,Bharuch,Bharuch,Pineapple,Other,Medium,2014-11-28 00:00:00,4000.0,6000.0,5000.0,21
Gujarat,Bharuch,Bharuch,Pineapple,Other,Medium,2014-12-25 00:00:00,5000.0,7000.0,6000.0,21
Gujarat,Banaskanth,Deesa(Deesa Veg Yard),Pineapple,Other,Medium,2011-02-09 00:00:00,2700.0,3000.0,2850.0,21
Gujarat,Banaskanth,Deesa(Deesa Veg Yard),Pineapple,Other,Medium,2011-02-19 00:00:00,2700.0,3000.0,2850.0,21
Gujarat,Banaskanth,Deesa(Deesa Veg Yard),Pineapple,Other,Medium,2011-06-18 00:00:00,140.0,160.0,150.0,21
Gujarat,Banaskanth,Deesa(Deesa Veg Yard),Pineapple,Other,Medium,2011-06-30 00:00:00,120.0,140.0,130.0,21
Gujarat,Banaskanth,Deesa(Deesa Veg Yard),Pineapple,Other,Medium,2011-11-05 00:00:00,130.0,150.0,140.0,21
Gujarat,Bharuch,Bharuch,Pineapple,Other,Medium,2011-08-22 00:00:00,2000.0,2500.0,2250.0,21
Gujarat,Banaskanth,Deesa(Deesa Veg Yard),Pineapple,Other,Medium,2010-01-05 00:00:00,2300.0,2600.0,2450.0,21
Gujarat,Banaskanth,Deesa(Deesa Veg Yard),Pineapple,Other,Medium,2010-01-07 00:00:00,2300.0,2500.0,2400.0,21
Gujarat,Banaskanth,Deesa(Deesa Veg Yard),Pineapple,Other,Medium,2010-03-12 00:00:00,2000.0,2300.0,2150.0,21
Gujarat,Banaskanth,Deesa(Deesa Veg Yard),Pineapple,Other,Medium,2010-03-20 00:00:00,2200.0,2500.0,2350.0,21
Gujarat,Banaskanth,Deesa(Deesa Veg Yard),Pineapple,Other,Medium,2010-05-28 00:00:00,2700.0,2800.0,2750.0,21
Gujarat,Banaskanth,Deesa(Deesa Veg Yard),Pineapple,Other,Medium,2010-06-07 00:00:00,2300.0,2600.0,2450.0,21
Gujarat,Banaskanth,Deesa(Deesa Veg Yard),Pineapple,Other,Medium,2010-06-14 00:00:00,2500.0,2600.0,2550.0,21
Gujarat,Bharuch,Bharuch,Pineapple,Other,Medium,2010-04-22 00:00:00,3000.0,4000.0,3500.0,21
Gujarat,Bharuch,Bharuch,Pineapple,Other,Medium,2010-08-16 00:00:00,2000.0,3000.0,2500.0,21
Gujarat,Bharuch,Bharuch,Pineapple,Other,Medium,2010-10-02 00:00:00,1500.0,2000.0,1750.0,21
Gujarat,Bharuch,Bharuch,Pineapple,Other,Medium,2010-11-30 00:00:00,2000.0,3000.0,2500.0,21
Gujarat,Junagarh,Junagadh,Pineapple,Other,Medium,2010-05-27 00:00:00,250.0,550.0,400.0,21
Gujarat,Junagarh,Junagadh,Pineapple,Other,Medium,2010-06-01 00:00:00,400.0,600.0,500.0,21
Gujarat,Junagarh,Junagadh,Pineapple,Other,Medium,2010-06-23 00:00:00,1750.0,2250.0,2000.0,21
Gujarat,Junagarh,Junagadh,Pineapple,Other,Medium,2010-07-03 00:00:00,1000.0,1200.0,1100.0,21
Gujarat,Junagarh,Junagadh,Pineapple,Other,Medium,2010-08-26 00:00:00,1750.0,2750.0,2200.0,21
Gujarat,Junagarh,Junagadh,Pineapple,Pine Apple,Medium,2010-05-06 00:00:00,240.0,430.0,335.0,21
Gujarat,Banaskanth,Deesa(Deesa Veg Yard),Pineapple,Other,Medium,2013-06-18 00:00:00,3500.0,4000.0,3750.0,21
Gujarat,Banaskanth,Deesa(Deesa Veg Yard),Pineapple,Other,Medium,2013-07-08 00:00:00,3000.0,3400.0,3200.0,21
Gujarat,Banaskanth,Deesa(Deesa Veg Yard),Pineapple,Other,Medium,2013-07-12 00:00:00,3000.0,3500.0,3250.0,21
Gujarat,Banaskanth,Deesa(Deesa Veg Yard),Pineapple,Other,Medium,2013-07-30 00:00:00,3000.0,3500.0,3250.0,21
Gujarat,Banaskanth,Deesa(Deesa Veg Yard),Pineapple,Other,Medium,2013-10-15 00:00:00,3000.0,3500.0,3250.0,21
Gujarat,Banaskanth,Deesa(Deesa Veg Yard),Pineapple,Other,Medium,2013-10-22 00:00:00,3500.0,3700.0,3600.0,21
Gujarat,Banaskanth,Deesa(Deesa Veg Yard),Pineapple,Other,Medium,2013-10-25 00:00:00,3500.0,3700.0,3600.0,21
Gujarat,Banaskanth,Deesa(Deesa Veg Yard),Pineapple,Other,Medium,2013-11-06 00:00:00,3500.0,3800.0,3650.0,21
Gujarat,Bharuch,Bharuch,Pineapple,Other,Medium,2013-03-14 00:00:00,600.0,700.0,650.0,21
Gujarat,Bharuch,Bharuch,Pineapple,Other,Medium,2013-04-20 00:00:00,3000.0,4000.0,3500.0,21
Gujarat,Bharuch,Bharuch,Pineapple,Other,Medium,2013-12-14 00:00:00,3000.0,3500.0,3250.0,21
Gujarat,Banaskanth,Deesa(Deesa Veg Yard),Pineapple,Other,Medium,2012-02-14 00:00:00,1600.0,1700.0,1650.0,21
Gujarat,Banaskanth,Deesa(Deesa Veg Yard),Pineapple,Other,Medium,2012-02-18 00:00:00,1000.0,1200.0,1100.0,21
Gujarat,Banaskanth,Deesa(Deesa Veg Yard),Pineapple,Other,Medium,2012-02-23 00:00:00,800.0,900.0,850.0,21
Gujarat,Banaskanth,Deesa(Deesa Veg Yard),Pineapple,Other,Medium,2012-03-06 00:00:00,140.0,160.0,150.0,21
Gujarat,Banaskanth,Deesa(Deesa Veg Yard),Pineapple,Other,Medium,2012-03-12 00:00:00,160.0,180.0,170.0,21
Gujarat,Banaskanth,Deesa(Deesa Veg Yard),Pineapple,Other,Medium,2012-03-23 00:00:00,160.0,200.0,180.0,21
Gujarat,Banaskanth,Deesa(Deesa Veg Yard),Pineapple,Other,Medium,2012-03-30 00:00:00,170.0,200.0,185.0,21
Gujarat,Banaskanth,Deesa(Deesa Veg Yard),Pineapple,Other,Medium,2012-04-03 00:00:00,160.0,180.0,170.0,21
Gujarat,Banaskanth,Deesa(Deesa Veg Yard),Pineapple,Other,Medium,2012-04-05 00:00:00,160.0,200.0,180.0,21
Gujarat,Banaskanth,Deesa(Deesa Veg Yard),Pineapple,Other,Medium,2012-04-23 00:00:00,160.0,200.0,180.0,21
Gujarat,Banaskanth,Deesa(Deesa Veg Yard),Pineapple,Other,Medium,2012-05-09 00:00:00,200.0,220.0,210.0,21
Gujarat,Banaskanth,Deesa(Deesa Veg Yard),Pineapple,Other,Medium,2012-05-16 00:00:00,220.0,240.0,230.0,21
Gujarat,Banaskanth,Deesa(Deesa Veg Yard),Pineapple,Other,Medium,2012-05-25 00:00:00,170.0,190.0,180.0,21
Gujarat,Banaskanth,Deesa(Deesa Veg Yard),Pineapple,Other,Medium,2012-06-05 00:00:00,180.0,200.0,190.0,21
Gujarat,Banaskanth,Deesa(Deesa Veg Yard),Pineapple,Other,Medium,2012-08-01 00:00:00,200.0,240.0,220.0,21
Gujarat,Banaskanth,Deesa(Deesa Veg Yard),Pineapple,Other,Medium,2012-08-14 00:00:00,200.0,220.0,210.0,21
Gujarat,Banaskanth,Deesa(Deesa Veg Yard),Pineapple,Other,Medium,2012-09-05 00:00:00,200.0,240.0,220.0,21
Gujarat,Bharuch,Bharuch,Pineapple,Other,Medium,2012-03-07 00:00:00,1000.0,1500.0,1250.0,21
Gujarat,Bharuch,Bharuch,Pineapple,Other,Medium,2012-05-01 00:00:00,1500.0,2000.0,1750.0,21
Gujarat,Bharuch,Bharuch,Pineapple,Other,Medium,2012-08-09 00:00:00,5000.0,8000.0,6500.0,21
Gujarat,Bharuch,Bharuch,Pineapple,Other,Medium,2012-08-13 00:00:00,4000.0,7000.0,5500.0,21
Gujarat,Bharuch,Bharuch,Pineapple,Other,Medium,2012-12-18 00:00:00,2000.0,3000.0,2500.0,21
Gujarat,Bharuch,Bharuch,Pineapple,Other,Medium,2004-02-13 00:00:00,1000.0,1200.0,1100.0,21
Gujarat,Bharuch,Bharuch,Pineapple,Other,Medium,2004-02-20 00:00:00,800.0,1200.0,1000.0,21
Gujarat,Bharuch,Bharuch,Pineapple,Other,Medium,2004-10-16 00:00:00,800.0,1000.0,900.0,21
Gujarat,Bharuch,Bharuch,Pineapple,Other,Medium,2004-10-24 00:00:00,800.0,1000.0,900.0,21
Gujarat,Bharuch,Bharuch,Pineapple,Other,Medium,2004-10-25 00:00:00,800.0,1000.0,900.0,21
Gujarat,Bharuch,Bharuch,Pineapple,Other,Medium,2004-11-07 00:00:00,800.0,1000.0,900.0,21
Gujarat,Bharuch,Bharuch,Pineapple,Other,Medium,2004-11-10 00:00:00,800.0,1000.0,900.0,21
Gujarat,Bharuch,Bharuch,Pineapple,Other,Medium,2004-11-19 00:00:00,700.0,800.0,750.0,21
Gujarat,Bharuch,Bharuch,Pineapple,Other,Medium,2004-12-13 00:00:00,700.0,800.0,750.0,21
Gujarat,Ahmedabad,"Ahmedabad(Fruit Market, Naroda)",Pineapple,Other,Medium,2016-01-01 00:00:00,1800.0,2300.0,2100.0,21
Gujarat,Ahmedabad,"Ahmedabad(Fruit Market, Naroda)",Pineapple,Other,Medium,2016-01-11 00:00:00,1800.0,2200.0,2000.0,21
Gujarat,Ahmedabad,"Ahmedabad(Fruit Market, Naroda)",Pineapple,Other,Medium,2016-01-19 00:00:00,1800.0,2300.0,2100.0,21
Gujarat,Ahmedabad,"Ahmedabad(Fruit Market, Naroda)",Pineapple,Other,Medium,2016-01-21 00:00:00,1800.0,2300.0,2100.0,21
Gujarat,Ahmedabad,"Ahmedabad(Fruit Market, Naroda)",Pineapple,Other,Medium,2016-01-23 00:00:00,1800.0,2200.0,2000.0,21
Gujarat,Ahmedabad,"Ahmedabad(Fruit Market, Naroda)",Pineapple,Other,Medium,2016-01-27 00:00:00,1500.0,2000.0,1800.0,21
Gujarat,Ahmedabad,"Ahmedabad(Fruit Market, Naroda)",Pineapple,Other,Medium,2016-01-30 00:00:00,1500.0,2000.0,1800.0,21
Gujarat,Ahmedabad,"Ahmedabad(Fruit Market, Naroda)",Pineapple,Other,Medium,2016-02-05 00:00:00,1800.0,2500.0,2200.0,21
Gujarat,Ahmedabad,"Ahmedabad(Fruit Market, Naroda)",Pineapple,Other,Medium,2016-02-19 00:00:00,1800.0,2500.0,2200.0,21
Gujarat,Ahmedabad,"Ahmedabad(Fruit Market, Naroda)",Pineapple,Other,Medium,2016-02-29 00:00:00,2200.0,2800.0,2500.0,21
Gujarat,Ahmedabad,"Ahmedabad(Fruit Market, Naroda)",Pineapple,Other,Medium,2016-03-10 00:00:00,2200.0,3000.0,2700.0,21
Gujarat,Ahmedabad,"Ahmedabad(Fruit Market, Naroda)",Pineapple,Other,Medium,2016-03-15 00:00:00,2500.0,3000.0,2800.0,21
Gujarat,Ahmedabad,"Ahmedabad(Fruit Market, Naroda)",Pineapple,Other,Medium,2016-03-18 00:00:00,2500.0,3000.0,2800.0,21
Gujarat,Ahmedabad,"Ahmedabad(Fruit Market, Naroda)",Pineapple,Other,Medium,2016-03-28 00:00:00,2500.0,3000.0,2800.0,21
Gujarat,Ahmedabad,"Ahmedabad(Fruit Market, Naroda)",Pineapple,Other,Medium,2016-04-05 00:00:00,2800.0,3000.0,2900.0,21
Gujarat,Ahmedabad,"Ahmedabad(Fruit Market, Naroda)",Pineapple,Other,Medium,2016-04-07 00:00:00,2500.0,3000.0,2800.0,21
Gujarat,Ahmedabad,"Ahmedabad(Fruit Market, Naroda)",Pineapple,Other,Medium,2016-04-21 00:00:00,2200.0,2500.0,2400.0,21
Gujarat,Ahmedabad,"Ahmedabad(Fruit Market, Naroda)",Pineapple,Other,Medium,2016-04-23 00:00:00,2200.0,2500.0,2400.0,21
Gujarat,Ahmedabad,"Ahmedabad(Fruit Market, Naroda)",Pineapple,Other,Medium,2016-05-10 00:00:00,2500.0,2800.0,2700.0,21
Gujarat,Ahmedabad,"Ahmedabad(Fruit Market, Naroda)",Pineapple,Other,Medium,2016-05-19 00:00:00,2500.0,3000.0,2800.0,21
Gujarat,Ahmedabad,"Ahmedabad(Fruit Market, Naroda)",Pineapple,Other,Medium,2016-05-23 00:00:00,2500.0,3000.0,2800.0,21
Gujarat,Ahmedabad,"Ahmedabad(Fruit Market, Naroda)",Pineapple,Other,Medium,2016-06-01 00:00:00,2500.0,3000.0,2800.0,21
Gujarat,Ahmedabad,"Ahmedabad(Fruit Market, Naroda)",Pineapple,Other,Medium,2016-06-06 00:00:00,2500.0,3000.0,2750.0,21
Gujarat,Ahmedabad,"Ahmedabad(Fruit Market, Naroda)",Pineapple,Other,Medium,2016-06-17 00:00:00,2000.0,2500.0,2300.0,21
Gujarat,Ahmedabad,"Ahmedabad(Fruit Market, Naroda)",Pineapple,Other,Medium,2016-06-20 00:00:00,2500.0,3000.0,2800.0,21
Gujarat,Ahmedabad,"Ahmedabad(Fruit Market, Naroda)",Pineapple,Other,Medium,2016-06-21 00:00:00,1000.0,2000.0,1500.0,21
Gujarat,Ahmedabad,"Ahmedabad(Fruit Market, Naroda)",Pineapple,Other,Medium,2016-07-02 00:00:00,2000.0,3000.0,2500.0,21
Gujarat,Ahmedabad,"Ahmedabad(Fruit Market, Naroda)",Pineapple,Other,Medium,2016-07-08 00:00:00,2500.0,3000.0,2800.0,21
Gujarat,Ahmedabad,"Ahmedabad(Fruit Market, Naroda)",Pineapple,Other,Medium,2016-07-18 00:00:00,1500.0,2000.0,1800.0,21
Gujarat,Ahmedabad,"Ahmedabad(Fruit Market, Naroda)",Pineapple,Other,Medium,2016-07-21 00:00:00,2000.0,2500.0,2300.0,21
Gujarat,Ahmedabad,"Ahmedabad(Fruit Market, Naroda)",Pineapple,Other,Medium,2016-07-23 00:00:00,1500.0,2000.0,1800.0,21
Gujarat,Ahmedabad,"Ahmedabad(Fruit Market, Naroda)",Pineapple,Other,Medium,2016-08-05 00:00:00,2500.0,3000.0,2800.0,21
Gujarat,Ahmedabad,"Ahmedabad(Fruit Market, Naroda)",Pineapple,Other,Medium,2016-08-20 00:00:00,2500.0,3500.0,3000.0,21
Gujarat,Ahmedabad,"Ahmedabad(Fruit Market, Naroda)",Pineapple,Other,Medium,2016-08-27 00:00:00,2000.0,2500.0,2300.0,21
Gujarat,Ahmedabad,"Ahmedabad(Fruit Market, Naroda)",Pineapple,Other,Medium,2016-08-31 00:00:00,2500.0,3000.0,2800.0,21
Gujarat,Ahmedabad,"Ahmedabad(Fruit Market, Naroda)",Pineapple,Other,Medium,2016-09-03 00:00:00,2500.0,3500.0,3000.0,21
Gujarat,Ahmedabad,"Ahmedabad(Fruit Market, Naroda)",Pineapple,Other,Medium,2016-09-10 00:00:00,2500.0,3000.0,2800.0,21
Gujarat,Ahmedabad,"Ahmedabad(Fruit Market, Naroda)",Pineapple,Other,Medium,2016-09-16 00:00:00,2500.0,4000.0,3300.0,21
Gujarat,Ahmedabad,"Ahmedabad(Fruit Market, Naroda)",Pineapple,Other,Medium,2016-09-22 00:00:00,3500.0,4000.0,3750.0,21
Gujarat,Ahmedabad,"Ahmedabad(Fruit Market, Naroda)",Pineapple,Other,Medium,2016-09-27 00:00:00,2000.0,3000.0,2500.0,21
Gujarat,Ahmedabad,"Ahmedabad(Fruit Market, Naroda)",Pineapple,Other,Medium,2016-09-28 00:00:00,3000.0,3500.0,3300.0,21
Gujarat,Ahmedabad,"Ahmedabad(Fruit Market, Naroda)",Pineapple,Other,Medium,2016-10-18 00:00:00,2500.0,3000.0,2800.0,21
Gujarat,Ahmedabad,"Ahmedabad(Fruit Market, Naroda)",Pineapple,Other,Medium,2016-10-20 00:00:00,2500.0,3000.0,2800.0,21
Gujarat,Ahmedabad,"Ahmedabad(Fruit Market, Naroda)",Pineapple,Other,Medium,2016-11-09 00:00:00,2500.0,3000.0,2800.0,21
Gujarat,Ahmedabad,"Ahmedabad(Fruit Market, Naroda)",Pineapple,Other,Medium,2016-11-11 00:00:00,2500.0,3000.0,2800.0,21
Gujarat,Ahmedabad,"Ahmedabad(Fruit Market, Naroda)",Pineapple,Other,Medium,2016-11-12 00:00:00,2000.0,2500.0,2300.0,21
Gujarat,Ahmedabad,"Ahmedabad(Fruit Market, Naroda)",Pineapple,Other,Medium,2016-11-18 00:00:00,2500.0,3000.0,2800.0,21
Gujarat,Ahmedabad,"Ahmedabad(Fruit Market, Naroda)",Pineapple,Other,Medium,2016-11-22 00:00:00,2000.0,2500.0,2300.0,21
Gujarat,Ahmedabad,"Ahmedabad(Fruit Market, Naroda)",Pineapple,Other,Medium,2016-12-05 00:00:00,2000.0,2200.0,2100.0,21
Gujarat,Ahmedabad,"Ahmedabad(Fruit Market, Naroda)",Pineapple,Other,Medium,2016-12-08 00:00:00,2000.0,2500.0,2300.0,21
Gujarat,Ahmedabad,"Ahmedabad(Fruit Market, Naroda)",Pineapple,Other,Medium,2016-12-09 00:00:00,2400.0,2800.0,2600.0,21
Gujarat,Ahmedabad,"Ahmedabad(Fruit Market, Naroda)",Pineapple,Other,Medium,2016-12-10 00:00:00,2200.0,2500.0,2400.0,21
Gujarat,Ahmedabad,"Ahmedabad(Fruit Market, Naroda)",Pineapple,Other,Medium,2016-12-16 00:00:00,2000.0,2300.0,2200.0,21
Gujarat,Ahmedabad,"Ahmedabad(Fruit Market, Naroda)",Pineapple,Other,Medium,2016-12-19 00:00:00,2000.0,2200.0,2100.0,21
Gujarat,Ahmedabad,"Ahmedabad(Fruit Market, Naroda)",Pineapple,Other,Medium,2016-12-26 00:00:00,1800.0,2000.0,1900.0,21
Gujarat,Ahmedabad,"Ahmedabad(Fruit Market, Naroda)",Pineapple,Other,Medium,2016-12-27 00:00:00,2000.0,2200.0,2100.0,21
Gujarat,Ahmedabad,"Ahmedabad(Fruit Market, Naroda)",Pineapple,Other,Medium,2016-12-29 00:00:00,2000.0,2200.0,2100.0,21
Gujarat,Ahmedabad,"Ahmedabad(Fruit Market, Naroda)",Pineapple,Other,Medium,2016-12-30 00:00:00,2000.0,2400.0,2300.0,21
Gujarat,Ahmedabad,Ahmedabad(Manekchowk),Pineapple,Other,Medium,2016-01-02 00:00:00,1800.0,2200.0,2000.0,21
Gujarat,Ahmedabad,Ahmedabad(Manekchowk),Pineapple,Other,Medium,2016-01-06 00:00:00,1800.0,2300.0,2100.0,21
Gujarat,Ahmedabad,Ahmedabad(Manekchowk),Pineapple,Other,Medium,2016-01-12 00:00:00,1800.0,2200.0,2000.0,21
Gujarat,Ahmedabad,Ahmedabad(Manekchowk),Pineapple,Other,Medium,2016-01-20 00:00:00,1800.0,2300.0,2100.0,21
Gujarat,Ahmedabad,Ahmedabad(Manekchowk),Pineapple,Other,Medium,2016-01-26 00:00:00,1500.0,2000.0,1800.0,21
Gujarat,Ahmedabad,Ahmedabad(Manekchowk),Pineapple,Other,Medium,2016-01-28 00:00:00,1500.0,2200.0,1900.0,21
Gujarat,Ahmedabad,Ahmedabad(Manekchowk),Pineapple,Other,Medium,2016-02-06 00:00:00,1800.0,2500.0,2200.0,21
Gujarat,Ahmedabad,Ahmedabad(Manekchowk),Pineapple,Other,Medium,2016-02-10 00:00:00,1800.0,2500.0,2200.0,21
Gujarat,Ahmedabad,Ahmedabad(Manekchowk),Pineapple,Other,Medium,2016-02-22 00:00:00,2000.0,2800.0,2500.0,21
Gujarat,Ahmedabad,Ahmedabad(Manekchowk),Pineapple,Other,Medium,2016-02-23 00:00:00,2000.0,2800.0,2500.0,21
Gujarat,Ahmedabad,Ahmedabad(Manekchowk),Pineapple,Other,Medium,2016-02-25 00:00:00,2200.0,2800.0,2500.0,21
Gujarat,Ahmedabad,Ahmedabad(Manekchowk),Pineapple,Other,Medium,2016-03-01 00:00:00,2200.0,2800.0,2500.0,21
Gujarat,Ahmedabad,Ahmedabad(Manekchowk),Pineapple,Other,Medium,2016-03-08 00:00:00,2500.0,2800.0,2700.0,21
Gujarat,Ahmedabad,Ahmedabad(Manekchowk),Pineapple,Other,Medium,2016-03-11 00:00:00,2500.0,2800.0,2700.0,21
Gujarat,Ahmedabad,Ahmedabad(Manekchowk),Pineapple,Other,Medium,2016-03-15 00:00:00,2500.0,3000.0,2800.0,21
Gujarat,Ahmedabad,Ahmedabad(Manekchowk),Pineapple,Other,Medium,2016-03-26 00:00:00,2500.0,3000.0,2800.0,21
Gujarat,Ahmedabad,Ahmedabad(Manekchowk),Pineapple,Other,Medium,2016-03-28 00:00:00,2500.0,3000.0,2800.0,21
Gujarat,Ahmedabad,Ahmedabad(Manekchowk),Pineapple,Other,Medium,2016-04-23 00:00:00,2200.0,2500.0,2400.0,21
Gujarat,Ahmedabad,Ahmedabad(Manekchowk),Pineapple,Other,Medium,2016-04-26 00:00:00,2200.0,2500.0,2400.0,21
Gujarat,Ahmedabad,Ahmedabad(Manekchowk),Pineapple,Other,Medium,2016-04-27 00:00:00,2200.0,2500.0,2400.0,21
Gujarat,Ahmedabad,Ahmedabad(Manekchowk),Pineapple,Other,Medium,2016-04-30 00:00:00,2200.0,2500.0,2400.0,21
Gujarat,Ahmedabad,Ahmedabad(Manekchowk),Pineapple,Other,Medium,2016-05-09 00:00:00,2500.0,2800.0,2700.0,21
Gujarat,Ahmedabad,Ahmedabad(Manekchowk),Pineapple,Other,Medium,2016-05-19 00:00:00,2500.0,3000.0,2800.0,21
Gujarat,Ahmedabad,Ahmedabad(Manekchowk),Pineapple,Other,Medium,2016-05-21 00:00:00,2500.0,3000.0,2800.0,21
Gujarat,Ahmedabad,Ahmedabad(Manekchowk),Pineapple,Other,Medium,2016-05-23 00:00:00,2500.0,3000.0,2800.0,21
Gujarat,Ahmedabad,Ahmedabad(Manekchowk),Pineapple,Other,Medium,2016-05-28 00:00:00,2500.0,3000.0,2800.0,21
Gujarat,Ahmedabad,Ahmedabad(Manekchowk),Pineapple,Other,Medium,2016-06-20 00:00:00,2500.0,3000.0,2800.0,21
Gujarat,Ahmedabad,Ahmedabad(Manekchowk),Pineapple,Other,Medium,2016-06-24 00:00:00,2500.0,3000.0,2800.0,21
Gujarat,Ahmedabad,Ahmedabad(Manekchowk),Pineapple,Other,Medium,2016-07-02 00:00:00,2000.0,3000.0,2500.0,21
Gujarat,Ahmedabad,Ahmedabad(Manekchowk),Pineapple,Other,Medium,2016-07-08 00:00:00,2500.0,3000.0,2800.0,21
Gujarat,Ahmedabad,Ahmedabad(Manekchowk),Pineapple,Other,Medium,2016-08-24 00:00:00,2500.0,3000.0,2800.0,21
Gujarat,Ahmedabad,Ahmedabad(Manekchowk),Pineapple,Other,Medium,2016-09-01 00:00:00,2500.0,3000.0,2800.0,21
Gujarat,Ahmedabad,Ahmedabad(Manekchowk),Pineapple,Other,Medium,2016-09-03 00:00:00,2500.0,3500.0,3000.0,21
Gujarat,Ahmedabad,Ahmedabad(Manekchowk),Pineapple,Other,Medium,2016-09-10 00:00:00,2500.0,3000.0,2800.0,21
Gujarat,Ahmedabad,Ahmedabad(Manekchowk),Pineapple,Other,Medium,2016-09-24 00:00:00,3000.0,3500.0,3300.0,21
Gujarat,Ahmedabad,Ahmedabad(Manekchowk),Pineapple,Other,Medium,2016-09-26 00:00:00,3000.0,3500.0,3300.0,21
Gujarat,Ahmedabad,Ahmedabad(Manekchowk),Pineapple,Other,Medium,2016-09-28 00:00:00,3000.0,3500.0,3300.0,21
Gujarat,Ahmedabad,Ahmedabad(Manekchowk),Pineapple,Other,Medium,2016-10-04 00:00:00,2500.0,3000.0,2800.0,21
Gujarat,Ahmedabad,Ahmedabad(Manekchowk),Pineapple,Other,Medium,2016-10-17 00:00:00,2000.0,3000.0,2500.0,21
Gujarat,Ahmedabad,Ahmedabad(Manekchowk),Pineapple,Other,Medium,2016-10-19 00:00:00,2500.0,3000.0,2800.0,21
Gujarat,Ahmedabad,Ahmedabad(Manekchowk),Pineapple,Other,Medium,2016-10-20 00:00:00,2500.0,3000.0,2800.0,21
Gujarat,Ahmedabad,Ahmedabad(Manekchowk),Pineapple,Other,Medium,2016-11-02 00:00:00,2500.0,3000.0,2800.0,21
Gujarat,Ahmedabad,Ahmedabad(Manekchowk),Pineapple,Other,Medium,2016-11-08 00:00:00,2500.0,3000.0,2800.0,21
Gujarat,Ahmedabad,Ahmedabad(Manekchowk),Pineapple,Other,Medium,2016-11-09 00:00:00,2500.0,3000.0,2800.0,21
Gujarat,Ahmedabad,Ahmedabad(Manekchowk),Pineapple,Other,Medium,2016-11-10 00:00:00,2500.0,3000.0,2800.0,21
Gujarat,Ahmedabad,Ahmedabad(Manekchowk),Pineapple,Other,Medium,2016-11-12 00:00:00,2000.0,2500.0,2300.0,21
Gujarat,Ahmedabad,Ahmedabad(Manekchowk),Pineapple,Other,Medium,2016-12-02 00:00:00,2000.0,2200.0,2100.0,21
Gujarat,Ahmedabad,Ahmedabad(Manekchowk),Pineapple,Other,Medium,2016-12-07 00:00:00,2200.0,2500.0,2400.0,21
Gujarat,Ahmedabad,Ahmedabad(Manekchowk),Pineapple,Other,Medium,2016-12-08 00:00:00,2000.0,2500.0,2300.0,21
Gujarat,Ahmedabad,Ahmedabad(Manekchowk),Pineapple,Other,Medium,2016-12-10 00:00:00,2200.0,2500.0,2400.0,21
Gujarat,Ahmedabad,Ahmedabad(Manekchowk),Pineapple,Other,Medium,2016-12-13 00:00:00,2000.0,2400.0,2300.0,21
Gujarat,Ahmedabad,Ahmedabad(Manekchowk),Pineapple,Other,Medium,2016-12-14 00:00:00,1800.0,2200.0,2100.0,21
Gujarat,Ahmedabad,Ahmedabad(Manekchowk),Pineapple,Other,Medium,2016-12-29 00:00:00,2000.0,2200.0,2100.0,21
Gujarat,Ahmedabad,Ahmedabad(Manekchowk),Pineapple,Other,Medium,2016-12-31 00:00:00,2000.0,2500.0,2300.0,21
Gujarat,Banaskanth,Deesa(Deesa Veg Yard),Pineapple,Other,Medium,2016-01-18 00:00:00,2500.0,2700.0,2600.0,21
Gujarat,Banaskanth,Deesa(Deesa Veg Yard),Pineapple,Other,Medium,2016-02-01 00:00:00,2000.0,2500.0,2250.0,21
Gujarat,Banaskanth,Deesa(Deesa Veg Yard),Pineapple,Other,Medium,2016-02-22 00:00:00,2000.0,2200.0,2100.0,21
Gujarat,Banaskanth,Deesa(Deesa Veg Yard),Pineapple,Other,Medium,2016-03-01 00:00:00,2000.0,2200.0,2100.0,21
Gujarat,Banaskanth,Deesa(Deesa Veg Yard),Pineapple,Other,Medium,2016-03-28 00:00:00,2400.0,2500.0,2450.0,21
Gujarat,Banaskanth,Deesa(Deesa Veg Yard),Pineapple,Other,Medium,2016-04-02 00:00:00,2000.0,2500.0,2250.0,21
Gujarat,Banaskanth,Deesa(Deesa Veg Yard),Pineapple,Other,Medium,2016-04-06 00:00:00,2300.0,2500.0,2400.0,21
Gujarat,Banaskanth,Deesa(Deesa Veg Yard),Pineapple,Other,Medium,2016-04-23 00:00:00,2400.0,2500.0,2450.0,21
Gujarat,Banaskanth,Deesa(Deesa Veg Yard),Pineapple,Other,Medium,2016-04-27 00:00:00,2300.0,2500.0,2400.0,21
Gujarat,Banaskanth,Deesa(Deesa Veg Yard),Pineapple,Other,Medium,2016-05-03 00:00:00,2500.0,2700.0,2600.0,21
Gujarat,Banaskanth,Deesa(Deesa Veg Yard),Pineapple,Other,Medium,2016-05-20 00:00:00,2500.0,3000.0,2750.0,21
Gujarat,Banaskanth,Deesa(Deesa Veg Yard),Pineapple,Other,Medium,2016-06-24 00:00:00,2800.0,3000.0,2900.0,21
Gujarat,Banaskanth,Deesa(Deesa Veg Yard),Pineapple,Other,Medium,2016-06-28 00:00:00,2900.0,3000.0,2950.0,21
Gujarat,Banaskanth,Deesa(Deesa Veg Yard),Pineapple,Other,Medium,2016-07-01 00:00:00,2500.0,2800.0,2650.0,21
Gujarat,Banaskanth,Deesa(Deesa Veg Yard),Pineapple,Other,Medium,2016-07-05 00:00:00,2700.0,3000.0,2850.0,21
Gujarat,Banaskanth,Deesa(Deesa Veg Yard),Pineapple,Other,Medium,2016-07-09 00:00:00,2500.0,2600.0,2550.0,21
Gujarat,Banaskanth,Deesa(Deesa Veg Yard),Pineapple,Other,Medium,2016-07-16 00:00:00,2500.0,2600.0,2550.0,21
Gujarat,Banaskanth,Deesa(Deesa Veg Yard),Pineapple,Other,Medium,2016-08-04 00:00:00,2500.0,2600.0,2550.0,21
Gujarat,Banaskanth,Deesa(Deesa Veg Yard),Pineapple,Other,Medium,2016-08-31 00:00:00,2500.0,2600.0,2550.0,21
Gujarat,Banaskanth,Deesa(Deesa Veg Yard),Pineapple,Other,Medium,2016-09-01 00:00:00,2500.0,2600.0,2550.0,21
Gujarat,Banaskanth,Deesa(Deesa Veg Yard),Pineapple,Other,Medium,2016-09-09 00:00:00,2500.0,2600.0,2550.0,21
Gujarat,Banaskanth,Deesa(Deesa Veg Yard),Pineapple,Other,Medium,2016-09-17 00:00:00,2500.0,3000.0,2750.0,21
Gujarat,Banaskanth,Deesa(Deesa Veg Yard),Pineapple,Other,Medium,2016-09-20 00:00:00,2500.0,3000.0,2750.0,21
Gujarat,Banaskanth,Deesa(Deesa Veg Yard),Pineapple,Other,Large,2016-09-22 00:00:00,2500.0,3000.0,2750.0,21
Gujarat,Banaskanth,Deesa(Deesa Veg Yard),Pineapple,Other,Medium,2016-10-12 00:00:00,2400.0,2700.0,2550.0,21
Gujarat,Banaskanth,Deesa(Deesa Veg Yard),Pineapple,Other,Medium,2016-10-13 00:00:00,2300.0,2600.0,2450.0,21
Gujarat,Banaskanth,Deesa(Deesa Veg Yard),Pineapple,Other,Medium,2016-10-18 00:00:00,2300.0,2500.0,2400.0,21
Gujarat,Banaskanth,Deesa(Deesa Veg Yard),Pineapple,Other,Medium,2016-10-26 00:00:00,2300.0,3000.0,2650.0,21
Gujarat,Banaskanth,Deesa(Deesa Veg Yard),Pineapple,Other,Medium,2016-10-27 00:00:00,2300.0,3000.0,2650.0,21
Gujarat,Banaskanth,Deesa(Deesa Veg Yard),Pineapple,Other,Medium,2016-11-23 00:00:00,4000.0,4500.0,4250.0,21
Gujarat,Banaskanth,Deesa(Deesa Veg Yard),Pineapple,Other,Medium,2016-12-05 00:00:00,3000.0,4000.0,3500.0,21
Gujarat,Banaskanth,Deesa(Deesa Veg Yard),Pineapple,Other,Medium,2016-12-09 00:00:00,2500.0,3000.0,2750.0,21
Gujarat,Banaskanth,Deesa(Deesa Veg Yard),Pineapple,Other,Medium,2016-12-16 00:00:00,2500.0,3000.0,2750.0,21
Gujarat,Banaskanth,Deesa(Deesa Veg Yard),Pineapple,Other,Medium,2016-12-29 00:00:00,2500.0,3000.0,2750.0,21
Gujarat,Bharuch,Bharuch,Pineapple,Other,Medium,2016-02-18 00:00:00,2000.0,3000.0,2500.0,21
Gujarat,Bharuch,Bharuch,Pineapple,Other,Medium,2016-06-06 00:00:00,4000.0,6000.0,5000.0,21
Gujarat,Bharuch,Bharuch,Pineapple,Other,Medium,2016-06-08 00:00:00,6000.0,8000.0,7000.0,21
Gujarat,Bharuch,Bharuch,Pineapple,Other,Medium,2016-12-02 00:00:00,6000.0,8000.0,7000.0,21
Gujarat,Ahmedabad,"Ahmedabad(Fruit Market, Naroda)",Pineapple,Other,Small,2015-01-05 00:00:00,2000.0,2500.0,2300.0,21
Gujarat,Ahmedabad,"Ahmedabad(Fruit Market, Naroda)",Pineapple,Other,Small,2015-01-06 00:00:00,2000.0,2500.0,2300.0,21
Gujarat,Ahmedabad,"Ahmedabad(Fruit Market, Naroda)",Pineapple,Other,Small,2015-01-10 00:00:00,2200.0,2800.0,2600.0,21
Gujarat,Ahmedabad,"Ahmedabad(Fruit Market, Naroda)",Pineapple,Other,Small,2015-01-16 00:00:00,2500.0,3000.0,2800.0,21
Gujarat,Ahmedabad,"Ahmedabad(Fruit Market, Naroda)",Pineapple,Other,Small,2015-01-28 00:00:00,2200.0,2600.0,2500.0,21
Gujarat,Ahmedabad,"Ahmedabad(Fruit Market, Naroda)",Pineapple,Other,Small,2015-01-31 00:00:00,2200.0,2500.0,2400.0,21
Gujarat,Ahmedabad,"Ahmedabad(Fruit Market, Naroda)",Pineapple,Other,Medium,2015-02-16 00:00:00,2200.0,2800.0,2600.0,21
Gujarat,Ahmedabad,"Ahmedabad(Fruit Market, Naroda)",Pineapple,Other,Medium,2015-02-23 00:00:00,2500.0,3000.0,2800.0,21
Gujarat,Ahmedabad,"Ahmedabad(Fruit Market, Naroda)",Pineapple,Other,Medium,2015-02-24 00:00:00,2200.0,2800.0,2600.0,21
Gujarat,Ahmedabad,"Ahmedabad(Fruit Market, Naroda)",Pineapple,Other,Medium,2015-02-25 00:00:00,3000.0,3500.0,3300.0,21
Gujarat,Ahmedabad,"Ahmedabad(Fruit Market, Naroda)",Pineapple,Other,Medium,2015-02-28 00:00:00,3000.0,3500.0,3300.0,21
Gujarat,Ahmedabad,"Ahmedabad(Fruit Market, Naroda)",Pineapple,Other,Medium,2015-04-08 00:00:00,3000.0,3500.0,3300.0,21
Gujarat,Ahmedabad,"Ahmedabad(Fruit Market, Naroda)",Pineapple,Other,Medium,2015-04-09 00:00:00,2800.0,3200.0,3100.0,21
Gujarat,Ahmedabad,"Ahmedabad(Fruit Market, Naroda)",Pineapple,Other,Medium,2015-04-13 00:00:00,2800.0,3000.0,2950.0,21
Gujarat,Ahmedabad,"Ahmedabad(Fruit Market, Naroda)",Pineapple,Other,Medium,2015-04-14 00:00:00,2800.0,3000.0,2900.0,21
Gujarat,Ahmedabad,"Ahmedabad(Fruit Market, Naroda)",Pineapple,Other,Medium,2015-05-11 00:00:00,2800.0,3500.0,3200.0,21
Gujarat,Ahmedabad,"Ahmedabad(Fruit Market, Naroda)",Pineapple,Other,Medium,2015-05-12 00:00:00,2800.0,3500.0,3250.0,21
Gujarat,Ahmedabad,"Ahmedabad(Fruit Market, Naroda)",Pineapple,Other,Medium,2015-05-25 00:00:00,2500.0,3200.0,3000.0,21
Gujarat,Ahmedabad,"Ahmedabad(Fruit Market, Naroda)",Pineapple,Other,Medium,2015-06-08 00:00:00,2800.0,3200.0,3100.0,21
Gujarat,Ahmedabad,"Ahmedabad(Fruit Market, Naroda)",Pineapple,Other,Medium,2015-06-18 00:00:00,2500.0,3200.0,3000.0,21
Gujarat,Ahmedabad,"Ahmedabad(Fruit Market, Naroda)",Pineapple,Other,Medium,2015-07-01 00:00:00,2500.0,3000.0,2800.0,21
Gujarat,Ahmedabad,"Ahmedabad(Fruit Market, Naroda)",Pineapple,Other,Medium,2015-07-11 00:00:00,2200.0,3000.0,2600.0,21
Gujarat,Ahmedabad,"Ahmedabad(Fruit Market, Naroda)",Pineapple,Other,Medium,2015-07-13 00:00:00,2800.0,3200.0,3000.0,21
Gujarat,Ahmedabad,"Ahmedabad(Fruit Market, Naroda)",Pineapple,Other,Medium,2015-08-01 00:00:00,2800.0,3200.0,3100.0,21
Gujarat,Ahmedabad,"Ahmedabad(Fruit Market, Naroda)",Pineapple,Other,Medium,2015-08-17 00:00:00,2800.0,3200.0,3100.0,21
Gujarat,Ahmedabad,"Ahmedabad(Fruit Market, Naroda)",Pineapple,Other,Medium,2015-08-24 00:00:00,2500.0,3000.0,2800.0,21
Gujarat,Ahmedabad,"Ahmedabad(Fruit Market, Naroda)",Pineapple,Other,Medium,2015-08-28 00:00:00,2500.0,3000.0,2800.0,21
Gujarat,Ahmedabad,"Ahmedabad(Fruit Market, Naroda)",Pineapple,Other,Medium,2015-09-08 00:00:00,2500.0,3000.0,2800.0,21
Gujarat,Ahmedabad,"Ahmedabad(Fruit Market, Naroda)",Pineapple,Other,Medium,2015-09-11 00:00:00,2500.0,3200.0,3000.0,21
Gujarat,Ahmedabad,"Ahmedabad(Fruit Market, Naroda)",Pineapple,Other,Medium,2015-10-02 00:00:00,2000.0,2500.0,2300.0,21
Gujarat,Ahmedabad,"Ahmedabad(Fruit Market, Naroda)",Pineapple,Other,Medium,2015-10-03 00:00:00,2000.0,2500.0,2300.0,21
Gujarat,Ahmedabad,"Ahmedabad(Fruit Market, Naroda)",Pineapple,Other,Medium,2015-10-08 00:00:00,2000.0,2500.0,2300.0,21
Gujarat,Ahmedabad,"Ahmedabad(Fruit Market, Naroda)",Pineapple,Other,Medium,2015-10-13 00:00:00,1500.0,2200.0,2000.0,21
Gujarat,Ahmedabad,"Ahmedabad(Fruit Market, Naroda)",Pineapple,Other,Medium,2015-10-16 00:00:00,1800.0,2200.0,2000.0,21
Gujarat,Ahmedabad,"Ahmedabad(Fruit Market, Naroda)",Pineapple,Other,Medium,2015-10-19 00:00:00,1800.0,2300.0,2100.0,21
Gujarat,Ahmedabad,"Ahmedabad(Fruit Market, Naroda)",Pineapple,Other,Medium,2015-10-23 00:00:00,1800.0,2200.0,2000.0,21
Gujarat,Ahmedabad,"Ahmedabad(Fruit Market, Naroda)",Pineapple,Other,Medium,2015-11-04 00:00:00,1500.0,2300.0,2000.0,21
Gujarat,Ahmedabad,"Ahmedabad(Fruit Market, Naroda)",Pineapple,Other,Medium,2015-11-13 00:00:00,1500.0,2200.0,1900.0,21
Gujarat,Ahmedabad,"Ahmedabad(Fruit Market, Naroda)",Pineapple,Other,Medium,2015-11-26 00:00:00,1500.0,2200.0,2000.0,21
Gujarat,Ahmedabad,"Ahmedabad(Fruit Market, Naroda)",Pineapple,Other,Medium,2015-12-24 00:00:00,1500.0,2200.0,2000.0,21
Gujarat,Ahmedabad,"Ahmedabad(Fruit Market, Naroda)",Pineapple,Other,Medium,2015-12-25 00:00:00,1500.0,2200.0,2000.0,21
Gujarat,Ahmedabad,Ahmedabad(Manekchowk),Pineapple,Other,Small,2015-01-06 00:00:00,2000.0,2500.0,2300.0,21
Gujarat,Ahmedabad,Ahmedabad(Manekchowk),Pineapple,Other,Small,2015-01-15 00:00:00,2500.0,2800.0,2700.0,21
Gujarat,Ahmedabad,Ahmedabad(Manekchowk),Pineapple,Other,Small,2015-01-16 00:00:00,2500.0,3000.0,2800.0,21
Gujarat,Ahmedabad,Ahmedabad(Manekchowk),Pineapple,Other,Small,2015-01-17 00:00:00,2500.0,3500.0,3200.0,21
Gujarat,Ahmedabad,Ahmedabad(Manekchowk),Pineapple,Other,Small,2015-01-27 00:00:00,2200.0,2800.0,2600.0,21
Gujarat,Ahmedabad,Ahmedabad(Manekchowk),Pineapple,Other,Small,2015-01-28 00:00:00,2200.0,2600.0,2500.0,21
Gujarat,Ahmedabad,Ahmedabad(Manekchowk),Pineapple,Other,Small,2015-01-30 00:00:00,2000.0,2400.0,2300.0,21
Gujarat,Ahmedabad,Ahmedabad(Manekchowk),Pineapple,Other,Medium,2015-02-18 00:00:00,2200.0,2600.0,2500.0,21
Gujarat,Ahmedabad,Ahmedabad(Manekchowk),Pineapple,Other,Medium,2015-02-24 00:00:00,2200.0,2800.0,2600.0,21
Gujarat,Ahmedabad,Ahmedabad(Manekchowk),Pineapple,Other,Medium,2015-03-03 00:00:00,2800.0,3200.0,3100.0,21
Gujarat,Ahmedabad,Ahmedabad(Manekchowk),Pineapple,Other,Medium,2015-03-07 00:00:00,2500.0,3000.0,2800.0,21
Gujarat,Ahmedabad,Ahmedabad(Manekchowk),Pineapple,Other,Medium,2015-03-16 00:00:00,2800.0,3200.0,3100.0,21
Gujarat,Ahmedabad,Ahmedabad(Manekchowk),Pineapple,Other,Medium,2015-03-25 00:00:00,2800.0,3200.0,3100.0,21
Gujarat,Ahmedabad,Ahmedabad(Manekchowk),Pineapple,Other,Medium,2015-04-02 00:00:00,2800.0,3200.0,3000.0,21
Gujarat,Ahmedabad,Ahmedabad(Manekchowk),Pineapple,Other,Medium,2015-04-11 00:00:00,2500.0,2800.0,2700.0,21
Gujarat,Ahmedabad,Ahmedabad(Manekchowk),Pineapple,Other,Medium,2015-04-13 00:00:00,2800.0,3000.0,2950.0,21
Gujarat,Ahmedabad,Ahmedabad(Manekchowk),Pineapple,Other,Medium,2015-04-15 00:00:00,2500.0,3000.0,2800.0,21
Gujarat,Ahmedabad,Ahmedabad(Manekchowk),Pineapple,Other,Medium,2015-04-18 00:00:00,2800.0,3200.0,3100.0,21
Gujarat,Ahmedabad,Ahmedabad(Manekchowk),Pineapple,Other,Medium,2015-04-22 00:00:00,2500.0,2800.0,2700.0,21
Gujarat,Ahmedabad,Ahmedabad(Manekchowk),Pineapple,Other,Medium,2015-04-23 00:00:00,2800.0,3200.0,3100.0,21
Gujarat,Ahmedabad,Ahmedabad(Manekchowk),Pineapple,Other,Medium,2015-05-04 00:00:00,3000.0,3500.0,3300.0,21
Gujarat,Ahmedabad,Ahmedabad(Manekchowk),Pineapple,Other,Medium,2015-05-12 00:00:00,2800.0,3500.0,3250.0,21
Gujarat,Ahmedabad,Ahmedabad(Manekchowk),Pineapple,Other,Medium,2015-06-01 00:00:00,3000.0,3500.0,3300.0,21
Gujarat,Ahmedabad,Ahmedabad(Manekchowk),Pineapple,Other,Medium,2015-06-24 00:00:00,2800.0,3200.0,3100.0,21
Gujarat,Ahmedabad,Ahmedabad(Manekchowk),Pineapple,Other,Medium,2015-07-27 00:00:00,1000.0,1500.0,1300.0,21
Gujarat,Ahmedabad,Ahmedabad(Manekchowk),Pineapple,Other,Medium,2015-07-28 00:00:00,2500.0,3000.0,2800.0,21
Gujarat,Ahmedabad,Ahmedabad(Manekchowk),Pineapple,Other,Medium,2015-08-04 00:00:00,2800.0,3200.0,3100.0,21
Gujarat,Ahmedabad,Ahmedabad(Manekchowk),Pineapple,Other,Medium,2015-08-07 00:00:00,2500.0,3000.0,2800.0,21
Gujarat,Ahmedabad,Ahmedabad(Manekchowk),Pineapple,Other,Medium,2015-08-20 00:00:00,2500.0,3000.0,2800.0,21
Gujarat,Ahmedabad,Ahmedabad(Manekchowk),Pineapple,Other,Medium,2015-08-22 00:00:00,2800.0,3200.0,3000.0,21
Gujarat,Ahmedabad,Ahmedabad(Manekchowk),Pineapple,Other,Medium,2015-09-07 00:00:00,2500.0,3000.0,2800.0,21
Gujarat,Ahmedabad,Ahmedabad(Manekchowk),Pineapple,Other,Medium,2015-09-18 00:00:00,3000.0,3500.0,3300.0,21
Gujarat,Ahmedabad,Ahmedabad(Manekchowk),Pineapple,Other,Medium,2015-09-23 00:00:00,2500.0,3000.0,2800.0,21
Gujarat,Ahmedabad,Ahmedabad(Manekchowk),Pineapple,Other,Medium,2015-10-01 00:00:00,2000.0,2500.0,2300.0,21
Gujarat,Ahmedabad,Ahmedabad(Manekchowk),Pineapple,Other,Medium,2015-10-02 00:00:00,2000.0,2500.0,2300.0,21
Gujarat,Ahmedabad,Ahmedabad(Manekchowk),Pineapple,Other,Medium,2015-10-06 00:00:00,2000.0,2500.0,2300.0,21
Gujarat,Ahmedabad,Ahmedabad(Manekchowk),Pineapple,Other,Medium,2015-10-16 00:00:00,1800.0,2200.0,2000.0,21
Gujarat,Ahmedabad,Ahmedabad(Manekchowk),Pineapple,Other,Medium,2015-10-18 00:00:00,1800.0,2300.0,2100.0,21
Gujarat,Ahmedabad,Ahmedabad(Manekchowk),Pineapple,Other,Medium,2015-10-20 00:00:00,1800.0,2300.0,2100.0,21
Gujarat,Ahmedabad,Ahmedabad(Manekchowk),Pineapple,Other,Medium,2015-10-21 00:00:00,1800.0,2300.0,2100.0,21
Gujarat,Ahmedabad,Ahmedabad(Manekchowk),Pineapple,Other,Medium,2015-10-26 00:00:00,1800.0,2300.0,2100.0,21
Gujarat,Ahmedabad,Ahmedabad(Manekchowk),Pineapple,Other,Medium,2015-10-31 00:00:00,1800.0,2300.0,2100.0,21
Gujarat,Ahmedabad,Ahmedabad(Manekchowk),Pineapple,Other,Medium,2015-11-03 00:00:00,1800.0,2200.0,2000.0,21
Gujarat,Ahmedabad,Ahmedabad(Manekchowk),Pineapple,Other,Medium,2015-11-07 00:00:00,1500.0,2200.0,2000.0,21
Gujarat,Ahmedabad,Ahmedabad(Manekchowk),Pineapple,Other,Medium,2015-11-20 00:00:00,1500.0,2000.0,1900.0,21
Gujarat,Ahmedabad,Ahmedabad(Manekchowk),Pineapple,Other,Medium,2015-11-22 00:00:00,1500.0,2300.0,1900.0,21
Gujarat,Ahmedabad,Ahmedabad(Manekchowk),Pineapple,Other,Medium,2015-11-24 00:00:00,1500.0,2300.0,1900.0,21
Gujarat,Ahmedabad,Ahmedabad(Manekchowk),Pineapple,Other,Medium,2015-11-26 00:00:00,1500.0,2200.0,2000.0,21
Gujarat,Ahmedabad,Ahmedabad(Manekchowk),Pineapple,Other,Medium,2015-11-30 00:00:00,1500.0,2200.0,1900.0,21
Gujarat,Ahmedabad,Ahmedabad(Manekchowk),Pineapple,Other,Medium,2015-12-02 00:00:00,1500.0,2200.0,2000.0,21
Gujarat,Ahmedabad,Ahmedabad(Manekchowk),Pineapple,Other,Medium,2015-12-03 00:00:00,1500.0,2200.0,1900.0,21
Gujarat,Ahmedabad,Ahmedabad(Manekchowk),Pineapple,Other,Medium,2015-12-08 00:00:00,1500.0,2300.0,1900.0,21
Gujarat,Ahmedabad,Ahmedabad(Manekchowk),Pineapple,Other,Medium,2015-12-09 00:00:00,1500.0,2300.0,2000.0,21
Gujarat,Ahmedabad,Ahmedabad(Manekchowk),Pineapple,Other,Medium,2015-12-19 00:00:00,1800.0,2200.0,2000.0,21
Gujarat,Ahmedabad,Ahmedabad(Manekchowk),Pineapple,Other,Medium,2015-12-21 00:00:00,1500.0,2200.0,2000.0,21
Gujarat,Ahmedabad,Ahmedabad(Manekchowk),Pineapple,Other,Medium,2015-12-24 00:00:00,1500.0,2200.0,2000.0,21
Gujarat,Banaskanth,Deesa(Deesa Veg Yard),Pineapple,Other,Medium,2015-01-09 00:00:00,3000.0,3500.0,3250.0,21
Gujarat,Banaskanth,Deesa(Deesa Veg Yard),Pineapple,Other,Medium,2015-01-10 00:00:00,3000.0,3500.0,3250.0,21
Gujarat,Banaskanth,Deesa(Deesa Veg Yard),Pineapple,Other,Medium,2015-01-13 00:00:00,3000.0,3500.0,3250.0,21
Gujarat,Banaskanth,Deesa(Deesa Veg Yard),Pineapple,Other,Medium,2015-02-07 00:00:00,3000.0,3500.0,3250.0,21
Gujarat,Banaskanth,Deesa(Deesa Veg Yard),Pineapple,Other,Medium,2015-03-02 00:00:00,500.0,1000.0,750.0,21
Gujarat,Banaskanth,Deesa(Deesa Veg Yard),Pineapple,Other,Medium,2015-03-25 00:00:00,3000.0,4000.0,3500.0,21
Gujarat,Banaskanth,Deesa(Deesa Veg Yard),Pineapple,Other,Medium,2015-04-11 00:00:00,3000.0,4000.0,3500.0,21
Gujarat,Banaskanth,Deesa(Deesa Veg Yard),Pineapple,Other,Medium,2015-04-25 00:00:00,4000.0,5000.0,4500.0,21
Gujarat,Banaskanth,Deesa(Deesa Veg Yard),Pineapple,Other,Medium,2015-05-06 00:00:00,3500.0,3900.0,3700.0,21
Gujarat,Banaskanth,Deesa(Deesa Veg Yard),Pineapple,Other,Medium,2015-05-09 00:00:00,3500.0,4000.0,3750.0,21
Gujarat,Banaskanth,Deesa(Deesa Veg Yard),Pineapple,Other,Medium,2015-05-14 00:00:00,3500.0,4000.0,3750.0,21
Gujarat,Banaskanth,Deesa(Deesa Veg Yard),Pineapple,Other,Medium,2015-05-19 00:00:00,3500.0,4000.0,3750.0,21
Gujarat,Banaskanth,Deesa(Deesa Veg Yard),Pineapple,Other,Medium,2015-05-20 00:00:00,3500.0,4000.0,3750.0,21
Gujarat,Banaskanth,Deesa(Deesa Veg Yard),Pineapple,Other,Medium,2015-05-22 00:00:00,3500.0,3900.0,3700.0,21
Gujarat,Banaskanth,Deesa(Deesa Veg Yard),Pineapple,Other,Medium,2015-05-29 00:00:00,3500.0,3900.0,3700.0,21
Gujarat,Banaskanth,Deesa(Deesa Veg Yard),Pineapple,Other,Medium,2015-05-30 00:00:00,3500.0,3700.0,3600.0,21
Gujarat,Banaskanth,Deesa(Deesa Veg Yard),Pineapple,Other,Medium,2015-06-11 00:00:00,3500.0,4000.0,3750.0,21
Gujarat,Banaskanth,Deesa(Deesa Veg Yard),Pineapple,Other,Medium,2015-06-12 00:00:00,3500.0,4000.0,3750.0,21
Gujarat,Banaskanth,Deesa(Deesa Veg Yard),Pineapple,Other,Medium,2015-06-30 00:00:00,3500.0,4000.0,3750.0,21
Gujarat,Banaskanth,Deesa(Deesa Veg Yard),Pineapple,Other,Medium,2015-07-02 00:00:00,3500.0,4000.0,3750.0,21
Gujarat,Banaskanth,Deesa(Deesa Veg Yard),Pineapple,Other,Medium,2015-07-04 00:00:00,3500.0,4000.0,3750.0,21
Gujarat,Banaskanth,Deesa(Deesa Veg Yard),Pineapple,Other,Medium,2015-07-08 00:00:00,3500.0,3700.0,3600.0,21
Gujarat,Banaskanth,Deesa(Deesa Veg Yard),Pineapple,Other,Medium,2015-07-10 00:00:00,3500.0,4000.0,3750.0,21
Gujarat,Banaskanth,Deesa(Deesa Veg Yard),Pineapple,Other,Medium,2015-07-13 00:00:00,700.0,800.0,750.0,21
Gujarat,Banaskanth,Deesa(Deesa Veg Yard),Pineapple,Other,Medium,2015-07-17 00:00:00,3500.0,3900.0,3700.0,21
Gujarat,Banaskanth,Deesa(Deesa Veg Yard),Pineapple,Other,Medium,2015-07-24 00:00:00,3500.0,4000.0,3750.0,21
Gujarat,Banaskanth,Deesa(Deesa Veg Yard),Pineapple,Other,Medium,2015-07-31 00:00:00,3500.0,4000.0,3750.0,21
Gujarat,Banaskanth,Deesa(Deesa Veg Yard),Pineapple,Other,Medium,2015-08-10 00:00:00,3500.0,4000.0,3750.0,21
Gujarat,Banaskanth,Deesa(Deesa Veg Yard),Pineapple,Other,Medium,2015-08-11 00:00:00,3500.0,4000.0,3750.0,21
Gujarat,Banaskanth,Deesa(Deesa Veg Yard),Pineapple,Other,Medium,2015-08-12 00:00:00,3500.0,3900.0,3700.0,21
Gujarat,Banaskanth,Deesa(Deesa Veg Yard),Pineapple,Other,Medium,2015-08-20 00:00:00,3500.0,4000.0,3750.0,21
Gujarat,Banaskanth,Deesa(Deesa Veg Yard),Pineapple,Other,Medium,2015-08-31 00:00:00,3500.0,4000.0,3750.0,21
Gujarat,Banaskanth,Deesa(Deesa Veg Yard),Pineapple,Other,Medium,2015-09-12 00:00:00,3500.0,4000.0,3750.0,21
Gujarat,Banaskanth,Deesa(Deesa Veg Yard),Pineapple,Other,Medium,2015-10-08 00:00:00,3500.0,3900.0,3700.0,21
Gujarat,Banaskanth,Deesa(Deesa Veg Yard),Pineapple,Other,Medium,2015-10-14 00:00:00,3500.0,4000.0,3750.0,21
Gujarat,Banaskanth,Deesa(Deesa Veg Yard),Pineapple,Other,Medium,2015-11-03 00:00:00,3500.0,4000.0,3750.0,21
Gujarat,Bharuch,Bharuch,Pineapple,Other,Medium,2015-02-03 00:00:00,4000.0,6000.0,5000.0,21
Gujarat,Bharuch,Bharuch,Pineapple,Other,Medium,2015-02-07 00:00:00,4000.0,5000.0,4500.0,21
Gujarat,Bharuch,Bharuch,Pineapple,Other,Medium,2015-02-08 00:00:00,3000.0,5000.0,4000.0,21
Gujarat,Bharuch,Bharuch,Pineapple,Other,Medium,2015-06-27 00:00:00,3000.0,4500.0,4000.0,21
Gujarat,Bharuch,Bharuch,Pineapple,Other,Medium,2015-07-01 00:00:00,4000.0,6000.0,5000.0,21
Gujarat,Bharuch,Bharuch,Pineapple,Other,Medium,2015-11-04 00:00:00,2500.0,3500.0,3000.0,21
Gujarat,Bharuch,Bharuch,Pineapple,Other,Medium,2003-09-29 00:00:00,700.0,800.0,750.0,21
Gujarat,Bharuch,Bharuch,Pineapple,Other,Medium,2003-12-01 00:00:00,1000.0,1500.0,1250.0,21
Gujarat,Bharuch,Bharuch,Pineapple,Other,Medium,2003-12-30 00:00:00,800.0,1200.0,1000.0,21
Gujarat,Ahmedabad,Ahmedabad,Pineapple,Other,Large,2002-01-21 00:00:00,130.0,180.0,160.0,21
Gujarat,Ahmedabad,Ahmedabad,Pineapple,Other,Large,2002-04-10 00:00:00,180.0,220.0,210.0,21
Gujarat,Ahmedabad,Ahmedabad,Pineapple,Other,Large,2002-06-26 00:00:00,120.0,180.0,160.0,21
Gujarat,Ahmedabad,Ahmedabad,Pineapple,Other,Large,2002-07-26 00:00:00,160.0,200.0,190.0,21
Gujarat,Bharuch,Bharuch,Pineapple,Other,Medium,2005-08-23 00:00:00,1000.0,1200.0,1100.0,21
Gujarat,Bharuch,Bharuch,Pineapple,Other,Large,2005-09-15 00:00:00,1000.0,1100.0,1050.0,21
Gujarat,Bharuch,Bharuch,Pineapple,Other,Large,2005-09-16 00:00:00,1000.0,1100.0,1050.0,21
Gujarat,Bharuch,Bharuch,Pineapple,Other,Large,2005-10-09 00:00:00,1200.0,1300.0,1250.0,21
Gujarat,Bharuch,Bharuch,Pineapple,Other,Large,2005-10-11 00:00:00,1000.0,1200.0,1100.0,21
Gujarat,Bharuch,Bharuch,Pineapple,Other,Large,2005-10-15 00:00:00,1000.0,1200.0,1100.0,21
Gujarat,Bharuch,Bharuch,Pineapple,Other,Medium,2005-10-18 00:00:00,1000.0,1200.0,1100.0,21
Gujarat,Bharuch,Bharuch,Pineapple,Other,Large,2005-10-20 00:00:00,1000.0,1200.0,1100.0,21
Gujarat,Bharuch,Bharuch,Pineapple,Other,Large,2005-11-16 00:00:00,1000.0,1200.0,1100.0,21
Gujarat,Bharuch,Bharuch,Pineapple,Other,Large,2005-12-09 00:00:00,800.0,1000.0,900.0,21
Gujarat,Ahmedabad,"Ahmedabad(Fruit Market, Naroda)",Pineapple,Other,Medium,2017-01-05 00:00:00,2400.0,2600.0,2500.0,21
Gujarat,Ahmedabad,"Ahmedabad(Fruit Market, Naroda)",Pineapple,Other,Medium,2017-01-09 00:00:00,2500.0,2700.0,2600.0,21
Gujarat,Ahmedabad,"Ahmedabad(Fruit Market, Naroda)",Pineapple,Other,Medium,2017-01-12 00:00:00,2200.0,2800.0,2600.0,21
Gujarat,Ahmedabad,"Ahmedabad(Fruit Market, Naroda)",Pineapple,Other,Medium,2017-01-19 00:00:00,3200.0,3500.0,3400.0,21
Gujarat,Ahmedabad,"Ahmedabad(Fruit Market, Naroda)",Pineapple,Other,Medium,2017-01-25 00:00:00,2000.0,2800.0,2500.0,21
Gujarat,Ahmedabad,"Ahmedabad(Fruit Market, Naroda)",Pineapple,Other,Medium,2017-01-27 00:00:00,2000.0,2600.0,2400.0,21
Gujarat,Ahmedabad,"Ahmedabad(Fruit Market, Naroda)",Pineapple,Other,Medium,2017-01-28 00:00:00,2000.0,2800.0,2500.0,21
Gujarat,Ahmedabad,"Ahmedabad(Fruit Market, Naroda)",Pineapple,Other,Medium,2017-02-02 00:00:00,2500.0,3000.0,2900.0,21
Gujarat,Ahmedabad,"Ahmedabad(Fruit Market, Naroda)",Pineapple,Other,Medium,2017-02-15 00:00:00,2800.0,3000.0,2900.0,21
Gujarat,Ahmedabad,"Ahmedabad(Fruit Market, Naroda)",Pineapple,Other,Medium,2017-02-16 00:00:00,2500.0,3000.0,2800.0,21
Gujarat,Ahmedabad,"Ahmedabad(Fruit Market, Naroda)",Pineapple,Other,Medium,2017-02-18 00:00:00,2500.0,3000.0,2800.0,21
Gujarat,Ahmedabad,"Ahmedabad(Fruit Market, Naroda)",Pineapple,Other,Medium,2017-02-22 00:00:00,2500.0,3000.0,2800.0,21
Gujarat,Ahmedabad,"Ahmedabad(Fruit Market, Naroda)",Pineapple,Other,Medium,2017-02-25 00:00:00,2500.0,2800.0,2700.0,21
Gujarat,Ahmedabad,"Ahmedabad(Fruit Market, Naroda)",Pineapple,Other,Medium,2017-03-14 00:00:00,2200.0,2600.0,2500.0,21
Gujarat,Ahmedabad,"Ahmedabad(Fruit Market, Naroda)",Pineapple,Other,Medium,2017-03-15 00:00:00,2000.0,2500.0,2300.0,21
Gujarat,Ahmedabad,"Ahmedabad(Fruit Market, Naroda)",Pineapple,Other,Medium,2017-03-27 00:00:00,2000.0,3000.0,2600.0,21
Gujarat,Ahmedabad,"Ahmedabad(Fruit Market, Naroda)",Pineapple,Other,Medium,2017-03-28 00:00:00,2000.0,3000.0,2700.0,21
Gujarat,Ahmedabad,"Ahmedabad(Fruit Market, Naroda)",Pineapple,Other,Medium,2017-04-07 00:00:00,2200.0,3000.0,2700.0,21
Gujarat,Ahmedabad,"Ahmedabad(Fruit Market, Naroda)",Pineapple,Other,Medium,2017-04-15 00:00:00,2500.0,3200.0,3000.0,21
Gujarat,Ahmedabad,"Ahmedabad(Fruit Market, Naroda)",Pineapple,Other,Medium,2017-04-17 00:00:00,2500.0,3500.0,3000.0,21
Gujarat,Ahmedabad,"Ahmedabad(Fruit Market, Naroda)",Pineapple,Other,Medium,2017-04-18 00:00:00,3000.0,3500.0,3300.0,21
Gujarat,Ahmedabad,"Ahmedabad(Fruit Market, Naroda)",Pineapple,Other,Medium,2017-05-19 00:00:00,2000.0,4000.0,3500.0,21
Gujarat,Ahmedabad,"Ahmedabad(Fruit Market, Naroda)",Pineapple,Other,Medium,2017-05-30 00:00:00,2000.0,3500.0,3000.0,21
Gujarat,Ahmedabad,"Ahmedabad(Fruit Market, Naroda)",Pineapple,Other,Medium,2017-06-01 00:00:00,2500.0,3500.0,3200.0,21
Gujarat,Ahmedabad,"Ahmedabad(Fruit Market, Naroda)",Pineapple,Other,Medium,2017-06-24 00:00:00,3000.0,4500.0,4000.0,21
Gujarat,Ahmedabad,"Ahmedabad(Fruit Market, Naroda)",Pineapple,Other,Medium,2017-07-04 00:00:00,2500.0,4000.0,3500.0,21
Gujarat,Ahmedabad,"Ahmedabad(Fruit Market, Naroda)",Pineapple,Other,Medium,2017-07-06 00:00:00,4000.0,4500.0,4300.0,21
Gujarat,Ahmedabad,"Ahmedabad(Fruit Market, Naroda)",Pineapple,Other,Medium,2017-07-08 00:00:00,3500.0,4500.0,4200.0,21
Gujarat,Ahmedabad,"Ahmedabad(Fruit Market, Naroda)",Pineapple,Other,Medium,2017-07-13 00:00:00,3000.0,4000.0,3500.0,21
Gujarat,Ahmedabad,"Ahmedabad(Fruit Market, Naroda)",Pineapple,Other,Medium,2017-07-26 00:00:00,2500.0,3500.0,3200.0,21
Gujarat,Ahmedabad,"Ahmedabad(Fruit Market, Naroda)",Pineapple,Other,Medium,2017-08-03 00:00:00,2500.0,3500.0,3200.0,21
Gujarat,Ahmedabad,"Ahmedabad(Fruit Market, Naroda)",Pineapple,Other,Medium,2017-08-05 00:00:00,2500.0,4000.0,3500.0,21
Gujarat,Ahmedabad,"Ahmedabad(Fruit Market, Naroda)",Pineapple,Other,Medium,2017-08-08 00:00:00,3000.0,4000.0,3700.0,21
Gujarat,Ahmedabad,"Ahmedabad(Fruit Market, Naroda)",Pineapple,Other,Medium,2017-08-16 00:00:00,2500.0,3500.0,3200.0,21
Gujarat,Ahmedabad,"Ahmedabad(Fruit Market, Naroda)",Pineapple,Other,Medium,2017-08-18 00:00:00,2500.0,3500.0,3200.0,21
Gujarat,Ahmedabad,"Ahmedabad(Fruit Market, Naroda)",Pineapple,Other,Medium,2017-08-29 00:00:00,2500.0,3500.0,3200.0,21
Gujarat,Ahmedabad,"Ahmedabad(Fruit Market, Naroda)",Pineapple,Other,Medium,2017-09-07 00:00:00,2800.0,3500.0,3200.0,21
Gujarat,Ahmedabad,"Ahmedabad(Fruit Market, Naroda)",Pineapple,Other,Medium,2017-09-08 00:00:00,2800.0,3500.0,3200.0,21
Gujarat,Ahmedabad,"Ahmedabad(Fruit Market, Naroda)",Pineapple,Other,Medium,2017-09-20 00:00:00,2800.0,3500.0,3200.0,21
Gujarat,Ahmedabad,"Ahmedabad(Fruit Market, Naroda)",Pineapple,Other,Medium,2017-09-26 00:00:00,2400.0,3500.0,3000.0,21
Gujarat,Ahmedabad,"Ahmedabad(Fruit Market, Naroda)",Pineapple,Other,Medium,2017-09-27 00:00:00,2500.0,3500.0,3000.0,21
Gujarat,Ahmedabad,"Ahmedabad(Fruit Market, Naroda)",Pineapple,Other,Medium,2017-09-28 00:00:00,2200.0,3500.0,2900.0,21
Gujarat,Ahmedabad,"Ahmedabad(Fruit Market, Naroda)",Pineapple,Other,Medium,2017-10-03 00:00:00,2500.0,3500.0,3200.0,21
Gujarat,Ahmedabad,"Ahmedabad(Fruit Market, Naroda)",Pineapple,Other,Medium,2017-10-13 00:00:00,3000.0,3500.0,3300.0,21
Gujarat,Ahmedabad,"Ahmedabad(Fruit Market, Naroda)",Pineapple,Other,Medium,2017-10-23 00:00:00,2500.0,3500.0,3300.0,21
Gujarat,Ahmedabad,"Ahmedabad(Fruit Market, Naroda)",Pineapple,Other,Medium,2017-11-08 00:00:00,2200.0,3500.0,2900.0,21
Gujarat,Ahmedabad,"Ahmedabad(Fruit Market, Naroda)",Pineapple,Other,Medium,2017-11-10 00:00:00,2200.0,3500.0,2900.0,21
Gujarat,Ahmedabad,"Ahmedabad(Fruit Market, Naroda)",Pineapple,Other,Medium,2017-11-21 00:00:00,2800.0,3000.0,2900.0,21
Gujarat,Ahmedabad,"Ahmedabad(Fruit Market, Naroda)",Pineapple,Other,Medium,2017-11-27 00:00:00,2500.0,2800.0,2700.0,21
Gujarat,Ahmedabad,"Ahmedabad(Fruit Market, Naroda)",Pineapple,Other,Medium,2017-11-29 00:00:00,2500.0,2800.0,2700.0,21
Gujarat,Ahmedabad,"Ahmedabad(Fruit Market, Naroda)",Pineapple,Other,Medium,2017-11-30 00:00:00,2200.0,2800.0,2500.0,21
Gujarat,Ahmedabad,"Ahmedabad(Fruit Market, Naroda)",Pineapple,Other,Medium,2017-12-05 00:00:00,2500.0,3000.0,2800.0,21
Gujarat,Ahmedabad,"Ahmedabad(Fruit Market, Naroda)",Pineapple,Other,Medium,2017-12-08 00:00:00,2600.0,3000.0,2800.0,21
Gujarat,Ahmedabad,"Ahmedabad(Fruit Market, Naroda)",Pineapple,Other,Medium,2017-12-16 00:00:00,2500.0,3000.0,2800.0,21
Gujarat,Ahmedabad,"Ahmedabad(Fruit Market, Naroda)",Pineapple,Other,Medium,2017-12-18 00:00:00,2500.0,3000.0,2800.0,21
Gujarat,Ahmedabad,"Ahmedabad(Fruit Market, Naroda)",Pineapple,Other,Medium,2017-12-30 00:00:00,2600.0,2800.0,2700.0,21
Gujarat,Ahmedabad,Ahmedabad(Manekchowk),Pineapple,Other,Medium,2017-01-05 00:00:00,2400.0,2600.0,2500.0,21
Gujarat,Ahmedabad,Ahmedabad(Manekchowk),Pineapple,Other,Medium,2017-01-24 00:00:00,3000.0,3500.0,3300.0,21
Gujarat,Ahmedabad,Ahmedabad(Manekchowk),Pineapple,Other,Medium,2017-01-25 00:00:00,2000.0,2800.0,2500.0,21
Gujarat,Ahmedabad,Ahmedabad(Manekchowk),Pineapple,Other,Medium,2017-02-13 00:00:00,2500.0,3000.0,2800.0,21
Gujarat,Ahmedabad,Ahmedabad(Manekchowk),Pineapple,Other,Medium,2017-02-14 00:00:00,2000.0,3000.0,2700.0,21
Gujarat,Ahmedabad,Ahmedabad(Manekchowk),Pineapple,Other,Medium,2017-02-16 00:00:00,2500.0,3000.0,2800.0,21
Gujarat,Ahmedabad,Ahmedabad(Manekchowk),Pineapple,Other,Medium,2017-02-17 00:00:00,2500.0,3000.0,2800.0,21
Gujarat,Ahmedabad,Ahmedabad(Manekchowk),Pineapple,Other,Medium,2017-02-18 00:00:00,2500.0,3000.0,2800.0,21
Gujarat,Ahmedabad,Ahmedabad(Manekchowk),Pineapple,Other,Medium,2017-02-21 00:00:00,2700.0,3000.0,2900.0,21
Gujarat,Ahmedabad,Ahmedabad(Manekchowk),Pineapple,Other,Medium,2017-02-23 00:00:00,2500.0,3000.0,2800.0,21
Gujarat,Ahmedabad,Ahmedabad(Manekchowk),Pineapple,Other,Medium,2017-03-01 00:00:00,2500.0,2800.0,2700.0,21
Gujarat,Ahmedabad,Ahmedabad(Manekchowk),Pineapple,Other,Medium,2017-03-03 00:00:00,2500.0,2800.0,2700.0,21
Gujarat,Ahmedabad,Ahmedabad(Manekchowk),Pineapple,Other,Medium,2017-03-07 00:00:00,2500.0,2800.0,2700.0,21
Gujarat,Ahmedabad,Ahmedabad(Manekchowk),Pineapple,Other,Medium,2017-03-23 00:00:00,2200.0,2700.0,2500.0,21
Gujarat,Ahmedabad,Ahmedabad(Manekchowk),Pineapple,Other,Medium,2017-03-24 00:00:00,1800.0,2600.0,2300.0,21
Gujarat,Ahmedabad,Ahmedabad(Manekchowk),Pineapple,Other,Medium,2017-03-27 00:00:00,2000.0,3000.0,2600.0,21
Gujarat,Ahmedabad,Ahmedabad(Manekchowk),Pineapple,Other,Medium,2017-03-31 00:00:00,1500.0,3000.0,2500.0,21
Gujarat,Ahmedabad,Ahmedabad(Manekchowk),Pineapple,Other,Medium,2017-04-04 00:00:00,2000.0,3000.0,2700.0,21
Gujarat,Ahmedabad,Ahmedabad(Manekchowk),Pineapple,Other,Medium,2017-04-10 00:00:00,2200.0,3000.0,2700.0,21
Gujarat,Ahmedabad,Ahmedabad(Manekchowk),Pineapple,Other,Medium,2017-04-11 00:00:00,2000.0,3000.0,2700.0,21
Gujarat,Ahmedabad,Ahmedabad(Manekchowk),Pineapple,Other,Medium,2017-04-12 00:00:00,2500.0,3200.0,3000.0,21
Gujarat,Ahmedabad,Ahmedabad(Manekchowk),Pineapple,Other,Medium,2017-05-09 00:00:00,2500.0,4000.0,3500.0,21
Gujarat,Ahmedabad,Ahmedabad(Manekchowk),Pineapple,Other,Medium,2017-05-15 00:00:00,2500.0,4000.0,3500.0,21
Gujarat,Ahmedabad,Ahmedabad(Manekchowk),Pineapple,Other,Medium,2017-05-16 00:00:00,2200.0,4500.0,3500.0,21
Gujarat,Ahmedabad,Ahmedabad(Manekchowk),Pineapple,Other,Medium,2017-05-23 00:00:00,2500.0,4000.0,3500.0,21
Gujarat,Ahmedabad,Ahmedabad(Manekchowk),Pineapple,Other,Medium,2017-05-24 00:00:00,2500.0,4000.0,3500.0,21
Gujarat,Ahmedabad,Ahmedabad(Manekchowk),Pineapple,Other,Medium,2017-05-27 00:00:00,2000.0,3500.0,3000.0,21
Gujarat,Ahmedabad,Ahmedabad(Manekchowk),Pineapple,Other,Medium,2017-05-30 00:00:00,2000.0,3500.0,3000.0,21
Gujarat,Ahmedabad,Ahmedabad(Manekchowk),Pineapple,Other,Medium,2017-06-05 00:00:00,2500.0,3500.0,3200.0,21
Gujarat,Ahmedabad,Ahmedabad(Manekchowk),Pineapple,Other,Medium,2017-06-06 00:00:00,2500.0,3500.0,3200.0,21
Gujarat,Ahmedabad,Ahmedabad(Manekchowk),Pineapple,Other,Medium,2017-06-07 00:00:00,2500.0,3500.0,3300.0,21
Gujarat,Ahmedabad,Ahmedabad(Manekchowk),Pineapple,Other,Medium,2017-06-09 00:00:00,2500.0,3700.0,3400.0,21
Gujarat,Ahmedabad,Ahmedabad(Manekchowk),Pineapple,Other,Medium,2017-06-15 00:00:00,3000.0,4500.0,4000.0,21
Gujarat,Ahmedabad,Ahmedabad(Manekchowk),Pineapple,Other,Medium,2017-06-21 00:00:00,2500.0,4500.0,4000.0,21
Gujarat,Ahmedabad,Ahmedabad(Manekchowk),Pineapple,Other,Medium,2017-06-23 00:00:00,3000.0,4000.0,3700.0,21
Gujarat,Ahmedabad,Ahmedabad(Manekchowk),Pineapple,Other,Medium,2017-06-29 00:00:00,2500.0,4000.0,3500.0,21
Gujarat,Ahmedabad,Ahmedabad(Manekchowk),Pineapple,Other,Medium,2017-06-30 00:00:00,2500.0,4000.0,3500.0,21
Gujarat,Ahmedabad,Ahmedabad(Manekchowk),Pineapple,Other,Medium,2017-07-01 00:00:00,2500.0,4000.0,3500.0,21
Gujarat,Ahmedabad,Ahmedabad(Manekchowk),Pineapple,Other,Medium,2017-07-06 00:00:00,4000.0,4500.0,4300.0,21
Gujarat,Ahmedabad,Ahmedabad(Manekchowk),Pineapple,Other,Medium,2017-07-08 00:00:00,3500.0,4500.0,4200.0,21
Gujarat,Ahmedabad,Ahmedabad(Manekchowk),Pineapple,Other,Medium,2017-07-27 00:00:00,3000.0,3500.0,3300.0,21
Gujarat,Ahmedabad,Ahmedabad(Manekchowk),Pineapple,Other,Medium,2017-07-28 00:00:00,3000.0,3500.0,3300.0,21
Gujarat,Ahmedabad,Ahmedabad(Manekchowk),Pineapple,Other,Medium,2017-08-01 00:00:00,3000.0,3500.0,3300.0,21
Gujarat,Ahmedabad,Ahmedabad(Manekchowk),Pineapple,Other,Medium,2017-08-05 00:00:00,2500.0,4000.0,3500.0,21
Gujarat,Ahmedabad,Ahmedabad(Manekchowk),Pineapple,Other,Medium,2017-08-24 00:00:00,2500.0,3500.0,3300.0,21
Gujarat,Ahmedabad,Ahmedabad(Manekchowk),Pineapple,Other,Medium,2017-09-19 00:00:00,2800.0,3500.0,3200.0,21
Gujarat,Ahmedabad,Ahmedabad(Manekchowk),Pineapple,Other,Medium,2017-09-22 00:00:00,2400.0,3500.0,3300.0,21
Gujarat,Ahmedabad,Ahmedabad(Manekchowk),Pineapple,Other,Medium,2017-09-23 00:00:00,2500.0,3500.0,3200.0,21
Gujarat,Ahmedabad,Ahmedabad(Manekchowk),Pineapple,Other,Medium,2017-09-29 00:00:00,2500.0,3500.0,3200.0,21
Gujarat,Ahmedabad,Ahmedabad(Manekchowk),Pineapple,Other,Medium,2017-10-06 00:00:00,2500.0,3500.0,3200.0,21
Gujarat,Ahmedabad,Ahmedabad(Manekchowk),Pineapple,Other,Medium,2017-10-09 00:00:00,3200.0,3500.0,3400.0,21
Gujarat,Ahmedabad,Ahmedabad(Manekchowk),Pineapple,Other,Medium,2017-10-14 00:00:00,2700.0,3500.0,3400.0,21
Gujarat,Ahmedabad,Ahmedabad(Manekchowk),Pineapple,Other,Medium,2017-10-27 00:00:00,2000.0,3500.0,2900.0,21
Gujarat,Ahmedabad,Ahmedabad(Manekchowk),Pineapple,Other,Medium,2017-11-13 00:00:00,2500.0,3500.0,3300.0,21
Gujarat,Ahmedabad,Ahmedabad(Manekchowk),Pineapple,Other,Medium,2017-11-17 00:00:00,2000.0,2500.0,2300.0,21
Gujarat,Ahmedabad,Ahmedabad(Manekchowk),Pineapple,Other,Medium,2017-11-22 00:00:00,2500.0,3000.0,2800.0,21
Gujarat,Ahmedabad,Ahmedabad(Manekchowk),Pineapple,Other,Medium,2017-11-29 00:00:00,2500.0,2800.0,2700.0,21
Gujarat,Ahmedabad,Ahmedabad(Manekchowk),Pineapple,Other,Medium,2017-12-05 00:00:00,2500.0,3000.0,2800.0,21
Gujarat,Ahmedabad,Ahmedabad(Manekchowk),Pineapple,Other,Medium,2017-12-13 00:00:00,2400.0,3000.0,2800.0,21
Gujarat,Banaskanth,Deesa(Deesa Veg Yard),Pineapple,Other,Medium,2017-01-09 00:00:00,2500.0,3000.0,2750.0,21
Gujarat,Banaskanth,Deesa(Deesa Veg Yard),Pineapple,Other,Medium,2017-01-18 00:00:00,2000.0,3000.0,2500.0,21
Gujarat,Banaskanth,Deesa(Deesa Veg Yard),Pineapple,Other,Medium,2017-01-31 00:00:00,2000.0,2500.0,2250.0,21
Gujarat,Banaskanth,Deesa(Deesa Veg Yard),Pineapple,Other,Medium,2017-02-04 00:00:00,1000.0,1400.0,1200.0,21
Gujarat,Banaskanth,Deesa(Deesa Veg Yard),Pineapple,Other,Medium,2017-02-08 00:00:00,2000.0,2500.0,2250.0,21
Gujarat,Banaskanth,Deesa(Deesa Veg Yard),Pineapple,Other,Medium,2017-02-18 00:00:00,1000.0,1500.0,1250.0,21
Gujarat,Banaskanth,Deesa(Deesa Veg Yard),Pineapple,Other,Medium,2017-02-21 00:00:00,2300.0,2500.0,2400.0,21
Gujarat,Banaskanth,Deesa(Deesa Veg Yard),Pineapple,Other,Medium,2017-02-27 00:00:00,2000.0,2500.0,2250.0,21
Gujarat,Banaskanth,Deesa(Deesa Veg Yard),Pineapple,Other,Medium,2017-03-02 00:00:00,2000.0,2500.0,2250.0,21
Gujarat,Banaskanth,Deesa(Deesa Veg Yard),Pineapple,Other,Medium,2017-03-17 00:00:00,2000.0,3000.0,2500.0,21
Gujarat,Banaskanth,Deesa(Deesa Veg Yard),Pineapple,Other,Medium,2017-03-30 00:00:00,2000.0,3000.0,2500.0,21
Gujarat,Banaskanth,Deesa(Deesa Veg Yard),Pineapple,Other,Medium,2017-03-31 00:00:00,2500.0,3000.0,2750.0,21
Gujarat,Banaskanth,Deesa(Deesa Veg Yard),Pineapple,Other,Medium,2017-04-01 00:00:00,2500.0,3000.0,2750.0,21
Gujarat,Banaskanth,Deesa(Deesa Veg Yard),Pineapple,Other,Medium,2017-04-12 00:00:00,2000.0,3000.0,2500.0,21
Gujarat,Banaskanth,Deesa(Deesa Veg Yard),Pineapple,Other,Medium,2017-04-25 00:00:00,2500.0,3500.0,3000.0,21
Gujarat,Banaskanth,Deesa(Deesa Veg Yard),Pineapple,Other,Medium,2017-04-28 00:00:00,2700.0,3500.0,3100.0,21
Gujarat,Banaskanth,Deesa(Deesa Veg Yard),Pineapple,Other,Medium,2017-05-05 00:00:00,3000.0,3500.0,3250.0,21
Gujarat,Banaskanth,Deesa(Deesa Veg Yard),Pineapple,Other,Medium,2017-05-13 00:00:00,2000.0,2500.0,2250.0,21
Gujarat,Banaskanth,Deesa(Deesa Veg Yard),Pineapple,Other,Medium,2017-05-17 00:00:00,2000.0,2500.0,2250.0,21
Gujarat,Banaskanth,Deesa(Deesa Veg Yard),Pineapple,Other,Medium,2017-06-01 00:00:00,2000.0,2500.0,2250.0,21
Gujarat,Banaskanth,Deesa(Deesa Veg Yard),Pineapple,Other,Medium,2017-06-09 00:00:00,2000.0,2500.0,2250.0,21
Gujarat,Banaskanth,Deesa(Deesa Veg Yard),Pineapple,Other,Medium,2017-06-26 00:00:00,2000.0,2500.0,2250.0,21
Gujarat,Banaskanth,Deesa(Deesa Veg Yard),Pineapple,Other,Medium,2017-07-03 00:00:00,5500.0,6000.0,5750.0,21
Gujarat,Banaskanth,Deesa(Deesa Veg Yard),Pineapple,Other,Medium,2017-07-12 00:00:00,4500.0,5000.0,4750.0,21
Gujarat,Banaskanth,Deesa(Deesa Veg Yard),Pineapple,Other,Medium,2017-07-17 00:00:00,1500.0,1750.0,1625.0,21
Gujarat,Banaskanth,Deesa(Deesa Veg Yard),Pineapple,Other,Medium,2017-07-29 00:00:00,4000.0,5000.0,4500.0,21
Gujarat,Banaskanth,Deesa(Deesa Veg Yard),Pineapple,Other,Medium,2017-08-28 00:00:00,3500.0,4500.0,4000.0,21
Gujarat,Banaskanth,Deesa(Deesa Veg Yard),Pineapple,Other,Medium,2017-09-07 00:00:00,4000.0,5000.0,4500.0,21
Gujarat,Banaskanth,Deesa(Deesa Veg Yard),Pineapple,Other,Medium,2017-09-08 00:00:00,4000.0,5000.0,4500.0,21
Gujarat,Banaskanth,Deesa(Deesa Veg Yard),Pineapple,Other,Medium,2017-09-09 00:00:00,4000.0,5000.0,4500.0,21
Gujarat,Banaskanth,Deesa(Deesa Veg Yard),Pineapple,Other,Medium,2017-09-14 00:00:00,4500.0,5000.0,4750.0,21
Gujarat,Banaskanth,Deesa(Deesa Veg Yard),Pineapple,Other,Medium,2017-09-15 00:00:00,4500.0,5000.0,4750.0,21
Gujarat,Banaskanth,Deesa(Deesa Veg Yard),Pineapple,Other,Medium,2017-09-23 00:00:00,3500.0,4000.0,3750.0,21
Gujarat,Banaskanth,Deesa(Deesa Veg Yard),Pineapple,Other,Medium,2017-09-25 00:00:00,3500.0,4000.0,3750.0,21
Gujarat,Banaskanth,Deesa(Deesa Veg Yard),Pineapple,Other,Medium,2017-10-03 00:00:00,3500.0,4500.0,4000.0,21
Gujarat,Banaskanth,Deesa(Deesa Veg Yard),Pineapple,Other,Medium,2017-10-07 00:00:00,4000.0,4500.0,4250.0,21
Gujarat,Banaskanth,Deesa(Deesa Veg Yard),Pineapple,Other,Medium,2017-10-26 00:00:00,4000.0,4000.0,4000.0,21
Gujarat,Banaskanth,Deesa(Deesa Veg Yard),Pineapple,Other,Medium,2017-11-24 00:00:00,3000.0,4500.0,3750.0,21
Gujarat,Banaskanth,Deesa(Deesa Veg Yard),Pineapple,Other,Medium,2017-12-06 00:00:00,4000.0,4500.0,4250.0,21
Gujarat,Banaskanth,Deesa(Deesa Veg Yard),Pineapple,Other,Medium,2017-12-07 00:00:00,4000.0,4500.0,4250.0,21
Gujarat,Banaskanth,Deesa(Deesa Veg Yard),Pineapple,Other,Medium,2017-12-16 00:00:00,3000.0,3500.0,3250.0,21
Gujarat,Banaskanth,Deesa(Deesa Veg Yard),Pineapple,Other,Medium,2017-12-18 00:00:00,2900.0,3600.0,3250.0,21
Gujarat,Banaskanth,Deesa(Deesa Veg Yard),Pineapple,Other,Medium,2017-12-20 00:00:00,2500.0,3500.0,3000.0,21
Gujarat,Banaskanth,Deesa(Deesa Veg Yard),Pineapple,Other,Medium,2017-12-22 00:00:00,2900.0,3600.0,3250.0,21
Gujarat,Banaskanth,Deesa(Deesa Veg Yard),Pineapple,Other,Medium,2017-12-23 00:00:00,2900.0,3500.0,3200.0,21
Gujarat,Banaskanth,Deesa(Deesa Veg Yard),Pineapple,Other,Medium,2017-12-26 00:00:00,2500.0,3000.0,2750.0,21
Gujarat,Banaskanth,Deesa(Deesa Veg Yard),Pineapple,Other,Medium,2017-12-28 00:00:00,3000.0,3500.0,3250.0,21
Gujarat,Bharuch,Bharuch,Pineapple,Other,Large,2006-01-30 00:00:00,800.0,1000.0,900.0,21
Gujarat,Bharuch,Bharuch,Pineapple,Other,Large,2006-02-13 00:00:00,1000.0,1200.0,1100.0,21
Gujarat,Bharuch,Bharuch,Pineapple,Other,Large,2006-10-10 00:00:00,1500.0,2000.0,1750.0,21
Gujarat,Bharuch,Bharuch,Pineapple,Other,Large,2006-10-11 00:00:00,1500.0,1750.0,1625.0,21
Gujarat,Bharuch,Bharuch,Pineapple,Other,Large,2006-10-16 00:00:00,1250.0,1500.0,1375.0,21
Gujarat,Bharuch,Bharuch,Pineapple,Other,Large,2006-11-14 00:00:00,1000.0,1250.0,1125.0,21
Gujarat,Gir Somnath,Una,Pineapple,Other,Medium,2006-10-23 00:00:00,1250.0,1250.0,1250.0,21
Gujarat,Gir Somnath,Una,Pineapple,Other,Medium,2006-10-28 00:00:00,1250.0,1250.0,1250.0,21
Gujarat,Gir Somnath,Una,Pineapple,Other,Medium,2006-10-30 00:00:00,1400.0,1400.0,1400.0,21
Gujarat,Ahmedabad,"Ahmedabad(Fruit Market, Naroda)",Pineapple,Other,Small,2009-01-03 00:00:00,160.0,200.0,190.0,21
Gujarat,Ahmedabad,"Ahmedabad(Fruit Market, Naroda)",Pineapple,Other,Small,2009-01-17 00:00:00,168.0,180.0,175.0,21
Gujarat,Ahmedabad,"Ahmedabad(Fruit Market, Naroda)",Pineapple,Other,Small,2009-01-21 00:00:00,120.0,160.0,150.0,21
Gujarat,Ahmedabad,"Ahmedabad(Fruit Market, Naroda)",Pineapple,Other,Small,2009-01-22 00:00:00,100.0,160.0,140.0,21
Gujarat,Ahmedabad,"Ahmedabad(Fruit Market, Naroda)",Pineapple,Other,Small,2009-02-06 00:00:00,200.0,230.0,220.0,21
Gujarat,Ahmedabad,"Ahmedabad(Fruit Market, Naroda)",Pineapple,Other,Small,2009-02-07 00:00:00,200.0,230.0,220.0,21
Gujarat,Ahmedabad,"Ahmedabad(Fruit Market, Naroda)",Pineapple,Other,Small,2009-02-09 00:00:00,200.0,230.0,220.0,21
Gujarat,Ahmedabad,"Ahmedabad(Fruit Market, Naroda)",Pineapple,Other,Small,2009-02-11 00:00:00,160.0,200.0,190.0,21
Gujarat,Ahmedabad,"Ahmedabad(Fruit Market, Naroda)",Pineapple,Other,Small,2009-02-16 00:00:00,160.0,200.0,190.0,21
Gujarat,Ahmedabad,"Ahmedabad(Fruit Market, Naroda)",Pineapple,Other,Small,2009-02-21 00:00:00,150.0,200.0,190.0,21
Gujarat,Ahmedabad,"Ahmedabad(Fruit Market, Naroda)",Pineapple,Other,Small,2009-02-26 00:00:00,160.0,200.0,190.0,21
Gujarat,Ahmedabad,"Ahmedabad(Fruit Market, Naroda)",Pineapple,Other,Small,2009-03-06 00:00:00,170.0,190.0,185.0,21
Gujarat,Ahmedabad,"Ahmedabad(Fruit Market, Naroda)",Pineapple,Other,Small,2009-03-07 00:00:00,180.0,210.0,200.0,21
Gujarat,Ahmedabad,"Ahmedabad(Fruit Market, Naroda)",Pineapple,Other,Small,2009-03-14 00:00:00,160.0,200.0,190.0,21
Gujarat,Ahmedabad,"Ahmedabad(Fruit Market, Naroda)",Pineapple,Other,Small,2009-03-19 00:00:00,200.0,250.0,235.0,21
Gujarat,Ahmedabad,"Ahmedabad(Fruit Market, Naroda)",Pineapple,Other,Small,2009-03-20 00:00:00,250.0,300.0,280.0,21
Gujarat,Ahmedabad,"Ahmedabad(Fruit Market, Naroda)",Pineapple,Other,Small,2009-03-21 00:00:00,260.0,300.0,290.0,21
Gujarat,Ahmedabad,Ahmedabad(Manekchowk),Pineapple,Other,Small,2009-01-27 00:00:00,130.0,160.0,150.0,21
Gujarat,Ahmedabad,Ahmedabad(Manekchowk),Pineapple,Other,Small,2009-02-16 00:00:00,160.0,200.0,190.0,21
Gujarat,Banaskanth,Deesa(Deesa Veg Yard),Pineapple,Other,Medium,2009-03-07 00:00:00,600.0,700.0,650.0,21
Gujarat,Banaskanth,Deesa(Deesa Veg Yard),Pineapple,Other,Medium,2009-09-05 00:00:00,180.0,200.0,190.0,21
Gujarat,Banaskanth,Deesa(Deesa Veg Yard),Pineapple,Other,Medium,2009-09-12 00:00:00,1000.0,1167.0,1084.0,21
Gujarat,Banaskanth,Deesa(Deesa Veg Yard),Pineapple,Other,Medium,2009-09-18 00:00:00,2333.0,2667.0,2500.0,21
Gujarat,Banaskanth,Deesa(Deesa Veg Yard),Pineapple,Other,Medium,2009-09-19 00:00:00,2333.0,2667.0,2500.0,21
Gujarat,Banaskanth,Deesa(Deesa Veg Yard),Pineapple,Other,Medium,2009-09-21 00:00:00,2333.0,2667.0,2500.0,21
Gujarat,Banaskanth,Deesa(Deesa Veg Yard),Pineapple,Other,Medium,2009-10-14 00:00:00,2300.0,2600.0,2450.0,21
Gujarat,Banaskanth,Deesa(Deesa Veg Yard),Pineapple,Other,Medium,2009-11-24 00:00:00,2100.0,2300.0,2200.0,21
Gujarat,Banaskanth,Deesa(Deesa Veg Yard),Pineapple,Other,Medium,2009-12-10 00:00:00,2000.0,2300.0,2150.0,21
Gujarat,Banaskanth,Deesa(Deesa Veg Yard),Pineapple,Other,Medium,2009-12-16 00:00:00,1700.0,2300.0,2000.0,21
Gujarat,Bharuch,Bharuch,Pineapple,Other,Medium,2009-08-25 00:00:00,2000.0,3000.0,2500.0,21
Gujarat,Bharuch,Bharuch,Pineapple,Other,Medium,2009-09-03 00:00:00,2000.0,3000.0,2500.0,21
Gujarat,Bharuch,Bharuch,Pineapple,Other,Medium,2009-09-04 00:00:00,2500.0,3000.0,2750.0,21
Gujarat,Bharuch,Bharuch,Pineapple,Other,Medium,2009-09-05 00:00:00,2500.0,3500.0,3000.0,21
Gujarat,Bharuch,Bharuch,Pineapple,Other,Medium,2009-09-14 00:00:00,2500.0,3000.0,2750.0,21
Gujarat,Bharuch,Bharuch,Pineapple,Other,Medium,2009-09-18 00:00:00,2000.0,3000.0,2500.0,21
Gujarat,Rajkot,Gondal,Pineapple,Pine Apple,Medium,2009-02-26 00:00:00,1500.0,1500.0,1500.0,21
Gujarat,Ahmedabad,Ahmedabad(Manekchowk),Pineapple,Other,Small,2008-04-21 00:00:00,300.0,312.0,310.0,21
Gujarat,Ahmedabad,Ahmedabad(Manekchowk),Pineapple,Other,Small,2008-04-23 00:00:00,240.0,264.0,260.0,21
Gujarat,Ahmedabad,Ahmedabad(Manekchowk),Pineapple,Other,Small,2008-05-02 00:00:00,288.0,312.0,300.0,21
Gujarat,Ahmedabad,Ahmedabad(Manekchowk),Pineapple,Other,Small,2008-09-27 00:00:00,200.0,264.0,240.0,21
Gujarat,Rajkot,Gondal,Pineapple,Pine Apple,Medium,2008-10-15 00:00:00,500.0,500.0,500.0,21
Gujarat,Banaskanth,Deesa(Deesa Veg Yard),Pineapple,Other,Medium,2023-01-12 00:00:00,3500.0,4650.0,4075.0,21
Gujarat,Banaskanth,Deesa(Deesa Veg Yard),Pineapple,Other,Medium,2023-01-23 00:00:00,4000.0,4400.0,4200.0,21
Gujarat,Banaskanth,Deesa(Deesa Veg Yard),Pineapple,Other,Medium,2023-01-25 00:00:00,4000.0,4650.0,4325.0,21
Gujarat,Banaskanth,Deesa(Deesa Veg Yard),Pineapple,Other,Medium,2023-01-31 00:00:00,4000.0,4700.0,4350.0,21
Gujarat,Banaskanth,Deesa(Deesa Veg Yard),Pineapple,Other,Medium,2023-02-04 00:00:00,4000.0,4500.0,4250.0,21
Gujarat,Banaskanth,Deesa(Deesa Veg Yard),Pineapple,Other,Medium,2023-02-07 00:00:00,4000.0,4650.0,4325.0,21
Gujarat,Banaskanth,Deesa(Deesa Veg Yard),Pineapple,Other,Medium,2023-02-14 00:00:00,4000.0,4700.0,4350.0,21
Gujarat,Banaskanth,Deesa(Deesa Veg Yard),Pineapple,Other,Medium,2023-02-20 00:00:00,4000.0,4500.0,4250.0,21
Gujarat,Banaskanth,Deesa(Deesa Veg Yard),Pineapple,Other,Medium,2023-03-01 00:00:00,5000.0,6250.0,5625.0,21
Gujarat,Banaskanth,Deesa(Deesa Veg Yard),Pineapple,Other,Medium,2023-03-10 00:00:00,5000.0,6250.0,5625.0,21
Gujarat,Banaskanth,Deesa(Deesa Veg Yard),Pineapple,Other,Medium,2023-03-15 00:00:00,5000.0,6250.0,5625.0,21
Gujarat,Banaskanth,Deesa(Deesa Veg Yard),Pineapple,Other,Medium,2023-03-30 00:00:00,6000.0,6600.0,6300.0,21
Gujarat,Banaskanth,Deesa(Deesa Veg Yard),Pineapple,Other,Medium,2023-04-03 00:00:00,6000.0,6500.0,6250.0,21
Gujarat,Banaskanth,Deesa(Deesa Veg Yard),Pineapple,Other,Medium,2023-04-17 00:00:00,3500.0,4800.0,4150.0,21
Gujarat,Banaskanth,Deesa(Deesa Veg Yard),Pineapple,Other,Medium,2023-05-01 00:00:00,4000.0,5250.0,4625.0,21
Gujarat,Banaskanth,Deesa(Deesa Veg Yard),Pineapple,Other,Medium,2023-05-09 00:00:00,4000.0,5100.0,4550.0,21
Gujarat,Banaskanth,Deesa(Deesa Veg Yard),Pineapple,Other,Medium,2023-05-11 00:00:00,4000.0,5100.0,4550.0,21
Gujarat,Banaskanth,Deesa(Deesa Veg Yard),Pineapple,Other,Medium,2023-05-15 00:00:00,4000.0,5000.0,4500.0,21
Gujarat,Banaskanth,Deesa(Deesa Veg Yard),Pineapple,Other,Medium,2023-05-18 00:00:00,4000.0,5000.0,4500.0,21
Gujarat,Banaskanth,Deesa(Deesa Veg Yard),Pineapple,Other,Medium,2023-05-23 00:00:00,4000.0,5100.0,4550.0,21
Gujarat,Banaskanth,Deesa(Deesa Veg Yard),Pineapple,Other,Medium,2023-05-24 00:00:00,4000.0,5000.0,4500.0,21
Gujarat,Banaskanth,Deesa(Deesa Veg Yard),Pineapple,Other,Medium,2023-05-29 00:00:00,5000.0,6250.0,5625.0,21
Gujarat,Banaskanth,Deesa(Deesa Veg Yard),Pineapple,Other,Medium,2023-05-31 00:00:00,5000.0,6200.0,5600.0,21
Gujarat,Banaskanth,Deesa(Deesa Veg Yard),Pineapple,Other,Medium,2023-06-01 00:00:00,5000.0,6250.0,5625.0,21
Gujarat,Banaskanth,Deesa(Deesa Veg Yard),Pineapple,Other,Medium,2023-06-02 00:00:00,5000.0,6200.0,5600.0,21
Gujarat,Banaskanth,Deesa(Deesa Veg Yard),Pineapple,Other,Medium,2023-06-03 00:00:00,5000.0,6250.0,5625.0,21
Gujarat,Banaskanth,Deesa(Deesa Veg Yard),Pineapple,Other,Medium,2023-06-07 00:00:00,5000.0,6200.0,5600.0,21
Gujarat,Banaskanth,Deesa(Deesa Veg Yard),Pineapple,Other,Medium,2023-06-09 00:00:00,5000.0,6200.0,5600.0,21
Gujarat,Banaskanth,Deesa(Deesa Veg Yard),Pineapple,Other,Medium,2023-06-10 00:00:00,5000.0,6250.0,5625.0,21
Gujarat,Banaskanth,Deesa(Deesa Veg Yard),Pineapple,Other,Medium,2023-06-21 00:00:00,5000.0,6000.0,5500.0,21
Gujarat,Banaskanth,Deesa(Deesa Veg Yard),Pineapple,Other,Medium,2023-06-30 00:00:00,5000.0,6250.0,5625.0,21
Gujarat,Banaskanth,Deesa(Deesa Veg Yard),Pineapple,Other,Medium,2023-07-01 00:00:00,5000.0,6150.0,5575.0,21
Gujarat,Banaskanth,Deesa(Deesa Veg Yard),Pineapple,Other,Medium,2023-07-04 00:00:00,5000.0,6200.0,5600.0,21
Gujarat,Banaskanth,Deesa(Deesa Veg Yard),Pineapple,Other,Medium,2023-07-18 00:00:00,6000.0,7250.0,6625.0,21
Gujarat,Banaskanth,Deesa(Deesa Veg Yard),Pineapple,Other,Medium,2023-07-19 00:00:00,6000.0,7000.0,6500.0,21
Gujarat,Banaskanth,Deesa(Deesa Veg Yard),Pineapple,Other,Medium,2023-08-02 00:00:00,6000.0,7000.0,6500.0,21
Gujarat,Banaskanth,Deesa(Deesa Veg Yard),Pineapple,Other,Medium,2023-08-03 00:00:00,12000.0,13100.0,12550.0,21
Gujarat,Banaskanth,Deesa(Deesa Veg Yard),Pineapple,Other,Medium,2023-08-10 00:00:00,6000.0,7200.0,6600.0,21
Gujarat,Banaskanth,Deesa(Deesa Veg Yard),Pineapple,Other,Medium,2023-08-19 00:00:00,4000.0,5000.0,4500.0,21
Gujarat,Banaskanth,Deesa(Deesa Veg Yard),Pineapple,Other,Medium,2023-09-13 00:00:00,6000.0,7100.0,6550.0,21
Gujarat,Banaskanth,Deesa(Deesa Veg Yard),Pineapple,Other,Medium,2023-09-26 00:00:00,6000.0,7150.0,6575.0,21
Gujarat,Banaskanth,Deesa(Deesa Veg Yard),Pineapple,Other,Medium,2023-09-30 00:00:00,6000.0,7000.0,6500.0,21
Gujarat,Banaskanth,Deesa(Deesa Veg Yard),Pineapple,Other,Medium,2023-10-13 00:00:00,5000.0,6250.0,5625.0,21
Gujarat,Banaskanth,Deesa(Deesa Veg Yard),Pineapple,Other,Medium,2023-10-14 00:00:00,5000.0,6150.0,5575.0,21
Gujarat,Banaskanth,Deesa(Deesa Veg Yard),Pineapple,Other,Medium,2023-10-27 00:00:00,4500.0,5150.0,4825.0,21
Gujarat,Banaskanth,Deesa(Deesa Veg Yard),Pineapple,Other,Medium,2023-11-02 00:00:00,4500.0,5150.0,4825.0,21
Gujarat,Banaskanth,Deesa(Deesa Veg Yard),Pineapple,Other,Medium,2023-11-06 00:00:00,5000.0,5500.0,5250.0,21
Gujarat,Banaskanth,Deesa(Deesa Veg Yard),Pineapple,Other,Medium,2023-11-28 00:00:00,4000.0,6100.0,5050.0,21
Gujarat,Banaskanth,Deesa(Deesa Veg Yard),Pineapple,Other,Medium,2023-11-29 00:00:00,5000.0,5500.0,5250.0,21
Gujarat,Banaskanth,Deesa(Deesa Veg Yard),Pineapple,Other,Medium,2023-12-04 00:00:00,5000.0,5700.0,5350.0,21
Gujarat,Banaskanth,Deesa(Deesa Veg Yard),Pineapple,Other,Medium,2023-12-11 00:00:00,5000.0,6000.0,5500.0,21
Gujarat,Banaskanth,Deesa(Deesa Veg Yard),Pineapple,Other,Medium,2023-12-13 00:00:00,5000.0,6200.0,5600.0,21
Gujarat,Banaskanth,Deesa(Deesa Veg Yard),Pineapple,Other,Medium,2023-12-14 00:00:00,5000.0,6250.0,5625.0,21
Gujarat,Banaskanth,Deesa(Deesa Veg Yard),Pineapple,Other,Medium,2023-12-15 00:00:00,5000.0,6150.0,5575.0,21
Gujarat,Banaskanth,Deesa(Deesa Veg Yard),Pineapple,Other,Medium,2023-12-18 00:00:00,5000.0,6250.0,5625.0,21
Gujarat,Banaskanth,Deesa(Deesa Veg Yard),Pineapple,Other,Medium,2023-12-25 00:00:00,5000.0,8000.0,6500.0,21
Gujarat,Navsari,Navsari,Pineapple,Other,Medium,2023-07-24 00:00:00,3500.0,5500.0,4500.0,21
Gujarat,Banaskanth,Deesa(Deesa Veg Yard),Pineapple,Other,Medium,2022-10-19 00:00:00,6000.0,6300.0,6150.0,21
Gujarat,Banaskanth,Deesa(Deesa Veg Yard),Pineapple,Other,Medium,2022-11-11 00:00:00,4000.0,5000.0,4500.0,21
Gujarat,Banaskanth,Deesa(Deesa Veg Yard),Pineapple,Other,Medium,2022-11-17 00:00:00,4000.0,5500.0,4750.0,21
Gujarat,Banaskanth,Deesa(Deesa Veg Yard),Pineapple,Other,Medium,2022-11-21 00:00:00,4000.0,5650.0,4825.0,21
Gujarat,Banaskanth,Deesa(Deesa Veg Yard),Pineapple,Other,Medium,2022-11-25 00:00:00,4000.0,5750.0,4875.0,21
Gujarat,Banaskanth,Deesa(Deesa Veg Yard),Pineapple,Other,Medium,2022-12-03 00:00:00,4000.0,5000.0,4500.0,21
Gujarat,Banaskanth,Deesa(Deesa Veg Yard),Pineapple,Other,Medium,2022-12-12 00:00:00,4000.0,5000.0,4500.0,21
Gujarat,Banaskanth,Deesa(Deesa Veg Yard),Pineapple,Other,Medium,2022-12-13 00:00:00,4000.0,5000.0,4500.0,21
Gujarat,Banaskanth,Deesa(Deesa Veg Yard),Pineapple,Other,Medium,2022-12-20 00:00:00,4000.0,5150.0,4575.0,21
Gujarat,Banaskanth,Deesa(Deesa Veg Yard),Pineapple,Other,Medium,2022-01-20 00:00:00,4000.0,5500.0,4750.0,21
Gujarat,Banaskanth,Deesa(Deesa Veg Yard),Pineapple,Other,Medium,2022-01-27 00:00:00,4000.0,5500.0,4750.0,21
Gujarat,Banaskanth,Deesa(Deesa Veg Yard),Pineapple,Other,Medium,2022-02-08 00:00:00,3500.0,4600.0,4050.0,21
Gujarat,Banaskanth,Deesa(Deesa Veg Yard),Pineapple,Other,Medium,2022-02-19 00:00:00,4500.0,5000.0,4750.0,21
Gujarat,Banaskanth,Deesa(Deesa Veg Yard),Pineapple,Other,Medium,2022-02-21 00:00:00,4500.0,5100.0,4800.0,21
Gujarat,Banaskanth,Deesa(Deesa Veg Yard),Pineapple,Other,Medium,2022-02-28 00:00:00,4500.0,5100.0,4800.0,21
Gujarat,Banaskanth,Deesa(Deesa Veg Yard),Pineapple,Other,Medium,2022-03-22 00:00:00,4000.0,5200.0,4600.0,21
Gujarat,Banaskanth,Deesa(Deesa Veg Yard),Pineapple,Other,Medium,2022-04-05 00:00:00,4000.0,5200.0,4600.0,21
Gujarat,Banaskanth,Deesa(Deesa Veg Yard),Pineapple,Other,Medium,2022-04-06 00:00:00,4000.0,5250.0,4625.0,21
Gujarat,Banaskanth,Deesa(Deesa Veg Yard),Pineapple,Other,Medium,2022-04-25 00:00:00,5000.0,6250.0,5625.0,21
Gujarat,Banaskanth,Deesa(Deesa Veg Yard),Pineapple,Other,Medium,2022-04-26 00:00:00,5000.0,6300.0,5650.0,21
Gujarat,Banaskanth,Deesa(Deesa Veg Yard),Pineapple,Other,Medium,2022-04-27 00:00:00,5000.0,6200.0,5600.0,21
Gujarat,Banaskanth,Deesa(Deesa Veg Yard),Pineapple,Other,Medium,2022-06-03 00:00:00,4500.0,5750.0,5125.0,21
Gujarat,Banaskanth,Deesa(Deesa Veg Yard),Pineapple,Other,Medium,2022-06-10 00:00:00,4500.0,6000.0,5250.0,21
Gujarat,Banaskanth,Deesa(Deesa Veg Yard),Pineapple,Other,Medium,2022-06-16 00:00:00,4500.0,6250.0,5375.0,21
Gujarat,Banaskanth,Deesa(Deesa Veg Yard),Pineapple,Other,Medium,2022-06-23 00:00:00,4500.0,6200.0,5350.0,21
Gujarat,Banaskanth,Deesa(Deesa Veg Yard),Pineapple,Other,Medium,2022-06-29 00:00:00,4500.0,6250.0,5375.0,21
Gujarat,Banaskanth,Deesa(Deesa Veg Yard),Pineapple,Other,Medium,2022-06-30 00:00:00,4500.0,6200.0,5350.0,21
Gujarat,Banaskanth,Deesa(Deesa Veg Yard),Pineapple,Other,Medium,2022-07-09 00:00:00,4500.0,6200.0,5350.0,21
Gujarat,Banaskanth,Deesa(Deesa Veg Yard),Pineapple,Other,Medium,2022-07-12 00:00:00,4000.0,6000.0,5000.0,21
Gujarat,Banaskanth,Deesa(Deesa Veg Yard),Pineapple,Other,Medium,2022-07-16 00:00:00,5000.0,5500.0,5250.0,21
Gujarat,Banaskanth,Deesa(Deesa Veg Yard),Pineapple,Other,Medium,2022-07-22 00:00:00,4000.0,5000.0,4500.0,21
Gujarat,Banaskanth,Deesa(Deesa Veg Yard),Pineapple,Other,Medium,2022-09-13 00:00:00,5000.0,6150.0,5575.0,21
Gujarat,Banaskanth,Deesa(Deesa Veg Yard),Pineapple,Other,Medium,2022-09-22 00:00:00,5000.0,6250.0,5625.0,21
Gujarat,Banaskanth,Deesa(Deesa Veg Yard),Pineapple,Other,Medium,2022-09-28 00:00:00,5000.0,6000.0,5500.0,21
Gujarat,Banaskanth,Deesa(Deesa Veg Yard),Pineapple,Other,Medium,2024-11-23 00:00:00,6000.0,8200.0,7100.0,21
Gujarat,Bharuch,Bharuch,Pineapple,Other,Medium,2024-11-19 00:00:00,5000.0,7000.0,6000.0,21
Gujarat,Bharuch,Bharuch,Pineapple,Other,Medium,2024-11-29 00:00:00,5000.0,6500.0,6000.0,21
Gujarat,Ahmedabad,"Ahmedabad(Fruit Market, Naroda)",Pineapple,Other,Medium,2019-01-01 00:00:00,2800.0,3500.0,3200.0,21
Gujarat,Ahmedabad,"Ahmedabad(Fruit Market, Naroda)",Pineapple,Other,Medium,2019-01-04 00:00:00,2500.0,3500.0,3000.0,21
Gujarat,Ahmedabad,"Ahmedabad(Fruit Market, Naroda)",Pineapple,Other,Medium,2019-01-11 00:00:00,2800.0,3200.0,3000.0,21
Gujarat,Ahmedabad,"Ahmedabad(Fruit Market, Naroda)",Pineapple,Other,Medium,2019-01-29 00:00:00,2500.0,3500.0,3200.0,21
Gujarat,Ahmedabad,"Ahmedabad(Fruit Market, Naroda)",Pineapple,Other,Medium,2019-01-30 00:00:00,2800.0,4000.0,3100.0,21
Gujarat,Ahmedabad,"Ahmedabad(Fruit Market, Naroda)",Pineapple,Other,Medium,2019-01-31 00:00:00,2700.0,3600.0,3200.0,21
Gujarat,Ahmedabad,"Ahmedabad(Fruit Market, Naroda)",Pineapple,Other,Medium,2019-02-18 00:00:00,2500.0,3200.0,2900.0,21
Gujarat,Ahmedabad,"Ahmedabad(Fruit Market, Naroda)",Pineapple,Other,Medium,2019-03-11 00:00:00,3000.0,3600.0,3300.0,21
Gujarat,Ahmedabad,"Ahmedabad(Fruit Market, Naroda)",Pineapple,Other,Medium,2019-03-19 00:00:00,3150.0,3750.0,3500.0,21
Gujarat,Ahmedabad,"Ahmedabad(Fruit Market, Naroda)",Pineapple,Other,Medium,2019-04-02 00:00:00,3500.0,4000.0,3800.0,21
Gujarat,Ahmedabad,"Ahmedabad(Fruit Market, Naroda)",Pineapple,Other,Medium,2019-04-18 00:00:00,4000.0,4200.0,4100.0,21
Gujarat,Ahmedabad,"Ahmedabad(Fruit Market, Naroda)",Pineapple,Other,Medium,2019-04-20 00:00:00,3900.0,4100.0,4000.0,21
Gujarat,Ahmedabad,"Ahmedabad(Fruit Market, Naroda)",Pineapple,Other,Medium,2019-05-02 00:00:00,3800.0,4100.0,4000.0,21
Gujarat,Ahmedabad,"Ahmedabad(Fruit Market, Naroda)",Pineapple,Other,Medium,2019-05-14 00:00:00,4000.0,4200.0,4100.0,21
Gujarat,Ahmedabad,"Ahmedabad(Fruit Market, Naroda)",Pineapple,Other,Medium,2019-05-15 00:00:00,4000.0,4200.0,4100.0,21
Gujarat,Ahmedabad,"Ahmedabad(Fruit Market, Naroda)",Pineapple,Other,Medium,2019-05-22 00:00:00,3800.0,4300.0,4100.0,21
Gujarat,Ahmedabad,"Ahmedabad(Fruit Market, Naroda)",Pineapple,Other,Medium,2019-05-24 00:00:00,3500.0,4100.0,3800.0,21
Gujarat,Ahmedabad,"Ahmedabad(Fruit Market, Naroda)",Pineapple,Other,Medium,2019-05-30 00:00:00,4000.0,4200.0,4100.0,21
Gujarat,Ahmedabad,"Ahmedabad(Fruit Market, Naroda)",Pineapple,Other,Medium,2019-06-26 00:00:00,3900.0,4100.0,4000.0,21
Gujarat,Ahmedabad,"Ahmedabad(Fruit Market, Naroda)",Pineapple,Other,Medium,2019-07-23 00:00:00,4000.0,4500.0,4300.0,21
Gujarat,Ahmedabad,"Ahmedabad(Fruit Market, Naroda)",Pineapple,Other,Medium,2019-08-14 00:00:00,4000.0,4200.0,4100.0,21
Gujarat,Ahmedabad,"Ahmedabad(Fruit Market, Naroda)",Pineapple,Other,Medium,2019-08-30 00:00:00,3500.0,4000.0,3800.0,21
Gujarat,Ahmedabad,"Ahmedabad(Fruit Market, Naroda)",Pineapple,Other,Medium,2019-09-03 00:00:00,3500.0,4200.0,3900.0,21
Gujarat,Ahmedabad,"Ahmedabad(Fruit Market, Naroda)",Pineapple,Other,Medium,2019-09-28 00:00:00,3800.0,4100.0,4000.0,21
Gujarat,Ahmedabad,"Ahmedabad(Fruit Market, Naroda)",Pineapple,Other,Medium,2019-10-04 00:00:00,3500.0,4100.0,3900.0,21
Gujarat,Ahmedabad,"Ahmedabad(Fruit Market, Naroda)",Pineapple,Other,Medium,2019-11-02 00:00:00,4000.0,4500.0,4300.0,21
Gujarat,Ahmedabad,"Ahmedabad(Fruit Market, Naroda)",Pineapple,Other,Medium,2019-11-06 00:00:00,4000.0,4500.0,4300.0,21
Gujarat,Ahmedabad,"Ahmedabad(Fruit Market, Naroda)",Pineapple,Other,Medium,2019-11-08 00:00:00,4000.0,4500.0,4300.0,21
Gujarat,Ahmedabad,"Ahmedabad(Fruit Market, Naroda)",Pineapple,Other,Medium,2019-11-09 00:00:00,4000.0,4200.0,4100.0,21
Gujarat,Ahmedabad,"Ahmedabad(Fruit Market, Naroda)",Pineapple,Other,Medium,2019-11-20 00:00:00,3500.0,4000.0,3900.0,21
Gujarat,Ahmedabad,"Ahmedabad(Fruit Market, Naroda)",Pineapple,Other,Medium,2019-11-22 00:00:00,3500.0,4200.0,3900.0,21
Gujarat,Ahmedabad,"Ahmedabad(Fruit Market, Naroda)",Pineapple,Other,Medium,2019-11-27 00:00:00,3500.0,4200.0,3900.0,21
Gujarat,Ahmedabad,"Ahmedabad(Fruit Market, Naroda)",Pineapple,Other,Medium,2019-12-06 00:00:00,3500.0,4000.0,3900.0,21
Gujarat,Ahmedabad,"Ahmedabad(Fruit Market, Naroda)",Pineapple,Other,Medium,2019-12-11 00:00:00,3500.0,4500.0,4100.0,21
Gujarat,Ahmedabad,"Ahmedabad(Fruit Market, Naroda)",Pineapple,Other,Medium,2019-12-30 00:00:00,3700.0,4400.0,4100.0,21
Gujarat,Ahmedabad,Ahmedabad(Manekchowk),Pineapple,Other,Medium,2019-01-18 00:00:00,2800.0,3200.0,3000.0,21
Gujarat,Ahmedabad,Ahmedabad(Manekchowk),Pineapple,Other,Medium,2019-01-19 00:00:00,2800.0,3200.0,3000.0,21
Gujarat,Ahmedabad,Ahmedabad(Manekchowk),Pineapple,Other,Medium,2019-01-29 00:00:00,2800.0,3500.0,3200.0,21
Gujarat,Ahmedabad,Ahmedabad(Manekchowk),Pineapple,Other,Medium,2019-01-30 00:00:00,2800.0,3400.0,3100.0,21
Gujarat,Ahmedabad,Ahmedabad(Manekchowk),Pineapple,Other,Medium,2019-02-04 00:00:00,3000.0,3600.0,3300.0,21
Gujarat,Ahmedabad,Ahmedabad(Manekchowk),Pineapple,Other,Medium,2019-02-07 00:00:00,2500.0,3000.0,2800.0,21
Gujarat,Ahmedabad,Ahmedabad(Manekchowk),Pineapple,Other,Medium,2019-02-12 00:00:00,2500.0,3400.0,3000.0,21
Gujarat,Ahmedabad,Ahmedabad(Manekchowk),Pineapple,Other,Medium,2019-02-20 00:00:00,2800.0,3400.0,3100.0,21
Gujarat,Ahmedabad,Ahmedabad(Manekchowk),Pineapple,Other,Medium,2019-02-28 00:00:00,3000.0,3500.0,3300.0,21
Gujarat,Ahmedabad,Ahmedabad(Manekchowk),Pineapple,Other,Medium,2019-03-01 00:00:00,2500.0,4000.0,3300.0,21
Gujarat,Ahmedabad,Ahmedabad(Manekchowk),Pineapple,Other,Medium,2019-03-02 00:00:00,2500.0,3500.0,3000.0,21
Gujarat,Ahmedabad,Ahmedabad(Manekchowk),Pineapple,Other,Medium,2019-03-08 00:00:00,3000.0,3800.0,3500.0,21
Gujarat,Ahmedabad,Ahmedabad(Manekchowk),Pineapple,Other,Medium,2019-03-12 00:00:00,3000.0,3600.0,3300.0,21
Gujarat,Ahmedabad,Ahmedabad(Manekchowk),Pineapple,Other,Medium,2019-03-19 00:00:00,3150.0,3750.0,3500.0,21
Gujarat,Ahmedabad,Ahmedabad(Manekchowk),Pineapple,Other,Medium,2019-04-08 00:00:00,3500.0,4000.0,3800.0,21
Gujarat,Ahmedabad,Ahmedabad(Manekchowk),Pineapple,Other,Medium,2019-04-09 00:00:00,4000.0,4200.0,4100.0,21
Gujarat,Ahmedabad,Ahmedabad(Manekchowk),Pineapple,Other,Medium,2019-04-10 00:00:00,3600.0,4100.0,3900.0,21
Gujarat,Ahmedabad,Ahmedabad(Manekchowk),Pineapple,Other,Medium,2019-04-22 00:00:00,3800.0,4100.0,4000.0,21
Gujarat,Ahmedabad,Ahmedabad(Manekchowk),Pineapple,Other,Medium,2019-04-29 00:00:00,3500.0,4200.0,3900.0,21
Gujarat,Ahmedabad,Ahmedabad(Manekchowk),Pineapple,Other,Medium,2019-05-02 00:00:00,3800.0,4100.0,4000.0,21
Gujarat,Ahmedabad,Ahmedabad(Manekchowk),Pineapple,Other,Medium,2019-05-06 00:00:00,3800.0,4100.0,4000.0,21
Gujarat,Ahmedabad,Ahmedabad(Manekchowk),Pineapple,Other,Medium,2019-05-15 00:00:00,4000.0,4200.0,4100.0,21
Gujarat,Ahmedabad,Ahmedabad(Manekchowk),Pineapple,Other,Medium,2019-06-07 00:00:00,4000.0,4400.0,4200.0,21
Gujarat,Ahmedabad,Ahmedabad(Manekchowk),Pineapple,Other,Medium,2019-06-15 00:00:00,4000.0,4500.0,4300.0,21
Gujarat,Ahmedabad,Ahmedabad(Manekchowk),Pineapple,Other,Medium,2019-06-17 00:00:00,4000.0,4300.0,4200.0,21
Gujarat,Ahmedabad,Ahmedabad(Manekchowk),Pineapple,Other,Medium,2019-06-26 00:00:00,3900.0,4100.0,4000.0,21
Gujarat,Ahmedabad,Ahmedabad(Manekchowk),Pineapple,Other,Medium,2019-06-27 00:00:00,4000.0,4200.0,4100.0,21
Gujarat,Ahmedabad,Ahmedabad(Manekchowk),Pineapple,Other,Medium,2019-06-29 00:00:00,3500.0,4000.0,3800.0,21
Gujarat,Ahmedabad,Ahmedabad(Manekchowk),Pineapple,Other,Medium,2019-07-29 00:00:00,4000.0,4200.0,4100.0,21
Gujarat,Ahmedabad,Ahmedabad(Manekchowk),Pineapple,Other,Medium,2019-08-06 00:00:00,4000.0,4500.0,4300.0,21
Gujarat,Ahmedabad,Ahmedabad(Manekchowk),Pineapple,Other,Medium,2019-08-13 00:00:00,4000.0,4200.0,4100.0,21
Gujarat,Ahmedabad,Ahmedabad(Manekchowk),Pineapple,Other,Medium,2019-08-26 00:00:00,3500.0,4200.0,3900.0,21
Gujarat,Ahmedabad,Ahmedabad(Manekchowk),Pineapple,Other,Medium,2019-09-03 00:00:00,3500.0,4200.0,3900.0,21
Gujarat,Ahmedabad,Ahmedabad(Manekchowk),Pineapple,Other,Medium,2019-09-06 00:00:00,4000.0,4200.0,4100.0,21
Gujarat,Ahmedabad,Ahmedabad(Manekchowk),Pineapple,Other,Medium,2019-09-26 00:00:00,3500.0,4000.0,3800.0,21
Gujarat,Ahmedabad,Ahmedabad(Manekchowk),Pineapple,Other,Medium,2019-11-04 00:00:00,4000.0,4500.0,4300.0,21
Gujarat,Ahmedabad,Ahmedabad(Manekchowk),Pineapple,Other,Medium,2019-11-05 00:00:00,4000.0,4500.0,4300.0,21
Gujarat,Ahmedabad,Ahmedabad(Manekchowk),Pineapple,Other,Medium,2019-12-06 00:00:00,3500.0,4000.0,3900.0,21
Gujarat,Ahmedabad,Ahmedabad(Manekchowk),Pineapple,Other,Medium,2019-12-09 00:00:00,3000.0,4500.0,3800.0,21
Gujarat,Ahmedabad,Ahmedabad(Manekchowk),Pineapple,Other,Medium,2019-12-10 00:00:00,3500.0,4500.0,4100.0,21
Gujarat,Ahmedabad,Ahmedabad(Manekchowk),Pineapple,Other,Medium,2019-12-13 00:00:00,4000.0,4500.0,4300.0,21
Gujarat,Ahmedabad,Ahmedabad(Manekchowk),Pineapple,Other,Medium,2019-12-14 00:00:00,4000.0,4500.0,4400.0,21
Gujarat,Ahmedabad,Ahmedabad(Manekchowk),Pineapple,Other,Medium,2019-12-31 00:00:00,3500.0,4200.0,4000.0,21
Gujarat,Bharuch,Bharuch,Pineapple,Other,Medium,2019-12-10 00:00:00,3500.0,5500.0,4500.0,21
Gujarat,Ahmedabad,"Ahmedabad(Fruit Market, Naroda)",Pineapple,Other,Medium,2018-01-10 00:00:00,2400.0,2600.0,2500.0,21
Gujarat,Ahmedabad,"Ahmedabad(Fruit Market, Naroda)",Pineapple,Other,Medium,2018-02-03 00:00:00,2600.0,2900.0,2800.0,21
Gujarat,Ahmedabad,"Ahmedabad(Fruit Market, Naroda)",Pineapple,Other,Medium,2018-02-14 00:00:00,2600.0,3000.0,2800.0,21
Gujarat,Ahmedabad,"Ahmedabad(Fruit Market, Naroda)",Pineapple,Other,Medium,2018-02-21 00:00:00,2600.0,3000.0,2900.0,21
Gujarat,Ahmedabad,"Ahmedabad(Fruit Market, Naroda)",Pineapple,Other,Medium,2018-02-24 00:00:00,2500.0,3000.0,2800.0,21
Gujarat,Ahmedabad,"Ahmedabad(Fruit Market, Naroda)",Pineapple,Other,Medium,2018-02-26 00:00:00,2400.0,3000.0,2700.0,21
Gujarat,Ahmedabad,"Ahmedabad(Fruit Market, Naroda)",Pineapple,Other,Medium,2018-03-13 00:00:00,2500.0,3000.0,2800.0,21
Gujarat,Ahmedabad,"Ahmedabad(Fruit Market, Naroda)",Pineapple,Other,Medium,2018-04-16 00:00:00,2500.0,3500.0,3000.0,21
Gujarat,Ahmedabad,"Ahmedabad(Fruit Market, Naroda)",Pineapple,Other,Medium,2018-05-15 00:00:00,4000.0,4500.0,4300.0,21
Gujarat,Ahmedabad,"Ahmedabad(Fruit Market, Naroda)",Pineapple,Other,Medium,2018-05-23 00:00:00,3500.0,4500.0,4000.0,21
Gujarat,Ahmedabad,"Ahmedabad(Fruit Market, Naroda)",Pineapple,Other,Medium,2018-05-25 00:00:00,3500.0,4500.0,4000.0,21
Gujarat,Ahmedabad,"Ahmedabad(Fruit Market, Naroda)",Pineapple,Other,Medium,2018-06-01 00:00:00,3000.0,4500.0,3800.0,21
Gujarat,Ahmedabad,"Ahmedabad(Fruit Market, Naroda)",Pineapple,Other,Medium,2018-06-04 00:00:00,3500.0,4500.0,4000.0,21
Gujarat,Ahmedabad,"Ahmedabad(Fruit Market, Naroda)",Pineapple,Other,Medium,2018-06-09 00:00:00,3800.0,4500.0,4300.0,21
Gujarat,Ahmedabad,"Ahmedabad(Fruit Market, Naroda)",Pineapple,Other,Medium,2018-06-29 00:00:00,3500.0,4500.0,4000.0,21
Gujarat,Ahmedabad,"Ahmedabad(Fruit Market, Naroda)",Pineapple,Other,Medium,2018-06-30 00:00:00,4000.0,4500.0,4300.0,21
Gujarat,Ahmedabad,"Ahmedabad(Fruit Market, Naroda)",Pineapple,Other,Medium,2018-07-10 00:00:00,3500.0,4000.0,3800.0,21
Gujarat,Ahmedabad,"Ahmedabad(Fruit Market, Naroda)",Pineapple,Other,Medium,2018-08-08 00:00:00,3500.0,4500.0,4000.0,21
Gujarat,Ahmedabad,"Ahmedabad(Fruit Market, Naroda)",Pineapple,Other,Medium,2018-08-14 00:00:00,3500.0,4500.0,4100.0,21
Gujarat,Ahmedabad,"Ahmedabad(Fruit Market, Naroda)",Pineapple,Other,Medium,2018-08-16 00:00:00,3500.0,4500.0,4200.0,21
Gujarat,Ahmedabad,"Ahmedabad(Fruit Market, Naroda)",Pineapple,Other,Medium,2018-08-27 00:00:00,4000.0,4500.0,4300.0,21
Gujarat,Ahmedabad,"Ahmedabad(Fruit Market, Naroda)",Pineapple,Other,Medium,2018-08-28 00:00:00,2000.0,2500.0,2300.0,21
Gujarat,Ahmedabad,"Ahmedabad(Fruit Market, Naroda)",Pineapple,Other,Medium,2018-09-07 00:00:00,2500.0,3500.0,3100.0,21
Gujarat,Ahmedabad,"Ahmedabad(Fruit Market, Naroda)",Pineapple,Other,Medium,2018-09-11 00:00:00,2500.0,3500.0,3200.0,21
Gujarat,Ahmedabad,"Ahmedabad(Fruit Market, Naroda)",Pineapple,Other,Medium,2018-09-28 00:00:00,3500.0,3900.0,3800.0,21
Gujarat,Ahmedabad,"Ahmedabad(Fruit Market, Naroda)",Pineapple,Other,Medium,2018-10-01 00:00:00,3000.0,3900.0,3600.0,21
Gujarat,Ahmedabad,"Ahmedabad(Fruit Market, Naroda)",Pineapple,Other,Medium,2018-10-11 00:00:00,3000.0,4000.0,3600.0,21
Gujarat,Ahmedabad,"Ahmedabad(Fruit Market, Naroda)",Pineapple,Other,Medium,2018-10-17 00:00:00,3200.0,4100.0,3700.0,21
Gujarat,Ahmedabad,"Ahmedabad(Fruit Market, Naroda)",Pineapple,Other,Medium,2018-10-22 00:00:00,4000.0,4600.0,4400.0,21
Gujarat,Ahmedabad,"Ahmedabad(Fruit Market, Naroda)",Pineapple,Other,Medium,2018-10-26 00:00:00,4000.0,4500.0,4300.0,21
Gujarat,Ahmedabad,"Ahmedabad(Fruit Market, Naroda)",Pineapple,Other,Medium,2018-11-01 00:00:00,4000.0,4500.0,4300.0,21
Gujarat,Ahmedabad,"Ahmedabad(Fruit Market, Naroda)",Pineapple,Other,Medium,2018-11-06 00:00:00,4000.0,4500.0,4300.0,21
Gujarat,Ahmedabad,Ahmedabad(Manekchowk),Pineapple,Other,Medium,2018-01-17 00:00:00,2200.0,2700.0,2500.0,21
Gujarat,Ahmedabad,Ahmedabad(Manekchowk),Pineapple,Other,Medium,2018-01-18 00:00:00,2400.0,2800.0,2600.0,21
Gujarat,Ahmedabad,Ahmedabad(Manekchowk),Pineapple,Other,Medium,2018-01-23 00:00:00,2400.0,2900.0,2700.0,21
Gujarat,Ahmedabad,Ahmedabad(Manekchowk),Pineapple,Other,Medium,2018-01-29 00:00:00,2500.0,3000.0,2800.0,21
Gujarat,Ahmedabad,Ahmedabad(Manekchowk),Pineapple,Other,Medium,2018-02-17 00:00:00,2500.0,3000.0,2800.0,21
Gujarat,Ahmedabad,Ahmedabad(Manekchowk),Pineapple,Other,Medium,2018-02-20 00:00:00,2600.0,3000.0,2800.0,21
Gujarat,Ahmedabad,Ahmedabad(Manekchowk),Pineapple,Other,Medium,2018-03-08 00:00:00,2800.0,3000.0,2900.0,21
Gujarat,Ahmedabad,Ahmedabad(Manekchowk),Pineapple,Other,Medium,2018-03-21 00:00:00,2500.0,3000.0,2800.0,21
Gujarat,Ahmedabad,Ahmedabad(Manekchowk),Pineapple,Other,Medium,2018-03-24 00:00:00,2800.0,3500.0,3200.0,21
Gujarat,Ahmedabad,Ahmedabad(Manekchowk),Pineapple,Other,Medium,2018-03-26 00:00:00,2800.0,3500.0,3200.0,21
Gujarat,Ahmedabad,Ahmedabad(Manekchowk),Pineapple,Other,Medium,2018-03-27 00:00:00,2900.0,3500.0,3200.0,21
Gujarat,Ahmedabad,Ahmedabad(Manekchowk),Pineapple,Other,Medium,2018-04-12 00:00:00,3000.0,3500.0,3300.0,21
Gujarat,Ahmedabad,Ahmedabad(Manekchowk),Pineapple,Other,Medium,2018-05-19 00:00:00,4000.0,4500.0,4300.0,21
Gujarat,Ahmedabad,Ahmedabad(Manekchowk),Pineapple,Other,Medium,2018-05-31 00:00:00,3000.0,4000.0,3500.0,21
Gujarat,Ahmedabad,Ahmedabad(Manekchowk),Pineapple,Other,Medium,2018-06-18 00:00:00,4000.0,4500.0,4300.0,21
Gujarat,Ahmedabad,Ahmedabad(Manekchowk),Pineapple,Other,Medium,2018-06-19 00:00:00,4000.0,4500.0,4300.0,21
Gujarat,Ahmedabad,Ahmedabad(Manekchowk),Pineapple,Other,Medium,2018-06-21 00:00:00,4000.0,4500.0,4300.0,21
Gujarat,Ahmedabad,Ahmedabad(Manekchowk),Pineapple,Other,Medium,2018-07-02 00:00:00,3500.0,4500.0,4000.0,21
Gujarat,Ahmedabad,Ahmedabad(Manekchowk),Pineapple,Other,Medium,2018-07-09 00:00:00,3500.0,4500.0,4000.0,21
Gujarat,Ahmedabad,Ahmedabad(Manekchowk),Pineapple,Other,Medium,2018-07-12 00:00:00,3000.0,4000.0,3500.0,21
Gujarat,Ahmedabad,Ahmedabad(Manekchowk),Pineapple,Other,Medium,2018-07-19 00:00:00,3800.0,4400.0,4100.0,21
Gujarat,Ahmedabad,Ahmedabad(Manekchowk),Pineapple,Other,Medium,2018-07-25 00:00:00,3800.0,4500.0,4300.0,21
Gujarat,Ahmedabad,Ahmedabad(Manekchowk),Pineapple,Other,Medium,2018-07-26 00:00:00,3500.0,4500.0,4200.0,21
Gujarat,Ahmedabad,Ahmedabad(Manekchowk),Pineapple,Other,Medium,2018-07-30 00:00:00,3500.0,4000.0,3800.0,21
Gujarat,Ahmedabad,Ahmedabad(Manekchowk),Pineapple,Other,Medium,2018-07-31 00:00:00,3500.0,4500.0,4100.0,21
Gujarat,Ahmedabad,Ahmedabad(Manekchowk),Pineapple,Other,Medium,2018-08-03 00:00:00,3500.0,4500.0,4000.0,21
Gujarat,Ahmedabad,Ahmedabad(Manekchowk),Pineapple,Other,Medium,2018-08-11 00:00:00,4000.0,4500.0,4300.0,21
Gujarat,Ahmedabad,Ahmedabad(Manekchowk),Pineapple,Other,Medium,2018-08-20 00:00:00,4000.0,4400.0,4200.0,21
Gujarat,Ahmedabad,Ahmedabad(Manekchowk),Pineapple,Other,Medium,2018-08-29 00:00:00,2000.0,2500.0,2400.0,21
Gujarat,Ahmedabad,Ahmedabad(Manekchowk),Pineapple,Other,Medium,2018-08-31 00:00:00,2500.0,3500.0,3300.0,21
Gujarat,Ahmedabad,Ahmedabad(Manekchowk),Pineapple,Other,Medium,2018-09-10 00:00:00,2500.0,3500.0,3100.0,21
Gujarat,Ahmedabad,Ahmedabad(Manekchowk),Pineapple,Other,Medium,2018-09-11 00:00:00,2500.0,3500.0,3200.0,21
Gujarat,Ahmedabad,Ahmedabad(Manekchowk),Pineapple,Other,Medium,2018-09-15 00:00:00,2500.0,3500.0,3100.0,21
Gujarat,Ahmedabad,Ahmedabad(Manekchowk),Pineapple,Other,Large,2018-09-20 00:00:00,3500.0,4000.0,3800.0,21
Gujarat,Ahmedabad,Ahmedabad(Manekchowk),Pineapple,Other,Medium,2018-10-15 00:00:00,3000.0,4000.0,3600.0,21
Gujarat,Ahmedabad,Ahmedabad(Manekchowk),Pineapple,Other,Medium,2018-10-16 00:00:00,3000.0,4000.0,3600.0,21
Gujarat,Ahmedabad,Ahmedabad(Manekchowk),Pineapple,Other,Medium,2018-11-06 00:00:00,4000.0,4500.0,4300.0,21
Gujarat,Ahmedabad,Ahmedabad(Manekchowk),Pineapple,Other,Medium,2018-12-13 00:00:00,3000.0,4000.0,3500.0,21
Gujarat,Ahmedabad,Ahmedabad(Manekchowk),Pineapple,Other,Medium,2018-12-17 00:00:00,3400.0,4000.0,3700.0,21
Gujarat,Ahmedabad,Ahmedabad(Manekchowk),Pineapple,Other,Medium,2018-12-21 00:00:00,2600.0,3500.0,3100.0,21
Gujarat,Ahmedabad,Ahmedabad(Manekchowk),Pineapple,Other,Medium,2018-12-22 00:00:00,2800.0,3500.0,3200.0,21
Gujarat,Ahmedabad,Ahmedabad(Manekchowk),Pineapple,Other,Medium,2018-12-24 00:00:00,2800.0,3500.0,3200.0,21
Gujarat,Ahmedabad,Ahmedabad(Manekchowk),Pineapple,Other,Medium,2018-12-28 00:00:00,2800.0,3200.0,3000.0,21
Gujarat,Ahmedabad,Ahmedabad(Manekchowk),Pineapple,Other,Medium,2018-12-29 00:00:00,2200.0,3000.0,2600.0,21
Gujarat,Banaskanth,Deesa(Deesa Veg Yard),Pineapple,Other,Medium,2018-01-01 00:00:00,3000.0,3500.0,3250.0,21
Gujarat,Banaskanth,Deesa(Deesa Veg Yard),Pineapple,Other,Medium,2018-01-08 00:00:00,3000.0,3500.0,3250.0,21
Gujarat,Banaskanth,Deesa(Deesa Veg Yard),Pineapple,Other,Medium,2018-01-16 00:00:00,2000.0,4000.0,3000.0,21
Gujarat,Banaskanth,Deesa(Deesa Veg Yard),Pineapple,Other,Medium,2018-01-19 00:00:00,2000.0,3500.0,2750.0,21
Gujarat,Banaskanth,Deesa(Deesa Veg Yard),Pineapple,Other,Medium,2018-02-15 00:00:00,2000.0,3000.0,2500.0,21
Gujarat,Banaskanth,Deesa(Deesa Veg Yard),Pineapple,Other,Medium,2018-02-16 00:00:00,1750.0,2500.0,2125.0,21
Gujarat,Banaskanth,Deesa(Deesa Veg Yard),Pineapple,Other,Medium,2018-02-20 00:00:00,2000.0,2500.0,2250.0,21
Gujarat,Banaskanth,Deesa(Deesa Veg Yard),Pineapple,Other,Medium,2018-03-17 00:00:00,3000.0,3500.0,3250.0,21
Gujarat,Banaskanth,Deesa(Deesa Veg Yard),Pineapple,Other,Medium,2018-04-02 00:00:00,4000.0,4500.0,4250.0,21
Gujarat,Banaskanth,Deesa(Deesa Veg Yard),Pineapple,Other,Medium,2018-04-03 00:00:00,4000.0,4500.0,4250.0,21
Gujarat,Banaskanth,Deesa(Deesa Veg Yard),Pineapple,Other,Medium,2018-04-04 00:00:00,3500.0,4500.0,4000.0,21
Gujarat,Banaskanth,Deesa(Deesa Veg Yard),Pineapple,Other,Medium,2018-04-05 00:00:00,3500.0,4250.0,4000.0,21
Gujarat,Banaskanth,Deesa(Deesa Veg Yard),Pineapple,Other,Medium,2018-05-14 00:00:00,2900.0,4400.0,3650.0,21
Gujarat,Banaskanth,Deesa(Deesa Veg Yard),Pineapple,Other,Medium,2018-05-30 00:00:00,3500.0,4500.0,4000.0,21
Gujarat,Banaskanth,Deesa(Deesa Veg Yard),Pineapple,Other,Medium,2018-06-07 00:00:00,3500.0,4500.0,4000.0,21
Gujarat,Banaskanth,Deesa(Deesa Veg Yard),Pineapple,Other,Medium,2018-06-09 00:00:00,3000.0,4500.0,3750.0,21
Gujarat,Banaskanth,Deesa(Deesa Veg Yard),Pineapple,Other,Medium,2018-06-11 00:00:00,3000.0,4500.0,3750.0,21
Gujarat,Banaskanth,Deesa(Deesa Veg Yard),Pineapple,Other,Medium,2018-06-14 00:00:00,3000.0,5000.0,4000.0,21
Gujarat,Banaskanth,Deesa(Deesa Veg Yard),Pineapple,Other,Medium,2018-06-20 00:00:00,3500.0,5000.0,4250.0,21
Gujarat,Banaskanth,Deesa(Deesa Veg Yard),Pineapple,Other,Medium,2018-06-27 00:00:00,4000.0,5500.0,4750.0,21
Gujarat,Banaskanth,Deesa(Deesa Veg Yard),Pineapple,Other,Medium,2018-08-10 00:00:00,3000.0,4500.0,3750.0,21
Gujarat,Banaskanth,Deesa(Deesa Veg Yard),Pineapple,Other,Medium,2018-08-21 00:00:00,2500.0,3000.0,2750.0,21
Gujarat,Banaskanth,Deesa(Deesa Veg Yard),Pineapple,Other,Medium,2018-09-17 00:00:00,4000.0,4500.0,4250.0,21
Gujarat,Banaskanth,Deesa(Deesa Veg Yard),Pineapple,Other,Medium,2018-09-24 00:00:00,4000.0,4500.0,4250.0,21
Gujarat,Bharuch,Bharuch,Pineapple,Other,Medium,2018-10-03 00:00:00,5000.0,6000.0,5500.0,21
Gujarat,Bharuch,Bharuch,Pineapple,Other,Medium,2018-10-20 00:00:00,3000.0,5500.0,4000.0,21
Gujarat,Bharuch,Bharuch,Pineapple,Other,Medium,2018-12-04 00:00:00,4000.0,6000.0,5000.0,21
Gujarat,Banaskanth,Deesa(Deesa Veg Yard),Pineapple,Other,Medium,2024-12-21 00:00:00,4000.0,4250.0,4125.0,21
Gujarat,Banaskanth,Deesa(Deesa Veg Yard),Pineapple,Other,Medium,2024-12-10 00:00:00,4000.0,4900.0,4450.0,21
Gujarat,Banaskanth,Deesa(Deesa Veg Yard),Pineapple,Other,Medium,2024-12-31 00:00:00,4500.0,5200.0,4850.0,21
Gujarat,Banaskanth,Deesa(Deesa Veg Yard),Pineapple,Other,Medium,2025-03-17 00:00:00,6000.0,6500.0,6250.0,21
Gujarat,Banaskanth,Deesa(Deesa Veg Yard),Pineapple,Other,Medium,2025-03-18 00:00:00,6000.0,6650.0,6325.0,21
Gujarat,Bharuch,Bharuch,Pineapple,Other,Medium,2025-03-04 00:00:00,4000.0,5500.0,4500.0,21
Gujarat,Bharuch,Bharuch,Pineapple,Other,Medium,2025-03-05 00:00:00,4000.0,5000.0,4500.0,21
Gujarat,Bharuch,Bharuch,Pineapple,Other,Medium,2025-03-11 00:00:00,3000.0,4000.0,3500.0,21
Gujarat,Banaskanth,Deesa(Deesa Veg Yard),Pineapple,Other,Medium,2025-04-05 00:00:00,6500.0,7200.0,6850.0,21
Gujarat,Banaskanth,Deesa(Deesa Veg Yard),Pineapple,Other,Medium,2025-04-16 00:00:00,6500.0,7200.0,6850.0,21
Gujarat,Banaskanth,Deesa(Deesa Veg Yard),Pineapple,Other,Medium,2025-04-17 00:00:00,6500.0,7250.0,6875.0,21
Gujarat,Banaskanth,Deesa(Deesa Veg Yard),Pineapple,Other,Medium,2025-04-18 00:00:00,6500.0,7200.0,6850.0,21
Gujarat,Banaskanth,Deesa(Deesa Veg Yard),Pineapple,Other,Medium,2025-04-24 00:00:00,4750.0,5250.0,5000.0,21
Gujarat,Banaskanth,Deesa(Deesa Veg Yard),Pineapple,Other,Medium,2025-05-08 00:00:00,4850.0,5750.0,5300.0,21
Gujarat,Banaskanth,Deesa(Deesa Veg Yard),Pineapple,Other,Medium,2025-05-09 00:00:00,4900.0,5700.0,5300.0,21
Gujarat,Banaskanth,Deesa(Deesa Veg Yard),Pineapple,Other,Medium,2025-05-27 00:00:00,4500.0,6200.0,5350.0,21
Gujarat,Bharuch,Bharuch,Pineapple,Other,Medium,2025-05-06 00:00:00,2500.0,3500.0,3000.0,21
Gujarat,Banaskanth,Deesa(Deesa Veg Yard),Pineapple,Other,Medium,2025-07-05 00:00:00,6500.0,7250.0,6875.0,21
Gujarat,Banaskanth,Deesa(Deesa Veg Yard),Pineapple,Other,Medium,2025-07-12 00:00:00,6500.0,10750.0,10375.0,21
Gujarat,Banaskanth,Deesa(Deesa Veg Yard),Pineapple,Other,Medium,2025-07-19 00:00:00,5500.0,6250.0,5875.0,21
Gujarat,Banaskanth,Deesa(Deesa Veg Yard),Pineapple,Other,Medium,2025-07-23 00:00:00,5500.0,6150.0,5825.0,21
Gujarat,Banaskanth,Deesa(Deesa Veg Yard),Pineapple,Other,Medium,2025-06-12 00:00:00,9000.0,9500.0,9250.0,21
Gujarat,Banaskanth,Deesa(Deesa Veg Yard),Pineapple,Other,Medium,2025-06-21 00:00:00,9000.0,9250.0,9125.0,21
Gujarat,Bharuch,Bharuch,Pineapple,Other,Medium,2025-06-14 00:00:00,3000.0,3500.0,3200.0,21
Gujarat,Banaskanth,Deesa(Deesa Veg Yard),Pineapple,Other,Medium,2025-08-21 00:00:00,4300.0,4750.0,4525.0,21
Gujarat,Banaskanth,Deesa(Deesa Veg Yard),Pineapple,Other,Medium,2025-09-04 00:00:00,5500.0,6750.0,6125.0,21
Gujarat,Banaskanth,Deesa(Deesa Veg Yard),Pineapple,Other,Medium,2025-09-08 00:00:00,5500.0,6700.0,6100.0,21
Gujarat,Banaskanth,Deesa(Deesa Veg Yard),Pineapple,Other,Medium,2025-09-22 00:00:00,4500.0,5200.0,4850.0,21
Gujarat,Banaskanth,Deesa(Deesa Veg Yard),Pineapple,Other,Medium,2025-09-27 00:00:00,6000.0,6500.0,6250.0,21
Gujarat,Banaskanth,Deesa(Deesa Veg Yard),Pineapple,Other,Medium,2025-09-29 00:00:00,6000.0,6700.0,6350.0,21
Gujarat,Banaskanth,Deesa(Deesa Veg Yard),Pineapple,Other,Medium,2025-10-04 00:00:00,6000.0,6700.0,6350.0,21
Gujarat,Banaskanth,Deesa(Deesa Veg Yard),Pineapple,Other,Medium,2025-10-06 00:00:00,6000.0,6750.0,6375.0,21
Gujarat,Banaskanth,Deesa(Deesa Veg Yard),Pineapple,Other,Medium,2025-10-10 00:00:00,4000.0,5150.0,4575.0,21
Gujarat,Banaskanth,Deesa(Deesa Veg Yard),Pineapple,Other,Medium,2025-10-13 00:00:00,4000.0,5150.0,4575.0,21
Gujarat,Banaskanth,Deesa(Deesa Veg Yard),Pineapple,Other,Medium,2025-10-29 00:00:00,4500.0,5500.0,5000.0,21
Gujarat,Banaskanth,Deesa(Deesa Veg Yard) APMC,Pineapple,Other,Medium,2025-11-13 00:00:00,4000.0,4700.0,4350.0,21
Gujarat,Bharuch,Bharuch APMC,Pineapple,Other,Local,2025-11-15 00:00:00,3000.0,3500.0,3200.0,21
Gujarat,Banaskanth,Deesa(Deesa Veg Yard) APMC,Pineapple,Other,Medium,2025-11-14 00:00:00,4000.0,4800.0,4400.0,21
Gujarat,Banaskanth,Deesa(Deesa Veg Yard) APMC,Pineapple,Other,Medium,2025-11-15 00:00:00,4000.0,4850.0,4425.0,21
Gujarat,Banaskanth,Deesa(Deesa Veg Yard) APMC,Pineapple,Other,Medium,2025-11-26 00:00:00,4000.0,5150.0,4575.0,21
Gujarat,Banaskanth,Deesa(Deesa Veg Yard) APMC,Pineapple,Other,Medium,2025-11-27 00:00:00,4000.0,5200.0,4600.0,21
Gujarat,Banaskanth,Deesa(Deesa Veg Yard) APMC,Pineapple,Other,Medium,2025-11-29 00:00:00,4000.0,5100.0,4550.0,21
Gujarat,Bharuch,Bharuch APMC,Pineapple,Other,Local,2025-12-03 00:00:00,3000.0,4000.0,3500.0,21
Gujarat,Banaskanth,Deesa(Deesa Veg Yard) APMC,Pineapple,Other,Medium,2025-12-09 00:00:00,5500.0,6250.0,5875.0,21
Gujarat,Banaskanth,Deesa(Deesa Veg Yard) APMC,Pineapple,Other,Medium,2025-12-12 00:00:00,5500.0,6200.0,5850.0,21
Gujarat,Banaskanth,Deesa(Deesa Veg Yard) APMC,Pineapple,Other,Medium,2025-12-18 00:00:00,4500.0,5200.0,4850.0,21
Gujarat,Banaskanth,Deesa(Deesa Veg Yard) APMC,Pineapple,Other,Medium,2025-12-22 00:00:00,5500.0,6000.0,5750.0,21
Gujarat,Banaskanth,Deesa(Deesa Veg Yard) APMC,Pineapple,Other,Medium,2025-12-25 00:00:00,5500.0,6300.0,5900.0,21
Gujarat,Banaskanth,Deesa(Deesa Veg Yard) APMC,Pineapple,Other,Medium,2025-12-30 00:00:00,5000.0,6000.0,5500.0,21
Gujarat,Navsari,Navsari APMC,Pineapple,Pine Apple,Local,2026-01-08 00:00:00,3000.0,5000.0,4000.0,21
Gujarat,Bharuch,Bharuch APMC,Pineapple,Other,Local,2026-01-01 00:00:00,2500.0,3200.0,3000.0,21
Gujarat,Bharuch,Bharuch APMC,Pineapple,Other,Local,2026-01-19 00:00:00,2500.0,3000.0,2800.0,21
Gujarat,Bharuch,Bharuch APMC,Pineapple,Other,Local,2026-01-18 00:00:00,2500.0,3500.0,3000.0,21
Gujarat,Bharuch,Bharuch APMC,Pineapple,Other,Local,2026-01-21 00:00:00,3000.0,3500.0,3200.0,21
Gujarat,Banaskanth,Deesa(Deesa Veg Yard) APMC,Pineapple,Other,Medium,2026-01-24 00:00:00,4500.0,5200.0,4850.0,21
Gujarat,Banaskanth,Deesa(Deesa Veg Yard) APMC,Pineapple,Other,Medium,2026-02-13 00:00:00,7000.0,7500.0,7250.0,21
Gujarat,Banaskanth,Deesa(Deesa Veg Yard) APMC,Pineapple,Other,Medium,2026-02-19 00:00:00,7000.0,7850.0,7425.0,21
Gujarat,Banaskanth,Deesa(Deesa Veg Yard) APMC,Pineapple,Other,Medium,2026-02-23 00:00:00,7000.0,7500.0,7250.0,21
Gujarat,Banaskanth,Deesa(Deesa Veg Yard) APMC,Pineapple,Other,Medium,2026-02-27 00:00:00,7000.0,7800.0,7400.0,21
Gujarat,Banaskanth,Deesa(Deesa Veg Yard) APMC,Pineapple,Other,Medium,2026-02-20 00:00:00,7000.0,7900.0,7450.0,21
Gujarat,Banaskanth,Deesa(Deesa Veg Yard) APMC,Pineapple,Other,Medium,2026-02-17 00:00:00,7000.0,7750.0,7375.0,21
Gujarat,Banaskanth,Deesa(Deesa Veg Yard) APMC,Pineapple,Other,Medium,2026-02-24 00:00:00,7000.0,7650.0,7325.0,21
Gujarat,Bharuch,Bharuch APMC,Pineapple,Other,Local,2026-03-01 00:00:00,3500.0,5000.0,4000.0,21
Gujarat,Bharuch,Bharuch APMC,Pineapple,Other,Local,2026-03-07 00:00:00,4000.0,5500.0,4500.0,21
Gujarat,Banaskanth,Deesa(Deesa Veg Yard) APMC,Pineapple,Other,Medium,2026-03-06 00:00:00,6000.0,7250.0,6625.0,21
Gujarat,Banaskanth,Deesa(Deesa Veg Yard) APMC,Pineapple,Other,Medium,2026-02-13 00:00:00,7000.0,7500.0,7250.0,21
Gujarat,Banaskanth,Deesa(Deesa Veg Yard) APMC,Pineapple,Other,Medium,2026-02-20 00:00:00,7000.0,7900.0,7450.0,21
Gujarat,Banaskanth,Deesa(Deesa Veg Yard) APMC,Pineapple,Other,Medium,2026-02-17 00:00:00,7000.0,7750.0,7375.0,21
Gujarat,Banaskanth,Deesa(Deesa Veg Yard) APMC,Pineapple,Other,Medium,2026-02-24 00:00:00,7000.0,7650.0,7325.0,21
Gujarat,Bharuch,Bharuch APMC,Pineapple,Other,Local,2026-03-01 00:00:00,3500.0,5000.0,4000.0,21
Gujarat,Bharuch,Bharuch APMC,Pineapple,Other,Local,2026-03-07 00:00:00,4000.0,5500.0,4500.0,21
Gujarat,Banaskanth,Deesa(Deesa Veg Yard) APMC,Pineapple,Other,Medium,2026-03-06 00:00:00,6000.0,7250.0,6625.0,21
Gujarat,Banaskanth,Deesa(Deesa Veg Yard) APMC,Pineapple,Other,Medium,2026-03-14 00:00:00,3500.0,5150.0,4325.0,21
