State,District,Market,Commodity,Variety,Grade,Arrival_Date,Min_Price,Max_Price,Modal_Price,Commodity_Code
Karnataka,Bangalore,"Binny Mill (F&V), Bangalore",Bunch Beans,Bunch Beans,FAQ,2007-01-04,600,800,700,224
Karnataka,Bangalore,"Binny Mill (F&V), Bangalore",Bunch Beans,Bunch Beans,FAQ,2007-01-27,600,800,700,224
Karnataka,Bangalore,"Binny Mill (F&V), Bangalore",Bunch Beans,Bunch Beans,FAQ,2007-02-20,700,900,800,224
Karnataka,Bangalore,"Binny Mill (F&V), Bangalore",Bunch Beans,Bunch Beans,FAQ,2007-03-14,600,800,700,224
Karnataka,Bangalore,"Binny Mill (F&V), Bangalore",Bunch Beans,Bunch Beans,FAQ,2007-03-29,600,700,650,224
Karnataka,Bangalore,"Binny Mill (F&V), Bangalore",Bunch Beans,Bunch Beans,FAQ,2007-04-03,600,800,700,224
Karnataka,Bangalore,"Binny Mill (F&V), Bangalore",Bunch Beans,Bunch Beans,FAQ,2007-04-17,700,900,800,224
Karnataka,Bangalore,"Binny Mill (F&V), Bangalore",Bunch Beans,Bunch Beans,FAQ,2007-04-18,500,700,600,224
Karnataka,Bangalore,"Binny Mill (F&V), Bangalore",Bunch Beans,Bunch Beans,FAQ,2007-04-23,500,700,600,224
Karnataka,Bangalore,"Binny Mill (F&V), Bangalore",Bunch Beans,Bunch Beans,FAQ,2007-04-26,600,800,700,224
Karnataka,Bangalore,"Binny Mill (F&V), Bangalore",Bunch Beans,Bunch Beans,FAQ,2007-04-27,650,850,750,224
Karnataka,Bangalore,"Binny Mill (F&V), Bangalore",Bunch Beans,Bunch Beans,FAQ,2007-05-02,700,900,800,224
Karnataka,Bangalore,"Binny Mill (F&V), Bangalore",Bunch Beans,Bunch Beans,FAQ,2007-05-14,500,700,600,224
Karnataka,Bangalore,"Binny Mill (F&V), Bangalore",Bunch Beans,Bunch Beans,FAQ,2007-06-07,400,600,500,224
Karnataka,Bangalore,"Binny Mill (F&V), Bangalore",Bunch Beans,Bunch Beans,FAQ,2007-06-12,500,700,600,224
Karnataka,Bangalore,"Binny Mill (F&V), Bangalore",Bunch Beans,Bunch Beans,FAQ,2007-07-03,600,800,700,224
Karnataka,Bangalore,"Binny Mill (F&V), Bangalore",Bunch Beans,Bunch Beans,FAQ,2007-07-06,600,800,700,224
Karnataka,Bangalore,"Binny Mill (F&V), Bangalore",Bunch Beans,Bunch Beans,FAQ,2007-07-07,600,800,700,224
Karnataka,Bangalore,"Binny Mill (F&V), Bangalore",Bunch Beans,Bunch Beans,FAQ,2007-07-18,700,900,800,224
Karnataka,Bangalore,"Binny Mill (F&V), Bangalore",Bunch Beans,Bunch Beans,FAQ,2007-07-28,500,700,600,224
Karnataka,Bangalore,"Binny Mill (F&V), Bangalore",Bunch Beans,Bunch Beans,FAQ,2007-09-05,500,700,600,224
Karnataka,Bangalore,"Binny Mill (F&V), Bangalore",Bunch Beans,Bunch Beans,FAQ,2007-09-07,500,700,600,224
Karnataka,Bangalore,"Binny Mill (F&V), Bangalore",Bunch Beans,Bunch Beans,FAQ,2007-09-14,500,600,550,224
Karnataka,Bangalore,"Binny Mill (F&V), Bangalore",Bunch Beans,Bunch Beans,FAQ,2007-09-26,500,600,550,224
Karnataka,Bangalore,"Binny Mill (F&V), Bangalore",Bunch Beans,Bunch Beans,FAQ,2007-10-17,500,700,600,224
Karnataka,Bangalore,"Binny Mill (F&V), Bangalore",Bunch Beans,Bunch Beans,FAQ,2007-11-07,600,900,700,224
Karnataka,Bangalore,"Binny Mill (F&V), Bangalore",Bunch Beans,Bunch Beans,FAQ,2007-11-12,600,800,700,224
Karnataka,Bangalore,"Binny Mill (F&V), Bangalore",Bunch Beans,Bunch Beans,FAQ,2007-11-24,800,1000,900,224
Karnataka,Bangalore,"Binny Mill (F&V), Bangalore",Bunch Beans,Bunch Beans,FAQ,2007-12-03,700,1000,800,224
Karnataka,Bangalore,"Binny Mill (F&V), Bangalore",Bunch Beans,Bunch Beans,FAQ,2007-12-13,700,1000,850,224
Karnataka,Bangalore,"Binny Mill (F&V), Bangalore",Bunch Beans,Bunch Beans,FAQ,2007-12-17,800,1100,900,224
Karnataka,Davangere,Davangere,Bunch Beans,Bunch Beans,FAQ,2007-01-19,400,1000,700,224
Karnataka,Davangere,Davangere,Bunch Beans,Bunch Beans,FAQ,2007-03-02,400,1000,700,224
Karnataka,Davangere,Davangere,Bunch Beans,Bunch Beans,FAQ,2007-03-16,400,1000,700,224
Karnataka,Davangere,Davangere,Bunch Beans,Bunch Beans,FAQ,2007-04-19,300,800,550,224
Karnataka,Davangere,Davangere,Bunch Beans,Bunch Beans,FAQ,2007-06-08,400,800,600,224
Karnataka,Davangere,Davangere,Bunch Beans,Bunch Beans,FAQ,2007-10-05,400,1000,700,224
Karnataka,Davangere,Davangere,Bunch Beans,Bunch Beans,FAQ,2007-10-19,500,600,550,224
Karnataka,Davangere,Davangere,Bunch Beans,Bunch Beans,FAQ,2007-11-30,600,1000,800,224
Karnataka,Davangere,Davangere,Bunch Beans,Bunch Beans,FAQ,2007-12-22,500,800,600,224
Madhya Pradesh,Alirajpur,Alirajpur,Bunch Beans,Bunch Beans,FAQ,2007-02-17,1482,1537,1537,224
Madhya Pradesh,Alirajpur,Alirajpur,Bunch Beans,Bunch Beans,FAQ,2007-05-21,3400,3400,3400,224
Madhya Pradesh,Alirajpur,Alirajpur,Bunch Beans,Bunch Beans,FAQ,2007-06-05,2301,2301,2301,224
Madhya Pradesh,Alirajpur,Alirajpur,Bunch Beans,Bunch Beans,FAQ,2007-06-19,2078,2220,2220,224
Madhya Pradesh,Alirajpur,Alirajpur,Bunch Beans,Bunch Beans,FAQ,2007-07-06,2221,2882,2301,224
Madhya Pradesh,Alirajpur,Alirajpur,Bunch Beans,Bunch Beans,FAQ,2007-07-11,1912,2401,2401,224
Madhya Pradesh,Alirajpur,Alirajpur,Bunch Beans,Bunch Beans,FAQ,2007-07-16,2761,2761,2761,224
Madhya Pradesh,Alirajpur,Alirajpur,Bunch Beans,Bunch Beans,FAQ,2007-08-31,2500,2690,2500,224
Madhya Pradesh,Alirajpur,Alirajpur,Bunch Beans,Bunch Beans,FAQ,2007-09-13,1850,2091,2091,224
Madhya Pradesh,Alirajpur,Alirajpur,Bunch Beans,Bunch Beans,FAQ,2007-10-04,1700,1821,1821,224
Madhya Pradesh,Alirajpur,Alirajpur,Bunch Beans,Bunch Beans,FAQ,2007-11-23,2370,2370,2370,224
Madhya Pradesh,Alirajpur,Alirajpur,Bunch Beans,Bunch Beans,FAQ,2007-12-04,1500,1500,1500,224
Madhya Pradesh,Alirajpur,Alirajpur,Bunch Beans,Bunch Beans,FAQ,2007-12-11,1450,1450,1450,224
Madhya Pradesh,Alirajpur,Alirajpur,Bunch Beans,Bunch Beans,FAQ,2007-12-13,1550,1550,1550,224
Madhya Pradesh,Alirajpur,Jobat,Bunch Beans,Bunch Beans,FAQ,2007-02-10,1200,1200,1200,224
Madhya Pradesh,Alirajpur,Jobat,Bunch Beans,Bunch Beans,FAQ,2007-03-29,2051,2151,2151,224
Madhya Pradesh,Alirajpur,Jobat,Bunch Beans,Bunch Beans,FAQ,2007-04-16,2154,2569,2569,224
Madhya Pradesh,Alirajpur,Jobat,Bunch Beans,Bunch Beans,FAQ,2007-05-21,3400,3400,3400,224
Madhya Pradesh,Alirajpur,Jobat,Bunch Beans,Bunch Beans,FAQ,2007-05-25,1351,1351,1351,224
Madhya Pradesh,Alirajpur,Jobat,Bunch Beans,Bunch Beans,FAQ,2007-06-21,2576,2576,2576,224
Madhya Pradesh,Alirajpur,Jobat,Bunch Beans,Bunch Beans,FAQ,2007-07-03,2101,2101,2101,224
Madhya Pradesh,Alirajpur,Jobat,Bunch Beans,Bunch Beans,FAQ,2007-07-27,1821,2401,2101,224
Madhya Pradesh,Alirajpur,Jobat,Bunch Beans,Bunch Beans,FAQ,2007-09-05,2000,2391,2391,224
Madhya Pradesh,Alirajpur,Jobat,Bunch Beans,Bunch Beans,FAQ,2007-09-08,2100,2531,2531,224
Madhya Pradesh,Alirajpur,Jobat,Bunch Beans,Bunch Beans,FAQ,2007-09-12,1200,1200,1200,224
Madhya Pradesh,Alirajpur,Jobat,Bunch Beans,Bunch Beans,FAQ,2007-09-13,1850,2091,2091,224
Madhya Pradesh,Alirajpur,Jobat,Bunch Beans,Bunch Beans,FAQ,2007-09-19,1450,1684,1684,224
Madhya Pradesh,Alirajpur,Jobat,Bunch Beans,Bunch Beans,FAQ,2007-09-21,1700,1925,1841,224
Madhya Pradesh,Alirajpur,Jobat,Bunch Beans,Bunch Beans,FAQ,2007-10-03,1702,1751,1751,224
Madhya Pradesh,Alirajpur,Jobat,Bunch Beans,Bunch Beans,FAQ,2007-10-10,1700,1871,1871,224
Madhya Pradesh,Alirajpur,Jobat,Bunch Beans,Bunch Beans,FAQ,2007-10-17,1650,2000,2000,224
Madhya Pradesh,Alirajpur,Jobat,Bunch Beans,Bunch Beans,FAQ,2007-10-18,1611,2058,2058,224
Madhya Pradesh,Alirajpur,Jobat,Bunch Beans,Bunch Beans,FAQ,2007-10-19,1485,1940,1940,224
Madhya Pradesh,Alirajpur,Jobat,Bunch Beans,Bunch Beans,FAQ,2007-10-25,1800,2341,2341,224
Madhya Pradesh,Alirajpur,Jobat,Bunch Beans,Bunch Beans,FAQ,2007-11-20,2225,2225,2225,224
Madhya Pradesh,Alirajpur,Jobat,Bunch Beans,Bunch Beans,FAQ,2007-12-04,1500,1500,1500,224
Madhya Pradesh,Alirajpur,Jobat,Bunch Beans,Bunch Beans,FAQ,2007-12-19,1900,1900,1900,224
Madhya Pradesh,Badwani,Anjad,Bunch Beans,Bunch Beans,FAQ,2007-01-16,1571,1571,1571,224
Madhya Pradesh,Badwani,Anjad,Bunch Beans,Bunch Beans,FAQ,2007-01-18,2235,2235,2235,224
Madhya Pradesh,Badwani,Anjad,Bunch Beans,Bunch Beans,FAQ,2007-02-10,1200,1200,1200,224
Madhya Pradesh,Badwani,Anjad,Bunch Beans,Bunch Beans,FAQ,2007-03-29,2051,2151,2151,224
Madhya Pradesh,Badwani,Anjad,Bunch Beans,Bunch Beans,FAQ,2007-06-05,2301,2301,2301,224
Madhya Pradesh,Badwani,Anjad,Bunch Beans,Bunch Beans,FAQ,2007-06-14,2400,2892,2892,224
Madhya Pradesh,Badwani,Anjad,Bunch Beans,Bunch Beans,FAQ,2007-06-23,2354,2354,2354,224
Madhya Pradesh,Badwani,Anjad,Bunch Beans,Bunch Beans,FAQ,2007-07-02,2082,2082,2082,224
Madhya Pradesh,Badwani,Anjad,Bunch Beans,Bunch Beans,FAQ,2007-07-09,2502,2502,2502,224
Madhya Pradesh,Badwani,Anjad,Bunch Beans,Bunch Beans,FAQ,2007-07-11,1912,2401,2401,224
Madhya Pradesh,Badwani,Anjad,Bunch Beans,Bunch Beans,FAQ,2007-07-24,2050,2537,2537,224
Madhya Pradesh,Badwani,Anjad,Bunch Beans,Bunch Beans,FAQ,2007-07-25,2220,2220,2220,224
Madhya Pradesh,Badwani,Anjad,Bunch Beans,Bunch Beans,FAQ,2007-08-23,2900,3000,3000,224
Madhya Pradesh,Badwani,Anjad,Bunch Beans,Bunch Beans,FAQ,2007-09-08,2100,2531,2531,224
Madhya Pradesh,Badwani,Anjad,Bunch Beans,Bunch Beans,FAQ,2007-09-18,1254,2525,2525,224
Madhya Pradesh,Badwani,Anjad,Bunch Beans,Bunch Beans,FAQ,2007-09-21,1700,1925,1841,224
Madhya Pradesh,Badwani,Anjad,Bunch Beans,Bunch Beans,FAQ,2007-09-24,1541,1881,1650,224
Madhya Pradesh,Badwani,Anjad,Bunch Beans,Bunch Beans,FAQ,2007-10-04,1700,1821,1821,224
Madhya Pradesh,Badwani,Anjad,Bunch Beans,Bunch Beans,FAQ,2007-10-11,1800,1800,1800,224
Madhya Pradesh,Badwani,Anjad,Bunch Beans,Bunch Beans,FAQ,2007-11-21,2050,2250,2250,224
Madhya Pradesh,Badwani,Anjad,Bunch Beans,Bunch Beans,FAQ,2007-12-13,1550,1550,1550,224
Madhya Pradesh,Badwani,Anjad,Bunch Beans,Bunch Beans,FAQ,2007-12-19,1900,1900,1900,224
Madhya Pradesh,Badwani,Badwani,Bunch Beans,Bunch Beans,FAQ,2007-01-05,2600,2600,2600,224
Madhya Pradesh,Badwani,Badwani,Bunch Beans,Bunch Beans,FAQ,2007-01-08,1351,1351,1351,224
Madhya Pradesh,Badwani,Badwani,Bunch Beans,Bunch Beans,FAQ,2007-01-22,2301,2301,2301,224
Madhya Pradesh,Badwani,Badwani,Bunch Beans,Bunch Beans,FAQ,2007-01-29,2165,2165,2165,224
Madhya Pradesh,Badwani,Badwani,Bunch Beans,Bunch Beans,FAQ,2007-02-07,2430,2430,2430,224
Madhya Pradesh,Badwani,Badwani,Bunch Beans,Bunch Beans,FAQ,2007-03-01,2100,2100,2100,224
Madhya Pradesh,Badwani,Badwani,Bunch Beans,Bunch Beans,FAQ,2007-05-11,2444,3000,3000,224
Madhya Pradesh,Badwani,Badwani,Bunch Beans,Bunch Beans,FAQ,2007-05-15,1200,2940,2940,224
Madhya Pradesh,Badwani,Badwani,Bunch Beans,Bunch Beans,FAQ,2007-06-18,2900,2900,2900,224
Madhya Pradesh,Badwani,Badwani,Bunch Beans,Bunch Beans,FAQ,2007-06-23,2354,2354,2354,224
Madhya Pradesh,Badwani,Badwani,Bunch Beans,Bunch Beans,FAQ,2007-07-20,2300,2380,2300,224
Madhya Pradesh,Badwani,Badwani,Bunch Beans,Bunch Beans,FAQ,2007-07-25,2220,2220,2220,224
Madhya Pradesh,Badwani,Badwani,Bunch Beans,Bunch Beans,FAQ,2007-08-17,1728,1728,1728,224
Madhya Pradesh,Badwani,Badwani,Bunch Beans,Bunch Beans,FAQ,2007-09-12,1200,1200,1200,224
Madhya Pradesh,Badwani,Badwani,Bunch Beans,Bunch Beans,FAQ,2007-09-15,1200,1975,1825,224
Madhya Pradesh,Badwani,Badwani,Bunch Beans,Bunch Beans,FAQ,2007-09-24,1541,1881,1650,224
Madhya Pradesh,Badwani,Badwani,Bunch Beans,Bunch Beans,FAQ,2007-10-05,1331,1859,1859,224
Madhya Pradesh,Badwani,Badwani,Bunch Beans,Bunch Beans,FAQ,2007-10-16,1125,1480,1480,224
Madhya Pradesh,Badwani,Badwani,Bunch Beans,Bunch Beans,FAQ,2007-10-18,1611,2058,2058,224
Madhya Pradesh,Badwani,Badwani,Bunch Beans,Bunch Beans,FAQ,2007-10-27,1350,1500,1500,224
Madhya Pradesh,Badwani,Badwani,Bunch Beans,Bunch Beans,FAQ,2007-10-31,1652,2224,2224,224
Madhya Pradesh,Badwani,Badwani,Bunch Beans,Bunch Beans,FAQ,2007-11-14,1753,2061,2061,224
Madhya Pradesh,Badwani,Khetia,Bunch Beans,Bunch Beans,FAQ,2007-01-18,2235,2235,2235,224
Madhya Pradesh,Badwani,Khetia,Bunch Beans,Bunch Beans,FAQ,2007-02-10,1200,1200,1200,224
Madhya Pradesh,Badwani,Khetia,Bunch Beans,Bunch Beans,FAQ,2007-05-11,2444,3000,3000,224
Madhya Pradesh,Badwani,Khetia,Bunch Beans,Bunch Beans,FAQ,2007-05-15,1200,2940,2940,224
Madhya Pradesh,Badwani,Khetia,Bunch Beans,Bunch Beans,FAQ,2007-06-05,2301,2301,2301,224
Madhya Pradesh,Badwani,Khetia,Bunch Beans,Bunch Beans,FAQ,2007-06-18,2900,2900,2900,224
Madhya Pradesh,Badwani,Khetia,Bunch Beans,Bunch Beans,FAQ,2007-06-23,2354,2354,2354,224
Madhya Pradesh,Badwani,Khetia,Bunch Beans,Bunch Beans,FAQ,2007-06-27,2200,2200,2200,224
Madhya Pradesh,Badwani,Khetia,Bunch Beans,Bunch Beans,FAQ,2007-07-02,2082,2082,2082,224
Madhya Pradesh,Badwani,Khetia,Bunch Beans,Bunch Beans,FAQ,2007-07-06,2221,2882,2301,224
Madhya Pradesh,Badwani,Khetia,Bunch Beans,Bunch Beans,FAQ,2007-07-16,2761,2761,2761,224
Madhya Pradesh,Badwani,Khetia,Bunch Beans,Bunch Beans,FAQ,2007-07-25,2220,2220,2220,224
Madhya Pradesh,Badwani,Khetia,Bunch Beans,Bunch Beans,FAQ,2007-08-16,2700,2700,2700,224
Madhya Pradesh,Badwani,Khetia,Bunch Beans,Bunch Beans,FAQ,2007-08-31,2500,2690,2500,224
Madhya Pradesh,Badwani,Khetia,Bunch Beans,Bunch Beans,FAQ,2007-09-11,1476,2335,2335,224
Madhya Pradesh,Badwani,Khetia,Bunch Beans,Bunch Beans,FAQ,2007-09-14,1000,2106,1876,224
Madhya Pradesh,Badwani,Khetia,Bunch Beans,Bunch Beans,FAQ,2007-09-17,1000,2000,1880,224
Madhya Pradesh,Badwani,Khetia,Bunch Beans,Bunch Beans,FAQ,2007-09-19,1450,1684,1684,224
Madhya Pradesh,Badwani,Khetia,Bunch Beans,Bunch Beans,FAQ,2007-09-21,1700,1925,1841,224
Madhya Pradesh,Badwani,Khetia,Bunch Beans,Bunch Beans,FAQ,2007-09-24,1541,1881,1650,224
Madhya Pradesh,Badwani,Khetia,Bunch Beans,Bunch Beans,FAQ,2007-10-04,1700,1821,1821,224
Madhya Pradesh,Badwani,Khetia,Bunch Beans,Bunch Beans,FAQ,2007-10-09,1550,2000,1550,224
Madhya Pradesh,Badwani,Khetia,Bunch Beans,Bunch Beans,FAQ,2007-10-10,1700,1871,1871,224
Madhya Pradesh,Badwani,Khetia,Bunch Beans,Bunch Beans,FAQ,2007-10-19,1485,1940,1940,224
Madhya Pradesh,Badwani,Khetia,Bunch Beans,Bunch Beans,FAQ,2007-10-25,1800,2341,2341,224
Madhya Pradesh,Badwani,Khetia,Bunch Beans,Bunch Beans,FAQ,2007-10-31,1652,2224,2224,224
Madhya Pradesh,Badwani,Khetia,Bunch Beans,Bunch Beans,FAQ,2007-11-14,1753,2061,2061,224
Madhya Pradesh,Badwani,Khetia,Bunch Beans,Bunch Beans,FAQ,2007-11-16,1550,1600,1600,224
Madhya Pradesh,Badwani,Khetia,Bunch Beans,Bunch Beans,FAQ,2007-11-23,2370,2370,2370,224
Madhya Pradesh,Badwani,Khetia,Bunch Beans,Bunch Beans,FAQ,2007-12-08,2060,2060,2060,224
Madhya Pradesh,Badwani,Sendhwa,Bunch Beans,Bunch Beans,FAQ,2007-01-08,1351,1351,1351,224
Madhya Pradesh,Badwani,Sendhwa,Bunch Beans,Bunch Beans,FAQ,2007-02-17,1482,1537,1537,224
Madhya Pradesh,Badwani,Sendhwa,Bunch Beans,Bunch Beans,FAQ,2007-06-19,2078,2220,2220,224
Madhya Pradesh,Badwani,Sendhwa,Bunch Beans,Bunch Beans,FAQ,2007-06-21,2576,2576,2576,224
Madhya Pradesh,Badwani,Sendhwa,Bunch Beans,Bunch Beans,FAQ,2007-06-22,2851,2851,2851,224
Madhya Pradesh,Badwani,Sendhwa,Bunch Beans,Bunch Beans,FAQ,2007-06-23,2354,2354,2354,224
Madhya Pradesh,Badwani,Sendhwa,Bunch Beans,Bunch Beans,FAQ,2007-07-04,2461,2627,2627,224
Madhya Pradesh,Badwani,Sendhwa,Bunch Beans,Bunch Beans,FAQ,2007-07-27,1821,2401,2101,224
Madhya Pradesh,Badwani,Sendhwa,Bunch Beans,Bunch Beans,FAQ,2007-09-11,1476,2335,2335,224
Madhya Pradesh,Badwani,Sendhwa,Bunch Beans,Bunch Beans,FAQ,2007-09-18,1254,2525,2525,224
Madhya Pradesh,Badwani,Sendhwa,Bunch Beans,Bunch Beans,FAQ,2007-09-20,1700,1996,1996,224
Madhya Pradesh,Badwani,Sendhwa,Bunch Beans,Bunch Beans,FAQ,2007-09-24,1541,1881,1650,224
Madhya Pradesh,Badwani,Sendhwa,Bunch Beans,Bunch Beans,FAQ,2007-09-27,1671,1940,1940,224
Madhya Pradesh,Badwani,Sendhwa,Bunch Beans,Bunch Beans,FAQ,2007-10-18,1611,2058,2058,224
Madhya Pradesh,Badwani,Sendhwa,Bunch Beans,Bunch Beans,FAQ,2007-12-10,1675,1675,1675,224
Madhya Pradesh,Badwani,Sendhwa,Bunch Beans,Bunch Beans,FAQ,2007-12-19,1900,1900,1900,224
Madhya Pradesh,Badwani,Sendhwa,Bunch Beans,Bunch Beans,FAQ,2007-12-28,1655,1655,1655,224
Madhya Pradesh,Balaghat,Balaghat,Bunch Beans,Bunch Beans,FAQ,2007-03-09,900,1100,1100,224
Madhya Pradesh,Balaghat,Balaghat,Bunch Beans,Bunch Beans,FAQ,2007-03-15,1000,1200,1200,224
Madhya Pradesh,Balaghat,Katangi,Bunch Beans,Bunch Beans,FAQ,2007-02-03,600,800,800,224
Madhya Pradesh,Balaghat,Katangi,Bunch Beans,Bunch Beans,FAQ,2007-02-09,900,1100,1100,224
Madhya Pradesh,Burhanpur,Burhanpur,Bunch Beans,Bunch Beans,FAQ,2007-01-08,1351,1351,1351,224
Madhya Pradesh,Burhanpur,Burhanpur,Bunch Beans,Bunch Beans,FAQ,2007-02-07,2430,2430,2430,224
Madhya Pradesh,Burhanpur,Burhanpur,Bunch Beans,Bunch Beans,FAQ,2007-06-19,2078,2220,2220,224
Madhya Pradesh,Burhanpur,Burhanpur,Bunch Beans,Bunch Beans,FAQ,2007-07-25,2220,2220,2220,224
Madhya Pradesh,Burhanpur,Burhanpur,Bunch Beans,Bunch Beans,FAQ,2007-08-31,2500,2690,2500,224
Madhya Pradesh,Burhanpur,Burhanpur,Bunch Beans,Bunch Beans,FAQ,2007-09-05,2000,2391,2391,224
Madhya Pradesh,Burhanpur,Burhanpur,Bunch Beans,Bunch Beans,FAQ,2007-09-14,1000,2106,1876,224
Madhya Pradesh,Burhanpur,Burhanpur,Bunch Beans,Bunch Beans,FAQ,2007-09-17,1000,2000,1880,224
Madhya Pradesh,Burhanpur,Burhanpur,Bunch Beans,Bunch Beans,FAQ,2007-09-18,1254,2525,2525,224
Madhya Pradesh,Burhanpur,Burhanpur,Bunch Beans,Bunch Beans,FAQ,2007-09-20,1700,1996,1996,224
Madhya Pradesh,Burhanpur,Burhanpur,Bunch Beans,Bunch Beans,FAQ,2007-09-21,1700,1925,1841,224
Madhya Pradesh,Burhanpur,Burhanpur,Bunch Beans,Bunch Beans,FAQ,2007-09-26,1100,1844,1800,224
Madhya Pradesh,Burhanpur,Burhanpur,Bunch Beans,Bunch Beans,FAQ,2007-10-05,1331,1859,1859,224
Madhya Pradesh,Burhanpur,Burhanpur,Bunch Beans,Bunch Beans,FAQ,2007-10-24,1500,1716,1716,224
Madhya Pradesh,Burhanpur,Burhanpur,Bunch Beans,Bunch Beans,FAQ,2007-11-20,2225,2225,2225,224
Madhya Pradesh,Burhanpur,Burhanpur,Bunch Beans,Bunch Beans,FAQ,2007-11-21,2050,2250,2250,224
Madhya Pradesh,Burhanpur,Burhanpur,Bunch Beans,Bunch Beans,FAQ,2007-12-11,1450,1450,1450,224
Madhya Pradesh,Burhanpur,Burhanpur,Bunch Beans,Bunch Beans,FAQ,2007-12-27,1200,1800,1800,224
Madhya Pradesh,Chhindwara,Chaurai,Bunch Beans,Bunch Beans,FAQ,2007-01-06,1400,1400,1400,224
Madhya Pradesh,Chhindwara,Chaurai,Bunch Beans,Bunch Beans,FAQ,2007-01-22,600,800,800,224
Madhya Pradesh,Chhindwara,Chhindwara,Bunch Beans,Bunch Beans,FAQ,2007-01-24,600,800,800,224
Madhya Pradesh,Chhindwara,Chhindwara,Bunch Beans,Bunch Beans,FAQ,2007-02-03,600,800,800,224
Madhya Pradesh,Chhindwara,Chhindwara,Bunch Beans,Bunch Beans,FAQ,2007-02-07,800,1000,1000,224
Madhya Pradesh,Chhindwara,Chhindwara,Bunch Beans,Bunch Beans,FAQ,2007-03-03,800,1000,1000,224
Madhya Pradesh,Chhindwara,Pandhurna,Bunch Beans,Bunch Beans,FAQ,2007-01-06,1400,1400,1400,224
Madhya Pradesh,Chhindwara,Saunsar,Bunch Beans,Bunch Beans,FAQ,2007-01-15,700,900,900,224
Madhya Pradesh,Chhindwara,Saunsar,Bunch Beans,Bunch Beans,FAQ,2007-01-24,600,800,800,224
Madhya Pradesh,Chhindwara,Saunsar,Bunch Beans,Bunch Beans,FAQ,2007-02-09,900,1100,1100,224
Madhya Pradesh,Dewas,Dewas,Bunch Beans,Bunch Beans,FAQ,2007-01-09,1791,2026,2026,224
Madhya Pradesh,Dewas,Dewas,Bunch Beans,Bunch Beans,FAQ,2007-08-02,881,881,881,224
Madhya Pradesh,Dewas,Dewas,Bunch Beans,Bunch Beans,FAQ,2007-09-14,1300,2001,1600,224
Madhya Pradesh,Dewas,Dewas,Bunch Beans,Bunch Beans,FAQ,2007-09-22,1200,1621,1621,224
Madhya Pradesh,Dewas,Dewas,Bunch Beans,Bunch Beans,FAQ,2007-12-14,1702,1702,1702,224
Madhya Pradesh,Dewas,Haatpipliya,Bunch Beans,Bunch Beans,FAQ,2007-07-02,2050,2050,2050,224
Madhya Pradesh,Dewas,Haatpipliya,Bunch Beans,Bunch Beans,FAQ,2007-09-10,1684,2294,2294,224
Madhya Pradesh,Dewas,Haatpipliya,Bunch Beans,Bunch Beans,FAQ,2007-09-11,1450,2011,2011,224
Madhya Pradesh,Dewas,Haatpipliya,Bunch Beans,Bunch Beans,FAQ,2007-09-12,1648,2001,2001,224
Madhya Pradesh,Dewas,Haatpipliya,Bunch Beans,Bunch Beans,FAQ,2007-09-24,1448,2500,2500,224
Madhya Pradesh,Dewas,Haatpipliya,Bunch Beans,Bunch Beans,FAQ,2007-09-27,1021,1901,1405,224
Madhya Pradesh,Dewas,Haatpipliya,Bunch Beans,Bunch Beans,FAQ,2007-12-13,1350,1516,1516,224
Madhya Pradesh,Dewas,Kannod,Bunch Beans,Bunch Beans,FAQ,2007-05-25,2100,2100,2100,224
Madhya Pradesh,Dewas,Kannod,Bunch Beans,Bunch Beans,FAQ,2007-06-30,2801,2801,2801,224
Madhya Pradesh,Dewas,Kannod,Bunch Beans,Bunch Beans,FAQ,2007-07-14,1930,1930,1930,224
Madhya Pradesh,Dewas,Kannod,Bunch Beans,Bunch Beans,FAQ,2007-07-25,1700,1700,1700,224
Madhya Pradesh,Dewas,Kannod,Bunch Beans,Bunch Beans,FAQ,2007-09-08,2412,2412,2412,224
Madhya Pradesh,Dewas,Kannod,Bunch Beans,Bunch Beans,FAQ,2007-09-12,1648,2001,2001,224
Madhya Pradesh,Dewas,Kannod,Bunch Beans,Bunch Beans,FAQ,2007-09-14,1300,2001,1600,224
Madhya Pradesh,Dewas,Kannod,Bunch Beans,Bunch Beans,FAQ,2007-12-13,1350,1516,1516,224
Madhya Pradesh,Dewas,Khategaon,Bunch Beans,Bunch Beans,FAQ,2007-01-25,1600,1600,1600,224
Madhya Pradesh,Dewas,Khategaon,Bunch Beans,Bunch Beans,FAQ,2007-06-02,2991,2991,2991,224
Madhya Pradesh,Dewas,Khategaon,Bunch Beans,Bunch Beans,FAQ,2007-08-31,1000,1401,1401,224
Madhya Pradesh,Dewas,Khategaon,Bunch Beans,Bunch Beans,FAQ,2007-09-12,1648,2001,2001,224
Madhya Pradesh,Dewas,Khategaon,Bunch Beans,Bunch Beans,FAQ,2007-09-21,1400,1700,1553,224
Madhya Pradesh,Dewas,Khategaon,Bunch Beans,Bunch Beans,FAQ,2007-12-15,1425,1425,1425,224
Madhya Pradesh,Dewas,Loharda,Bunch Beans,Bunch Beans,FAQ,2007-01-04,1100,1901,1901,224
Madhya Pradesh,Dewas,Loharda,Bunch Beans,Bunch Beans,FAQ,2007-01-09,1791,2026,2026,224
Madhya Pradesh,Dewas,Loharda,Bunch Beans,Bunch Beans,FAQ,2007-01-25,1600,1600,1600,224
Madhya Pradesh,Dewas,Loharda,Bunch Beans,Bunch Beans,FAQ,2007-08-08,1580,1580,1580,224
Madhya Pradesh,Dewas,Loharda,Bunch Beans,Bunch Beans,FAQ,2007-09-08,2412,2412,2412,224
Madhya Pradesh,Dewas,Loharda,Bunch Beans,Bunch Beans,FAQ,2007-09-10,1684,2294,2294,224
Madhya Pradesh,Dewas,Loharda,Bunch Beans,Bunch Beans,FAQ,2007-09-12,1648,2001,2001,224
Madhya Pradesh,Dewas,Loharda,Bunch Beans,Bunch Beans,FAQ,2007-10-18,1621,1621,1621,224
Madhya Pradesh,Dewas,Loharda,Bunch Beans,Bunch Beans,FAQ,2007-10-24,1600,2161,2161,224
Madhya Pradesh,Dewas,Loharda,Bunch Beans,Bunch Beans,FAQ,2007-12-14,1702,1702,1702,224
Madhya Pradesh,Dewas,Sonkatch,Bunch Beans,Bunch Beans,FAQ,2007-01-09,1791,2026,2026,224
Madhya Pradesh,Dewas,Sonkatch,Bunch Beans,Bunch Beans,FAQ,2007-01-25,1600,1600,1600,224
Madhya Pradesh,Dewas,Sonkatch,Bunch Beans,Bunch Beans,FAQ,2007-07-02,2050,2050,2050,224
Madhya Pradesh,Dewas,Sonkatch,Bunch Beans,Bunch Beans,FAQ,2007-08-17,1251,1251,1251,224
Madhya Pradesh,Dewas,Sonkatch,Bunch Beans,Bunch Beans,FAQ,2007-09-27,1021,1901,1405,224
Madhya Pradesh,Dewas,Sonkatch,Bunch Beans,Bunch Beans,FAQ,2007-10-08,1560,1800,1800,224
Madhya Pradesh,Dewas,Sonkatch,Bunch Beans,Bunch Beans,FAQ,2007-12-12,1251,1251,1251,224
Madhya Pradesh,Dewas,Sonkatch,Bunch Beans,Bunch Beans,FAQ,2007-12-13,1350,1516,1516,224
Madhya Pradesh,Dewas,Sonkatch,Bunch Beans,Bunch Beans,FAQ,2007-12-14,1702,1702,1702,224
Madhya Pradesh,Dhar,Badnawar,Bunch Beans,Bunch Beans,FAQ,2007-01-18,2235,2235,2235,224
Madhya Pradesh,Dhar,Badnawar,Bunch Beans,Bunch Beans,FAQ,2007-02-07,2430,2430,2430,224
Madhya Pradesh,Dhar,Badnawar,Bunch Beans,Bunch Beans,FAQ,2007-02-10,1200,1200,1200,224
Madhya Pradesh,Dhar,Badnawar,Bunch Beans,Bunch Beans,FAQ,2007-03-29,2051,2151,2151,224
Madhya Pradesh,Dhar,Badnawar,Bunch Beans,Bunch Beans,FAQ,2007-05-25,1351,1351,1351,224
Madhya Pradesh,Dhar,Badnawar,Bunch Beans,Bunch Beans,FAQ,2007-06-18,2900,2900,2900,224
Madhya Pradesh,Dhar,Badnawar,Bunch Beans,Bunch Beans,FAQ,2007-07-10,2200,2200,2200,224
Madhya Pradesh,Dhar,Badnawar,Bunch Beans,Bunch Beans,FAQ,2007-07-16,2761,2761,2761,224
Madhya Pradesh,Dhar,Badnawar,Bunch Beans,Bunch Beans,FAQ,2007-07-25,2220,2220,2220,224
Madhya Pradesh,Dhar,Badnawar,Bunch Beans,Bunch Beans,FAQ,2007-09-10,1900,2151,2040,224
Madhya Pradesh,Dhar,Badnawar,Bunch Beans,Bunch Beans,FAQ,2007-09-15,1200,1975,1825,224
Madhya Pradesh,Dhar,Badnawar,Bunch Beans,Bunch Beans,FAQ,2007-10-10,1700,1871,1871,224
Madhya Pradesh,Dhar,Badnawar,Bunch Beans,Bunch Beans,FAQ,2007-10-11,1800,1800,1800,224
Madhya Pradesh,Dhar,Badnawar,Bunch Beans,Bunch Beans,FAQ,2007-10-17,1650,2000,2000,224
Madhya Pradesh,Dhar,Badnawar,Bunch Beans,Bunch Beans,FAQ,2007-10-31,1652,2224,2224,224
Madhya Pradesh,Dhar,Badnawar,Bunch Beans,Bunch Beans,FAQ,2007-11-16,1550,1600,1600,224
Madhya Pradesh,Dhar,Badnawar,Bunch Beans,Bunch Beans,FAQ,2007-11-23,2370,2370,2370,224
Madhya Pradesh,Dhar,Badnawar,Bunch Beans,Bunch Beans,FAQ,2007-12-04,1500,1500,1500,224
Madhya Pradesh,Dhar,Badnawar,Bunch Beans,Bunch Beans,FAQ,2007-12-28,1655,1655,1655,224
Madhya Pradesh,Dhar,Dhamnod,Bunch Beans,Bunch Beans,FAQ,2007-01-08,1351,1351,1351,224
Madhya Pradesh,Dhar,Dhamnod,Bunch Beans,Bunch Beans,FAQ,2007-01-18,2235,2235,2235,224
Madhya Pradesh,Dhar,Dhamnod,Bunch Beans,Bunch Beans,FAQ,2007-01-22,2301,2301,2301,224
Madhya Pradesh,Dhar,Dhamnod,Bunch Beans,Bunch Beans,FAQ,2007-05-15,1200,2940,2940,224
Madhya Pradesh,Dhar,Dhamnod,Bunch Beans,Bunch Beans,FAQ,2007-07-25,2220,2220,2220,224
Madhya Pradesh,Dhar,Dhamnod,Bunch Beans,Bunch Beans,FAQ,2007-07-27,1821,2401,2101,224
Madhya Pradesh,Dhar,Dhamnod,Bunch Beans,Bunch Beans,FAQ,2007-08-01,1336,2165,2165,224
Madhya Pradesh,Dhar,Dhamnod,Bunch Beans,Bunch Beans,FAQ,2007-08-16,2700,2700,2700,224
Madhya Pradesh,Dhar,Dhamnod,Bunch Beans,Bunch Beans,FAQ,2007-08-17,1728,1728,1728,224
Madhya Pradesh,Dhar,Dhamnod,Bunch Beans,Bunch Beans,FAQ,2007-08-23,2900,3000,3000,224
Madhya Pradesh,Dhar,Dhamnod,Bunch Beans,Bunch Beans,FAQ,2007-08-31,2500,2690,2500,224
Madhya Pradesh,Dhar,Dhamnod,Bunch Beans,Bunch Beans,FAQ,2007-09-10,1900,2151,2040,224
Madhya Pradesh,Dhar,Dhamnod,Bunch Beans,Bunch Beans,FAQ,2007-09-20,1700,1996,1996,224
Madhya Pradesh,Dhar,Dhamnod,Bunch Beans,Bunch Beans,FAQ,2007-09-21,1700,1925,1841,224
Madhya Pradesh,Dhar,Dhamnod,Bunch Beans,Bunch Beans,FAQ,2007-09-24,1541,1881,1650,224
Madhya Pradesh,Dhar,Dhamnod,Bunch Beans,Bunch Beans,FAQ,2007-10-03,1702,1751,1751,224
Madhya Pradesh,Dhar,Dhamnod,Bunch Beans,Bunch Beans,FAQ,2007-10-11,1800,1800,1800,224
Madhya Pradesh,Dhar,Dhamnod,Bunch Beans,Bunch Beans,FAQ,2007-10-16,1125,1480,1480,224
Madhya Pradesh,Dhar,Dhamnod,Bunch Beans,Bunch Beans,FAQ,2007-10-17,1650,2000,2000,224
Madhya Pradesh,Dhar,Dhamnod,Bunch Beans,Bunch Beans,FAQ,2007-10-19,1485,1940,1940,224
Madhya Pradesh,Dhar,Dhamnod,Bunch Beans,Bunch Beans,FAQ,2007-11-14,1753,2061,2061,224
Madhya Pradesh,Dhar,Dhamnod,Bunch Beans,Bunch Beans,FAQ,2007-11-21,2050,2250,2250,224
Madhya Pradesh,Dhar,Dhamnod,Bunch Beans,Bunch Beans,FAQ,2007-12-13,1550,1550,1550,224
Madhya Pradesh,Dhar,Dhar,Bunch Beans,Bunch Beans,FAQ,2007-01-27,2270,2270,2270,224
Madhya Pradesh,Dhar,Dhar,Bunch Beans,Bunch Beans,FAQ,2007-03-01,2100,2100,2100,224
Madhya Pradesh,Dhar,Dhar,Bunch Beans,Bunch Beans,FAQ,2007-03-29,2051,2151,2151,224
Madhya Pradesh,Dhar,Dhar,Bunch Beans,Bunch Beans,FAQ,2007-05-15,1200,2940,2940,224
Madhya Pradesh,Dhar,Dhar,Bunch Beans,Bunch Beans,FAQ,2007-06-14,2400,2892,2892,224
Madhya Pradesh,Dhar,Dhar,Bunch Beans,Bunch Beans,FAQ,2007-06-21,2576,2576,2576,224
Madhya Pradesh,Dhar,Dhar,Bunch Beans,Bunch Beans,FAQ,2007-06-22,2851,2851,2851,224
Madhya Pradesh,Dhar,Dhar,Bunch Beans,Bunch Beans,FAQ,2007-06-25,2560,2880,2880,224
Madhya Pradesh,Dhar,Dhar,Bunch Beans,Bunch Beans,FAQ,2007-07-03,2101,2101,2101,224
Madhya Pradesh,Ratlam,Ratlam,Bunch Beans,Bunch Beans,FAQ,2007-10-18,1621,1621,1621,224
Karnataka,Bangalore,"Binny Mill (F&V), Bangalore",Bunch Beans,Bunch Beans,FAQ,2021-01-01,3000,3400,3200,224
Karnataka,Bangalore,"Binny Mill (F&V), Bangalore",Bunch Beans,Bunch Beans,FAQ,2021-01-05,2000,2300,2200,224
Karnataka,Bangalore,"Binny Mill (F&V), Bangalore",Bunch Beans,Bunch Beans,FAQ,2021-01-11,2400,2600,2500,224
Karnataka,Bangalore,"Binny Mill (F&V), Bangalore",Bunch Beans,Bunch Beans,FAQ,2021-01-13,2400,2600,2500,224
Karnataka,Bangalore,"Binny Mill (F&V), Bangalore",Bunch Beans,Bunch Beans,FAQ,2021-01-16,2400,2600,2500,224
Karnataka,Bangalore,"Binny Mill (F&V), Bangalore",Bunch Beans,Bunch Beans,FAQ,2021-01-25,2800,3600,3200,224
Karnataka,Bangalore,"Binny Mill (F&V), Bangalore",Bunch Beans,Bunch Beans,FAQ,2021-01-28,2900,3700,3300,224
Karnataka,Bangalore,"Binny Mill (F&V), Bangalore",Bunch Beans,Bunch Beans,FAQ,2021-02-06,2600,3200,3000,224
Karnataka,Bangalore,"Binny Mill (F&V), Bangalore",Bunch Beans,Bunch Beans,FAQ,2021-02-09,3000,3400,3200,224
Karnataka,Bangalore,"Binny Mill (F&V), Bangalore",Bunch Beans,Bunch Beans,FAQ,2021-02-15,3200,3400,3300,224
Karnataka,Bangalore,"Binny Mill (F&V), Bangalore",Bunch Beans,Bunch Beans,FAQ,2021-03-01,2700,3100,2900,224
Karnataka,Bangalore,"Binny Mill (F&V), Bangalore",Bunch Beans,Bunch Beans,FAQ,2021-03-04,2600,3000,2800,224
Karnataka,Bangalore,"Binny Mill (F&V), Bangalore",Bunch Beans,Bunch Beans,FAQ,2021-03-05,2800,3200,3000,224
Karnataka,Bangalore,"Binny Mill (F&V), Bangalore",Bunch Beans,Bunch Beans,FAQ,2021-03-08,2400,3000,2600,224
Karnataka,Bangalore,"Binny Mill (F&V), Bangalore",Bunch Beans,Bunch Beans,FAQ,2021-03-18,2400,2800,2600,224
Karnataka,Bangalore,"Binny Mill (F&V), Bangalore",Bunch Beans,Bunch Beans,FAQ,2021-04-03,1800,2000,1900,224
Karnataka,Bangalore,"Binny Mill (F&V), Bangalore",Bunch Beans,Bunch Beans,FAQ,2021-04-07,1600,1800,1700,224
Karnataka,Bangalore,"Binny Mill (F&V), Bangalore",Bunch Beans,Bunch Beans,FAQ,2021-04-30,1800,2200,2000,224
Karnataka,Bangalore,"Binny Mill (F&V), Bangalore",Bunch Beans,Bunch Beans,FAQ,2021-05-11,2000,2600,2400,224
Karnataka,Bangalore,"Binny Mill (F&V), Bangalore",Bunch Beans,Bunch Beans,FAQ,2021-05-12,1800,2800,2400,224
Karnataka,Bangalore,"Binny Mill (F&V), Bangalore",Bunch Beans,Bunch Beans,FAQ,2021-05-18,1800,2200,2000,224
Karnataka,Bangalore,"Binny Mill (F&V), Bangalore",Bunch Beans,Bunch Beans,FAQ,2021-05-28,2500,3000,2800,224
Karnataka,Bangalore,"Binny Mill (F&V), Bangalore",Bunch Beans,Bunch Beans,FAQ,2021-06-03,3000,4000,3500,224
Karnataka,Bangalore,"Binny Mill (F&V), Bangalore",Bunch Beans,Bunch Beans,FAQ,2021-06-09,6000,7000,6500,224
Karnataka,Bangalore,"Binny Mill (F&V), Bangalore",Bunch Beans,Bunch Beans,FAQ,2021-06-18,2000,2400,2200,224
Karnataka,Bangalore,"Binny Mill (F&V), Bangalore",Bunch Beans,Bunch Beans,FAQ,2021-06-22,2600,3200,3000,224
Karnataka,Bangalore,"Binny Mill (F&V), Bangalore",Bunch Beans,Bunch Beans,FAQ,2021-07-05,3200,4000,3600,224
Karnataka,Bangalore,"Binny Mill (F&V), Bangalore",Bunch Beans,Bunch Beans,FAQ,2021-07-12,3000,4000,3500,224
Karnataka,Bangalore,"Binny Mill (F&V), Bangalore",Bunch Beans,Bunch Beans,FAQ,2021-07-15,1000,1500,1200,224
Karnataka,Bangalore,"Binny Mill (F&V), Bangalore",Bunch Beans,Bunch Beans,FAQ,2021-07-29,3100,3900,3500,224
Karnataka,Bangalore,"Binny Mill (F&V), Bangalore",Bunch Beans,Bunch Beans,FAQ,2021-07-30,3200,4000,3600,224
Karnataka,Bangalore,"Binny Mill (F&V), Bangalore",Bunch Beans,Bunch Beans,FAQ,2021-08-02,4000,4600,4200,224
Karnataka,Bangalore,"Binny Mill (F&V), Bangalore",Bunch Beans,Bunch Beans,FAQ,2021-08-10,1500,1800,1600,224
Karnataka,Bangalore,"Binny Mill (F&V), Bangalore",Bunch Beans,Bunch Beans,FAQ,2021-08-13,2300,2800,2700,224
Karnataka,Bangalore,"Binny Mill (F&V), Bangalore",Bunch Beans,Bunch Beans,FAQ,2021-08-19,2000,2600,2400,224
Karnataka,Bangalore,"Binny Mill (F&V), Bangalore",Bunch Beans,Bunch Beans,FAQ,2021-08-23,1600,2000,1800,224
Karnataka,Bangalore,"Binny Mill (F&V), Bangalore",Bunch Beans,Bunch Beans,FAQ,2021-08-24,1600,2000,1800,224
Karnataka,Bangalore,"Binny Mill (F&V), Bangalore",Bunch Beans,Bunch Beans,FAQ,2021-09-04,1600,2000,1800,224
Karnataka,Bangalore,"Binny Mill (F&V), Bangalore",Bunch Beans,Bunch Beans,FAQ,2021-09-14,1200,2000,1800,224
Karnataka,Bangalore,"Binny Mill (F&V), Bangalore",Bunch Beans,Bunch Beans,FAQ,2021-09-22,1500,2000,1800,224
Karnataka,Bangalore,"Binny Mill (F&V), Bangalore",Bunch Beans,Bunch Beans,FAQ,2021-09-27,1800,2000,1900,224
Karnataka,Bangalore,"Binny Mill (F&V), Bangalore",Bunch Beans,Bunch Beans,FAQ,2021-10-01,1300,1900,1700,224
Karnataka,Bangalore,"Binny Mill (F&V), Bangalore",Bunch Beans,Bunch Beans,FAQ,2021-10-11,2000,3500,2500,224
Karnataka,Bangalore,"Binny Mill (F&V), Bangalore",Bunch Beans,Bunch Beans,FAQ,2021-10-28,3000,4500,4000,224
Karnataka,Bangalore,"Binny Mill (F&V), Bangalore",Bunch Beans,Bunch Beans,FAQ,2021-11-10,4200,4300,4200,224
Karnataka,Bangalore,"Binny Mill (F&V), Bangalore",Bunch Beans,Bunch Beans,FAQ,2021-11-12,4000,4300,4100,224
Karnataka,Bangalore,"Binny Mill (F&V), Bangalore",Bunch Beans,Bunch Beans,FAQ,2021-11-15,4000,4500,4200,224
Karnataka,Bangalore,"Binny Mill (F&V), Bangalore",Bunch Beans,Bunch Beans,FAQ,2021-12-07,8500,8900,8700,224
Karnataka,Bangalore,"Binny Mill (F&V), Bangalore",Bunch Beans,Bunch Beans,FAQ,2021-12-10,8100,8500,8300,224
Karnataka,Bangalore,"Binny Mill (F&V), Bangalore",Bunch Beans,Bunch Beans,FAQ,2021-12-24,7500,8000,7700,224
Karnataka,Bangalore,"Binny Mill (F&V), Bangalore",Bunch Beans,Bunch Beans,FAQ,2021-12-31,7500,8000,7700,224
Karnataka,Bellary,Hospet,Bunch Beans,Bunch Beans,FAQ,2021-01-17,2000,2000,2000,224
Karnataka,Bellary,Hospet,Bunch Beans,Bunch Beans,FAQ,2021-05-02,1900,1900,1900,224
Karnataka,Bellary,Hospet,Bunch Beans,Bunch Beans,FAQ,2021-05-04,1600,1900,1800,224
Karnataka,Bellary,Hospet,Bunch Beans,Bunch Beans,FAQ,2021-05-17,2000,2000,2000,224
Karnataka,Bellary,Hospet,Bunch Beans,Bunch Beans,Medium,2021-06-23,1800,1800,1800,224
Karnataka,Bellary,Hospet,Bunch Beans,Bunch Beans,Medium,2021-10-04,1900,1900,1900,224
Karnataka,Bellary,Hospet,Bunch Beans,Bunch Beans,Medium,2021-11-09,2000,2000,2000,224
Karnataka,Bellary,Hospet,Bunch Beans,Bunch Beans,FAQ,2021-12-12,1900,2000,2000,224
Karnataka,Davangere,Davangere,Bunch Beans,Bunch Beans,FAQ,2021-01-05,2000,2500,2300,224
Karnataka,Davangere,Davangere,Bunch Beans,Bunch Beans,FAQ,2021-01-15,2000,2500,2300,224
Karnataka,Davangere,Davangere,Bunch Beans,Bunch Beans,FAQ,2021-01-19,2000,2500,2300,224
Karnataka,Davangere,Davangere,Bunch Beans,Bunch Beans,FAQ,2021-01-21,3000,3500,3300,224
Karnataka,Davangere,Davangere,Bunch Beans,Bunch Beans,FAQ,2021-01-28,2500,3000,2800,224
Karnataka,Davangere,Davangere,Bunch Beans,Bunch Beans,FAQ,2021-01-30,3000,3500,3300,224
Karnataka,Davangere,Davangere,Bunch Beans,Bunch Beans,FAQ,2021-02-10,2500,3000,2800,224
Karnataka,Davangere,Davangere,Bunch Beans,Bunch Beans,FAQ,2021-02-19,2000,2500,2300,224
Karnataka,Davangere,Davangere,Bunch Beans,Bunch Beans,FAQ,2021-02-26,2000,2500,2300,224
Karnataka,Davangere,Davangere,Bunch Beans,Bunch Beans,FAQ,2021-03-03,2600,3000,2800,224
Karnataka,Davangere,Davangere,Bunch Beans,Bunch Beans,FAQ,2021-03-16,2000,2500,2300,224
Karnataka,Davangere,Davangere,Bunch Beans,Bunch Beans,FAQ,2021-03-19,1600,1800,1700,224
Karnataka,Davangere,Davangere,Bunch Beans,Bunch Beans,FAQ,2021-04-09,900,1200,1000,224
Karnataka,Davangere,Davangere,Bunch Beans,Bunch Beans,FAQ,2021-04-17,800,1000,900,224
Karnataka,Davangere,Davangere,Bunch Beans,Bunch Beans,FAQ,2021-05-05,1600,1800,1700,224
Karnataka,Davangere,Davangere,Bunch Beans,Bunch Beans,FAQ,2021-05-06,1000,1400,1200,224
Karnataka,Davangere,Davangere,Bunch Beans,Bunch Beans,FAQ,2021-05-11,1000,1500,1300,224
Karnataka,Davangere,Davangere,Bunch Beans,Bunch Beans,FAQ,2021-05-12,1200,1500,1400,224
Karnataka,Davangere,Davangere,Bunch Beans,Bunch Beans,FAQ,2021-05-13,1200,1500,1400,224
Karnataka,Davangere,Davangere,Bunch Beans,Bunch Beans,FAQ,2021-05-19,1200,1400,1300,224
Karnataka,Davangere,Davangere,Bunch Beans,Bunch Beans,FAQ,2021-07-13,2000,2500,2300,224
Karnataka,Davangere,Davangere,Bunch Beans,Bunch Beans,FAQ,2021-07-17,2800,3200,3000,224
Karnataka,Davangere,Davangere,Bunch Beans,Bunch Beans,FAQ,2021-07-28,2800,3000,2900,224
Karnataka,Davangere,Davangere,Bunch Beans,Bunch Beans,FAQ,2021-07-30,2800,3200,3000,224
Karnataka,Davangere,Davangere,Bunch Beans,Bunch Beans,FAQ,2021-08-12,2000,2400,2200,224
Karnataka,Davangere,Davangere,Bunch Beans,Bunch Beans,FAQ,2021-08-13,1200,1600,1400,224
Karnataka,Davangere,Davangere,Bunch Beans,Bunch Beans,FAQ,2021-08-19,1000,1400,1200,224
Karnataka,Davangere,Davangere,Bunch Beans,Bunch Beans,FAQ,2021-08-31,1400,1600,1500,224
Karnataka,Davangere,Davangere,Bunch Beans,Bunch Beans,FAQ,2021-09-01,1400,1600,1500,224
Karnataka,Davangere,Davangere,Bunch Beans,Bunch Beans,FAQ,2021-09-04,1500,2000,1600,224
Karnataka,Davangere,Davangere,Bunch Beans,Bunch Beans,FAQ,2021-09-17,1400,1600,1500,224
Karnataka,Davangere,Davangere,Bunch Beans,Bunch Beans,FAQ,2021-09-28,1400,1600,1500,224
Karnataka,Davangere,Davangere,Bunch Beans,Bunch Beans,FAQ,2021-09-30,1600,2000,1800,224
Karnataka,Davangere,Davangere,Bunch Beans,Bunch Beans,FAQ,2021-10-01,1800,2200,2000,224
Karnataka,Davangere,Davangere,Bunch Beans,Bunch Beans,FAQ,2021-10-21,2400,2800,2600,224
Karnataka,Davangere,Davangere,Bunch Beans,Bunch Beans,FAQ,2021-10-27,2800,3200,3000,224
Karnataka,Davangere,Davangere,Bunch Beans,Bunch Beans,FAQ,2021-11-04,2200,2600,2400,224
Karnataka,Davangere,Davangere,Bunch Beans,Bunch Beans,FAQ,2021-11-10,2600,3000,2800,224
Karnataka,Davangere,Davangere,Bunch Beans,Bunch Beans,FAQ,2021-11-19,2500,3000,2800,224
Karnataka,Davangere,Davangere,Bunch Beans,Bunch Beans,FAQ,2021-11-20,2800,3300,3000,224
Karnataka,Davangere,Davangere,Bunch Beans,Bunch Beans,FAQ,2021-11-25,3200,3600,3400,224
Karnataka,Davangere,Davangere,Bunch Beans,Bunch Beans,FAQ,2021-11-26,3200,3800,3400,224
Karnataka,Davangere,Davangere,Bunch Beans,Bunch Beans,FAQ,2021-11-30,3300,3700,3500,224
Karnataka,Davangere,Davangere,Bunch Beans,Bunch Beans,FAQ,2021-12-02,4000,5000,4500,224
Karnataka,Davangere,Davangere,Bunch Beans,Bunch Beans,FAQ,2021-12-10,5600,6000,5800,224
Karnataka,Davangere,Davangere,Bunch Beans,Bunch Beans,FAQ,2021-12-14,5200,6000,5500,224
Karnataka,Davangere,Davangere,Bunch Beans,Bunch Beans,FAQ,2021-12-16,5200,6000,5500,224
Karnataka,Hassan,Hassan,Bunch Beans,Bunch Beans,FAQ,2021-08-18,1300,1750,1400,224
Karnataka,Kolar,Chintamani,Bunch Beans,Bunch Beans,FAQ,2021-01-04,1200,1500,1350,224
Karnataka,Kolar,Chintamani,Bunch Beans,Bunch Beans,FAQ,2021-02-01,2000,2500,2250,224
Karnataka,Kolar,Chintamani,Bunch Beans,Bunch Beans,FAQ,2021-05-01,2000,2500,2250,224
Karnataka,Kolar,Chintamani,Bunch Beans,Bunch Beans,FAQ,2021-05-15,2500,3000,2750,224
Karnataka,Kolar,Chintamani,Bunch Beans,Bunch Beans,FAQ,2021-06-24,3500,4000,3750,224
Karnataka,Kolar,Chintamani,Bunch Beans,Bunch Beans,FAQ,2021-08-17,3000,4000,3500,224
Karnataka,Kolar,Chintamani,Bunch Beans,Bunch Beans,FAQ,2021-10-02,2000,3000,2500,224
Karnataka,Kolar,Chintamani,Bunch Beans,Bunch Beans,FAQ,2021-10-28,2000,3000,2500,224
Karnataka,Mysore,T. Narasipura,Bunch Beans,Bunch Beans,FAQ,2021-05-08,1500,2000,1600,224
Karnataka,Mysore,T. Narasipura,Bunch Beans,Bunch Beans,FAQ,2021-06-17,1600,2000,2000,224
Madhya Pradesh,Badwani,Sendhwa,Bunch Beans,Bunch Beans,FAQ,2008-09-10,2160,2443,2443,224
Madhya Pradesh,Badwani,Sendhwa,Bunch Beans,Bunch Beans,FAQ,2008-09-22,1840,2751,2751,224
Madhya Pradesh,Badwani,Sendhwa,Bunch Beans,Bunch Beans,FAQ,2008-10-07,1775,2301,2301,224
Madhya Pradesh,Badwani,Sendhwa,Bunch Beans,Bunch Beans,FAQ,2008-10-11,2410,2410,2410,224
Madhya Pradesh,Badwani,Sendhwa,Bunch Beans,Bunch Beans,FAQ,2008-10-15,1900,1900,1900,224
Madhya Pradesh,Burhanpur,Burhanpur,Bunch Beans,Bunch Beans,FAQ,2008-01-04,1711,1711,1711,224
Madhya Pradesh,Burhanpur,Burhanpur,Bunch Beans,Bunch Beans,FAQ,2008-01-10,1000,1000,1000,224
Madhya Pradesh,Burhanpur,Burhanpur,Bunch Beans,Bunch Beans,FAQ,2008-01-15,800,800,800,224
Madhya Pradesh,Burhanpur,Burhanpur,Bunch Beans,Bunch Beans,FAQ,2008-01-29,1500,1500,1500,224
Madhya Pradesh,Burhanpur,Burhanpur,Bunch Beans,Bunch Beans,FAQ,2008-06-25,1926,1926,1926,224
Madhya Pradesh,Burhanpur,Burhanpur,Bunch Beans,Bunch Beans,FAQ,2008-08-29,2400,2500,2500,224
Madhya Pradesh,Burhanpur,Burhanpur,Bunch Beans,Bunch Beans,FAQ,2008-09-04,2375,2501,2501,224
Madhya Pradesh,Burhanpur,Burhanpur,Bunch Beans,Bunch Beans,FAQ,2008-10-16,2381,2701,2701,224
Madhya Pradesh,Dewas,Dewas,Bunch Beans,Bunch Beans,FAQ,2008-01-03,1475,1500,1500,224
Madhya Pradesh,Dewas,Dewas,Bunch Beans,Bunch Beans,FAQ,2008-01-07,1450,1450,1450,224
Madhya Pradesh,Dewas,Dewas,Bunch Beans,Bunch Beans,FAQ,2008-01-25,1350,1355,1355,224
Madhya Pradesh,Dewas,Dewas,Bunch Beans,Bunch Beans,FAQ,2008-03-15,1550,1550,1550,224
Madhya Pradesh,Dewas,Dewas,Bunch Beans,Bunch Beans,FAQ,2008-04-11,1500,1500,1500,224
Madhya Pradesh,Dewas,Dewas,Bunch Beans,Bunch Beans,FAQ,2008-07-12,1500,1500,1500,224
Madhya Pradesh,Dewas,Dewas,Bunch Beans,Bunch Beans,FAQ,2008-07-21,1600,1600,1600,224
Madhya Pradesh,Dewas,Dewas,Bunch Beans,Bunch Beans,FAQ,2008-07-22,1260,1701,1701,224
Madhya Pradesh,Dewas,Dewas,Bunch Beans,Bunch Beans,FAQ,2008-08-22,1300,1300,1300,224
Madhya Pradesh,Dewas,Dewas,Bunch Beans,Bunch Beans,FAQ,2008-08-28,1325,1325,1325,224
Madhya Pradesh,Dewas,Dewas,Bunch Beans,Bunch Beans,FAQ,2008-11-10,1601,1601,1601,224
Madhya Pradesh,Dewas,Dewas,Bunch Beans,Bunch Beans,FAQ,2008-11-18,900,900,900,224
Madhya Pradesh,Dewas,Dewas,Bunch Beans,Bunch Beans,FAQ,2008-11-29,1103,1103,1103,224
Madhya Pradesh,Dewas,Haatpipliya,Bunch Beans,Bunch Beans,FAQ,2008-01-08,1411,1411,1411,224
Madhya Pradesh,Dewas,Haatpipliya,Bunch Beans,Bunch Beans,FAQ,2008-01-09,2862,2862,2862,224
Madhya Pradesh,Dewas,Haatpipliya,Bunch Beans,Bunch Beans,FAQ,2008-07-09,1500,1500,1500,224
Madhya Pradesh,Dewas,Haatpipliya,Bunch Beans,Bunch Beans,FAQ,2008-08-22,1300,1300,1300,224
Madhya Pradesh,Dewas,Haatpipliya,Bunch Beans,Bunch Beans,FAQ,2008-08-25,1750,1750,1750,224
Madhya Pradesh,Dewas,Haatpipliya,Bunch Beans,Bunch Beans,FAQ,2008-08-26,1300,2000,2000,224
Madhya Pradesh,Dewas,Haatpipliya,Bunch Beans,Bunch Beans,FAQ,2008-09-30,1717,1717,1717,224
Madhya Pradesh,Dewas,Haatpipliya,Bunch Beans,Bunch Beans,FAQ,2008-10-01,1301,1752,1752,224
Madhya Pradesh,Dewas,Haatpipliya,Bunch Beans,Bunch Beans,FAQ,2008-10-13,1211,1401,1401,224
Madhya Pradesh,Dewas,Haatpipliya,Bunch Beans,Bunch Beans,FAQ,2008-10-16,1500,1600,1600,224
Madhya Pradesh,Dewas,Haatpipliya,Bunch Beans,Bunch Beans,FAQ,2008-10-25,1325,1325,1325,224
Madhya Pradesh,Dewas,Kannod,Bunch Beans,Bunch Beans,FAQ,2008-01-03,1475,1500,1500,224
Madhya Pradesh,Dewas,Kannod,Bunch Beans,Bunch Beans,FAQ,2008-01-28,1751,1751,1751,224
Madhya Pradesh,Dewas,Kannod,Bunch Beans,Bunch Beans,FAQ,2008-02-26,1461,1461,1461,224
Madhya Pradesh,Dewas,Kannod,Bunch Beans,Bunch Beans,FAQ,2008-07-22,1260,1701,1701,224
Madhya Pradesh,Dewas,Kannod,Bunch Beans,Bunch Beans,FAQ,2008-08-23,1406,1406,1406,224
Madhya Pradesh,Dewas,Kannod,Bunch Beans,Bunch Beans,FAQ,2008-08-26,1300,2000,2000,224
Madhya Pradesh,Dewas,Kannod,Bunch Beans,Bunch Beans,FAQ,2008-10-01,1301,1752,1752,224
Madhya Pradesh,Dewas,Kannod,Bunch Beans,Bunch Beans,FAQ,2008-10-15,1450,1450,1450,224
Madhya Pradesh,Dewas,Kannod,Bunch Beans,Bunch Beans,FAQ,2008-10-18,1450,1625,1625,224
Madhya Pradesh,Dewas,Kannod,Bunch Beans,Bunch Beans,FAQ,2008-11-10,1601,1601,1601,224
Madhya Pradesh,Dewas,Khategaon,Bunch Beans,Bunch Beans,FAQ,2008-01-12,1303,1470,1470,224
Madhya Pradesh,Dewas,Khategaon,Bunch Beans,Bunch Beans,FAQ,2008-01-25,1350,1355,1355,224
Madhya Pradesh,Dewas,Khategaon,Bunch Beans,Bunch Beans,FAQ,2008-02-19,1451,1451,1451,224
Madhya Pradesh,Dewas,Khategaon,Bunch Beans,Bunch Beans,FAQ,2008-07-21,1600,1600,1600,224
Madhya Pradesh,Dewas,Khategaon,Bunch Beans,Bunch Beans,FAQ,2008-08-26,1300,2000,2000,224
Madhya Pradesh,Dewas,Khategaon,Bunch Beans,Bunch Beans,FAQ,2008-09-08,1400,1400,1400,224
Madhya Pradesh,Dewas,Khategaon,Bunch Beans,Bunch Beans,FAQ,2008-09-20,700,1413,1413,224
Madhya Pradesh,Dewas,Khategaon,Bunch Beans,Bunch Beans,FAQ,2008-10-13,1211,1401,1401,224
Madhya Pradesh,Dewas,Khategaon,Bunch Beans,Bunch Beans,FAQ,2008-10-23,1675,1675,1675,224
Madhya Pradesh,Dewas,Loharda,Bunch Beans,Bunch Beans,FAQ,2008-01-09,2862,2862,2862,224
Madhya Pradesh,Dewas,Loharda,Bunch Beans,Bunch Beans,FAQ,2008-01-28,1751,1751,1751,224
Madhya Pradesh,Dewas,Loharda,Bunch Beans,Bunch Beans,FAQ,2008-02-07,650,650,650,224
Madhya Pradesh,Dewas,Loharda,Bunch Beans,Bunch Beans,FAQ,2008-07-08,1761,1761,1761,224
Madhya Pradesh,Dewas,Loharda,Bunch Beans,Bunch Beans,FAQ,2008-08-25,1750,1750,1750,224
Madhya Pradesh,Dewas,Loharda,Bunch Beans,Bunch Beans,FAQ,2008-08-26,1300,2000,2000,224
Madhya Pradesh,Dewas,Loharda,Bunch Beans,Bunch Beans,FAQ,2008-09-17,1756,1901,1901,224
Madhya Pradesh,Dewas,Loharda,Bunch Beans,Bunch Beans,FAQ,2008-11-18,900,900,900,224
Madhya Pradesh,Dewas,Sonkatch,Bunch Beans,Bunch Beans,FAQ,2008-01-03,1475,1500,1500,224
Madhya Pradesh,Dewas,Sonkatch,Bunch Beans,Bunch Beans,FAQ,2008-01-09,2862,2862,2862,224
Madhya Pradesh,Dewas,Sonkatch,Bunch Beans,Bunch Beans,FAQ,2008-01-12,1303,1470,1470,224
Madhya Pradesh,Dewas,Sonkatch,Bunch Beans,Bunch Beans,FAQ,2008-02-01,1300,1500,1500,224
Madhya Pradesh,Dewas,Sonkatch,Bunch Beans,Bunch Beans,FAQ,2008-02-13,1254,1254,1254,224
Madhya Pradesh,Dewas,Sonkatch,Bunch Beans,Bunch Beans,FAQ,2008-02-28,1500,1500,1500,224
Madhya Pradesh,Dewas,Sonkatch,Bunch Beans,Bunch Beans,FAQ,2008-04-11,1500,1500,1500,224
Madhya Pradesh,Dewas,Sonkatch,Bunch Beans,Bunch Beans,FAQ,2008-08-23,1406,1406,1406,224
Madhya Pradesh,Dewas,Sonkatch,Bunch Beans,Bunch Beans,FAQ,2008-10-16,1500,1600,1600,224
Madhya Pradesh,Dewas,Sonkatch,Bunch Beans,Bunch Beans,FAQ,2008-10-18,1450,1625,1625,224
Madhya Pradesh,Dhar,Badnawar,Bunch Beans,Bunch Beans,FAQ,2008-01-22,1751,1751,1751,224
Madhya Pradesh,Dhar,Badnawar,Bunch Beans,Bunch Beans,FAQ,2008-02-14,1950,1950,1950,224
Madhya Pradesh,Dhar,Badnawar,Bunch Beans,Bunch Beans,FAQ,2008-02-23,1725,1725,1725,224
Madhya Pradesh,Dhar,Badnawar,Bunch Beans,Bunch Beans,FAQ,2008-06-25,1926,1926,1926,224
Madhya Pradesh,Dhar,Badnawar,Bunch Beans,Bunch Beans,FAQ,2008-07-31,1653,1653,1653,224
Madhya Pradesh,Dhar,Badnawar,Bunch Beans,Bunch Beans,FAQ,2008-08-29,2400,2500,2500,224
Madhya Pradesh,Dhar,Badnawar,Bunch Beans,Bunch Beans,FAQ,2008-09-01,1701,2451,2201,224
Madhya Pradesh,Dhar,Badnawar,Bunch Beans,Bunch Beans,FAQ,2008-09-18,2477,2632,2477,224
Madhya Pradesh,Dhar,Badnawar,Bunch Beans,Bunch Beans,FAQ,2008-10-20,2000,2000,2000,224
Madhya Pradesh,Dhar,Dhamnod,Bunch Beans,Bunch Beans,FAQ,2008-01-08,1000,1000,1000,224
Madhya Pradesh,Dhar,Dhamnod,Bunch Beans,Bunch Beans,FAQ,2008-08-23,2701,2701,2701,224
Madhya Pradesh,Dhar,Dhamnod,Bunch Beans,Bunch Beans,FAQ,2008-10-11,2410,2410,2410,224
Madhya Pradesh,Dhar,Dhamnod,Bunch Beans,Bunch Beans,FAQ,2008-12-06,2460,2460,2460,224
Madhya Pradesh,Dhar,Dhar,Bunch Beans,Bunch Beans,FAQ,2008-05-27,1926,1926,1926,224
Madhya Pradesh,Dhar,Dhar,Bunch Beans,Bunch Beans,FAQ,2008-09-09,2785,2785,2785,224
Madhya Pradesh,Dhar,Dhar,Bunch Beans,Bunch Beans,FAQ,2008-10-01,2801,2801,2801,224
Madhya Pradesh,Dhar,Dhar,Bunch Beans,Bunch Beans,FAQ,2008-10-03,2550,2550,2550,224
Madhya Pradesh,Dhar,Dhar,Bunch Beans,Bunch Beans,FAQ,2008-10-13,2300,2300,2300,224
Madhya Pradesh,Dhar,Kukshi,Bunch Beans,Bunch Beans,FAQ,2008-01-10,1000,1000,1000,224
Madhya Pradesh,Dhar,Kukshi,Bunch Beans,Bunch Beans,FAQ,2008-01-15,800,800,800,224
Madhya Pradesh,Dhar,Kukshi,Bunch Beans,Bunch Beans,FAQ,2008-02-07,2051,2051,2051,224
Madhya Pradesh,Dhar,Kukshi,Bunch Beans,Bunch Beans,FAQ,2008-02-14,1950,1950,1950,224
Madhya Pradesh,Dhar,Kukshi,Bunch Beans,Bunch Beans,FAQ,2008-08-29,2400,2500,2500,224
Madhya Pradesh,Dhar,Kukshi,Bunch Beans,Bunch Beans,FAQ,2008-09-02,2000,2000,2000,224
Madhya Pradesh,Dhar,Kukshi,Bunch Beans,Bunch Beans,FAQ,2008-09-09,2785,2785,2785,224
Madhya Pradesh,Dhar,Kukshi,Bunch Beans,Bunch Beans,FAQ,2008-10-13,2300,2300,2300,224
Madhya Pradesh,Dhar,Kukshi,Bunch Beans,Bunch Beans,FAQ,2008-10-16,2381,2701,2701,224
Madhya Pradesh,Dhar,Kukshi,Bunch Beans,Bunch Beans,FAQ,2008-10-17,1450,1850,1700,224
Madhya Pradesh,Dhar,Kukshi,Bunch Beans,Bunch Beans,FAQ,2008-10-18,2600,2600,2600,224
Madhya Pradesh,Dhar,Kukshi,Bunch Beans,Bunch Beans,FAQ,2008-10-20,2000,2000,2000,224
Madhya Pradesh,Dhar,Kukshi,Bunch Beans,Bunch Beans,FAQ,2008-12-06,2460,2460,2460,224
Madhya Pradesh,Dhar,Manawar,Bunch Beans,Bunch Beans,FAQ,2008-01-21,1544,1544,1544,224
Madhya Pradesh,Dhar,Manawar,Bunch Beans,Bunch Beans,FAQ,2008-01-29,1500,1500,1500,224
Madhya Pradesh,Dhar,Manawar,Bunch Beans,Bunch Beans,FAQ,2008-08-05,3050,3050,3050,224
Madhya Pradesh,Dhar,Manawar,Bunch Beans,Bunch Beans,FAQ,2008-09-04,2375,2501,2501,224
Madhya Pradesh,Dhar,Manawar,Bunch Beans,Bunch Beans,FAQ,2008-09-09,2785,2785,2785,224
Madhya Pradesh,Dhar,Manawar,Bunch Beans,Bunch Beans,FAQ,2008-09-18,2477,2632,2477,224
Madhya Pradesh,Dhar,Manawar,Bunch Beans,Bunch Beans,FAQ,2008-09-30,1900,2380,2380,224
Madhya Pradesh,Dhar,Manawar,Bunch Beans,Bunch Beans,FAQ,2008-10-16,2381,2701,2701,224
Madhya Pradesh,Dhar,Manawar,Bunch Beans,Bunch Beans,FAQ,2008-10-17,1450,1850,1700,224
Madhya Pradesh,Dhar,Manawar,Bunch Beans,Bunch Beans,FAQ,2008-10-20,2000,2000,2000,224
Madhya Pradesh,Dhar,Rajgarh,Bunch Beans,Bunch Beans,FAQ,2008-01-04,1711,1711,1711,224
Madhya Pradesh,Dhar,Rajgarh,Bunch Beans,Bunch Beans,FAQ,2008-08-05,3050,3050,3050,224
Madhya Pradesh,Dhar,Rajgarh,Bunch Beans,Bunch Beans,FAQ,2008-08-23,2701,2701,2701,224
Madhya Pradesh,Dhar,Rajgarh,Bunch Beans,Bunch Beans,FAQ,2008-09-09,2785,2785,2785,224
Madhya Pradesh,Dhar,Rajgarh,Bunch Beans,Bunch Beans,FAQ,2008-10-07,1775,2301,2301,224
Madhya Pradesh,Indore,Indore(F&V),Bunch Beans,Bunch Beans,FAQ,2008-01-10,1000,1000,1000,224
Madhya Pradesh,Indore,Indore(F&V),Bunch Beans,Bunch Beans,FAQ,2008-08-23,2701,2701,2701,224
Madhya Pradesh,Indore,Indore(F&V),Bunch Beans,Bunch Beans,FAQ,2008-09-08,2950,2950,2950,224
Madhya Pradesh,Indore,Indore(F&V),Bunch Beans,Bunch Beans,FAQ,2008-09-09,2785,2785,2785,224
Madhya Pradesh,Indore,Indore(F&V),Bunch Beans,Bunch Beans,FAQ,2008-09-18,2477,2632,2477,224
Madhya Pradesh,Indore,Indore(F&V),Bunch Beans,Bunch Beans,FAQ,2008-09-22,1840,2751,2751,224
Madhya Pradesh,Indore,Indore(F&V),Bunch Beans,Bunch Beans,FAQ,2008-10-20,2000,2000,2000,224
Madhya Pradesh,Indore,Mhow,Bunch Beans,Bunch Beans,FAQ,2008-02-14,1950,1950,1950,224
Madhya Pradesh,Indore,Mhow,Bunch Beans,Bunch Beans,FAQ,2008-06-25,1926,1926,1926,224
Madhya Pradesh,Indore,Mhow,Bunch Beans,Bunch Beans,FAQ,2008-09-08,2950,2950,2950,224
Madhya Pradesh,Indore,Mhow,Bunch Beans,Bunch Beans,FAQ,2008-09-18,2477,2632,2477,224
Madhya Pradesh,Indore,Mhow,Bunch Beans,Bunch Beans,FAQ,2008-10-13,2300,2300,2300,224
Madhya Pradesh,Indore,Mhow,Bunch Beans,Bunch Beans,FAQ,2008-11-08,1351,1351,1351,224
Madhya Pradesh,Indore,Mhow,Bunch Beans,Bunch Beans,FAQ,2008-12-05,2086,2086,2086,224
Madhya Pradesh,Indore,Sanwer,Bunch Beans,Bunch Beans,FAQ,2008-07-31,1653,1653,1653,224
Madhya Pradesh,Indore,Sanwer,Bunch Beans,Bunch Beans,FAQ,2008-09-18,2477,2632,2477,224
Madhya Pradesh,Indore,Sanwer,Bunch Beans,Bunch Beans,FAQ,2008-09-22,1840,2751,2751,224
Madhya Pradesh,Indore,Sanwer,Bunch Beans,Bunch Beans,FAQ,2008-09-30,1900,2380,2380,224
Madhya Pradesh,Indore,Sanwer,Bunch Beans,Bunch Beans,FAQ,2008-10-07,1775,2301,2301,224
Madhya Pradesh,Jhabua,Jhabua,Bunch Beans,Bunch Beans,FAQ,2008-01-04,1711,1711,1711,224
Madhya Pradesh,Jhabua,Jhabua,Bunch Beans,Bunch Beans,FAQ,2008-02-23,1725,1725,1725,224
Madhya Pradesh,Jhabua,Jhabua,Bunch Beans,Bunch Beans,FAQ,2008-07-31,1653,1653,1653,224
Madhya Pradesh,Jhabua,Jhabua,Bunch Beans,Bunch Beans,FAQ,2008-09-01,1701,2451,2201,224
Madhya Pradesh,Jhabua,Jhabua,Bunch Beans,Bunch Beans,FAQ,2008-09-18,2477,2632,2477,224
Madhya Pradesh,Jhabua,Jhabua,Bunch Beans,Bunch Beans,FAQ,2008-09-22,1840,2751,2751,224
Madhya Pradesh,Jhabua,Jhabua,Bunch Beans,Bunch Beans,FAQ,2008-09-30,1900,2380,2380,224
Madhya Pradesh,Jhabua,Jhabua,Bunch Beans,Bunch Beans,FAQ,2008-10-16,2381,2701,2701,224
Madhya Pradesh,Jhabua,Jhabua,Bunch Beans,Bunch Beans,FAQ,2008-12-06,2460,2460,2460,224
Madhya Pradesh,Jhabua,Petlawad,Bunch Beans,Bunch Beans,FAQ,2008-01-08,1000,1000,1000,224
Madhya Pradesh,Jhabua,Petlawad,Bunch Beans,Bunch Beans,FAQ,2008-01-22,1751,1751,1751,224
Madhya Pradesh,Jhabua,Petlawad,Bunch Beans,Bunch Beans,FAQ,2008-01-29,1500,1500,1500,224
Madhya Pradesh,Jhabua,Petlawad,Bunch Beans,Bunch Beans,FAQ,2008-06-13,1556,1841,1841,224
Madhya Pradesh,Jhabua,Petlawad,Bunch Beans,Bunch Beans,FAQ,2008-11-08,1351,1351,1351,224
Madhya Pradesh,Jhabua,Thandla,Bunch Beans,Bunch Beans,FAQ,2008-02-07,2051,2051,2051,224
Madhya Pradesh,Jhabua,Thandla,Bunch Beans,Bunch Beans,FAQ,2008-08-29,2400,2500,2500,224
Madhya Pradesh,Jhabua,Thandla,Bunch Beans,Bunch Beans,FAQ,2008-09-04,2375,2501,2501,224
Madhya Pradesh,Jhabua,Thandla,Bunch Beans,Bunch Beans,FAQ,2008-10-11,2410,2410,2410,224
Madhya Pradesh,Jhabua,Thandla,Bunch Beans,Bunch Beans,FAQ,2008-10-13,2300,2300,2300,224
Madhya Pradesh,Jhabua,Thandla,Bunch Beans,Bunch Beans,FAQ,2008-10-15,1900,1900,1900,224
Madhya Pradesh,Jhabua,Thandla,Bunch Beans,Bunch Beans,FAQ,2008-10-17,1450,1850,1700,224
Madhya Pradesh,Jhabua,Thandla,Bunch Beans,Bunch Beans,FAQ,2008-10-18,2600,2600,2600,224
Madhya Pradesh,Jhabua,Thandla,Bunch Beans,Bunch Beans,FAQ,2008-11-08,1351,1351,1351,224
Madhya Pradesh,Khandwa,Harsood,Bunch Beans,Bunch Beans,FAQ,2008-01-08,1000,1000,1000,224
Madhya Pradesh,Khandwa,Harsood,Bunch Beans,Bunch Beans,FAQ,2008-06-13,1556,1841,1841,224
Madhya Pradesh,Khandwa,Harsood,Bunch Beans,Bunch Beans,FAQ,2008-08-23,2701,2701,2701,224
Madhya Pradesh,Khandwa,Harsood,Bunch Beans,Bunch Beans,FAQ,2008-09-02,2000,2000,2000,224
Madhya Pradesh,Khandwa,Harsood,Bunch Beans,Bunch Beans,FAQ,2008-09-09,2785,2785,2785,224
Madhya Pradesh,Khandwa,Harsood,Bunch Beans,Bunch Beans,FAQ,2008-09-30,1900,2380,2380,224
Madhya Pradesh,Khandwa,Harsood,Bunch Beans,Bunch Beans,FAQ,2008-10-16,2381,2701,2701,224
Madhya Pradesh,Khandwa,Khandwa,Bunch Beans,Bunch Beans,FAQ,2008-01-15,800,800,800,224
Madhya Pradesh,Khandwa,Khandwa,Bunch Beans,Bunch Beans,FAQ,2008-01-21,1544,1544,1544,224
Madhya Pradesh,Khandwa,Khandwa,Bunch Beans,Bunch Beans,FAQ,2008-02-07,2051,2051,2051,224
Madhya Pradesh,Khandwa,Khandwa,Bunch Beans,Bunch Beans,FAQ,2008-06-25,1926,1926,1926,224
Madhya Pradesh,Khandwa,Khandwa,Bunch Beans,Bunch Beans,FAQ,2008-09-01,1701,2451,2201,224
Madhya Pradesh,Khandwa,Khandwa,Bunch Beans,Bunch Beans,FAQ,2008-09-02,2000,2000,2000,224
Madhya Pradesh,Khandwa,Khandwa,Bunch Beans,Bunch Beans,FAQ,2008-10-07,1775,2301,2301,224
Madhya Pradesh,Khandwa,Khandwa,Bunch Beans,Bunch Beans,FAQ,2008-10-13,2300,2300,2300,224
Madhya Pradesh,Khandwa,Pandhana,Bunch Beans,Bunch Beans,FAQ,2008-01-10,1000,1000,1000,224
Madhya Pradesh,Khandwa,Pandhana,Bunch Beans,Bunch Beans,FAQ,2008-01-21,1544,1544,1544,224
Madhya Pradesh,Khandwa,Pandhana,Bunch Beans,Bunch Beans,FAQ,2008-01-29,1500,1500,1500,224
Madhya Pradesh,Khandwa,Pandhana,Bunch Beans,Bunch Beans,FAQ,2008-08-23,2701,2701,2701,224
Madhya Pradesh,Khandwa,Pandhana,Bunch Beans,Bunch Beans,FAQ,2008-09-18,2477,2632,2477,224
Madhya Pradesh,Khandwa,Pandhana,Bunch Beans,Bunch Beans,FAQ,2008-12-05,2086,2086,2086,224
Madhya Pradesh,Khargone,Badwaha,Bunch Beans,Bunch Beans,FAQ,2008-08-29,2400,2500,2500,224
Madhya Pradesh,Khargone,Badwaha,Bunch Beans,Bunch Beans,FAQ,2008-09-08,2950,2950,2950,224
Madhya Pradesh,Khargone,Badwaha,Bunch Beans,Bunch Beans,FAQ,2008-10-03,2550,2550,2550,224
Madhya Pradesh,Khargone,Badwaha,Bunch Beans,Bunch Beans,FAQ,2008-10-06,1601,2300,2100,224
Madhya Pradesh,Khargone,Badwaha,Bunch Beans,Bunch Beans,FAQ,2008-10-07,1775,2301,2301,224
Madhya Pradesh,Khargone,Badwaha,Bunch Beans,Bunch Beans,FAQ,2008-10-11,2410,2410,2410,224
Madhya Pradesh,Khargone,Badwaha,Bunch Beans,Bunch Beans,FAQ,2008-10-16,2381,2701,2701,224
Madhya Pradesh,Khargone,Badwaha,Bunch Beans,Bunch Beans,FAQ,2008-10-18,2600,2600,2600,224
Madhya Pradesh,Khargone,Badwaha,Bunch Beans,Bunch Beans,FAQ,2008-12-05,2086,2086,2086,224
Madhya Pradesh,Khargone,Bhikangaon,Bunch Beans,Bunch Beans,FAQ,2008-01-04,1711,1711,1711,224
Madhya Pradesh,Khargone,Bhikangaon,Bunch Beans,Bunch Beans,FAQ,2008-01-21,1544,1544,1544,224
Madhya Pradesh,Khargone,Bhikangaon,Bunch Beans,Bunch Beans,FAQ,2008-02-23,1725,1725,1725,224
Madhya Pradesh,Khargone,Bhikangaon,Bunch Beans,Bunch Beans,FAQ,2008-08-05,3050,3050,3050,224
Madhya Pradesh,Khargone,Bhikangaon,Bunch Beans,Bunch Beans,FAQ,2008-08-23,2701,2701,2701,224
Madhya Pradesh,Khargone,Bhikangaon,Bunch Beans,Bunch Beans,FAQ,2008-08-29,2400,2500,2500,224
Madhya Pradesh,Khargone,Bhikangaon,Bunch Beans,Bunch Beans,FAQ,2008-09-04,2375,2501,2501,224
Madhya Pradesh,Khargone,Bhikangaon,Bunch Beans,Bunch Beans,FAQ,2008-09-08,2950,2950,2950,224
Madhya Pradesh,Khargone,Bhikangaon,Bunch Beans,Bunch Beans,FAQ,2008-10-17,1450,1850,1700,224
Madhya Pradesh,Khargone,Karhi,Bunch Beans,Bunch Beans,FAQ,2008-01-08,1000,1000,1000,224
Madhya Pradesh,Khargone,Karhi,Bunch Beans,Bunch Beans,FAQ,2008-01-21,1544,1544,1544,224
Madhya Pradesh,Khargone,Karhi,Bunch Beans,Bunch Beans,FAQ,2008-02-23,1725,1725,1725,224
Madhya Pradesh,Khargone,Karhi,Bunch Beans,Bunch Beans,FAQ,2008-09-02,2000,2000,2000,224
Madhya Pradesh,Khargone,Karhi,Bunch Beans,Bunch Beans,FAQ,2008-10-01,2801,2801,2801,224
Madhya Pradesh,Khargone,Karhi,Bunch Beans,Bunch Beans,FAQ,2008-10-11,2410,2410,2410,224
Madhya Pradesh,Khargone,Karhi,Bunch Beans,Bunch Beans,FAQ,2008-10-13,2300,2300,2300,224
Madhya Pradesh,Khargone,Karhi,Bunch Beans,Bunch Beans,FAQ,2008-12-06,2460,2460,2460,224
Madhya Pradesh,Khargone,Kasrawad,Bunch Beans,Bunch Beans,FAQ,2008-01-08,1000,1000,1000,224
Madhya Pradesh,Khargone,Kasrawad,Bunch Beans,Bunch Beans,FAQ,2008-06-13,1556,1841,1841,224
Madhya Pradesh,Khargone,Kasrawad,Bunch Beans,Bunch Beans,FAQ,2008-08-05,3050,3050,3050,224
Madhya Pradesh,Khargone,Kasrawad,Bunch Beans,Bunch Beans,FAQ,2008-08-23,2701,2701,2701,224
Madhya Pradesh,Khargone,Kasrawad,Bunch Beans,Bunch Beans,FAQ,2008-09-18,2477,2632,2477,224
Madhya Pradesh,Khargone,Kasrawad,Bunch Beans,Bunch Beans,FAQ,2008-09-22,1840,2751,2751,224
Madhya Pradesh,Khargone,Kasrawad,Bunch Beans,Bunch Beans,FAQ,2008-10-01,2801,2801,2801,224
Madhya Pradesh,Khargone,Kasrawad,Bunch Beans,Bunch Beans,FAQ,2008-10-13,2300,2300,2300,224
Madhya Pradesh,Khargone,Kasrawad,Bunch Beans,Bunch Beans,FAQ,2008-12-06,2460,2460,2460,224
Madhya Pradesh,Khargone,Khargone,Bunch Beans,Bunch Beans,FAQ,2008-01-29,1500,1500,1500,224
Madhya Pradesh,Khargone,Khargone,Bunch Beans,Bunch Beans,FAQ,2008-10-06,1601,2300,2100,224
Madhya Pradesh,Khargone,Khargone,Bunch Beans,Bunch Beans,FAQ,2008-10-07,1775,2301,2301,224
Madhya Pradesh,Khargone,Khargone,Bunch Beans,Bunch Beans,FAQ,2008-10-17,1450,1850,1700,224
Madhya Pradesh,Khargone,Khargone,Bunch Beans,Bunch Beans,FAQ,2008-10-20,2000,2000,2000,224
Madhya Pradesh,Khargone,Khargone,Bunch Beans,Bunch Beans,FAQ,2008-11-08,1351,1351,1351,224
Madhya Pradesh,Khargone,Khargone,Bunch Beans,Bunch Beans,FAQ,2008-12-06,2460,2460,2460,224
Madhya Pradesh,Khargone,Sanawad,Bunch Beans,Bunch Beans,FAQ,2008-01-04,1711,1711,1711,224
Madhya Pradesh,Khargone,Sanawad,Bunch Beans,Bunch Beans,FAQ,2008-01-29,1500,1500,1500,224
Madhya Pradesh,Khargone,Sanawad,Bunch Beans,Bunch Beans,FAQ,2008-09-18,2477,2632,2477,224
Madhya Pradesh,Khargone,Sanawad,Bunch Beans,Bunch Beans,FAQ,2008-10-07,1775,2301,2301,224
Madhya Pradesh,Khargone,Sanawad,Bunch Beans,Bunch Beans,FAQ,2008-12-05,2086,2086,2086,224
Madhya Pradesh,Khargone,Segaon,Bunch Beans,Bunch Beans,FAQ,2008-01-08,1000,1000,1000,224
Madhya Pradesh,Khargone,Segaon,Bunch Beans,Bunch Beans,FAQ,2008-02-07,2051,2051,2051,224
Madhya Pradesh,Khargone,Segaon,Bunch Beans,Bunch Beans,FAQ,2008-09-01,1701,2451,2201,224
Madhya Pradesh,Khargone,Segaon,Bunch Beans,Bunch Beans,FAQ,2008-09-10,2160,2443,2443,224
Madhya Pradesh,Khargone,Segaon,Bunch Beans,Bunch Beans,FAQ,2008-09-30,1900,2380,2380,224
Madhya Pradesh,Khargone,Segaon,Bunch Beans,Bunch Beans,FAQ,2008-10-13,2300,2300,2300,224
Madhya Pradesh,Khargone,Segaon,Bunch Beans,Bunch Beans,FAQ,2008-10-20,2000,2000,2000,224
Madhya Pradesh,Khargone,Segaon,Bunch Beans,Bunch Beans,FAQ,2008-12-05,2086,2086,2086,224
Madhya Pradesh,Mandla,Bichhiya,Bunch Beans,Bunch Beans,FAQ,2008-01-12,1303,1470,1470,224
Madhya Pradesh,Mandla,Bichhiya,Bunch Beans,Bunch Beans,FAQ,2008-01-25,1350,1355,1355,224
Madhya Pradesh,Mandla,Bichhiya,Bunch Beans,Bunch Beans,FAQ,2008-02-07,650,650,650,224
Madhya Pradesh,Mandla,Bichhiya,Bunch Beans,Bunch Beans,FAQ,2008-04-11,1500,1500,1500,224
Madhya Pradesh,Mandla,Bichhiya,Bunch Beans,Bunch Beans,FAQ,2008-07-21,1600,1600,1600,224
Madhya Pradesh,Mandla,Bichhiya,Bunch Beans,Bunch Beans,FAQ,2008-07-22,1260,1701,1701,224
Madhya Pradesh,Mandla,Bichhiya,Bunch Beans,Bunch Beans,FAQ,2008-08-22,1300,1300,1300,224
Madhya Pradesh,Mandla,Bichhiya,Bunch Beans,Bunch Beans,FAQ,2008-10-06,1300,1531,1531,224
Madhya Pradesh,Mandla,Bichhiya,Bunch Beans,Bunch Beans,FAQ,2008-10-15,1450,1450,1450,224
Madhya Pradesh,Mandla,Bichhiya,Bunch Beans,Bunch Beans,FAQ,2008-10-23,1675,1675,1675,224
Madhya Pradesh,Mandla,Bichhiya,Bunch Beans,Bunch Beans,FAQ,2008-11-29,1103,1103,1103,224
Madhya Pradesh,Mandsaur,Mandsaur,Bunch Beans,Bunch Beans,FAQ,2008-01-07,1450,1450,1450,224
Madhya Pradesh,Mandsaur,Mandsaur,Bunch Beans,Bunch Beans,FAQ,2008-01-09,2862,2862,2862,224
Madhya Pradesh,Mandsaur,Mandsaur,Bunch Beans,Bunch Beans,FAQ,2008-02-07,650,650,650,224
Madhya Pradesh,Mandsaur,Mandsaur,Bunch Beans,Bunch Beans,FAQ,2008-02-26,1461,1461,1461,224
Madhya Pradesh,Mandsaur,Mandsaur,Bunch Beans,Bunch Beans,FAQ,2008-07-14,1200,1200,1200,224
Madhya Pradesh,Mandsaur,Mandsaur,Bunch Beans,Bunch Beans,FAQ,2008-08-28,1325,1325,1325,224
Madhya Pradesh,Mandsaur,Mandsaur,Bunch Beans,Bunch Beans,FAQ,2008-09-08,1400,1400,1400,224
Madhya Pradesh,Mandsaur,Mandsaur,Bunch Beans,Bunch Beans,FAQ,2008-09-17,1756,1901,1901,224
Madhya Pradesh,Mandsaur,Mandsaur,Bunch Beans,Bunch Beans,FAQ,2008-10-06,1300,1531,1531,224
Madhya Pradesh,Mandsaur,Mandsaur,Bunch Beans,Bunch Beans,FAQ,2008-10-16,1500,1600,1600,224
Madhya Pradesh,Mandsaur,Mandsaur,Bunch Beans,Bunch Beans,FAQ,2008-10-20,2000,2000,2000,224
Madhya Pradesh,Mandsaur,Mandsaur,Bunch Beans,Bunch Beans,FAQ,2008-10-25,1325,1325,1325,224
Madhya Pradesh,Mandsaur,Mandsaur,Bunch Beans,Bunch Beans,FAQ,2008-11-18,900,900,900,224
Madhya Pradesh,Mandsaur,Piplya,Bunch Beans,Bunch Beans,FAQ,2008-01-09,2862,2862,2862,224
Madhya Pradesh,Mandsaur,Piplya,Bunch Beans,Bunch Beans,FAQ,2008-01-28,1751,1751,1751,224
Madhya Pradesh,Mandsaur,Piplya,Bunch Beans,Bunch Beans,FAQ,2008-06-13,1351,1351,1351,224
Madhya Pradesh,Mandsaur,Piplya,Bunch Beans,Bunch Beans,FAQ,2008-07-08,1761,1761,1761,224
Madhya Pradesh,Mandsaur,Piplya,Bunch Beans,Bunch Beans,FAQ,2008-07-14,1200,1200,1200,224
Madhya Pradesh,Mandsaur,Piplya,Bunch Beans,Bunch Beans,FAQ,2008-10-15,1450,1450,1450,224
Madhya Pradesh,Mandsaur,Shamgarh,Bunch Beans,Bunch Beans,FAQ,2008-01-09,2862,2862,2862,224
Madhya Pradesh,Mandsaur,Shamgarh,Bunch Beans,Bunch Beans,FAQ,2008-02-13,1254,1254,1254,224
Madhya Pradesh,Mandsaur,Shamgarh,Bunch Beans,Bunch Beans,FAQ,2008-04-11,1500,1500,1500,224
Madhya Pradesh,Mandsaur,Shamgarh,Bunch Beans,Bunch Beans,FAQ,2008-05-05,1400,1400,1400,224
Madhya Pradesh,Mandsaur,Shamgarh,Bunch Beans,Bunch Beans,FAQ,2008-07-14,1200,1200,1200,224
Madhya Pradesh,Mandsaur,Shamgarh,Bunch Beans,Bunch Beans,FAQ,2008-07-21,1600,1600,1600,224
Madhya Pradesh,Mandsaur,Shamgarh,Bunch Beans,Bunch Beans,FAQ,2008-07-22,1260,1701,1701,224
Madhya Pradesh,Mandsaur,Shamgarh,Bunch Beans,Bunch Beans,FAQ,2008-09-20,700,1413,1413,224
Madhya Pradesh,Mandsaur,Shamgarh,Bunch Beans,Bunch Beans,FAQ,2008-11-29,1103,1103,1103,224
Madhya Pradesh,Mandsaur,Suvasra,Bunch Beans,Bunch Beans,FAQ,2008-01-03,1475,1500,1500,224
Madhya Pradesh,Mandsaur,Suvasra,Bunch Beans,Bunch Beans,FAQ,2008-01-08,1411,1411,1411,224
Madhya Pradesh,Mandsaur,Suvasra,Bunch Beans,Bunch Beans,FAQ,2008-02-07,650,650,650,224
Madhya Pradesh,Mandsaur,Suvasra,Bunch Beans,Bunch Beans,FAQ,2008-07-21,1600,1600,1600,224
Madhya Pradesh,Mandsaur,Suvasra,Bunch Beans,Bunch Beans,FAQ,2008-08-23,1406,1406,1406,224
Madhya Pradesh,Mandsaur,Suvasra,Bunch Beans,Bunch Beans,FAQ,2008-08-25,1750,1750,1750,224
Madhya Pradesh,Mandsaur,Suvasra,Bunch Beans,Bunch Beans,FAQ,2008-08-28,1325,1325,1325,224
Madhya Pradesh,Mandsaur,Suvasra,Bunch Beans,Bunch Beans,FAQ,2008-09-08,1400,1400,1400,224
Madhya Pradesh,Mandsaur,Suvasra,Bunch Beans,Bunch Beans,FAQ,2008-10-06,1300,1531,1531,224
Madhya Pradesh,Neemuch,Manasa,Bunch Beans,Bunch Beans,FAQ,2008-01-07,1450,1450,1450,224
Madhya Pradesh,Neemuch,Manasa,Bunch Beans,Bunch Beans,FAQ,2008-01-08,1411,1411,1411,224
Madhya Pradesh,Neemuch,Manasa,Bunch Beans,Bunch Beans,FAQ,2008-02-13,1254,1254,1254,224
Madhya Pradesh,Neemuch,Manasa,Bunch Beans,Bunch Beans,FAQ,2008-03-15,1550,1550,1550,224
Madhya Pradesh,Neemuch,Manasa,Bunch Beans,Bunch Beans,FAQ,2008-06-13,1351,1351,1351,224
Madhya Pradesh,Neemuch,Manasa,Bunch Beans,Bunch Beans,FAQ,2008-07-12,1500,1500,1500,224
Madhya Pradesh,Neemuch,Manasa,Bunch Beans,Bunch Beans,FAQ,2008-08-23,1406,1406,1406,224
Madhya Pradesh,Neemuch,Manasa,Bunch Beans,Bunch Beans,FAQ,2008-09-08,1400,1400,1400,224
Madhya Pradesh,Neemuch,Manasa,Bunch Beans,Bunch Beans,FAQ,2008-09-30,1717,1717,1717,224
Madhya Pradesh,Neemuch,Manasa,Bunch Beans,Bunch Beans,FAQ,2008-10-18,1450,1625,1625,224
Madhya Pradesh,Neemuch,Manasa,Bunch Beans,Bunch Beans,FAQ,2008-10-21,1404,1404,1404,224
Madhya Pradesh,Neemuch,Manasa,Bunch Beans,Bunch Beans,FAQ,2008-11-10,1601,1601,1601,224
Madhya Pradesh,Neemuch,Manasa,Bunch Beans,Bunch Beans,FAQ,2008-11-29,1103,1103,1103,224
Madhya Pradesh,Neemuch,Neemuch,Bunch Beans,Bunch Beans,FAQ,2008-01-28,1751,1751,1751,224
Madhya Pradesh,Neemuch,Neemuch,Bunch Beans,Bunch Beans,FAQ,2008-02-01,1300,1500,1500,224
Madhya Pradesh,Neemuch,Neemuch,Bunch Beans,Bunch Beans,FAQ,2008-06-13,1351,1351,1351,224
Madhya Pradesh,Neemuch,Neemuch,Bunch Beans,Bunch Beans,FAQ,2008-07-22,1260,1701,1701,224
Madhya Pradesh,Neemuch,Neemuch,Bunch Beans,Bunch Beans,FAQ,2008-08-26,1300,2000,2000,224
Madhya Pradesh,Neemuch,Neemuch,Bunch Beans,Bunch Beans,FAQ,2008-10-20,2000,2000,2000,224
Madhya Pradesh,Neemuch,Neemuch,Bunch Beans,Bunch Beans,FAQ,2008-10-21,1404,1404,1404,224
Madhya Pradesh,Neemuch,Neemuch,Bunch Beans,Bunch Beans,FAQ,2008-10-25,1325,1325,1325,224
Madhya Pradesh,Ratlam,A lot,Bunch Beans,Bunch Beans,FAQ,2008-01-07,1450,1450,1450,224
Madhya Pradesh,Ratlam,A lot,Bunch Beans,Bunch Beans,FAQ,2008-01-08,1411,1411,1411,224
Madhya Pradesh,Ratlam,A lot,Bunch Beans,Bunch Beans,FAQ,2008-01-28,1751,1751,1751,224
Madhya Pradesh,Ratlam,A lot,Bunch Beans,Bunch Beans,FAQ,2008-02-07,650,650,650,224
Madhya Pradesh,Ratlam,A lot,Bunch Beans,Bunch Beans,FAQ,2008-02-26,1461,1461,1461,224
Madhya Pradesh,Ratlam,A lot,Bunch Beans,Bunch Beans,FAQ,2008-03-15,1550,1550,1550,224
Madhya Pradesh,Ratlam,A lot,Bunch Beans,Bunch Beans,FAQ,2008-04-11,1500,1500,1500,224
Madhya Pradesh,Ratlam,A lot,Bunch Beans,Bunch Beans,FAQ,2008-05-05,1400,1400,1400,224
Madhya Pradesh,Ratlam,A lot,Bunch Beans,Bunch Beans,FAQ,2008-09-30,1717,1717,1717,224
Madhya Pradesh,Ratlam,A lot,Bunch Beans,Bunch Beans,FAQ,2008-10-13,1211,1401,1401,224
Madhya Pradesh,Ratlam,A lot,Bunch Beans,Bunch Beans,FAQ,2008-10-16,1500,1600,1600,224
Madhya Pradesh,Ratlam,A lot,Bunch Beans,Bunch Beans,FAQ,2008-10-25,1325,1325,1325,224
Madhya Pradesh,Ratlam,Jaora,Bunch Beans,Bunch Beans,FAQ,2008-06-13,1351,1351,1351,224
Madhya Pradesh,Ratlam,Jaora,Bunch Beans,Bunch Beans,FAQ,2008-09-20,700,1413,1413,224
Madhya Pradesh,Ratlam,Jaora,Bunch Beans,Bunch Beans,FAQ,2008-10-01,1301,1752,1752,224
Madhya Pradesh,Ratlam,Jaora,Bunch Beans,Bunch Beans,FAQ,2008-10-06,1300,1531,1531,224
Madhya Pradesh,Ratlam,Jaora,Bunch Beans,Bunch Beans,FAQ,2008-10-13,1211,1401,1401,224
Madhya Pradesh,Ratlam,Jaora,Bunch Beans,Bunch Beans,FAQ,2008-10-23,1675,1675,1675,224
Madhya Pradesh,Ratlam,Jaora,Bunch Beans,Bunch Beans,FAQ,2008-10-25,1325,1325,1325,224
Madhya Pradesh,Ratlam,Jaora,Bunch Beans,Bunch Beans,FAQ,2008-11-29,1103,1103,1103,224
Madhya Pradesh,Ratlam,Ratlam,Bunch Beans,Bunch Beans,FAQ,2008-01-03,1475,1500,1500,224
Madhya Pradesh,Ratlam,Ratlam,Bunch Beans,Bunch Beans,FAQ,2008-01-28,1751,1751,1751,224
Madhya Pradesh,Ratlam,Ratlam,Bunch Beans,Bunch Beans,FAQ,2008-02-07,650,650,650,224
Madhya Pradesh,Ratlam,Ratlam,Bunch Beans,Bunch Beans,FAQ,2008-02-13,1254,1254,1254,224
Madhya Pradesh,Ratlam,Ratlam,Bunch Beans,Bunch Beans,FAQ,2008-06-13,1351,1351,1351,224
Madhya Pradesh,Ratlam,Ratlam,Bunch Beans,Bunch Beans,FAQ,2008-07-09,1500,1500,1500,224
Madhya Pradesh,Ratlam,Ratlam,Bunch Beans,Bunch Beans,FAQ,2008-07-12,1500,1500,1500,224
Madhya Pradesh,Ratlam,Ratlam,Bunch Beans,Bunch Beans,FAQ,2008-08-23,1406,1406,1406,224
Madhya Pradesh,Ratlam,Ratlam,Bunch Beans,Bunch Beans,FAQ,2008-08-28,1325,1325,1325,224
Madhya Pradesh,Ratlam,Ratlam,Bunch Beans,Bunch Beans,FAQ,2008-09-10,1481,2063,2063,224
Madhya Pradesh,Ratlam,Ratlam,Bunch Beans,Bunch Beans,FAQ,2008-09-20,700,1413,1413,224
Madhya Pradesh,Ratlam,Ratlam,Bunch Beans,Bunch Beans,FAQ,2008-09-30,1717,1717,1717,224
Madhya Pradesh,Ratlam,Ratlam,Bunch Beans,Bunch Beans,FAQ,2008-11-10,1601,1601,1601,224
Madhya Pradesh,Ratlam,Sailana,Bunch Beans,Bunch Beans,FAQ,2008-01-08,1411,1411,1411,224
Madhya Pradesh,Ratlam,Sailana,Bunch Beans,Bunch Beans,FAQ,2008-01-23,1325,1325,1325,224
Madhya Pradesh,Ratlam,Sailana,Bunch Beans,Bunch Beans,FAQ,2008-01-25,1350,1355,1355,224
Madhya Pradesh,Ratlam,Sailana,Bunch Beans,Bunch Beans,FAQ,2008-02-26,1461,1461,1461,224
Madhya Pradesh,Ratlam,Sailana,Bunch Beans,Bunch Beans,FAQ,2008-02-28,1500,1500,1500,224
Madhya Pradesh,Ratlam,Sailana,Bunch Beans,Bunch Beans,FAQ,2008-08-23,1406,1406,1406,224
Andhra Pradesh,Visakhapatnam,Paderu,Bunch Beans,Bunch Beans,FAQ,2008-01-02,2300,2700,2500,224
Karnataka,Bangalore,"Binny Mill (F&V), Bangalore",Bunch Beans,Bunch Beans,FAQ,2008-01-07,800,1000,900,224
Karnataka,Bangalore,"Binny Mill (F&V), Bangalore",Bunch Beans,Bunch Beans,FAQ,2008-01-11,800,1000,900,224
Karnataka,Bangalore,"Binny Mill (F&V), Bangalore",Bunch Beans,Bunch Beans,FAQ,2008-01-22,900,1200,1000,224
Karnataka,Bangalore,"Binny Mill (F&V), Bangalore",Bunch Beans,Bunch Beans,FAQ,2008-02-06,800,1000,900,224
Karnataka,Bangalore,"Binny Mill (F&V), Bangalore",Bunch Beans,Bunch Beans,FAQ,2008-02-25,800,1000,900,224
Karnataka,Bangalore,"Binny Mill (F&V), Bangalore",Bunch Beans,Bunch Beans,FAQ,2008-03-04,800,1200,1000,224
Karnataka,Bangalore,"Binny Mill (F&V), Bangalore",Bunch Beans,Bunch Beans,FAQ,2008-03-10,800,1000,900,224
Karnataka,Bangalore,"Binny Mill (F&V), Bangalore",Bunch Beans,Bunch Beans,FAQ,2008-03-26,700,1000,800,224
Karnataka,Bangalore,"Binny Mill (F&V), Bangalore",Bunch Beans,Bunch Beans,FAQ,2008-04-10,1000,1500,1300,224
Karnataka,Bangalore,"Binny Mill (F&V), Bangalore",Bunch Beans,Bunch Beans,FAQ,2008-04-24,1000,1200,1100,224
Karnataka,Bangalore,"Binny Mill (F&V), Bangalore",Bunch Beans,Bunch Beans,FAQ,2008-04-26,1000,1400,1200,224
Karnataka,Bangalore,"Binny Mill (F&V), Bangalore",Bunch Beans,Bunch Beans,FAQ,2008-04-29,1000,1400,1200,224
Karnataka,Bangalore,"Binny Mill (F&V), Bangalore",Bunch Beans,Bunch Beans,FAQ,2008-05-07,1000,1400,1250,224
Karnataka,Bangalore,"Binny Mill (F&V), Bangalore",Bunch Beans,Bunch Beans,FAQ,2008-05-31,700,900,800,224
Karnataka,Bangalore,"Binny Mill (F&V), Bangalore",Bunch Beans,Bunch Beans,FAQ,2008-06-06,500,700,600,224
Karnataka,Bangalore,"Binny Mill (F&V), Bangalore",Bunch Beans,Bunch Beans,FAQ,2008-06-16,700,900,800,224
Karnataka,Bangalore,"Binny Mill (F&V), Bangalore",Bunch Beans,Bunch Beans,FAQ,2008-06-20,500,700,600,224
Karnataka,Bangalore,"Binny Mill (F&V), Bangalore",Bunch Beans,Bunch Beans,FAQ,2008-06-21,700,900,800,224
Karnataka,Bangalore,"Binny Mill (F&V), Bangalore",Bunch Beans,Bunch Beans,FAQ,2008-07-01,600,700,650,224
Karnataka,Bangalore,"Binny Mill (F&V), Bangalore",Bunch Beans,Bunch Beans,FAQ,2008-07-08,600,700,650,224
Karnataka,Bangalore,"Binny Mill (F&V), Bangalore",Bunch Beans,Bunch Beans,FAQ,2008-07-17,600,800,700,224
Karnataka,Bangalore,"Binny Mill (F&V), Bangalore",Bunch Beans,Bunch Beans,FAQ,2008-08-06,800,1200,1000,224
Karnataka,Bangalore,"Binny Mill (F&V), Bangalore",Bunch Beans,Bunch Beans,FAQ,2008-08-16,900,1200,1000,224
Karnataka,Bangalore,"Binny Mill (F&V), Bangalore",Bunch Beans,Bunch Beans,FAQ,2008-08-28,900,1200,1000,224
Karnataka,Bangalore,"Binny Mill (F&V), Bangalore",Bunch Beans,Bunch Beans,FAQ,2008-09-04,800,1000,900,224
Karnataka,Bangalore,"Binny Mill (F&V), Bangalore",Bunch Beans,Bunch Beans,FAQ,2008-09-09,800,1100,900,224
Karnataka,Bangalore,"Binny Mill (F&V), Bangalore",Bunch Beans,Bunch Beans,FAQ,2008-09-11,800,1200,1000,224
Karnataka,Bangalore,"Binny Mill (F&V), Bangalore",Bunch Beans,Bunch Beans,FAQ,2008-09-27,1200,1500,1300,224
Karnataka,Bangalore,"Binny Mill (F&V), Bangalore",Bunch Beans,Bunch Beans,FAQ,2008-10-03,1000,1400,1200,224
Karnataka,Bangalore,"Binny Mill (F&V), Bangalore",Bunch Beans,Bunch Beans,FAQ,2008-10-20,900,1200,1000,224
Karnataka,Bangalore,"Binny Mill (F&V), Bangalore",Bunch Beans,Bunch Beans,FAQ,2008-10-28,1200,1600,1400,224
Karnataka,Bangalore,"Binny Mill (F&V), Bangalore",Bunch Beans,Bunch Beans,FAQ,2008-11-04,1400,1800,1600,224
Karnataka,Bangalore,"Binny Mill (F&V), Bangalore",Bunch Beans,Bunch Beans,FAQ,2008-11-05,1400,1800,1600,224
Karnataka,Bangalore,"Binny Mill (F&V), Bangalore",Bunch Beans,Bunch Beans,FAQ,2008-11-10,1400,1600,1500,224
Karnataka,Bangalore,"Binny Mill (F&V), Bangalore",Bunch Beans,Bunch Beans,FAQ,2008-11-13,1000,1300,1200,224
Karnataka,Bangalore,"Binny Mill (F&V), Bangalore",Bunch Beans,Bunch Beans,FAQ,2008-11-29,800,1000,900,224
Karnataka,Bangalore,Doddaballa Pur,Bunch Beans,Bunch Beans,FAQ,2008-12-01,900,1000,950,224
Karnataka,Bangalore,Doddaballa Pur,Bunch Beans,Bunch Beans,FAQ,2008-12-04,800,900,850,224
Karnataka,Bangalore,Doddaballa Pur,Bunch Beans,Bunch Beans,FAQ,2008-12-08,900,1000,950,224
Karnataka,Davangere,Davangere,Bunch Beans,Bunch Beans,FAQ,2008-01-18,600,900,700,224
Karnataka,Davangere,Davangere,Bunch Beans,Bunch Beans,FAQ,2008-02-08,500,800,700,224
Karnataka,Davangere,Davangere,Bunch Beans,Bunch Beans,FAQ,2008-02-16,500,1200,850,224
Karnataka,Davangere,Davangere,Bunch Beans,Bunch Beans,FAQ,2008-02-22,900,1200,1000,224
Karnataka,Davangere,Davangere,Bunch Beans,Bunch Beans,FAQ,2008-05-02,500,800,700,224
Karnataka,Davangere,Davangere,Bunch Beans,Bunch Beans,FAQ,2008-05-23,600,800,700,224
Karnataka,Davangere,Davangere,Bunch Beans,Bunch Beans,FAQ,2008-06-16,600,750,650,224
Karnataka,Davangere,Davangere,Bunch Beans,Bunch Beans,FAQ,2008-07-04,700,900,800,224
Karnataka,Davangere,Davangere,Bunch Beans,Bunch Beans,FAQ,2008-08-30,500,800,700,224
Karnataka,Davangere,Davangere,Bunch Beans,Bunch Beans,FAQ,2008-12-05,900,1200,1000,224
Karnataka,Mysore,Mysore (Bandipalya),Bunch Beans,Bunch Beans,FAQ,2008-08-12,400,500,450,224
Karnataka,Mysore,Mysore (Bandipalya),Bunch Beans,Bunch Beans,FAQ,2008-08-25,400,600,500,224
Madhya Pradesh,Alirajpur,Alirajpur,Bunch Beans,Bunch Beans,FAQ,2008-01-04,1711,1711,1711,224
Madhya Pradesh,Alirajpur,Alirajpur,Bunch Beans,Bunch Beans,FAQ,2008-01-15,800,800,800,224
Madhya Pradesh,Alirajpur,Alirajpur,Bunch Beans,Bunch Beans,FAQ,2008-02-07,2051,2051,2051,224
Madhya Pradesh,Alirajpur,Alirajpur,Bunch Beans,Bunch Beans,FAQ,2008-02-14,1950,1950,1950,224
Madhya Pradesh,Alirajpur,Alirajpur,Bunch Beans,Bunch Beans,FAQ,2008-02-23,1725,1725,1725,224
Madhya Pradesh,Alirajpur,Alirajpur,Bunch Beans,Bunch Beans,FAQ,2008-08-23,2701,2701,2701,224
Madhya Pradesh,Alirajpur,Alirajpur,Bunch Beans,Bunch Beans,FAQ,2008-08-29,2400,2500,2500,224
Madhya Pradesh,Alirajpur,Alirajpur,Bunch Beans,Bunch Beans,FAQ,2008-10-06,1601,2300,2100,224
Madhya Pradesh,Alirajpur,Alirajpur,Bunch Beans,Bunch Beans,FAQ,2008-10-13,2300,2300,2300,224
Madhya Pradesh,Alirajpur,Alirajpur,Bunch Beans,Bunch Beans,FAQ,2008-10-16,2381,2701,2701,224
Madhya Pradesh,Alirajpur,Alirajpur,Bunch Beans,Bunch Beans,FAQ,2008-12-06,2460,2460,2460,224
Madhya Pradesh,Alirajpur,Jobat,Bunch Beans,Bunch Beans,FAQ,2008-01-22,1751,1751,1751,224
Madhya Pradesh,Alirajpur,Jobat,Bunch Beans,Bunch Beans,FAQ,2008-02-07,2051,2051,2051,224
Madhya Pradesh,Alirajpur,Jobat,Bunch Beans,Bunch Beans,FAQ,2008-06-13,1556,1841,1841,224
Madhya Pradesh,Alirajpur,Jobat,Bunch Beans,Bunch Beans,FAQ,2008-08-23,2701,2701,2701,224
Madhya Pradesh,Alirajpur,Jobat,Bunch Beans,Bunch Beans,FAQ,2008-09-01,1701,2451,2201,224
Madhya Pradesh,Alirajpur,Jobat,Bunch Beans,Bunch Beans,FAQ,2008-09-04,2375,2501,2501,224
Madhya Pradesh,Alirajpur,Jobat,Bunch Beans,Bunch Beans,FAQ,2008-09-08,2950,2950,2950,224
Madhya Pradesh,Alirajpur,Jobat,Bunch Beans,Bunch Beans,FAQ,2008-09-30,1900,2380,2380,224
Madhya Pradesh,Alirajpur,Jobat,Bunch Beans,Bunch Beans,FAQ,2008-10-06,1601,2300,2100,224
Madhya Pradesh,Alirajpur,Jobat,Bunch Beans,Bunch Beans,FAQ,2008-10-15,1900,1900,1900,224
Madhya Pradesh,Badwani,Anjad,Bunch Beans,Bunch Beans,FAQ,2008-01-10,1000,1000,1000,224
Madhya Pradesh,Badwani,Anjad,Bunch Beans,Bunch Beans,FAQ,2008-09-18,2477,2632,2477,224
Madhya Pradesh,Badwani,Anjad,Bunch Beans,Bunch Beans,FAQ,2008-10-01,2801,2801,2801,224
Madhya Pradesh,Badwani,Anjad,Bunch Beans,Bunch Beans,FAQ,2008-10-03,2550,2550,2550,224
Madhya Pradesh,Badwani,Anjad,Bunch Beans,Bunch Beans,FAQ,2008-10-15,1900,1900,1900,224
Madhya Pradesh,Badwani,Anjad,Bunch Beans,Bunch Beans,FAQ,2008-10-17,1450,1850,1700,224
Madhya Pradesh,Badwani,Badwani,Bunch Beans,Bunch Beans,FAQ,2008-01-10,1000,1000,1000,224
Madhya Pradesh,Badwani,Badwani,Bunch Beans,Bunch Beans,FAQ,2008-01-15,800,800,800,224
Madhya Pradesh,Badwani,Badwani,Bunch Beans,Bunch Beans,FAQ,2008-08-23,2701,2701,2701,224
Madhya Pradesh,Badwani,Badwani,Bunch Beans,Bunch Beans,FAQ,2008-09-08,2950,2950,2950,224
Madhya Pradesh,Badwani,Badwani,Bunch Beans,Bunch Beans,FAQ,2008-10-06,1601,2300,2100,224
Madhya Pradesh,Badwani,Badwani,Bunch Beans,Bunch Beans,FAQ,2008-10-11,2410,2410,2410,224
Madhya Pradesh,Badwani,Khetia,Bunch Beans,Bunch Beans,FAQ,2008-01-08,1000,1000,1000,224
Madhya Pradesh,Badwani,Khetia,Bunch Beans,Bunch Beans,FAQ,2008-08-23,2701,2701,2701,224
Madhya Pradesh,Badwani,Khetia,Bunch Beans,Bunch Beans,FAQ,2008-09-01,1701,2451,2201,224
Madhya Pradesh,Badwani,Khetia,Bunch Beans,Bunch Beans,FAQ,2008-10-15,1900,1900,1900,224
Madhya Pradesh,Badwani,Sendhwa,Bunch Beans,Bunch Beans,FAQ,2008-01-15,800,800,800,224
Karnataka,Bangalore,"Binny Mill (F&V), Bangalore",Bunch Beans,Bunch Beans,FAQ,2023-01-03,4000,4500,4300,224
Karnataka,Bangalore,"Binny Mill (F&V), Bangalore",Bunch Beans,Bunch Beans,FAQ,2023-01-06,3800,4000,3900,224
Karnataka,Bangalore,"Binny Mill (F&V), Bangalore",Bunch Beans,Bunch Beans,FAQ,2023-01-09,3800,4000,3900,224
Karnataka,Bangalore,"Binny Mill (F&V), Bangalore",Bunch Beans,Bunch Beans,FAQ,2023-01-10,3800,4000,3900,224
Karnataka,Bangalore,"Binny Mill (F&V), Bangalore",Bunch Beans,Bunch Beans,FAQ,2023-01-27,3000,3500,3300,224
Karnataka,Bangalore,"Binny Mill (F&V), Bangalore",Bunch Beans,Bunch Beans,FAQ,2023-02-04,4000,4500,4300,224
Karnataka,Bangalore,"Binny Mill (F&V), Bangalore",Bunch Beans,Bunch Beans,FAQ,2023-02-06,3500,3800,3600,224
Karnataka,Bangalore,"Binny Mill (F&V), Bangalore",Bunch Beans,Bunch Beans,FAQ,2023-02-08,3500,3700,3600,224
Karnataka,Bangalore,"Binny Mill (F&V), Bangalore",Bunch Beans,Bunch Beans,FAQ,2023-02-20,3800,4200,4000,224
Karnataka,Bangalore,"Binny Mill (F&V), Bangalore",Bunch Beans,Bunch Beans,FAQ,2023-02-21,4000,4500,4200,224
Karnataka,Bangalore,"Binny Mill (F&V), Bangalore",Bunch Beans,Bunch Beans,FAQ,2023-02-22,4000,4200,4100,224
Karnataka,Bangalore,"Binny Mill (F&V), Bangalore",Bunch Beans,Bunch Beans,FAQ,2023-03-01,4100,4300,4200,224
Karnataka,Bangalore,"Binny Mill (F&V), Bangalore",Bunch Beans,Bunch Beans,FAQ,2023-03-07,4500,4800,4600,224
Karnataka,Bangalore,"Binny Mill (F&V), Bangalore",Bunch Beans,Bunch Beans,FAQ,2023-03-08,4600,4800,4700,224
Karnataka,Bangalore,"Binny Mill (F&V), Bangalore",Bunch Beans,Bunch Beans,FAQ,2023-03-13,4300,4500,4400,224
Karnataka,Bangalore,"Binny Mill (F&V), Bangalore",Bunch Beans,Bunch Beans,FAQ,2023-03-20,4300,4500,4400,224
Karnataka,Bangalore,"Binny Mill (F&V), Bangalore",Bunch Beans,Bunch Beans,FAQ,2023-03-27,4600,4800,4700,224
Karnataka,Bangalore,"Binny Mill (F&V), Bangalore",Bunch Beans,Bunch Beans,FAQ,2023-03-30,4600,4800,4700,224
Karnataka,Bangalore,"Binny Mill (F&V), Bangalore",Bunch Beans,Bunch Beans,FAQ,2023-03-31,4500,4800,4600,224
Karnataka,Bangalore,"Binny Mill (F&V), Bangalore",Bunch Beans,Bunch Beans,FAQ,2023-04-06,4100,4300,4200,224
Karnataka,Bangalore,"Binny Mill (F&V), Bangalore",Bunch Beans,Bunch Beans,FAQ,2023-04-12,3600,4000,3800,224
Karnataka,Bangalore,"Binny Mill (F&V), Bangalore",Bunch Beans,Bunch Beans,FAQ,2023-04-20,4000,4200,4100,224
Karnataka,Bangalore,"Binny Mill (F&V), Bangalore",Bunch Beans,Bunch Beans,FAQ,2023-04-25,4000,4200,4100,224
Karnataka,Bangalore,"Binny Mill (F&V), Bangalore",Bunch Beans,Bunch Beans,FAQ,2023-05-02,3600,4000,3800,224
Karnataka,Bangalore,"Binny Mill (F&V), Bangalore",Bunch Beans,Bunch Beans,FAQ,2023-05-03,3700,4000,3800,224
Karnataka,Bangalore,"Binny Mill (F&V), Bangalore",Bunch Beans,Bunch Beans,FAQ,2023-05-12,2800,3000,2900,224
Karnataka,Bangalore,"Binny Mill (F&V), Bangalore",Bunch Beans,Bunch Beans,FAQ,2023-05-20,2000,2500,2300,224
Karnataka,Bangalore,"Binny Mill (F&V), Bangalore",Bunch Beans,Bunch Beans,FAQ,2023-06-12,3600,3900,3800,224
Karnataka,Bangalore,"Binny Mill (F&V), Bangalore",Bunch Beans,Bunch Beans,FAQ,2023-06-27,3500,4000,3700,224
Karnataka,Bangalore,"Binny Mill (F&V), Bangalore",Bunch Beans,Bunch Beans,FAQ,2023-07-04,3800,4000,3900,224
Karnataka,Bangalore,"Binny Mill (F&V), Bangalore",Bunch Beans,Bunch Beans,FAQ,2023-07-05,4000,4200,4100,224
Karnataka,Bangalore,"Binny Mill (F&V), Bangalore",Bunch Beans,Bunch Beans,FAQ,2023-07-28,2200,2400,2300,224
Karnataka,Bangalore,"Binny Mill (F&V), Bangalore",Bunch Beans,Bunch Beans,FAQ,2023-08-01,2500,2800,2700,224
Karnataka,Bangalore,"Binny Mill (F&V), Bangalore",Bunch Beans,Bunch Beans,FAQ,2023-08-02,2600,2800,2700,224
Karnataka,Bangalore,"Binny Mill (F&V), Bangalore",Bunch Beans,Bunch Beans,FAQ,2023-08-11,2800,3200,3000,224
Karnataka,Bangalore,"Binny Mill (F&V), Bangalore",Bunch Beans,Bunch Beans,FAQ,2023-08-18,2600,2800,2700,224
Karnataka,Bangalore,"Binny Mill (F&V), Bangalore",Bunch Beans,Bunch Beans,FAQ,2023-08-31,2600,3000,2800,224
Karnataka,Bangalore,"Binny Mill (F&V), Bangalore",Bunch Beans,Bunch Beans,FAQ,2023-09-01,3500,4000,3800,224
Karnataka,Bangalore,"Binny Mill (F&V), Bangalore",Bunch Beans,Bunch Beans,FAQ,2023-09-05,3000,3200,3100,224
Karnataka,Bangalore,"Binny Mill (F&V), Bangalore",Bunch Beans,Bunch Beans,FAQ,2023-09-19,2000,2500,2300,224
Karnataka,Bangalore,"Binny Mill (F&V), Bangalore",Bunch Beans,Bunch Beans,FAQ,2023-10-06,3000,3300,3100,224
Karnataka,Bangalore,"Binny Mill (F&V), Bangalore",Bunch Beans,Bunch Beans,FAQ,2023-10-10,3000,5000,4000,224
Karnataka,Bangalore,"Binny Mill (F&V), Bangalore",Bunch Beans,Bunch Beans,FAQ,2023-10-13,3000,3700,3400,224
Karnataka,Bangalore,"Binny Mill (F&V), Bangalore",Bunch Beans,Bunch Beans,FAQ,2023-10-21,3000,3700,3400,224
Karnataka,Bangalore,"Binny Mill (F&V), Bangalore",Bunch Beans,Bunch Beans,FAQ,2023-10-27,3000,3500,3300,224
Karnataka,Bangalore,"Binny Mill (F&V), Bangalore",Bunch Beans,Bunch Beans,FAQ,2023-11-03,3000,3400,3200,224
Karnataka,Bangalore,"Binny Mill (F&V), Bangalore",Bunch Beans,Bunch Beans,FAQ,2023-11-04,3000,3400,3200,224
Karnataka,Bangalore,"Binny Mill (F&V), Bangalore",Bunch Beans,Bunch Beans,FAQ,2023-11-23,4700,5200,5000,224
Karnataka,Bangalore,"Binny Mill (F&V), Bangalore",Bunch Beans,Bunch Beans,FAQ,2023-11-28,4500,5000,4800,224
Karnataka,Bangalore,"Binny Mill (F&V), Bangalore",Bunch Beans,Bunch Beans,FAQ,2023-12-13,3600,4200,3900,224
Karnataka,Bangalore,"Binny Mill (F&V), Bangalore",Bunch Beans,Bunch Beans,FAQ,2023-12-18,3000,3400,3200,224
Karnataka,Bangalore,"Binny Mill (F&V), Bangalore",Bunch Beans,Bunch Beans,FAQ,2023-12-19,3500,4000,3700,224
Karnataka,Bangalore,"Binny Mill (F&V), Bangalore",Bunch Beans,Bunch Beans,FAQ,2023-12-28,3400,4000,3700,224
Karnataka,Bangalore,"Binny Mill (F&V), Bangalore",Bunch Beans,Bunch Beans,FAQ,2023-12-30,3300,3600,3400,224
Karnataka,Bellary,Hospet,Bunch Beans,Bunch Beans,Medium,2023-04-17,2000,2000,2000,224
Karnataka,Bellary,Hospet,Bunch Beans,Bunch Beans,Medium,2023-04-24,2000,2000,2000,224
Karnataka,Bellary,Hospet,Bunch Beans,Bunch Beans,Medium,2023-07-25,2000,2000,2000,224
Karnataka,Chikmagalur,Bagepalli,Bunch Beans,Bunch Beans,FAQ,2023-08-26,1800,2800,2500,224
Karnataka,Chikmagalur,Bagepalli,Bunch Beans,Bunch Beans,FAQ,2023-09-01,1200,2000,1600,224
Karnataka,Davangere,Davangere,Bunch Beans,Bunch Beans,FAQ,2023-02-17,3000,3500,3200,224
Karnataka,Davangere,Davangere,Bunch Beans,Bunch Beans,FAQ,2023-03-09,2500,3000,2800,224
Karnataka,Davangere,Davangere,Bunch Beans,Bunch Beans,FAQ,2023-03-17,3000,3500,3200,224
Karnataka,Davangere,Davangere,Bunch Beans,Bunch Beans,FAQ,2023-03-23,3500,4000,3800,224
Karnataka,Davangere,Davangere,Bunch Beans,Bunch Beans,FAQ,2023-03-28,3500,4000,3800,224
Karnataka,Davangere,Davangere,Bunch Beans,Bunch Beans,FAQ,2023-03-29,3000,3500,3200,224
Karnataka,Davangere,Davangere,Bunch Beans,Bunch Beans,FAQ,2023-04-06,2800,3500,3000,224
Karnataka,Davangere,Davangere,Bunch Beans,Bunch Beans,FAQ,2023-04-12,3000,3300,3100,224
Karnataka,Davangere,Davangere,Bunch Beans,Bunch Beans,FAQ,2023-04-13,2800,3200,3000,224
Karnataka,Davangere,Davangere,Bunch Beans,Bunch Beans,FAQ,2023-04-19,3000,3500,3200,224
Karnataka,Davangere,Davangere,Bunch Beans,Bunch Beans,FAQ,2023-04-20,3000,3500,3200,224
Karnataka,Davangere,Davangere,Bunch Beans,Bunch Beans,FAQ,2023-05-20,2000,2500,2200,224
Karnataka,Davangere,Davangere,Bunch Beans,Bunch Beans,FAQ,2023-05-23,2000,2500,2200,224
Karnataka,Davangere,Davangere,Bunch Beans,Bunch Beans,FAQ,2023-06-27,1600,2000,1800,224
Karnataka,Davangere,Davangere,Bunch Beans,Bunch Beans,FAQ,2023-07-04,2000,2600,2200,224
Karnataka,Davangere,Davangere,Bunch Beans,Bunch Beans,FAQ,2023-07-12,1600,2000,1800,224
Karnataka,Davangere,Davangere,Bunch Beans,Bunch Beans,FAQ,2023-07-13,2000,2500,2200,224
Karnataka,Davangere,Davangere,Bunch Beans,Bunch Beans,FAQ,2023-07-15,1900,2300,2000,224
Karnataka,Davangere,Davangere,Bunch Beans,Bunch Beans,FAQ,2023-07-18,1500,2000,1800,224
Karnataka,Davangere,Davangere,Bunch Beans,Bunch Beans,FAQ,2023-07-20,1600,2000,1800,224
Karnataka,Davangere,Davangere,Bunch Beans,Bunch Beans,FAQ,2023-08-11,2500,3000,2800,224
Karnataka,Davangere,Davangere,Bunch Beans,Bunch Beans,FAQ,2023-08-16,2800,3200,3000,224
Karnataka,Davangere,Davangere,Bunch Beans,Bunch Beans,FAQ,2023-08-19,2800,3200,3000,224
Karnataka,Davangere,Davangere,Bunch Beans,Bunch Beans,FAQ,2023-08-22,2500,3000,2800,224
Karnataka,Davangere,Davangere,Bunch Beans,Bunch Beans,FAQ,2023-08-24,2500,3200,2800,224
Karnataka,Davangere,Davangere,Bunch Beans,Bunch Beans,FAQ,2023-08-25,2800,3200,3000,224
Karnataka,Davangere,Davangere,Bunch Beans,Bunch Beans,FAQ,2023-08-29,2800,3200,3000,224
Karnataka,Davangere,Davangere,Bunch Beans,Bunch Beans,FAQ,2023-09-05,1800,2500,2200,224
Karnataka,Davangere,Davangere,Bunch Beans,Bunch Beans,FAQ,2023-09-14,1500,2000,1800,224
Karnataka,Davangere,Davangere,Bunch Beans,Bunch Beans,FAQ,2023-09-21,2000,3000,2500,224
Karnataka,Davangere,Davangere,Bunch Beans,Bunch Beans,FAQ,2023-09-26,1600,2000,1800,224
Karnataka,Davangere,Davangere,Bunch Beans,Bunch Beans,FAQ,2023-09-27,2000,2500,2200,224
Karnataka,Davangere,Davangere,Bunch Beans,Bunch Beans,FAQ,2023-10-07,1500,2500,2000,224
Karnataka,Davangere,Davangere,Bunch Beans,Bunch Beans,FAQ,2023-10-11,1800,2500,2000,224
Karnataka,Davangere,Davangere,Bunch Beans,Bunch Beans,FAQ,2023-10-17,1400,1800,1600,224
Karnataka,Davangere,Davangere,Bunch Beans,Bunch Beans,FAQ,2023-10-19,1500,2000,1800,224
Karnataka,Davangere,Davangere,Bunch Beans,Bunch Beans,FAQ,2023-11-09,1800,2200,2000,224
Karnataka,Davangere,Davangere,Bunch Beans,Bunch Beans,FAQ,2023-11-23,1800,2200,2000,224
Karnataka,Davangere,Davangere,Bunch Beans,Bunch Beans,FAQ,2023-11-24,1600,2200,1900,224
Karnataka,Davangere,Davangere,Bunch Beans,Bunch Beans,FAQ,2023-12-06,2000,2500,2200,224
Karnataka,Davangere,Davangere,Bunch Beans,Bunch Beans,FAQ,2023-12-08,2000,2800,2500,224
Karnataka,Davangere,Davangere,Bunch Beans,Bunch Beans,FAQ,2023-12-12,2200,2600,2400,224
Karnataka,Davangere,Davangere,Bunch Beans,Bunch Beans,FAQ,2023-12-26,1500,2000,1800,224
Karnataka,Davangere,Davangere,Bunch Beans,Bunch Beans,FAQ,2023-12-30,2200,2800,2500,224
Karnataka,Hassan,Hassan,Bunch Beans,Bunch Beans,FAQ,2023-07-12,2039,2039,2039,224
Karnataka,Kolar,Bangarpet,Bunch Beans,Bunch Beans,FAQ,2023-01-04,2500,3000,2700,224
Karnataka,Kolar,Bangarpet,Bunch Beans,Bunch Beans,FAQ,2023-04-27,3000,3500,3200,224
Karnataka,Kolar,Bangarpet,Bunch Beans,Bunch Beans,FAQ,2023-05-13,3000,3500,3200,224
Karnataka,Kolar,Bangarpet,Bunch Beans,Bunch Beans,FAQ,2023-05-16,3000,3500,3200,224
Karnataka,Kolar,Bangarpet,Bunch Beans,Bunch Beans,FAQ,2023-06-17,3000,3500,3200,224
Karnataka,Kolar,Bangarpet,Bunch Beans,Bunch Beans,FAQ,2023-06-23,3000,3500,3200,224
Karnataka,Kolar,Bangarpet,Bunch Beans,Bunch Beans,FAQ,2023-08-11,2000,2500,2200,224
Karnataka,Kolar,Chintamani,Bunch Beans,Bunch Beans,FAQ,2023-01-02,3000,4000,3500,224
Karnataka,Kolar,Chintamani,Bunch Beans,Bunch Beans,FAQ,2023-01-06,3000,4000,3500,224
Karnataka,Kolar,Chintamani,Bunch Beans,Bunch Beans,FAQ,2023-01-14,3000,4000,3500,224
Karnataka,Kolar,Chintamani,Bunch Beans,Bunch Beans,FAQ,2023-01-16,3000,4000,3500,224
Karnataka,Kolar,Chintamani,Bunch Beans,Bunch Beans,FAQ,2023-01-28,3000,3500,3250,224
Karnataka,Kolar,Chintamani,Bunch Beans,Bunch Beans,FAQ,2023-01-29,3000,4000,3500,224
Karnataka,Kolar,Chintamani,Bunch Beans,Bunch Beans,FAQ,2023-02-02,3000,4000,3500,224
Karnataka,Kolar,Chintamani,Bunch Beans,Bunch Beans,FAQ,2023-02-27,3000,4000,3500,224
Karnataka,Kolar,Chintamani,Bunch Beans,Bunch Beans,FAQ,2023-03-12,2000,3000,2500,224
Karnataka,Kolar,Chintamani,Bunch Beans,Bunch Beans,FAQ,2023-03-13,3000,3500,3250,224
Karnataka,Kolar,Chintamani,Bunch Beans,Bunch Beans,FAQ,2023-04-02,2000,3000,2500,224
Karnataka,Kolar,Chintamani,Bunch Beans,Bunch Beans,FAQ,2023-04-03,3000,3500,3250,224
Karnataka,Kolar,Chintamani,Bunch Beans,Bunch Beans,FAQ,2023-04-09,3000,4000,3500,224
Karnataka,Kolar,Chintamani,Bunch Beans,Bunch Beans,FAQ,2023-04-22,3000,4000,3500,224
Karnataka,Kolar,Chintamani,Bunch Beans,Bunch Beans,FAQ,2023-04-28,3000,4000,3500,224
Karnataka,Kolar,Chintamani,Bunch Beans,Bunch Beans,FAQ,2023-05-02,3000,4000,3500,224
Karnataka,Kolar,Chintamani,Bunch Beans,Bunch Beans,FAQ,2023-05-19,2500,3000,2750,224
Karnataka,Kolar,Chintamani,Bunch Beans,Bunch Beans,FAQ,2023-06-02,2000,4000,3000,224
Karnataka,Kolar,Chintamani,Bunch Beans,Bunch Beans,FAQ,2023-06-11,2000,3000,2500,224
Karnataka,Kolar,Chintamani,Bunch Beans,Bunch Beans,FAQ,2023-06-17,2000,4000,3500,224
Karnataka,Kolar,Chintamani,Bunch Beans,Bunch Beans,FAQ,2023-06-20,2000,4000,3000,224
Karnataka,Kolar,Chintamani,Bunch Beans,Bunch Beans,FAQ,2023-06-25,2000,3000,2500,224
Karnataka,Kolar,Chintamani,Bunch Beans,Bunch Beans,FAQ,2023-06-29,2000,3500,3000,224
Karnataka,Kolar,Chintamani,Bunch Beans,Bunch Beans,FAQ,2023-07-13,3000,4000,3500,224
Karnataka,Kolar,Chintamani,Bunch Beans,Bunch Beans,FAQ,2023-07-15,3000,4000,3500,224
Karnataka,Kolar,Chintamani,Bunch Beans,Bunch Beans,FAQ,2023-07-17,3000,4000,3500,224
Karnataka,Kolar,Chintamani,Bunch Beans,Bunch Beans,FAQ,2023-07-25,1500,2500,2000,224
Karnataka,Kolar,Chintamani,Bunch Beans,Bunch Beans,FAQ,2023-07-31,1500,2500,2000,224
Karnataka,Kolar,Chintamani,Bunch Beans,Bunch Beans,FAQ,2023-08-03,2000,2500,2200,224
Karnataka,Kolar,Chintamani,Bunch Beans,Bunch Beans,FAQ,2023-08-06,2000,2500,2300,224
Karnataka,Kolar,Chintamani,Bunch Beans,Bunch Beans,FAQ,2023-08-31,1500,2000,1700,224
Karnataka,Kolar,Chintamani,Bunch Beans,Bunch Beans,FAQ,2023-09-01,2000,2500,2200,224
Karnataka,Kolar,Chintamani,Bunch Beans,Bunch Beans,FAQ,2023-09-25,2000,3000,2500,224
Karnataka,Kolar,Chintamani,Bunch Beans,Bunch Beans,FAQ,2023-09-30,2000,3000,2500,224
Karnataka,Kolar,Chintamani,Bunch Beans,Bunch Beans,FAQ,2023-10-08,1500,2200,2000,224
Karnataka,Kolar,Chintamani,Bunch Beans,Bunch Beans,FAQ,2023-10-13,2000,3000,2500,224
Karnataka,Kolar,Chintamani,Bunch Beans,Bunch Beans,FAQ,2023-10-14,3000,4000,3500,224
Karnataka,Kolar,Chintamani,Bunch Beans,Bunch Beans,FAQ,2023-10-27,3000,4000,3500,224
Karnataka,Kolar,Chintamani,Bunch Beans,Bunch Beans,FAQ,2023-11-02,2000,4000,3000,224
Karnataka,Kolar,Chintamani,Bunch Beans,Bunch Beans,FAQ,2023-11-06,2000,3000,2500,224
Karnataka,Kolar,Chintamani,Bunch Beans,Bunch Beans,FAQ,2023-11-07,3000,4000,3500,224
Karnataka,Kolar,Chintamani,Bunch Beans,Bunch Beans,FAQ,2023-11-10,3000,4000,3500,224
Karnataka,Kolar,Chintamani,Bunch Beans,Bunch Beans,FAQ,2023-11-18,3000,4000,3500,224
Karnataka,Kolar,Chintamani,Bunch Beans,Bunch Beans,FAQ,2023-12-12,2000,3000,2500,224
Karnataka,Mysore,T. Narasipura,Bunch Beans,Bunch Beans,FAQ,2023-01-26,2000,3000,2500,224
Karnataka,Mysore,T. Narasipura,Bunch Beans,Bunch Beans,FAQ,2023-01-28,2000,3000,2500,224
Karnataka,Mysore,T. Narasipura,Bunch Beans,Bunch Beans,FAQ,2023-03-01,2000,2000,2000,224
Kerala,Idukki,Munnar,Bunch Beans,Bunch Beans,FAQ,2023-06-15,4000,5000,4600,224
Kerala,Idukki,Munnar,Bunch Beans,Bunch Beans,FAQ,2023-06-18,4000,6000,5000,224
Karnataka,Bangalore,"Binny Mill (F&V), Bangalore",Bunch Beans,Bunch Beans,FAQ,2022-01-14,500,5700,5400,224
Karnataka,Bangalore,"Binny Mill (F&V), Bangalore",Bunch Beans,Bunch Beans,FAQ,2022-01-20,4000,4500,4200,224
Karnataka,Bangalore,"Binny Mill (F&V), Bangalore",Bunch Beans,Bunch Beans,FAQ,2022-01-29,3500,4000,3800,224
Karnataka,Bangalore,"Binny Mill (F&V), Bangalore",Bunch Beans,Bunch Beans,FAQ,2022-02-03,3500,4000,3800,224
Karnataka,Bangalore,"Binny Mill (F&V), Bangalore",Bunch Beans,Bunch Beans,FAQ,2022-02-16,3700,4100,3900,224
Karnataka,Bangalore,"Binny Mill (F&V), Bangalore",Bunch Beans,Bunch Beans,FAQ,2022-02-21,3400,3800,3500,224
Karnataka,Bangalore,"Binny Mill (F&V), Bangalore",Bunch Beans,Bunch Beans,FAQ,2022-02-23,3300,3700,3400,224
Karnataka,Bangalore,"Binny Mill (F&V), Bangalore",Bunch Beans,Bunch Beans,FAQ,2022-02-25,3300,3700,3400,224
Karnataka,Bangalore,"Binny Mill (F&V), Bangalore",Bunch Beans,Bunch Beans,FAQ,2022-03-03,2600,3100,2900,224
Karnataka,Bangalore,"Binny Mill (F&V), Bangalore",Bunch Beans,Bunch Beans,FAQ,2022-03-04,4100,4500,4300,224
Karnataka,Bangalore,"Binny Mill (F&V), Bangalore",Bunch Beans,Bunch Beans,FAQ,2022-03-09,2000,2500,2300,224
Karnataka,Bangalore,"Binny Mill (F&V), Bangalore",Bunch Beans,Bunch Beans,FAQ,2022-03-10,2100,2500,2300,224
Karnataka,Bangalore,"Binny Mill (F&V), Bangalore",Bunch Beans,Bunch Beans,FAQ,2022-03-11,2000,2400,2200,224
Karnataka,Bangalore,"Binny Mill (F&V), Bangalore",Bunch Beans,Bunch Beans,FAQ,2022-03-17,1700,2100,1900,224
Karnataka,Bangalore,"Binny Mill (F&V), Bangalore",Bunch Beans,Bunch Beans,FAQ,2022-03-18,1700,2100,1900,224
Karnataka,Bangalore,"Binny Mill (F&V), Bangalore",Bunch Beans,Bunch Beans,FAQ,2022-03-21,1600,2000,1800,224
Karnataka,Bangalore,"Binny Mill (F&V), Bangalore",Bunch Beans,Bunch Beans,FAQ,2022-03-22,1700,2000,1900,224
Karnataka,Bangalore,"Binny Mill (F&V), Bangalore",Bunch Beans,Bunch Beans,FAQ,2022-03-31,3500,4000,3800,224
Karnataka,Bangalore,"Binny Mill (F&V), Bangalore",Bunch Beans,Bunch Beans,FAQ,2022-04-04,3700,4000,3800,224
Karnataka,Bangalore,"Binny Mill (F&V), Bangalore",Bunch Beans,Bunch Beans,FAQ,2022-04-05,3700,4000,3800,224
Karnataka,Bangalore,"Binny Mill (F&V), Bangalore",Bunch Beans,Bunch Beans,FAQ,2022-04-06,3700,4000,3800,224
Karnataka,Bangalore,"Binny Mill (F&V), Bangalore",Bunch Beans,Bunch Beans,FAQ,2022-04-11,3600,3900,3700,224
Karnataka,Bangalore,"Binny Mill (F&V), Bangalore",Bunch Beans,Bunch Beans,FAQ,2022-04-16,3600,3900,3700,224
Karnataka,Bangalore,"Binny Mill (F&V), Bangalore",Bunch Beans,Bunch Beans,FAQ,2022-04-18,1300,1500,1400,224
Karnataka,Bangalore,"Binny Mill (F&V), Bangalore",Bunch Beans,Bunch Beans,FAQ,2022-04-25,1500,1700,1600,224
Karnataka,Bangalore,"Binny Mill (F&V), Bangalore",Bunch Beans,Bunch Beans,FAQ,2022-04-27,1500,1700,1600,224
Karnataka,Bangalore,"Binny Mill (F&V), Bangalore",Bunch Beans,Bunch Beans,FAQ,2022-04-29,1500,1700,1600,224
Karnataka,Bangalore,"Binny Mill (F&V), Bangalore",Bunch Beans,Bunch Beans,FAQ,2022-05-04,2000,2200,2100,224
Karnataka,Bangalore,"Binny Mill (F&V), Bangalore",Bunch Beans,Bunch Beans,FAQ,2022-05-06,2000,2300,2200,224
Karnataka,Bangalore,"Binny Mill (F&V), Bangalore",Bunch Beans,Bunch Beans,FAQ,2022-06-13,3800,4000,3900,224
Karnataka,Bangalore,"Binny Mill (F&V), Bangalore",Bunch Beans,Bunch Beans,FAQ,2022-06-17,3600,4100,3900,224
Karnataka,Bangalore,"Binny Mill (F&V), Bangalore",Bunch Beans,Bunch Beans,FAQ,2022-06-20,3600,4100,3900,224
Karnataka,Bangalore,"Binny Mill (F&V), Bangalore",Bunch Beans,Bunch Beans,FAQ,2022-06-27,4600,5000,4800,224
Karnataka,Bangalore,"Binny Mill (F&V), Bangalore",Bunch Beans,Bunch Beans,FAQ,2022-07-18,2900,3200,3100,224
Karnataka,Bangalore,"Binny Mill (F&V), Bangalore",Bunch Beans,Bunch Beans,FAQ,2022-07-19,2900,3200,3000,224
Karnataka,Bangalore,"Binny Mill (F&V), Bangalore",Bunch Beans,Bunch Beans,FAQ,2022-07-25,2500,3100,2700,224
Karnataka,Bangalore,"Binny Mill (F&V), Bangalore",Bunch Beans,Bunch Beans,FAQ,2022-08-12,3500,4000,3800,224
Karnataka,Bangalore,"Binny Mill (F&V), Bangalore",Bunch Beans,Bunch Beans,FAQ,2022-08-22,2900,3200,3100,224
Karnataka,Bangalore,"Binny Mill (F&V), Bangalore",Bunch Beans,Bunch Beans,FAQ,2022-08-24,3600,4000,3900,224
Karnataka,Bangalore,"Binny Mill (F&V), Bangalore",Bunch Beans,Bunch Beans,FAQ,2022-08-30,3900,4100,4000,224
Karnataka,Bangalore,"Binny Mill (F&V), Bangalore",Bunch Beans,Bunch Beans,FAQ,2022-09-09,2100,2900,2500,224
Karnataka,Bangalore,"Binny Mill (F&V), Bangalore",Bunch Beans,Bunch Beans,FAQ,2022-09-15,2000,2800,2400,224
Karnataka,Bangalore,"Binny Mill (F&V), Bangalore",Bunch Beans,Bunch Beans,FAQ,2022-09-17,2300,2700,2500,224
Karnataka,Bangalore,"Binny Mill (F&V), Bangalore",Bunch Beans,Bunch Beans,FAQ,2022-09-28,5000,5500,5400,224
Karnataka,Bangalore,"Binny Mill (F&V), Bangalore",Bunch Beans,Bunch Beans,FAQ,2022-10-14,4600,5000,4800,224
Karnataka,Bangalore,"Binny Mill (F&V), Bangalore",Bunch Beans,Bunch Beans,FAQ,2022-10-21,4200,4600,4400,224
Karnataka,Bangalore,"Binny Mill (F&V), Bangalore",Bunch Beans,Bunch Beans,FAQ,2022-10-25,3500,4000,3800,224
Karnataka,Bangalore,"Binny Mill (F&V), Bangalore",Bunch Beans,Bunch Beans,FAQ,2022-12-13,3000,3100,3000,224
Karnataka,Bangalore,"Binny Mill (F&V), Bangalore",Bunch Beans,Bunch Beans,FAQ,2022-12-23,4000,4200,4100,224
Karnataka,Bangalore,"Binny Mill (F&V), Bangalore",Bunch Beans,Bunch Beans,FAQ,2022-12-29,3400,3900,3700,224
Karnataka,Bangalore,"Binny Mill (F&V), Bangalore",Bunch Beans,Bunch Beans,FAQ,2022-12-30,3500,4000,3800,224
Karnataka,Bellary,Hospet,Bunch Beans,Bunch Beans,Medium,2022-01-03,1800,1800,1800,224
Karnataka,Bellary,Hospet,Bunch Beans,Bunch Beans,Medium,2022-03-22,1600,1600,1600,224
Karnataka,Davangere,Davangere,Bunch Beans,Bunch Beans,FAQ,2022-01-12,3500,4000,3800,224
Karnataka,Davangere,Davangere,Bunch Beans,Bunch Beans,FAQ,2022-02-05,2600,3200,3000,224
Karnataka,Davangere,Davangere,Bunch Beans,Bunch Beans,FAQ,2022-02-10,1600,2000,1800,224
Karnataka,Davangere,Davangere,Bunch Beans,Bunch Beans,FAQ,2022-02-15,1600,2000,1800,224
Karnataka,Davangere,Davangere,Bunch Beans,Bunch Beans,FAQ,2022-03-08,1200,1800,1400,224
Karnataka,Davangere,Davangere,Bunch Beans,Bunch Beans,FAQ,2022-03-10,1200,1600,1400,224
Karnataka,Davangere,Davangere,Bunch Beans,Bunch Beans,FAQ,2022-03-11,1200,1600,1400,224
Karnataka,Davangere,Davangere,Bunch Beans,Bunch Beans,FAQ,2022-03-19,1600,2000,1800,224
Karnataka,Davangere,Davangere,Bunch Beans,Bunch Beans,FAQ,2022-04-01,1000,1500,1200,224
Karnataka,Davangere,Davangere,Bunch Beans,Bunch Beans,FAQ,2022-04-07,1400,1800,1600,224
Karnataka,Davangere,Davangere,Bunch Beans,Bunch Beans,FAQ,2022-04-20,1200,1600,1400,224
Karnataka,Davangere,Davangere,Bunch Beans,Bunch Beans,FAQ,2022-05-18,2600,3500,3000,224
Karnataka,Davangere,Davangere,Bunch Beans,Bunch Beans,FAQ,2022-06-08,2500,3200,3000,224
Karnataka,Davangere,Davangere,Bunch Beans,Bunch Beans,FAQ,2022-06-10,2200,2800,2500,224
Karnataka,Davangere,Davangere,Bunch Beans,Bunch Beans,FAQ,2022-06-21,1800,2200,2000,224
Karnataka,Davangere,Davangere,Bunch Beans,Bunch Beans,FAQ,2022-06-29,2000,2500,2200,224
Karnataka,Davangere,Davangere,Bunch Beans,Bunch Beans,FAQ,2022-07-07,1200,1600,1400,224
Karnataka,Davangere,Davangere,Bunch Beans,Bunch Beans,FAQ,2022-07-28,3000,3500,3200,224
Karnataka,Davangere,Davangere,Bunch Beans,Bunch Beans,FAQ,2022-08-03,3000,3500,3200,224
Karnataka,Davangere,Davangere,Bunch Beans,Bunch Beans,FAQ,2022-08-04,3000,3500,3200,224
Karnataka,Davangere,Davangere,Bunch Beans,Bunch Beans,FAQ,2022-08-12,3000,3500,3200,224
Karnataka,Davangere,Davangere,Bunch Beans,Bunch Beans,FAQ,2022-08-16,3000,3500,3200,224
Karnataka,Davangere,Davangere,Bunch Beans,Bunch Beans,FAQ,2022-08-18,3000,3500,3200,224
Karnataka,Davangere,Davangere,Bunch Beans,Bunch Beans,FAQ,2022-08-26,3500,4000,3800,224
Karnataka,Davangere,Davangere,Bunch Beans,Bunch Beans,FAQ,2022-09-03,2500,3000,2800,224
Karnataka,Davangere,Davangere,Bunch Beans,Bunch Beans,FAQ,2022-09-13,2500,3000,2800,224
Karnataka,Davangere,Davangere,Bunch Beans,Bunch Beans,FAQ,2022-09-14,2500,3000,2800,224
Karnataka,Davangere,Davangere,Bunch Beans,Bunch Beans,FAQ,2022-09-15,2800,3200,3000,224
Karnataka,Davangere,Davangere,Bunch Beans,Bunch Beans,FAQ,2022-09-20,3000,3500,3200,224
Karnataka,Davangere,Davangere,Bunch Beans,Bunch Beans,FAQ,2022-09-30,2000,2500,2200,224
Karnataka,Davangere,Davangere,Bunch Beans,Bunch Beans,FAQ,2022-10-01,2500,3000,2800,224
Karnataka,Davangere,Davangere,Bunch Beans,Bunch Beans,FAQ,2022-10-21,3000,3500,3200,224
Karnataka,Davangere,Davangere,Bunch Beans,Bunch Beans,FAQ,2022-11-17,2000,2500,2200,224
Karnataka,Davangere,Davangere,Bunch Beans,Bunch Beans,FAQ,2022-12-13,1800,2200,2000,224
Karnataka,Kolar,Bangarpet,Bunch Beans,Bunch Beans,FAQ,2022-06-08,2000,2400,2200,224
Karnataka,Kolar,Bangarpet,Bunch Beans,Bunch Beans,FAQ,2022-08-08,2500,3500,3000,224
Karnataka,Kolar,Bangarpet,Bunch Beans,Bunch Beans,FAQ,2022-08-22,2000,3000,2500,224
Karnataka,Kolar,Bangarpet,Bunch Beans,Bunch Beans,FAQ,2022-08-24,2500,3000,2750,224
Karnataka,Kolar,Bangarpet,Bunch Beans,Bunch Beans,FAQ,2022-09-02,2000,3000,2500,224
Karnataka,Kolar,Bangarpet,Bunch Beans,Bunch Beans,FAQ,2022-09-10,2000,2500,2300,224
Karnataka,Kolar,Bangarpet,Bunch Beans,Bunch Beans,FAQ,2022-09-15,2000,2500,2200,224
Karnataka,Kolar,Bangarpet,Bunch Beans,Bunch Beans,FAQ,2022-09-28,2000,3000,2500,224
Karnataka,Kolar,Chintamani,Bunch Beans,Bunch Beans,FAQ,2022-03-12,4000,6000,5000,224
Karnataka,Kolar,Chintamani,Bunch Beans,Bunch Beans,FAQ,2022-03-14,3000,4000,3500,224
Karnataka,Kolar,Chintamani,Bunch Beans,Bunch Beans,FAQ,2022-04-30,4000,5000,4500,224
Karnataka,Kolar,Chintamani,Bunch Beans,Bunch Beans,FAQ,2022-05-08,3000,4000,3500,224
Karnataka,Kolar,Chintamani,Bunch Beans,Bunch Beans,FAQ,2022-05-13,3000,4000,3500,224
Karnataka,Kolar,Chintamani,Bunch Beans,Bunch Beans,FAQ,2022-05-14,3000,4000,3500,224
Karnataka,Kolar,Chintamani,Bunch Beans,Bunch Beans,FAQ,2022-05-16,3000,4000,3500,224
Karnataka,Kolar,Chintamani,Bunch Beans,Bunch Beans,FAQ,2022-06-10,3000,4000,3500,224
Karnataka,Kolar,Chintamani,Bunch Beans,Bunch Beans,FAQ,2022-06-13,2000,3000,2500,224
Karnataka,Kolar,Chintamani,Bunch Beans,Bunch Beans,FAQ,2022-06-18,2000,3000,2500,224
Karnataka,Kolar,Chintamani,Bunch Beans,Bunch Beans,FAQ,2022-06-26,2000,4000,3000,224
Karnataka,Kolar,Chintamani,Bunch Beans,Bunch Beans,FAQ,2022-06-30,3000,4000,3500,224
Karnataka,Kolar,Chintamani,Bunch Beans,Bunch Beans,FAQ,2022-07-14,3000,4000,3500,224
Karnataka,Kolar,Chintamani,Bunch Beans,Bunch Beans,FAQ,2022-07-21,3000,4000,3500,224
Karnataka,Kolar,Chintamani,Bunch Beans,Bunch Beans,FAQ,2022-07-22,2000,3000,2500,224
Karnataka,Kolar,Chintamani,Bunch Beans,Bunch Beans,FAQ,2022-07-30,3000,4000,3500,224
Karnataka,Kolar,Chintamani,Bunch Beans,Bunch Beans,FAQ,2022-07-31,3000,4000,3500,224
Karnataka,Kolar,Chintamani,Bunch Beans,Bunch Beans,FAQ,2022-08-01,2000,3000,2500,224
Karnataka,Kolar,Chintamani,Bunch Beans,Bunch Beans,FAQ,2022-08-02,2000,3000,2500,224
Karnataka,Kolar,Chintamani,Bunch Beans,Bunch Beans,FAQ,2022-08-06,2000,3000,2500,224
Karnataka,Kolar,Chintamani,Bunch Beans,Bunch Beans,FAQ,2022-08-20,3000,3500,3250,224
Karnataka,Kolar,Chintamani,Bunch Beans,Bunch Beans,FAQ,2022-08-21,2000,3000,2500,224
Karnataka,Kolar,Chintamani,Bunch Beans,Bunch Beans,FAQ,2022-08-26,3000,4000,3500,224
Karnataka,Kolar,Chintamani,Bunch Beans,Bunch Beans,FAQ,2022-08-29,3000,4000,3500,224
Karnataka,Kolar,Chintamani,Bunch Beans,Bunch Beans,FAQ,2022-08-30,2000,5000,3500,224
Karnataka,Kolar,Chintamani,Bunch Beans,Bunch Beans,FAQ,2022-09-05,2000,3000,2500,224
Karnataka,Kolar,Chintamani,Bunch Beans,Bunch Beans,FAQ,2022-09-09,3000,3500,3250,224
Karnataka,Kolar,Chintamani,Bunch Beans,Bunch Beans,FAQ,2022-09-26,2000,3000,2500,224
Karnataka,Kolar,Chintamani,Bunch Beans,Bunch Beans,FAQ,2022-10-18,3000,4000,3500,224
Karnataka,Kolar,Chintamani,Bunch Beans,Bunch Beans,FAQ,2022-10-20,2000,4000,3500,224
Karnataka,Kolar,Chintamani,Bunch Beans,Bunch Beans,FAQ,2022-10-22,2000,4000,3000,224
Karnataka,Kolar,Chintamani,Bunch Beans,Bunch Beans,FAQ,2022-10-24,3000,4000,3500,224
Karnataka,Kolar,Chintamani,Bunch Beans,Bunch Beans,FAQ,2022-11-22,3000,4000,3500,224
Karnataka,Kolar,Chintamani,Bunch Beans,Bunch Beans,FAQ,2022-12-08,3000,4000,3500,224
Karnataka,Kolar,Chintamani,Bunch Beans,Bunch Beans,FAQ,2022-12-25,2000,3000,2500,224
Karnataka,Kolar,Chintamani,Bunch Beans,Bunch Beans,FAQ,2022-12-31,3000,4000,3500,224
